image,flight,role,pair_id,tags,x,y,w,h,sqrt_area_px,coco_size,tof_cm,yaw_deg,occluder,occ_level,occlusion_frac,gsd_at_mat_mm_px,est_length_mm_at_mat_plane
S1_futsal_C1_20260717_084129_f000837.jpg,S1_futsal_C1_20260717_084129,C1_approach_aux,,,1.0,385.0,14.0,37.0,22.76,small,81,0,none,0,,,
S1_futsal_C1_20260717_084129_f000846.jpg,S1_futsal_C1_20260717_084129,C1_approach_aux,,,-0.0,395.0,16.0,22.0,18.76,small,81,0,none,0,,,
S1_futsal_C1_20260717_084129_f000855.jpg,S1_futsal_C1_20260717_084129,C1_approach_aux,,,-0.0,391.0,16.0,27.0,20.78,small,82,0,none,0,,,
S1_futsal_C1_20260717_084129_f000864.jpg,S1_futsal_C1_20260717_084129,C1_approach_aux,,,0.0,392.0,18.0,27.0,22.05,small,81,0,none,0,,,
S1_futsal_C1_20260717_084129_f000873.jpg,S1_futsal_C1_20260717_084129,C1_approach_aux,,,-0.0,395.0,16.0,22.0,18.76,small,82,0,none,0,,,
S1_futsal_C1_20260717_084129_f000882.jpg,S1_futsal_C1_20260717_084129,C1_approach_aux,,,0.0,398.0,18.0,22.0,19.9,small,82,0,none,0,,,
S1_futsal_C1_20260717_084129_f000891.jpg,S1_futsal_C1_20260717_084129,C1_approach_aux,,,0.0,398.0,19.0,27.0,22.65,small,83,0,none,0,,6.09,116
S1_futsal_C1_20260717_084129_f000900.jpg,S1_futsal_C1_20260717_084129,C1_approach_aux,,,0.0,394.0,25.0,30.0,27.39,small,82,0,none,0,,,
S1_futsal_C1_20260717_084129_f000909.jpg,S1_futsal_C1_20260717_084129,C1_approach_aux,,,0.0,391.0,31.0,29.0,29.98,small,82,0,none,0,,,
S1_futsal_C1_20260717_084129_f000918.jpg,S1_futsal_C1_20260717_084129,C1_approach_aux,,,0.0,390.0,37.0,29.0,32.76,medium,82,0,none,0,,,
S1_futsal_C1_20260717_084129_f000927.jpg,S1_futsal_C1_20260717_084129,C1_approach_aux,,,0.0,387.0,41.0,30.0,35.07,medium,82,0,none,0,,,
S1_futsal_C1_20260717_084129_f000936.jpg,S1_futsal_C1_20260717_084129,C1_approach_aux,,,0.0,388.0,43.0,29.0,35.31,medium,82,0,none,0,,,
S1_futsal_C1_20260717_084129_f000945.jpg,S1_futsal_C1_20260717_084129,C1_approach_aux,,,0.0,385.0,49.0,31.0,38.97,medium,81,0,none,0,,,
S1_futsal_C1_20260717_084129_f000954.jpg,S1_futsal_C1_20260717_084129,C1_approach_aux,,,0.0,385.0,51.0,30.0,39.12,medium,82,0,none,0,,,
S1_futsal_C1_20260717_084129_f000963.jpg,S1_futsal_C1_20260717_084129,C1_approach_aux,,,0.0,385.0,55.0,30.0,40.62,medium,81,0,none,0,,,
S1_futsal_C1_20260717_084129_f000972.jpg,S1_futsal_C1_20260717_084129,C1_approach_aux,,,-0.0,384.0,57.0,28.0,39.95,medium,81,0,none,0,,,
S1_futsal_C1_20260717_084129_f000981.jpg,S1_futsal_C1_20260717_084129,C1_approach_aux,,,1.0,384.0,59.0,28.0,40.64,medium,82,0,none,0,,,
S1_futsal_C1_20260717_084129_f000990.jpg,S1_futsal_C1_20260717_084129,C1_approach_aux,,,1.0,386.0,59.0,28.0,40.64,medium,81,0,none,0,,,
S1_futsal_C1_20260717_084129_f000999.jpg,S1_futsal_C1_20260717_084129,C1_approach_aux,,,1.0,384.0,60.0,29.0,41.71,medium,82,0,none,0,,,
S1_futsal_C1_20260717_084129_f001008.jpg,S1_futsal_C1_20260717_084129,C1_approach_aux,,,2.0,384.0,61.0,29.0,42.06,medium,82,0,none,0,,,
S1_futsal_C1_20260717_084129_f001017.jpg,S1_futsal_C1_20260717_084129,C1_approach_aux,,,7.0,384.0,59.0,29.0,41.36,medium,82,0,none,0,,,
S1_futsal_C1_20260717_084129_f001026.jpg,S1_futsal_C1_20260717_084129,C1_approach_aux,,,15.0,381.0,55.0,29.0,39.94,medium,81,0,none,0,,,
S1_futsal_C1_20260717_084129_f001035.jpg,S1_futsal_C1_20260717_084129,C1_approach_aux,,,17.0,381.0,57.0,29.0,40.66,medium,82,0,none,0,,,
S1_futsal_C1_20260717_084129_f001044.jpg,S1_futsal_C1_20260717_084129,C1_approach_aux,,,18.0,383.0,58.0,29.0,41.01,medium,83,0,none,0,,,
S1_futsal_C1_20260717_084129_f001053.jpg,S1_futsal_C1_20260717_084129,C1_approach_aux,,,24.0,385.0,52.0,30.0,39.5,medium,83,0,none,0,,,
S1_futsal_C1_20260717_084129_f001062.jpg,S1_futsal_C1_20260717_084129,C1_approach_aux,,,27.0,384.0,52.0,29.0,38.83,medium,84,0,none,0,,,
S1_futsal_C1_20260717_084129_f001071.jpg,S1_futsal_C1_20260717_084129,C1_approach_aux,,,28.0,384.0,54.0,28.0,38.88,medium,83,0,none,0,,,
S1_futsal_C1_20260717_084129_f001080.jpg,S1_futsal_C1_20260717_084129,C1_approach_aux,,,27.0,381.0,55.0,28.0,39.24,medium,81,0,none,0,,,
S1_futsal_C1_20260717_084129_f001089.jpg,S1_futsal_C1_20260717_084129,C1_approach_aux,,,26.0,378.0,58.0,28.0,40.3,medium,80,0,none,0,,,
S1_futsal_C1_20260717_084129_f001098.jpg,S1_futsal_C1_20260717_084129,C1_approach_aux,,,25.0,377.0,58.0,28.0,40.3,medium,80,0,none,0,,,
S1_futsal_C1_20260717_084129_f001107.jpg,S1_futsal_C1_20260717_084129,C1_approach_aux,,,24.0,375.0,61.0,28.0,41.33,medium,79,0,none,0,,,
S1_futsal_C1_20260717_084129_f001116.jpg,S1_futsal_C1_20260717_084129,C1_approach_aux,,,23.0,370.0,58.0,36.0,45.69,medium,80,0,none,0,,,
S1_futsal_C1_20260717_084129_f001125.jpg,S1_futsal_C1_20260717_084129,C1_approach_aux,,,24.0,375.0,58.0,30.0,41.71,medium,80,0,none,0,,,
S1_futsal_C1_20260717_084129_f001134.jpg,S1_futsal_C1_20260717_084129,C1_approach_aux,,,23.0,375.0,55.0,34.0,43.24,medium,80,0,none,0,,,
S1_futsal_C1_20260717_084129_f001143.jpg,S1_futsal_C1_20260717_084129,C1_approach_aux,,,19.0,377.0,64.0,33.0,45.96,medium,81,0,none,0,,,
S1_futsal_C1_20260717_084129_f001152.jpg,S1_futsal_C1_20260717_084129,C1_approach_aux,,,17.0,377.0,63.0,40.0,50.2,medium,82,0,none,0,,,
S1_futsal_C1_20260717_084129_f001161.jpg,S1_futsal_C1_20260717_084129,C1_approach_aux,,,21.0,381.0,52.0,37.0,43.86,medium,81,0,none,0,,,
S1_futsal_C1_20260717_084129_f001170.jpg,S1_futsal_C1_20260717_084129,C1_approach_aux,,,9.0,384.0,60.0,33.0,44.5,medium,82,0,none,0,,,
S1_futsal_C1_20260717_084129_f001179.jpg,S1_futsal_C1_20260717_084129,C1_approach_aux,,,7.0,387.0,58.0,38.0,46.95,medium,83,0,none,0,,,
S1_futsal_C1_20260717_084129_f001188.jpg,S1_futsal_C1_20260717_084129,C1_approach_aux,,,0.0,390.0,60.0,29.0,41.71,medium,82,0,none,0,,,
S1_futsal_C1_20260717_084129_f001197.jpg,S1_futsal_C1_20260717_084129,C1_approach_aux,,,0.0,391.0,57.0,29.0,40.66,medium,80,0,none,0,,,
S1_futsal_C1_20260717_084129_f001206.jpg,S1_futsal_C1_20260717_084129,C1_approach_aux,,,0.0,393.0,54.0,31.0,40.91,medium,81,0,none,0,,,
S1_futsal_C1_20260717_084129_f001215.jpg,S1_futsal_C1_20260717_084129,C1_approach_aux,,,0.0,396.0,54.0,31.0,40.91,medium,81,0,none,0,,,
S1_futsal_C1_20260717_084129_f001224.jpg,S1_futsal_C1_20260717_084129,C1_approach_aux,,,0.0,399.0,52.0,31.0,40.15,medium,81,0,none,0,,5.60,291
S1_futsal_C1_20260717_084129_f001233.jpg,S1_futsal_C1_20260717_084129,C1_approach_aux,,,0.0,401.0,52.0,32.0,40.79,medium,81,0,none,0,,,
S1_futsal_C1_20260717_084129_f001242.jpg,S1_futsal_C1_20260717_084129,C1_approach_aux,,,0.0,402.0,52.0,33.0,41.42,medium,82,0,none,0,,,
S1_futsal_C1_20260717_084129_f001251.jpg,S1_futsal_C1_20260717_084129,C1_approach_aux,,,0.0,405.0,49.0,33.0,40.21,medium,82,0,none,0,,,
S1_futsal_C1_20260717_084129_f001260.jpg,S1_futsal_C1_20260717_084129,C1_approach_aux,,blur_moderate,0.0,406.0,48.0,33.0,39.8,medium,82,0,none,0,,,
S1_futsal_C1_20260717_084129_f001269.jpg,S1_futsal_C1_20260717_084129,C1_approach_aux,,,-0.0,406.0,46.0,33.0,38.96,medium,82,0,none,0,,,
S1_futsal_C1_20260717_084129_f001278.jpg,S1_futsal_C1_20260717_084129,C1_approach_aux,,,0.0,406.0,45.0,33.0,38.54,medium,81,0,none,0,,,
S1_futsal_C1_20260717_084129_f001287.jpg,S1_futsal_C1_20260717_084129,C1_approach_aux,,,0.0,406.0,43.0,35.0,38.79,medium,80,0,none,0,,,
S1_futsal_C1_20260717_084129_f001296.jpg,S1_futsal_C1_20260717_084129,C1_approach_aux,,,0.0,405.0,39.0,34.0,36.41,medium,80,0,none,0,,,
S1_futsal_C1_20260717_084129_f001305.jpg,S1_futsal_C1_20260717_084129,C1_approach_aux,,,0.0,404.0,39.0,34.0,36.41,medium,79,0,none,0,,,
S1_futsal_C1_20260717_084129_f001314.jpg,S1_futsal_C1_20260717_084129,C1_approach_aux,,,0.0,406.0,38.0,34.0,35.94,medium,80,0,none,0,,,
S1_futsal_C1_20260717_084129_f001323.jpg,S1_futsal_C1_20260717_084129,C1_approach_aux,,,0.0,405.0,39.0,36.0,37.47,medium,81,0,none,0,,,
S1_futsal_C1_20260717_084129_f001332.jpg,S1_futsal_C1_20260717_084129,C1_approach_aux,,,0.0,404.0,36.0,39.0,37.47,medium,81,0,none,0,,,
S1_futsal_C1_20260717_084129_f001341.jpg,S1_futsal_C1_20260717_084129,C1_approach_aux,,,0.0,408.0,31.0,35.0,32.94,medium,82,0,none,0,,5.26,163
S1_futsal_C1_20260717_084129_f001350.jpg,S1_futsal_C1_20260717_084129,C1_approach_aux,,,0.0,408.0,29.0,35.0,31.86,small,81,0,none,0,,,
S1_futsal_C1_20260717_084129_f001359.jpg,S1_futsal_C1_20260717_084129,C1_approach_aux,,,0.0,408.0,27.0,30.0,28.46,small,81,0,none,0,,,
S1_futsal_C1_20260717_084129_f001368.jpg,S1_futsal_C1_20260717_084129,C1_approach_aux,,,-0.0,407.0,28.0,31.0,29.46,small,81,0,none,0,,,
S1_futsal_C1_20260717_084129_f001377.jpg,S1_futsal_C1_20260717_084129,C1_approach_aux,,,0.0,408.0,25.0,30.0,27.39,small,81,0,none,0,,,
S1_futsal_C1_20260717_084129_f001386.jpg,S1_futsal_C1_20260717_084129,C1_approach_aux,,,0.0,407.0,23.0,30.0,26.27,small,81,0,none,0,,,
S1_futsal_C1_20260717_084129_f001395.jpg,S1_futsal_C1_20260717_084129,C1_approach_aux,,blur_moderate,0.0,404.0,22.0,32.0,26.53,small,80,0,none,0,,,
S1_futsal_C1_20260717_084129_f001404.jpg,S1_futsal_C1_20260717_084129,C1_approach_aux,,blur_moderate,0.0,403.0,20.0,24.0,21.91,small,79,0,none,0,,,
S1_futsal_C1_20260717_084129_f001413.jpg,S1_futsal_C1_20260717_084129,C1_approach_aux,,,0.0,397.0,19.0,27.0,22.65,small,78,0,none,0,,,
S1_futsal_C1_20260717_084129_f001422.jpg,S1_futsal_C1_20260717_084129,C1_approach_aux,,,0.0,393.0,15.0,22.0,18.17,small,78,0,none,0,,,
S1_futsal_C1_20260717_084129_f001431.jpg,S1_futsal_C1_20260717_084129,C1_approach_aux,,,1.0,398.0,9.0,17.0,12.37,small,77,0,none,0,,,
S1_futsal_C1_20260717_084129_f001530.jpg,S1_futsal_C1_20260717_084129,C1_approach_aux,,,1.0,404.0,8.0,24.0,13.86,small,83,0,none,0,,,
S1_futsal_C1_20260717_084129_f001539.jpg,S1_futsal_C1_20260717_084129,C1_approach_aux,,,0.0,405.0,13.0,16.0,14.42,small,82,0,none,0,,,
S1_futsal_C1_20260717_084129_f001548.jpg,S1_futsal_C1_20260717_084129,C1_approach_aux,,,0.0,405.0,13.0,16.0,14.42,small,82,0,none,0,,,
S1_futsal_C1_20260717_084129_f001557.jpg,S1_futsal_C1_20260717_084129,C1_approach_aux,,,0.0,405.0,10.0,24.0,15.49,small,82,0,none,0,,,
S1_futsal_C1_20260717_084129_f001566.jpg,S1_futsal_C1_20260717_084129,C1_approach_aux,,,-0.0,407.0,21.0,19.0,19.98,small,83,0,none,0,,,
S1_futsal_C1_20260717_084129_f001575.jpg,S1_futsal_C1_20260717_084129,C1_approach_aux,,,0.0,403.0,18.0,29.0,22.85,small,83,0,none,0,,5.50,99
S1_futsal_C1_20260717_084129_f001584.jpg,S1_futsal_C1_20260717_084129,C1_approach_aux,,,0.0,406.0,18.0,31.0,23.62,small,82,0,none,0,,5.41,97
S1_futsal_C1_20260717_084129_f001593.jpg,S1_futsal_C1_20260717_084129,C1_approach_aux,,,0.0,403.0,24.0,30.0,26.83,small,82,0,none,0,,,
S1_futsal_C1_20260717_084129_f001602.jpg,S1_futsal_C1_20260717_084129,C1_approach_aux,,,0.0,401.0,25.0,37.0,30.41,small,82,0,none,0,,,
S1_futsal_C1_20260717_084129_f001611.jpg,S1_futsal_C1_20260717_084129,C1_approach_aux,,,-0.0,402.0,28.0,35.0,31.31,small,83,0,none,0,,,
S1_futsal_C1_20260717_084129_f001620.jpg,S1_futsal_C1_20260717_084129,C1_approach_aux,,,0.0,401.0,33.0,36.0,34.47,medium,82,1,none,0,,,
S1_futsal_C1_20260717_084129_f001629.jpg,S1_futsal_C1_20260717_084129,C1_approach_aux,,,0.0,404.0,35.0,34.0,34.5,medium,83,0,none,0,,,
S1_futsal_C1_20260717_084129_f001638.jpg,S1_futsal_C1_20260717_084129,C1_approach_aux,,,0.0,405.0,37.0,33.0,34.94,medium,84,0,none,0,,,
S1_futsal_C1_20260717_084129_f001647.jpg,S1_futsal_C1_20260717_084129,C1_approach_aux,,,0.0,403.0,39.0,32.0,35.33,medium,84,0,none,0,,,
S1_futsal_C1_20260717_084129_f001656.jpg,S1_futsal_C1_20260717_084129,C1_approach_aux,,,-0.0,399.0,40.0,32.0,35.78,medium,82,0,none,0,,,
S1_futsal_C1_20260717_084129_f001665.jpg,S1_futsal_C1_20260717_084129,C1_approach_aux,,,0.0,397.0,43.0,32.0,37.09,medium,82,0,none,0,,,
S1_futsal_C1_20260717_084129_f001674.jpg,S1_futsal_C1_20260717_084129,C1_approach_aux,,,-0.0,396.0,46.0,31.0,37.76,medium,83,0,none,0,,,
S1_futsal_C1_20260717_084129_f001683.jpg,S1_futsal_C1_20260717_084129,C1_approach_aux,,,0.0,394.0,50.0,31.0,39.37,medium,83,0,none,0,,,
S1_futsal_C1_20260717_084129_f001692.jpg,S1_futsal_C1_20260717_084129,C1_approach_aux,,,0.0,391.0,52.0,29.0,38.83,medium,83,0,none,0,,,
S1_futsal_C1_20260717_084129_f001701.jpg,S1_futsal_C1_20260717_084129,C1_approach_aux,,,0.0,387.0,54.0,32.0,41.57,medium,82,0,none,0,,,
S1_futsal_C1_20260717_084129_f001710.jpg,S1_futsal_C1_20260717_084129,C1_approach_aux,,,0.0,386.0,54.0,30.0,40.25,medium,82,0,none,0,,,
S1_futsal_C1_20260717_084129_f001719.jpg,S1_futsal_C1_20260717_084129,C1_approach_aux,,,0.0,381.0,54.0,32.0,41.57,medium,82,0,none,0,,,
S1_futsal_C1_20260717_084129_f001728.jpg,S1_futsal_C1_20260717_084129,C1_approach_aux,,,0.0,379.0,55.0,28.0,39.24,medium,81,0,none,0,,,
S1_futsal_C1_20260717_084129_f001737.jpg,S1_futsal_C1_20260717_084129,C1_approach_aux,,,0.0,377.0,54.0,28.0,38.88,medium,81,0,none,0,,,
S1_futsal_C1_20260717_084129_f001746.jpg,S1_futsal_C1_20260717_084129,C1_approach_aux,,,-0.0,378.0,52.0,28.0,38.16,medium,81,0,none,0,,,
S1_futsal_C1_20260717_084129_f001755.jpg,S1_futsal_C1_20260717_084129,C1_approach_aux,,,0.0,379.0,52.0,28.0,38.16,medium,81,0,none,0,,,
S1_futsal_C1_20260717_084129_f001764.jpg,S1_futsal_C1_20260717_084129,C1_approach_aux,,,0.0,380.0,48.0,27.0,36.0,medium,80,0,none,0,,,
S1_futsal_C1_20260717_084129_f001773.jpg,S1_futsal_C1_20260717_084129,C1_approach_aux,,,0.0,377.0,45.0,28.0,35.5,medium,80,0,none,0,,,
S1_futsal_C1_20260717_084129_f001782.jpg,S1_futsal_C1_20260717_084129,C1_approach_aux,,,0.0,379.0,39.0,32.0,35.33,medium,79,0,none,0,,,
S1_futsal_C1_20260717_084129_f001791.jpg,S1_futsal_C1_20260717_084129,C1_approach_aux,,,0.0,381.0,31.0,38.0,34.32,medium,79,0,none,0,,,
S1_futsal_C1_20260717_084129_f001800.jpg,S1_futsal_C1_20260717_084129,C1_approach_aux,,,0.0,386.0,25.0,37.0,30.41,small,80,0,none,0,,,
S1_futsal_C1_20260717_084129_f001809.jpg,S1_futsal_C1_20260717_084129,C1_approach_aux,,,-0.0,392.0,16.0,34.0,23.32,small,81,0,none,0,,5.50,88
S1_futsal_C1_20260717_084129_f001818.jpg,S1_futsal_C1_20260717_084129,C1_approach_aux,,,0.0,397.0,10.0,31.0,17.61,small,83,0,none,0,,,
S1_futsal_C1_20260724_074934_f000000.jpg,S1_futsal_C1_20260724_074934,C1_sizesweep_low,,,699.0,155.0,42.0,21.0,29.7,small,10,0,none,0,,,
S1_futsal_C1_20260724_074934_f000007.jpg,S1_futsal_C1_20260724_074934,C1_sizesweep_low,,,697.0,155.0,42.0,21.0,29.7,small,10,0,none,0,,,
S1_futsal_C1_20260724_074934_f000014.jpg,S1_futsal_C1_20260724_074934,C1_sizesweep_low,,,699.0,155.0,43.0,22.0,30.76,small,10,0,none,0,,,
S1_futsal_C1_20260724_074934_f000021.jpg,S1_futsal_C1_20260724_074934,C1_sizesweep_low,,,699.0,155.0,43.0,21.0,30.05,small,10,0,none,0,,,
S1_futsal_C1_20260724_074934_f000028.jpg,S1_futsal_C1_20260724_074934,C1_sizesweep_low,,,699.0,155.0,43.0,21.0,30.05,small,10,0,none,0,,,
S1_futsal_C1_20260724_074934_f000035.jpg,S1_futsal_C1_20260724_074934,C1_sizesweep_low,,,696.0,154.0,48.0,25.0,34.64,medium,10,0,none,0,,,
S1_futsal_C1_20260724_074934_f000042.jpg,S1_futsal_C1_20260724_074934,C1_sizesweep_low,,,698.0,153.0,57.0,36.0,45.3,medium,10,0,none,0,,,
S1_futsal_C1_20260724_074934_f000049.jpg,S1_futsal_C1_20260724_074934,C1_sizesweep_low,,,691.0,154.0,60.0,32.0,43.82,medium,10,0,none,0,,,
S1_futsal_C1_20260724_074934_f000056.jpg,S1_futsal_C1_20260724_074934,C1_sizesweep_low,,,695.0,152.0,52.0,30.0,39.5,medium,10,0,none,0,,,
S1_futsal_C1_20260724_074934_f000063.jpg,S1_futsal_C1_20260724_074934,C1_sizesweep_low,,,691.0,148.0,51.0,31.0,39.76,medium,10,0,none,0,,,
S1_futsal_C1_20260724_074934_f000070.jpg,S1_futsal_C1_20260724_074934,C1_sizesweep_low,,,697.0,152.0,46.0,31.0,37.76,medium,10,0,none,0,,,
S1_futsal_C1_20260724_074934_f000077.jpg,S1_futsal_C1_20260724_074934,C1_sizesweep_low,,,700.0,155.0,43.0,22.0,30.76,small,10,0,none,0,,,
S1_futsal_C1_20260724_074934_f000084.jpg,S1_futsal_C1_20260724_074934,C1_sizesweep_low,,,693.0,151.0,52.0,30.0,39.5,medium,10,0,none,0,,,
S1_futsal_C1_20260724_074934_f000091.jpg,S1_futsal_C1_20260724_074934,C1_sizesweep_low,,,700.0,155.0,42.0,22.0,30.4,small,10,0,none,0,,,
S1_futsal_C1_20260724_074934_f000098.jpg,S1_futsal_C1_20260724_074934,C1_sizesweep_low,,,700.0,155.0,43.0,22.0,30.76,small,10,0,none,0,,,
S1_futsal_C1_20260724_074934_f000105.jpg,S1_futsal_C1_20260724_074934,C1_sizesweep_low,,,699.0,155.0,43.0,22.0,30.76,small,10,0,none,0,,,
S1_futsal_C1_20260724_074934_f000112.jpg,S1_futsal_C1_20260724_074934,C1_sizesweep_low,,,699.0,155.0,43.0,21.0,30.05,small,10,0,none,0,,,
S1_futsal_C1_20260724_074934_f000119.jpg,S1_futsal_C1_20260724_074934,C1_sizesweep_low,,,699.0,155.0,43.0,21.0,30.05,small,10,0,none,0,,,
S1_futsal_C1_20260724_074934_f000126.jpg,S1_futsal_C1_20260724_074934,C1_sizesweep_low,,,699.0,155.0,43.0,21.0,30.05,small,10,0,none,0,,,
S1_futsal_C1_20260724_074934_f000133.jpg,S1_futsal_C1_20260724_074934,C1_sizesweep_low,,,699.0,155.0,43.0,22.0,30.76,small,10,0,none,0,,,
S1_futsal_C1_20260724_074934_f000140.jpg,S1_futsal_C1_20260724_074934,C1_sizesweep_low,,,696.0,149.0,49.0,33.0,40.21,medium,10,0,none,0,,,
S1_futsal_C1_20260724_074934_f000147.jpg,S1_futsal_C1_20260724_074934,C1_sizesweep_low,,,699.0,155.0,45.0,22.0,31.46,small,10,0,none,0,,,
S1_futsal_C1_20260724_074934_f000154.jpg,S1_futsal_C1_20260724_074934,C1_sizesweep_low,,,699.0,155.0,43.0,21.0,30.05,small,10,0,none,0,,,
S1_futsal_C1_20260724_074934_f000161.jpg,S1_futsal_C1_20260724_074934,C1_sizesweep_low,,,699.0,155.0,43.0,21.0,30.05,small,10,0,none,0,,,
S1_futsal_C1_20260724_074934_f000168.jpg,S1_futsal_C1_20260724_074934,C1_sizesweep_low,,,699.0,155.0,43.0,22.0,30.76,small,10,0,none,0,,,
S1_futsal_C1_20260724_074934_f000175.jpg,S1_futsal_C1_20260724_074934,C1_sizesweep_low,,,699.0,155.0,42.0,21.0,29.7,small,10,0,none,0,,,
S1_futsal_C1_20260724_074934_f000182.jpg,S1_futsal_C1_20260724_074934,C1_sizesweep_low,,,695.0,152.0,49.0,28.0,37.04,medium,10,0,none,0,,,
S1_futsal_C1_20260724_074934_f000189.jpg,S1_futsal_C1_20260724_074934,C1_sizesweep_low,,,699.0,155.0,42.0,21.0,29.7,small,10,0,none,0,,,
S1_futsal_C1_20260724_074934_f000196.jpg,S1_futsal_C1_20260724_074934,C1_sizesweep_low,,,699.0,155.0,42.0,21.0,29.7,small,10,0,none,0,,,
S1_futsal_C1_20260724_074934_f000203.jpg,S1_futsal_C1_20260724_074934,C1_sizesweep_low,,,699.0,155.0,43.0,21.0,30.05,small,10,0,none,0,,,
S1_futsal_C1_20260724_074934_f000210.jpg,S1_futsal_C1_20260724_074934,C1_sizesweep_low,,,699.0,155.0,43.0,22.0,30.76,small,10,0,none,0,,,
S1_futsal_C1_20260724_074934_f000217.jpg,S1_futsal_C1_20260724_074934,C1_sizesweep_low,,,699.0,155.0,43.0,22.0,30.76,small,10,0,none,0,,,
S1_futsal_C1_20260724_074934_f000224.jpg,S1_futsal_C1_20260724_074934,C1_sizesweep_low,,,700.0,155.0,43.0,22.0,30.76,small,10,0,none,0,,,
S1_futsal_C1_20260724_074934_f000231.jpg,S1_futsal_C1_20260724_074934,C1_sizesweep_low,,,700.0,155.0,43.0,22.0,30.76,small,10,0,none,0,,,
S1_futsal_C1_20260724_074934_f000238.jpg,S1_futsal_C1_20260724_074934,C1_sizesweep_low,,,700.0,155.0,42.0,22.0,30.4,small,10,0,none,0,,,
S1_futsal_C1_20260724_074934_f000245.jpg,S1_futsal_C1_20260724_074934,C1_sizesweep_low,,,700.0,155.0,42.0,22.0,30.4,small,10,0,none,0,,,
S1_futsal_C1_20260724_074934_f000252.jpg,S1_futsal_C1_20260724_074934,C1_sizesweep_low,,,700.0,155.0,42.0,22.0,30.4,small,10,0,none,0,,,
S1_futsal_C1_20260724_074934_f000259.jpg,S1_futsal_C1_20260724_074934,C1_sizesweep_low,,,694.0,148.0,48.0,29.0,37.31,medium,10,0,none,0,,,
S1_futsal_C1_20260724_074934_f000266.jpg,S1_futsal_C1_20260724_074934,C1_sizesweep_low,,,698.0,155.0,46.0,22.0,31.81,small,10,0,none,0,,,
S1_futsal_C1_20260724_074934_f000273.jpg,S1_futsal_C1_20260724_074934,C1_sizesweep_low,,,697.0,153.0,47.0,28.0,36.28,medium,10,0,none,0,,,
S1_futsal_C1_20260724_074934_f000280.jpg,S1_futsal_C1_20260724_074934,C1_sizesweep_low,,,699.0,155.0,43.0,21.0,30.05,small,10,0,none,0,,,
S1_futsal_C1_20260724_074934_f000287.jpg,S1_futsal_C1_20260724_074934,C1_sizesweep_low,,,699.0,155.0,43.0,21.0,30.05,small,10,0,none,0,,,
S1_futsal_C1_20260724_074934_f000294.jpg,S1_futsal_C1_20260724_074934,C1_sizesweep_low,,,699.0,155.0,43.0,22.0,30.76,small,10,0,none,0,,,
S1_futsal_C1_20260724_074934_f000301.jpg,S1_futsal_C1_20260724_074934,C1_sizesweep_low,,,699.0,155.0,43.0,22.0,30.76,small,10,0,none,0,,,
S1_futsal_C1_20260724_074934_f000308.jpg,S1_futsal_C1_20260724_074934,C1_sizesweep_low,,,699.0,155.0,43.0,22.0,30.76,small,10,0,none,0,,,
S1_futsal_C1_20260724_074934_f000315.jpg,S1_futsal_C1_20260724_074934,C1_sizesweep_low,,,699.0,155.0,43.0,22.0,30.76,small,10,0,none,0,,,
S1_futsal_C1_20260724_074934_f000322.jpg,S1_futsal_C1_20260724_074934,C1_sizesweep_low,,,697.0,151.0,50.0,30.0,38.73,medium,10,0,none,0,,,
S1_futsal_C1_20260724_074934_f000329.jpg,S1_futsal_C1_20260724_074934,C1_sizesweep_low,,,697.0,152.0,52.0,29.0,38.83,medium,10,0,none,0,,,
S1_futsal_C1_20260724_074934_f000336.jpg,S1_futsal_C1_20260724_074934,C1_sizesweep_low,,,700.0,155.0,43.0,22.0,30.76,small,10,0,none,0,,,
S1_futsal_C1_20260724_074934_f000343.jpg,S1_futsal_C1_20260724_074934,C1_sizesweep_low,,,699.0,149.0,41.0,30.0,35.07,medium,10,0,none,0,,,
S1_futsal_C1_20260724_074934_f000350.jpg,S1_futsal_C1_20260724_074934,C1_sizesweep_low,,,699.0,155.0,42.0,22.0,30.4,small,10,0,none,0,,,
S1_futsal_C1_20260724_074934_f000357.jpg,S1_futsal_C1_20260724_074934,C1_sizesweep_low,,,697.0,155.0,46.0,22.0,31.81,small,10,0,none,0,,,
S1_futsal_C1_20260724_074934_f000364.jpg,S1_futsal_C1_20260724_074934,C1_sizesweep_low,,,697.0,152.0,48.0,29.0,37.31,medium,10,0,none,0,,,
S1_futsal_C1_20260724_074934_f000371.jpg,S1_futsal_C1_20260724_074934,C1_sizesweep_low,,,697.0,154.0,43.0,24.0,32.12,medium,10,0,none,0,,,
S1_futsal_C1_20260724_074934_f000378.jpg,S1_futsal_C1_20260724_074934,C1_sizesweep_low,,,697.0,154.0,44.0,27.0,34.47,medium,10,0,none,0,,,
S1_futsal_C1_20260724_074934_f000385.jpg,S1_futsal_C1_20260724_074934,C1_sizesweep_low,,,698.0,153.0,44.0,27.0,34.47,medium,10,0,none,0,,,
S1_futsal_C1_20260724_074934_f000392.jpg,S1_futsal_C1_20260724_074934,C1_sizesweep_low,,,694.0,150.0,54.0,33.0,42.21,medium,10,0,none,0,,,
S1_futsal_C1_20260724_074934_f000399.jpg,S1_futsal_C1_20260724_074934,C1_sizesweep_low,,,698.0,152.0,44.0,25.0,33.17,medium,10,0,none,0,,,
S1_futsal_C1_20260724_074934_f000406.jpg,S1_futsal_C1_20260724_074934,C1_sizesweep_low,,,699.0,150.0,46.0,31.0,37.76,medium,10,0,none,0,,,
S1_futsal_C1_20260724_074934_f000413.jpg,S1_futsal_C1_20260724_074934,C1_sizesweep_low,,,697.0,153.0,48.0,30.0,37.95,medium,10,0,none,0,,,
S1_futsal_C1_20260724_074934_f000420.jpg,S1_futsal_C1_20260724_074934,C1_sizesweep_low,,,698.0,154.0,49.0,27.0,36.37,medium,10,0,none,0,,,
S1_futsal_C1_20260724_074934_f000427.jpg,S1_futsal_C1_20260724_074934,C1_sizesweep_low,,,700.0,155.0,43.0,22.0,30.76,small,10,0,none,0,,,
S1_futsal_C1_20260724_074934_f000434.jpg,S1_futsal_C1_20260724_074934,C1_sizesweep_low,,,700.0,155.0,43.0,22.0,30.76,small,10,0,none,0,,,
S1_futsal_C1_20260724_074934_f000441.jpg,S1_futsal_C1_20260724_074934,C1_sizesweep_low,,,698.0,152.0,45.0,27.0,34.86,medium,10,0,none,0,,,
S1_futsal_C1_20260724_074934_f000448.jpg,S1_futsal_C1_20260724_074934,C1_sizesweep_low,,,699.0,155.0,43.0,22.0,30.76,small,10,0,none,0,,,
S1_futsal_C1_20260724_074934_f000455.jpg,S1_futsal_C1_20260724_074934,C1_sizesweep_low,,,699.0,155.0,43.0,22.0,30.76,small,10,0,none,0,,,
S1_futsal_C1_20260724_074934_f000462.jpg,S1_futsal_C1_20260724_074934,C1_sizesweep_low,,,697.0,154.0,53.0,27.0,37.83,medium,10,0,none,0,,,
S1_futsal_C1_20260724_074934_f000469.jpg,S1_futsal_C1_20260724_074934,C1_sizesweep_low,,,699.0,155.0,43.0,22.0,30.76,small,10,0,none,0,,,
S1_futsal_C1_20260724_074934_f000476.jpg,S1_futsal_C1_20260724_074934,C1_sizesweep_low,,,699.0,154.0,45.0,22.0,31.46,small,10,0,none,0,,,
S1_futsal_C1_20260724_074934_f000483.jpg,S1_futsal_C1_20260724_074934,C1_sizesweep_low,,,697.0,151.0,49.0,28.0,37.04,medium,10,0,none,0,,,
S1_futsal_C1_20260724_074934_f000490.jpg,S1_futsal_C1_20260724_074934,C1_sizesweep_low,,,699.0,155.0,43.0,22.0,30.76,small,10,0,none,0,,,
S1_futsal_C1_20260724_074934_f000497.jpg,S1_futsal_C1_20260724_074934,C1_sizesweep_low,,,701.0,154.0,40.0,24.0,30.98,small,10,0,none,0,,,
S1_futsal_C1_20260724_074934_f000504.jpg,S1_futsal_C1_20260724_074934,C1_sizesweep_low,,,699.0,155.0,43.0,22.0,30.76,small,10,0,none,0,,,
S1_futsal_C1_20260724_074934_f000511.jpg,S1_futsal_C1_20260724_074934,C1_sizesweep_low,,,699.0,155.0,43.0,22.0,30.76,small,10,0,none,0,,,
S1_futsal_C1_20260724_074934_f000518.jpg,S1_futsal_C1_20260724_074934,C1_sizesweep_low,,,698.0,153.0,41.0,24.0,31.37,small,10,0,none,0,,,
S1_futsal_C1_20260724_074934_f000525.jpg,S1_futsal_C1_20260724_074934,C1_sizesweep_low,,,699.0,155.0,43.0,22.0,30.76,small,10,0,none,0,,,
S1_futsal_C1_20260724_074934_f000532.jpg,S1_futsal_C1_20260724_074934,C1_sizesweep_low,,,697.0,153.0,47.0,28.0,36.28,medium,10,0,none,0,,,
S1_futsal_C1_20260724_074934_f000539.jpg,S1_futsal_C1_20260724_074934,C1_sizesweep_low,,,697.0,153.0,50.0,27.0,36.74,medium,10,0,none,0,,,
S1_futsal_C1_20260724_074934_f000546.jpg,S1_futsal_C1_20260724_074934,C1_sizesweep_low,,,697.0,155.0,46.0,24.0,33.23,medium,10,0,none,0,,,
S1_futsal_C1_20260724_074934_f000553.jpg,S1_futsal_C1_20260724_074934,C1_sizesweep_low,,,700.0,157.0,42.0,24.0,31.75,small,10,0,none,0,,,
S1_futsal_C1_20260724_074934_f000560.jpg,S1_futsal_C1_20260724_074934,C1_sizesweep_low,,,695.0,157.0,49.0,23.0,33.57,medium,10,0,none,0,,,
S1_futsal_C1_20260724_074934_f000567.jpg,S1_futsal_C1_20260724_074934,C1_sizesweep_low,,,698.0,154.0,45.0,28.0,35.5,medium,10,0,none,0,,,
S1_futsal_C1_20260724_074934_f000574.jpg,S1_futsal_C1_20260724_074934,C1_sizesweep_low,,,700.0,154.0,44.0,26.0,33.82,medium,10,0,none,0,,,
S1_futsal_C1_20260724_074934_f000581.jpg,S1_futsal_C1_20260724_074934,C1_sizesweep_low,,,687.0,346.0,42.0,24.0,31.75,small,81,0,none,0,,,
S1_futsal_C1_20260724_074934_f000588.jpg,S1_futsal_C1_20260724_074934,C1_sizesweep_low,,,687.03,348.18,42.83,24.44,32.35,medium,81,0,none,0,,,
S1_futsal_C1_20260724_074934_f000595.jpg,S1_futsal_C1_20260724_074934,C1_sizesweep_low,,,687.97,348.29,42.26,25.15,32.6,medium,81,0,none,0,,,
S1_futsal_C1_20260724_074934_f000602.jpg,S1_futsal_C1_20260724_074934,C1_sizesweep_low,,,686.38,349.61,44.24,27.56,34.92,medium,82,0,none,0,,,
S1_futsal_C1_20260724_074934_f000609.jpg,S1_futsal_C1_20260724_074934,C1_sizesweep_low,,,687.37,349.88,42.6,25.75,33.12,medium,82,0,none,0,,,
S1_futsal_C1_20260724_074934_f000616.jpg,S1_futsal_C1_20260724_074934,C1_sizesweep_low,,,684.91,349.78,44.77,25.7,33.92,medium,82,0,none,0,,,
S1_futsal_C1_20260724_074934_f000623.jpg,S1_futsal_C1_20260724_074934,C1_sizesweep_low,,,684.02,348.73,41.7,24.62,32.04,medium,82,0,none,0,,,
S1_futsal_C1_20260724_074934_f000630.jpg,S1_futsal_C1_20260724_074934,C1_sizesweep_low,,,682.95,347.76,41.42,24.88,32.11,medium,81,0,none,0,,,
S1_futsal_C1_20260724_074934_f000637.jpg,S1_futsal_C1_20260724_074934,C1_sizesweep_low,,,683.04,347.56,41.4,25.13,32.26,medium,81,0,none,0,,,
S1_futsal_C1_20260724_074934_f000644.jpg,S1_futsal_C1_20260724_074934,C1_sizesweep_low,,,683.0,348.96,41.64,24.06,31.66,small,82,0,none,0,,,
S1_futsal_C1_20260724_074934_f000651.jpg,S1_futsal_C1_20260724_074934,C1_sizesweep_low,,,683.25,348.6,41.34,24.29,31.69,small,81,0,none,0,,,
S1_futsal_C1_20260724_074934_f000658.jpg,S1_futsal_C1_20260724_074934,C1_sizesweep_low,,blur_moderate,683.32,347.75,40.87,25.7,32.41,medium,81,0,none,0,,,
S1_futsal_C1_20260724_074934_f000665.jpg,S1_futsal_C1_20260724_074934,C1_sizesweep_low,,blur_moderate,681.74,347.44,41.6,25.06,32.28,medium,81,0,none,0,,,
S1_futsal_C1_20260724_074934_f000672.jpg,S1_futsal_C1_20260724_074934,C1_sizesweep_low,,,681.9,347.49,41.55,24.81,32.11,medium,80,0,none,0,,,
S1_futsal_C1_20260724_074934_f000679.jpg,S1_futsal_C1_20260724_074934,C1_sizesweep_low,,blur_moderate,682.75,346.0,41.26,24.78,31.98,small,80,0,none,0,,,
S1_futsal_C1_20260724_074934_f000686.jpg,S1_futsal_C1_20260724_074934,C1_sizesweep_low,,blur_moderate,684.55,346.17,40.32,24.43,31.38,small,80,0,none,0,,,
S1_futsal_C1_20260724_074934_f000693.jpg,S1_futsal_C1_20260724_074934,C1_sizesweep_low,,,685.89,346.27,41.86,24.44,31.99,small,80,0,none,0,,,
S1_futsal_C1_20260724_074934_f000700.jpg,S1_futsal_C1_20260724_074934,C1_sizesweep_low,,,686.8,346.33,42.52,24.29,32.13,medium,80,0,none,0,,,
S1_futsal_C1_20260724_074934_f000707.jpg,S1_futsal_C1_20260724_074934,C1_sizesweep_low,,,687.56,345.54,41.84,25.06,32.38,medium,79,0,none,0,,,
S1_futsal_C1_20260724_074934_f000714.jpg,S1_futsal_C1_20260724_074934,C1_sizesweep_low,,,686.82,344.8,43.43,25.33,33.17,medium,78,0,none,0,,,
S1_futsal_C1_20260724_074934_f000721.jpg,S1_futsal_C1_20260724_074934,C1_sizesweep_low,,,686.97,344.68,43.46,24.34,32.53,medium,78,0,none,0,,,
S1_futsal_C1_20260724_074934_f000728.jpg,S1_futsal_C1_20260724_074934,C1_sizesweep_low,,,686.54,343.49,44.16,25.42,33.51,medium,78,0,none,0,,,
S1_futsal_C1_20260724_074934_f000735.jpg,S1_futsal_C1_20260724_074934,C1_sizesweep_low,,,686.83,343.81,43.56,25.29,33.19,medium,79,0,none,0,,,
S1_futsal_C1_20260724_074934_f000742.jpg,S1_futsal_C1_20260724_074934,C1_sizesweep_low,,,687.61,344.97,42.23,23.76,31.68,small,79,0,none,0,,,
S1_futsal_C1_20260724_074934_f000749.jpg,S1_futsal_C1_20260724_074934,C1_sizesweep_low,,blur_moderate,686.23,334.5,43.73,26.43,34.0,medium,76,0,none,0,,,
S1_futsal_C1_20260724_074934_f000756.jpg,S1_futsal_C1_20260724_074934,C1_sizesweep_low,,blur_moderate,687.84,334.53,42.65,25.08,32.71,medium,76,0,none,0,,,
S1_futsal_C1_20260724_074934_f000763.jpg,S1_futsal_C1_20260724_074934,C1_sizesweep_low,,blur_moderate,690.92,334.32,40.27,25.06,31.77,small,76,0,none,0,,,
S1_futsal_C1_20260724_074934_f000770.jpg,S1_futsal_C1_20260724_074934,C1_sizesweep_low,,blur_moderate,691.32,333.53,41.02,25.19,32.15,medium,77,0,none,0,,,
S1_futsal_C1_20260724_074934_f000777.jpg,S1_futsal_C1_20260724_074934,C1_sizesweep_low,,blur_moderate,692.98,332.59,39.71,24.54,31.22,small,76,0,none,0,,,
S1_futsal_C1_20260724_074934_f000784.jpg,S1_futsal_C1_20260724_074934,C1_sizesweep_low,,blur_moderate,691.54,330.63,42.19,24.62,32.23,medium,75,0,none,0,,,
S1_futsal_C1_20260724_074934_f000791.jpg,S1_futsal_C1_20260724_074934,C1_sizesweep_low,,blur_moderate,692.87,330.48,41.15,24.53,31.77,small,75,0,none,0,,,
S1_futsal_C1_20260724_074934_f000798.jpg,S1_futsal_C1_20260724_074934,C1_sizesweep_low,,blur_moderate,692.98,329.68,41.15,24.96,32.04,medium,75,0,none,0,,,
S1_futsal_C1_20260724_074934_f000805.jpg,S1_futsal_C1_20260724_074934,C1_sizesweep_low,,blur_moderate,692.48,329.69,40.6,25.23,32.0,medium,75,0,none,0,,,
S1_futsal_C1_20260724_074934_f000812.jpg,S1_futsal_C1_20260724_074934,C1_sizesweep_low,,blur_moderate,691.48,329.09,41.55,25.46,32.52,medium,75,0,none,0,,,
S1_futsal_C1_20260724_074934_f000819.jpg,S1_futsal_C1_20260724_074934,C1_sizesweep_low,,blur_moderate,691.34,329.18,40.71,25.42,32.17,medium,75,0,none,0,,,
S1_futsal_C1_20260724_074934_f000826.jpg,S1_futsal_C1_20260724_074934,C1_sizesweep_low,,blur_moderate,690.93,329.94,39.79,25.03,31.56,small,75,0,none,0,,,
S1_futsal_C1_20260724_074934_f000833.jpg,S1_futsal_C1_20260724_074934,C1_sizesweep_low,,blur_moderate,689.76,330.71,40.24,24.27,31.25,small,76,0,none,0,,,
S1_futsal_C1_20260724_074934_f000840.jpg,S1_futsal_C1_20260724_074934,C1_sizesweep_low,,blur_moderate,687.65,337.67,42.24,25.4,32.76,medium,79,0,none,0,,,
S1_futsal_C1_20260724_074934_f000847.jpg,S1_futsal_C1_20260724_074934,C1_sizesweep_low,,blur_moderate,684.17,340.2,44.0,26.74,34.3,medium,80,0,none,0,,,
S1_futsal_C1_20260724_074934_f000854.jpg,S1_futsal_C1_20260724_074934,C1_sizesweep_low,,blur_moderate,684.07,348.82,42.92,24.65,32.52,medium,88,0,none,0,,,
S1_futsal_C1_20260724_074934_f000861.jpg,S1_futsal_C1_20260724_074934,C1_sizesweep_low,,blur_moderate,685.12,357.27,42.75,26.01,33.35,medium,89,0,none,0,,,
S1_futsal_C1_20260724_074934_f000868.jpg,S1_futsal_C1_20260724_074934,C1_sizesweep_low,,blur_moderate,685.73,364.31,43.23,25.58,33.25,medium,92,0,none,0,,,
S1_futsal_C1_20260724_074934_f000875.jpg,S1_futsal_C1_20260724_074934,C1_sizesweep_low,,blur_moderate,685.01,377.31,43.13,26.45,33.77,medium,99,0,none,0,,,
S1_futsal_C1_20260724_074934_f000882.jpg,S1_futsal_C1_20260724_074934,C1_sizesweep_low,,blur_moderate,684.9,387.38,42.08,27.57,34.06,medium,103,0,none,0,,,
S1_futsal_C1_20260724_074934_f000889.jpg,S1_futsal_C1_20260724_074934,C1_sizesweep_low,,blur_moderate,684.72,390.15,39.45,27.71,33.06,medium,106,0,none,0,,,
S1_futsal_C1_20260724_074934_f000896.jpg,S1_futsal_C1_20260724_074934,C1_sizesweep_low,,blur_moderate,683.28,390.49,40.19,27.47,33.22,medium,105,0,none,0,,,
S1_futsal_C1_20260724_074934_f000903.jpg,S1_futsal_C1_20260724_074934,C1_sizesweep_low,,blur_heavy,682.43,399.06,40.53,27.09,33.14,medium,106,0,none,0,,,
S1_futsal_C1_20260724_074934_f000910.jpg,S1_futsal_C1_20260724_074934,C1_sizesweep_low,,blur_moderate,682.09,415.11,41.18,28.36,34.18,medium,111,0,none,0,,,
S1_futsal_C1_20260724_074934_f000917.jpg,S1_futsal_C1_20260724_074934,C1_sizesweep_low,,blur_heavy,682.83,428.58,40.45,26.72,32.88,medium,117,0,none,0,,,
S1_futsal_C1_20260724_074934_f000924.jpg,S1_futsal_C1_20260724_074934,C1_sizesweep_low,,blur_heavy,682.93,423.37,41.78,27.36,33.81,medium,119,0,none,0,,,
S1_futsal_C1_20260724_074934_f000931.jpg,S1_futsal_C1_20260724_074934,C1_sizesweep_low,,blur_heavy,683.44,432.57,40.02,28.12,33.55,medium,121,0,none,0,,,
S1_futsal_C1_20260724_074934_f000938.jpg,S1_futsal_C1_20260724_074934,C1_sizesweep_low,,blur_heavy,682.87,447.45,41.28,30.01,35.2,medium,126,0,none,0,,,
S1_futsal_C1_20260724_074934_f000945.jpg,S1_futsal_C1_20260724_074934,C1_sizesweep_low,,blur_moderate,684.96,459.78,40.33,32.31,36.1,medium,133,0,none,0,,,
S1_futsal_C1_20260724_074934_f000952.jpg,S1_futsal_C1_20260724_074934,C1_sizesweep_low,,blur_heavy,685.16,459.67,39.68,27.54,33.06,medium,139,0,none,0,,,
S1_futsal_C1_20260724_074934_f000959.jpg,S1_futsal_C1_20260724_074934,C1_sizesweep_low,,blur_heavy,683.7,472.69,40.3,28.35,33.8,medium,144,0,none,0,,,
S1_futsal_C1_20260724_074934_f000966.jpg,S1_futsal_C1_20260724_074934,C1_sizesweep_low,,blur_heavy,682.83,467.74,40.53,29.43,34.54,medium,144,0,none,0,,,
S1_futsal_C1_20260724_074934_f000973.jpg,S1_futsal_C1_20260724_074934,C1_sizesweep_low,,blur_moderate,681.1,480.88,41.09,29.15,34.61,medium,151,0,none,0,,,
S1_futsal_C1_20260724_074934_f000980.jpg,S1_futsal_C1_20260724_074934,C1_sizesweep_low,,blur_heavy,680.76,488.33,38.62,29.26,33.62,medium,153,0,none,0,,,
S1_futsal_C1_20260724_074934_f000987.jpg,S1_futsal_C1_20260724_074934,C1_sizesweep_low,,blur_moderate,677.6,483.51,42.0,30.74,35.93,medium,151,0,none,0,,,
S1_futsal_C1_20260724_074934_f000994.jpg,S1_futsal_C1_20260724_074934,C1_sizesweep_low,,blur_moderate,674.54,481.09,41.67,29.4,35.01,medium,148,0,none,0,,,
S1_futsal_C1_20260724_074934_f001001.jpg,S1_futsal_C1_20260724_074934,C1_sizesweep_low,,blur_heavy,672.17,472.05,40.61,30.42,35.15,medium,148,0,none,0,,,
S1_futsal_C1_20260724_074934_f001008.jpg,S1_futsal_C1_20260724_074934,C1_sizesweep_low,,blur_heavy,670.84,470.9,42.01,30.74,35.94,medium,148,0,none,0,,,
S1_futsal_C1_20260724_074934_f001015.jpg,S1_futsal_C1_20260724_074934,C1_sizesweep_low,,blur_heavy,668.72,472.62,41.49,30.38,35.51,medium,149,0,none,0,,,
S1_futsal_C1_20260724_074934_f001022.jpg,S1_futsal_C1_20260724_074934,C1_sizesweep_low,,blur_moderate,669.4,471.64,39.15,29.15,33.78,medium,149,0,none,0,,,
S1_futsal_C1_20260724_074934_f001029.jpg,S1_futsal_C1_20260724_074934,C1_sizesweep_low,,blur_heavy,668.28,470.76,38.83,29.01,33.56,medium,149,0,none,0,,,
S1_futsal_C1_20260724_074934_f001036.jpg,S1_futsal_C1_20260724_074934,C1_sizesweep_low,,blur_heavy,666.56,469.41,39.75,29.17,34.05,medium,150,0,none,0,,,
S1_futsal_C1_20260724_074934_f001043.jpg,S1_futsal_C1_20260724_074934,C1_sizesweep_low,,blur_moderate,666.24,469.13,40.26,29.41,34.41,medium,148,0,none,0,,,
S1_futsal_C1_20260724_074934_f001050.jpg,S1_futsal_C1_20260724_074934,C1_sizesweep_low,,blur_moderate,666.04,469.67,39.47,28.74,33.68,medium,148,0,none,0,,,
S1_futsal_C1_20260724_074934_f001057.jpg,S1_futsal_C1_20260724_074934,C1_sizesweep_low,,blur_moderate,666.59,470.8,40.02,30.31,34.83,medium,149,0,none,0,,,
S1_futsal_C1_20260724_074934_f001064.jpg,S1_futsal_C1_20260724_074934,C1_sizesweep_low,,blur_moderate,667.47,473.06,38.74,30.15,34.17,medium,153,0,none,0,,,
S1_futsal_C1_20260724_074934_f001071.jpg,S1_futsal_C1_20260724_074934,C1_sizesweep_low,,blur_moderate,668.0,475.0,40.0,28.0,33.47,medium,153,0,none,0,,,
S1_futsal_C1_20260724_074934_f001078.jpg,S1_futsal_C1_20260724_074934,C1_sizesweep_low,,blur_heavy,671.89,479.26,41.09,30.36,35.32,medium,153,0,none,0,,,
S1_futsal_C1_20260724_074934_f001085.jpg,S1_futsal_C1_20260724_074934,C1_sizesweep_low,,blur_heavy,674.62,476.58,38.55,28.68,33.26,medium,154,0,none,0,,,
S1_futsal_C1_20260724_074934_f001092.jpg,S1_futsal_C1_20260724_074934,C1_sizesweep_low,,blur_heavy,674.33,481.83,40.82,29.64,34.78,medium,157,0,none,0,,,
S1_futsal_C1_20260724_074934_f001099.jpg,S1_futsal_C1_20260724_074934,C1_sizesweep_low,,blur_heavy,674.83,487.09,41.32,29.77,35.07,medium,158,0,none,0,,,
S1_futsal_C1_20260724_074934_f001106.jpg,S1_futsal_C1_20260724_074934,C1_sizesweep_low,,blur_heavy,675.76,495.54,41.37,30.66,35.61,medium,162,0,none,0,,,
S1_futsal_C1_20260724_074934_f001113.jpg,S1_futsal_C1_20260724_074934,C1_sizesweep_low,,blur_heavy,677.03,506.27,40.63,30.46,35.18,medium,172,0,none,0,,,
S1_futsal_C1_20260724_074934_f001120.jpg,S1_futsal_C1_20260724_074934,C1_sizesweep_low,,blur_heavy,676.63,508.8,41.33,31.15,35.88,medium,173,0,none,0,,,
S1_futsal_C1_20260724_074934_f001127.jpg,S1_futsal_C1_20260724_074934,C1_sizesweep_low,,blur_heavy,677.13,508.23,39.21,30.57,34.62,medium,171,0,none,0,,,
S1_futsal_C1_20260724_074934_f001134.jpg,S1_futsal_C1_20260724_074934,C1_sizesweep_low,,blur_heavy,676.2,506.35,41.05,29.21,34.63,medium,172,0,none,0,,,
S1_futsal_C1_20260724_074934_f001141.jpg,S1_futsal_C1_20260724_074934,C1_sizesweep_low,,blur_moderate,676.9,505.14,41.15,29.17,34.64,medium,171,0,none,0,,,
S1_futsal_C1_20260724_074934_f001148.jpg,S1_futsal_C1_20260724_074934,C1_sizesweep_low,,blur_moderate,675.0,502.0,40.0,30.0,34.64,medium,170,0,none,0,,5.94,238
S1_futsal_C1_20260724_074934_f001155.jpg,S1_futsal_C1_20260724_074934,C1_sizesweep_low,,blur_moderate,677.0,503.0,39.0,30.0,34.21,medium,169,0,none,0,,,
S1_futsal_C1_20260724_074934_f001162.jpg,S1_futsal_C1_20260724_074934,C1_sizesweep_low,,blur_moderate,679.04,505.11,39.0,29.02,33.65,medium,173,0,none,0,,,
S1_futsal_C1_20260724_074934_f001169.jpg,S1_futsal_C1_20260724_074934,C1_sizesweep_low,,blur_moderate,681.11,504.62,36.69,28.84,32.53,medium,171,0,none,0,,,
S1_futsal_C1_20260724_074934_f001176.jpg,S1_futsal_C1_20260724_074934,C1_sizesweep_low,,blur_moderate,678.0,503.0,37.0,28.0,32.19,medium,170,0,none,0,,,
S1_futsal_C1_20260724_074934_f001183.jpg,S1_futsal_C1_20260724_074934,C1_sizesweep_low,,blur_moderate,675.0,503.0,40.0,28.0,33.47,medium,169,0,none,0,,,
S1_futsal_C1_20260724_074934_f001190.jpg,S1_futsal_C1_20260724_074934,C1_sizesweep_low,,blur_moderate,675.84,504.53,41.41,29.21,34.78,medium,171,0,none,0,,5.87,243
S1_futsal_C1_20260724_074934_f001197.jpg,S1_futsal_C1_20260724_074934,C1_sizesweep_low,,blur_moderate,675.95,505.33,41.1,28.8,34.4,medium,171,0,none,0,,,
S1_futsal_C1_20260724_074934_f001204.jpg,S1_futsal_C1_20260724_074934,C1_sizesweep_low,,blur_moderate,675.0,504.0,37.0,30.0,33.32,medium,171,0,none,0,,,
S1_futsal_C1_20260724_074934_f001211.jpg,S1_futsal_C1_20260724_074934,C1_sizesweep_low,,blur_moderate,674.0,513.0,39.0,31.0,34.77,medium,171,0,none,0,,,
S1_futsal_C1_20260724_074934_f001218.jpg,S1_futsal_C1_20260724_074934,C1_sizesweep_low,,blur_moderate,673.36,515.85,40.06,30.33,34.86,medium,174,0,none,0,,,
S1_futsal_C1_20260724_074934_f001225.jpg,S1_futsal_C1_20260724_074934,C1_sizesweep_low,,blur_heavy,672.89,516.0,40.09,30.02,34.69,medium,173,0,none,0,,,
S1_futsal_C1_20260724_074934_f001232.jpg,S1_futsal_C1_20260724_074934,C1_sizesweep_low,,blur_heavy,672.98,513.73,39.75,31.18,35.2,medium,176,0,none,0,,,
S1_futsal_C1_20260724_074934_f001239.jpg,S1_futsal_C1_20260724_074934,C1_sizesweep_low,,blur_heavy,672.22,513.37,40.85,30.53,35.31,medium,174,0,none,0,,,
S1_futsal_C1_20260724_074934_f001246.jpg,S1_futsal_C1_20260724_074934,C1_sizesweep_low,,blur_heavy,672.71,512.38,40.17,29.56,34.46,medium,173,0,none,0,,,
S1_futsal_C1_20260724_074934_f001253.jpg,S1_futsal_C1_20260724_074934,C1_sizesweep_low,,blur_heavy,674.84,512.21,40.94,29.89,34.98,medium,173,0,none,0,,,
S1_futsal_C1_20260724_074934_f001260.jpg,S1_futsal_C1_20260724_074934,C1_sizesweep_low,,blur_moderate,677.55,512.17,41.44,30.21,35.38,medium,176,0,none,0,,,
S1_futsal_C1_20260724_074934_f001267.jpg,S1_futsal_C1_20260724_074934,C1_sizesweep_low,,,678.29,517.66,40.42,30.01,34.83,medium,175,0,none,0,,,
S1_futsal_C1_20260724_074934_f001274.jpg,S1_futsal_C1_20260724_074934,C1_sizesweep_low,,smear+blur_moderate,678.0,515.0,40.0,30.0,34.64,medium,173,0,none,0,,,
S1_futsal_C1_20260724_074934_f001281.jpg,S1_futsal_C1_20260724_074934,C1_sizesweep_low,,smear+blur_moderate,677.0,511.0,40.0,29.0,34.06,medium,174,0,none,0,,,
S1_futsal_C1_20260724_074934_f001288.jpg,S1_futsal_C1_20260724_074934,C1_sizesweep_low,,smear+blur_moderate,677.0,509.0,39.0,29.0,33.63,medium,172,0,none,0,,,
S1_futsal_C1_20260724_074934_f001295.jpg,S1_futsal_C1_20260724_074934,C1_sizesweep_low,,smear+blur_moderate,673.0,507.0,40.0,30.0,34.64,medium,173,0,none,0,,,
S1_futsal_C1_20260724_074934_f001302.jpg,S1_futsal_C1_20260724_074934,C1_sizesweep_low,,blur_moderate,672.08,508.73,40.4,30.38,35.03,medium,173,0,none,0,,,
S1_futsal_C1_20260724_074934_f001309.jpg,S1_futsal_C1_20260724_074934,C1_sizesweep_low,,blur_moderate,671.88,508.77,40.34,30.33,34.98,medium,170,0,none,0,,,
S1_futsal_C1_20260724_074934_f001316.jpg,S1_futsal_C1_20260724_074934,C1_sizesweep_low,,blur_moderate,669.86,508.37,40.97,31.72,36.05,medium,171,0,none,0,,,
S1_futsal_C1_20260724_074934_f001323.jpg,S1_futsal_C1_20260724_074934,C1_sizesweep_low,,blur_moderate,671.14,509.13,39.64,30.15,34.57,medium,170,0,none,0,,,
S1_futsal_C1_20260724_074934_f001330.jpg,S1_futsal_C1_20260724_074934,C1_sizesweep_low,,blur_moderate,671.13,510.26,41.35,30.64,35.59,medium,172,0,none,0,,,
S1_futsal_C1_20260724_074934_f001337.jpg,S1_futsal_C1_20260724_074934,C1_sizesweep_low,,blur_moderate,671.64,512.09,41.88,32.54,36.91,medium,174,0,none,0,,,
S1_futsal_C1_20260724_074934_f001344.jpg,S1_futsal_C1_20260724_074934,C1_sizesweep_low,,blur_heavy,670.7,515.95,41.14,30.81,35.6,medium,175,0,none,0,,,
S1_futsal_C1_20260724_074934_f001351.jpg,S1_futsal_C1_20260724_074934,C1_sizesweep_low,,blur_moderate,671.57,516.68,40.37,30.18,34.9,medium,175,0,none,0,,,
S1_futsal_C1_20260724_074934_f001358.jpg,S1_futsal_C1_20260724_074934,C1_sizesweep_low,,blur_moderate,669.2,514.48,40.66,31.42,35.74,medium,177,0,none,0,,,
S1_futsal_C1_20260724_074934_f001365.jpg,S1_futsal_C1_20260724_074934,C1_sizesweep_low,,blur_heavy,667.74,513.37,40.9,31.59,35.95,medium,173,0,none,0,,,
S1_futsal_C1_20260724_074934_f001372.jpg,S1_futsal_C1_20260724_074934,C1_sizesweep_low,,blur_moderate,666.04,512.37,40.21,29.79,34.61,medium,175,0,none,0,,,
S1_futsal_C1_20260724_074934_f001379.jpg,S1_futsal_C1_20260724_074934,C1_sizesweep_low,,blur_heavy,662.49,511.52,41.06,29.88,35.03,medium,175,0,none,0,,,
S1_futsal_C1_20260724_074934_f001386.jpg,S1_futsal_C1_20260724_074934,C1_sizesweep_low,,blur_moderate,660.83,510.03,39.67,30.29,34.66,medium,177,0,none,0,,,
S1_futsal_C1_20260724_074934_f001393.jpg,S1_futsal_C1_20260724_074934,C1_sizesweep_low,,blur_heavy,661.26,507.77,38.42,30.83,34.42,medium,174,0,none,0,,,
S1_futsal_C1_20260724_074934_f001400.jpg,S1_futsal_C1_20260724_074934,C1_sizesweep_low,,blur_moderate,666.4,506.93,39.13,28.79,33.57,medium,172,0,none,0,,,
S1_futsal_C1_20260724_074934_f001407.jpg,S1_futsal_C1_20260724_074934,C1_sizesweep_low,,blur_moderate,668.07,504.43,38.45,29.12,33.46,medium,173,0,none,0,,,
S1_futsal_C1_20260724_074934_f001414.jpg,S1_futsal_C1_20260724_074934,C1_sizesweep_low,,blur_moderate,668.6,502.65,39.16,30.38,34.49,medium,170,0,none,0,,,
S1_futsal_C1_20260724_074934_f001421.jpg,S1_futsal_C1_20260724_074934,C1_sizesweep_low,,blur_moderate,668.67,501.04,38.7,30.38,34.29,medium,171,0,none,0,,,
S1_futsal_C1_20260724_074934_f001428.jpg,S1_futsal_C1_20260724_074934,C1_sizesweep_low,,blur_moderate,667.89,503.01,38.73,30.11,34.15,medium,169,0,none,0,,,
S1_futsal_C1_20260724_074934_f001435.jpg,S1_futsal_C1_20260724_074934,C1_sizesweep_low,,,667.81,505.43,38.29,28.56,33.07,medium,173,0,none,0,,6.02,231
S1_futsal_C1_20260724_074934_f001442.jpg,S1_futsal_C1_20260724_074934,C1_sizesweep_low,,,669.02,506.15,38.01,28.68,33.01,medium,172,0,none,0,,,
S1_futsal_C1_20260724_074934_f001449.jpg,S1_futsal_C1_20260724_074934,C1_sizesweep_low,,blur_moderate,669.0,505.0,40.0,30.0,34.64,medium,174,0,none,0,,,
S1_futsal_C1_20260724_074934_f001456.jpg,S1_futsal_C1_20260724_074934,C1_sizesweep_low,,,671.0,505.0,37.0,28.0,32.19,medium,176,0,none,0,,,
S1_futsal_C1_20260724_074934_f001463.jpg,S1_futsal_C1_20260724_074934,C1_sizesweep_low,,,669.0,506.0,39.0,29.0,33.63,medium,172,0,none,0,,,
S1_futsal_C1_20260724_074934_f001470.jpg,S1_futsal_C1_20260724_074934,C1_sizesweep_low,,blur_moderate,669.0,507.0,37.0,29.0,32.76,medium,173,0,none,0,,,
S1_futsal_C1_20260724_074934_f001477.jpg,S1_futsal_C1_20260724_074934,C1_sizesweep_low,,blur_moderate,668.0,510.0,40.0,30.0,34.64,medium,175,0,none,0,,,
S1_futsal_C1_20260724_074934_f001484.jpg,S1_futsal_C1_20260724_074934,C1_sizesweep_low,,,671.0,511.0,40.0,30.0,34.64,medium,179,0,none,0,,5.94,238
S1_futsal_C1_20260724_074934_f001491.jpg,S1_futsal_C1_20260724_074934,C1_sizesweep_low,,,671.0,511.0,40.0,31.0,35.21,medium,178,0,none,0,,,
S1_futsal_C1_20260724_074934_f001498.jpg,S1_futsal_C1_20260724_074934,C1_sizesweep_low,,blur_moderate,672.0,513.0,39.0,29.0,33.63,medium,177,0,none,0,,,
S1_futsal_C1_20260724_074934_f001505.jpg,S1_futsal_C1_20260724_074934,C1_sizesweep_low,,blur_moderate,671.0,511.0,39.0,30.0,34.21,medium,177,0,none,0,,,
S1_futsal_C1_20260724_074934_f001512.jpg,S1_futsal_C1_20260724_074934,C1_sizesweep_low,,blur_moderate,668.0,510.0,39.0,30.0,34.21,medium,175,0,none,0,,,
S1_futsal_C1_20260724_074934_f001519.jpg,S1_futsal_C1_20260724_074934,C1_sizesweep_low,,blur_moderate,668.0,510.0,39.0,30.0,34.21,medium,173,0,none,0,,,
S1_futsal_C1_20260724_074934_f001526.jpg,S1_futsal_C1_20260724_074934,C1_sizesweep_low,,blur_heavy,666.66,512.54,40.18,31.24,35.43,medium,174,0,none,0,,,
S1_futsal_C1_20260724_074934_f001533.jpg,S1_futsal_C1_20260724_074934,C1_sizesweep_low,,blur_heavy,667.34,516.91,40.17,32.12,35.92,medium,174,0,none,0,,,
S1_futsal_C1_20260724_074934_f001540.jpg,S1_futsal_C1_20260724_074934,C1_sizesweep_low,,blur_heavy,673.91,530.87,43.64,32.92,37.9,medium,175,0,none,0,,,
S1_futsal_C1_20260724_074934_f001547.jpg,S1_futsal_C1_20260724_074934,C1_sizesweep_low,,blur_heavy,679.0,540.0,42.0,31.0,36.08,medium,172,0,none,0,,,
S1_futsal_C1_20260724_074934_f001554.jpg,S1_futsal_C1_20260724_074934,C1_sizesweep_low,,blur_heavy,684.0,585.0,49.0,32.0,39.6,medium,175,0,none,0,,5.21,255
S1_futsal_C1_20260724_074934_f001561.jpg,S1_futsal_C1_20260724_074934,C1_sizesweep_low,,blur_heavy,682.0,556.0,49.0,38.0,43.15,medium,175,0,none,0,,,
S1_futsal_C1_20260724_074934_f001568.jpg,S1_futsal_C1_20260724_074934,C1_sizesweep_low,,blur_moderate,684.0,577.0,43.0,32.0,37.09,medium,176,0,none,0,,,
S1_futsal_C1_20260724_074934_f001575.jpg,S1_futsal_C1_20260724_074934,C1_sizesweep_low,,blur_moderate,682.0,601.0,49.0,32.0,39.6,medium,176,0,none,0,,,
S1_futsal_C1_20260724_074934_f001582.jpg,S1_futsal_C1_20260724_074934,C1_sizesweep_low,,blur_moderate,683.0,601.0,46.0,39.0,42.36,medium,176,0,none,0,,,
S1_futsal_C1_20260724_074934_f001589.jpg,S1_futsal_C1_20260724_074934,C1_sizesweep_low,,blur_heavy,669.0,535.0,49.0,38.0,43.15,medium,176,0,none,0,,,
S1_futsal_C1_20260724_074934_f001596.jpg,S1_futsal_C1_20260724_074934,C1_sizesweep_low,,blur_heavy,666.0,527.0,39.0,31.0,34.77,medium,176,0,none,0,,,
S1_futsal_C1_20260724_074934_f001603.jpg,S1_futsal_C1_20260724_074934,C1_sizesweep_low,,blur_heavy,666.57,539.66,40.94,30.41,35.28,medium,174,0,none,0,,,
S1_futsal_C1_20260724_074934_f001610.jpg,S1_futsal_C1_20260724_074934,C1_sizesweep_low,,blur_moderate,666.8,541.91,40.56,33.36,36.79,medium,175,0,none,0,,,
S1_futsal_C1_20260724_074934_f001617.jpg,S1_futsal_C1_20260724_074934,C1_sizesweep_low,,blur_moderate,666.0,545.0,39.0,31.0,34.77,medium,173,0,none,0,,5.38,210
S1_futsal_C1_20260724_074934_f001624.jpg,S1_futsal_C1_20260724_074934,C1_sizesweep_low,,blur_moderate,666.0,549.0,39.0,31.0,34.77,medium,172,0,none,0,,,
S1_futsal_C1_20260724_074934_f001631.jpg,S1_futsal_C1_20260724_074934,C1_sizesweep_low,,blur_moderate,666.0,550.0,39.0,31.0,34.77,medium,172,0,none,0,,,
S1_futsal_C1_20260724_074934_f001638.jpg,S1_futsal_C1_20260724_074934,C1_sizesweep_low,,blur_heavy,663.0,534.0,42.0,31.0,36.08,medium,172,0,none,0,,,
S1_futsal_C1_20260724_074934_f001645.jpg,S1_futsal_C1_20260724_074934,C1_sizesweep_low,,blur_heavy,662.48,533.94,41.13,31.64,36.07,medium,173,0,none,0,,5.50,226
S1_futsal_C1_20260724_074934_f001652.jpg,S1_futsal_C1_20260724_074934,C1_sizesweep_low,,blur_heavy,662.0,534.0,40.0,31.0,35.21,medium,176,0,none,0,,,
S1_futsal_C1_20260724_074934_f001659.jpg,S1_futsal_C1_20260724_074934,C1_sizesweep_low,,blur_heavy,662.0,535.0,40.0,33.0,36.33,medium,176,0,none,0,,5.50,220
S1_futsal_C1_20260724_074934_f001666.jpg,S1_futsal_C1_20260724_074934,C1_sizesweep_low,,blur_heavy,664.0,562.0,43.0,31.0,36.51,medium,174,0,none,0,,,
S1_futsal_C1_20260724_074934_f001673.jpg,S1_futsal_C1_20260724_074934,C1_sizesweep_low,,blur_heavy,673.0,549.0,40.0,31.0,35.21,medium,175,0,none,0,,5.44,218
S1_futsal_C1_20260724_074934_f001680.jpg,S1_futsal_C1_20260724_074934,C1_sizesweep_low,,blur_heavy,690.0,536.0,36.0,27.0,31.18,small,175,0,none,0,,,
S1_futsal_C1_20260724_074934_f001687.jpg,S1_futsal_C1_20260724_074934,C1_sizesweep_low,,blur_heavy,700.0,554.0,43.0,31.0,36.51,medium,175,0,none,0,,,
S1_futsal_C1_20260724_074934_f001694.jpg,S1_futsal_C1_20260724_074934,C1_sizesweep_low,,blur_heavy,712.0,558.0,43.0,31.0,36.51,medium,175,0,none,0,,,
S1_futsal_C1_20260724_074934_f001701.jpg,S1_futsal_C1_20260724_074934,C1_sizesweep_low,,blur_heavy,723.0,549.0,34.0,23.0,27.96,small,173,0,none,0,,,
S1_futsal_C1_20260724_074934_f001708.jpg,S1_futsal_C1_20260724_074934,C1_sizesweep_low,,blur_heavy,738.0,563.0,45.0,31.0,37.35,medium,172,0,none,0,,,
S1_futsal_C1_20260724_074934_f001715.jpg,S1_futsal_C1_20260724_074934,C1_sizesweep_low,,blur_heavy,761.0,536.0,34.0,27.0,30.3,small,175,0,none,0,,,
S1_futsal_C1_20260724_074934_f001722.jpg,S1_futsal_C1_20260724_074934,C1_sizesweep_low,,blur_heavy,779.0,540.0,39.0,29.0,33.63,medium,174,0,none,0,,,
S1_futsal_C1_20260724_074934_f001729.jpg,S1_futsal_C1_20260724_074934,C1_sizesweep_low,,blur_heavy,798.0,546.0,39.0,24.0,30.59,small,178,0,none,0,,,
S1_futsal_C1_20260724_074934_f001736.jpg,S1_futsal_C1_20260724_074934,C1_sizesweep_low,,blur_heavy,812.0,569.0,39.0,27.0,32.45,medium,175,0,none,0,,5.87,229
S1_futsal_C1_20260724_074934_f001743.jpg,S1_futsal_C1_20260724_074934,C1_sizesweep_low,,blur_heavy,812.0,544.0,39.0,27.0,32.45,medium,174,0,none,0,,,
S1_futsal_C1_20260724_074934_f001750.jpg,S1_futsal_C1_20260724_074934,C1_sizesweep_low,,blur_heavy,810.0,539.0,37.0,23.0,29.17,small,175,0,none,0,,5.91,219
S1_futsal_C1_20260724_074934_f001757.jpg,S1_futsal_C1_20260724_074934,C1_sizesweep_low,,blur_heavy,803.0,526.0,46.0,31.0,37.76,medium,179,0,none,0,,,
S1_futsal_C1_20260724_074934_f001764.jpg,S1_futsal_C1_20260724_074934,C1_sizesweep_low,,blur_heavy,801.0,523.0,46.0,30.0,37.15,medium,175,0,none,0,,,
S1_futsal_C1_20260724_074934_f001771.jpg,S1_futsal_C1_20260724_074934,C1_sizesweep_low,,blur_heavy,800.0,521.0,46.0,30.0,37.15,medium,174,0,none,0,,,
S1_futsal_C1_20260724_074934_f001778.jpg,S1_futsal_C1_20260724_074934,C1_sizesweep_low,,blur_heavy,800.0,527.0,46.0,30.0,37.15,medium,175,0,none,0,,,
S1_futsal_C1_20260724_074934_f001785.jpg,S1_futsal_C1_20260724_074934,C1_sizesweep_low,,blur_heavy,803.0,533.0,46.0,30.0,37.15,medium,175,0,none,0,,5.91,272
S1_futsal_C1_20260724_074934_f001792.jpg,S1_futsal_C1_20260724_074934,C1_sizesweep_low,,blur_heavy,803.0,538.0,46.0,30.0,37.15,medium,175,0,none,0,,,
S1_futsal_C1_20260724_074934_f001799.jpg,S1_futsal_C1_20260724_074934,C1_sizesweep_low,,blur_heavy,803.0,531.0,39.0,29.0,33.63,medium,175,0,none,0,,,
S1_futsal_C1_20260724_074934_f001806.jpg,S1_futsal_C1_20260724_074934,C1_sizesweep_low,,blur_moderate,804.0,553.0,52.0,31.0,40.15,medium,174,0,none,0,,,
S1_futsal_C1_20260724_074934_f001813.jpg,S1_futsal_C1_20260724_074934,C1_sizesweep_low,,blur_moderate,797.0,547.0,48.0,29.0,37.31,medium,173,0,none,0,,,
S1_futsal_C1_20260724_074934_f001820.jpg,S1_futsal_C1_20260724_074934,C1_sizesweep_low,,blur_heavy,798.0,528.0,39.0,23.0,29.95,small,173,0,none,0,,,
S1_futsal_C1_20260724_074934_f001827.jpg,S1_futsal_C1_20260724_074934,C1_sizesweep_low,,blur_heavy,797.0,536.0,46.0,30.0,37.15,medium,173,0,none,0,,,
S1_futsal_C1_20260724_074934_f001834.jpg,S1_futsal_C1_20260724_074934,C1_sizesweep_low,,blur_moderate,797.0,534.0,46.0,30.0,37.15,medium,173,0,none,0,,,
S1_futsal_C1_20260724_074934_f001841.jpg,S1_futsal_C1_20260724_074934,C1_sizesweep_low,,blur_moderate,797.0,533.0,46.0,30.0,37.15,medium,176,0,none,0,,5.73,264
S1_futsal_C1_20260724_074934_f001848.jpg,S1_futsal_C1_20260724_074934,C1_sizesweep_low,,blur_heavy,793.0,528.0,48.0,38.0,42.71,medium,173,0,none,0,,,
S1_futsal_C1_20260724_074934_f001855.jpg,S1_futsal_C1_20260724_074934,C1_sizesweep_low,,blur_moderate,792.0,539.0,45.0,30.0,36.74,medium,172,0,none,0,,,
S1_futsal_C1_20260724_074934_f001862.jpg,S1_futsal_C1_20260724_074934,C1_sizesweep_low,,blur_heavy,794.0,537.0,39.0,27.0,32.45,medium,175,0,none,0,,5.73,223
S1_futsal_C1_20260724_074934_f001869.jpg,S1_futsal_C1_20260724_074934,C1_sizesweep_low,,anchor+blur_moderate,797.0,548.0,39.0,23.0,29.95,small,173,0,none,0,,,
S1_futsal_C1_20260724_074934_f001876.jpg,S1_futsal_C1_20260724_074934,C1_sizesweep_low,,anchor+blur_moderate,800.0,558.0,39.0,24.0,30.59,small,174,0,none,0,,5.60,218
S1_futsal_C1_20260724_074934_f001883.jpg,S1_futsal_C1_20260724_074934,C1_sizesweep_low,,anchor+blur_moderate,803.0,562.0,39.0,27.0,32.45,medium,177,0,none,0,,5.77,225
S1_futsal_C1_20260724_074934_f001890.jpg,S1_futsal_C1_20260724_074934,C1_sizesweep_low,,anchor+blur_moderate,803.0,556.0,40.0,27.0,32.86,medium,178,0,none,0,,,
S1_futsal_C1_20260724_074934_f001897.jpg,S1_futsal_C1_20260724_074934,C1_sizesweep_low,,anchor+blur_moderate,805.0,555.0,37.0,23.0,29.17,small,175,0,none,0,,,
S1_futsal_C1_20260724_074934_f001904.jpg,S1_futsal_C1_20260724_074934,C1_sizesweep_low,,anchor+blur_moderate,805.0,555.0,37.0,24.0,29.8,small,178,0,none,0,,,
S1_futsal_C1_20260724_074934_f001911.jpg,S1_futsal_C1_20260724_074934,C1_sizesweep_low,,anchor+blur_moderate,804.0,560.0,37.0,27.0,31.61,small,178,0,none,0,,,
S1_futsal_C1_20260724_074934_f001918.jpg,S1_futsal_C1_20260724_074934,C1_sizesweep_low,,anchor+blur_moderate,801.0,556.0,39.0,29.0,33.63,medium,176,0,none,0,,,
S1_futsal_C1_20260724_074934_f001925.jpg,S1_futsal_C1_20260724_074934,C1_sizesweep_low,,anchor+blur_heavy,797.0,547.0,39.0,23.0,29.95,small,174,0,none,0,,,
S1_futsal_C1_20260724_074934_f001932.jpg,S1_futsal_C1_20260724_074934,C1_sizesweep_low,,anchor+blur_heavy,794.0,530.0,39.0,23.0,29.95,small,174,0,none,0,,,
S1_futsal_C1_20260724_074934_f001939.jpg,S1_futsal_C1_20260724_074934,C1_sizesweep_low,,anchor+blur_heavy,795.0,516.0,37.0,23.0,29.17,small,175,0,none,0,,,
S1_futsal_C1_20260724_074934_f001946.jpg,S1_futsal_C1_20260724_074934,C1_sizesweep_low,,anchor+blur_heavy,787.0,529.0,46.0,30.0,37.15,medium,172,0,none,0,,,
S1_futsal_C1_20260724_074934_f001953.jpg,S1_futsal_C1_20260724_074934,C1_sizesweep_low,,anchor+blur_moderate,787.0,529.0,46.0,30.0,37.15,medium,174,0,none,0,,,
S1_futsal_C1_20260724_074934_f001960.jpg,S1_futsal_C1_20260724_074934,C1_sizesweep_low,,anchor+blur_heavy,786.0,522.0,43.0,28.0,34.7,medium,176,0,none,0,,,
S1_futsal_C1_20260724_074934_f001967.jpg,S1_futsal_C1_20260724_074934,C1_sizesweep_low,,anchor+blur_heavy,786.0,516.0,46.0,31.0,37.76,medium,174,0,none,0,,,
S1_futsal_C1_20260724_074934_f001974.jpg,S1_futsal_C1_20260724_074934,C1_sizesweep_low,,anchor+blur_heavy,786.0,511.0,46.0,31.0,37.76,medium,173,0,none,0,,,
S1_futsal_C1_20260724_074934_f001981.jpg,S1_futsal_C1_20260724_074934,C1_sizesweep_low,,anchor+blur_heavy,785.0,510.0,45.0,30.0,36.74,medium,174,0,none,0,,,
S1_futsal_C1_20260724_074934_f001988.jpg,S1_futsal_C1_20260724_074934,C1_sizesweep_low,,anchor+blur_moderate,780.0,508.0,45.0,31.0,37.35,medium,172,0,none,0,,,
S1_futsal_C1_20260724_074934_f001995.jpg,S1_futsal_C1_20260724_074934,C1_sizesweep_low,,anchor+blur_moderate,776.0,509.0,43.0,29.0,35.31,medium,176,0,none,0,,6.06,261
S1_futsal_C1_20260724_074934_f002002.jpg,S1_futsal_C1_20260724_074934,C1_sizesweep_low,,anchor+blur_moderate,774.0,510.0,45.0,29.0,36.12,medium,175,0,none,0,,,
S1_futsal_C1_20260724_074934_f002009.jpg,S1_futsal_C1_20260724_074934,C1_sizesweep_low,,blur_moderate,771.83,511.35,45.64,29.85,36.91,medium,173,0,none,0,,5.91,270
S1_futsal_C1_20260724_074934_f002016.jpg,S1_futsal_C1_20260724_074934,C1_sizesweep_low,,blur_moderate,772.13,512.56,46.56,29.65,37.15,medium,175,0,none,0,,,
S1_futsal_C1_20260724_074934_f002023.jpg,S1_futsal_C1_20260724_074934,C1_sizesweep_low,,blur_moderate,773.92,511.02,46.5,30.69,37.78,medium,174,0,none,0,,,
S1_futsal_C1_20260724_074934_f002030.jpg,S1_futsal_C1_20260724_074934,C1_sizesweep_low,,blur_moderate,775.74,512.15,45.94,29.71,36.95,medium,174,0,none,0,,,
S1_futsal_C1_20260724_074934_f002037.jpg,S1_futsal_C1_20260724_074934,C1_sizesweep_low,,blur_moderate,776.39,512.65,45.44,29.38,36.53,medium,172,0,none,0,,,
S1_futsal_C1_20260724_074934_f002044.jpg,S1_futsal_C1_20260724_074934,C1_sizesweep_low,,blur_moderate,778.24,512.41,42.84,29.87,35.78,medium,174,0,none,0,,,
S1_futsal_C1_20260724_074934_f002051.jpg,S1_futsal_C1_20260724_074934,C1_sizesweep_low,,blur_moderate,776.04,511.71,44.87,29.17,36.18,medium,176,0,none,0,,,
S1_futsal_C1_20260724_074934_f002058.jpg,S1_futsal_C1_20260724_074934,C1_sizesweep_low,,blur_moderate,776.22,510.22,44.61,30.47,36.87,medium,176,0,none,0,,,
S1_futsal_C1_20260724_074934_f002065.jpg,S1_futsal_C1_20260724_074934,C1_sizesweep_low,,,775.0,510.0,43.0,30.0,35.92,medium,176,0,none,0,,6.09,262
S1_futsal_C1_20260724_074934_f002072.jpg,S1_futsal_C1_20260724_074934,C1_sizesweep_low,,,774.0,509.0,43.0,29.0,35.31,medium,175,0,none,0,,,
S1_futsal_C1_20260724_074934_f002079.jpg,S1_futsal_C1_20260724_074934,C1_sizesweep_low,,,771.0,510.0,45.0,30.0,36.74,medium,174,0,none,0,,,
S1_futsal_C1_20260724_074934_f002086.jpg,S1_futsal_C1_20260724_074934,C1_sizesweep_low,,,771.0,510.0,43.0,30.0,35.92,medium,170,0,none,0,,,
S1_futsal_C1_20260724_074934_f002093.jpg,S1_futsal_C1_20260724_074934,C1_sizesweep_low,,,771.0,510.0,45.0,30.0,36.74,medium,173,0,none,0,,,
S1_futsal_C1_20260724_074934_f002100.jpg,S1_futsal_C1_20260724_074934,C1_sizesweep_low,,,772.75,510.64,43.97,29.64,36.1,medium,173,0,none,0,,,
S1_futsal_C1_20260724_074934_f002107.jpg,S1_futsal_C1_20260724_074934,C1_sizesweep_low,,,772.48,510.59,44.49,29.71,36.36,medium,175,0,none,0,,,
S1_futsal_C1_20260724_074934_f002114.jpg,S1_futsal_C1_20260724_074934,C1_sizesweep_low,,,771.0,510.0,43.0,29.0,35.31,medium,176,0,none,0,,,
S1_futsal_C1_20260724_074934_f002121.jpg,S1_futsal_C1_20260724_074934,C1_sizesweep_low,,,770.0,510.0,45.0,29.0,36.12,medium,175,0,none,0,,,
S1_futsal_C1_20260724_074934_f002128.jpg,S1_futsal_C1_20260724_074934,C1_sizesweep_low,,,770.0,510.0,45.0,29.0,36.12,medium,176,0,none,0,,5.94,267
S1_futsal_C1_20260724_074934_f002135.jpg,S1_futsal_C1_20260724_074934,C1_sizesweep_low,,,770.0,513.0,43.0,29.0,35.31,medium,176,0,none,0,,,
S1_futsal_C1_20260724_074934_f002142.jpg,S1_futsal_C1_20260724_074934,C1_sizesweep_low,,,770.0,511.0,43.0,30.0,35.92,medium,176,0,none,0,,,
S1_futsal_C1_20260724_074934_f002149.jpg,S1_futsal_C1_20260724_074934,C1_sizesweep_low,,,771.78,510.29,45.77,30.89,37.6,medium,173,0,none,0,,,
S1_futsal_C1_20260724_074934_f002156.jpg,S1_futsal_C1_20260724_074934,C1_sizesweep_low,,,774.39,511.71,44.98,29.69,36.54,medium,175,0,none,0,,,
S1_futsal_C1_20260724_074934_f002163.jpg,S1_futsal_C1_20260724_074934,C1_sizesweep_low,,,776.0,513.0,45.0,31.0,37.35,medium,174,0,none,0,,,
S1_futsal_C1_20260724_074934_f002170.jpg,S1_futsal_C1_20260724_074934,C1_sizesweep_low,,,773.0,518.0,46.0,31.0,37.76,medium,173,0,none,0,,,
S1_futsal_C1_20260724_074934_f002177.jpg,S1_futsal_C1_20260724_074934,C1_sizesweep_low,,,770.0,517.0,46.0,31.0,37.76,medium,175,0,none,0,,,
S1_futsal_C1_20260724_074934_f002184.jpg,S1_futsal_C1_20260724_074934,C1_sizesweep_low,,,770.0,517.0,46.0,31.0,37.76,medium,171,0,none,0,,,
S1_futsal_C1_20260724_074934_f002191.jpg,S1_futsal_C1_20260724_074934,C1_sizesweep_low,,blur_moderate,768.0,517.0,45.0,31.0,37.35,medium,175,0,none,0,,,
S1_futsal_C1_20260724_074934_f002198.jpg,S1_futsal_C1_20260724_074934,C1_sizesweep_low,,blur_moderate,765.0,517.0,45.0,31.0,37.35,medium,174,0,none,0,,,
S1_futsal_C1_20260724_074934_f002205.jpg,S1_futsal_C1_20260724_074934,C1_sizesweep_low,,,762.0,518.0,45.0,31.0,37.35,medium,172,0,none,0,,5.77,260
S1_futsal_C1_20260724_074934_f002212.jpg,S1_futsal_C1_20260724_074934,C1_sizesweep_low,,,763.03,520.38,45.18,30.01,36.82,medium,177,0,none,0,,5.84,264
S1_futsal_C1_20260724_074934_f002219.jpg,S1_futsal_C1_20260724_074934,C1_sizesweep_low,,,766.68,519.4,45.58,30.49,37.28,medium,173,0,none,0,,5.73,261
S1_futsal_C1_20260724_074934_f002226.jpg,S1_futsal_C1_20260724_074934,C1_sizesweep_low,,blur_moderate,767.0,516.0,43.0,29.0,35.31,medium,176,0,none,0,,,
S1_futsal_C1_20260724_074934_f002233.jpg,S1_futsal_C1_20260724_074934,C1_sizesweep_low,,blur_moderate,756.0,515.0,43.0,31.0,36.51,medium,173,0,none,0,,,
S1_futsal_C1_20260724_074934_f002240.jpg,S1_futsal_C1_20260724_074934,C1_sizesweep_low,,,738.69,515.64,44.99,31.02,37.35,medium,173,0,none,0,,,
S1_futsal_C1_20260724_074934_f002247.jpg,S1_futsal_C1_20260724_074934,C1_sizesweep_low,,,724.0,515.0,43.0,31.0,36.51,medium,172,0,none,0,,,
S1_futsal_C1_20260724_074934_f002254.jpg,S1_futsal_C1_20260724_074934,C1_sizesweep_low,,blur_moderate,717.2,517.37,44.52,29.53,36.26,medium,173,0,none,0,,,
S1_futsal_C1_20260724_074934_f002261.jpg,S1_futsal_C1_20260724_074934,C1_sizesweep_low,,,720.0,516.0,43.0,30.0,35.92,medium,172,0,none,0,,,
S1_futsal_C1_20260724_074934_f002268.jpg,S1_futsal_C1_20260724_074934,C1_sizesweep_low,,,724.0,518.0,42.0,30.0,35.5,medium,173,0,none,0,,,
S1_futsal_C1_20260724_074934_f002275.jpg,S1_futsal_C1_20260724_074934,C1_sizesweep_low,,blur_heavy,724.0,520.0,43.0,30.0,35.92,medium,174,0,none,0,,,
S1_futsal_C1_20260724_074934_f002282.jpg,S1_futsal_C1_20260724_074934,C1_sizesweep_low,,blur_moderate,725.0,523.0,46.0,30.0,37.15,medium,176,0,none,0,,,
S1_futsal_C1_20260724_074934_f002289.jpg,S1_futsal_C1_20260724_074934,C1_sizesweep_low,,blur_heavy,735.0,527.0,48.0,31.0,38.57,medium,173,0,none,0,,,
S1_futsal_C1_20260724_074934_f002296.jpg,S1_futsal_C1_20260724_074934,C1_sizesweep_low,,,743.49,530.93,50.93,34.45,41.89,medium,173,0,none,0,,5.23,266
S1_futsal_C1_20260724_074934_f002303.jpg,S1_futsal_C1_20260724_074934,C1_sizesweep_low,,,752.0,538.0,49.0,32.0,39.6,medium,173,0,none,0,,4.96,243
S1_futsal_C1_20260724_074934_f002310.jpg,S1_futsal_C1_20260724_074934,C1_sizesweep_low,,,762.0,542.0,43.0,33.0,37.67,medium,172,0,none,0,,,
S1_futsal_C1_20260724_074934_f002317.jpg,S1_futsal_C1_20260724_074934,C1_sizesweep_low,,blur_moderate,771.0,582.0,51.0,34.0,41.64,medium,172,0,none,0,,,
S1_futsal_C1_20260724_074934_f002324.jpg,S1_futsal_C1_20260724_074934,C1_sizesweep_low,,blur_heavy,770.0,547.0,52.0,34.0,42.05,medium,172,0,none,0,,,
S1_futsal_C1_20260724_074934_f002331.jpg,S1_futsal_C1_20260724_074934,C1_sizesweep_low,,blur_moderate,769.0,545.0,55.0,42.0,48.06,medium,172,0,none,0,,,
S1_futsal_C1_20260724_074934_f002338.jpg,S1_futsal_C1_20260724_074934,C1_sizesweep_low,,blur_moderate,769.8,549.5,51.37,35.44,42.67,medium,172,0,none,0,,4.79,246
S1_futsal_C1_20260724_074934_f002345.jpg,S1_futsal_C1_20260724_074934,C1_sizesweep_low,,blur_moderate,769.33,550.46,51.33,36.07,43.03,medium,174,0,none,0,,4.91,252
S1_futsal_C1_20260724_074934_f002352.jpg,S1_futsal_C1_20260724_074934,C1_sizesweep_low,,blur_moderate,769.0,552.0,49.0,34.0,40.82,medium,175,0,none,0,,4.81,236
S1_futsal_C1_20260724_074934_f002359.jpg,S1_futsal_C1_20260724_074934,C1_sizesweep_low,,blur_moderate,756.0,549.0,49.0,34.0,40.82,medium,174,0,none,0,,,
S1_futsal_C1_20260724_074934_f002366.jpg,S1_futsal_C1_20260724_074934,C1_sizesweep_low,,blur_moderate,757.44,547.35,47.56,33.82,40.1,medium,172,0,none,0,,,
S1_futsal_C1_20260724_074934_f002373.jpg,S1_futsal_C1_20260724_074934,C1_sizesweep_low,,blur_moderate,757.0,546.0,49.0,32.0,39.6,medium,175,0,none,0,,,
S1_futsal_C1_20260724_074934_f002380.jpg,S1_futsal_C1_20260724_074934,C1_sizesweep_low,,blur_moderate,756.0,545.0,49.0,31.0,38.97,medium,173,0,none,0,,4.94,242
S1_futsal_C1_20260724_074934_f002387.jpg,S1_futsal_C1_20260724_074934,C1_sizesweep_low,,,756.0,545.0,49.0,32.0,39.6,medium,174,0,none,0,,,
S1_futsal_C1_20260724_074934_f002394.jpg,S1_futsal_C1_20260724_074934,C1_sizesweep_low,,,761.0,544.0,46.0,36.0,40.69,medium,175,0,none,0,,,
S1_futsal_C1_20260724_074934_f002401.jpg,S1_futsal_C1_20260724_074934,C1_sizesweep_low,,,761.0,546.0,46.0,36.0,40.69,medium,172,0,none,0,,,
S1_futsal_C1_20260724_074934_f002408.jpg,S1_futsal_C1_20260724_074934,C1_sizesweep_low,,,767.0,548.0,49.0,41.0,44.82,medium,174,0,none,0,,4.94,242
S1_futsal_C1_20260724_074934_f002415.jpg,S1_futsal_C1_20260724_074934,C1_sizesweep_low,,blur_moderate,762.0,549.0,49.0,33.0,40.21,medium,172,0,none,0,,,
S1_futsal_C1_20260724_074934_f002422.jpg,S1_futsal_C1_20260724_074934,C1_sizesweep_low,,blur_moderate,762.0,550.0,43.0,33.0,37.67,medium,173,0,none,0,,4.86,209
S1_futsal_C1_20260724_074934_f002429.jpg,S1_futsal_C1_20260724_074934,C1_sizesweep_low,,blur_moderate,760.0,553.0,48.0,33.0,39.8,medium,173,0,none,0,,,
S1_futsal_C1_20260724_074934_f002436.jpg,S1_futsal_C1_20260724_074934,C1_sizesweep_low,,blur_moderate,760.01,551.88,49.6,34.57,41.41,medium,172,0,none,0,,4.84,240
S1_futsal_C1_20260724_074934_f002443.jpg,S1_futsal_C1_20260724_074934,C1_sizesweep_low,,blur_moderate,758.0,549.0,49.0,34.0,40.82,medium,173,0,none,0,,,
S1_futsal_C1_20260724_074934_f002450.jpg,S1_futsal_C1_20260724_074934,C1_sizesweep_low,,blur_moderate,757.08,550.45,49.42,35.04,41.61,medium,174,0,none,0,,,
S1_futsal_C1_20260724_074934_f002457.jpg,S1_futsal_C1_20260724_074934,C1_sizesweep_low,,blur_moderate,757.22,550.49,50.62,35.46,42.37,medium,175,0,none,0,,4.94,250
S1_futsal_C1_20260724_074934_f002464.jpg,S1_futsal_C1_20260724_074934,C1_sizesweep_low,,blur_moderate,757.96,551.37,50.19,34.12,41.38,medium,174,0,none,0,,4.94,248
S1_futsal_C1_20260724_074934_f002471.jpg,S1_futsal_C1_20260724_074934,C1_sizesweep_low,,blur_moderate,758.0,549.0,49.0,33.0,40.21,medium,174,0,none,0,,5.07,248
S1_futsal_C1_20260724_074934_f002478.jpg,S1_futsal_C1_20260724_074934,C1_sizesweep_low,,blur_heavy,757.0,548.0,49.0,32.0,39.6,medium,175,0,none,0,,4.94,242
S1_futsal_C1_20260724_074934_f002485.jpg,S1_futsal_C1_20260724_074934,C1_sizesweep_low,,blur_heavy,757.0,547.0,48.0,32.0,39.19,medium,173,0,none,0,,,
S1_futsal_C1_20260724_074934_f002492.jpg,S1_futsal_C1_20260724_074934,C1_sizesweep_low,,blur_moderate,753.84,545.87,50.1,33.67,41.07,medium,174,0,none,0,,5.04,253
S1_futsal_C1_20260724_074934_f002499.jpg,S1_futsal_C1_20260724_074934,C1_sizesweep_low,,,753.0,545.0,49.0,32.0,39.6,medium,172,0,none,0,,,
S1_futsal_C1_20260724_074934_f002506.jpg,S1_futsal_C1_20260724_074934,C1_sizesweep_low,,blur_heavy,753.0,546.0,49.0,31.0,38.97,medium,174,0,none,0,,,
S1_futsal_C1_20260724_074934_f002513.jpg,S1_futsal_C1_20260724_074934,C1_sizesweep_low,,blur_heavy,753.0,546.0,49.0,31.0,38.97,medium,171,0,none,0,,,
S1_futsal_C1_20260724_074934_f002520.jpg,S1_futsal_C1_20260724_074934,C1_sizesweep_low,,blur_moderate,753.0,546.0,49.0,31.0,38.97,medium,171,0,none,0,,,
S1_futsal_C1_20260724_074934_f002527.jpg,S1_futsal_C1_20260724_074934,C1_sizesweep_low,,,754.0,547.0,48.0,32.0,39.19,medium,173,0,none,0,,5.15,247
S1_futsal_C1_20260724_074934_f002534.jpg,S1_futsal_C1_20260724_074934,C1_sizesweep_low,,,756.0,552.0,43.0,31.0,36.51,medium,176,0,none,0,,,
S1_futsal_C1_20260724_074934_f002541.jpg,S1_futsal_C1_20260724_074934,C1_sizesweep_low,,blur_moderate,759.0,561.0,43.0,33.0,37.67,medium,176,0,none,0,,,
S1_futsal_C1_20260724_074934_f002548.jpg,S1_futsal_C1_20260724_074934,C1_sizesweep_low,,,761.0,578.0,46.0,31.0,37.76,medium,174,0,none,0,,,
S1_futsal_C1_20260724_074934_f002555.jpg,S1_futsal_C1_20260724_074934,C1_sizesweep_low,,blur_moderate,765.0,586.0,43.0,31.0,36.51,medium,174,0,none,0,,4.79,206
S1_futsal_C1_20260724_074934_f002562.jpg,S1_futsal_C1_20260724_074934,C1_sizesweep_low,,blur_heavy,761.0,565.0,46.0,36.0,40.69,medium,174,0,none,0,,4.81,221
S1_futsal_C1_20260724_074934_f002569.jpg,S1_futsal_C1_20260724_074934,C1_sizesweep_low,,blur_moderate,760.0,568.0,46.0,33.0,38.96,medium,173,0,none,0,,4.77,219
S1_futsal_C1_20260724_074934_f002576.jpg,S1_futsal_C1_20260724_074934,C1_sizesweep_low,,blur_heavy,756.0,561.0,46.0,38.0,41.81,medium,173,0,none,0,,4.70,216
S1_futsal_C1_20260724_074934_f002583.jpg,S1_futsal_C1_20260724_074934,C1_sizesweep_low,,blur_heavy,756.0,558.0,43.0,36.0,39.34,medium,176,0,none,0,,4.91,211
S1_futsal_C1_20260724_074934_f002590.jpg,S1_futsal_C1_20260724_074934,C1_sizesweep_low,,blur_heavy,752.0,553.0,46.0,36.0,40.69,medium,174,0,none,0,,4.74,218
S1_futsal_C1_20260724_074934_f002597.jpg,S1_futsal_C1_20260724_074934,C1_sizesweep_low,,blur_moderate,748.0,554.0,49.0,36.0,42.0,medium,175,0,none,0,,4.94,242
S1_futsal_C1_20260724_074934_f002604.jpg,S1_futsal_C1_20260724_074934,C1_sizesweep_low,,blur_moderate,744.7,554.41,50.08,34.29,41.44,medium,176,0,none,0,,5.12,256
S1_futsal_C1_20260724_074934_f002611.jpg,S1_futsal_C1_20260724_074934,C1_sizesweep_low,,blur_moderate,741.59,551.98,49.06,34.32,41.03,medium,175,0,none,0,,4.81,236
S1_futsal_C1_20260724_074934_f002618.jpg,S1_futsal_C1_20260724_074934,C1_sizesweep_low,,blur_moderate,741.52,547.79,48.44,33.5,40.28,medium,176,0,none,0,,4.94,239
S1_futsal_C1_20260724_074934_f002625.jpg,S1_futsal_C1_20260724_074934,C1_sizesweep_low,,blur_moderate,740.94,545.64,48.49,34.89,41.13,medium,172,0,none,0,,4.96,241
S1_futsal_C1_20260724_074934_f002632.jpg,S1_futsal_C1_20260724_074934,C1_sizesweep_low,,blur_moderate,741.75,545.5,48.86,34.08,40.81,medium,174,0,none,0,,,
S1_futsal_C1_20260724_074934_f002639.jpg,S1_futsal_C1_20260724_074934,C1_sizesweep_low,,blur_moderate,741.93,545.59,48.77,34.02,40.73,medium,177,0,none,0,,,
S1_futsal_C1_20260724_074934_f002646.jpg,S1_futsal_C1_20260724_074934,C1_sizesweep_low,,,741.42,545.73,48.8,34.3,40.91,medium,175,0,none,0,,4.94,241
S1_futsal_C1_20260724_074934_f002653.jpg,S1_futsal_C1_20260724_074934,C1_sizesweep_low,,,737.0,542.0,49.0,33.0,40.21,medium,176,0,none,0,,,
S1_futsal_C1_20260724_074934_f002660.jpg,S1_futsal_C1_20260724_074934,C1_sizesweep_low,,,738.37,542.03,48.63,33.79,40.54,medium,174,0,none,0,,4.94,240
S1_futsal_C1_20260724_074934_f002667.jpg,S1_futsal_C1_20260724_074934,C1_sizesweep_low,,,738.04,541.84,47.86,33.86,40.26,medium,174,0,none,0,,,
S1_futsal_C1_20260724_074934_f002674.jpg,S1_futsal_C1_20260724_074934,C1_sizesweep_low,,,736.0,541.0,46.0,32.0,38.37,medium,174,0,none,0,,4.96,228
S1_futsal_C1_20260724_074934_f002681.jpg,S1_futsal_C1_20260724_074934,C1_sizesweep_low,,,735.0,541.0,46.0,32.0,38.37,medium,175,0,none,0,,4.94,227
S1_futsal_C1_20260724_074934_f002688.jpg,S1_futsal_C1_20260724_074934,C1_sizesweep_low,,,733.0,541.0,46.0,32.0,38.37,medium,174,0,none,0,,4.94,227
S1_futsal_C1_20260724_074934_f002695.jpg,S1_futsal_C1_20260724_074934,C1_sizesweep_low,,,733.86,541.98,47.92,33.95,40.33,medium,176,0,none,0,,4.94,237
S1_futsal_C1_20260724_074934_f002702.jpg,S1_futsal_C1_20260724_074934,C1_sizesweep_low,,,732.42,542.72,49.14,34.52,41.19,medium,175,0,none,0,,5.21,256
S1_futsal_C1_20260724_074934_f002709.jpg,S1_futsal_C1_20260724_074934,C1_sizesweep_low,,,732.23,543.27,47.43,34.3,40.34,medium,174,0,none,0,,,
S1_futsal_C1_20260724_074934_f002716.jpg,S1_futsal_C1_20260724_074934,C1_sizesweep_low,,,732.42,542.9,46.75,34.32,40.05,medium,174,0,none,0,,4.86,227
S1_futsal_C1_20260724_074934_f002723.jpg,S1_futsal_C1_20260724_074934,C1_sizesweep_low,,,731.0,540.0,46.0,34.0,39.55,medium,175,0,none,0,,,
S1_futsal_C1_20260724_074934_f002730.jpg,S1_futsal_C1_20260724_074934,C1_sizesweep_low,,,732.0,538.0,48.0,33.0,39.8,medium,173,0,none,0,,,
S1_futsal_C1_20260724_074934_f002737.jpg,S1_futsal_C1_20260724_074934,C1_sizesweep_low,,,732.0,538.0,49.0,33.0,40.21,medium,172,0,none,0,,4.86,238
S1_futsal_C1_20260724_074934_f002744.jpg,S1_futsal_C1_20260724_074934,C1_sizesweep_low,,,735.0,540.0,48.0,34.0,40.4,medium,174,0,none,0,,4.86,233
S1_futsal_C1_20260724_074934_f002751.jpg,S1_futsal_C1_20260724_074934,C1_sizesweep_low,,,735.49,541.93,48.51,35.42,41.45,medium,174,0,none,0,,4.84,235
S1_futsal_C1_20260724_074934_f002758.jpg,S1_futsal_C1_20260724_074934,C1_sizesweep_low,,,736.0,542.0,48.0,33.0,39.8,medium,174,0,none,0,,4.77,229
S1_futsal_C1_20260724_074934_f002765.jpg,S1_futsal_C1_20260724_074934,C1_sizesweep_low,,,736.0,543.0,49.0,33.0,40.21,medium,173,0,none,0,,4.84,237
S1_futsal_C1_20260724_074934_f002772.jpg,S1_futsal_C1_20260724_074934,C1_sizesweep_low,,,736.0,543.0,49.0,32.0,39.6,medium,173,0,none,0,,,
S1_futsal_C1_20260724_074934_f002779.jpg,S1_futsal_C1_20260724_074934,C1_sizesweep_low,,,737.0,545.0,49.0,31.0,38.97,medium,173,0,none,0,,4.81,236
S1_futsal_C1_20260724_074934_f002786.jpg,S1_futsal_C1_20260724_074934,C1_sizesweep_low,,,735.0,545.0,49.0,31.0,38.97,medium,175,0,none,0,,5.10,250
S1_futsal_C1_20260724_074934_f002793.jpg,S1_futsal_C1_20260724_074934,C1_sizesweep_low,,,733.93,545.15,50.49,33.28,40.99,medium,175,0,none,0,,4.89,247
S1_futsal_C1_20260724_074934_f002800.jpg,S1_futsal_C1_20260724_074934,C1_sizesweep_low,,,730.0,545.0,48.0,31.0,38.57,medium,175,0,none,0,,,
S1_futsal_C1_20260724_074934_f002807.jpg,S1_futsal_C1_20260724_074934,C1_sizesweep_low,,,726.0,543.0,49.0,33.0,40.21,medium,173,0,none,0,,5.10,250
S1_futsal_C1_20260724_074934_f002814.jpg,S1_futsal_C1_20260724_074934,C1_sizesweep_low,,,724.0,542.0,48.0,33.0,39.8,medium,175,0,none,0,,4.77,229
S1_futsal_C1_20260724_074934_f002821.jpg,S1_futsal_C1_20260724_074934,C1_sizesweep_low,,,724.0,541.0,46.0,33.0,38.96,medium,172,0,none,0,,4.89,225
S1_futsal_C1_20260724_074934_f002828.jpg,S1_futsal_C1_20260724_074934,C1_sizesweep_low,,,722.0,540.0,48.0,34.0,40.4,medium,174,0,none,0,,4.84,232
S1_futsal_C1_20260724_074934_f002835.jpg,S1_futsal_C1_20260724_074934,C1_sizesweep_low,,,722.0,540.0,48.0,33.0,39.8,medium,173,0,none,0,,4.94,237
S1_futsal_C1_20260724_074934_f002842.jpg,S1_futsal_C1_20260724_074934,C1_sizesweep_low,,blur_moderate,652.0,533.0,48.0,32.0,39.19,medium,172,5,none,0,,,
S1_futsal_C1_20260724_074934_f002849.jpg,S1_futsal_C1_20260724_074934,C1_sizesweep_low,,,564.36,529.91,47.01,32.85,39.3,medium,172,11,none,0,,,
S1_futsal_C1_20260724_074934_f002856.jpg,S1_futsal_C1_20260724_074934,C1_sizesweep_low,,,547.1,531.14,47.9,31.57,38.89,medium,172,12,none,0,,,
S1_futsal_C1_20260724_074934_f002863.jpg,S1_futsal_C1_20260724_074934,C1_sizesweep_low,,,540.61,532.6,47.9,31.91,39.1,medium,175,12,none,0,,,
S1_futsal_C1_20260724_074934_f002870.jpg,S1_futsal_C1_20260724_074934,C1_sizesweep_low,,,540.14,534.06,46.15,31.95,38.4,medium,175,12,none,0,,,
S1_futsal_C1_20260724_074934_f002877.jpg,S1_futsal_C1_20260724_074934,C1_sizesweep_low,,,537.21,536.44,45.91,31.67,38.13,medium,173,12,none,0,,,
S1_futsal_C1_20260724_074934_f002884.jpg,S1_futsal_C1_20260724_074934,C1_sizesweep_low,,,537.11,537.13,45.71,32.96,38.81,medium,177,12,none,0,,,
S1_futsal_C1_20260724_074934_f002891.jpg,S1_futsal_C1_20260724_074934,C1_sizesweep_low,,,535.2,536.52,47.1,33.13,39.5,medium,177,12,none,0,,,
S1_futsal_C1_20260724_074934_f002898.jpg,S1_futsal_C1_20260724_074934,C1_sizesweep_low,,,533.16,538.28,48.73,31.45,39.15,medium,174,12,none,0,,,
S1_futsal_C1_20260724_074934_f002905.jpg,S1_futsal_C1_20260724_074934,C1_sizesweep_low,,,534.41,540.31,46.38,31.38,38.15,medium,172,12,none,0,,,
S1_futsal_C1_20260724_074934_f002912.jpg,S1_futsal_C1_20260724_074934,C1_sizesweep_low,,blur_moderate,535.2,546.13,50.97,35.27,42.4,medium,171,12,none,0,,,
S1_futsal_C1_20260724_074934_f002919.jpg,S1_futsal_C1_20260724_074934,C1_sizesweep_low,,,541.2,562.51,52.83,36.76,44.07,medium,171,12,none,0,,,
S1_futsal_C1_20260724_074934_f002926.jpg,S1_futsal_C1_20260724_074934,C1_sizesweep_low,,,545.96,574.34,53.64,38.36,45.36,medium,175,12,none,0,,,
S1_futsal_C1_20260724_074934_f002933.jpg,S1_futsal_C1_20260724_074934,C1_sizesweep_low,,,548.0,581.0,52.0,43.0,47.29,medium,172,12,none,0,,,
S1_futsal_C1_20260724_074934_f002940.jpg,S1_futsal_C1_20260724_074934,C1_sizesweep_low,,,547.0,591.0,61.0,43.0,51.22,medium,171,13,none,0,,,
S1_futsal_C1_20260724_074934_f002947.jpg,S1_futsal_C1_20260724_074934,C1_sizesweep_low,,blur_heavy,540.0,600.0,63.0,37.0,48.28,medium,169,14,none,0,,,
S1_futsal_C1_20260724_074934_f002954.jpg,S1_futsal_C1_20260724_074934,C1_sizesweep_low,,blur_heavy,417.0,599.0,49.0,38.0,43.15,medium,172,21,none,0,,,
S1_futsal_C1_20260724_074934_f002961.jpg,S1_futsal_C1_20260724_074934,C1_sizesweep_low,,blur_moderate,298.84,609.81,55.21,39.18,46.51,medium,177,30,none,0,,,
S1_futsal_C1_20260724_074934_f002968.jpg,S1_futsal_C1_20260724_074934,C1_sizesweep_low,,blur_moderate,262.09,614.36,57.99,40.82,48.66,medium,178,32,none,0,,,
S1_futsal_C1_20260724_074934_f002975.jpg,S1_futsal_C1_20260724_074934,C1_sizesweep_low,,,253.41,615.04,57.27,40.77,48.32,medium,180,32,none,0,,,
S1_futsal_C1_20260724_074934_f002982.jpg,S1_futsal_C1_20260724_074934,C1_sizesweep_low,,,251.41,610.08,57.73,39.68,47.86,medium,179,32,none,0,,,
S1_futsal_C1_20260724_074934_f002989.jpg,S1_futsal_C1_20260724_074934,C1_sizesweep_low,,,250.41,603.62,56.97,39.32,47.33,medium,177,32,none,0,,,
S1_futsal_C1_20260724_074934_f002996.jpg,S1_futsal_C1_20260724_074934,C1_sizesweep_low,,,250.53,600.65,57.99,37.54,46.66,medium,174,32,none,0,,,
S1_futsal_C1_20260724_074934_f003003.jpg,S1_futsal_C1_20260724_074934,C1_sizesweep_low,,,250.54,597.54,58.38,38.95,47.69,medium,172,32,none,0,,,
S1_futsal_C1_20260724_074934_f003010.jpg,S1_futsal_C1_20260724_074934,C1_sizesweep_low,,,250.74,595.0,57.93,38.53,47.24,medium,170,32,none,0,,,
S1_futsal_C1_20260724_074934_f003017.jpg,S1_futsal_C1_20260724_074934,C1_sizesweep_low,,,250.9,594.78,57.64,38.71,47.23,medium,170,32,none,0,,,
S1_futsal_C1_20260724_074934_f003024.jpg,S1_futsal_C1_20260724_074934,C1_sizesweep_low,,,250.02,596.4,57.53,38.06,46.79,medium,170,32,none,0,,,
S1_futsal_C1_20260724_074934_f003031.jpg,S1_futsal_C1_20260724_074934,C1_sizesweep_low,,,250.99,596.94,57.08,40.09,47.84,medium,170,32,none,0,,,
S1_futsal_C1_20260724_074934_f003038.jpg,S1_futsal_C1_20260724_074934,C1_sizesweep_low,,,252.43,602.81,58.01,39.54,47.9,medium,174,32,none,0,,,
S1_futsal_C1_20260724_074934_f003045.jpg,S1_futsal_C1_20260724_074934,C1_sizesweep_low,,,269.43,603.54,59.77,38.88,48.21,medium,173,32,none,0,,,
S1_futsal_C1_20260724_074934_f003052.jpg,S1_futsal_C1_20260724_074934,C1_sizesweep_low,,,288.71,604.62,61.47,40.31,49.78,medium,171,32,none,0,,,
S1_futsal_C1_20260724_074934_f003059.jpg,S1_futsal_C1_20260724_074934,C1_sizesweep_low,,,314.12,607.62,61.25,40.2,49.62,medium,172,32,none,0,,,
S1_futsal_C1_20260724_074934_f003066.jpg,S1_futsal_C1_20260724_074934,C1_sizesweep_low,,,343.82,609.01,63.2,39.38,49.88,medium,171,32,none,0,,,
S1_futsal_C1_20260724_074934_f003073.jpg,S1_futsal_C1_20260724_074934,C1_sizesweep_low,,,386.3,608.95,64.45,40.64,51.18,medium,171,32,none,0,,,
S1_futsal_C1_20260724_074934_f003080.jpg,S1_futsal_C1_20260724_074934,C1_sizesweep_low,,,434.91,611.12,64.42,38.71,49.94,medium,172,32,none,0,,,
S1_futsal_C1_20260724_074934_f003087.jpg,S1_futsal_C1_20260724_074934,C1_sizesweep_low,,,483.24,611.08,67.94,40.64,52.54,medium,173,32,none,0,,,
S1_futsal_C1_20260724_074934_f003094.jpg,S1_futsal_C1_20260724_074934,C1_sizesweep_low,,,531.78,614.69,68.63,40.36,52.63,medium,176,32,none,0,,,
S1_futsal_C1_20260724_074934_f003101.jpg,S1_futsal_C1_20260724_074934,C1_sizesweep_low,,,561.0,615.0,67.0,40.0,51.77,medium,177,32,none,0,,,
S1_futsal_C1_20260724_074934_f003108.jpg,S1_futsal_C1_20260724_074934,C1_sizesweep_low,,,582.0,616.0,67.0,38.0,50.46,medium,178,32,none,0,,,
S1_futsal_C1_20260724_074934_f003115.jpg,S1_futsal_C1_20260724_074934,C1_sizesweep_low,,,597.0,614.0,69.0,40.0,52.54,medium,177,32,none,0,,,
S1_futsal_C1_20260724_074934_f003122.jpg,S1_futsal_C1_20260724_074934,C1_sizesweep_low,,,611.0,650.0,70.0,40.0,52.92,medium,175,32,none,0,,,
S1_futsal_C1_20260724_074934_f003129.jpg,S1_futsal_C1_20260724_074934,C1_sizesweep_low,,,608.0,620.0,67.0,37.0,49.79,medium,179,33,none,0,,,
S1_futsal_C1_20260724_074934_f003136.jpg,S1_futsal_C1_20260724_074934,C1_sizesweep_low,,,606.0,577.0,61.0,32.0,44.18,medium,178,33,none,0,,,
S1_futsal_C1_20260724_074934_f003143.jpg,S1_futsal_C1_20260724_074934,C1_sizesweep_low,,blur_moderate,602.0,543.0,69.0,37.0,50.53,medium,177,32,none,0,,,
S1_futsal_C1_20260724_074934_f003150.jpg,S1_futsal_C1_20260724_074934,C1_sizesweep_low,,blur_moderate,603.0,528.0,55.0,30.0,40.62,medium,178,32,none,0,,,
S1_futsal_C1_20260724_074934_f003157.jpg,S1_futsal_C1_20260724_074934,C1_sizesweep_low,,,602.0,514.0,52.0,29.0,38.83,medium,178,32,none,0,,,
S1_futsal_C1_20260724_074934_f003164.jpg,S1_futsal_C1_20260724_074934,C1_sizesweep_low,,blur_moderate,598.0,507.0,52.0,27.0,37.47,medium,173,32,none,0,,,
S1_futsal_C1_20260724_074934_f003171.jpg,S1_futsal_C1_20260724_074934,C1_sizesweep_low,,,597.0,479.0,52.0,28.0,38.16,medium,174,32,none,0,,,
S1_futsal_C1_20260724_074934_f003178.jpg,S1_futsal_C1_20260724_074934,C1_sizesweep_low,,,600.0,502.0,55.0,30.0,40.62,medium,171,32,none,0,,,
S1_futsal_C1_20260724_074934_f003185.jpg,S1_futsal_C1_20260724_074934,C1_sizesweep_low,,,605.0,515.0,58.0,30.0,41.71,medium,171,32,none,0,,,
S1_futsal_C1_20260724_074934_f003192.jpg,S1_futsal_C1_20260724_074934,C1_sizesweep_low,,blur_heavy,613.0,528.0,58.0,31.0,42.4,medium,169,32,none,0,,,
S1_futsal_C1_20260724_074934_f003199.jpg,S1_futsal_C1_20260724_074934,C1_sizesweep_low,,,620.0,545.0,63.0,31.0,44.19,medium,172,32,none,0,,,
S1_futsal_C1_20260724_074934_f003206.jpg,S1_futsal_C1_20260724_074934,C1_sizesweep_low,,,620.0,554.0,63.0,33.0,45.6,medium,172,32,none,0,,,
S1_futsal_C1_20260724_074934_f003213.jpg,S1_futsal_C1_20260724_074934,C1_sizesweep_low,,,609.0,563.0,63.0,32.0,44.9,medium,176,32,none,0,,,
S1_futsal_C1_20260724_074934_f003220.jpg,S1_futsal_C1_20260724_074934,C1_sizesweep_low,,,591.0,566.0,61.0,34.0,45.54,medium,175,32,none,0,,,
S1_futsal_C1_20260724_074934_f003227.jpg,S1_futsal_C1_20260724_074934,C1_sizesweep_low,,,572.0,572.0,63.0,33.0,45.6,medium,176,32,none,0,,,
S1_futsal_C1_20260724_074934_f003234.jpg,S1_futsal_C1_20260724_074934,C1_sizesweep_low,,,569.0,570.0,61.0,32.0,44.18,medium,176,32,none,0,,,
S1_futsal_C1_20260724_074934_f003241.jpg,S1_futsal_C1_20260724_074934,C1_sizesweep_low,,,573.0,566.0,63.0,34.0,46.28,medium,180,32,none,0,,,
S1_futsal_C1_20260724_074934_f003248.jpg,S1_futsal_C1_20260724_074934,C1_sizesweep_low,,,582.0,563.0,61.0,32.0,44.18,medium,177,32,none,0,,,
S1_futsal_C1_20260724_074934_f003255.jpg,S1_futsal_C1_20260724_074934,C1_sizesweep_low,,,621.0,560.0,63.0,31.0,44.19,medium,176,32,none,0,,,
S1_futsal_C1_20260724_074934_f003262.jpg,S1_futsal_C1_20260724_074934,C1_sizesweep_low,,,660.0,555.0,63.0,32.0,44.9,medium,177,32,none,0,,,
S1_futsal_C1_20260724_074934_f003269.jpg,S1_futsal_C1_20260724_074934,C1_sizesweep_low,,,689.0,551.0,64.0,32.0,45.25,medium,175,32,none,0,,,
S1_futsal_C1_20260724_074934_f003276.jpg,S1_futsal_C1_20260724_074934,C1_sizesweep_low,,,711.0,549.0,63.0,31.0,44.19,medium,176,32,none,0,,,
S1_futsal_C1_20260724_074934_f003283.jpg,S1_futsal_C1_20260724_074934,C1_sizesweep_low,,,726.0,545.0,64.0,31.0,44.54,medium,176,32,none,0,,,
S1_futsal_C1_20260724_074934_f003290.jpg,S1_futsal_C1_20260724_074934,C1_sizesweep_low,,,737.0,538.0,66.0,31.0,45.23,medium,173,32,none,0,,,
S1_futsal_C1_20260724_074934_f003297.jpg,S1_futsal_C1_20260724_074934,C1_sizesweep_low,,,735.0,536.0,63.0,30.0,43.47,medium,176,32,none,0,,,
S1_futsal_C1_20260724_074934_f003304.jpg,S1_futsal_C1_20260724_074934,C1_sizesweep_low,,,723.0,532.0,61.0,31.0,43.49,medium,171,32,none,0,,,
S1_futsal_C1_20260724_074934_f003311.jpg,S1_futsal_C1_20260724_074934,C1_sizesweep_low,,blur_moderate,699.0,528.0,60.0,31.0,43.13,medium,172,34,none,0,,,
S1_futsal_C1_20260724_074934_f003318.jpg,S1_futsal_C1_20260724_074934,C1_sizesweep_low,,blur_heavy,578.0,517.0,58.0,31.0,42.4,medium,172,43,none,0,,,
S1_futsal_C1_20260724_074934_f003325.jpg,S1_futsal_C1_20260724_074934,C1_sizesweep_low,,blur_moderate,542.0,518.0,58.0,30.0,41.71,medium,173,45,none,0,,,
S1_futsal_C1_20260724_074934_f003332.jpg,S1_futsal_C1_20260724_074934,C1_sizesweep_low,,,527.0,518.0,58.0,30.0,41.71,medium,173,45,none,0,,,
S1_futsal_C1_20260724_074934_f003339.jpg,S1_futsal_C1_20260724_074934,C1_sizesweep_low,,,523.0,517.0,58.0,31.0,42.4,medium,172,45,none,0,,,
S1_futsal_C1_20260724_074934_f003346.jpg,S1_futsal_C1_20260724_074934,C1_sizesweep_low,,blur_heavy,521.0,506.0,58.0,31.0,42.4,medium,174,45,none,0,,,
S1_futsal_C1_20260724_074934_f003353.jpg,S1_futsal_C1_20260724_074934,C1_sizesweep_low,,blur_moderate,516.0,483.0,61.0,31.0,43.49,medium,173,46,none,0,,,
S1_futsal_C1_20260724_074934_f003360.jpg,S1_futsal_C1_20260724_074934,C1_sizesweep_low,,,517.0,512.0,60.0,30.0,42.43,medium,175,46,none,0,,,
S1_futsal_C1_20260724_074934_f003367.jpg,S1_futsal_C1_20260724_074934,C1_sizesweep_low,,blur_moderate,512.0,534.0,64.0,31.0,44.54,medium,174,45,none,0,,,
S1_futsal_C1_20260724_074934_f003374.jpg,S1_futsal_C1_20260724_074934,C1_sizesweep_low,,,515.0,547.0,67.0,33.0,47.02,medium,178,45,none,0,,,
S1_futsal_C1_20260724_074934_f003381.jpg,S1_futsal_C1_20260724_074934,C1_sizesweep_low,,blur_heavy,518.0,581.0,70.0,38.0,51.58,medium,176,45,none,0,,,
S1_futsal_C1_20260724_074934_f003388.jpg,S1_futsal_C1_20260724_074934,C1_sizesweep_low,,,519.0,596.0,73.0,40.0,54.04,medium,173,45,none,0,,,
S1_futsal_C1_20260724_074934_f003395.jpg,S1_futsal_C1_20260724_074934,C1_sizesweep_low,,,521.0,606.0,76.0,46.0,59.13,medium,168,45,none,0,,,
S1_futsal_C1_20260724_074934_f003402.jpg,S1_futsal_C1_20260724_074934,C1_sizesweep_low,,blur_heavy,493.0,610.0,79.0,58.0,67.69,medium,174,48,none,0,,,
S1_futsal_C1_20260724_074934_f003409.jpg,S1_futsal_C1_20260724_074934,C1_sizesweep_low,,blur_moderate,479.0,645.0,79.0,41.0,56.91,medium,181,49,none,0,,,
S1_futsal_C1_20260724_074934_f003416.jpg,S1_futsal_C1_20260724_074934,C1_sizesweep_low,,blur_moderate,480.0,657.0,81.0,42.0,58.33,medium,182,49,none,0,,,
S1_futsal_C1_20260724_074934_f003423.jpg,S1_futsal_C1_20260724_074934,C1_sizesweep_low,,blur_heavy,480.0,662.0,79.0,46.0,60.28,medium,183,49,none,0,,,
S1_futsal_C1_20260724_074934_f003430.jpg,S1_futsal_C1_20260724_074934,C1_sizesweep_low,,blur_moderate,480.0,661.0,79.0,45.0,59.62,medium,183,49,none,0,,,
S1_futsal_C1_20260724_074934_f003437.jpg,S1_futsal_C1_20260724_074934,C1_sizesweep_low,,blur_heavy,480.0,671.0,79.0,45.0,59.62,medium,177,50,none,0,,,
S1_futsal_C1_20260724_074934_f003444.jpg,S1_futsal_C1_20260724_074934,C1_sizesweep_low,,blur_moderate,480.0,668.0,79.0,45.0,59.62,medium,177,50,none,0,,,
S1_futsal_C1_20260724_074934_f003451.jpg,S1_futsal_C1_20260724_074934,C1_sizesweep_low,,blur_heavy,476.0,629.0,76.0,39.0,54.44,medium,172,50,none,0,,,
S1_futsal_C1_20260724_074934_f003458.jpg,S1_futsal_C1_20260724_074934,C1_sizesweep_low,,blur_heavy,474.0,587.0,72.0,38.0,52.31,medium,168,49,none,0,,,
S1_futsal_C1_20260724_074934_f003465.jpg,S1_futsal_C1_20260724_074934,C1_sizesweep_low,,blur_heavy,474.0,572.0,70.0,38.0,51.58,medium,167,50,none,0,,,
S1_futsal_C1_20260724_074934_f003472.jpg,S1_futsal_C1_20260724_074934,C1_sizesweep_low,,blur_moderate,474.0,563.0,67.0,36.0,49.11,medium,174,50,none,0,,,
S1_futsal_C1_20260724_074934_f003479.jpg,S1_futsal_C1_20260724_074934,C1_sizesweep_low,,blur_moderate,477.0,559.0,66.0,32.0,45.96,medium,175,50,none,0,,,
S1_futsal_C1_20260724_074934_f003486.jpg,S1_futsal_C1_20260724_074934,C1_sizesweep_low,,blur_moderate,482.0,551.0,61.0,32.0,44.18,medium,178,50,none,0,,,
S1_futsal_C1_20260724_074934_f003493.jpg,S1_futsal_C1_20260724_074934,C1_sizesweep_low,,blur_heavy,476.0,541.0,63.0,33.0,45.6,medium,180,50,none,0,,,
S1_futsal_C1_20260724_074934_f003500.jpg,S1_futsal_C1_20260724_074934,C1_sizesweep_low,,blur_heavy,456.0,537.0,63.0,31.0,44.19,medium,178,49,none,0,,,
S1_futsal_C1_20260724_074934_f003507.jpg,S1_futsal_C1_20260724_074934,C1_sizesweep_low,,blur_moderate,435.0,535.0,61.0,31.0,43.49,medium,175,49,none,0,,,
S1_futsal_C1_20260724_074934_f003514.jpg,S1_futsal_C1_20260724_074934,C1_sizesweep_low,,blur_moderate,405.0,531.0,64.0,31.0,44.54,medium,175,50,none,0,,,
S1_futsal_C1_20260724_074934_f003521.jpg,S1_futsal_C1_20260724_074934,C1_sizesweep_low,,blur_moderate,376.19,537.41,60.99,33.05,44.89,medium,171,50,none,0,,,
S1_futsal_C1_20260724_074934_f003528.jpg,S1_futsal_C1_20260724_074934,C1_sizesweep_low,,blur_heavy,339.78,531.31,64.68,33.91,46.83,medium,167,50,none,0,,,
S1_futsal_C1_20260724_074934_f003535.jpg,S1_futsal_C1_20260724_074934,C1_sizesweep_low,,blur_heavy,310.34,530.65,63.93,33.32,46.15,medium,169,50,none,0,,,
S1_futsal_C1_20260724_074934_f003542.jpg,S1_futsal_C1_20260724_074934,C1_sizesweep_low,,blur_moderate,287.87,531.78,63.37,33.27,45.92,medium,167,49,none,0,,,
S1_futsal_C1_20260724_074934_f003549.jpg,S1_futsal_C1_20260724_074934,C1_sizesweep_low,,blur_heavy,272.65,536.87,65.72,33.49,46.92,medium,170,50,none,0,,,
S1_futsal_C1_20260724_074934_f003556.jpg,S1_futsal_C1_20260724_074934,C1_sizesweep_low,,blur_heavy,266.55,542.22,60.71,34.93,46.05,medium,170,50,none,0,,,
S1_futsal_C1_20260724_074934_f003563.jpg,S1_futsal_C1_20260724_074934,C1_sizesweep_low,,blur_moderate,263.5,549.71,62.37,32.42,44.97,medium,174,49,none,0,,,
S1_futsal_C1_20260724_074934_f003570.jpg,S1_futsal_C1_20260724_074934,C1_sizesweep_low,,blur_moderate,261.2,577.36,64.91,33.74,46.8,medium,177,50,none,0,,,
S1_futsal_C1_20260724_074934_f003577.jpg,S1_futsal_C1_20260724_074934,C1_sizesweep_low,,blur_heavy,260.75,554.76,64.07,34.67,47.13,medium,178,50,none,0,,,
S1_futsal_C1_20260724_074934_f003584.jpg,S1_futsal_C1_20260724_074934,C1_sizesweep_low,,blur_heavy,262.32,552.95,65.37,32.99,46.44,medium,175,49,none,0,,,
S1_futsal_C1_20260724_074934_f003591.jpg,S1_futsal_C1_20260724_074934,C1_sizesweep_low,,blur_moderate,264.48,560.43,63.58,33.29,46.0,medium,173,49,none,0,,,
S1_futsal_C1_20260724_074934_f003598.jpg,S1_futsal_C1_20260724_074934,C1_sizesweep_low,,blur_moderate,267.74,549.53,61.71,34.05,45.84,medium,175,49,none,0,,,
S1_futsal_C1_20260724_074934_f003605.jpg,S1_futsal_C1_20260724_074934,C1_sizesweep_low,,blur_heavy,267.89,549.13,62.57,32.54,45.13,medium,173,50,none,0,,,
S1_futsal_C1_20260724_074934_f003612.jpg,S1_futsal_C1_20260724_074934,C1_sizesweep_low,,blur_moderate,264.38,547.68,65.25,31.56,45.38,medium,175,49,none,0,,,
S1_futsal_C1_20260724_074934_f003619.jpg,S1_futsal_C1_20260724_074934,C1_sizesweep_low,,blur_moderate,261.27,546.04,65.14,32.64,46.11,medium,170,49,none,0,,,
S1_futsal_C1_20260724_074934_f003626.jpg,S1_futsal_C1_20260724_074934,C1_sizesweep_low,,blur_moderate,259.52,545.7,64.59,32.51,45.82,medium,174,49,none,0,,,
S1_futsal_C1_20260724_074934_f003633.jpg,S1_futsal_C1_20260724_074934,C1_sizesweep_low,,blur_moderate,257.49,546.02,64.7,31.65,45.25,medium,176,49,none,0,,,
S1_futsal_C1_20260724_074934_f003640.jpg,S1_futsal_C1_20260724_074934,C1_sizesweep_low,,blur_moderate,256.65,547.29,64.37,31.36,44.93,medium,172,49,none,0,,,
S1_futsal_C1_20260724_074934_f003647.jpg,S1_futsal_C1_20260724_074934,C1_sizesweep_low,,blur_moderate,255.65,547.8,66.07,31.71,45.77,medium,174,49,none,0,,,
S1_futsal_C1_20260724_074934_f003654.jpg,S1_futsal_C1_20260724_074934,C1_sizesweep_low,,blur_moderate,257.21,547.68,65.22,31.49,45.32,medium,175,50,none,0,,,
S1_futsal_C1_20260724_074934_f003661.jpg,S1_futsal_C1_20260724_074934,C1_sizesweep_low,,blur_moderate,259.28,547.15,63.56,31.81,44.97,medium,173,50,none,0,,,
S1_futsal_C1_20260724_074934_f003668.jpg,S1_futsal_C1_20260724_074934,C1_sizesweep_low,,blur_moderate,261.53,548.11,64.61,31.63,45.21,medium,175,50,none,0,,,
S1_futsal_C1_20260724_074934_f003675.jpg,S1_futsal_C1_20260724_074934,C1_sizesweep_low,,blur_moderate,262.62,549.28,65.16,33.0,46.37,medium,176,50,none,0,,,
S1_futsal_C1_20260724_074934_f003682.jpg,S1_futsal_C1_20260724_074934,C1_sizesweep_low,,,264.26,548.89,64.14,33.42,46.3,medium,177,50,none,0,,,
S1_futsal_C1_20260724_074934_f003689.jpg,S1_futsal_C1_20260724_074934,C1_sizesweep_low,,,264.46,548.05,65.92,33.06,46.69,medium,176,50,none,0,,,
S1_futsal_C1_20260724_074934_f003696.jpg,S1_futsal_C1_20260724_074934,C1_sizesweep_low,,,264.51,546.83,67.55,33.0,47.21,medium,175,49,none,0,,,
S1_futsal_C1_20260724_074934_f003703.jpg,S1_futsal_C1_20260724_074934,C1_sizesweep_low,,,266.28,543.02,66.31,35.52,48.53,medium,175,49,none,0,,,
S1_futsal_C1_20260724_074934_f003710.jpg,S1_futsal_C1_20260724_074934,C1_sizesweep_low,,blur_moderate,268.82,541.81,62.61,34.1,46.21,medium,173,49,none,0,,,
S1_futsal_C1_20260724_074934_f003717.jpg,S1_futsal_C1_20260724_074934,C1_sizesweep_low,,blur_moderate,268.58,540.61,64.55,32.98,46.14,medium,171,50,none,0,,,
S1_futsal_C1_20260724_074934_f003724.jpg,S1_futsal_C1_20260724_074934,C1_sizesweep_low,,blur_moderate,267.64,540.97,63.46,33.01,45.77,medium,171,49,none,0,,,
S1_futsal_C1_20260724_074934_f003731.jpg,S1_futsal_C1_20260724_074934,C1_sizesweep_low,,blur_moderate,264.98,541.26,61.6,33.75,45.59,medium,174,50,none,0,,,
S1_futsal_C1_20260724_074934_f003738.jpg,S1_futsal_C1_20260724_074934,C1_sizesweep_low,,blur_moderate,257.2,543.68,65.64,34.06,47.28,medium,176,49,none,0,,,
S1_futsal_C1_20260724_074934_f003745.jpg,S1_futsal_C1_20260724_074934,C1_sizesweep_low,,blur_moderate,253.12,545.67,64.98,32.44,45.91,medium,175,49,none,0,,,
S1_futsal_C1_20260724_074934_f003752.jpg,S1_futsal_C1_20260724_074934,C1_sizesweep_low,,blur_moderate,250.28,545.48,64.21,32.19,45.47,medium,174,49,none,0,,,
S1_futsal_C1_20260724_074934_f003759.jpg,S1_futsal_C1_20260724_074934,C1_sizesweep_low,,,247.58,544.76,61.48,33.03,45.06,medium,172,49,none,0,,,
S1_futsal_C1_20260724_074934_f003766.jpg,S1_futsal_C1_20260724_074934,C1_sizesweep_low,,,243.99,543.63,65.07,33.96,47.0,medium,176,50,none,0,,,
S1_futsal_C1_20260724_074934_f003773.jpg,S1_futsal_C1_20260724_074934,C1_sizesweep_low,,,244.07,543.56,65.29,34.54,47.49,medium,175,50,none,0,,,
S1_futsal_C1_20260724_074934_f003780.jpg,S1_futsal_C1_20260724_074934,C1_sizesweep_low,,blur_moderate,243.44,545.87,63.6,32.34,45.35,medium,175,49,none,0,,,
S1_futsal_C1_20260724_074934_f003787.jpg,S1_futsal_C1_20260724_074934,C1_sizesweep_low,,,243.31,545.27,63.37,32.59,45.45,medium,177,49,none,0,,,
S1_futsal_C1_20260724_074934_f003794.jpg,S1_futsal_C1_20260724_074934,C1_sizesweep_low,,,243.73,542.93,63.91,34.81,47.17,medium,173,49,none,0,,,
S1_futsal_C1_20260724_074934_f003801.jpg,S1_futsal_C1_20260724_074934,C1_sizesweep_low,,blur_moderate,244.81,542.72,62.31,32.64,45.1,medium,171,50,none,0,,,
S1_futsal_C1_20260724_074934_f003808.jpg,S1_futsal_C1_20260724_074934,C1_sizesweep_low,,blur_moderate,245.16,541.7,62.96,31.63,44.62,medium,172,49,none,0,,,
S1_futsal_C1_20260724_074934_f003815.jpg,S1_futsal_C1_20260724_074934,C1_sizesweep_low,,blur_moderate,246.69,541.06,62.86,32.26,45.03,medium,174,49,none,0,,,
S1_futsal_C1_20260724_074934_f003822.jpg,S1_futsal_C1_20260724_074934,C1_sizesweep_low,,,248.19,541.55,63.7,33.26,46.03,medium,174,49,none,0,,,
S1_futsal_C1_20260724_074934_f003829.jpg,S1_futsal_C1_20260724_074934,C1_sizesweep_low,,,250.69,541.12,60.91,33.57,45.22,medium,174,49,none,0,,,
S1_futsal_C1_20260724_074934_f003836.jpg,S1_futsal_C1_20260724_074934,C1_sizesweep_low,,,251.22,540.59,62.95,33.71,46.06,medium,174,49,none,0,,,
S1_futsal_C1_20260724_074934_f003843.jpg,S1_futsal_C1_20260724_074934,C1_sizesweep_low,,,254.55,539.08,61.58,32.42,44.68,medium,174,49,none,0,,,
S1_futsal_C1_20260724_074934_f003850.jpg,S1_futsal_C1_20260724_074934,C1_sizesweep_low,,blur_moderate,255.05,536.33,62.28,30.96,43.91,medium,176,49,none,0,,,
S1_futsal_C1_20260724_074934_f003857.jpg,S1_futsal_C1_20260724_074934,C1_sizesweep_low,,blur_moderate,255.95,534.6,63.48,30.91,44.3,medium,172,49,none,0,,,
S1_futsal_C1_20260724_074934_f003864.jpg,S1_futsal_C1_20260724_074934,C1_sizesweep_low,,blur_moderate,255.4,534.77,64.64,32.0,45.48,medium,169,49,none,0,,,
S1_futsal_C1_20260724_074934_f003871.jpg,S1_futsal_C1_20260724_074934,C1_sizesweep_low,,blur_moderate,254.62,536.41,65.24,31.56,45.37,medium,173,49,none,0,,,
S1_futsal_C1_20260724_074934_f003878.jpg,S1_futsal_C1_20260724_074934,C1_sizesweep_low,,blur_moderate,255.91,537.71,63.97,32.88,45.86,medium,174,49,none,0,,,
S1_futsal_C1_20260724_074934_f003885.jpg,S1_futsal_C1_20260724_074934,C1_sizesweep_low,,blur_moderate,251.34,539.83,68.0,38.16,50.94,medium,174,50,none,0,,,
S1_futsal_C1_20260724_074934_f003892.jpg,S1_futsal_C1_20260724_074934,C1_sizesweep_low,,blur_moderate,251.96,542.0,66.21,36.04,48.85,medium,175,50,none,0,,,
S1_futsal_C1_20260724_074934_f003899.jpg,S1_futsal_C1_20260724_074934,C1_sizesweep_low,,blur_moderate,252.08,541.58,68.21,36.3,49.76,medium,176,50,none,0,,,
S1_futsal_C1_20260724_074934_f003906.jpg,S1_futsal_C1_20260724_074934,C1_sizesweep_low,,blur_moderate,254.37,543.14,64.83,33.62,46.69,medium,175,50,none,0,,,
S1_futsal_C1_20260724_074934_f003913.jpg,S1_futsal_C1_20260724_074934,C1_sizesweep_low,,blur_moderate,255.29,542.55,63.27,34.02,46.4,medium,175,50,none,0,,,
S1_futsal_C1_20260724_074934_f003920.jpg,S1_futsal_C1_20260724_074934,C1_sizesweep_low,,blur_moderate,253.08,542.04,64.92,32.93,46.24,medium,173,50,none,0,,,
S1_futsal_C1_20260724_074934_f003927.jpg,S1_futsal_C1_20260724_074934,C1_sizesweep_low,,blur_moderate,252.04,541.04,63.67,34.02,46.54,medium,172,49,none,0,,,
S1_futsal_C1_20260724_074934_f003934.jpg,S1_futsal_C1_20260724_074934,C1_sizesweep_low,,blur_moderate,252.28,541.57,63.91,33.47,46.25,medium,172,50,none,0,,,
S1_futsal_C1_20260724_074934_f003941.jpg,S1_futsal_C1_20260724_074934,C1_sizesweep_low,,blur_moderate,250.61,542.36,64.98,34.86,47.6,medium,175,49,none,0,,,
S1_futsal_C1_20260724_074934_f003948.jpg,S1_futsal_C1_20260724_074934,C1_sizesweep_low,,,248.6,546.55,66.17,31.46,45.62,medium,175,49,none,0,,,
S1_futsal_C1_20260724_074934_f003955.jpg,S1_futsal_C1_20260724_074934,C1_sizesweep_low,,,247.76,546.71,60.95,32.05,44.2,medium,178,49,none,0,,,
S1_futsal_C1_20260724_074934_f003962.jpg,S1_futsal_C1_20260724_074934,C1_sizesweep_low,,blur_moderate,245.54,545.25,63.33,33.06,45.75,medium,175,49,none,0,,,
S1_futsal_C1_20260724_074934_f003969.jpg,S1_futsal_C1_20260724_074934,C1_sizesweep_low,,blur_moderate,244.75,543.08,63.66,34.53,46.88,medium,171,49,none,0,,,
S1_futsal_C1_20260724_074934_f003976.jpg,S1_futsal_C1_20260724_074934,C1_sizesweep_low,,blur_moderate,243.51,542.79,64.31,32.36,45.62,medium,172,49,none,0,,,
S1_futsal_C1_20260724_074934_f003983.jpg,S1_futsal_C1_20260724_074934,C1_sizesweep_low,,blur_heavy,240.91,542.75,64.12,34.77,47.22,medium,173,49,none,0,,,
S1_futsal_C1_20260724_074934_f003990.jpg,S1_futsal_C1_20260724_074934,C1_sizesweep_low,,blur_moderate,236.37,547.5,65.33,31.38,45.28,medium,175,49,none,0,,,
S1_futsal_C1_20260724_074934_f003997.jpg,S1_futsal_C1_20260724_074934,C1_sizesweep_low,,blur_moderate,236.36,547.73,64.69,31.71,45.29,medium,175,49,none,0,,,
S1_futsal_C1_20260724_074934_f004004.jpg,S1_futsal_C1_20260724_074934,C1_sizesweep_low,,blur_heavy,238.0,548.45,62.57,31.41,44.33,medium,174,49,none,0,,,
S1_futsal_C1_20260724_074934_f004011.jpg,S1_futsal_C1_20260724_074934,C1_sizesweep_low,,blur_moderate,238.5,549.45,63.42,31.32,44.57,medium,176,49,none,0,,,
S1_futsal_C1_20260724_074934_f004018.jpg,S1_futsal_C1_20260724_074934,C1_sizesweep_low,,blur_moderate,239.12,549.66,64.44,32.9,46.04,medium,177,50,none,0,,,
S1_futsal_C1_20260724_074934_f004025.jpg,S1_futsal_C1_20260724_074934,C1_sizesweep_low,,blur_moderate,239.73,548.8,63.37,30.81,44.19,medium,175,50,none,0,,,
S1_futsal_C1_20260724_074934_f004032.jpg,S1_futsal_C1_20260724_074934,C1_sizesweep_low,,blur_moderate,238.37,544.72,63.97,33.05,45.98,medium,172,49,none,0,,,
S1_futsal_C1_20260724_074934_f004039.jpg,S1_futsal_C1_20260724_074934,C1_sizesweep_low,,blur_heavy,233.88,556.49,64.8,35.88,48.22,medium,172,49,none,0,,,
S1_futsal_C1_20260724_074934_f004046.jpg,S1_futsal_C1_20260724_074934,C1_sizesweep_low,,blur_heavy,231.96,553.49,65.05,31.48,45.25,medium,171,49,none,0,,,
S1_futsal_C1_20260724_074934_f004053.jpg,S1_futsal_C1_20260724_074934,C1_sizesweep_low,,blur_heavy,231.9,545.7,65.19,32.62,46.11,medium,172,50,none,0,,,
S1_futsal_C1_20260724_074934_f004060.jpg,S1_futsal_C1_20260724_074934,C1_sizesweep_low,,blur_moderate,233.35,547.59,63.54,31.29,44.59,medium,172,50,none,0,,,
S1_futsal_C1_20260724_074934_f004067.jpg,S1_futsal_C1_20260724_074934,C1_sizesweep_low,,blur_moderate,235.14,547.66,64.18,31.66,45.07,medium,177,50,none,0,,,
S1_futsal_C1_20260724_074934_f004074.jpg,S1_futsal_C1_20260724_074934,C1_sizesweep_low,,blur_moderate,236.0,549.07,64.84,32.82,46.13,medium,176,50,none,0,,,
S1_futsal_C1_20260724_074934_f004081.jpg,S1_futsal_C1_20260724_074934,C1_sizesweep_low,,blur_moderate,238.04,549.81,65.16,32.48,46.0,medium,178,50,none,0,,,
S1_futsal_C1_20260724_074934_f004088.jpg,S1_futsal_C1_20260724_074934,C1_sizesweep_low,,,239.2,549.91,64.25,32.12,45.43,medium,177,50,none,0,,,
S1_futsal_C1_20260724_074934_f004095.jpg,S1_futsal_C1_20260724_074934,C1_sizesweep_low,,blur_moderate,239.92,548.58,64.29,30.95,44.6,medium,175,50,none,0,,,
S1_futsal_C1_20260724_074934_f004102.jpg,S1_futsal_C1_20260724_074934,C1_sizesweep_low,,blur_moderate,239.69,547.57,64.0,32.0,45.25,medium,175,49,none,0,,,
S1_futsal_C1_20260724_074934_f004109.jpg,S1_futsal_C1_20260724_074934,C1_sizesweep_low,,blur_moderate,240.33,543.93,64.04,34.13,46.75,medium,173,50,none,0,,,
S1_futsal_C1_20260724_074934_f004116.jpg,S1_futsal_C1_20260724_074934,C1_sizesweep_low,,blur_moderate,240.08,551.75,64.75,34.11,46.99,medium,174,50,none,0,,,
S1_futsal_C1_20260724_074934_f004123.jpg,S1_futsal_C1_20260724_074934,C1_sizesweep_low,,blur_heavy,235.97,540.77,64.66,33.57,46.59,medium,170,50,none,0,,,
S1_futsal_C1_20260724_074934_f004130.jpg,S1_futsal_C1_20260724_074934,C1_sizesweep_low,,blur_heavy,232.35,543.0,63.45,34.69,46.91,medium,171,50,none,0,,,
S1_futsal_C1_20260724_074934_f004137.jpg,S1_futsal_C1_20260724_074934,C1_sizesweep_low,,blur_heavy,228.94,544.55,65.84,33.6,47.03,medium,171,50,none,0,,,
S1_futsal_C1_20260724_074934_f004144.jpg,S1_futsal_C1_20260724_074934,C1_sizesweep_low,,blur_heavy,227.42,546.29,64.73,32.57,45.92,medium,173,50,none,0,,,
S1_futsal_C1_20260724_074934_f004151.jpg,S1_futsal_C1_20260724_074934,C1_sizesweep_low,,blur_heavy,226.36,545.41,65.08,33.0,46.35,medium,173,49,none,0,,,
S1_futsal_C1_20260724_074934_f004158.jpg,S1_futsal_C1_20260724_074934,C1_sizesweep_low,,blur_moderate,226.48,544.99,64.92,32.97,46.26,medium,173,50,none,0,,,
S1_futsal_C1_20260724_074934_f004165.jpg,S1_futsal_C1_20260724_074934,C1_sizesweep_low,,blur_heavy,224.92,545.59,66.71,32.28,46.4,medium,173,49,none,0,,,
S1_futsal_C1_20260724_074934_f004172.jpg,S1_futsal_C1_20260724_074934,C1_sizesweep_low,,blur_moderate,225.48,544.19,66.0,33.06,46.71,medium,174,49,none,0,,,
S1_futsal_C1_20260724_074934_f004179.jpg,S1_futsal_C1_20260724_074934,C1_sizesweep_low,,,226.25,542.5,66.12,34.26,47.59,medium,175,49,none,0,,,
S1_futsal_C1_20260724_074934_f004186.jpg,S1_futsal_C1_20260724_074934,C1_sizesweep_low,,,228.6,543.28,64.84,33.76,46.79,medium,174,49,none,0,,,
S1_futsal_C1_20260724_074934_f004193.jpg,S1_futsal_C1_20260724_074934,C1_sizesweep_low,,,226.46,543.12,66.37,33.73,47.32,medium,173,50,none,0,,,
S1_futsal_C1_20260724_074934_f004200.jpg,S1_futsal_C1_20260724_074934,C1_sizesweep_low,,,226.18,542.52,66.51,34.62,47.99,medium,173,49,none,0,,,
S1_futsal_C1_20260724_074934_f004207.jpg,S1_futsal_C1_20260724_074934,C1_sizesweep_low,,blur_heavy,227.0,542.8,64.73,34.82,47.48,medium,173,50,none,0,,,
S1_futsal_C1_20260724_074934_f004214.jpg,S1_futsal_C1_20260724_074934,C1_sizesweep_low,,blur_heavy,226.74,548.87,64.72,31.85,45.4,medium,175,50,none,0,,,
S1_futsal_C1_20260724_074934_f004221.jpg,S1_futsal_C1_20260724_074934,C1_sizesweep_low,,blur_heavy,227.91,551.08,63.82,32.29,45.4,medium,176,50,none,0,,,
S1_futsal_C1_20260724_074934_f004228.jpg,S1_futsal_C1_20260724_074934,C1_sizesweep_low,,,225.79,552.15,65.18,31.55,45.35,medium,177,49,none,0,,,
S1_futsal_C1_20260724_074934_f004235.jpg,S1_futsal_C1_20260724_074934,C1_sizesweep_low,,blur_moderate,224.89,550.5,65.88,32.77,46.47,medium,175,49,none,0,,,
S1_futsal_C1_20260724_074934_f004242.jpg,S1_futsal_C1_20260724_074934,C1_sizesweep_low,,blur_heavy,222.63,548.65,64.5,31.14,44.82,medium,174,49,none,0,,,
S1_futsal_C1_20260724_074934_f004249.jpg,S1_futsal_C1_20260724_074934,C1_sizesweep_low,,blur_moderate,224.24,543.4,64.86,34.36,47.21,medium,173,49,none,0,,,
S1_futsal_C1_20260724_074934_f004256.jpg,S1_futsal_C1_20260724_074934,C1_sizesweep_low,,blur_moderate,223.92,540.8,66.56,33.36,47.12,medium,173,49,none,0,,,
S1_futsal_C1_20260724_074934_f004263.jpg,S1_futsal_C1_20260724_074934,C1_sizesweep_low,,blur_heavy,225.14,541.24,64.61,32.35,45.72,medium,174,49,none,0,,,
S1_futsal_C1_20260724_074934_f004270.jpg,S1_futsal_C1_20260724_074934,C1_sizesweep_low,,blur_moderate,223.67,541.43,64.13,31.97,45.28,medium,173,50,none,0,,,
S1_futsal_C1_20260724_074934_f004277.jpg,S1_futsal_C1_20260724_074934,C1_sizesweep_low,,blur_moderate,221.87,541.79,63.17,34.29,46.54,medium,175,49,none,0,,,
S1_futsal_C1_20260724_074934_f004284.jpg,S1_futsal_C1_20260724_074934,C1_sizesweep_low,,blur_moderate,221.12,541.0,63.04,31.65,44.67,medium,174,49,none,0,,,
S1_futsal_C1_20260724_074934_f004291.jpg,S1_futsal_C1_20260724_074934,C1_sizesweep_low,,blur_moderate,220.58,540.63,63.65,31.85,45.03,medium,176,49,none,0,,,
S1_futsal_C1_20260724_074934_f004298.jpg,S1_futsal_C1_20260724_074934,C1_sizesweep_low,,blur_moderate,219.7,541.46,62.58,33.39,45.71,medium,174,49,none,0,,,
S1_futsal_C1_20260724_074934_f004305.jpg,S1_futsal_C1_20260724_074934,C1_sizesweep_low,,blur_moderate,219.84,541.76,59.6,31.12,43.06,medium,175,49,none,0,,,
S1_futsal_C1_20260724_074934_f004312.jpg,S1_futsal_C1_20260724_074934,C1_sizesweep_low,,,216.06,540.79,62.81,32.14,44.93,medium,175,49,none,0,,,
S1_futsal_C1_20260724_074934_f004319.jpg,S1_futsal_C1_20260724_074934,C1_sizesweep_low,,blur_moderate,215.66,539.59,64.85,30.74,44.65,medium,175,49,none,0,,,
S1_futsal_C1_20260724_074934_f004326.jpg,S1_futsal_C1_20260724_074934,C1_sizesweep_low,,blur_moderate,220.36,537.11,62.77,30.74,43.93,medium,173,49,none,0,,,
S1_futsal_C1_20260724_075340_f000000.jpg,S1_futsal_C1_20260724_075340,C1_sizesweep_high,,blur_heavy,139.0,164.0,64.0,31.0,44.54,medium,10,54,none,0,,,
S1_futsal_C1_20260724_075340_f000008.jpg,S1_futsal_C1_20260724_075340,C1_sizesweep_high,,blur_heavy,143.0,168.0,67.0,22.0,38.39,medium,10,54,none,0,,,
S1_futsal_C1_20260724_075340_f000016.jpg,S1_futsal_C1_20260724_075340,C1_sizesweep_high,,blur_heavy,143.0,168.0,69.0,22.0,38.96,medium,10,54,none,0,,,
S1_futsal_C1_20260724_075340_f000024.jpg,S1_futsal_C1_20260724_075340,C1_sizesweep_high,,blur_heavy,141.0,168.0,69.0,22.0,38.96,medium,10,54,none,0,,,
S1_futsal_C1_20260724_075340_f000032.jpg,S1_futsal_C1_20260724_075340,C1_sizesweep_high,,blur_heavy,141.0,168.0,69.0,22.0,38.96,medium,10,54,none,0,,,
S1_futsal_C1_20260724_075340_f000040.jpg,S1_futsal_C1_20260724_075340,C1_sizesweep_high,,blur_heavy,141.0,168.0,67.0,22.0,38.39,medium,10,54,none,0,,,
S1_futsal_C1_20260724_075340_f000048.jpg,S1_futsal_C1_20260724_075340,C1_sizesweep_high,,blur_heavy,172.66,351.24,69.77,27.76,44.01,medium,79,53,none,0,,,
S1_futsal_C1_20260724_075340_f000056.jpg,S1_futsal_C1_20260724_075340,C1_sizesweep_high,,blur_heavy,177.92,350.84,65.31,26.65,41.72,medium,79,54,none,0,,,
S1_futsal_C1_20260724_075340_f000064.jpg,S1_futsal_C1_20260724_075340,C1_sizesweep_high,,blur_heavy,179.55,348.51,64.81,26.77,41.65,medium,78,54,none,0,,,
S1_futsal_C1_20260724_075340_f000072.jpg,S1_futsal_C1_20260724_075340,C1_sizesweep_high,,blur_heavy,178.8,346.77,68.82,28.02,43.92,medium,77,53,none,0,,,
S1_futsal_C1_20260724_075340_f000080.jpg,S1_futsal_C1_20260724_075340,C1_sizesweep_high,,blur_heavy,178.81,346.01,67.44,27.61,43.15,medium,77,53,none,0,,,
S1_futsal_C1_20260724_075340_f000088.jpg,S1_futsal_C1_20260724_075340,C1_sizesweep_high,,blur_heavy,178.02,344.95,69.19,27.73,43.8,medium,77,54,none,0,,,
S1_futsal_C1_20260724_075340_f000096.jpg,S1_futsal_C1_20260724_075340,C1_sizesweep_high,,blur_heavy,181.1,345.96,73.54,28.19,45.53,medium,76,54,none,0,,,
S1_futsal_C1_20260724_075340_f000104.jpg,S1_futsal_C1_20260724_075340,C1_sizesweep_high,,blur_heavy,195.53,346.54,66.35,27.71,42.88,medium,77,54,none,0,,,
S1_futsal_C1_20260724_075340_f000112.jpg,S1_futsal_C1_20260724_075340,C1_sizesweep_high,,blur_heavy,225.8,348.44,69.24,26.93,43.18,medium,77,54,none,0,,,
S1_futsal_C1_20260724_075340_f000120.jpg,S1_futsal_C1_20260724_075340,C1_sizesweep_high,,blur_heavy,255.29,347.81,74.32,27.56,45.26,medium,77,54,none,0,,,
S1_futsal_C1_20260724_075340_f000128.jpg,S1_futsal_C1_20260724_075340,C1_sizesweep_high,,blur_heavy,288.5,348.61,68.81,27.56,43.55,medium,77,54,none,0,,,
S1_futsal_C1_20260724_075340_f000136.jpg,S1_futsal_C1_20260724_075340,C1_sizesweep_high,,blur_heavy,332.47,350.65,72.4,27.72,44.8,medium,79,54,none,0,,,
S1_futsal_C1_20260724_075340_f000144.jpg,S1_futsal_C1_20260724_075340,C1_sizesweep_high,,blur_heavy,379.53,352.13,70.21,28.12,44.43,medium,80,54,none,0,,,
S1_futsal_C1_20260724_075340_f000152.jpg,S1_futsal_C1_20260724_075340,C1_sizesweep_high,,blur_heavy,427.49,351.74,68.47,28.3,44.02,medium,79,54,none,0,,,
S1_futsal_C1_20260724_075340_f000160.jpg,S1_futsal_C1_20260724_075340,C1_sizesweep_high,,blur_heavy,467.09,349.84,69.16,28.3,44.24,medium,80,54,none,0,,,
S1_futsal_C1_20260724_075340_f000168.jpg,S1_futsal_C1_20260724_075340,C1_sizesweep_high,,blur_heavy,507.1,348.43,70.7,27.83,44.36,medium,79,54,none,0,,,
S1_futsal_C1_20260724_075340_f000176.jpg,S1_futsal_C1_20260724_075340,C1_sizesweep_high,,blur_heavy,539.0,344.0,70.0,28.0,44.27,medium,80,54,none,0,,1.83,128
S1_futsal_C1_20260724_075340_f000184.jpg,S1_futsal_C1_20260724_075340,C1_sizesweep_high,,blur_heavy,554.76,344.47,71.67,27.45,44.36,medium,79,54,none,0,,1.86,133
S1_futsal_C1_20260724_075340_f000192.jpg,S1_futsal_C1_20260724_075340,C1_sizesweep_high,,blur_heavy,559.95,345.48,70.43,27.58,44.07,medium,79,54,none,0,,1.84,130
S1_futsal_C1_20260724_075340_f000200.jpg,S1_futsal_C1_20260724_075340,C1_sizesweep_high,,blur_heavy,559.37,342.16,69.11,27.65,43.71,medium,78,54,none,0,,1.81,125
S1_futsal_C1_20260724_075340_f000208.jpg,S1_futsal_C1_20260724_075340,C1_sizesweep_high,,blur_heavy,555.33,338.64,71.61,29.23,45.75,medium,77,54,none,0,,1.80,129
S1_futsal_C1_20260724_075340_f000216.jpg,S1_futsal_C1_20260724_075340,C1_sizesweep_high,,blur_heavy,555.57,338.85,69.7,26.91,43.31,medium,76,54,none,0,,1.80,125
S1_futsal_C1_20260724_075340_f000224.jpg,S1_futsal_C1_20260724_075340,C1_sizesweep_high,,blur_heavy,553.66,339.64,71.23,28.6,45.13,medium,77,54,none,0,,1.79,128
S1_futsal_C1_20260724_075340_f000232.jpg,S1_futsal_C1_20260724_075340,C1_sizesweep_high,,blur_moderate,554.03,342.86,70.56,26.58,43.31,medium,77,54,none,0,,1.77,125
S1_futsal_C1_20260724_075340_f000240.jpg,S1_futsal_C1_20260724_075340,C1_sizesweep_high,,blur_heavy,552.32,344.34,69.38,29.56,45.28,medium,79,54,none,0,,,
S1_futsal_C1_20260724_075340_f000248.jpg,S1_futsal_C1_20260724_075340,C1_sizesweep_high,,blur_heavy,553.65,347.98,71.62,28.94,45.53,medium,79,54,none,0,,,
S1_futsal_C1_20260724_075340_f000256.jpg,S1_futsal_C1_20260724_075340,C1_sizesweep_high,,blur_heavy,555.95,353.16,73.85,29.47,46.65,medium,79,54,none,0,,,
S1_futsal_C1_20260724_075340_f000264.jpg,S1_futsal_C1_20260724_075340,C1_sizesweep_high,,blur_heavy,560.78,363.22,78.44,29.04,47.73,medium,79,54,none,0,,,
S1_futsal_C1_20260724_075340_f000272.jpg,S1_futsal_C1_20260724_075340,C1_sizesweep_high,,blur_heavy,568.43,369.01,78.93,32.75,50.84,medium,79,54,none,0,,,
S1_futsal_C1_20260724_075340_f000280.jpg,S1_futsal_C1_20260724_075340,C1_sizesweep_high,,blur_heavy,574.51,382.91,84.91,33.13,53.04,medium,79,54,none,0,,,
S1_futsal_C1_20260724_075340_f000288.jpg,S1_futsal_C1_20260724_075340,C1_sizesweep_high,,blur_heavy,580.68,397.37,90.49,35.32,56.54,medium,80,54,none,0,,,
S1_futsal_C1_20260724_075340_f000296.jpg,S1_futsal_C1_20260724_075340,C1_sizesweep_high,,blur_heavy,589.44,416.55,95.7,36.37,59.0,medium,81,54,none,0,,,
S1_futsal_C1_20260724_075340_f000304.jpg,S1_futsal_C1_20260724_075340,C1_sizesweep_high,,blur_heavy,568.15,428.39,99.09,38.11,61.45,medium,82,58,none,0,,,
S1_futsal_C1_20260724_075340_f000312.jpg,S1_futsal_C1_20260724_075340,C1_sizesweep_high,,blur_heavy,430.0,434.97,99.82,39.6,62.87,medium,81,63,none,0,,,
S1_futsal_C1_20260724_075340_f000320.jpg,S1_futsal_C1_20260724_075340,C1_sizesweep_high,,blur_heavy,375.98,437.43,97.28,39.63,62.09,medium,81,69,none,0,,,
S1_futsal_C1_20260724_075340_f000328.jpg,S1_futsal_C1_20260724_075340,C1_sizesweep_high,,blur_heavy,374.79,440.43,99.48,40.79,63.7,medium,82,68,none,0,,,
S1_futsal_C1_20260724_075340_f000336.jpg,S1_futsal_C1_20260724_075340,C1_sizesweep_high,,blur_heavy,374.26,440.98,99.09,38.23,61.55,medium,82,68,none,0,,,
S1_futsal_C1_20260724_075340_f000344.jpg,S1_futsal_C1_20260724_075340,C1_sizesweep_high,,blur_heavy,372.96,443.46,97.89,38.18,61.14,medium,82,68,none,0,,,
S1_futsal_C1_20260724_075340_f000352.jpg,S1_futsal_C1_20260724_075340,C1_sizesweep_high,,blur_heavy,366.12,444.56,103.18,41.49,65.43,medium,80,68,none,0,,,
S1_futsal_C1_20260724_075340_f000360.jpg,S1_futsal_C1_20260724_075340,C1_sizesweep_high,,blur_heavy,355.16,455.1,107.97,43.77,68.74,medium,79,68,none,0,,,
S1_futsal_C1_20260724_075340_f000368.jpg,S1_futsal_C1_20260724_075340,C1_sizesweep_high,,blur_heavy,345.5,473.51,114.51,47.01,73.37,medium,78,68,none,0,,,
S1_futsal_C1_20260724_075340_f000376.jpg,S1_futsal_C1_20260724_075340,C1_sizesweep_high,,blur_heavy,337.74,499.65,123.49,49.08,77.86,medium,78,68,none,0,,,
S1_futsal_C1_20260724_075340_f000384.jpg,S1_futsal_C1_20260724_075340,C1_sizesweep_high,,blur_heavy,329.82,525.16,132.36,54.23,84.72,medium,79,69,none,0,,,
S1_futsal_C1_20260724_075340_f000392.jpg,S1_futsal_C1_20260724_075340,C1_sizesweep_high,,blur_heavy,305.56,540.14,134.96,55.67,86.68,medium,80,69,none,0,,,
S1_futsal_C1_20260724_075340_f000400.jpg,S1_futsal_C1_20260724_075340,C1_sizesweep_high,,blur_heavy,260.4,550.7,141.77,59.61,91.93,medium,81,69,none,0,,,
S1_futsal_C1_20260724_075340_f000408.jpg,S1_futsal_C1_20260724_075340,C1_sizesweep_high,,blur_heavy,209.38,557.19,142.21,58.22,90.99,medium,81,69,none,0,,,
S1_futsal_C1_20260724_075340_f000416.jpg,S1_futsal_C1_20260724_075340,C1_sizesweep_high,,blur_heavy,139.39,560.39,142.88,59.67,92.33,medium,81,69,none,0,,,
S1_futsal_C1_20260724_075340_f000424.jpg,S1_futsal_C1_20260724_075340,C1_sizesweep_high,,blur_heavy,56.25,559.02,144.28,60.31,93.28,medium,80,69,none,0,,,
S1_futsal_C1_20260724_075340_f000432.jpg,S1_futsal_C1_20260724_075340,C1_sizesweep_high,,blur_heavy,0.3,557.12,148.75,58.2,93.05,medium,79,69,none,0,,,
S1_futsal_C1_20260724_075340_f000440.jpg,S1_futsal_C1_20260724_075340,C1_sizesweep_high,,blur_heavy,0.0,553.6,102.96,59.16,78.05,medium,79,69,none,0,,,
S1_futsal_C1_20260724_075340_f000448.jpg,S1_futsal_C1_20260724_075340,C1_sizesweep_high,,blur_heavy,-0.0,554.56,54.0,58.0,55.97,medium,80,70,none,0,,,
S1_futsal_C1_20260724_075340_f000864.jpg,S1_futsal_C1_20260724_075340,C1_sizesweep_high,,,935.0,528.0,25.0,38.0,30.82,small,83,5,none,0,,,
S1_futsal_C1_20260724_075340_f000872.jpg,S1_futsal_C1_20260724_075340,C1_sizesweep_high,,,902.0,514.0,58.0,49.0,53.31,medium,82,5,none,0,,,
S1_futsal_C1_20260724_075340_f000880.jpg,S1_futsal_C1_20260724_075340,C1_sizesweep_high,,,867.96,495.68,92.04,49.74,67.66,medium,81,5,none,0,,,
S1_futsal_C1_20260724_075340_f000888.jpg,S1_futsal_C1_20260724_075340,C1_sizesweep_high,,,842.49,482.06,98.13,48.03,68.65,medium,81,5,none,0,,,
S1_futsal_C1_20260724_075340_f000896.jpg,S1_futsal_C1_20260724_075340,C1_sizesweep_high,,,817.01,468.14,93.91,45.19,65.14,medium,81,5,none,0,,,
S1_futsal_C1_20260724_075340_f000904.jpg,S1_futsal_C1_20260724_075340,C1_sizesweep_high,,blur_moderate,796.23,449.44,87.78,41.14,60.1,medium,81,5,none,0,,,
S1_futsal_C1_20260724_075340_f000912.jpg,S1_futsal_C1_20260724_075340,C1_sizesweep_high,,,772.41,441.64,85.89,41.44,59.66,medium,82,5,none,0,,,
S1_futsal_C1_20260724_075340_f000920.jpg,S1_futsal_C1_20260724_075340,C1_sizesweep_high,,,736.71,434.28,81.07,40.33,57.18,medium,82,5,none,0,,,
S1_futsal_C1_20260724_075340_f000928.jpg,S1_futsal_C1_20260724_075340,C1_sizesweep_high,,,690.53,427.55,75.31,38.42,53.79,medium,81,5,none,0,,,
S1_futsal_C1_20260724_075340_f000936.jpg,S1_futsal_C1_20260724_075340,C1_sizesweep_high,,,639.98,422.11,68.91,38.75,51.67,medium,80,5,none,0,,,
S1_futsal_C1_20260724_075340_f000944.jpg,S1_futsal_C1_20260724_075340,C1_sizesweep_high,,,587.56,419.56,64.5,37.42,49.13,medium,80,5,none,0,,,
S1_futsal_C1_20260724_075340_f000952.jpg,S1_futsal_C1_20260724_075340,C1_sizesweep_high,,,534.94,415.79,60.58,37.92,47.93,medium,80,5,none,0,,,
S1_futsal_C1_20260724_075340_f000960.jpg,S1_futsal_C1_20260724_075340,C1_sizesweep_high,,,485.51,413.84,58.24,38.15,47.14,medium,79,5,none,0,,,
S1_futsal_C1_20260724_075340_f000968.jpg,S1_futsal_C1_20260724_075340,C1_sizesweep_high,,,425.46,412.42,52.26,38.19,44.67,medium,79,5,none,0,,,
S1_futsal_C1_20260724_075340_f000976.jpg,S1_futsal_C1_20260724_075340,C1_sizesweep_high,,,376.61,411.24,49.47,36.06,42.23,medium,78,5,none,0,,,
S1_futsal_C1_20260724_075340_f000984.jpg,S1_futsal_C1_20260724_075340,C1_sizesweep_high,,,329.94,410.37,47.04,35.39,40.8,medium,78,5,none,0,,,
S1_futsal_C1_20260724_075340_f000992.jpg,S1_futsal_C1_20260724_075340,C1_sizesweep_high,,,282.98,409.68,46.49,35.63,40.7,medium,79,5,none,0,,,
S1_futsal_C1_20260724_075340_f001000.jpg,S1_futsal_C1_20260724_075340,C1_sizesweep_high,,blur_moderate,230.99,410.03,44.62,35.3,39.69,medium,79,5,none,0,,,
S1_futsal_C1_20260724_075340_f001008.jpg,S1_futsal_C1_20260724_075340,C1_sizesweep_high,,,199.29,411.31,44.84,33.8,38.93,medium,79,5,none,0,,,
S1_futsal_C1_20260724_075340_f001016.jpg,S1_futsal_C1_20260724_075340,C1_sizesweep_high,,,171.6,413.92,47.51,37.4,42.15,medium,78,5,none,0,,,
S1_futsal_C1_20260724_075340_f001024.jpg,S1_futsal_C1_20260724_075340,C1_sizesweep_high,,,146.0,422.33,50.53,40.05,44.99,medium,78,5,none,0,,,
S1_futsal_C1_20260724_075340_f001032.jpg,S1_futsal_C1_20260724_075340,C1_sizesweep_high,,,120.01,433.89,53.42,41.47,47.07,medium,77,5,none,0,,,
S1_futsal_C1_20260724_075340_f001040.jpg,S1_futsal_C1_20260724_075340,C1_sizesweep_high,,,98.8,443.34,54.35,43.43,48.58,medium,77,5,none,0,,,
S1_futsal_C1_20260724_075340_f001048.jpg,S1_futsal_C1_20260724_075340,C1_sizesweep_high,,,70.9,458.8,61.06,45.8,52.88,medium,77,5,none,0,,,
S1_futsal_C1_20260724_075340_f001056.jpg,S1_futsal_C1_20260724_075340,C1_sizesweep_high,,,38.59,475.98,67.36,52.3,59.36,medium,77,5,none,0,,,
S1_futsal_C1_20260724_075340_f001064.jpg,S1_futsal_C1_20260724_075340,C1_sizesweep_high,,,5.84,496.34,75.11,55.49,64.56,medium,77,5,none,0,,,
S1_futsal_C1_20260724_075340_f001072.jpg,S1_futsal_C1_20260724_075340,C1_sizesweep_high,,,0.14,521.49,52.55,57.92,55.17,medium,77,5,none,0,,,
S1_futsal_C1_20260724_075340_f001080.jpg,S1_futsal_C1_20260724_075340,C1_sizesweep_high,,,-0.0,560.0,4.0,14.0,7.48,small,79,5,none,0,,,
S1_futsal_C1_20260724_075340_f001288.jpg,S1_futsal_C1_20260724_075340,C1_sizesweep_high,,blur_moderate,363.0,683.0,108.0,37.0,63.21,medium,79,5,none,0,,,
S1_futsal_C1_20260724_075340_f001296.jpg,S1_futsal_C1_20260724_075340,C1_sizesweep_high,,,369.0,646.0,115.0,72.0,90.99,medium,80,5,none,0,,,
S1_futsal_C1_20260724_075340_f001304.jpg,S1_futsal_C1_20260724_075340,C1_sizesweep_high,,,387.2,625.38,101.08,94.62,97.79,large,81,5,none,0,,,
S1_futsal_C1_20260724_075340_f001312.jpg,S1_futsal_C1_20260724_075340,C1_sizesweep_high,,blur_heavy,384.0,640.0,100.0,76.0,87.18,medium,83,5,none,0,,,
S1_futsal_C1_20260724_075340_f001320.jpg,S1_futsal_C1_20260724_075340,C1_sizesweep_high,,,389.0,680.0,87.0,38.0,57.5,medium,93,5,none,0,,,
S1_futsal_C1_20260724_075340_f001768.jpg,S1_futsal_C1_20260724_075340,C1_sizesweep_high,,,443.46,695.94,32.88,23.87,28.01,small,385,5,none,0,,,
S1_futsal_C1_20260724_075340_f001776.jpg,S1_futsal_C1_20260724_075340,C1_sizesweep_high,,,444.17,685.8,30.65,29.35,30.0,small,382,5,none,0,,,
S1_futsal_C1_20260724_075340_f001784.jpg,S1_futsal_C1_20260724_075340,C1_sizesweep_high,,,444.0,680.0,31.0,28.0,29.46,small,384,5,none,0,,,
S1_futsal_C1_20260724_075340_f001792.jpg,S1_futsal_C1_20260724_075340,C1_sizesweep_high,,,445.0,676.0,30.0,30.0,30.0,small,385,5,none,0,,,
S1_futsal_C1_20260724_075340_f001816.jpg,S1_futsal_C1_20260724_075340,C1_sizesweep_high,,blur_moderate,442.0,659.0,28.0,28.0,28.0,small,401,5,none,0,,,
S1_futsal_C1_20260724_075340_f001824.jpg,S1_futsal_C1_20260724_075340,C1_sizesweep_high,,,443.0,653.0,28.0,27.0,27.5,small,388,5,none,0,,,
S1_futsal_C1_20260724_075340_f001832.jpg,S1_futsal_C1_20260724_075340,C1_sizesweep_high,,blur_moderate,443.96,661.04,29.03,24.06,26.43,small,395,5,none,0,,,
S1_futsal_C1_20260724_075340_f001848.jpg,S1_futsal_C1_20260724_075340,C1_sizesweep_high,,,445.0,700.0,22.0,20.0,20.98,small,400,5,none,0,,,
S1_futsal_C1_20260724_075340_f001856.jpg,S1_futsal_C1_20260724_075340,C1_sizesweep_high,,,438.0,682.0,38.0,32.0,34.87,medium,396,5,none,0,,,
S1_futsal_C1_20260724_075340_f001864.jpg,S1_futsal_C1_20260724_075340,C1_sizesweep_high,,,443.0,666.0,30.0,30.0,30.0,small,403,5,none,0,,,
S1_futsal_C1_20260724_075340_f001872.jpg,S1_futsal_C1_20260724_075340,C1_sizesweep_high,,,440.0,650.0,32.0,21.0,25.92,small,400,5,none,0,,,
S1_futsal_C1_20260724_075340_f001880.jpg,S1_futsal_C1_20260724_075340,C1_sizesweep_high,,,446.0,601.0,26.0,25.0,25.49,small,402,5,none,0,,,
S1_futsal_C1_20260724_075340_f001888.jpg,S1_futsal_C1_20260724_075340,C1_sizesweep_high,,,438.0,567.0,37.0,22.0,28.53,small,397,5,none,0,,,
S1_futsal_C1_20260724_075340_f001896.jpg,S1_futsal_C1_20260724_075340,C1_sizesweep_high,,,445.0,556.0,24.0,19.0,21.35,small,383,5,none,0,,,
S1_futsal_C1_20260724_075340_f001904.jpg,S1_futsal_C1_20260724_075340,C1_sizesweep_high,,,447.0,550.0,25.0,18.0,21.21,small,392,5,none,0,,,
S1_futsal_C1_20260724_075340_f001912.jpg,S1_futsal_C1_20260724_075340,C1_sizesweep_high,,,450.0,545.0,25.0,21.0,22.91,small,393,5,none,0,,,
S1_futsal_C1_20260724_075340_f001920.jpg,S1_futsal_C1_20260724_075340,C1_sizesweep_high,,blur_moderate,446.0,545.0,29.0,25.0,26.93,small,389,5,none,0,,,
S1_futsal_C1_20260724_075340_f001928.jpg,S1_futsal_C1_20260724_075340,C1_sizesweep_high,,,452.0,546.0,22.0,21.0,21.49,small,394,5,none,0,,,
S1_futsal_C1_20260724_075340_f001936.jpg,S1_futsal_C1_20260724_075340,C1_sizesweep_high,,,451.0,550.0,24.0,15.0,18.97,small,402,5,none,0,,,
S1_futsal_C1_20260724_075340_f001944.jpg,S1_futsal_C1_20260724_075340,C1_sizesweep_high,,,453.0,549.0,21.0,19.0,19.98,small,407,5,none,0,,,
S1_futsal_C1_20260724_075340_f001952.jpg,S1_futsal_C1_20260724_075340,C1_sizesweep_high,,,450.0,550.0,27.0,21.0,23.81,small,396,5,none,0,,,
S1_futsal_C1_20260724_075340_f001960.jpg,S1_futsal_C1_20260724_075340,C1_sizesweep_high,,,455.0,551.0,21.0,22.0,21.49,small,408,5,none,0,,,
S1_futsal_C1_20260724_075340_f001968.jpg,S1_futsal_C1_20260724_075340,C1_sizesweep_high,,,448.0,551.0,24.0,20.0,21.91,small,401,5,none,0,,,
S1_futsal_C1_20260724_075340_f001976.jpg,S1_futsal_C1_20260724_075340,C1_sizesweep_high,,,447.0,550.0,25.0,18.0,21.21,small,402,5,none,0,,,
S1_futsal_C1_20260724_075340_f001984.jpg,S1_futsal_C1_20260724_075340,C1_sizesweep_high,,,429.0,545.0,29.0,22.0,25.26,small,402,5,none,0,,,
S1_futsal_C1_20260724_075340_f001992.jpg,S1_futsal_C1_20260724_075340,C1_sizesweep_high,,blur_moderate,323.0,551.0,22.0,19.0,20.45,small,389,13,none,0,,,
S1_futsal_C1_20260724_075340_f002000.jpg,S1_futsal_C1_20260724_075340,C1_sizesweep_high,,,223.0,558.0,28.0,21.0,24.25,small,394,20,none,0,,,
S1_futsal_C1_20260724_075340_f002008.jpg,S1_futsal_C1_20260724_075340,C1_sizesweep_high,,,219.0,561.0,28.0,19.0,23.07,small,391,20,none,0,,,
S1_futsal_C1_20260724_075340_f002016.jpg,S1_futsal_C1_20260724_075340,C1_sizesweep_high,,,221.0,561.0,28.0,20.0,23.66,small,397,20,none,0,,,
S1_futsal_C1_20260724_075340_f002024.jpg,S1_futsal_C1_20260724_075340,C1_sizesweep_high,,,219.0,564.0,27.0,19.0,22.65,small,397,20,none,0,,,
S1_futsal_C1_20260724_075340_f002032.jpg,S1_futsal_C1_20260724_075340,C1_sizesweep_high,,,220.0,563.0,24.0,20.0,21.91,small,401,20,none,0,,,
S1_futsal_C1_20260724_075340_f002040.jpg,S1_futsal_C1_20260724_075340,C1_sizesweep_high,,,217.0,563.0,25.0,20.0,22.36,small,397,20,none,0,,,
S1_futsal_C1_20260724_075340_f002048.jpg,S1_futsal_C1_20260724_075340,C1_sizesweep_high,,,214.0,562.0,30.0,20.0,24.49,small,395,20,none,0,,,
S1_futsal_C1_20260724_075340_f002056.jpg,S1_futsal_C1_20260724_075340,C1_sizesweep_high,,,215.0,561.0,28.0,20.0,23.66,small,396,20,none,0,,,
S1_futsal_C1_20260724_075340_f002064.jpg,S1_futsal_C1_20260724_075340,C1_sizesweep_high,,,216.0,560.0,27.0,20.0,23.24,small,388,20,none,0,,,
S1_futsal_C1_20260724_075340_f002072.jpg,S1_futsal_C1_20260724_075340,C1_sizesweep_high,,,219.0,557.0,25.0,19.0,21.79,small,395,20,none,0,,,
S1_futsal_C1_20260724_075340_f002080.jpg,S1_futsal_C1_20260724_075340,C1_sizesweep_high,,,221.0,579.0,27.0,19.0,22.65,small,394,19,none,0,,,
S1_futsal_C1_20260724_075340_f002088.jpg,S1_futsal_C1_20260724_075340,C1_sizesweep_high,,,238.0,573.0,25.0,18.0,21.21,small,395,20,none,0,,,
S1_futsal_C1_20260724_075340_f002096.jpg,S1_futsal_C1_20260724_075340,C1_sizesweep_high,,,257.0,576.0,28.0,20.0,23.66,small,403,20,none,0,,,
S1_futsal_C1_20260724_075340_f002104.jpg,S1_futsal_C1_20260724_075340,C1_sizesweep_high,,,283.0,581.0,22.0,19.0,20.45,small,404,19,none,0,,,
S1_futsal_C1_20260724_075340_f002112.jpg,S1_futsal_C1_20260724_075340,C1_sizesweep_high,,,311.0,569.0,25.0,25.0,25.0,small,403,20,none,0,,,
S1_futsal_C1_20260724_075340_f002120.jpg,S1_futsal_C1_20260724_075340,C1_sizesweep_high,,,330.0,563.0,34.0,23.0,27.96,small,405,20,none,0,,,
S1_futsal_C1_20260724_075340_f002128.jpg,S1_futsal_C1_20260724_075340,C1_sizesweep_high,,,358.0,561.0,31.0,22.0,26.12,small,402,20,none,0,,,
S1_futsal_C1_20260724_075340_f002136.jpg,S1_futsal_C1_20260724_075340,C1_sizesweep_high,,,394.0,561.0,24.0,20.0,21.91,small,397,20,none,0,,,
S1_futsal_C1_20260724_075340_f002144.jpg,S1_futsal_C1_20260724_075340,C1_sizesweep_high,,,418.0,561.0,30.0,19.0,23.87,small,401,20,none,0,,,
S1_futsal_C1_20260724_075340_f002152.jpg,S1_futsal_C1_20260724_075340,C1_sizesweep_high,,,448.0,560.0,30.0,19.0,23.87,small,397,20,none,0,,,
S1_futsal_C1_20260724_075340_f002160.jpg,S1_futsal_C1_20260724_075340,C1_sizesweep_high,,,480.0,558.0,33.0,22.0,26.94,small,392,20,none,0,,,
S1_futsal_C1_20260724_075340_f002168.jpg,S1_futsal_C1_20260724_075340,C1_sizesweep_high,,,498.0,558.0,31.0,19.0,24.27,small,388,20,none,0,,,
S1_futsal_C1_20260724_075340_f002176.jpg,S1_futsal_C1_20260724_075340,C1_sizesweep_high,,,501.0,554.0,33.0,24.0,28.14,small,392,20,none,0,,,
S1_futsal_C1_20260724_075340_f002184.jpg,S1_futsal_C1_20260724_075340,C1_sizesweep_high,,,506.0,563.0,31.0,19.0,24.27,small,402,20,none,0,,,
S1_futsal_C1_20260724_075340_f002192.jpg,S1_futsal_C1_20260724_075340,C1_sizesweep_high,,,507.4,568.02,32.99,21.61,26.7,small,388,20,none,0,,,
S1_futsal_C1_20260724_075340_f002200.jpg,S1_futsal_C1_20260724_075340,C1_sizesweep_high,,,510.0,578.0,33.0,21.0,26.33,small,388,20,none,0,,,
S1_futsal_C1_20260724_075340_f002208.jpg,S1_futsal_C1_20260724_075340,C1_sizesweep_high,,,512.0,590.0,33.0,22.0,26.94,small,388,20,none,0,,,
S1_futsal_C1_20260724_075340_f002216.jpg,S1_futsal_C1_20260724_075340,C1_sizesweep_high,,,515.0,605.0,34.0,22.0,27.35,small,389,20,none,0,,,
S1_futsal_C1_20260724_075340_f002224.jpg,S1_futsal_C1_20260724_075340,C1_sizesweep_high,,,519.0,615.0,33.0,24.0,28.14,small,387,20,none,0,,,
S1_futsal_C1_20260724_075340_f002232.jpg,S1_futsal_C1_20260724_075340,C1_sizesweep_high,,,525.0,642.0,24.0,19.0,21.35,small,393,20,none,0,,,
S1_futsal_C1_20260724_075340_f002240.jpg,S1_futsal_C1_20260724_075340,C1_sizesweep_high,,,523.0,643.0,30.0,22.0,25.69,small,394,20,none,0,,,
S1_futsal_C1_20260724_075340_f002248.jpg,S1_futsal_C1_20260724_075340,C1_sizesweep_high,,,520.0,660.0,37.0,28.0,32.19,medium,399,20,none,0,,,
S1_futsal_C1_20260724_075340_f002256.jpg,S1_futsal_C1_20260724_075340,C1_sizesweep_high,,,511.0,651.0,36.0,30.0,32.86,medium,401,20,none,0,,,
S1_futsal_C1_20260724_075340_f002264.jpg,S1_futsal_C1_20260724_075340,C1_sizesweep_high,,,484.0,642.0,37.0,28.0,32.19,medium,387,20,none,0,,,
S1_futsal_C1_20260724_075340_f002272.jpg,S1_futsal_C1_20260724_075340,C1_sizesweep_high,,,461.0,640.0,33.0,33.0,33.0,medium,392,20,none,0,,,
S1_futsal_C1_20260724_075340_f002280.jpg,S1_futsal_C1_20260724_075340,C1_sizesweep_high,,,432.0,642.0,36.0,28.0,31.75,small,397,20,none,0,,,
S1_futsal_C1_20260724_075340_f002288.jpg,S1_futsal_C1_20260724_075340,C1_sizesweep_high,,,403.0,641.0,34.0,30.0,31.94,small,389,20,none,0,,,
S1_futsal_C1_20260724_075340_f002296.jpg,S1_futsal_C1_20260724_075340,C1_sizesweep_high,,,369.0,644.0,37.0,22.0,28.53,small,393,20,none,0,,,
S1_futsal_C1_20260724_075340_f002304.jpg,S1_futsal_C1_20260724_075340,C1_sizesweep_high,,,333.0,644.0,33.0,25.0,28.72,small,391,20,none,0,,,
S1_futsal_C1_20260724_075340_f002312.jpg,S1_futsal_C1_20260724_075340,C1_sizesweep_high,,,303.0,645.0,31.0,24.0,27.28,small,398,20,none,0,,,
S1_futsal_C1_20260724_075340_f002320.jpg,S1_futsal_C1_20260724_075340,C1_sizesweep_high,,,273.0,648.0,28.0,23.0,25.38,small,389,20,none,0,,,
S1_futsal_C1_20260724_075340_f002328.jpg,S1_futsal_C1_20260724_075340,C1_sizesweep_high,,,246.0,650.0,28.0,22.0,24.82,small,395,20,none,0,,,
S1_futsal_C1_20260724_075340_f002336.jpg,S1_futsal_C1_20260724_075340,C1_sizesweep_high,,,212.0,651.0,28.0,22.0,24.82,small,396,20,none,0,,,
S1_futsal_C1_20260724_075340_f002344.jpg,S1_futsal_C1_20260724_075340,C1_sizesweep_high,,,179.0,651.0,28.0,22.0,24.82,small,399,20,none,0,,,
S1_futsal_C1_20260724_075340_f002352.jpg,S1_futsal_C1_20260724_075340,C1_sizesweep_high,,blur_moderate,145.0,655.0,28.0,25.0,26.46,small,397,20,none,0,,,
S1_futsal_C1_20260724_075340_f002360.jpg,S1_futsal_C1_20260724_075340,C1_sizesweep_high,,,130.0,660.0,31.0,25.0,27.84,small,406,20,none,0,,,
S1_futsal_C1_20260724_075340_f002368.jpg,S1_futsal_C1_20260724_075340,C1_sizesweep_high,,,116.25,668.11,33.16,26.63,29.71,small,400,19,none,0,,,
S1_futsal_C1_20260724_075340_f002376.jpg,S1_futsal_C1_20260724_075340,C1_sizesweep_high,,,105.0,684.0,28.0,24.0,25.92,small,397,19,none,0,,,
S1_futsal_C1_20260724_075340_f002384.jpg,S1_futsal_C1_20260724_075340,C1_sizesweep_high,,,101.0,685.0,28.0,24.0,25.92,small,402,20,none,0,,,
S1_futsal_C1_20260724_075340_f002392.jpg,S1_futsal_C1_20260724_075340,C1_sizesweep_high,,,98.0,685.0,28.0,24.0,25.92,small,398,20,none,0,,,
S1_futsal_C1_20260724_075340_f002408.jpg,S1_futsal_C1_20260724_075340,C1_sizesweep_high,,,89.0,687.0,28.0,24.0,25.92,small,390,20,none,0,,,
S1_futsal_C1_20260724_075340_f002416.jpg,S1_futsal_C1_20260724_075340,C1_sizesweep_high,,,90.0,693.0,28.0,24.0,25.92,small,392,20,none,0,,,
S1_futsal_C1_20260724_075340_f002432.jpg,S1_futsal_C1_20260724_075340,C1_sizesweep_high,,,112.0,706.0,34.0,14.0,21.82,small,403,20,none,0,,,
S1_futsal_C1_20260724_075340_f002440.jpg,S1_futsal_C1_20260724_075340,C1_sizesweep_high,,,147.0,700.0,34.0,18.0,24.74,small,405,20,none,0,,,
S1_futsal_C1_20260724_075340_f002448.jpg,S1_futsal_C1_20260724_075340,C1_sizesweep_high,,,188.0,699.0,33.0,18.0,24.37,small,400,20,none,0,,,
S1_futsal_C1_20260724_075340_f002456.jpg,S1_futsal_C1_20260724_075340,C1_sizesweep_high,,,222.0,692.0,34.0,25.0,29.15,small,400,20,none,0,,,
S1_futsal_C1_20260724_075340_f002464.jpg,S1_futsal_C1_20260724_075340,C1_sizesweep_high,,,261.0,687.0,31.0,29.0,29.98,small,394,20,none,0,,,
S1_futsal_C1_20260724_075340_f002472.jpg,S1_futsal_C1_20260724_075340,C1_sizesweep_high,,,300.24,686.0,35.2,30.1,32.55,medium,386,20,none,0,,,
S1_futsal_C1_20260724_075340_f002480.jpg,S1_futsal_C1_20260724_075340,C1_sizesweep_high,,,338.0,705.0,28.0,15.0,20.49,small,395,20,none,0,,,
S1_futsal_C1_20260724_075340_f002504.jpg,S1_futsal_C1_20260724_075340,C1_sizesweep_high,,,380.0,705.0,28.0,15.0,20.49,small,398,20,none,0,,,
S1_futsal_C1_20260724_075340_f002512.jpg,S1_futsal_C1_20260724_075340,C1_sizesweep_high,,,381.0,695.0,31.0,24.0,27.28,small,401,20,none,0,,,
S1_futsal_C1_20260724_075340_f002520.jpg,S1_futsal_C1_20260724_075340,C1_sizesweep_high,,,387.0,678.0,27.0,22.0,24.37,small,400,20,none,0,,,
S1_futsal_C1_20260724_075340_f002528.jpg,S1_futsal_C1_20260724_075340,C1_sizesweep_high,,,390.0,658.0,30.0,23.0,26.27,small,408,20,none,0,,,
S1_futsal_C1_20260724_075340_f002536.jpg,S1_futsal_C1_20260724_075340,C1_sizesweep_high,,blur_moderate,393.0,601.0,31.0,22.0,26.12,small,390,20,none,0,,,
S1_futsal_C1_20260724_075340_f002544.jpg,S1_futsal_C1_20260724_075340,C1_sizesweep_high,,,396.0,592.0,31.0,21.0,25.51,small,396,20,none,0,,,
S1_futsal_C1_20260724_075340_f002552.jpg,S1_futsal_C1_20260724_075340,C1_sizesweep_high,,,408.0,587.0,28.0,20.0,23.66,small,396,20,none,0,,,
S1_futsal_C1_20260724_075340_f002560.jpg,S1_futsal_C1_20260724_075340,C1_sizesweep_high,,,427.0,578.0,30.0,21.0,25.1,small,391,20,none,0,,,
S1_futsal_C1_20260724_075340_f002568.jpg,S1_futsal_C1_20260724_075340,C1_sizesweep_high,,,450.0,576.0,31.0,21.0,25.51,small,393,20,none,0,,,
S1_futsal_C1_20260724_075340_f002576.jpg,S1_futsal_C1_20260724_075340,C1_sizesweep_high,,,480.0,573.0,31.0,23.0,26.7,small,387,20,none,0,,,
S1_futsal_C1_20260724_075340_f002584.jpg,S1_futsal_C1_20260724_075340,C1_sizesweep_high,,,506.0,583.0,28.0,21.0,24.25,small,395,20,none,0,,,
S1_futsal_C1_20260724_075340_f002592.jpg,S1_futsal_C1_20260724_075340,C1_sizesweep_high,,,523.0,578.0,30.0,19.0,23.87,small,397,20,none,0,,,
S1_futsal_C1_20260724_075340_f002600.jpg,S1_futsal_C1_20260724_075340,C1_sizesweep_high,,,533.0,584.0,31.0,23.0,26.7,small,396,20,none,0,,,
S1_futsal_C1_20260724_075340_f002608.jpg,S1_futsal_C1_20260724_075340,C1_sizesweep_high,,,548.0,586.0,34.0,22.0,27.35,small,388,20,none,0,,,
S1_futsal_C1_20260724_075340_f002616.jpg,S1_futsal_C1_20260724_075340,C1_sizesweep_high,,,574.0,575.0,30.0,19.0,23.87,small,399,20,none,0,,,
S1_futsal_C1_20260724_075340_f002624.jpg,S1_futsal_C1_20260724_075340,C1_sizesweep_high,,,591.0,578.0,39.0,24.0,30.59,small,393,20,none,0,,,
S1_futsal_C1_20260724_075340_f002632.jpg,S1_futsal_C1_20260724_075340,C1_sizesweep_high,,,607.0,586.0,31.0,22.0,26.12,small,400,20,none,0,,,
S1_futsal_C1_20260724_075340_f002640.jpg,S1_futsal_C1_20260724_075340,C1_sizesweep_high,,,612.0,582.0,37.0,24.0,29.8,small,395,19,none,0,,,
S1_futsal_C1_20260724_075340_f002648.jpg,S1_futsal_C1_20260724_075340,C1_sizesweep_high,,,620.0,574.0,27.0,20.0,23.24,small,392,20,none,0,,,
S1_futsal_C1_20260724_075340_f002656.jpg,S1_futsal_C1_20260724_075340,C1_sizesweep_high,,,618.0,574.0,33.0,24.0,28.14,small,390,20,none,0,,,
S1_futsal_C1_20260724_075340_f002664.jpg,S1_futsal_C1_20260724_075340,C1_sizesweep_high,,,619.0,579.0,34.0,22.0,27.35,small,392,20,none,0,,,
S1_futsal_C1_20260724_075340_f002672.jpg,S1_futsal_C1_20260724_075340,C1_sizesweep_high,,,618.0,582.0,37.0,22.0,28.53,small,395,20,none,0,,,
S1_futsal_C1_20260724_075340_f002680.jpg,S1_futsal_C1_20260724_075340,C1_sizesweep_high,,,626.0,579.0,34.0,22.0,27.35,small,385,20,none,0,,,
S1_futsal_C1_20260724_075340_f002688.jpg,S1_futsal_C1_20260724_075340,C1_sizesweep_high,,,627.0,575.0,40.0,23.0,30.33,small,375,20,none,0,,,
S1_futsal_C1_20260724_075340_f002696.jpg,S1_futsal_C1_20260724_075340,C1_sizesweep_high,,,634.0,549.0,37.0,25.0,30.41,small,330,20,none,0,,,
S1_futsal_C1_20260724_075340_f002704.jpg,S1_futsal_C1_20260724_075340,C1_sizesweep_high,,,563.0,502.0,39.0,21.0,28.62,small,284,24,none,0,,,
S1_futsal_C1_20260724_075340_f002712.jpg,S1_futsal_C1_20260724_075340,C1_sizesweep_high,,blur_heavy,428.0,479.0,24.0,13.0,17.66,small,228,34,none,0,,,
S1_futsal_C1_20260724_075340_f002720.jpg,S1_futsal_C1_20260724_075340,C1_sizesweep_high,,blur_moderate,392.14,411.71,36.56,17.2,25.08,small,194,36,none,0,,,
S1_futsal_C1_20260724_075340_f002728.jpg,S1_futsal_C1_20260724_075340,C1_sizesweep_high,,,379.0,380.0,36.0,15.0,23.24,small,162,36,none,0,,,
S1_futsal_C1_20260724_075340_f002736.jpg,S1_futsal_C1_20260724_075340,C1_sizesweep_high,,,376.0,348.0,36.0,16.0,24.0,small,138,36,none,0,,,
S1_futsal_C1_20260724_075340_f002744.jpg,S1_futsal_C1_20260724_075340,C1_sizesweep_high,,,371.0,335.0,37.0,20.0,27.2,small,130,36,none,0,,,
S1_futsal_C1_20260724_075340_f002752.jpg,S1_futsal_C1_20260724_075340,C1_sizesweep_high,,,369.0,331.0,37.0,18.0,25.81,small,123,36,none,0,,,
S1_futsal_C1_20260724_075340_f002760.jpg,S1_futsal_C1_20260724_075340,C1_sizesweep_high,,,373.42,322.57,34.29,17.55,24.53,small,116,36,none,0,,,
S1_futsal_C1_20260724_075340_f002768.jpg,S1_futsal_C1_20260724_075340,C1_sizesweep_high,,,370.0,311.0,37.0,18.0,25.81,small,111,36,none,0,,,
S1_futsal_C1_20260724_075340_f002776.jpg,S1_futsal_C1_20260724_075340,C1_sizesweep_high,,,372.45,301.2,38.96,18.67,26.97,small,103,36,none,0,,,
S1_futsal_C1_20260724_075340_f002784.jpg,S1_futsal_C1_20260724_075340,C1_sizesweep_high,,,377.0,284.0,34.0,15.0,22.58,small,91,36,none,0,,,
S1_futsal_C1_20260724_075340_f002792.jpg,S1_futsal_C1_20260724_075340,C1_sizesweep_high,,,376.0,267.0,36.0,15.0,23.24,small,79,36,none,0,,,
S1_futsal_C1_20260724_075340_f002800.jpg,S1_futsal_C1_20260724_075340,C1_sizesweep_high,,,375.0,248.0,39.0,15.0,24.19,small,63,36,none,0,,,
S1_futsal_C1_20260724_075340_f002808.jpg,S1_futsal_C1_20260724_075340,C1_sizesweep_high,,,375.0,230.0,40.0,15.0,24.49,small,50,36,none,0,,,
S1_futsal_C1_20260724_075340_f002816.jpg,S1_futsal_C1_20260724_075340,C1_sizesweep_high,,blur_heavy,374.0,208.0,34.0,15.0,22.58,small,37,37,none,0,,,
S1_futsal_C1_20260724_075340_f002824.jpg,S1_futsal_C1_20260724_075340,C1_sizesweep_high,,blur_moderate,373.0,195.0,36.0,16.0,24.0,small,28,36,none,0,,,
S1_futsal_C1_20260724_075340_f002832.jpg,S1_futsal_C1_20260724_075340,C1_sizesweep_high,,blur_moderate,373.0,194.0,34.0,15.0,22.58,small,25,36,none,0,,,
S1_futsal_C1_20260724_075340_f002840.jpg,S1_futsal_C1_20260724_075340,C1_sizesweep_high,,blur_moderate,373.0,195.0,36.0,14.0,22.45,small,26,36,none,0,,,
S1_futsal_C1_20260724_075340_f002848.jpg,S1_futsal_C1_20260724_075340,C1_sizesweep_high,,blur_moderate,376.0,195.0,37.0,15.0,23.56,small,27,36,none,0,,,
S1_futsal_C1_20260724_075340_f002856.jpg,S1_futsal_C1_20260724_075340,C1_sizesweep_high,,,377.0,195.0,37.0,15.0,23.56,small,27,36,none,0,,,
S1_futsal_C1_20260724_075340_f002864.jpg,S1_futsal_C1_20260724_075340,C1_sizesweep_high,,,376.0,194.0,37.0,15.0,23.56,small,27,36,none,0,,,
S1_futsal_C1_20260724_075340_f002872.jpg,S1_futsal_C1_20260724_075340,C1_sizesweep_high,,blur_moderate,378.0,195.0,36.0,14.0,22.45,small,26,36,none,0,,,
S1_futsal_C1_20260724_075340_f002880.jpg,S1_futsal_C1_20260724_075340,C1_sizesweep_high,,blur_moderate,377.0,193.0,39.0,15.0,24.19,small,26,36,none,0,,,
S1_futsal_C1_20260724_075340_f002888.jpg,S1_futsal_C1_20260724_075340,C1_sizesweep_high,,,375.0,193.0,39.0,18.0,26.5,small,26,36,none,0,,,
S1_futsal_C1_20260724_075340_f002896.jpg,S1_futsal_C1_20260724_075340,C1_sizesweep_high,,blur_moderate,374.0,195.0,37.0,15.0,23.56,small,27,36,none,0,,,
S1_futsal_C1_20260724_075340_f002904.jpg,S1_futsal_C1_20260724_075340,C1_sizesweep_high,,,371.0,197.0,40.0,16.0,25.3,small,28,36,none,0,,,
S1_futsal_C1_20260724_075340_f002912.jpg,S1_futsal_C1_20260724_075340,C1_sizesweep_high,,,366.0,198.0,40.0,16.0,25.3,small,28,36,none,0,,,
S1_futsal_C1_20260724_075340_f002920.jpg,S1_futsal_C1_20260724_075340,C1_sizesweep_high,,,364.0,199.0,42.0,15.0,25.1,small,28,36,none,0,,,
S1_futsal_C1_20260724_075340_f002928.jpg,S1_futsal_C1_20260724_075340,C1_sizesweep_high,,,365.0,197.0,40.0,16.0,25.3,small,27,36,none,0,,,
S1_futsal_C1_20260724_075340_f002936.jpg,S1_futsal_C1_20260724_075340,C1_sizesweep_high,,,366.0,197.0,40.0,14.0,23.66,small,27,36,none,0,,,
S1_futsal_C1_20260724_075340_f002944.jpg,S1_futsal_C1_20260724_075340,C1_sizesweep_high,,blur_moderate,369.0,197.0,37.0,14.0,22.76,small,27,37,none,0,,,
S1_futsal_C1_20260724_075340_f002952.jpg,S1_futsal_C1_20260724_075340,C1_sizesweep_high,,,370.0,196.0,40.0,16.0,25.3,small,27,36,none,0,,,
S1_futsal_C1_20260724_075340_f002960.jpg,S1_futsal_C1_20260724_075340,C1_sizesweep_high,,blur_moderate,371.0,195.0,40.0,15.0,24.49,small,27,37,none,0,,,
S1_futsal_C1_20260724_075340_f002968.jpg,S1_futsal_C1_20260724_075340,C1_sizesweep_high,,blur_moderate,371.0,194.0,40.0,16.0,25.3,small,26,37,none,0,,,
S1_futsal_C1_20260724_075340_f002976.jpg,S1_futsal_C1_20260724_075340,C1_sizesweep_high,,blur_moderate,370.0,193.0,42.0,15.0,25.1,small,25,36,none,0,,,
S1_futsal_C1_20260724_075340_f002984.jpg,S1_futsal_C1_20260724_075340,C1_sizesweep_high,,,373.0,194.0,40.0,16.0,25.3,small,25,36,none,0,,,
S1_futsal_C1_20260724_075340_f002992.jpg,S1_futsal_C1_20260724_075340,C1_sizesweep_high,,,373.0,195.0,37.0,15.0,23.56,small,27,36,none,0,,,
S1_futsal_C1_20260724_075340_f003000.jpg,S1_futsal_C1_20260724_075340,C1_sizesweep_high,,,371.0,197.0,37.0,14.0,22.76,small,28,36,none,0,,,
S1_futsal_C1_20260724_075340_f003008.jpg,S1_futsal_C1_20260724_075340,C1_sizesweep_high,,blur_moderate,369.0,197.0,40.0,16.0,25.3,small,28,36,none,0,,,
S1_futsal_C1_20260724_075340_f003016.jpg,S1_futsal_C1_20260724_075340,C1_sizesweep_high,,blur_moderate,367.0,198.0,43.0,16.0,26.23,small,28,36,none,0,,,
S1_futsal_C1_20260724_075340_f003024.jpg,S1_futsal_C1_20260724_075340,C1_sizesweep_high,,blur_moderate,369.0,193.0,40.0,18.0,26.83,small,28,36,none,0,,,
S1_futsal_C1_20260724_075340_f003032.jpg,S1_futsal_C1_20260724_075340,C1_sizesweep_high,,blur_moderate,366.0,193.0,42.0,18.0,27.5,small,27,36,none,0,,,
S1_futsal_C1_20260724_075340_f003040.jpg,S1_futsal_C1_20260724_075340,C1_sizesweep_high,,blur_moderate,367.0,192.0,40.0,16.0,25.3,small,27,36,none,0,,,
S1_futsal_C1_20260724_075340_f003048.jpg,S1_futsal_C1_20260724_075340,C1_sizesweep_high,,blur_moderate,366.0,190.0,43.0,19.0,28.58,small,26,36,none,0,,,
S1_futsal_C1_20260724_075340_f003056.jpg,S1_futsal_C1_20260724_075340,C1_sizesweep_high,,blur_moderate,363.0,189.0,45.0,19.0,29.24,small,26,36,none,0,,,
S1_futsal_C1_20260724_075340_f003064.jpg,S1_futsal_C1_20260724_075340,C1_sizesweep_high,,blur_moderate,362.0,190.0,46.0,20.0,30.33,small,25,36,none,0,,,
S1_futsal_C1_20260724_075340_f003072.jpg,S1_futsal_C1_20260724_075340,C1_sizesweep_high,,blur_moderate,363.0,190.0,46.0,19.0,29.56,small,25,36,none,0,,,
S1_futsal_C1_20260724_075340_f003080.jpg,S1_futsal_C1_20260724_075340,C1_sizesweep_high,,blur_moderate,363.0,192.0,46.0,20.0,30.33,small,25,36,none,0,,,
S1_futsal_C1_20260724_075340_f003088.jpg,S1_futsal_C1_20260724_075340,C1_sizesweep_high,,blur_moderate,362.0,192.0,46.0,19.0,29.56,small,25,36,none,0,,,
S1_futsal_C1_20260724_075340_f003096.jpg,S1_futsal_C1_20260724_075340,C1_sizesweep_high,,blur_moderate,357.0,196.0,51.0,21.0,32.73,medium,26,36,none,0,,,
S1_futsal_C1_20260724_075340_f003104.jpg,S1_futsal_C1_20260724_075340,C1_sizesweep_high,,blur_moderate,351.0,199.0,51.0,21.0,32.73,medium,27,36,none,0,,,
S1_futsal_C1_20260724_075340_f003112.jpg,S1_futsal_C1_20260724_075340,C1_sizesweep_high,,blur_moderate,347.0,203.0,52.0,21.0,33.05,medium,28,36,none,0,,,
S1_futsal_C1_20260724_075340_f003120.jpg,S1_futsal_C1_20260724_075340,C1_sizesweep_high,,blur_moderate,344.0,205.0,52.0,21.0,33.05,medium,28,36,none,0,,,
S1_futsal_C1_20260724_075340_f003128.jpg,S1_futsal_C1_20260724_075340,C1_sizesweep_high,,blur_moderate,339.0,209.0,55.0,22.0,34.79,medium,28,37,none,0,,,
S1_futsal_C1_20260724_075340_f003136.jpg,S1_futsal_C1_20260724_075340,C1_sizesweep_high,,blur_moderate,332.0,212.0,58.0,23.0,36.52,medium,29,37,none,0,,,
S1_futsal_C1_20260724_075340_f003144.jpg,S1_futsal_C1_20260724_075340,C1_sizesweep_high,,blur_heavy,329.0,216.0,58.0,23.0,36.52,medium,29,37,none,0,,,
S1_futsal_C1_20260724_075340_f003152.jpg,S1_futsal_C1_20260724_075340,C1_sizesweep_high,,blur_heavy,320.0,218.0,58.0,24.0,37.31,medium,29,37,none,0,,,
S1_futsal_C1_20260724_075340_f003160.jpg,S1_futsal_C1_20260724_075340,C1_sizesweep_high,,blur_heavy,317.0,220.0,61.0,24.0,38.26,medium,29,37,none,0,,,
S1_futsal_C1_20260724_075340_f003168.jpg,S1_futsal_C1_20260724_075340,C1_sizesweep_high,,blur_moderate,315.0,222.0,67.0,24.0,40.1,medium,29,36,none,0,,,
S1_futsal_C1_20260724_075340_f003176.jpg,S1_futsal_C1_20260724_075340,C1_sizesweep_high,,blur_heavy,327.0,227.0,61.0,25.0,39.05,medium,30,36,none,0,,,
S1_futsal_C1_20260724_075340_f003184.jpg,S1_futsal_C1_20260724_075340,C1_sizesweep_high,,blur_heavy,347.0,230.0,63.0,27.0,41.24,medium,31,36,none,0,,,
S1_futsal_C1_20260724_075340_f003192.jpg,S1_futsal_C1_20260724_075340,C1_sizesweep_high,,blur_moderate,362.0,235.0,64.0,23.0,38.37,medium,32,36,none,0,,,
S1_futsal_C1_20260724_075340_f003200.jpg,S1_futsal_C1_20260724_075340,C1_sizesweep_high,,blur_heavy,390.0,235.0,66.0,23.0,38.96,medium,32,36,none,0,,,
S1_futsal_C1_20260724_075340_f003208.jpg,S1_futsal_C1_20260724_075340,C1_sizesweep_high,,blur_heavy,410.0,231.0,64.0,27.0,41.57,medium,31,36,none,0,,,
S1_futsal_C1_20260724_075340_f003216.jpg,S1_futsal_C1_20260724_075340,C1_sizesweep_high,,blur_heavy,433.0,229.0,66.0,24.0,39.8,medium,30,37,none,0,,,
S1_futsal_C1_20260724_075340_f003224.jpg,S1_futsal_C1_20260724_075340,C1_sizesweep_high,,blur_heavy,449.0,225.0,70.0,25.0,41.83,medium,29,36,none,0,,,
S1_futsal_C1_20260724_075340_f003232.jpg,S1_futsal_C1_20260724_075340,C1_sizesweep_high,,blur_moderate,465.0,223.0,67.0,24.0,40.1,medium,27,36,none,0,,,
S1_futsal_C1_20260724_075340_f003240.jpg,S1_futsal_C1_20260724_075340,C1_sizesweep_high,,blur_moderate,471.0,223.0,70.0,24.0,40.99,medium,27,36,none,0,,,
S1_futsal_C1_20260724_075340_f003248.jpg,S1_futsal_C1_20260724_075340,C1_sizesweep_high,,blur_moderate,476.0,222.0,70.0,25.0,41.83,medium,23,36,none,0,,,
S1_futsal_C1_20260724_075340_f003256.jpg,S1_futsal_C1_20260724_075340,C1_sizesweep_high,,blur_heavy,478.0,200.0,70.0,25.0,41.83,medium,17,36,none,0,,,
S1_futsal_C1_20260724_075340_f003264.jpg,S1_futsal_C1_20260724_075340,C1_sizesweep_high,,blur_heavy,479.0,169.0,70.0,27.0,43.47,medium,10,36,none,0,,,
S1_futsal_C1_20260724_075340_f003272.jpg,S1_futsal_C1_20260724_075340,C1_sizesweep_high,,blur_heavy,470.0,144.0,68.0,34.0,48.08,medium,10,37,none,0,,,
S1_futsal_C1_20260724_075340_f003280.jpg,S1_futsal_C1_20260724_075340,C1_sizesweep_high,,blur_heavy,444.0,146.0,62.0,24.0,38.57,medium,10,40,none,0,,,
S1_futsal_C1_20260724_075340_f003288.jpg,S1_futsal_C1_20260724_075340,C1_sizesweep_high,,blur_heavy,440.0,146.0,67.0,24.0,40.1,medium,10,40,none,0,,,
S1_futsal_C1_20260724_075340_f003296.jpg,S1_futsal_C1_20260724_075340,C1_sizesweep_high,,blur_heavy,420.0,151.0,74.0,28.0,45.52,medium,10,40,none,0,,,
S1_futsal_C1_20260724_075340_f003304.jpg,S1_futsal_C1_20260724_075340,C1_sizesweep_high,,blur_heavy,427.0,150.0,64.0,28.0,42.33,medium,10,40,none,0,,,
S1_futsal_C1_20260724_075340_f003312.jpg,S1_futsal_C1_20260724_075340,C1_sizesweep_high,,blur_heavy,420.0,145.0,78.0,36.0,52.99,medium,10,40,none,0,,,
S1_futsal_C1_20260724_075340_f003320.jpg,S1_futsal_C1_20260724_075340,C1_sizesweep_high,,blur_heavy,425.0,149.0,68.0,31.0,45.91,medium,10,40,none,0,,,
S1_futsal_C3cleanH_20260727_081120_f000014.jpg,S1_futsal_C3cleanH_20260727_081120,C3_PAIR_clean,S1_pair_sec000,blur_moderate,784.0,153.0,82.0,23.0,43.43,medium,10,0,none,0,,,
S1_futsal_C3cleanH_20260727_081120_f000021.jpg,S1_futsal_C3cleanH_20260727_081120,C3_PAIR_clean,S1_pair_sec000,blur_moderate,783.0,153.0,84.0,23.0,43.95,medium,10,0,none,0,,,
S1_futsal_C3cleanH_20260727_081120_f000028.jpg,S1_futsal_C3cleanH_20260727_081120,C3_PAIR_clean,S1_pair_sec000,blur_moderate,786.0,153.0,81.0,23.0,43.16,medium,10,0,none,0,,,
S1_futsal_C3cleanH_20260727_081120_f000035.jpg,S1_futsal_C3cleanH_20260727_081120,C3_PAIR_clean,S1_pair_sec000,blur_moderate,786.0,153.0,81.0,23.0,43.16,medium,10,0,none,0,,,
S1_futsal_C3cleanH_20260727_081120_f000042.jpg,S1_futsal_C3cleanH_20260727_081120,C3_PAIR_clean,S1_pair_sec000,blur_moderate,786.0,153.0,79.0,23.0,42.63,medium,10,0,none,0,,,
S1_futsal_C3cleanH_20260727_081120_f000049.jpg,S1_futsal_C3cleanH_20260727_081120,C3_PAIR_clean,S1_pair_sec000,blur_moderate,786.0,151.0,79.0,24.0,43.54,medium,10,0,none,0,,,
S1_futsal_C3cleanH_20260727_081120_f000056.jpg,S1_futsal_C3cleanH_20260727_081120,C3_PAIR_clean,S1_pair_sec000,blur_moderate,785.0,153.0,82.0,23.0,43.43,medium,10,0,none,0,,,
S1_futsal_C3cleanH_20260727_081120_f000063.jpg,S1_futsal_C3cleanH_20260727_081120,C3_PAIR_clean,S1_pair_sec000,,786.0,153.0,79.0,23.0,42.63,medium,10,0,none,0,,,
S1_futsal_C3cleanH_20260727_081120_f000070.jpg,S1_futsal_C3cleanH_20260727_081120,C3_PAIR_clean,S1_pair_sec000,blur_moderate,785.0,151.0,81.0,24.0,44.09,medium,10,0,none,0,,,
S1_futsal_C3cleanH_20260727_081120_f000077.jpg,S1_futsal_C3cleanH_20260727_081120,C3_PAIR_clean,S1_pair_sec000,blur_moderate,784.0,153.0,82.0,23.0,43.43,medium,10,0,none,0,,,
S1_futsal_C3cleanH_20260727_081120_f000084.jpg,S1_futsal_C3cleanH_20260727_081120,C3_PAIR_clean,S1_pair_sec000,blur_moderate,786.0,153.0,81.0,23.0,43.16,medium,10,0,none,0,,,
S1_futsal_C3cleanH_20260727_081120_f000091.jpg,S1_futsal_C3cleanH_20260727_081120,C3_PAIR_clean,S1_pair_sec000,blur_moderate,784.0,153.0,82.0,23.0,43.43,medium,10,0,none,0,,,
S1_futsal_C3cleanH_20260727_081120_f000098.jpg,S1_futsal_C3cleanH_20260727_081120,C3_PAIR_clean,S1_pair_sec000,blur_moderate,783.0,153.0,82.0,23.0,43.43,medium,10,0,none,0,,,
S1_futsal_C3cleanH_20260727_081120_f000105.jpg,S1_futsal_C3cleanH_20260727_081120,C3_PAIR_clean,S1_pair_sec000,blur_moderate,785.0,153.0,81.0,23.0,43.16,medium,10,0,none,0,,,
S1_futsal_C3cleanH_20260727_081120_f000112.jpg,S1_futsal_C3cleanH_20260727_081120,C3_PAIR_clean,S1_pair_sec000,blur_moderate,785.0,153.0,81.0,23.0,43.16,medium,10,0,none,0,,,
S1_futsal_C3cleanH_20260727_081120_f000119.jpg,S1_futsal_C3cleanH_20260727_081120,C3_PAIR_clean,S1_pair_sec000,blur_moderate,710.0,366.0,73.0,28.0,45.21,medium,82,0,none,0,,,
S1_futsal_C3cleanH_20260727_081120_f000126.jpg,S1_futsal_C3cleanH_20260727_081120,C3_PAIR_clean,S1_pair_sec000,,711.0,366.0,73.0,27.0,44.4,medium,82,0,none,0,,,
S1_futsal_C3cleanH_20260727_081120_f000133.jpg,S1_futsal_C3cleanH_20260727_081120,C3_PAIR_clean,S1_pair_sec000,,707.0,366.0,75.0,27.0,45.0,medium,83,0,none,0,,,
S1_futsal_C3cleanH_20260727_081120_f000140.jpg,S1_futsal_C3cleanH_20260727_081120,C3_PAIR_clean,S1_pair_sec000,,708.0,368.0,73.0,28.0,45.21,medium,83,0,none,0,,,
S1_futsal_C3cleanH_20260727_081120_f000147.jpg,S1_futsal_C3cleanH_20260727_081120,C3_PAIR_clean,S1_pair_sec000,,705.0,368.0,75.0,27.0,45.0,medium,84,0,none,0,,,
S1_futsal_C3cleanH_20260727_081120_f000154.jpg,S1_futsal_C3cleanH_20260727_081120,C3_PAIR_clean,S1_pair_sec000,,705.0,368.0,75.0,29.0,46.64,medium,84,0,none,0,,,
S1_futsal_C3cleanH_20260727_081120_f000161.jpg,S1_futsal_C3cleanH_20260727_081120,C3_PAIR_clean,S1_pair_sec000,blur_moderate,703.0,372.0,79.0,28.0,47.03,medium,85,0,none,0,,,
S1_futsal_C3cleanH_20260727_081120_f000168.jpg,S1_futsal_C3cleanH_20260727_081120,C3_PAIR_clean,S1_pair_sec000,blur_moderate,699.0,388.0,76.0,28.0,46.13,medium,94,0,none,0,,,
S1_futsal_C3cleanH_20260727_081120_f000175.jpg,S1_futsal_C3cleanH_20260727_081120,C3_PAIR_clean,S1_pair_sec000,,696.0,405.0,76.0,29.0,46.95,medium,100,0,none,0,,6.29,478
S1_futsal_C3cleanH_20260727_081120_f000182.jpg,S1_futsal_C3cleanH_20260727_081120,C3_PAIR_clean,S1_pair_sec000,,695.0,420.0,75.0,29.0,46.64,medium,103,0,none,0,,,
S1_futsal_C3cleanH_20260727_081120_f000189.jpg,S1_futsal_C3cleanH_20260727_081120,C3_PAIR_clean,S1_pair_sec000,blur_moderate,692.58,439.25,73.44,30.22,47.11,medium,116,0,none,0,,,
S1_futsal_C3cleanH_20260727_081120_f000196.jpg,S1_futsal_C3cleanH_20260727_081120,C3_PAIR_clean,S1_pair_sec000,,691.62,459.75,70.68,30.77,46.63,medium,127,0,none,0,,,
S1_futsal_C3cleanH_20260727_081120_f000203.jpg,S1_futsal_C3cleanH_20260727_081120,C3_PAIR_clean,S1_pair_sec000,,687.69,476.47,74.83,30.1,47.46,medium,134,0,none,0,,,
S1_futsal_C3cleanH_20260727_081120_f000210.jpg,S1_futsal_C3cleanH_20260727_081120,C3_PAIR_clean,S1_pair_sec000,,687.0,488.0,73.0,30.0,46.8,medium,142,0,none,0,,,
S1_futsal_C3cleanH_20260727_081120_f000217.jpg,S1_futsal_C3cleanH_20260727_081120,C3_PAIR_clean,S1_pair_sec000,,687.0,502.0,70.0,29.0,45.06,medium,145,0,none,0,,5.84,409
S1_futsal_C3cleanH_20260727_081120_f000224.jpg,S1_futsal_C3cleanH_20260727_081120,C3_PAIR_clean,S1_pair_sec000,,687.53,516.57,70.8,30.51,46.47,medium,154,0,none,0,,,
S1_futsal_C3cleanH_20260727_081120_f000231.jpg,S1_futsal_C3cleanH_20260727_081120,C3_PAIR_clean,S1_pair_sec000,,685.49,530.43,73.1,31.74,48.17,medium,158,0,none,0,,5.66,414
S1_futsal_C3cleanH_20260727_081120_f000238.jpg,S1_futsal_C3cleanH_20260727_081120,C3_PAIR_clean,S1_pair_sec000,,685.0,541.0,70.0,32.0,47.33,medium,166,0,none,0,,,
S1_futsal_C3cleanH_20260727_081120_f000245.jpg,S1_futsal_C3cleanH_20260727_081120,C3_PAIR_clean,S1_pair_sec000,,683.0,557.0,69.0,30.0,45.5,medium,174,0,none,0,,,
S1_futsal_C3cleanH_20260727_081120_f000252.jpg,S1_futsal_C3cleanH_20260727_081120,C3_PAIR_clean,S1_pair_sec000,,683.0,569.0,69.0,30.0,45.5,medium,178,0,none,0,,,
S1_futsal_C3cleanH_20260727_081120_f000259.jpg,S1_futsal_C3cleanH_20260727_081120,C3_PAIR_clean,S1_pair_sec000,,683.17,580.68,69.28,32.58,47.51,medium,187,0,none,0,,,
S1_futsal_C3cleanH_20260727_081120_f000266.jpg,S1_futsal_C3cleanH_20260727_081120,C3_PAIR_clean,S1_pair_sec000,,681.98,594.29,70.05,31.57,47.03,medium,197,0,none,0,,,
S1_futsal_C3cleanH_20260727_081120_f000273.jpg,S1_futsal_C3cleanH_20260727_081120,C3_PAIR_clean,S1_pair_sec000,,680.64,605.84,70.81,33.0,48.34,medium,205,0,none,0,,,
S1_futsal_C3cleanH_20260727_081120_f000280.jpg,S1_futsal_C3cleanH_20260727_081120,C3_PAIR_clean,S1_pair_sec000,,681.18,608.18,70.16,32.8,47.97,medium,204,0,none,0,,,
S1_futsal_C3cleanH_20260727_081120_f000287.jpg,S1_futsal_C3cleanH_20260727_081120,C3_PAIR_clean,S1_pair_sec000,,680.82,603.64,70.16,33.73,48.65,medium,205,0,none,0,,,
S1_futsal_C3cleanH_20260727_081120_f000294.jpg,S1_futsal_C3cleanH_20260727_081120,C3_PAIR_clean,S1_pair_sec000,,681.33,600.98,68.71,33.42,47.92,medium,202,0,none,0,,5.94,408
S1_futsal_C3cleanH_20260727_081120_f000301.jpg,S1_futsal_C3cleanH_20260727_081120,C3_PAIR_clean,S1_pair_sec000,,679.34,597.96,70.2,33.04,48.16,medium,199,0,none,0,,,
S1_futsal_C3cleanH_20260727_081120_f000308.jpg,S1_futsal_C3cleanH_20260727_081120,C3_PAIR_clean,S1_pair_sec000,,677.16,597.56,70.69,33.46,48.63,medium,200,0,none,0,,,
S1_futsal_C3cleanH_20260727_081120_f000315.jpg,S1_futsal_C3cleanH_20260727_081120,C3_PAIR_clean,S1_pair_sec000,,675.85,597.31,70.68,33.64,48.76,medium,199,0,none,0,,,
S1_futsal_C3cleanH_20260727_081120_f000322.jpg,S1_futsal_C3cleanH_20260727_081120,C3_PAIR_clean,S1_pair_sec000,,673.49,597.82,73.7,34.15,50.17,medium,197,0,none,0,,,
S1_futsal_C3cleanH_20260727_081120_f000329.jpg,S1_futsal_C3cleanH_20260727_081120,C3_PAIR_clean,S1_pair_sec000,,673.09,599.64,71.31,35.34,50.2,medium,201,0,none,0,,,
S1_futsal_C3cleanH_20260727_081120_f000336.jpg,S1_futsal_C3cleanH_20260727_081120,C3_PAIR_clean,S1_pair_sec000,,671.79,603.13,70.65,35.32,49.95,medium,205,0,none,0,,,
S1_futsal_C3cleanH_20260727_081120_f000343.jpg,S1_futsal_C3cleanH_20260727_081120,C3_PAIR_clean,S1_pair_sec000,,669.33,606.82,72.94,35.6,50.96,medium,207,0,none,0,,,
S1_futsal_C3cleanH_20260727_081120_f000350.jpg,S1_futsal_C3cleanH_20260727_081120,C3_PAIR_clean,S1_pair_sec000,,671.32,610.6,68.26,32.64,47.2,medium,204,0,none,0,,,
S1_futsal_C3cleanH_20260727_081120_f000357.jpg,S1_futsal_C3cleanH_20260727_081120,C3_PAIR_clean,S1_pair_sec000,,670.52,613.57,68.42,33.11,47.6,medium,209,0,none,0,,,
S1_futsal_C3cleanH_20260727_081120_f000364.jpg,S1_futsal_C3cleanH_20260727_081120,C3_PAIR_clean,S1_pair_sec000,,670.0,614.58,68.78,33.21,47.79,medium,210,0,none,0,,,
S1_futsal_C3cleanH_20260727_081120_f000371.jpg,S1_futsal_C3cleanH_20260727_081120,C3_PAIR_clean,S1_pair_sec000,,669.98,614.78,68.72,33.8,48.19,medium,209,0,none,0,,,
S1_futsal_C3cleanH_20260727_081120_f000378.jpg,S1_futsal_C3cleanH_20260727_081120,C3_PAIR_clean,S1_pair_sec000,,670.9,612.74,69.02,34.37,48.7,medium,208,0,none,0,,,
S1_futsal_C3cleanH_20260727_081120_f000385.jpg,S1_futsal_C3cleanH_20260727_081120,C3_PAIR_clean,S1_pair_sec000,,671.26,611.11,68.65,32.36,47.13,medium,205,0,none,0,,5.63,386
S1_futsal_C3cleanH_20260727_081120_f000392.jpg,S1_futsal_C3cleanH_20260727_081120,C3_PAIR_clean,S1_pair_sec000,,673.0,610.5,67.3,32.36,46.67,medium,208,0,none,0,,5.53,372
S1_futsal_C3cleanH_20260727_081120_f000399.jpg,S1_futsal_C3cleanH_20260727_081120,C3_PAIR_clean,S1_pair_sec000,,673.24,611.1,68.32,32.0,46.76,medium,208,0,none,0,,5.53,378
S1_futsal_C3cleanH_20260727_081120_f000406.jpg,S1_futsal_C3cleanH_20260727_081120,C3_PAIR_clean,S1_pair_sec000,,674.82,611.49,66.83,32.36,46.51,medium,209,0,none,0,,,
S1_futsal_C3cleanH_20260727_081120_f000413.jpg,S1_futsal_C3cleanH_20260727_081120,C3_PAIR_clean,S1_pair_sec000,,674.93,611.7,66.6,32.03,46.19,medium,206,0,none,0,,,
S1_futsal_C3cleanH_20260727_081120_f000420.jpg,S1_futsal_C3cleanH_20260727_081120,C3_PAIR_clean,S1_pair_sec000,,675.07,611.86,65.84,31.25,45.36,medium,206,0,none,0,,,
S1_futsal_C3cleanH_20260727_081120_f000427.jpg,S1_futsal_C3cleanH_20260727_081120,C3_PAIR_clean,S1_pair_sec000,,674.74,611.13,65.97,32.21,46.1,medium,208,0,none,0,,,
S1_futsal_C3cleanH_20260727_081120_f000434.jpg,S1_futsal_C3cleanH_20260727_081120,C3_PAIR_clean,S1_pair_sec000,,672.8,611.55,67.26,31.16,45.78,medium,204,0,none,0,,,
S1_futsal_C3cleanH_20260727_081120_f000441.jpg,S1_futsal_C3cleanH_20260727_081120,C3_PAIR_clean,S1_pair_sec000,,670.78,610.85,68.89,32.18,47.08,medium,206,0,none,0,,,
S1_futsal_C3cleanH_20260727_081120_f000448.jpg,S1_futsal_C3cleanH_20260727_081120,C3_PAIR_clean,S1_pair_sec000,,668.53,610.07,70.95,32.94,48.34,medium,211,0,none,0,,,
S1_futsal_C3cleanH_20260727_081120_f000455.jpg,S1_futsal_C3cleanH_20260727_081120,C3_PAIR_clean,S1_pair_sec000,,668.73,610.71,67.84,32.18,46.72,medium,210,0,none,0,,5.50,373
S1_futsal_C3cleanH_20260727_081120_f000462.jpg,S1_futsal_C3cleanH_20260727_081120,C3_PAIR_clean,S1_pair_sec000,,668.71,606.39,69.8,32.66,47.75,medium,210,0,none,0,,,
S1_futsal_C3cleanH_20260727_081120_f000469.jpg,S1_futsal_C3cleanH_20260727_081120,C3_PAIR_clean,S1_pair_sec000,,668.0,603.0,70.0,32.0,47.33,medium,204,0,none,0,,5.57,390
S1_futsal_C3cleanH_20260727_081120_f000476.jpg,S1_futsal_C3cleanH_20260727_081120,C3_PAIR_clean,S1_pair_sec000,,667.0,604.0,67.0,31.0,45.57,medium,207,0,none,0,,5.98,401
S1_futsal_C3cleanH_20260727_081120_f000483.jpg,S1_futsal_C3cleanH_20260727_081120,C3_PAIR_clean,S1_pair_sec000,,667.74,604.81,68.06,33.03,47.42,medium,205,0,none,0,,,
S1_futsal_C3cleanH_20260727_081120_f000490.jpg,S1_futsal_C3cleanH_20260727_081120,C3_PAIR_clean,S1_pair_sec000,,666.8,605.73,69.27,34.55,48.92,medium,204,0,none,0,,,
S1_futsal_C3cleanH_20260727_081120_f000497.jpg,S1_futsal_C3cleanH_20260727_081120,C3_PAIR_clean,S1_pair_sec000,,665.55,606.6,70.02,34.32,49.02,medium,206,0,none,0,,,
S1_futsal_C3cleanH_20260727_081120_f000504.jpg,S1_futsal_C3cleanH_20260727_081120,C3_PAIR_clean,S1_pair_sec000,,665.0,608.0,70.0,31.0,46.58,medium,206,0,none,0,,5.38,377
S1_futsal_C3cleanH_20260727_081120_f000511.jpg,S1_futsal_C3cleanH_20260727_081120,C3_PAIR_clean,S1_pair_sec000,,666.18,611.21,68.9,31.64,46.69,medium,207,0,none,0,,5.98,412
S1_futsal_C3cleanH_20260727_081120_f000518.jpg,S1_futsal_C3cleanH_20260727_081120,C3_PAIR_clean,S1_pair_sec000,,674.56,612.64,71.15,34.89,49.82,medium,208,0,none,0,,,
S1_futsal_C3cleanH_20260727_081120_f000525.jpg,S1_futsal_C3cleanH_20260727_081120,C3_PAIR_clean,S1_pair_sec000,blur_moderate,695.6,610.77,69.3,32.95,47.79,medium,206,0,none,0,,5.63,390
S1_futsal_C3cleanH_20260727_081120_f000532.jpg,S1_futsal_C3cleanH_20260727_081120,C3_PAIR_clean,S1_pair_sec000,,713.0,609.0,70.0,32.0,47.33,medium,209,0,none,0,,,
S1_futsal_C3cleanH_20260727_081120_f000539.jpg,S1_futsal_C3cleanH_20260727_081120,C3_PAIR_clean,S1_pair_sec000,blur_moderate,729.0,609.0,69.0,32.0,46.99,medium,209,0,none,0,,5.57,384
S1_futsal_C3cleanH_20260727_081120_f000546.jpg,S1_futsal_C3cleanH_20260727_081120,C3_PAIR_clean,S1_pair_sec000,,746.95,607.08,73.16,33.4,49.43,medium,207,0,none,0,,,
S1_futsal_C3cleanH_20260727_081120_f000553.jpg,S1_futsal_C3cleanH_20260727_081120,C3_PAIR_clean,S1_pair_sec000,,757.08,606.01,73.84,32.78,49.2,medium,205,0,none,0,,,
S1_futsal_C3cleanH_20260727_081120_f000560.jpg,S1_futsal_C3cleanH_20260727_081120,C3_PAIR_clean,S1_pair_sec000,,763.68,603.6,71.97,33.68,49.24,medium,208,0,none,0,,,
S1_futsal_C3cleanH_20260727_081120_f000567.jpg,S1_futsal_C3cleanH_20260727_081120,C3_PAIR_clean,S1_pair_sec000,blur_moderate,759.0,603.0,73.0,31.0,47.57,medium,207,0,none,0,,,
S1_futsal_C3cleanH_20260727_081120_f000574.jpg,S1_futsal_C3cleanH_20260727_081120,C3_PAIR_clean,S1_pair_sec000,,753.91,603.45,70.72,32.93,48.26,medium,207,0,none,0,,5.80,410
S1_futsal_C3cleanH_20260727_081120_f000581.jpg,S1_futsal_C3cleanH_20260727_081120,C3_PAIR_clean,S1_pair_sec000,,747.73,602.8,71.92,32.7,48.5,medium,204,0,none,0,,,
S1_futsal_C3cleanH_20260727_081120_f000588.jpg,S1_futsal_C3cleanH_20260727_081120,C3_PAIR_clean,S1_pair_sec000,,742.16,603.4,70.03,32.77,47.91,medium,205,0,none,0,,,
S1_futsal_C3cleanH_20260727_081120_f000595.jpg,S1_futsal_C3cleanH_20260727_081120,C3_PAIR_clean,S1_pair_sec000,blur_moderate,749.48,603.31,72.17,33.89,49.46,medium,209,0,none,0,,5.70,411
S1_futsal_C3cleanH_20260727_081120_f000602.jpg,S1_futsal_C3cleanH_20260727_081120,C3_PAIR_clean,S1_pair_sec000,blur_moderate,754.0,604.0,73.0,32.0,48.33,medium,210,0,none,0,,,
S1_futsal_C3cleanH_20260727_081120_f000609.jpg,S1_futsal_C3cleanH_20260727_081120,C3_PAIR_clean,S1_pair_sec000,blur_moderate,753.76,606.78,72.42,33.8,49.48,medium,207,0,none,0,,,
S1_futsal_C3cleanH_20260727_081120_f000616.jpg,S1_futsal_C3cleanH_20260727_081120,C3_PAIR_clean,S1_pair_sec000,blur_moderate,747.27,611.81,73.09,34.02,49.87,medium,210,0,none,0,,5.57,407
S1_futsal_C3cleanH_20260727_081120_f000623.jpg,S1_futsal_C3cleanH_20260727_081120,C3_PAIR_clean,S1_pair_sec000,blur_moderate,747.0,614.0,73.0,36.0,51.26,medium,208,0,none,0,,,
S1_futsal_C3cleanH_20260727_081120_f000630.jpg,S1_futsal_C3cleanH_20260727_081120,C3_PAIR_clean,S1_pair_sec000,,744.0,621.0,75.0,34.0,50.5,medium,206,0,none,0,,,
S1_futsal_C3cleanH_20260727_081120_f000637.jpg,S1_futsal_C3cleanH_20260727_081120,C3_PAIR_clean,S1_pair_sec000,blur_heavy,742.29,630.19,77.93,35.99,52.96,medium,208,0,none,0,,,
S1_futsal_C3cleanH_20260727_081120_f000644.jpg,S1_futsal_C3cleanH_20260727_081120,C3_PAIR_clean,S1_pair_sec000,blur_moderate,735.02,625.57,75.72,36.01,52.22,medium,202,0,none,0,,5.41,410
S1_futsal_C3cleanH_20260727_081120_f000651.jpg,S1_futsal_C3cleanH_20260727_081120,C3_PAIR_clean,S1_pair_sec000,blur_moderate,728.72,625.12,75.69,35.96,52.17,medium,204,0,none,0,,,
S1_futsal_C3cleanH_20260727_081120_f000658.jpg,S1_futsal_C3cleanH_20260727_081120,C3_PAIR_clean,S1_pair_sec000,blur_moderate,720.89,627.07,75.45,35.62,51.84,medium,206,0,none,0,,5.18,391
S1_futsal_C3cleanH_20260727_081120_f000665.jpg,S1_futsal_C3cleanH_20260727_081120,C3_PAIR_clean,S1_pair_sec000,blur_heavy,715.9,627.25,72.77,34.9,50.39,medium,204,0,none,0,,,
S1_futsal_C3cleanH_20260727_081120_f000672.jpg,S1_futsal_C3cleanH_20260727_081120,C3_PAIR_clean,S1_pair_sec000,,714.01,669.57,74.09,38.99,53.75,medium,211,0,none,0,,5.21,386
S1_futsal_C3cleanH_20260727_081120_f000679.jpg,S1_futsal_C3cleanH_20260727_081120,C3_PAIR_clean,S1_pair_sec000,blur_heavy,699.0,627.0,70.0,31.0,46.58,medium,210,0,none,0,,,
S1_futsal_C3cleanH_20260727_081120_f000686.jpg,S1_futsal_C3cleanH_20260727_081120,C3_PAIR_clean,S1_pair_sec000,blur_heavy,686.0,610.0,67.0,31.0,45.57,medium,212,0,none,0,,5.66,379
S1_futsal_C3cleanH_20260727_081120_f000693.jpg,S1_futsal_C3cleanH_20260727_081120,C3_PAIR_clean,S1_pair_sec000,blur_moderate,673.91,594.4,65.53,30.66,44.83,medium,211,0,none,0,,,
S1_futsal_C3cleanH_20260727_081120_f000700.jpg,S1_futsal_C3cleanH_20260727_081120,C3_PAIR_clean,S1_pair_sec000,,664.21,585.49,64.13,30.85,44.48,medium,211,0,none,0,,6.17,396
S1_futsal_C3cleanH_20260727_081120_f000707.jpg,S1_futsal_C3cleanH_20260727_081120,C3_PAIR_clean,S1_pair_sec000,,652.0,578.0,64.0,30.0,43.82,medium,209,0,none,0,,,
S1_futsal_C3cleanH_20260727_081120_f000714.jpg,S1_futsal_C3cleanH_20260727_081120,C3_PAIR_clean,S1_pair_sec000,,650.53,578.9,64.53,31.15,44.83,medium,211,0,none,0,,,
S1_futsal_C3cleanH_20260727_081120_f000721.jpg,S1_futsal_C3cleanH_20260727_081120,C3_PAIR_clean,S1_pair_sec000,blur_moderate,662.0,575.0,63.0,30.0,43.47,medium,207,0,none,0,,,
S1_futsal_C3cleanH_20260727_081120_f000728.jpg,S1_futsal_C3cleanH_20260727_081120,C3_PAIR_clean,S1_pair_sec000,blur_moderate,704.6,570.91,66.27,30.03,44.61,medium,209,0,none,0,,,
S1_futsal_C3cleanH_20260727_081120_f000735.jpg,S1_futsal_C3cleanH_20260727_081120,C3_PAIR_clean,S1_pair_sec000,blur_moderate,736.0,568.0,66.0,29.0,43.75,medium,206,0,none,0,,6.25,412
S1_futsal_C3cleanH_20260727_081120_f000742.jpg,S1_futsal_C3cleanH_20260727_081120,C3_PAIR_clean,S1_pair_sec000,blur_moderate,763.0,565.0,67.0,30.0,44.83,medium,207,0,none,0,,,
S1_futsal_C3cleanH_20260727_081120_f000749.jpg,S1_futsal_C3cleanH_20260727_081120,C3_PAIR_clean,S1_pair_sec000,,778.0,565.0,67.0,29.0,44.08,medium,209,0,none,0,,,
S1_futsal_C3cleanH_20260727_081120_f000756.jpg,S1_futsal_C3cleanH_20260727_081120,C3_PAIR_clean,S1_pair_sec000,,786.0,564.0,67.0,29.0,44.08,medium,203,0,none,0,,,
S1_futsal_C3cleanH_20260727_081120_f000763.jpg,S1_futsal_C3cleanH_20260727_081120,C3_PAIR_clean,S1_pair_sec000,,788.0,565.0,67.0,30.0,44.83,medium,205,0,none,0,,6.46,433
S1_futsal_C3cleanH_20260727_081120_f000770.jpg,S1_futsal_C3cleanH_20260727_081120,C3_PAIR_clean,S1_pair_sec000,,786.0,565.0,69.0,29.0,44.73,medium,204,0,none,0,,,
S1_futsal_C3cleanH_20260727_081120_f000777.jpg,S1_futsal_C3cleanH_20260727_081120,C3_PAIR_clean,S1_pair_sec000,,779.0,568.0,67.0,31.0,45.57,medium,205,0,none,0,,,
S1_futsal_C3cleanH_20260727_081120_f000784.jpg,S1_futsal_C3cleanH_20260727_081120,C3_PAIR_clean,S1_pair_sec000,,774.0,568.0,67.0,31.0,45.57,medium,210,0,none,0,,,
S1_futsal_C3cleanH_20260727_081120_f000791.jpg,S1_futsal_C3cleanH_20260727_081120,C3_PAIR_clean,S1_pair_sec000,,771.0,570.0,64.0,29.0,43.08,medium,206,0,none,0,,,
S1_futsal_C3cleanH_20260727_081120_f000798.jpg,S1_futsal_C3cleanH_20260727_081120,C3_PAIR_clean,S1_pair_sec000,,767.0,570.0,66.0,29.0,43.75,medium,206,0,none,0,,,
S1_futsal_C3cleanH_20260727_081120_f000805.jpg,S1_futsal_C3cleanH_20260727_081120,C3_PAIR_clean,S1_pair_sec000,anchor,765.0,572.0,67.0,28.0,43.31,medium,207,0,none,0,,,
S1_futsal_C3cleanH_20260727_081120_f000812.jpg,S1_futsal_C3cleanH_20260727_081120,C3_PAIR_clean,S1_pair_sec000,anchor,765.0,571.0,67.0,29.0,44.08,medium,211,0,none,0,,,
S1_futsal_C3cleanH_20260727_081120_f000819.jpg,S1_futsal_C3cleanH_20260727_081120,C3_PAIR_clean,S1_pair_sec000,anchor,766.0,571.0,66.0,29.0,43.75,medium,206,0,none,0,,,
S1_futsal_C3cleanH_20260727_081120_f000826.jpg,S1_futsal_C3cleanH_20260727_081120,C3_PAIR_clean,S1_pair_sec000,anchor,766.0,571.0,66.0,29.0,43.75,medium,208,0,none,0,,,
S1_futsal_C3cleanH_20260727_081120_f000833.jpg,S1_futsal_C3cleanH_20260727_081120,C3_PAIR_clean,S1_pair_sec000,anchor,767.0,571.0,66.0,29.0,43.75,medium,207,0,none,0,,6.64,438
S1_futsal_C3cleanH_20260727_081120_f000840.jpg,S1_futsal_C3cleanH_20260727_081120,C3_PAIR_clean,S1_pair_sec000,anchor,767.0,570.0,67.0,28.0,43.31,medium,204,0,none,0,,,
S1_futsal_C3cleanH_20260727_081120_f000847.jpg,S1_futsal_C3cleanH_20260727_081120,C3_PAIR_clean,S1_pair_sec000,anchor,770.0,570.0,64.0,29.0,43.08,medium,207,0,none,0,,,
S1_futsal_C3cleanH_20260727_081120_f000854.jpg,S1_futsal_C3cleanH_20260727_081120,C3_PAIR_clean,S1_pair_sec000,anchor,769.0,569.0,66.0,30.0,44.5,medium,205,0,none,0,,,
S1_futsal_C3cleanH_20260727_081120_f000861.jpg,S1_futsal_C3cleanH_20260727_081120,C3_PAIR_clean,S1_pair_sec000,anchor,770.0,570.0,64.0,29.0,43.08,medium,204,0,none,0,,6.38,408
S1_futsal_C3cleanH_20260727_081120_f000868.jpg,S1_futsal_C3cleanH_20260727_081120,C3_PAIR_clean,S1_pair_sec000,anchor,769.0,570.0,66.0,29.0,43.75,medium,206,0,none,0,,,
S1_futsal_C3cleanH_20260727_081120_f000875.jpg,S1_futsal_C3cleanH_20260727_081120,C3_PAIR_clean,S1_pair_sec000,anchor,770.0,570.0,64.0,29.0,43.08,medium,207,0,none,0,,6.42,411
S1_futsal_C3cleanH_20260727_081120_f000882.jpg,S1_futsal_C3cleanH_20260727_081120,C3_PAIR_clean,S1_pair_sec000,anchor,769.0,570.0,66.0,29.0,43.75,medium,206,0,none,0,,,
S1_futsal_C3cleanH_20260727_081120_f000889.jpg,S1_futsal_C3cleanH_20260727_081120,C3_PAIR_clean,S1_pair_sec000,anchor,769.0,570.0,66.0,29.0,43.75,medium,206,0,none,0,,6.38,421
S1_futsal_C3cleanH_20260727_081120_f000896.jpg,S1_futsal_C3cleanH_20260727_081120,C3_PAIR_clean,S1_pair_sec000,anchor,767.0,571.0,67.0,29.0,44.08,medium,206,0,none,0,,,
S1_futsal_C3cleanH_20260727_081120_f000903.jpg,S1_futsal_C3cleanH_20260727_081120,C3_PAIR_clean,S1_pair_sec000,anchor,766.0,571.0,67.0,29.0,44.08,medium,206,0,none,0,,,
S1_futsal_C3cleanH_20260727_081120_f000910.jpg,S1_futsal_C3cleanH_20260727_081120,C3_PAIR_clean,S1_pair_sec000,anchor,767.0,573.0,67.0,30.0,44.83,medium,205,0,none,0,,,
S1_futsal_C3cleanH_20260727_081120_f000917.jpg,S1_futsal_C3cleanH_20260727_081120,C3_PAIR_clean,S1_pair_sec000,,766.0,572.0,67.0,31.0,45.57,medium,205,0,none,0,,,
S1_futsal_C3cleanH_20260727_081120_f000924.jpg,S1_futsal_C3cleanH_20260727_081120,C3_PAIR_clean,S1_pair_sec000,,767.0,573.0,66.0,30.0,44.5,medium,207,0,none,0,,6.42,424
S1_futsal_C3cleanH_20260727_081120_f000931.jpg,S1_futsal_C3cleanH_20260727_081120,C3_PAIR_clean,S1_pair_sec000,,769.0,573.0,64.0,31.0,44.54,medium,207,0,none,0,,,
S1_futsal_C3cleanH_20260727_081120_f000938.jpg,S1_futsal_C3cleanH_20260727_081120,C3_PAIR_clean,S1_pair_sec000,,768.25,574.27,67.09,32.04,46.36,medium,209,0,none,0,,,
S1_futsal_C3cleanH_20260727_081120_f000945.jpg,S1_futsal_C3cleanH_20260727_081120,C3_PAIR_clean,S1_pair_sec000,,766.0,575.0,67.0,30.0,44.83,medium,210,0,none,0,,,
S1_futsal_C3cleanH_20260727_081120_f000952.jpg,S1_futsal_C3cleanH_20260727_081120,C3_PAIR_clean,S1_pair_sec000,,765.0,577.0,67.0,29.0,44.08,medium,212,0,none,0,,,
S1_futsal_C3cleanH_20260727_081120_f000959.jpg,S1_futsal_C3cleanH_20260727_081120,C3_PAIR_clean,S1_pair_sec000,,766.0,574.0,66.0,29.0,43.75,medium,208,0,none,0,,,
S1_futsal_C3cleanH_20260727_081120_f000966.jpg,S1_futsal_C3cleanH_20260727_081120,C3_PAIR_clean,S1_pair_sec000,,765.0,572.0,67.0,30.0,44.83,medium,207,0,none,0,,,
S1_futsal_C3cleanH_20260727_081120_f000973.jpg,S1_futsal_C3cleanH_20260727_081120,C3_PAIR_clean,S1_pair_sec000,,765.0,573.0,67.0,30.0,44.83,medium,209,0,none,0,,,
S1_futsal_C3cleanH_20260727_081120_f000980.jpg,S1_futsal_C3cleanH_20260727_081120,C3_PAIR_clean,S1_pair_sec000,,765.04,573.25,66.36,30.41,44.92,medium,208,0,none,0,,,
S1_futsal_C3cleanH_20260727_081120_f000987.jpg,S1_futsal_C3cleanH_20260727_081120,C3_PAIR_clean,S1_pair_sec000,,765.0,572.0,67.0,29.0,44.08,medium,210,0,none,0,,,
S1_futsal_C3cleanH_20260727_081120_f000994.jpg,S1_futsal_C3cleanH_20260727_081120,C3_PAIR_clean,S1_pair_sec000,,766.0,573.0,66.0,29.0,43.75,medium,206,0,none,0,,6.38,421
S1_futsal_C3cleanH_20260727_081120_f001001.jpg,S1_futsal_C3cleanH_20260727_081120,C3_PAIR_clean,S1_pair_sec000,,766.0,574.0,66.0,30.0,44.5,medium,206,0,none,0,,,
S1_futsal_C3cleanH_20260727_081120_f001008.jpg,S1_futsal_C3cleanH_20260727_081120,C3_PAIR_clean,S1_pair_sec000,,766.0,574.0,64.0,30.0,43.82,medium,206,0,none,0,,,
S1_futsal_C3cleanH_20260727_081120_f001015.jpg,S1_futsal_C3cleanH_20260727_081120,C3_PAIR_clean,S1_pair_sec000,,765.0,573.0,67.0,31.0,45.57,medium,206,0,none,0,,,
S1_futsal_C3cleanH_20260727_081120_f001022.jpg,S1_futsal_C3cleanH_20260727_081120,C3_PAIR_clean,S1_pair_sec000,,758.05,573.07,65.86,30.48,44.8,medium,206,0,none,0,,6.21,409
S1_futsal_C3cleanH_20260727_081120_f001029.jpg,S1_futsal_C3cleanH_20260727_081120,C3_PAIR_clean,S1_pair_sec000,,759.0,573.0,63.0,31.0,44.19,medium,209,0,none,0,,,
S1_futsal_C3cleanH_20260727_081120_f001036.jpg,S1_futsal_C3cleanH_20260727_081120,C3_PAIR_clean,S1_pair_sec000,,758.0,573.0,63.0,31.0,44.19,medium,207,0,none,0,,6.21,391
S1_futsal_C3cleanH_20260727_081120_f001043.jpg,S1_futsal_C3cleanH_20260727_081120,C3_PAIR_clean,S1_pair_sec000,,758.0,573.0,63.0,31.0,44.19,medium,209,0,none,0,,,
S1_futsal_C3cleanH_20260727_081120_f001050.jpg,S1_futsal_C3cleanH_20260727_081120,C3_PAIR_clean,S1_pair_sec000,,758.0,572.0,63.0,31.0,44.19,medium,208,0,none,0,,,
S1_futsal_C3cleanH_20260727_081120_f001057.jpg,S1_futsal_C3cleanH_20260727_081120,C3_PAIR_clean,S1_pair_sec000,,758.0,573.0,63.0,30.0,43.47,medium,206,0,none,0,,,
S1_futsal_C3cleanH_20260727_081120_f001064.jpg,S1_futsal_C3cleanH_20260727_081120,C3_PAIR_clean,S1_pair_sec000,,758.0,572.0,64.0,31.0,44.54,medium,207,0,none,0,,,
S1_futsal_C3cleanH_20260727_081120_f001071.jpg,S1_futsal_C3cleanH_20260727_081120,C3_PAIR_clean,S1_pair_sec000,,757.0,572.0,64.0,30.0,43.82,medium,207,0,none,0,,,
S1_futsal_C3cleanH_20260727_081120_f001078.jpg,S1_futsal_C3cleanH_20260727_081120,C3_PAIR_clean,S1_pair_sec000,,756.0,571.0,67.0,29.0,44.08,medium,206,0,none,0,,,
S1_futsal_C3cleanH_20260727_081120_f001085.jpg,S1_futsal_C3cleanH_20260727_081120,C3_PAIR_clean,S1_pair_sec000,,754.0,572.0,66.0,28.0,42.99,medium,208,0,none,0,,,
S1_futsal_C3cleanH_20260727_081120_f001092.jpg,S1_futsal_C3cleanH_20260727_081120,C3_PAIR_clean,S1_pair_sec000,,754.0,570.0,64.0,29.0,43.08,medium,205,0,none,0,,,
S1_futsal_C3cleanH_20260727_081120_f001099.jpg,S1_futsal_C3cleanH_20260727_081120,C3_PAIR_clean,S1_pair_sec000,,755.0,570.0,64.0,29.0,43.08,medium,209,0,none,0,,,
S1_futsal_C3cleanH_20260727_081120_f001106.jpg,S1_futsal_C3cleanH_20260727_081120,C3_PAIR_clean,S1_pair_sec000,,754.0,570.0,64.0,29.0,43.08,medium,206,0,none,0,,6.21,397
S1_futsal_C3cleanH_20260727_081120_f001113.jpg,S1_futsal_C3cleanH_20260727_081120,C3_PAIR_clean,S1_pair_sec000,,753.82,570.13,65.31,29.51,43.9,medium,203,0,none,0,,,
S1_futsal_C3cleanH_20260727_081120_f001120.jpg,S1_futsal_C3cleanH_20260727_081120,C3_PAIR_clean,S1_pair_sec000,,753.48,570.11,65.93,30.12,44.56,medium,206,0,none,0,,,
S1_futsal_C3cleanH_20260727_081120_f001127.jpg,S1_futsal_C3cleanH_20260727_081120,C3_PAIR_clean,S1_pair_sec000,,753.52,570.84,67.68,29.71,44.84,medium,206,0,none,0,,,
S1_futsal_C3cleanH_20260727_081120_f001134.jpg,S1_futsal_C3cleanH_20260727_081120,C3_PAIR_clean,S1_pair_sec000,blur_moderate,756.0,572.0,66.0,30.0,44.5,medium,203,0,none,0,,,
S1_futsal_C3cleanH_20260727_081120_f001141.jpg,S1_futsal_C3cleanH_20260727_081120,C3_PAIR_clean,S1_pair_sec000,blur_moderate,756.0,573.0,64.0,30.0,43.82,medium,205,0,none,0,,,
S1_futsal_C3cleanH_20260727_081120_f001148.jpg,S1_futsal_C3cleanH_20260727_081120,C3_PAIR_clean,S1_pair_sec000,blur_moderate,754.0,573.0,64.0,31.0,44.54,medium,208,0,none,0,,,
S1_futsal_C3cleanH_20260727_081120_f001155.jpg,S1_futsal_C3cleanH_20260727_081120,C3_PAIR_clean,S1_pair_sec000,blur_moderate,750.0,575.0,67.0,30.0,44.83,medium,211,0,none,0,,,
S1_futsal_C3cleanH_20260727_081120_f001162.jpg,S1_futsal_C3cleanH_20260727_081120,C3_PAIR_clean,S1_pair_sec000,,748.75,571.65,66.6,29.25,44.14,medium,207,0,none,0,,,
S1_futsal_C3cleanH_20260727_081120_f001169.jpg,S1_futsal_C3cleanH_20260727_081120,C3_PAIR_clean,S1_pair_sec000,,749.21,569.83,68.15,30.43,45.54,medium,204,0,none,0,,6.29,429
S1_futsal_C3cleanH_20260727_081120_f001176.jpg,S1_futsal_C3cleanH_20260727_081120,C3_PAIR_clean,S1_pair_sec000,,751.02,566.31,68.17,33.13,47.53,medium,205,0,none,0,,,
S1_futsal_C3cleanH_20260727_081120_f001183.jpg,S1_futsal_C3cleanH_20260727_081120,C3_PAIR_clean,S1_pair_sec000,,749.59,567.0,69.31,31.54,46.76,medium,204,0,none,0,,,
S1_futsal_C3cleanH_20260727_081120_f001190.jpg,S1_futsal_C3cleanH_20260727_081120,C3_PAIR_clean,S1_pair_sec000,,749.69,568.13,67.67,31.32,46.04,medium,204,0,none,0,,6.02,407
S1_futsal_C3cleanH_20260727_081120_f001197.jpg,S1_futsal_C3cleanH_20260727_081120,C3_PAIR_clean,S1_pair_sec000,,748.89,570.86,67.72,30.02,45.09,medium,204,0,none,0,,,
S1_futsal_C3cleanH_20260727_081120_f001204.jpg,S1_futsal_C3cleanH_20260727_081120,C3_PAIR_clean,S1_pair_sec000,,748.62,572.46,65.53,29.64,44.07,medium,207,0,none,0,,,
S1_futsal_C3cleanH_20260727_081120_f001211.jpg,S1_futsal_C3cleanH_20260727_081120,C3_PAIR_clean,S1_pair_sec000,,747.98,572.51,66.04,29.8,44.36,medium,204,0,none,0,,6.17,407
S1_futsal_C3cleanH_20260727_081120_f001218.jpg,S1_futsal_C3cleanH_20260727_081120,C3_PAIR_clean,S1_pair_sec000,,749.09,572.57,63.92,30.11,43.87,medium,206,0,none,0,,6.17,394
S1_futsal_C3cleanH_20260727_081120_f001225.jpg,S1_futsal_C3cleanH_20260727_081120,C3_PAIR_clean,S1_pair_sec000,,749.35,571.9,64.92,28.86,43.28,medium,206,0,none,0,,,
S1_futsal_C3cleanH_20260727_081120_f001232.jpg,S1_futsal_C3cleanH_20260727_081120,C3_PAIR_clean,S1_pair_sec000,,700.77,563.94,63.15,30.28,43.73,medium,207,3,none,0,,,
S1_futsal_C3cleanH_20260727_081120_f001239.jpg,S1_futsal_C3cleanH_20260727_081120,C3_PAIR_clean,S1_pair_sec000,,628.66,555.48,62.77,32.05,44.85,medium,206,9,none,0,,,
S1_futsal_C3cleanH_20260727_081120_f001246.jpg,S1_futsal_C3cleanH_20260727_081120,C3_PAIR_clean,S1_pair_sec000,,602.69,552.96,60.98,29.4,42.34,medium,202,10,none,0,,,
S1_futsal_C3cleanH_20260727_081120_f001253.jpg,S1_futsal_C3cleanH_20260727_081120,C3_PAIR_clean,S1_pair_sec000,,590.76,553.81,60.43,27.78,40.97,medium,204,11,none,0,,,
S1_futsal_C3cleanH_20260727_081120_f001260.jpg,S1_futsal_C3cleanH_20260727_081120,C3_PAIR_clean,S1_pair_sec000,,589.31,555.45,61.59,30.29,43.19,medium,204,11,none,0,,5.53,341
S1_futsal_C3cleanH_20260727_081120_f001267.jpg,S1_futsal_C3cleanH_20260727_081120,C3_PAIR_clean,S1_pair_sec000,,592.49,559.69,64.11,29.67,43.61,medium,209,11,none,0,,5.50,353
S1_futsal_C3cleanH_20260727_081120_f001274.jpg,S1_futsal_C3cleanH_20260727_081120,C3_PAIR_clean,S1_pair_sec000,,605.45,561.55,62.36,30.84,43.86,medium,208,11,none,0,,5.53,345
S1_futsal_C3cleanH_20260727_081120_f001281.jpg,S1_futsal_C3cleanH_20260727_081120,C3_PAIR_clean,S1_pair_sec000,,623.29,564.13,62.78,29.4,42.97,medium,210,11,none,0,,,
S1_futsal_C3cleanH_20260727_081120_f001288.jpg,S1_futsal_C3cleanH_20260727_081120,C3_PAIR_clean,S1_pair_sec000,,651.36,564.71,60.68,29.57,42.36,medium,212,11,none,0,,5.66,343
S1_futsal_C3cleanH_20260727_081120_f001295.jpg,S1_futsal_C3cleanH_20260727_081120,C3_PAIR_clean,S1_pair_sec000,,674.88,565.25,60.97,28.76,41.87,medium,215,11,none,0,,,
S1_futsal_C3cleanH_20260727_081120_f001302.jpg,S1_futsal_C3cleanH_20260727_081120,C3_PAIR_clean,S1_pair_sec000,,701.79,564.03,61.28,27.26,40.87,medium,213,11,none,0,,,
S1_futsal_C3cleanH_20260727_081120_f001309.jpg,S1_futsal_C3cleanH_20260727_081120,C3_PAIR_clean,S1_pair_sec000,,730.11,560.24,61.16,28.76,41.94,medium,210,11,none,0,,5.84,357
S1_futsal_C3cleanH_20260727_081120_f001316.jpg,S1_futsal_C3cleanH_20260727_081120,C3_PAIR_clean,S1_pair_sec000,,751.79,555.64,62.35,30.74,43.78,medium,208,11,none,0,,,
S1_futsal_C3cleanH_20260727_081120_f001323.jpg,S1_futsal_C3cleanH_20260727_081120,C3_PAIR_clean,S1_pair_sec000,,783.0,592.0,58.0,38.0,46.95,medium,209,11,none,0,,,
S1_futsal_C3cleanH_20260727_081120_f001330.jpg,S1_futsal_C3cleanH_20260727_081120,C3_PAIR_clean,S1_pair_sec000,,777.0,568.0,64.0,32.0,45.25,medium,206,11,none,0,,,
S1_futsal_C3cleanH_20260727_081120_f001337.jpg,S1_futsal_C3cleanH_20260727_081120,C3_PAIR_clean,S1_pair_sec000,,770.0,537.0,58.0,24.0,37.31,medium,204,11,none,0,,,
S1_futsal_C3cleanH_20260727_081120_f001344.jpg,S1_futsal_C3cleanH_20260727_081120,C3_PAIR_clean,S1_pair_sec000,blur_heavy,764.07,513.3,56.65,27.52,39.48,medium,205,11,none,0,,,
S1_futsal_C3cleanH_20260727_081120_f001351.jpg,S1_futsal_C3cleanH_20260727_081120,C3_PAIR_clean,S1_pair_sec000,,755.59,503.73,55.93,24.9,37.32,medium,204,11,none,0,,,
S1_futsal_C3cleanH_20260727_081120_f001358.jpg,S1_futsal_C3cleanH_20260727_081120,C3_PAIR_clean,S1_pair_sec000,,652.5,489.14,52.55,24.4,35.81,medium,206,16,none,0,,,
S1_futsal_C3cleanH_20260727_081120_f001365.jpg,S1_futsal_C3cleanH_20260727_081120,C3_PAIR_clean,S1_pair_sec000,,521.5,478.06,49.41,24.67,34.92,medium,206,27,none,0,,,
S1_futsal_C3cleanH_20260727_081120_f001372.jpg,S1_futsal_C3cleanH_20260727_081120,C3_PAIR_clean,S1_pair_sec000,,430.0,474.0,49.0,23.0,33.57,medium,207,29,none,0,,,
S1_futsal_C3cleanH_20260727_081120_f001379.jpg,S1_futsal_C3cleanH_20260727_081120,C3_PAIR_clean,S1_pair_sec030,,418.81,472.94,51.37,24.83,35.72,medium,211,32,none,0,,,
S1_futsal_C3cleanH_20260727_081120_f001386.jpg,S1_futsal_C3cleanH_20260727_081120,C3_PAIR_clean,S1_pair_sec030,,417.44,468.11,47.09,27.58,36.04,medium,208,32,none,0,,,
S1_futsal_C3cleanH_20260727_081120_f001393.jpg,S1_futsal_C3cleanH_20260727_081120,C3_PAIR_clean,S1_pair_sec030,,417.68,468.15,51.44,26.63,37.01,medium,206,32,none,0,,,
S1_futsal_C3cleanH_20260727_081120_f001400.jpg,S1_futsal_C3cleanH_20260727_081120,C3_PAIR_clean,S1_pair_sec030,,426.2,468.13,49.77,25.18,35.4,medium,202,32,none,0,,,
S1_futsal_C3cleanH_20260727_081120_f001407.jpg,S1_futsal_C3cleanH_20260727_081120,C3_PAIR_clean,S1_pair_sec030,,456.08,466.03,51.51,24.9,35.81,medium,202,32,none,0,,,
S1_futsal_C3cleanH_20260727_081120_f001414.jpg,S1_futsal_C3cleanH_20260727_081120,C3_PAIR_clean,S1_pair_sec030,,498.28,465.62,50.3,25.19,35.6,medium,202,32,none,0,,,
S1_futsal_C3cleanH_20260727_081120_f001421.jpg,S1_futsal_C3cleanH_20260727_081120,C3_PAIR_clean,S1_pair_sec030,,538.76,467.5,53.29,24.94,36.46,medium,203,32,none,0,,,
S1_futsal_C3cleanH_20260727_081120_f001428.jpg,S1_futsal_C3cleanH_20260727_081120,C3_PAIR_clean,S1_pair_sec030,,580.41,468.17,48.5,26.98,36.17,medium,207,32,none,0,,,
S1_futsal_C3cleanH_20260727_081120_f001435.jpg,S1_futsal_C3cleanH_20260727_081120,C3_PAIR_clean,S1_pair_sec030,,625.0,470.0,48.0,24.0,33.94,medium,205,32,none,0,,6.34,304
S1_futsal_C3cleanH_20260727_081120_f001442.jpg,S1_futsal_C3cleanH_20260727_081120,C3_PAIR_clean,S1_pair_sec030,,674.07,471.09,48.12,25.24,34.85,medium,207,32,none,0,,,
S1_futsal_C3cleanH_20260727_081120_f001449.jpg,S1_futsal_C3cleanH_20260727_081120,C3_PAIR_clean,S1_pair_sec030,,711.91,470.78,47.22,25.47,34.68,medium,211,32,none,0,,6.25,295
S1_futsal_C3cleanH_20260727_081120_f001456.jpg,S1_futsal_C3cleanH_20260727_081120,C3_PAIR_clean,S1_pair_sec030,,744.26,473.08,48.7,26.96,36.23,medium,209,32,none,0,,,
S1_futsal_C3cleanH_20260727_081120_f001463.jpg,S1_futsal_C3cleanH_20260727_081120,C3_PAIR_clean,S1_pair_sec030,,769.89,473.59,48.41,27.2,36.29,medium,209,32,none,0,,6.06,293
S1_futsal_C3cleanH_20260727_081120_f001470.jpg,S1_futsal_C3cleanH_20260727_081120,C3_PAIR_clean,S1_pair_sec030,,785.0,475.0,49.0,24.0,34.29,medium,208,32,none,0,,6.09,298
S1_futsal_C3cleanH_20260727_081120_f001477.jpg,S1_futsal_C3cleanH_20260727_081120,C3_PAIR_clean,S1_pair_sec030,,674.0,464.0,45.0,24.0,32.86,medium,207,39,none,0,,,
S1_futsal_C3cleanH_20260727_081120_f001484.jpg,S1_futsal_C3cleanH_20260727_081120,C3_PAIR_clean,S1_pair_sec030,blur_moderate,554.07,459.73,42.0,25.36,32.64,medium,206,50,none,0,,,
S1_futsal_C3cleanH_20260727_081120_f001491.jpg,S1_futsal_C3cleanH_20260727_081120,C3_PAIR_clean,S1_pair_sec030,,463.93,458.06,42.36,25.42,32.81,medium,207,55,none,0,,,
S1_futsal_C3cleanH_20260727_081120_f001498.jpg,S1_futsal_C3cleanH_20260727_081120,C3_PAIR_clean,S1_pair_sec030,,438.36,457.81,42.32,25.86,33.08,medium,207,56,none,0,,,
S1_futsal_C3cleanH_20260727_081120_f001505.jpg,S1_futsal_C3cleanH_20260727_081120,C3_PAIR_clean,S1_pair_sec030,,414.69,461.83,42.97,28.53,35.02,medium,210,57,none,0,,5.32,229
S1_futsal_C3cleanH_20260727_081120_f001512.jpg,S1_futsal_C3cleanH_20260727_081120,C3_PAIR_clean,S1_pair_sec030,,421.67,461.79,42.09,28.81,34.82,medium,214,58,none,0,,5.26,221
S1_futsal_C3cleanH_20260727_081120_f001519.jpg,S1_futsal_C3cleanH_20260727_081120,C3_PAIR_clean,S1_pair_sec030,,445.01,462.01,42.97,27.59,34.43,medium,209,58,none,0,,5.12,220
S1_futsal_C3cleanH_20260727_081120_f001526.jpg,S1_futsal_C3cleanH_20260727_081120,C3_PAIR_clean,S1_pair_sec030,,468.35,462.02,43.13,28.74,35.21,medium,212,58,none,0,,5.23,226
S1_futsal_C3cleanH_20260727_081120_f001533.jpg,S1_futsal_C3cleanH_20260727_081120,C3_PAIR_clean,S1_pair_sec030,,499.85,461.89,41.88,29.02,34.86,medium,209,58,none,0,,,
S1_futsal_C3cleanH_20260727_081120_f001540.jpg,S1_futsal_C3cleanH_20260727_081120,C3_PAIR_clean,S1_pair_sec030,,534.38,460.86,37.69,25.78,31.17,small,210,58,none,0,,,
S1_futsal_C3cleanH_20260727_081120_f001547.jpg,S1_futsal_C3cleanH_20260727_081120,C3_PAIR_clean,S1_pair_sec030,,565.2,460.35,39.4,26.81,32.5,medium,210,57,none,0,,,
S1_futsal_C3cleanH_20260727_081120_f001554.jpg,S1_futsal_C3cleanH_20260727_081120,C3_PAIR_clean,S1_pair_sec030,,605.23,460.44,39.41,29.08,33.85,medium,207,58,none,0,,5.32,210
S1_futsal_C3cleanH_20260727_081120_f001561.jpg,S1_futsal_C3cleanH_20260727_081120,C3_PAIR_clean,S1_pair_sec030,,647.36,458.02,39.35,27.64,32.98,medium,208,58,none,0,,,
S1_futsal_C3cleanH_20260727_081120_f001568.jpg,S1_futsal_C3cleanH_20260727_081120,C3_PAIR_clean,S1_pair_sec030,,688.54,456.16,38.59,26.33,31.88,small,208,58,none,0,,,
S1_futsal_C3cleanH_20260727_081120_f001575.jpg,S1_futsal_C3cleanH_20260727_081120,C3_PAIR_clean,S1_pair_sec030,,709.49,454.63,37.56,27.52,32.15,medium,208,58,none,0,,,
S1_futsal_C3cleanH_20260727_081120_f001582.jpg,S1_futsal_C3cleanH_20260727_081120,C3_PAIR_clean,S1_pair_sec060,blur_heavy,608.32,444.36,39.05,37.3,38.16,medium,206,64,none,0,,,
S1_futsal_C3cleanH_20260727_081120_f001589.jpg,S1_futsal_C3cleanH_20260727_081120,C3_PAIR_clean,S1_pair_sec060,blur_heavy,499.57,438.1,37.43,33.41,35.36,medium,205,72,none,0,,,
S1_futsal_C3cleanH_20260727_081120_f001596.jpg,S1_futsal_C3cleanH_20260727_081120,C3_PAIR_clean,S1_pair_sec060,blur_moderate,471.0,436.0,37.0,36.0,36.5,medium,203,76,none,0,,5.26,195
S1_futsal_C3cleanH_20260727_081120_f001603.jpg,S1_futsal_C3cleanH_20260727_081120,C3_PAIR_clean,S1_pair_sec060,blur_moderate,475.0,440.0,34.0,27.0,30.3,small,206,76,none,0,,,
S1_futsal_C3cleanH_20260727_081120_f001610.jpg,S1_futsal_C3cleanH_20260727_081120,C3_PAIR_clean,S1_pair_sec060,blur_moderate,480.74,444.61,33.78,27.99,30.75,small,207,76,none,0,,,
S1_futsal_C3cleanH_20260727_081120_f001617.jpg,S1_futsal_C3cleanH_20260727_081120,C3_PAIR_clean,S1_pair_sec060,,494.79,445.02,34.84,31.35,33.05,medium,209,76,none,0,,,
S1_futsal_C3cleanH_20260727_081120_f001624.jpg,S1_futsal_C3cleanH_20260727_081120,C3_PAIR_clean,S1_pair_sec060,,520.13,445.29,34.24,29.43,31.74,small,211,76,none,0,,,
S1_futsal_C3cleanH_20260727_081120_f001631.jpg,S1_futsal_C3cleanH_20260727_081120,C3_PAIR_clean,S1_pair_sec060,blur_moderate,553.92,446.45,31.62,25.65,28.48,small,207,76,none,0,,,
S1_futsal_C3cleanH_20260727_081120_f001638.jpg,S1_futsal_C3cleanH_20260727_081120,C3_PAIR_clean,S1_pair_sec060,blur_moderate,590.33,446.21,28.61,25.57,27.05,small,210,76,none,0,,,
S1_futsal_C3cleanH_20260727_081120_f001645.jpg,S1_futsal_C3cleanH_20260727_081120,C3_PAIR_clean,S1_pair_sec060,blur_moderate,619.33,446.31,27.37,25.06,26.19,small,208,76,none,0,,,
S1_futsal_C3cleanH_20260727_081120_f001652.jpg,S1_futsal_C3cleanH_20260727_081120,C3_PAIR_clean,S1_pair_sec060,blur_moderate,652.9,444.21,28.5,25.58,27.0,small,203,76,none,0,,,
S1_futsal_C3cleanH_20260727_081120_f001659.jpg,S1_futsal_C3cleanH_20260727_081120,C3_PAIR_clean,S1_pair_sec060,blur_moderate,682.37,443.46,29.67,24.49,26.96,small,202,76,none,0,,,
S1_futsal_C3cleanH_20260727_081120_f001666.jpg,S1_futsal_C3cleanH_20260727_081120,C3_PAIR_clean,S1_pair_sec060,blur_heavy,612.45,440.61,27.84,24.63,26.19,small,207,80,none,0,,,
S1_futsal_C3cleanH_20260727_081120_f001673.jpg,S1_futsal_C3cleanH_20260727_081120,C3_PAIR_clean,S1_pair_sec060,blur_heavy,537.08,438.33,27.02,24.73,25.85,small,209,89,none,0,,,
S1_futsal_C3cleanH_20260727_081120_f001680.jpg,S1_futsal_C3cleanH_20260727_081120,C3_PAIR_clean,S1_pair_sec060,,521.02,437.66,34.46,25.12,29.42,small,211,89,none,0,,,
S1_futsal_C3cleanH_20260727_081120_f001687.jpg,S1_futsal_C3cleanH_20260727_081120,C3_PAIR_clean,S1_pair_sec060,,534.46,438.21,26.96,24.51,25.7,small,211,89,none,0,,,
S1_futsal_C3cleanH_20260727_081120_f001694.jpg,S1_futsal_C3cleanH_20260727_081120,C3_PAIR_clean,S1_pair_sec060,,544.87,437.0,28.97,25.99,27.44,small,210,89,none,0,,,
S1_futsal_C3cleanH_20260727_081120_f001701.jpg,S1_futsal_C3cleanH_20260727_081120,C3_PAIR_clean,S1_pair_sec060,,565.54,435.89,30.56,31.27,30.91,small,211,89,none,0,,,
S1_futsal_C3cleanH_20260727_081120_f001708.jpg,S1_futsal_C3cleanH_20260727_081120,C3_PAIR_clean,S1_pair_sec060,,588.0,432.0,33.0,28.0,30.4,small,210,89,none,0,,,
S1_futsal_C3cleanH_20260727_081120_f001715.jpg,S1_futsal_C3cleanH_20260727_081120,C3_PAIR_clean,S1_pair_sec060,,618.0,432.0,31.0,25.0,27.84,small,209,89,none,0,,,
S1_futsal_C3cleanH_20260727_081120_f001722.jpg,S1_futsal_C3cleanH_20260727_081120,C3_PAIR_clean,S1_pair_sec060,,646.0,431.0,34.0,30.0,31.94,small,209,89,none,0,,,
S1_futsal_C3cleanH_20260727_081120_f001729.jpg,S1_futsal_C3cleanH_20260727_081120,C3_PAIR_clean,S1_pair_sec090,blur_moderate,680.59,433.25,36.01,27.04,31.21,small,211,90,none,0,,,
S1_futsal_C3cleanH_20260727_081120_f001736.jpg,S1_futsal_C3cleanH_20260727_081120,C3_PAIR_clean,S1_pair_sec090,,703.16,431.85,37.24,29.19,32.97,medium,208,90,none,0,,,
S1_futsal_C3cleanH_20260727_081120_f001743.jpg,S1_futsal_C3cleanH_20260727_081120,C3_PAIR_clean,S1_pair_sec090,blur_moderate,686.41,428.17,39.82,34.05,36.82,medium,208,90,none,0,,,
S1_futsal_C3cleanH_20260727_081120_f001750.jpg,S1_futsal_C3cleanH_20260727_081120,C3_PAIR_clean,S1_pair_sec090,blur_heavy,570.25,421.8,38.41,33.87,36.07,medium,210,101,none,0,,,
S1_futsal_C3cleanH_20260727_081120_f001757.jpg,S1_futsal_C3cleanH_20260727_081120,C3_PAIR_clean,S1_pair_sec090,,480.15,422.13,33.31,25.98,29.42,small,208,107,none,0,,,
S1_futsal_C3cleanH_20260727_081120_f001764.jpg,S1_futsal_C3cleanH_20260727_081120,C3_PAIR_clean,S1_pair_sec090,blur_heavy,468.38,420.08,35.95,29.75,32.7,medium,211,108,none,0,,,
S1_futsal_C3cleanH_20260727_081120_f001771.jpg,S1_futsal_C3cleanH_20260727_081120,C3_PAIR_clean,S1_pair_sec090,blur_moderate,460.19,422.38,37.29,26.2,31.26,small,209,108,none,0,,,
S1_futsal_C3cleanH_20260727_081120_f001778.jpg,S1_futsal_C3cleanH_20260727_081120,C3_PAIR_clean,S1_pair_sec090,,463.0,421.0,37.0,24.0,29.8,small,211,108,none,0,,,
S1_futsal_C3cleanH_20260727_081120_f001785.jpg,S1_futsal_C3cleanH_20260727_081120,C3_PAIR_clean,S1_pair_sec090,,476.0,421.0,37.0,24.0,29.8,small,209,108,none,0,,,
S1_futsal_C3cleanH_20260727_081120_f001792.jpg,S1_futsal_C3cleanH_20260727_081120,C3_PAIR_clean,S1_pair_sec090,,493.65,422.38,36.21,26.2,30.8,small,211,108,none,0,,,
S1_futsal_C3cleanH_20260727_081120_f001799.jpg,S1_futsal_C3cleanH_20260727_081120,C3_PAIR_clean,S1_pair_sec090,,513.64,422.94,37.4,25.33,30.78,small,208,108,none,0,,,
S1_futsal_C3cleanH_20260727_081120_f001806.jpg,S1_futsal_C3cleanH_20260727_081120,C3_PAIR_clean,S1_pair_sec090,,540.14,423.41,33.03,24.49,28.44,small,205,108,none,0,,,
S1_futsal_C3cleanH_20260727_081120_f001813.jpg,S1_futsal_C3cleanH_20260727_081120,C3_PAIR_clean,S1_pair_sec090,,565.66,420.48,37.3,24.78,30.4,small,203,108,none,0,,,
S1_futsal_C3cleanH_20260727_081120_f001820.jpg,S1_futsal_C3cleanH_20260727_081120,C3_PAIR_clean,S1_pair_sec090,,595.0,416.0,40.0,23.0,30.33,small,204,108,none,0,,,
S1_futsal_C3cleanH_20260727_081120_f001827.jpg,S1_futsal_C3cleanH_20260727_081120,C3_PAIR_clean,S1_pair_sec090,blur_moderate,578.36,418.42,39.01,22.9,29.89,small,206,110,none,0,,,
S1_futsal_C3cleanH_20260727_081120_f001834.jpg,S1_futsal_C3cleanH_20260727_081120,C3_PAIR_clean,S1_pair_sec090,blur_heavy,470.88,417.79,38.29,23.34,29.9,small,206,113,none,0,,,
S1_futsal_C3cleanH_20260727_081120_f001841.jpg,S1_futsal_C3cleanH_20260727_081120,C3_PAIR_clean,S1_pair_sec120,,397.0,419.0,34.0,21.0,26.72,small,203,124,none,0,,,
S1_futsal_C3cleanH_20260727_081120_f001848.jpg,S1_futsal_C3cleanH_20260727_081120,C3_PAIR_clean,S1_pair_sec120,,372.13,420.11,36.33,22.0,28.27,small,204,126,none,0,,,
S1_futsal_C3cleanH_20260727_081120_f001855.jpg,S1_futsal_C3cleanH_20260727_081120,C3_PAIR_clean,S1_pair_sec120,blur_moderate,347.08,420.93,36.31,22.87,28.82,small,204,128,none,0,,,
S1_futsal_C3cleanH_20260727_081120_f001862.jpg,S1_futsal_C3cleanH_20260727_081120,C3_PAIR_clean,S1_pair_sec120,,309.27,425.49,36.79,22.74,28.92,small,205,129,none,0,,,
S1_futsal_C3cleanH_20260727_081120_f001869.jpg,S1_futsal_C3cleanH_20260727_081120,C3_PAIR_clean,S1_pair_sec120,,316.9,423.77,38.55,23.75,30.26,small,207,130,none,0,,,
S1_futsal_C3cleanH_20260727_081120_f001876.jpg,S1_futsal_C3cleanH_20260727_081120,C3_PAIR_clean,S1_pair_sec120,,337.88,420.84,35.56,21.39,27.58,small,206,130,none,0,,,
S1_futsal_C3cleanH_20260727_081120_f001883.jpg,S1_futsal_C3cleanH_20260727_081120,C3_PAIR_clean,S1_pair_sec120,,355.99,421.13,38.99,21.33,28.84,small,204,129,none,0,,,
S1_futsal_C3cleanH_20260727_081120_f001890.jpg,S1_futsal_C3cleanH_20260727_081120,C3_PAIR_clean,S1_pair_sec120,,380.54,422.28,38.44,25.83,31.51,small,205,129,none,0,,,
S1_futsal_C3cleanH_20260727_081120_f001897.jpg,S1_futsal_C3cleanH_20260727_081120,C3_PAIR_clean,S1_pair_sec120,,409.26,420.39,38.81,21.47,28.87,small,206,129,none,0,,,
S1_futsal_C3cleanH_20260727_081120_f001904.jpg,S1_futsal_C3cleanH_20260727_081120,C3_PAIR_clean,S1_pair_sec120,,447.91,419.7,38.63,22.0,29.15,small,205,130,none,0,,,
S1_futsal_C3cleanH_20260727_081120_f001911.jpg,S1_futsal_C3cleanH_20260727_081120,C3_PAIR_clean,S1_pair_sec120,,462.63,420.29,38.83,21.73,29.05,small,205,130,none,0,,,
S1_futsal_C3cleanH_20260727_081120_f001918.jpg,S1_futsal_C3cleanH_20260727_081120,C3_PAIR_clean,S1_pair_sec120,,470.14,420.56,42.28,22.3,30.7,small,204,130,none,0,,,
S1_futsal_C3cleanH_20260727_081120_f001925.jpg,S1_futsal_C3cleanH_20260727_081120,C3_PAIR_clean,S1_pair_sec120,,481.09,422.6,40.74,24.99,31.91,small,205,130,none,0,,,
S1_futsal_C3cleanH_20260727_081120_f001932.jpg,S1_futsal_C3cleanH_20260727_081120,C3_PAIR_clean,S1_pair_sec120,,498.86,421.2,40.79,24.09,31.35,small,204,130,none,0,,,
S1_futsal_C3cleanH_20260727_081120_f001939.jpg,S1_futsal_C3cleanH_20260727_081120,C3_PAIR_clean,S1_pair_sec120,,522.37,422.97,41.27,22.16,30.24,small,206,130,none,0,,,
S1_futsal_C3cleanH_20260727_081120_f001946.jpg,S1_futsal_C3cleanH_20260727_081120,C3_PAIR_clean,S1_pair_sec120,,551.32,420.51,41.55,21.17,29.66,small,205,130,none,0,,,
S1_futsal_C3cleanH_20260727_081120_f001953.jpg,S1_futsal_C3cleanH_20260727_081120,C3_PAIR_clean,S1_pair_sec120,,576.87,419.63,41.31,22.07,30.19,small,202,130,none,0,,,
S1_futsal_C3cleanH_20260727_081120_f001960.jpg,S1_futsal_C3cleanH_20260727_081120,C3_PAIR_clean,S1_pair_sec120,blur_moderate,527.93,418.85,45.48,21.21,31.06,small,204,135,none,0,,,
S1_futsal_C3cleanH_20260727_081120_f001967.jpg,S1_futsal_C3cleanH_20260727_081120,C3_PAIR_clean,S1_pair_sec120,,438.0,418.13,43.88,22.67,31.54,small,203,140,none,0,,,
S1_futsal_C3cleanH_20260727_081120_f001974.jpg,S1_futsal_C3cleanH_20260727_081120,C3_PAIR_clean,S1_pair_sec120,,433.75,416.57,43.23,22.24,31.01,small,205,141,none,0,,,
S1_futsal_C3cleanH_20260727_081120_f001981.jpg,S1_futsal_C3cleanH_20260727_081120,C3_PAIR_clean,S1_pair_sec120,,438.93,415.11,41.53,20.66,29.29,small,200,141,none,0,,,
S1_futsal_C3cleanH_20260727_081120_f001988.jpg,S1_futsal_C3cleanH_20260727_081120,C3_PAIR_clean,S1_pair_sec120,,437.56,418.11,39.6,20.58,28.55,small,207,141,none,0,,,
S1_futsal_C3cleanH_20260727_081120_f001995.jpg,S1_futsal_C3cleanH_20260727_081120,C3_PAIR_clean,S1_pair_sec120,,438.7,419.43,41.74,20.84,29.49,small,208,141,none,0,,,
S1_futsal_C3cleanH_20260727_081120_f002002.jpg,S1_futsal_C3cleanH_20260727_081120,C3_PAIR_clean,S1_pair_sec120,,458.12,417.15,41.63,20.1,28.92,small,209,141,none,0,,,
S1_futsal_C3cleanH_20260727_081120_f002009.jpg,S1_futsal_C3cleanH_20260727_081120,C3_PAIR_clean,S1_pair_sec120,,484.97,414.42,42.73,18.2,27.89,small,206,141,none,0,,,
S1_futsal_C3cleanH_20260727_081120_f002016.jpg,S1_futsal_C3cleanH_20260727_081120,C3_PAIR_clean,S1_pair_sec120,,470.16,414.63,44.76,18.4,28.7,small,205,144,none,0,,,
S1_futsal_C3cleanH_20260727_081120_f002023.jpg,S1_futsal_C3cleanH_20260727_081120,C3_PAIR_clean,S1_pair_sec150,,368.08,417.52,42.75,17.32,27.21,small,205,152,none,0,,,
S1_futsal_C3cleanH_20260727_081120_f002030.jpg,S1_futsal_C3cleanH_20260727_081120,C3_PAIR_clean,S1_pair_sec150,,323.05,419.53,43.03,19.76,29.16,small,203,154,none,0,,,
S1_futsal_C3cleanH_20260727_081120_f002037.jpg,S1_futsal_C3cleanH_20260727_081120,C3_PAIR_clean,S1_pair_sec150,,326.13,419.94,43.34,19.94,29.4,small,203,154,none,0,,,
S1_futsal_C3cleanH_20260727_081120_f002044.jpg,S1_futsal_C3cleanH_20260727_081120,C3_PAIR_clean,S1_pair_sec150,,326.71,420.59,45.03,20.82,30.62,small,206,154,none,0,,,
S1_futsal_C3cleanH_20260727_081120_f002051.jpg,S1_futsal_C3cleanH_20260727_081120,C3_PAIR_clean,S1_pair_sec150,,326.26,424.36,44.31,22.33,31.45,small,209,154,none,0,,,
S1_futsal_C3cleanH_20260727_081120_f002058.jpg,S1_futsal_C3cleanH_20260727_081120,C3_PAIR_clean,S1_pair_sec150,,342.69,424.32,45.35,22.0,31.58,small,212,154,none,0,,,
S1_futsal_C3cleanH_20260727_081120_f002065.jpg,S1_futsal_C3cleanH_20260727_081120,C3_PAIR_clean,S1_pair_sec150,,360.48,423.72,41.65,18.5,27.76,small,210,154,none,0,,,
S1_futsal_C3cleanH_20260727_081120_f002072.jpg,S1_futsal_C3cleanH_20260727_081120,C3_PAIR_clean,S1_pair_sec150,,385.16,423.1,43.66,18.15,28.15,small,209,154,none,0,,,
S1_futsal_C3cleanH_20260727_081120_f002079.jpg,S1_futsal_C3cleanH_20260727_081120,C3_PAIR_clean,S1_pair_sec150,,421.43,421.62,45.33,19.67,29.86,small,204,154,none,0,,,
S1_futsal_C3cleanH_20260727_081120_f002086.jpg,S1_futsal_C3cleanH_20260727_081120,C3_PAIR_clean,S1_pair_sec150,,448.75,419.4,45.26,21.46,31.17,small,207,154,none,0,,,
S1_futsal_C3cleanH_20260727_081120_f002093.jpg,S1_futsal_C3cleanH_20260727_081120,C3_PAIR_clean,S1_pair_sec150,,476.48,419.25,44.46,19.63,29.54,small,204,154,none,0,,,
S1_futsal_C3cleanH_20260727_081120_f002100.jpg,S1_futsal_C3cleanH_20260727_081120,C3_PAIR_clean,S1_pair_sec150,,491.8,419.48,46.22,20.02,30.42,small,204,154,none,0,,,
S1_futsal_C3cleanH_20260727_081120_f002107.jpg,S1_futsal_C3cleanH_20260727_081120,C3_PAIR_clean,S1_pair_sec150,,431.54,421.7,44.56,19.94,29.81,small,207,158,none,0,,,
S1_futsal_C3cleanH_20260727_081120_f002114.jpg,S1_futsal_C3cleanH_20260727_081120,C3_PAIR_clean,S1_pair_sec150,,315.03,425.84,45.34,19.64,29.84,small,205,166,none,0,,,
S1_futsal_C3cleanH_20260727_081120_f002121.jpg,S1_futsal_C3cleanH_20260727_081120,C3_PAIR_clean,S1_pair_sec150,,251.0,430.0,52.0,14.0,26.98,small,206,171,none,0,,,
S1_futsal_C3cleanH_20260727_081120_f002128.jpg,S1_futsal_C3cleanH_20260727_081120,C3_PAIR_clean,S1_pair_sec150,,250.65,429.26,49.26,18.1,29.86,small,206,171,none,0,,,
S1_futsal_C3cleanH_20260727_081120_f002135.jpg,S1_futsal_C3cleanH_20260727_081120,C3_PAIR_clean,S1_pair_sec150,,243.29,430.82,44.23,20.17,29.87,small,205,171,none,0,,,
S1_futsal_C3cleanH_20260727_081120_f002142.jpg,S1_futsal_C3cleanH_20260727_081120,C3_PAIR_clean,S1_pair_sec150,,248.96,431.0,48.81,20.76,31.83,small,206,171,none,0,,,
S1_futsal_C3cleanH_20260727_081120_f002149.jpg,S1_futsal_C3cleanH_20260727_081120,C3_PAIR_clean,S1_pair_sec150,,272.05,430.05,47.28,18.05,29.21,small,207,171,none,0,,,
S1_futsal_C3cleanH_20260727_081120_f002156.jpg,S1_futsal_C3cleanH_20260727_081120,C3_PAIR_clean,S1_pair_sec150,,294.34,430.24,46.33,15.75,27.02,small,206,171,none,0,,,
S1_futsal_C3cleanH_20260727_081120_f002163.jpg,S1_futsal_C3cleanH_20260727_081120,C3_PAIR_clean,S1_pair_sec150,,316.45,429.82,47.62,16.99,28.44,small,204,171,none,0,,,
S1_futsal_C3cleanH_20260727_081120_f002170.jpg,S1_futsal_C3cleanH_20260727_081120,C3_PAIR_clean,S1_pair_sec150,,342.24,430.37,47.32,16.7,28.11,small,204,171,none,0,,,
S1_futsal_C3cleanH_20260727_081120_f002177.jpg,S1_futsal_C3cleanH_20260727_081120,C3_PAIR_clean,S1_pair_sec150,,380.11,430.37,45.35,18.05,28.61,small,203,171,none,0,,,
S1_futsal_C3cleanH_20260727_081120_f002184.jpg,S1_futsal_C3cleanH_20260727_081120,C3_PAIR_clean,S1_pair_sec150,,386.71,430.07,69.78,23.36,40.37,medium,204,171,none,0,,,
S1_futsal_C3cleanH_20260727_081120_f002191.jpg,S1_futsal_C3cleanH_20260727_081120,C3_PAIR_clean,S1_pair_sec150,,441.0,430.0,49.0,16.0,28.0,small,206,171,none,0,,,
S1_futsal_C3cleanH_20260727_081120_f002198.jpg,S1_futsal_C3cleanH_20260727_081120,C3_PAIR_clean,S1_pair_sec150,,465.35,429.92,48.79,16.68,28.52,small,205,171,none,0,,,
S1_futsal_C3cleanH_20260727_081120_f002205.jpg,S1_futsal_C3cleanH_20260727_081120,C3_PAIR_clean,S1_pair_sec150,,489.0,429.0,45.0,15.0,25.98,small,204,171,none,0,,,
S1_futsal_C3cleanH_20260727_081120_f002212.jpg,S1_futsal_C3cleanH_20260727_081120,C3_PAIR_clean,S1_pair_sec150,,504.53,430.7,44.83,19.56,29.61,small,203,171,none,0,,,
S1_futsal_C3cleanH_20260727_081120_f002219.jpg,S1_futsal_C3cleanH_20260727_081120,C3_PAIR_clean,S1_pair_sec150,,513.66,431.98,45.24,19.89,30.0,small,204,171,none,0,,,
S1_futsal_C3cleanH_20260727_081120_f002226.jpg,S1_futsal_C3cleanH_20260727_081120,C3_PAIR_clean,S1_pair_sec150,,519.24,431.69,47.65,20.79,31.47,small,203,171,none,0,,,
S1_futsal_C3cleanH_20260727_081120_f002233.jpg,S1_futsal_C3cleanH_20260727_081120,C3_PAIR_clean,S1_pair_sec150,,518.84,433.01,45.94,19.67,30.06,small,203,171,none,0,,,
S1_futsal_C3cleanH_20260727_081120_f002240.jpg,S1_futsal_C3cleanH_20260727_081120,C3_PAIR_clean,S1_pair_sec150,,517.0,433.69,44.98,20.12,30.08,small,205,171,none,0,,,
S1_futsal_C3cleanH_20260727_081120_f002247.jpg,S1_futsal_C3cleanH_20260727_081120,C3_PAIR_clean,S1_pair_sec150,,515.03,433.36,45.1,20.74,30.59,small,208,171,none,0,,,
S1_futsal_C3cleanH_20260727_081120_f002254.jpg,S1_futsal_C3cleanH_20260727_081120,C3_PAIR_clean,S1_pair_sec150,,511.39,434.03,44.44,19.64,29.54,small,206,171,none,0,,,
S1_futsal_C3cleanH_20260727_081120_f002261.jpg,S1_futsal_C3cleanH_20260727_081120,C3_PAIR_clean,S1_pair_sec150,,510.7,434.41,45.56,19.68,29.94,small,207,171,none,0,,,
S1_futsal_C3cleanH_20260727_081120_f002268.jpg,S1_futsal_C3cleanH_20260727_081120,C3_PAIR_clean,S1_pair_sec150,,508.61,434.3,46.88,19.72,30.4,small,204,171,none,0,,,
S1_futsal_C3cleanH_20260727_081120_f002275.jpg,S1_futsal_C3cleanH_20260727_081120,C3_PAIR_clean,S1_pair_sec150,,510.02,433.35,44.92,20.02,29.99,small,203,171,none,0,,,
S1_futsal_C3cleanH_20260727_081120_f002282.jpg,S1_futsal_C3cleanH_20260727_081120,C3_PAIR_clean,S1_pair_sec150,,509.89,433.08,45.18,20.82,30.67,small,205,171,none,0,,,
S1_futsal_C3cleanH_20260727_081120_f002289.jpg,S1_futsal_C3cleanH_20260727_081120,C3_PAIR_clean,S1_pair_sec150,,511.07,434.44,44.02,19.58,29.36,small,203,171,none,0,,,
S1_futsal_C3cleanH_20260727_081120_f002296.jpg,S1_futsal_C3cleanH_20260727_081120,C3_PAIR_clean,S1_pair_sec150,,511.87,435.44,41.91,17.84,27.35,small,205,171,none,0,,,
S1_futsal_C3cleanH_20260727_081120_f002303.jpg,S1_futsal_C3cleanH_20260727_081120,C3_PAIR_clean,S1_pair_sec150,,511.9,436.56,49.56,19.71,31.26,small,207,171,none,0,,,
S1_futsal_C3cleanH_20260727_081120_f002310.jpg,S1_futsal_C3cleanH_20260727_081120,C3_PAIR_clean,S1_pair_sec150,,497.7,437.75,45.79,19.61,29.97,small,207,172,none,0,,,
S1_futsal_C3cleanH_20260727_081120_f002317.jpg,S1_futsal_C3cleanH_20260727_081120,C3_PAIR_clean,S1_pair_sec150,,410.06,439.85,44.47,19.17,29.2,small,208,177,none,0,,,
S1_futsal_C3cleanH_20260727_081120_f002324.jpg,S1_futsal_C3cleanH_20260727_081120,C3_PAIR_clean,S1_pair_sec180,,357.39,440.66,45.72,19.27,29.69,small,211,-177,none,0,,,
S1_futsal_C3cleanH_20260727_081120_f002331.jpg,S1_futsal_C3cleanH_20260727_081120,C3_PAIR_clean,S1_pair_sec180,,357.02,440.88,42.66,20.11,29.29,small,209,-177,none,0,,,
S1_futsal_C3cleanH_20260727_081120_f002338.jpg,S1_futsal_C3cleanH_20260727_081120,C3_PAIR_clean,S1_pair_sec180,,357.44,441.4,44.87,18.04,28.45,small,211,-177,none,0,,,
S1_futsal_C3cleanH_20260727_081120_f002345.jpg,S1_futsal_C3cleanH_20260727_081120,C3_PAIR_clean,S1_pair_sec180,,379.69,438.79,44.89,20.62,30.42,small,207,-177,none,0,,,
S1_futsal_C3cleanH_20260727_081120_f002352.jpg,S1_futsal_C3cleanH_20260727_081120,C3_PAIR_clean,S1_pair_sec180,,403.16,436.58,43.58,17.14,27.33,small,206,-177,none,0,,,
S1_futsal_C3cleanH_20260727_081120_f002359.jpg,S1_futsal_C3cleanH_20260727_081120,C3_PAIR_clean,S1_pair_sec180,,424.13,434.66,45.18,19.2,29.45,small,205,-177,none,0,,,
S1_futsal_C3cleanH_20260727_081120_f002366.jpg,S1_futsal_C3cleanH_20260727_081120,C3_PAIR_clean,S1_pair_sec180,,452.99,433.08,48.53,20.32,31.4,small,202,-177,none,0,,,
S1_futsal_C3cleanH_20260727_081120_f002373.jpg,S1_futsal_C3cleanH_20260727_081120,C3_PAIR_clean,S1_pair_sec180,,484.18,431.84,47.75,20.64,31.39,small,201,-177,none,0,,,
S1_futsal_C3cleanH_20260727_081120_f002380.jpg,S1_futsal_C3cleanH_20260727_081120,C3_PAIR_clean,S1_pair_sec180,,514.25,431.84,49.02,20.19,31.46,small,198,-177,none,0,,,
S1_futsal_C3cleanH_20260727_081120_f002387.jpg,S1_futsal_C3cleanH_20260727_081120,C3_PAIR_clean,S1_pair_sec180,,542.69,431.19,47.71,20.2,31.05,small,200,-177,none,0,,,
S1_futsal_C3cleanH_20260727_081120_f002394.jpg,S1_futsal_C3cleanH_20260727_081120,C3_PAIR_clean,S1_pair_sec180,,579.62,429.92,45.41,17.1,27.87,small,201,-177,none,0,,,
S1_futsal_C3cleanH_20260727_081120_f002401.jpg,S1_futsal_C3cleanH_20260727_081120,C3_PAIR_clean,S1_pair_sec180,,595.56,429.02,48.68,18.37,29.9,small,201,-174,none,0,,,
S1_futsal_C3cleanH_20260727_081120_f002408.jpg,S1_futsal_C3cleanH_20260727_081120,C3_PAIR_clean,S1_pair_sec180,,496.92,426.34,39.15,20.69,28.46,small,201,-169,none,0,,,
S1_futsal_C3cleanH_20260727_081120_f002415.jpg,S1_futsal_C3cleanH_20260727_081120,C3_PAIR_clean,S1_pair_sec180,,415.04,426.95,41.51,20.3,29.03,small,203,-163,none,0,,,
S1_futsal_C3cleanH_20260727_081120_f002422.jpg,S1_futsal_C3cleanH_20260727_081120,C3_PAIR_clean,S1_pair_sec180,,412.88,425.61,39.59,20.3,28.35,small,204,-162,none,0,,,
S1_futsal_C3cleanH_20260727_081120_f002429.jpg,S1_futsal_C3cleanH_20260727_081120,C3_PAIR_clean,S1_pair_sec180,,416.24,426.83,41.25,20.15,28.83,small,209,-162,none,0,,,
S1_futsal_C3cleanH_20260727_081120_f002436.jpg,S1_futsal_C3cleanH_20260727_081120,C3_PAIR_clean,S1_pair_sec180,,427.61,426.14,41.95,20.87,29.59,small,204,-162,none,0,,,
S1_futsal_C3cleanH_20260727_081120_f002443.jpg,S1_futsal_C3cleanH_20260727_081120,C3_PAIR_clean,S1_pair_sec180,,447.42,423.02,40.37,18.45,27.29,small,204,-162,none,0,,,
S1_futsal_C3cleanH_20260727_081120_f002450.jpg,S1_futsal_C3cleanH_20260727_081120,C3_PAIR_clean,S1_pair_sec180,,471.29,422.33,40.88,19.2,28.02,small,205,-162,none,0,,,
S1_futsal_C3cleanH_20260727_081120_f002457.jpg,S1_futsal_C3cleanH_20260727_081120,C3_PAIR_clean,S1_pair_sec180,,494.74,421.89,41.5,17.94,27.28,small,206,-162,none,0,,,
S1_futsal_C3cleanH_20260727_081120_f002464.jpg,S1_futsal_C3cleanH_20260727_081120,C3_PAIR_clean,S1_pair_sec180,,519.08,421.25,40.56,18.73,27.56,small,207,-162,none,0,,,
S1_futsal_C3cleanH_20260727_081120_f002471.jpg,S1_futsal_C3cleanH_20260727_081120,C3_PAIR_clean,S1_pair_sec180,,546.86,418.93,43.59,21.12,30.34,small,206,-162,none,0,,,
S1_futsal_C3cleanH_20260727_081120_f002478.jpg,S1_futsal_C3cleanH_20260727_081120,C3_PAIR_clean,S1_pair_sec180,,499.25,417.71,42.25,17.97,27.55,small,207,-159,none,0,,,
S1_futsal_C3cleanH_20260727_081120_f002485.jpg,S1_futsal_C3cleanH_20260727_081120,C3_PAIR_clean,S1_pair_sec180,,452.1,414.96,40.47,20.22,28.61,small,206,-152,none,0,,,
S1_futsal_C3cleanH_20260727_081120_f002492.jpg,S1_futsal_C3cleanH_20260727_081120,C3_PAIR_clean,S1_pair_sec180,,451.23,416.2,45.45,19.3,29.62,small,210,-152,none,0,,,
S1_futsal_C3cleanH_20260727_081120_f002499.jpg,S1_futsal_C3cleanH_20260727_081120,C3_PAIR_clean,S1_pair_sec180,,455.95,415.41,38.36,19.42,27.29,small,208,-151,none,0,,,
S1_futsal_C3cleanH_20260727_081120_f002506.jpg,S1_futsal_C3cleanH_20260727_081120,C3_PAIR_clean,S1_pair_sec180,,484.86,412.24,40.07,17.29,26.32,small,205,-151,none,0,,,
S1_futsal_C3cleanH_20260727_081120_f002513.jpg,S1_futsal_C3cleanH_20260727_081120,C3_PAIR_clean,S1_pair_sec180,,515.39,411.41,38.58,17.74,26.16,small,206,-151,none,0,,,
S1_futsal_C3cleanH_20260727_081120_f002520.jpg,S1_futsal_C3cleanH_20260727_081120,C3_PAIR_clean,S1_pair_sec180,,541.55,410.58,41.49,18.48,27.69,small,206,-151,none,0,,,
S1_futsal_C3cleanH_20260727_081120_f002527.jpg,S1_futsal_C3cleanH_20260727_081120,C3_PAIR_clean,S1_pair_sec180,,570.96,409.56,37.29,19.7,27.1,small,206,-151,none,0,,,
S1_futsal_C3cleanH_20260727_081120_f002534.jpg,S1_futsal_C3cleanH_20260727_081120,C3_PAIR_clean,S1_pair_sec180,,600.34,407.28,39.51,20.49,28.45,small,206,-151,none,0,,,
S1_futsal_C3cleanH_20260727_081120_f002541.jpg,S1_futsal_C3cleanH_20260727_081120,C3_PAIR_clean,S1_pair_sec180,,637.41,408.28,39.94,20.51,28.62,small,208,-151,none,0,,,
S1_futsal_C3cleanH_20260727_081120_f002548.jpg,S1_futsal_C3cleanH_20260727_081120,C3_PAIR_clean,S1_pair_sec180,,672.65,410.17,38.08,18.95,26.86,small,207,-151,none,0,,,
S1_futsal_C3cleanH_20260727_081120_f002555.jpg,S1_futsal_C3cleanH_20260727_081120,C3_PAIR_clean,S1_pair_sec210,blur_moderate,654.33,403.84,36.38,19.82,26.85,small,209,-147,none,0,,,
S1_futsal_C3cleanH_20260727_081120_f002562.jpg,S1_futsal_C3cleanH_20260727_081120,C3_PAIR_clean,S1_pair_sec210,blur_moderate,536.5,399.55,36.57,17.49,25.29,small,209,-139,none,0,,,
S1_futsal_C3cleanH_20260727_081120_f002569.jpg,S1_futsal_C3cleanH_20260727_081120,C3_PAIR_clean,S1_pair_sec210,blur_moderate,495.84,398.48,36.57,18.53,26.03,small,209,-135,none,0,,,
S1_futsal_C3cleanH_20260727_081120_f002576.jpg,S1_futsal_C3cleanH_20260727_081120,C3_PAIR_clean,S1_pair_sec210,,590.35,393.75,33.79,17.27,24.15,small,207,-135,none,0,,,
S1_futsal_C3cleanH_20260727_081120_f002583.jpg,S1_futsal_C3cleanH_20260727_081120,C3_PAIR_clean,S1_pair_sec210,,621.25,393.2,38.35,18.07,26.33,small,203,-135,none,0,,,
S1_futsal_C3cleanH_20260727_081120_f002590.jpg,S1_futsal_C3cleanH_20260727_081120,C3_PAIR_clean,S1_pair_sec210,,653.28,393.29,36.6,17.83,25.55,small,204,-135,none,0,,,
S1_futsal_C3cleanH_20260727_081120_f002597.jpg,S1_futsal_C3cleanH_20260727_081120,C3_PAIR_clean,S1_pair_sec210,,685.48,393.44,35.56,16.77,24.42,small,206,-135,none,0,,,
S1_futsal_C3cleanH_20260727_081120_f002604.jpg,S1_futsal_C3cleanH_20260727_081120,C3_PAIR_clean,S1_pair_sec210,,716.54,389.75,32.21,19.38,24.98,small,208,-135,none,0,,,
S1_futsal_C3cleanH_20260727_081120_f002611.jpg,S1_futsal_C3cleanH_20260727_081120,C3_PAIR_clean,S1_pair_sec210,,747.24,390.95,31.93,18.71,24.44,small,207,-135,none,0,,,
S1_futsal_C3cleanH_20260727_081120_f002618.jpg,S1_futsal_C3cleanH_20260727_081120,C3_PAIR_clean,S1_pair_sec210,,764.01,392.94,35.89,18.18,25.55,small,209,-135,none,0,,,
S1_futsal_C3cleanH_20260727_081120_f002625.jpg,S1_futsal_C3cleanH_20260727_081120,C3_PAIR_clean,S1_pair_sec210,,781.0,390.0,34.0,19.0,25.42,small,205,-135,none,0,,,
S1_futsal_C3cleanH_20260727_081120_f002632.jpg,S1_futsal_C3cleanH_20260727_081120,C3_PAIR_clean,S1_pair_sec210,,765.13,386.51,27.75,18.25,22.51,small,208,-131,none,0,,,
S1_futsal_C3cleanH_20260727_081120_f002639.jpg,S1_futsal_C3cleanH_20260727_081120,C3_PAIR_clean,S1_pair_sec210,,638.0,379.0,28.0,15.0,20.49,small,205,-123,none,0,,,
S1_futsal_C3cleanH_20260727_081120_f002646.jpg,S1_futsal_C3cleanH_20260727_081120,C3_PAIR_clean,S1_pair_sec240,blur_moderate,551.0,376.0,28.0,16.0,21.17,small,204,-118,none,0,,,
S1_futsal_C3cleanH_20260727_081120_f002653.jpg,S1_futsal_C3cleanH_20260727_081120,C3_PAIR_clean,S1_pair_sec240,blur_moderate,463.0,371.0,28.0,16.0,21.17,small,204,-113,none,0,,,
S1_futsal_C3cleanH_20260727_081120_f002660.jpg,S1_futsal_C3cleanH_20260727_081120,C3_PAIR_clean,S1_pair_sec240,,456.0,374.0,18.0,14.0,15.87,small,205,-110,none,0,,,
S1_futsal_C3cleanH_20260727_081120_f002667.jpg,S1_futsal_C3cleanH_20260727_081120,C3_PAIR_clean,S1_pair_sec240,blur_moderate,448.0,371.0,22.0,15.0,18.17,small,208,-109,none,0,,,
S1_futsal_C3cleanH_20260727_081120_f002674.jpg,S1_futsal_C3cleanH_20260727_081120,C3_PAIR_clean,S1_pair_sec240,,445.0,368.0,25.0,22.0,23.45,small,208,-110,none,0,,,
S1_futsal_C3cleanH_20260727_081120_f002681.jpg,S1_futsal_C3cleanH_20260727_081120,C3_PAIR_clean,S1_pair_sec240,blur_moderate,450.0,377.0,18.0,13.0,15.3,small,210,-110,none,0,,,
S1_futsal_C3cleanH_20260727_081120_f002688.jpg,S1_futsal_C3cleanH_20260727_081120,C3_PAIR_clean,S1_pair_sec240,blur_moderate,455.0,373.0,28.0,18.0,22.45,small,212,-110,none,0,,,
S1_futsal_C3cleanH_20260727_081120_f002695.jpg,S1_futsal_C3cleanH_20260727_081120,C3_PAIR_clean,S1_pair_sec240,blur_moderate,481.0,370.0,30.0,19.0,23.87,small,206,-110,none,0,,,
S1_futsal_C3cleanH_20260727_081120_f002702.jpg,S1_futsal_C3cleanH_20260727_081120,C3_PAIR_clean,S1_pair_sec240,blur_moderate,504.0,371.0,25.0,16.0,20.0,small,203,-110,none,0,,,
S1_futsal_C3cleanH_20260727_081120_f002709.jpg,S1_futsal_C3cleanH_20260727_081120,C3_PAIR_clean,S1_pair_sec240,blur_moderate,525.0,372.0,25.0,15.0,19.36,small,203,-110,none,0,,,
S1_futsal_C3cleanH_20260727_081120_f002716.jpg,S1_futsal_C3cleanH_20260727_081120,C3_PAIR_clean,S1_pair_sec240,,550.0,372.0,25.0,16.0,20.0,small,201,-110,none,0,,,
S1_futsal_C3cleanH_20260727_081120_f002723.jpg,S1_futsal_C3cleanH_20260727_081120,C3_PAIR_clean,S1_pair_sec240,blur_moderate,575.02,374.25,24.79,18.06,21.16,small,203,-110,none,0,,,
S1_futsal_C3cleanH_20260727_081120_f002730.jpg,S1_futsal_C3cleanH_20260727_081120,C3_PAIR_clean,S1_pair_sec240,blur_moderate,601.0,378.0,22.0,16.0,18.76,small,202,-110,none,0,,,
S1_futsal_C3cleanH_20260727_081120_f002737.jpg,S1_futsal_C3cleanH_20260727_081120,C3_PAIR_clean,S1_pair_sec240,blur_moderate,631.87,382.37,23.21,15.74,19.11,small,211,-110,none,0,,,
S1_futsal_C3cleanH_20260727_081120_f002744.jpg,S1_futsal_C3cleanH_20260727_081120,C3_PAIR_clean,S1_pair_sec240,,648.69,381.95,27.0,19.58,22.99,small,216,-110,none,0,,,
S1_futsal_C3cleanH_20260727_081120_f002751.jpg,S1_futsal_C3cleanH_20260727_081120,C3_PAIR_clean,S1_pair_sec240,,646.0,379.0,66.0,21.0,37.23,medium,218,-110,none,0,,,
S1_futsal_C3cleanH_20260727_081120_f002758.jpg,S1_futsal_C3cleanH_20260727_081120,C3_PAIR_clean,S1_pair_sec240,,650.32,380.17,89.31,22.08,44.41,medium,216,-110,none,0,,,
S1_futsal_C3cleanH_20260727_081120_f002765.jpg,S1_futsal_C3cleanH_20260727_081120,C3_PAIR_clean,S1_pair_sec240,,696.0,380.0,52.0,16.0,28.84,small,214,-110,none,0,,,
S1_futsal_C3cleanH_20260727_081120_f002772.jpg,S1_futsal_C3cleanH_20260727_081120,C3_PAIR_clean,S1_pair_sec240,blur_moderate,741.84,382.06,18.44,13.9,16.01,small,208,-110,none,0,,,
S1_futsal_C3cleanH_20260727_081120_f002779.jpg,S1_futsal_C3cleanH_20260727_081120,C3_PAIR_clean,S1_pair_sec240,blur_moderate,756.46,377.83,20.85,15.58,18.02,small,207,-110,none,0,,,
S1_futsal_C3cleanH_20260727_081120_f002786.jpg,S1_futsal_C3cleanH_20260727_081120,C3_PAIR_clean,S1_pair_sec240,blur_heavy,773.9,374.01,21.83,15.89,18.63,small,205,-110,none,0,,,
S1_futsal_C3cleanH_20260727_081120_f002793.jpg,S1_futsal_C3cleanH_20260727_081120,C3_PAIR_clean,S1_pair_sec240,blur_moderate,788.33,370.62,22.46,15.15,18.45,small,203,-110,none,0,,,
S1_futsal_C3cleanH_20260727_081120_f002800.jpg,S1_futsal_C3cleanH_20260727_081120,C3_PAIR_clean,S1_pair_sec240,,789.73,367.05,24.3,17.23,20.46,small,198,-108,none,0,,,
S1_futsal_C3cleanH_20260727_081120_f002807.jpg,S1_futsal_C3cleanH_20260727_081120,C3_PAIR_clean,S1_pair_sec240,blur_heavy,718.72,363.73,25.71,16.7,20.72,small,199,-104,none,0,,,
S1_futsal_C3cleanH_20260727_081120_f002814.jpg,S1_futsal_C3cleanH_20260727_081120,C3_PAIR_clean,S1_pair_sec240,blur_moderate,619.0,359.0,25.0,19.0,21.79,small,203,-99,none,0,,,
S1_futsal_C3cleanH_20260727_081120_f002821.jpg,S1_futsal_C3cleanH_20260727_081120,C3_PAIR_clean,S1_pair_sec240,blur_heavy,614.0,360.0,22.0,16.0,18.76,small,204,-97,none,0,,,
S1_futsal_C3cleanH_20260727_081120_f002828.jpg,S1_futsal_C3cleanH_20260727_081120,C3_PAIR_clean,S1_pair_sec240,blur_moderate,621.61,363.25,21.87,15.87,18.63,small,207,-97,none,0,,,
S1_futsal_C3cleanH_20260727_081120_f002835.jpg,S1_futsal_C3cleanH_20260727_081120,C3_PAIR_clean,S1_pair_sec240,blur_moderate,637.0,361.0,22.0,14.0,17.55,small,207,-97,none,0,,,
S1_futsal_C3cleanH_20260727_081120_f002842.jpg,S1_futsal_C3cleanH_20260727_081120,C3_PAIR_clean,S1_pair_sec240,blur_moderate,661.0,360.0,24.0,15.0,18.97,small,206,-97,none,0,,,
S1_futsal_C3cleanH_20260727_081120_f002849.jpg,S1_futsal_C3cleanH_20260727_081120,C3_PAIR_clean,S1_pair_sec240,blur_moderate,682.0,357.0,24.0,15.0,18.97,small,206,-97,none,0,,,
S1_futsal_C3cleanH_20260727_081120_f002856.jpg,S1_futsal_C3cleanH_20260727_081120,C3_PAIR_clean,S1_pair_sec240,blur_moderate,704.0,358.0,28.0,14.0,19.8,small,203,-97,none,0,,,
S1_futsal_C3cleanH_20260727_081120_f002863.jpg,S1_futsal_C3cleanH_20260727_081120,C3_PAIR_clean,S1_pair_sec240,blur_moderate,728.0,357.0,25.0,16.0,20.0,small,203,-97,none,0,,,
S1_futsal_C3cleanH_20260727_081120_f002870.jpg,S1_futsal_C3cleanH_20260727_081120,C3_PAIR_clean,S1_pair_sec240,blur_moderate,744.0,356.0,28.0,16.0,21.17,small,202,-97,none,0,,,
S1_futsal_C3cleanH_20260727_081120_f002877.jpg,S1_futsal_C3cleanH_20260727_081120,C3_PAIR_clean,S1_pair_sec240,blur_moderate,771.03,357.05,25.56,15.66,20.0,small,203,-97,none,0,,,
S1_futsal_C3cleanH_20260727_081120_f002884.jpg,S1_futsal_C3cleanH_20260727_081120,C3_PAIR_clean,S1_pair_sec240,blur_moderate,784.0,352.0,40.0,16.0,25.3,small,202,-97,none,0,,,
S1_futsal_C3cleanH_20260727_081120_f002891.jpg,S1_futsal_C3cleanH_20260727_081120,C3_PAIR_clean,S1_pair_sec240,blur_heavy,703.0,348.0,25.0,15.0,19.36,small,203,-93,none,0,,,
S1_futsal_C3cleanH_20260727_081120_f002898.jpg,S1_futsal_C3cleanH_20260727_081120,C3_PAIR_clean,S1_pair_sec270,blur_moderate,659.0,347.0,22.0,13.0,16.91,small,201,-87,none,0,,,
S1_futsal_C3cleanH_20260727_081120_f002905.jpg,S1_futsal_C3cleanH_20260727_081120,C3_PAIR_clean,S1_pair_sec270,blur_moderate,666.0,348.0,22.0,13.0,16.91,small,200,-87,none,0,,,
S1_futsal_C3cleanH_20260727_081120_f002912.jpg,S1_futsal_C3cleanH_20260727_081120,C3_PAIR_clean,S1_pair_sec270,blur_moderate,673.0,349.0,30.0,14.0,20.49,small,203,-87,none,0,,,
S1_futsal_C3cleanH_20260727_081120_f002919.jpg,S1_futsal_C3cleanH_20260727_081120,C3_PAIR_clean,S1_pair_sec270,blur_moderate,697.0,349.0,24.0,15.0,18.97,small,206,-87,none,0,,,
S1_futsal_C3cleanH_20260727_081120_f002926.jpg,S1_futsal_C3cleanH_20260727_081120,C3_PAIR_clean,S1_pair_sec270,blur_moderate,711.77,350.19,27.83,15.8,20.97,small,205,-87,none,0,,,
S1_futsal_C3cleanH_20260727_081120_f002933.jpg,S1_futsal_C3cleanH_20260727_081120,C3_PAIR_clean,S1_pair_sec270,blur_moderate,729.0,349.0,25.0,15.0,19.36,small,204,-87,none,0,,,
S1_futsal_C3cleanH_20260727_081120_f002940.jpg,S1_futsal_C3cleanH_20260727_081120,C3_PAIR_clean,S1_pair_sec270,blur_moderate,751.96,350.45,25.23,15.16,19.56,small,205,-87,none,0,,,
S1_futsal_C3cleanH_20260727_081120_f002947.jpg,S1_futsal_C3cleanH_20260727_081120,C3_PAIR_clean,S1_pair_sec270,blur_moderate,770.15,351.74,25.12,14.52,19.1,small,205,-87,none,0,,,
S1_futsal_C3cleanH_20260727_081120_f002954.jpg,S1_futsal_C3cleanH_20260727_081120,C3_PAIR_clean,S1_pair_sec270,blur_moderate,790.78,350.79,26.05,15.98,20.4,small,208,-87,none,0,,,
S1_futsal_C3cleanH_20260727_081120_f002961.jpg,S1_futsal_C3cleanH_20260727_081120,C3_PAIR_clean,S1_pair_sec270,blur_heavy,816.7,350.44,28.18,16.41,21.5,small,207,-87,none,0,,,
S1_futsal_C3cleanH_20260727_081120_f002968.jpg,S1_futsal_C3cleanH_20260727_081120,C3_PAIR_clean,S1_pair_sec270,blur_heavy,834.0,350.0,25.0,14.0,18.71,small,207,-87,none,0,,,
S1_futsal_C3cleanH_20260727_081120_f002975.jpg,S1_futsal_C3cleanH_20260727_081120,C3_PAIR_clean,S1_pair_sec270,blur_heavy,852.0,347.0,28.0,13.0,19.08,small,203,-87,none,0,,,
S1_futsal_C3cleanH_20260727_081120_f002982.jpg,S1_futsal_C3cleanH_20260727_081120,C3_PAIR_clean,S1_pair_sec270,blur_heavy,800.08,342.29,27.46,14.64,20.05,small,200,-80,none,0,,,
S1_futsal_C3cleanH_20260727_081120_f002989.jpg,S1_futsal_C3cleanH_20260727_081120,C3_PAIR_clean,S1_pair_sec270,blur_heavy,673.32,334.12,29.05,15.45,21.19,small,199,-72,none,0,,,
S1_futsal_C3cleanH_20260727_081120_f002996.jpg,S1_futsal_C3cleanH_20260727_081120,C3_PAIR_clean,S1_pair_sec270,blur_moderate,632.83,334.69,32.35,14.5,21.66,small,200,-70,none,0,,,
S1_futsal_C3cleanH_20260727_081120_f003003.jpg,S1_futsal_C3cleanH_20260727_081120,C3_PAIR_clean,S1_pair_sec270,blur_moderate,616.0,334.0,46.0,13.0,24.45,small,205,-70,none,0,,,
S1_futsal_C3cleanH_20260727_081120_f003010.jpg,S1_futsal_C3cleanH_20260727_081120,C3_PAIR_clean,S1_pair_sec270,blur_moderate,622.0,334.0,36.0,13.0,21.63,small,210,-70,none,0,,,
S1_futsal_C3cleanH_20260727_081120_f003017.jpg,S1_futsal_C3cleanH_20260727_081120,C3_PAIR_clean,S1_pair_sec270,blur_moderate,631.0,335.0,30.0,12.0,18.97,small,206,-70,none,0,,,
S1_futsal_C3cleanH_20260727_081120_f003024.jpg,S1_futsal_C3cleanH_20260727_081120,C3_PAIR_clean,S1_pair_sec270,blur_moderate,640.0,336.0,24.0,12.0,16.97,small,203,-70,none,0,,,
S1_futsal_C3cleanH_20260727_081120_f003031.jpg,S1_futsal_C3cleanH_20260727_081120,C3_PAIR_clean,S1_pair_sec270,blur_moderate,656.25,337.06,26.28,12.74,18.29,small,202,-70,none,0,,,
S1_futsal_C3cleanH_20260727_081120_f003038.jpg,S1_futsal_C3cleanH_20260727_081120,C3_PAIR_clean,S1_pair_sec270,blur_moderate,671.0,338.0,27.0,12.0,18.0,small,200,-70,none,0,,,
S1_futsal_C3cleanH_20260727_081120_f003045.jpg,S1_futsal_C3cleanH_20260727_081120,C3_PAIR_clean,S1_pair_sec270,blur_moderate,691.7,338.92,27.65,13.71,19.47,small,211,-70,none,0,,,
S1_futsal_C3cleanH_20260727_081120_f003052.jpg,S1_futsal_C3cleanH_20260727_081120,C3_PAIR_clean,S1_pair_sec270,blur_moderate,713.0,340.0,37.0,16.0,24.33,small,217,-70,none,0,,,
S1_futsal_C3cleanH_20260727_081120_f003059.jpg,S1_futsal_C3cleanH_20260727_081120,C3_PAIR_clean,S1_pair_sec270,blur_moderate,738.18,341.84,24.55,14.44,18.83,small,217,-70,none,0,,,
S1_futsal_C3cleanH_20260727_081120_f003066.jpg,S1_futsal_C3cleanH_20260727_081120,C3_PAIR_clean,S1_pair_sec270,blur_moderate,756.35,341.65,25.65,14.15,19.05,small,214,-70,none,0,,,
S1_futsal_C3cleanH_20260727_081120_f003073.jpg,S1_futsal_C3cleanH_20260727_081120,C3_PAIR_clean,S1_pair_sec270,blur_heavy,736.0,336.4,24.2,13.91,18.35,small,211,-65,none,0,,,
S1_futsal_C3cleanH_20260727_081120_f003080.jpg,S1_futsal_C3cleanH_20260727_081120,C3_PAIR_clean,S1_pair_sec270,blur_moderate,635.0,330.0,22.0,12.0,16.25,small,208,-61,none,0,,,
S1_futsal_C3cleanH_20260727_081120_f003087.jpg,S1_futsal_C3cleanH_20260727_081120,C3_PAIR_clean,S1_pair_sec300,blur_heavy,532.0,324.0,31.0,16.0,22.27,small,207,-53,none,0,,,
S1_futsal_C3cleanH_20260727_081120_f003094.jpg,S1_futsal_C3cleanH_20260727_081120,C3_PAIR_clean,S1_pair_sec300,blur_heavy,494.0,322.0,33.0,18.0,24.37,small,202,-51,none,0,,,
S1_futsal_C3cleanH_20260727_081120_f003101.jpg,S1_futsal_C3cleanH_20260727_081120,C3_PAIR_clean,S1_pair_sec300,,504.0,323.0,27.0,17.0,21.42,small,203,-51,none,0,,,
S1_futsal_C3cleanH_20260727_081120_f003108.jpg,S1_futsal_C3cleanH_20260727_081120,C3_PAIR_clean,S1_pair_sec300,blur_moderate,513.0,324.0,29.0,16.0,21.54,small,201,-51,none,0,,,
S1_futsal_C3cleanH_20260727_081120_f003115.jpg,S1_futsal_C3cleanH_20260727_081120,C3_PAIR_clean,S1_pair_sec300,blur_moderate,525.0,322.0,31.0,17.0,22.96,small,202,-50,none,0,,,
S1_futsal_C3cleanH_20260727_081120_f003122.jpg,S1_futsal_C3cleanH_20260727_081120,C3_PAIR_clean,S1_pair_sec300,blur_moderate,546.0,323.0,34.0,18.0,24.74,small,201,-51,none,0,,,
S1_futsal_C3cleanH_20260727_081120_f003129.jpg,S1_futsal_C3cleanH_20260727_081120,C3_PAIR_clean,S1_pair_sec300,blur_moderate,561.0,322.0,33.0,17.0,23.69,small,203,-51,none,0,,,
S1_futsal_C3cleanH_20260727_081120_f003136.jpg,S1_futsal_C3cleanH_20260727_081120,C3_PAIR_clean,S1_pair_sec300,blur_moderate,587.0,322.0,32.0,18.0,24.0,small,203,-51,none,0,,,
S1_futsal_C3cleanH_20260727_081120_f003143.jpg,S1_futsal_C3cleanH_20260727_081120,C3_PAIR_clean,S1_pair_sec300,blur_moderate,605.0,323.0,31.0,17.0,22.96,small,206,-51,none,0,,,
S1_futsal_C3cleanH_20260727_081120_f003150.jpg,S1_futsal_C3cleanH_20260727_081120,C3_PAIR_clean,S1_pair_sec300,blur_moderate,630.01,325.27,22.94,12.39,16.86,small,209,-51,none,0,,,
S1_futsal_C3cleanH_20260727_081120_f003157.jpg,S1_futsal_C3cleanH_20260727_081120,C3_PAIR_clean,S1_pair_sec300,blur_moderate,648.0,326.0,25.0,11.0,16.58,small,206,-51,none,0,,,
S1_futsal_C3cleanH_20260727_081120_f003164.jpg,S1_futsal_C3cleanH_20260727_081120,C3_PAIR_clean,S1_pair_sec300,blur_moderate,669.0,324.0,27.0,11.0,17.23,small,207,-51,none,0,,,
S1_futsal_C3cleanH_20260727_081120_f003171.jpg,S1_futsal_C3cleanH_20260727_081120,C3_PAIR_clean,S1_pair_sec300,blur_heavy,687.23,323.89,25.77,12.12,17.68,small,207,-51,none,0,,,
S1_futsal_C3cleanH_20260727_081120_f003178.jpg,S1_futsal_C3cleanH_20260727_081120,C3_PAIR_clean,S1_pair_sec300,blur_heavy,647.0,316.0,26.0,19.0,22.23,small,199,-46,none,0,,,
S1_futsal_C3cleanH_20260727_081120_f003185.jpg,S1_futsal_C3cleanH_20260727_081120,C3_PAIR_clean,S1_pair_sec300,blur_moderate,556.0,318.0,30.0,17.0,22.58,small,203,-41,none,0,,,
S1_futsal_C3cleanH_20260727_081120_f003192.jpg,S1_futsal_C3cleanH_20260727_081120,C3_PAIR_clean,S1_pair_sec300,blur_moderate,463.0,322.0,26.0,11.0,16.91,small,206,-35,none,0,,,
S1_futsal_C3cleanH_20260727_081120_f003199.jpg,S1_futsal_C3cleanH_20260727_081120,C3_PAIR_clean,S1_pair_sec330,,365.0,321.0,25.0,17.0,20.62,small,212,-27,none,0,,,
S1_futsal_C3cleanH_20260727_081120_f003206.jpg,S1_futsal_C3cleanH_20260727_081120,C3_PAIR_clean,S1_pair_sec330,,360.0,324.0,29.0,14.0,20.15,small,210,-26,none,0,,,
S1_futsal_C3cleanH_20260727_081120_f003213.jpg,S1_futsal_C3cleanH_20260727_081120,C3_PAIR_clean,S1_pair_sec330,blur_moderate,361.0,323.0,27.0,13.0,18.74,small,211,-26,none,0,,,
S1_futsal_C3cleanH_20260727_081120_f003220.jpg,S1_futsal_C3cleanH_20260727_081120,C3_PAIR_clean,S1_pair_sec330,blur_moderate,365.0,322.0,26.0,12.0,17.66,small,213,-26,none,0,,,
S1_futsal_C3cleanH_20260727_081120_f003227.jpg,S1_futsal_C3cleanH_20260727_081120,C3_PAIR_clean,S1_pair_sec330,blur_moderate,369.0,317.0,29.0,16.0,21.54,small,210,-26,none,0,,,
S1_futsal_C3cleanH_20260727_081120_f003234.jpg,S1_futsal_C3cleanH_20260727_081120,C3_PAIR_clean,S1_pair_sec330,blur_moderate,381.0,317.0,27.0,11.0,17.23,small,205,-26,none,0,,,
S1_futsal_C3cleanH_20260727_081120_f003241.jpg,S1_futsal_C3cleanH_20260727_081120,C3_PAIR_clean,S1_pair_sec330,blur_moderate,393.0,315.0,25.0,11.0,16.58,small,203,-26,none,0,,,
S1_futsal_C3cleanH_20260727_081120_f003248.jpg,S1_futsal_C3cleanH_20260727_081120,C3_PAIR_clean,S1_pair_sec330,blur_moderate,401.0,314.0,33.0,15.0,22.25,small,201,-27,none,0,,,
S1_futsal_C3cleanH_20260727_081120_f003255.jpg,S1_futsal_C3cleanH_20260727_081120,C3_PAIR_clean,S1_pair_sec330,,424.0,313.0,24.0,12.0,16.97,small,202,-27,none,0,,,
S1_futsal_C3cleanH_20260727_081120_f003262.jpg,S1_futsal_C3cleanH_20260727_081120,C3_PAIR_clean,S1_pair_sec330,,439.0,313.0,33.0,16.0,22.98,small,202,-27,none,0,,,
S1_futsal_C3cleanH_20260727_081120_f003269.jpg,S1_futsal_C3cleanH_20260727_081120,C3_PAIR_clean,S1_pair_sec330,,461.0,317.0,24.0,12.0,16.97,small,202,-26,none,0,,,
S1_futsal_C3cleanH_20260727_081120_f003276.jpg,S1_futsal_C3cleanH_20260727_081120,C3_PAIR_clean,S1_pair_sec330,blur_moderate,474.0,316.0,25.0,11.0,16.58,small,200,-26,none,0,,,
S1_futsal_C3cleanH_20260727_081120_f003283.jpg,S1_futsal_C3cleanH_20260727_081120,C3_PAIR_clean,S1_pair_sec330,blur_moderate,486.19,316.77,29.65,12.41,19.18,small,204,-26,none,0,,,
S1_futsal_C3cleanH_20260727_081120_f003290.jpg,S1_futsal_C3cleanH_20260727_081120,C3_PAIR_clean,S1_pair_sec330,blur_moderate,512.08,317.81,26.95,12.61,18.44,small,206,-26,none,0,,,
S1_futsal_C3cleanH_20260727_081120_f003297.jpg,S1_futsal_C3cleanH_20260727_081120,C3_PAIR_clean,S1_pair_sec330,blur_moderate,528.0,317.0,28.0,13.0,19.08,small,205,-26,none,0,,,
S1_futsal_C3cleanH_20260727_081120_f003304.jpg,S1_futsal_C3cleanH_20260727_081120,C3_PAIR_clean,S1_pair_sec330,blur_moderate,542.0,320.0,37.0,14.0,22.76,small,207,-26,none,0,,,
S1_futsal_C3cleanH_20260727_081120_f003311.jpg,S1_futsal_C3cleanH_20260727_081120,C3_PAIR_clean,S1_pair_sec330,blur_moderate,562.0,319.0,31.0,17.0,22.96,small,203,-26,none,0,,,
S1_futsal_C3cleanH_20260727_081120_f003318.jpg,S1_futsal_C3cleanH_20260727_081120,C3_PAIR_clean,S1_pair_sec330,blur_heavy,583.0,319.0,23.0,13.0,17.29,small,204,-26,none,0,,,
S1_futsal_C3cleanH_20260727_081120_f003325.jpg,S1_futsal_C3cleanH_20260727_081120,C3_PAIR_clean,S1_pair_sec330,blur_moderate,606.0,317.0,28.0,13.0,19.08,small,203,-26,none,0,,,
S1_futsal_C3cleanH_20260727_081120_f003332.jpg,S1_futsal_C3cleanH_20260727_081120,C3_PAIR_clean,S1_pair_sec330,blur_moderate,628.0,317.0,30.0,13.0,19.75,small,206,-27,none,0,,,
S1_futsal_C3cleanH_20260727_081120_f003339.jpg,S1_futsal_C3cleanH_20260727_081120,C3_PAIR_clean,S1_pair_sec330,blur_moderate,644.0,317.0,28.0,13.0,19.08,small,203,-27,none,0,,,
S1_futsal_C3cleanH_20260727_081120_f003346.jpg,S1_futsal_C3cleanH_20260727_081120,C3_PAIR_clean,S1_pair_sec330,blur_moderate,659.0,319.0,40.0,14.0,23.66,small,203,-27,none,0,,,
S1_futsal_C3cleanH_20260727_081120_f003353.jpg,S1_futsal_C3cleanH_20260727_081120,C3_PAIR_clean,S1_pair_sec330,blur_moderate,682.0,319.0,28.0,15.0,20.49,small,203,-27,none,0,,,
S1_futsal_C3cleanH_20260727_081120_f003360.jpg,S1_futsal_C3cleanH_20260727_081120,C3_PAIR_clean,S1_pair_sec330,blur_moderate,700.0,322.0,23.0,12.0,16.61,small,207,-27,none,0,,,
S1_futsal_C3cleanH_20260727_081120_f003367.jpg,S1_futsal_C3cleanH_20260727_081120,C3_PAIR_clean,S1_pair_sec330,blur_moderate,716.0,320.0,25.0,14.0,18.71,small,207,-27,none,0,,,
S1_futsal_C3cleanH_20260727_081120_f003374.jpg,S1_futsal_C3cleanH_20260727_081120,C3_PAIR_clean,S1_pair_sec330,blur_moderate,654.0,318.0,29.0,17.0,22.2,small,209,-19,none,0,,,
S1_futsal_C3cleanH_20260727_081120_f003381.jpg,S1_futsal_C3cleanH_20260727_081120,C3_PAIR_clean,S1_pair_sec330,,559.0,317.0,32.0,15.0,21.91,small,206,-12,none,0,,,
S1_futsal_C3cleanH_20260727_081120_f003388.jpg,S1_futsal_C3cleanH_20260727_081120,C3_PAIR_clean,S1_pair_sec330,,509.0,316.0,34.0,13.0,21.02,small,208,-11,none,0,,,
S1_futsal_C3cleanH_20260727_081120_f003395.jpg,S1_futsal_C3cleanH_20260727_081120,C3_PAIR_clean,S1_pair_sec330,,517.0,315.0,36.0,22.0,28.14,small,205,-11,none,0,,,
S1_futsal_C3cleanH_20260727_081120_f003402.jpg,S1_futsal_C3cleanH_20260727_081120,C3_PAIR_clean,S1_pair_sec330,,526.0,313.0,30.0,15.0,21.21,small,205,-11,none,0,,,
S1_futsal_C3cleanH_20260727_081120_f003409.jpg,S1_futsal_C3cleanH_20260727_081120,C3_PAIR_clean,S1_pair_sec330,,544.0,313.0,34.0,18.0,24.74,small,203,-11,none,0,,,
S1_futsal_C3cleanH_20260727_081120_f003416.jpg,S1_futsal_C3cleanH_20260727_081120,C3_PAIR_clean,S1_pair_sec330,,555.0,310.0,35.0,18.0,25.1,small,201,-11,none,0,,,
S1_futsal_C3cleanH_20260727_081120_f003423.jpg,S1_futsal_C3cleanH_20260727_081120,C3_PAIR_clean,S1_pair_sec330,,575.0,314.0,27.0,12.0,18.0,small,201,-11,none,0,,,
S1_futsal_C3cleanH_20260727_081120_f003430.jpg,S1_futsal_C3cleanH_20260727_081120,C3_PAIR_clean,S1_pair_sec330,,585.0,315.0,40.0,9.0,18.97,small,203,-11,none,0,,,
S1_futsal_C3cleanH_20260727_081120_f003437.jpg,S1_futsal_C3cleanH_20260727_081120,C3_PAIR_clean,S1_pair_sec330,,612.0,313.0,22.0,15.0,18.17,small,204,-11,none,0,,,
S1_futsal_C3cleanH_20260727_081120_f003444.jpg,S1_futsal_C3cleanH_20260727_081120,C3_PAIR_clean,S1_pair_sec330,,620.0,311.0,31.0,18.0,23.62,small,204,-11,none,0,,,
S1_futsal_C3cleanH_20260727_081120_f003451.jpg,S1_futsal_C3cleanH_20260727_081120,C3_PAIR_clean,S1_pair_sec330,,638.0,313.0,33.0,16.0,22.98,small,207,-11,none,0,,,
S1_futsal_C3cleanH_20260727_081120_f003458.jpg,S1_futsal_C3cleanH_20260727_081120,C3_PAIR_clean,S1_pair_sec330,,656.0,313.0,31.0,13.0,20.08,small,208,-11,none,0,,,
S1_futsal_C3cleanH_20260727_081120_f003465.jpg,S1_futsal_C3cleanH_20260727_081120,C3_PAIR_clean,S1_pair_sec330,,672.0,311.0,27.0,12.0,18.0,small,207,-11,none,0,,,
S1_futsal_C3cleanH_20260727_081120_f003472.jpg,S1_futsal_C3cleanH_20260727_081120,C3_PAIR_clean,S1_pair_sec330,,668.0,311.0,41.0,13.0,23.09,small,210,-11,none,0,,,
S1_futsal_C3cleanH_20260727_081120_f003479.jpg,S1_futsal_C3cleanH_20260727_081120,C3_PAIR_clean,S1_pair_sec330,,686.0,310.0,26.0,17.0,21.02,small,207,-11,none,0,,,
S1_futsal_C3cleanH_20260727_081120_f003486.jpg,S1_futsal_C3cleanH_20260727_081120,C3_PAIR_clean,S1_pair_sec330,,696.0,312.0,31.0,12.0,19.29,small,205,-11,none,0,,,
S1_futsal_C3cleanH_20260727_081120_f003493.jpg,S1_futsal_C3cleanH_20260727_081120,C3_PAIR_clean,S1_pair_sec330,,705.0,311.0,31.0,12.0,19.29,small,205,-11,none,0,,,
S1_futsal_C3cleanH_20260727_081120_f003500.jpg,S1_futsal_C3cleanH_20260727_081120,C3_PAIR_clean,S1_pair_sec330,blur_heavy,714.0,314.0,38.0,12.0,21.35,small,208,-11,none,0,,,
S1_futsal_C3cleanH_20260727_081120_f003507.jpg,S1_futsal_C3cleanH_20260727_081120,C3_PAIR_clean,S1_pair_sec330,blur_moderate,719.0,307.0,32.0,16.0,22.63,small,205,-11,none,0,,,
S1_futsal_C3cleanH_20260727_081120_f003514.jpg,S1_futsal_C3cleanH_20260727_081120,C3_PAIR_clean,S1_pair_sec330,,724.0,315.0,30.0,14.0,20.49,small,205,-11,none,0,,,
S1_futsal_C3cleanH_20260727_081120_f003521.jpg,S1_futsal_C3cleanH_20260727_081120,C3_PAIR_clean,S1_pair_sec330,,728.0,317.0,32.0,14.0,21.17,small,205,-11,none,0,,,
S1_futsal_C3cleanH_20260727_081120_f003528.jpg,S1_futsal_C3cleanH_20260727_081120,C3_PAIR_clean,S1_pair_sec330,,733.0,319.0,28.0,13.0,19.08,small,203,-11,none,0,,,
S1_futsal_C3cleanH_20260727_081120_f003535.jpg,S1_futsal_C3cleanH_20260727_081120,C3_PAIR_clean,S1_pair_sec330,,735.0,317.0,34.0,20.0,26.08,small,205,-11,none,0,,,
S1_futsal_C3cleanH_20260727_081120_f003542.jpg,S1_futsal_C3cleanH_20260727_081120,C3_PAIR_clean,S1_pair_sec330,,743.0,321.0,31.0,16.0,22.27,small,203,-11,none,0,,,
S1_futsal_C3cleanH_20260727_081120_f003549.jpg,S1_futsal_C3cleanH_20260727_081120,C3_PAIR_clean,S1_pair_sec330,blur_heavy,749.6,327.09,31.97,13.09,20.46,small,204,-11,none,0,,,
S1_futsal_C3cleanH_20260727_081120_f003556.jpg,S1_futsal_C3cleanH_20260727_081120,C3_PAIR_clean,S1_pair_sec330,,753.0,373.0,40.0,20.0,28.28,small,209,-11,none,0,,,
S1_futsal_C3cleanH_20260727_081120_f003563.jpg,S1_futsal_C3cleanH_20260727_081120,C3_PAIR_clean,S1_pair_sec330,blur_moderate,741.42,357.99,32.25,14.39,21.54,small,207,-11,none,0,,,
S1_futsal_C3cleanH_20260727_081120_f003570.jpg,S1_futsal_C3cleanH_20260727_081120,C3_PAIR_clean,S1_pair_sec330,,710.0,335.0,28.0,13.0,19.08,small,204,-11,none,0,,,
S1_futsal_C3cleanH_20260727_081120_f003577.jpg,S1_futsal_C3cleanH_20260727_081120,C3_PAIR_clean,S1_pair_sec330,blur_heavy,682.0,340.0,35.0,17.0,24.39,small,203,-11,none,0,,,
S1_futsal_C3cleanH_20260727_081120_f003584.jpg,S1_futsal_C3cleanH_20260727_081120,C3_PAIR_clean,S1_pair_sec330,,681.0,343.0,25.0,13.0,18.03,small,210,-11,none,0,,,
S1_futsal_C3cleanH_20260727_081120_f003591.jpg,S1_futsal_C3cleanH_20260727_081120,C3_PAIR_clean,S1_pair_sec330,,679.0,348.0,34.0,13.0,21.02,small,208,-11,none,0,,,
S1_futsal_C3cleanH_20260727_081120_f003598.jpg,S1_futsal_C3cleanH_20260727_081120,C3_PAIR_clean,S1_pair_sec330,,685.0,354.0,36.0,13.0,21.63,small,208,-11,none,0,,,
S1_futsal_C3cleanH_20260727_081120_f003605.jpg,S1_futsal_C3cleanH_20260727_081120,C3_PAIR_clean,S1_pair_sec330,,692.0,358.0,33.0,14.0,21.49,small,207,-11,none,0,,,
S1_futsal_C3cleanH_20260727_081120_f003612.jpg,S1_futsal_C3cleanH_20260727_081120,C3_PAIR_clean,S1_pair_sec330,,697.0,361.0,34.0,14.0,21.82,small,205,-11,none,0,,,
S1_futsal_C3cleanH_20260727_081120_f003619.jpg,S1_futsal_C3cleanH_20260727_081120,C3_PAIR_clean,S1_pair_sec330,,703.0,366.0,37.0,13.0,21.93,small,206,-11,none,0,,,
S1_futsal_C3cleanH_20260727_081120_f003626.jpg,S1_futsal_C3cleanH_20260727_081120,C3_PAIR_clean,S1_pair_sec330,,704.0,370.0,40.0,14.0,23.66,small,196,-11,none,0,,,
S1_futsal_C3cleanH_20260727_081120_f003633.jpg,S1_futsal_C3cleanH_20260727_081120,C3_PAIR_clean,S1_pair_sec330,,708.0,376.0,43.0,16.0,26.23,small,201,-11,none,0,,,
S1_futsal_C3cleanH_20260727_081120_f003640.jpg,S1_futsal_C3cleanH_20260727_081120,C3_PAIR_clean,S1_pair_sec330,,717.0,383.0,37.0,16.0,24.33,small,208,-11,none,0,,,
S1_futsal_C3cleanH_20260727_081120_f003647.jpg,S1_futsal_C3cleanH_20260727_081120,C3_PAIR_clean,S1_pair_sec330,,724.0,390.0,42.0,19.0,28.25,small,209,-11,none,0,,,
S1_futsal_C3cleanH_20260727_081120_f003654.jpg,S1_futsal_C3cleanH_20260727_081120,C3_PAIR_clean,S1_pair_sec330,,732.0,399.0,42.0,16.0,25.92,small,210,-11,none,0,,,
S1_futsal_C3cleanH_20260727_081120_f003661.jpg,S1_futsal_C3cleanH_20260727_081120,C3_PAIR_clean,S1_pair_sec330,,741.0,408.0,45.0,20.0,30.0,small,211,-11,none,0,,,
S1_futsal_C3cleanH_20260727_081120_f003668.jpg,S1_futsal_C3cleanH_20260727_081120,C3_PAIR_clean,S1_pair_sec330,,746.0,413.0,46.0,19.0,29.56,small,207,-11,none,0,,,
S1_futsal_C3cleanH_20260727_081120_f003675.jpg,S1_futsal_C3cleanH_20260727_081120,C3_PAIR_clean,S1_pair_sec330,,760.0,421.0,43.0,20.0,29.33,small,205,-11,none,0,,,
S1_futsal_C3cleanH_20260727_081120_f003682.jpg,S1_futsal_C3cleanH_20260727_081120,C3_PAIR_clean,S1_pair_sec330,,769.0,430.0,48.0,21.0,31.75,small,205,-11,none,0,,,
S1_futsal_C3cleanH_20260727_081120_f003689.jpg,S1_futsal_C3cleanH_20260727_081120,C3_PAIR_clean,S1_pair_sec330,,779.0,435.0,46.0,21.0,31.08,small,204,-11,none,0,,,
S1_futsal_C3cleanH_20260727_081120_f003696.jpg,S1_futsal_C3cleanH_20260727_081120,C3_PAIR_clean,S1_pair_sec330,blur_moderate,786.03,446.17,50.1,22.35,33.46,medium,201,-11,none,0,,,
S1_futsal_C3cleanH_20260727_081120_f003703.jpg,S1_futsal_C3cleanH_20260727_081120,C3_PAIR_clean,S1_pair_sec330,,794.0,457.0,52.0,22.0,33.82,medium,201,-11,none,0,,,
S1_futsal_C3cleanH_20260727_081120_f003710.jpg,S1_futsal_C3cleanH_20260727_081120,C3_PAIR_clean,S1_pair_sec330,,801.0,464.0,52.0,23.0,34.58,medium,204,-11,none,0,,,
S1_futsal_C3cleanH_20260727_081120_f003717.jpg,S1_futsal_C3cleanH_20260727_081120,C3_PAIR_clean,S1_pair_sec330,,808.98,470.67,53.67,24.78,36.47,medium,203,-11,none,0,,,
S1_futsal_C3cleanH_20260727_081120_f003724.jpg,S1_futsal_C3cleanH_20260727_081120,C3_PAIR_clean,S1_pair_sec330,,811.0,477.0,52.0,24.0,35.33,medium,206,-11,none,0,,,
S1_futsal_C3cleanH_20260727_081120_f003731.jpg,S1_futsal_C3cleanH_20260727_081120,C3_PAIR_clean,S1_pair_sec330,,814.0,480.0,52.0,23.0,34.58,medium,205,-11,none,0,,,
S1_futsal_C3cleanH_20260727_081120_f003738.jpg,S1_futsal_C3cleanH_20260727_081120,C3_PAIR_clean,S1_pair_sec330,blur_heavy,814.0,488.0,54.0,22.0,34.47,medium,204,-11,none,0,,,
S1_futsal_C3cleanH_20260727_081120_f003745.jpg,S1_futsal_C3cleanH_20260727_081120,C3_PAIR_clean,S1_pair_sec330,,815.46,492.19,54.77,23.06,35.54,medium,207,-11,none,0,,,
S1_futsal_C3cleanH_20260727_081120_f003752.jpg,S1_futsal_C3cleanH_20260727_081120,C3_PAIR_clean,S1_pair_sec330,,824.0,495.0,58.0,24.0,37.31,medium,204,-11,none,0,,,
S1_futsal_C3clean_20260725_082521_f000000.jpg,S1_futsal_C3clean_20260725_082521,C3_clean_lap_v1,,blur_moderate,855.0,153.0,43.0,21.0,30.05,small,10,0,none,0,,,
S1_futsal_C3clean_20260725_082521_f000008.jpg,S1_futsal_C3clean_20260725_082521,C3_clean_lap_v1,,blur_moderate,856.0,153.0,42.0,21.0,29.7,small,10,0,none,0,,,
S1_futsal_C3clean_20260725_082521_f000016.jpg,S1_futsal_C3clean_20260725_082521,C3_clean_lap_v1,,blur_moderate,856.0,153.0,42.0,21.0,29.7,small,10,0,none,0,,,
S1_futsal_C3clean_20260725_082521_f000024.jpg,S1_futsal_C3clean_20260725_082521,C3_clean_lap_v1,,blur_moderate,856.0,153.0,40.0,21.0,28.98,small,10,0,none,0,,,
S1_futsal_C3clean_20260725_082521_f000032.jpg,S1_futsal_C3clean_20260725_082521,C3_clean_lap_v1,,blur_moderate,856.0,153.0,40.0,22.0,29.67,small,10,0,none,0,,,
S1_futsal_C3clean_20260725_082521_f000040.jpg,S1_futsal_C3clean_20260725_082521,C3_clean_lap_v1,,blur_moderate,856.0,153.0,40.0,22.0,29.67,small,10,0,none,0,,,
S1_futsal_C3clean_20260725_082521_f000048.jpg,S1_futsal_C3clean_20260725_082521,C3_clean_lap_v1,,blur_moderate,856.0,153.0,40.0,22.0,29.67,small,10,0,none,0,,,
S1_futsal_C3clean_20260725_082521_f000056.jpg,S1_futsal_C3clean_20260725_082521,C3_clean_lap_v1,,,808.46,344.4,39.21,26.29,32.11,medium,78,0,none,0,,,
S1_futsal_C3clean_20260725_082521_f000064.jpg,S1_futsal_C3clean_20260725_082521,C3_clean_lap_v1,,,807.29,344.43,39.0,26.25,32.0,small,78,0,none,0,,,
S1_futsal_C3clean_20260725_082521_f000072.jpg,S1_futsal_C3clean_20260725_082521,C3_clean_lap_v1,,,806.02,343.56,40.62,27.04,33.14,medium,78,0,none,0,,,
S1_futsal_C3clean_20260725_082521_f000080.jpg,S1_futsal_C3clean_20260725_082521,C3_clean_lap_v1,,,805.66,342.46,41.26,27.73,33.82,medium,78,0,none,0,,,
S1_futsal_C3clean_20260725_082521_f000088.jpg,S1_futsal_C3clean_20260725_082521,C3_clean_lap_v1,,,804.6,343.22,38.55,27.12,32.33,medium,78,0,none,0,,,
S1_futsal_C3clean_20260725_082521_f000096.jpg,S1_futsal_C3clean_20260725_082521,C3_clean_lap_v1,,,802.58,346.02,38.26,25.08,30.98,small,79,0,none,0,,,
S1_futsal_C3clean_20260725_082521_f000104.jpg,S1_futsal_C3clean_20260725_082521,C3_clean_lap_v1,,,801.26,347.21,37.67,25.67,31.1,small,79,0,none,0,,,
S1_futsal_C3clean_20260725_082521_f000112.jpg,S1_futsal_C3clean_20260725_082521,C3_clean_lap_v1,,,800.76,348.0,38.04,25.57,31.19,small,80,0,none,0,,,
S1_futsal_C3clean_20260725_082521_f000120.jpg,S1_futsal_C3clean_20260725_082521,C3_clean_lap_v1,,,800.06,349.39,39.31,26.77,32.44,medium,81,0,none,0,,,
S1_futsal_C3clean_20260725_082521_f000128.jpg,S1_futsal_C3clean_20260725_082521,C3_clean_lap_v1,,,800.97,349.34,38.03,27.37,32.26,medium,81,0,none,0,,,
S1_futsal_C3clean_20260725_082521_f000136.jpg,S1_futsal_C3clean_20260725_082521,C3_clean_lap_v1,,,799.44,349.61,39.61,27.13,32.78,medium,81,0,none,0,,,
S1_futsal_C3clean_20260725_082521_f000144.jpg,S1_futsal_C3clean_20260725_082521,C3_clean_lap_v1,,,798.32,350.0,40.25,27.19,33.09,medium,81,0,none,0,,,
S1_futsal_C3clean_20260725_082521_f000152.jpg,S1_futsal_C3clean_20260725_082521,C3_clean_lap_v1,,,797.48,356.88,39.61,26.7,32.52,medium,82,0,none,0,,,
S1_futsal_C3clean_20260725_082521_f000160.jpg,S1_futsal_C3clean_20260725_082521,C3_clean_lap_v1,,,797.08,359.69,37.6,26.88,31.79,small,84,0,none,0,,,
S1_futsal_C3clean_20260725_082521_f000168.jpg,S1_futsal_C3clean_20260725_082521,C3_clean_lap_v1,,,795.18,370.01,37.7,27.54,32.22,medium,90,0,none,0,,,
S1_futsal_C3clean_20260725_082521_f000176.jpg,S1_futsal_C3clean_20260725_082521,C3_clean_lap_v1,,,793.04,386.87,39.47,27.03,32.66,medium,95,0,none,0,,,
S1_futsal_C3clean_20260725_082521_f000184.jpg,S1_futsal_C3clean_20260725_082521,C3_clean_lap_v1,,,790.36,404.78,40.22,29.62,34.52,medium,108,0,none,0,,,
S1_futsal_C3clean_20260725_082521_f000192.jpg,S1_futsal_C3clean_20260725_082521,C3_clean_lap_v1,,,790.45,428.33,37.39,28.7,32.76,medium,117,0,none,0,,,
S1_futsal_C3clean_20260725_082521_f000200.jpg,S1_futsal_C3clean_20260725_082521,C3_clean_lap_v1,,,789.8,444.98,37.34,29.17,33.0,medium,123,0,none,0,,,
S1_futsal_C3clean_20260725_082521_f000208.jpg,S1_futsal_C3clean_20260725_082521,C3_clean_lap_v1,,blur_moderate,789.74,462.43,36.76,29.33,32.84,medium,135,0,none,0,,,
S1_futsal_C3clean_20260725_082521_f000216.jpg,S1_futsal_C3clean_20260725_082521,C3_clean_lap_v1,,,789.2,478.52,36.71,30.16,33.27,medium,143,0,none,0,,,
S1_futsal_C3clean_20260725_082521_f000224.jpg,S1_futsal_C3clean_20260725_082521,C3_clean_lap_v1,,,786.94,493.57,39.24,31.13,34.95,medium,151,0,none,0,,,
S1_futsal_C3clean_20260725_082521_f000232.jpg,S1_futsal_C3clean_20260725_082521,C3_clean_lap_v1,,,786.72,509.95,38.63,30.82,34.5,medium,160,0,none,0,,,
S1_futsal_C3clean_20260725_082521_f000240.jpg,S1_futsal_C3clean_20260725_082521,C3_clean_lap_v1,,,787.24,526.99,37.08,32.13,34.52,medium,169,0,none,0,,,
S1_futsal_C3clean_20260725_082521_f000248.jpg,S1_futsal_C3clean_20260725_082521,C3_clean_lap_v1,,,785.81,544.49,36.94,32.05,34.41,medium,178,0,none,0,,6.02,222
S1_futsal_C3clean_20260725_082521_f000256.jpg,S1_futsal_C3clean_20260725_082521,C3_clean_lap_v1,,,785.9,547.46,35.64,31.76,33.65,medium,181,0,none,0,,6.21,221
S1_futsal_C3clean_20260725_082521_f000264.jpg,S1_futsal_C3clean_20260725_082521,C3_clean_lap_v1,,,784.84,544.2,36.49,32.15,34.25,medium,180,0,none,0,,,
S1_futsal_C3clean_20260725_082521_f000272.jpg,S1_futsal_C3clean_20260725_082521,C3_clean_lap_v1,,,785.34,541.84,34.92,32.46,33.67,medium,178,0,none,0,,,
S1_futsal_C3clean_20260725_082521_f000280.jpg,S1_futsal_C3clean_20260725_082521,C3_clean_lap_v1,,,783.6,540.14,36.02,30.8,33.31,medium,176,0,none,0,,,
S1_futsal_C3clean_20260725_082521_f000288.jpg,S1_futsal_C3clean_20260725_082521,C3_clean_lap_v1,,,781.12,540.25,36.5,30.78,33.52,medium,175,0,none,0,,6.34,231
S1_futsal_C3clean_20260725_082521_f000296.jpg,S1_futsal_C3clean_20260725_082521,C3_clean_lap_v1,,,779.71,540.5,36.59,31.06,33.71,medium,178,0,none,0,,,
S1_futsal_C3clean_20260725_082521_f000304.jpg,S1_futsal_C3clean_20260725_082521,C3_clean_lap_v1,,,778.83,542.62,36.3,32.35,34.27,medium,177,0,none,0,,,
S1_futsal_C3clean_20260725_082521_f000312.jpg,S1_futsal_C3clean_20260725_082521,C3_clean_lap_v1,,,778.52,545.19,36.12,31.5,33.73,medium,181,0,none,0,,6.34,229
S1_futsal_C3clean_20260725_082521_f000320.jpg,S1_futsal_C3clean_20260725_082521,C3_clean_lap_v1,,,779.2,548.28,35.29,31.08,33.12,medium,183,0,none,0,,,
S1_futsal_C3clean_20260725_082521_f000328.jpg,S1_futsal_C3clean_20260725_082521,C3_clean_lap_v1,,,778.91,548.96,35.61,32.39,33.96,medium,181,0,none,0,,,
S1_futsal_C3clean_20260725_082521_f000336.jpg,S1_futsal_C3clean_20260725_082521,C3_clean_lap_v1,,,779.31,548.94,36.37,32.49,34.38,medium,181,0,none,0,,,
S1_futsal_C3clean_20260725_082521_f000344.jpg,S1_futsal_C3clean_20260725_082521,C3_clean_lap_v1,,blur_moderate,779.96,549.22,37.46,32.39,34.83,medium,181,0,none,0,,,
S1_futsal_C3clean_20260725_082521_f000352.jpg,S1_futsal_C3clean_20260725_082521,C3_clean_lap_v1,,,780.78,550.32,37.41,32.82,35.04,medium,183,0,none,0,,6.17,231
S1_futsal_C3clean_20260725_082521_f000360.jpg,S1_futsal_C3clean_20260725_082521,C3_clean_lap_v1,,,778.34,548.37,36.14,32.28,34.16,medium,183,0,none,0,,,
S1_futsal_C3clean_20260725_082521_f000368.jpg,S1_futsal_C3clean_20260725_082521,C3_clean_lap_v1,,,778.92,548.09,34.91,32.0,33.42,medium,181,0,none,0,,6.34,221
S1_futsal_C3clean_20260725_082521_f000376.jpg,S1_futsal_C3clean_20260725_082521,C3_clean_lap_v1,,anchor,778.0,547.0,34.0,30.0,31.94,small,181,0,none,0,,6.25,213
S1_futsal_C3clean_20260725_082521_f000384.jpg,S1_futsal_C3clean_20260725_082521,C3_clean_lap_v1,,anchor,778.0,546.0,34.0,31.0,32.47,medium,182,0,none,0,,,
S1_futsal_C3clean_20260725_082521_f000392.jpg,S1_futsal_C3clean_20260725_082521,C3_clean_lap_v1,,anchor,778.0,546.0,36.0,31.0,33.41,medium,183,0,none,0,,,
S1_futsal_C3clean_20260725_082521_f000400.jpg,S1_futsal_C3clean_20260725_082521,C3_clean_lap_v1,,anchor,778.0,547.0,36.0,31.0,33.41,medium,182,0,none,0,,,
S1_futsal_C3clean_20260725_082521_f000408.jpg,S1_futsal_C3clean_20260725_082521,C3_clean_lap_v1,,anchor,779.0,547.0,34.0,31.0,32.47,medium,182,0,none,0,,6.34,216
S1_futsal_C3clean_20260725_082521_f000416.jpg,S1_futsal_C3clean_20260725_082521,C3_clean_lap_v1,,anchor,779.0,547.0,34.0,30.0,31.94,small,181,0,none,0,,6.29,214
S1_futsal_C3clean_20260725_082521_f000424.jpg,S1_futsal_C3clean_20260725_082521,C3_clean_lap_v1,,anchor,780.0,547.0,34.0,30.0,31.94,small,181,0,none,0,,6.17,210
S1_futsal_C3clean_20260725_082521_f000432.jpg,S1_futsal_C3clean_20260725_082521,C3_clean_lap_v1,,anchor,780.0,547.0,34.0,31.0,32.47,medium,182,0,none,0,,,
S1_futsal_C3clean_20260725_082521_f000440.jpg,S1_futsal_C3clean_20260725_082521,C3_clean_lap_v1,,anchor,780.0,546.0,36.0,31.0,33.41,medium,181,0,none,0,,6.25,225
S1_futsal_C3clean_20260725_082521_f000448.jpg,S1_futsal_C3clean_20260725_082521,C3_clean_lap_v1,,anchor,780.0,546.0,36.0,31.0,33.41,medium,183,0,none,0,,,
S1_futsal_C3clean_20260725_082521_f000456.jpg,S1_futsal_C3clean_20260725_082521,C3_clean_lap_v1,,anchor,781.0,547.0,34.0,30.0,31.94,small,182,0,none,0,,6.21,211
S1_futsal_C3clean_20260725_082521_f000464.jpg,S1_futsal_C3clean_20260725_082521,C3_clean_lap_v1,,anchor,781.0,546.0,34.0,31.0,32.47,medium,180,0,none,0,,,
S1_futsal_C3clean_20260725_082521_f000472.jpg,S1_futsal_C3clean_20260725_082521,C3_clean_lap_v1,,anchor,781.0,547.0,36.0,31.0,33.41,medium,182,0,none,0,,6.25,225
S1_futsal_C3clean_20260725_082521_f000480.jpg,S1_futsal_C3clean_20260725_082521,C3_clean_lap_v1,,anchor,780.0,547.0,37.0,31.0,33.87,medium,183,0,none,0,,6.29,233
S1_futsal_C3clean_20260725_082521_f000488.jpg,S1_futsal_C3clean_20260725_082521,C3_clean_lap_v1,,anchor,780.0,548.0,37.0,32.0,34.41,medium,183,0,none,0,,6.55,242
S1_futsal_C3clean_20260725_082521_f000496.jpg,S1_futsal_C3clean_20260725_082521,C3_clean_lap_v1,,anchor,780.0,549.0,36.0,31.0,33.41,medium,183,0,none,0,,,
S1_futsal_C3clean_20260725_082521_f000504.jpg,S1_futsal_C3clean_20260725_082521,C3_clean_lap_v1,,anchor,778.0,547.0,37.0,31.0,33.87,medium,180,0,none,0,,6.21,230
S1_futsal_C3clean_20260725_082521_f000512.jpg,S1_futsal_C3clean_20260725_082521,C3_clean_lap_v1,,anchor,778.0,547.0,36.0,31.0,33.41,medium,180,0,none,0,,,
S1_futsal_C3clean_20260725_082521_f000520.jpg,S1_futsal_C3clean_20260725_082521,C3_clean_lap_v1,,anchor,780.0,549.0,36.0,31.0,33.41,medium,185,0,none,0,,,
S1_futsal_C3clean_20260725_082521_f000528.jpg,S1_futsal_C3clean_20260725_082521,C3_clean_lap_v1,,,779.41,549.92,35.47,31.96,33.67,medium,182,0,none,0,,,
S1_futsal_C3clean_20260725_082521_f000536.jpg,S1_futsal_C3clean_20260725_082521,C3_clean_lap_v1,,,777.53,550.79,36.17,31.87,33.96,medium,185,0,none,0,,,
S1_futsal_C3clean_20260725_082521_f000544.jpg,S1_futsal_C3clean_20260725_082521,C3_clean_lap_v1,,,776.6,550.3,36.3,32.35,34.27,medium,183,0,none,0,,6.25,227
S1_futsal_C3clean_20260725_082521_f000552.jpg,S1_futsal_C3clean_20260725_082521,C3_clean_lap_v1,,,775.53,549.86,36.01,31.98,33.93,medium,182,0,none,0,,,
S1_futsal_C3clean_20260725_082521_f000560.jpg,S1_futsal_C3clean_20260725_082521,C3_clean_lap_v1,,,774.93,549.26,36.5,32.28,34.32,medium,182,0,none,0,,,
S1_futsal_C3clean_20260725_082521_f000568.jpg,S1_futsal_C3clean_20260725_082521,C3_clean_lap_v1,,,775.24,548.29,37.06,32.47,34.69,medium,180,0,none,0,,6.17,229
S1_futsal_C3clean_20260725_082521_f000576.jpg,S1_futsal_C3clean_20260725_082521,C3_clean_lap_v1,,,776.37,548.04,36.39,32.2,34.23,medium,183,0,none,0,,,
S1_futsal_C3clean_20260725_082521_f000584.jpg,S1_futsal_C3clean_20260725_082521,C3_clean_lap_v1,,,776.46,547.11,36.38,31.79,34.01,medium,180,0,none,0,,,
S1_futsal_C3clean_20260725_082521_f000592.jpg,S1_futsal_C3clean_20260725_082521,C3_clean_lap_v1,,,776.54,546.6,36.28,31.38,33.74,medium,180,0,none,0,,6.17,224
S1_futsal_C3clean_20260725_082521_f000600.jpg,S1_futsal_C3clean_20260725_082521,C3_clean_lap_v1,,,776.83,546.57,37.3,31.45,34.25,medium,182,0,none,0,,6.17,230
S1_futsal_C3clean_20260725_082521_f000608.jpg,S1_futsal_C3clean_20260725_082521,C3_clean_lap_v1,,,778.33,546.92,36.04,32.39,34.17,medium,181,0,none,0,,6.25,225
S1_futsal_C3clean_20260725_082521_f000616.jpg,S1_futsal_C3clean_20260725_082521,C3_clean_lap_v1,,,777.63,548.72,36.63,32.21,34.35,medium,183,0,none,0,,,
S1_futsal_C3clean_20260725_082521_f000624.jpg,S1_futsal_C3clean_20260725_082521,C3_clean_lap_v1,,,777.11,549.03,37.34,32.58,34.88,medium,183,0,none,0,,,
S1_futsal_C3clean_20260725_082521_f000632.jpg,S1_futsal_C3clean_20260725_082521,C3_clean_lap_v1,,,777.82,548.92,36.29,31.61,33.87,medium,183,0,none,0,,,
S1_futsal_C3clean_20260725_082521_f000640.jpg,S1_futsal_C3clean_20260725_082521,C3_clean_lap_v1,,,779.42,548.46,34.22,30.82,32.48,medium,181,0,none,0,,,
S1_futsal_C3clean_20260725_082521_f000648.jpg,S1_futsal_C3clean_20260725_082521,C3_clean_lap_v1,,,779.33,548.0,34.33,30.07,32.13,medium,184,0,none,0,,6.55,225
S1_futsal_C3clean_20260725_082521_f000656.jpg,S1_futsal_C3clean_20260725_082521,C3_clean_lap_v1,,,779.35,547.28,35.08,30.64,32.78,medium,180,0,none,0,,6.51,228
S1_futsal_C3clean_20260725_082521_f000664.jpg,S1_futsal_C3clean_20260725_082521,C3_clean_lap_v1,,,779.88,547.91,35.16,29.99,32.47,medium,178,0,none,0,,,
S1_futsal_C3clean_20260725_082521_f000672.jpg,S1_futsal_C3clean_20260725_082521,C3_clean_lap_v1,,,780.24,547.87,35.88,30.61,33.14,medium,182,0,none,0,,,
S1_futsal_C3clean_20260725_082521_f000680.jpg,S1_futsal_C3clean_20260725_082521,C3_clean_lap_v1,,,780.19,547.64,35.28,31.4,33.28,medium,181,0,none,0,,6.13,216
S1_futsal_C3clean_20260725_082521_f000688.jpg,S1_futsal_C3clean_20260725_082521,C3_clean_lap_v1,,,780.14,548.28,34.42,31.18,32.76,medium,182,0,none,0,,,
S1_futsal_C3clean_20260725_082521_f000696.jpg,S1_futsal_C3clean_20260725_082521,C3_clean_lap_v1,,,779.71,548.31,35.27,31.2,33.17,medium,183,0,none,0,,,
S1_futsal_C3clean_20260725_082521_f000704.jpg,S1_futsal_C3clean_20260725_082521,C3_clean_lap_v1,,blur_moderate,778.22,547.04,35.79,30.48,33.03,medium,182,0,none,0,,,
S1_futsal_C3clean_20260725_082521_f000712.jpg,S1_futsal_C3clean_20260725_082521,C3_clean_lap_v1,,blur_moderate,777.59,545.14,35.44,31.7,33.52,medium,184,0,none,0,,,
S1_futsal_C3clean_20260725_082521_f000720.jpg,S1_futsal_C3clean_20260725_082521,C3_clean_lap_v1,,blur_moderate,776.05,545.81,35.67,30.95,33.23,medium,180,0,none,0,,,
S1_futsal_C3clean_20260725_082521_f000728.jpg,S1_futsal_C3clean_20260725_082521,C3_clean_lap_v1,,,774.67,545.88,37.07,30.7,33.73,medium,181,0,none,0,,6.34,235
S1_futsal_C3clean_20260725_082521_f000736.jpg,S1_futsal_C3clean_20260725_082521,C3_clean_lap_v1,,,774.47,546.01,37.02,31.26,34.02,medium,180,0,none,0,,,
S1_futsal_C3clean_20260725_082521_f000744.jpg,S1_futsal_C3clean_20260725_082521,C3_clean_lap_v1,,,774.36,545.42,36.77,31.14,33.84,medium,181,0,none,0,,,
S1_futsal_C3clean_20260725_082521_f000752.jpg,S1_futsal_C3clean_20260725_082521,C3_clean_lap_v1,,,774.47,546.1,36.65,31.15,33.79,medium,181,0,none,0,,6.25,229
S1_futsal_C3clean_20260725_082521_f000760.jpg,S1_futsal_C3clean_20260725_082521,C3_clean_lap_v1,,,775.36,545.64,36.41,30.95,33.57,medium,179,0,none,0,,,
S1_futsal_C3clean_20260725_082521_f000768.jpg,S1_futsal_C3clean_20260725_082521,C3_clean_lap_v1,,,774.35,546.02,36.84,31.32,33.97,medium,181,0,none,0,,,
S1_futsal_C3clean_20260725_082521_f000776.jpg,S1_futsal_C3clean_20260725_082521,C3_clean_lap_v1,,,774.63,548.42,36.18,32.1,34.08,medium,182,0,none,0,,,
S1_futsal_C3clean_20260725_082521_f000784.jpg,S1_futsal_C3clean_20260725_082521,C3_clean_lap_v1,,,773.9,553.06,35.34,31.69,33.46,medium,186,0,none,0,,,
S1_futsal_C3clean_20260725_082521_f000792.jpg,S1_futsal_C3clean_20260725_082521,C3_clean_lap_v1,,,772.24,556.09,36.64,32.04,34.26,medium,188,0,none,0,,6.21,228
S1_futsal_C3clean_20260725_082521_f000800.jpg,S1_futsal_C3clean_20260725_082521,C3_clean_lap_v1,,,771.3,558.4,36.93,31.72,34.23,medium,187,0,none,0,,6.17,228
S1_futsal_C3clean_20260725_082521_f000808.jpg,S1_futsal_C3clean_20260725_082521,C3_clean_lap_v1,,,772.58,558.71,35.74,31.26,33.42,medium,188,0,none,0,,,
S1_futsal_C3clean_20260725_082521_f000816.jpg,S1_futsal_C3clean_20260725_082521,C3_clean_lap_v1,,,774.49,559.16,36.66,32.56,34.55,medium,189,0,none,0,,,
S1_futsal_C3clean_20260725_082521_f000824.jpg,S1_futsal_C3clean_20260725_082521,C3_clean_lap_v1,,blur_moderate,784.47,559.03,35.46,31.3,33.32,medium,189,0,none,0,,,
S1_futsal_C3clean_20260725_082521_f000832.jpg,S1_futsal_C3clean_20260725_082521,C3_clean_lap_v1,,blur_moderate,801.13,556.31,37.46,32.14,34.7,medium,189,0,none,0,,,
S1_futsal_C3clean_20260725_082521_f000840.jpg,S1_futsal_C3clean_20260725_082521,C3_clean_lap_v1,,blur_moderate,823.36,553.69,38.81,32.15,35.32,medium,188,0,none,0,,6.25,243
S1_futsal_C3clean_20260725_082521_f000848.jpg,S1_futsal_C3clean_20260725_082521,C3_clean_lap_v1,,blur_moderate,849.67,547.84,39.33,33.3,36.19,medium,184,0,none,0,,,
S1_futsal_C3clean_20260725_082521_f000856.jpg,S1_futsal_C3clean_20260725_082521,C3_clean_lap_v1,,blur_heavy,876.38,543.39,40.13,33.11,36.45,medium,183,0,none,0,,6.93,278
S1_futsal_C3clean_20260725_082521_f000864.jpg,S1_futsal_C3clean_20260725_082521,C3_clean_lap_v1,,blur_moderate,885.28,540.49,41.88,33.24,37.31,medium,180,0,none,0,,,
S1_futsal_C3clean_20260725_082521_f000872.jpg,S1_futsal_C3clean_20260725_082521,C3_clean_lap_v1,,blur_moderate,881.85,540.08,39.62,30.71,34.88,medium,178,0,none,0,,,
S1_futsal_C3clean_20260725_082521_f000880.jpg,S1_futsal_C3clean_20260725_082521,C3_clean_lap_v1,,blur_moderate,872.32,537.26,41.02,32.46,36.49,medium,178,0,none,0,,,
S1_futsal_C3clean_20260725_082521_f000888.jpg,S1_futsal_C3clean_20260725_082521,C3_clean_lap_v1,,blur_moderate,861.83,536.31,40.04,32.64,36.15,medium,177,0,none,0,,,
S1_futsal_C3clean_20260725_082521_f000896.jpg,S1_futsal_C3clean_20260725_082521,C3_clean_lap_v1,,blur_moderate,846.59,537.9,39.75,32.29,35.83,medium,177,0,none,0,,,
S1_futsal_C3clean_20260725_082521_f000904.jpg,S1_futsal_C3clean_20260725_082521,C3_clean_lap_v1,,blur_heavy,838.4,540.93,37.12,31.77,34.34,medium,181,1,none,0,,,
S1_futsal_C3clean_20260725_082521_f000912.jpg,S1_futsal_C3clean_20260725_082521,C3_clean_lap_v1,,blur_moderate,804.09,539.68,38.48,30.56,34.29,medium,183,3,none,0,,,
S1_futsal_C3clean_20260725_082521_f000920.jpg,S1_futsal_C3clean_20260725_082521,C3_clean_lap_v1,,blur_moderate,745.63,530.74,38.77,32.41,35.45,medium,179,6,none,0,,6.25,242
S1_futsal_C3clean_20260725_082521_f000928.jpg,S1_futsal_C3clean_20260725_082521,C3_clean_lap_v1,,blur_moderate,688.56,526.13,37.88,30.77,34.14,medium,181,11,none,0,,,
S1_futsal_C3clean_20260725_082521_f000936.jpg,S1_futsal_C3clean_20260725_082521,C3_clean_lap_v1,,,662.31,522.5,35.34,29.38,32.22,medium,182,12,none,0,,,
S1_futsal_C3clean_20260725_082521_f000944.jpg,S1_futsal_C3clean_20260725_082521,C3_clean_lap_v1,,blur_moderate,661.97,519.25,37.32,30.38,33.67,medium,181,12,none,0,,,
S1_futsal_C3clean_20260725_082521_f000952.jpg,S1_futsal_C3clean_20260725_082521,C3_clean_lap_v1,,,660.98,517.23,35.91,30.0,32.82,medium,179,12,none,0,,5.91,212
S1_futsal_C3clean_20260725_082521_f000960.jpg,S1_futsal_C3clean_20260725_082521,C3_clean_lap_v1,,blur_moderate,659.87,516.9,37.53,29.64,33.35,medium,179,12,none,0,,,
S1_futsal_C3clean_20260725_082521_f000968.jpg,S1_futsal_C3clean_20260725_082521,C3_clean_lap_v1,,blur_moderate,668.84,517.15,37.32,29.66,33.27,medium,178,12,none,0,,5.94,222
S1_futsal_C3clean_20260725_082521_f000976.jpg,S1_futsal_C3clean_20260725_082521,C3_clean_lap_v1,,,684.28,517.95,38.46,30.97,34.51,medium,178,12,none,0,,,
S1_futsal_C3clean_20260725_082521_f000984.jpg,S1_futsal_C3clean_20260725_082521,C3_clean_lap_v1,,,706.46,518.19,39.89,30.09,34.64,medium,180,12,none,0,,,
S1_futsal_C3clean_20260725_082521_f000992.jpg,S1_futsal_C3clean_20260725_082521,C3_clean_lap_v1,,blur_moderate,729.53,518.89,39.18,29.19,33.82,medium,180,12,none,0,,6.09,239
S1_futsal_C3clean_20260725_082521_f001000.jpg,S1_futsal_C3clean_20260725_082521,C3_clean_lap_v1,,blur_moderate,722.75,518.58,40.18,29.86,34.64,medium,184,15,none,0,,,
S1_futsal_C3clean_20260725_082521_f001008.jpg,S1_futsal_C3clean_20260725_082521,C3_clean_lap_v1,,blur_moderate,666.95,512.19,39.18,29.1,33.77,medium,182,18,none,0,,,
S1_futsal_C3clean_20260725_082521_f001016.jpg,S1_futsal_C3clean_20260725_082521,C3_clean_lap_v1,,,594.03,507.64,38.78,29.59,33.88,medium,181,23,none,0,,,
S1_futsal_C3clean_20260725_082521_f001024.jpg,S1_futsal_C3clean_20260725_082521,C3_clean_lap_v1,,,537.36,506.82,37.7,26.25,31.46,small,182,27,none,0,,5.38,203
S1_futsal_C3clean_20260725_082521_f001032.jpg,S1_futsal_C3clean_20260725_082521,C3_clean_lap_v1,,,513.16,502.93,37.56,27.63,32.21,medium,183,28,none,0,,,
S1_futsal_C3clean_20260725_082521_f001040.jpg,S1_futsal_C3clean_20260725_082521,C3_clean_lap_v1,,,489.98,502.37,37.63,27.32,32.06,medium,181,30,none,0,,,
S1_futsal_C3clean_20260725_082521_f001048.jpg,S1_futsal_C3clean_20260725_082521,C3_clean_lap_v1,,,480.98,500.45,38.29,27.59,32.5,medium,184,31,none,0,,5.15,197
S1_futsal_C3clean_20260725_082521_f001056.jpg,S1_futsal_C3clean_20260725_082521,C3_clean_lap_v1,,,493.69,498.97,39.38,28.44,33.47,medium,184,31,none,0,,5.07,200
S1_futsal_C3clean_20260725_082521_f001064.jpg,S1_futsal_C3clean_20260725_082521,C3_clean_lap_v1,,,510.0,498.0,39.0,27.0,32.45,medium,181,31,none,0,,5.21,203
S1_futsal_C3clean_20260725_082521_f001072.jpg,S1_futsal_C3clean_20260725_082521,C3_clean_lap_v1,,,530.41,497.82,42.51,29.06,35.15,medium,180,31,none,0,,,
S1_futsal_C3clean_20260725_082521_f001080.jpg,S1_futsal_C3clean_20260725_082521,C3_clean_lap_v1,,,556.28,497.54,42.11,28.42,34.59,medium,180,31,none,0,,5.35,225
S1_futsal_C3clean_20260725_082521_f001088.jpg,S1_futsal_C3clean_20260725_082521,C3_clean_lap_v1,,,582.69,497.53,42.23,26.78,33.63,medium,181,31,none,0,,5.21,220
S1_futsal_C3clean_20260725_082521_f001096.jpg,S1_futsal_C3clean_20260725_082521,C3_clean_lap_v1,,,608.62,498.86,42.78,28.12,34.68,medium,180,31,none,0,,5.18,222
S1_futsal_C3clean_20260725_082521_f001104.jpg,S1_futsal_C3clean_20260725_082521,C3_clean_lap_v1,,,635.5,499.49,42.29,27.86,34.33,medium,182,31,none,0,,5.41,229
S1_futsal_C3clean_20260725_082521_f001112.jpg,S1_futsal_C3clean_20260725_082521,C3_clean_lap_v1,,,658.96,499.23,44.6,28.48,35.64,medium,183,31,none,0,,5.21,232
S1_futsal_C3clean_20260725_082521_f001120.jpg,S1_futsal_C3clean_20260725_082521,C3_clean_lap_v1,,,682.48,498.75,44.1,28.5,35.46,medium,181,31,none,0,,5.21,230
S1_futsal_C3clean_20260725_082521_f001128.jpg,S1_futsal_C3clean_20260725_082521,C3_clean_lap_v1,,,703.08,499.58,46.04,27.81,35.79,medium,181,31,none,0,,,
S1_futsal_C3clean_20260725_082521_f001136.jpg,S1_futsal_C3clean_20260725_082521,C3_clean_lap_v1,,blur_moderate,699.08,497.6,46.7,29.68,37.23,medium,182,32,none,0,,,
S1_futsal_C3clean_20260725_082521_f001144.jpg,S1_futsal_C3clean_20260725_082521,C3_clean_lap_v1,,,649.32,495.23,45.65,29.15,36.48,medium,183,36,none,0,,5.07,231
S1_futsal_C3clean_20260725_082521_f001152.jpg,S1_futsal_C3clean_20260725_082521,C3_clean_lap_v1,,,596.05,494.51,44.31,27.69,35.03,medium,185,38,none,0,,5.07,225
S1_futsal_C3clean_20260725_082521_f001160.jpg,S1_futsal_C3clean_20260725_082521,C3_clean_lap_v1,,,583.42,492.67,43.67,28.02,34.98,medium,187,40,none,0,,4.79,209
S1_futsal_C3clean_20260725_082521_f001168.jpg,S1_futsal_C3clean_20260725_082521,C3_clean_lap_v1,,,580.19,492.47,44.77,27.6,35.15,medium,185,40,none,0,,4.94,221
S1_futsal_C3clean_20260725_082521_f001176.jpg,S1_futsal_C3clean_20260725_082521,C3_clean_lap_v1,,,581.57,492.51,45.07,27.37,35.13,medium,182,40,none,0,,4.96,224
S1_futsal_C3clean_20260725_082521_f001184.jpg,S1_futsal_C3clean_20260725_082521,C3_clean_lap_v1,,,591.88,492.73,43.79,26.11,33.81,medium,184,40,none,0,,5.02,220
S1_futsal_C3clean_20260725_082521_f001192.jpg,S1_futsal_C3clean_20260725_082521,C3_clean_lap_v1,,,607.39,492.08,44.19,25.32,33.45,medium,184,40,none,0,,4.99,221
S1_futsal_C3clean_20260725_082521_f001200.jpg,S1_futsal_C3clean_20260725_082521,C3_clean_lap_v1,,,625.6,490.17,45.57,27.31,35.28,medium,182,40,none,0,,5.29,241
S1_futsal_C3clean_20260725_082521_f001208.jpg,S1_futsal_C3clean_20260725_082521,C3_clean_lap_v1,,,647.97,491.05,45.32,25.92,34.27,medium,184,40,none,0,,4.94,224
S1_futsal_C3clean_20260725_082521_f001216.jpg,S1_futsal_C3clean_20260725_082521,C3_clean_lap_v1,,,668.97,490.85,45.57,25.8,34.29,medium,181,40,none,0,,5.02,229
S1_futsal_C3clean_20260725_082521_f001224.jpg,S1_futsal_C3clean_20260725_082521,C3_clean_lap_v1,,,693.8,489.36,46.09,25.39,34.21,medium,186,40,none,0,,4.96,229
S1_futsal_C3clean_20260725_082521_f001232.jpg,S1_futsal_C3clean_20260725_082521,C3_clean_lap_v1,,,712.55,486.78,46.19,25.52,34.33,medium,182,40,none,0,,5.04,233
S1_futsal_C3clean_20260725_082521_f001240.jpg,S1_futsal_C3clean_20260725_082521,C3_clean_lap_v1,,,732.61,483.85,48.83,28.14,37.07,medium,181,40,none,0,,5.04,246
S1_futsal_C3clean_20260725_082521_f001248.jpg,S1_futsal_C3clean_20260725_082521,C3_clean_lap_v1,,,749.43,484.25,43.61,26.8,34.19,medium,184,40,none,0,,5.23,228
S1_futsal_C3clean_20260725_082521_f001256.jpg,S1_futsal_C3clean_20260725_082521,C3_clean_lap_v1,,,749.25,482.82,45.79,27.19,35.29,medium,184,40,none,0,,,
S1_futsal_C3clean_20260725_082521_f001264.jpg,S1_futsal_C3clean_20260725_082521,C3_clean_lap_v1,,,680.0,475.0,43.0,25.0,32.79,medium,183,46,none,0,,,
S1_futsal_C3clean_20260725_082521_f001272.jpg,S1_futsal_C3clean_20260725_082521,C3_clean_lap_v1,,,608.0,465.0,67.0,31.0,45.57,medium,184,53,none,0,,,
S1_futsal_C3clean_20260725_082521_f001280.jpg,S1_futsal_C3clean_20260725_082521,C3_clean_lap_v1,,,596.0,461.0,69.0,37.0,50.53,medium,182,53,none,0,,,
S1_futsal_C3clean_20260725_082521_f001288.jpg,S1_futsal_C3clean_20260725_082521,C3_clean_lap_v1,,,552.0,455.0,81.0,42.0,58.33,medium,181,54,none,0,,,
S1_futsal_C3clean_20260725_082521_f001296.jpg,S1_futsal_C3clean_20260725_082521,C3_clean_lap_v1,,,560.44,466.84,46.93,24.67,34.03,medium,179,53,none,0,,4.84,227
S1_futsal_C3clean_20260725_082521_f001304.jpg,S1_futsal_C3clean_20260725_082521,C3_clean_lap_v1,,,569.72,466.95,46.01,25.11,33.99,medium,184,53,none,0,,4.79,220
S1_futsal_C3clean_20260725_082521_f001312.jpg,S1_futsal_C3clean_20260725_082521,C3_clean_lap_v1,,,583.59,467.05,47.2,25.44,34.65,medium,183,53,none,0,,4.84,228
S1_futsal_C3clean_20260725_082521_f001320.jpg,S1_futsal_C3clean_20260725_082521,C3_clean_lap_v1,,,603.33,467.01,46.68,24.85,34.06,medium,182,53,none,0,,4.79,224
S1_futsal_C3clean_20260725_082521_f001328.jpg,S1_futsal_C3clean_20260725_082521,C3_clean_lap_v1,,,623.23,465.98,47.07,24.76,34.14,medium,182,53,none,0,,4.84,228
S1_futsal_C3clean_20260725_082521_f001336.jpg,S1_futsal_C3clean_20260725_082521,C3_clean_lap_v1,,,647.64,465.47,48.26,23.9,33.96,medium,182,53,none,0,,4.79,231
S1_futsal_C3clean_20260725_082521_f001344.jpg,S1_futsal_C3clean_20260725_082521,C3_clean_lap_v1,,,670.14,462.59,48.43,24.57,34.49,medium,183,53,none,0,,4.84,234
S1_futsal_C3clean_20260725_082521_f001352.jpg,S1_futsal_C3clean_20260725_082521,C3_clean_lap_v1,,,678.86,462.6,47.99,24.85,34.53,medium,180,53,none,0,,4.81,231
S1_futsal_C3clean_20260725_082521_f001360.jpg,S1_futsal_C3clean_20260725_082521,C3_clean_lap_v1,,,674.2,463.73,48.23,24.03,34.04,medium,183,54,none,0,,4.89,236
S1_futsal_C3clean_20260725_082521_f001368.jpg,S1_futsal_C3clean_20260725_082521,C3_clean_lap_v1,,,661.91,464.68,49.11,23.97,34.31,medium,179,54,none,0,,,
S1_futsal_C3clean_20260725_082521_f001376.jpg,S1_futsal_C3clean_20260725_082521,C3_clean_lap_v1,,,652.34,465.66,47.54,23.59,33.49,medium,181,54,none,0,,,
S1_futsal_C3clean_20260725_082521_f001384.jpg,S1_futsal_C3clean_20260725_082521,C3_clean_lap_v1,,,653.03,465.01,49.11,24.86,34.94,medium,181,54,none,0,,4.84,238
S1_futsal_C3clean_20260725_082521_f001392.jpg,S1_futsal_C3clean_20260725_082521,C3_clean_lap_v1,,blur_moderate,657.82,465.18,51.04,25.6,36.15,medium,182,54,none,0,,,
S1_futsal_C3clean_20260725_082521_f001400.jpg,S1_futsal_C3clean_20260725_082521,C3_clean_lap_v1,,,663.32,465.75,49.81,26.96,36.64,medium,182,54,none,0,,4.79,239
S1_futsal_C3clean_20260725_082521_f001408.jpg,S1_futsal_C3clean_20260725_082521,C3_clean_lap_v1,,,667.86,465.65,48.14,25.27,34.88,medium,179,54,none,0,,4.81,232
S1_futsal_C3clean_20260725_082521_f001416.jpg,S1_futsal_C3clean_20260725_082521,C3_clean_lap_v1,,blur_moderate,611.76,462.26,47.72,25.03,34.56,medium,181,57,none,0,,4.65,222
S1_futsal_C3clean_20260725_082521_f001424.jpg,S1_futsal_C3clean_20260725_082521,C3_clean_lap_v1,,blur_moderate,557.38,460.48,49.09,25.63,35.47,medium,183,61,none,0,,4.61,226
S1_futsal_C3clean_20260725_082521_f001432.jpg,S1_futsal_C3clean_20260725_082521,C3_clean_lap_v1,,,506.08,457.77,56.63,27.05,39.14,medium,181,63,none,0,,,
S1_futsal_C3clean_20260725_082521_f001440.jpg,S1_futsal_C3clean_20260725_082521,C3_clean_lap_v1,,,473.0,456.0,55.0,24.0,36.33,medium,183,68,none,0,,,
S1_futsal_C3clean_20260725_082521_f001448.jpg,S1_futsal_C3clean_20260725_082521,C3_clean_lap_v1,,,442.22,457.57,54.96,24.12,36.41,medium,184,68,none,0,,,
S1_futsal_C3clean_20260725_082521_f001456.jpg,S1_futsal_C3clean_20260725_082521,C3_clean_lap_v1,,,442.82,457.59,44.48,23.48,32.32,medium,180,68,none,0,,4.48,199
S1_futsal_C3clean_20260725_082521_f001464.jpg,S1_futsal_C3clean_20260725_082521,C3_clean_lap_v1,,,441.81,456.1,45.04,23.68,32.66,medium,180,68,none,0,,,
S1_futsal_C3clean_20260725_082521_f001472.jpg,S1_futsal_C3clean_20260725_082521,C3_clean_lap_v1,,,443.86,455.46,46.03,23.89,33.16,medium,179,68,none,0,,4.61,212
S1_futsal_C3clean_20260725_082521_f001480.jpg,S1_futsal_C3clean_20260725_082521,C3_clean_lap_v1,,,446.73,454.38,48.35,25.01,34.77,medium,179,68,none,0,,4.52,219
S1_futsal_C3clean_20260725_082521_f001488.jpg,S1_futsal_C3clean_20260725_082521,C3_clean_lap_v1,,,459.27,453.81,46.23,23.48,32.95,medium,177,68,none,0,,4.56,211
S1_futsal_C3clean_20260725_082521_f001496.jpg,S1_futsal_C3clean_20260725_082521,C3_clean_lap_v1,,,471.48,453.66,47.26,23.88,33.59,medium,177,68,none,0,,4.61,218
S1_futsal_C3clean_20260725_082521_f001504.jpg,S1_futsal_C3clean_20260725_082521,C3_clean_lap_v1,,,491.0,450.0,51.0,25.0,35.71,medium,178,68,none,0,,,
S1_futsal_C3clean_20260725_082521_f001512.jpg,S1_futsal_C3clean_20260725_082521,C3_clean_lap_v1,,,590.42,448.63,46.82,24.9,34.15,medium,175,68,none,0,,,
S1_futsal_C3clean_20260725_082521_f001520.jpg,S1_futsal_C3clean_20260725_082521,C3_clean_lap_v1,,,613.39,448.72,47.58,23.05,33.11,medium,176,68,none,0,,4.79,228
S1_futsal_C3clean_20260725_082521_f001528.jpg,S1_futsal_C3clean_20260725_082521,C3_clean_lap_v1,,,636.27,447.19,49.21,23.49,34.0,medium,176,68,none,0,,,
S1_futsal_C3clean_20260725_082521_f001536.jpg,S1_futsal_C3clean_20260725_082521,C3_clean_lap_v1,,blur_moderate,659.34,447.02,48.91,23.98,34.25,medium,176,68,none,0,,4.86,238
S1_futsal_C3clean_20260725_082521_f001544.jpg,S1_futsal_C3clean_20260725_082521,C3_clean_lap_v1,,,682.87,446.95,49.76,23.63,34.29,medium,179,68,none,0,,,
S1_futsal_C3clean_20260725_082521_f001552.jpg,S1_futsal_C3clean_20260725_082521,C3_clean_lap_v1,,blur_moderate,705.19,446.55,51.32,24.4,35.39,medium,178,68,none,0,,,
S1_futsal_C3clean_20260725_082521_f001560.jpg,S1_futsal_C3clean_20260725_082521,C3_clean_lap_v1,,,725.07,447.09,51.85,24.7,35.79,medium,175,68,none,0,,,
S1_futsal_C3clean_20260725_082521_f001568.jpg,S1_futsal_C3clean_20260725_082521,C3_clean_lap_v1,,,737.57,449.81,50.51,21.96,33.3,medium,177,68,none,0,,,
S1_futsal_C3clean_20260725_082521_f001576.jpg,S1_futsal_C3clean_20260725_082521,C3_clean_lap_v1,,blur_heavy,723.03,446.64,50.02,23.75,34.46,medium,179,69,none,0,,,
S1_futsal_C3clean_20260725_082521_f001584.jpg,S1_futsal_C3clean_20260725_082521,C3_clean_lap_v1,,blur_moderate,670.49,444.07,50.16,22.2,33.37,medium,179,73,none,0,,,
S1_futsal_C3clean_20260725_082521_f001592.jpg,S1_futsal_C3clean_20260725_082521,C3_clean_lap_v1,,blur_moderate,629.42,444.17,47.02,20.07,30.72,small,181,76,none,0,,,
S1_futsal_C3clean_20260725_082521_f001600.jpg,S1_futsal_C3clean_20260725_082521,C3_clean_lap_v1,,blur_moderate,580.0,440.0,48.0,21.0,31.75,small,182,78,none,0,,,
S1_futsal_C3clean_20260725_082521_f001608.jpg,S1_futsal_C3clean_20260725_082521,C3_clean_lap_v1,,,569.63,439.16,48.01,22.49,32.86,medium,180,79,none,0,,,
S1_futsal_C3clean_20260725_082521_f001616.jpg,S1_futsal_C3clean_20260725_082521,C3_clean_lap_v1,,,568.27,438.7,48.62,21.79,32.55,medium,180,79,none,0,,5.15,250
S1_futsal_C3clean_20260725_082521_f001624.jpg,S1_futsal_C3clean_20260725_082521,C3_clean_lap_v1,,,569.26,438.14,46.77,21.04,31.37,small,180,79,none,0,,5.18,242
S1_futsal_C3clean_20260725_082521_f001632.jpg,S1_futsal_C3clean_20260725_082521,C3_clean_lap_v1,,,578.14,435.22,47.65,21.66,32.13,medium,180,80,none,0,,,
S1_futsal_C3clean_20260725_082521_f001640.jpg,S1_futsal_C3clean_20260725_082521,C3_clean_lap_v1,,,592.02,435.43,48.99,22.49,33.19,medium,179,80,none,0,,5.29,259
S1_futsal_C3clean_20260725_082521_f001648.jpg,S1_futsal_C3clean_20260725_082521,C3_clean_lap_v1,,blur_moderate,609.6,435.4,48.58,21.0,31.94,small,179,79,none,0,,5.23,254
S1_futsal_C3clean_20260725_082521_f001656.jpg,S1_futsal_C3clean_20260725_082521,C3_clean_lap_v1,,,627.96,435.42,49.12,21.3,32.35,medium,175,79,none,0,,,
S1_futsal_C3clean_20260725_082521_f001664.jpg,S1_futsal_C3clean_20260725_082521,C3_clean_lap_v1,,blur_moderate,648.38,436.24,49.12,21.25,32.31,medium,174,80,none,0,,,
S1_futsal_C3clean_20260725_082521_f001672.jpg,S1_futsal_C3clean_20260725_082521,C3_clean_lap_v1,,blur_moderate,669.61,438.38,49.83,21.38,32.64,medium,179,80,none,0,,,
S1_futsal_C3clean_20260725_082521_f001680.jpg,S1_futsal_C3clean_20260725_082521,C3_clean_lap_v1,,blur_moderate,690.56,439.76,49.36,22.65,33.44,medium,181,80,none,0,,,
S1_futsal_C3clean_20260725_082521_f001688.jpg,S1_futsal_C3clean_20260725_082521,C3_clean_lap_v1,,,713.09,442.02,49.79,21.63,32.81,medium,183,80,none,0,,,
S1_futsal_C3clean_20260725_082521_f001696.jpg,S1_futsal_C3clean_20260725_082521,C3_clean_lap_v1,,,732.16,442.2,50.84,23.13,34.29,medium,183,80,none,0,,,
S1_futsal_C3clean_20260725_082521_f001704.jpg,S1_futsal_C3clean_20260725_082521,C3_clean_lap_v1,,blur_moderate,755.4,440.56,53.13,21.38,33.7,medium,183,80,none,0,,,
S1_futsal_C3clean_20260725_082521_f001712.jpg,S1_futsal_C3clean_20260725_082521,C3_clean_lap_v1,,,763.44,436.33,52.64,22.13,34.13,medium,178,82,none,0,,,
S1_futsal_C3clean_20260725_082521_f001720.jpg,S1_futsal_C3clean_20260725_082521,C3_clean_lap_v1,,blur_moderate,725.01,430.22,51.03,21.34,33.0,medium,179,84,none,0,,,
S1_futsal_C3clean_20260725_082521_f001728.jpg,S1_futsal_C3clean_20260725_082521,C3_clean_lap_v1,,blur_heavy,686.94,423.88,48.78,22.37,33.03,medium,176,87,none,0,,,
S1_futsal_C3clean_20260725_082521_f001736.jpg,S1_futsal_C3clean_20260725_082521,C3_clean_lap_v1,,blur_moderate,637.64,421.92,49.0,20.19,31.45,small,176,89,none,0,,,
S1_futsal_C3clean_20260725_082521_f001744.jpg,S1_futsal_C3clean_20260725_082521,C3_clean_lap_v1,,,605.4,420.02,48.96,21.22,32.23,medium,177,91,none,0,,,
S1_futsal_C3clean_20260725_082521_f001752.jpg,S1_futsal_C3clean_20260725_082521,C3_clean_lap_v1,,,603.88,419.54,47.09,21.59,31.88,small,177,91,none,0,,,
S1_futsal_C3clean_20260725_082521_f001760.jpg,S1_futsal_C3clean_20260725_082521,C3_clean_lap_v1,,,602.72,420.33,47.26,20.79,31.34,small,175,91,none,0,,,
S1_futsal_C3clean_20260725_082521_f001768.jpg,S1_futsal_C3clean_20260725_082521,C3_clean_lap_v1,,,605.54,420.05,49.83,20.89,32.27,medium,175,91,none,0,,,
S1_futsal_C3clean_20260725_082521_f001776.jpg,S1_futsal_C3clean_20260725_082521,C3_clean_lap_v1,,,617.91,420.28,48.42,20.77,31.71,small,176,91,none,0,,,
S1_futsal_C3clean_20260725_082521_f001784.jpg,S1_futsal_C3clean_20260725_082521,C3_clean_lap_v1,,,629.08,419.3,50.92,21.82,33.33,medium,178,91,none,0,,,
S1_futsal_C3clean_20260725_082521_f001792.jpg,S1_futsal_C3clean_20260725_082521,C3_clean_lap_v1,,,631.12,420.7,67.97,21.2,37.96,medium,176,91,none,0,,,
S1_futsal_C3clean_20260725_082521_f001800.jpg,S1_futsal_C3clean_20260725_082521,C3_clean_lap_v1,,,649.0,418.0,67.0,22.0,38.39,medium,177,91,none,0,,,
S1_futsal_C3clean_20260725_082521_f001808.jpg,S1_futsal_C3clean_20260725_082521,C3_clean_lap_v1,,,692.45,420.58,48.01,21.23,31.93,small,178,91,none,0,,,
S1_futsal_C3clean_20260725_082521_f001816.jpg,S1_futsal_C3clean_20260725_082521,C3_clean_lap_v1,,,709.78,420.72,49.31,20.88,32.09,medium,177,91,none,0,,,
S1_futsal_C3clean_20260725_082521_f001824.jpg,S1_futsal_C3clean_20260725_082521,C3_clean_lap_v1,,,732.13,420.42,49.63,21.58,32.73,medium,177,91,none,0,,,
S1_futsal_C3clean_20260725_082521_f001832.jpg,S1_futsal_C3clean_20260725_082521,C3_clean_lap_v1,,,748.47,420.78,49.87,21.85,33.01,medium,179,91,none,0,,,
S1_futsal_C3clean_20260725_082521_f001840.jpg,S1_futsal_C3clean_20260725_082521,C3_clean_lap_v1,,,756.91,421.83,50.8,20.46,32.24,medium,177,92,none,0,,,
S1_futsal_C3clean_20260725_082521_f001848.jpg,S1_futsal_C3clean_20260725_082521,C3_clean_lap_v1,,,727.98,419.21,50.55,22.15,33.46,medium,182,94,none,0,,,
S1_futsal_C3clean_20260725_082521_f001856.jpg,S1_futsal_C3clean_20260725_082521,C3_clean_lap_v1,,blur_moderate,673.67,416.87,47.37,19.31,30.24,small,181,97,none,0,,,
S1_futsal_C3clean_20260725_082521_f001864.jpg,S1_futsal_C3clean_20260725_082521,C3_clean_lap_v1,,blur_moderate,603.32,414.75,45.42,19.74,29.94,small,181,101,none,0,,,
S1_futsal_C3clean_20260725_082521_f001872.jpg,S1_futsal_C3clean_20260725_082521,C3_clean_lap_v1,,blur_moderate,521.86,413.24,46.57,19.6,30.21,small,182,107,none,0,,,
S1_futsal_C3clean_20260725_082521_f001880.jpg,S1_futsal_C3clean_20260725_082521,C3_clean_lap_v1,,,436.7,413.46,45.2,19.68,29.83,small,183,111,none,0,,,
S1_futsal_C3clean_20260725_082521_f001888.jpg,S1_futsal_C3clean_20260725_082521,C3_clean_lap_v1,,,403.85,412.9,45.87,19.94,30.25,small,182,114,none,0,,,
S1_futsal_C3clean_20260725_082521_f001896.jpg,S1_futsal_C3clean_20260725_082521,C3_clean_lap_v1,,,372.0,412.0,54.0,23.0,35.24,medium,182,116,none,0,,,
S1_futsal_C3clean_20260725_082521_f001904.jpg,S1_futsal_C3clean_20260725_082521,C3_clean_lap_v1,,,339.0,412.0,63.0,28.0,42.0,medium,181,118,none,0,,,
S1_futsal_C3clean_20260725_082521_f001912.jpg,S1_futsal_C3clean_20260725_082521,C3_clean_lap_v1,,,336.0,410.0,61.0,24.0,38.26,medium,181,119,none,0,,,
S1_futsal_C3clean_20260725_082521_f001920.jpg,S1_futsal_C3clean_20260725_082521,C3_clean_lap_v1,,,350.7,411.92,46.45,17.04,28.13,small,178,119,none,0,,,
S1_futsal_C3clean_20260725_082521_f001928.jpg,S1_futsal_C3clean_20260725_082521,C3_clean_lap_v1,,,364.12,410.75,46.29,18.17,29.0,small,179,119,none,0,,,
S1_futsal_C3clean_20260725_082521_f001936.jpg,S1_futsal_C3clean_20260725_082521,C3_clean_lap_v1,,,381.54,411.06,45.56,18.75,29.23,small,181,119,none,0,,,
S1_futsal_C3clean_20260725_082521_f001944.jpg,S1_futsal_C3clean_20260725_082521,C3_clean_lap_v1,,,401.16,412.34,45.09,19.14,29.38,small,178,118,none,0,,,
S1_futsal_C3clean_20260725_082521_f001952.jpg,S1_futsal_C3clean_20260725_082521,C3_clean_lap_v1,,,424.81,414.55,45.91,21.08,31.11,small,185,118,none,0,,,
S1_futsal_C3clean_20260725_082521_f001960.jpg,S1_futsal_C3clean_20260725_082521,C3_clean_lap_v1,,,440.08,418.1,45.14,18.49,28.89,small,185,118,none,0,,,
S1_futsal_C3clean_20260725_082521_f001968.jpg,S1_futsal_C3clean_20260725_082521,C3_clean_lap_v1,,,467.28,420.14,43.51,19.74,29.3,small,186,118,none,0,,,
S1_futsal_C3clean_20260725_082521_f001976.jpg,S1_futsal_C3clean_20260725_082521,C3_clean_lap_v1,,,483.0,418.63,45.47,22.31,31.85,small,185,118,none,0,,,
S1_futsal_C3clean_20260725_082521_f001984.jpg,S1_futsal_C3clean_20260725_082521,C3_clean_lap_v1,,,505.0,416.99,44.32,18.57,28.69,small,183,118,none,0,,,
S1_futsal_C3clean_20260725_082521_f001992.jpg,S1_futsal_C3clean_20260725_082521,C3_clean_lap_v1,,,523.59,412.92,44.39,19.95,29.76,small,182,118,none,0,,,
S1_futsal_C3clean_20260725_082521_f002000.jpg,S1_futsal_C3clean_20260725_082521,C3_clean_lap_v1,,,540.64,409.83,45.11,20.07,30.09,small,179,118,none,0,,,
S1_futsal_C3clean_20260725_082521_f002008.jpg,S1_futsal_C3clean_20260725_082521,C3_clean_lap_v1,,,541.12,408.78,44.05,20.58,30.11,small,177,119,none,0,,,
S1_futsal_C3clean_20260725_082521_f002016.jpg,S1_futsal_C3clean_20260725_082521,C3_clean_lap_v1,,,505.47,407.12,43.28,19.64,29.16,small,179,122,none,0,,,
S1_futsal_C3clean_20260725_082521_f002024.jpg,S1_futsal_C3clean_20260725_082521,C3_clean_lap_v1,,,455.2,409.09,44.57,20.87,30.5,small,182,125,none,0,,,
S1_futsal_C3clean_20260725_082521_f002032.jpg,S1_futsal_C3clean_20260725_082521,C3_clean_lap_v1,,,450.81,408.82,46.2,20.43,30.72,small,182,125,none,0,,,
S1_futsal_C3clean_20260725_082521_f002040.jpg,S1_futsal_C3clean_20260725_082521,C3_clean_lap_v1,,,448.02,408.38,44.02,20.97,30.38,small,177,125,none,0,,,
S1_futsal_C3clean_20260725_082521_f002048.jpg,S1_futsal_C3clean_20260725_082521,C3_clean_lap_v1,,,449.34,407.56,44.42,20.97,30.52,small,177,125,none,0,,,
S1_futsal_C3clean_20260725_082521_f002056.jpg,S1_futsal_C3clean_20260725_082521,C3_clean_lap_v1,,,454.18,407.83,44.86,21.49,31.05,small,179,125,none,0,,,
S1_futsal_C3clean_20260725_082521_f002064.jpg,S1_futsal_C3clean_20260725_082521,C3_clean_lap_v1,,,465.1,408.25,43.95,20.88,30.29,small,177,125,none,0,,,
S1_futsal_C3clean_20260725_082521_f002072.jpg,S1_futsal_C3clean_20260725_082521,C3_clean_lap_v1,,,482.0,409.02,42.57,20.11,29.26,small,179,125,none,0,,,
S1_futsal_C3clean_20260725_082521_f002080.jpg,S1_futsal_C3clean_20260725_082521,C3_clean_lap_v1,,,496.58,409.59,43.99,20.17,29.79,small,180,125,none,0,,,
S1_futsal_C3clean_20260725_082521_f002088.jpg,S1_futsal_C3clean_20260725_082521,C3_clean_lap_v1,,,511.53,410.58,44.53,18.09,28.39,small,182,125,none,0,,,
S1_futsal_C3clean_20260725_082521_f002096.jpg,S1_futsal_C3clean_20260725_082521,C3_clean_lap_v1,,,529.63,409.74,43.41,19.2,28.87,small,180,125,none,0,,,
S1_futsal_C3clean_20260725_082521_f002104.jpg,S1_futsal_C3clean_20260725_082521,C3_clean_lap_v1,,,546.24,408.56,42.61,20.95,29.88,small,179,125,none,0,,,
S1_futsal_C3clean_20260725_082521_f002112.jpg,S1_futsal_C3clean_20260725_082521,C3_clean_lap_v1,,,565.5,409.26,43.0,20.13,29.42,small,180,125,none,0,,,
S1_futsal_C3clean_20260725_082521_f002120.jpg,S1_futsal_C3clean_20260725_082521,C3_clean_lap_v1,,,583.06,408.75,42.77,20.82,29.84,small,177,125,none,0,,,
S1_futsal_C3clean_20260725_082521_f002128.jpg,S1_futsal_C3clean_20260725_082521,C3_clean_lap_v1,,,600.14,409.46,43.2,19.79,29.24,small,180,125,none,0,,,
S1_futsal_C3clean_20260725_082521_f002136.jpg,S1_futsal_C3clean_20260725_082521,C3_clean_lap_v1,,,621.77,409.54,43.87,20.61,30.07,small,179,125,none,0,,,
S1_futsal_C3clean_20260725_082521_f002144.jpg,S1_futsal_C3clean_20260725_082521,C3_clean_lap_v1,,,643.05,409.59,43.99,20.37,29.93,small,179,125,none,0,,,
S1_futsal_C3clean_20260725_082521_f002152.jpg,S1_futsal_C3clean_20260725_082521,C3_clean_lap_v1,,,657.54,409.93,45.3,20.18,30.24,small,183,125,none,0,,,
S1_futsal_C3clean_20260725_082521_f002160.jpg,S1_futsal_C3clean_20260725_082521,C3_clean_lap_v1,,,672.94,408.92,45.04,21.56,31.16,small,180,125,none,0,,,
S1_futsal_C3clean_20260725_082521_f002168.jpg,S1_futsal_C3clean_20260725_082521,C3_clean_lap_v1,,,694.24,408.14,44.76,22.17,31.5,small,182,125,none,0,,,
S1_futsal_C3clean_20260725_082521_f002176.jpg,S1_futsal_C3clean_20260725_082521,C3_clean_lap_v1,,,715.24,409.12,40.83,20.89,29.2,small,179,125,none,0,,,
S1_futsal_C3clean_20260725_082521_f002184.jpg,S1_futsal_C3clean_20260725_082521,C3_clean_lap_v1,,,732.25,408.73,40.46,20.71,28.95,small,179,125,none,0,,,
S1_futsal_C3clean_20260725_082521_f002192.jpg,S1_futsal_C3clean_20260725_082521,C3_clean_lap_v1,,,749.0,408.43,40.84,21.12,29.37,small,181,125,none,0,,,
S1_futsal_C3clean_20260725_082521_f002200.jpg,S1_futsal_C3clean_20260725_082521,C3_clean_lap_v1,,,763.68,406.26,42.91,22.76,31.25,small,181,125,none,0,,,
S1_futsal_C3clean_20260725_082521_f002208.jpg,S1_futsal_C3clean_20260725_082521,C3_clean_lap_v1,,,775.93,405.12,44.07,18.15,28.28,small,183,126,none,0,,,
S1_futsal_C3clean_20260725_082521_f002216.jpg,S1_futsal_C3clean_20260725_082521,C3_clean_lap_v1,,,734.4,401.95,43.6,19.51,29.17,small,181,129,none,0,,,
S1_futsal_C3clean_20260725_082521_f002224.jpg,S1_futsal_C3clean_20260725_082521,C3_clean_lap_v1,,,668.4,397.16,40.65,19.15,27.9,small,181,133,none,0,,,
S1_futsal_C3clean_20260725_082521_f002232.jpg,S1_futsal_C3clean_20260725_082521,C3_clean_lap_v1,,,601.35,394.58,38.84,19.86,27.77,small,180,135,none,0,,,
S1_futsal_C3clean_20260725_082521_f002240.jpg,S1_futsal_C3clean_20260725_082521,C3_clean_lap_v1,,,565.24,393.88,37.74,18.62,26.51,small,180,139,none,0,,,
S1_futsal_C3clean_20260725_082521_f002248.jpg,S1_futsal_C3clean_20260725_082521,C3_clean_lap_v1,,,562.53,393.21,37.98,19.48,27.2,small,183,139,none,0,,,
S1_futsal_C3clean_20260725_082521_f002256.jpg,S1_futsal_C3clean_20260725_082521,C3_clean_lap_v1,,,560.37,393.81,38.14,20.6,28.03,small,181,139,none,0,,,
S1_futsal_C3clean_20260725_082521_f002264.jpg,S1_futsal_C3clean_20260725_082521,C3_clean_lap_v1,,,564.75,393.74,37.63,20.33,27.66,small,184,139,none,0,,,
S1_futsal_C3clean_20260725_082521_f002272.jpg,S1_futsal_C3clean_20260725_082521,C3_clean_lap_v1,,,573.38,394.05,38.68,20.87,28.41,small,181,139,none,0,,,
S1_futsal_C3clean_20260725_082521_f002280.jpg,S1_futsal_C3clean_20260725_082521,C3_clean_lap_v1,,,584.0,392.0,39.0,20.0,27.93,small,181,139,none,0,,,
S1_futsal_C3clean_20260725_082521_f002288.jpg,S1_futsal_C3clean_20260725_082521,C3_clean_lap_v1,,,598.7,393.98,37.29,18.01,25.92,small,182,139,none,0,,,
S1_futsal_C3clean_20260725_082521_f002296.jpg,S1_futsal_C3clean_20260725_082521,C3_clean_lap_v1,,,613.23,393.17,37.0,18.37,26.07,small,181,139,none,0,,,
S1_futsal_C3clean_20260725_082521_f002304.jpg,S1_futsal_C3clean_20260725_082521,C3_clean_lap_v1,,,630.78,392.94,37.82,18.47,26.43,small,180,139,none,0,,,
S1_futsal_C3clean_20260725_082521_f002312.jpg,S1_futsal_C3clean_20260725_082521,C3_clean_lap_v1,,,646.75,392.68,36.87,18.53,26.14,small,179,139,none,0,,,
S1_futsal_C3clean_20260725_082521_f002320.jpg,S1_futsal_C3clean_20260725_082521,C3_clean_lap_v1,,,659.39,391.64,38.01,19.71,27.37,small,180,139,none,0,,,
S1_futsal_C3clean_20260725_082521_f002328.jpg,S1_futsal_C3clean_20260725_082521,C3_clean_lap_v1,,,669.75,390.61,38.32,21.17,28.48,small,181,139,none,0,,,
S1_futsal_C3clean_20260725_082521_f002336.jpg,S1_futsal_C3clean_20260725_082521,C3_clean_lap_v1,,,675.3,390.71,38.19,20.02,27.65,small,178,139,none,0,,,
S1_futsal_C3clean_20260725_082521_f002344.jpg,S1_futsal_C3clean_20260725_082521,C3_clean_lap_v1,,,678.4,388.97,36.29,19.2,26.39,small,178,139,none,0,,,
S1_futsal_C3clean_20260725_082521_f002352.jpg,S1_futsal_C3clean_20260725_082521,C3_clean_lap_v1,,,674.82,389.17,38.89,20.65,28.34,small,180,138,none,0,,,
S1_futsal_C3clean_20260725_082521_f002360.jpg,S1_futsal_C3clean_20260725_082521,C3_clean_lap_v1,,,673.55,390.75,36.67,20.76,27.59,small,181,138,none,0,,,
S1_futsal_C3clean_20260725_082521_f002368.jpg,S1_futsal_C3clean_20260725_082521,C3_clean_lap_v1,,,674.93,390.67,37.82,21.3,28.39,small,179,138,none,0,,,
S1_futsal_C3clean_20260725_082521_f002376.jpg,S1_futsal_C3clean_20260725_082521,C3_clean_lap_v1,,,682.15,390.96,37.66,20.47,27.77,small,182,139,none,0,,,
S1_futsal_C3clean_20260725_082521_f002384.jpg,S1_futsal_C3clean_20260725_082521,C3_clean_lap_v1,,,693.3,391.59,36.37,20.29,27.17,small,182,139,none,0,,,
S1_futsal_C3clean_20260725_082521_f002392.jpg,S1_futsal_C3clean_20260725_082521,C3_clean_lap_v1,,,710.61,390.92,38.07,20.47,27.92,small,182,139,none,0,,,
S1_futsal_C3clean_20260725_082521_f002400.jpg,S1_futsal_C3clean_20260725_082521,C3_clean_lap_v1,,,720.86,391.11,36.55,20.31,27.25,small,181,139,none,0,,,
S1_futsal_C3clean_20260725_082521_f002408.jpg,S1_futsal_C3clean_20260725_082521,C3_clean_lap_v1,,,727.33,391.29,35.7,19.38,26.3,small,182,142,none,0,,,
S1_futsal_C3clean_20260725_082521_f002448.jpg,S1_futsal_C3clean_20260725_082521,C3_clean_lap_v1,,,475.81,378.58,33.24,20.91,26.36,small,181,154,none,0,,,
S1_futsal_C3clean_20260725_082521_f002456.jpg,S1_futsal_C3clean_20260725_082521,C3_clean_lap_v1,,,475.57,377.87,32.94,18.89,24.94,small,180,154,none,0,,,
S1_futsal_C3clean_20260725_082521_f002464.jpg,S1_futsal_C3clean_20260725_082521,C3_clean_lap_v1,,,475.43,379.54,32.81,19.76,25.46,small,179,154,none,0,,,
S1_futsal_C3clean_20260725_082521_f002472.jpg,S1_futsal_C3clean_20260725_082521,C3_clean_lap_v1,,,477.82,379.53,36.22,19.6,26.64,small,180,154,none,0,,,
S1_futsal_C3clean_20260725_082521_f002480.jpg,S1_futsal_C3clean_20260725_082521,C3_clean_lap_v1,,,486.54,379.49,33.96,19.95,26.03,small,180,154,none,0,,,
S1_futsal_C3clean_20260725_082521_f002488.jpg,S1_futsal_C3clean_20260725_082521,C3_clean_lap_v1,,,498.09,380.67,34.95,19.06,25.81,small,180,154,none,0,,,
S1_futsal_C3clean_20260725_082521_f002496.jpg,S1_futsal_C3clean_20260725_082521,C3_clean_lap_v1,,,511.63,379.74,34.3,19.01,25.53,small,179,154,none,0,,,
S1_futsal_C3clean_20260725_082521_f002504.jpg,S1_futsal_C3clean_20260725_082521,C3_clean_lap_v1,,,529.52,380.0,32.09,18.63,24.45,small,181,154,none,0,,,
S1_futsal_C3clean_20260725_082521_f002512.jpg,S1_futsal_C3clean_20260725_082521,C3_clean_lap_v1,,,547.34,381.79,32.02,15.39,22.19,small,181,154,none,0,,,
S1_futsal_C3clean_20260725_082521_f002520.jpg,S1_futsal_C3clean_20260725_082521,C3_clean_lap_v1,,,559.95,382.32,31.21,15.13,21.73,small,181,154,none,0,,,
S1_futsal_C3clean_20260725_082521_f002528.jpg,S1_futsal_C3clean_20260725_082521,C3_clean_lap_v1,,,577.11,382.47,32.52,19.32,25.06,small,180,154,none,0,,,
S1_futsal_C3clean_20260725_082521_f002536.jpg,S1_futsal_C3clean_20260725_082521,C3_clean_lap_v1,,,590.7,382.8,32.73,19.63,25.35,small,180,154,none,0,,,
S1_futsal_C3clean_20260725_082521_f002544.jpg,S1_futsal_C3clean_20260725_082521,C3_clean_lap_v1,,,607.62,383.94,31.47,18.67,24.24,small,181,154,none,0,,,
S1_futsal_C3clean_20260725_082521_f002552.jpg,S1_futsal_C3clean_20260725_082521,C3_clean_lap_v1,,,624.22,382.72,32.88,20.22,25.78,small,181,154,none,0,,,
S1_futsal_C3clean_20260725_082521_f002560.jpg,S1_futsal_C3clean_20260725_082521,C3_clean_lap_v1,,,636.0,381.0,33.0,19.0,25.04,small,179,154,none,0,,,
S1_futsal_C3clean_20260725_082521_f002568.jpg,S1_futsal_C3clean_20260725_082521,C3_clean_lap_v1,,,652.62,382.45,32.84,19.02,24.99,small,181,154,none,0,,,
S1_futsal_C3clean_20260725_082521_f002576.jpg,S1_futsal_C3clean_20260725_082521,C3_clean_lap_v1,,,672.79,382.25,33.37,18.37,24.76,small,179,154,none,0,,,
S1_futsal_C3clean_20260725_082521_f002584.jpg,S1_futsal_C3clean_20260725_082521,C3_clean_lap_v1,,,692.0,382.0,23.0,19.0,20.9,small,180,154,none,0,,,
S1_futsal_C3clean_20260725_082521_f002592.jpg,S1_futsal_C3clean_20260725_082521,C3_clean_lap_v1,,,701.0,385.0,31.0,18.0,23.62,small,181,154,none,0,,,
S1_futsal_C3clean_20260725_082521_f002600.jpg,S1_futsal_C3clean_20260725_082521,C3_clean_lap_v1,,,724.0,382.0,23.0,18.0,20.35,small,179,154,none,0,,,
S1_futsal_C3clean_20260725_082521_f002608.jpg,S1_futsal_C3clean_20260725_082521,C3_clean_lap_v1,,,741.0,380.0,27.0,22.0,24.37,small,178,154,none,0,,,
S1_futsal_C3clean_20260725_082521_f002616.jpg,S1_futsal_C3clean_20260725_082521,C3_clean_lap_v1,,,754.0,382.0,27.0,18.0,22.05,small,178,154,none,0,,,
S1_futsal_C3clean_20260725_082521_f002624.jpg,S1_futsal_C3clean_20260725_082521,C3_clean_lap_v1,,,770.0,379.0,27.0,21.0,23.81,small,178,154,none,0,,,
S1_futsal_C3clean_20260725_082521_f002632.jpg,S1_futsal_C3clean_20260725_082521,C3_clean_lap_v1,,,781.51,381.81,29.94,16.15,21.99,small,177,154,none,0,,,
S1_futsal_C3clean_20260725_082521_f002640.jpg,S1_futsal_C3clean_20260725_082521,C3_clean_lap_v1,,,727.61,376.7,28.41,19.04,23.26,small,180,157,none,0,,,
S1_futsal_C3clean_20260725_082521_f002648.jpg,S1_futsal_C3clean_20260725_082521,C3_clean_lap_v1,,blur_moderate,668.0,372.0,28.0,16.0,21.17,small,182,163,none,0,,,
S1_futsal_C3clean_20260725_082521_f002656.jpg,S1_futsal_C3clean_20260725_082521,C3_clean_lap_v1,,,587.0,369.0,28.0,19.0,23.07,small,180,167,none,0,,,
S1_futsal_C3clean_20260725_082521_f002664.jpg,S1_futsal_C3clean_20260725_082521,C3_clean_lap_v1,,,528.0,370.0,30.0,13.0,19.75,small,181,171,none,0,,,
S1_futsal_C3clean_20260725_082521_f002672.jpg,S1_futsal_C3clean_20260725_082521,C3_clean_lap_v1,,,519.91,370.86,26.02,14.57,19.47,small,180,171,none,0,,,
S1_futsal_C3clean_20260725_082521_f002680.jpg,S1_futsal_C3clean_20260725_082521,C3_clean_lap_v1,,,519.11,369.62,24.21,17.7,20.7,small,182,171,none,0,,,
S1_futsal_C3clean_20260725_082521_f002688.jpg,S1_futsal_C3clean_20260725_082521,C3_clean_lap_v1,,,518.54,368.94,25.38,18.48,21.66,small,180,171,none,0,,,
S1_futsal_C3clean_20260725_082521_f002696.jpg,S1_futsal_C3clean_20260725_082521,C3_clean_lap_v1,,,520.94,369.38,27.74,18.19,22.47,small,180,171,none,0,,,
S1_futsal_C3clean_20260725_082521_f002704.jpg,S1_futsal_C3clean_20260725_082521,C3_clean_lap_v1,,,528.0,366.0,25.0,18.0,21.21,small,179,171,none,0,,,
S1_futsal_C3clean_20260725_082521_f002712.jpg,S1_futsal_C3clean_20260725_082521,C3_clean_lap_v1,,,537.36,369.51,27.29,17.73,22.0,small,178,170,none,0,,,
S1_futsal_C3clean_20260725_082521_f002720.jpg,S1_futsal_C3clean_20260725_082521,C3_clean_lap_v1,,,549.01,368.45,29.02,17.29,22.4,small,181,170,none,0,,,
S1_futsal_C3clean_20260725_082521_f002728.jpg,S1_futsal_C3clean_20260725_082521,C3_clean_lap_v1,,,565.32,369.67,23.54,17.24,20.15,small,180,170,none,0,,,
S1_futsal_C3clean_20260725_082521_f002736.jpg,S1_futsal_C3clean_20260725_082521,C3_clean_lap_v1,,,579.0,370.0,25.0,14.0,18.71,small,182,171,none,0,,,
S1_futsal_C3clean_20260725_082521_f002744.jpg,S1_futsal_C3clean_20260725_082521,C3_clean_lap_v1,,,596.63,369.39,25.77,16.88,20.85,small,182,171,none,0,,,
S1_futsal_C3clean_20260725_082521_f002752.jpg,S1_futsal_C3clean_20260725_082521,C3_clean_lap_v1,,,611.7,367.85,25.78,18.81,22.02,small,182,171,none,0,,,
S1_futsal_C3clean_20260725_082521_f002760.jpg,S1_futsal_C3clean_20260725_082521,C3_clean_lap_v1,,,623.0,368.0,27.0,16.0,20.78,small,181,171,none,0,,,
S1_futsal_C3clean_20260725_082521_f002768.jpg,S1_futsal_C3clean_20260725_082521,C3_clean_lap_v1,,,639.54,366.09,28.14,17.42,22.14,small,180,171,none,0,,,
S1_futsal_C3clean_20260725_082521_f002776.jpg,S1_futsal_C3clean_20260725_082521,C3_clean_lap_v1,,,656.0,368.0,20.0,14.0,16.73,small,178,171,none,0,,,
S1_futsal_C3clean_20260725_082521_f002784.jpg,S1_futsal_C3clean_20260725_082521,C3_clean_lap_v1,,,670.0,364.0,17.0,17.0,17.0,small,178,171,none,0,,,
S1_futsal_C3clean_20260725_082521_f002792.jpg,S1_futsal_C3clean_20260725_082521,C3_clean_lap_v1,,,682.0,365.0,21.0,20.0,20.49,small,177,170,none,0,,,
S1_futsal_C3clean_20260725_082521_f002800.jpg,S1_futsal_C3clean_20260725_082521,C3_clean_lap_v1,,,694.0,364.0,29.0,19.0,23.47,small,175,171,none,0,,,
S1_futsal_C3clean_20260725_082521_f002808.jpg,S1_futsal_C3clean_20260725_082521,C3_clean_lap_v1,,,716.0,368.0,20.0,13.0,16.12,small,178,171,none,0,,,
S1_futsal_C3clean_20260725_082521_f002816.jpg,S1_futsal_C3clean_20260725_082521,C3_clean_lap_v1,,,724.0,366.0,28.0,16.0,21.17,small,179,171,none,0,,,
S1_futsal_C3clean_20260725_082521_f002824.jpg,S1_futsal_C3clean_20260725_082521,C3_clean_lap_v1,,,740.0,368.0,24.0,17.0,20.2,small,177,171,none,0,,,
S1_futsal_C3clean_20260725_082521_f002832.jpg,S1_futsal_C3clean_20260725_082521,C3_clean_lap_v1,,,759.0,364.0,22.0,22.0,22.0,small,177,170,none,0,,,
S1_futsal_C3clean_20260725_082521_f002840.jpg,S1_futsal_C3clean_20260725_082521,C3_clean_lap_v1,,,772.1,366.52,24.54,17.22,20.56,small,179,170,none,0,,,
S1_futsal_C3clean_20260725_082521_f002848.jpg,S1_futsal_C3clean_20260725_082521,C3_clean_lap_v1,,,785.0,367.0,27.0,16.0,20.78,small,180,170,none,0,,,
S1_futsal_C3clean_20260725_082521_f002856.jpg,S1_futsal_C3clean_20260725_082521,C3_clean_lap_v1,,,799.0,367.0,25.0,18.0,21.21,small,182,170,none,0,,,
S1_futsal_C3clean_20260725_082521_f002864.jpg,S1_futsal_C3clean_20260725_082521,C3_clean_lap_v1,,,813.82,368.49,26.55,19.04,22.49,small,184,170,none,0,,,
S1_futsal_C3clean_20260725_082521_f002872.jpg,S1_futsal_C3clean_20260725_082521,C3_clean_lap_v1,,,829.0,367.0,24.0,18.0,20.78,small,181,170,none,0,,,
S1_futsal_C3clean_20260725_082521_f002880.jpg,S1_futsal_C3clean_20260725_082521,C3_clean_lap_v1,,,842.0,366.0,27.0,16.0,20.78,small,181,170,none,0,,,
S1_futsal_C3clean_20260725_082521_f002888.jpg,S1_futsal_C3clean_20260725_082521,C3_clean_lap_v1,,,858.0,365.0,27.0,16.0,20.78,small,179,170,none,0,,,
S1_futsal_C3clean_20260725_082521_f002896.jpg,S1_futsal_C3clean_20260725_082521,C3_clean_lap_v1,,,874.0,362.0,25.0,16.0,20.0,small,180,170,none,0,,,
S1_futsal_C3clean_20260725_082521_f002904.jpg,S1_futsal_C3clean_20260725_082521,C3_clean_lap_v1,,,882.0,363.0,28.0,18.0,22.45,small,180,171,none,0,,,
S1_futsal_C3clean_20260725_082521_f002912.jpg,S1_futsal_C3clean_20260725_082521,C3_clean_lap_v1,,,891.0,361.0,25.0,19.0,21.79,small,180,171,none,0,,,
S1_futsal_C3clean_20260725_082521_f002920.jpg,S1_futsal_C3clean_20260725_082521,C3_clean_lap_v1,,blur_moderate,861.0,358.0,21.0,21.0,21.0,small,182,172,none,0,,,
S1_futsal_C3clean_20260725_082521_f002928.jpg,S1_futsal_C3clean_20260725_082521,C3_clean_lap_v1,,,775.0,353.0,24.0,16.0,19.6,small,180,175,none,0,,,
S1_futsal_C3clean_20260725_082521_f002936.jpg,S1_futsal_C3clean_20260725_082521,C3_clean_lap_v1,,,693.52,350.26,29.82,15.46,21.47,small,181,-178,none,0,,,
S1_futsal_C3clean_20260725_082521_f002944.jpg,S1_futsal_C3clean_20260725_082521,C3_clean_lap_v1,,,651.86,349.54,23.53,15.46,19.07,small,181,-175,none,0,,,
S1_futsal_C3clean_20260725_082521_f002952.jpg,S1_futsal_C3clean_20260725_082521,C3_clean_lap_v1,,,649.0,349.0,22.0,14.0,17.55,small,178,-175,none,0,,,
S1_futsal_C3clean_20260725_082521_f002960.jpg,S1_futsal_C3clean_20260725_082521,C3_clean_lap_v1,,,648.0,347.0,22.0,15.0,18.17,small,181,-175,none,0,,,
S1_futsal_C3clean_20260725_082521_f002968.jpg,S1_futsal_C3clean_20260725_082521,C3_clean_lap_v1,,,645.0,348.0,22.0,15.0,18.17,small,181,-175,none,0,,,
S1_futsal_C3clean_20260725_082521_f002976.jpg,S1_futsal_C3clean_20260725_082521,C3_clean_lap_v1,,,642.0,348.0,27.0,15.0,20.12,small,182,-175,none,0,,,
S1_futsal_C3clean_20260725_082521_f002984.jpg,S1_futsal_C3clean_20260725_082521,C3_clean_lap_v1,,,643.31,349.59,23.78,14.62,18.65,small,182,-175,none,0,,,
S1_futsal_C3clean_20260725_082521_f002992.jpg,S1_futsal_C3clean_20260725_082521,C3_clean_lap_v1,,,644.12,349.77,22.49,14.88,18.29,small,183,-175,none,0,,,
S1_futsal_C3clean_20260725_082521_f003000.jpg,S1_futsal_C3clean_20260725_082521,C3_clean_lap_v1,,,641.11,349.22,24.59,15.95,19.8,small,181,-175,none,0,,,
S1_futsal_C3clean_20260725_082521_f003008.jpg,S1_futsal_C3clean_20260725_082521,C3_clean_lap_v1,,,638.83,349.51,25.9,16.21,20.49,small,182,-175,none,0,,,
S1_futsal_C3clean_20260725_082521_f003016.jpg,S1_futsal_C3clean_20260725_082521,C3_clean_lap_v1,,,637.97,349.87,27.23,16.31,21.07,small,184,-175,none,0,,,
S1_futsal_C3clean_20260725_082521_f003024.jpg,S1_futsal_C3clean_20260725_082521,C3_clean_lap_v1,,,642.95,350.26,27.18,16.56,21.21,small,182,-175,none,0,,,
S1_futsal_C3clean_20260725_082521_f003032.jpg,S1_futsal_C3clean_20260725_082521,C3_clean_lap_v1,,,651.98,350.36,25.44,15.67,19.97,small,182,-175,none,0,,,
S1_futsal_C3clean_20260725_082521_f003040.jpg,S1_futsal_C3clean_20260725_082521,C3_clean_lap_v1,,,654.14,349.67,33.36,15.3,22.59,small,183,-175,none,0,,,
S1_futsal_C3clean_20260725_082521_f003048.jpg,S1_futsal_C3clean_20260725_082521,C3_clean_lap_v1,,,675.0,348.0,21.0,18.0,19.44,small,184,-175,none,0,,,
S1_futsal_C3clean_20260725_082521_f003056.jpg,S1_futsal_C3clean_20260725_082521,C3_clean_lap_v1,,,685.0,350.0,24.0,16.0,19.6,small,185,-175,none,0,,,
S1_futsal_C3clean_20260725_082521_f003064.jpg,S1_futsal_C3clean_20260725_082521,C3_clean_lap_v1,,,698.0,350.0,22.0,14.0,17.55,small,183,-175,none,0,,,
S1_futsal_C3clean_20260725_082521_f003072.jpg,S1_futsal_C3clean_20260725_082521,C3_clean_lap_v1,,,711.0,346.0,21.0,19.0,19.98,small,183,-175,none,0,,,
S1_futsal_C3clean_20260725_082521_f003080.jpg,S1_futsal_C3clean_20260725_082521,C3_clean_lap_v1,,,721.0,345.0,25.0,14.0,18.71,small,183,-175,none,0,,,
S1_futsal_C3clean_20260725_082521_f003088.jpg,S1_futsal_C3clean_20260725_082521,C3_clean_lap_v1,,,734.0,340.0,25.0,16.0,20.0,small,180,-175,none,0,,,
S1_futsal_C3clean_20260725_082521_f003096.jpg,S1_futsal_C3clean_20260725_082521,C3_clean_lap_v1,,,745.47,337.87,26.14,15.73,20.28,small,176,-175,none,0,,,
S1_futsal_C3clean_20260725_082521_f003104.jpg,S1_futsal_C3clean_20260725_082521,C3_clean_lap_v1,,,751.98,336.05,34.01,17.61,24.47,small,175,-175,none,0,,,
S1_futsal_C3clean_20260725_082521_f003112.jpg,S1_futsal_C3clean_20260725_082521,C3_clean_lap_v1,,,773.33,336.59,27.9,15.72,20.94,small,174,-175,none,0,,,
S1_futsal_C3clean_20260725_082521_f003120.jpg,S1_futsal_C3clean_20260725_082521,C3_clean_lap_v1,,,785.53,337.22,27.0,16.95,21.39,small,177,-175,none,0,,,
S1_futsal_C3clean_20260725_082521_f003128.jpg,S1_futsal_C3clean_20260725_082521,C3_clean_lap_v1,,,796.83,336.49,29.71,17.04,22.5,small,176,-175,none,0,,,
S1_futsal_C3clean_20260725_082521_f003136.jpg,S1_futsal_C3clean_20260725_082521,C3_clean_lap_v1,,,807.0,337.0,31.0,15.0,21.56,small,178,-175,none,0,,,
S1_futsal_C3clean_20260725_082521_f003144.jpg,S1_futsal_C3clean_20260725_082521,C3_clean_lap_v1,,,820.0,340.0,30.0,12.0,18.97,small,179,-175,none,0,,,
S1_futsal_C3clean_20260725_082521_f003152.jpg,S1_futsal_C3clean_20260725_082521,C3_clean_lap_v1,,,833.0,340.0,31.0,16.0,22.27,small,180,-175,none,0,,,
S1_futsal_C3clean_20260725_082521_f003160.jpg,S1_futsal_C3clean_20260725_082521,C3_clean_lap_v1,,,852.0,339.0,25.0,18.0,21.21,small,179,-175,none,0,,,
S1_futsal_C3clean_20260725_082521_f003168.jpg,S1_futsal_C3clean_20260725_082521,C3_clean_lap_v1,,,863.0,341.0,29.0,21.0,24.68,small,178,-175,none,0,,,
S1_futsal_C3clean_20260725_082521_f003176.jpg,S1_futsal_C3clean_20260725_082521,C3_clean_lap_v1,,,875.0,339.0,28.0,16.0,21.17,small,181,-175,none,0,,,
S1_futsal_C3clean_20260725_082521_f003184.jpg,S1_futsal_C3clean_20260725_082521,C3_clean_lap_v1,,,881.0,338.0,33.0,15.0,22.25,small,182,-175,none,0,,,
S1_futsal_C3clean_20260725_082521_f003192.jpg,S1_futsal_C3clean_20260725_082521,C3_clean_lap_v1,,,856.0,336.0,24.0,16.0,19.6,small,179,-172,none,0,,,
S1_futsal_C3clean_20260725_082521_f003200.jpg,S1_futsal_C3clean_20260725_082521,C3_clean_lap_v1,,blur_moderate,765.0,329.0,28.0,15.0,20.49,small,183,-167,none,0,,,
S1_futsal_C3clean_20260725_082521_f003208.jpg,S1_futsal_C3clean_20260725_082521,C3_clean_lap_v1,,blur_moderate,699.89,327.2,40.49,15.13,24.76,small,180,-164,none,0,,,
S1_futsal_C3clean_20260725_082521_f003216.jpg,S1_futsal_C3clean_20260725_082521,C3_clean_lap_v1,,,654.0,325.0,33.0,14.0,21.49,small,183,-161,none,0,,,
S1_futsal_C3clean_20260725_082521_f003224.jpg,S1_futsal_C3clean_20260725_082521,C3_clean_lap_v1,,,648.0,325.0,25.0,13.0,18.03,small,183,-160,none,0,,,
S1_futsal_C3clean_20260725_082521_f003232.jpg,S1_futsal_C3clean_20260725_082521,C3_clean_lap_v1,,,643.0,324.0,28.0,13.0,19.08,small,182,-160,none,0,,,
S1_futsal_C3clean_20260725_082521_f003240.jpg,S1_futsal_C3clean_20260725_082521,C3_clean_lap_v1,,,642.0,325.0,31.0,13.0,20.08,small,183,-160,none,0,,,
S1_futsal_C3clean_20260725_082521_f003248.jpg,S1_futsal_C3clean_20260725_082521,C3_clean_lap_v1,,,645.58,326.03,28.81,14.39,20.36,small,183,-160,none,0,,,
S1_futsal_C3clean_20260725_082521_f003256.jpg,S1_futsal_C3clean_20260725_082521,C3_clean_lap_v1,,,651.0,324.0,27.0,13.0,18.74,small,182,-160,none,0,,,
S1_futsal_C3clean_20260725_082521_f003264.jpg,S1_futsal_C3clean_20260725_082521,C3_clean_lap_v1,,,660.0,325.0,28.0,13.0,19.08,small,183,-160,none,0,,,
S1_futsal_C3clean_20260725_082521_f003272.jpg,S1_futsal_C3clean_20260725_082521,C3_clean_lap_v1,,,675.0,324.0,25.0,19.0,21.79,small,181,-160,none,0,,,
S1_futsal_C3clean_20260725_082521_f003280.jpg,S1_futsal_C3clean_20260725_082521,C3_clean_lap_v1,,,683.08,323.67,23.96,15.22,19.1,small,182,-160,none,0,,,
S1_futsal_C3clean_20260725_082521_f003288.jpg,S1_futsal_C3clean_20260725_082521,C3_clean_lap_v1,,,691.64,323.25,29.4,14.93,20.95,small,182,-160,none,0,,,
S1_futsal_C3clean_20260725_082521_f003296.jpg,S1_futsal_C3clean_20260725_082521,C3_clean_lap_v1,,,704.22,322.95,28.53,14.28,20.18,small,181,-160,none,0,,,
S1_futsal_C3clean_20260725_082521_f003304.jpg,S1_futsal_C3clean_20260725_082521,C3_clean_lap_v1,,,719.35,324.05,25.32,13.8,18.69,small,179,-160,none,0,,,
S1_futsal_C3clean_20260725_082521_f003312.jpg,S1_futsal_C3clean_20260725_082521,C3_clean_lap_v1,,,728.24,322.87,29.14,14.59,20.62,small,181,-160,none,0,,,
S1_futsal_C3clean_20260725_082521_f003320.jpg,S1_futsal_C3clean_20260725_082521,C3_clean_lap_v1,,,738.0,321.0,28.0,16.0,21.17,small,181,-160,none,0,,,
S1_futsal_C3clean_20260725_082521_f003328.jpg,S1_futsal_C3clean_20260725_082521,C3_clean_lap_v1,,,751.0,321.0,29.0,18.0,22.85,small,181,-160,none,0,,,
S1_futsal_C3clean_20260725_082521_f003336.jpg,S1_futsal_C3clean_20260725_082521,C3_clean_lap_v1,,,764.0,326.0,29.0,16.0,21.54,small,182,-160,none,0,,,
S1_futsal_C3clean_20260725_082521_f003344.jpg,S1_futsal_C3clean_20260725_082521,C3_clean_lap_v1,,,771.0,325.0,31.0,13.0,20.08,small,181,-160,none,0,,,
S1_futsal_C3clean_20260725_082521_f003352.jpg,S1_futsal_C3clean_20260725_082521,C3_clean_lap_v1,,,783.91,323.98,32.26,14.28,21.47,small,179,-160,none,0,,,
S1_futsal_C3clean_20260725_082521_f003360.jpg,S1_futsal_C3clean_20260725_082521,C3_clean_lap_v1,,,796.0,325.0,30.0,13.0,19.75,small,182,-160,none,0,,,
S1_futsal_C3clean_20260725_082521_f003368.jpg,S1_futsal_C3clean_20260725_082521,C3_clean_lap_v1,,,805.0,325.0,30.0,13.0,19.75,small,181,-160,none,0,,,
S1_futsal_C3clean_20260725_082521_f003376.jpg,S1_futsal_C3clean_20260725_082521,C3_clean_lap_v1,,,811.0,325.0,36.0,13.0,21.63,small,182,-160,none,0,,,
S1_futsal_C3clean_20260725_082521_f003384.jpg,S1_futsal_C3clean_20260725_082521,C3_clean_lap_v1,,,799.0,324.0,36.0,13.0,21.63,small,183,-159,none,0,,,
S1_futsal_C3clean_20260725_082521_f003392.jpg,S1_futsal_C3clean_20260725_082521,C3_clean_lap_v1,,blur_heavy,730.0,318.0,36.0,13.0,21.63,small,179,-155,none,0,,,
S1_futsal_C3clean_20260725_082521_f003400.jpg,S1_futsal_C3clean_20260725_082521,C3_clean_lap_v1,,blur_moderate,667.18,317.3,35.5,14.03,22.31,small,182,-151,none,0,,,
S1_futsal_C3clean_20260725_082521_f003408.jpg,S1_futsal_C3clean_20260725_082521,C3_clean_lap_v1,,,617.07,316.96,25.75,13.45,18.61,small,47,-148,none,0,,,
S1_futsal_C3clean_20260725_082521_f003416.jpg,S1_futsal_C3clean_20260725_082521,C3_clean_lap_v1,,,612.86,316.04,29.69,12.92,19.58,small,44,-148,none,0,,,
S1_futsal_C3clean_20260725_082521_f003424.jpg,S1_futsal_C3clean_20260725_082521,C3_clean_lap_v1,,,612.16,314.62,31.06,14.46,21.19,small,48,-148,none,0,,,
S1_futsal_C3clean_20260725_082521_f003432.jpg,S1_futsal_C3clean_20260725_082521,C3_clean_lap_v1,,,607.13,316.58,34.37,14.77,22.53,small,181,-148,none,0,,,
S1_futsal_C3clean_20260725_082521_f003440.jpg,S1_futsal_C3clean_20260725_082521,C3_clean_lap_v1,,,606.58,317.05,37.11,14.21,22.97,small,186,-148,none,0,,,
S1_futsal_C3clean_20260725_082521_f003448.jpg,S1_futsal_C3clean_20260725_082521,C3_clean_lap_v1,,,614.0,317.0,39.0,13.0,22.52,small,185,-148,none,0,,,
S1_futsal_C3clean_20260725_082521_f003456.jpg,S1_futsal_C3clean_20260725_082521,C3_clean_lap_v1,,,623.07,317.22,32.96,14.56,21.9,small,185,-148,none,0,,,
S1_futsal_C3clean_20260725_082521_f003464.jpg,S1_futsal_C3clean_20260725_082521,C3_clean_lap_v1,,,631.0,317.0,30.0,13.0,19.75,small,186,-148,none,0,,,
S1_futsal_C3clean_20260725_082521_f003472.jpg,S1_futsal_C3clean_20260725_082521,C3_clean_lap_v1,,,646.0,318.0,36.0,14.0,22.45,small,185,-148,none,0,,,
S1_futsal_C3clean_20260725_082521_f003480.jpg,S1_futsal_C3clean_20260725_082521,C3_clean_lap_v1,,,659.51,320.93,28.35,13.99,19.91,small,185,-148,none,0,,,
S1_futsal_C3clean_20260725_082521_f003488.jpg,S1_futsal_C3clean_20260725_082521,C3_clean_lap_v1,,,670.0,322.0,30.0,12.0,18.97,small,190,-148,none,0,,,
S1_futsal_C3clean_20260725_082521_f003496.jpg,S1_futsal_C3clean_20260725_082521,C3_clean_lap_v1,,,681.63,323.61,31.39,14.01,20.97,small,188,-148,none,0,,,
S1_futsal_C3clean_20260725_082521_f003504.jpg,S1_futsal_C3clean_20260725_082521,C3_clean_lap_v1,,,692.67,323.82,30.43,14.65,21.12,small,183,-148,none,0,,,
S1_futsal_C3clean_20260725_082521_f003512.jpg,S1_futsal_C3clean_20260725_082521,C3_clean_lap_v1,,,703.0,325.0,34.0,13.0,21.02,small,185,-148,none,0,,,
S1_futsal_C3clean_20260725_082521_f003520.jpg,S1_futsal_C3clean_20260725_082521,C3_clean_lap_v1,,,717.8,325.36,29.64,12.97,19.61,small,192,-148,none,0,,,
S1_futsal_C3clean_20260725_082521_f003528.jpg,S1_futsal_C3clean_20260725_082521,C3_clean_lap_v1,,,730.93,326.16,31.81,14.93,21.79,small,194,-148,none,0,,,
S1_futsal_C3clean_20260725_082521_f003536.jpg,S1_futsal_C3clean_20260725_082521,C3_clean_lap_v1,,,747.0,325.0,27.0,12.0,18.0,small,195,-148,none,0,,,
S1_futsal_C3clean_20260725_082521_f003544.jpg,S1_futsal_C3clean_20260725_082521,C3_clean_lap_v1,,,756.0,317.0,34.0,24.0,28.57,small,193,-148,none,0,,,
S1_futsal_C3clean_20260725_082521_f003552.jpg,S1_futsal_C3clean_20260725_082521,C3_clean_lap_v1,,,768.0,317.0,31.0,20.0,24.9,small,188,-148,none,0,,,
S1_futsal_C3clean_20260725_082521_f003560.jpg,S1_futsal_C3clean_20260725_082521,C3_clean_lap_v1,,,781.0,313.0,28.0,20.0,23.66,small,184,-148,none,0,,,
S1_futsal_C3clean_20260725_082521_f003568.jpg,S1_futsal_C3clean_20260725_082521,C3_clean_lap_v1,,,789.0,316.0,33.0,13.0,20.71,small,183,-148,none,0,,,
S1_futsal_C3clean_20260725_082521_f003576.jpg,S1_futsal_C3clean_20260725_082521,C3_clean_lap_v1,,,795.0,316.0,34.0,15.0,22.58,small,183,-148,none,0,,,
S1_futsal_C3clean_20260725_082521_f003584.jpg,S1_futsal_C3clean_20260725_082521,C3_clean_lap_v1,,,805.0,317.0,30.0,13.0,19.75,small,186,-148,none,0,,,
S1_futsal_C3clean_20260725_082521_f003592.jpg,S1_futsal_C3clean_20260725_082521,C3_clean_lap_v1,,,800.0,318.0,34.0,13.0,21.02,small,187,-148,none,0,,,
S1_futsal_C3clean_20260725_082521_f003600.jpg,S1_futsal_C3clean_20260725_082521,C3_clean_lap_v1,,,791.0,316.0,34.0,21.0,26.72,small,186,-148,none,0,,,
S1_futsal_C3clean_20260725_082521_f003608.jpg,S1_futsal_C3clean_20260725_082521,C3_clean_lap_v1,,blur_heavy,786.0,316.0,31.0,20.0,24.9,small,185,-148,none,0,,,
S1_futsal_C3clean_20260725_082521_f003616.jpg,S1_futsal_C3clean_20260725_082521,C3_clean_lap_v1,,,783.0,317.0,31.0,18.0,23.62,small,184,-148,none,0,,,
S1_futsal_C3clean_20260725_082521_f003624.jpg,S1_futsal_C3clean_20260725_082521,C3_clean_lap_v1,,,782.0,317.0,33.0,21.0,26.33,small,185,-148,none,0,,,
S1_futsal_C3clean_20260725_082521_f003632.jpg,S1_futsal_C3clean_20260725_082521,C3_clean_lap_v1,,,786.0,324.0,25.0,14.0,18.71,small,186,-148,none,0,,,
S1_futsal_C3clean_20260725_082521_f003640.jpg,S1_futsal_C3clean_20260725_082521,C3_clean_lap_v1,,,788.0,325.0,28.0,14.0,19.8,small,186,-148,none,0,,,
S1_futsal_C3clean_20260725_082521_f003648.jpg,S1_futsal_C3clean_20260725_082521,C3_clean_lap_v1,,,785.0,326.0,34.0,14.0,21.82,small,187,-148,none,0,,,
S1_futsal_C3clean_20260725_082521_f003656.jpg,S1_futsal_C3clean_20260725_082521,C3_clean_lap_v1,,,791.0,327.0,31.0,14.0,20.83,small,185,-148,none,0,,,
S1_futsal_C3clean_20260725_082521_f003664.jpg,S1_futsal_C3clean_20260725_082521,C3_clean_lap_v1,,,796.2,331.46,33.72,12.88,20.84,small,187,-148,none,0,,,
S1_futsal_C3clean_20260725_082521_f003672.jpg,S1_futsal_C3clean_20260725_082521,C3_clean_lap_v1,,,799.48,333.33,35.37,16.92,24.46,small,185,-148,none,0,,,
S1_futsal_C3clean_20260725_082521_f003680.jpg,S1_futsal_C3clean_20260725_082521,C3_clean_lap_v1,,,802.07,334.38,35.0,15.72,23.46,small,186,-148,none,0,,,
S1_futsal_C3clean_20260725_082521_f003688.jpg,S1_futsal_C3clean_20260725_082521,C3_clean_lap_v1,,,804.45,337.47,36.38,15.54,23.78,small,181,-148,none,0,,,
S1_futsal_C3clean_20260725_082521_f003696.jpg,S1_futsal_C3clean_20260725_082521,C3_clean_lap_v1,,,809.69,341.07,36.24,15.1,23.39,small,144,-148,none,0,,,
S1_futsal_C3clean_20260725_082521_f003704.jpg,S1_futsal_C3clean_20260725_082521,C3_clean_lap_v1,,,812.71,346.31,35.27,16.07,23.81,small,129,-148,none,0,,,
S1_futsal_C3clean_20260725_082521_f003712.jpg,S1_futsal_C3clean_20260725_082521,C3_clean_lap_v1,,,815.69,351.1,37.37,17.59,25.64,small,190,-148,none,0,,,
S1_futsal_C3clean_20260725_082521_f003720.jpg,S1_futsal_C3clean_20260725_082521,C3_clean_lap_v1,,,820.76,356.07,39.96,18.67,27.32,small,198,-148,none,0,,,
S1_futsal_C3clean_20260725_082521_f003728.jpg,S1_futsal_C3clean_20260725_082521,C3_clean_lap_v1,,,824.79,359.13,38.35,19.62,27.43,small,199,-148,none,0,,,
S1_futsal_C3clean_20260725_082521_f003736.jpg,S1_futsal_C3clean_20260725_082521,C3_clean_lap_v1,,,829.14,363.38,36.62,17.18,25.08,small,201,-148,none,0,,,
S1_futsal_C3clean_20260725_082521_f003744.jpg,S1_futsal_C3clean_20260725_082521,C3_clean_lap_v1,,blur_heavy,829.14,363.76,42.24,21.07,29.84,small,197,-148,none,0,,,
S1_futsal_C3clean_20260725_082521_f003752.jpg,S1_futsal_C3clean_20260725_082521,C3_clean_lap_v1,,,839.01,366.34,39.63,18.72,27.24,small,194,-148,none,0,,,
S1_futsal_C3clean_20260725_082521_f003760.jpg,S1_futsal_C3clean_20260725_082521,C3_clean_lap_v1,,,847.64,367.4,41.64,18.97,28.11,small,195,-148,none,0,,,
S1_futsal_C3clean_20260725_082521_f003768.jpg,S1_futsal_C3clean_20260725_082521,C3_clean_lap_v1,,,862.44,368.07,39.55,18.6,27.12,small,194,-148,none,0,,,
S1_futsal_C3clean_20260725_082521_f003776.jpg,S1_futsal_C3clean_20260725_082521,C3_clean_lap_v1,,,872.08,367.69,41.55,19.17,28.22,small,192,-148,none,0,,,
S1_futsal_C3clean_20260725_082521_f003784.jpg,S1_futsal_C3clean_20260725_082521,C3_clean_lap_v1,,,889.25,369.55,41.07,17.12,26.52,small,195,-148,none,0,,,
S1_futsal_C3clean_20260725_082521_f003792.jpg,S1_futsal_C3clean_20260725_082521,C3_clean_lap_v1,,,899.71,370.26,42.01,17.35,27.0,small,193,-148,none,0,,,
S1_futsal_C3clean_20260725_082521_f003800.jpg,S1_futsal_C3clean_20260725_082521,C3_clean_lap_v1,,,910.0,369.0,42.0,15.0,25.1,small,193,-148,none,0,,,
S1_futsal_C3clean_20260725_082521_f003808.jpg,S1_futsal_C3clean_20260725_082521,C3_clean_lap_v1,,,895.87,368.95,42.04,17.66,27.25,small,191,-148,none,0,,,
S1_futsal_C3clean_20260725_082521_f003816.jpg,S1_futsal_C3clean_20260725_082521,C3_clean_lap_v1,,,828.29,364.87,39.39,18.72,27.15,small,193,-143,none,0,,,
S1_futsal_C3clean_20260725_082521_f003824.jpg,S1_futsal_C3clean_20260725_082521,C3_clean_lap_v1,,blur_heavy,769.97,362.1,41.71,18.86,28.05,small,191,-139,none,0,,,
S1_futsal_C3clean_20260725_082521_f003832.jpg,S1_futsal_C3clean_20260725_082521,C3_clean_lap_v1,,,735.46,362.22,39.62,18.19,26.85,small,191,-138,none,0,,,
S1_futsal_C3clean_20260725_082521_f003840.jpg,S1_futsal_C3clean_20260725_082521,C3_clean_lap_v1,,blur_moderate,733.54,363.56,38.31,17.9,26.19,small,191,-138,none,0,,,
S1_futsal_C3clean_20260725_082521_f003848.jpg,S1_futsal_C3clean_20260725_082521,C3_clean_lap_v1,,blur_moderate,732.59,366.55,36.43,18.39,25.88,small,112,-138,none,0,,,
S1_futsal_C3clean_20260725_082521_f003856.jpg,S1_futsal_C3clean_20260725_082521,C3_clean_lap_v1,,,732.4,370.38,37.41,19.36,26.91,small,146,-138,none,0,,,
S1_futsal_C3clean_20260725_082521_f003864.jpg,S1_futsal_C3clean_20260725_082521,C3_clean_lap_v1,,,733.0,373.69,37.61,18.01,26.03,small,203,-138,none,0,,,
S1_futsal_C3clean_20260725_082521_f003872.jpg,S1_futsal_C3clean_20260725_082521,C3_clean_lap_v1,,,734.21,377.47,41.23,20.69,29.21,small,208,-138,none,0,,,
S1_futsal_C3clean_20260725_082521_f003880.jpg,S1_futsal_C3clean_20260725_082521,C3_clean_lap_v1,,,737.37,381.55,40.42,17.76,26.79,small,206,-138,none,0,,,
S1_futsal_C3clean_20260725_082521_f003888.jpg,S1_futsal_C3clean_20260725_082521,C3_clean_lap_v1,,,739.45,383.12,42.27,20.53,29.46,small,211,-138,none,0,,,
S1_futsal_C3clean_20260725_082521_f003896.jpg,S1_futsal_C3clean_20260725_082521,C3_clean_lap_v1,,,745.12,388.03,39.55,20.53,28.5,small,206,-138,none,0,,,
S1_futsal_C3clean_20260725_082521_f003904.jpg,S1_futsal_C3clean_20260725_082521,C3_clean_lap_v1,,,747.21,390.05,40.29,20.38,28.65,small,209,-138,none,0,,,
S1_futsal_C3clean_20260725_082521_f003912.jpg,S1_futsal_C3clean_20260725_082521,C3_clean_lap_v1,,,751.29,395.17,42.76,21.15,30.07,small,205,-138,none,0,,,
S1_futsal_C3clean_20260725_082521_f003920.jpg,S1_futsal_C3clean_20260725_082521,C3_clean_lap_v1,,,753.75,398.78,43.26,22.18,30.98,small,204,-138,none,0,,,
S1_futsal_C3clean_20260725_082521_f003928.jpg,S1_futsal_C3clean_20260725_082521,C3_clean_lap_v1,,,757.61,403.85,44.02,23.35,32.06,medium,207,-138,none,0,,,
S1_futsal_C3clean_20260725_082521_f003936.jpg,S1_futsal_C3clean_20260725_082521,C3_clean_lap_v1,,,762.12,411.09,43.85,21.87,30.97,small,208,-138,none,0,,,
S1_futsal_C3clean_20260725_082521_f003944.jpg,S1_futsal_C3clean_20260725_082521,C3_clean_lap_v1,,,765.52,415.78,44.3,23.31,32.14,medium,210,-138,none,0,,,
S1_futsal_C3clean_20260725_082521_f003952.jpg,S1_futsal_C3clean_20260725_082521,C3_clean_lap_v1,,,769.38,419.51,44.81,23.97,32.77,medium,205,-138,none,0,,,
S1_futsal_C3clean_20260725_082521_f003960.jpg,S1_futsal_C3clean_20260725_082521,C3_clean_lap_v1,,,773.0,424.88,46.92,24.31,33.77,medium,204,-138,none,0,,,
S1_futsal_C3clean_20260725_082521_f003968.jpg,S1_futsal_C3clean_20260725_082521,C3_clean_lap_v1,,,778.95,430.52,44.37,23.95,32.6,medium,205,-138,none,0,,,
S1_futsal_C3clean_20260725_082521_f003976.jpg,S1_futsal_C3clean_20260725_082521,C3_clean_lap_v1,,,779.81,434.17,49.62,25.41,35.51,medium,203,-138,none,0,,,
S1_futsal_C3clean_20260725_082521_f003984.jpg,S1_futsal_C3clean_20260725_082521,C3_clean_lap_v1,,blur_heavy,783.11,438.16,50.79,27.82,37.59,medium,203,-138,none,0,,,
S1_futsal_C3clean_20260725_082521_f003992.jpg,S1_futsal_C3clean_20260725_082521,C3_clean_lap_v1,,,789.16,442.85,50.73,26.78,36.86,medium,204,-138,none,0,,,
S1_futsal_C3clean_20260725_082521_f004000.jpg,S1_futsal_C3clean_20260725_082521,C3_clean_lap_v1,,,801.58,446.51,51.23,25.91,36.43,medium,203,-138,none,0,,,
S1_futsal_C3clean_20260725_082521_f004008.jpg,S1_futsal_C3clean_20260725_082521,C3_clean_lap_v1,,,814.21,448.08,52.31,28.22,38.42,medium,204,-138,none,0,,,
S1_futsal_C3clean_20260725_082521_f004016.jpg,S1_futsal_C3clean_20260725_082521,C3_clean_lap_v1,,,833.27,448.11,50.4,29.45,38.53,medium,205,-138,none,0,,,
S1_futsal_C3clean_20260725_082521_f004024.jpg,S1_futsal_C3clean_20260725_082521,C3_clean_lap_v1,,,849.48,449.62,52.72,27.76,38.25,medium,206,-138,none,0,,,
S1_futsal_C3clean_20260725_082521_f004032.jpg,S1_futsal_C3clean_20260725_082521,C3_clean_lap_v1,,blur_moderate,870.92,448.73,54.3,29.16,39.79,medium,202,-138,none,0,,,
S1_futsal_C3clean_20260725_082521_f004040.jpg,S1_futsal_C3clean_20260725_082521,C3_clean_lap_v1,,,869.09,445.24,55.72,35.29,44.35,medium,202,-138,none,0,,,
S1_futsal_C3clean_20260725_082521_f004048.jpg,S1_futsal_C3clean_20260725_082521,C3_clean_lap_v1,,,762.0,430.0,51.0,30.0,39.12,medium,205,-129,none,0,,,
S1_futsal_C3clean_20260725_082521_f004056.jpg,S1_futsal_C3clean_20260725_082521,C3_clean_lap_v1,,,705.0,428.0,52.0,28.0,38.16,medium,202,-126,none,0,,,
S1_futsal_C3clean_20260725_082521_f004064.jpg,S1_futsal_C3clean_20260725_082521,C3_clean_lap_v1,,,700.48,426.24,46.41,25.66,34.51,medium,205,-126,none,0,,,
S1_futsal_C3clean_20260725_082521_f004072.jpg,S1_futsal_C3clean_20260725_082521,C3_clean_lap_v1,,,696.47,426.88,46.12,25.01,33.96,medium,201,-126,none,0,,,
S1_futsal_C3clean_20260725_082521_f004080.jpg,S1_futsal_C3clean_20260725_082521,C3_clean_lap_v1,,,711.77,428.18,46.02,22.97,32.51,medium,204,-126,none,0,,,
S1_futsal_C3clean_20260725_082521_f004088.jpg,S1_futsal_C3clean_20260725_082521,C3_clean_lap_v1,,,732.15,429.74,45.21,22.69,32.03,medium,205,-126,none,0,,,
S1_futsal_C3clean_20260725_082521_f004096.jpg,S1_futsal_C3clean_20260725_082521,C3_clean_lap_v1,,,753.22,430.59,46.52,23.13,32.81,medium,204,-126,none,0,,,
S1_futsal_C3clean_20260725_082521_f004104.jpg,S1_futsal_C3clean_20260725_082521,C3_clean_lap_v1,,,777.05,432.03,46.57,22.72,32.52,medium,206,-126,none,0,,,
S1_futsal_C3clean_20260725_082521_f004112.jpg,S1_futsal_C3clean_20260725_082521,C3_clean_lap_v1,,,798.8,431.78,51.45,22.62,34.12,medium,206,-126,none,0,,,
S1_futsal_C3clean_20260725_082521_f004120.jpg,S1_futsal_C3clean_20260725_082521,C3_clean_lap_v1,,blur_moderate,734.83,424.74,46.95,21.16,31.52,small,205,-120,none,0,,,
S1_futsal_C3clean_20260725_082521_f004128.jpg,S1_futsal_C3clean_20260725_082521,C3_clean_lap_v1,,blur_moderate,654.23,416.83,45.14,22.45,31.83,small,208,-116,none,0,,,
S1_futsal_C3clean_20260725_082521_f004136.jpg,S1_futsal_C3clean_20260725_082521,C3_clean_lap_v1,,blur_heavy,572.37,412.5,42.69,20.14,29.32,small,205,-111,none,0,,,
S1_futsal_C3clean_20260725_082521_f004144.jpg,S1_futsal_C3clean_20260725_082521,C3_clean_lap_v1,,,540.62,410.03,42.26,19.37,28.61,small,200,-109,none,0,,,
S1_futsal_C3clean_20260725_082521_f004152.jpg,S1_futsal_C3clean_20260725_082521,C3_clean_lap_v1,,,535.75,408.85,45.01,20.72,30.54,small,205,-109,none,0,,,
S1_futsal_C3clean_20260725_082521_f004160.jpg,S1_futsal_C3clean_20260725_082521,C3_clean_lap_v1,,,535.51,412.23,42.72,18.68,28.25,small,204,-109,none,0,,,
S1_futsal_C3clean_20260725_082521_f004168.jpg,S1_futsal_C3clean_20260725_082521,C3_clean_lap_v1,,,538.05,412.59,41.47,19.47,28.41,small,204,-109,none,0,,,
S1_futsal_C3clean_20260725_082521_f004176.jpg,S1_futsal_C3clean_20260725_082521,C3_clean_lap_v1,,,545.89,413.34,43.73,19.58,29.26,small,206,-109,none,0,,,
S1_futsal_C3clean_20260725_082521_f004184.jpg,S1_futsal_C3clean_20260725_082521,C3_clean_lap_v1,,,558.0,414.5,43.34,19.87,29.35,small,206,-109,none,0,,,
S1_futsal_C3clean_20260725_082521_f004192.jpg,S1_futsal_C3clean_20260725_082521,C3_clean_lap_v1,,,573.31,415.07,42.64,20.16,29.32,small,208,-109,none,0,,,
S1_futsal_C3clean_20260725_082521_f004200.jpg,S1_futsal_C3clean_20260725_082521,C3_clean_lap_v1,,,588.96,414.66,42.46,20.42,29.45,small,207,-109,none,0,,,
S1_futsal_C3clean_20260725_082521_f004208.jpg,S1_futsal_C3clean_20260725_082521,C3_clean_lap_v1,,,601.42,414.82,42.5,20.01,29.16,small,201,-109,none,0,,,
S1_futsal_C3clean_20260725_082521_f004216.jpg,S1_futsal_C3clean_20260725_082521,C3_clean_lap_v1,,,618.65,414.57,41.2,21.22,29.57,small,197,-109,none,0,,,
S1_futsal_C3clean_20260725_082521_f004224.jpg,S1_futsal_C3clean_20260725_082521,C3_clean_lap_v1,,,632.4,416.82,43.38,19.38,28.99,small,199,-109,none,0,,,
S1_futsal_C3clean_20260725_082521_f004232.jpg,S1_futsal_C3clean_20260725_082521,C3_clean_lap_v1,,,650.47,420.05,43.8,21.44,30.64,small,212,-109,none,0,,,
S1_futsal_C3clean_20260725_082521_f004240.jpg,S1_futsal_C3clean_20260725_082521,C3_clean_lap_v1,,,674.3,425.52,44.47,21.51,30.92,small,217,-109,none,0,,,
S1_futsal_C3clean_20260725_082521_f004248.jpg,S1_futsal_C3clean_20260725_082521,C3_clean_lap_v1,,,682.17,425.52,49.17,21.59,32.58,medium,223,-109,none,0,,,
S1_futsal_C3clean_20260725_082521_f004256.jpg,S1_futsal_C3clean_20260725_082521,C3_clean_lap_v1,,,699.73,422.87,48.57,24.85,34.74,medium,217,-109,none,0,,,
S1_futsal_C3clean_20260725_082521_f004264.jpg,S1_futsal_C3clean_20260725_082521,C3_clean_lap_v1,,,715.88,419.01,49.54,23.94,34.44,medium,214,-109,none,0,,,
S1_futsal_C3clean_20260725_082521_f004272.jpg,S1_futsal_C3clean_20260725_082521,C3_clean_lap_v1,,,738.35,415.65,42.18,19.27,28.51,small,203,-109,none,0,,,
S1_futsal_C3clean_20260725_082521_f004280.jpg,S1_futsal_C3clean_20260725_082521,C3_clean_lap_v1,,blur_moderate,751.65,410.15,44.43,19.92,29.75,small,199,-109,none,0,,,
S1_futsal_C3clean_20260725_082521_f004288.jpg,S1_futsal_C3clean_20260725_082521,C3_clean_lap_v1,,,764.19,407.38,45.18,21.87,31.43,small,199,-109,none,0,,,
S1_futsal_C3clean_20260725_082521_f004296.jpg,S1_futsal_C3clean_20260725_082521,C3_clean_lap_v1,,,765.2,407.26,45.94,21.39,31.35,small,197,-108,none,0,,,
S1_futsal_C3clean_20260725_082521_f004304.jpg,S1_futsal_C3clean_20260725_082521,C3_clean_lap_v1,,blur_moderate,723.91,402.63,43.5,20.61,29.94,small,202,-106,none,0,,,
S1_futsal_C3clean_20260725_082521_f004312.jpg,S1_futsal_C3clean_20260725_082521,C3_clean_lap_v1,,blur_moderate,679.98,403.91,42.63,19.09,28.53,small,202,-103,none,0,,,
S1_futsal_C3clean_20260725_082521_f004320.jpg,S1_futsal_C3clean_20260725_082521,C3_clean_lap_v1,,,642.85,404.67,41.95,17.88,27.39,small,205,-101,none,0,,,
S1_futsal_C3clean_20260725_082521_f004328.jpg,S1_futsal_C3clean_20260725_082521,C3_clean_lap_v1,,,638.28,405.19,43.35,18.17,28.07,small,203,-101,none,0,,,
S1_futsal_C3clean_20260725_082521_f004336.jpg,S1_futsal_C3clean_20260725_082521,C3_clean_lap_v1,,,636.33,403.7,42.8,20.4,29.55,small,205,-101,none,0,,,
S1_futsal_C3clean_20260725_082521_f004344.jpg,S1_futsal_C3clean_20260725_082521,C3_clean_lap_v1,,blur_moderate,624.77,402.98,42.02,18.86,28.15,small,204,-101,none,0,,,
S1_futsal_C3clean_20260725_082521_f004352.jpg,S1_futsal_C3clean_20260725_082521,C3_clean_lap_v1,,blur_moderate,548.02,399.39,39.5,16.83,25.79,small,201,-95,none,0,,,
S1_futsal_C3clean_20260725_082521_f004360.jpg,S1_futsal_C3clean_20260725_082521,C3_clean_lap_v1,,,524.88,398.01,41.0,17.91,27.1,small,203,-94,none,0,,,
S1_futsal_C3clean_20260725_082521_f004368.jpg,S1_futsal_C3clean_20260725_082521,C3_clean_lap_v1,,,524.22,397.7,39.95,17.93,26.76,small,206,-94,none,0,,,
S1_futsal_C3clean_20260725_082521_f004376.jpg,S1_futsal_C3clean_20260725_082521,C3_clean_lap_v1,,,524.16,398.45,38.5,16.87,25.48,small,204,-94,none,0,,,
S1_futsal_C3clean_20260725_082521_f004384.jpg,S1_futsal_C3clean_20260725_082521,C3_clean_lap_v1,,,524.24,398.62,38.17,17.95,26.17,small,202,-94,none,0,,,
S1_futsal_C3clean_20260725_082521_f004392.jpg,S1_futsal_C3clean_20260725_082521,C3_clean_lap_v1,,,526.33,398.91,41.5,17.9,27.25,small,202,-94,none,0,,,
S1_futsal_C3clean_20260725_082521_f004400.jpg,S1_futsal_C3clean_20260725_082521,C3_clean_lap_v1,,,537.68,398.8,40.72,18.37,27.35,small,203,-94,none,0,,,
S1_futsal_C3clean_20260725_082521_f004408.jpg,S1_futsal_C3clean_20260725_082521,C3_clean_lap_v1,,,550.82,398.82,41.29,17.7,27.04,small,203,-95,none,0,,,
S1_futsal_C3clean_20260725_082521_f004416.jpg,S1_futsal_C3clean_20260725_082521,C3_clean_lap_v1,,,566.39,399.39,40.48,17.11,26.32,small,206,-94,none,0,,,
S1_futsal_C3clean_20260725_082521_f004424.jpg,S1_futsal_C3clean_20260725_082521,C3_clean_lap_v1,,,583.74,399.95,39.49,16.17,25.27,small,204,-94,none,0,,,
S1_futsal_C3clean_20260725_082521_f004432.jpg,S1_futsal_C3clean_20260725_082521,C3_clean_lap_v1,,,600.54,400.06,39.86,16.5,25.65,small,205,-94,none,0,,,
S1_futsal_C3clean_20260725_082521_f004440.jpg,S1_futsal_C3clean_20260725_082521,C3_clean_lap_v1,,,614.97,399.42,41.41,17.34,26.8,small,206,-94,none,0,,,
S1_futsal_C3clean_20260725_082521_f004448.jpg,S1_futsal_C3clean_20260725_082521,C3_clean_lap_v1,,,631.8,398.5,40.36,18.16,27.07,small,204,-94,none,0,,,
S1_futsal_C3clean_20260725_082521_f004456.jpg,S1_futsal_C3clean_20260725_082521,C3_clean_lap_v1,,,647.0,398.0,40.0,18.0,26.83,small,204,-95,none,0,,,
S1_futsal_C3clean_20260725_082521_f004464.jpg,S1_futsal_C3clean_20260725_082521,C3_clean_lap_v1,,,667.57,400.11,41.69,18.94,28.1,small,205,-95,none,0,,,
S1_futsal_C3clean_20260725_082521_f004472.jpg,S1_futsal_C3clean_20260725_082521,C3_clean_lap_v1,,,685.11,401.43,41.34,21.69,29.95,small,206,-95,none,0,,,
S1_futsal_C3clean_20260725_082521_f004480.jpg,S1_futsal_C3clean_20260725_082521,C3_clean_lap_v1,,,703.12,403.09,40.92,18.47,27.49,small,203,-95,none,0,,,
S1_futsal_C3clean_20260725_082521_f004488.jpg,S1_futsal_C3clean_20260725_082521,C3_clean_lap_v1,,,716.77,403.71,41.25,18.63,27.72,small,205,-94,none,0,,,
S1_futsal_C3clean_20260725_082521_f004496.jpg,S1_futsal_C3clean_20260725_082521,C3_clean_lap_v1,,,735.41,404.84,43.57,18.25,28.2,small,204,-94,none,0,,,
S1_futsal_C3clean_20260725_082521_f004504.jpg,S1_futsal_C3clean_20260725_082521,C3_clean_lap_v1,,,751.98,404.68,44.65,17.99,28.34,small,209,-94,none,0,,,
S1_futsal_C3clean_20260725_082521_f004512.jpg,S1_futsal_C3clean_20260725_082521,C3_clean_lap_v1,,,769.23,405.01,40.34,17.74,26.75,small,205,-94,none,0,,,
S1_futsal_C3clean_20260725_082521_f004520.jpg,S1_futsal_C3clean_20260725_082521,C3_clean_lap_v1,,,783.62,405.59,42.79,16.77,26.79,small,205,-94,none,0,,,
S1_futsal_C3clean_20260725_082521_f004528.jpg,S1_futsal_C3clean_20260725_082521,C3_clean_lap_v1,,blur_moderate,800.62,403.8,44.03,18.3,28.39,small,209,-94,none,0,,,
S1_futsal_C3clean_20260725_082521_f004536.jpg,S1_futsal_C3clean_20260725_082521,C3_clean_lap_v1,,,816.7,402.94,44.28,19.22,29.18,small,204,-94,none,0,,,
S1_futsal_C3clean_20260725_082521_f004544.jpg,S1_futsal_C3clean_20260725_082521,C3_clean_lap_v1,,,834.24,402.15,42.17,20.35,29.29,small,208,-94,none,0,,,
S1_futsal_C3clean_20260725_082521_f004552.jpg,S1_futsal_C3clean_20260725_082521,C3_clean_lap_v1,,,848.04,403.1,44.75,19.02,29.17,small,205,-95,none,0,,,
S1_futsal_C3clean_20260725_082521_f004560.jpg,S1_futsal_C3clean_20260725_082521,C3_clean_lap_v1,,,864.0,403.83,43.34,17.88,27.84,small,206,-95,none,0,,,
S1_futsal_C3clean_20260725_082521_f004568.jpg,S1_futsal_C3clean_20260725_082521,C3_clean_lap_v1,,,882.95,403.17,40.5,17.47,26.6,small,205,-94,none,0,,,
S1_futsal_C3clean_20260725_082521_f004576.jpg,S1_futsal_C3clean_20260725_082521,C3_clean_lap_v1,,,893.48,401.19,41.94,18.44,27.81,small,204,-94,none,0,,,
S1_futsal_C3clean_20260725_082521_f004584.jpg,S1_futsal_C3clean_20260725_082521,C3_clean_lap_v1,,blur_moderate,830.12,396.56,41.24,18.15,27.36,small,202,-90,none,0,,,
S1_futsal_C3clean_20260725_082521_f004592.jpg,S1_futsal_C3clean_20260725_082521,C3_clean_lap_v1,,blur_heavy,751.16,390.63,37.86,17.85,26.0,small,207,-85,none,0,,,
S1_futsal_C3clean_20260725_082521_f004600.jpg,S1_futsal_C3clean_20260725_082521,C3_clean_lap_v1,,blur_moderate,658.29,388.81,41.08,15.52,25.25,small,213,-79,none,0,,,
S1_futsal_C3clean_20260725_082521_f004608.jpg,S1_futsal_C3clean_20260725_082521,C3_clean_lap_v1,,,628.24,387.75,40.5,16.6,25.93,small,207,-78,none,0,,,
S1_futsal_C3clean_20260725_082521_f004616.jpg,S1_futsal_C3clean_20260725_082521,C3_clean_lap_v1,,,626.0,387.89,39.26,17.62,26.3,small,209,-79,none,0,,,
S1_futsal_C3clean_20260725_082521_f004624.jpg,S1_futsal_C3clean_20260725_082521,C3_clean_lap_v1,,blur_heavy,625.91,387.54,37.55,16.65,25.0,small,208,-79,none,0,,,
S1_futsal_C3clean_20260725_082521_f004632.jpg,S1_futsal_C3clean_20260725_082521,C3_clean_lap_v1,,,625.21,386.63,36.56,17.44,25.25,small,208,-79,none,0,,,
S1_futsal_C3clean_20260725_082521_f004640.jpg,S1_futsal_C3clean_20260725_082521,C3_clean_lap_v1,,,625.4,387.29,35.79,16.27,24.13,small,206,-79,none,0,,,
S1_futsal_C3clean_20260725_082521_f004648.jpg,S1_futsal_C3clean_20260725_082521,C3_clean_lap_v1,,,626.88,387.87,37.87,17.2,25.52,small,204,-79,none,0,,,
S1_futsal_C3clean_20260725_082521_f004656.jpg,S1_futsal_C3clean_20260725_082521,C3_clean_lap_v1,,,629.16,389.48,38.04,18.29,26.37,small,204,-79,none,0,,,
S1_futsal_C3clean_20260725_082521_f004664.jpg,S1_futsal_C3clean_20260725_082521,C3_clean_lap_v1,,,631.11,392.97,39.01,17.96,26.47,small,206,-79,none,0,,,
S1_futsal_C3clean_20260725_082521_f004672.jpg,S1_futsal_C3clean_20260725_082521,C3_clean_lap_v1,,,634.53,398.79,38.33,18.32,26.5,small,207,-79,none,0,,,
S1_futsal_C3clean_20260725_082521_f004680.jpg,S1_futsal_C3clean_20260725_082521,C3_clean_lap_v1,,,637.19,403.15,37.94,19.56,27.24,small,206,-78,none,0,,,
S1_futsal_C3clean_20260725_082521_f004688.jpg,S1_futsal_C3clean_20260725_082521,C3_clean_lap_v1,,,637.81,406.91,40.96,20.51,28.98,small,210,-78,none,0,,,
S1_futsal_C3clean_20260725_082521_f004696.jpg,S1_futsal_C3clean_20260725_082521,C3_clean_lap_v1,,blur_moderate,582.36,410.51,40.68,18.99,27.79,small,213,-74,none,0,,,
S1_futsal_C3clean_20260725_082521_f004704.jpg,S1_futsal_C3clean_20260725_082521,C3_clean_lap_v1,,blur_heavy,514.92,429.12,39.22,19.62,27.74,small,212,-70,none,0,,,
S1_futsal_C3clean_20260725_082521_f004712.jpg,S1_futsal_C3clean_20260725_082521,C3_clean_lap_v1,,blur_heavy,457.01,413.34,39.27,19.86,27.93,small,204,-66,none,0,,,
S1_futsal_C3clean_20260725_082521_f004720.jpg,S1_futsal_C3clean_20260725_082521,C3_clean_lap_v1,,,391.82,416.78,39.66,19.33,27.69,small,211,-62,none,0,,,
S1_futsal_C3clean_20260725_082521_f004728.jpg,S1_futsal_C3clean_20260725_082521,C3_clean_lap_v1,,,385.49,415.83,40.23,19.85,28.26,small,210,-62,none,0,,,
S1_futsal_C3clean_20260725_082521_f004736.jpg,S1_futsal_C3clean_20260725_082521,C3_clean_lap_v1,,,385.08,415.47,38.13,19.14,27.01,small,205,-62,none,0,,,
S1_futsal_C3clean_20260725_082521_f004744.jpg,S1_futsal_C3clean_20260725_082521,C3_clean_lap_v1,,,382.83,414.65,38.64,17.99,26.37,small,207,-62,none,0,,,
S1_futsal_C3clean_20260725_082521_f004752.jpg,S1_futsal_C3clean_20260725_082521,C3_clean_lap_v1,,,384.66,413.56,39.36,18.57,27.03,small,205,-62,none,0,,,
S1_futsal_C3clean_20260725_082521_f004760.jpg,S1_futsal_C3clean_20260725_082521,C3_clean_lap_v1,,,391.99,411.76,40.65,18.85,27.68,small,201,-62,none,0,,,
S1_futsal_C3clean_20260725_082521_f004768.jpg,S1_futsal_C3clean_20260725_082521,C3_clean_lap_v1,,,404.25,410.61,39.68,19.12,27.54,small,204,-62,none,0,,,
S1_futsal_C3clean_20260725_082521_f004776.jpg,S1_futsal_C3clean_20260725_082521,C3_clean_lap_v1,,,421.11,409.73,37.92,18.42,26.43,small,201,-62,none,0,,,
S1_futsal_C3clean_20260725_082521_f004784.jpg,S1_futsal_C3clean_20260725_082521,C3_clean_lap_v1,,,437.6,409.41,39.39,20.12,28.15,small,202,-62,none,0,,,
S1_futsal_C3clean_20260725_082521_f004792.jpg,S1_futsal_C3clean_20260725_082521,C3_clean_lap_v1,,,457.12,409.57,38.9,19.43,27.49,small,198,-62,none,0,,,
S1_futsal_C3clean_20260725_082521_f004800.jpg,S1_futsal_C3clean_20260725_082521,C3_clean_lap_v1,,,469.93,409.16,40.97,20.15,28.73,small,201,-62,none,0,,,
S1_futsal_C3clean_20260725_082521_f004808.jpg,S1_futsal_C3clean_20260725_082521,C3_clean_lap_v1,,,490.79,409.71,39.54,19.13,27.5,small,201,-63,none,0,,,
S1_futsal_C3clean_20260725_082521_f004816.jpg,S1_futsal_C3clean_20260725_082521,C3_clean_lap_v1,,,507.12,409.9,40.42,19.63,28.16,small,204,-62,none,0,,,
S1_futsal_C3clean_20260725_082521_f004824.jpg,S1_futsal_C3clean_20260725_082521,C3_clean_lap_v1,,,523.55,409.81,38.38,18.65,26.75,small,201,-62,none,0,,,
S1_futsal_C3clean_20260725_082521_f004832.jpg,S1_futsal_C3clean_20260725_082521,C3_clean_lap_v1,,,541.36,409.76,38.03,19.43,27.18,small,204,-62,none,0,,,
S1_futsal_C3clean_20260725_082521_f004840.jpg,S1_futsal_C3clean_20260725_082521,C3_clean_lap_v1,,,554.23,409.98,39.48,19.35,27.64,small,204,-62,none,0,,,
S1_futsal_C3clean_20260725_082521_f004848.jpg,S1_futsal_C3clean_20260725_082521,C3_clean_lap_v1,,,569.19,409.73,39.32,19.2,27.48,small,205,-62,none,0,,,
S1_futsal_C3clean_20260725_082521_f004856.jpg,S1_futsal_C3clean_20260725_082521,C3_clean_lap_v1,,,583.94,409.3,39.12,19.48,27.61,small,203,-62,none,0,,,
S1_futsal_C3clean_20260725_082521_f004864.jpg,S1_futsal_C3clean_20260725_082521,C3_clean_lap_v1,,,605.24,408.13,38.04,19.62,27.32,small,206,-62,none,0,,,
S1_futsal_C3clean_20260725_082521_f004872.jpg,S1_futsal_C3clean_20260725_082521,C3_clean_lap_v1,,blur_moderate,619.33,406.32,39.28,20.36,28.28,small,204,-62,none,0,,,
S1_futsal_C3clean_20260725_082521_f004880.jpg,S1_futsal_C3clean_20260725_082521,C3_clean_lap_v1,,,636.8,406.52,37.44,21.2,28.18,small,204,-62,none,0,,,
S1_futsal_C3clean_20260725_082521_f004888.jpg,S1_futsal_C3clean_20260725_082521,C3_clean_lap_v1,,,652.21,406.05,38.28,20.6,28.08,small,204,-62,none,0,,,
S1_futsal_C3clean_20260725_082521_f004896.jpg,S1_futsal_C3clean_20260725_082521,C3_clean_lap_v1,,,668.56,405.02,37.9,20.49,27.87,small,202,-62,none,0,,,
S1_futsal_C3clean_20260725_082521_f004904.jpg,S1_futsal_C3clean_20260725_082521,C3_clean_lap_v1,,,685.82,405.69,38.28,18.37,26.51,small,204,-62,none,0,,,
S1_futsal_C3clean_20260725_082521_f004912.jpg,S1_futsal_C3clean_20260725_082521,C3_clean_lap_v1,,,699.82,405.31,38.87,19.25,27.35,small,199,-62,none,0,,,
S1_futsal_C3clean_20260725_082521_f004920.jpg,S1_futsal_C3clean_20260725_082521,C3_clean_lap_v1,,,711.36,405.18,41.09,19.82,28.54,small,201,-62,none,0,,,
S1_futsal_C3clean_20260725_082521_f004928.jpg,S1_futsal_C3clean_20260725_082521,C3_clean_lap_v1,,,726.48,406.74,35.07,20.38,26.73,small,204,-62,none,0,,,
S1_futsal_C3clean_20260725_082521_f004936.jpg,S1_futsal_C3clean_20260725_082521,C3_clean_lap_v1,,,739.47,407.42,40.03,21.66,29.45,small,207,-62,none,0,,,
S1_futsal_C3clean_20260725_082521_f004944.jpg,S1_futsal_C3clean_20260725_082521,C3_clean_lap_v1,,,756.43,409.44,43.17,19.25,28.83,small,210,-62,none,0,,,
S1_futsal_C3clean_20260725_082521_f004952.jpg,S1_futsal_C3clean_20260725_082521,C3_clean_lap_v1,,,770.02,407.62,45.43,20.98,30.87,small,210,-62,none,0,,,
S1_futsal_C3clean_20260725_082521_f004960.jpg,S1_futsal_C3clean_20260725_082521,C3_clean_lap_v1,,,787.46,408.18,37.79,19.4,27.07,small,205,-62,none,0,,,
S1_futsal_C3clean_20260725_082521_f004968.jpg,S1_futsal_C3clean_20260725_082521,C3_clean_lap_v1,,,805.79,405.92,38.46,17.84,26.19,small,204,-62,none,0,,,
S1_futsal_C3clean_20260725_082521_f004976.jpg,S1_futsal_C3clean_20260725_082521,C3_clean_lap_v1,,blur_moderate,772.3,403.6,37.35,18.12,26.01,small,206,-59,none,0,,,
S1_futsal_C3clean_20260725_082521_f004984.jpg,S1_futsal_C3clean_20260725_082521,C3_clean_lap_v1,,blur_moderate,713.65,397.01,37.83,19.74,27.33,small,207,-56,none,0,,,
S1_futsal_C3clean_20260725_082521_f004992.jpg,S1_futsal_C3clean_20260725_082521,C3_clean_lap_v1,,,704.52,397.43,35.12,19.6,26.23,small,204,-55,none,0,,,
S1_futsal_C3clean_20260725_082521_f005000.jpg,S1_futsal_C3clean_20260725_082521,C3_clean_lap_v1,,blur_moderate,700.0,396.0,37.0,19.0,26.51,small,204,-55,none,0,,,
S1_futsal_C3clean_20260725_082521_f005008.jpg,S1_futsal_C3clean_20260725_082521,C3_clean_lap_v1,,,698.31,398.65,36.36,18.86,26.19,small,206,-55,none,0,,,
S1_futsal_C3clean_20260725_082521_f005016.jpg,S1_futsal_C3clean_20260725_082521,C3_clean_lap_v1,,,702.0,397.0,36.0,19.0,26.15,small,207,-55,none,0,,,
S1_futsal_C3clean_20260725_082521_f005024.jpg,S1_futsal_C3clean_20260725_082521,C3_clean_lap_v1,,,709.0,399.0,37.0,18.0,25.81,small,203,-55,none,0,,,
S1_futsal_C3clean_20260725_082521_f005032.jpg,S1_futsal_C3clean_20260725_082521,C3_clean_lap_v1,,blur_moderate,725.0,397.0,37.0,19.0,26.51,small,207,-55,none,0,,,
S1_futsal_C3clean_20260725_082521_f005040.jpg,S1_futsal_C3clean_20260725_082521,C3_clean_lap_v1,,blur_heavy,733.0,398.0,37.0,19.0,26.51,small,206,-55,none,0,,,
S1_futsal_C3clean_20260725_082521_f005048.jpg,S1_futsal_C3clean_20260725_082521,C3_clean_lap_v1,,,744.01,400.13,34.69,20.62,26.75,small,203,-55,none,0,,,
S1_futsal_C3clean_20260725_082521_f005056.jpg,S1_futsal_C3clean_20260725_082521,C3_clean_lap_v1,,,751.0,405.0,36.0,18.0,25.46,small,206,-55,none,0,,,
S1_futsal_C3clean_20260725_082521_f005064.jpg,S1_futsal_C3clean_20260725_082521,C3_clean_lap_v1,,,756.44,405.8,34.74,23.3,28.45,small,202,-55,none,0,,,
S1_futsal_C3clean_20260725_082521_f005072.jpg,S1_futsal_C3clean_20260725_082521,C3_clean_lap_v1,,,758.0,411.0,34.0,21.0,26.72,small,202,-55,none,0,,,
S1_futsal_C3clean_20260725_082521_f005080.jpg,S1_futsal_C3clean_20260725_082521,C3_clean_lap_v1,,blur_heavy,762.0,413.0,39.0,21.0,28.62,small,206,-55,none,0,,,
S1_futsal_C3clean_20260725_082521_f005088.jpg,S1_futsal_C3clean_20260725_082521,C3_clean_lap_v1,,,762.0,417.0,37.0,22.0,28.53,small,206,-55,none,0,,,
S1_futsal_C3clean_20260725_082521_f005096.jpg,S1_futsal_C3clean_20260725_082521,C3_clean_lap_v1,,,756.38,421.78,37.54,20.78,27.93,small,208,-55,none,0,,,
S1_futsal_C3clean_20260725_082521_f005104.jpg,S1_futsal_C3clean_20260725_082521,C3_clean_lap_v1,,blur_heavy,711.0,419.0,37.0,21.0,27.87,small,206,-52,none,0,,,
S1_futsal_C3clean_20260725_082521_f005112.jpg,S1_futsal_C3clean_20260725_082521,C3_clean_lap_v1,,blur_heavy,692.0,420.0,34.0,21.0,26.72,small,206,-51,none,0,,,
S1_futsal_C3clean_20260725_082521_f005120.jpg,S1_futsal_C3clean_20260725_082521,C3_clean_lap_v1,,blur_moderate,688.0,419.0,36.0,21.0,27.5,small,205,-51,none,0,,,
S1_futsal_C3clean_20260725_082521_f005128.jpg,S1_futsal_C3clean_20260725_082521,C3_clean_lap_v1,,blur_moderate,684.0,419.0,37.0,21.0,27.87,small,203,-51,none,0,,,
S1_futsal_C3clean_20260725_082521_f005136.jpg,S1_futsal_C3clean_20260725_082521,C3_clean_lap_v1,,blur_moderate,684.83,420.84,34.68,20.58,26.72,small,204,-51,none,0,,,
S1_futsal_C3clean_20260725_082521_f005144.jpg,S1_futsal_C3clean_20260725_082521,C3_clean_lap_v1,,blur_moderate,684.09,420.69,35.03,20.43,26.75,small,207,-51,none,0,,,
S1_futsal_C3clean_20260725_082521_f005152.jpg,S1_futsal_C3clean_20260725_082521,C3_clean_lap_v1,,blur_moderate,681.53,421.06,34.5,20.36,26.51,small,207,-51,none,0,,,
S1_futsal_C3clean_20260725_082521_f005160.jpg,S1_futsal_C3clean_20260725_082521,C3_clean_lap_v1,,blur_moderate,622.0,417.0,40.0,19.0,27.57,small,204,-47,none,0,,,
S1_futsal_C3clean_20260725_082521_f005168.jpg,S1_futsal_C3clean_20260725_082521,C3_clean_lap_v1,,blur_moderate,568.0,415.0,37.0,20.0,27.2,small,207,-43,none,0,,,
S1_futsal_C3clean_20260725_082521_f005176.jpg,S1_futsal_C3clean_20260725_082521,C3_clean_lap_v1,,,505.37,414.73,35.06,20.59,26.87,small,206,-40,none,0,,,
S1_futsal_C3clean_20260725_082521_f005184.jpg,S1_futsal_C3clean_20260725_082521,C3_clean_lap_v1,,blur_moderate,480.44,414.51,36.47,20.64,27.44,small,209,-38,none,0,,,
S1_futsal_C3clean_20260725_082521_f005192.jpg,S1_futsal_C3clean_20260725_082521,C3_clean_lap_v1,,,465.28,413.4,33.18,19.9,25.7,small,207,-37,none,0,,,
S1_futsal_C3clean_20260725_082521_f005200.jpg,S1_futsal_C3clean_20260725_082521,C3_clean_lap_v1,,,445.79,412.88,36.78,19.76,26.96,small,204,-35,none,0,,,
S1_futsal_C3clean_20260725_082521_f005208.jpg,S1_futsal_C3clean_20260725_082521,C3_clean_lap_v1,,,432.0,411.0,34.0,20.0,26.08,small,205,-35,none,0,,,
S1_futsal_C3clean_20260725_082521_f005216.jpg,S1_futsal_C3clean_20260725_082521,C3_clean_lap_v1,,blur_moderate,438.12,413.66,30.56,19.89,24.66,small,203,-35,none,0,,,
S1_futsal_C3clean_20260725_082521_f005224.jpg,S1_futsal_C3clean_20260725_082521,C3_clean_lap_v1,,blur_moderate,445.0,412.0,34.0,20.0,26.08,small,208,-35,none,0,,,
S1_futsal_C3clean_20260725_082521_f005232.jpg,S1_futsal_C3clean_20260725_082521,C3_clean_lap_v1,,blur_moderate,456.0,412.0,34.0,20.0,26.08,small,206,-35,none,0,,,
S1_futsal_C3clean_20260725_082521_f005240.jpg,S1_futsal_C3clean_20260725_082521,C3_clean_lap_v1,,,474.43,415.36,30.88,20.28,25.03,small,207,-35,none,0,,,
S1_futsal_C3clean_20260725_082521_f005248.jpg,S1_futsal_C3clean_20260725_082521,C3_clean_lap_v1,,blur_moderate,487.0,415.0,30.0,20.0,24.49,small,208,-35,none,0,,,
S1_futsal_C3clean_20260725_082521_f005256.jpg,S1_futsal_C3clean_20260725_082521,C3_clean_lap_v1,,blur_moderate,499.0,417.0,34.0,20.0,26.08,small,209,-35,none,0,,,
S1_futsal_C3clean_20260725_082521_f005264.jpg,S1_futsal_C3clean_20260725_082521,C3_clean_lap_v1,,blur_moderate,516.0,416.0,31.0,19.0,24.27,small,209,-35,none,0,,,
S1_futsal_C3clean_20260725_082521_f005272.jpg,S1_futsal_C3clean_20260725_082521,C3_clean_lap_v1,,blur_moderate,534.0,418.0,30.0,18.0,23.24,small,209,-35,none,0,,,
S1_futsal_C3clean_20260725_082521_f005280.jpg,S1_futsal_C3clean_20260725_082521,C3_clean_lap_v1,,blur_moderate,557.0,420.0,28.0,19.0,23.07,small,206,-35,none,0,,,
S1_futsal_C3clean_20260725_082521_f005288.jpg,S1_futsal_C3clean_20260725_082521,C3_clean_lap_v1,,blur_moderate,575.0,420.0,28.0,20.0,23.66,small,208,-35,none,0,,,
S1_futsal_C3clean_20260725_082521_f005296.jpg,S1_futsal_C3clean_20260725_082521,C3_clean_lap_v1,,blur_moderate,597.73,420.96,31.25,20.64,25.39,small,206,-35,none,0,,,
S1_futsal_C3clean_20260725_082521_f005304.jpg,S1_futsal_C3clean_20260725_082521,C3_clean_lap_v1,,blur_moderate,615.33,421.62,28.57,20.0,23.9,small,209,-35,none,0,,,
S1_futsal_C3clean_20260725_082521_f005312.jpg,S1_futsal_C3clean_20260725_082521,C3_clean_lap_v1,,blur_moderate,634.0,421.0,28.0,19.0,23.07,small,208,-35,none,0,,,
S1_futsal_C3clean_20260725_082521_f005320.jpg,S1_futsal_C3clean_20260725_082521,C3_clean_lap_v1,,blur_moderate,652.56,420.68,29.94,19.61,24.23,small,210,-35,none,0,,,
S1_futsal_C3clean_20260725_082521_f005328.jpg,S1_futsal_C3clean_20260725_082521,C3_clean_lap_v1,,blur_moderate,669.17,420.23,28.23,19.45,23.43,small,204,-35,none,0,,,
S1_futsal_C3clean_20260725_082521_f005336.jpg,S1_futsal_C3clean_20260725_082521,C3_clean_lap_v1,,blur_moderate,689.42,419.49,29.62,19.94,24.3,small,206,-35,none,0,,,
S1_futsal_C3clean_20260725_082521_f005344.jpg,S1_futsal_C3clean_20260725_082521,C3_clean_lap_v1,,blur_moderate,703.0,419.0,28.0,18.0,22.45,small,207,-35,none,0,,,
S1_futsal_C3clean_20260725_082521_f005352.jpg,S1_futsal_C3clean_20260725_082521,C3_clean_lap_v1,,blur_moderate,721.12,419.9,31.33,19.51,24.73,small,205,-35,none,0,,,
S1_futsal_C3clean_20260725_082521_f005360.jpg,S1_futsal_C3clean_20260725_082521,C3_clean_lap_v1,,blur_moderate,732.0,421.0,27.0,19.0,22.65,small,206,-35,none,0,,,
S1_futsal_C3clean_20260725_082521_f005368.jpg,S1_futsal_C3clean_20260725_082521,C3_clean_lap_v1,,blur_moderate,698.0,417.0,25.0,19.0,21.79,small,211,-32,none,0,,,
S1_futsal_C3clean_20260725_082521_f005376.jpg,S1_futsal_C3clean_20260725_082521,C3_clean_lap_v1,,blur_moderate,648.61,415.68,25.74,19.64,22.48,small,204,-29,none,0,,,
S1_futsal_C3clean_20260725_082521_f005384.jpg,S1_futsal_C3clean_20260725_082521,C3_clean_lap_v1,,,576.0,413.0,24.0,19.0,21.35,small,208,-25,none,0,,,
S1_futsal_C3clean_20260725_082521_f005392.jpg,S1_futsal_C3clean_20260725_082521,C3_clean_lap_v1,,,565.0,412.0,24.0,18.0,20.78,small,209,-24,none,0,,,
S1_futsal_C3clean_20260725_082521_f005400.jpg,S1_futsal_C3clean_20260725_082521,C3_clean_lap_v1,,,561.0,412.0,25.0,18.0,21.21,small,205,-24,none,0,,,
S1_futsal_C3clean_20260725_082521_f005408.jpg,S1_futsal_C3clean_20260725_082521,C3_clean_lap_v1,,,559.0,412.0,25.0,18.0,21.21,small,208,-24,none,0,,,
S1_futsal_C3clean_20260725_082521_f005416.jpg,S1_futsal_C3clean_20260725_082521,C3_clean_lap_v1,,blur_moderate,559.0,414.0,25.0,18.0,21.21,small,204,-24,none,0,,,
S1_futsal_C3clean_20260725_082521_f005424.jpg,S1_futsal_C3clean_20260725_082521,C3_clean_lap_v1,,,558.72,414.8,25.68,20.05,22.69,small,208,-24,none,0,,,
S1_futsal_C3clean_20260725_082521_f005432.jpg,S1_futsal_C3clean_20260725_082521,C3_clean_lap_v1,,,559.1,416.27,26.18,20.07,22.92,small,206,-24,none,0,,,
S1_futsal_C3clean_20260725_082521_f005440.jpg,S1_futsal_C3clean_20260725_082521,C3_clean_lap_v1,,,558.0,417.0,25.0,20.0,22.36,small,205,-24,none,0,,,
S1_futsal_C3clean_20260725_082521_f005448.jpg,S1_futsal_C3clean_20260725_082521,C3_clean_lap_v1,,,558.0,422.0,27.0,20.0,23.24,small,205,-24,none,0,,,
S1_futsal_C3clean_20260725_082521_f005456.jpg,S1_futsal_C3clean_20260725_082521,C3_clean_lap_v1,,,557.0,429.0,28.0,19.0,23.07,small,205,-24,none,0,,,
S1_futsal_C3clean_20260725_082521_f005464.jpg,S1_futsal_C3clean_20260725_082521,C3_clean_lap_v1,,,558.57,435.3,27.9,21.05,24.23,small,205,-24,none,0,,,
S1_futsal_C3clean_20260725_082521_f005472.jpg,S1_futsal_C3clean_20260725_082521,C3_clean_lap_v1,,,559.0,446.0,30.0,20.0,24.49,small,205,-24,none,0,,,
S1_futsal_C3clean_20260725_082521_f005480.jpg,S1_futsal_C3clean_20260725_082521,C3_clean_lap_v1,,,560.0,458.0,31.0,20.0,24.9,small,208,-24,none,0,,,
S1_futsal_C3clean_20260725_082521_f005488.jpg,S1_futsal_C3clean_20260725_082521,C3_clean_lap_v1,,blur_moderate,560.0,469.0,28.0,22.0,24.82,small,209,-24,none,0,,,
S1_futsal_C3clean_20260725_082521_f005496.jpg,S1_futsal_C3clean_20260725_082521,C3_clean_lap_v1,,,559.11,471.05,29.07,23.69,26.24,small,209,-24,none,0,,,
S1_futsal_C3clean_20260725_082521_f005504.jpg,S1_futsal_C3clean_20260725_082521,C3_clean_lap_v1,,blur_moderate,557.31,471.17,29.61,22.93,26.06,small,210,-24,none,0,,,
S1_futsal_C3clean_20260725_082521_f005512.jpg,S1_futsal_C3clean_20260725_082521,C3_clean_lap_v1,,,562.1,472.37,30.48,23.18,26.58,small,209,-24,none,0,,,
S1_futsal_C3clean_20260725_082521_f005520.jpg,S1_futsal_C3clean_20260725_082521,C3_clean_lap_v1,,,581.13,471.43,29.67,22.17,25.65,small,207,-24,none,0,,,
S1_futsal_C3clean_20260725_082521_f005528.jpg,S1_futsal_C3clean_20260725_082521,C3_clean_lap_v1,,blur_moderate,598.8,470.83,28.98,22.53,25.55,small,204,-24,none,0,,,
S1_futsal_C3clean_20260725_082521_f005536.jpg,S1_futsal_C3clean_20260725_082521,C3_clean_lap_v1,,,618.0,470.0,27.0,22.0,24.37,small,206,-24,none,0,,,
S1_futsal_C3clean_20260725_082521_f005544.jpg,S1_futsal_C3clean_20260725_082521,C3_clean_lap_v1,,blur_heavy,639.0,470.0,25.0,22.0,23.45,small,206,-24,none,0,,,
S1_futsal_C3clean_20260725_082521_f005552.jpg,S1_futsal_C3clean_20260725_082521,C3_clean_lap_v1,,blur_moderate,657.13,472.96,26.76,22.74,24.67,small,206,-24,none,0,,,
S1_futsal_C3clean_20260725_082521_f005560.jpg,S1_futsal_C3clean_20260725_082521,C3_clean_lap_v1,,,675.0,475.0,28.0,22.0,24.82,small,208,-24,none,0,,,
S1_futsal_C3clean_20260725_082521_f005568.jpg,S1_futsal_C3clean_20260725_082521,C3_clean_lap_v1,,,685.91,480.06,30.19,25.08,27.52,small,202,-24,none,0,,,
S1_futsal_C3clean_20260725_082521_f005576.jpg,S1_futsal_C3clean_20260725_082521,C3_clean_lap_v1,,,691.0,483.0,30.0,24.0,26.83,small,205,-24,none,0,,,
S1_futsal_C3clean_20260725_082521_f005584.jpg,S1_futsal_C3clean_20260725_082521,C3_clean_lap_v1,,,698.99,492.42,30.02,24.65,27.2,small,202,-24,none,0,,,
S1_futsal_C3clean_20260725_082521_f005592.jpg,S1_futsal_C3clean_20260725_082521,C3_clean_lap_v1,,blur_moderate,703.0,497.0,30.0,24.0,26.83,small,202,-24,none,0,,,
S1_futsal_C3clean_20260725_082521_f005600.jpg,S1_futsal_C3clean_20260725_082521,C3_clean_lap_v1,,blur_moderate,707.86,502.07,30.78,26.86,28.75,small,205,-24,none,0,,,
S1_futsal_C3clean_20260725_082521_f005608.jpg,S1_futsal_C3clean_20260725_082521,C3_clean_lap_v1,,blur_moderate,697.05,506.86,29.37,25.22,27.22,small,204,-23,none,0,,,
S1_futsal_C3clean_20260725_082521_f005616.jpg,S1_futsal_C3clean_20260725_082521,C3_clean_lap_v1,,blur_heavy,628.0,501.0,30.0,25.0,27.39,small,205,-18,none,0,,,
S1_futsal_C3clean_20260725_082521_f005624.jpg,S1_futsal_C3clean_20260725_082521,C3_clean_lap_v1,,blur_moderate,556.21,502.2,27.71,24.63,26.12,small,207,-14,none,0,,,
S1_futsal_C3clean_20260725_082521_f005632.jpg,S1_futsal_C3clean_20260725_082521,C3_clean_lap_v1,,blur_moderate,524.0,500.0,28.0,24.0,25.92,small,205,-13,none,0,,,
S1_futsal_C3clean_20260725_082521_f005640.jpg,S1_futsal_C3clean_20260725_082521,C3_clean_lap_v1,,,523.49,501.2,25.87,24.94,25.4,small,208,-13,none,0,,,
S1_futsal_C3clean_20260725_082521_f005648.jpg,S1_futsal_C3clean_20260725_082521,C3_clean_lap_v1,,blur_moderate,521.38,501.54,26.24,25.03,25.62,small,201,-13,none,0,,,
S1_futsal_C3clean_20260725_082521_f005656.jpg,S1_futsal_C3clean_20260725_082521,C3_clean_lap_v1,,,519.3,502.19,28.58,25.24,26.86,small,207,-13,none,0,,,
S1_futsal_C3clean_20260725_082521_f005664.jpg,S1_futsal_C3clean_20260725_082521,C3_clean_lap_v1,,,519.9,505.54,29.95,25.83,27.81,small,206,-13,none,0,,,
S1_futsal_C3clean_20260725_082521_f005672.jpg,S1_futsal_C3clean_20260725_082521,C3_clean_lap_v1,,,520.88,510.78,29.43,27.63,28.52,small,205,-13,none,0,,,
S1_futsal_C3clean_20260725_082521_f005680.jpg,S1_futsal_C3clean_20260725_082521,C3_clean_lap_v1,,,522.39,517.2,29.91,28.11,29.0,small,204,-13,none,0,,,
S1_futsal_C3clean_20260725_082521_f005688.jpg,S1_futsal_C3clean_20260725_082521,C3_clean_lap_v1,,,523.23,524.69,29.71,27.86,28.77,small,202,-13,none,0,,,
S1_futsal_C3clean_20260725_082521_f005696.jpg,S1_futsal_C3clean_20260725_082521,C3_clean_lap_v1,,blur_moderate,524.45,533.12,33.17,29.56,31.31,small,202,-13,none,0,,,
S1_futsal_C3clean_20260725_082521_f005704.jpg,S1_futsal_C3clean_20260725_082521,C3_clean_lap_v1,,blur_moderate,524.94,541.99,32.52,29.75,31.11,small,206,-13,none,0,,,
S1_futsal_C3clean_20260725_082521_f005712.jpg,S1_futsal_C3clean_20260725_082521,C3_clean_lap_v1,,blur_moderate,524.85,547.46,32.14,32.38,32.26,medium,202,-13,none,0,,,
S1_futsal_C3clean_20260725_082521_f005720.jpg,S1_futsal_C3clean_20260725_082521,C3_clean_lap_v1,,blur_moderate,525.0,568.0,30.0,30.0,30.0,small,203,-13,none,0,,,
S1_futsal_C3clean_20260725_082521_f005728.jpg,S1_futsal_C3clean_20260725_082521,C3_clean_lap_v1,,blur_heavy,526.94,556.38,32.51,31.95,32.22,medium,203,-15,none,0,,,
S1_futsal_C3clean_20260725_082521_f005736.jpg,S1_futsal_C3clean_20260725_082521,C3_clean_lap_v1,,blur_heavy,582.45,557.91,34.38,32.98,33.67,medium,204,-18,none,0,,5.91,203
S1_futsal_C3clean_20260725_082521_f005744.jpg,S1_futsal_C3clean_20260725_082521,C3_clean_lap_v1,,blur_heavy,629.19,563.39,31.56,30.72,31.13,small,205,-22,none,0,,,
S1_futsal_C3clean_20260725_082521_f005752.jpg,S1_futsal_C3clean_20260725_082521,C3_clean_lap_v1,,blur_heavy,633.56,563.66,33.77,31.23,32.47,medium,206,-22,none,0,,,
S1_futsal_C3clean_20260725_082521_f005760.jpg,S1_futsal_C3clean_20260725_082521,C3_clean_lap_v1,,blur_moderate,635.22,563.71,32.1,30.66,31.38,small,205,-22,none,0,,,
S1_futsal_C3clean_20260725_082521_f005768.jpg,S1_futsal_C3clean_20260725_082521,C3_clean_lap_v1,,blur_moderate,636.06,563.72,34.11,33.12,33.61,medium,207,-22,none,0,,,
S1_futsal_C3clean_20260725_082521_f005776.jpg,S1_futsal_C3clean_20260725_082521,C3_clean_lap_v1,,blur_moderate,636.71,563.86,32.73,31.05,31.88,small,208,-22,none,0,,,
S1_futsal_C3clean_20260725_082521_f005784.jpg,S1_futsal_C3clean_20260725_082521,C3_clean_lap_v1,,blur_moderate,636.54,562.15,32.87,31.59,32.22,medium,208,-22,none,0,,,
S1_futsal_C3clean_20260725_082521_f005792.jpg,S1_futsal_C3clean_20260725_082521,C3_clean_lap_v1,,blur_moderate,636.42,561.77,34.13,32.03,33.06,medium,203,-22,none,0,,,
S1_futsal_C3clean_20260725_082521_f005800.jpg,S1_futsal_C3clean_20260725_082521,C3_clean_lap_v1,,,635.72,563.63,31.59,30.79,31.19,small,205,-22,none,0,,6.25,197
S1_futsal_C3clean_20260725_083013_f000000.jpg,S1_futsal_C3clean_20260725_083013,C2_natural_occ,,blur_moderate,663.0,154.0,38.0,22.0,28.91,small,10,-17,object,natural,,,
S1_futsal_C3clean_20260725_083013_f000007.jpg,S1_futsal_C3clean_20260725_083013,C2_natural_occ,,,664.0,155.0,34.0,21.0,26.72,small,10,-17,object,natural,,,
S1_futsal_C3clean_20260725_083013_f000014.jpg,S1_futsal_C3clean_20260725_083013,C2_natural_occ,,,665.0,146.0,39.0,34.0,36.41,medium,10,-17,object,natural,,,
S1_futsal_C3clean_20260725_083013_f000021.jpg,S1_futsal_C3clean_20260725_083013,C2_natural_occ,,,670.0,153.0,33.0,31.0,31.98,small,10,-17,object,natural,,,
S1_futsal_C3clean_20260725_083013_f000028.jpg,S1_futsal_C3clean_20260725_083013,C2_natural_occ,,,667.0,154.0,34.0,27.0,30.3,small,10,-17,object,natural,,,
S1_futsal_C3clean_20260725_083013_f000035.jpg,S1_futsal_C3clean_20260725_083013,C2_natural_occ,,,667.0,155.0,31.0,20.0,24.9,small,10,-17,object,natural,,,
S1_futsal_C3clean_20260725_083013_f000042.jpg,S1_futsal_C3clean_20260725_083013,C2_natural_occ,,,667.0,154.0,31.0,20.0,24.9,small,10,-17,object,natural,,,
S1_futsal_C3clean_20260725_083013_f000049.jpg,S1_futsal_C3clean_20260725_083013,C2_natural_occ,,,662.0,149.0,43.0,31.0,36.51,medium,10,-17,object,natural,,,
S1_futsal_C3clean_20260725_083013_f000056.jpg,S1_futsal_C3clean_20260725_083013,C2_natural_occ,,blur_moderate,664.0,153.0,35.0,26.0,30.17,small,10,-17,object,natural,,,
S1_futsal_C3clean_20260725_083013_f000063.jpg,S1_futsal_C3clean_20260725_083013,C2_natural_occ,,,668.0,153.0,35.0,27.0,30.74,small,10,-17,object,natural,,,
S1_futsal_C3clean_20260725_083013_f000070.jpg,S1_futsal_C3clean_20260725_083013,C2_natural_occ,,,666.0,154.0,31.0,20.0,24.9,small,10,-17,object,natural,,,
S1_futsal_C3clean_20260725_083013_f000077.jpg,S1_futsal_C3clean_20260725_083013,C2_natural_occ,,,666.0,150.0,37.0,23.0,29.17,small,10,-17,object,natural,,,
S1_futsal_C3clean_20260725_083013_f000084.jpg,S1_futsal_C3clean_20260725_083013,C2_natural_occ,,,669.0,155.0,34.0,23.0,27.96,small,10,-17,object,natural,,,
S1_futsal_C3clean_20260725_083013_f000091.jpg,S1_futsal_C3clean_20260725_083013,C2_natural_occ,,,668.0,152.0,32.0,23.0,27.13,small,10,-17,object,natural,,,
S1_futsal_C3clean_20260725_083013_f000098.jpg,S1_futsal_C3clean_20260725_083013,C2_natural_occ,,,667.0,152.0,35.0,23.0,28.37,small,10,-17,object,natural,,,
S1_futsal_C3clean_20260725_083013_f000105.jpg,S1_futsal_C3clean_20260725_083013,C2_natural_occ,,blur_moderate,666.0,151.0,38.0,28.0,32.62,medium,10,-17,object,natural,,,
S1_futsal_C3clean_20260725_083013_f000112.jpg,S1_futsal_C3clean_20260725_083013,C2_natural_occ,,,667.0,156.0,36.0,24.0,29.39,small,10,-17,object,natural,,,
S1_futsal_C3clean_20260725_083013_f000119.jpg,S1_futsal_C3clean_20260725_083013,C2_natural_occ,,,667.0,154.0,31.0,20.0,24.9,small,10,-17,object,natural,,,
S1_futsal_C3clean_20260725_083013_f000126.jpg,S1_futsal_C3clean_20260725_083013,C2_natural_occ,,,667.0,154.0,31.0,20.0,24.9,small,10,-17,object,natural,,,
S1_futsal_C3clean_20260725_083013_f000133.jpg,S1_futsal_C3clean_20260725_083013,C2_natural_occ,,blur_moderate,667.0,155.0,30.0,20.0,24.49,small,10,-17,object,natural,,,
S1_futsal_C3clean_20260725_083013_f000140.jpg,S1_futsal_C3clean_20260725_083013,C2_natural_occ,,,666.0,154.0,31.0,20.0,24.9,small,10,-17,object,natural,,,
S1_futsal_C3clean_20260725_083013_f000147.jpg,S1_futsal_C3clean_20260725_083013,C2_natural_occ,,,666.0,152.0,33.0,22.0,26.94,small,10,-17,object,natural,,,
S1_futsal_C3clean_20260725_083013_f000154.jpg,S1_futsal_C3clean_20260725_083013,C2_natural_occ,,,667.0,154.0,31.0,20.0,24.9,small,10,-17,object,natural,,,
S1_futsal_C3clean_20260725_083013_f000161.jpg,S1_futsal_C3clean_20260725_083013,C2_natural_occ,,,665.0,154.0,36.0,24.0,29.39,small,10,-17,object,natural,,,
S1_futsal_C3clean_20260725_083013_f000168.jpg,S1_futsal_C3clean_20260725_083013,C2_natural_occ,,,667.0,154.0,31.0,20.0,24.9,small,10,-17,object,natural,,,
S1_futsal_C3clean_20260725_083013_f000175.jpg,S1_futsal_C3clean_20260725_083013,C2_natural_occ,,,667.0,154.0,31.0,20.0,24.9,small,10,-17,object,natural,,,
S1_futsal_C3clean_20260725_083013_f000182.jpg,S1_futsal_C3clean_20260725_083013,C2_natural_occ,,,668.0,151.0,32.0,27.0,29.39,small,10,-17,object,natural,,,
S1_futsal_C3clean_20260725_083013_f000189.jpg,S1_futsal_C3clean_20260725_083013,C2_natural_occ,,,671.0,155.0,31.0,22.0,26.12,small,10,-17,object,natural,,,
S1_futsal_C3clean_20260725_083013_f000196.jpg,S1_futsal_C3clean_20260725_083013,C2_natural_occ,,,671.0,154.0,31.0,26.0,28.39,small,10,-17,object,natural,,,
S1_futsal_C3clean_20260725_083013_f000203.jpg,S1_futsal_C3clean_20260725_083013,C2_natural_occ,,,670.0,153.0,30.0,22.0,25.69,small,10,-17,object,natural,,,
S1_futsal_C3clean_20260725_083013_f000210.jpg,S1_futsal_C3clean_20260725_083013,C2_natural_occ,,,669.0,153.0,29.0,24.0,26.38,small,10,-17,object,natural,,,
S1_futsal_C3clean_20260725_083013_f000217.jpg,S1_futsal_C3clean_20260725_083013,C2_natural_occ,,,667.0,154.0,31.0,20.0,24.9,small,10,-17,object,natural,,,
S1_futsal_C3clean_20260725_083013_f000224.jpg,S1_futsal_C3clean_20260725_083013,C2_natural_occ,,,667.0,154.0,30.0,20.0,24.49,small,10,-17,object,natural,,,
S1_futsal_C3clean_20260725_083013_f000231.jpg,S1_futsal_C3clean_20260725_083013,C2_natural_occ,,,667.0,153.0,31.0,21.0,25.51,small,10,-17,object,natural,,,
S1_futsal_C3clean_20260725_083013_f000238.jpg,S1_futsal_C3clean_20260725_083013,C2_natural_occ,,,667.0,154.0,31.0,20.0,24.9,small,10,-17,object,natural,,,
S1_futsal_C3clean_20260725_083013_f000245.jpg,S1_futsal_C3clean_20260725_083013,C2_natural_occ,,,667.0,153.0,30.0,21.0,25.1,small,10,-17,object,natural,,,
S1_futsal_C3clean_20260725_083013_f000252.jpg,S1_futsal_C3clean_20260725_083013,C2_natural_occ,,,663.0,150.0,41.0,28.0,33.88,medium,10,-17,object,natural,,,
S1_futsal_C3clean_20260725_083013_f000259.jpg,S1_futsal_C3clean_20260725_083013,C2_natural_occ,,,667.0,154.0,31.0,20.0,24.9,small,10,-17,object,natural,,,
S1_futsal_C3clean_20260725_083013_f000266.jpg,S1_futsal_C3clean_20260725_083013,C2_natural_occ,,,666.0,154.0,31.0,20.0,24.9,small,10,-17,object,natural,,,
S1_futsal_C3clean_20260725_083013_f000273.jpg,S1_futsal_C3clean_20260725_083013,C2_natural_occ,,,667.0,154.0,31.0,20.0,24.9,small,10,-17,object,natural,,,
S1_futsal_C3clean_20260725_083013_f000280.jpg,S1_futsal_C3clean_20260725_083013,C2_natural_occ,,blur_moderate,669.0,154.0,29.0,24.0,26.38,small,10,-17,object,natural,,,
S1_futsal_C3clean_20260725_083013_f000287.jpg,S1_futsal_C3clean_20260725_083013,C2_natural_occ,,,667.0,153.0,31.0,21.0,25.51,small,10,-17,object,natural,,,
S1_futsal_C3clean_20260725_083013_f000294.jpg,S1_futsal_C3clean_20260725_083013,C2_natural_occ,,,669.0,155.0,32.0,23.0,27.13,small,10,-17,object,natural,,,
S1_futsal_C3clean_20260725_083013_f000301.jpg,S1_futsal_C3clean_20260725_083013,C2_natural_occ,,,667.0,154.0,30.0,20.0,24.49,small,10,-17,object,natural,,,
S1_futsal_C3clean_20260725_083013_f000308.jpg,S1_futsal_C3clean_20260725_083013,C2_natural_occ,,,667.0,155.0,31.0,20.0,24.9,small,10,-17,object,natural,,,
S1_futsal_C3clean_20260725_083013_f000315.jpg,S1_futsal_C3clean_20260725_083013,C2_natural_occ,,,669.0,153.0,30.0,23.0,26.27,small,10,-17,object,natural,,,
S1_futsal_C3clean_20260725_083013_f000322.jpg,S1_futsal_C3clean_20260725_083013,C2_natural_occ,,,666.0,154.0,35.0,22.0,27.75,small,10,-17,object,natural,,,
S1_futsal_C3clean_20260725_083013_f000329.jpg,S1_futsal_C3clean_20260725_083013,C2_natural_occ,,,667.0,154.0,31.0,20.0,24.9,small,10,-17,object,natural,,,
S1_futsal_C3clean_20260725_083013_f000336.jpg,S1_futsal_C3clean_20260725_083013,C2_natural_occ,,,670.0,155.0,26.0,22.0,23.92,small,10,-17,object,natural,,,
S1_futsal_C3clean_20260725_083013_f000343.jpg,S1_futsal_C3clean_20260725_083013,C2_natural_occ,,,671.0,152.0,27.0,27.0,27.0,small,10,-17,object,natural,,,
S1_futsal_C3clean_20260725_083013_f000350.jpg,S1_futsal_C3clean_20260725_083013,C2_natural_occ,,,667.0,151.0,33.0,24.0,28.14,small,10,-17,object,natural,,,
S1_futsal_C3clean_20260725_083013_f000357.jpg,S1_futsal_C3clean_20260725_083013,C2_natural_occ,,blur_moderate,667.0,156.0,34.0,22.0,27.35,small,10,-17,object,natural,,,
S1_futsal_C3clean_20260725_083013_f000364.jpg,S1_futsal_C3clean_20260725_083013,C2_natural_occ,,,669.0,155.0,35.0,24.0,28.98,small,10,-17,object,natural,,,
S1_futsal_C3clean_20260725_083013_f000371.jpg,S1_futsal_C3clean_20260725_083013,C2_natural_occ,,blur_moderate,662.0,153.0,38.0,26.0,31.43,small,10,-17,object,natural,,,
S1_futsal_C3clean_20260725_083013_f000378.jpg,S1_futsal_C3clean_20260725_083013,C2_natural_occ,,,666.0,154.0,33.0,20.0,25.69,small,10,-17,object,natural,,,
S1_futsal_C3clean_20260725_083013_f000385.jpg,S1_futsal_C3clean_20260725_083013,C2_natural_occ,,,671.0,154.0,26.0,21.0,23.37,small,10,-17,object,natural,,,
S1_futsal_C3clean_20260725_083013_f000392.jpg,S1_futsal_C3clean_20260725_083013,C2_natural_occ,,blur_moderate,667.0,155.0,31.0,20.0,24.9,small,10,-17,object,natural,,,
S1_futsal_C3clean_20260725_083013_f000399.jpg,S1_futsal_C3clean_20260725_083013,C2_natural_occ,,,667.0,155.0,30.0,20.0,24.49,small,10,-17,object,natural,,,
S1_futsal_C3clean_20260725_083013_f000406.jpg,S1_futsal_C3clean_20260725_083013,C2_natural_occ,,blur_moderate,668.0,156.0,31.0,23.0,26.7,small,10,-17,object,natural,,,
S1_futsal_C3clean_20260725_083013_f000413.jpg,S1_futsal_C3clean_20260725_083013,C2_natural_occ,,blur_moderate,668.0,153.0,31.0,23.0,26.7,small,10,-17,object,natural,,,
S1_futsal_C3clean_20260725_083013_f000420.jpg,S1_futsal_C3clean_20260725_083013,C2_natural_occ,,blur_moderate,670.0,159.0,29.0,19.0,23.47,small,10,-17,object,natural,,,
S1_futsal_C3clean_20260725_083013_f000427.jpg,S1_futsal_C3clean_20260725_083013,C2_natural_occ,,blur_moderate,664.0,154.0,27.0,19.0,22.65,small,10,-17,object,natural,,,
S1_futsal_C3clean_20260725_083013_f000434.jpg,S1_futsal_C3clean_20260725_083013,C2_natural_occ,,,666.0,153.0,27.0,24.0,25.46,small,10,-17,object,natural,,,
S1_futsal_C3clean_20260725_083013_f000441.jpg,S1_futsal_C3clean_20260725_083013,C2_natural_occ,,,666.0,155.0,27.0,22.0,24.37,small,10,-17,object,natural,,,
S1_futsal_C3clean_20260725_083013_f000448.jpg,S1_futsal_C3clean_20260725_083013,C2_natural_occ,,blur_moderate,668.0,154.0,24.0,21.0,22.45,small,10,-17,object,natural,,,
S1_futsal_C3clean_20260725_083013_f000455.jpg,S1_futsal_C3clean_20260725_083013,C2_natural_occ,,blur_moderate,669.0,155.0,21.0,20.0,20.49,small,10,-17,object,natural,,,
S1_futsal_C3clean_20260725_083013_f000462.jpg,S1_futsal_C3clean_20260725_083013,C2_natural_occ,,blur_moderate,666.0,153.0,23.0,21.0,21.98,small,10,-17,object,natural,,,
S1_futsal_C3clean_20260725_083013_f000469.jpg,S1_futsal_C3clean_20260725_083013,C2_natural_occ,,blur_moderate,666.0,334.0,22.0,25.0,23.45,small,78,-18,object,natural,,,
S1_futsal_C3clean_20260725_083013_f000476.jpg,S1_futsal_C3clean_20260725_083013,C2_natural_occ,,blur_moderate,667.0,338.0,22.0,22.0,22.0,small,78,-18,object,natural,,,
S1_futsal_C3clean_20260725_083013_f000483.jpg,S1_futsal_C3clean_20260725_083013,C2_natural_occ,,blur_moderate,664.0,340.0,24.0,24.0,24.0,small,81,-18,object,natural,,,
S1_futsal_C3clean_20260725_083013_f000490.jpg,S1_futsal_C3clean_20260725_083013,C2_natural_occ,,blur_moderate,664.0,344.0,24.0,31.0,27.28,small,83,-18,object,natural,,,
S1_futsal_C3clean_20260725_083013_f000497.jpg,S1_futsal_C3clean_20260725_083013,C2_natural_occ,,blur_moderate,664.0,352.0,24.0,24.0,24.0,small,85,-18,object,natural,,,
S1_futsal_C3clean_20260725_083013_f000504.jpg,S1_futsal_C3clean_20260725_083013,C2_natural_occ,,blur_moderate,666.0,363.0,24.0,22.0,22.98,small,91,-17,object,natural,,,
S1_futsal_C3clean_20260725_083013_f000511.jpg,S1_futsal_C3clean_20260725_083013,C2_natural_occ,,blur_moderate,668.0,380.0,21.0,22.0,21.49,small,96,-17,object,natural,,,
S1_futsal_C3clean_20260725_083013_f000518.jpg,S1_futsal_C3clean_20260725_083013,C2_natural_occ,,blur_moderate,664.0,394.0,24.0,22.0,22.98,small,106,-17,object,natural,,,
S1_futsal_C3clean_20260725_083013_f000525.jpg,S1_futsal_C3clean_20260725_083013,C2_natural_occ,,blur_moderate,666.0,408.0,19.0,20.0,19.49,small,115,-17,object,natural,,,
S1_futsal_C3clean_20260725_083013_f000532.jpg,S1_futsal_C3clean_20260725_083013,C2_natural_occ,,blur_moderate,666.0,420.0,24.0,25.0,24.49,small,124,-18,object,natural,,,
S1_futsal_C3clean_20260725_083013_f000539.jpg,S1_futsal_C3clean_20260725_083013,C2_natural_occ,,blur_moderate,668.0,433.0,22.0,25.0,23.45,small,130,-17,object,natural,,,
S1_futsal_C3clean_20260725_083013_f000546.jpg,S1_futsal_C3clean_20260725_083013,C2_natural_occ,,blur_moderate,670.0,449.0,22.0,14.0,17.55,small,136,-18,object,natural,,,
S1_futsal_C3clean_20260725_083013_f000553.jpg,S1_futsal_C3clean_20260725_083013,C2_natural_occ,,blur_moderate,669.0,460.0,22.0,19.0,20.45,small,148,-17,object,natural,,,
S1_futsal_C3clean_20260725_083013_f000560.jpg,S1_futsal_C3clean_20260725_083013,C2_natural_occ,,blur_moderate,669.0,477.0,22.0,16.0,18.76,small,153,-18,object,natural,,,
S1_futsal_C3clean_20260725_083013_f000567.jpg,S1_futsal_C3clean_20260725_083013,C2_natural_occ,,blur_moderate,669.0,484.0,24.0,22.0,22.98,small,160,-18,object,natural,,,
S1_futsal_C3clean_20260725_083013_f000574.jpg,S1_futsal_C3clean_20260725_083013,C2_natural_occ,,blur_moderate,667.0,497.0,24.0,20.0,21.91,small,163,-18,object,natural,,,
S1_futsal_C3clean_20260725_083013_f000581.jpg,S1_futsal_C3clean_20260725_083013,C2_natural_occ,,blur_moderate,667.0,503.0,24.0,22.0,22.98,small,174,-18,object,natural,,,
S1_futsal_C3clean_20260725_083013_f000588.jpg,S1_futsal_C3clean_20260725_083013,C2_natural_occ,,blur_moderate,666.0,506.0,25.0,20.0,22.36,small,172,-17,object,natural,,,
S1_futsal_C3clean_20260725_083013_f000595.jpg,S1_futsal_C3clean_20260725_083013,C2_natural_occ,,blur_moderate,667.0,502.0,24.0,20.0,21.91,small,170,-17,object,natural,,,
S1_futsal_C3clean_20260725_083013_f000602.jpg,S1_futsal_C3clean_20260725_083013,C2_natural_occ,,blur_moderate,669.0,497.0,22.0,22.0,22.0,small,168,-18,object,natural,,,
S1_futsal_C3clean_20260725_083013_f000609.jpg,S1_futsal_C3clean_20260725_083013,C2_natural_occ,,blur_moderate,669.0,496.0,22.0,20.0,20.98,small,166,-18,object,natural,,,
S1_futsal_C3clean_20260725_083013_f000616.jpg,S1_futsal_C3clean_20260725_083013,C2_natural_occ,,blur_moderate,666.0,496.0,25.0,20.0,22.36,small,164,-17,object,natural,,,
S1_futsal_C3clean_20260725_083013_f000623.jpg,S1_futsal_C3clean_20260725_083013,C2_natural_occ,,blur_moderate,669.0,496.0,24.0,22.0,22.98,small,165,-17,object,natural,,,
S1_futsal_C3clean_20260725_083013_f000630.jpg,S1_futsal_C3clean_20260725_083013,C2_natural_occ,,blur_moderate,669.0,499.0,22.0,20.0,20.98,small,168,-17,object,natural,,,
S1_futsal_C3clean_20260725_083013_f000637.jpg,S1_futsal_C3clean_20260725_083013,C2_natural_occ,,blur_moderate,668.0,501.0,25.0,22.0,23.45,small,168,-17,object,natural,,,
S1_futsal_C3clean_20260725_083013_f000644.jpg,S1_futsal_C3clean_20260725_083013,C2_natural_occ,,blur_moderate,668.0,503.0,25.0,22.0,23.45,small,172,-17,object,natural,,,
S1_futsal_C3clean_20260725_083013_f000651.jpg,S1_futsal_C3clean_20260725_083013,C2_natural_occ,,blur_moderate,669.0,507.0,27.0,20.0,23.24,small,172,-17,object,natural,,,
S1_futsal_C3clean_20260725_083013_f000658.jpg,S1_futsal_C3clean_20260725_083013,C2_natural_occ,,blur_moderate,668.0,507.0,28.0,22.0,24.82,small,172,-17,object,natural,,,
S1_futsal_C3clean_20260725_083013_f000665.jpg,S1_futsal_C3clean_20260725_083013,C2_natural_occ,,,668.0,506.0,28.0,23.0,25.38,small,174,-17,object,natural,,,
S1_futsal_C3clean_20260725_083013_f000672.jpg,S1_futsal_C3clean_20260725_083013,C2_natural_occ,,blur_moderate,669.0,506.0,25.0,23.0,23.98,small,173,-17,object,natural,,,
S1_futsal_C3clean_20260725_083013_f000679.jpg,S1_futsal_C3clean_20260725_083013,C2_natural_occ,,blur_moderate,669.0,508.0,25.0,22.0,23.45,small,175,-18,object,natural,,,
S1_futsal_C3clean_20260725_083013_f000686.jpg,S1_futsal_C3clean_20260725_083013,C2_natural_occ,,blur_moderate,668.0,507.0,28.0,22.0,24.82,small,172,-18,object,natural,,,
S1_futsal_C3clean_20260725_083013_f000693.jpg,S1_futsal_C3clean_20260725_083013,C2_natural_occ,,blur_moderate,668.0,507.0,25.0,20.0,22.36,small,174,-18,object,natural,,,
S1_futsal_C3clean_20260725_083013_f000700.jpg,S1_futsal_C3clean_20260725_083013,C2_natural_occ,,blur_moderate,668.0,507.0,25.0,20.0,22.36,small,176,-18,object,natural,,,
S1_futsal_C3clean_20260725_083013_f000707.jpg,S1_futsal_C3clean_20260725_083013,C2_natural_occ,,blur_moderate,641.0,503.0,22.0,22.0,22.0,small,173,-15,object,natural,,,
S1_futsal_C3clean_20260725_083013_f000714.jpg,S1_futsal_C3clean_20260725_083013,C2_natural_occ,,blur_moderate,531.0,498.0,24.0,22.0,22.98,small,172,-10,object,natural,,,
S1_futsal_C3clean_20260725_083013_f000721.jpg,S1_futsal_C3clean_20260725_083013,C2_natural_occ,,blur_moderate,432.0,498.0,25.0,22.0,23.45,small,172,-3,object,natural,,,
S1_futsal_C3clean_20260725_083013_f000728.jpg,S1_futsal_C3clean_20260725_083013,C2_natural_occ,,,420.0,498.0,25.0,22.0,23.45,small,173,-1,object,natural,,,
S1_futsal_C3clean_20260725_083013_f000735.jpg,S1_futsal_C3clean_20260725_083013,C2_natural_occ,,,421.0,499.0,24.0,20.0,21.91,small,175,-1,object,natural,,,
S1_futsal_C3clean_20260725_083013_f000742.jpg,S1_futsal_C3clean_20260725_083013,C2_natural_occ,,blur_moderate,421.0,499.0,22.0,22.0,22.0,small,173,-1,object,natural,,,
S1_futsal_C3clean_20260725_083013_f000749.jpg,S1_futsal_C3clean_20260725_083013,C2_natural_occ,,blur_moderate,420.0,497.0,22.0,20.0,20.98,small,174,-1,object,natural,,,
S1_futsal_C3clean_20260725_083013_f000756.jpg,S1_futsal_C3clean_20260725_083013,C2_natural_occ,,blur_moderate,409.0,497.0,24.0,20.0,21.91,small,171,-1,object,natural,,,
S1_futsal_C3clean_20260725_083013_f000763.jpg,S1_futsal_C3clean_20260725_083013,C2_natural_occ,,blur_moderate,384.0,494.0,21.0,19.0,19.98,small,171,-1,object,natural,,,
S1_futsal_C3clean_20260725_083013_f000770.jpg,S1_futsal_C3clean_20260725_083013,C2_natural_occ,,blur_moderate,354.0,496.0,19.0,16.0,17.44,small,171,-1,object,natural,,,
S1_futsal_C3clean_20260725_083013_f000777.jpg,S1_futsal_C3clean_20260725_083013,C2_natural_occ,,blur_moderate,318.0,495.0,18.0,20.0,18.97,small,170,-1,object,natural,,,
S1_futsal_C3clean_20260725_083013_f000784.jpg,S1_futsal_C3clean_20260725_083013,C2_natural_occ,,,285.0,498.0,13.0,16.0,14.42,small,171,-1,object,natural,,,
S1_futsal_C3clean_20260725_083013_f000791.jpg,S1_futsal_C3clean_20260725_083013,C2_natural_occ,,,249.0,497.0,16.0,23.0,19.18,small,172,-1,object,natural,,,
S1_futsal_C3clean_20260725_083013_f000798.jpg,S1_futsal_C3clean_20260725_083013,C2_natural_occ,,blur_heavy,227.0,501.0,15.0,16.0,15.49,small,172,-1,object,natural,,,
S1_futsal_C3clean_20260725_083013_f000805.jpg,S1_futsal_C3clean_20260725_083013,C2_natural_occ,,blur_heavy,302.0,493.0,22.0,22.0,22.0,small,174,-8,object,natural,,,
S1_futsal_C3clean_20260725_083013_f000812.jpg,S1_futsal_C3clean_20260725_083013,C2_natural_occ,,blur_heavy,348.0,486.0,25.0,22.0,23.45,small,174,-14,object,natural,,,
S1_futsal_C3clean_20260725_083013_f000819.jpg,S1_futsal_C3clean_20260725_083013,C2_natural_occ,,blur_moderate,345.0,484.0,22.0,19.0,20.45,small,175,-14,object,natural,,,
S1_futsal_C3clean_20260725_083013_f000826.jpg,S1_futsal_C3clean_20260725_083013,C2_natural_occ,,blur_moderate,340.0,482.0,19.0,22.0,20.45,small,171,-14,object,natural,,,
S1_futsal_C3clean_20260725_083013_f000833.jpg,S1_futsal_C3clean_20260725_083013,C2_natural_occ,,blur_moderate,322.0,476.0,19.0,30.0,23.87,small,174,-14,object,natural,,,
S1_futsal_C3clean_20260725_083013_f000840.jpg,S1_futsal_C3clean_20260725_083013,C2_natural_occ,,blur_moderate,293.0,477.0,23.0,27.0,24.92,small,174,-14,object,natural,,,
S1_futsal_C3clean_20260725_083013_f000847.jpg,S1_futsal_C3clean_20260725_083013,C2_natural_occ,,,256.0,482.0,18.0,15.0,16.43,small,170,-14,object,natural,,,
S1_futsal_C3clean_20260725_083013_f000854.jpg,S1_futsal_C3clean_20260725_083013,C2_natural_occ,,blur_moderate,225.0,486.0,13.0,12.0,12.49,small,173,-14,object,natural,,,
S1_futsal_C3clean_20260725_083013_f001372.jpg,S1_futsal_C3clean_20260725_083013,C2_natural_occ,,,485.0,384.0,9.0,13.0,10.82,small,181,-81,object,natural,,,
S1_futsal_C3clean_20260725_083013_f001379.jpg,S1_futsal_C3clean_20260725_083013,C2_natural_occ,,,465.0,385.0,7.0,11.0,8.78,small,183,-81,object,natural,,,
S1_futsal_C3clean_20260725_083013_f001386.jpg,S1_futsal_C3clean_20260725_083013,C2_natural_occ,,,438.0,385.0,13.0,15.0,13.96,small,185,-81,object,natural,,,
S1_futsal_C3clean_20260725_083013_f001393.jpg,S1_futsal_C3clean_20260725_083013,C2_natural_occ,,,406.0,385.0,14.0,11.0,12.41,small,181,-81,object,natural,,,
S1_futsal_C3clean_20260725_083013_f001400.jpg,S1_futsal_C3clean_20260725_083013,C2_natural_occ,,,373.0,384.0,16.0,12.0,13.86,small,179,-81,object,natural,,,
S1_futsal_C3clean_20260725_083013_f001407.jpg,S1_futsal_C3clean_20260725_083013,C2_natural_occ,,,347.0,382.0,15.0,13.0,13.96,small,180,-81,object,natural,,,
S1_futsal_C3clean_20260725_083013_f001414.jpg,S1_futsal_C3clean_20260725_083013,C2_natural_occ,,blur_moderate,318.0,383.0,16.0,13.0,14.42,small,178,-81,object,natural,,,
S1_futsal_C3clean_20260725_083013_f001421.jpg,S1_futsal_C3clean_20260725_083013,C2_natural_occ,,blur_moderate,294.0,382.0,16.0,18.0,16.97,small,179,-81,object,natural,,,
S1_futsal_C3clean_20260725_083013_f001428.jpg,S1_futsal_C3clean_20260725_083013,C2_natural_occ,,,277.0,386.0,19.0,16.0,17.44,small,181,-81,object,natural,,,
S1_futsal_C3clean_20260725_083013_f001435.jpg,S1_futsal_C3clean_20260725_083013,C2_natural_occ,,,267.0,385.0,15.0,13.0,13.96,small,182,-81,object,natural,,,
S1_futsal_C3clean_20260725_083013_f001442.jpg,S1_futsal_C3clean_20260725_083013,C2_natural_occ,,,258.0,384.0,19.0,18.0,18.49,small,180,-81,object,natural,,,
S1_futsal_C3clean_20260725_083013_f001449.jpg,S1_futsal_C3clean_20260725_083013,C2_natural_occ,,,255.0,385.0,16.0,15.0,15.49,small,183,-81,object,natural,,,
S1_futsal_C3clean_20260725_083013_f001456.jpg,S1_futsal_C3clean_20260725_083013,C2_natural_occ,,blur_moderate,252.0,388.0,15.0,14.0,14.49,small,181,-81,object,natural,,,
S1_futsal_C3clean_20260725_083013_f001463.jpg,S1_futsal_C3clean_20260725_083013,C2_natural_occ,,,254.0,384.0,13.0,18.0,15.3,small,180,-81,object,natural,,,
S1_futsal_C3clean_20260725_083013_f001470.jpg,S1_futsal_C3clean_20260725_083013,C2_natural_occ,,,253.0,379.0,19.0,16.0,17.44,small,181,-81,object,natural,,,
S1_futsal_C3clean_20260725_083013_f001477.jpg,S1_futsal_C3clean_20260725_083013,C2_natural_occ,,blur_moderate,242.0,384.0,13.0,13.0,13.0,small,181,-81,object,natural,,,
S1_futsal_C3clean_20260725_083013_f001484.jpg,S1_futsal_C3clean_20260725_083013,C2_natural_occ,,blur_moderate,221.0,384.0,21.0,15.0,17.75,small,183,-81,object,natural,,,
S1_futsal_C3clean_20260725_083013_f001491.jpg,S1_futsal_C3clean_20260725_083013,C2_natural_occ,,blur_moderate,198.0,383.0,22.0,20.0,20.98,small,184,-81,object,natural,,,
S1_futsal_C3clean_20260725_083013_f001498.jpg,S1_futsal_C3clean_20260725_083013,C2_natural_occ,,blur_moderate,168.0,391.0,21.0,13.0,16.52,small,185,-81,object,natural,,,
S1_futsal_C3clean_20260725_083013_f001505.jpg,S1_futsal_C3clean_20260725_083013,C2_natural_occ,,blur_moderate,150.0,389.0,22.0,13.0,16.91,small,181,-81,object,natural,,,
S1_futsal_C3clean_20260725_083013_f001512.jpg,S1_futsal_C3clean_20260725_083013,C2_natural_occ,,blur_moderate,144.0,389.0,24.0,13.0,17.66,small,179,-81,object,natural,,,
S1_futsal_C3clean_20260725_083013_f001519.jpg,S1_futsal_C3clean_20260725_083013,C2_natural_occ,,blur_heavy,166.0,383.0,24.0,14.0,18.33,small,180,-84,object,natural,,,
S1_futsal_C3clean_20260725_083013_f001526.jpg,S1_futsal_C3clean_20260725_083013,C2_natural_occ,,blur_heavy,268.0,378.0,22.0,12.0,16.25,small,180,-89,object,natural,,,
S1_futsal_C3clean_20260725_083013_f001533.jpg,S1_futsal_C3clean_20260725_083013,C2_natural_occ,,blur_moderate,366.0,372.0,19.0,13.0,15.72,small,182,-95,object,natural,,,
S1_futsal_C3clean_20260725_083013_f001540.jpg,S1_futsal_C3clean_20260725_083013,C2_natural_occ,,,381.0,372.0,18.0,13.0,15.3,small,181,-95,object,natural,,,
S1_futsal_C3clean_20260725_083013_f001547.jpg,S1_futsal_C3clean_20260725_083013,C2_natural_occ,,,381.0,372.0,19.0,13.0,15.72,small,180,-95,object,natural,,,
S1_futsal_C3clean_20260725_083013_f001554.jpg,S1_futsal_C3clean_20260725_083013,C2_natural_occ,,blur_heavy,381.0,367.0,19.0,21.0,19.98,small,181,-95,object,natural,,,
S1_futsal_C3clean_20260725_083013_f001561.jpg,S1_futsal_C3clean_20260725_083013,C2_natural_occ,,blur_heavy,381.0,327.0,22.0,15.0,18.17,small,183,-95,object,natural,,,
S1_futsal_C3clean_20260725_083013_f001568.jpg,S1_futsal_C3clean_20260725_083013,C2_natural_occ,,blur_moderate,382.0,329.0,19.0,16.0,17.44,small,180,-95,object,natural,,,
S1_futsal_C3clean_20260725_083013_f001575.jpg,S1_futsal_C3clean_20260725_083013,C2_natural_occ,,blur_moderate,379.0,356.0,24.0,15.0,18.97,small,180,-95,object,natural,,,
S1_futsal_C3clean_20260725_083013_f001582.jpg,S1_futsal_C3clean_20260725_083013,C2_natural_occ,,blur_moderate,375.0,369.0,28.0,18.0,22.45,small,179,-95,object,natural,,,
S1_futsal_C3clean_20260725_083013_f001589.jpg,S1_futsal_C3clean_20260725_083013,C2_natural_occ,,,378.0,378.0,25.0,16.0,20.0,small,179,-95,object,natural,,,
S1_futsal_C3clean_20260725_083013_f001596.jpg,S1_futsal_C3clean_20260725_083013,C2_natural_occ,,blur_moderate,376.0,394.0,24.0,16.0,19.6,small,179,-95,object,natural,,,
S1_futsal_C3clean_20260725_083013_f001603.jpg,S1_futsal_C3clean_20260725_083013,C2_natural_occ,,,378.0,398.0,19.0,22.0,20.45,small,178,-95,object,natural,,,
S1_futsal_C3clean_20260725_083013_f001610.jpg,S1_futsal_C3clean_20260725_083013,C2_natural_occ,,,370.0,408.0,30.0,22.0,25.69,small,179,-95,object,natural,,,
S1_futsal_C3clean_20260725_083013_f001617.jpg,S1_futsal_C3clean_20260725_083013,C2_natural_occ,,,372.0,416.0,27.0,19.0,22.65,small,180,-95,object,natural,,,
S1_futsal_C3clean_20260725_083013_f001624.jpg,S1_futsal_C3clean_20260725_083013,C2_natural_occ,,,375.0,420.0,19.0,22.0,20.45,small,182,-95,object,natural,,,
S1_futsal_C3clean_20260725_083013_f001631.jpg,S1_futsal_C3clean_20260725_083013,C2_natural_occ,,blur_heavy,375.0,435.0,25.0,20.0,22.36,small,188,-95,object,natural,,,
S1_futsal_C3clean_20260725_083013_f001638.jpg,S1_futsal_C3clean_20260725_083013,C2_natural_occ,,blur_moderate,374.0,447.0,27.0,22.0,24.37,small,202,-95,object,natural,,,
S1_futsal_C3clean_20260725_083013_f001645.jpg,S1_futsal_C3clean_20260725_083013,C2_natural_occ,,,375.0,459.0,28.0,28.0,28.0,small,216,-95,object,natural,,,
S1_futsal_C3clean_20260725_083013_f001652.jpg,S1_futsal_C3clean_20260725_083013,C2_natural_occ,,,378.0,470.0,27.0,22.0,24.37,small,221,-95,object,natural,,,
S1_futsal_C3clean_20260725_083013_f001659.jpg,S1_futsal_C3clean_20260725_083013,C2_natural_occ,,,380.0,482.0,28.0,22.0,24.82,small,231,-95,object,natural,,,
S1_futsal_C3clean_20260725_083013_f001666.jpg,S1_futsal_C3clean_20260725_083013,C2_natural_occ,,,378.0,492.0,25.0,22.0,23.45,small,237,-95,object,natural,,,
S1_futsal_C3clean_20260725_083013_f001673.jpg,S1_futsal_C3clean_20260725_083013,C2_natural_occ,,,384.0,499.0,25.0,20.0,22.36,small,241,-95,object,natural,,,
S1_futsal_C3clean_20260725_083013_f001680.jpg,S1_futsal_C3clean_20260725_083013,C2_natural_occ,,,384.0,503.0,19.0,22.0,20.45,small,251,-95,object,natural,,,
S1_futsal_C3clean_20260725_083013_f001687.jpg,S1_futsal_C3clean_20260725_083013,C2_natural_occ,,,380.0,509.0,27.0,21.0,23.81,small,253,-95,object,natural,,,
S1_futsal_C3clean_20260725_083013_f001694.jpg,S1_futsal_C3clean_20260725_083013,C2_natural_occ,,,380.0,516.0,27.0,23.0,24.92,small,258,-95,object,natural,,,
S1_futsal_C3clean_20260725_083013_f001701.jpg,S1_futsal_C3clean_20260725_083013,C2_natural_occ,,,384.0,524.0,25.0,19.0,21.79,small,261,-95,object,natural,,,
S1_futsal_C3clean_20260725_083013_f001708.jpg,S1_futsal_C3clean_20260725_083013,C2_natural_occ,,,375.0,527.0,31.0,21.0,25.51,small,267,-95,object,natural,,,
S1_futsal_C3clean_20260725_083013_f001715.jpg,S1_futsal_C3clean_20260725_083013,C2_natural_occ,,,382.0,539.0,25.0,21.0,22.91,small,275,-95,object,natural,,,
S1_futsal_C3clean_20260725_083013_f001722.jpg,S1_futsal_C3clean_20260725_083013,C2_natural_occ,,,381.0,546.0,27.0,19.0,22.65,small,282,-95,object,natural,,,
S1_futsal_C3clean_20260725_083013_f001729.jpg,S1_futsal_C3clean_20260725_083013,C2_natural_occ,,,386.0,555.0,28.0,18.0,22.45,small,289,-95,object,natural,,,
S1_futsal_C3clean_20260725_083013_f001736.jpg,S1_futsal_C3clean_20260725_083013,C2_natural_occ,,,383.0,562.0,27.0,22.0,24.37,small,304,-95,object,natural,,,
S1_futsal_C3clean_20260725_083013_f001743.jpg,S1_futsal_C3clean_20260725_083013,C2_natural_occ,,,382.0,565.0,30.0,24.0,26.83,small,308,-95,object,natural,,,
S1_futsal_C3clean_20260725_083013_f001750.jpg,S1_futsal_C3clean_20260725_083013,C2_natural_occ,,,384.0,574.0,25.0,22.0,23.45,small,311,-95,object,natural,,,
S1_futsal_C3clean_20260725_083013_f001757.jpg,S1_futsal_C3clean_20260725_083013,C2_natural_occ,,,384.0,585.0,25.0,23.0,23.98,small,323,-95,object,natural,,,
S1_futsal_C3clean_20260725_083013_f001764.jpg,S1_futsal_C3clean_20260725_083013,C2_natural_occ,,,383.0,591.0,28.0,22.0,24.82,small,328,-95,object,natural,,,
S1_futsal_C3clean_20260725_083013_f001771.jpg,S1_futsal_C3clean_20260725_083013,C2_natural_occ,,,384.0,599.0,25.0,23.0,23.98,small,346,-95,object,natural,,,
S1_futsal_C3clean_20260725_083013_f001778.jpg,S1_futsal_C3clean_20260725_083013,C2_natural_occ,,,387.0,604.0,25.0,22.0,23.45,small,339,-95,object,natural,,,
S1_futsal_C3clean_20260725_083013_f001785.jpg,S1_futsal_C3clean_20260725_083013,C2_natural_occ,,,385.0,604.0,24.0,18.0,20.78,small,336,-95,object,natural,,,
S1_futsal_C3clean_20260725_083013_f001792.jpg,S1_futsal_C3clean_20260725_083013,C2_natural_occ,,,386.0,599.0,27.0,21.0,23.81,small,340,-95,object,natural,,,
S1_futsal_C3clean_20260725_083013_f001799.jpg,S1_futsal_C3clean_20260725_083013,C2_natural_occ,,,386.0,597.0,27.0,22.0,24.37,small,335,-95,object,natural,,,
S1_futsal_C3clean_20260725_083013_f001806.jpg,S1_futsal_C3clean_20260725_083013,C2_natural_occ,,,385.0,599.0,24.0,15.0,18.97,small,333,-95,object,natural,,,
S1_futsal_C3clean_20260725_083013_f001813.jpg,S1_futsal_C3clean_20260725_083013,C2_natural_occ,,,381.0,592.0,31.0,20.0,24.9,small,330,-95,object,natural,,,
S1_futsal_C3clean_20260725_083013_f001820.jpg,S1_futsal_C3clean_20260725_083013,C2_natural_occ,,,387.0,592.0,24.0,21.0,22.45,small,328,-95,object,natural,,,
S1_futsal_C3clean_20260725_083013_f001827.jpg,S1_futsal_C3clean_20260725_083013,C2_natural_occ,,,387.0,595.0,22.0,18.0,19.9,small,329,-95,object,natural,,,
S1_futsal_C3clean_20260725_083013_f001834.jpg,S1_futsal_C3clean_20260725_083013,C2_natural_occ,,,387.0,596.0,25.0,18.0,21.21,small,331,-95,object,natural,,,
S1_futsal_C3clean_20260725_083013_f001841.jpg,S1_futsal_C3clean_20260725_083013,C2_natural_occ,,,384.0,597.0,27.0,22.0,24.37,small,332,-95,object,natural,,,
S1_futsal_C3clean_20260725_083013_f001848.jpg,S1_futsal_C3clean_20260725_083013,C2_natural_occ,,,387.0,600.0,22.0,20.0,20.98,small,337,-95,object,natural,,,
S1_futsal_C3clean_20260725_083013_f001855.jpg,S1_futsal_C3clean_20260725_083013,C2_natural_occ,,,387.0,604.0,25.0,16.0,20.0,small,342,-95,object,natural,,,
S1_futsal_C3clean_20260725_083013_f001862.jpg,S1_futsal_C3clean_20260725_083013,C2_natural_occ,,,387.0,601.0,25.0,20.0,22.36,small,335,-95,object,natural,,,
S1_futsal_C3clean_20260725_083013_f001869.jpg,S1_futsal_C3clean_20260725_083013,C2_natural_occ,,,384.0,600.0,28.0,20.0,23.66,small,338,-95,object,natural,,,
S1_futsal_C3clean_20260725_083013_f001876.jpg,S1_futsal_C3clean_20260725_083013,C2_natural_occ,,,386.0,603.0,22.0,16.0,18.76,small,336,-95,object,natural,,,
S1_futsal_C3clean_20260725_083013_f001883.jpg,S1_futsal_C3clean_20260725_083013,C2_natural_occ,,,384.0,601.0,28.0,21.0,24.25,small,334,-95,object,natural,,,
S1_futsal_C3clean_20260725_083013_f001890.jpg,S1_futsal_C3clean_20260725_083013,C2_natural_occ,,,385.0,603.0,28.0,23.0,25.38,small,337,-95,object,natural,,,
S1_futsal_C3clean_20260725_083013_f001897.jpg,S1_futsal_C3clean_20260725_083013,C2_natural_occ,,,388.0,602.0,24.0,21.0,22.45,small,340,-95,object,natural,,,
S1_futsal_C3clean_20260725_083013_f001904.jpg,S1_futsal_C3clean_20260725_083013,C2_natural_occ,,,387.0,606.0,27.0,18.0,22.05,small,337,-95,object,natural,,,
S1_futsal_C3clean_20260725_083013_f001911.jpg,S1_futsal_C3clean_20260725_083013,C2_natural_occ,,,387.0,603.0,27.0,19.0,22.65,small,337,-95,object,natural,,,
S1_futsal_C3clean_20260725_083013_f001918.jpg,S1_futsal_C3clean_20260725_083013,C2_natural_occ,,,387.0,605.0,28.0,19.0,23.07,small,343,-95,object,natural,,,
S1_futsal_C3clean_20260725_083013_f001925.jpg,S1_futsal_C3clean_20260725_083013,C2_natural_occ,,,382.0,604.0,31.0,25.0,27.84,small,341,-95,object,natural,,,
S1_futsal_C3clean_20260725_083013_f001932.jpg,S1_futsal_C3clean_20260725_083013,C2_natural_occ,,,385.0,608.0,25.0,16.0,20.0,small,344,-95,object,natural,,,
S1_futsal_C3clean_20260725_083013_f001939.jpg,S1_futsal_C3clean_20260725_083013,C2_natural_occ,,,386.0,607.0,27.0,18.0,22.05,small,339,-95,object,natural,,,
S1_futsal_C3clean_20260725_083013_f001946.jpg,S1_futsal_C3clean_20260725_083013,C2_natural_occ,,,390.0,608.0,24.0,15.0,18.97,small,340,-95,object,natural,,,
S1_futsal_C3clean_20260725_083013_f001953.jpg,S1_futsal_C3clean_20260725_083013,C2_natural_occ,,,447.0,604.0,25.0,19.0,21.79,small,341,-100,object,natural,,,
S1_futsal_C3clean_20260725_083013_f001960.jpg,S1_futsal_C3clean_20260725_083013,C2_natural_occ,,,513.0,604.0,31.0,16.0,22.27,small,340,-104,object,natural,,,
S1_futsal_C3clean_20260725_083013_f001967.jpg,S1_futsal_C3clean_20260725_083013,C2_natural_occ,,,516.0,604.0,28.0,19.0,23.07,small,338,-104,object,natural,,,
S1_futsal_C3clean_20260725_083013_f001974.jpg,S1_futsal_C3clean_20260725_083013,C2_natural_occ,,,520.0,601.0,21.0,24.0,22.45,small,338,-104,object,natural,,,
S1_futsal_C3clean_20260725_083013_f001981.jpg,S1_futsal_C3clean_20260725_083013,C2_natural_occ,,,517.0,602.0,30.0,19.0,23.87,small,339,-104,object,natural,,,
S1_futsal_C3clean_20260725_083013_f001988.jpg,S1_futsal_C3clean_20260725_083013,C2_natural_occ,,,513.0,599.0,33.0,20.0,25.69,small,339,-104,object,natural,,,
S1_futsal_C3clean_20260725_083013_f001995.jpg,S1_futsal_C3clean_20260725_083013,C2_natural_occ,,,517.0,602.0,30.0,19.0,23.87,small,350,-104,object,natural,,,
S1_futsal_C3clean_20260725_083013_f002002.jpg,S1_futsal_C3clean_20260725_083013,C2_natural_occ,,,510.0,596.0,33.0,24.0,28.14,small,350,-104,object,natural,,,
S1_futsal_C3clean_20260725_083013_f002009.jpg,S1_futsal_C3clean_20260725_083013,C2_natural_occ,,,495.0,595.0,31.0,21.0,25.51,small,339,-104,object,natural,,,
S1_futsal_C3clean_20260725_083013_f002016.jpg,S1_futsal_C3clean_20260725_083013,C2_natural_occ,,,474.0,593.0,28.0,28.0,28.0,small,332,-104,object,natural,,,
S1_futsal_C3clean_20260725_083013_f002023.jpg,S1_futsal_C3clean_20260725_083013,C2_natural_occ,,,435.0,593.0,27.0,21.0,23.81,small,336,-104,object,natural,,,
S1_futsal_C3clean_20260725_083013_f002030.jpg,S1_futsal_C3clean_20260725_083013,C2_natural_occ,,,405.0,590.0,30.0,27.0,28.46,small,347,-104,object,natural,,,
S1_futsal_C3clean_20260725_083013_f002037.jpg,S1_futsal_C3clean_20260725_083013,C2_natural_occ,,,378.0,592.0,27.0,27.0,27.0,small,344,-104,object,natural,,,
S1_futsal_C3clean_20260725_083013_f002044.jpg,S1_futsal_C3clean_20260725_083013,C2_natural_occ,,,353.0,597.0,28.0,24.0,25.92,small,349,-104,object,natural,,,
S1_futsal_C3clean_20260725_083013_f002051.jpg,S1_futsal_C3clean_20260725_083013,C2_natural_occ,,,339.0,594.0,31.0,29.0,29.98,small,339,-104,object,natural,,,
S1_futsal_C3clean_20260725_083013_f002058.jpg,S1_futsal_C3clean_20260725_083013,C2_natural_occ,,,330.0,591.0,28.0,27.0,27.5,small,336,-104,object,natural,,,
S1_futsal_C3clean_20260725_083013_f002065.jpg,S1_futsal_C3clean_20260725_083013,C2_natural_occ,,,315.0,588.0,25.0,22.0,23.45,small,337,-104,object,natural,,,
S1_futsal_C3clean_20260725_083013_f002072.jpg,S1_futsal_C3clean_20260725_083013,C2_natural_occ,,,291.0,585.0,31.0,31.0,31.0,small,334,-104,object,natural,,,
S1_futsal_C3clean_20260725_083013_f002079.jpg,S1_futsal_C3clean_20260725_083013,C2_natural_occ,,,278.0,586.0,34.0,30.0,31.94,small,336,-104,object,natural,,,
S1_futsal_C3clean_20260725_083013_f002086.jpg,S1_futsal_C3clean_20260725_083013,C2_natural_occ,,,265.0,588.0,34.0,29.0,31.4,small,337,-104,object,natural,,,
S1_futsal_C3clean_20260725_083013_f002093.jpg,S1_futsal_C3clean_20260725_083013,C2_natural_occ,,,261.0,589.0,36.0,31.0,33.41,medium,341,-104,object,natural,,,
S1_futsal_C3clean_20260725_083013_f002100.jpg,S1_futsal_C3clean_20260725_083013,C2_natural_occ,,,259.0,594.0,30.0,23.0,26.27,small,346,-104,object,natural,,,
S1_futsal_C3clean_20260725_083013_f002107.jpg,S1_futsal_C3clean_20260725_083013,C2_natural_occ,,,258.0,591.0,36.0,31.0,33.41,medium,339,-104,object,natural,,,
S1_futsal_C3clean_20260725_083013_f002114.jpg,S1_futsal_C3clean_20260725_083013,C2_natural_occ,,,259.0,591.0,36.0,31.0,33.41,medium,341,-104,object,natural,,,
S1_futsal_C3clean_20260725_083013_f002121.jpg,S1_futsal_C3clean_20260725_083013,C2_natural_occ,,,261.0,591.0,36.0,31.0,33.41,medium,346,-104,object,natural,,,
S1_futsal_C3clean_20260725_083013_f002128.jpg,S1_futsal_C3clean_20260725_083013,C2_natural_occ,,,262.0,591.0,36.0,31.0,33.41,medium,346,-104,object,natural,,,
S1_futsal_C3clean_20260725_083013_f002135.jpg,S1_futsal_C3clean_20260725_083013,C2_natural_occ,,,264.0,590.0,36.0,31.0,33.41,medium,339,-104,object,natural,,,
S1_futsal_C3clean_20260725_083013_f002142.jpg,S1_futsal_C3clean_20260725_083013,C2_natural_occ,,,264.0,590.0,36.0,29.0,32.31,medium,334,-104,object,natural,,,
S1_futsal_C3clean_20260725_083013_f002149.jpg,S1_futsal_C3clean_20260725_083013,C2_natural_occ,,,262.0,591.0,34.0,28.0,30.85,small,339,-104,object,natural,,,
S1_futsal_C3clean_20260725_083013_f002156.jpg,S1_futsal_C3clean_20260725_083013,C2_natural_occ,,,262.0,590.0,36.0,27.0,31.18,small,340,-104,object,natural,,,
S1_futsal_C3clean_20260725_083013_f002163.jpg,S1_futsal_C3clean_20260725_083013,C2_natural_occ,,,265.0,591.0,28.0,24.0,25.92,small,344,-104,object,natural,,,
S1_futsal_C3clean_20260725_083013_f002170.jpg,S1_futsal_C3clean_20260725_083013,C2_natural_occ,,,262.0,592.0,30.0,22.0,25.69,small,340,-104,object,natural,,,
S1_futsal_C3clean_20260725_083013_f002177.jpg,S1_futsal_C3clean_20260725_083013,C2_natural_occ,,,261.0,590.0,36.0,24.0,29.39,small,339,-104,object,natural,,,
S1_futsal_C3clean_20260725_083013_f002184.jpg,S1_futsal_C3clean_20260725_083013,C2_natural_occ,,,267.0,592.0,25.0,16.0,20.0,small,337,-104,object,natural,,,
S1_futsal_C3clean_20260725_083013_f002191.jpg,S1_futsal_C3clean_20260725_083013,C2_natural_occ,,,267.0,592.0,27.0,21.0,23.81,small,332,-104,object,natural,,,
S1_futsal_C3clean_20260725_083013_f002198.jpg,S1_futsal_C3clean_20260725_083013,C2_natural_occ,,,270.0,591.0,25.0,20.0,22.36,small,335,-104,object,natural,,,
S1_futsal_C3clean_20260725_083013_f002205.jpg,S1_futsal_C3clean_20260725_083013,C2_natural_occ,,,262.0,589.0,36.0,27.0,31.18,small,334,-104,object,natural,,,
S1_futsal_C3clean_20260725_083013_f002212.jpg,S1_futsal_C3clean_20260725_083013,C2_natural_occ,,,263.0,591.0,34.0,24.0,28.57,small,340,-104,object,natural,,,
S1_futsal_C3clean_20260725_083013_f002219.jpg,S1_futsal_C3clean_20260725_083013,C2_natural_occ,,,263.0,592.0,34.0,27.0,30.3,small,348,-104,object,natural,,,
S1_futsal_C3clean_20260725_083013_f002226.jpg,S1_futsal_C3clean_20260725_083013,C2_natural_occ,,,262.0,592.0,36.0,27.0,31.18,small,345,-104,object,natural,,,
S1_futsal_C3clean_20260725_083013_f002233.jpg,S1_futsal_C3clean_20260725_083013,C2_natural_occ,,,262.0,592.0,37.0,27.0,31.61,small,348,-104,object,natural,,,
S1_futsal_C3clean_20260725_083013_f002240.jpg,S1_futsal_C3clean_20260725_083013,C2_natural_occ,,,263.0,589.0,34.0,27.0,30.3,small,340,-104,object,natural,,,
S1_futsal_C3clean_20260725_083013_f002247.jpg,S1_futsal_C3clean_20260725_083013,C2_natural_occ,,,253.0,588.0,36.0,29.0,32.31,medium,341,-104,object,natural,,,
S1_futsal_C3clean_20260725_083013_f002254.jpg,S1_futsal_C3clean_20260725_083013,C2_natural_occ,,,232.0,589.0,31.0,24.0,27.28,small,336,-104,object,natural,,,
S1_futsal_C3clean_20260725_083013_f002261.jpg,S1_futsal_C3clean_20260725_083013,C2_natural_occ,,,209.0,586.0,34.0,25.0,29.15,small,339,-104,object,natural,,,
S1_futsal_C3clean_20260725_083013_f002268.jpg,S1_futsal_C3clean_20260725_083013,C2_natural_occ,,,190.0,588.0,36.0,29.0,32.31,medium,337,-104,object,natural,,,
S1_futsal_C3clean_20260725_083013_f002275.jpg,S1_futsal_C3clean_20260725_083013,C2_natural_occ,,,175.0,584.0,37.0,28.0,32.19,medium,335,-104,object,natural,,,
S1_futsal_C3clean_20260725_083013_f002282.jpg,S1_futsal_C3clean_20260725_083013,C2_natural_occ,,,193.0,586.0,30.0,25.0,27.39,small,335,-104,object,natural,,,
S1_futsal_C3clean_20260725_083013_f002289.jpg,S1_futsal_C3clean_20260725_083013,C2_natural_occ,,,208.0,590.0,36.0,20.0,26.83,small,334,-104,object,natural,,,
S1_futsal_C3clean_20260725_083013_f002296.jpg,S1_futsal_C3clean_20260725_083013,C2_natural_occ,,,231.0,586.0,34.0,24.0,28.57,small,340,-104,object,natural,,,
S1_futsal_C3clean_20260725_083013_f002303.jpg,S1_futsal_C3clean_20260725_083013,C2_natural_occ,,,241.0,589.0,36.0,20.0,26.83,small,334,-104,object,natural,,,
S1_futsal_C3clean_20260725_083013_f002310.jpg,S1_futsal_C3clean_20260725_083013,C2_natural_occ,,,250.0,587.0,36.0,29.0,32.31,medium,336,-104,object,natural,,,
S1_futsal_C3clean_20260725_083013_f002317.jpg,S1_futsal_C3clean_20260725_083013,C2_natural_occ,,,267.0,585.0,36.0,29.0,32.31,medium,336,-104,object,natural,,,
S1_futsal_C3clean_20260725_083013_f002324.jpg,S1_futsal_C3clean_20260725_083013,C2_natural_occ,,,283.0,583.0,36.0,30.0,32.86,medium,331,-104,object,natural,,,
S1_futsal_C3clean_20260725_083013_f002331.jpg,S1_futsal_C3clean_20260725_083013,C2_natural_occ,,,310.0,585.0,36.0,22.0,28.14,small,336,-104,object,natural,,,
S1_futsal_C3clean_20260725_083013_f002338.jpg,S1_futsal_C3clean_20260725_083013,C2_natural_occ,,blur_heavy,331.0,576.0,37.0,20.0,27.2,small,332,-104,object,natural,,,
S1_futsal_C3clean_20260725_083013_f002345.jpg,S1_futsal_C3clean_20260725_083013,C2_natural_occ,,,342.0,566.0,30.0,25.0,27.39,small,342,-104,object,natural,,,
S1_futsal_C3clean_20260725_083013_f002352.jpg,S1_futsal_C3clean_20260725_083013,C2_natural_occ,,,342.0,600.0,34.0,27.0,30.3,small,331,-104,object,natural,,,
S1_futsal_C3clean_20260725_083013_f002359.jpg,S1_futsal_C3clean_20260725_083013,C2_natural_occ,,,340.0,622.0,30.0,22.0,25.69,small,337,-104,object,natural,,,
S1_futsal_C3clean_20260725_083013_f002366.jpg,S1_futsal_C3clean_20260725_083013,C2_natural_occ,,,335.0,638.0,33.0,28.0,30.4,small,337,-104,object,natural,,,
S1_futsal_C3clean_20260725_083013_f002373.jpg,S1_futsal_C3clean_20260725_083013,C2_natural_occ,,blur_heavy,332.0,650.0,34.0,31.0,32.47,medium,337,-104,object,natural,,,
S1_futsal_C3clean_20260725_083013_f002401.jpg,S1_futsal_C3clean_20260725_083013,C2_natural_occ,,,330.0,668.0,39.0,31.0,34.77,medium,342,-104,object,natural,,,
S1_futsal_C3clean_20260725_083013_f002408.jpg,S1_futsal_C3clean_20260725_083013,C2_natural_occ,,,336.0,648.0,31.0,24.0,27.28,small,342,-104,object,natural,,,
S1_futsal_C3clean_20260725_083013_f002415.jpg,S1_futsal_C3clean_20260725_083013,C2_natural_occ,,,342.0,632.0,31.0,21.0,25.51,small,342,-104,object,natural,,,
S1_futsal_C3clean_20260725_083013_f002422.jpg,S1_futsal_C3clean_20260725_083013,C2_natural_occ,,,342.0,617.0,31.0,24.0,27.28,small,344,-104,object,natural,,,
S1_futsal_C3clean_20260725_083013_f002429.jpg,S1_futsal_C3clean_20260725_083013,C2_natural_occ,,,348.0,606.0,25.0,15.0,19.36,small,343,-104,object,natural,,,
S1_futsal_C3clean_20260725_083013_f002436.jpg,S1_futsal_C3clean_20260725_083013,C2_natural_occ,,,351.0,585.0,27.0,22.0,24.37,small,345,-104,object,natural,,,
S1_futsal_C3clean_20260725_083013_f002443.jpg,S1_futsal_C3clean_20260725_083013,C2_natural_occ,,,351.0,574.0,31.0,22.0,26.12,small,340,-104,object,natural,,,
S1_futsal_C3clean_20260725_083013_f002450.jpg,S1_futsal_C3clean_20260725_083013,C2_natural_occ,,,355.0,560.0,30.0,22.0,25.69,small,349,-104,object,natural,,,
S1_futsal_C3clean_20260725_083013_f002457.jpg,S1_futsal_C3clean_20260725_083013,C2_natural_occ,,,356.0,549.0,28.0,22.0,24.82,small,341,-104,object,natural,,,
S1_futsal_C3clean_20260725_083013_f002464.jpg,S1_futsal_C3clean_20260725_083013,C2_natural_occ,,,358.0,537.0,30.0,20.0,24.49,small,340,-104,object,natural,,,
S1_futsal_C3clean_20260725_083013_f002471.jpg,S1_futsal_C3clean_20260725_083013,C2_natural_occ,,,362.0,527.0,25.0,19.0,21.79,small,342,-104,object,natural,,,
S1_futsal_C3clean_20260725_083013_f002478.jpg,S1_futsal_C3clean_20260725_083013,C2_natural_occ,,,364.0,518.0,24.0,16.0,19.6,small,339,-104,object,natural,,,
S1_futsal_C3clean_20260725_083013_f002485.jpg,S1_futsal_C3clean_20260725_083013,C2_natural_occ,,,366.0,510.0,25.0,16.0,20.0,small,341,-104,object,natural,,,
S1_futsal_C3clean_20260725_083013_f002492.jpg,S1_futsal_C3clean_20260725_083013,C2_natural_occ,,,373.0,495.0,24.0,16.0,19.6,small,342,-104,object,natural,,,
S1_futsal_C3clean_20260725_083013_f002499.jpg,S1_futsal_C3clean_20260725_083013,C2_natural_occ,,,373.0,491.0,24.0,13.0,17.66,small,344,-104,object,natural,,,
S1_futsal_C3clean_20260725_083013_f002506.jpg,S1_futsal_C3clean_20260725_083013,C2_natural_occ,,,375.0,482.0,21.0,13.0,16.52,small,314,-104,object,natural,,,
S1_futsal_C3clean_20260725_083013_f002513.jpg,S1_futsal_C3clean_20260725_083013,C2_natural_occ,,blur_moderate,382.0,477.0,18.0,13.0,15.3,small,323,-104,object,natural,,,
S1_futsal_C3clean_20260725_083013_f002520.jpg,S1_futsal_C3clean_20260725_083013,C2_natural_occ,,,380.0,471.0,22.0,12.0,16.25,small,316,-104,object,natural,,,
S1_futsal_C3clean_20260725_083013_f002527.jpg,S1_futsal_C3clean_20260725_083013,C2_natural_occ,,,381.0,461.0,22.0,13.0,16.91,small,311,-104,object,natural,,,
S1_futsal_C3clean_20260725_083013_f002534.jpg,S1_futsal_C3clean_20260725_083013,C2_natural_occ,,blur_heavy,381.0,432.0,19.0,12.0,15.1,small,286,-104,object,natural,,,
S1_futsal_C3clean_20260725_083013_f002541.jpg,S1_futsal_C3clean_20260725_083013,C2_natural_occ,,blur_moderate,381.0,407.0,19.0,13.0,15.72,small,266,-104,object,natural,,,
S1_futsal_C3clean_20260725_083013_f002548.jpg,S1_futsal_C3clean_20260725_083013,C2_natural_occ,,blur_heavy,381.0,379.0,21.0,12.0,15.87,small,227,-104,object,natural,,,
S1_futsal_C3clean_20260725_083013_f002555.jpg,S1_futsal_C3clean_20260725_083013,C2_natural_occ,,blur_moderate,386.0,351.0,21.0,10.0,14.49,small,205,-105,object,natural,,,
S1_futsal_C3clean_20260725_083013_f002562.jpg,S1_futsal_C3clean_20260725_083013,C2_natural_occ,,blur_heavy,390.0,318.0,25.0,18.0,21.21,small,170,-105,object,natural,,,
S1_futsal_C3clean_20260725_083013_f002569.jpg,S1_futsal_C3clean_20260725_083013,C2_natural_occ,,blur_heavy,391.0,295.0,19.0,14.0,16.31,small,148,-105,object,natural,,,
S1_futsal_C3clean_20260725_083013_f002576.jpg,S1_futsal_C3clean_20260725_083013,C2_natural_occ,,blur_heavy,391.0,279.0,24.0,16.0,19.6,small,124,-104,object,natural,,,
S1_futsal_C3clean_20260725_083013_f002583.jpg,S1_futsal_C3clean_20260725_083013,C2_natural_occ,,blur_heavy,390.0,263.0,17.0,20.0,18.44,small,108,-104,object,natural,,,
S1_futsal_C3clean_20260725_083013_f002590.jpg,S1_futsal_C3clean_20260725_083013,C2_natural_occ,,blur_heavy,387.0,254.0,23.0,15.0,18.57,small,99,-104,object,natural,,,
S1_futsal_C3clean_20260725_083013_f002597.jpg,S1_futsal_C3clean_20260725_083013,C2_natural_occ,,blur_heavy,392.0,244.0,16.0,21.0,18.33,small,88,-104,object,natural,,,
S1_futsal_C3clean_20260725_083013_f002604.jpg,S1_futsal_C3clean_20260725_083013,C2_natural_occ,,blur_heavy,391.0,237.0,20.0,15.0,17.32,small,79,-104,object,natural,,,
S1_futsal_C3clean_20260725_083013_f002611.jpg,S1_futsal_C3clean_20260725_083013,C2_natural_occ,,blur_heavy,391.0,226.0,21.0,17.0,18.89,small,69,-104,object,natural,,,
S1_futsal_C3clean_20260725_083013_f002618.jpg,S1_futsal_C3clean_20260725_083013,C2_natural_occ,,blur_heavy,392.0,214.0,23.0,17.0,19.77,small,59,-104,object,natural,,,
S1_futsal_C3clean_20260725_083013_f002625.jpg,S1_futsal_C3clean_20260725_083013,C2_natural_occ,,blur_heavy,395.0,202.0,19.0,20.0,19.49,small,49,-104,object,natural,,,
S1_futsal_C3clean_20260725_083013_f002632.jpg,S1_futsal_C3clean_20260725_083013,C2_natural_occ,,blur_heavy,393.0,193.0,16.0,18.0,16.97,small,42,-104,object,natural,,,
S1_futsal_C3clean_20260725_083013_f002639.jpg,S1_futsal_C3clean_20260725_083013,C2_natural_occ,,blur_heavy,394.0,188.0,21.0,17.0,18.89,small,34,-104,object,natural,,,
S1_futsal_C3clean_20260725_083013_f002646.jpg,S1_futsal_C3clean_20260725_083013,C2_natural_occ,,blur_heavy,394.0,186.0,18.0,18.0,18.0,small,31,-104,object,natural,,,
S1_futsal_C3clean_20260725_083013_f002653.jpg,S1_futsal_C3clean_20260725_083013,C2_natural_occ,,blur_heavy,392.0,183.0,18.0,17.0,17.49,small,30,-104,object,natural,,,
S1_futsal_C3clean_20260725_083013_f002660.jpg,S1_futsal_C3clean_20260725_083013,C2_natural_occ,,blur_heavy,393.0,184.0,21.0,20.0,20.49,small,31,-104,object,natural,,,
S1_futsal_C3clean_20260725_083013_f002667.jpg,S1_futsal_C3clean_20260725_083013,C2_natural_occ,,blur_heavy,392.0,187.0,19.0,12.0,15.1,small,32,-104,object,natural,,,
S1_futsal_C3clean_20260726_082257_f000000.jpg,S1_futsal_C3clean_20260726_082257,C3_clean_lap_v2_wet,,,466.0,157.0,42.0,27.0,33.67,medium,10,0,none,0,,,
S1_futsal_C3clean_20260726_082257_f000008.jpg,S1_futsal_C3clean_20260726_082257,C3_clean_lap_v2_wet,,,466.0,158.0,40.0,27.0,32.86,medium,10,0,none,0,,,
S1_futsal_C3clean_20260726_082257_f000016.jpg,S1_futsal_C3clean_20260726_082257,C3_clean_lap_v2_wet,,,466.0,158.0,40.0,27.0,32.86,medium,10,0,none,0,,,
S1_futsal_C3clean_20260726_082257_f000024.jpg,S1_futsal_C3clean_20260726_082257,C3_clean_lap_v2_wet,,,466.0,157.0,42.0,27.0,33.67,medium,10,0,none,0,,,
S1_futsal_C3clean_20260726_082257_f000032.jpg,S1_futsal_C3clean_20260726_082257,C3_clean_lap_v2_wet,,,466.0,157.0,40.0,27.0,32.86,medium,10,0,none,0,,,
S1_futsal_C3clean_20260726_082257_f000040.jpg,S1_futsal_C3clean_20260726_082257,C3_clean_lap_v2_wet,,,466.0,158.0,40.0,27.0,32.86,medium,10,0,none,0,,,
S1_futsal_C3clean_20260726_082257_f000048.jpg,S1_futsal_C3clean_20260726_082257,C3_clean_lap_v2_wet,,,466.0,157.0,42.0,27.0,33.67,medium,10,0,none,0,,,
S1_futsal_C3clean_20260726_082257_f000056.jpg,S1_futsal_C3clean_20260726_082257,C3_clean_lap_v2_wet,,,466.0,158.0,40.0,27.0,32.86,medium,10,0,none,0,,,
S1_futsal_C3clean_20260726_082257_f000064.jpg,S1_futsal_C3clean_20260726_082257,C3_clean_lap_v2_wet,,,466.0,157.0,42.0,27.0,33.67,medium,10,0,none,0,,,
S1_futsal_C3clean_20260726_082257_f000072.jpg,S1_futsal_C3clean_20260726_082257,C3_clean_lap_v2_wet,,,466.0,158.0,40.0,27.0,32.86,medium,10,0,none,0,,,
S1_futsal_C3clean_20260726_082257_f000080.jpg,S1_futsal_C3clean_20260726_082257,C3_clean_lap_v2_wet,,,466.0,158.0,40.0,27.0,32.86,medium,10,0,none,0,,,
S1_futsal_C3clean_20260726_082257_f000088.jpg,S1_futsal_C3clean_20260726_082257,C3_clean_lap_v2_wet,,,466.0,158.0,40.0,29.0,34.06,medium,10,0,none,0,,,
S1_futsal_C3clean_20260726_082257_f000096.jpg,S1_futsal_C3clean_20260726_082257,C3_clean_lap_v2_wet,,,466.0,157.0,40.0,27.0,32.86,medium,10,0,none,0,,,
S1_futsal_C3clean_20260726_082257_f000104.jpg,S1_futsal_C3clean_20260726_082257,C3_clean_lap_v2_wet,,,466.0,158.0,40.0,27.0,32.86,medium,10,0,none,0,,,
S1_futsal_C3clean_20260726_082257_f000112.jpg,S1_futsal_C3clean_20260726_082257,C3_clean_lap_v2_wet,,,467.0,158.0,40.0,27.0,32.86,medium,10,0,none,0,,,
S1_futsal_C3clean_20260726_082257_f000120.jpg,S1_futsal_C3clean_20260726_082257,C3_clean_lap_v2_wet,,,466.0,158.0,40.0,27.0,32.86,medium,10,0,none,0,,,
S1_futsal_C3clean_20260726_082257_f000128.jpg,S1_futsal_C3clean_20260726_082257,C3_clean_lap_v2_wet,,,465.0,157.0,42.0,27.0,33.67,medium,10,0,none,0,,,
S1_futsal_C3clean_20260726_082257_f000136.jpg,S1_futsal_C3clean_20260726_082257,C3_clean_lap_v2_wet,,,466.0,158.0,40.0,27.0,32.86,medium,10,0,none,0,,,
S1_futsal_C3clean_20260726_082257_f000144.jpg,S1_futsal_C3clean_20260726_082257,C3_clean_lap_v2_wet,,,466.0,158.0,42.0,27.0,33.67,medium,10,0,none,0,,,
S1_futsal_C3clean_20260726_082257_f000152.jpg,S1_futsal_C3clean_20260726_082257,C3_clean_lap_v2_wet,,,466.0,157.0,42.0,27.0,33.67,medium,10,0,none,0,,,
S1_futsal_C3clean_20260726_082257_f000160.jpg,S1_futsal_C3clean_20260726_082257,C3_clean_lap_v2_wet,,,466.0,157.0,42.0,27.0,33.67,medium,10,0,none,0,,,
S1_futsal_C3clean_20260726_082257_f000168.jpg,S1_futsal_C3clean_20260726_082257,C3_clean_lap_v2_wet,,,466.0,158.0,40.0,28.0,33.47,medium,10,0,none,0,,,
S1_futsal_C3clean_20260726_082257_f000176.jpg,S1_futsal_C3clean_20260726_082257,C3_clean_lap_v2_wet,,,466.0,158.0,42.0,27.0,33.67,medium,10,0,none,0,,,
S1_futsal_C3clean_20260726_082257_f000184.jpg,S1_futsal_C3clean_20260726_082257,C3_clean_lap_v2_wet,,,466.0,158.0,40.0,27.0,32.86,medium,10,0,none,0,,,
S1_futsal_C3clean_20260726_082257_f000192.jpg,S1_futsal_C3clean_20260726_082257,C3_clean_lap_v2_wet,,,466.0,158.0,40.0,27.0,32.86,medium,10,0,none,0,,,
S1_futsal_C3clean_20260726_082257_f000200.jpg,S1_futsal_C3clean_20260726_082257,C3_clean_lap_v2_wet,,,452.15,393.38,38.63,32.1,35.21,medium,77,-1,none,0,,,
S1_futsal_C3clean_20260726_082257_f000208.jpg,S1_futsal_C3clean_20260726_082257,C3_clean_lap_v2_wet,,,451.67,394.21,39.12,32.64,35.74,medium,77,-1,none,0,,,
S1_futsal_C3clean_20260726_082257_f000216.jpg,S1_futsal_C3clean_20260726_082257,C3_clean_lap_v2_wet,,,450.85,396.31,40.52,33.26,36.71,medium,78,-1,none,0,,,
S1_futsal_C3clean_20260726_082257_f000224.jpg,S1_futsal_C3clean_20260726_082257,C3_clean_lap_v2_wet,,,451.18,398.26,40.83,32.25,36.29,medium,78,-1,none,0,,,
S1_futsal_C3clean_20260726_082257_f000232.jpg,S1_futsal_C3clean_20260726_082257,C3_clean_lap_v2_wet,,,451.96,399.31,40.59,35.14,37.76,medium,80,-1,none,0,,,
S1_futsal_C3clean_20260726_082257_f000240.jpg,S1_futsal_C3clean_20260726_082257,C3_clean_lap_v2_wet,,,451.8,404.83,39.76,33.53,36.51,medium,81,-1,none,0,,,
S1_futsal_C3clean_20260726_082257_f000248.jpg,S1_futsal_C3clean_20260726_082257,C3_clean_lap_v2_wet,,,450.67,407.7,41.2,34.76,37.85,medium,83,0,none,0,,,
S1_futsal_C3clean_20260726_082257_f000256.jpg,S1_futsal_C3clean_20260726_082257,C3_clean_lap_v2_wet,,,452.91,412.1,39.64,32.91,36.12,medium,84,0,none,0,,,
S1_futsal_C3clean_20260726_082257_f000264.jpg,S1_futsal_C3clean_20260726_082257,C3_clean_lap_v2_wet,,,456.73,413.33,39.19,35.92,37.52,medium,85,0,none,0,,,
S1_futsal_C3clean_20260726_082257_f000272.jpg,S1_futsal_C3clean_20260726_082257,C3_clean_lap_v2_wet,,,458.48,413.43,39.7,34.11,36.8,medium,84,0,none,0,,,
S1_futsal_C3clean_20260726_082257_f000280.jpg,S1_futsal_C3clean_20260726_082257,C3_clean_lap_v2_wet,,,459.32,412.91,39.43,35.22,37.27,medium,84,0,none,0,,,
S1_futsal_C3clean_20260726_082257_f000288.jpg,S1_futsal_C3clean_20260726_082257,C3_clean_lap_v2_wet,,,458.75,416.67,39.67,34.11,36.79,medium,84,0,none,0,,,
S1_futsal_C3clean_20260726_082257_f000296.jpg,S1_futsal_C3clean_20260726_082257,C3_clean_lap_v2_wet,,,459.95,435.75,39.78,37.5,38.62,medium,93,0,none,0,,,
S1_futsal_C3clean_20260726_082257_f000304.jpg,S1_futsal_C3clean_20260726_082257,C3_clean_lap_v2_wet,,,460.62,458.7,39.32,37.8,38.55,medium,99,-1,none,0,,,
S1_futsal_C3clean_20260726_082257_f000312.jpg,S1_futsal_C3clean_20260726_082257,C3_clean_lap_v2_wet,,,461.31,485.27,39.25,38.02,38.63,medium,108,0,none,0,,,
S1_futsal_C3clean_20260726_082257_f000320.jpg,S1_futsal_C3clean_20260726_082257,C3_clean_lap_v2_wet,,,461.62,509.72,39.94,39.43,39.68,medium,118,0,none,0,,,
S1_futsal_C3clean_20260726_082257_f000328.jpg,S1_futsal_C3clean_20260726_082257,C3_clean_lap_v2_wet,,,461.0,527.0,40.0,40.0,40.0,medium,129,0,none,0,,,
S1_futsal_C3clean_20260726_082257_f000336.jpg,S1_futsal_C3clean_20260726_082257,C3_clean_lap_v2_wet,,,459.0,553.0,39.0,40.0,39.5,medium,138,0,none,0,,,
S1_futsal_C3clean_20260726_082257_f000344.jpg,S1_futsal_C3clean_20260726_082257,C3_clean_lap_v2_wet,,,459.0,571.0,40.0,40.0,40.0,medium,147,0,none,0,,,
S1_futsal_C3clean_20260726_082257_f000352.jpg,S1_futsal_C3clean_20260726_082257,C3_clean_lap_v2_wet,,,460.61,589.89,39.72,40.51,40.12,medium,153,0,none,0,,,
S1_futsal_C3clean_20260726_082257_f000360.jpg,S1_futsal_C3clean_20260726_082257,C3_clean_lap_v2_wet,,,461.0,609.0,39.0,41.0,39.99,medium,162,0,none,0,,,
S1_futsal_C3clean_20260726_082257_f000368.jpg,S1_futsal_C3clean_20260726_082257,C3_clean_lap_v2_wet,,,461.0,628.0,39.0,42.0,40.47,medium,171,0,none,0,,,
S1_futsal_C3clean_20260726_082257_f000376.jpg,S1_futsal_C3clean_20260726_082257,C3_clean_lap_v2_wet,,,461.0,645.0,39.0,45.0,41.89,medium,176,0,none,0,,,
S1_futsal_C3clean_20260726_082257_f000384.jpg,S1_futsal_C3clean_20260726_082257,C3_clean_lap_v2_wet,,,461.0,661.0,40.0,47.0,43.36,medium,188,0,none,0,,,
S1_futsal_C3clean_20260726_082257_f000392.jpg,S1_futsal_C3clean_20260726_082257,C3_clean_lap_v2_wet,,,461.0,679.0,40.0,38.0,38.99,medium,197,0,none,0,,,
S1_futsal_C3clean_20260726_082257_f000400.jpg,S1_futsal_C3clean_20260726_082257,C3_clean_lap_v2_wet,,,463.31,698.6,40.59,21.41,29.48,small,203,-1,none,0,,,
S1_futsal_C3clean_20260726_082257_f000776.jpg,S1_futsal_C3clean_20260726_082257,C3_clean_lap_v2_wet,,blur_heavy,473.0,700.0,39.0,19.0,27.22,small,231,-1,none,0,,,
S1_futsal_C3clean_20260726_082257_f000784.jpg,S1_futsal_C3clean_20260726_082257,C3_clean_lap_v2_wet,,,472.0,669.0,37.0,43.0,39.89,medium,234,-1,none,0,,,
S1_futsal_C3clean_20260726_082257_f000792.jpg,S1_futsal_C3clean_20260726_082257,C3_clean_lap_v2_wet,,,472.0,651.0,36.0,40.0,37.95,medium,237,-1,none,0,,,
S1_futsal_C3clean_20260726_082257_f000800.jpg,S1_futsal_C3clean_20260726_082257,C3_clean_lap_v2_wet,,,474.38,633.74,34.71,38.68,36.64,medium,228,0,none,0,,,
S1_futsal_C3clean_20260726_082257_f000808.jpg,S1_futsal_C3clean_20260726_082257,C3_clean_lap_v2_wet,,,474.8,616.64,33.97,37.43,35.66,medium,219,0,none,0,,,
S1_futsal_C3clean_20260726_082257_f000816.jpg,S1_futsal_C3clean_20260726_082257,C3_clean_lap_v2_wet,,,474.8,604.68,36.46,37.64,37.05,medium,214,0,none,0,,,
S1_futsal_C3clean_20260726_082257_f000824.jpg,S1_futsal_C3clean_20260726_082257,C3_clean_lap_v2_wet,,,476.01,597.62,36.48,37.81,37.14,medium,212,0,none,0,,,
S1_futsal_C3clean_20260726_082257_f000832.jpg,S1_futsal_C3clean_20260726_082257,C3_clean_lap_v2_wet,,,479.5,597.7,35.04,36.27,35.65,medium,212,-1,none,0,,,
S1_futsal_C3clean_20260726_082257_f000840.jpg,S1_futsal_C3clean_20260726_082257,C3_clean_lap_v2_wet,,blur_moderate,494.89,601.44,33.57,35.68,34.61,medium,213,-1,none,0,,,
S1_futsal_C3clean_20260726_082257_f000848.jpg,S1_futsal_C3clean_20260726_082257,C3_clean_lap_v2_wet,,blur_moderate,530.82,605.45,35.77,36.89,36.32,medium,214,-1,none,0,,,
S1_futsal_C3clean_20260726_082257_f000856.jpg,S1_futsal_C3clean_20260726_082257,C3_clean_lap_v2_wet,,,571.0,608.0,36.0,36.0,36.0,medium,219,-1,none,0,,,
S1_futsal_C3clean_20260726_082257_f000864.jpg,S1_futsal_C3clean_20260726_082257,C3_clean_lap_v2_wet,,blur_moderate,604.0,614.0,37.0,37.0,37.0,medium,223,-1,none,0,,5.53,205
S1_futsal_C3clean_20260726_082257_f000872.jpg,S1_futsal_C3clean_20260726_082257,C3_clean_lap_v2_wet,,,651.0,619.0,37.0,36.0,36.5,medium,223,-1,none,0,,,
S1_futsal_C3clean_20260726_082257_f000880.jpg,S1_futsal_C3clean_20260726_082257,C3_clean_lap_v2_wet,,blur_moderate,682.14,622.27,41.34,38.16,39.72,medium,224,-1,none,0,,,
S1_futsal_C3clean_20260726_082257_f000888.jpg,S1_futsal_C3clean_20260726_082257,C3_clean_lap_v2_wet,,,701.7,624.01,40.93,36.64,38.73,medium,227,-1,none,0,,5.32,218
S1_futsal_C3clean_20260726_082257_f000896.jpg,S1_futsal_C3clean_20260726_082257,C3_clean_lap_v2_wet,,blur_moderate,717.88,620.61,41.77,38.22,39.96,medium,227,-1,none,0,,,
S1_futsal_C3clean_20260726_082257_f000904.jpg,S1_futsal_C3clean_20260726_082257,C3_clean_lap_v2_wet,,blur_moderate,725.52,615.85,43.89,37.62,40.63,medium,224,0,none,0,,5.57,244
S1_futsal_C3clean_20260726_082257_f000912.jpg,S1_futsal_C3clean_20260726_082257,C3_clean_lap_v2_wet,,blur_moderate,723.95,611.77,42.47,36.85,39.56,medium,221,0,none,0,,5.60,238
S1_futsal_C3clean_20260726_082257_f000920.jpg,S1_futsal_C3clean_20260726_082257,C3_clean_lap_v2_wet,,blur_moderate,720.23,607.94,42.84,36.6,39.6,medium,215,-1,none,0,,5.47,234
S1_futsal_C3clean_20260726_082257_f000928.jpg,S1_futsal_C3clean_20260726_082257,C3_clean_lap_v2_wet,,blur_moderate,726.52,610.08,44.04,35.7,39.66,medium,220,-1,none,0,,,
S1_futsal_C3clean_20260726_082257_f000936.jpg,S1_futsal_C3clean_20260726_082257,C3_clean_lap_v2_wet,,,748.99,610.52,44.32,36.24,40.08,medium,219,-1,none,0,,,
S1_futsal_C3clean_20260726_082257_f000944.jpg,S1_futsal_C3clean_20260726_082257,C3_clean_lap_v2_wet,,,788.0,609.0,45.0,36.0,40.25,medium,222,-1,none,0,,,
S1_futsal_C3clean_20260726_082257_f000952.jpg,S1_futsal_C3clean_20260726_082257,C3_clean_lap_v2_wet,,blur_moderate,832.0,609.0,48.0,36.0,41.57,medium,214,0,none,0,,5.80,278
S1_futsal_C3clean_20260726_082257_f000960.jpg,S1_futsal_C3clean_20260726_082257,C3_clean_lap_v2_wet,,blur_moderate,874.0,610.0,43.0,36.0,39.34,medium,124,0,none,0,,,
S1_futsal_C3clean_20260726_082257_f000968.jpg,S1_futsal_C3clean_20260726_082257,C3_clean_lap_v2_wet,,blur_moderate,899.0,613.0,52.0,41.0,46.17,medium,172,0,none,0,,5.73,298
S1_futsal_C3clean_20260726_082257_f000976.jpg,S1_futsal_C3clean_20260726_082257,C3_clean_lap_v2_wet,,blur_moderate,906.0,624.0,54.0,41.0,47.05,medium,217,0,none,0,,,
S1_futsal_C3clean_20260726_082257_f000984.jpg,S1_futsal_C3clean_20260726_082257,C3_clean_lap_v2_wet,,blur_moderate,922.0,623.0,38.0,36.0,36.99,medium,221,0,none,0,,,
S1_futsal_C3clean_20260726_082257_f000992.jpg,S1_futsal_C3clean_20260726_082257,C3_clean_lap_v2_wet,,blur_moderate,922.0,624.0,36.0,38.0,36.99,medium,220,-1,none,0,,5.73,206
S1_futsal_C3clean_20260726_082257_f001000.jpg,S1_futsal_C3clean_20260726_082257,C3_clean_lap_v2_wet,,blur_moderate,918.0,623.0,40.0,36.0,37.95,medium,220,0,none,0,,,
S1_futsal_C3clean_20260726_082257_f001008.jpg,S1_futsal_C3clean_20260726_082257,C3_clean_lap_v2_wet,,blur_moderate,914.0,620.0,45.0,37.0,40.8,medium,219,-1,none,0,,5.73,258
S1_futsal_C3clean_20260726_082257_f001016.jpg,S1_futsal_C3clean_20260726_082257,C3_clean_lap_v2_wet,,blur_moderate,909.0,621.0,49.0,36.0,42.0,medium,224,-1,none,0,,,
S1_futsal_C3clean_20260726_082257_f001024.jpg,S1_futsal_C3clean_20260726_082257,C3_clean_lap_v2_wet,,blur_moderate,897.66,621.3,51.64,36.26,43.27,medium,222,-1,none,0,,,
S1_futsal_C3clean_20260726_082257_f001032.jpg,S1_futsal_C3clean_20260726_082257,C3_clean_lap_v2_wet,,blur_heavy,882.06,620.77,48.64,36.27,42.0,medium,224,0,none,0,,,
S1_futsal_C3clean_20260726_082257_f001040.jpg,S1_futsal_C3clean_20260726_082257,C3_clean_lap_v2_wet,,blur_moderate,862.85,618.62,47.31,37.3,42.01,medium,225,-1,none,0,,,
S1_futsal_C3clean_20260726_082257_f001048.jpg,S1_futsal_C3clean_20260726_082257,C3_clean_lap_v2_wet,,blur_moderate,843.49,618.2,47.17,36.81,41.67,medium,225,-1,none,0,,5.70,269
S1_futsal_C3clean_20260726_082257_f001056.jpg,S1_futsal_C3clean_20260726_082257,C3_clean_lap_v2_wet,,blur_moderate,827.87,616.15,47.28,38.17,42.48,medium,225,-1,none,0,,,
S1_futsal_C3clean_20260726_082257_f001064.jpg,S1_futsal_C3clean_20260726_082257,C3_clean_lap_v2_wet,,blur_moderate,816.08,615.23,47.34,37.45,42.11,medium,228,0,none,0,,5.70,270
S1_futsal_C3clean_20260726_082257_f001072.jpg,S1_futsal_C3clean_20260726_082257,C3_clean_lap_v2_wet,,blur_moderate,815.0,611.0,46.0,34.0,39.55,medium,223,0,none,0,,5.80,267
S1_futsal_C3clean_20260726_082257_f001080.jpg,S1_futsal_C3clean_20260726_082257,C3_clean_lap_v2_wet,,blur_moderate,821.0,606.0,46.0,36.0,40.69,medium,218,0,none,0,,,
S1_futsal_C3clean_20260726_082257_f001088.jpg,S1_futsal_C3clean_20260726_082257,C3_clean_lap_v2_wet,,,827.0,602.0,46.0,33.0,38.96,medium,214,-1,none,0,,,
S1_futsal_C3clean_20260726_082257_f001096.jpg,S1_futsal_C3clean_20260726_082257,C3_clean_lap_v2_wet,,,827.0,601.0,46.0,33.0,38.96,medium,213,-1,none,0,,5.80,267
S1_futsal_C3clean_20260726_082257_f001104.jpg,S1_futsal_C3clean_20260726_082257,C3_clean_lap_v2_wet,,blur_moderate,827.0,601.0,46.0,33.0,38.96,medium,216,0,none,0,,5.70,262
S1_futsal_C3clean_20260726_082257_f001112.jpg,S1_futsal_C3clean_20260726_082257,C3_clean_lap_v2_wet,,,822.09,605.96,45.58,36.53,40.8,medium,217,-1,none,0,,5.98,273
S1_futsal_C3clean_20260726_082257_f001120.jpg,S1_futsal_C3clean_20260726_082257,C3_clean_lap_v2_wet,,blur_moderate,821.0,606.0,45.0,36.0,40.25,medium,218,-1,none,0,,5.70,256
S1_futsal_C3clean_20260726_082257_f001128.jpg,S1_futsal_C3clean_20260726_082257,C3_clean_lap_v2_wet,,blur_moderate,820.0,608.0,46.0,34.0,39.55,medium,219,-1,none,0,,,
S1_futsal_C3clean_20260726_082257_f001136.jpg,S1_futsal_C3clean_20260726_082257,C3_clean_lap_v2_wet,,blur_moderate,820.0,609.0,46.0,34.0,39.55,medium,224,-1,none,0,,,
S1_futsal_C3clean_20260726_082257_f001144.jpg,S1_futsal_C3clean_20260726_082257,C3_clean_lap_v2_wet,,anchor,819.0,609.0,46.0,34.0,39.55,medium,222,-1,none,0,,,
S1_futsal_C3clean_20260726_082257_f001152.jpg,S1_futsal_C3clean_20260726_082257,C3_clean_lap_v2_wet,,anchor,819.0,609.0,48.0,34.0,40.4,medium,221,-1,none,0,,,
S1_futsal_C3clean_20260726_082257_f001160.jpg,S1_futsal_C3clean_20260726_082257,C3_clean_lap_v2_wet,,anchor+blur_moderate,820.0,608.0,46.0,34.0,39.55,medium,221,-1,none,0,,,
S1_futsal_C3clean_20260726_082257_f001168.jpg,S1_futsal_C3clean_20260726_082257,C3_clean_lap_v2_wet,,anchor+blur_moderate,821.0,605.0,46.0,36.0,40.69,medium,221,0,none,0,,,
S1_futsal_C3clean_20260726_082257_f001176.jpg,S1_futsal_C3clean_20260726_082257,C3_clean_lap_v2_wet,,anchor,821.0,605.0,45.0,36.0,40.25,medium,218,0,none,0,,,
S1_futsal_C3clean_20260726_082257_f001184.jpg,S1_futsal_C3clean_20260726_082257,C3_clean_lap_v2_wet,,anchor,821.0,602.0,45.0,33.0,38.54,medium,219,0,none,0,,,
S1_futsal_C3clean_20260726_082257_f001192.jpg,S1_futsal_C3clean_20260726_082257,C3_clean_lap_v2_wet,,anchor,820.0,602.0,46.0,33.0,38.96,medium,216,0,none,0,,,
S1_futsal_C3clean_20260726_082257_f001200.jpg,S1_futsal_C3clean_20260726_082257,C3_clean_lap_v2_wet,,anchor,819.0,602.0,46.0,32.0,38.37,medium,216,0,none,0,,,
S1_futsal_C3clean_20260726_082257_f001208.jpg,S1_futsal_C3clean_20260726_082257,C3_clean_lap_v2_wet,,anchor,818.0,601.0,46.0,33.0,38.96,medium,214,0,none,0,,,
S1_futsal_C3clean_20260726_082257_f001216.jpg,S1_futsal_C3clean_20260726_082257,C3_clean_lap_v2_wet,,anchor,816.0,602.0,46.0,37.0,41.26,medium,218,0,none,0,,,
S1_futsal_C3clean_20260726_082257_f001224.jpg,S1_futsal_C3clean_20260726_082257,C3_clean_lap_v2_wet,,anchor,815.0,606.0,46.0,36.0,40.69,medium,220,0,none,0,,,
S1_futsal_C3clean_20260726_082257_f001232.jpg,S1_futsal_C3clean_20260726_082257,C3_clean_lap_v2_wet,,anchor,814.0,606.0,46.0,34.0,39.55,medium,221,0,none,0,,,
S1_futsal_C3clean_20260726_082257_f001240.jpg,S1_futsal_C3clean_20260726_082257,C3_clean_lap_v2_wet,,anchor,812.0,604.0,46.0,37.0,41.26,medium,221,0,none,0,,,
S1_futsal_C3clean_20260726_082257_f001248.jpg,S1_futsal_C3clean_20260726_082257,C3_clean_lap_v2_wet,,anchor,814.0,604.0,46.0,36.0,40.69,medium,216,0,none,0,,,
S1_futsal_C3clean_20260726_082257_f001256.jpg,S1_futsal_C3clean_20260726_082257,C3_clean_lap_v2_wet,,anchor,813.0,604.0,46.0,33.0,38.96,medium,217,0,none,0,,,
S1_futsal_C3clean_20260726_082257_f001264.jpg,S1_futsal_C3clean_20260726_082257,C3_clean_lap_v2_wet,,blur_moderate,815.0,603.0,46.0,32.0,38.37,medium,221,0,none,0,,,
S1_futsal_C3clean_20260726_082257_f001272.jpg,S1_futsal_C3clean_20260726_082257,C3_clean_lap_v2_wet,,blur_moderate,815.0,604.0,46.0,32.0,38.37,medium,217,0,none,0,,,
S1_futsal_C3clean_20260726_082257_f001280.jpg,S1_futsal_C3clean_20260726_082257,C3_clean_lap_v2_wet,,blur_moderate,816.0,601.0,46.0,33.0,38.96,medium,218,0,none,0,,,
S1_futsal_C3clean_20260726_082257_f001288.jpg,S1_futsal_C3clean_20260726_082257,C3_clean_lap_v2_wet,,blur_moderate,815.0,601.0,46.0,33.0,38.96,medium,220,0,none,0,,5.70,262
S1_futsal_C3clean_20260726_082257_f001296.jpg,S1_futsal_C3clean_20260726_082257,C3_clean_lap_v2_wet,,blur_moderate,815.0,602.0,45.0,37.0,40.8,medium,219,-1,none,0,,5.80,261
S1_futsal_C3clean_20260726_082257_f001304.jpg,S1_futsal_C3clean_20260726_082257,C3_clean_lap_v2_wet,,blur_moderate,814.0,604.0,46.0,34.0,39.55,medium,219,-1,none,0,,,
S1_futsal_C3clean_20260726_082257_f001312.jpg,S1_futsal_C3clean_20260726_082257,C3_clean_lap_v2_wet,,blur_moderate,816.0,605.72,46.88,36.14,41.16,medium,219,-1,none,0,,,
S1_futsal_C3clean_20260726_082257_f001320.jpg,S1_futsal_C3clean_20260726_082257,C3_clean_lap_v2_wet,,,815.0,604.0,46.0,34.0,39.55,medium,218,-1,none,0,,5.80,267
S1_futsal_C3clean_20260726_082257_f001328.jpg,S1_futsal_C3clean_20260726_082257,C3_clean_lap_v2_wet,,,813.0,604.0,46.0,34.0,39.55,medium,221,-1,none,0,,,
S1_futsal_C3clean_20260726_082257_f001336.jpg,S1_futsal_C3clean_20260726_082257,C3_clean_lap_v2_wet,,,813.0,602.0,43.0,32.0,37.09,medium,219,-1,none,0,,5.87,252
S1_futsal_C3clean_20260726_082257_f001344.jpg,S1_futsal_C3clean_20260726_082257,C3_clean_lap_v2_wet,,blur_moderate,812.0,600.0,45.0,32.0,37.95,medium,216,-1,none,0,,,
S1_futsal_C3clean_20260726_082257_f001352.jpg,S1_futsal_C3clean_20260726_082257,C3_clean_lap_v2_wet,,blur_moderate,810.0,599.0,45.0,33.0,38.54,medium,217,-1,none,0,,,
S1_futsal_C3clean_20260726_082257_f001360.jpg,S1_futsal_C3clean_20260726_082257,C3_clean_lap_v2_wet,,,810.0,599.0,45.0,33.0,38.54,medium,216,-1,none,0,,,
S1_futsal_C3clean_20260726_082257_f001368.jpg,S1_futsal_C3clean_20260726_082257,C3_clean_lap_v2_wet,,,809.0,601.0,46.0,31.0,37.76,medium,221,-1,none,0,,6.09,280
S1_futsal_C3clean_20260726_082257_f001376.jpg,S1_futsal_C3clean_20260726_082257,C3_clean_lap_v2_wet,,,810.55,603.98,45.56,37.05,41.09,medium,219,-1,none,0,,,
S1_futsal_C3clean_20260726_082257_f001384.jpg,S1_futsal_C3clean_20260726_082257,C3_clean_lap_v2_wet,,,809.73,605.96,45.92,36.14,40.73,medium,220,0,none,0,,5.80,266
S1_futsal_C3clean_20260726_082257_f001392.jpg,S1_futsal_C3clean_20260726_082257,C3_clean_lap_v2_wet,,,809.91,605.88,45.84,36.21,40.74,medium,220,0,none,0,,5.87,269
S1_futsal_C3clean_20260726_082257_f001400.jpg,S1_futsal_C3clean_20260726_082257,C3_clean_lap_v2_wet,,,810.0,604.0,45.0,33.0,38.54,medium,218,0,none,0,,,
S1_futsal_C3clean_20260726_082257_f001408.jpg,S1_futsal_C3clean_20260726_082257,C3_clean_lap_v2_wet,,,810.93,603.55,45.61,33.47,39.07,medium,218,0,none,0,,,
S1_futsal_C3clean_20260726_082257_f001416.jpg,S1_futsal_C3clean_20260726_082257,C3_clean_lap_v2_wet,,,809.34,603.23,45.86,33.65,39.28,medium,218,0,none,0,,5.80,266
S1_futsal_C3clean_20260726_082257_f001424.jpg,S1_futsal_C3clean_20260726_082257,C3_clean_lap_v2_wet,,,806.0,603.0,46.0,32.0,38.37,medium,217,0,none,0,,,
S1_futsal_C3clean_20260726_082257_f001432.jpg,S1_futsal_C3clean_20260726_082257,C3_clean_lap_v2_wet,,,806.0,602.0,46.0,33.0,38.96,medium,220,0,none,0,,,
S1_futsal_C3clean_20260726_082257_f001440.jpg,S1_futsal_C3clean_20260726_082257,C3_clean_lap_v2_wet,,,806.0,604.0,45.0,33.0,38.54,medium,219,0,none,0,,5.87,264
S1_futsal_C3clean_20260726_082257_f001448.jpg,S1_futsal_C3clean_20260726_082257,C3_clean_lap_v2_wet,,blur_moderate,807.0,604.0,43.0,33.0,37.67,medium,219,0,none,0,,5.80,249
S1_futsal_C3clean_20260726_082257_f001456.jpg,S1_futsal_C3clean_20260726_082257,C3_clean_lap_v2_wet,,,807.0,604.0,43.0,32.0,37.09,medium,219,0,none,0,,,
S1_futsal_C3clean_20260726_082257_f001464.jpg,S1_futsal_C3clean_20260726_082257,C3_clean_lap_v2_wet,,,807.0,604.0,43.0,36.0,39.34,medium,220,-1,none,0,,,
S1_futsal_C3clean_20260726_082257_f001472.jpg,S1_futsal_C3clean_20260726_082257,C3_clean_lap_v2_wet,,,805.0,604.0,43.0,34.0,38.24,medium,220,-1,none,0,,,
S1_futsal_C3clean_20260726_082257_f001480.jpg,S1_futsal_C3clean_20260726_082257,C3_clean_lap_v2_wet,,blur_moderate,806.78,606.62,43.73,36.22,39.8,medium,220,-1,none,0,,5.80,254
S1_futsal_C3clean_20260726_082257_f001488.jpg,S1_futsal_C3clean_20260726_082257,C3_clean_lap_v2_wet,,,805.79,608.46,45.74,34.52,39.74,medium,221,-1,none,0,,,
S1_futsal_C3clean_20260726_082257_f001496.jpg,S1_futsal_C3clean_20260726_082257,C3_clean_lap_v2_wet,,blur_moderate,805.87,608.3,45.51,34.54,39.65,medium,221,-1,none,0,,5.70,259
S1_futsal_C3clean_20260726_082257_f001504.jpg,S1_futsal_C3clean_20260726_082257,C3_clean_lap_v2_wet,,blur_moderate,806.38,606.6,44.28,36.01,39.94,medium,222,-1,none,0,,,
S1_futsal_C3clean_20260726_082257_f001512.jpg,S1_futsal_C3clean_20260726_082257,C3_clean_lap_v2_wet,,blur_moderate,806.31,605.49,45.92,35.72,40.5,medium,220,-1,none,0,,,
S1_futsal_C3clean_20260726_082257_f001520.jpg,S1_futsal_C3clean_20260726_082257,C3_clean_lap_v2_wet,,,806.56,605.1,45.69,35.62,40.34,medium,220,0,none,0,,5.87,268
S1_futsal_C3clean_20260726_082257_f001528.jpg,S1_futsal_C3clean_20260726_082257,C3_clean_lap_v2_wet,,,807.52,604.02,44.19,34.91,39.28,medium,218,0,none,0,,,
S1_futsal_C3clean_20260726_082257_f001536.jpg,S1_futsal_C3clean_20260726_082257,C3_clean_lap_v2_wet,,,807.35,605.67,43.85,36.06,39.77,medium,219,0,none,0,,,
S1_futsal_C3clean_20260726_082257_f001544.jpg,S1_futsal_C3clean_20260726_082257,C3_clean_lap_v2_wet,,blur_moderate,808.95,606.53,44.7,35.68,39.94,medium,220,0,none,0,,,
S1_futsal_C3clean_20260726_082257_f001552.jpg,S1_futsal_C3clean_20260726_082257,C3_clean_lap_v2_wet,,,809.0,606.0,43.0,36.0,39.34,medium,221,0,none,0,,,
S1_futsal_C3clean_20260726_082257_f001560.jpg,S1_futsal_C3clean_20260726_082257,C3_clean_lap_v2_wet,,blur_moderate,810.0,606.0,45.0,36.0,40.25,medium,221,0,none,0,,,
S1_futsal_C3clean_20260726_082257_f001568.jpg,S1_futsal_C3clean_20260726_082257,C3_clean_lap_v2_wet,,,810.0,605.0,45.0,36.0,40.25,medium,223,-1,none,0,,,
S1_futsal_C3clean_20260726_082257_f001576.jpg,S1_futsal_C3clean_20260726_082257,C3_clean_lap_v2_wet,,,826.0,605.0,46.0,36.0,40.69,medium,224,-1,none,0,,5.98,275
S1_futsal_C3clean_20260726_082257_f001584.jpg,S1_futsal_C3clean_20260726_082257,C3_clean_lap_v2_wet,,,841.0,605.0,49.0,36.0,42.0,medium,222,-1,none,0,,5.73,281
S1_futsal_C3clean_20260726_082257_f001592.jpg,S1_futsal_C3clean_20260726_082257,C3_clean_lap_v2_wet,,blur_moderate,876.0,601.0,46.0,31.0,37.76,medium,216,-1,none,0,,,
S1_futsal_C3clean_20260726_082257_f001600.jpg,S1_futsal_C3clean_20260726_082257,C3_clean_lap_v2_wet,,blur_moderate,921.0,598.0,39.0,31.0,34.77,medium,212,0,none,0,,5.80,226
S1_futsal_C3clean_20260726_082257_f001608.jpg,S1_futsal_C3clean_20260726_082257,C3_clean_lap_v2_wet,,blur_moderate,947.0,602.0,13.0,15.0,13.96,small,214,0,none,0,,,
S1_futsal_C3clean_20260726_082257_f001632.jpg,S1_futsal_C3clean_20260726_082257,C3_clean_lap_v2_wet,,blur_moderate,934.0,604.0,26.0,29.0,27.46,small,221,-1,none,0,,,
S1_futsal_C3clean_20260726_082257_f001640.jpg,S1_futsal_C3clean_20260726_082257,C3_clean_lap_v2_wet,,,839.0,606.0,46.0,34.0,39.55,medium,219,-1,none,0,,,
S1_futsal_C3clean_20260726_082257_f001648.jpg,S1_futsal_C3clean_20260726_082257,C3_clean_lap_v2_wet,,,841.0,603.0,43.0,41.0,41.99,medium,220,1,none,0,,,
S1_futsal_C3clean_20260726_082257_f001656.jpg,S1_futsal_C3clean_20260726_082257,C3_clean_lap_v2_wet,,,781.0,596.0,43.0,40.0,41.47,medium,218,3,none,0,,,
S1_futsal_C3clean_20260726_082257_f001664.jpg,S1_futsal_C3clean_20260726_082257,C3_clean_lap_v2_wet,,,720.0,587.0,45.0,31.0,37.35,medium,219,7,none,0,,,
S1_futsal_C3clean_20260726_082257_f001672.jpg,S1_futsal_C3clean_20260726_082257,C3_clean_lap_v2_wet,,,720.0,586.0,45.0,31.0,37.35,medium,218,8,none,0,,,
S1_futsal_C3clean_20260726_082257_f001680.jpg,S1_futsal_C3clean_20260726_082257,C3_clean_lap_v2_wet,,,719.0,587.0,46.0,31.0,37.76,medium,225,8,none,0,,,
S1_futsal_C3clean_20260726_082257_f001688.jpg,S1_futsal_C3clean_20260726_082257,C3_clean_lap_v2_wet,,,725.0,590.0,40.0,32.0,35.78,medium,215,8,none,0,,,
S1_futsal_C3clean_20260726_082257_f001696.jpg,S1_futsal_C3clean_20260726_082257,C3_clean_lap_v2_wet,,,707.0,589.0,37.0,31.0,33.87,medium,215,8,none,0,,,
S1_futsal_C3clean_20260726_082257_f001704.jpg,S1_futsal_C3clean_20260726_082257,C3_clean_lap_v2_wet,,,648.0,581.0,67.0,42.0,53.05,medium,215,8,none,0,,,
S1_futsal_C3clean_20260726_082257_f001720.jpg,S1_futsal_C3clean_20260726_082257,C3_clean_lap_v2_wet,,,489.78,565.81,42.9,29.86,35.79,medium,223,30,none,0,,,
S1_futsal_C3clean_20260726_082257_f001728.jpg,S1_futsal_C3clean_20260726_082257,C3_clean_lap_v2_wet,,,486.73,566.1,45.22,29.39,36.45,medium,222,30,none,0,,,
S1_futsal_C3clean_20260726_082257_f001736.jpg,S1_futsal_C3clean_20260726_082257,C3_clean_lap_v2_wet,,,486.48,565.59,45.0,28.06,35.53,medium,223,30,none,0,,,
S1_futsal_C3clean_20260726_082257_f001744.jpg,S1_futsal_C3clean_20260726_082257,C3_clean_lap_v2_wet,,,485.09,564.12,45.57,30.02,36.99,medium,222,30,none,0,,,
S1_futsal_C3clean_20260726_082257_f001752.jpg,S1_futsal_C3clean_20260726_082257,C3_clean_lap_v2_wet,,,485.36,563.19,44.16,29.22,35.92,medium,221,30,none,0,,,
S1_futsal_C3clean_20260726_082257_f001760.jpg,S1_futsal_C3clean_20260726_082257,C3_clean_lap_v2_wet,,,491.04,563.96,45.4,29.52,36.61,medium,226,30,none,0,,,
S1_futsal_C3clean_20260726_082257_f001768.jpg,S1_futsal_C3clean_20260726_082257,C3_clean_lap_v2_wet,,,511.7,562.86,48.76,29.69,38.05,medium,222,30,none,0,,,
S1_futsal_C3clean_20260726_082257_f001776.jpg,S1_futsal_C3clean_20260726_082257,C3_clean_lap_v2_wet,,,552.1,560.35,46.57,29.33,36.96,medium,224,30,none,0,,,
S1_futsal_C3clean_20260726_082257_f001784.jpg,S1_futsal_C3clean_20260726_082257,C3_clean_lap_v2_wet,,,589.01,558.14,47.76,30.02,37.87,medium,232,30,none,0,,,
S1_futsal_C3clean_20260726_082257_f001792.jpg,S1_futsal_C3clean_20260726_082257,C3_clean_lap_v2_wet,,,632.46,556.27,49.71,28.86,37.88,medium,230,30,none,0,,,
S1_futsal_C3clean_20260726_082257_f001800.jpg,S1_futsal_C3clean_20260726_082257,C3_clean_lap_v2_wet,,,673.0,547.0,46.0,29.0,36.52,medium,229,30,none,0,,,
S1_futsal_C3clean_20260726_082257_f001808.jpg,S1_futsal_C3clean_20260726_082257,C3_clean_lap_v2_wet,,,708.0,541.0,49.0,29.0,37.7,medium,228,30,none,0,,,
S1_futsal_C3clean_20260726_082257_f001816.jpg,S1_futsal_C3clean_20260726_082257,C3_clean_lap_v2_wet,,,737.0,534.0,49.0,24.0,34.29,medium,219,30,none,0,,4.72,231
S1_futsal_C3clean_20260726_082257_f001824.jpg,S1_futsal_C3clean_20260726_082257,C3_clean_lap_v2_wet,,,750.0,527.0,49.0,24.0,34.29,medium,210,30,none,0,,4.74,232
S1_futsal_C3clean_20260726_082257_f001832.jpg,S1_futsal_C3clean_20260726_082257,C3_clean_lap_v2_wet,,,759.0,523.0,49.0,24.0,34.29,medium,213,30,none,0,,4.56,223
S1_futsal_C3clean_20260726_082257_f001840.jpg,S1_futsal_C3clean_20260726_082257,C3_clean_lap_v2_wet,,,769.0,533.0,55.0,31.0,41.29,medium,211,30,none,0,,,
S1_futsal_C3clean_20260726_082257_f001848.jpg,S1_futsal_C3clean_20260726_082257,C3_clean_lap_v2_wet,,,783.0,546.0,58.0,33.0,43.75,medium,210,30,none,0,,,
S1_futsal_C3clean_20260726_082257_f001856.jpg,S1_futsal_C3clean_20260726_082257,C3_clean_lap_v2_wet,,,795.0,563.0,61.0,33.0,44.87,medium,216,30,none,0,,,
S1_futsal_C3clean_20260726_082257_f001864.jpg,S1_futsal_C3clean_20260726_082257,C3_clean_lap_v2_wet,,,804.0,578.0,61.0,33.0,44.87,medium,216,30,none,0,,,
S1_futsal_C3clean_20260726_082257_f001872.jpg,S1_futsal_C3clean_20260726_082257,C3_clean_lap_v2_wet,,,810.0,588.0,61.0,33.0,44.87,medium,221,30,none,0,,,
S1_futsal_C3clean_20260726_082257_f001880.jpg,S1_futsal_C3clean_20260726_082257,C3_clean_lap_v2_wet,,,813.0,594.0,61.0,36.0,46.86,medium,221,30,none,0,,,
S1_futsal_C3clean_20260726_082257_f001888.jpg,S1_futsal_C3clean_20260726_082257,C3_clean_lap_v2_wet,,,812.0,596.0,61.0,36.0,46.86,medium,226,30,none,0,,,
S1_futsal_C3clean_20260726_082257_f001896.jpg,S1_futsal_C3clean_20260726_082257,C3_clean_lap_v2_wet,,,810.0,595.0,63.0,36.0,47.62,medium,222,30,none,0,,,
S1_futsal_C3clean_20260726_082257_f001904.jpg,S1_futsal_C3clean_20260726_082257,C3_clean_lap_v2_wet,,,809.0,589.0,61.0,38.0,48.15,medium,222,30,none,0,,,
S1_futsal_C3clean_20260726_082257_f001912.jpg,S1_futsal_C3clean_20260726_082257,C3_clean_lap_v2_wet,,,771.0,585.0,60.0,33.0,44.5,medium,217,31,none,0,,,
S1_futsal_C3clean_20260726_082257_f001920.jpg,S1_futsal_C3clean_20260726_082257,C3_clean_lap_v2_wet,,,657.0,571.0,55.0,31.0,41.29,medium,215,40,none,0,,,
S1_futsal_C3clean_20260726_082257_f001928.jpg,S1_futsal_C3clean_20260726_082257,C3_clean_lap_v2_wet,,,596.0,564.0,58.0,31.0,42.4,medium,221,44,none,0,,,
S1_futsal_C3clean_20260726_082257_f001936.jpg,S1_futsal_C3clean_20260726_082257,C3_clean_lap_v2_wet,,,595.0,565.0,58.0,33.0,43.75,medium,220,44,none,0,,,
S1_futsal_C3clean_20260726_082257_f001944.jpg,S1_futsal_C3clean_20260726_082257,C3_clean_lap_v2_wet,,,596.0,569.0,58.0,33.0,43.75,medium,219,44,none,0,,,
S1_futsal_C3clean_20260726_082257_f001952.jpg,S1_futsal_C3clean_20260726_082257,C3_clean_lap_v2_wet,,,596.0,569.0,58.0,33.0,43.75,medium,223,44,none,0,,,
S1_futsal_C3clean_20260726_082257_f001960.jpg,S1_futsal_C3clean_20260726_082257,C3_clean_lap_v2_wet,,,599.0,616.0,58.0,31.0,42.4,medium,228,44,none,0,,,
S1_futsal_C3clean_20260726_082257_f001968.jpg,S1_futsal_C3clean_20260726_082257,C3_clean_lap_v2_wet,,,594.0,592.0,55.0,29.0,39.94,medium,224,44,none,0,,,
S1_futsal_C3clean_20260726_082257_f001976.jpg,S1_futsal_C3clean_20260726_082257,C3_clean_lap_v2_wet,,,585.0,554.0,52.0,27.0,37.47,medium,221,44,none,0,,,
S1_futsal_C3clean_20260726_082257_f001984.jpg,S1_futsal_C3clean_20260726_082257,C3_clean_lap_v2_wet,,,583.0,531.0,46.0,24.0,33.23,medium,218,44,none,0,,,
S1_futsal_C3clean_20260726_082257_f001992.jpg,S1_futsal_C3clean_20260726_082257,C3_clean_lap_v2_wet,,,577.0,507.0,46.0,23.0,32.53,medium,217,44,none,0,,4.52,208
S1_futsal_C3clean_20260726_082257_f002000.jpg,S1_futsal_C3clean_20260726_082257,C3_clean_lap_v2_wet,,,574.0,495.0,43.0,22.0,30.76,small,223,44,none,0,,5.07,218
S1_futsal_C3clean_20260726_082257_f002008.jpg,S1_futsal_C3clean_20260726_082257,C3_clean_lap_v2_wet,,,570.0,482.0,40.0,23.0,30.33,small,218,44,none,0,,5.66,226
S1_futsal_C3clean_20260726_082257_f002016.jpg,S1_futsal_C3clean_20260726_082257,C3_clean_lap_v2_wet,,,568.0,471.0,37.0,22.0,28.53,small,221,44,none,0,,,
S1_futsal_C3clean_20260726_082257_f002024.jpg,S1_futsal_C3clean_20260726_082257,C3_clean_lap_v2_wet,,,567.0,465.0,33.0,20.0,25.69,small,218,44,none,0,,,
S1_futsal_C3clean_20260726_082257_f002032.jpg,S1_futsal_C3clean_20260726_082257,C3_clean_lap_v2_wet,,,562.0,461.0,36.0,22.0,28.14,small,222,44,none,0,,6.42,231
S1_futsal_C3clean_20260726_082257_f002040.jpg,S1_futsal_C3clean_20260726_082257,C3_clean_lap_v2_wet,,,562.0,456.0,36.0,22.0,28.14,small,225,44,none,0,,6.29,226
S1_futsal_C3clean_20260726_082257_f002048.jpg,S1_futsal_C3clean_20260726_082257,C3_clean_lap_v2_wet,,,559.0,454.0,36.0,20.0,26.83,small,220,44,none,0,,,
S1_futsal_C3clean_20260726_082257_f002056.jpg,S1_futsal_C3clean_20260726_082257,C3_clean_lap_v2_wet,,,556.0,480.0,37.0,20.0,27.2,small,224,44,none,0,,,
S1_futsal_C3clean_20260726_082257_f002064.jpg,S1_futsal_C3clean_20260726_082257,C3_clean_lap_v2_wet,,,551.0,462.0,34.0,16.0,23.32,small,223,44,none,0,,,
S1_futsal_C3clean_20260726_082257_f002072.jpg,S1_futsal_C3clean_20260726_082257,C3_clean_lap_v2_wet,,,547.0,432.0,30.0,16.0,21.91,small,209,44,none,0,,,
S1_futsal_C3clean_20260726_082257_f002080.jpg,S1_futsal_C3clean_20260726_082257,C3_clean_lap_v2_wet,,,539.0,426.0,34.0,19.0,25.42,small,212,44,none,0,,,
S1_futsal_C3clean_20260726_082257_f002088.jpg,S1_futsal_C3clean_20260726_082257,C3_clean_lap_v2_wet,,,540.0,426.0,31.0,19.0,24.27,small,219,44,none,0,,,
S1_futsal_C3clean_20260726_082257_f002096.jpg,S1_futsal_C3clean_20260726_082257,C3_clean_lap_v2_wet,,,539.0,429.0,28.0,16.0,21.17,small,224,44,none,0,,,
S1_futsal_C3clean_20260726_082257_f002104.jpg,S1_futsal_C3clean_20260726_082257,C3_clean_lap_v2_wet,,,535.0,425.0,30.0,16.0,21.91,small,226,44,none,0,,,
S1_futsal_C3clean_20260726_082257_f002112.jpg,S1_futsal_C3clean_20260726_082257,C3_clean_lap_v2_wet,,,537.0,422.0,27.0,16.0,20.78,small,225,44,none,0,,,
S1_futsal_C3clean_20260726_082257_f002120.jpg,S1_futsal_C3clean_20260726_082257,C3_clean_lap_v2_wet,,,540.0,450.0,24.0,16.0,19.6,small,226,44,none,0,,,
S1_futsal_C3clean_20260726_082257_f002128.jpg,S1_futsal_C3clean_20260726_082257,C3_clean_lap_v2_wet,,,532.0,408.0,30.0,13.0,19.75,small,217,44,none,0,,,
S1_futsal_C3clean_20260726_082257_f002136.jpg,S1_futsal_C3clean_20260726_082257,C3_clean_lap_v2_wet,,,533.0,403.0,25.0,13.0,18.03,small,213,44,none,0,,,
S1_futsal_C3clean_20260726_082257_f002144.jpg,S1_futsal_C3clean_20260726_082257,C3_clean_lap_v2_wet,,,530.0,397.0,27.0,14.0,19.44,small,212,44,none,0,,,
S1_futsal_C3clean_20260726_082257_f002152.jpg,S1_futsal_C3clean_20260726_082257,C3_clean_lap_v2_wet,,,528.0,396.0,27.0,14.0,19.44,small,213,44,none,0,,,
S1_futsal_C3clean_20260726_082257_f002160.jpg,S1_futsal_C3clean_20260726_082257,C3_clean_lap_v2_wet,,,528.0,396.0,25.0,16.0,20.0,small,218,44,none,0,,,
S1_futsal_C3clean_20260726_082257_f002168.jpg,S1_futsal_C3clean_20260726_082257,C3_clean_lap_v2_wet,,,525.0,397.0,28.0,14.0,19.8,small,219,44,none,0,,,
S1_futsal_C3clean_20260726_082257_f002176.jpg,S1_futsal_C3clean_20260726_082257,C3_clean_lap_v2_wet,,,533.0,399.0,28.0,14.0,19.8,small,224,44,none,0,,,
S1_futsal_C3clean_20260726_082257_f002184.jpg,S1_futsal_C3clean_20260726_082257,C3_clean_lap_v2_wet,,,544.0,398.0,30.0,16.0,21.91,small,223,44,none,0,,,
S1_futsal_C3clean_20260726_082257_f002192.jpg,S1_futsal_C3clean_20260726_082257,C3_clean_lap_v2_wet,,,567.0,397.0,28.0,14.0,19.8,small,218,44,none,0,,,
S1_futsal_C3clean_20260726_082257_f002200.jpg,S1_futsal_C3clean_20260726_082257,C3_clean_lap_v2_wet,,,589.0,397.0,30.0,14.0,20.49,small,218,44,none,0,,,
S1_futsal_C3clean_20260726_082257_f002208.jpg,S1_futsal_C3clean_20260726_082257,C3_clean_lap_v2_wet,,,620.0,397.0,28.0,14.0,19.8,small,218,44,none,0,,,
S1_futsal_C3clean_20260726_082257_f002216.jpg,S1_futsal_C3clean_20260726_082257,C3_clean_lap_v2_wet,,,645.0,396.0,30.0,16.0,21.91,small,217,44,none,0,,,
S1_futsal_C3clean_20260726_082257_f002224.jpg,S1_futsal_C3clean_20260726_082257,C3_clean_lap_v2_wet,,,670.0,398.0,31.0,14.0,20.83,small,229,44,none,0,,,
S1_futsal_C3clean_20260726_082257_f002232.jpg,S1_futsal_C3clean_20260726_082257,C3_clean_lap_v2_wet,,,700.0,399.0,30.0,14.0,20.49,small,236,44,none,0,,,
S1_futsal_C3clean_20260726_082257_f002240.jpg,S1_futsal_C3clean_20260726_082257,C3_clean_lap_v2_wet,,,726.0,398.0,28.0,14.0,19.8,small,241,44,none,0,,,
S1_futsal_C3clean_20260726_082257_f002248.jpg,S1_futsal_C3clean_20260726_082257,C3_clean_lap_v2_wet,,,751.0,397.0,30.0,13.0,19.75,small,233,44,none,0,,,
S1_futsal_C3clean_20260726_082257_f002256.jpg,S1_futsal_C3clean_20260726_082257,C3_clean_lap_v2_wet,,,775.0,386.0,31.0,16.0,22.27,small,221,44,none,0,,,
S1_futsal_C3clean_20260726_082257_f002264.jpg,S1_futsal_C3clean_20260726_082257,C3_clean_lap_v2_wet,,,795.0,378.0,33.0,14.0,21.49,small,209,44,none,0,,,
S1_futsal_C3clean_20260726_082257_f002272.jpg,S1_futsal_C3clean_20260726_082257,C3_clean_lap_v2_wet,,,804.0,375.0,34.0,14.0,21.82,small,206,44,none,0,,,
S1_futsal_C3clean_20260726_082257_f002280.jpg,S1_futsal_C3clean_20260726_082257,C3_clean_lap_v2_wet,,,769.0,372.0,36.0,14.0,22.45,small,207,48,none,0,,,
S1_futsal_C3clean_20260726_082257_f002288.jpg,S1_futsal_C3clean_20260726_082257,C3_clean_lap_v2_wet,,,618.0,370.0,30.0,14.0,20.49,small,215,59,none,0,,,
S1_futsal_C3clean_20260726_082257_f002296.jpg,S1_futsal_C3clean_20260726_082257,C3_clean_lap_v2_wet,,,514.0,371.0,30.0,14.0,20.49,small,219,63,none,0,,,
S1_futsal_C3clean_20260726_082257_f002304.jpg,S1_futsal_C3clean_20260726_082257,C3_clean_lap_v2_wet,,,504.0,372.0,27.0,14.0,19.44,small,223,63,none,0,,,
S1_futsal_C3clean_20260726_082257_f002312.jpg,S1_futsal_C3clean_20260726_082257,C3_clean_lap_v2_wet,,,500.0,374.0,33.0,14.0,21.49,small,224,63,none,0,,,
S1_futsal_C3clean_20260726_082257_f002320.jpg,S1_futsal_C3clean_20260726_082257,C3_clean_lap_v2_wet,,,497.0,374.0,33.0,13.0,20.71,small,222,63,none,0,,,
S1_futsal_C3clean_20260726_082257_f002328.jpg,S1_futsal_C3clean_20260726_082257,C3_clean_lap_v2_wet,,,498.0,371.0,31.0,14.0,20.83,small,222,63,none,0,,,
S1_futsal_C3clean_20260726_082257_f002336.jpg,S1_futsal_C3clean_20260726_082257,C3_clean_lap_v2_wet,,,491.0,370.0,33.0,14.0,21.49,small,224,63,none,0,,,
S1_futsal_C3clean_20260726_082257_f002344.jpg,S1_futsal_C3clean_20260726_082257,C3_clean_lap_v2_wet,,,483.0,373.0,31.0,13.0,20.08,small,220,63,none,0,,,
S1_futsal_C3clean_20260726_082257_f002352.jpg,S1_futsal_C3clean_20260726_082257,C3_clean_lap_v2_wet,,,468.0,373.0,33.0,13.0,20.71,small,219,63,none,0,,,
S1_futsal_C3clean_20260726_082257_f002360.jpg,S1_futsal_C3clean_20260726_082257,C3_clean_lap_v2_wet,,,459.0,371.0,31.0,16.0,22.27,small,218,63,none,0,,,
S1_futsal_C3clean_20260726_082257_f002368.jpg,S1_futsal_C3clean_20260726_082257,C3_clean_lap_v2_wet,,,455.0,373.0,31.0,18.0,23.62,small,218,63,none,0,,,
S1_futsal_C3clean_20260726_082257_f002376.jpg,S1_futsal_C3clean_20260726_082257,C3_clean_lap_v2_wet,,,447.0,356.0,37.0,22.0,28.53,small,231,64,none,0,,,
S1_futsal_C3clean_20260726_082257_f002384.jpg,S1_futsal_C3clean_20260726_082257,C3_clean_lap_v2_wet,,,446.0,376.0,34.0,20.0,26.08,small,226,64,none,0,,,
S1_futsal_C3clean_20260726_082257_f002392.jpg,S1_futsal_C3clean_20260726_082257,C3_clean_lap_v2_wet,,blur_heavy,442.0,377.0,34.0,21.0,26.72,small,225,63,none,0,,,
S1_futsal_C3clean_20260726_082257_f002400.jpg,S1_futsal_C3clean_20260726_082257,C3_clean_lap_v2_wet,,,439.0,381.0,34.0,16.0,23.32,small,230,63,none,0,,,
S1_futsal_C3clean_20260726_082257_f002408.jpg,S1_futsal_C3clean_20260726_082257,C3_clean_lap_v2_wet,,,438.0,384.0,36.0,21.0,27.5,small,222,63,none,0,,,
S1_futsal_C3clean_20260726_082257_f002416.jpg,S1_futsal_C3clean_20260726_082257,C3_clean_lap_v2_wet,,,445.0,383.0,36.0,22.0,28.14,small,223,63,none,0,,,
S1_futsal_C3clean_20260726_082257_f002424.jpg,S1_futsal_C3clean_20260726_082257,C3_clean_lap_v2_wet,,,453.0,383.0,36.0,22.0,28.14,small,223,63,none,0,,,
S1_futsal_C3clean_20260726_082257_f002432.jpg,S1_futsal_C3clean_20260726_082257,C3_clean_lap_v2_wet,,,460.0,383.0,36.0,22.0,28.14,small,216,63,none,0,,,
S1_futsal_C3clean_20260726_082257_f002440.jpg,S1_futsal_C3clean_20260726_082257,C3_clean_lap_v2_wet,,,485.0,383.0,33.0,14.0,21.49,small,213,63,none,0,,,
S1_futsal_C3clean_20260726_082257_f002448.jpg,S1_futsal_C3clean_20260726_082257,C3_clean_lap_v2_wet,,,510.0,384.0,34.0,16.0,23.32,small,214,63,none,0,,,
S1_futsal_C3clean_20260726_082257_f002456.jpg,S1_futsal_C3clean_20260726_082257,C3_clean_lap_v2_wet,,,533.0,385.0,37.0,19.0,26.51,small,206,63,none,0,,,
S1_futsal_C3clean_20260726_082257_f002464.jpg,S1_futsal_C3clean_20260726_082257,C3_clean_lap_v2_wet,,,559.0,387.0,36.0,16.0,24.0,small,205,63,none,0,,,
S1_futsal_C3clean_20260726_082257_f002472.jpg,S1_futsal_C3clean_20260726_082257,C3_clean_lap_v2_wet,,,578.0,392.0,36.0,16.0,24.0,small,209,63,none,0,,,
S1_futsal_C3clean_20260726_082257_f002480.jpg,S1_futsal_C3clean_20260726_082257,C3_clean_lap_v2_wet,,,570.0,389.0,81.0,38.0,55.48,medium,215,63,none,0,,,
S1_futsal_C3clean_20260726_082257_f002488.jpg,S1_futsal_C3clean_20260726_082257,C3_clean_lap_v2_wet,,,631.0,399.0,49.0,19.0,30.51,small,212,63,none,0,,,
S1_futsal_C3clean_20260726_082257_f002496.jpg,S1_futsal_C3clean_20260726_082257,C3_clean_lap_v2_wet,,,654.0,401.0,46.0,24.0,33.23,medium,223,63,none,0,,,
S1_futsal_C3clean_20260726_082257_f002504.jpg,S1_futsal_C3clean_20260726_082257,C3_clean_lap_v2_wet,,,697.0,411.0,36.0,14.0,22.45,small,226,63,none,0,,,
S1_futsal_C3clean_20260726_082257_f002512.jpg,S1_futsal_C3clean_20260726_082257,C3_clean_lap_v2_wet,,,728.0,410.0,34.0,15.0,22.58,small,231,63,none,0,,,
S1_futsal_C3clean_20260726_082257_f002520.jpg,S1_futsal_C3clean_20260726_082257,C3_clean_lap_v2_wet,,,760.0,408.0,34.0,22.0,27.35,small,239,63,none,0,,,
S1_futsal_C3clean_20260726_082257_f002528.jpg,S1_futsal_C3clean_20260726_082257,C3_clean_lap_v2_wet,,,788.0,401.0,34.0,24.0,28.57,small,231,63,none,0,,,
S1_futsal_C3clean_20260726_082257_f002536.jpg,S1_futsal_C3clean_20260726_082257,C3_clean_lap_v2_wet,,,757.0,397.0,36.0,20.0,26.83,small,224,69,none,0,,,
S1_futsal_C3clean_20260726_082257_f002544.jpg,S1_futsal_C3clean_20260726_082257,C3_clean_lap_v2_wet,,,668.05,386.17,35.53,19.45,26.29,small,223,73,none,0,,,
S1_futsal_C3clean_20260726_082257_f002552.jpg,S1_futsal_C3clean_20260726_082257,C3_clean_lap_v2_wet,,,610.7,381.33,32.4,19.2,24.94,small,219,76,none,0,,,
S1_futsal_C3clean_20260726_082257_f002560.jpg,S1_futsal_C3clean_20260726_082257,C3_clean_lap_v2_wet,,,611.45,376.52,34.99,18.35,25.34,small,217,76,none,0,,,
S1_futsal_C3clean_20260726_082257_f002568.jpg,S1_futsal_C3clean_20260726_082257,C3_clean_lap_v2_wet,,,611.12,376.42,33.62,16.62,23.64,small,215,76,none,0,,,
S1_futsal_C3clean_20260726_082257_f002576.jpg,S1_futsal_C3clean_20260726_082257,C3_clean_lap_v2_wet,,,607.49,378.68,34.63,17.28,24.46,small,219,76,none,0,,,
S1_futsal_C3clean_20260726_082257_f002584.jpg,S1_futsal_C3clean_20260726_082257,C3_clean_lap_v2_wet,,,609.76,381.99,36.17,17.84,25.4,small,220,76,none,0,,,
S1_futsal_C3clean_20260726_082257_f002592.jpg,S1_futsal_C3clean_20260726_082257,C3_clean_lap_v2_wet,,,626.85,381.24,36.1,20.62,27.28,small,221,76,none,0,,,
S1_futsal_C3clean_20260726_082257_f002600.jpg,S1_futsal_C3clean_20260726_082257,C3_clean_lap_v2_wet,,,644.14,381.93,35.55,16.47,24.19,small,220,76,none,0,,,
S1_futsal_C3clean_20260726_082257_f002608.jpg,S1_futsal_C3clean_20260726_082257,C3_clean_lap_v2_wet,,,662.65,381.62,36.62,17.88,25.59,small,222,76,none,0,,,
S1_futsal_C3clean_20260726_082257_f002616.jpg,S1_futsal_C3clean_20260726_082257,C3_clean_lap_v2_wet,,,687.94,380.5,37.8,21.94,28.8,small,222,76,none,0,,,
S1_futsal_C3clean_20260726_082257_f002624.jpg,S1_futsal_C3clean_20260726_082257,C3_clean_lap_v2_wet,,,710.0,379.0,40.0,21.0,28.98,small,223,76,none,0,,,
S1_futsal_C3clean_20260726_082257_f002632.jpg,S1_futsal_C3clean_20260726_082257,C3_clean_lap_v2_wet,,,737.0,376.0,34.0,18.0,24.74,small,220,76,none,0,,,
S1_futsal_C3clean_20260726_082257_f002640.jpg,S1_futsal_C3clean_20260726_082257,C3_clean_lap_v2_wet,,,756.48,376.74,37.86,18.77,26.66,small,217,76,none,0,,,
S1_futsal_C3clean_20260726_082257_f002648.jpg,S1_futsal_C3clean_20260726_082257,C3_clean_lap_v2_wet,,,727.04,374.4,36.75,19.16,26.53,small,218,79,none,0,,,
S1_futsal_C3clean_20260726_082257_f002656.jpg,S1_futsal_C3clean_20260726_082257,C3_clean_lap_v2_wet,,,591.0,369.0,37.0,16.0,24.33,small,216,86,none,0,,,
S1_futsal_C3clean_20260726_082257_f002664.jpg,S1_futsal_C3clean_20260726_082257,C3_clean_lap_v2_wet,,,560.96,368.39,39.26,19.12,27.4,small,221,90,none,0,,,
S1_futsal_C3clean_20260726_082257_f002672.jpg,S1_futsal_C3clean_20260726_082257,C3_clean_lap_v2_wet,,,545.91,371.49,34.39,19.01,25.57,small,220,91,none,0,,,
S1_futsal_C3clean_20260726_082257_f002680.jpg,S1_futsal_C3clean_20260726_082257,C3_clean_lap_v2_wet,,,518.0,376.0,34.0,16.0,23.32,small,232,93,none,0,,,
S1_futsal_C3clean_20260726_082257_f002688.jpg,S1_futsal_C3clean_20260726_082257,C3_clean_lap_v2_wet,,,533.0,372.0,37.0,19.0,26.51,small,229,93,none,0,,,
S1_futsal_C3clean_20260726_082257_f002696.jpg,S1_futsal_C3clean_20260726_082257,C3_clean_lap_v2_wet,,,556.54,373.0,34.43,19.79,26.1,small,221,93,none,0,,,
S1_futsal_C3clean_20260726_082257_f002704.jpg,S1_futsal_C3clean_20260726_082257,C3_clean_lap_v2_wet,,,577.5,370.73,34.34,17.35,24.41,small,218,93,none,0,,,
S1_futsal_C3clean_20260726_082257_f002712.jpg,S1_futsal_C3clean_20260726_082257,C3_clean_lap_v2_wet,,,599.66,371.51,34.41,16.74,24.0,small,219,93,none,0,,,
S1_futsal_C3clean_20260726_082257_f002720.jpg,S1_futsal_C3clean_20260726_082257,C3_clean_lap_v2_wet,,,624.54,371.63,33.78,18.37,24.91,small,220,93,none,0,,,
S1_futsal_C3clean_20260726_082257_f002728.jpg,S1_futsal_C3clean_20260726_082257,C3_clean_lap_v2_wet,,,650.0,375.81,35.4,17.17,24.66,small,224,93,none,0,,,
S1_futsal_C3clean_20260726_082257_f002736.jpg,S1_futsal_C3clean_20260726_082257,C3_clean_lap_v2_wet,,,674.0,376.0,31.0,15.0,21.56,small,231,93,none,0,,,
S1_futsal_C3clean_20260726_082257_f002744.jpg,S1_futsal_C3clean_20260726_082257,C3_clean_lap_v2_wet,,,701.0,376.0,34.0,14.0,21.82,small,227,93,none,0,,,
S1_futsal_C3clean_20260726_082257_f002752.jpg,S1_futsal_C3clean_20260726_082257,C3_clean_lap_v2_wet,,,700.0,367.0,37.0,24.0,29.8,small,224,93,none,0,,,
S1_futsal_C3clean_20260726_082257_f002760.jpg,S1_futsal_C3clean_20260726_082257,C3_clean_lap_v2_wet,,,561.0,363.0,34.0,19.0,25.42,small,217,100,none,0,,,
S1_futsal_C3clean_20260726_082257_f002768.jpg,S1_futsal_C3clean_20260726_082257,C3_clean_lap_v2_wet,,,519.0,363.0,25.0,16.0,20.0,small,215,107,none,0,,,
S1_futsal_C3clean_20260726_082257_f002776.jpg,S1_futsal_C3clean_20260726_082257,C3_clean_lap_v2_wet,,,511.0,365.0,31.0,14.0,20.83,small,217,108,none,0,,,
S1_futsal_C3clean_20260726_082257_f002784.jpg,S1_futsal_C3clean_20260726_082257,C3_clean_lap_v2_wet,,,513.0,369.0,27.0,14.0,19.44,small,226,108,none,0,,,
S1_futsal_C3clean_20260726_082257_f002792.jpg,S1_futsal_C3clean_20260726_082257,C3_clean_lap_v2_wet,,,523.0,370.0,30.0,14.0,20.49,small,222,108,none,0,,,
S1_futsal_C3clean_20260726_082257_f002800.jpg,S1_futsal_C3clean_20260726_082257,C3_clean_lap_v2_wet,,,539.0,369.0,31.0,15.0,21.56,small,224,108,none,0,,,
S1_futsal_C3clean_20260726_082257_f002808.jpg,S1_futsal_C3clean_20260726_082257,C3_clean_lap_v2_wet,,,564.0,369.0,30.0,14.0,20.49,small,218,108,none,0,,,
S1_futsal_C3clean_20260726_082257_f002816.jpg,S1_futsal_C3clean_20260726_082257,C3_clean_lap_v2_wet,,,582.0,369.0,36.0,16.0,24.0,small,218,108,none,0,,,
S1_futsal_C3clean_20260726_082257_f002824.jpg,S1_futsal_C3clean_20260726_082257,C3_clean_lap_v2_wet,,,597.0,370.0,43.0,15.0,25.4,small,217,108,none,0,,,
S1_futsal_C3clean_20260726_082257_f002832.jpg,S1_futsal_C3clean_20260726_082257,C3_clean_lap_v2_wet,,,622.0,366.0,52.0,23.0,34.58,medium,221,108,none,0,,,
S1_futsal_C3clean_20260726_082257_f002840.jpg,S1_futsal_C3clean_20260726_082257,C3_clean_lap_v2_wet,,,654.0,372.0,31.0,13.0,20.08,small,225,108,none,0,,,
S1_futsal_C3clean_20260726_082257_f002848.jpg,S1_futsal_C3clean_20260726_082257,C3_clean_lap_v2_wet,,,677.0,376.0,27.0,14.0,19.44,small,226,108,none,0,,,
S1_futsal_C3clean_20260726_082257_f002856.jpg,S1_futsal_C3clean_20260726_082257,C3_clean_lap_v2_wet,,,687.0,374.0,37.0,13.0,21.93,small,227,108,none,0,,,
S1_futsal_C3clean_20260726_082257_f002864.jpg,S1_futsal_C3clean_20260726_082257,C3_clean_lap_v2_wet,,,718.0,368.0,28.0,13.0,19.08,small,224,108,none,0,,,
S1_futsal_C3clean_20260726_082257_f002872.jpg,S1_futsal_C3clean_20260726_082257,C3_clean_lap_v2_wet,,,738.0,368.0,25.0,14.0,18.71,small,217,108,none,0,,,
S1_futsal_C3clean_20260726_082257_f002880.jpg,S1_futsal_C3clean_20260726_082257,C3_clean_lap_v2_wet,,,759.0,366.0,27.0,13.0,18.74,small,212,108,none,0,,,
S1_futsal_C3clean_20260726_082257_f002888.jpg,S1_futsal_C3clean_20260726_082257,C3_clean_lap_v2_wet,,,782.0,365.0,28.0,13.0,19.08,small,219,108,none,0,,,
S1_futsal_C3clean_20260726_082257_f002896.jpg,S1_futsal_C3clean_20260726_082257,C3_clean_lap_v2_wet,,,805.0,363.0,31.0,14.0,20.83,small,226,107,none,0,,,
S1_futsal_C3clean_20260726_082257_f002904.jpg,S1_futsal_C3clean_20260726_082257,C3_clean_lap_v2_wet,,,822.0,366.0,31.0,13.0,20.08,small,222,107,none,0,,,
S1_futsal_C3clean_20260726_082257_f002912.jpg,S1_futsal_C3clean_20260726_082257,C3_clean_lap_v2_wet,,,835.0,363.0,31.0,13.0,20.08,small,216,108,none,0,,,
S1_futsal_C3clean_20260726_082257_f002920.jpg,S1_futsal_C3clean_20260726_082257,C3_clean_lap_v2_wet,,,849.0,360.0,30.0,13.0,19.75,small,207,107,none,0,,,
S1_futsal_C3clean_20260726_082257_f002928.jpg,S1_futsal_C3clean_20260726_082257,C3_clean_lap_v2_wet,,,855.0,357.0,28.0,16.0,21.17,small,206,107,none,0,,,
S1_futsal_C3clean_20260726_082257_f002936.jpg,S1_futsal_C3clean_20260726_082257,C3_clean_lap_v2_wet,,blur_moderate,833.0,360.0,31.0,13.0,20.08,small,209,109,none,0,,,
S1_futsal_C3clean_20260726_082257_f002944.jpg,S1_futsal_C3clean_20260726_082257,C3_clean_lap_v2_wet,,,729.0,361.0,31.0,13.0,20.08,small,216,115,none,0,,,
S1_futsal_C3clean_20260726_082257_f002952.jpg,S1_futsal_C3clean_20260726_082257,C3_clean_lap_v2_wet,,,624.0,361.0,33.0,13.0,20.71,small,221,121,none,0,,,
S1_futsal_C3clean_20260726_082257_f002960.jpg,S1_futsal_C3clean_20260726_082257,C3_clean_lap_v2_wet,,,532.0,361.0,24.0,14.0,18.33,small,226,127,none,0,,,
S1_futsal_C3clean_20260726_082257_f002968.jpg,S1_futsal_C3clean_20260726_082257,C3_clean_lap_v2_wet,,,528.0,361.0,22.0,16.0,18.76,small,230,128,none,0,,,
S1_futsal_C3clean_20260726_082257_f002976.jpg,S1_futsal_C3clean_20260726_082257,C3_clean_lap_v2_wet,,,528.0,361.0,19.0,14.0,16.31,small,228,127,none,0,,,
S1_futsal_C3clean_20260726_082257_f002984.jpg,S1_futsal_C3clean_20260726_082257,C3_clean_lap_v2_wet,,,525.0,358.0,21.0,16.0,18.33,small,223,127,none,0,,,
S1_futsal_C3clean_20260726_082257_f002992.jpg,S1_futsal_C3clean_20260726_082257,C3_clean_lap_v2_wet,,,525.0,352.0,22.0,16.0,18.76,small,234,128,none,0,,,
S1_futsal_C3clean_20260726_082257_f003000.jpg,S1_futsal_C3clean_20260726_082257,C3_clean_lap_v2_wet,,,517.0,352.0,22.0,14.0,17.55,small,233,128,none,0,,,
S1_futsal_C3clean_20260726_082257_f003008.jpg,S1_futsal_C3clean_20260726_082257,C3_clean_lap_v2_wet,,,498.0,354.0,19.0,13.0,15.72,small,228,128,none,0,,,
S1_futsal_C3clean_20260726_082257_f003016.jpg,S1_futsal_C3clean_20260726_082257,C3_clean_lap_v2_wet,,,479.0,353.0,21.0,14.0,17.15,small,241,128,none,0,,,
S1_futsal_C3clean_20260726_082257_f003024.jpg,S1_futsal_C3clean_20260726_082257,C3_clean_lap_v2_wet,,,491.0,347.0,19.0,14.0,16.31,small,232,128,none,0,,,
S1_futsal_C3clean_20260726_082257_f003032.jpg,S1_futsal_C3clean_20260726_082257,C3_clean_lap_v2_wet,,,506.0,339.0,19.0,14.0,16.31,small,208,128,none,0,,,
S1_futsal_C3clean_20260726_082257_f003040.jpg,S1_futsal_C3clean_20260726_082257,C3_clean_lap_v2_wet,,,520.0,333.0,24.0,14.0,18.33,small,191,127,none,0,,,
S1_futsal_C3clean_20260726_082257_f003048.jpg,S1_futsal_C3clean_20260726_082257,C3_clean_lap_v2_wet,,,547.0,333.0,22.0,14.0,17.55,small,192,127,none,0,,,
S1_futsal_C3clean_20260726_082257_f003056.jpg,S1_futsal_C3clean_20260726_082257,C3_clean_lap_v2_wet,,,564.0,343.0,19.0,13.0,15.72,small,209,128,none,0,,,
S1_futsal_C3clean_20260726_082257_f003064.jpg,S1_futsal_C3clean_20260726_082257,C3_clean_lap_v2_wet,,,576.0,353.0,22.0,13.0,16.91,small,226,128,none,0,,,
S1_futsal_C3clean_20260726_082257_f003072.jpg,S1_futsal_C3clean_20260726_082257,C3_clean_lap_v2_wet,,,594.0,356.0,19.0,14.0,16.31,small,237,128,none,0,,,
S1_futsal_C3clean_20260726_082257_f003080.jpg,S1_futsal_C3clean_20260726_082257,C3_clean_lap_v2_wet,,,611.0,356.0,21.0,14.0,17.15,small,237,128,none,0,,,
S1_futsal_C3clean_20260726_082257_f003088.jpg,S1_futsal_C3clean_20260726_082257,C3_clean_lap_v2_wet,,,630.0,352.0,21.0,14.0,17.15,small,228,128,none,0,,,
S1_futsal_C3clean_20260726_082257_f003096.jpg,S1_futsal_C3clean_20260726_082257,C3_clean_lap_v2_wet,,,648.0,346.0,25.0,13.0,18.03,small,213,128,none,0,,,
S1_futsal_C3clean_20260726_082257_f003104.jpg,S1_futsal_C3clean_20260726_082257,C3_clean_lap_v2_wet,,,664.0,345.0,24.0,13.0,17.66,small,209,128,none,0,,,
S1_futsal_C3clean_20260726_082257_f003112.jpg,S1_futsal_C3clean_20260726_082257,C3_clean_lap_v2_wet,,,679.0,343.0,24.0,12.0,16.97,small,209,128,none,0,,,
S1_futsal_C3clean_20260726_082257_f003120.jpg,S1_futsal_C3clean_20260726_082257,C3_clean_lap_v2_wet,,,696.0,342.0,24.0,12.0,16.97,small,211,128,none,0,,,
S1_futsal_C3clean_20260726_082257_f003128.jpg,S1_futsal_C3clean_20260726_082257,C3_clean_lap_v2_wet,,,700.0,342.0,34.0,20.0,26.08,small,228,128,none,0,,,
S1_futsal_C3clean_20260726_082257_f003136.jpg,S1_futsal_C3clean_20260726_082257,C3_clean_lap_v2_wet,,,708.0,346.0,31.0,20.0,24.9,small,230,128,none,0,,,
S1_futsal_C3clean_20260726_082257_f003144.jpg,S1_futsal_C3clean_20260726_082257,C3_clean_lap_v2_wet,,,697.0,347.0,25.0,13.0,18.03,small,224,128,none,0,,,
S1_futsal_C3clean_20260726_082257_f003152.jpg,S1_futsal_C3clean_20260726_082257,C3_clean_lap_v2_wet,,,685.0,348.0,22.0,13.0,16.91,small,217,128,none,0,,,
S1_futsal_C3clean_20260726_082257_f003160.jpg,S1_futsal_C3clean_20260726_082257,C3_clean_lap_v2_wet,,,671.0,343.0,28.0,20.0,23.66,small,212,128,none,0,,,
S1_futsal_C3clean_20260726_082257_f003168.jpg,S1_futsal_C3clean_20260726_082257,C3_clean_lap_v2_wet,,,666.0,344.0,31.0,22.0,26.12,small,216,128,none,0,,,
S1_futsal_C3clean_20260726_082257_f003176.jpg,S1_futsal_C3clean_20260726_082257,C3_clean_lap_v2_wet,,,669.0,348.0,21.0,20.0,20.49,small,227,128,none,0,,,
S1_futsal_C3clean_20260726_082257_f003184.jpg,S1_futsal_C3clean_20260726_082257,C3_clean_lap_v2_wet,,,678.0,353.0,25.0,13.0,18.03,small,224,128,none,0,,,
S1_futsal_C3clean_20260726_082257_f003192.jpg,S1_futsal_C3clean_20260726_082257,C3_clean_lap_v2_wet,,,695.0,353.0,27.0,13.0,18.74,small,223,128,none,0,,,
S1_futsal_C3clean_20260726_082257_f003200.jpg,S1_futsal_C3clean_20260726_082257,C3_clean_lap_v2_wet,,,713.0,352.0,19.0,14.0,16.31,small,222,128,none,0,,,
S1_futsal_C3clean_20260726_082257_f003208.jpg,S1_futsal_C3clean_20260726_082257,C3_clean_lap_v2_wet,,,644.0,344.0,22.0,20.0,20.98,small,222,131,none,0,,,
S1_futsal_C3clean_20260726_082257_f003216.jpg,S1_futsal_C3clean_20260726_082257,C3_clean_lap_v2_wet,,,534.0,340.0,31.0,21.0,25.51,small,220,138,none,0,,,
S1_futsal_C3clean_20260726_082257_f003224.jpg,S1_futsal_C3clean_20260726_082257,C3_clean_lap_v2_wet,,,462.0,345.0,15.0,13.0,13.96,small,219,145,none,0,,,
S1_futsal_C3clean_20260726_082257_f003232.jpg,S1_futsal_C3clean_20260726_082257,C3_clean_lap_v2_wet,,,452.0,343.0,22.0,11.0,15.56,small,219,146,none,0,,,
S1_futsal_C3clean_20260726_082257_f003240.jpg,S1_futsal_C3clean_20260726_082257,C3_clean_lap_v2_wet,,,447.0,342.0,21.0,12.0,15.87,small,217,146,none,0,,,
S1_futsal_C3clean_20260726_082257_f003248.jpg,S1_futsal_C3clean_20260726_082257,C3_clean_lap_v2_wet,,,444.0,343.0,21.0,13.0,16.52,small,221,146,none,0,,,
S1_futsal_C3clean_20260726_082257_f003256.jpg,S1_futsal_C3clean_20260726_082257,C3_clean_lap_v2_wet,,,451.0,348.0,18.0,12.0,14.7,small,223,145,none,0,,,
S1_futsal_C3clean_20260726_082257_f003264.jpg,S1_futsal_C3clean_20260726_082257,C3_clean_lap_v2_wet,,,462.0,346.0,19.0,13.0,15.72,small,224,145,none,0,,,
S1_futsal_C3clean_20260726_082257_f003272.jpg,S1_futsal_C3clean_20260726_082257,C3_clean_lap_v2_wet,,,473.0,343.0,28.0,13.0,19.08,small,222,145,none,0,,,
S1_futsal_C3clean_20260726_082257_f003280.jpg,S1_futsal_C3clean_20260726_082257,C3_clean_lap_v2_wet,,,498.0,345.0,15.0,12.0,13.42,small,220,145,none,0,,,
S1_futsal_C3clean_20260726_082257_f003288.jpg,S1_futsal_C3clean_20260726_082257,C3_clean_lap_v2_wet,,,519.0,344.0,15.0,13.0,13.96,small,219,145,none,0,,,
S1_futsal_C3clean_20260726_082257_f003296.jpg,S1_futsal_C3clean_20260726_082257,C3_clean_lap_v2_wet,,,536.0,342.0,22.0,13.0,16.91,small,217,145,none,0,,,
S1_futsal_C3clean_20260726_082257_f003304.jpg,S1_futsal_C3clean_20260726_082257,C3_clean_lap_v2_wet,,,561.0,344.0,19.0,13.0,15.72,small,217,145,none,0,,,
S1_futsal_C3clean_20260726_082257_f003312.jpg,S1_futsal_C3clean_20260726_082257,C3_clean_lap_v2_wet,,,579.0,344.0,19.0,13.0,15.72,small,222,145,none,0,,,
S1_futsal_C3clean_20260726_082257_f003320.jpg,S1_futsal_C3clean_20260726_082257,C3_clean_lap_v2_wet,,,604.0,345.0,16.0,12.0,13.86,small,234,145,none,0,,,
S1_futsal_C3clean_20260726_082257_f003328.jpg,S1_futsal_C3clean_20260726_082257,C3_clean_lap_v2_wet,,,630.0,345.0,22.0,13.0,16.91,small,232,145,none,0,,,
S1_futsal_C3clean_20260726_082257_f003336.jpg,S1_futsal_C3clean_20260726_082257,C3_clean_lap_v2_wet,,,652.0,341.0,23.0,12.0,16.61,small,216,145,none,0,,,
S1_futsal_C3clean_20260726_082257_f003344.jpg,S1_futsal_C3clean_20260726_082257,C3_clean_lap_v2_wet,,,683.0,333.0,16.0,12.0,13.86,small,209,145,none,0,,,
S1_futsal_C3clean_20260726_082257_f003352.jpg,S1_futsal_C3clean_20260726_082257,C3_clean_lap_v2_wet,,,698.0,328.0,24.0,14.0,18.33,small,206,145,none,0,,,
S1_futsal_C3clean_20260726_082257_f003360.jpg,S1_futsal_C3clean_20260726_082257,C3_clean_lap_v2_wet,,,711.0,327.0,25.0,18.0,21.21,small,207,145,none,0,,,
S1_futsal_C3clean_20260726_082257_f003368.jpg,S1_futsal_C3clean_20260726_082257,C3_clean_lap_v2_wet,,,721.0,329.0,22.0,14.0,17.55,small,205,145,none,0,,,
S1_futsal_C3clean_20260726_082257_f003376.jpg,S1_futsal_C3clean_20260726_082257,C3_clean_lap_v2_wet,,,716.0,330.0,36.0,18.0,25.46,small,214,145,none,0,,,
S1_futsal_C3clean_20260726_082257_f003384.jpg,S1_futsal_C3clean_20260726_082257,C3_clean_lap_v2_wet,,,729.0,334.0,24.0,14.0,18.33,small,219,145,none,0,,,
S1_futsal_C3clean_20260726_082257_f003392.jpg,S1_futsal_C3clean_20260726_082257,C3_clean_lap_v2_wet,,,726.0,297.0,29.0,21.0,24.68,small,225,145,none,0,,,
S1_futsal_C3clean_20260726_082257_f003400.jpg,S1_futsal_C3clean_20260726_082257,C3_clean_lap_v2_wet,,,744.0,320.0,17.0,13.0,14.87,small,226,145,none,0,,,
S1_futsal_C3clean_20260726_082257_f003408.jpg,S1_futsal_C3clean_20260726_082257,C3_clean_lap_v2_wet,,,746.0,343.0,22.0,11.0,15.56,small,222,145,none,0,,,
S1_futsal_C3clean_20260726_082257_f003416.jpg,S1_futsal_C3clean_20260726_082257,C3_clean_lap_v2_wet,,,753.0,344.0,21.0,13.0,16.52,small,220,145,none,0,,,
S1_futsal_C3clean_20260726_082257_f003424.jpg,S1_futsal_C3clean_20260726_082257,C3_clean_lap_v2_wet,,,758.0,347.0,21.0,14.0,17.15,small,218,145,none,0,,,
S1_futsal_C3clean_20260726_082257_f003432.jpg,S1_futsal_C3clean_20260726_082257,C3_clean_lap_v2_wet,,,765.0,349.0,19.0,16.0,17.44,small,221,145,none,0,,,
S1_futsal_C3clean_20260726_082257_f003440.jpg,S1_futsal_C3clean_20260726_082257,C3_clean_lap_v2_wet,,,774.0,357.0,19.0,13.0,15.72,small,218,145,none,0,,,
S1_futsal_C3clean_20260726_082257_f003448.jpg,S1_futsal_C3clean_20260726_082257,C3_clean_lap_v2_wet,,,790.0,360.0,13.0,13.0,13.0,small,218,145,none,0,,,
S1_futsal_C3clean_20260726_082257_f003456.jpg,S1_futsal_C3clean_20260726_082257,C3_clean_lap_v2_wet,,,808.0,362.0,10.0,13.0,11.4,small,221,145,none,0,,,
S1_futsal_C3clean_20260726_082257_f003464.jpg,S1_futsal_C3clean_20260726_082257,C3_clean_lap_v2_wet,,,830.0,361.0,10.0,13.0,11.4,small,216,145,none,0,,,
S1_futsal_C3clean_20260726_082257_f003472.jpg,S1_futsal_C3clean_20260726_082257,C3_clean_lap_v2_wet,,,830.0,357.0,31.0,24.0,27.28,small,212,145,none,0,,,
S1_futsal_C3clean_20260726_082257_f003480.jpg,S1_futsal_C3clean_20260726_082257,C3_clean_lap_v2_wet,,,846.0,357.0,19.0,20.0,19.49,small,209,145,none,0,,,
S1_futsal_C3clean_20260726_082257_f003488.jpg,S1_futsal_C3clean_20260726_082257,C3_clean_lap_v2_wet,,,739.0,358.0,22.0,19.0,20.45,small,216,153,none,0,,,
S1_futsal_C3clean_20260726_082257_f003496.jpg,S1_futsal_C3clean_20260726_082257,C3_clean_lap_v2_wet,,,622.0,357.0,18.0,21.0,19.44,small,219,159,none,0,,,
S1_futsal_C3clean_20260726_082257_f003504.jpg,S1_futsal_C3clean_20260726_082257,C3_clean_lap_v2_wet,,,511.0,365.0,19.0,16.0,17.44,small,228,169,none,0,,,
S1_futsal_C3clean_20260726_082257_f003512.jpg,S1_futsal_C3clean_20260726_082257,C3_clean_lap_v2_wet,,,419.0,367.0,22.0,14.0,17.55,small,231,172,none,0,,,
S1_futsal_C3clean_20260726_082257_f003520.jpg,S1_futsal_C3clean_20260726_082257,C3_clean_lap_v2_wet,,,412.0,370.0,22.0,13.0,16.91,small,236,172,none,0,,,
S1_futsal_C3clean_20260726_082257_f003528.jpg,S1_futsal_C3clean_20260726_082257,C3_clean_lap_v2_wet,,,411.0,371.0,24.0,13.0,17.66,small,243,172,none,0,,,
S1_futsal_C3clean_20260726_082257_f003536.jpg,S1_futsal_C3clean_20260726_082257,C3_clean_lap_v2_wet,,,417.0,368.0,24.0,14.0,18.33,small,228,172,none,0,,,
S1_futsal_C3clean_20260726_082257_f003544.jpg,S1_futsal_C3clean_20260726_082257,C3_clean_lap_v2_wet,,,437.0,361.0,28.0,14.0,19.8,small,237,172,none,0,,,
S1_futsal_C3clean_20260726_082257_f003552.jpg,S1_futsal_C3clean_20260726_082257,C3_clean_lap_v2_wet,,,459.0,356.0,19.0,15.0,16.88,small,232,172,none,0,,,
S1_futsal_C3clean_20260726_082257_f003560.jpg,S1_futsal_C3clean_20260726_082257,C3_clean_lap_v2_wet,,,480.0,353.0,22.0,15.0,18.17,small,237,172,none,0,,,
S1_futsal_C3clean_20260726_082257_f003568.jpg,S1_futsal_C3clean_20260726_082257,C3_clean_lap_v2_wet,,,501.0,350.0,24.0,14.0,18.33,small,231,172,none,0,,,
S1_futsal_C3clean_20260726_082257_f003576.jpg,S1_futsal_C3clean_20260726_082257,C3_clean_lap_v2_wet,,,521.0,340.0,21.0,22.0,21.49,small,221,172,none,0,,,
S1_futsal_C3clean_20260726_082257_f003584.jpg,S1_futsal_C3clean_20260726_082257,C3_clean_lap_v2_wet,,,539.0,342.0,22.0,16.0,18.76,small,220,172,none,0,,,
S1_futsal_C3clean_20260726_082257_f003592.jpg,S1_futsal_C3clean_20260726_082257,C3_clean_lap_v2_wet,,,569.0,346.0,11.0,6.0,8.12,small,209,172,none,0,,,
S1_futsal_C3clean_20260726_082257_f003600.jpg,S1_futsal_C3clean_20260726_082257,C3_clean_lap_v2_wet,,,588.0,338.0,24.0,15.0,18.97,small,205,172,none,0,,,
S1_futsal_C3clean_20260726_082257_f003608.jpg,S1_futsal_C3clean_20260726_082257,C3_clean_lap_v2_wet,,,617.0,335.0,16.0,13.0,14.42,small,195,172,none,0,,,
S1_futsal_C3clean_20260726_082257_f003616.jpg,S1_futsal_C3clean_20260726_082257,C3_clean_lap_v2_wet,,,635.0,338.0,21.0,14.0,17.15,small,201,172,none,0,,,
S1_futsal_C3clean_20260726_082257_f003624.jpg,S1_futsal_C3clean_20260726_082257,C3_clean_lap_v2_wet,,,651.0,338.0,27.0,20.0,23.24,small,209,172,none,0,,,
S1_futsal_C3clean_20260726_082257_f003632.jpg,S1_futsal_C3clean_20260726_082257,C3_clean_lap_v2_wet,,,672.0,345.0,27.0,18.0,22.05,small,215,172,none,0,,,
S1_futsal_C3clean_20260726_082257_f003640.jpg,S1_futsal_C3clean_20260726_082257,C3_clean_lap_v2_wet,,,690.0,352.0,25.0,14.0,18.71,small,224,172,none,0,,,
S1_futsal_C3clean_20260726_082257_f003648.jpg,S1_futsal_C3clean_20260726_082257,C3_clean_lap_v2_wet,,,711.0,354.0,25.0,18.0,21.21,small,227,172,none,0,,,
S1_futsal_C3clean_20260726_082257_f003656.jpg,S1_futsal_C3clean_20260726_082257,C3_clean_lap_v2_wet,,,735.0,356.0,25.0,15.0,19.36,small,225,172,none,0,,,
S1_futsal_C3clean_20260726_082257_f003664.jpg,S1_futsal_C3clean_20260726_082257,C3_clean_lap_v2_wet,,,762.0,349.0,21.0,22.0,21.49,small,217,172,none,0,,,
S1_futsal_C3clean_20260726_082257_f003672.jpg,S1_futsal_C3clean_20260726_082257,C3_clean_lap_v2_wet,,,777.0,349.0,31.0,20.0,24.9,small,218,172,none,0,,,
S1_futsal_C3clean_20260726_082257_f003680.jpg,S1_futsal_C3clean_20260726_082257,C3_clean_lap_v2_wet,,,801.0,353.0,31.0,15.0,21.56,small,226,172,none,0,,,
S1_futsal_C3clean_20260726_082257_f003688.jpg,S1_futsal_C3clean_20260726_082257,C3_clean_lap_v2_wet,,,770.0,347.0,22.0,16.0,18.76,small,224,177,none,0,,,
S1_futsal_C3clean_20260726_082257_f003696.jpg,S1_futsal_C3clean_20260726_082257,C3_clean_lap_v2_wet,,,640.0,342.0,16.0,20.0,17.89,small,226,-175,none,0,,,
S1_futsal_C3clean_20260726_082257_f003704.jpg,S1_futsal_C3clean_20260726_082257,C3_clean_lap_v2_wet,,,556.0,338.0,22.0,14.0,17.55,small,219,-170,none,0,,,
S1_futsal_C3clean_20260726_082257_f003712.jpg,S1_futsal_C3clean_20260726_082257,C3_clean_lap_v2_wet,,,542.0,331.0,28.0,21.0,24.25,small,219,-169,none,0,,,
S1_futsal_C3clean_20260726_082257_f003720.jpg,S1_futsal_C3clean_20260726_082257,C3_clean_lap_v2_wet,,,525.0,331.0,19.0,16.0,17.44,small,215,-168,none,0,,,
S1_futsal_C3clean_20260726_082257_f003728.jpg,S1_futsal_C3clean_20260726_082257,C3_clean_lap_v2_wet,,,518.0,331.0,22.0,13.0,16.91,small,214,-168,none,0,,,
S1_futsal_C3clean_20260726_082257_f003736.jpg,S1_futsal_C3clean_20260726_082257,C3_clean_lap_v2_wet,,,517.0,331.0,18.0,12.0,14.7,small,215,-168,none,0,,,
S1_futsal_C3clean_20260726_082257_f003744.jpg,S1_futsal_C3clean_20260726_082257,C3_clean_lap_v2_wet,,,510.0,324.0,28.0,25.0,26.46,small,216,-168,none,0,,,
S1_futsal_C3clean_20260726_082257_f003752.jpg,S1_futsal_C3clean_20260726_082257,C3_clean_lap_v2_wet,,,516.0,329.0,19.0,18.0,18.49,small,216,-168,none,0,,,
S1_futsal_C3clean_20260726_082257_f003760.jpg,S1_futsal_C3clean_20260726_082257,C3_clean_lap_v2_wet,,,516.0,335.0,21.0,12.0,15.87,small,221,-168,none,0,,,
S1_futsal_C3clean_20260726_082257_f003768.jpg,S1_futsal_C3clean_20260726_082257,C3_clean_lap_v2_wet,,,514.0,339.0,18.0,13.0,15.3,small,231,-168,none,0,,,
S1_futsal_C3clean_20260726_082257_f003776.jpg,S1_futsal_C3clean_20260726_082257,C3_clean_lap_v2_wet,,,516.0,342.0,13.0,10.0,11.4,small,233,-168,none,0,,,
S1_futsal_C3clean_20260726_082257_f003784.jpg,S1_futsal_C3clean_20260726_082257,C3_clean_lap_v2_wet,,,531.0,336.0,21.0,15.0,17.75,small,226,-168,none,0,,,
S1_futsal_C3clean_20260726_082257_f003792.jpg,S1_futsal_C3clean_20260726_082257,C3_clean_lap_v2_wet,,,544.0,335.0,24.0,18.0,20.78,small,223,-168,none,0,,,
S1_futsal_C3clean_20260726_082257_f003800.jpg,S1_futsal_C3clean_20260726_082257,C3_clean_lap_v2_wet,,,574.0,335.0,16.0,10.0,12.65,small,210,-168,none,0,,,
S1_futsal_C3clean_20260726_082257_f003808.jpg,S1_futsal_C3clean_20260726_082257,C3_clean_lap_v2_wet,,,597.0,338.0,15.0,10.0,12.25,small,211,-168,none,0,,,
S1_futsal_C3clean_20260726_082257_f003816.jpg,S1_futsal_C3clean_20260726_082257,C3_clean_lap_v2_wet,,,615.0,340.0,15.0,12.0,13.42,small,219,-168,none,0,,,
S1_futsal_C3clean_20260726_082257_f003824.jpg,S1_futsal_C3clean_20260726_082257,C3_clean_lap_v2_wet,,,636.0,342.0,13.0,12.0,12.49,small,223,-168,none,0,,,
S1_futsal_C3clean_20260726_082257_f003832.jpg,S1_futsal_C3clean_20260726_082257,C3_clean_lap_v2_wet,,,650.0,344.0,19.0,10.0,13.78,small,234,-168,none,0,,,
S1_futsal_C3clean_20260726_082257_f003840.jpg,S1_futsal_C3clean_20260726_082257,C3_clean_lap_v2_wet,,,669.0,348.0,13.0,10.0,11.4,small,242,-168,none,0,,,
S1_futsal_C3clean_20260726_082257_f003848.jpg,S1_futsal_C3clean_20260726_082257,C3_clean_lap_v2_wet,,,682.0,345.0,16.0,10.0,12.65,small,238,-168,none,0,,,
S1_futsal_C3clean_20260726_082257_f003856.jpg,S1_futsal_C3clean_20260726_082257,C3_clean_lap_v2_wet,,,703.0,338.0,18.0,12.0,14.7,small,236,-168,none,0,,,
S1_futsal_C3clean_20260726_082257_f003864.jpg,S1_futsal_C3clean_20260726_082257,C3_clean_lap_v2_wet,,,713.0,332.0,15.0,10.0,12.25,small,219,-168,none,0,,,
S1_futsal_C3clean_20260726_082257_f003872.jpg,S1_futsal_C3clean_20260726_082257,C3_clean_lap_v2_wet,,,714.0,322.0,30.0,19.0,23.87,small,213,-168,none,0,,,
S1_futsal_C3clean_20260726_082257_f003880.jpg,S1_futsal_C3clean_20260726_082257,C3_clean_lap_v2_wet,,,726.0,317.0,22.0,14.0,17.55,small,209,-168,none,0,,,
S1_futsal_C3clean_20260726_082257_f003888.jpg,S1_futsal_C3clean_20260726_082257,C3_clean_lap_v2_wet,,,738.0,317.0,21.0,16.0,18.33,small,208,-168,none,0,,,
S1_futsal_C3clean_20260726_082257_f003896.jpg,S1_futsal_C3clean_20260726_082257,C3_clean_lap_v2_wet,,,748.0,318.0,30.0,19.0,23.87,small,204,-168,none,0,,,
S1_futsal_C3clean_20260726_082257_f003904.jpg,S1_futsal_C3clean_20260726_082257,C3_clean_lap_v2_wet,,,764.0,319.0,33.0,18.0,24.37,small,198,-168,none,0,,,
S1_futsal_C3clean_20260726_082257_f003912.jpg,S1_futsal_C3clean_20260726_082257,C3_clean_lap_v2_wet,,,780.0,321.0,25.0,19.0,21.79,small,203,-168,none,0,,,
S1_futsal_C3clean_20260726_082257_f003920.jpg,S1_futsal_C3clean_20260726_082257,C3_clean_lap_v2_wet,,,795.0,326.0,25.0,16.0,20.0,small,213,-168,none,0,,,
S1_futsal_C3clean_20260726_082257_f003928.jpg,S1_futsal_C3clean_20260726_082257,C3_clean_lap_v2_wet,,,809.0,327.0,28.0,23.0,25.38,small,220,-168,none,0,,,
S1_futsal_C3clean_20260726_082257_f003936.jpg,S1_futsal_C3clean_20260726_082257,C3_clean_lap_v2_wet,,,822.0,335.0,25.0,22.0,23.45,small,236,-168,none,0,,,
S1_futsal_C3clean_20260726_082257_f003944.jpg,S1_futsal_C3clean_20260726_082257,C3_clean_lap_v2_wet,,,840.0,339.0,39.0,22.0,29.29,small,234,-168,none,0,,,
S1_futsal_C3clean_20260726_082257_f003952.jpg,S1_futsal_C3clean_20260726_082257,C3_clean_lap_v2_wet,,,844.0,330.0,28.0,22.0,24.82,small,232,-168,none,0,,,
S1_futsal_C3clean_20260726_082257_f003960.jpg,S1_futsal_C3clean_20260726_082257,C3_clean_lap_v2_wet,,,762.0,321.0,40.0,23.0,30.33,small,218,-159,none,0,,,
S1_futsal_C3clean_20260726_082257_f003968.jpg,S1_futsal_C3clean_20260726_082257,C3_clean_lap_v2_wet,,,586.0,317.0,25.0,13.0,18.03,small,218,-153,none,0,,,
S1_futsal_C3clean_20260726_082257_f003976.jpg,S1_futsal_C3clean_20260726_082257,C3_clean_lap_v2_wet,,,578.0,317.0,28.0,15.0,20.49,small,218,-153,none,0,,,
S1_futsal_C3clean_20260726_082257_f003984.jpg,S1_futsal_C3clean_20260726_082257,C3_clean_lap_v2_wet,,,581.0,315.0,27.0,19.0,22.65,small,221,-153,none,0,,,
S1_futsal_C3clean_20260726_082257_f003992.jpg,S1_futsal_C3clean_20260726_082257,C3_clean_lap_v2_wet,,blur_moderate,577.0,303.0,28.0,16.0,21.17,small,227,-153,none,0,,,
S1_futsal_C3clean_20260726_082257_f004000.jpg,S1_futsal_C3clean_20260726_082257,C3_clean_lap_v2_wet,,,576.0,298.0,31.0,16.0,22.27,small,231,-153,none,0,,,
S1_futsal_C3clean_20260726_082257_f004008.jpg,S1_futsal_C3clean_20260726_082257,C3_clean_lap_v2_wet,,,583.0,317.0,16.0,10.0,12.65,small,225,-153,none,0,,,
S1_futsal_C3clean_20260726_082257_f004016.jpg,S1_futsal_C3clean_20260726_082257,C3_clean_lap_v2_wet,,,582.0,325.0,19.0,10.0,13.78,small,221,-153,none,0,,,
S1_futsal_C3clean_20260726_082257_f004024.jpg,S1_futsal_C3clean_20260726_082257,C3_clean_lap_v2_wet,,,582.0,325.0,19.0,10.0,13.78,small,215,-153,none,0,,,
S1_futsal_C3clean_20260726_082257_f004032.jpg,S1_futsal_C3clean_20260726_082257,C3_clean_lap_v2_wet,,,582.0,327.0,19.0,10.0,13.78,small,213,-153,none,0,,,
S1_futsal_C3clean_20260726_082257_f004040.jpg,S1_futsal_C3clean_20260726_082257,C3_clean_lap_v2_wet,,,588.0,332.0,13.0,10.0,11.4,small,208,-153,none,0,,,
S1_futsal_C3clean_20260726_082257_f004048.jpg,S1_futsal_C3clean_20260726_082257,C3_clean_lap_v2_wet,,,584.0,336.0,19.0,12.0,15.1,small,213,-153,none,0,,,
S1_futsal_C3clean_20260726_082257_f004056.jpg,S1_futsal_C3clean_20260726_082257,C3_clean_lap_v2_wet,,blur_heavy,585.0,341.0,21.0,12.0,15.87,small,213,-153,none,0,,,
S1_futsal_C3clean_20260726_082257_f004064.jpg,S1_futsal_C3clean_20260726_082257,C3_clean_lap_v2_wet,,,577.0,366.0,30.0,13.0,19.75,small,239,-153,none,0,,,
S1_futsal_C3clean_20260726_082257_f004072.jpg,S1_futsal_C3clean_20260726_082257,C3_clean_lap_v2_wet,,,591.0,354.0,27.0,12.0,18.0,small,238,-153,none,0,,,
S1_futsal_C3clean_20260726_082257_f004080.jpg,S1_futsal_C3clean_20260726_082257,C3_clean_lap_v2_wet,,,606.0,353.0,28.0,13.0,19.08,small,231,-153,none,0,,,
S1_futsal_C3clean_20260726_082257_f004088.jpg,S1_futsal_C3clean_20260726_082257,C3_clean_lap_v2_wet,,,625.0,351.0,30.0,11.0,18.17,small,229,-153,none,0,,,
S1_futsal_C3clean_20260726_082257_f004096.jpg,S1_futsal_C3clean_20260726_082257,C3_clean_lap_v2_wet,,,643.96,346.84,29.38,14.03,20.3,small,220,-153,none,0,,,
S1_futsal_C3clean_20260726_082257_f004104.jpg,S1_futsal_C3clean_20260726_082257,C3_clean_lap_v2_wet,,,664.0,343.0,30.0,13.0,19.75,small,210,-153,none,0,,,
S1_futsal_C3clean_20260726_082257_f004112.jpg,S1_futsal_C3clean_20260726_082257,C3_clean_lap_v2_wet,,,687.0,340.0,31.0,14.0,20.83,small,215,-153,none,0,,,
S1_futsal_C3clean_20260726_082257_f004120.jpg,S1_futsal_C3clean_20260726_082257,C3_clean_lap_v2_wet,,blur_heavy,704.0,338.0,34.0,18.0,24.74,small,213,-153,none,0,,,
S1_futsal_C3clean_20260726_082257_f004128.jpg,S1_futsal_C3clean_20260726_082257,C3_clean_lap_v2_wet,,,726.0,309.0,31.0,13.0,20.08,small,214,-153,none,0,,,
S1_futsal_C3clean_20260726_082257_f004136.jpg,S1_futsal_C3clean_20260726_082257,C3_clean_lap_v2_wet,,,741.0,318.0,28.0,20.0,23.66,small,215,-153,none,0,,,
S1_futsal_C3clean_20260726_082257_f004144.jpg,S1_futsal_C3clean_20260726_082257,C3_clean_lap_v2_wet,,,746.76,345.18,34.67,17.91,24.92,small,212,-153,none,0,,,
S1_futsal_C3clean_20260726_082257_f004152.jpg,S1_futsal_C3clean_20260726_082257,C3_clean_lap_v2_wet,,,750.72,351.7,35.28,16.33,24.0,small,216,-153,none,0,,,
S1_futsal_C3clean_20260726_082257_f004160.jpg,S1_futsal_C3clean_20260726_082257,C3_clean_lap_v2_wet,,,757.74,357.01,31.02,14.85,21.46,small,223,-153,none,0,,,
S1_futsal_C3clean_20260726_082257_f004168.jpg,S1_futsal_C3clean_20260726_082257,C3_clean_lap_v2_wet,,,757.0,360.0,36.0,16.0,24.0,small,221,-153,none,0,,,
S1_futsal_C3clean_20260726_082257_f004176.jpg,S1_futsal_C3clean_20260726_082257,C3_clean_lap_v2_wet,,,765.89,363.38,35.81,16.72,24.47,small,214,-153,none,0,,,
S1_futsal_C3clean_20260726_082257_f004184.jpg,S1_futsal_C3clean_20260726_082257,C3_clean_lap_v2_wet,,,767.0,365.0,34.0,13.0,21.02,small,216,-153,none,0,,,
S1_futsal_C3clean_20260726_082257_f004192.jpg,S1_futsal_C3clean_20260726_082257,C3_clean_lap_v2_wet,,,650.0,363.0,34.0,15.0,22.58,small,218,-146,none,0,,,
S1_futsal_C3clean_20260726_082257_f004200.jpg,S1_futsal_C3clean_20260726_082257,C3_clean_lap_v2_wet,,,540.0,362.0,31.0,16.0,22.27,small,222,-139,none,0,,,
S1_futsal_C3clean_20260726_082257_f004208.jpg,S1_futsal_C3clean_20260726_082257,C3_clean_lap_v2_wet,,,522.86,364.92,32.55,15.51,22.47,small,227,-137,none,0,,,
S1_futsal_C3clean_20260726_082257_f004216.jpg,S1_futsal_C3clean_20260726_082257,C3_clean_lap_v2_wet,,blur_moderate,521.15,365.28,32.51,14.77,21.91,small,227,-137,none,0,,,
S1_futsal_C3clean_20260726_082257_f004224.jpg,S1_futsal_C3clean_20260726_082257,C3_clean_lap_v2_wet,,,514.4,369.89,34.06,15.79,23.19,small,233,-138,none,0,,,
S1_futsal_C3clean_20260726_082257_f004232.jpg,S1_futsal_C3clean_20260726_082257,C3_clean_lap_v2_wet,,,522.07,369.59,32.39,15.82,22.64,small,227,-138,none,0,,,
S1_futsal_C3clean_20260726_082257_f004240.jpg,S1_futsal_C3clean_20260726_082257,C3_clean_lap_v2_wet,,,527.0,366.0,33.0,19.0,25.04,small,223,-137,none,0,,,
S1_futsal_C3clean_20260726_082257_f004248.jpg,S1_futsal_C3clean_20260726_082257,C3_clean_lap_v2_wet,,,543.0,359.0,39.0,25.0,31.22,small,205,-138,none,0,,,
S1_futsal_C3clean_20260726_082257_f004256.jpg,S1_futsal_C3clean_20260726_082257,C3_clean_lap_v2_wet,,,587.91,359.73,31.48,14.57,21.42,small,207,-137,none,0,,,
S1_futsal_C3clean_20260726_082257_f004264.jpg,S1_futsal_C3clean_20260726_082257,C3_clean_lap_v2_wet,,,607.66,362.9,33.24,16.78,23.61,small,214,-137,none,0,,,
S1_futsal_C3clean_20260726_082257_f004272.jpg,S1_futsal_C3clean_20260726_082257,C3_clean_lap_v2_wet,,,626.49,364.77,33.92,15.41,22.86,small,217,-137,none,0,,,
S1_futsal_C3clean_20260726_082257_f004280.jpg,S1_futsal_C3clean_20260726_082257,C3_clean_lap_v2_wet,,,643.9,369.42,32.76,16.36,23.15,small,218,-137,none,0,,,
S1_futsal_C3clean_20260726_082257_f004288.jpg,S1_futsal_C3clean_20260726_082257,C3_clean_lap_v2_wet,,,530.5,369.26,35.22,17.63,24.92,small,224,-130,none,0,,,
S1_futsal_C3clean_20260726_082257_f004296.jpg,S1_futsal_C3clean_20260726_082257,C3_clean_lap_v2_wet,,,440.13,368.9,33.04,16.19,23.13,small,223,-123,none,0,,,
S1_futsal_C3clean_20260726_082257_f004304.jpg,S1_futsal_C3clean_20260726_082257,C3_clean_lap_v2_wet,,,442.0,366.0,30.0,13.0,19.75,small,223,-123,none,0,,,
S1_futsal_C3clean_20260726_082257_f004312.jpg,S1_futsal_C3clean_20260726_082257,C3_clean_lap_v2_wet,,blur_heavy,440.06,368.11,34.2,16.78,23.95,small,228,-123,none,0,,,
S1_futsal_C3clean_20260726_082257_f004320.jpg,S1_futsal_C3clean_20260726_082257,C3_clean_lap_v2_wet,,,439.51,352.56,32.87,14.75,22.02,small,228,-123,none,0,,,
S1_futsal_C3clean_20260726_082257_f004328.jpg,S1_futsal_C3clean_20260726_082257,C3_clean_lap_v2_wet,,blur_heavy,436.0,367.0,36.0,19.0,26.15,small,218,-123,none,0,,,
S1_futsal_C3clean_20260726_082257_f004336.jpg,S1_futsal_C3clean_20260726_082257,C3_clean_lap_v2_wet,,,433.92,368.2,34.32,16.38,23.71,small,213,-123,none,0,,,
S1_futsal_C3clean_20260726_082257_f004344.jpg,S1_futsal_C3clean_20260726_082257,C3_clean_lap_v2_wet,,,428.9,372.98,35.2,14.48,22.58,small,218,-123,none,0,,,
S1_futsal_C3clean_20260726_082257_f004352.jpg,S1_futsal_C3clean_20260726_082257,C3_clean_lap_v2_wet,,,438.75,376.29,35.28,15.09,23.07,small,219,-123,none,0,,,
S1_futsal_C3clean_20260726_082257_f004360.jpg,S1_futsal_C3clean_20260726_082257,C3_clean_lap_v2_wet,,,461.03,379.6,33.18,17.87,24.35,small,221,-123,none,0,,,
S1_futsal_C3clean_20260726_082257_f004368.jpg,S1_futsal_C3clean_20260726_082257,C3_clean_lap_v2_wet,,,478.81,381.0,34.07,16.08,23.41,small,225,-123,none,0,,,
S1_futsal_C3clean_20260726_082257_f004376.jpg,S1_futsal_C3clean_20260726_082257,C3_clean_lap_v2_wet,,,500.47,379.97,35.18,18.12,25.25,small,224,-123,none,0,,,
S1_futsal_C3clean_20260726_082257_f004384.jpg,S1_futsal_C3clean_20260726_082257,C3_clean_lap_v2_wet,,,518.27,380.33,35.92,18.14,25.53,small,219,-123,none,0,,,
S1_futsal_C3clean_20260726_082257_f004392.jpg,S1_futsal_C3clean_20260726_082257,C3_clean_lap_v2_wet,,,532.92,380.59,35.56,16.91,24.52,small,218,-123,none,0,,,
S1_futsal_C3clean_20260726_082257_f004400.jpg,S1_futsal_C3clean_20260726_082257,C3_clean_lap_v2_wet,,,441.24,380.29,34.31,17.82,24.73,small,221,-115,none,0,,,
S1_futsal_C3clean_20260726_082257_f004408.jpg,S1_futsal_C3clean_20260726_082257,C3_clean_lap_v2_wet,,,433.9,381.97,34.66,16.14,23.65,small,221,-115,none,0,,,
S1_futsal_C3clean_20260726_082257_f004416.jpg,S1_futsal_C3clean_20260726_082257,C3_clean_lap_v2_wet,,,437.05,382.33,33.06,15.72,22.8,small,225,-115,none,0,,,
S1_futsal_C3clean_20260726_082257_f004424.jpg,S1_futsal_C3clean_20260726_082257,C3_clean_lap_v2_wet,,,435.0,383.0,33.0,15.0,22.25,small,225,-115,none,0,,,
S1_futsal_C3clean_20260726_082257_f004432.jpg,S1_futsal_C3clean_20260726_082257,C3_clean_lap_v2_wet,,,435.69,385.42,35.16,15.88,23.62,small,235,-115,none,0,,,
S1_futsal_C3clean_20260726_082257_f004440.jpg,S1_futsal_C3clean_20260726_082257,C3_clean_lap_v2_wet,,,451.66,382.19,32.93,15.77,22.79,small,229,-115,none,0,,,
S1_futsal_C3clean_20260726_082257_f004448.jpg,S1_futsal_C3clean_20260726_082257,C3_clean_lap_v2_wet,,,464.0,376.0,34.0,18.0,24.74,small,217,-115,none,0,,,
S1_futsal_C3clean_20260726_082257_f004456.jpg,S1_futsal_C3clean_20260726_082257,C3_clean_lap_v2_wet,,,484.0,371.0,48.0,31.0,38.57,medium,214,-115,none,0,,,
S1_futsal_C3clean_20260726_082257_f004464.jpg,S1_futsal_C3clean_20260726_082257,C3_clean_lap_v2_wet,,,512.36,350.3,34.44,16.75,24.02,small,221,-116,none,0,,,
S1_futsal_C3clean_20260726_082257_f004472.jpg,S1_futsal_C3clean_20260726_082257,C3_clean_lap_v2_wet,,,519.0,360.0,34.0,16.0,23.32,small,223,-116,none,0,,,
S1_futsal_C3clean_20260726_082257_f004480.jpg,S1_futsal_C3clean_20260726_082257,C3_clean_lap_v2_wet,,,526.65,380.15,34.45,16.98,24.19,small,222,-116,none,0,,,
S1_futsal_C3clean_20260726_082257_f004488.jpg,S1_futsal_C3clean_20260726_082257,C3_clean_lap_v2_wet,,,529.03,383.32,35.26,18.25,25.37,small,218,-116,none,0,,,
S1_futsal_C3clean_20260726_082257_f004496.jpg,S1_futsal_C3clean_20260726_082257,C3_clean_lap_v2_wet,,blur_heavy,529.0,386.0,34.0,19.0,25.42,small,215,-115,none,0,,,
S1_futsal_C3clean_20260726_082257_f004504.jpg,S1_futsal_C3clean_20260726_082257,C3_clean_lap_v2_wet,,,532.43,406.04,37.64,17.55,25.7,small,217,-116,none,0,,,
S1_futsal_C3clean_20260726_082257_f004512.jpg,S1_futsal_C3clean_20260726_082257,C3_clean_lap_v2_wet,,,546.84,395.99,36.21,17.52,25.19,small,218,-116,none,0,,,
S1_futsal_C3clean_20260726_082257_f004520.jpg,S1_futsal_C3clean_20260726_082257,C3_clean_lap_v2_wet,,,565.17,399.39,37.61,17.72,25.82,small,218,-115,none,0,,,
S1_futsal_C3clean_20260726_082257_f004528.jpg,S1_futsal_C3clean_20260726_082257,C3_clean_lap_v2_wet,,,587.17,401.71,37.66,17.45,25.63,small,219,-116,none,0,,,
S1_futsal_C3clean_20260726_082257_f004536.jpg,S1_futsal_C3clean_20260726_082257,C3_clean_lap_v2_wet,,,613.61,403.94,39.29,19.02,27.34,small,222,-115,none,0,,,
S1_futsal_C3clean_20260726_082257_f004544.jpg,S1_futsal_C3clean_20260726_082257,C3_clean_lap_v2_wet,,,643.3,405.16,38.83,18.16,26.55,small,216,-116,none,0,,,
S1_futsal_C3clean_20260726_082257_f004552.jpg,S1_futsal_C3clean_20260726_082257,C3_clean_lap_v2_wet,,,667.75,404.73,39.33,18.48,26.96,small,216,-115,none,0,,,
S1_futsal_C3clean_20260726_082257_f004560.jpg,S1_futsal_C3clean_20260726_082257,C3_clean_lap_v2_wet,,,694.65,404.99,40.37,18.66,27.45,small,223,-115,none,0,,,
S1_futsal_C3clean_20260726_082257_f004568.jpg,S1_futsal_C3clean_20260726_082257,C3_clean_lap_v2_wet,,,723.76,405.74,39.72,17.24,26.17,small,223,-115,none,0,,,
S1_futsal_C3clean_20260726_082257_f004576.jpg,S1_futsal_C3clean_20260726_082257,C3_clean_lap_v2_wet,,,749.28,405.54,40.35,18.52,27.33,small,225,-115,none,0,,,
S1_futsal_C3clean_20260726_082257_f004584.jpg,S1_futsal_C3clean_20260726_082257,C3_clean_lap_v2_wet,,,786.0,402.0,37.0,19.0,26.51,small,214,-115,none,0,,,
S1_futsal_C3clean_20260726_082257_f004592.jpg,S1_futsal_C3clean_20260726_082257,C3_clean_lap_v2_wet,,,802.47,398.57,39.73,19.29,27.68,small,214,-115,none,0,,,
S1_futsal_C3clean_20260726_082257_f004600.jpg,S1_futsal_C3clean_20260726_082257,C3_clean_lap_v2_wet,,,684.57,390.5,37.82,19.26,26.99,small,213,-107,none,0,,,
S1_futsal_C3clean_20260726_082257_f004608.jpg,S1_futsal_C3clean_20260726_082257,C3_clean_lap_v2_wet,,,570.86,388.08,37.56,16.92,25.21,small,215,-102,none,0,,,
S1_futsal_C3clean_20260726_082257_f004616.jpg,S1_futsal_C3clean_20260726_082257,C3_clean_lap_v2_wet,,,523.0,387.0,36.0,16.0,24.0,small,220,-96,none,0,,,
S1_futsal_C3clean_20260726_082257_f004624.jpg,S1_futsal_C3clean_20260726_082257,C3_clean_lap_v2_wet,,,515.0,389.0,34.0,15.0,22.58,small,224,-95,none,0,,,
S1_futsal_C3clean_20260726_082257_f004632.jpg,S1_futsal_C3clean_20260726_082257,C3_clean_lap_v2_wet,,blur_heavy,511.0,388.0,36.0,19.0,26.15,small,231,-95,none,0,,,
S1_futsal_C3clean_20260726_082257_f004640.jpg,S1_futsal_C3clean_20260726_082257,C3_clean_lap_v2_wet,,,508.33,373.32,36.56,19.13,26.45,small,230,-95,none,0,,,
S1_futsal_C3clean_20260726_082257_f004648.jpg,S1_futsal_C3clean_20260726_082257,C3_clean_lap_v2_wet,,,506.03,391.31,35.95,18.79,25.99,small,222,-95,none,0,,,
S1_futsal_C3clean_20260726_082257_f004656.jpg,S1_futsal_C3clean_20260726_082257,C3_clean_lap_v2_wet,,,504.03,392.05,35.16,18.13,25.25,small,215,-95,none,0,,,
S1_futsal_C3clean_20260726_082257_f004664.jpg,S1_futsal_C3clean_20260726_082257,C3_clean_lap_v2_wet,,,499.0,393.0,37.0,18.0,25.81,small,209,-95,none,0,,,
S1_futsal_C3clean_20260726_082257_f004672.jpg,S1_futsal_C3clean_20260726_082257,C3_clean_lap_v2_wet,,,498.0,400.0,37.0,22.0,28.53,small,212,-96,none,0,,,
S1_futsal_C3clean_20260726_082257_f004680.jpg,S1_futsal_C3clean_20260726_082257,C3_clean_lap_v2_wet,,blur_heavy,495.0,424.0,40.0,24.0,30.98,small,225,-96,none,0,,,
S1_futsal_C3clean_20260726_082257_f004688.jpg,S1_futsal_C3clean_20260726_082257,C3_clean_lap_v2_wet,,,505.38,440.56,38.5,20.79,28.29,small,233,-96,none,0,,,
S1_futsal_C3clean_20260726_082257_f004696.jpg,S1_futsal_C3clean_20260726_082257,C3_clean_lap_v2_wet,,,529.49,425.51,38.03,21.83,28.81,small,230,-96,none,0,,,
S1_futsal_C3clean_20260726_082257_f004704.jpg,S1_futsal_C3clean_20260726_082257,C3_clean_lap_v2_wet,,,553.0,424.0,40.0,22.0,29.67,small,226,-96,none,0,,,
S1_futsal_C3clean_20260726_082257_f004712.jpg,S1_futsal_C3clean_20260726_082257,C3_clean_lap_v2_wet,,,577.87,420.33,40.0,21.57,29.38,small,223,-96,none,0,,,
S1_futsal_C3clean_20260726_082257_f004720.jpg,S1_futsal_C3clean_20260726_082257,C3_clean_lap_v2_wet,,,607.0,415.0,43.0,22.0,30.76,small,220,-96,none,0,,,
S1_futsal_C3clean_20260726_082257_f004728.jpg,S1_futsal_C3clean_20260726_082257,C3_clean_lap_v2_wet,,,634.0,414.0,40.0,21.0,28.98,small,224,-96,none,0,,,
S1_futsal_C3clean_20260726_082257_f004736.jpg,S1_futsal_C3clean_20260726_082257,C3_clean_lap_v2_wet,,,662.26,413.52,42.72,21.07,30.0,small,226,-95,none,0,,,
S1_futsal_C3clean_20260726_082257_f004744.jpg,S1_futsal_C3clean_20260726_082257,C3_clean_lap_v2_wet,,,697.05,411.13,39.96,19.07,27.6,small,219,-95,none,0,,,
S1_futsal_C3clean_20260726_082257_f004752.jpg,S1_futsal_C3clean_20260726_082257,C3_clean_lap_v2_wet,,,721.33,407.66,41.55,20.88,29.45,small,218,-95,none,0,,,
S1_futsal_C3clean_20260726_082257_f004760.jpg,S1_futsal_C3clean_20260726_082257,C3_clean_lap_v2_wet,,,749.83,405.37,44.51,19.42,29.4,small,204,-95,none,0,,,
S1_futsal_C3clean_20260726_082257_f004768.jpg,S1_futsal_C3clean_20260726_082257,C3_clean_lap_v2_wet,,,773.46,405.04,46.75,19.97,30.56,small,195,-95,none,0,,,
S1_futsal_C3clean_20260726_082257_f004776.jpg,S1_futsal_C3clean_20260726_082257,C3_clean_lap_v2_wet,,,816.33,409.89,40.12,20.81,28.89,small,204,-96,none,0,,,
S1_futsal_C3clean_20260726_082257_f004784.jpg,S1_futsal_C3clean_20260726_082257,C3_clean_lap_v2_wet,,,841.01,417.31,40.03,20.86,28.9,small,209,-95,none,0,,,
S1_futsal_C3clean_20260726_082257_f004792.jpg,S1_futsal_C3clean_20260726_082257,C3_clean_lap_v2_wet,,,864.47,426.52,40.03,21.38,29.25,small,225,-95,none,0,,,
S1_futsal_C3clean_20260726_082257_f004800.jpg,S1_futsal_C3clean_20260726_082257,C3_clean_lap_v2_wet,,,746.21,423.72,38.2,18.11,26.3,small,233,-88,none,0,,,
S1_futsal_C3clean_20260726_082257_f004808.jpg,S1_futsal_C3clean_20260726_082257,C3_clean_lap_v2_wet,,,645.22,420.33,38.3,20.58,28.08,small,237,-80,none,0,,,
S1_futsal_C3clean_20260726_082257_f004816.jpg,S1_futsal_C3clean_20260726_082257,C3_clean_lap_v2_wet,,,553.85,415.64,36.64,19.71,26.88,small,240,-74,none,0,,,
S1_futsal_C3clean_20260726_082257_f004824.jpg,S1_futsal_C3clean_20260726_082257,C3_clean_lap_v2_wet,,,553.54,412.21,32.04,17.94,23.97,small,239,-75,none,0,,,
S1_futsal_C3clean_20260726_082257_f004832.jpg,S1_futsal_C3clean_20260726_082257,C3_clean_lap_v2_wet,,,550.86,405.96,32.95,18.48,24.68,small,228,-75,none,0,,,
S1_futsal_C3clean_20260726_082257_f004840.jpg,S1_futsal_C3clean_20260726_082257,C3_clean_lap_v2_wet,,blur_heavy,545.92,400.57,33.67,19.14,25.38,small,226,-74,none,0,,,
S1_futsal_C3clean_20260726_082257_f004848.jpg,S1_futsal_C3clean_20260726_082257,C3_clean_lap_v2_wet,,,541.67,397.48,35.93,18.73,25.95,small,223,-74,none,0,,,
S1_futsal_C3clean_20260726_082257_f004856.jpg,S1_futsal_C3clean_20260726_082257,C3_clean_lap_v2_wet,,,541.44,399.15,33.53,18.38,24.83,small,212,-74,none,0,,,
S1_futsal_C3clean_20260726_082257_f004864.jpg,S1_futsal_C3clean_20260726_082257,C3_clean_lap_v2_wet,,,541.21,402.56,34.92,20.37,26.67,small,208,-74,none,0,,,
S1_futsal_C3clean_20260726_082257_f004872.jpg,S1_futsal_C3clean_20260726_082257,C3_clean_lap_v2_wet,,,540.92,408.79,34.13,21.02,26.79,small,208,-74,none,0,,,
S1_futsal_C3clean_20260726_082257_f004880.jpg,S1_futsal_C3clean_20260726_082257,C3_clean_lap_v2_wet,,blur_heavy,538.82,421.06,38.58,25.66,31.47,small,208,-74,none,0,,,
S1_futsal_C3clean_20260726_082257_f004888.jpg,S1_futsal_C3clean_20260726_082257,C3_clean_lap_v2_wet,,,539.07,434.28,39.08,21.41,28.92,small,212,-74,none,0,,,
S1_futsal_C3clean_20260726_082257_f004896.jpg,S1_futsal_C3clean_20260726_082257,C3_clean_lap_v2_wet,,,536.61,471.51,40.65,21.7,29.7,small,233,-75,none,0,,,
S1_futsal_C3clean_20260726_082257_f004904.jpg,S1_futsal_C3clean_20260726_082257,C3_clean_lap_v2_wet,,,547.18,465.69,40.89,24.24,31.48,small,237,-74,none,0,,,
S1_futsal_C3clean_20260726_082257_f004912.jpg,S1_futsal_C3clean_20260726_082257,C3_clean_lap_v2_wet,,,564.86,460.25,40.23,23.31,30.62,small,232,-75,none,0,,,
S1_futsal_C3clean_20260726_082257_f004920.jpg,S1_futsal_C3clean_20260726_082257,C3_clean_lap_v2_wet,,,589.07,456.36,39.65,22.32,29.75,small,213,-75,none,0,,,
S1_futsal_C3clean_20260726_082257_f004928.jpg,S1_futsal_C3clean_20260726_082257,C3_clean_lap_v2_wet,,,616.97,452.5,36.07,21.08,27.57,small,217,-75,none,0,,,
S1_futsal_C3clean_20260726_082257_f004936.jpg,S1_futsal_C3clean_20260726_082257,C3_clean_lap_v2_wet,,,642.9,450.74,38.33,22.15,29.14,small,214,-74,none,0,,,
S1_futsal_C3clean_20260726_082257_f004944.jpg,S1_futsal_C3clean_20260726_082257,C3_clean_lap_v2_wet,,,674.16,453.73,41.37,24.06,31.54,small,219,-75,none,0,,,
S1_futsal_C3clean_20260726_082257_f004952.jpg,S1_futsal_C3clean_20260726_082257,C3_clean_lap_v2_wet,,,710.84,458.74,38.78,21.49,28.87,small,215,-74,none,0,,,
S1_futsal_C3clean_20260726_082257_f004960.jpg,S1_futsal_C3clean_20260726_082257,C3_clean_lap_v2_wet,,,733.32,459.45,39.66,21.69,29.33,small,224,-75,none,0,,,
S1_futsal_C3clean_20260726_082257_f004968.jpg,S1_futsal_C3clean_20260726_082257,C3_clean_lap_v2_wet,,,758.47,459.86,41.94,21.5,30.03,small,221,-74,none,0,,,
S1_futsal_C3clean_20260726_082257_f004976.jpg,S1_futsal_C3clean_20260726_082257,C3_clean_lap_v2_wet,,,741.53,459.28,38.43,20.86,28.31,small,222,-71,none,0,,,
S1_futsal_C3clean_20260726_082257_f004984.jpg,S1_futsal_C3clean_20260726_082257,C3_clean_lap_v2_wet,,,633.78,450.63,38.03,21.89,28.85,small,224,-64,none,0,,,
S1_futsal_C3clean_20260726_082257_f004992.jpg,S1_futsal_C3clean_20260726_082257,C3_clean_lap_v2_wet,,,507.38,444.86,37.29,21.77,28.49,small,226,-57,none,0,,,
S1_futsal_C3clean_20260726_082257_f005000.jpg,S1_futsal_C3clean_20260726_082257,C3_clean_lap_v2_wet,,,409.91,444.79,33.76,20.09,26.04,small,227,-49,none,0,,,
S1_futsal_C3clean_20260726_082257_f005008.jpg,S1_futsal_C3clean_20260726_082257,C3_clean_lap_v2_wet,,,403.59,440.02,37.57,21.25,28.26,small,223,-49,none,0,,,
S1_futsal_C3clean_20260726_082257_f005016.jpg,S1_futsal_C3clean_20260726_082257,C3_clean_lap_v2_wet,,,396.0,436.0,34.0,22.0,27.35,small,220,-50,none,0,,,
S1_futsal_C3clean_20260726_082257_f005024.jpg,S1_futsal_C3clean_20260726_082257,C3_clean_lap_v2_wet,,,395.05,436.22,33.91,22.2,27.44,small,227,-50,none,0,,,
S1_futsal_C3clean_20260726_082257_f005032.jpg,S1_futsal_C3clean_20260726_082257,C3_clean_lap_v2_wet,,,397.9,435.1,37.21,20.82,27.84,small,233,-50,none,0,,,
S1_futsal_C3clean_20260726_082257_f005040.jpg,S1_futsal_C3clean_20260726_082257,C3_clean_lap_v2_wet,,blur_moderate,419.28,430.4,31.94,22.12,26.58,small,224,-49,none,0,,,
S1_futsal_C3clean_20260726_082257_f005048.jpg,S1_futsal_C3clean_20260726_082257,C3_clean_lap_v2_wet,,,439.53,426.36,36.09,21.74,28.01,small,219,-49,none,0,,,
S1_futsal_C3clean_20260726_082257_f005056.jpg,S1_futsal_C3clean_20260726_082257,C3_clean_lap_v2_wet,,blur_heavy,464.73,419.47,33.95,21.94,27.29,small,218,-49,none,0,,,
S1_futsal_C3clean_20260726_082257_f005064.jpg,S1_futsal_C3clean_20260726_082257,C3_clean_lap_v2_wet,,,486.24,462.05,31.47,21.92,26.27,small,219,-49,none,0,,,
S1_futsal_C3clean_20260726_082257_f005072.jpg,S1_futsal_C3clean_20260726_082257,C3_clean_lap_v2_wet,,blur_moderate,494.21,440.63,36.81,20.42,27.41,small,217,-49,none,0,,,
S1_futsal_C3clean_20260726_082257_f005080.jpg,S1_futsal_C3clean_20260726_082257,C3_clean_lap_v2_wet,,blur_moderate,498.0,419.0,31.0,20.0,24.9,small,212,-49,none,0,,,
S1_futsal_C3clean_20260726_082257_f005088.jpg,S1_futsal_C3clean_20260726_082257,C3_clean_lap_v2_wet,,blur_moderate,497.19,407.85,30.15,19.16,24.04,small,211,-49,none,0,,,
S1_futsal_C3clean_20260726_082257_f005096.jpg,S1_futsal_C3clean_20260726_082257,C3_clean_lap_v2_wet,,blur_moderate,493.0,400.0,28.0,18.0,22.45,small,212,-49,none,0,,,
S1_futsal_C3clean_20260726_082257_f005104.jpg,S1_futsal_C3clean_20260726_082257,C3_clean_lap_v2_wet,,blur_moderate,492.55,396.9,27.63,19.26,23.07,small,213,-49,none,0,,,
S1_futsal_C3clean_20260726_082257_f005112.jpg,S1_futsal_C3clean_20260726_082257,C3_clean_lap_v2_wet,,blur_moderate,490.75,393.65,24.4,16.86,20.29,small,219,-50,none,0,,,
S1_futsal_C3clean_20260726_082257_f005120.jpg,S1_futsal_C3clean_20260726_082257,C3_clean_lap_v2_wet,,blur_moderate,486.0,389.0,25.0,16.0,20.0,small,221,-49,none,0,,,
S1_futsal_C3clean_20260726_082257_f005128.jpg,S1_futsal_C3clean_20260726_082257,C3_clean_lap_v2_wet,,blur_moderate,483.0,387.0,27.0,16.0,20.78,small,228,-50,none,0,,,
S1_futsal_C3clean_20260726_082257_f005136.jpg,S1_futsal_C3clean_20260726_082257,C3_clean_lap_v2_wet,,,481.0,387.0,25.0,16.0,20.0,small,228,-50,none,0,,,
S1_futsal_C3clean_20260726_082257_f005144.jpg,S1_futsal_C3clean_20260726_082257,C3_clean_lap_v2_wet,,blur_moderate,477.0,375.0,27.0,14.0,19.44,small,220,-50,none,0,,,
S1_futsal_C3clean_20260726_082257_f005152.jpg,S1_futsal_C3clean_20260726_082257,C3_clean_lap_v2_wet,,blur_moderate,477.0,368.0,27.0,17.0,21.42,small,222,-49,none,0,,,
S1_futsal_C3clean_20260726_082257_f005160.jpg,S1_futsal_C3clean_20260726_082257,C3_clean_lap_v2_wet,,blur_moderate,475.0,365.0,21.0,14.0,17.15,small,224,-49,none,0,,,
S1_futsal_C3clean_20260726_082257_f005168.jpg,S1_futsal_C3clean_20260726_082257,C3_clean_lap_v2_wet,,blur_moderate,472.0,359.0,23.0,16.0,19.18,small,221,-49,none,0,,,
S1_futsal_C3clean_20260726_082257_f005176.jpg,S1_futsal_C3clean_20260726_082257,C3_clean_lap_v2_wet,,blur_moderate,468.0,349.0,31.0,21.0,25.51,small,223,-50,none,0,,,
S1_futsal_C3clean_20260726_082257_f005184.jpg,S1_futsal_C3clean_20260726_082257,C3_clean_lap_v2_wet,,blur_moderate,468.0,342.0,25.0,19.0,21.79,small,219,-50,none,0,,,
S1_futsal_C3clean_20260726_082257_f005192.jpg,S1_futsal_C3clean_20260726_082257,C3_clean_lap_v2_wet,,blur_moderate,468.0,338.0,24.0,18.0,20.78,small,215,-50,none,0,,,
S1_futsal_C3clean_20260726_082257_f005200.jpg,S1_futsal_C3clean_20260726_082257,C3_clean_lap_v2_wet,,blur_heavy,466.0,335.0,23.0,17.0,19.77,small,207,-49,none,0,,,
S1_futsal_C3clean_20260726_082257_f005208.jpg,S1_futsal_C3clean_20260726_082257,C3_clean_lap_v2_wet,,blur_heavy,464.0,303.0,20.0,14.0,16.73,small,91,-49,none,0,,,
S1_futsal_C3clean_20260726_082257_f005216.jpg,S1_futsal_C3clean_20260726_082257,C3_clean_lap_v2_wet,,blur_moderate,462.0,336.0,25.0,15.0,19.36,small,147,-50,none,0,,,
S1_futsal_C3clean_20260726_082257_f005224.jpg,S1_futsal_C3clean_20260726_082257,C3_clean_lap_v2_wet,,,458.0,341.0,28.0,16.0,21.17,small,210,-50,none,0,,,
S1_futsal_C3clean_20260726_082257_f005232.jpg,S1_futsal_C3clean_20260726_082257,C3_clean_lap_v2_wet,,,460.0,342.0,19.0,12.0,15.1,small,215,-49,none,0,,,
S1_futsal_C3clean_20260726_082257_f005240.jpg,S1_futsal_C3clean_20260726_082257,C3_clean_lap_v2_wet,,,459.0,344.0,21.0,12.0,15.87,small,225,-49,none,0,,,
S1_futsal_C3clean_20260726_082257_f005248.jpg,S1_futsal_C3clean_20260726_082257,C3_clean_lap_v2_wet,,,458.0,347.0,22.0,12.0,16.25,small,226,-49,none,0,,,
S1_futsal_C3clean_20260726_082257_f005256.jpg,S1_futsal_C3clean_20260726_082257,C3_clean_lap_v2_wet,,,457.0,346.0,24.0,13.0,17.66,small,218,-49,none,0,,,
S1_futsal_C3clean_20260726_082257_f005264.jpg,S1_futsal_C3clean_20260726_082257,C3_clean_lap_v2_wet,,,456.0,345.0,25.0,13.0,18.03,small,214,-49,none,0,,,
S1_futsal_C3clean_20260726_082257_f005272.jpg,S1_futsal_C3clean_20260726_082257,C3_clean_lap_v2_wet,,,457.0,344.0,24.0,13.0,17.66,small,207,-49,none,0,,,
S1_futsal_C3clean_20260726_082257_f005280.jpg,S1_futsal_C3clean_20260726_082257,C3_clean_lap_v2_wet,,,453.0,346.0,22.0,13.0,16.91,small,206,-49,none,0,,,
S1_futsal_C3clean_20260726_082257_f005288.jpg,S1_futsal_C3clean_20260726_082257,C3_clean_lap_v2_wet,,,451.0,348.0,22.0,15.0,18.17,small,200,-49,none,0,,,
S1_futsal_C3clean_20260726_082257_f005296.jpg,S1_futsal_C3clean_20260726_082257,C3_clean_lap_v2_wet,,,447.0,353.0,28.0,16.0,21.17,small,196,-49,none,0,,,
S1_futsal_C3clean_20260726_082257_f005304.jpg,S1_futsal_C3clean_20260726_082257,C3_clean_lap_v2_wet,,,447.61,363.16,26.81,18.24,22.12,small,198,-49,none,0,,,
S1_futsal_C3clean_20260726_082257_f005312.jpg,S1_futsal_C3clean_20260726_082257,C3_clean_lap_v2_wet,,,444.0,373.0,27.0,18.0,22.05,small,208,-49,none,0,,,
S1_futsal_C3clean_20260726_082257_f005320.jpg,S1_futsal_C3clean_20260726_082257,C3_clean_lap_v2_wet,,,443.13,390.07,28.46,18.07,22.68,small,214,-50,none,0,,,
S1_futsal_C3clean_20260726_082257_f005328.jpg,S1_futsal_C3clean_20260726_082257,C3_clean_lap_v2_wet,,,439.81,403.1,29.66,19.11,23.81,small,220,-49,none,0,,,
S1_futsal_C3clean_20260726_082257_f005336.jpg,S1_futsal_C3clean_20260726_082257,C3_clean_lap_v2_wet,,,438.0,411.0,31.0,19.0,24.27,small,220,-49,none,0,,,
S1_futsal_C3clean_20260726_082257_f005344.jpg,S1_futsal_C3clean_20260726_082257,C3_clean_lap_v2_wet,,,434.0,420.0,33.0,21.0,26.33,small,222,-49,none,0,,,
S1_futsal_C3clean_20260726_082257_f005352.jpg,S1_futsal_C3clean_20260726_082257,C3_clean_lap_v2_wet,,,432.95,426.57,35.51,21.39,27.56,small,223,-49,none,0,,,
S1_futsal_C3clean_20260726_082257_f005360.jpg,S1_futsal_C3clean_20260726_082257,C3_clean_lap_v2_wet,,,432.0,432.0,36.0,21.0,27.5,small,223,-49,none,0,,,
S1_futsal_C3clean_20260726_082257_f005368.jpg,S1_futsal_C3clean_20260726_082257,C3_clean_lap_v2_wet,,,428.9,439.84,35.98,23.25,28.92,small,218,-49,none,0,,,
S1_futsal_C3clean_20260726_082257_f005376.jpg,S1_futsal_C3clean_20260726_082257,C3_clean_lap_v2_wet,,,427.42,447.61,39.57,24.03,30.83,small,213,-49,none,0,,,
S1_futsal_C3clean_20260726_082257_f005384.jpg,S1_futsal_C3clean_20260726_082257,C3_clean_lap_v2_wet,,,424.76,457.73,39.46,23.75,30.61,small,213,-49,none,0,,,
S1_futsal_C3clean_20260726_082257_f005392.jpg,S1_futsal_C3clean_20260726_082257,C3_clean_lap_v2_wet,,,421.0,469.0,40.0,24.0,30.98,small,207,-50,none,0,,,
S1_futsal_C3clean_20260726_082257_f005400.jpg,S1_futsal_C3clean_20260726_082257,C3_clean_lap_v2_wet,,,420.68,488.94,39.48,25.21,31.55,small,206,-50,none,0,,,
S1_futsal_C3clean_20260726_082257_f005408.jpg,S1_futsal_C3clean_20260726_082257,C3_clean_lap_v2_wet,,,414.0,509.0,43.0,28.0,34.7,medium,210,-50,none,0,,,
S1_futsal_C3clean_20260726_082257_f005416.jpg,S1_futsal_C3clean_20260726_082257,C3_clean_lap_v2_wet,,,414.0,528.0,43.0,29.0,35.31,medium,213,-49,none,0,,,
S1_futsal_C3clean_20260726_082257_f005424.jpg,S1_futsal_C3clean_20260726_082257,C3_clean_lap_v2_wet,,,410.53,559.73,49.0,32.27,39.76,medium,213,-49,none,0,,,
S1_futsal_C3clean_20260726_082257_f005432.jpg,S1_futsal_C3clean_20260726_082257,C3_clean_lap_v2_wet,,,407.68,584.87,50.57,34.98,42.06,medium,222,-49,none,0,,,
S1_futsal_C3clean_20260726_082257_f005440.jpg,S1_futsal_C3clean_20260726_082257,C3_clean_lap_v2_wet,,,408.0,604.0,49.0,38.0,43.15,medium,233,-49,none,0,,,
S1_futsal_C3clean_20260726_082257_f005448.jpg,S1_futsal_C3clean_20260726_082257,C3_clean_lap_v2_wet,,,406.76,621.96,52.64,38.48,45.0,medium,237,-49,none,0,,,
S1_futsal_C3clean_20260726_082257_f005456.jpg,S1_futsal_C3clean_20260726_082257,C3_clean_lap_v2_wet,,blur_moderate,405.13,625.11,55.18,41.04,47.59,medium,229,-49,none,0,,,
S1_futsal_C3clean_20260726_082811_f000000.jpg,S1_futsal_C3clean_20260726_082811,C3_occ_setup_stills,,,683.0,162.0,56.0,29.0,40.3,medium,10,-15,object,natural,,,
S1_futsal_C3clean_20260726_082811_f000006.jpg,S1_futsal_C3clean_20260726_082811,C3_occ_setup_stills,,,681.0,164.0,60.0,28.0,40.99,medium,10,-15,object,natural,,,
S1_futsal_C3clean_20260726_082811_f000012.jpg,S1_futsal_C3clean_20260726_082811,C3_occ_setup_stills,,,685.0,163.0,54.0,29.0,39.57,medium,10,-15,object,natural,,,
S1_futsal_C3clean_20260726_082811_f000018.jpg,S1_futsal_C3clean_20260726_082811,C3_occ_setup_stills,,,685.0,160.0,53.0,32.0,41.18,medium,10,-15,object,natural,,,
S1_futsal_C3clean_20260726_082811_f000024.jpg,S1_futsal_C3clean_20260726_082811,C3_occ_setup_stills,,,691.0,159.0,48.0,32.0,39.19,medium,10,-15,object,natural,,,
S1_futsal_C3clean_20260726_082811_f000030.jpg,S1_futsal_C3clean_20260726_082811,C3_occ_setup_stills,,,681.0,163.0,58.0,27.0,39.57,medium,10,-15,object,natural,,,
S1_futsal_C3clean_20260726_082811_f000036.jpg,S1_futsal_C3clean_20260726_082811,C3_occ_setup_stills,,,680.0,157.0,59.0,35.0,45.44,medium,10,-15,object,natural,,,
S1_futsal_C3clean_20260726_082811_f000042.jpg,S1_futsal_C3clean_20260726_082811,C3_occ_setup_stills,,,679.0,152.0,61.0,41.0,50.01,medium,10,-15,object,natural,,,
S1_futsal_C3clean_20260726_082811_f000048.jpg,S1_futsal_C3clean_20260726_082811,C3_occ_setup_stills,,,684.0,163.0,53.0,26.0,37.12,medium,10,-15,object,natural,,,
S1_futsal_C3clean_20260726_082811_f000054.jpg,S1_futsal_C3clean_20260726_082811,C3_occ_setup_stills,,,682.0,162.0,57.0,28.0,39.95,medium,10,-15,object,natural,,,
S1_futsal_C3clean_20260726_082811_f000060.jpg,S1_futsal_C3clean_20260726_082811,C3_occ_setup_stills,,,681.0,163.0,56.0,26.0,38.16,medium,10,-15,object,natural,,,
S1_futsal_C3clean_20260726_082811_f000066.jpg,S1_futsal_C3clean_20260726_082811,C3_occ_setup_stills,,,684.0,164.0,54.0,27.0,38.18,medium,10,-15,object,natural,,,
S1_futsal_C3clean_20260726_082811_f000072.jpg,S1_futsal_C3clean_20260726_082811,C3_occ_setup_stills,,,684.0,158.0,55.0,34.0,43.24,medium,10,-15,object,natural,,,
S1_futsal_C3clean_20260726_082811_f000078.jpg,S1_futsal_C3clean_20260726_082811,C3_occ_setup_stills,,,684.0,166.0,54.0,26.0,37.47,medium,10,-15,object,natural,,,
S1_futsal_C3clean_20260726_082811_f000084.jpg,S1_futsal_C3clean_20260726_082811,C3_occ_setup_stills,,,682.0,166.0,58.0,26.0,38.83,medium,10,-15,object,natural,,,
S1_futsal_C3clean_20260726_082811_f000090.jpg,S1_futsal_C3clean_20260726_082811,C3_occ_setup_stills,,,679.0,165.0,62.0,25.0,39.37,medium,10,-15,object,natural,,,
S1_futsal_C3clean_20260726_082811_f000096.jpg,S1_futsal_C3clean_20260726_082811,C3_occ_setup_stills,,,679.0,157.0,61.0,35.0,46.21,medium,10,-15,object,natural,,,
S1_futsal_C3clean_20260726_082811_f000102.jpg,S1_futsal_C3clean_20260726_082811,C3_occ_setup_stills,,,673.0,164.0,62.0,30.0,43.13,medium,10,-15,object,natural,,,
S1_futsal_C3clean_20260726_082811_f000108.jpg,S1_futsal_C3clean_20260726_082811,C3_occ_setup_stills,,,678.0,166.0,65.0,20.0,36.06,medium,10,-15,object,natural,,,
S1_futsal_C3clean_20260726_082811_f000114.jpg,S1_futsal_C3clean_20260726_082811,C3_occ_setup_stills,,,681.0,161.0,53.0,36.0,43.68,medium,10,-15,object,natural,,,
S1_futsal_C3clean_20260726_082811_f000120.jpg,S1_futsal_C3clean_20260726_082811,C3_occ_setup_stills,,,677.0,160.0,60.0,27.0,40.25,medium,10,-15,object,natural,,,
S1_futsal_C3clean_20260726_082811_f000126.jpg,S1_futsal_C3clean_20260726_082811,C3_occ_setup_stills,,,683.0,163.0,51.0,27.0,37.11,medium,10,-15,object,natural,,,
S1_futsal_C3clean_20260726_082811_f000132.jpg,S1_futsal_C3clean_20260726_082811,C3_occ_setup_stills,,,682.0,157.0,58.0,39.0,47.56,medium,10,-15,object,natural,,,
S1_futsal_C3clean_20260726_082811_f000138.jpg,S1_futsal_C3clean_20260726_082811,C3_occ_setup_stills,,,682.0,160.0,63.0,33.0,45.6,medium,10,-15,object,natural,,,
S1_futsal_C3clean_20260726_082811_f000144.jpg,S1_futsal_C3clean_20260726_082811,C3_occ_setup_stills,,,693.0,362.0,52.0,29.0,38.83,medium,80,-15,object,natural,,,
S1_futsal_C3clean_20260726_082811_f000150.jpg,S1_futsal_C3clean_20260726_082811,C3_occ_setup_stills,,,704.0,365.0,40.0,22.0,29.67,small,79,-15,object,natural,,,
S1_futsal_C3clean_20260726_082811_f000156.jpg,S1_futsal_C3clean_20260726_082811,C3_occ_setup_stills,,,697.0,361.0,55.0,29.0,39.94,medium,78,-15,object,natural,,,
S1_futsal_C3clean_20260726_082811_f000162.jpg,S1_futsal_C3clean_20260726_082811,C3_occ_setup_stills,,,697.0,358.0,55.0,30.0,40.62,medium,78,-15,object,natural,,,
S1_futsal_C3clean_20260726_082811_f000168.jpg,S1_futsal_C3clean_20260726_082811,C3_occ_setup_stills,,,697.0,357.0,55.0,31.0,41.29,medium,78,-15,object,natural,,,
S1_futsal_C3clean_20260726_082811_f000174.jpg,S1_futsal_C3clean_20260726_082811,C3_occ_setup_stills,,,696.0,357.0,55.0,30.0,40.62,medium,78,-15,object,natural,,,
S1_futsal_C3clean_20260726_082811_f000180.jpg,S1_futsal_C3clean_20260726_082811,C3_occ_setup_stills,,,693.0,357.0,55.0,30.0,40.62,medium,77,-15,object,natural,,,
S1_futsal_C3clean_20260726_082811_f000186.jpg,S1_futsal_C3clean_20260726_082811,C3_occ_setup_stills,,,693.0,356.0,57.0,30.0,41.35,medium,77,-15,object,natural,,,
S1_futsal_C3clean_20260726_082811_f000192.jpg,S1_futsal_C3clean_20260726_082811,C3_occ_setup_stills,,,691.36,356.06,57.59,29.96,41.54,medium,77,-15,object,natural,,,
S1_futsal_C3clean_20260726_082811_f000198.jpg,S1_futsal_C3clean_20260726_082811,C3_occ_setup_stills,,,690.0,356.0,55.0,30.0,40.62,medium,77,-15,object,natural,,,
S1_futsal_C3clean_20260726_082811_f000204.jpg,S1_futsal_C3clean_20260726_082811,C3_occ_setup_stills,,,690.0,356.0,55.0,33.0,42.6,medium,78,-15,object,natural,,,
S1_futsal_C3clean_20260726_082811_f000210.jpg,S1_futsal_C3clean_20260726_082811,C3_occ_setup_stills,,,688.71,357.13,60.06,33.78,45.04,medium,79,-15,object,natural,,,
S1_futsal_C3clean_20260726_082811_f000216.jpg,S1_futsal_C3clean_20260726_082811,C3_occ_setup_stills,,,688.0,355.0,58.0,36.0,45.69,medium,79,-15,object,natural,,,
S1_futsal_C3clean_20260726_082811_f000222.jpg,S1_futsal_C3clean_20260726_082811,C3_occ_setup_stills,,,689.0,357.0,57.0,32.0,42.71,medium,79,-15,object,natural,,,
S1_futsal_C3clean_20260726_082811_f000228.jpg,S1_futsal_C3clean_20260726_082811,C3_occ_setup_stills,,,691.46,356.7,58.28,33.94,44.48,medium,79,-15,object,natural,,,
S1_futsal_C3clean_20260726_082811_f000234.jpg,S1_futsal_C3clean_20260726_082811,C3_occ_setup_stills,,,690.0,356.0,58.0,33.0,43.75,medium,78,-15,object,natural,,,
S1_futsal_C3clean_20260726_082811_f000240.jpg,S1_futsal_C3clean_20260726_082811,C3_occ_setup_stills,,,690.0,356.0,57.0,33.0,43.37,medium,78,-15,object,natural,,,
S1_futsal_C3clean_20260726_082811_f000246.jpg,S1_futsal_C3clean_20260726_082811,C3_occ_setup_stills,,,689.0,359.0,58.0,30.0,41.71,medium,79,-15,object,natural,,,
S1_futsal_C3clean_20260726_082811_f000252.jpg,S1_futsal_C3clean_20260726_082811,C3_occ_setup_stills,,,690.0,360.0,55.0,30.0,40.62,medium,80,-15,object,natural,,,
S1_futsal_C3clean_20260726_082811_f000258.jpg,S1_futsal_C3clean_20260726_082811,C3_occ_setup_stills,,,692.42,361.93,55.83,29.42,40.53,medium,80,-15,object,natural,,,
S1_futsal_C3clean_20260726_082811_f000264.jpg,S1_futsal_C3clean_20260726_082811,C3_occ_setup_stills,,,690.0,361.0,55.0,31.0,41.29,medium,80,-15,object,natural,,,
S1_futsal_C3clean_20260726_082811_f000270.jpg,S1_futsal_C3clean_20260726_082811,C3_occ_setup_stills,,,691.0,362.0,55.0,31.0,41.29,medium,80,-15,object,natural,,,
S1_futsal_C3clean_20260726_082811_f000276.jpg,S1_futsal_C3clean_20260726_082811,C3_occ_setup_stills,,,689.0,363.0,58.0,29.0,41.01,medium,81,-15,object,natural,,,
S1_futsal_C3clean_20260726_082811_f000282.jpg,S1_futsal_C3clean_20260726_082811,C3_occ_setup_stills,,,695.0,367.0,58.0,22.0,35.72,medium,81,-15,object,natural,,,
S1_futsal_C3clean_20260726_082811_f000288.jpg,S1_futsal_C3clean_20260726_082811,C3_occ_setup_stills,,,694.0,367.0,58.0,23.0,36.52,medium,82,-15,object,natural,,,
S1_futsal_C3clean_20260726_082811_f000294.jpg,S1_futsal_C3clean_20260726_082811,C3_occ_setup_stills,,,696.0,362.0,51.0,31.0,39.76,medium,81,-15,object,natural,,,
S1_futsal_C3clean_20260726_082811_f000300.jpg,S1_futsal_C3clean_20260726_082811,C3_occ_setup_stills,,,694.0,375.0,58.0,23.0,36.52,medium,84,-15,object,natural,,,
S1_futsal_C3clean_20260726_082811_f000306.jpg,S1_futsal_C3clean_20260726_082811,C3_occ_setup_stills,,,695.0,388.0,58.0,22.0,35.72,medium,89,-15,object,natural,,,
S1_futsal_C3clean_20260726_082811_f000312.jpg,S1_futsal_C3clean_20260726_082811,C3_occ_setup_stills,,,693.0,401.0,55.0,31.0,41.29,medium,95,-15,object,natural,,,
S1_futsal_C3clean_20260726_082811_f000318.jpg,S1_futsal_C3clean_20260726_082811,C3_occ_setup_stills,,,692.0,419.0,57.0,33.0,43.37,medium,108,-15,object,natural,,,
S1_futsal_C3clean_20260726_082811_f000324.jpg,S1_futsal_C3clean_20260726_082811,C3_occ_setup_stills,,,689.0,437.0,58.0,37.0,46.33,medium,114,-15,object,natural,,,
S1_futsal_C3clean_20260726_082811_f000330.jpg,S1_futsal_C3clean_20260726_082811,C3_occ_setup_stills,,,692.0,453.0,55.0,36.0,44.5,medium,124,-15,object,natural,,,
S1_futsal_C3clean_20260726_082811_f000336.jpg,S1_futsal_C3clean_20260726_082811,C3_occ_setup_stills,,,693.0,467.0,54.0,33.0,42.21,medium,130,-15,object,natural,,,
S1_futsal_C3clean_20260726_082811_f000342.jpg,S1_futsal_C3clean_20260726_082811,C3_occ_setup_stills,,,691.0,482.0,55.0,32.0,41.95,medium,135,-15,object,natural,,,
S1_futsal_C3clean_20260726_082811_f000348.jpg,S1_futsal_C3clean_20260726_082811,C3_occ_setup_stills,,,689.0,545.0,58.0,27.0,39.57,medium,168,-15,object,natural,,,
S1_futsal_C3clean_20260726_082811_f000354.jpg,S1_futsal_C3clean_20260726_082811,C3_occ_setup_stills,,,687.0,555.0,58.0,31.0,42.4,medium,174,-15,object,natural,,,
S1_futsal_C3clean_20260726_082811_f000360.jpg,S1_futsal_C3clean_20260726_082811,C3_occ_setup_stills,,,687.0,565.0,58.0,29.0,41.01,medium,179,-15,object,natural,,5.12,297
S1_futsal_C3clean_20260726_082811_f000366.jpg,S1_futsal_C3clean_20260726_082811,C3_occ_setup_stills,,,685.0,577.0,60.0,31.0,43.13,medium,188,-15,object,natural,,,
S1_futsal_C3clean_20260726_082811_f000372.jpg,S1_futsal_C3clean_20260726_082811,C3_occ_setup_stills,,,687.0,588.0,58.0,31.0,42.4,medium,193,-15,object,natural,,5.12,297
S1_futsal_C3clean_20260726_082811_f000378.jpg,S1_futsal_C3clean_20260726_082811,C3_occ_setup_stills,,,686.0,598.0,58.0,31.0,42.4,medium,197,-15,object,natural,,5.35,310
S1_futsal_C3clean_20260726_082811_f000384.jpg,S1_futsal_C3clean_20260726_082811,C3_occ_setup_stills,,,686.0,607.0,58.0,31.0,42.4,medium,204,-15,object,natural,,4.96,288
S1_futsal_C3clean_20260726_082811_f000390.jpg,S1_futsal_C3clean_20260726_082811,C3_occ_setup_stills,,,686.0,615.0,58.0,31.0,42.4,medium,208,-15,object,natural,,5.10,296
S1_futsal_C3clean_20260726_082811_f000396.jpg,S1_futsal_C3clean_20260726_082811,C3_occ_setup_stills,,,686.0,626.0,58.0,31.0,42.4,medium,214,-15,object,natural,,4.91,285
S1_futsal_C3clean_20260726_082811_f000402.jpg,S1_futsal_C3clean_20260726_082811,C3_occ_setup_stills,,,686.0,640.0,58.0,31.0,42.4,medium,223,-15,object,natural,,5.29,307
S1_futsal_C3clean_20260726_082811_f000408.jpg,S1_futsal_C3clean_20260726_082811,C3_occ_setup_stills,,,686.0,644.0,58.0,38.0,46.95,medium,227,-15,object,natural,,,
S1_futsal_C3clean_20260726_082811_f000414.jpg,S1_futsal_C3clean_20260726_082811,C3_occ_setup_stills,,,687.0,650.0,58.0,31.0,42.4,medium,230,-15,object,natural,,,
S1_futsal_C3clean_20260726_082811_f000420.jpg,S1_futsal_C3clean_20260726_082811,C3_occ_setup_stills,,,687.0,645.0,60.0,31.0,43.13,medium,226,-15,object,natural,,5.29,317
S1_futsal_C3clean_20260726_082811_f000426.jpg,S1_futsal_C3clean_20260726_082811,C3_occ_setup_stills,,,688.0,642.0,60.0,29.0,41.71,medium,219,-15,object,natural,,4.81,289
S1_futsal_C3clean_20260726_082811_f000432.jpg,S1_futsal_C3clean_20260726_082811,C3_occ_setup_stills,,,688.0,639.0,60.0,31.0,43.13,medium,221,-15,object,natural,,5.32,319
S1_futsal_C3clean_20260726_082811_f000438.jpg,S1_futsal_C3clean_20260726_082811,C3_occ_setup_stills,,,688.0,637.0,60.0,31.0,43.13,medium,220,-15,object,natural,,,
S1_futsal_C3clean_20260726_082811_f000444.jpg,S1_futsal_C3clean_20260726_082811,C3_occ_setup_stills,,,688.0,639.0,60.0,31.0,43.13,medium,221,-15,object,natural,,,
S1_futsal_C3clean_20260726_082811_f000450.jpg,S1_futsal_C3clean_20260726_082811,C3_occ_setup_stills,,,687.0,640.0,60.0,31.0,43.13,medium,216,-15,object,natural,,,
S1_futsal_C3clean_20260726_082811_f000456.jpg,S1_futsal_C3clean_20260726_082811,C3_occ_setup_stills,,,687.0,640.0,60.0,38.0,47.75,medium,221,-15,object,natural,,4.94,296
S1_futsal_C3clean_20260726_082811_f000462.jpg,S1_futsal_C3clean_20260726_082811,C3_occ_setup_stills,,,685.0,645.0,60.0,31.0,43.13,medium,226,-15,object,natural,,4.91,295
S1_futsal_C3clean_20260726_082811_f000468.jpg,S1_futsal_C3clean_20260726_082811,C3_occ_setup_stills,,,685.0,650.0,60.0,31.0,43.13,medium,227,-15,object,natural,,5.04,302
S1_futsal_C3clean_20260726_082811_f000474.jpg,S1_futsal_C3clean_20260726_082811,C3_occ_setup_stills,,,685.0,652.0,60.0,33.0,44.5,medium,232,-15,object,natural,,,
S1_futsal_C3clean_20260726_082811_f000480.jpg,S1_futsal_C3clean_20260726_082811,C3_occ_setup_stills,,,687.0,655.0,58.0,36.0,45.69,medium,233,-15,object,natural,,5.18,300
S1_futsal_C3clean_20260726_082811_f000486.jpg,S1_futsal_C3clean_20260726_082811,C3_occ_setup_stills,,,685.0,659.0,60.0,31.0,43.13,medium,231,-15,object,natural,,4.84,290
S1_futsal_C3clean_20260726_082811_f000492.jpg,S1_futsal_C3clean_20260726_082811,C3_occ_setup_stills,,,685.0,658.0,60.0,31.0,43.13,medium,234,-15,object,natural,,,
S1_futsal_C3clean_20260726_082811_f000498.jpg,S1_futsal_C3clean_20260726_082811,C3_occ_setup_stills,,,684.0,643.0,52.0,45.0,48.37,medium,234,-15,object,natural,,,
S1_futsal_C3clean_20260726_082811_f000504.jpg,S1_futsal_C3clean_20260726_082811,C3_occ_setup_stills,,,687.0,652.0,58.0,31.0,42.4,medium,227,-15,object,natural,,,
S1_futsal_C3clean_20260726_082811_f000510.jpg,S1_futsal_C3clean_20260726_082811,C3_occ_setup_stills,,,687.0,649.0,58.0,31.0,42.4,medium,226,-15,object,natural,,,
S1_futsal_C3clean_20260726_082811_f000516.jpg,S1_futsal_C3clean_20260726_082811,C3_occ_setup_stills,,,687.0,644.0,58.0,33.0,43.75,medium,227,-15,object,natural,,,
S1_futsal_C3clean_20260726_082811_f000522.jpg,S1_futsal_C3clean_20260726_082811,C3_occ_setup_stills,,,685.0,642.0,60.0,38.0,47.75,medium,226,-15,object,natural,,,
S1_futsal_C3clean_20260726_082811_f000528.jpg,S1_futsal_C3clean_20260726_082811,C3_occ_setup_stills,,,686.0,644.0,58.0,31.0,42.4,medium,224,-15,object,natural,,,
S1_futsal_C3clean_20260726_082811_f000534.jpg,S1_futsal_C3clean_20260726_082811,C3_occ_setup_stills,,,685.0,644.0,60.0,31.0,43.13,medium,226,-15,object,natural,,5.21,313
S1_futsal_C3clean_20260726_082811_f000540.jpg,S1_futsal_C3clean_20260726_082811,C3_occ_setup_stills,,,685.0,645.0,60.0,31.0,43.13,medium,224,-15,object,natural,,5.12,307
S1_futsal_C3clean_20260726_082811_f000546.jpg,S1_futsal_C3clean_20260726_082811,C3_occ_setup_stills,,,686.0,645.0,58.0,31.0,42.4,medium,225,-15,object,natural,,4.96,288
S1_futsal_C3clean_20260726_082811_f000552.jpg,S1_futsal_C3clean_20260726_082811,C3_occ_setup_stills,,anchor,687.0,648.0,58.0,31.0,42.4,medium,222,-15,object,natural,,4.81,279
S1_futsal_C3clean_20260726_082811_f000558.jpg,S1_futsal_C3clean_20260726_082811,C3_occ_setup_stills,,anchor,687.0,647.0,60.0,33.0,44.5,medium,230,-15,object,natural,,5.23,314
S1_futsal_C3clean_20260726_082811_f000564.jpg,S1_futsal_C3clean_20260726_082811,C3_occ_setup_stills,,anchor,687.0,651.0,60.0,31.0,43.13,medium,228,-15,object,natural,,5.21,313
S1_futsal_C3clean_20260726_082811_f000570.jpg,S1_futsal_C3clean_20260726_082811,C3_occ_setup_stills,,anchor,688.0,652.0,58.0,33.0,43.75,medium,232,-15,object,natural,,,
S1_futsal_C3clean_20260726_082811_f000576.jpg,S1_futsal_C3clean_20260726_082811,C3_occ_setup_stills,,anchor,688.0,654.0,60.0,31.0,43.13,medium,230,-15,object,natural,,,
S1_futsal_C3clean_20260726_082811_f000582.jpg,S1_futsal_C3clean_20260726_082811,C3_occ_setup_stills,,anchor,688.0,654.0,60.0,33.0,44.5,medium,232,-15,object,natural,,5.15,309
S1_futsal_C3clean_20260726_082811_f000588.jpg,S1_futsal_C3clean_20260726_082811,C3_occ_setup_stills,,anchor,688.0,658.0,60.0,31.0,43.13,medium,235,-15,object,natural,,4.99,299
S1_futsal_C3clean_20260726_082811_f000594.jpg,S1_futsal_C3clean_20260726_082811,C3_occ_setup_stills,,anchor,688.0,657.0,60.0,33.0,44.5,medium,235,-15,object,natural,,4.99,299
S1_futsal_C3clean_20260726_082811_f000600.jpg,S1_futsal_C3clean_20260726_082811,C3_occ_setup_stills,,anchor,687.0,658.0,60.0,31.0,43.13,medium,234,-15,object,natural,,5.02,301
S1_futsal_C3clean_20260726_082811_f000606.jpg,S1_futsal_C3clean_20260726_082811,C3_occ_setup_stills,,anchor,687.0,657.0,60.0,31.0,43.13,medium,233,-15,object,natural,,,
S1_futsal_C3clean_20260726_082811_f000612.jpg,S1_futsal_C3clean_20260726_082811,C3_occ_setup_stills,,anchor,687.0,657.0,61.0,31.0,43.49,medium,229,-15,object,natural,,4.96,303
S1_futsal_C3clean_20260726_082811_f000618.jpg,S1_futsal_C3clean_20260726_082811,C3_occ_setup_stills,,anchor,687.0,654.0,60.0,33.0,44.5,medium,235,-15,object,natural,,4.86,292
S1_futsal_C3clean_20260726_082811_f000624.jpg,S1_futsal_C3clean_20260726_082811,C3_occ_setup_stills,,anchor,687.0,653.0,60.0,38.0,47.75,medium,232,-15,object,natural,,,
S1_futsal_C3clean_20260726_082811_f000630.jpg,S1_futsal_C3clean_20260726_082811,C3_occ_setup_stills,,anchor,687.0,654.0,58.0,31.0,42.4,medium,234,-15,object,natural,,5.23,303
S1_futsal_C3clean_20260726_082811_f000636.jpg,S1_futsal_C3clean_20260726_082811,C3_occ_setup_stills,,anchor,687.0,653.0,58.0,33.0,43.75,medium,234,-15,object,natural,,5.26,305
S1_futsal_C3clean_20260726_082811_f000642.jpg,S1_futsal_C3clean_20260726_082811,C3_occ_setup_stills,,anchor,687.0,654.0,58.0,31.0,42.4,medium,231,-15,object,natural,,,
S1_futsal_C3clean_20260726_082811_f000648.jpg,S1_futsal_C3clean_20260726_082811,C3_occ_setup_stills,,anchor,687.0,653.0,60.0,31.0,43.13,medium,230,-15,object,natural,,5.18,311
S1_futsal_C3clean_20260726_082811_f000654.jpg,S1_futsal_C3clean_20260726_082811,C3_occ_setup_stills,,,688.0,652.0,58.0,31.0,42.4,medium,229,-15,object,natural,,4.86,282
S1_futsal_C3clean_20260726_082811_f000660.jpg,S1_futsal_C3clean_20260726_082811,C3_occ_setup_stills,,,688.0,651.0,60.0,36.0,46.48,medium,233,-15,object,natural,,4.91,295
S1_futsal_C3clean_20260726_082811_f000666.jpg,S1_futsal_C3clean_20260726_082811,C3_occ_setup_stills,,,688.0,652.0,60.0,31.0,43.13,medium,229,-15,object,natural,,5.18,311
S1_futsal_C3clean_20260726_082811_f000672.jpg,S1_futsal_C3clean_20260726_082811,C3_occ_setup_stills,,,687.0,653.0,60.0,31.0,43.13,medium,233,-15,object,natural,,4.94,296
S1_futsal_C3clean_20260726_082811_f000678.jpg,S1_futsal_C3clean_20260726_082811,C3_occ_setup_stills,,,687.0,652.0,58.0,31.0,42.4,medium,225,-15,object,natural,,5.21,302
S1_futsal_C3clean_20260726_082811_f000684.jpg,S1_futsal_C3clean_20260726_082811,C3_occ_setup_stills,,,686.0,653.0,58.0,31.0,42.4,medium,235,-15,object,natural,,4.99,289
S1_futsal_C3clean_20260726_082811_f000690.jpg,S1_futsal_C3clean_20260726_082811,C3_occ_setup_stills,,,686.0,653.0,58.0,31.0,42.4,medium,234,-15,object,natural,,4.99,289
S1_futsal_C3clean_20260726_082811_f000696.jpg,S1_futsal_C3clean_20260726_082811,C3_occ_setup_stills,,,686.0,651.0,58.0,33.0,43.75,medium,234,-15,object,natural,,,
S1_futsal_C3clean_20260726_082811_f000702.jpg,S1_futsal_C3clean_20260726_082811,C3_occ_setup_stills,,,686.0,652.0,58.0,31.0,42.4,medium,234,-15,object,natural,,5.29,307
S1_futsal_C3clean_20260726_082811_f000708.jpg,S1_futsal_C3clean_20260726_082811,C3_occ_setup_stills,,,686.0,649.0,58.0,33.0,43.75,medium,227,-15,object,natural,,4.94,287
S1_futsal_C3clean_20260726_082811_f000714.jpg,S1_futsal_C3clean_20260726_082811,C3_occ_setup_stills,,,686.0,649.0,58.0,33.0,43.75,medium,230,-15,object,natural,,4.94,287
S1_futsal_C3clean_20260726_082811_f000720.jpg,S1_futsal_C3clean_20260726_082811,C3_occ_setup_stills,,,686.0,650.0,58.0,33.0,43.75,medium,231,-15,object,natural,,5.02,291
S1_futsal_C3clean_20260726_082811_f000726.jpg,S1_futsal_C3clean_20260726_082811,C3_occ_setup_stills,,,686.0,651.0,58.0,33.0,43.75,medium,231,-15,object,natural,,4.94,287
S1_futsal_C3clean_20260726_082811_f000732.jpg,S1_futsal_C3clean_20260726_082811,C3_occ_setup_stills,,,686.0,654.0,58.0,31.0,42.4,medium,236,-15,object,natural,,4.99,289
S1_futsal_C3clean_20260726_082811_f000738.jpg,S1_futsal_C3clean_20260726_082811,C3_occ_setup_stills,,,686.0,654.0,58.0,31.0,42.4,medium,233,-15,object,natural,,5.21,302
S1_futsal_C3clean_20260726_082811_f000744.jpg,S1_futsal_C3clean_20260726_082811,C3_occ_setup_stills,,,685.0,652.0,60.0,33.0,44.5,medium,230,-15,object,natural,,4.96,298
S1_futsal_C3clean_20260726_082811_f000750.jpg,S1_futsal_C3clean_20260726_082811,C3_occ_setup_stills,,,685.0,652.0,58.0,31.0,42.4,medium,231,-15,object,natural,,5.32,309
S1_futsal_C3clean_20260726_082811_f000756.jpg,S1_futsal_C3clean_20260726_082811,C3_occ_setup_stills,,,684.0,651.0,60.0,31.0,43.13,medium,231,-15,object,natural,,5.29,317
S1_futsal_C3clean_20260726_082811_f000762.jpg,S1_futsal_C3clean_20260726_082811,C3_occ_setup_stills,,,682.0,650.0,60.0,31.0,43.13,medium,229,-15,object,natural,,,
S1_futsal_C3clean_20260726_082811_f000768.jpg,S1_futsal_C3clean_20260726_082811,C3_occ_setup_stills,,,682.0,650.0,60.0,31.0,43.13,medium,230,-15,object,natural,,,
S1_futsal_C3clean_20260726_082811_f000774.jpg,S1_futsal_C3clean_20260726_082811,C3_occ_setup_stills,,,683.0,651.0,58.0,31.0,42.4,medium,232,-15,object,natural,,5.21,302
S1_futsal_C3clean_20260726_082811_f000780.jpg,S1_futsal_C3clean_20260726_082811,C3_occ_setup_stills,,,682.0,653.0,58.0,31.0,42.4,medium,232,-15,object,natural,,5.26,305
S1_futsal_C3clean_20260726_082811_f000786.jpg,S1_futsal_C3clean_20260726_082811,C3_occ_setup_stills,,,683.0,653.0,58.0,33.0,43.75,medium,238,-15,object,natural,,,
S1_futsal_C3clean_20260726_082811_f000792.jpg,S1_futsal_C3clean_20260726_082811,C3_occ_setup_stills,,,682.0,655.0,60.0,31.0,43.13,medium,232,-15,object,natural,,5.02,301
S1_futsal_C3clean_20260726_082811_f000798.jpg,S1_futsal_C3clean_20260726_082811,C3_occ_setup_stills,,,682.0,655.0,60.0,31.0,43.13,medium,235,-15,object,natural,,5.21,313
S1_futsal_C3clean_20260726_082811_f000804.jpg,S1_futsal_C3clean_20260726_082811,C3_occ_setup_stills,,,684.0,653.0,58.0,33.0,43.75,medium,230,-15,object,natural,,,
S1_futsal_C3clean_20260726_082811_f000810.jpg,S1_futsal_C3clean_20260726_082811,C3_occ_setup_stills,,,684.0,650.0,60.0,31.0,43.13,medium,228,-15,object,natural,,5.29,317
S1_futsal_C3clean_20260726_082811_f000816.jpg,S1_futsal_C3clean_20260726_082811,C3_occ_setup_stills,,,685.0,641.0,60.0,31.0,43.13,medium,222,-15,object,natural,,,
S1_futsal_C3clean_20260726_082811_f000822.jpg,S1_futsal_C3clean_20260726_082811,C3_occ_setup_stills,,,685.0,628.0,60.0,31.0,43.13,medium,211,-15,object,natural,,5.12,307
S1_futsal_C3clean_20260726_082811_f000828.jpg,S1_futsal_C3clean_20260726_082811,C3_occ_setup_stills,,blur_moderate,683.0,585.0,58.0,27.0,39.57,medium,196,-15,object,natural,,5.35,310
S1_futsal_C3clean_20260726_082811_f000834.jpg,S1_futsal_C3clean_20260726_082811,C3_occ_setup_stills,,blur_heavy,681.0,542.0,55.0,24.0,36.33,medium,171,-15,object,natural,,,
S1_futsal_C3clean_20260726_082811_f000840.jpg,S1_futsal_C3clean_20260726_082811,C3_occ_setup_stills,,blur_moderate,679.0,494.0,55.0,23.0,35.57,medium,147,-15,object,natural,,,
S1_futsal_C3clean_20260726_082811_f000846.jpg,S1_futsal_C3clean_20260726_082811,C3_occ_setup_stills,,blur_moderate,680.0,450.0,52.0,22.0,33.82,medium,133,-15,object,natural,,,
S1_futsal_C3clean_20260726_082811_f000852.jpg,S1_futsal_C3clean_20260726_082811,C3_occ_setup_stills,,,679.0,395.0,54.0,30.0,40.25,medium,111,-15,object,natural,,,
S1_futsal_C3clean_20260726_082811_f000858.jpg,S1_futsal_C3clean_20260726_082811,C3_occ_setup_stills,,,682.0,358.0,52.0,29.0,38.83,medium,90,-15,object,natural,,,
S1_futsal_C3clean_20260726_082811_f000864.jpg,S1_futsal_C3clean_20260726_082811,C3_occ_setup_stills,,,688.0,300.0,49.0,34.0,40.82,medium,63,-15,object,natural,,,
S1_futsal_C3clean_20260726_082811_f000870.jpg,S1_futsal_C3clean_20260726_082811,C3_occ_setup_stills,,,680.0,289.0,55.0,29.0,39.94,medium,55,-15,object,natural,,,
S1_futsal_C3clean_20260726_082811_f000876.jpg,S1_futsal_C3clean_20260726_082811,C3_occ_setup_stills,,,677.0,271.0,55.0,24.0,36.33,medium,47,-15,object,natural,,,
S1_futsal_C3clean_20260726_082811_f000882.jpg,S1_futsal_C3clean_20260726_082811,C3_occ_setup_stills,,,678.0,258.0,56.0,31.0,41.67,medium,41,-15,object,natural,,,
S1_futsal_C3clean_20260726_082811_f000888.jpg,S1_futsal_C3clean_20260726_082811,C3_occ_setup_stills,,,681.0,241.0,55.0,27.0,38.54,medium,35,-15,object,natural,,,
S1_futsal_C3clean_20260726_082811_f000894.jpg,S1_futsal_C3clean_20260726_082811,C3_occ_setup_stills,,,678.0,221.0,52.0,31.0,40.15,medium,26,-15,object,natural,,,
S1_futsal_C3clean_20260726_082811_f000900.jpg,S1_futsal_C3clean_20260726_082811,C3_occ_setup_stills,,,685.0,197.0,47.0,25.0,34.28,medium,18,-15,object,natural,,,
S1_futsal_C3clean_20260726_082811_f000906.jpg,S1_futsal_C3clean_20260726_082811,C3_occ_setup_stills,,blur_moderate,679.0,169.0,53.0,30.0,39.87,medium,10,-15,object,natural,,,
S1_futsal_C3clean_20260726_082811_f000912.jpg,S1_futsal_C3clean_20260726_082811,C3_occ_setup_stills,,blur_heavy,681.0,156.0,52.0,26.0,36.77,medium,10,-15,object,natural,,,
S1_futsal_C3clean_20260726_082811_f000918.jpg,S1_futsal_C3clean_20260726_082811,C3_occ_setup_stills,,blur_heavy,680.0,149.0,55.0,28.0,39.24,medium,10,-15,object,natural,,,
S1_futsal_C3clean_20260726_082811_f000924.jpg,S1_futsal_C3clean_20260726_082811,C3_occ_setup_stills,,blur_heavy,664.0,146.0,50.0,27.0,36.74,medium,10,-13,object,natural,,,
S1_futsal_C3clean_20260726_082811_f000930.jpg,S1_futsal_C3clean_20260726_082811,C3_occ_setup_stills,,,657.0,147.0,55.0,27.0,38.54,medium,10,-13,object,natural,,,
S1_futsal_C3clean_20260726_082811_f000936.jpg,S1_futsal_C3clean_20260726_082811,C3_occ_setup_stills,,,662.0,149.0,48.0,23.0,33.23,medium,10,-13,object,natural,,,
S1_futsal_C3clean_20260726_082811_f000942.jpg,S1_futsal_C3clean_20260726_082811,C3_occ_setup_stills,,,663.0,143.0,46.0,28.0,35.89,medium,10,-13,object,natural,,,
S1_futsal_C3clean_20260726_082811_f000948.jpg,S1_futsal_C3clean_20260726_082811,C3_occ_setup_stills,,,638.0,154.0,52.0,34.0,42.05,medium,10,-13,object,natural,,,
S1_futsal_C3occ_20260727_081515_f000000.jpg,S1_futsal_C3occ_20260727_081515,C3_PAIR_occluded,S1_pair_sec330,,824.0,163.0,64.0,23.0,38.37,medium,10,-5,object,natural,0.000,,
S1_futsal_C3occ_20260727_081515_f000008.jpg,S1_futsal_C3occ_20260727_081515,C3_PAIR_occluded,S1_pair_sec330,,826.0,161.0,57.0,25.0,37.75,medium,10,-5,object,natural,0.000,,
S1_futsal_C3occ_20260727_081515_f000016.jpg,S1_futsal_C3occ_20260727_081515,C3_PAIR_occluded,S1_pair_sec330,,825.0,165.0,61.0,22.0,36.63,medium,10,-5,object,natural,0.000,,
S1_futsal_C3occ_20260727_081515_f000024.jpg,S1_futsal_C3occ_20260727_081515,C3_PAIR_occluded,S1_pair_sec330,,825.0,165.0,61.0,22.0,36.63,medium,10,-5,object,natural,0.000,,
S1_futsal_C3occ_20260727_081515_f000032.jpg,S1_futsal_C3occ_20260727_081515,C3_PAIR_occluded,S1_pair_sec330,,825.0,165.0,63.0,22.0,37.23,medium,10,-5,object,natural,0.000,,
S1_futsal_C3occ_20260727_081515_f000040.jpg,S1_futsal_C3occ_20260727_081515,C3_PAIR_occluded,S1_pair_sec330,,825.0,165.0,63.0,22.0,37.23,medium,10,-5,object,natural,0.000,,
S1_futsal_C3occ_20260727_081515_f000048.jpg,S1_futsal_C3occ_20260727_081515,C3_PAIR_occluded,S1_pair_sec330,,825.0,165.0,61.0,22.0,36.63,medium,10,-5,object,natural,0.000,,
S1_futsal_C3occ_20260727_081515_f000056.jpg,S1_futsal_C3occ_20260727_081515,C3_PAIR_occluded,S1_pair_sec330,,825.0,163.0,61.0,23.0,37.46,medium,10,-5,object,natural,0.000,,
S1_futsal_C3occ_20260727_081515_f000064.jpg,S1_futsal_C3occ_20260727_081515,C3_PAIR_occluded,S1_pair_sec330,,824.0,165.0,64.0,22.0,37.52,medium,10,-5,object,natural,0.000,,
S1_futsal_C3occ_20260727_081515_f000072.jpg,S1_futsal_C3occ_20260727_081515,C3_PAIR_occluded,S1_pair_sec330,,812.0,365.0,58.0,28.0,40.3,medium,81,-5,object,natural,0.000,,
S1_futsal_C3occ_20260727_081515_f000080.jpg,S1_futsal_C3occ_20260727_081515,C3_PAIR_occluded,S1_pair_sec330,,811.0,367.0,64.0,23.0,38.37,medium,82,-5,object,natural,0.000,,
S1_futsal_C3occ_20260727_081515_f000088.jpg,S1_futsal_C3occ_20260727_081515,C3_PAIR_occluded,S1_pair_sec330,,811.0,368.0,64.0,23.0,38.37,medium,83,-5,object,natural,0.000,,
S1_futsal_C3occ_20260727_081515_f000096.jpg,S1_futsal_C3occ_20260727_081515,C3_PAIR_occluded,S1_pair_sec330,,812.0,370.0,63.0,22.0,37.23,medium,83,-5,object,natural,0.000,,
S1_futsal_C3occ_20260727_081515_f000104.jpg,S1_futsal_C3occ_20260727_081515,C3_PAIR_occluded,S1_pair_sec330,,808.0,376.0,66.0,23.0,38.96,medium,83,-5,object,natural,0.000,,
S1_futsal_C3occ_20260727_081515_f000112.jpg,S1_futsal_C3occ_20260727_081515,C3_PAIR_occluded,S1_pair_sec330,,805.0,393.0,64.0,24.0,39.19,medium,94,-5,object,natural,0.000,,
S1_futsal_C3occ_20260727_081515_f000120.jpg,S1_futsal_C3occ_20260727_081515,C3_PAIR_occluded,S1_pair_sec330,,804.0,421.0,63.0,27.0,41.24,medium,107,-5,object,natural,0.000,,
S1_futsal_C3occ_20260727_081515_f000128.jpg,S1_futsal_C3occ_20260727_081515,C3_PAIR_occluded,S1_pair_sec330,,801.0,444.0,63.0,27.0,41.24,medium,117,-5,object,natural,0.000,,
S1_futsal_C3occ_20260727_081515_f000136.jpg,S1_futsal_C3occ_20260727_081515,C3_PAIR_occluded,S1_pair_sec330,,801.0,465.0,61.0,23.0,37.46,medium,127,-5,object,natural,0.000,,
S1_futsal_C3occ_20260727_081515_f000144.jpg,S1_futsal_C3occ_20260727_081515,C3_PAIR_occluded,S1_pair_sec330,,798.0,482.0,63.0,23.0,38.07,medium,134,-5,object,natural,0.000,,
S1_futsal_C3occ_20260727_081515_f000152.jpg,S1_futsal_C3occ_20260727_081515,C3_PAIR_occluded,S1_pair_sec330,,798.0,498.0,61.0,29.0,42.06,medium,145,-5,object,natural,0.000,5.44,332
S1_futsal_C3occ_20260727_081515_f000160.jpg,S1_futsal_C3occ_20260727_081515,C3_PAIR_occluded,S1_pair_sec330,,798.0,515.0,58.0,31.0,42.4,medium,152,-6,object,natural,0.000,5.50,319
S1_futsal_C3occ_20260727_081515_f000168.jpg,S1_futsal_C3occ_20260727_081515,C3_PAIR_occluded,S1_pair_sec330,,800.0,529.0,63.0,31.0,44.19,medium,156,-6,object,natural,0.000,5.26,331
S1_futsal_C3occ_20260727_081515_f000176.jpg,S1_futsal_C3occ_20260727_081515,C3_PAIR_occluded,S1_pair_sec330,,801.0,546.0,61.0,31.0,43.49,medium,168,-5,object,natural,0.000,,
S1_futsal_C3occ_20260727_081515_f000184.jpg,S1_futsal_C3occ_20260727_081515,C3_PAIR_occluded,S1_pair_sec330,,800.0,561.0,63.0,29.0,42.74,medium,173,-5,object,natural,0.000,,
S1_futsal_C3occ_20260727_081515_f000192.jpg,S1_futsal_C3occ_20260727_081515,C3_PAIR_occluded,S1_pair_sec330,,801.0,570.0,63.0,29.0,42.74,medium,179,-5,object,natural,0.000,,
S1_futsal_C3occ_20260727_081515_f000200.jpg,S1_futsal_C3occ_20260727_081515,C3_PAIR_occluded,S1_pair_sec330,blur_moderate,804.0,565.0,61.0,31.0,43.49,medium,178,-5,object,natural,0.000,,
S1_futsal_C3occ_20260727_081515_f000208.jpg,S1_futsal_C3occ_20260727_081515,C3_PAIR_occluded,S1_pair_sec330,,807.0,604.0,61.0,27.0,40.58,medium,178,-5,object,natural,0.000,,
S1_futsal_C3occ_20260727_081515_f000216.jpg,S1_futsal_C3occ_20260727_081515,C3_PAIR_occluded,S1_pair_sec330,blur_heavy,791.0,563.0,58.0,24.0,37.31,medium,174,-5,object,natural,0.000,,
S1_futsal_C3occ_20260727_081515_f000224.jpg,S1_futsal_C3occ_20260727_081515,C3_PAIR_occluded,S1_pair_sec330,,768.0,524.0,55.0,22.0,34.79,medium,174,-5,object,natural,0.000,,
S1_futsal_C3occ_20260727_081515_f000232.jpg,S1_futsal_C3occ_20260727_081515,C3_PAIR_occluded,S1_pair_sec330,,759.0,513.0,55.0,23.0,35.57,medium,176,-5,object,natural,0.000,,
S1_futsal_C3occ_20260727_081515_f000240.jpg,S1_futsal_C3occ_20260727_081515,C3_PAIR_occluded,S1_pair_sec330,,757.0,506.0,46.0,29.0,36.52,medium,177,-5,object,natural,0.000,,
S1_futsal_C3occ_20260727_081515_f000248.jpg,S1_futsal_C3occ_20260727_081515,C3_PAIR_occluded,S1_pair_sec330,,756.0,503.0,49.0,23.0,33.57,medium,180,-5,object,natural,0.000,,
S1_futsal_C3occ_20260727_081515_f000256.jpg,S1_futsal_C3occ_20260727_081515,C3_PAIR_occluded,S1_pair_sec330,blur_moderate,753.0,502.0,49.0,23.0,33.57,medium,182,-5,object,natural,0.000,,
S1_futsal_C3occ_20260727_081515_f000264.jpg,S1_futsal_C3occ_20260727_081515,C3_PAIR_occluded,S1_pair_sec330,,753.0,516.0,49.0,24.0,34.29,medium,191,-5,object,natural,0.000,,
S1_futsal_C3occ_20260727_081515_f000272.jpg,S1_futsal_C3occ_20260727_081515,C3_PAIR_occluded,S1_pair_sec330,,753.0,531.0,49.0,23.0,33.57,medium,197,-5,object,natural,0.000,,
S1_futsal_C3occ_20260727_081515_f000280.jpg,S1_futsal_C3occ_20260727_081515,C3_PAIR_occluded,S1_pair_sec330,,753.0,536.0,49.0,24.0,34.29,medium,203,-5,object,natural,0.000,,
S1_futsal_C3occ_20260727_081515_f000288.jpg,S1_futsal_C3occ_20260727_081515,C3_PAIR_occluded,S1_pair_sec330,,753.0,537.0,49.0,23.0,33.57,medium,202,-5,object,natural,0.000,6.64,325
S1_futsal_C3occ_20260727_081515_f000296.jpg,S1_futsal_C3occ_20260727_081515,C3_PAIR_occluded,S1_pair_sec330,,753.0,533.0,49.0,23.0,33.57,medium,201,-5,object,natural,0.000,6.73,330
S1_futsal_C3occ_20260727_081515_f000304.jpg,S1_futsal_C3occ_20260727_081515,C3_PAIR_occluded,S1_pair_sec330,,754.0,529.0,48.0,29.0,37.31,medium,200,-5,object,natural,0.000,,
S1_futsal_C3occ_20260727_081515_f000312.jpg,S1_futsal_C3occ_20260727_081515,C3_PAIR_occluded,S1_pair_sec330,,757.0,531.0,46.0,31.0,37.76,medium,201,-5,object,natural,0.000,,
S1_futsal_C3occ_20260727_081515_f000320.jpg,S1_futsal_C3occ_20260727_081515,C3_PAIR_occluded,S1_pair_sec330,,751.0,529.0,43.0,29.0,35.31,medium,202,-5,object,natural,0.000,,
S1_futsal_C3occ_20260727_081515_f000328.jpg,S1_futsal_C3occ_20260727_081515,C3_PAIR_occluded,S1_pair_sec330,blur_moderate,736.0,508.0,42.0,24.0,31.75,small,199,-5,object,natural,0.000,,
S1_futsal_C3occ_20260727_081515_f000336.jpg,S1_futsal_C3occ_20260727_081515,C3_PAIR_occluded,S1_pair_sec330,blur_moderate,731.0,501.0,43.0,20.0,29.33,small,201,-5,object,natural,0.000,,
S1_futsal_C3occ_20260727_081515_f000344.jpg,S1_futsal_C3occ_20260727_081515,C3_PAIR_occluded,S1_pair_sec330,,729.0,498.0,40.0,20.0,28.28,small,201,-5,object,natural,0.000,,
S1_futsal_C3occ_20260727_081515_f000352.jpg,S1_futsal_C3occ_20260727_081515,C3_PAIR_occluded,S1_pair_sec330,,726.0,495.0,42.0,22.0,30.4,small,203,-5,object,natural,0.000,,
S1_futsal_C3occ_20260727_081515_f000360.jpg,S1_futsal_C3occ_20260727_081515,C3_PAIR_occluded,S1_pair_sec330,,724.0,492.0,42.0,22.0,30.4,small,203,-5,object,natural,0.000,,
S1_futsal_C3occ_20260727_081515_f000368.jpg,S1_futsal_C3occ_20260727_081515,C3_PAIR_occluded,S1_pair_sec330,,724.0,491.0,42.0,19.0,28.25,small,201,-5,object,natural,0.000,,
S1_futsal_C3occ_20260727_081515_f000376.jpg,S1_futsal_C3occ_20260727_081515,C3_PAIR_occluded,S1_pair_sec330,,724.0,492.0,42.0,16.0,25.92,small,203,-5,object,natural,0.000,,
S1_futsal_C3occ_20260727_081515_f000384.jpg,S1_futsal_C3occ_20260727_081515,C3_PAIR_occluded,S1_pair_sec330,,724.0,488.0,42.0,19.0,28.25,small,202,-5,object,natural,0.000,,
S1_futsal_C3occ_20260727_081515_f000392.jpg,S1_futsal_C3occ_20260727_081515,C3_PAIR_occluded,S1_pair_sec330,,714.0,491.0,37.0,14.0,22.76,small,202,-4,object,natural,0.000,,
S1_futsal_C3occ_20260727_081515_f000400.jpg,S1_futsal_C3occ_20260727_081515,C3_PAIR_occluded,S1_pair_sec000,,657.0,485.0,40.0,19.0,27.57,small,198,0,object,natural,0.622,,
S1_futsal_C3occ_20260727_081515_f000408.jpg,S1_futsal_C3occ_20260727_081515,C3_PAIR_occluded,S1_pair_sec000,,657.0,484.0,39.0,20.0,27.93,small,202,0,object,natural,0.612,,
S1_futsal_C3occ_20260727_081515_f000416.jpg,S1_futsal_C3occ_20260727_081515,C3_PAIR_occluded,S1_pair_sec000,,657.0,488.0,39.0,20.0,27.93,small,204,0,object,natural,0.612,,
S1_futsal_C3occ_20260727_081515_f000424.jpg,S1_futsal_C3occ_20260727_081515,C3_PAIR_occluded,S1_pair_sec000,,665.0,489.0,40.0,20.0,28.28,small,204,0,object,natural,0.602,,
S1_futsal_C3occ_20260727_081515_f000432.jpg,S1_futsal_C3occ_20260727_081515,C3_PAIR_occluded,S1_pair_sec000,,685.0,491.0,42.0,19.0,28.25,small,206,0,object,natural,0.603,,
S1_futsal_C3occ_20260727_081515_f000440.jpg,S1_futsal_C3occ_20260727_081515,C3_PAIR_occluded,S1_pair_sec000,,718.0,491.0,42.0,19.0,28.25,small,207,0,object,natural,0.603,,
S1_futsal_C3occ_20260727_081515_f000448.jpg,S1_futsal_C3occ_20260727_081515,C3_PAIR_occluded,S1_pair_sec000,,762.0,489.0,43.0,19.0,28.58,small,205,0,object,natural,0.594,,
S1_futsal_C3occ_20260727_081515_f000456.jpg,S1_futsal_C3occ_20260727_081515,C3_PAIR_occluded,S1_pair_sec000,,806.0,487.0,43.0,20.0,29.33,small,204,0,object,natural,0.572,,
S1_futsal_C3occ_20260727_081515_f000464.jpg,S1_futsal_C3occ_20260727_081515,C3_PAIR_occluded,S1_pair_sec000,,821.0,484.0,46.0,19.0,29.56,small,202,0,object,natural,0.565,,
S1_futsal_C3occ_20260727_081515_f000472.jpg,S1_futsal_C3occ_20260727_081515,C3_PAIR_occluded,S1_pair_sec000,,716.0,470.0,40.0,20.0,28.28,small,203,7,object,natural,0.602,,
S1_futsal_C3occ_20260727_081515_f000480.jpg,S1_futsal_C3occ_20260727_081515,C3_PAIR_occluded,S1_pair_sec000,,597.0,460.0,39.0,20.0,27.93,small,202,19,object,natural,0.612,,
S1_futsal_C3occ_20260727_081515_f000488.jpg,S1_futsal_C3occ_20260727_081515,C3_PAIR_occluded,S1_pair_sec000,,552.0,455.0,39.0,23.0,29.95,small,200,20,object,natural,0.554,6.93,270
S1_futsal_C3occ_20260727_081515_f000496.jpg,S1_futsal_C3occ_20260727_081515,C3_PAIR_occluded,S1_pair_sec000,,529.0,452.0,36.0,22.0,28.14,small,202,23,object,natural,0.606,,
S1_futsal_C3occ_20260727_081515_f000504.jpg,S1_futsal_C3occ_20260727_081515,C3_PAIR_occluded,S1_pair_sec000,,508.0,464.0,37.0,22.0,28.53,small,200,24,object,natural,0.595,,
S1_futsal_C3occ_20260727_081515_f000512.jpg,S1_futsal_C3occ_20260727_081515,C3_PAIR_occluded,S1_pair_sec000,,503.0,446.0,34.0,22.0,27.35,small,202,24,object,natural,0.628,,
S1_futsal_C3occ_20260727_081515_f000520.jpg,S1_futsal_C3occ_20260727_081515,C3_PAIR_occluded,S1_pair_sec000,,499.0,443.0,36.0,16.0,24.0,small,205,24,object,natural,0.713,,
S1_futsal_C3occ_20260727_081515_f000528.jpg,S1_futsal_C3occ_20260727_081515,C3_PAIR_occluded,S1_pair_sec000,,502.0,434.0,31.0,16.0,22.27,small,206,24,object,natural,0.753,,
S1_futsal_C3occ_20260727_081515_f000536.jpg,S1_futsal_C3occ_20260727_081515,C3_PAIR_occluded,S1_pair_sec000,,498.0,426.0,33.0,14.0,21.49,small,205,24,object,natural,0.770,,
S1_futsal_C3occ_20260727_081515_f000544.jpg,S1_futsal_C3occ_20260727_081515,C3_PAIR_occluded,S1_pair_sec000,,499.0,416.0,30.0,16.0,21.91,small,206,24,object,natural,0.761,,
S1_futsal_C3occ_20260727_081515_f000552.jpg,S1_futsal_C3occ_20260727_081515,C3_PAIR_occluded,S1_pair_sec000,,498.0,412.0,28.0,13.0,19.08,small,204,24,object,natural,0.819,,
S1_futsal_C3occ_20260727_081515_f000560.jpg,S1_futsal_C3occ_20260727_081515,C3_PAIR_occluded,S1_pair_sec000,,507.0,402.0,27.0,14.0,19.44,small,205,24,object,natural,0.812,,
S1_futsal_C3occ_20260727_081515_f000568.jpg,S1_futsal_C3occ_20260727_081515,C3_PAIR_occluded,S1_pair_sec000,,525.0,399.0,30.0,19.0,23.87,small,203,24,object,natural,0.716,,
S1_futsal_C3occ_20260727_081515_f000576.jpg,S1_futsal_C3occ_20260727_081515,C3_PAIR_occluded,S1_pair_sec000,,549.0,401.0,27.0,14.0,19.44,small,205,24,object,natural,0.812,,
S1_futsal_C3occ_20260727_081515_f000584.jpg,S1_futsal_C3occ_20260727_081515,C3_PAIR_occluded,S1_pair_sec000,,577.0,397.0,31.0,16.0,22.27,small,203,24,object,natural,0.753,,
S1_futsal_C3occ_20260727_081515_f000592.jpg,S1_futsal_C3occ_20260727_081515,C3_PAIR_occluded,S1_pair_sec000,,603.0,397.0,31.0,14.0,20.83,small,203,24,object,natural,0.784,,
S1_futsal_C3occ_20260727_081515_f000600.jpg,S1_futsal_C3occ_20260727_081515,C3_PAIR_occluded,S1_pair_sec000,,641.0,398.0,27.0,13.0,18.74,small,204,24,object,natural,0.825,,
S1_futsal_C3occ_20260727_081515_f000608.jpg,S1_futsal_C3occ_20260727_081515,C3_PAIR_occluded,S1_pair_sec000,,667.0,396.0,30.0,14.0,20.49,small,204,24,object,natural,0.791,,
S1_futsal_C3occ_20260727_081515_f000616.jpg,S1_futsal_C3occ_20260727_081515,C3_PAIR_occluded,S1_pair_sec000,,700.0,395.0,30.0,14.0,20.49,small,202,24,object,natural,0.791,,
S1_futsal_C3occ_20260727_081515_f000624.jpg,S1_futsal_C3occ_20260727_081515,C3_PAIR_occluded,S1_pair_sec000,,728.0,394.0,28.0,14.0,19.8,small,205,24,object,natural,0.805,,
S1_futsal_C3occ_20260727_081515_f000632.jpg,S1_futsal_C3occ_20260727_081515,C3_PAIR_occluded,S1_pair_sec030,,626.0,386.0,25.0,19.0,21.79,small,205,31,object,natural,0.608,,
S1_futsal_C3occ_20260727_081515_f000640.jpg,S1_futsal_C3occ_20260727_081515,C3_PAIR_occluded,S1_pair_sec030,,477.0,386.0,25.0,14.0,18.71,small,206,42,object,natural,0.711,,
S1_futsal_C3occ_20260727_081515_f000648.jpg,S1_futsal_C3occ_20260727_081515,C3_PAIR_occluded,S1_pair_sec030,,461.0,383.0,21.0,19.0,19.98,small,200,44,object,natural,0.671,,
S1_futsal_C3occ_20260727_081515_f000656.jpg,S1_futsal_C3occ_20260727_081515,C3_PAIR_occluded,S1_pair_sec030,,450.0,381.0,25.0,20.0,22.36,small,204,44,object,natural,0.588,,
S1_futsal_C3occ_20260727_081515_f000664.jpg,S1_futsal_C3occ_20260727_081515,C3_PAIR_occluded,S1_pair_sec030,,453.0,381.0,27.0,20.0,23.24,small,202,45,object,natural,0.555,,
S1_futsal_C3occ_20260727_081515_f000672.jpg,S1_futsal_C3occ_20260727_081515,C3_PAIR_occluded,S1_pair_sec030,,466.0,380.0,30.0,19.0,23.87,small,202,45,object,natural,0.530,,
S1_futsal_C3occ_20260727_081515_f000680.jpg,S1_futsal_C3occ_20260727_081515,C3_PAIR_occluded,S1_pair_sec030,,489.0,380.0,30.0,20.0,24.49,small,201,45,object,natural,0.505,,
S1_futsal_C3occ_20260727_081515_f000688.jpg,S1_futsal_C3occ_20260727_081515,C3_PAIR_occluded,S1_pair_sec030,,521.0,380.0,28.0,22.0,24.82,small,202,45,object,natural,0.492,,
S1_futsal_C3occ_20260727_081515_f000696.jpg,S1_futsal_C3occ_20260727_081515,C3_PAIR_occluded,S1_pair_sec030,,557.0,382.0,21.0,20.0,20.49,small,207,45,object,natural,0.654,,
S1_futsal_C3occ_20260727_081515_f000704.jpg,S1_futsal_C3occ_20260727_081515,C3_PAIR_occluded,S1_pair_sec030,,591.0,383.0,22.0,20.0,20.98,small,205,45,object,natural,0.637,,
S1_futsal_C3occ_20260727_081515_f000712.jpg,S1_futsal_C3occ_20260727_081515,C3_PAIR_occluded,S1_pair_sec030,,623.0,384.0,28.0,20.0,23.66,small,206,45,object,natural,0.538,,
S1_futsal_C3occ_20260727_081515_f000720.jpg,S1_futsal_C3occ_20260727_081515,C3_PAIR_occluded,S1_pair_sec030,,660.0,385.0,24.0,19.0,21.35,small,204,44,object,natural,0.624,,
S1_futsal_C3occ_20260727_081515_f000728.jpg,S1_futsal_C3occ_20260727_081515,C3_PAIR_occluded,S1_pair_sec030,,695.0,383.0,28.0,19.0,23.07,small,203,45,object,natural,0.561,,
S1_futsal_C3occ_20260727_081515_f000736.jpg,S1_futsal_C3occ_20260727_081515,C3_PAIR_occluded,S1_pair_sec030,,725.0,381.0,28.0,22.0,24.82,small,202,45,object,natural,0.492,,
S1_futsal_C3occ_20260727_081515_f000744.jpg,S1_futsal_C3occ_20260727_081515,C3_PAIR_occluded,S1_pair_sec030,,739.0,382.0,30.0,18.0,23.24,small,205,45,object,natural,0.555,,
S1_futsal_C3occ_20260727_081515_f000752.jpg,S1_futsal_C3occ_20260727_081515,C3_PAIR_occluded,S1_pair_sec030,,764.0,381.0,27.0,22.0,24.37,small,204,45,object,natural,0.510,,
S1_futsal_C3occ_20260727_081515_f000760.jpg,S1_futsal_C3occ_20260727_081515,C3_PAIR_occluded,S1_pair_sec030,,764.0,381.0,25.0,20.0,22.36,small,202,45,object,natural,0.588,,
S1_futsal_C3occ_20260727_081515_f000768.jpg,S1_futsal_C3occ_20260727_081515,C3_PAIR_occluded,S1_pair_sec030,blur_heavy,625.0,372.0,22.0,20.0,20.98,small,205,55,object,natural,0.637,,
S1_futsal_C3occ_20260727_081515_f000776.jpg,S1_futsal_C3occ_20260727_081515,C3_PAIR_occluded,S1_pair_sec060,blur_moderate,508.0,371.0,22.0,20.0,20.98,small,204,63,object,natural,0.492,,
S1_futsal_C3occ_20260727_081515_f000784.jpg,S1_futsal_C3occ_20260727_081515,C3_PAIR_occluded,S1_pair_sec060,blur_moderate,488.0,371.0,21.0,20.0,20.49,small,202,65,object,natural,0.515,,
S1_futsal_C3occ_20260727_081515_f000792.jpg,S1_futsal_C3occ_20260727_081515,C3_PAIR_occluded,S1_pair_sec060,,477.0,374.0,19.0,19.0,19.0,small,204,65,object,natural,0.583,,
S1_futsal_C3occ_20260727_081515_f000800.jpg,S1_futsal_C3occ_20260727_081515,C3_PAIR_occluded,S1_pair_sec060,,485.0,375.0,22.0,19.0,20.45,small,206,65,object,natural,0.517,,
S1_futsal_C3occ_20260727_081515_f000808.jpg,S1_futsal_C3occ_20260727_081515,C3_PAIR_occluded,S1_pair_sec060,,504.0,373.0,22.0,20.0,20.98,small,204,65,object,natural,0.492,,
S1_futsal_C3occ_20260727_081515_f000816.jpg,S1_futsal_C3occ_20260727_081515,C3_PAIR_occluded,S1_pair_sec060,,525.0,372.0,21.0,20.0,20.49,small,205,65,object,natural,0.515,,
S1_futsal_C3occ_20260727_081515_f000824.jpg,S1_futsal_C3occ_20260727_081515,C3_PAIR_occluded,S1_pair_sec060,,550.0,372.0,22.0,20.0,20.98,small,208,65,object,natural,0.492,,
S1_futsal_C3occ_20260727_081515_f000832.jpg,S1_futsal_C3occ_20260727_081515,C3_PAIR_occluded,S1_pair_sec060,,573.0,370.0,21.0,19.0,19.98,small,204,65,object,natural,0.539,,
S1_futsal_C3occ_20260727_081515_f000840.jpg,S1_futsal_C3occ_20260727_081515,C3_PAIR_occluded,S1_pair_sec060,,606.0,370.0,21.0,20.0,20.49,small,201,65,object,natural,0.515,,
S1_futsal_C3occ_20260727_081515_f000848.jpg,S1_futsal_C3occ_20260727_081515,C3_PAIR_occluded,S1_pair_sec060,blur_moderate,642.0,370.0,19.0,16.0,17.44,small,200,65,object,natural,0.649,,
S1_futsal_C3occ_20260727_081515_f000856.jpg,S1_futsal_C3occ_20260727_081515,C3_PAIR_occluded,S1_pair_sec060,blur_heavy,627.0,369.0,19.0,16.0,17.44,small,200,67,object,natural,0.649,,
S1_futsal_C3occ_20260727_081515_f000864.jpg,S1_futsal_C3occ_20260727_081515,C3_PAIR_occluded,S1_pair_sec060,blur_heavy,497.0,369.0,21.0,16.0,18.33,small,196,75,object,natural,0.612,,
S1_futsal_C3occ_20260727_081515_f000872.jpg,S1_futsal_C3occ_20260727_081515,C3_PAIR_occluded,S1_pair_sec060,blur_moderate,438.0,371.0,19.0,16.0,17.44,small,199,82,object,natural,0.649,,
S1_futsal_C3occ_20260727_081515_f000880.jpg,S1_futsal_C3occ_20260727_081515,C3_PAIR_occluded,S1_pair_sec060,,433.0,372.0,18.0,19.0,18.49,small,202,83,object,natural,0.605,,
S1_futsal_C3occ_20260727_081515_f000888.jpg,S1_futsal_C3occ_20260727_081515,C3_PAIR_occluded,S1_pair_sec060,blur_moderate,439.0,377.0,18.0,16.0,16.97,small,201,83,object,natural,0.667,,
S1_futsal_C3occ_20260727_081515_f000896.jpg,S1_futsal_C3occ_20260727_081515,C3_PAIR_occluded,S1_pair_sec060,,454.0,376.0,18.0,19.0,18.49,small,204,83,object,natural,0.605,,
S1_futsal_C3occ_20260727_081515_f000904.jpg,S1_futsal_C3occ_20260727_081515,C3_PAIR_occluded,S1_pair_sec060,,472.0,378.0,18.0,16.0,16.97,small,206,83,object,natural,0.667,,
S1_futsal_C3occ_20260727_081515_f000912.jpg,S1_futsal_C3occ_20260727_081515,C3_PAIR_occluded,S1_pair_sec060,,495.0,376.0,18.0,19.0,18.49,small,200,82,object,natural,0.605,,
S1_futsal_C3occ_20260727_081515_f000920.jpg,S1_futsal_C3occ_20260727_081515,C3_PAIR_occluded,S1_pair_sec060,,529.0,376.0,18.0,19.0,18.49,small,207,82,object,natural,0.605,,
S1_futsal_C3occ_20260727_081515_f000928.jpg,S1_futsal_C3occ_20260727_081515,C3_PAIR_occluded,S1_pair_sec060,,556.0,375.0,18.0,20.0,18.97,small,206,82,object,natural,0.584,,
S1_futsal_C3occ_20260727_081515_f000936.jpg,S1_futsal_C3occ_20260727_081515,C3_PAIR_occluded,S1_pair_sec060,,589.0,375.0,18.0,20.0,18.97,small,210,82,object,natural,0.584,,
S1_futsal_C3occ_20260727_081515_f000944.jpg,S1_futsal_C3occ_20260727_081515,C3_PAIR_occluded,S1_pair_sec060,,620.0,374.0,19.0,22.0,20.45,small,209,82,object,natural,0.517,,
S1_futsal_C3occ_20260727_081515_f000952.jpg,S1_futsal_C3occ_20260727_081515,C3_PAIR_occluded,S1_pair_sec060,,662.0,374.0,21.0,20.0,20.49,small,211,82,object,natural,0.515,,
S1_futsal_C3occ_20260727_081515_f000960.jpg,S1_futsal_C3occ_20260727_081515,C3_PAIR_occluded,S1_pair_sec060,,694.0,371.0,22.0,22.0,22.0,small,207,82,object,natural,0.441,,
S1_futsal_C3occ_20260727_081515_f000968.jpg,S1_futsal_C3occ_20260727_081515,C3_PAIR_occluded,S1_pair_sec060,,720.0,371.0,25.0,22.0,23.45,small,204,82,object,natural,0.365,,
S1_futsal_C3occ_20260727_081515_f000976.jpg,S1_futsal_C3occ_20260727_081515,C3_PAIR_occluded,S1_pair_sec060,,750.0,372.0,25.0,20.0,22.36,small,201,83,object,natural,0.422,,
S1_futsal_C3occ_20260727_081515_f000984.jpg,S1_futsal_C3occ_20260727_081515,C3_PAIR_occluded,S1_pair_sec060,blur_moderate,780.0,370.0,25.0,20.0,22.36,small,200,83,object,natural,0.422,,
S1_futsal_C3occ_20260727_081515_f000992.jpg,S1_futsal_C3occ_20260727_081515,C3_PAIR_occluded,S1_pair_sec060,blur_heavy,771.0,367.0,25.0,22.0,23.45,small,202,84,object,natural,0.365,,
S1_futsal_C3occ_20260727_081515_f001000.jpg,S1_futsal_C3occ_20260727_081515,C3_PAIR_occluded,S1_pair_sec090,blur_heavy,610.0,363.0,24.0,20.0,21.91,small,203,94,object,natural,0.487,,
S1_futsal_C3occ_20260727_081515_f001008.jpg,S1_futsal_C3occ_20260727_081515,C3_PAIR_occluded,S1_pair_sec090,,514.0,360.0,25.0,19.0,21.79,small,201,102,object,natural,0.492,,
S1_futsal_C3occ_20260727_081515_f001016.jpg,S1_futsal_C3occ_20260727_081515,C3_PAIR_occluded,S1_pair_sec090,blur_moderate,785.0,550.0,58.0,23.0,36.52,medium,204,104,object,natural,0.000,,
S1_futsal_C3occ_20260727_081515_f001024.jpg,S1_futsal_C3occ_20260727_081515,C3_PAIR_occluded,S1_pair_sec090,,475.0,367.0,22.0,15.0,18.17,small,204,105,object,natural,0.647,,
S1_futsal_C3occ_20260727_081515_f001032.jpg,S1_futsal_C3occ_20260727_081515,C3_PAIR_occluded,S1_pair_sec090,,476.0,363.0,22.0,15.0,18.17,small,202,106,object,natural,0.647,,
S1_futsal_C3occ_20260727_081515_f001040.jpg,S1_futsal_C3occ_20260727_081515,C3_PAIR_occluded,S1_pair_sec090,,498.0,362.0,25.0,19.0,21.79,small,207,106,object,natural,0.492,,
S1_futsal_C3occ_20260727_081515_f001048.jpg,S1_futsal_C3occ_20260727_081515,C3_PAIR_occluded,S1_pair_sec090,,525.0,361.0,25.0,19.0,21.79,small,206,106,object,natural,0.492,,
S1_futsal_C3occ_20260727_081515_f001056.jpg,S1_futsal_C3occ_20260727_081515,C3_PAIR_occluded,S1_pair_sec090,,549.0,361.0,27.0,20.0,23.24,small,204,105,object,natural,0.423,,
S1_futsal_C3occ_20260727_081515_f001064.jpg,S1_futsal_C3occ_20260727_081515,C3_PAIR_occluded,S1_pair_sec090,,570.0,357.0,27.0,20.0,23.24,small,204,105,object,natural,0.423,,
S1_futsal_C3occ_20260727_081515_f001072.jpg,S1_futsal_C3occ_20260727_081515,C3_PAIR_occluded,S1_pair_sec090,,588.0,357.0,27.0,19.0,22.65,small,203,105,object,natural,0.452,,
S1_futsal_C3occ_20260727_081515_f001080.jpg,S1_futsal_C3occ_20260727_081515,C3_PAIR_occluded,S1_pair_sec090,,601.0,355.0,30.0,20.0,24.49,small,201,105,object,natural,0.359,,
S1_futsal_C3occ_20260727_081515_f001088.jpg,S1_futsal_C3occ_20260727_081515,C3_PAIR_occluded,S1_pair_sec090,blur_heavy,513.0,356.0,30.0,19.0,23.87,small,200,111,object,natural,0.391,,
S1_futsal_C3occ_20260727_081515_f001096.jpg,S1_futsal_C3occ_20260727_081515,C3_PAIR_occluded,S1_pair_sec090,blur_heavy,375.0,362.0,25.0,13.0,18.03,small,201,119,object,natural,0.653,,
S1_futsal_C3occ_20260727_081515_f001104.jpg,S1_futsal_C3occ_20260727_081515,C3_PAIR_occluded,S1_pair_sec120,,369.0,357.0,21.0,14.0,17.15,small,204,121,object,natural,0.656,,
S1_futsal_C3occ_20260727_081515_f001112.jpg,S1_futsal_C3occ_20260727_081515,C3_PAIR_occluded,S1_pair_sec120,blur_moderate,365.0,357.0,22.0,15.0,18.17,small,203,121,object,natural,0.614,,
S1_futsal_C3occ_20260727_081515_f001120.jpg,S1_futsal_C3occ_20260727_081515,C3_PAIR_occluded,S1_pair_sec120,,368.0,361.0,22.0,15.0,18.17,small,198,121,object,natural,0.614,,
S1_futsal_C3occ_20260727_081515_f001128.jpg,S1_futsal_C3occ_20260727_081515,C3_PAIR_occluded,S1_pair_sec120,,381.0,359.0,30.0,19.0,23.87,small,202,121,object,natural,0.333,,
S1_futsal_C3occ_20260727_081515_f001136.jpg,S1_futsal_C3occ_20260727_081515,C3_PAIR_occluded,S1_pair_sec120,,402.0,358.0,31.0,19.0,24.27,small,200,121,object,natural,0.310,,
S1_futsal_C3occ_20260727_081515_f001144.jpg,S1_futsal_C3occ_20260727_081515,C3_PAIR_occluded,S1_pair_sec120,,429.0,361.0,22.0,15.0,18.17,small,200,122,object,natural,0.614,,
S1_futsal_C3occ_20260727_081515_f001152.jpg,S1_futsal_C3occ_20260727_081515,C3_PAIR_occluded,S1_pair_sec120,,451.0,357.0,31.0,20.0,24.9,small,202,122,object,natural,0.274,,
S1_futsal_C3occ_20260727_081515_f001160.jpg,S1_futsal_C3occ_20260727_081515,C3_PAIR_occluded,S1_pair_sec120,,482.0,359.0,33.0,19.0,25.04,small,204,122,object,natural,0.266,,
S1_futsal_C3occ_20260727_081515_f001168.jpg,S1_futsal_C3occ_20260727_081515,C3_PAIR_occluded,S1_pair_sec120,blur_moderate,516.0,361.0,22.0,14.0,17.55,small,201,122,object,natural,0.639,,
S1_futsal_C3occ_20260727_081515_f001176.jpg,S1_futsal_C3occ_20260727_081515,C3_PAIR_occluded,S1_pair_sec120,blur_moderate,536.0,359.0,34.0,19.0,25.42,small,204,122,object,natural,0.244,,
S1_futsal_C3occ_20260727_081515_f001184.jpg,S1_futsal_C3occ_20260727_081515,C3_PAIR_occluded,S1_pair_sec120,blur_moderate,560.0,357.0,34.0,20.0,26.08,small,202,122,object,natural,0.204,,
S1_futsal_C3occ_20260727_081515_f001192.jpg,S1_futsal_C3occ_20260727_081515,C3_PAIR_occluded,S1_pair_sec120,blur_heavy,427.0,360.0,37.0,20.0,27.2,small,201,132,object,natural,0.134,,
S1_futsal_C3occ_20260727_081515_f001200.jpg,S1_futsal_C3occ_20260727_081515,C3_PAIR_occluded,S1_pair_sec120,blur_heavy,289.0,364.0,36.0,20.0,26.83,small,203,141,object,natural,0.157,,
S1_futsal_C3occ_20260727_081515_f001208.jpg,S1_futsal_C3occ_20260727_081515,C3_PAIR_occluded,S1_pair_sec120,blur_heavy,258.0,367.0,36.0,19.0,26.15,small,200,142,object,natural,0.199,,
S1_futsal_C3occ_20260727_081515_f001216.jpg,S1_futsal_C3occ_20260727_081515,C3_PAIR_occluded,S1_pair_sec120,blur_moderate,220.0,371.0,36.0,20.0,26.83,small,154,146,object,natural,0.157,,
S1_futsal_C3occ_20260727_081515_f001224.jpg,S1_futsal_C3occ_20260727_081515,C3_PAIR_occluded,S1_pair_sec120,blur_heavy,198.0,376.0,37.0,20.0,27.2,small,158,147,object,natural,0.134,,
S1_futsal_C3occ_20260727_081515_f001232.jpg,S1_futsal_C3occ_20260727_081515,C3_PAIR_occluded,S1_pair_sec120,,220.0,376.0,36.0,19.0,26.15,small,196,147,object,natural,0.199,,
S1_futsal_C3occ_20260727_081515_f001240.jpg,S1_futsal_C3occ_20260727_081515,C3_PAIR_occluded,S1_pair_sec120,,235.0,375.0,36.0,20.0,26.83,small,207,147,object,natural,0.157,,
S1_futsal_C3occ_20260727_081515_f001248.jpg,S1_futsal_C3occ_20260727_081515,C3_PAIR_occluded,S1_pair_sec120,,256.0,376.0,37.0,19.0,26.51,small,209,147,object,natural,0.177,,
S1_futsal_C3occ_20260727_081515_f001256.jpg,S1_futsal_C3occ_20260727_081515,C3_PAIR_occluded,S1_pair_sec120,,288.0,376.0,37.0,19.0,26.51,small,212,146,object,natural,0.177,,
S1_futsal_C3occ_20260727_081515_f001264.jpg,S1_futsal_C3occ_20260727_081515,C3_PAIR_occluded,S1_pair_sec120,,318.0,377.0,37.0,19.0,26.51,small,208,147,object,natural,0.177,,
S1_futsal_C3occ_20260727_081515_f001272.jpg,S1_futsal_C3occ_20260727_081515,C3_PAIR_occluded,S1_pair_sec120,,354.0,377.0,37.0,19.0,26.51,small,212,147,object,natural,0.177,,
S1_futsal_C3occ_20260727_081515_f001280.jpg,S1_futsal_C3occ_20260727_081515,C3_PAIR_occluded,S1_pair_sec120,,380.0,377.0,39.0,19.0,27.22,small,209,147,object,natural,0.132,,
S1_futsal_C3occ_20260727_081515_f001288.jpg,S1_futsal_C3occ_20260727_081515,C3_PAIR_occluded,S1_pair_sec120,,408.0,379.0,37.0,19.0,26.51,small,214,147,object,natural,0.177,,
S1_futsal_C3occ_20260727_081515_f001296.jpg,S1_futsal_C3occ_20260727_081515,C3_PAIR_occluded,S1_pair_sec120,,439.0,380.0,36.0,19.0,26.15,small,210,147,object,natural,0.199,,
S1_futsal_C3occ_20260727_081515_f001304.jpg,S1_futsal_C3occ_20260727_081515,C3_PAIR_occluded,S1_pair_sec120,,470.0,381.0,39.0,19.0,27.22,small,208,147,object,natural,0.132,,
S1_futsal_C3occ_20260727_081515_f001312.jpg,S1_futsal_C3occ_20260727_081515,C3_PAIR_occluded,S1_pair_sec120,,498.0,380.0,37.0,19.0,26.51,small,208,147,object,natural,0.177,,
S1_futsal_C3occ_20260727_081515_f001320.jpg,S1_futsal_C3occ_20260727_081515,C3_PAIR_occluded,S1_pair_sec120,,518.0,383.0,36.0,19.0,26.15,small,210,147,object,natural,0.199,,
S1_futsal_C3occ_20260727_081515_f001328.jpg,S1_futsal_C3occ_20260727_081515,C3_PAIR_occluded,S1_pair_sec120,,513.0,384.0,34.0,19.0,25.42,small,211,149,object,natural,0.244,,
S1_futsal_C3occ_20260727_081515_f001336.jpg,S1_futsal_C3occ_20260727_081515,C3_PAIR_occluded,S1_pair_sec150,,450.0,387.0,36.0,16.0,24.0,small,207,153,object,natural,0.353,,
S1_futsal_C3occ_20260727_081515_f001344.jpg,S1_futsal_C3occ_20260727_081515,C3_PAIR_occluded,S1_pair_sec150,,451.0,387.0,37.0,20.0,27.2,small,211,153,object,natural,0.169,,
S1_futsal_C3occ_20260727_081515_f001352.jpg,S1_futsal_C3occ_20260727_081515,C3_PAIR_occluded,S1_pair_sec150,,451.0,390.0,37.0,19.0,26.51,small,213,153,object,natural,0.211,,
S1_futsal_C3occ_20260727_081515_f001360.jpg,S1_futsal_C3occ_20260727_081515,C3_PAIR_occluded,S1_pair_sec150,,464.0,389.0,39.0,22.0,29.29,small,211,153,object,natural,0.037,,
S1_futsal_C3occ_20260727_081515_f001368.jpg,S1_futsal_C3occ_20260727_081515,C3_PAIR_occluded,S1_pair_sec150,,486.0,390.0,39.0,19.0,27.22,small,209,153,object,natural,0.168,,
S1_futsal_C3occ_20260727_081515_f001376.jpg,S1_futsal_C3occ_20260727_081515,C3_PAIR_occluded,S1_pair_sec150,,507.0,390.0,40.0,20.0,28.28,small,210,153,object,natural,0.102,,
S1_futsal_C3occ_20260727_081515_f001384.jpg,S1_futsal_C3occ_20260727_081515,C3_PAIR_occluded,S1_pair_sec150,,542.0,392.0,40.0,16.0,25.3,small,210,153,object,natural,0.281,,
S1_futsal_C3occ_20260727_081515_f001392.jpg,S1_futsal_C3occ_20260727_081515,C3_PAIR_occluded,S1_pair_sec150,,572.0,389.0,39.0,20.0,27.93,small,208,153,object,natural,0.124,,
S1_futsal_C3occ_20260727_081515_f001400.jpg,S1_futsal_C3occ_20260727_081515,C3_PAIR_occluded,S1_pair_sec150,,593.0,389.0,39.0,19.0,27.22,small,210,153,object,natural,0.168,,
S1_futsal_C3occ_20260727_081515_f001408.jpg,S1_futsal_C3occ_20260727_081515,C3_PAIR_occluded,S1_pair_sec150,,520.0,390.0,37.0,20.0,27.2,small,213,160,object,natural,0.169,,
S1_futsal_C3occ_20260727_081515_f001416.jpg,S1_futsal_C3occ_20260727_081515,C3_PAIR_occluded,S1_pair_sec150,,414.0,392.0,37.0,19.0,26.51,small,210,165,object,natural,0.211,,
S1_futsal_C3occ_20260727_081515_f001424.jpg,S1_futsal_C3occ_20260727_081515,C3_PAIR_occluded,S1_pair_sec150,,373.0,393.0,42.0,19.0,28.25,small,210,170,object,natural,0.104,,
S1_futsal_C3occ_20260727_081515_f001432.jpg,S1_futsal_C3occ_20260727_081515,C3_PAIR_occluded,S1_pair_sec150,,365.0,393.0,39.0,19.0,27.22,small,210,171,object,natural,0.168,,
S1_futsal_C3occ_20260727_081515_f001440.jpg,S1_futsal_C3occ_20260727_081515,C3_PAIR_occluded,S1_pair_sec150,,333.0,397.0,39.0,16.0,24.98,small,211,172,object,natural,0.299,,
S1_futsal_C3occ_20260727_081515_f001448.jpg,S1_futsal_C3occ_20260727_081515,C3_PAIR_occluded,S1_pair_sec150,,335.0,395.0,40.0,19.0,27.57,small,208,174,object,natural,0.147,,
S1_futsal_C3occ_20260727_081515_f001456.jpg,S1_futsal_C3occ_20260727_081515,C3_PAIR_occluded,S1_pair_sec150,,353.0,396.0,39.0,16.0,24.98,small,210,174,object,natural,0.299,,
S1_futsal_C3occ_20260727_081515_f001464.jpg,S1_futsal_C3occ_20260727_081515,C3_PAIR_occluded,S1_pair_sec150,,380.0,396.0,40.0,16.0,25.3,small,211,173,object,natural,0.281,,
S1_futsal_C3occ_20260727_081515_f001472.jpg,S1_futsal_C3occ_20260727_081515,C3_PAIR_occluded,S1_pair_sec150,,406.0,395.0,42.0,19.0,28.25,small,210,173,object,natural,0.104,,
S1_futsal_C3occ_20260727_081515_f001480.jpg,S1_futsal_C3occ_20260727_081515,C3_PAIR_occluded,S1_pair_sec150,,441.0,396.0,40.0,19.0,27.57,small,209,173,object,natural,0.147,,
S1_futsal_C3occ_20260727_081515_f001488.jpg,S1_futsal_C3occ_20260727_081515,C3_PAIR_occluded,S1_pair_sec150,,480.0,397.0,40.0,19.0,27.57,small,212,173,object,natural,0.147,,
S1_futsal_C3occ_20260727_081515_f001496.jpg,S1_futsal_C3occ_20260727_081515,C3_PAIR_occluded,S1_pair_sec150,,512.0,398.0,39.0,19.0,27.22,small,210,173,object,natural,0.168,,
S1_futsal_C3occ_20260727_081515_f001504.jpg,S1_futsal_C3occ_20260727_081515,C3_PAIR_occluded,S1_pair_sec150,,538.0,399.0,42.0,19.0,28.25,small,212,174,object,natural,0.104,,
S1_futsal_C3occ_20260727_081515_f001512.jpg,S1_futsal_C3occ_20260727_081515,C3_PAIR_occluded,S1_pair_sec150,,571.0,397.0,42.0,19.0,28.25,small,215,174,object,natural,0.104,,
S1_futsal_C3occ_20260727_081515_f001520.jpg,S1_futsal_C3occ_20260727_081515,C3_PAIR_occluded,S1_pair_sec150,,593.0,399.0,40.0,16.0,25.3,small,215,173,object,natural,0.281,,
S1_futsal_C3occ_20260727_081515_f001528.jpg,S1_futsal_C3occ_20260727_081515,C3_PAIR_occluded,S1_pair_sec180,,495.0,397.0,39.0,16.0,24.98,small,213,-178,object,natural,0.230,,
S1_futsal_C3occ_20260727_081515_f001536.jpg,S1_futsal_C3occ_20260727_081515,C3_PAIR_occluded,S1_pair_sec180,,412.0,395.0,36.0,20.0,26.83,small,211,-172,object,natural,0.111,,
S1_futsal_C3occ_20260727_081515_f001544.jpg,S1_futsal_C3occ_20260727_081515,C3_PAIR_occluded,S1_pair_sec180,,408.0,395.0,39.0,19.0,27.22,small,188,-172,object,natural,0.085,,
S1_futsal_C3occ_20260727_081515_f001552.jpg,S1_futsal_C3occ_20260727_081515,C3_PAIR_occluded,S1_pair_sec180,,409.0,398.0,40.0,18.0,26.83,small,,-172,object,natural,0.111,,
S1_futsal_C3occ_20260727_081515_f001560.jpg,S1_futsal_C3occ_20260727_081515,C3_PAIR_occluded,S1_pair_sec180,,419.0,401.0,39.0,16.0,24.98,small,,-172,object,natural,0.230,,
S1_futsal_C3occ_20260727_081515_f001568.jpg,S1_futsal_C3occ_20260727_081515,C3_PAIR_occluded,S1_pair_sec180,,440.0,401.0,39.0,16.0,24.98,small,210,-172,object,natural,0.230,,
S1_futsal_C3occ_20260727_081515_f001576.jpg,S1_futsal_C3occ_20260727_081515,C3_PAIR_occluded,S1_pair_sec180,,464.0,403.0,39.0,16.0,24.98,small,210,-172,object,natural,0.230,,
S1_futsal_C3occ_20260727_081515_f001584.jpg,S1_futsal_C3occ_20260727_081515,C3_PAIR_occluded,S1_pair_sec180,,494.0,406.0,39.0,13.0,22.52,small,214,-172,object,natural,0.374,,
S1_futsal_C3occ_20260727_081515_f001592.jpg,S1_futsal_C3occ_20260727_081515,C3_PAIR_occluded,S1_pair_sec180,,537.0,405.0,37.0,16.0,24.33,small,213,-172,object,natural,0.269,,
S1_futsal_C3occ_20260727_081515_f001600.jpg,S1_futsal_C3occ_20260727_081515,C3_PAIR_occluded,S1_pair_sec180,,566.0,405.0,39.0,16.0,24.98,small,215,-172,object,natural,0.230,,
S1_futsal_C3occ_20260727_081515_f001608.jpg,S1_futsal_C3occ_20260727_081515,C3_PAIR_occluded,S1_pair_sec180,,604.0,404.0,37.0,14.0,22.76,small,213,-172,object,natural,0.361,,
S1_futsal_C3occ_20260727_081515_f001616.jpg,S1_futsal_C3occ_20260727_081515,C3_PAIR_occluded,S1_pair_sec180,,627.0,402.0,36.0,16.0,24.0,small,216,-170,object,natural,0.289,,
S1_futsal_C3occ_20260727_081515_f001624.jpg,S1_futsal_C3occ_20260727_081515,C3_PAIR_occluded,S1_pair_sec180,,536.0,396.0,33.0,19.0,25.04,small,212,-163,object,natural,0.226,,
S1_futsal_C3occ_20260727_081515_f001632.jpg,S1_futsal_C3occ_20260727_081515,C3_PAIR_occluded,S1_pair_sec180,,457.0,397.0,36.0,14.0,22.45,small,212,-158,object,natural,0.378,,
S1_futsal_C3occ_20260727_081515_f001640.jpg,S1_futsal_C3occ_20260727_081515,C3_PAIR_occluded,S1_pair_sec180,,447.0,393.0,52.0,16.0,28.84,small,213,-158,object,natural,0.000,,
S1_futsal_C3occ_20260727_081515_f001648.jpg,S1_futsal_C3occ_20260727_081515,C3_PAIR_occluded,S1_pair_sec180,,461.0,393.0,49.0,16.0,28.0,small,209,-158,object,natural,0.032,,
S1_futsal_C3occ_20260727_081515_f001656.jpg,S1_futsal_C3occ_20260727_081515,C3_PAIR_occluded,S1_pair_sec180,,476.0,393.0,45.0,16.0,26.83,small,212,-158,object,natural,0.111,,
S1_futsal_C3occ_20260727_081515_f001664.jpg,S1_futsal_C3occ_20260727_081515,C3_PAIR_occluded,S1_pair_sec180,,490.0,393.0,42.0,16.0,25.92,small,211,-158,object,natural,0.170,,
S1_futsal_C3occ_20260727_081515_f001672.jpg,S1_futsal_C3occ_20260727_081515,C3_PAIR_occluded,S1_pair_sec180,,519.0,395.0,34.0,14.0,21.82,small,209,-158,object,natural,0.412,,
S1_futsal_C3occ_20260727_081515_f001680.jpg,S1_futsal_C3occ_20260727_081515,C3_PAIR_occluded,S1_pair_sec180,,552.0,395.0,34.0,14.0,21.82,small,216,-158,object,natural,0.412,,
S1_futsal_C3occ_20260727_081515_f001688.jpg,S1_futsal_C3occ_20260727_081515,C3_PAIR_occluded,S1_pair_sec180,,588.0,393.0,31.0,16.0,22.27,small,215,-158,object,natural,0.388,,
S1_futsal_C3occ_20260727_081515_f001696.jpg,S1_futsal_C3occ_20260727_081515,C3_PAIR_occluded,S1_pair_sec180,,609.0,392.0,33.0,14.0,21.49,small,212,-158,object,natural,0.430,,
S1_futsal_C3occ_20260727_081515_f001704.jpg,S1_futsal_C3occ_20260727_081515,C3_PAIR_occluded,S1_pair_sec180,,625.0,390.0,31.0,14.0,20.83,small,214,-158,object,natural,0.464,,
S1_futsal_C3occ_20260727_081515_f001712.jpg,S1_futsal_C3occ_20260727_081515,C3_PAIR_occluded,S1_pair_sec180,,634.0,390.0,31.0,13.0,20.08,small,212,-158,object,natural,0.503,,
S1_futsal_C3occ_20260727_081515_f001720.jpg,S1_futsal_C3occ_20260727_081515,C3_PAIR_occluded,S1_pair_sec180,,636.0,388.0,36.0,14.0,22.45,small,212,-158,object,natural,0.378,,
S1_futsal_C3occ_20260727_081515_f001728.jpg,S1_futsal_C3occ_20260727_081515,C3_PAIR_occluded,S1_pair_sec180,blur_moderate,603.0,388.0,31.0,14.0,20.83,small,210,-154,object,natural,0.464,,
S1_futsal_C3occ_20260727_081515_f001736.jpg,S1_futsal_C3occ_20260727_081515,C3_PAIR_occluded,S1_pair_sec210,,498.0,385.0,28.0,16.0,21.17,small,210,-149,object,natural,0.299,,
S1_futsal_C3occ_20260727_081515_f001744.jpg,S1_futsal_C3occ_20260727_081515,C3_PAIR_occluded,S1_pair_sec210,blur_moderate,388.0,388.0,25.0,14.0,18.71,small,211,-142,object,natural,0.453,,
S1_futsal_C3occ_20260727_081515_f001752.jpg,S1_futsal_C3occ_20260727_081515,C3_PAIR_occluded,S1_pair_sec210,blur_moderate,364.0,389.0,28.0,14.0,19.8,small,211,-141,object,natural,0.387,,
S1_futsal_C3occ_20260727_081515_f001760.jpg,S1_futsal_C3occ_20260727_081515,C3_PAIR_occluded,S1_pair_sec210,,346.0,395.0,31.0,14.0,20.83,small,210,-140,object,natural,0.321,,
S1_futsal_C3occ_20260727_081515_f001768.jpg,S1_futsal_C3occ_20260727_081515,C3_PAIR_occluded,S1_pair_sec210,,359.0,393.0,31.0,14.0,20.83,small,214,-139,object,natural,0.321,,
S1_futsal_C3occ_20260727_081515_f001776.jpg,S1_futsal_C3occ_20260727_081515,C3_PAIR_occluded,S1_pair_sec210,,381.0,394.0,27.0,14.0,19.44,small,216,-139,object,natural,0.409,,
S1_futsal_C3occ_20260727_081515_f001784.jpg,S1_futsal_C3occ_20260727_081515,C3_PAIR_occluded,S1_pair_sec210,,398.0,394.0,34.0,14.0,21.82,small,213,-139,object,natural,0.256,,
S1_futsal_C3occ_20260727_081515_f001792.jpg,S1_futsal_C3occ_20260727_081515,C3_PAIR_occluded,S1_pair_sec210,,427.0,390.0,34.0,19.0,25.42,small,215,-139,object,natural,0.000,,
S1_futsal_C3occ_20260727_081515_f001800.jpg,S1_futsal_C3occ_20260727_081515,C3_PAIR_occluded,S1_pair_sec210,,463.0,394.0,24.0,12.0,16.97,small,214,-139,object,natural,0.550,,
S1_futsal_C3occ_20260727_081515_f001808.jpg,S1_futsal_C3occ_20260727_081515,C3_PAIR_occluded,S1_pair_sec210,,500.0,392.0,27.0,16.0,20.78,small,208,-139,object,natural,0.324,,
S1_futsal_C3occ_20260727_081515_f001816.jpg,S1_futsal_C3occ_20260727_081515,C3_PAIR_occluded,S1_pair_sec210,,543.0,393.0,25.0,15.0,19.36,small,211,-139,object,natural,0.414,,
S1_futsal_C3occ_20260727_081515_f001824.jpg,S1_futsal_C3occ_20260727_081515,C3_PAIR_occluded,S1_pair_sec210,,575.0,392.0,28.0,15.0,20.49,small,211,-140,object,natural,0.343,,
S1_futsal_C3occ_20260727_081515_f001832.jpg,S1_futsal_C3occ_20260727_081515,C3_PAIR_occluded,S1_pair_sec210,,605.0,390.0,27.0,18.0,22.05,small,213,-140,object,natural,0.240,,
S1_futsal_C3occ_20260727_081515_f001840.jpg,S1_futsal_C3occ_20260727_081515,C3_PAIR_occluded,S1_pair_sec210,,626.0,388.0,28.0,18.0,22.45,small,215,-140,object,natural,0.212,,
S1_futsal_C3occ_20260727_081515_f001848.jpg,S1_futsal_C3occ_20260727_081515,C3_PAIR_occluded,S1_pair_sec210,blur_moderate,575.0,387.0,25.0,20.0,22.36,small,214,-138,object,natural,0.218,,
S1_futsal_C3occ_20260727_081515_f001856.jpg,S1_futsal_C3occ_20260727_081515,C3_PAIR_occluded,S1_pair_sec210,blur_moderate,448.0,388.0,30.0,14.0,20.49,small,213,-126,object,natural,0.343,,
S1_futsal_C3occ_20260727_081515_f001864.jpg,S1_futsal_C3occ_20260727_081515,C3_PAIR_occluded,S1_pair_sec210,,443.0,386.0,28.0,17.0,21.82,small,212,-126,object,natural,0.256,,
S1_futsal_C3occ_20260727_081515_f001872.jpg,S1_futsal_C3occ_20260727_081515,C3_PAIR_occluded,S1_pair_sec210,,452.0,386.0,21.0,21.0,21.0,small,195,-126,object,natural,0.310,,
S1_futsal_C3occ_20260727_081515_f001880.jpg,S1_futsal_C3occ_20260727_081515,C3_PAIR_occluded,S1_pair_sec210,,461.0,387.0,28.0,16.0,21.17,small,195,-126,object,natural,0.299,,
S1_futsal_C3occ_20260727_081515_f001888.jpg,S1_futsal_C3occ_20260727_081515,C3_PAIR_occluded,S1_pair_sec210,,485.0,388.0,31.0,16.0,22.27,small,212,-126,object,natural,0.224,,
S1_futsal_C3occ_20260727_081515_f001896.jpg,S1_futsal_C3occ_20260727_081515,C3_PAIR_occluded,S1_pair_sec210,,523.0,390.0,26.0,16.0,20.4,small,214,-126,object,natural,0.350,,
S1_futsal_C3occ_20260727_081515_f001904.jpg,S1_futsal_C3occ_20260727_081515,C3_PAIR_occluded,S1_pair_sec210,,553.0,392.0,25.0,16.0,20.0,small,218,-126,object,natural,0.375,,
S1_futsal_C3occ_20260727_081515_f001912.jpg,S1_futsal_C3occ_20260727_081515,C3_PAIR_occluded,S1_pair_sec210,,584.0,394.0,23.0,15.0,18.57,small,221,-126,object,natural,0.461,,
S1_futsal_C3occ_20260727_081515_f001920.jpg,S1_futsal_C3occ_20260727_081515,C3_PAIR_occluded,S1_pair_sec210,,614.0,391.0,19.0,18.0,18.49,small,218,-126,object,natural,0.465,,
S1_futsal_C3occ_20260727_081515_f001928.jpg,S1_futsal_C3occ_20260727_081515,C3_PAIR_occluded,S1_pair_sec210,,646.0,391.0,22.0,18.0,19.9,small,220,-126,object,natural,0.381,,
S1_futsal_C3occ_20260727_081515_f001936.jpg,S1_futsal_C3occ_20260727_081515,C3_PAIR_occluded,S1_pair_sec210,blur_moderate,676.0,394.0,25.0,13.0,18.03,small,221,-126,object,natural,0.492,,
S1_futsal_C3occ_20260727_081515_f001944.jpg,S1_futsal_C3occ_20260727_081515,C3_PAIR_occluded,S1_pair_sec210,blur_moderate,713.0,390.0,21.0,16.0,18.33,small,219,-126,object,natural,0.475,,
S1_futsal_C3occ_20260727_081515_f001952.jpg,S1_futsal_C3occ_20260727_081515,C3_PAIR_occluded,S1_pair_sec210,blur_moderate,738.0,387.0,25.0,18.0,21.21,small,213,-126,object,natural,0.296,,
S1_futsal_C3occ_20260727_081515_f001960.jpg,S1_futsal_C3occ_20260727_081515,C3_PAIR_occluded,S1_pair_sec210,,776.0,387.0,21.0,19.0,19.98,small,215,-126,object,natural,0.376,,
S1_futsal_C3occ_20260727_081515_f001968.jpg,S1_futsal_C3occ_20260727_081515,C3_PAIR_occluded,S1_pair_sec210,blur_moderate,803.0,386.0,24.0,13.0,17.66,small,202,-126,object,natural,0.512,,
S1_futsal_C3occ_20260727_081515_f001976.jpg,S1_futsal_C3occ_20260727_081515,C3_PAIR_occluded,S1_pair_sec210,blur_moderate,800.0,384.0,22.0,19.0,20.45,small,205,-123,object,natural,0.346,,
S1_futsal_C3occ_20260727_081515_f001984.jpg,S1_futsal_C3occ_20260727_081515,C3_PAIR_occluded,S1_pair_sec240,blur_moderate,693.0,381.0,22.0,20.0,20.98,small,210,-114,object,natural,0.000,,
S1_futsal_C3occ_20260727_081515_f001992.jpg,S1_futsal_C3occ_20260727_081515,C3_PAIR_occluded,S1_pair_sec240,blur_moderate,605.0,379.0,16.0,21.0,18.33,small,218,-110,object,natural,0.160,,
S1_futsal_C3occ_20260727_081515_f002000.jpg,S1_futsal_C3occ_20260727_081515,C3_PAIR_occluded,S1_pair_sec240,blur_moderate,525.0,384.0,22.0,19.0,20.45,small,220,-106,object,natural,0.000,,
S1_futsal_C3occ_20260727_081515_f002008.jpg,S1_futsal_C3occ_20260727_081515,C3_PAIR_occluded,S1_pair_sec240,blur_heavy,527.0,385.0,19.0,15.0,16.88,small,219,-106,object,natural,0.288,,
S1_futsal_C3occ_20260727_081515_f002016.jpg,S1_futsal_C3occ_20260727_081515,C3_PAIR_occluded,S1_pair_sec240,blur_moderate,527.0,388.0,19.0,20.0,19.49,small,218,-106,object,natural,0.050,,
S1_futsal_C3occ_20260727_081515_f002024.jpg,S1_futsal_C3occ_20260727_081515,C3_PAIR_occluded,S1_pair_sec240,blur_moderate,535.0,388.0,22.0,14.0,17.55,small,219,-106,object,natural,0.230,,
S1_futsal_C3occ_20260727_081515_f002032.jpg,S1_futsal_C3occ_20260727_081515,C3_PAIR_occluded,S1_pair_sec240,blur_moderate,556.0,386.0,20.0,13.0,16.12,small,220,-106,object,natural,0.350,,
S1_futsal_C3occ_20260727_081515_f002040.jpg,S1_futsal_C3occ_20260727_081515,C3_PAIR_occluded,S1_pair_sec240,,593.0,384.0,16.0,19.0,17.44,small,220,-106,object,natural,0.240,,
S1_futsal_C3occ_20260727_081515_f002048.jpg,S1_futsal_C3occ_20260727_081515,C3_PAIR_occluded,S1_pair_sec240,,614.0,387.0,17.0,11.0,13.67,small,220,-105,object,natural,0.533,,
S1_futsal_C3occ_20260727_081515_f002056.jpg,S1_futsal_C3occ_20260727_081515,C3_PAIR_occluded,S1_pair_sec240,blur_moderate,640.0,382.0,20.0,16.0,17.89,small,219,-105,object,natural,0.200,,
S1_futsal_C3occ_20260727_081515_f002064.jpg,S1_futsal_C3occ_20260727_081515,C3_PAIR_occluded,S1_pair_sec240,blur_moderate,681.0,381.0,12.0,15.0,13.42,small,218,-106,object,natural,0.550,,
S1_futsal_C3occ_20260727_081515_f002072.jpg,S1_futsal_C3occ_20260727_081515,C3_PAIR_occluded,S1_pair_sec240,blur_moderate,709.0,379.0,18.0,13.0,15.3,small,217,-106,object,natural,0.415,,
S1_futsal_C3occ_20260727_081515_f002080.jpg,S1_futsal_C3occ_20260727_081515,C3_PAIR_occluded,S1_pair_sec240,,741.0,375.0,16.0,20.0,17.89,small,215,-106,object,natural,0.200,,
S1_futsal_C3occ_20260727_081515_f002088.jpg,S1_futsal_C3occ_20260727_081515,C3_PAIR_occluded,S1_pair_sec240,,782.0,378.0,11.0,15.0,12.84,small,216,-106,object,natural,0.588,,
S1_futsal_C3occ_20260727_081515_f002096.jpg,S1_futsal_C3occ_20260727_081515,C3_PAIR_occluded,S1_pair_sec240,blur_moderate,811.0,383.0,17.0,7.0,10.91,small,215,-106,object,natural,0.703,,
S1_futsal_C3occ_20260727_081515_f002656.jpg,S1_futsal_C3occ_20260727_081515,C3_PAIR_occluded,S1_pair_sec330,blur_heavy,704.0,335.0,9.0,11.0,9.95,small,214,-27,object,natural,0.788,,
S1_futsal_C3occ_20260727_081515_f002664.jpg,S1_futsal_C3occ_20260727_081515,C3_PAIR_occluded,S1_pair_sec330,blur_heavy,726.0,336.0,12.0,9.0,10.39,small,214,-27,object,natural,0.835,,
S1_futsal_C3occ_20260727_081515_f002672.jpg,S1_futsal_C3occ_20260727_081515,C3_PAIR_occluded,S1_pair_sec330,blur_heavy,752.0,335.0,10.0,15.0,12.25,small,216,-27,object,natural,0.678,,
S1_futsal_C3occ_20260727_081515_f002680.jpg,S1_futsal_C3occ_20260727_081515,C3_PAIR_occluded,S1_pair_sec330,blur_heavy,771.0,338.0,18.0,12.0,14.7,small,215,-27,object,natural,0.536,,
S1_futsal_C3occ_20260727_081515_f002688.jpg,S1_futsal_C3occ_20260727_081515,C3_PAIR_occluded,S1_pair_sec330,blur_heavy,801.0,336.0,13.0,13.0,13.0,small,217,-27,object,natural,0.637,,
S1_futsal_C3occ_20260727_081515_f002696.jpg,S1_futsal_C3occ_20260727_081515,C3_PAIR_occluded,S1_pair_sec330,blur_heavy,826.0,338.0,12.0,11.0,11.49,small,216,-27,object,natural,0.717,,
S1_futsal_C3occ_20260727_081515_f002704.jpg,S1_futsal_C3occ_20260727_081515,C3_PAIR_occluded,S1_pair_sec330,blur_heavy,849.0,336.0,15.0,15.0,15.0,small,217,-27,object,natural,0.517,,
S1_futsal_C3occ_20260727_081515_f002712.jpg,S1_futsal_C3occ_20260727_081515,C3_PAIR_occluded,S1_pair_sec330,blur_heavy,861.0,338.0,19.0,14.0,16.31,small,218,-26,object,natural,0.429,,
S1_futsal_C3occ_20260727_081515_f002720.jpg,S1_futsal_C3occ_20260727_081515,C3_PAIR_occluded,S1_pair_sec330,blur_moderate,792.0,333.0,18.0,11.0,14.07,small,220,-23,object,natural,0.575,,
S1_futsal_C3occ_20260727_081515_f002728.jpg,S1_futsal_C3occ_20260727_081515,C3_PAIR_occluded,S1_pair_sec330,blur_moderate,704.0,329.0,13.0,15.0,13.96,small,217,-16,object,natural,0.582,,
S1_futsal_C3occ_20260727_081515_f002736.jpg,S1_futsal_C3occ_20260727_081515,C3_PAIR_occluded,S1_pair_sec330,blur_moderate,698.0,329.0,21.0,16.0,18.33,small,217,-16,object,natural,0.279,,
S1_futsal_C3occ_20260727_081515_f002744.jpg,S1_futsal_C3occ_20260727_081515,C3_PAIR_occluded,S1_pair_sec330,blur_moderate,666.0,326.0,16.0,10.0,12.65,small,216,-13,object,natural,0.657,,
S1_futsal_C3occ_20260727_081515_f002752.jpg,S1_futsal_C3occ_20260727_081515,C3_PAIR_occluded,S1_pair_sec330,,657.0,325.0,17.0,12.0,14.28,small,211,-13,object,natural,0.562,,
S1_futsal_C3occ_20260727_081515_f002760.jpg,S1_futsal_C3occ_20260727_081515,C3_PAIR_occluded,S1_pair_sec330,,656.0,326.0,14.0,8.0,10.58,small,214,-13,object,natural,0.760,,
S1_futsal_C3occ_20260727_081515_f002768.jpg,S1_futsal_C3occ_20260727_081515,C3_PAIR_occluded,S1_pair_sec330,,657.0,326.0,15.0,11.0,12.85,small,215,-14,object,natural,0.646,,
S1_futsal_C3occ_20260727_081515_f002776.jpg,S1_futsal_C3occ_20260727_081515,C3_PAIR_occluded,S1_pair_sec330,blur_moderate,666.0,325.0,21.0,15.0,17.75,small,215,-14,object,natural,0.324,,
S1_futsal_C3occ_20260727_081515_f002784.jpg,S1_futsal_C3occ_20260727_081515,C3_PAIR_occluded,S1_pair_sec330,blur_moderate,679.0,327.0,16.0,11.0,13.27,small,215,-14,object,natural,0.622,,
S1_futsal_C3occ_20260727_081515_f002792.jpg,S1_futsal_C3occ_20260727_081515,C3_PAIR_occluded,S1_pair_sec330,blur_moderate,695.0,326.0,22.0,15.0,18.17,small,218,-13,object,natural,0.292,,
S1_futsal_C3occ_20260727_081515_f002800.jpg,S1_futsal_C3occ_20260727_081515,C3_PAIR_occluded,S1_pair_sec330,blur_moderate,716.0,324.0,15.0,15.0,15.0,small,214,-14,object,natural,0.517,,
S1_futsal_C3occ_20260727_081515_f002808.jpg,S1_futsal_C3occ_20260727_081515,C3_PAIR_occluded,S1_pair_sec330,blur_moderate,731.0,324.0,20.0,11.0,14.83,small,214,-13,object,natural,0.528,,
S1_futsal_C3occ_20260727_081515_f002816.jpg,S1_futsal_C3occ_20260727_081515,C3_PAIR_occluded,S1_pair_sec330,blur_moderate,743.0,318.0,20.0,16.0,17.89,small,215,-13,object,natural,0.313,,
S1_futsal_C3occ_20260727_081515_f002824.jpg,S1_futsal_C3occ_20260727_081515,C3_PAIR_occluded,S1_pair_sec330,,750.0,319.0,21.0,18.0,19.44,small,214,-13,object,natural,0.189,,
S1_futsal_C3occ_20260727_081515_f002832.jpg,S1_futsal_C3occ_20260727_081515,C3_PAIR_occluded,S1_pair_sec330,blur_moderate,756.0,318.0,21.0,19.0,19.98,small,210,-13,object,natural,0.144,,
S1_futsal_C3occ_20260727_081515_f002840.jpg,S1_futsal_C3occ_20260727_081515,C3_PAIR_occluded,S1_pair_sec330,blur_heavy,756.0,323.0,21.0,14.0,17.15,small,215,-13,object,natural,0.369,,
S1_futsal_C3occ_20260727_081515_f002848.jpg,S1_futsal_C3occ_20260727_081515,C3_PAIR_occluded,S1_pair_sec330,blur_moderate,756.0,322.0,22.0,15.0,18.17,small,212,-13,object,natural,0.292,,
S1_futsal_C3occ_20260727_081515_f002856.jpg,S1_futsal_C3occ_20260727_081515,C3_PAIR_occluded,S1_pair_sec330,,759.0,324.0,19.0,15.0,16.88,small,215,-13,object,natural,0.388,,
S1_futsal_C3occ_20260727_081515_f002864.jpg,S1_futsal_C3occ_20260727_081515,C3_PAIR_occluded,S1_pair_sec330,,766.0,329.0,16.0,12.0,13.86,small,214,-13,object,natural,0.588,,
S1_futsal_C3occ_20260727_081515_f002872.jpg,S1_futsal_C3occ_20260727_081515,C3_PAIR_occluded,S1_pair_sec330,,767.0,331.0,16.0,12.0,13.86,small,212,-13,object,natural,0.588,,
S1_futsal_C3occ_20260727_081515_f002880.jpg,S1_futsal_C3occ_20260727_081515,C3_PAIR_occluded,S1_pair_sec330,,773.0,332.0,21.0,19.0,19.98,small,217,-13,object,natural,0.144,,
S1_futsal_C3occ_20260727_081515_f002888.jpg,S1_futsal_C3occ_20260727_081515,C3_PAIR_occluded,S1_pair_sec330,,780.0,342.0,19.0,15.0,16.88,small,216,-13,object,natural,0.388,,
S1_futsal_C3occ_20260727_081515_f002896.jpg,S1_futsal_C3occ_20260727_081515,C3_PAIR_occluded,S1_pair_sec330,,783.0,348.0,25.0,14.0,18.71,small,219,-13,object,natural,0.249,,
S1_futsal_C3occ_20260727_081515_f002904.jpg,S1_futsal_C3occ_20260727_081515,C3_PAIR_occluded,S1_pair_sec330,,792.0,353.0,21.0,16.0,18.33,small,214,-14,object,natural,0.279,,
S1_futsal_C3occ_20260727_081515_f002912.jpg,S1_futsal_C3occ_20260727_081515,C3_PAIR_occluded,S1_pair_sec330,,792.0,360.0,22.0,13.0,16.91,small,221,-13,object,natural,0.386,,
S1_futsal_C3occ_20260727_081515_f002920.jpg,S1_futsal_C3occ_20260727_081515,C3_PAIR_occluded,S1_pair_sec330,,796.0,359.0,24.0,18.0,20.78,small,218,-13,object,natural,0.073,,
S1_futsal_C3occ_20260727_081515_f002928.jpg,S1_futsal_C3occ_20260727_081515,C3_PAIR_occluded,S1_pair_sec330,,801.0,365.0,28.0,18.0,22.45,small,217,-13,object,natural,0.000,,
S1_futsal_C3occ_20260727_081515_f002936.jpg,S1_futsal_C3occ_20260727_081515,C3_PAIR_occluded,S1_pair_sec330,,808.0,371.0,24.0,14.0,18.33,small,221,-14,object,natural,0.279,,
S1_futsal_C3occ_20260727_081515_f002944.jpg,S1_futsal_C3occ_20260727_081515,C3_PAIR_occluded,S1_pair_sec330,blur_moderate,820.0,376.0,25.0,16.0,20.0,small,219,-13,object,natural,0.142,,
S1_futsal_C3occ_20260727_081515_f002952.jpg,S1_futsal_C3occ_20260727_081515,C3_PAIR_occluded,S1_pair_sec330,blur_heavy,829.0,385.0,22.0,12.0,16.25,small,216,-14,object,natural,0.433,,
S1_futsal_C3occ_20260727_081515_f002960.jpg,S1_futsal_C3occ_20260727_081515,C3_PAIR_occluded,S1_pair_sec330,,836.0,392.0,16.0,10.0,12.65,small,208,-14,object,natural,0.657,,
S1_futsal_C3occ_20260727_081515_f002968.jpg,S1_futsal_C3occ_20260727_081515,C3_PAIR_occluded,S1_pair_sec330,,846.0,399.0,21.0,12.0,15.87,small,207,-14,object,natural,0.459,,
S1_futsal_C3occ_20260727_081515_f002976.jpg,S1_futsal_C3occ_20260727_081515,C3_PAIR_occluded,S1_pair_sec330,blur_moderate,847.0,401.0,22.0,15.0,18.17,small,219,-13,object,natural,0.292,,
S1_futsal_C3occ_20260727_081515_f002984.jpg,S1_futsal_C3occ_20260727_081515,C3_PAIR_occluded,S1_pair_sec330,,854.0,412.0,27.0,16.0,20.78,small,227,-13,object,natural,0.073,,
S1_futsal_C3occ_20260727_081515_f002992.jpg,S1_futsal_C3occ_20260727_081515,C3_PAIR_occluded,S1_pair_sec330,,860.0,414.0,27.0,19.0,22.65,small,224,-13,object,natural,0.000,,
S1_futsal_C3occ_20260727_081515_f003000.jpg,S1_futsal_C3occ_20260727_081515,C3_PAIR_occluded,S1_pair_sec330,blur_moderate,861.0,415.0,25.0,19.0,21.79,small,223,-14,object,natural,0.000,,
S1_futsal_C3occ_20260727_081515_f003008.jpg,S1_futsal_C3occ_20260727_081515,C3_PAIR_occluded,S1_pair_sec330,,844.0,417.0,30.0,14.0,20.49,small,220,-13,object,natural,0.099,,
S1_futsal_C3occ_20260727_081515_f003016.jpg,S1_futsal_C3occ_20260727_081515,C3_PAIR_occluded,S1_pair_sec330,blur_moderate,817.0,411.0,30.0,20.0,24.49,small,215,-13,object,natural,0.000,,
S1_futsal_C3occ_20260727_081515_f003024.jpg,S1_futsal_C3occ_20260727_081515,C3_PAIR_occluded,S1_pair_sec330,blur_moderate,801.0,415.0,24.0,10.0,15.49,small,213,-13,object,natural,0.485,,
S1_futsal_C3occ_20260727_081515_f003032.jpg,S1_futsal_C3occ_20260727_081515,C3_PAIR_occluded,S1_pair_sec330,blur_moderate,776.0,405.0,28.0,22.0,24.82,small,207,-13,object,natural,0.000,,
S1_futsal_C3occ_20260727_081515_f003040.jpg,S1_futsal_C3occ_20260727_081515,C3_PAIR_occluded,S1_pair_sec330,,754.0,413.0,24.0,10.0,15.49,small,207,-13,object,natural,0.485,,
S1_futsal_C3occ_20260727_081515_f003048.jpg,S1_futsal_C3occ_20260727_081515,C3_PAIR_occluded,S1_pair_sec330,,733.0,413.0,24.0,10.0,15.49,small,208,-13,object,natural,0.485,,
S1_futsal_C3occ_20260727_081515_f003056.jpg,S1_futsal_C3occ_20260727_081515,C3_PAIR_occluded,S1_pair_sec330,,716.0,416.0,21.0,10.0,14.49,small,213,-14,object,natural,0.549,,
S1_futsal_C3occ_20260727_081515_f003064.jpg,S1_futsal_C3occ_20260727_081515,C3_PAIR_occluded,S1_pair_sec330,,702.0,414.0,25.0,21.0,22.91,small,212,-14,object,natural,0.000,,
S1_futsal_C3occ_20260727_081515_f003072.jpg,S1_futsal_C3occ_20260727_081515,C3_PAIR_occluded,S1_pair_sec330,,697.0,416.0,19.0,14.0,16.31,small,214,-14,object,natural,0.429,,
S1_futsal_C3occ_20260727_081515_f003080.jpg,S1_futsal_C3occ_20260727_081515,C3_PAIR_occluded,S1_pair_sec330,,695.0,414.0,22.0,16.0,18.76,small,218,-14,object,natural,0.245,,
S1_futsal_C3occ_20260727_081515_f003088.jpg,S1_futsal_C3occ_20260727_081515,C3_PAIR_occluded,S1_pair_sec330,blur_moderate,697.0,414.0,24.0,18.0,20.78,small,219,-14,object,natural,0.073,,
S1_futsal_C3occ_20260727_081515_f003096.jpg,S1_futsal_C3occ_20260727_081515,C3_PAIR_occluded,S1_pair_sec330,blur_heavy,694.0,375.0,25.0,21.0,22.91,small,223,-13,object,natural,0.000,,
S1_futsal_C3occ_20260727_081515_f003104.jpg,S1_futsal_C3occ_20260727_081515,C3_PAIR_occluded,S1_pair_sec330,blur_moderate,709.0,378.0,18.0,12.0,14.7,small,217,-14,object,natural,0.536,,
S1_futsal_C3occ_20260727_081515_f003112.jpg,S1_futsal_C3occ_20260727_081515,C3_PAIR_occluded,S1_pair_sec330,,707.0,402.0,25.0,22.0,23.45,small,214,-13,object,natural,0.000,,
S1_futsal_C3occ_20260727_081515_f003120.jpg,S1_futsal_C3occ_20260727_081515,C3_PAIR_occluded,S1_pair_sec330,blur_moderate,720.0,426.0,19.0,18.0,18.49,small,213,-13,object,natural,0.266,,
S1_futsal_C3occ_20260727_081515_f003128.jpg,S1_futsal_C3occ_20260727_081515,C3_PAIR_occluded,S1_pair_sec330,,723.0,428.0,25.0,15.0,19.36,small,212,-13,object,natural,0.195,,
S1_futsal_C3occ_20260727_081515_f003136.jpg,S1_futsal_C3occ_20260727_081515,C3_PAIR_occluded,S1_pair_sec330,,730.0,434.0,25.0,20.0,22.36,small,209,-13,object,natural,0.000,,
S1_futsal_C3occ_20260727_081515_f003144.jpg,S1_futsal_C3occ_20260727_081515,C3_PAIR_occluded,S1_pair_sec330,blur_moderate,733.0,423.0,25.0,15.0,19.36,small,217,-13,object,natural,0.195,,
S1_futsal_C3occ_20260727_081515_f003152.jpg,S1_futsal_C3occ_20260727_081515,C3_PAIR_occluded,S1_pair_sec330,,741.0,428.0,25.0,14.0,18.71,small,215,-13,object,natural,0.249,,
S1_futsal_C3occ_20260727_081515_f003160.jpg,S1_futsal_C3occ_20260727_081515,C3_PAIR_occluded,S1_pair_sec330,,749.0,444.0,28.0,18.0,22.45,small,217,-14,object,natural,0.000,,
S1_futsal_C3occ_20260727_081515_f003168.jpg,S1_futsal_C3occ_20260727_081515,C3_PAIR_occluded,S1_pair_sec330,,756.0,466.0,31.0,18.0,23.62,small,212,-13,object,natural,0.000,,
S1_futsal_C3occ_20260727_081515_f003176.jpg,S1_futsal_C3occ_20260727_081515,C3_PAIR_occluded,S1_pair_sec330,blur_moderate,764.0,469.0,33.0,21.0,26.33,small,215,-13,object,natural,0.000,,
S1_futsal_C3occ_20260727_081515_f003184.jpg,S1_futsal_C3occ_20260727_081515,C3_PAIR_occluded,S1_pair_sec330,blur_moderate,777.0,458.0,31.0,28.0,29.46,small,218,-14,object,natural,0.000,,
S1_futsal_C3occ_20260727_081515_f003192.jpg,S1_futsal_C3occ_20260727_081515,C3_PAIR_occluded,S1_pair_sec330,,783.0,488.0,37.0,21.0,27.87,small,218,-13,object,natural,0.000,,
S1_futsal_C3occ_20260727_081515_f003200.jpg,S1_futsal_C3occ_20260727_081515,C3_PAIR_occluded,S1_pair_sec330,,794.0,494.0,39.0,19.0,27.22,small,217,-14,object,natural,0.000,,
S1_futsal_C3occ_20260727_081515_f003208.jpg,S1_futsal_C3occ_20260727_081515,C3_PAIR_occluded,S1_pair_sec330,,801.0,503.0,39.0,16.0,24.98,small,213,-13,object,natural,0.000,,
S1_futsal_C3occ_20260727_081515_f003216.jpg,S1_futsal_C3occ_20260727_081515,C3_PAIR_occluded,S1_pair_sec330,blur_heavy,806.0,502.0,40.0,19.0,27.57,small,216,-13,object,natural,0.000,,
S1_futsal_C3occ_20260727_081515_f003224.jpg,S1_futsal_C3occ_20260727_081515,C3_PAIR_occluded,S1_pair_sec330,blur_moderate,806.0,504.0,40.0,16.0,25.3,small,217,-13,object,natural,0.000,,
S1_futsal_C3occ_20260727_081515_f003232.jpg,S1_futsal_C3occ_20260727_081515,C3_PAIR_occluded,S1_pair_sec330,,804.0,500.0,39.0,20.0,27.93,small,214,-13,object,natural,0.000,,
S1_futsal_C3occ_20260727_081515_f003240.jpg,S1_futsal_C3occ_20260727_081515,C3_PAIR_occluded,S1_pair_sec330,,803.0,503.0,40.0,16.0,25.3,small,215,-13,object,natural,0.000,,
S1_futsal_C3occ_20260727_081515_f003248.jpg,S1_futsal_C3occ_20260727_081515,C3_PAIR_occluded,S1_pair_sec330,,800.0,502.0,40.0,19.0,27.57,small,213,-13,object,natural,0.000,,
