image,flight_key,stem,role,frame_idx,t_rel,tof_cm,height_cm,yaw_deg,pitch_deg,roll_deg,battery_pct,aruco_px,gsd_at_mat_mm_px,is_anchor,segment,occ_strip_mm,occ_deployed_pct,occ_realised_pct,usable,has_car,sharpness,green_frac,quality
S3_A_hoverpairs_f000000.jpg,S3_A_hoverpairs,S3_court2_hoverpairs_20260815_091459,S3_A_hoverpairs,0,0.969,10,0,0,0,0,100,,,0,transitional,,,,0,1,87.9,0.0000,ok
S3_A_hoverpairs_f000006.jpg,S3_A_hoverpairs,S3_court2_hoverpairs_20260815_091459,S3_A_hoverpairs,6,1.369,10,0,0,0,0,100,,,0,transitional,,,,0,1,95.0,0.0000,ok
S3_A_hoverpairs_f000012.jpg,S3_A_hoverpairs,S3_court2_hoverpairs_20260815_091459,S3_A_hoverpairs,12,1.637,10,0,0,0,0,100,,,0,transitional,,,,0,1,95.4,0.0000,ok
S3_A_hoverpairs_f000018.jpg,S3_A_hoverpairs,S3_court2_hoverpairs_20260815_091459,S3_A_hoverpairs,18,1.886,10,0,0,0,0,100,,,0,transitional,,,,0,1,93.0,0.0000,ok
S3_A_hoverpairs_f000024.jpg,S3_A_hoverpairs,S3_court2_hoverpairs_20260815_091459,S3_A_hoverpairs,24,2.170,10,0,0,0,0,100,,,0,transitional,,,,0,1,94.8,0.0000,ok
S3_A_hoverpairs_f000030.jpg,S3_A_hoverpairs,S3_court2_hoverpairs_20260815_091459,S3_A_hoverpairs,30,2.429,10,0,0,0,0,100,,,0,transitional,,,,0,1,94.9,0.0000,ok
S3_A_hoverpairs_f000036.jpg,S3_A_hoverpairs,S3_court2_hoverpairs_20260815_091459,S3_A_hoverpairs,36,2.699,10,0,0,0,0,100,,,0,transitional,,,,0,1,91.3,0.0000,ok
S3_A_hoverpairs_f000042.jpg,S3_A_hoverpairs,S3_court2_hoverpairs_20260815_091459,S3_A_hoverpairs,42,2.971,10,0,0,0,0,100,,,0,transitional,,,,0,1,94.8,0.0000,ok
S3_A_hoverpairs_f000048.jpg,S3_A_hoverpairs,S3_court2_hoverpairs_20260815_091459,S3_A_hoverpairs,48,3.225,10,0,0,0,0,100,,,0,transitional,,,,0,1,95.3,0.0000,ok
S3_A_hoverpairs_f000054.jpg,S3_A_hoverpairs,S3_court2_hoverpairs_20260815_091459,S3_A_hoverpairs,54,3.494,10,0,0,0,0,100,,,0,transitional,,,,0,1,95.2,0.0000,ok
S3_A_hoverpairs_f000060.jpg,S3_A_hoverpairs,S3_court2_hoverpairs_20260815_091459,S3_A_hoverpairs,60,3.742,10,0,0,0,0,100,,,0,transitional,,,,0,1,93.2,0.0000,ok
S3_A_hoverpairs_f000066.jpg,S3_A_hoverpairs,S3_court2_hoverpairs_20260815_091459,S3_A_hoverpairs,66,4.003,10,0,0,0,0,100,,,0,transitional,,,,0,1,94.8,0.0000,ok
S3_A_hoverpairs_f000072.jpg,S3_A_hoverpairs,S3_court2_hoverpairs_20260815_091459,S3_A_hoverpairs,72,4.257,10,0,0,0,0,100,,,0,transitional,,,,0,1,94.9,0.0000,ok
S3_A_hoverpairs_f000078.jpg,S3_A_hoverpairs,S3_court2_hoverpairs_20260815_091459,S3_A_hoverpairs,78,4.513,10,0,0,0,0,100,,,0,transitional,,,,0,1,95.5,0.0000,ok
S3_A_hoverpairs_f000084.jpg,S3_A_hoverpairs,S3_court2_hoverpairs_20260815_091459,S3_A_hoverpairs,84,4.784,10,0,0,0,0,100,,,0,transitional,,,,0,1,93.8,0.0000,ok
S3_A_hoverpairs_f000090.jpg,S3_A_hoverpairs,S3_court2_hoverpairs_20260815_091459,S3_A_hoverpairs,90,5.052,10,0,0,0,0,100,,,0,transitional,,,,0,1,94.4,0.0000,ok
S3_A_hoverpairs_f000096.jpg,S3_A_hoverpairs,S3_court2_hoverpairs_20260815_091459,S3_A_hoverpairs,96,5.306,10,0,0,0,0,100,,,0,transitional,,,,0,1,108.1,0.0000,ok
S3_A_hoverpairs_f000102.jpg,S3_A_hoverpairs,S3_court2_hoverpairs_20260815_091459,S3_A_hoverpairs,102,5.560,10,0,0,0,0,100,,,0,transitional,,,,0,1,93.4,0.0000,ok
S3_A_hoverpairs_f000108.jpg,S3_A_hoverpairs,S3_court2_hoverpairs_20260815_091459,S3_A_hoverpairs,108,5.836,10,0,0,0,0,100,,,0,transitional,,,,0,1,94.6,0.0000,ok
S3_A_hoverpairs_f000114.jpg,S3_A_hoverpairs,S3_court2_hoverpairs_20260815_091459,S3_A_hoverpairs,114,10.565,10,0,0,0,0,100,,,0,transitional,,,,0,1,99.7,0.0000,ok
S3_A_hoverpairs_f000120.jpg,S3_A_hoverpairs,S3_court2_hoverpairs_20260815_091459,S3_A_hoverpairs,120,10.792,10,0,0,0,0,100,,,0,transitional,,,,0,1,103.1,0.0000,ok
S3_A_hoverpairs_f000126.jpg,S3_A_hoverpairs,S3_court2_hoverpairs_20260815_091459,S3_A_hoverpairs,126,11.093,10,0,0,0,0,100,,,0,transitional,,,,0,1,99.0,0.0000,ok
S3_A_hoverpairs_f000132.jpg,S3_A_hoverpairs,S3_court2_hoverpairs_20260815_091459,S3_A_hoverpairs,132,11.396,10,0,0,0,0,100,,,0,transitional,,,,0,1,99.8,0.0000,ok
S3_A_hoverpairs_f000138.jpg,S3_A_hoverpairs,S3_court2_hoverpairs_20260815_091459,S3_A_hoverpairs,138,11.802,10,0,0,0,0,100,,,0,transitional,,,,0,1,99.5,0.0000,ok
S3_A_hoverpairs_f000144.jpg,S3_A_hoverpairs,S3_court2_hoverpairs_20260815_091459,S3_A_hoverpairs,144,13.630,10,0,0,0,0,100,,,0,transitional,,,,0,1,99.7,0.0000,ok
S3_A_hoverpairs_f000150.jpg,S3_A_hoverpairs,S3_court2_hoverpairs_20260815_091459,S3_A_hoverpairs,150,13.888,10,0,0,0,0,100,,,0,transitional,,,,0,1,96.5,0.0000,ok
S3_A_hoverpairs_f000156.jpg,S3_A_hoverpairs,S3_court2_hoverpairs_20260815_091459,S3_A_hoverpairs,156,14.268,10,0,0,0,0,100,,,0,transitional,,,,0,1,99.4,0.0000,ok
S3_A_hoverpairs_f000162.jpg,S3_A_hoverpairs,S3_court2_hoverpairs_20260815_091459,S3_A_hoverpairs,162,14.767,10,0,0,0,0,100,,,0,transitional,,,,0,1,99.8,0.0000,ok
S3_A_hoverpairs_f000168.jpg,S3_A_hoverpairs,S3_court2_hoverpairs_20260815_091459,S3_A_hoverpairs,168,15.072,10,0,0,0,0,100,,,0,transitional,,,,0,1,99.1,0.0000,ok
S3_A_hoverpairs_f000174.jpg,S3_A_hoverpairs,S3_court2_hoverpairs_20260815_091459,S3_A_hoverpairs,174,15.378,10,0,0,0,0,100,,,0,transitional,,,,0,1,99.8,0.0000,ok
S3_A_hoverpairs_f000180.jpg,S3_A_hoverpairs,S3_court2_hoverpairs_20260815_091459,S3_A_hoverpairs,180,15.611,10,0,0,0,0,100,,,0,transitional,,,,0,1,78.9,0.0000,ok
S3_A_hoverpairs_f000186.jpg,S3_A_hoverpairs,S3_court2_hoverpairs_20260815_091459,S3_A_hoverpairs,186,15.903,14,0,0,1,1,100,,,0,transitional,,,,0,1,82.3,0.0000,ok
S3_A_hoverpairs_f000192.jpg,S3_A_hoverpairs,S3_court2_hoverpairs_20260815_091459,S3_A_hoverpairs,192,16.125,41,10,0,1,1,100,,,0,transitional,,,,0,1,103.1,0.0000,ok
S3_A_hoverpairs_f000198.jpg,S3_A_hoverpairs,S3_court2_hoverpairs_20260815_091459,S3_A_hoverpairs,198,16.442,65,30,0,0,2,100,,,0,transitional,,,,0,1,127.7,0.0000,ok
S3_A_hoverpairs_f000204.jpg,S3_A_hoverpairs,S3_court2_hoverpairs_20260815_091459,S3_A_hoverpairs,204,16.661,70,30,0,0,0,100,,,0,transitional,,,,0,1,141.3,0.0000,ok
S3_A_hoverpairs_f000210.jpg,S3_A_hoverpairs,S3_court2_hoverpairs_20260815_091459,S3_A_hoverpairs,210,16.990,85,40,0,0,1,100,,,0,transitional,,,,0,1,152.7,0.0000,ok
S3_A_hoverpairs_f000216.jpg,S3_A_hoverpairs,S3_court2_hoverpairs_20260815_091459,S3_A_hoverpairs,216,17.221,95,40,0,0,1,100,,,0,transitional,,,,0,1,153.6,0.0000,ok
S3_A_hoverpairs_f000222.jpg,S3_A_hoverpairs,S3_court2_hoverpairs_20260815_091459,S3_A_hoverpairs,222,17.524,101,50,-1,0,1,100,,,0,transitional,,,,0,1,143.8,0.0000,ok
S3_A_hoverpairs_f000228.jpg,S3_A_hoverpairs,S3_court2_hoverpairs_20260815_091459,S3_A_hoverpairs,228,17.829,103,50,0,0,1,100,,,0,transitional,,,,0,1,166.9,0.0000,ok
S3_A_hoverpairs_f000234.jpg,S3_A_hoverpairs,S3_court2_hoverpairs_20260815_091459,S3_A_hoverpairs,234,18.074,100,50,0,1,1,100,,,0,transitional,,,,0,1,167.7,0.0000,ok
S3_A_hoverpairs_f000240.jpg,S3_A_hoverpairs,S3_court2_hoverpairs_20260815_091459,S3_A_hoverpairs,240,18.372,96,50,0,0,1,100,,,0,transitional,,,,0,1,169.4,0.0000,ok
S3_A_hoverpairs_f000246.jpg,S3_A_hoverpairs,S3_court2_hoverpairs_20260815_091459,S3_A_hoverpairs,246,18.685,91,50,0,1,2,100,,,0,transitional,,,,0,1,170.3,0.0000,ok
S3_A_hoverpairs_f000252.jpg,S3_A_hoverpairs,S3_court2_hoverpairs_20260815_091459,S3_A_hoverpairs,252,18.995,87,50,0,1,2,100,,,0,transitional,,,,0,1,332.6,0.0000,ok
S3_A_hoverpairs_f000258.jpg,S3_A_hoverpairs,S3_court2_hoverpairs_20260815_091459,S3_A_hoverpairs,258,19.328,85,40,0,1,2,100,,,0,transitional,,,,0,1,289.6,0.0000,ok
S3_A_hoverpairs_f000264.jpg,S3_A_hoverpairs,S3_court2_hoverpairs_20260815_091459,S3_A_hoverpairs,264,19.637,77,40,0,0,2,100,,,0,transitional,,,,0,1,240.1,0.0000,ok
S3_A_hoverpairs_f000270.jpg,S3_A_hoverpairs,S3_court2_hoverpairs_20260815_091459,S3_A_hoverpairs,270,20.030,76,30,0,0,2,100,,,0,transitional,,,,0,1,163.9,0.0000,ok
S3_A_hoverpairs_f000276.jpg,S3_A_hoverpairs,S3_court2_hoverpairs_20260815_091459,S3_A_hoverpairs,276,20.343,75,30,0,0,1,100,,,0,transitional,,,,0,1,165.6,0.0000,ok
S3_A_hoverpairs_f000282.jpg,S3_A_hoverpairs,S3_court2_hoverpairs_20260815_091459,S3_A_hoverpairs,282,20.654,75,30,0,0,1,100,,,0,transitional,,,,0,1,168.0,0.0000,ok
S3_A_hoverpairs_f000288.jpg,S3_A_hoverpairs,S3_court2_hoverpairs_20260815_091459,S3_A_hoverpairs,288,21.036,75,30,0,0,1,100,,,0,transitional,,,,0,1,159.7,0.0000,ok
S3_A_hoverpairs_f000294.jpg,S3_A_hoverpairs,S3_court2_hoverpairs_20260815_091459,S3_A_hoverpairs,294,21.327,76,30,0,0,1,100,,,0,transitional,,,,0,1,162.1,0.0000,ok
S3_A_hoverpairs_f000300.jpg,S3_A_hoverpairs,S3_court2_hoverpairs_20260815_091459,S3_A_hoverpairs,300,21.636,75,30,0,0,1,100,,,0,transitional,,,,0,1,167.8,0.0000,ok
S3_A_hoverpairs_f000306.jpg,S3_A_hoverpairs,S3_court2_hoverpairs_20260815_091459,S3_A_hoverpairs,306,21.960,75,30,0,0,1,100,,,0,transitional,,,,0,1,210.2,0.0001,ok
S3_A_hoverpairs_f000312.jpg,S3_A_hoverpairs,S3_court2_hoverpairs_20260815_091459,S3_A_hoverpairs,312,22.261,75,30,0,0,1,100,,,0,transitional,,,,0,1,188.9,0.0000,ok
S3_A_hoverpairs_f000318.jpg,S3_A_hoverpairs,S3_court2_hoverpairs_20260815_091459,S3_A_hoverpairs,318,24.292,77,40,0,0,1,100,,,0,transitional,,,,0,1,170.0,0.0000,ok
S3_A_hoverpairs_f000324.jpg,S3_A_hoverpairs,S3_court2_hoverpairs_20260815_091459,S3_A_hoverpairs,324,24.604,78,40,0,0,1,100,,,0,transitional,,,,0,1,172.8,0.0000,ok
S3_A_hoverpairs_f000330.jpg,S3_A_hoverpairs,S3_court2_hoverpairs_20260815_091459,S3_A_hoverpairs,330,24.922,77,40,0,0,1,100,,,0,transitional,,,,0,1,152.9,0.0000,ok
S3_A_hoverpairs_f000336.jpg,S3_A_hoverpairs,S3_court2_hoverpairs_20260815_091459,S3_A_hoverpairs,336,25.220,78,40,0,0,1,100,,,0,transitional,,,,0,1,166.1,0.0000,ok
S3_A_hoverpairs_f000342.jpg,S3_A_hoverpairs,S3_court2_hoverpairs_20260815_091459,S3_A_hoverpairs,342,25.518,80,40,0,0,1,100,,,0,transitional,,,,0,1,175.1,0.0000,ok
S3_A_hoverpairs_f000348.jpg,S3_A_hoverpairs,S3_court2_hoverpairs_20260815_091459,S3_A_hoverpairs,348,25.824,80,40,0,0,1,100,,,0,transitional,,,,0,1,170.2,0.0000,ok
S3_A_hoverpairs_f000354.jpg,S3_A_hoverpairs,S3_court2_hoverpairs_20260815_091459,S3_A_hoverpairs,354,26.154,79,40,0,0,1,100,,,0,transitional,,,,0,1,204.4,0.0000,ok
S3_A_hoverpairs_f000360.jpg,S3_A_hoverpairs,S3_court2_hoverpairs_20260815_091459,S3_A_hoverpairs,360,26.475,79,40,0,0,1,100,,,0,transitional,,,,0,1,199.3,0.0000,ok
S3_A_hoverpairs_f000366.jpg,S3_A_hoverpairs,S3_court2_hoverpairs_20260815_091459,S3_A_hoverpairs,366,26.773,78,40,0,0,1,100,,,0,transitional,,,,0,1,198.7,0.0000,ok
S3_A_hoverpairs_f000372.jpg,S3_A_hoverpairs,S3_court2_hoverpairs_20260815_091459,S3_A_hoverpairs,372,27.078,77,40,0,0,1,100,,,0,transitional,,,,0,1,167.7,0.0000,ok
S3_A_hoverpairs_f000378.jpg,S3_A_hoverpairs,S3_court2_hoverpairs_20260815_091459,S3_A_hoverpairs,378,27.377,76,40,0,0,1,100,,,0,transitional,,,,0,1,173.2,0.0000,ok
S3_A_hoverpairs_f000384.jpg,S3_A_hoverpairs,S3_court2_hoverpairs_20260815_091459,S3_A_hoverpairs,384,27.779,79,40,0,0,1,100,,,0,transitional,,,,0,1,165.9,0.0000,ok
S3_A_hoverpairs_f000390.jpg,S3_A_hoverpairs,S3_court2_hoverpairs_20260815_091459,S3_A_hoverpairs,390,28.105,84,40,0,0,1,100,,,0,transitional,,,,0,1,203.3,0.0001,ok
S3_A_hoverpairs_f000396.jpg,S3_A_hoverpairs,S3_court2_hoverpairs_20260815_091459,S3_A_hoverpairs,396,28.324,96,50,0,0,2,100,,,0,transitional,,,,0,1,207.4,0.0001,ok
S3_A_hoverpairs_f000402.jpg,S3_A_hoverpairs,S3_court2_hoverpairs_20260815_091459,S3_A_hoverpairs,402,28.639,106,60,0,0,1,100,,,0,transitional,,,,0,1,198.1,0.0000,ok
S3_A_hoverpairs_f000408.jpg,S3_A_hoverpairs,S3_court2_hoverpairs_20260815_091459,S3_A_hoverpairs,408,28.956,118,70,0,0,1,100,,,0,transitional,,,,0,1,232.9,0.0000,ok
S3_A_hoverpairs_f000414.jpg,S3_A_hoverpairs,S3_court2_hoverpairs_20260815_091459,S3_A_hoverpairs,414,29.176,124,80,0,0,1,100,,,0,transitional,,,,0,1,207.7,0.0000,ok
S3_A_hoverpairs_f000420.jpg,S3_A_hoverpairs,S3_court2_hoverpairs_20260815_091459,S3_A_hoverpairs,420,29.389,132,90,0,0,1,100,,,0,transitional,,,,0,1,189.2,0.0000,ok
S3_A_hoverpairs_f000426.jpg,S3_A_hoverpairs,S3_court2_hoverpairs_20260815_091459,S3_A_hoverpairs,426,29.671,144,100,0,0,1,100,,,0,transitional,,,,0,1,188.7,0.0000,ok
S3_A_hoverpairs_f000432.jpg,S3_A_hoverpairs,S3_court2_hoverpairs_20260815_091459,S3_A_hoverpairs,432,30.055,155,110,0,0,1,100,,,0,transitional,,,,0,1,184.2,0.0000,ok
S3_A_hoverpairs_f000438.jpg,S3_A_hoverpairs,S3_court2_hoverpairs_20260815_091459,S3_A_hoverpairs,438,30.353,162,120,0,0,1,100,,,0,transitional,,,,0,1,188.7,0.0000,ok
S3_A_hoverpairs_f000444.jpg,S3_A_hoverpairs,S3_court2_hoverpairs_20260815_091459,S3_A_hoverpairs,444,30.663,170,130,0,0,1,100,,,0,transitional,,,,0,1,192.2,0.0000,ok
S3_A_hoverpairs_f000450.jpg,S3_A_hoverpairs,S3_court2_hoverpairs_20260815_091459,S3_A_hoverpairs,450,30.971,177,130,0,0,1,100,,,0,transitional,,,,0,1,180.8,0.0000,ok
S3_A_hoverpairs_f000456.jpg,S3_A_hoverpairs,S3_court2_hoverpairs_20260815_091459,S3_A_hoverpairs,456,31.270,189,150,0,0,1,100,,,0,transitional,,,,0,1,199.8,0.0000,ok
S3_A_hoverpairs_f000462.jpg,S3_A_hoverpairs,S3_court2_hoverpairs_20260815_091459,S3_A_hoverpairs,462,31.574,196,160,0,0,1,100,,,0,transitional,,,,0,1,199.5,0.0000,ok
S3_A_hoverpairs_f000468.jpg,S3_A_hoverpairs,S3_court2_hoverpairs_20260815_091459,S3_A_hoverpairs,468,31.879,206,160,0,0,1,100,,,0,transitional,,,,0,1,203.4,0.0000,ok
S3_A_hoverpairs_f000474.jpg,S3_A_hoverpairs,S3_court2_hoverpairs_20260815_091459,S3_A_hoverpairs,474,32.095,211,170,0,0,1,100,,,0,transitional,,,,0,1,193.6,0.0000,ok
S3_A_hoverpairs_f000480.jpg,S3_A_hoverpairs,S3_court2_hoverpairs_20260815_091459,S3_A_hoverpairs,480,32.375,213,170,0,0,1,100,,,0,transitional,,,,0,1,196.5,0.0000,ok
S3_A_hoverpairs_f000486.jpg,S3_A_hoverpairs,S3_court2_hoverpairs_20260815_091459,S3_A_hoverpairs,486,32.629,224,180,0,0,1,100,,,0,transitional,,,,0,1,199.0,0.0000,ok
S3_A_hoverpairs_f000492.jpg,S3_A_hoverpairs,S3_court2_hoverpairs_20260815_091459,S3_A_hoverpairs,492,33.012,231,190,0,-1,1,100,,,0,transitional,,,,0,1,186.1,0.0000,ok
S3_A_hoverpairs_f000498.jpg,S3_A_hoverpairs,S3_court2_hoverpairs_20260815_091459,S3_A_hoverpairs,498,33.410,247,200,0,-1,1,100,,,0,transitional,,,,0,1,196.2,0.0000,ok
S3_A_hoverpairs_f000504.jpg,S3_A_hoverpairs,S3_court2_hoverpairs_20260815_091459,S3_A_hoverpairs,504,33.713,254,210,0,0,1,100,,,0,transitional,,,,0,1,201.7,0.0000,ok
S3_A_hoverpairs_f000510.jpg,S3_A_hoverpairs,S3_court2_hoverpairs_20260815_091459,S3_A_hoverpairs,510,34.031,255,210,0,0,1,100,,,0,transitional,,,,0,1,254.1,0.0000,ok
S3_A_hoverpairs_f000516.jpg,S3_A_hoverpairs,S3_court2_hoverpairs_20260815_091459,S3_A_hoverpairs,516,34.358,257,210,0,0,1,100,,,0,transitional,,,,0,1,247.4,0.0000,ok
S3_A_hoverpairs_f000522.jpg,S3_A_hoverpairs,S3_court2_hoverpairs_20260815_091459,S3_A_hoverpairs,522,34.657,254,210,0,-1,1,100,,,0,transitional,,,,0,1,284.9,0.0000,ok
S3_A_hoverpairs_f000528.jpg,S3_A_hoverpairs,S3_court2_hoverpairs_20260815_091459,S3_A_hoverpairs,528,38.142,258,210,0,0,1,100,,,0,transitional,,,,0,1,190.1,0.0000,ok
S3_A_hoverpairs_f000534.jpg,S3_A_hoverpairs,S3_court2_hoverpairs_20260815_091459,S3_A_hoverpairs,534,38.392,262,220,0,0,1,100,,,0,transitional,,,,0,1,196.0,0.0000,ok
S3_A_hoverpairs_f000540.jpg,S3_A_hoverpairs,S3_court2_hoverpairs_20260815_091459,S3_A_hoverpairs,540,38.722,256,220,0,0,1,100,,,0,transitional,,,,0,1,191.7,0.0000,ok
S3_A_hoverpairs_f000546.jpg,S3_A_hoverpairs,S3_court2_hoverpairs_20260815_091459,S3_A_hoverpairs,546,39.040,258,220,0,0,1,100,,,0,transitional,,,,0,1,182.2,0.0000,ok
S3_A_hoverpairs_f000552.jpg,S3_A_hoverpairs,S3_court2_hoverpairs_20260815_091459,S3_A_hoverpairs,552,39.344,261,220,0,0,1,100,,,0,transitional,,,,0,1,199.6,0.0000,ok
S3_A_hoverpairs_f000558.jpg,S3_A_hoverpairs,S3_court2_hoverpairs_20260815_091459,S3_A_hoverpairs,558,39.654,257,220,0,0,1,100,,,0,transitional,,,,0,1,206.5,0.0000,ok
S3_A_hoverpairs_f000564.jpg,S3_A_hoverpairs,S3_court2_hoverpairs_20260815_091459,S3_A_hoverpairs,564,39.980,261,210,0,0,1,100,,,0,transitional,,,,0,1,216.5,0.0000,ok
S3_A_hoverpairs_f000570.jpg,S3_A_hoverpairs,S3_court2_hoverpairs_20260815_091459,S3_A_hoverpairs,570,40.278,253,210,0,0,0,100,,,0,transitional,,,,0,1,247.2,0.0000,ok
S3_A_hoverpairs_f000576.jpg,S3_A_hoverpairs,S3_court2_hoverpairs_20260815_091459,S3_A_hoverpairs,576,40.593,257,210,0,0,1,100,,,0,transitional,,,,0,1,253.1,0.0000,ok
S3_A_hoverpairs_f000582.jpg,S3_A_hoverpairs,S3_court2_hoverpairs_20260815_091459,S3_A_hoverpairs,582,40.828,257,210,0,0,1,100,,,0,transitional,,,,0,1,260.0,0.0000,ok
S3_A_hoverpairs_f000588.jpg,S3_A_hoverpairs,S3_court2_hoverpairs_20260815_091459,S3_A_hoverpairs,588,41.212,259,220,0,0,0,100,,,0,transitional,,,,0,1,232.2,0.0001,ok
S3_A_hoverpairs_f000594.jpg,S3_A_hoverpairs,S3_court2_hoverpairs_20260815_091459,S3_A_hoverpairs,594,41.537,258,220,0,-1,0,100,,,0,transitional,,,,0,1,243.3,0.0000,ok
S3_A_hoverpairs_f000600.jpg,S3_A_hoverpairs,S3_court2_hoverpairs_20260815_091459,S3_A_hoverpairs,600,41.928,259,220,0,0,1,100,,,0,transitional,,,,0,1,191.7,0.0000,ok
S3_A_hoverpairs_f000606.jpg,S3_A_hoverpairs,S3_court2_hoverpairs_20260815_091459,S3_A_hoverpairs,606,42.227,262,220,0,0,1,100,,,0,transitional,,,,0,1,217.2,0.0000,ok
S3_A_hoverpairs_f000612.jpg,S3_A_hoverpairs,S3_court2_hoverpairs_20260815_091459,S3_A_hoverpairs,612,43.363,256,210,0,0,1,100,,,0,transitional,,,,0,1,443.8,0.0001,ok
S3_A_hoverpairs_f000618.jpg,S3_A_hoverpairs,S3_court2_hoverpairs_20260815_091459,S3_A_hoverpairs,618,43.689,255,210,0,0,1,100,,,0,transitional,,,,0,1,357.8,0.0000,ok
S3_A_hoverpairs_f000624.jpg,S3_A_hoverpairs,S3_court2_hoverpairs_20260815_091459,S3_A_hoverpairs,624,44.123,251,210,0,0,1,100,,,0,transitional,,,,0,1,223.6,0.0000,ok
S3_A_hoverpairs_f000630.jpg,S3_A_hoverpairs,S3_court2_hoverpairs_20260815_091459,S3_A_hoverpairs,630,44.495,261,210,0,5,1,100,,,0,transitional,,,,0,1,206.2,0.0000,ok
S3_A_hoverpairs_f000636.jpg,S3_A_hoverpairs,S3_court2_hoverpairs_20260815_091459,S3_A_hoverpairs,636,44.906,259,210,0,-1,1,100,,,0,transitional,,,,0,1,162.1,0.0000,ok
S3_A_hoverpairs_f000642.jpg,S3_A_hoverpairs,S3_court2_hoverpairs_20260815_091459,S3_A_hoverpairs,642,45.198,259,210,0,-1,1,100,,,0,transitional,,,,0,1,193.8,0.0000,ok
S3_A_hoverpairs_f000648.jpg,S3_A_hoverpairs,S3_court2_hoverpairs_20260815_091459,S3_A_hoverpairs,648,45.516,261,220,0,-1,1,100,,,0,transitional,,,,0,1,125.9,0.0000,ok
S3_A_hoverpairs_f000654.jpg,S3_A_hoverpairs,S3_court2_hoverpairs_20260815_091459,S3_A_hoverpairs,654,45.912,256,220,0,4,1,100,,,0,transitional,,,,0,1,198.4,0.0000,ok
S3_A_hoverpairs_f000660.jpg,S3_A_hoverpairs,S3_court2_hoverpairs_20260815_091459,S3_A_hoverpairs,660,46.147,257,210,0,0,1,100,,,0,transitional,,,,0,1,145.6,0.0000,ok
S3_A_hoverpairs_f000666.jpg,S3_A_hoverpairs,S3_court2_hoverpairs_20260815_091459,S3_A_hoverpairs,666,46.542,252,210,0,-1,1,100,,,0,transitional,,,,0,1,220.0,0.0000,ok
S3_A_hoverpairs_f000672.jpg,S3_A_hoverpairs,S3_court2_hoverpairs_20260815_091459,S3_A_hoverpairs,672,46.859,251,210,0,-1,1,100,,,0,transitional,,,,0,1,231.1,0.0000,ok
S3_A_hoverpairs_f000678.jpg,S3_A_hoverpairs,S3_court2_hoverpairs_20260815_091459,S3_A_hoverpairs,678,47.159,253,210,0,0,1,100,,,0,transitional,,,,0,1,197.8,0.0000,ok
S3_A_hoverpairs_f000684.jpg,S3_A_hoverpairs,S3_court2_hoverpairs_20260815_091459,S3_A_hoverpairs,684,47.459,259,210,0,0,1,100,,,0,transitional,,,,0,1,166.0,0.0000,ok
S3_A_hoverpairs_f000690.jpg,S3_A_hoverpairs,S3_court2_hoverpairs_20260815_091459,S3_A_hoverpairs,690,47.759,256,210,0,0,1,100,,,0,transitional,,,,0,1,239.1,0.0000,ok
S3_A_hoverpairs_f000696.jpg,S3_A_hoverpairs,S3_court2_hoverpairs_20260815_091459,S3_A_hoverpairs,696,48.078,255,210,0,0,1,100,,,0,transitional,,,,0,1,195.1,0.0000,ok
S3_A_hoverpairs_f000702.jpg,S3_A_hoverpairs,S3_court2_hoverpairs_20260815_091459,S3_A_hoverpairs,702,48.388,261,220,0,-2,1,100,,,0,transitional,,,,0,1,124.3,0.0000,ok
S3_A_hoverpairs_f000708.jpg,S3_A_hoverpairs,S3_court2_hoverpairs_20260815_091459,S3_A_hoverpairs,708,48.703,258,220,0,0,2,100,,,0,transitional,,,,0,1,187.4,0.0000,ok
S3_A_hoverpairs_f000714.jpg,S3_A_hoverpairs,S3_court2_hoverpairs_20260815_091459,S3_A_hoverpairs,714,48.991,255,220,0,0,1,100,,,0,transitional,,,,0,1,189.5,0.0000,ok
S3_A_hoverpairs_f000720.jpg,S3_A_hoverpairs,S3_court2_hoverpairs_20260815_091459,S3_A_hoverpairs,720,49.314,258,220,0,0,-1,100,,,0,transitional,,,,0,1,174.7,0.0000,ok
S3_A_hoverpairs_f000726.jpg,S3_A_hoverpairs,S3_court2_hoverpairs_20260815_091459,S3_A_hoverpairs,726,49.619,256,220,0,0,-4,100,,,0,transitional,,,,0,1,193.8,0.0000,ok
S3_A_hoverpairs_f000732.jpg,S3_A_hoverpairs,S3_court2_hoverpairs_20260815_091459,S3_A_hoverpairs,732,49.926,259,220,0,0,0,100,,,0,transitional,,,,0,1,166.2,0.0000,ok
S3_A_hoverpairs_f000738.jpg,S3_A_hoverpairs,S3_court2_hoverpairs_20260815_091459,S3_A_hoverpairs,738,50.239,260,220,0,0,3,100,,,0,transitional,,,,0,1,177.2,0.0000,ok
S3_A_hoverpairs_f000744.jpg,S3_A_hoverpairs,S3_court2_hoverpairs_20260815_091459,S3_A_hoverpairs,744,50.543,263,220,0,0,3,100,,,0,transitional,,,,0,1,183.6,0.0000,ok
S3_A_hoverpairs_f000750.jpg,S3_A_hoverpairs,S3_court2_hoverpairs_20260815_091459,S3_A_hoverpairs,750,50.841,252,220,0,0,3,100,,,0,transitional,,,,0,1,192.2,0.0000,ok
S3_A_hoverpairs_f000756.jpg,S3_A_hoverpairs,S3_court2_hoverpairs_20260815_091459,S3_A_hoverpairs,756,51.162,256,210,0,0,3,100,,,0,transitional,,,,0,1,218.0,0.0000,ok
S3_A_hoverpairs_f000762.jpg,S3_A_hoverpairs,S3_court2_hoverpairs_20260815_091459,S3_A_hoverpairs,762,51.461,252,210,0,0,0,100,,,0,transitional,,,,0,1,242.7,0.0000,ok
S3_A_hoverpairs_f000768.jpg,S3_A_hoverpairs,S3_court2_hoverpairs_20260815_091459,S3_A_hoverpairs,768,51.774,256,210,0,0,0,100,,,0,transitional,,,,0,1,261.7,0.0000,ok
S3_A_hoverpairs_f000774.jpg,S3_A_hoverpairs,S3_court2_hoverpairs_20260815_091459,S3_A_hoverpairs,774,54.621,257,210,0,0,1,100,,,0,transitional,,,,0,1,210.2,0.0000,ok
S3_A_hoverpairs_f000780.jpg,S3_A_hoverpairs,S3_court2_hoverpairs_20260815_091459,S3_A_hoverpairs,780,54.932,255,220,0,0,1,100,,,0,transitional,,,,0,1,216.9,0.0000,ok
S3_A_hoverpairs_f000786.jpg,S3_A_hoverpairs,S3_court2_hoverpairs_20260815_091459,S3_A_hoverpairs,786,55.243,259,210,0,0,1,100,,,0,transitional,,,,0,1,270.2,0.0000,ok
S3_A_hoverpairs_f000792.jpg,S3_A_hoverpairs,S3_court2_hoverpairs_20260815_091459,S3_A_hoverpairs,792,55.529,257,210,0,0,2,100,,,0,transitional,,,,0,1,275.4,0.0001,ok
S3_A_hoverpairs_f000798.jpg,S3_A_hoverpairs,S3_court2_hoverpairs_20260815_091459,S3_A_hoverpairs,798,55.774,256,210,0,0,2,100,,,0,transitional,,,,0,1,265.4,0.0000,ok
S3_A_hoverpairs_f000804.jpg,S3_A_hoverpairs,S3_court2_hoverpairs_20260815_091459,S3_A_hoverpairs,804,56.156,256,210,0,0,1,100,,,0,transitional,,,,0,1,197.9,0.0000,ok
S3_A_hoverpairs_f000810.jpg,S3_A_hoverpairs,S3_court2_hoverpairs_20260815_091459,S3_A_hoverpairs,810,56.386,260,210,0,0,1,100,,,0,transitional,,,,0,1,209.8,0.0000,ok
S3_A_hoverpairs_f000816.jpg,S3_A_hoverpairs,S3_court2_hoverpairs_20260815_091459,S3_A_hoverpairs,816,56.678,256,210,0,0,1,100,,,0,transitional,,,,0,1,217.5,0.0000,ok
S3_A_hoverpairs_f000822.jpg,S3_A_hoverpairs,S3_court2_hoverpairs_20260815_091459,S3_A_hoverpairs,822,56.991,253,210,0,0,1,100,,,0,transitional,,,,0,1,206.4,0.0000,ok
S3_A_hoverpairs_f000828.jpg,S3_A_hoverpairs,S3_court2_hoverpairs_20260815_091459,S3_A_hoverpairs,828,57.300,246,210,0,0,1,100,,,0,transitional,,,,0,1,218.1,0.0000,ok
S3_A_hoverpairs_f000834.jpg,S3_A_hoverpairs,S3_court2_hoverpairs_20260815_091459,S3_A_hoverpairs,834,57.593,253,210,0,0,2,100,,,0,transitional,,,,0,1,217.1,0.0000,ok
S3_A_hoverpairs_f000840.jpg,S3_A_hoverpairs,S3_court2_hoverpairs_20260815_091459,S3_A_hoverpairs,840,57.911,255,210,0,0,1,100,,,0,transitional,,,,0,1,210.1,0.0000,ok
S3_A_hoverpairs_f000846.jpg,S3_A_hoverpairs,S3_court2_hoverpairs_20260815_091459,S3_A_hoverpairs,846,58.294,254,210,0,0,1,100,,,0,transitional,,,,0,1,206.0,0.0000,ok
S3_A_hoverpairs_f000852.jpg,S3_A_hoverpairs,S3_court2_hoverpairs_20260815_091459,S3_A_hoverpairs,852,58.696,251,210,0,-1,1,100,,,0,transitional,,,,0,1,203.6,0.0000,ok
S3_A_hoverpairs_f000858.jpg,S3_A_hoverpairs,S3_court2_hoverpairs_20260815_091459,S3_A_hoverpairs,858,59.022,255,210,0,-1,1,100,,,0,transitional,,,,0,1,326.9,0.0000,ok
S3_A_hoverpairs_f000864.jpg,S3_A_hoverpairs,S3_court2_hoverpairs_20260815_091459,S3_A_hoverpairs,864,59.641,252,210,0,0,2,100,,,0,transitional,,,,0,1,282.0,0.0000,ok
S3_A_hoverpairs_f000870.jpg,S3_A_hoverpairs,S3_court2_hoverpairs_20260815_091459,S3_A_hoverpairs,870,59.943,250,210,0,0,1,100,,,0,transitional,,,,0,1,199.7,0.0000,ok
S3_A_hoverpairs_f000876.jpg,S3_A_hoverpairs,S3_court2_hoverpairs_20260815_091459,S3_A_hoverpairs,876,60.255,254,210,0,-1,2,100,,,0,transitional,,,,0,1,198.8,0.0000,ok
S3_A_hoverpairs_f000882.jpg,S3_A_hoverpairs,S3_court2_hoverpairs_20260815_091459,S3_A_hoverpairs,882,60.676,251,210,0,0,2,100,,,0,transitional,,,,0,1,216.6,0.0000,ok
S3_A_hoverpairs_f000888.jpg,S3_A_hoverpairs,S3_court2_hoverpairs_20260815_091459,S3_A_hoverpairs,888,60.980,257,210,0,0,1,100,,,0,transitional,,,,0,1,200.5,0.0000,ok
S3_A_hoverpairs_f000894.jpg,S3_A_hoverpairs,S3_court2_hoverpairs_20260815_091459,S3_A_hoverpairs,894,61.295,259,210,0,-1,1,100,,,0,transitional,,,,0,1,215.1,0.0000,ok
S3_A_hoverpairs_f000900.jpg,S3_A_hoverpairs,S3_court2_hoverpairs_20260815_091459,S3_A_hoverpairs,900,61.592,257,220,0,-1,2,100,,,0,transitional,,,,0,1,217.9,0.0000,ok
S3_A_hoverpairs_f000906.jpg,S3_A_hoverpairs,S3_court2_hoverpairs_20260815_091459,S3_A_hoverpairs,906,61.825,256,220,0,0,2,100,,,0,transitional,,,,0,1,223.5,0.0000,ok
S3_A_hoverpairs_f000912.jpg,S3_A_hoverpairs,S3_court2_hoverpairs_20260815_091459,S3_A_hoverpairs,912,62.343,253,210,0,0,2,100,,,0,transitional,,,,0,1,258.5,0.0000,ok
S3_A_hoverpairs_f000918.jpg,S3_A_hoverpairs,S3_court2_hoverpairs_20260815_091459,S3_A_hoverpairs,918,62.635,251,210,0,0,2,100,,,0,transitional,,,,0,1,264.1,0.0000,ok
S3_A_hoverpairs_f000924.jpg,S3_A_hoverpairs,S3_court2_hoverpairs_20260815_091459,S3_A_hoverpairs,924,62.942,246,210,0,0,2,100,,,0,transitional,,,,0,1,207.4,0.0000,ok
S3_A_hoverpairs_f000930.jpg,S3_A_hoverpairs,S3_court2_hoverpairs_20260815_091459,S3_A_hoverpairs,930,63.225,247,210,0,0,2,100,,,0,transitional,,,,0,1,213.1,0.0000,ok
S3_A_hoverpairs_f000936.jpg,S3_A_hoverpairs,S3_court2_hoverpairs_20260815_091459,S3_A_hoverpairs,936,63.543,252,210,0,0,1,100,,,0,transitional,,,,0,1,205.6,0.0000,ok
S3_A_hoverpairs_f000942.jpg,S3_A_hoverpairs,S3_court2_hoverpairs_20260815_091459,S3_A_hoverpairs,942,63.848,249,210,0,0,1,100,,,0,transitional,,,,0,1,217.3,0.0000,ok
S3_A_hoverpairs_f000948.jpg,S3_A_hoverpairs,S3_court2_hoverpairs_20260815_091459,S3_A_hoverpairs,948,64.360,251,210,0,0,2,100,,,0,transitional,,,,0,1,210.9,0.0000,ok
S3_A_hoverpairs_f000954.jpg,S3_A_hoverpairs,S3_court2_hoverpairs_20260815_091459,S3_A_hoverpairs,954,64.654,254,210,0,0,1,100,,,0,transitional,,,,0,1,200.2,0.0000,ok
S3_A_hoverpairs_f000960.jpg,S3_A_hoverpairs,S3_court2_hoverpairs_20260815_091459,S3_A_hoverpairs,960,65.059,258,210,0,0,1,100,,,1,transitional,,,,0,1,199.3,0.0000,ok
S3_A_hoverpairs_f000966.jpg,S3_A_hoverpairs,S3_court2_hoverpairs_20260815_091459,S3_A_hoverpairs,966,65.376,257,210,0,0,1,100,,,1,anchor,0,0,,1,1,219.3,0.0000,ok
S3_A_hoverpairs_f000972.jpg,S3_A_hoverpairs,S3_court2_hoverpairs_20260815_091459,S3_A_hoverpairs,972,65.771,256,210,0,-1,1,100,,,1,anchor,0,0,,1,1,219.5,0.0000,ok
S3_A_hoverpairs_f000978.jpg,S3_A_hoverpairs,S3_court2_hoverpairs_20260815_091459,S3_A_hoverpairs,978,66.007,256,210,0,-1,1,100,,,1,anchor,0,0,,1,1,199.2,0.0000,ok
S3_A_hoverpairs_f000984.jpg,S3_A_hoverpairs,S3_court2_hoverpairs_20260815_091459,S3_A_hoverpairs,984,66.293,264,210,0,-1,2,100,,,1,anchor,0,0,,1,1,219.8,0.0000,ok
S3_A_hoverpairs_f000990.jpg,S3_A_hoverpairs,S3_court2_hoverpairs_20260815_091459,S3_A_hoverpairs,990,66.612,256,210,0,0,2,100,,,1,anchor,0,0,,1,1,212.8,0.0000,ok
S3_A_hoverpairs_f000996.jpg,S3_A_hoverpairs,S3_court2_hoverpairs_20260815_091459,S3_A_hoverpairs,996,67.012,253,210,0,0,2,100,,,1,anchor,0,0,,1,1,207.7,0.0000,ok
S3_A_hoverpairs_f001002.jpg,S3_A_hoverpairs,S3_court2_hoverpairs_20260815_091459,S3_A_hoverpairs,1002,67.324,251,210,0,0,2,100,,,1,anchor,0,0,,1,1,232.7,0.0000,ok
S3_A_hoverpairs_f001008.jpg,S3_A_hoverpairs,S3_court2_hoverpairs_20260815_091459,S3_A_hoverpairs,1008,67.730,257,210,0,0,2,100,,,1,anchor,0,0,,1,1,211.4,0.0000,ok
S3_A_hoverpairs_f001014.jpg,S3_A_hoverpairs,S3_court2_hoverpairs_20260815_091459,S3_A_hoverpairs,1014,68.139,251,210,0,0,2,100,,,1,anchor,0,0,,1,1,218.0,0.0000,ok
S3_A_hoverpairs_f001020.jpg,S3_A_hoverpairs,S3_court2_hoverpairs_20260815_091459,S3_A_hoverpairs,1020,68.768,253,210,0,0,2,100,,,1,anchor,0,0,,1,1,197.0,0.0000,ok
S3_A_hoverpairs_f001026.jpg,S3_A_hoverpairs,S3_court2_hoverpairs_20260815_091459,S3_A_hoverpairs,1026,69.043,253,210,0,0,2,100,,,1,anchor,0,0,,1,1,194.0,0.0000,ok
S3_A_hoverpairs_f001032.jpg,S3_A_hoverpairs,S3_court2_hoverpairs_20260815_091459,S3_A_hoverpairs,1032,69.577,253,210,0,0,2,100,,,1,transitional,,,,0,1,204.0,0.0000,ok
S3_A_hoverpairs_f001038.jpg,S3_A_hoverpairs,S3_court2_hoverpairs_20260815_091459,S3_A_hoverpairs,1038,70.219,253,210,0,0,2,100,,,0,transitional,,,,0,1,199.9,0.0000,ok
S3_A_hoverpairs_f001044.jpg,S3_A_hoverpairs,S3_court2_hoverpairs_20260815_091459,S3_A_hoverpairs,1044,70.808,259,210,0,0,2,100,,,0,transitional,,,,0,1,289.0,0.0000,ok
S3_A_hoverpairs_f001050.jpg,S3_A_hoverpairs,S3_court2_hoverpairs_20260815_091459,S3_A_hoverpairs,1050,71.045,260,210,0,0,2,100,,,0,transitional,,,,0,1,239.8,0.0000,ok
S3_A_hoverpairs_f001056.jpg,S3_A_hoverpairs,S3_court2_hoverpairs_20260815_091459,S3_A_hoverpairs,1056,71.402,260,210,0,0,2,100,,,0,transitional,,,,0,1,184.6,0.0000,ok
S3_A_hoverpairs_f001062.jpg,S3_A_hoverpairs,S3_court2_hoverpairs_20260815_091459,S3_A_hoverpairs,1062,71.600,252,210,0,-1,2,100,,,0,transitional,,,,0,1,203.2,0.0000,ok
S3_A_hoverpairs_f001068.jpg,S3_A_hoverpairs,S3_court2_hoverpairs_20260815_091459,S3_A_hoverpairs,1068,71.909,251,210,0,-1,2,100,,,0,transitional,,,,0,1,197.6,0.0000,ok
S3_A_hoverpairs_f001074.jpg,S3_A_hoverpairs,S3_court2_hoverpairs_20260815_091459,S3_A_hoverpairs,1074,72.210,256,210,0,0,1,100,,,0,transitional,,,,0,1,189.9,0.0000,ok
S3_A_hoverpairs_f001080.jpg,S3_A_hoverpairs,S3_court2_hoverpairs_20260815_091459,S3_A_hoverpairs,1080,72.523,250,210,0,-1,1,100,,,0,transitional,,,,0,1,179.1,0.0000,ok
S3_A_hoverpairs_f001086.jpg,S3_A_hoverpairs,S3_court2_hoverpairs_20260815_091459,S3_A_hoverpairs,1086,72.829,252,210,0,0,1,100,,,1,transitional,,,,0,1,182.7,0.0000,ok
S3_A_hoverpairs_f001092.jpg,S3_A_hoverpairs,S3_court2_hoverpairs_20260815_091459,S3_A_hoverpairs,1092,73.143,258,210,0,0,1,100,,,1,CLEAN,0,0,,1,1,205.6,0.0000,ok
S3_A_hoverpairs_f001098.jpg,S3_A_hoverpairs,S3_court2_hoverpairs_20260815_091459,S3_A_hoverpairs,1098,73.444,255,210,0,0,2,100,,,1,CLEAN,0,0,,1,1,196.9,0.0000,ok
S3_A_hoverpairs_f001104.jpg,S3_A_hoverpairs,S3_court2_hoverpairs_20260815_091459,S3_A_hoverpairs,1104,73.755,255,210,0,0,1,100,,,1,CLEAN,0,0,,1,1,201.1,0.0000,ok
S3_A_hoverpairs_f001110.jpg,S3_A_hoverpairs,S3_court2_hoverpairs_20260815_091459,S3_A_hoverpairs,1110,74.081,252,210,0,-1,2,100,,,1,CLEAN,0,0,,1,1,192.5,0.0000,ok
S3_A_hoverpairs_f001116.jpg,S3_A_hoverpairs,S3_court2_hoverpairs_20260815_091459,S3_A_hoverpairs,1116,74.411,254,210,0,-1,1,100,,,1,CLEAN,0,0,,1,1,171.3,0.0000,ok
S3_A_hoverpairs_f001122.jpg,S3_A_hoverpairs,S3_court2_hoverpairs_20260815_091459,S3_A_hoverpairs,1122,74.693,259,210,0,-1,1,100,,,1,CLEAN,0,0,,1,1,193.6,0.0000,ok
S3_A_hoverpairs_f001128.jpg,S3_A_hoverpairs,S3_court2_hoverpairs_20260815_091459,S3_A_hoverpairs,1128,75.079,259,220,0,0,2,100,,,1,CLEAN,0,0,,1,1,212.4,0.0000,ok
S3_A_hoverpairs_f001134.jpg,S3_A_hoverpairs,S3_court2_hoverpairs_20260815_091459,S3_A_hoverpairs,1134,75.496,261,220,0,0,2,100,,,1,CLEAN,0,0,,1,1,191.6,0.0000,ok
S3_A_hoverpairs_f001140.jpg,S3_A_hoverpairs,S3_court2_hoverpairs_20260815_091459,S3_A_hoverpairs,1140,75.809,257,210,0,0,3,100,,,1,CLEAN,0,0,,1,1,196.4,0.0000,ok
S3_A_hoverpairs_f001146.jpg,S3_A_hoverpairs,S3_court2_hoverpairs_20260815_091459,S3_A_hoverpairs,1146,76.113,255,210,0,0,2,100,,,1,CLEAN,0,0,,1,1,196.9,0.0000,ok
S3_A_hoverpairs_f001152.jpg,S3_A_hoverpairs,S3_court2_hoverpairs_20260815_091459,S3_A_hoverpairs,1152,76.429,253,210,0,-1,2,100,,,1,CLEAN,0,0,,1,1,182.1,0.0000,ok
S3_A_hoverpairs_f001158.jpg,S3_A_hoverpairs,S3_court2_hoverpairs_20260815_091459,S3_A_hoverpairs,1158,76.726,254,210,0,-1,2,100,,,1,CLEAN,0,0,,1,1,189.2,0.0000,ok
S3_A_hoverpairs_f001164.jpg,S3_A_hoverpairs,S3_court2_hoverpairs_20260815_091459,S3_A_hoverpairs,1164,77.055,253,210,0,-1,2,100,,,1,CLEAN,0,0,,1,1,187.9,0.0000,ok
S3_A_hoverpairs_f001170.jpg,S3_A_hoverpairs,S3_court2_hoverpairs_20260815_091459,S3_A_hoverpairs,1170,77.375,254,210,0,-1,2,100,,,1,CLEAN,0,0,,1,1,188.2,0.0000,ok
S3_A_hoverpairs_f001176.jpg,S3_A_hoverpairs,S3_court2_hoverpairs_20260815_091459,S3_A_hoverpairs,1176,77.664,251,210,0,-1,2,100,,,1,CLEAN,0,0,,1,1,208.8,0.0000,ok
S3_A_hoverpairs_f001182.jpg,S3_A_hoverpairs,S3_court2_hoverpairs_20260815_091459,S3_A_hoverpairs,1182,78.064,257,210,0,-1,2,100,,,1,CLEAN,0,0,,1,1,209.4,0.0000,ok
S3_A_hoverpairs_f001188.jpg,S3_A_hoverpairs,S3_court2_hoverpairs_20260815_091459,S3_A_hoverpairs,1188,78.464,255,210,0,-1,2,100,,,1,CLEAN,0,0,,1,1,197.1,0.0000,ok
S3_A_hoverpairs_f001194.jpg,S3_A_hoverpairs,S3_court2_hoverpairs_20260815_091459,S3_A_hoverpairs,1194,78.695,257,210,0,0,2,100,,,1,CLEAN,0,0,,1,1,218.0,0.0000,ok
S3_A_hoverpairs_f001200.jpg,S3_A_hoverpairs,S3_court2_hoverpairs_20260815_091459,S3_A_hoverpairs,1200,79.080,250,210,0,0,2,100,,,1,CLEAN,0,0,,1,1,199.2,0.0000,ok
S3_A_hoverpairs_f001206.jpg,S3_A_hoverpairs,S3_court2_hoverpairs_20260815_091459,S3_A_hoverpairs,1206,79.416,255,210,0,-1,2,100,,,1,transitional,,,,0,1,190.3,0.0000,ok
S3_A_hoverpairs_f001212.jpg,S3_A_hoverpairs,S3_court2_hoverpairs_20260815_091459,S3_A_hoverpairs,1212,79.699,256,210,0,-1,2,99,,,1,transitional,,,,0,1,192.3,0.0000,ok
S3_A_hoverpairs_f001218.jpg,S3_A_hoverpairs,S3_court2_hoverpairs_20260815_091459,S3_A_hoverpairs,1218,79.926,262,210,0,-2,2,99,,,0,transitional,,,,0,1,192.2,0.0000,ok
S3_A_hoverpairs_f001224.jpg,S3_A_hoverpairs,S3_court2_hoverpairs_20260815_091459,S3_A_hoverpairs,1224,80.228,257,210,0,-1,1,99,,,0,transitional,,,,0,1,220.2,0.0000,ok
S3_A_hoverpairs_f001230.jpg,S3_A_hoverpairs,S3_court2_hoverpairs_20260815_091459,S3_A_hoverpairs,1230,80.530,253,210,0,-1,2,99,,,0,transitional,,,,0,1,243.4,0.0000,ok
S3_A_hoverpairs_f001236.jpg,S3_A_hoverpairs,S3_court2_hoverpairs_20260815_091459,S3_A_hoverpairs,1236,80.925,250,210,0,-1,2,99,,,0,transitional,,,,0,1,247.1,0.0000,ok
S3_A_hoverpairs_f001242.jpg,S3_A_hoverpairs,S3_court2_hoverpairs_20260815_091459,S3_A_hoverpairs,1242,81.230,254,210,0,0,2,99,,,0,transitional,,,,0,1,193.2,0.0000,ok
S3_A_hoverpairs_f001248.jpg,S3_A_hoverpairs,S3_court2_hoverpairs_20260815_091459,S3_A_hoverpairs,1248,81.560,256,210,0,-1,1,98,,,0,transitional,,,,0,1,178.6,0.0000,ok
S3_A_hoverpairs_f001254.jpg,S3_A_hoverpairs,S3_court2_hoverpairs_20260815_091459,S3_A_hoverpairs,1254,81.857,254,210,0,0,1,98,,,0,transitional,,,,0,1,199.1,0.0000,ok
S3_A_hoverpairs_f001260.jpg,S3_A_hoverpairs,S3_court2_hoverpairs_20260815_091459,S3_A_hoverpairs,1260,82.161,259,210,0,0,2,98,,,0,transitional,,,,0,1,199.3,0.0000,ok
S3_A_hoverpairs_f001266.jpg,S3_A_hoverpairs,S3_court2_hoverpairs_20260815_091459,S3_A_hoverpairs,1266,82.475,251,210,0,-1,1,98,,,0,transitional,,,,0,1,190.0,0.0000,ok
S3_A_hoverpairs_f001272.jpg,S3_A_hoverpairs,S3_court2_hoverpairs_20260815_091459,S3_A_hoverpairs,1272,82.879,260,210,0,-1,2,98,,,0,transitional,,,,0,1,208.7,0.0000,ok
S3_A_hoverpairs_f001278.jpg,S3_A_hoverpairs,S3_court2_hoverpairs_20260815_091459,S3_A_hoverpairs,1278,83.291,259,220,0,-1,2,98,,,0,transitional,,,,0,1,227.0,0.0000,ok
S3_A_hoverpairs_f001284.jpg,S3_A_hoverpairs,S3_court2_hoverpairs_20260815_091459,S3_A_hoverpairs,1284,83.574,257,210,0,0,2,97,,,0,transitional,,,,0,1,240.6,0.0000,ok
S3_A_hoverpairs_f001290.jpg,S3_A_hoverpairs,S3_court2_hoverpairs_20260815_091459,S3_A_hoverpairs,1290,83.910,251,210,0,0,2,97,,,0,transitional,,,,0,1,240.4,0.0000,ok
S3_A_hoverpairs_f001296.jpg,S3_A_hoverpairs,S3_court2_hoverpairs_20260815_091459,S3_A_hoverpairs,1296,84.305,252,210,0,0,2,97,,,0,transitional,,,,0,1,203.1,0.0000,ok
S3_A_hoverpairs_f001302.jpg,S3_A_hoverpairs,S3_court2_hoverpairs_20260815_091459,S3_A_hoverpairs,1302,84.612,254,210,0,0,2,97,,,0,transitional,,,,0,1,196.0,0.0000,ok
S3_A_hoverpairs_f001308.jpg,S3_A_hoverpairs,S3_court2_hoverpairs_20260815_091459,S3_A_hoverpairs,1308,84.912,256,210,0,0,2,97,,,0,transitional,,,,0,1,193.7,0.0000,ok
S3_A_hoverpairs_f001314.jpg,S3_A_hoverpairs,S3_court2_hoverpairs_20260815_091459,S3_A_hoverpairs,1314,85.216,256,210,0,0,2,97,,,0,transitional,,,,0,1,199.5,0.0000,ok
S3_A_hoverpairs_f001320.jpg,S3_A_hoverpairs,S3_court2_hoverpairs_20260815_091459,S3_A_hoverpairs,1320,85.569,255,220,0,0,1,96,,,0,transitional,,,,0,1,185.1,0.0000,ok
S3_A_hoverpairs_f001326.jpg,S3_A_hoverpairs,S3_court2_hoverpairs_20260815_091459,S3_A_hoverpairs,1326,85.859,262,220,0,0,1,96,,,0,transitional,,,,0,1,197.2,0.0000,ok
S3_A_hoverpairs_f001332.jpg,S3_A_hoverpairs,S3_court2_hoverpairs_20260815_091459,S3_A_hoverpairs,1332,86.245,254,220,0,-1,1,96,,,0,transitional,,,,0,1,184.5,0.0000,ok
S3_A_hoverpairs_f001338.jpg,S3_A_hoverpairs,S3_court2_hoverpairs_20260815_091459,S3_A_hoverpairs,1338,86.653,256,220,0,-1,2,96,,,0,transitional,,,,0,1,197.1,0.0000,ok
S3_A_hoverpairs_f001344.jpg,S3_A_hoverpairs,S3_court2_hoverpairs_20260815_091459,S3_A_hoverpairs,1344,86.973,253,210,0,-2,2,96,,,0,transitional,,,,0,1,200.0,0.0000,ok
S3_A_hoverpairs_f001350.jpg,S3_A_hoverpairs,S3_court2_hoverpairs_20260815_091459,S3_A_hoverpairs,1350,87.288,253,210,0,-1,2,96,,,0,transitional,,,,0,1,182.7,0.0000,ok
S3_A_hoverpairs_f001356.jpg,S3_A_hoverpairs,S3_court2_hoverpairs_20260815_091459,S3_A_hoverpairs,1356,87.591,259,210,0,-1,2,95,,,0,transitional,,,,0,1,196.2,0.0000,ok
S3_A_hoverpairs_f001362.jpg,S3_A_hoverpairs,S3_court2_hoverpairs_20260815_091459,S3_A_hoverpairs,1362,87.988,254,210,0,-1,1,95,,,0,transitional,,,,0,1,197.9,0.0000,ok
S3_A_hoverpairs_f001368.jpg,S3_A_hoverpairs,S3_court2_hoverpairs_20260815_091459,S3_A_hoverpairs,1368,88.313,257,210,0,-1,2,95,,,0,transitional,,,,0,1,203.3,0.0000,ok
S3_A_hoverpairs_f001374.jpg,S3_A_hoverpairs,S3_court2_hoverpairs_20260815_091459,S3_A_hoverpairs,1374,88.705,259,210,0,-1,2,95,,,0,transitional,,,,0,1,212.8,0.0000,ok
S3_A_hoverpairs_f001380.jpg,S3_A_hoverpairs,S3_court2_hoverpairs_20260815_091459,S3_A_hoverpairs,1380,89.017,256,210,0,-1,2,95,,,0,transitional,,,,0,1,211.4,0.0000,ok
S3_A_hoverpairs_f001386.jpg,S3_A_hoverpairs,S3_court2_hoverpairs_20260815_091459,S3_A_hoverpairs,1386,89.325,247,210,0,0,2,95,,,0,transitional,,,,0,1,196.5,0.0000,ok
S3_A_hoverpairs_f001392.jpg,S3_A_hoverpairs,S3_court2_hoverpairs_20260815_091459,S3_A_hoverpairs,1392,89.725,251,210,0,-1,2,94,,,0,transitional,,,,0,1,209.3,0.0000,ok
S3_A_hoverpairs_f001398.jpg,S3_A_hoverpairs,S3_court2_hoverpairs_20260815_091459,S3_A_hoverpairs,1398,90.028,250,210,0,-1,2,94,,,0,transitional,,,,0,1,203.5,0.0000,ok
S3_A_hoverpairs_f001404.jpg,S3_A_hoverpairs,S3_court2_hoverpairs_20260815_091459,S3_A_hoverpairs,1404,90.259,252,210,0,-1,2,94,,,0,transitional,,,,0,1,199.4,0.0000,ok
S3_A_hoverpairs_f001410.jpg,S3_A_hoverpairs,S3_court2_hoverpairs_20260815_091459,S3_A_hoverpairs,1410,90.562,256,210,0,-1,2,94,,,0,transitional,,,,0,1,197.1,0.0000,ok
S3_A_hoverpairs_f001416.jpg,S3_A_hoverpairs,S3_court2_hoverpairs_20260815_091459,S3_A_hoverpairs,1416,90.879,257,210,0,-1,2,94,,,0,transitional,,,,0,1,204.3,0.0000,ok
S3_A_hoverpairs_f001422.jpg,S3_A_hoverpairs,S3_court2_hoverpairs_20260815_091459,S3_A_hoverpairs,1422,91.274,256,220,0,-1,2,94,,,0,transitional,,,,0,1,206.6,0.0000,ok
S3_A_hoverpairs_f001428.jpg,S3_A_hoverpairs,S3_court2_hoverpairs_20260815_091459,S3_A_hoverpairs,1428,91.513,254,210,0,-1,2,94,,,0,transitional,,,,0,1,224.7,0.0000,ok
S3_A_hoverpairs_f001434.jpg,S3_A_hoverpairs,S3_court2_hoverpairs_20260815_091459,S3_A_hoverpairs,1434,91.831,251,210,0,0,2,93,,,0,transitional,,,,0,1,223.3,0.0000,ok
S3_A_hoverpairs_f001440.jpg,S3_A_hoverpairs,S3_court2_hoverpairs_20260815_091459,S3_A_hoverpairs,1440,92.129,257,210,0,-1,2,93,,,0,transitional,,,,0,1,198.2,0.0000,ok
S3_A_hoverpairs_f001446.jpg,S3_A_hoverpairs,S3_court2_hoverpairs_20260815_091459,S3_A_hoverpairs,1446,92.518,254,210,0,-1,2,93,,,0,transitional,,,,0,1,205.6,0.0000,ok
S3_A_hoverpairs_f001452.jpg,S3_A_hoverpairs,S3_court2_hoverpairs_20260815_091459,S3_A_hoverpairs,1452,92.822,257,210,0,0,2,93,,,0,transitional,,,,0,1,205.3,0.0000,ok
S3_A_hoverpairs_f001458.jpg,S3_A_hoverpairs,S3_court2_hoverpairs_20260815_091459,S3_A_hoverpairs,1458,93.143,256,210,0,0,2,93,,,0,transitional,,,,0,1,207.5,0.0000,ok
S3_A_hoverpairs_f001464.jpg,S3_A_hoverpairs,S3_court2_hoverpairs_20260815_091459,S3_A_hoverpairs,1464,93.442,256,210,0,0,2,93,,,0,transitional,,,,0,1,187.8,0.0000,ok
S3_A_hoverpairs_f001470.jpg,S3_A_hoverpairs,S3_court2_hoverpairs_20260815_091459,S3_A_hoverpairs,1470,93.766,255,210,0,-1,1,93,,,0,transitional,,,,0,1,182.6,0.0000,ok
S3_A_hoverpairs_f001476.jpg,S3_A_hoverpairs,S3_court2_hoverpairs_20260815_091459,S3_A_hoverpairs,1476,94.075,257,210,0,-1,1,93,,,0,transitional,,,,0,1,189.2,0.0000,ok
S3_A_hoverpairs_f001482.jpg,S3_A_hoverpairs,S3_court2_hoverpairs_20260815_091459,S3_A_hoverpairs,1482,94.496,253,210,0,-2,1,93,,,0,transitional,,,,0,1,246.6,0.0000,ok
S3_A_hoverpairs_f001488.jpg,S3_A_hoverpairs,S3_court2_hoverpairs_20260815_091459,S3_A_hoverpairs,1488,94.815,245,210,0,-1,1,93,,,0,transitional,,,,0,1,248.2,0.0000,ok
S3_A_hoverpairs_f001494.jpg,S3_A_hoverpairs,S3_court2_hoverpairs_20260815_091459,S3_A_hoverpairs,1494,95.089,249,210,0,-1,1,93,,,0,transitional,,,,0,1,258.2,0.0000,ok
S3_A_hoverpairs_f001500.jpg,S3_A_hoverpairs,S3_court2_hoverpairs_20260815_091459,S3_A_hoverpairs,1500,95.394,249,210,0,-1,1,93,,,0,transitional,,,,0,1,208.9,0.0000,ok
S3_A_hoverpairs_f001506.jpg,S3_A_hoverpairs,S3_court2_hoverpairs_20260815_091459,S3_A_hoverpairs,1506,95.689,252,210,0,0,1,93,,,0,transitional,,,,0,1,213.5,0.0000,ok
S3_A_hoverpairs_f001512.jpg,S3_A_hoverpairs,S3_court2_hoverpairs_20260815_091459,S3_A_hoverpairs,1512,95.991,258,210,0,0,1,93,,,0,transitional,,,,0,1,217.5,0.0000,ok
S3_A_hoverpairs_f001518.jpg,S3_A_hoverpairs,S3_court2_hoverpairs_20260815_091459,S3_A_hoverpairs,1518,96.325,254,210,0,0,1,93,,,0,transitional,,,,0,1,382.0,0.0000,ok
S3_A_hoverpairs_f001524.jpg,S3_A_hoverpairs,S3_court2_hoverpairs_20260815_091459,S3_A_hoverpairs,1524,96.613,258,210,0,0,1,92,,,0,transitional,,,,0,1,362.2,0.0000,ok
S3_A_hoverpairs_f001530.jpg,S3_A_hoverpairs,S3_court2_hoverpairs_20260815_091459,S3_A_hoverpairs,1530,96.934,248,210,0,0,1,92,,,0,transitional,,,,0,1,295.9,0.0000,ok
S3_A_hoverpairs_f001536.jpg,S3_A_hoverpairs,S3_court2_hoverpairs_20260815_091459,S3_A_hoverpairs,1536,98.206,257,210,0,-1,1,92,,,0,transitional,,,,0,1,239.8,0.0000,ok
S3_A_hoverpairs_f001542.jpg,S3_A_hoverpairs,S3_court2_hoverpairs_20260815_091459,S3_A_hoverpairs,1542,98.537,254,220,0,-1,1,92,,,0,transitional,,,,0,1,306.7,0.0000,ok
S3_A_hoverpairs_f001548.jpg,S3_A_hoverpairs,S3_court2_hoverpairs_20260815_091459,S3_A_hoverpairs,1548,98.773,259,220,0,-1,2,92,,,0,transitional,,,,0,1,310.8,0.0000,ok
S3_A_hoverpairs_f001554.jpg,S3_A_hoverpairs,S3_court2_hoverpairs_20260815_091459,S3_A_hoverpairs,1554,99.089,250,210,0,0,2,92,,,0,transitional,,,,0,1,302.2,0.0000,ok
S3_A_hoverpairs_f001560.jpg,S3_A_hoverpairs,S3_court2_hoverpairs_20260815_091459,S3_A_hoverpairs,1560,99.472,245,210,0,-1,2,92,,,0,transitional,,,,0,1,193.6,0.0000,ok
S3_A_hoverpairs_f001566.jpg,S3_A_hoverpairs,S3_court2_hoverpairs_20260815_091459,S3_A_hoverpairs,1566,99.780,247,210,0,-1,2,92,,,0,transitional,,,,0,1,193.6,0.0000,ok
S3_A_hoverpairs_f001572.jpg,S3_A_hoverpairs,S3_court2_hoverpairs_20260815_091459,S3_A_hoverpairs,1572,100.029,248,210,0,0,2,92,,,0,transitional,,,,0,1,213.5,0.0000,ok
S3_A_hoverpairs_f001578.jpg,S3_A_hoverpairs,S3_court2_hoverpairs_20260815_091459,S3_A_hoverpairs,1578,100.925,249,210,0,-1,2,92,,,0,transitional,,,,0,1,239.6,0.0000,ok
S3_A_hoverpairs_f001584.jpg,S3_A_hoverpairs,S3_court2_hoverpairs_20260815_091459,S3_A_hoverpairs,1584,101.080,249,210,0,-1,2,92,,,0,transitional,,,,0,1,206.1,0.0000,ok
S3_A_hoverpairs_f001590.jpg,S3_A_hoverpairs,S3_court2_hoverpairs_20260815_091459,S3_A_hoverpairs,1590,101.241,249,210,0,-1,2,92,,,0,transitional,,,,0,1,201.2,0.0000,ok
S3_A_hoverpairs_f001596.jpg,S3_A_hoverpairs,S3_court2_hoverpairs_20260815_091459,S3_A_hoverpairs,1596,101.574,259,220,0,-1,2,92,,,0,transitional,,,,0,1,198.2,0.0000,ok
S3_A_hoverpairs_f001602.jpg,S3_A_hoverpairs,S3_court2_hoverpairs_20260815_091459,S3_A_hoverpairs,1602,102.130,252,210,0,0,2,92,,,0,transitional,,,,0,1,217.7,0.0000,ok
S3_A_hoverpairs_f001608.jpg,S3_A_hoverpairs,S3_court2_hoverpairs_20260815_091459,S3_A_hoverpairs,1608,102.382,250,210,0,0,2,92,,,0,transitional,,,,0,1,189.5,0.0000,ok
S3_A_hoverpairs_f001614.jpg,S3_A_hoverpairs,S3_court2_hoverpairs_20260815_091459,S3_A_hoverpairs,1614,102.783,253,210,0,0,2,92,,,0,transitional,,,,0,1,179.3,0.0000,ok
S3_A_hoverpairs_f001620.jpg,S3_A_hoverpairs,S3_court2_hoverpairs_20260815_091459,S3_A_hoverpairs,1620,103.240,251,210,0,0,2,92,,,0,transitional,,,,0,1,181.2,0.0000,ok
S3_A_hoverpairs_f001626.jpg,S3_A_hoverpairs,S3_court2_hoverpairs_20260815_091459,S3_A_hoverpairs,1626,103.741,257,210,0,-1,1,92,,,0,transitional,,,,0,1,193.3,0.0011,ok
S3_A_hoverpairs_f001632.jpg,S3_A_hoverpairs,S3_court2_hoverpairs_20260815_091459,S3_A_hoverpairs,1632,104.012,257,210,0,-1,1,92,,,0,transitional,,,,0,1,209.5,0.0011,ok
S3_A_hoverpairs_f001638.jpg,S3_A_hoverpairs,S3_court2_hoverpairs_20260815_091459,S3_A_hoverpairs,1638,104.457,262,220,0,0,1,92,,,0,transitional,,,,0,1,269.4,0.0010,ok
S3_A_hoverpairs_f001644.jpg,S3_A_hoverpairs,S3_court2_hoverpairs_20260815_091459,S3_A_hoverpairs,1644,104.841,255,220,0,-1,1,91,,,0,transitional,,,,0,1,279.1,0.0009,ok
S3_A_hoverpairs_f001650.jpg,S3_A_hoverpairs,S3_court2_hoverpairs_20260815_091459,S3_A_hoverpairs,1650,105.251,255,210,0,-1,1,91,,,0,transitional,,,,0,1,174.2,0.0000,ok
S3_A_hoverpairs_f001656.jpg,S3_A_hoverpairs,S3_court2_hoverpairs_20260815_091459,S3_A_hoverpairs,1656,105.608,255,210,0,-1,1,91,,,0,transitional,,,,0,1,183.7,0.0000,ok
S3_A_hoverpairs_f001662.jpg,S3_A_hoverpairs,S3_court2_hoverpairs_20260815_091459,S3_A_hoverpairs,1662,105.830,256,210,0,-2,1,91,,,0,transitional,,,,0,1,204.3,0.0000,ok
S3_A_hoverpairs_f001668.jpg,S3_A_hoverpairs,S3_court2_hoverpairs_20260815_091459,S3_A_hoverpairs,1668,106.130,252,210,0,-2,2,91,,,0,transitional,,,,0,1,196.4,0.0000,ok
S3_A_hoverpairs_f001674.jpg,S3_A_hoverpairs,S3_court2_hoverpairs_20260815_091459,S3_A_hoverpairs,1674,106.409,250,210,0,-1,2,91,,,0,transitional,,,,0,1,168.7,0.0000,ok
S3_A_hoverpairs_f001680.jpg,S3_A_hoverpairs,S3_court2_hoverpairs_20260815_091459,S3_A_hoverpairs,1680,106.854,260,210,0,-1,2,91,,,0,transitional,,,,0,1,180.2,0.0000,ok
S3_A_hoverpairs_f001686.jpg,S3_A_hoverpairs,S3_court2_hoverpairs_20260815_091459,S3_A_hoverpairs,1686,107.125,260,210,0,-1,2,91,,,0,transitional,,,,0,1,178.6,0.0000,ok
S3_A_hoverpairs_f001692.jpg,S3_A_hoverpairs,S3_court2_hoverpairs_20260815_091459,S3_A_hoverpairs,1692,107.447,257,220,0,-1,1,91,,,0,transitional,,,,0,1,190.4,0.0000,ok
S3_A_hoverpairs_f001698.jpg,S3_A_hoverpairs,S3_court2_hoverpairs_20260815_091459,S3_A_hoverpairs,1698,107.744,257,220,0,-1,2,91,,,0,transitional,,,,0,1,193.6,0.0000,ok
S3_A_hoverpairs_f001704.jpg,S3_A_hoverpairs,S3_court2_hoverpairs_20260815_091459,S3_A_hoverpairs,1704,108.056,258,210,0,-2,2,91,,,0,transitional,,,,0,1,181.0,0.0000,ok
S3_A_hoverpairs_f001710.jpg,S3_A_hoverpairs,S3_court2_hoverpairs_20260815_091459,S3_A_hoverpairs,1710,108.279,251,210,0,-2,2,91,,,0,transitional,,,,0,1,176.0,0.0000,ok
S3_A_hoverpairs_f001716.jpg,S3_A_hoverpairs,S3_court2_hoverpairs_20260815_091459,S3_A_hoverpairs,1716,108.495,254,210,0,-1,2,91,,,0,transitional,,,,0,1,177.6,0.0000,ok
S3_A_hoverpairs_f001722.jpg,S3_A_hoverpairs,S3_court2_hoverpairs_20260815_091459,S3_A_hoverpairs,1722,108.887,250,210,0,-1,2,91,,,0,transitional,,,,0,1,185.5,0.0000,ok
S3_A_hoverpairs_f001728.jpg,S3_A_hoverpairs,S3_court2_hoverpairs_20260815_091459,S3_A_hoverpairs,1728,109.284,255,210,0,-1,2,91,,,0,transitional,,,,0,1,189.2,0.0000,ok
S3_A_hoverpairs_f001734.jpg,S3_A_hoverpairs,S3_court2_hoverpairs_20260815_091459,S3_A_hoverpairs,1734,109.587,256,210,0,-1,2,91,,,0,transitional,,,,0,1,174.2,0.0000,ok
S3_A_hoverpairs_f001740.jpg,S3_A_hoverpairs,S3_court2_hoverpairs_20260815_091459,S3_A_hoverpairs,1740,109.905,257,210,0,-1,2,91,,,0,transitional,,,,0,1,180.3,0.0000,ok
S3_A_hoverpairs_f001746.jpg,S3_A_hoverpairs,S3_court2_hoverpairs_20260815_091459,S3_A_hoverpairs,1746,110.124,259,210,0,-1,2,91,,,0,transitional,,,,0,1,199.5,0.0000,ok
S3_A_hoverpairs_f001752.jpg,S3_A_hoverpairs,S3_court2_hoverpairs_20260815_091459,S3_A_hoverpairs,1752,110.410,254,210,0,0,2,91,,,0,transitional,,,,0,1,185.8,0.0000,ok
S3_A_hoverpairs_f001758.jpg,S3_A_hoverpairs,S3_court2_hoverpairs_20260815_091459,S3_A_hoverpairs,1758,110.733,251,210,0,0,2,90,,,0,transitional,,,,0,1,186.1,0.0000,ok
S3_A_hoverpairs_f001764.jpg,S3_A_hoverpairs,S3_court2_hoverpairs_20260815_091459,S3_A_hoverpairs,1764,111.124,254,210,0,-1,2,90,,,0,transitional,,,,0,1,178.5,0.0000,ok
S3_A_hoverpairs_f001770.jpg,S3_A_hoverpairs,S3_court2_hoverpairs_20260815_091459,S3_A_hoverpairs,1770,111.359,259,210,0,-1,1,90,,,0,transitional,,,,0,1,160.5,0.0000,ok
S3_A_hoverpairs_f001776.jpg,S3_A_hoverpairs,S3_court2_hoverpairs_20260815_091459,S3_A_hoverpairs,1776,111.572,257,210,0,-1,1,90,,,0,transitional,,,,0,1,168.3,0.0000,ok
S3_A_hoverpairs_f001782.jpg,S3_A_hoverpairs,S3_court2_hoverpairs_20260815_091459,S3_A_hoverpairs,1782,111.876,257,210,0,-1,2,90,,,0,transitional,,,,0,1,190.3,0.0000,ok
S3_A_hoverpairs_f001788.jpg,S3_A_hoverpairs,S3_court2_hoverpairs_20260815_091459,S3_A_hoverpairs,1788,112.189,259,220,0,-2,1,90,,,0,transitional,,,,0,1,182.5,0.0000,ok
S3_A_hoverpairs_f001794.jpg,S3_A_hoverpairs,S3_court2_hoverpairs_20260815_091459,S3_A_hoverpairs,1794,112.557,258,220,0,-1,2,90,,,0,transitional,,,,0,1,173.8,0.0000,ok
S3_A_hoverpairs_f001800.jpg,S3_A_hoverpairs,S3_court2_hoverpairs_20260815_091459,S3_A_hoverpairs,1800,112.876,252,210,0,-1,2,90,,,0,transitional,,,,0,1,176.6,0.0000,ok
S3_A_hoverpairs_f001806.jpg,S3_A_hoverpairs,S3_court2_hoverpairs_20260815_091459,S3_A_hoverpairs,1806,113.194,245,210,0,-1,2,90,,,0,transitional,,,,0,1,200.7,0.0000,ok
S3_A_hoverpairs_f001812.jpg,S3_A_hoverpairs,S3_court2_hoverpairs_20260815_091459,S3_A_hoverpairs,1812,113.491,250,210,0,-1,2,90,,,0,transitional,,,,0,1,163.0,0.0000,ok
S3_A_hoverpairs_f001818.jpg,S3_A_hoverpairs,S3_court2_hoverpairs_20260815_091459,S3_A_hoverpairs,1818,113.794,251,210,0,-1,2,90,,,0,transitional,,,,0,1,188.7,0.0000,ok
S3_A_hoverpairs_f001824.jpg,S3_A_hoverpairs,S3_court2_hoverpairs_20260815_091459,S3_A_hoverpairs,1824,114.246,257,210,0,-1,2,90,,,0,transitional,,,,0,1,199.1,0.0000,ok
S3_A_hoverpairs_f001830.jpg,S3_A_hoverpairs,S3_court2_hoverpairs_20260815_091459,S3_A_hoverpairs,1830,114.530,259,210,0,-1,2,90,,,0,transitional,,,,0,1,179.3,0.0000,ok
S3_A_hoverpairs_f001836.jpg,S3_A_hoverpairs,S3_court2_hoverpairs_20260815_091459,S3_A_hoverpairs,1836,114.839,256,210,0,-1,2,90,,,0,transitional,,,,0,1,177.1,0.0000,ok
S3_A_hoverpairs_f001842.jpg,S3_A_hoverpairs,S3_court2_hoverpairs_20260815_091459,S3_A_hoverpairs,1842,115.161,262,220,0,-1,2,90,,,0,transitional,,,,0,1,194.7,0.0000,ok
S3_A_hoverpairs_f001848.jpg,S3_A_hoverpairs,S3_court2_hoverpairs_20260815_091459,S3_A_hoverpairs,1848,115.457,257,220,0,-1,2,90,,,0,transitional,,,,0,1,183.4,0.0000,ok
S3_A_hoverpairs_f001854.jpg,S3_A_hoverpairs,S3_court2_hoverpairs_20260815_091459,S3_A_hoverpairs,1854,115.764,252,220,0,-1,2,90,,,0,transitional,,,,0,1,187.7,0.0000,ok
S3_A_hoverpairs_f001860.jpg,S3_A_hoverpairs,S3_court2_hoverpairs_20260815_091459,S3_A_hoverpairs,1860,116.064,251,210,0,-1,2,90,,,0,transitional,,,,0,1,192.1,0.0000,ok
S3_A_hoverpairs_f001866.jpg,S3_A_hoverpairs,S3_court2_hoverpairs_20260815_091459,S3_A_hoverpairs,1866,116.464,255,210,0,-1,2,90,,,0,transitional,,,,0,1,194.4,0.0000,ok
S3_A_hoverpairs_f001872.jpg,S3_A_hoverpairs,S3_court2_hoverpairs_20260815_091459,S3_A_hoverpairs,1872,116.874,253,210,0,-1,2,90,,,0,transitional,,,,0,1,187.1,0.0000,ok
S3_A_hoverpairs_f001878.jpg,S3_A_hoverpairs,S3_court2_hoverpairs_20260815_091459,S3_A_hoverpairs,1878,117.275,250,210,0,-1,2,90,,,0,transitional,,,,0,1,168.6,0.0000,ok
S3_A_hoverpairs_f001884.jpg,S3_A_hoverpairs,S3_court2_hoverpairs_20260815_091459,S3_A_hoverpairs,1884,117.573,256,210,0,-1,2,90,,,0,transitional,,,,0,1,182.7,0.0000,ok
S3_A_hoverpairs_f001890.jpg,S3_A_hoverpairs,S3_court2_hoverpairs_20260815_091459,S3_A_hoverpairs,1890,117.879,257,210,0,-1,2,90,,,0,transitional,,,,0,1,203.1,0.0000,ok
S3_A_hoverpairs_f001896.jpg,S3_A_hoverpairs,S3_court2_hoverpairs_20260815_091459,S3_A_hoverpairs,1896,118.210,256,210,0,-1,2,90,,,0,transitional,,,,0,1,183.1,0.0000,ok
S3_A_hoverpairs_f001902.jpg,S3_A_hoverpairs,S3_court2_hoverpairs_20260815_091459,S3_A_hoverpairs,1902,118.604,254,220,0,-1,2,89,,,0,transitional,,,,0,1,183.2,0.0000,ok
S3_A_hoverpairs_f001908.jpg,S3_A_hoverpairs,S3_court2_hoverpairs_20260815_091459,S3_A_hoverpairs,1908,118.910,253,220,0,-1,2,89,,,0,transitional,,,,0,1,189.6,0.0000,ok
S3_A_hoverpairs_f001914.jpg,S3_A_hoverpairs,S3_court2_hoverpairs_20260815_091459,S3_A_hoverpairs,1914,119.147,254,210,0,-1,2,89,,,0,transitional,,,,0,1,203.6,0.0000,ok
S3_A_hoverpairs_f001920.jpg,S3_A_hoverpairs,S3_court2_hoverpairs_20260815_091459,S3_A_hoverpairs,1920,119.629,252,210,0,-1,2,89,,,0,transitional,,,,0,1,190.4,0.0000,ok
S3_A_hoverpairs_f001926.jpg,S3_A_hoverpairs,S3_court2_hoverpairs_20260815_091459,S3_A_hoverpairs,1926,120.909,257,210,0,-1,1,89,,,0,transitional,,,,0,1,173.8,0.0000,ok
S3_A_hoverpairs_f001932.jpg,S3_A_hoverpairs,S3_court2_hoverpairs_20260815_091459,S3_A_hoverpairs,1932,121.189,262,210,0,-1,1,89,,,0,transitional,,,,0,1,171.2,0.0000,ok
S3_A_hoverpairs_f001938.jpg,S3_A_hoverpairs,S3_court2_hoverpairs_20260815_091459,S3_A_hoverpairs,1938,121.564,255,220,0,-1,1,89,,,0,transitional,,,,0,1,185.9,0.0000,ok
S3_A_hoverpairs_f001944.jpg,S3_A_hoverpairs,S3_court2_hoverpairs_20260815_091459,S3_A_hoverpairs,1944,121.876,262,220,0,-1,1,89,,,0,transitional,,,,0,1,193.3,0.0000,ok
S3_A_hoverpairs_f001950.jpg,S3_A_hoverpairs,S3_court2_hoverpairs_20260815_091459,S3_A_hoverpairs,1950,122.184,256,220,0,-1,1,89,,,0,transitional,,,,0,1,193.9,0.0000,ok
S3_A_hoverpairs_f001956.jpg,S3_A_hoverpairs,S3_court2_hoverpairs_20260815_091459,S3_A_hoverpairs,1956,122.595,257,210,0,-1,1,89,,,0,transitional,,,,0,1,175.9,0.0000,ok
S3_A_hoverpairs_f001962.jpg,S3_A_hoverpairs,S3_court2_hoverpairs_20260815_091459,S3_A_hoverpairs,1962,123.026,254,210,0,-2,1,89,,,0,transitional,,,,0,1,183.0,0.0000,ok
S3_A_hoverpairs_f001968.jpg,S3_A_hoverpairs,S3_court2_hoverpairs_20260815_091459,S3_A_hoverpairs,1968,123.326,254,210,0,-1,2,89,,,0,transitional,,,,0,1,186.8,0.0000,ok
S3_A_hoverpairs_f001974.jpg,S3_A_hoverpairs,S3_court2_hoverpairs_20260815_091459,S3_A_hoverpairs,1974,123.729,257,210,0,-1,2,89,,,0,transitional,,,,0,1,189.4,0.0000,ok
S3_A_hoverpairs_f001980.jpg,S3_A_hoverpairs,S3_court2_hoverpairs_20260815_091459,S3_A_hoverpairs,1980,124.062,257,210,0,-1,2,89,,,0,transitional,,,,0,1,195.2,0.0000,ok
S3_A_hoverpairs_f001986.jpg,S3_A_hoverpairs,S3_court2_hoverpairs_20260815_091459,S3_A_hoverpairs,1986,124.365,253,210,0,-1,2,89,,,0,transitional,,,,0,1,168.9,0.0000,ok
S3_A_hoverpairs_f001992.jpg,S3_A_hoverpairs,S3_court2_hoverpairs_20260815_091459,S3_A_hoverpairs,1992,124.664,257,210,0,-1,1,88,,,0,transitional,,,,0,1,168.4,0.0000,ok
S3_A_hoverpairs_f001998.jpg,S3_A_hoverpairs,S3_court2_hoverpairs_20260815_091459,S3_A_hoverpairs,1998,125.045,259,210,0,0,2,88,,,0,transitional,,,,0,1,186.5,0.0000,ok
S3_A_hoverpairs_f002004.jpg,S3_A_hoverpairs,S3_court2_hoverpairs_20260815_091459,S3_A_hoverpairs,2004,125.377,249,210,0,-1,1,88,,,0,transitional,,,,0,1,168.5,0.0000,ok
S3_A_hoverpairs_f002010.jpg,S3_A_hoverpairs,S3_court2_hoverpairs_20260815_091459,S3_A_hoverpairs,2010,125.692,254,210,0,-1,2,88,,,0,transitional,,,,0,1,192.8,0.0000,ok
S3_A_hoverpairs_f002016.jpg,S3_A_hoverpairs,S3_court2_hoverpairs_20260815_091459,S3_A_hoverpairs,2016,125.990,254,210,0,-1,2,88,,,0,transitional,,,,0,1,187.1,0.0000,ok
S3_A_hoverpairs_f002022.jpg,S3_A_hoverpairs,S3_court2_hoverpairs_20260815_091459,S3_A_hoverpairs,2022,126.476,257,210,0,-1,2,88,,,0,transitional,,,,0,1,200.9,0.0000,ok
S3_A_hoverpairs_f002028.jpg,S3_A_hoverpairs,S3_court2_hoverpairs_20260815_091459,S3_A_hoverpairs,2028,126.789,251,210,0,-1,2,88,,,0,transitional,,,,0,1,207.4,0.0000,ok
S3_A_hoverpairs_f002034.jpg,S3_A_hoverpairs,S3_court2_hoverpairs_20260815_091459,S3_A_hoverpairs,2034,127.099,248,210,0,-1,2,88,,,0,transitional,,,,0,1,208.3,0.0000,ok
S3_A_hoverpairs_f002040.jpg,S3_A_hoverpairs,S3_court2_hoverpairs_20260815_091459,S3_A_hoverpairs,2040,127.323,254,210,0,-1,2,88,,,1,transitional,,,,0,1,170.8,0.0000,ok
S3_A_hoverpairs_f002046.jpg,S3_A_hoverpairs,S3_court2_hoverpairs_20260815_091459,S3_A_hoverpairs,2046,127.723,254,210,0,-1,1,88,,,1,transitional,,,,0,1,186.6,0.0000,ok
S3_A_hoverpairs_f002052.jpg,S3_A_hoverpairs,S3_court2_hoverpairs_20260815_091459,S3_A_hoverpairs,2052,128.131,258,220,0,-1,2,88,,,1,OCC25,37.5,25,,1,1,199.0,0.0000,ok
S3_A_hoverpairs_f002058.jpg,S3_A_hoverpairs,S3_court2_hoverpairs_20260815_091459,S3_A_hoverpairs,2058,128.444,260,220,0,-1,1,88,,,1,OCC25,37.5,25,,1,1,197.5,0.0000,ok
S3_A_hoverpairs_f002064.jpg,S3_A_hoverpairs,S3_court2_hoverpairs_20260815_091459,S3_A_hoverpairs,2064,128.758,256,220,0,-2,2,88,,,1,OCC25,37.5,25,,1,1,193.0,0.0000,ok
S3_A_hoverpairs_f002070.jpg,S3_A_hoverpairs,S3_court2_hoverpairs_20260815_091459,S3_A_hoverpairs,2070,129.097,254,220,0,-1,2,88,,,1,OCC25,37.5,25,,1,1,190.4,0.0000,ok
S3_A_hoverpairs_f002076.jpg,S3_A_hoverpairs,S3_court2_hoverpairs_20260815_091459,S3_A_hoverpairs,2076,129.364,250,210,0,-1,2,88,,,1,OCC25,37.5,25,,1,1,191.9,0.0000,ok
S3_A_hoverpairs_f002082.jpg,S3_A_hoverpairs,S3_court2_hoverpairs_20260815_091459,S3_A_hoverpairs,2082,129.863,254,210,0,-1,2,88,,,1,OCC25,37.5,25,,1,1,192.3,0.0000,ok
S3_A_hoverpairs_f002088.jpg,S3_A_hoverpairs,S3_court2_hoverpairs_20260815_091459,S3_A_hoverpairs,2088,130.187,248,210,0,-2,2,88,,,1,OCC25,37.5,25,,1,1,206.7,0.0000,ok
S3_A_hoverpairs_f002094.jpg,S3_A_hoverpairs,S3_court2_hoverpairs_20260815_091459,S3_A_hoverpairs,2094,130.486,246,210,0,-1,2,88,,,1,OCC25,37.5,25,,1,1,176.6,0.0000,ok
S3_A_hoverpairs_f002100.jpg,S3_A_hoverpairs,S3_court2_hoverpairs_20260815_091459,S3_A_hoverpairs,2100,130.898,253,210,0,-1,2,88,,,1,OCC25,37.5,25,,1,1,187.5,0.0000,ok
S3_A_hoverpairs_f002106.jpg,S3_A_hoverpairs,S3_court2_hoverpairs_20260815_091459,S3_A_hoverpairs,2106,131.207,255,210,0,-1,2,88,,,1,OCC25,37.5,25,,1,1,200.6,0.0000,ok
S3_A_hoverpairs_f002112.jpg,S3_A_hoverpairs,S3_court2_hoverpairs_20260815_091459,S3_A_hoverpairs,2112,131.428,257,210,0,-1,2,88,,,1,OCC25,37.5,25,,1,1,170.8,0.0000,ok
S3_A_hoverpairs_f002118.jpg,S3_A_hoverpairs,S3_court2_hoverpairs_20260815_091459,S3_A_hoverpairs,2118,131.814,259,220,0,-1,2,88,,,1,OCC25,37.5,25,,1,1,190.3,0.0000,ok
S3_A_hoverpairs_f002124.jpg,S3_A_hoverpairs,S3_court2_hoverpairs_20260815_091459,S3_A_hoverpairs,2124,132.119,252,220,0,-1,2,88,,,1,OCC25,37.5,25,,1,1,196.0,0.0000,ok
S3_A_hoverpairs_f002130.jpg,S3_A_hoverpairs,S3_court2_hoverpairs_20260815_091459,S3_A_hoverpairs,2130,132.531,254,210,0,-1,2,88,,,1,OCC25,37.5,25,,1,1,182.4,0.0000,ok
S3_A_hoverpairs_f002136.jpg,S3_A_hoverpairs,S3_court2_hoverpairs_20260815_091459,S3_A_hoverpairs,2136,132.772,253,210,0,-1,2,87,,,1,OCC25,37.5,25,,1,1,184.8,0.0000,ok
S3_A_hoverpairs_f002142.jpg,S3_A_hoverpairs,S3_court2_hoverpairs_20260815_091459,S3_A_hoverpairs,2142,133.063,250,210,0,-1,2,87,,,1,OCC25,37.5,25,,1,1,208.1,0.0000,ok
S3_A_hoverpairs_f002148.jpg,S3_A_hoverpairs,S3_court2_hoverpairs_20260815_091459,S3_A_hoverpairs,2148,133.380,251,210,0,0,2,87,,,1,OCC25,37.5,25,,1,1,172.9,0.0000,ok
S3_A_hoverpairs_f002154.jpg,S3_A_hoverpairs,S3_court2_hoverpairs_20260815_091459,S3_A_hoverpairs,2154,133.669,251,210,0,-1,2,87,,,1,OCC25,37.5,25,,1,1,169.9,0.0000,ok
S3_A_hoverpairs_f002160.jpg,S3_A_hoverpairs,S3_court2_hoverpairs_20260815_091459,S3_A_hoverpairs,2160,133.973,250,210,0,-1,2,87,,,1,OCC25,37.5,25,,1,1,174.2,0.0000,ok
S3_A_hoverpairs_f002166.jpg,S3_A_hoverpairs,S3_court2_hoverpairs_20260815_091459,S3_A_hoverpairs,2166,134.282,251,210,0,-1,1,87,,,1,OCC25,37.5,25,,1,1,177.9,0.0000,ok
S3_A_hoverpairs_f002172.jpg,S3_A_hoverpairs,S3_court2_hoverpairs_20260815_091459,S3_A_hoverpairs,2172,134.575,251,210,0,-1,1,87,,,1,OCC25,37.5,25,,1,1,176.4,0.0000,ok
S3_A_hoverpairs_f002178.jpg,S3_A_hoverpairs,S3_court2_hoverpairs_20260815_091459,S3_A_hoverpairs,2178,134.881,254,210,0,-2,1,87,,,1,OCC25,37.5,25,,1,1,199.0,0.0000,ok
S3_A_hoverpairs_f002184.jpg,S3_A_hoverpairs,S3_court2_hoverpairs_20260815_091459,S3_A_hoverpairs,2184,135.209,258,220,0,-2,1,87,,,1,OCC25,37.5,25,,1,1,187.6,0.0000,ok
S3_A_hoverpairs_f002190.jpg,S3_A_hoverpairs,S3_court2_hoverpairs_20260815_091459,S3_A_hoverpairs,2190,135.517,256,210,0,-1,1,87,,,1,OCC25,37.5,25,,1,1,193.9,0.0000,ok
S3_A_hoverpairs_f002196.jpg,S3_A_hoverpairs,S3_court2_hoverpairs_20260815_091459,S3_A_hoverpairs,2196,135.825,252,210,0,-1,1,87,,,1,OCC25,37.5,25,,1,1,198.0,0.0000,ok
S3_A_hoverpairs_f002202.jpg,S3_A_hoverpairs,S3_court2_hoverpairs_20260815_091459,S3_A_hoverpairs,2202,136.310,256,210,0,-1,1,87,,,1,OCC25,37.5,25,,1,1,187.6,0.0000,ok
S3_A_hoverpairs_f002208.jpg,S3_A_hoverpairs,S3_court2_hoverpairs_20260815_091459,S3_A_hoverpairs,2208,136.697,255,210,0,-1,1,87,,,1,transitional,,,,0,1,183.8,0.0000,ok
S3_A_hoverpairs_f002214.jpg,S3_A_hoverpairs,S3_court2_hoverpairs_20260815_091459,S3_A_hoverpairs,2214,137.380,254,210,0,-1,1,87,,,0,transitional,,,,0,1,212.5,0.0000,ok
S3_A_hoverpairs_f002220.jpg,S3_A_hoverpairs,S3_court2_hoverpairs_20260815_091459,S3_A_hoverpairs,2220,137.849,259,210,0,-2,2,87,,,0,transitional,,,,0,1,203.9,0.0000,ok
S3_A_hoverpairs_f002226.jpg,S3_A_hoverpairs,S3_court2_hoverpairs_20260815_091459,S3_A_hoverpairs,2226,138.320,260,210,0,-1,2,87,,,0,transitional,,,,0,1,205.8,0.0000,ok
S3_A_hoverpairs_f002232.jpg,S3_A_hoverpairs,S3_court2_hoverpairs_20260815_091459,S3_A_hoverpairs,2232,138.725,262,210,0,-1,1,86,,,0,transitional,,,,0,1,191.3,0.0000,ok
S3_A_hoverpairs_f002238.jpg,S3_A_hoverpairs,S3_court2_hoverpairs_20260815_091459,S3_A_hoverpairs,2238,139.132,254,210,0,-1,1,86,,,0,transitional,,,,0,1,196.8,0.0000,ok
S3_A_hoverpairs_f002244.jpg,S3_A_hoverpairs,S3_court2_hoverpairs_20260815_091459,S3_A_hoverpairs,2244,139.512,257,210,0,-1,1,86,,,0,transitional,,,,0,1,239.7,0.0001,ok
S3_A_hoverpairs_f002250.jpg,S3_A_hoverpairs,S3_court2_hoverpairs_20260815_091459,S3_A_hoverpairs,2250,139.731,258,210,0,-2,1,86,,,0,transitional,,,,0,1,249.4,0.0001,ok
S3_A_hoverpairs_f002256.jpg,S3_A_hoverpairs,S3_court2_hoverpairs_20260815_091459,S3_A_hoverpairs,2256,140.033,253,210,0,-1,2,86,,,0,transitional,,,,0,1,254.9,0.0001,ok
S3_A_hoverpairs_f002262.jpg,S3_A_hoverpairs,S3_court2_hoverpairs_20260815_091459,S3_A_hoverpairs,2262,140.329,258,210,0,-1,2,86,,,0,transitional,,,,0,1,182.3,0.0000,ok
S3_A_hoverpairs_f002268.jpg,S3_A_hoverpairs,S3_court2_hoverpairs_20260815_091459,S3_A_hoverpairs,2268,140.724,255,210,0,-1,2,86,,,0,transitional,,,,0,1,195.1,0.0000,ok
S3_A_hoverpairs_f002274.jpg,S3_A_hoverpairs,S3_court2_hoverpairs_20260815_091459,S3_A_hoverpairs,2274,141.029,259,210,0,-2,2,86,,,0,transitional,,,,0,1,185.4,0.0000,ok
S3_A_hoverpairs_f002280.jpg,S3_A_hoverpairs,S3_court2_hoverpairs_20260815_091459,S3_A_hoverpairs,2280,141.266,258,210,0,-2,1,86,,,0,transitional,,,,0,1,212.3,0.0000,ok
S3_A_hoverpairs_f002286.jpg,S3_A_hoverpairs,S3_court2_hoverpairs_20260815_091459,S3_A_hoverpairs,2286,141.640,255,210,0,-1,1,86,,,0,transitional,,,,0,1,183.8,0.0000,ok
S3_A_hoverpairs_f002292.jpg,S3_A_hoverpairs,S3_court2_hoverpairs_20260815_091459,S3_A_hoverpairs,2292,141.949,257,210,0,-1,1,86,,,0,transitional,,,,0,1,177.4,0.0000,ok
S3_A_hoverpairs_f002298.jpg,S3_A_hoverpairs,S3_court2_hoverpairs_20260815_091459,S3_A_hoverpairs,2298,142.280,254,210,0,-1,1,86,,,0,transitional,,,,0,1,164.6,0.0000,ok
S3_A_hoverpairs_f002304.jpg,S3_A_hoverpairs,S3_court2_hoverpairs_20260815_091459,S3_A_hoverpairs,2304,142.574,255,210,-1,-2,1,86,,,0,transitional,,,,0,1,185.0,0.0000,ok
S3_A_hoverpairs_f002310.jpg,S3_A_hoverpairs,S3_court2_hoverpairs_20260815_091459,S3_A_hoverpairs,2310,142.880,246,210,0,-1,2,86,,,0,transitional,,,,0,1,198.1,0.0000,ok
S3_A_hoverpairs_f002316.jpg,S3_A_hoverpairs,S3_court2_hoverpairs_20260815_091459,S3_A_hoverpairs,2316,143.196,253,210,0,-1,2,86,,,0,transitional,,,,0,1,209.0,0.0000,ok
S3_A_hoverpairs_f002322.jpg,S3_A_hoverpairs,S3_court2_hoverpairs_20260815_091459,S3_A_hoverpairs,2322,143.600,248,210,0,-1,2,86,,,0,transitional,,,,0,1,193.5,0.0000,ok
S3_A_hoverpairs_f002328.jpg,S3_A_hoverpairs,S3_court2_hoverpairs_20260815_091459,S3_A_hoverpairs,2328,143.927,252,210,0,0,2,86,,,0,transitional,,,,0,1,207.3,0.0000,ok
S3_A_hoverpairs_f002334.jpg,S3_A_hoverpairs,S3_court2_hoverpairs_20260815_091459,S3_A_hoverpairs,2334,144.211,254,210,0,-1,2,86,,,0,transitional,,,,0,1,211.5,0.0000,ok
S3_A_hoverpairs_f002340.jpg,S3_A_hoverpairs,S3_court2_hoverpairs_20260815_091459,S3_A_hoverpairs,2340,144.513,258,210,0,-1,2,86,,,0,transitional,,,,0,1,190.3,0.0000,ok
S3_A_hoverpairs_f002346.jpg,S3_A_hoverpairs,S3_court2_hoverpairs_20260815_091459,S3_A_hoverpairs,2346,144.816,257,210,0,-1,2,86,,,0,transitional,,,,0,1,180.5,0.0000,ok
S3_A_hoverpairs_f002352.jpg,S3_A_hoverpairs,S3_court2_hoverpairs_20260815_091459,S3_A_hoverpairs,2352,145.148,256,220,0,-2,1,86,,,0,transitional,,,,0,1,202.8,0.0000,ok
S3_A_hoverpairs_f002358.jpg,S3_A_hoverpairs,S3_court2_hoverpairs_20260815_091459,S3_A_hoverpairs,2358,145.464,259,220,0,-1,2,86,,,0,transitional,,,,0,1,187.2,0.0000,ok
S3_A_hoverpairs_f002364.jpg,S3_A_hoverpairs,S3_court2_hoverpairs_20260815_091459,S3_A_hoverpairs,2364,145.747,254,220,0,-1,2,86,,,0,transitional,,,,0,1,182.3,0.0000,ok
S3_A_hoverpairs_f002370.jpg,S3_A_hoverpairs,S3_court2_hoverpairs_20260815_091459,S3_A_hoverpairs,2370,146.062,254,210,0,-1,2,86,,,0,transitional,,,,0,1,175.7,0.0000,ok
S3_A_hoverpairs_f002376.jpg,S3_A_hoverpairs,S3_court2_hoverpairs_20260815_091459,S3_A_hoverpairs,2376,146.361,254,210,0,-1,2,86,,,0,transitional,,,,0,1,187.1,0.0000,ok
S3_A_hoverpairs_f002382.jpg,S3_A_hoverpairs,S3_court2_hoverpairs_20260815_091459,S3_A_hoverpairs,2382,146.696,252,210,0,-1,2,85,,,0,transitional,,,,0,1,174.7,0.0000,ok
S3_A_hoverpairs_f002388.jpg,S3_A_hoverpairs,S3_court2_hoverpairs_20260815_091459,S3_A_hoverpairs,2388,146.962,253,210,0,-1,2,85,,,0,transitional,,,,0,1,195.1,0.0000,ok
S3_A_hoverpairs_f002394.jpg,S3_A_hoverpairs,S3_court2_hoverpairs_20260815_091459,S3_A_hoverpairs,2394,147.192,255,210,0,-2,2,85,,,0,transitional,,,,0,1,191.9,0.0000,ok
S3_A_hoverpairs_f002400.jpg,S3_A_hoverpairs,S3_court2_hoverpairs_20260815_091459,S3_A_hoverpairs,2400,147.494,258,210,0,-2,2,85,,,0,transitional,,,,0,1,176.6,0.0000,ok
S3_A_hoverpairs_f002406.jpg,S3_A_hoverpairs,S3_court2_hoverpairs_20260815_091459,S3_A_hoverpairs,2406,147.796,259,210,0,-1,2,85,,,0,transitional,,,,0,1,193.6,0.0000,ok
S3_A_hoverpairs_f002412.jpg,S3_A_hoverpairs,S3_court2_hoverpairs_20260815_091459,S3_A_hoverpairs,2412,148.131,251,210,0,-1,2,85,,,0,transitional,,,,0,1,203.5,0.0000,ok
S3_A_hoverpairs_f002418.jpg,S3_A_hoverpairs,S3_court2_hoverpairs_20260815_091459,S3_A_hoverpairs,2418,148.407,258,210,0,-1,2,85,,,0,transitional,,,,0,1,175.1,0.0000,ok
S3_A_hoverpairs_f002424.jpg,S3_A_hoverpairs,S3_court2_hoverpairs_20260815_091459,S3_A_hoverpairs,2424,148.724,252,210,0,-1,2,85,,,0,transitional,,,,0,1,183.9,0.0000,ok
S3_A_hoverpairs_f002430.jpg,S3_A_hoverpairs,S3_court2_hoverpairs_20260815_091459,S3_A_hoverpairs,2430,149.112,252,210,0,-2,2,85,,,0,transitional,,,,0,1,199.8,0.0000,ok
S3_A_hoverpairs_f002436.jpg,S3_A_hoverpairs,S3_court2_hoverpairs_20260815_091459,S3_A_hoverpairs,2436,149.556,253,210,0,-2,3,85,,,0,transitional,,,,0,1,180.8,0.0000,ok
S3_A_hoverpairs_f002442.jpg,S3_A_hoverpairs,S3_court2_hoverpairs_20260815_091459,S3_A_hoverpairs,2442,149.830,252,210,0,-2,2,85,,,0,transitional,,,,0,1,185.9,0.0000,ok
S3_A_hoverpairs_f002448.jpg,S3_A_hoverpairs,S3_court2_hoverpairs_20260815_091459,S3_A_hoverpairs,2448,150.048,255,210,0,-2,2,85,,,0,transitional,,,,0,1,193.1,0.0000,ok
S3_A_hoverpairs_f002454.jpg,S3_A_hoverpairs,S3_court2_hoverpairs_20260815_091459,S3_A_hoverpairs,2454,150.348,253,210,0,-2,2,85,,,0,transitional,,,,0,1,191.7,0.0000,ok
S3_A_hoverpairs_f002460.jpg,S3_A_hoverpairs,S3_court2_hoverpairs_20260815_091459,S3_A_hoverpairs,2460,150.671,255,210,0,-1,2,85,,,0,transitional,,,,0,1,198.0,0.0000,ok
S3_A_hoverpairs_f002466.jpg,S3_A_hoverpairs,S3_court2_hoverpairs_20260815_091459,S3_A_hoverpairs,2466,150.992,258,220,0,-1,2,85,,,0,transitional,,,,0,1,202.5,0.0000,ok
S3_A_hoverpairs_f002472.jpg,S3_A_hoverpairs,S3_court2_hoverpairs_20260815_091459,S3_A_hoverpairs,2472,151.379,260,220,0,-2,2,85,,,0,transitional,,,,0,1,193.0,0.0000,ok
S3_A_hoverpairs_f002478.jpg,S3_A_hoverpairs,S3_court2_hoverpairs_20260815_091459,S3_A_hoverpairs,2478,151.695,255,210,0,-1,2,85,,,0,transitional,,,,0,1,192.7,0.0000,ok
S3_A_hoverpairs_f002484.jpg,S3_A_hoverpairs,S3_court2_hoverpairs_20260815_091459,S3_A_hoverpairs,2484,151.996,256,210,0,-2,2,85,,,0,transitional,,,,0,1,179.2,0.0000,ok
S3_A_hoverpairs_f002490.jpg,S3_A_hoverpairs,S3_court2_hoverpairs_20260815_091459,S3_A_hoverpairs,2490,152.502,259,210,0,-2,2,85,,,0,transitional,,,,0,1,186.6,0.0000,ok
S3_A_hoverpairs_f002496.jpg,S3_A_hoverpairs,S3_court2_hoverpairs_20260815_091459,S3_A_hoverpairs,2496,152.730,256,210,0,-2,2,85,,,0,transitional,,,,0,1,191.0,0.0000,ok
S3_A_hoverpairs_f002502.jpg,S3_A_hoverpairs,S3_court2_hoverpairs_20260815_091459,S3_A_hoverpairs,2502,153.009,250,210,0,-1,2,85,,,0,transitional,,,,0,1,197.0,0.0000,ok
S3_A_hoverpairs_f002508.jpg,S3_A_hoverpairs,S3_court2_hoverpairs_20260815_091459,S3_A_hoverpairs,2508,153.330,258,220,0,-1,2,85,,,0,transitional,,,,0,1,188.7,0.0000,ok
S3_A_hoverpairs_f002514.jpg,S3_A_hoverpairs,S3_court2_hoverpairs_20260815_091459,S3_A_hoverpairs,2514,153.726,261,210,0,-1,2,84,,,0,transitional,,,,0,1,190.4,0.0000,ok
S3_A_hoverpairs_f002520.jpg,S3_A_hoverpairs,S3_court2_hoverpairs_20260815_091459,S3_A_hoverpairs,2520,154.032,254,210,0,-1,2,84,,,0,transitional,,,,0,1,200.1,0.0000,ok
S3_A_hoverpairs_f002526.jpg,S3_A_hoverpairs,S3_court2_hoverpairs_20260815_091459,S3_A_hoverpairs,2526,154.264,256,210,0,-1,2,84,,,0,transitional,,,,0,1,192.2,0.0000,ok
S3_A_hoverpairs_f002532.jpg,S3_A_hoverpairs,S3_court2_hoverpairs_20260815_091459,S3_A_hoverpairs,2532,154.646,249,210,0,-2,2,84,,,0,transitional,,,,0,1,198.9,0.0000,ok
S3_A_hoverpairs_f002538.jpg,S3_A_hoverpairs,S3_court2_hoverpairs_20260815_091459,S3_A_hoverpairs,2538,154.950,254,210,0,-2,2,84,,,0,transitional,,,,0,1,191.8,0.0000,ok
S3_A_hoverpairs_f002544.jpg,S3_A_hoverpairs,S3_court2_hoverpairs_20260815_091459,S3_A_hoverpairs,2544,155.262,257,210,0,-1,2,84,,,0,transitional,,,,0,1,196.3,0.0000,ok
S3_A_hoverpairs_f002550.jpg,S3_A_hoverpairs,S3_court2_hoverpairs_20260815_091459,S3_A_hoverpairs,2550,155.478,255,210,0,-1,2,84,,,0,transitional,,,,0,1,188.5,0.0000,ok
S3_A_hoverpairs_f002556.jpg,S3_A_hoverpairs,S3_court2_hoverpairs_20260815_091459,S3_A_hoverpairs,2556,155.774,257,210,0,-1,2,84,,,0,transitional,,,,0,1,184.8,0.0000,ok
S3_A_hoverpairs_f002562.jpg,S3_A_hoverpairs,S3_court2_hoverpairs_20260815_091459,S3_A_hoverpairs,2562,156.078,257,210,0,-1,2,84,,,0,transitional,,,,0,1,199.2,0.0000,ok
S3_A_hoverpairs_f002568.jpg,S3_A_hoverpairs,S3_court2_hoverpairs_20260815_091459,S3_A_hoverpairs,2568,156.390,256,220,0,-1,2,84,,,0,transitional,,,,0,1,203.9,0.0000,ok
S3_A_hoverpairs_f002574.jpg,S3_A_hoverpairs,S3_court2_hoverpairs_20260815_091459,S3_A_hoverpairs,2574,156.816,254,220,0,-1,2,84,,,0,transitional,,,,0,1,203.4,0.0000,ok
S3_A_hoverpairs_f002580.jpg,S3_A_hoverpairs,S3_court2_hoverpairs_20260815_091459,S3_A_hoverpairs,2580,157.111,256,210,0,-2,2,84,,,0,transitional,,,,0,1,198.5,0.0000,ok
S3_A_hoverpairs_f002586.jpg,S3_A_hoverpairs,S3_court2_hoverpairs_20260815_091459,S3_A_hoverpairs,2586,157.512,255,210,0,-1,2,84,,,0,transitional,,,,0,1,187.1,0.0000,ok
S3_A_hoverpairs_f002592.jpg,S3_A_hoverpairs,S3_court2_hoverpairs_20260815_091459,S3_A_hoverpairs,2592,157.927,249,210,0,-1,2,84,,,0,transitional,,,,0,1,188.3,0.0000,ok
S3_A_hoverpairs_f002598.jpg,S3_A_hoverpairs,S3_court2_hoverpairs_20260815_091459,S3_A_hoverpairs,2598,158.240,255,210,0,0,2,84,,,0,transitional,,,,0,1,197.1,0.0000,ok
S3_A_hoverpairs_f002604.jpg,S3_A_hoverpairs,S3_court2_hoverpairs_20260815_091459,S3_A_hoverpairs,2604,158.531,251,210,0,-1,2,84,,,0,transitional,,,,0,1,183.1,0.0000,ok
S3_A_hoverpairs_f002610.jpg,S3_A_hoverpairs,S3_court2_hoverpairs_20260815_091459,S3_A_hoverpairs,2610,158.965,251,210,0,-1,2,84,,,0,transitional,,,,0,1,205.0,0.0000,ok
S3_A_hoverpairs_f002616.jpg,S3_A_hoverpairs,S3_court2_hoverpairs_20260815_091459,S3_A_hoverpairs,2616,159.299,252,210,0,-1,2,84,,,0,transitional,,,,0,1,190.1,0.0000,ok
S3_A_hoverpairs_f002622.jpg,S3_A_hoverpairs,S3_court2_hoverpairs_20260815_091459,S3_A_hoverpairs,2622,159.531,249,210,0,-1,2,83,,,0,transitional,,,,0,1,180.7,0.0000,ok
S3_A_hoverpairs_f002628.jpg,S3_A_hoverpairs,S3_court2_hoverpairs_20260815_091459,S3_A_hoverpairs,2628,159.830,247,210,0,-1,2,83,,,0,transitional,,,,0,1,187.1,0.0000,ok
S3_A_hoverpairs_f002634.jpg,S3_A_hoverpairs,S3_court2_hoverpairs_20260815_091459,S3_A_hoverpairs,2634,160.217,253,210,0,-1,2,83,,,0,transitional,,,,0,1,203.8,0.0000,ok
S3_A_hoverpairs_f002640.jpg,S3_A_hoverpairs,S3_court2_hoverpairs_20260815_091459,S3_A_hoverpairs,2640,160.460,255,210,0,-1,2,83,,,0,transitional,,,,0,1,186.2,0.0000,ok
S3_A_hoverpairs_f002646.jpg,S3_A_hoverpairs,S3_court2_hoverpairs_20260815_091459,S3_A_hoverpairs,2646,160.775,259,210,0,0,2,83,,,0,transitional,,,,0,1,183.7,0.0000,ok
S3_A_hoverpairs_f002652.jpg,S3_A_hoverpairs,S3_court2_hoverpairs_20260815_091459,S3_A_hoverpairs,2652,161.150,260,220,0,-1,2,83,,,0,transitional,,,,0,1,188.2,0.0000,ok
S3_A_hoverpairs_f002658.jpg,S3_A_hoverpairs,S3_court2_hoverpairs_20260815_091459,S3_A_hoverpairs,2658,161.362,256,220,0,-1,2,83,,,0,transitional,,,,0,1,222.5,0.0000,ok
S3_A_hoverpairs_f002664.jpg,S3_A_hoverpairs,S3_court2_hoverpairs_20260815_091459,S3_A_hoverpairs,2664,161.648,254,220,0,-1,2,83,,,0,transitional,,,,0,1,234.5,0.0000,ok
S3_A_hoverpairs_f002670.jpg,S3_A_hoverpairs,S3_court2_hoverpairs_20260815_091459,S3_A_hoverpairs,2670,161.940,254,210,0,-1,2,83,,,0,transitional,,,,0,1,236.3,0.0000,ok
S3_A_hoverpairs_f002676.jpg,S3_A_hoverpairs,S3_court2_hoverpairs_20260815_091459,S3_A_hoverpairs,2676,162.240,248,210,0,-1,2,83,,,0,transitional,,,,0,1,190.8,0.0000,ok
S3_A_hoverpairs_f002682.jpg,S3_A_hoverpairs,S3_court2_hoverpairs_20260815_091459,S3_A_hoverpairs,2682,162.444,249,210,0,0,2,83,,,0,transitional,,,,0,1,179.8,0.0000,ok
S3_A_hoverpairs_f002688.jpg,S3_A_hoverpairs,S3_court2_hoverpairs_20260815_091459,S3_A_hoverpairs,2688,162.747,256,210,0,-1,2,83,,,0,transitional,,,,0,1,187.5,0.0000,ok
S3_A_hoverpairs_f002694.jpg,S3_A_hoverpairs,S3_court2_hoverpairs_20260815_091459,S3_A_hoverpairs,2694,162.996,255,210,0,-1,2,83,,,0,transitional,,,,0,1,187.8,0.0000,ok
S3_A_hoverpairs_f002700.jpg,S3_A_hoverpairs,S3_court2_hoverpairs_20260815_091459,S3_A_hoverpairs,2700,163.410,262,210,0,-2,2,83,,,0,transitional,,,,0,1,211.8,0.0000,ok
S3_A_hoverpairs_f002706.jpg,S3_A_hoverpairs,S3_court2_hoverpairs_20260815_091459,S3_A_hoverpairs,2706,163.712,257,210,0,-1,3,83,,,0,transitional,,,,0,1,205.4,0.0000,ok
S3_A_hoverpairs_f002712.jpg,S3_A_hoverpairs,S3_court2_hoverpairs_20260815_091459,S3_A_hoverpairs,2712,164.226,261,220,0,-1,1,83,,,0,transitional,,,,0,1,193.4,0.0000,ok
S3_A_hoverpairs_f002718.jpg,S3_A_hoverpairs,S3_court2_hoverpairs_20260815_091459,S3_A_hoverpairs,2718,164.604,253,210,0,-1,2,83,,,0,transitional,,,,0,1,187.6,0.0000,ok
S3_A_hoverpairs_f002724.jpg,S3_A_hoverpairs,S3_court2_hoverpairs_20260815_091459,S3_A_hoverpairs,2724,164.912,259,210,0,-2,2,83,,,0,transitional,,,,0,1,183.2,0.0000,ok
S3_A_hoverpairs_f002730.jpg,S3_A_hoverpairs,S3_court2_hoverpairs_20260815_091459,S3_A_hoverpairs,2730,165.229,254,210,0,-2,2,83,,,0,transitional,,,,0,1,198.4,0.0000,ok
S3_A_hoverpairs_f002736.jpg,S3_A_hoverpairs,S3_court2_hoverpairs_20260815_091459,S3_A_hoverpairs,2736,165.615,255,210,0,-2,2,83,,,0,transitional,,,,0,1,177.6,0.0000,ok
S3_A_hoverpairs_f002742.jpg,S3_A_hoverpairs,S3_court2_hoverpairs_20260815_091459,S3_A_hoverpairs,2742,165.949,252,210,0,-2,2,83,,,0,transitional,,,,0,1,189.9,0.0000,ok
S3_A_hoverpairs_f002748.jpg,S3_A_hoverpairs,S3_court2_hoverpairs_20260815_091459,S3_A_hoverpairs,2748,166.264,256,210,0,-2,2,83,,,0,transitional,,,,0,1,191.3,0.0000,ok
S3_A_hoverpairs_f002754.jpg,S3_A_hoverpairs,S3_court2_hoverpairs_20260815_091459,S3_A_hoverpairs,2754,166.534,265,210,0,-2,2,82,,,0,transitional,,,,0,1,201.6,0.0000,ok
S3_A_hoverpairs_f002760.jpg,S3_A_hoverpairs,S3_court2_hoverpairs_20260815_091459,S3_A_hoverpairs,2760,166.730,261,210,0,-2,2,82,,,0,transitional,,,,0,1,200.5,0.0000,ok
S3_A_hoverpairs_f002766.jpg,S3_A_hoverpairs,S3_court2_hoverpairs_20260815_091459,S3_A_hoverpairs,2766,166.953,259,210,0,-2,2,82,,,0,transitional,,,,0,1,200.7,0.0000,ok
S3_A_hoverpairs_f002772.jpg,S3_A_hoverpairs,S3_court2_hoverpairs_20260815_091459,S3_A_hoverpairs,2772,167.177,257,210,0,-2,2,82,,,0,transitional,,,,0,1,194.0,0.0000,ok
S3_A_hoverpairs_f002778.jpg,S3_A_hoverpairs,S3_court2_hoverpairs_20260815_091459,S3_A_hoverpairs,2778,167.566,260,210,0,-2,2,82,,,1,transitional,,,,0,1,184.6,0.0000,ok
S3_A_hoverpairs_f002784.jpg,S3_A_hoverpairs,S3_court2_hoverpairs_20260815_091459,S3_A_hoverpairs,2784,167.866,262,220,0,-2,2,82,,,1,OCC50,75.0,50,,1,1,186.5,0.0000,ok
S3_A_hoverpairs_f002790.jpg,S3_A_hoverpairs,S3_court2_hoverpairs_20260815_091459,S3_A_hoverpairs,2790,168.210,255,220,0,-1,2,82,,,1,OCC50,75.0,50,,1,1,189.1,0.0000,ok
S3_A_hoverpairs_f002796.jpg,S3_A_hoverpairs,S3_court2_hoverpairs_20260815_091459,S3_A_hoverpairs,2796,168.466,256,210,0,-2,2,82,,,1,OCC50,75.0,50,,1,1,172.6,0.0000,ok
S3_A_hoverpairs_f002802.jpg,S3_A_hoverpairs,S3_court2_hoverpairs_20260815_091459,S3_A_hoverpairs,2802,168.697,258,210,0,-2,2,82,,,1,OCC50,75.0,50,,1,1,190.0,0.0000,ok
S3_A_hoverpairs_f002808.jpg,S3_A_hoverpairs,S3_court2_hoverpairs_20260815_091459,S3_A_hoverpairs,2808,169.009,253,210,0,-1,2,82,,,1,OCC50,75.0,50,,1,1,187.7,0.0000,ok
S3_A_hoverpairs_f002814.jpg,S3_A_hoverpairs,S3_court2_hoverpairs_20260815_091459,S3_A_hoverpairs,2814,169.314,254,210,0,-1,2,82,,,1,OCC50,75.0,50,,1,1,206.5,0.0000,ok
S3_A_hoverpairs_f002820.jpg,S3_A_hoverpairs,S3_court2_hoverpairs_20260815_091459,S3_A_hoverpairs,2820,169.626,253,210,0,-1,2,82,,,1,OCC50,75.0,50,,1,1,202.2,0.0000,ok
S3_A_hoverpairs_f002826.jpg,S3_A_hoverpairs,S3_court2_hoverpairs_20260815_091459,S3_A_hoverpairs,2826,169.932,251,210,0,-1,2,82,,,1,OCC50,75.0,50,,1,1,205.1,0.0000,ok
S3_A_hoverpairs_f002832.jpg,S3_A_hoverpairs,S3_court2_hoverpairs_20260815_091459,S3_A_hoverpairs,2832,170.227,249,210,0,-2,2,82,,,1,OCC50,75.0,50,,1,1,194.3,0.0000,ok
S3_A_hoverpairs_f002838.jpg,S3_A_hoverpairs,S3_court2_hoverpairs_20260815_091459,S3_A_hoverpairs,2838,170.641,254,210,0,-1,2,82,,,1,OCC50,75.0,50,,1,1,191.3,0.0000,ok
S3_A_hoverpairs_f002844.jpg,S3_A_hoverpairs,S3_court2_hoverpairs_20260815_091459,S3_A_hoverpairs,2844,170.946,253,210,0,0,1,82,,,1,OCC50,75.0,50,,1,1,182.8,0.0000,ok
S3_A_hoverpairs_f002850.jpg,S3_A_hoverpairs,S3_court2_hoverpairs_20260815_091459,S3_A_hoverpairs,2850,171.160,257,210,0,0,2,82,,,1,OCC50,75.0,50,,1,1,222.2,0.0000,ok
S3_A_hoverpairs_f002856.jpg,S3_A_hoverpairs,S3_court2_hoverpairs_20260815_091459,S3_A_hoverpairs,2856,171.463,254,220,0,0,2,82,,,1,OCC50,75.0,50,,1,1,210.4,0.0000,ok
S3_A_hoverpairs_f002862.jpg,S3_A_hoverpairs,S3_court2_hoverpairs_20260815_091459,S3_A_hoverpairs,2862,171.763,255,220,0,0,2,82,,,1,OCC50,75.0,50,,1,1,211.1,0.0000,ok
S3_A_hoverpairs_f002868.jpg,S3_A_hoverpairs,S3_court2_hoverpairs_20260815_091459,S3_A_hoverpairs,2868,172.250,255,210,0,0,2,82,,,1,OCC50,75.0,50,,1,1,199.7,0.0000,ok
S3_A_hoverpairs_f002874.jpg,S3_A_hoverpairs,S3_court2_hoverpairs_20260815_091459,S3_A_hoverpairs,2874,173.561,254,210,0,-1,1,81,,,1,transitional,,,,0,1,291.5,0.0000,ok
S3_A_hoverpairs_f002880.jpg,S3_A_hoverpairs,S3_court2_hoverpairs_20260815_091459,S3_A_hoverpairs,2880,173.997,254,210,0,-1,2,81,,,1,transitional,,,,0,1,290.1,0.0000,ok
S3_A_hoverpairs_f002886.jpg,S3_A_hoverpairs,S3_court2_hoverpairs_20260815_091459,S3_A_hoverpairs,2886,174.465,256,210,0,0,2,81,,,0,transitional,,,,0,1,205.7,0.0000,ok
S3_A_hoverpairs_f002892.jpg,S3_A_hoverpairs,S3_court2_hoverpairs_20260815_091459,S3_A_hoverpairs,2892,174.863,253,210,0,-1,2,81,,,0,transitional,,,,0,1,192.2,0.0000,ok
S3_A_hoverpairs_f002898.jpg,S3_A_hoverpairs,S3_court2_hoverpairs_20260815_091459,S3_A_hoverpairs,2898,175.126,252,210,0,-2,2,81,,,0,transitional,,,,0,1,222.2,0.0000,ok
S3_A_hoverpairs_f002904.jpg,S3_A_hoverpairs,S3_court2_hoverpairs_20260815_091459,S3_A_hoverpairs,2904,175.670,255,210,0,-2,2,81,,,0,transitional,,,,0,1,177.7,0.0000,ok
S3_A_hoverpairs_f002910.jpg,S3_A_hoverpairs,S3_court2_hoverpairs_20260815_091459,S3_A_hoverpairs,2910,175.896,252,210,0,-3,1,81,,,0,transitional,,,,0,1,296.9,0.0000,ok
S3_A_hoverpairs_f002916.jpg,S3_A_hoverpairs,S3_court2_hoverpairs_20260815_091459,S3_A_hoverpairs,2916,176.198,254,210,0,-2,2,81,,,0,transitional,,,,0,1,197.8,0.0000,ok
S3_A_hoverpairs_f002922.jpg,S3_A_hoverpairs,S3_court2_hoverpairs_20260815_091459,S3_A_hoverpairs,2922,176.494,253,210,0,-1,2,81,,,0,transitional,,,,0,1,194.1,0.0000,ok
S3_A_hoverpairs_f002928.jpg,S3_A_hoverpairs,S3_court2_hoverpairs_20260815_091459,S3_A_hoverpairs,2928,176.793,256,210,0,-2,2,81,,,0,transitional,,,,0,1,199.0,0.0000,ok
S3_A_hoverpairs_f002934.jpg,S3_A_hoverpairs,S3_court2_hoverpairs_20260815_091459,S3_A_hoverpairs,2934,177.182,254,210,0,-1,2,81,,,0,transitional,,,,0,1,210.2,0.0000,ok
S3_A_hoverpairs_f002940.jpg,S3_A_hoverpairs,S3_court2_hoverpairs_20260815_091459,S3_A_hoverpairs,2940,177.484,256,210,0,-1,2,81,,,0,transitional,,,,0,1,178.4,0.0000,ok
S3_A_hoverpairs_f002946.jpg,S3_A_hoverpairs,S3_court2_hoverpairs_20260815_091459,S3_A_hoverpairs,2946,177.828,258,210,0,-1,2,81,,,0,transitional,,,,0,1,176.2,0.0000,ok
S3_A_hoverpairs_f002952.jpg,S3_A_hoverpairs,S3_court2_hoverpairs_20260815_091459,S3_A_hoverpairs,2952,178.123,253,210,0,-1,2,81,,,0,transitional,,,,0,1,222.6,0.0000,ok
S3_A_hoverpairs_f002958.jpg,S3_A_hoverpairs,S3_court2_hoverpairs_20260815_091459,S3_A_hoverpairs,2958,178.431,255,210,0,-1,2,81,,,0,transitional,,,,0,1,195.7,0.0000,ok
S3_A_hoverpairs_f002964.jpg,S3_A_hoverpairs,S3_court2_hoverpairs_20260815_091459,S3_A_hoverpairs,2964,178.731,257,210,0,-1,2,81,,,0,transitional,,,,0,1,196.6,0.0000,ok
S3_A_hoverpairs_f002970.jpg,S3_A_hoverpairs,S3_court2_hoverpairs_20260815_091459,S3_A_hoverpairs,2970,179.045,258,210,0,-1,2,81,,,0,transitional,,,,0,1,195.3,0.0000,ok
S3_A_hoverpairs_f002976.jpg,S3_A_hoverpairs,S3_court2_hoverpairs_20260815_091459,S3_A_hoverpairs,2976,179.376,260,210,0,0,2,81,,,0,transitional,,,,0,1,260.8,0.0000,ok
S3_A_hoverpairs_f002982.jpg,S3_A_hoverpairs,S3_court2_hoverpairs_20260815_091459,S3_A_hoverpairs,2982,179.661,254,210,0,0,2,80,,,0,transitional,,,,0,1,267.5,0.0000,ok
S3_A_hoverpairs_f002988.jpg,S3_A_hoverpairs,S3_court2_hoverpairs_20260815_091459,S3_A_hoverpairs,2988,180.059,256,210,0,0,1,80,,,0,transitional,,,,0,1,251.1,0.0000,ok
S3_A_hoverpairs_f002994.jpg,S3_A_hoverpairs,S3_court2_hoverpairs_20260815_091459,S3_A_hoverpairs,2994,180.398,252,210,0,0,1,80,,,0,transitional,,,,0,1,180.6,0.0000,ok
S3_A_hoverpairs_f003000.jpg,S3_A_hoverpairs,S3_court2_hoverpairs_20260815_091459,S3_A_hoverpairs,3000,180.698,258,210,0,0,2,80,,,0,transitional,,,,0,1,185.4,0.0000,ok
S3_A_hoverpairs_f003006.jpg,S3_A_hoverpairs,S3_court2_hoverpairs_20260815_091459,S3_A_hoverpairs,3006,181.013,253,210,0,0,2,80,,,0,transitional,,,,0,1,191.6,0.0000,ok
S3_A_hoverpairs_f003012.jpg,S3_A_hoverpairs,S3_court2_hoverpairs_20260815_091459,S3_A_hoverpairs,3012,181.317,257,210,0,0,1,80,,,0,transitional,,,,0,1,234.7,0.0000,ok
S3_A_hoverpairs_f003018.jpg,S3_A_hoverpairs,S3_court2_hoverpairs_20260815_091459,S3_A_hoverpairs,3018,181.632,255,210,0,-1,1,80,,,0,transitional,,,,0,1,272.5,0.0000,ok
S3_A_hoverpairs_f003024.jpg,S3_A_hoverpairs,S3_court2_hoverpairs_20260815_091459,S3_A_hoverpairs,3024,181.929,253,210,0,0,2,80,,,0,transitional,,,,0,1,283.2,0.0000,ok
S3_A_hoverpairs_f003030.jpg,S3_A_hoverpairs,S3_court2_hoverpairs_20260815_091459,S3_A_hoverpairs,3030,182.303,254,210,0,-1,1,80,,,0,transitional,,,,0,1,198.8,0.0000,ok
S3_A_hoverpairs_f003036.jpg,S3_A_hoverpairs,S3_court2_hoverpairs_20260815_091459,S3_A_hoverpairs,3036,182.624,255,210,0,0,1,80,,,0,transitional,,,,0,1,182.2,0.0000,ok
S3_A_hoverpairs_f003042.jpg,S3_A_hoverpairs,S3_court2_hoverpairs_20260815_091459,S3_A_hoverpairs,3042,183.026,253,210,0,0,1,80,,,0,transitional,,,,0,1,212.2,0.0000,ok
S3_A_hoverpairs_f003048.jpg,S3_A_hoverpairs,S3_court2_hoverpairs_20260815_091459,S3_A_hoverpairs,3048,183.430,254,210,0,-1,2,80,,,0,transitional,,,,0,1,208.7,0.0000,ok
S3_A_hoverpairs_f003054.jpg,S3_A_hoverpairs,S3_court2_hoverpairs_20260815_091459,S3_A_hoverpairs,3054,183.843,256,210,0,0,2,80,,,0,transitional,,,,0,1,214.2,0.0000,ok
S3_A_hoverpairs_f003060.jpg,S3_A_hoverpairs,S3_court2_hoverpairs_20260815_091459,S3_A_hoverpairs,3060,184.165,251,210,0,0,2,80,,,0,transitional,,,,0,1,236.1,0.0000,ok
S3_A_hoverpairs_f003066.jpg,S3_A_hoverpairs,S3_court2_hoverpairs_20260815_091459,S3_A_hoverpairs,3066,184.466,255,210,0,0,2,80,,,0,transitional,,,,0,1,202.3,0.0000,ok
S3_A_hoverpairs_f003072.jpg,S3_A_hoverpairs,S3_court2_hoverpairs_20260815_091459,S3_A_hoverpairs,3072,184.766,251,210,0,-1,2,80,,,0,transitional,,,,0,1,192.7,0.0000,ok
S3_A_hoverpairs_f003078.jpg,S3_A_hoverpairs,S3_court2_hoverpairs_20260815_091459,S3_A_hoverpairs,3078,185.197,255,210,0,-1,1,80,,,0,transitional,,,,0,1,200.6,0.0000,ok
S3_A_hoverpairs_f003084.jpg,S3_A_hoverpairs,S3_court2_hoverpairs_20260815_091459,S3_A_hoverpairs,3084,185.474,256,220,0,-1,1,80,,,0,transitional,,,,0,1,194.5,0.0000,ok
S3_A_hoverpairs_f003090.jpg,S3_A_hoverpairs,S3_court2_hoverpairs_20260815_091459,S3_A_hoverpairs,3090,185.780,259,220,0,-1,1,80,,,0,transitional,,,,0,1,213.4,0.0000,ok
S3_A_hoverpairs_f003096.jpg,S3_A_hoverpairs,S3_court2_hoverpairs_20260815_091459,S3_A_hoverpairs,3096,186.095,259,220,0,-1,1,80,,,0,transitional,,,,0,1,210.6,0.0000,ok
S3_A_hoverpairs_f003102.jpg,S3_A_hoverpairs,S3_court2_hoverpairs_20260815_091459,S3_A_hoverpairs,3102,186.426,258,220,0,0,1,80,,,0,transitional,,,,0,1,198.1,0.0000,ok
S3_A_hoverpairs_f003108.jpg,S3_A_hoverpairs,S3_court2_hoverpairs_20260815_091459,S3_A_hoverpairs,3108,186.699,264,220,0,-1,1,80,,,0,transitional,,,,0,1,187.0,0.0000,ok
S3_A_hoverpairs_f003114.jpg,S3_A_hoverpairs,S3_court2_hoverpairs_20260815_091459,S3_A_hoverpairs,3114,187.007,253,220,-1,0,1,80,,,0,transitional,,,,0,1,205.1,0.0000,ok
S3_A_hoverpairs_f003120.jpg,S3_A_hoverpairs,S3_court2_hoverpairs_20260815_091459,S3_A_hoverpairs,3120,187.249,258,220,0,0,2,80,,,0,transitional,,,,0,1,197.9,0.0000,ok
S3_A_hoverpairs_f003126.jpg,S3_A_hoverpairs,S3_court2_hoverpairs_20260815_091459,S3_A_hoverpairs,3126,187.566,247,210,0,0,2,80,,,0,transitional,,,,0,1,202.0,0.0000,ok
S3_A_hoverpairs_f003132.jpg,S3_A_hoverpairs,S3_court2_hoverpairs_20260815_091459,S3_A_hoverpairs,3132,187.878,252,210,0,0,2,80,,,0,transitional,,,,0,1,187.5,0.0000,ok
S3_A_hoverpairs_f003138.jpg,S3_A_hoverpairs,S3_court2_hoverpairs_20260815_091459,S3_A_hoverpairs,3138,188.239,254,210,0,0,2,80,,,0,transitional,,,,0,1,254.2,0.0000,ok
S3_A_hoverpairs_f003144.jpg,S3_A_hoverpairs,S3_court2_hoverpairs_20260815_091459,S3_A_hoverpairs,3144,188.460,255,210,0,-1,1,80,,,0,transitional,,,,0,1,192.8,0.0000,ok
S3_A_hoverpairs_f003150.jpg,S3_A_hoverpairs,S3_court2_hoverpairs_20260815_091459,S3_A_hoverpairs,3150,188.771,255,210,0,-2,1,80,,,0,transitional,,,,0,1,221.5,0.0000,ok
S3_A_hoverpairs_f003156.jpg,S3_A_hoverpairs,S3_court2_hoverpairs_20260815_091459,S3_A_hoverpairs,3156,189.066,255,210,0,-2,1,80,,,0,transitional,,,,0,1,237.2,0.0000,ok
S3_A_hoverpairs_f003162.jpg,S3_A_hoverpairs,S3_court2_hoverpairs_20260815_091459,S3_A_hoverpairs,3162,189.392,253,210,0,-2,1,80,,,0,transitional,,,,0,1,197.8,0.0000,ok
S3_A_hoverpairs_f003168.jpg,S3_A_hoverpairs,S3_court2_hoverpairs_20260815_091459,S3_A_hoverpairs,3168,189.692,253,210,0,-1,2,79,,,0,transitional,,,,0,1,202.6,0.0000,ok
S3_A_hoverpairs_f003174.jpg,S3_A_hoverpairs,S3_court2_hoverpairs_20260815_091459,S3_A_hoverpairs,3174,189.999,250,210,0,-2,2,79,,,0,transitional,,,,0,1,207.8,0.0000,ok
S3_A_hoverpairs_f003180.jpg,S3_A_hoverpairs,S3_court2_hoverpairs_20260815_091459,S3_A_hoverpairs,3180,190.316,249,210,0,-2,2,79,,,0,transitional,,,,0,1,182.8,0.0000,ok
S3_A_hoverpairs_f003186.jpg,S3_A_hoverpairs,S3_court2_hoverpairs_20260815_091459,S3_A_hoverpairs,3186,190.621,259,210,0,-2,2,79,,,0,transitional,,,,0,1,189.4,0.0000,ok
S3_A_hoverpairs_f003192.jpg,S3_A_hoverpairs,S3_court2_hoverpairs_20260815_091459,S3_A_hoverpairs,3192,190.929,257,210,0,-2,2,79,,,0,transitional,,,,0,1,197.8,0.0000,ok
S3_A_hoverpairs_f003198.jpg,S3_A_hoverpairs,S3_court2_hoverpairs_20260815_091459,S3_A_hoverpairs,3198,191.318,262,210,0,-2,2,79,,,0,transitional,,,,0,1,188.9,0.0000,ok
S3_A_hoverpairs_f003204.jpg,S3_A_hoverpairs,S3_court2_hoverpairs_20260815_091459,S3_A_hoverpairs,3204,191.612,260,220,0,-2,2,79,,,0,transitional,,,,0,1,192.3,0.0000,ok
S3_A_hoverpairs_f003210.jpg,S3_A_hoverpairs,S3_court2_hoverpairs_20260815_091459,S3_A_hoverpairs,3210,191.914,256,220,0,-2,2,79,,,0,transitional,,,,0,1,210.9,0.0000,ok
S3_A_hoverpairs_f003216.jpg,S3_A_hoverpairs,S3_court2_hoverpairs_20260815_091459,S3_A_hoverpairs,3216,192.231,259,210,0,-2,2,79,,,0,transitional,,,,0,1,199.6,0.0000,ok
S3_A_hoverpairs_f003222.jpg,S3_A_hoverpairs,S3_court2_hoverpairs_20260815_091459,S3_A_hoverpairs,3222,192.460,259,210,0,-2,2,79,,,0,transitional,,,,0,1,200.2,0.0000,ok
S3_A_hoverpairs_f003228.jpg,S3_A_hoverpairs,S3_court2_hoverpairs_20260815_091459,S3_A_hoverpairs,3228,192.748,255,210,0,-2,2,79,,,0,transitional,,,,0,1,191.4,0.0000,ok
S3_A_hoverpairs_f003234.jpg,S3_A_hoverpairs,S3_court2_hoverpairs_20260815_091459,S3_A_hoverpairs,3234,193.060,252,210,0,-1,2,79,,,0,transitional,,,,0,1,213.6,0.0000,ok
S3_A_hoverpairs_f003240.jpg,S3_A_hoverpairs,S3_court2_hoverpairs_20260815_091459,S3_A_hoverpairs,3240,193.465,258,210,0,-1,2,79,,,0,transitional,,,,0,1,193.9,0.0000,ok
S3_A_hoverpairs_f003246.jpg,S3_A_hoverpairs,S3_court2_hoverpairs_20260815_091459,S3_A_hoverpairs,3246,193.795,258,210,0,-1,2,79,,,0,transitional,,,,0,1,196.8,0.0000,ok
S3_A_hoverpairs_f003252.jpg,S3_A_hoverpairs,S3_court2_hoverpairs_20260815_091459,S3_A_hoverpairs,3252,194.093,256,210,0,-1,1,79,,,0,transitional,,,,0,1,204.7,0.0000,ok
S3_A_hoverpairs_f003258.jpg,S3_A_hoverpairs,S3_court2_hoverpairs_20260815_091459,S3_A_hoverpairs,3258,194.401,264,210,0,0,2,79,,,0,transitional,,,,0,1,213.2,0.0000,ok
S3_A_hoverpairs_f003264.jpg,S3_A_hoverpairs,S3_court2_hoverpairs_20260815_091459,S3_A_hoverpairs,3264,194.708,262,220,0,0,2,78,,,0,transitional,,,,0,1,230.9,0.0000,ok
S3_A_hoverpairs_f003270.jpg,S3_A_hoverpairs,S3_court2_hoverpairs_20260815_091459,S3_A_hoverpairs,3270,195.011,261,220,0,-1,2,78,,,0,transitional,,,,0,1,235.1,0.0000,ok
S3_A_hoverpairs_f003276.jpg,S3_A_hoverpairs,S3_court2_hoverpairs_20260815_091459,S3_A_hoverpairs,3276,195.230,259,220,0,-1,2,78,,,0,transitional,,,,0,1,209.9,0.0000,ok
S3_A_hoverpairs_f003282.jpg,S3_A_hoverpairs,S3_court2_hoverpairs_20260815_091459,S3_A_hoverpairs,3282,195.520,254,220,0,0,3,78,,,0,transitional,,,,0,1,213.1,0.0000,ok
S3_A_hoverpairs_f003288.jpg,S3_A_hoverpairs,S3_court2_hoverpairs_20260815_091459,S3_A_hoverpairs,3288,195.915,249,210,0,-1,2,78,,,0,transitional,,,,0,1,213.0,0.0000,ok
S3_A_hoverpairs_f003294.jpg,S3_A_hoverpairs,S3_court2_hoverpairs_20260815_091459,S3_A_hoverpairs,3294,196.232,255,210,0,-2,2,78,,,0,transitional,,,,0,1,218.4,0.0000,ok
S3_A_hoverpairs_f003300.jpg,S3_A_hoverpairs,S3_court2_hoverpairs_20260815_091459,S3_A_hoverpairs,3300,196.631,248,210,0,-1,2,78,,,0,transitional,,,,0,1,208.3,0.0000,ok
S3_A_hoverpairs_f003306.jpg,S3_A_hoverpairs,S3_court2_hoverpairs_20260815_091459,S3_A_hoverpairs,3306,196.830,253,210,0,-1,2,78,,,0,transitional,,,,0,1,212.5,0.0000,ok
S3_A_hoverpairs_f003312.jpg,S3_A_hoverpairs,S3_court2_hoverpairs_20260815_091459,S3_A_hoverpairs,3312,197.151,249,210,0,0,2,78,,,0,transitional,,,,0,1,221.8,0.0000,ok
S3_A_hoverpairs_f003318.jpg,S3_A_hoverpairs,S3_court2_hoverpairs_20260815_091459,S3_A_hoverpairs,3318,197.449,250,210,0,0,2,78,,,0,transitional,,,,0,1,219.2,0.0000,ok
S3_A_hoverpairs_f003324.jpg,S3_A_hoverpairs,S3_court2_hoverpairs_20260815_091459,S3_A_hoverpairs,3324,197.774,255,210,0,0,2,78,,,0,transitional,,,,0,1,211.9,0.0000,ok
S3_A_hoverpairs_f003330.jpg,S3_A_hoverpairs,S3_court2_hoverpairs_20260815_091459,S3_A_hoverpairs,3330,198.064,250,210,0,0,2,78,,,0,transitional,,,,0,1,210.0,0.0000,ok
S3_A_hoverpairs_f003336.jpg,S3_A_hoverpairs,S3_court2_hoverpairs_20260815_091459,S3_A_hoverpairs,3336,198.381,254,210,0,0,2,78,,,0,transitional,,,,0,1,212.6,0.0000,ok
S3_A_hoverpairs_f003342.jpg,S3_A_hoverpairs,S3_court2_hoverpairs_20260815_091459,S3_A_hoverpairs,3342,198.782,260,220,0,0,2,78,,,0,transitional,,,,0,1,227.5,0.0000,ok
S3_A_hoverpairs_f003348.jpg,S3_A_hoverpairs,S3_court2_hoverpairs_20260815_091459,S3_A_hoverpairs,3348,199.101,254,220,0,0,2,78,,,0,transitional,,,,0,1,239.2,0.0000,ok
S3_A_hoverpairs_f003354.jpg,S3_A_hoverpairs,S3_court2_hoverpairs_20260815_091459,S3_A_hoverpairs,3354,199.435,253,210,0,0,2,78,,,0,transitional,,,,0,1,205.9,0.0000,ok
S3_A_hoverpairs_f003360.jpg,S3_A_hoverpairs,S3_court2_hoverpairs_20260815_091459,S3_A_hoverpairs,3360,199.700,253,210,0,0,2,78,,,0,transitional,,,,0,1,206.7,0.0000,ok
S3_A_hoverpairs_f003366.jpg,S3_A_hoverpairs,S3_court2_hoverpairs_20260815_091459,S3_A_hoverpairs,3366,200.009,251,210,0,-1,1,78,,,0,transitional,,,,0,1,204.9,0.0000,ok
S3_A_hoverpairs_f003372.jpg,S3_A_hoverpairs,S3_court2_hoverpairs_20260815_091459,S3_A_hoverpairs,3372,200.315,252,210,0,-1,1,78,,,0,transitional,,,,0,1,186.7,0.0000,ok
S3_A_hoverpairs_f003378.jpg,S3_A_hoverpairs,S3_court2_hoverpairs_20260815_091459,S3_A_hoverpairs,3378,200.620,252,210,0,-2,1,78,,,0,transitional,,,,0,1,193.3,0.0000,ok
S3_A_hoverpairs_f003384.jpg,S3_A_hoverpairs,S3_court2_hoverpairs_20260815_091459,S3_A_hoverpairs,3384,200.941,254,210,0,-2,1,78,,,0,transitional,,,,0,1,215.0,0.0000,ok
S3_A_hoverpairs_f003390.jpg,S3_A_hoverpairs,S3_court2_hoverpairs_20260815_091459,S3_A_hoverpairs,3390,201.143,255,210,-1,-1,1,78,,,0,transitional,,,,0,1,233.5,0.0000,ok
S3_A_hoverpairs_f003396.jpg,S3_A_hoverpairs,S3_court2_hoverpairs_20260815_091459,S3_A_hoverpairs,3396,201.561,256,210,0,0,2,78,,,0,transitional,,,,0,1,200.8,0.0000,ok
S3_A_hoverpairs_f003402.jpg,S3_A_hoverpairs,S3_court2_hoverpairs_20260815_091459,S3_A_hoverpairs,3402,201.950,255,210,0,-1,1,78,,,0,transitional,,,,0,1,208.5,0.0000,ok
S3_A_hoverpairs_f003408.jpg,S3_A_hoverpairs,S3_court2_hoverpairs_20260815_091459,S3_A_hoverpairs,3408,202.273,252,210,0,0,3,78,,,0,transitional,,,,0,1,231.4,0.0000,ok
S3_A_hoverpairs_f003414.jpg,S3_A_hoverpairs,S3_court2_hoverpairs_20260815_091459,S3_A_hoverpairs,3414,202.583,252,210,0,0,3,78,,,0,transitional,,,,0,1,211.8,0.0000,ok
S3_A_hoverpairs_f003420.jpg,S3_A_hoverpairs,S3_court2_hoverpairs_20260815_091459,S3_A_hoverpairs,3420,202.901,251,210,0,-1,3,77,,,0,transitional,,,,0,1,220.2,0.0000,ok
S3_A_hoverpairs_f003426.jpg,S3_A_hoverpairs,S3_court2_hoverpairs_20260815_091459,S3_A_hoverpairs,3426,203.151,253,210,0,-1,2,77,,,0,transitional,,,,0,1,237.2,0.0000,ok
S3_A_hoverpairs_f003432.jpg,S3_A_hoverpairs,S3_court2_hoverpairs_20260815_091459,S3_A_hoverpairs,3432,203.526,258,210,0,-1,1,77,,,0,transitional,,,,0,1,182.2,0.0000,ok
S3_A_hoverpairs_f003438.jpg,S3_A_hoverpairs,S3_court2_hoverpairs_20260815_091459,S3_A_hoverpairs,3438,203.830,258,210,0,-1,1,77,,,0,transitional,,,,0,1,195.3,0.0000,ok
S3_A_hoverpairs_f003444.jpg,S3_A_hoverpairs,S3_court2_hoverpairs_20260815_091459,S3_A_hoverpairs,3444,204.058,254,210,0,-1,1,77,,,0,transitional,,,,0,1,211.9,0.0000,ok
S3_A_hoverpairs_f003450.jpg,S3_A_hoverpairs,S3_court2_hoverpairs_20260815_091459,S3_A_hoverpairs,3450,204.365,261,220,0,-1,2,77,,,0,transitional,,,,0,1,213.4,0.0000,ok
S3_A_hoverpairs_f003456.jpg,S3_A_hoverpairs,S3_court2_hoverpairs_20260815_091459,S3_A_hoverpairs,3456,204.663,254,210,0,-1,2,77,,,0,transitional,,,,0,1,196.1,0.0000,ok
S3_A_hoverpairs_f003462.jpg,S3_A_hoverpairs,S3_court2_hoverpairs_20260815_091459,S3_A_hoverpairs,3462,204.940,257,210,0,-2,2,77,,,0,transitional,,,,0,1,196.8,0.0000,ok
S3_A_hoverpairs_f003468.jpg,S3_A_hoverpairs,S3_court2_hoverpairs_20260815_091459,S3_A_hoverpairs,3468,205.483,256,210,0,-2,2,77,,,0,transitional,,,,0,1,183.9,0.0000,ok
S3_A_hoverpairs_f003474.jpg,S3_A_hoverpairs,S3_court2_hoverpairs_20260815_091459,S3_A_hoverpairs,3474,205.861,252,210,0,-2,1,77,,,0,transitional,,,,0,1,191.5,0.0000,ok
S3_A_hoverpairs_f003480.jpg,S3_A_hoverpairs,S3_court2_hoverpairs_20260815_091459,S3_A_hoverpairs,3480,206.347,258,210,0,-2,1,77,,,0,transitional,,,,0,1,206.6,0.0000,ok
S3_A_hoverpairs_f003486.jpg,S3_A_hoverpairs,S3_court2_hoverpairs_20260815_091459,S3_A_hoverpairs,3486,206.767,250,210,0,-1,2,77,,,0,transitional,,,,0,1,203.4,0.0000,ok
S3_A_hoverpairs_f003492.jpg,S3_A_hoverpairs,S3_court2_hoverpairs_20260815_091459,S3_A_hoverpairs,3492,207.400,256,210,0,-1,2,77,,,0,transitional,,,,0,1,227.9,0.0000,ok
S3_A_hoverpairs_f003498.jpg,S3_A_hoverpairs,S3_court2_hoverpairs_20260815_091459,S3_A_hoverpairs,3498,207.699,257,210,0,-1,2,77,,,0,transitional,,,,0,1,225.8,0.0000,ok
S3_A_hoverpairs_f003504.jpg,S3_A_hoverpairs,S3_court2_hoverpairs_20260815_091459,S3_A_hoverpairs,3504,208.315,246,210,0,-1,2,77,,,0,OCC75,112.5,75,,1,1,284.0,0.0000,ok
S3_A_hoverpairs_f003510.jpg,S3_A_hoverpairs,S3_court2_hoverpairs_20260815_091459,S3_A_hoverpairs,3510,208.580,252,210,0,0,1,77,,,0,OCC75,112.5,75,,1,1,243.4,0.0000,ok
S3_A_hoverpairs_f003516.jpg,S3_A_hoverpairs,S3_court2_hoverpairs_20260815_091459,S3_A_hoverpairs,3516,208.968,260,210,0,-1,1,77,,,0,OCC75,112.5,75,,1,1,242.6,0.0000,ok
S3_A_hoverpairs_f003522.jpg,S3_A_hoverpairs,S3_court2_hoverpairs_20260815_091459,S3_A_hoverpairs,3522,209.361,262,210,0,-1,1,77,,,0,OCC75,112.5,75,,1,1,211.1,0.0000,ok
S3_A_hoverpairs_f003528.jpg,S3_A_hoverpairs,S3_court2_hoverpairs_20260815_091459,S3_A_hoverpairs,3528,209.843,257,210,0,-1,1,76,,,0,OCC75,112.5,75,,1,1,231.0,0.0000,ok
S3_A_hoverpairs_f003534.jpg,S3_A_hoverpairs,S3_court2_hoverpairs_20260815_091459,S3_A_hoverpairs,3534,210.160,256,210,0,-1,1,76,,,0,OCC75,112.5,75,,1,1,240.8,0.0000,ok
S3_A_hoverpairs_f003540.jpg,S3_A_hoverpairs,S3_court2_hoverpairs_20260815_091459,S3_A_hoverpairs,3540,210.550,251,210,0,-1,1,76,,,0,OCC75,112.5,75,,1,1,223.7,0.0000,ok
S3_A_hoverpairs_f003546.jpg,S3_A_hoverpairs,S3_court2_hoverpairs_20260815_091459,S3_A_hoverpairs,3546,210.781,253,210,0,-1,2,76,,,0,OCC75,112.5,75,,1,1,224.9,0.0000,ok
S3_A_hoverpairs_f003552.jpg,S3_A_hoverpairs,S3_court2_hoverpairs_20260815_091459,S3_A_hoverpairs,3552,211.077,254,210,0,0,2,76,,,0,OCC75,112.5,75,,1,1,225.6,0.0000,ok
S3_A_hoverpairs_f003558.jpg,S3_A_hoverpairs,S3_court2_hoverpairs_20260815_091459,S3_A_hoverpairs,3558,211.401,254,210,0,0,2,76,,,0,OCC75,112.5,75,,1,1,206.7,0.0000,ok
S3_A_hoverpairs_f003564.jpg,S3_A_hoverpairs,S3_court2_hoverpairs_20260815_091459,S3_A_hoverpairs,3564,211.694,256,210,0,-1,2,76,,,0,OCC75,112.5,75,,1,1,199.0,0.0000,ok
S3_A_hoverpairs_f003570.jpg,S3_A_hoverpairs,S3_court2_hoverpairs_20260815_091459,S3_A_hoverpairs,3570,212.101,257,210,0,-1,2,76,,,0,OCC75,112.5,75,,1,1,227.4,0.0000,ok
S3_A_hoverpairs_f003576.jpg,S3_A_hoverpairs,S3_court2_hoverpairs_20260815_091459,S3_A_hoverpairs,3576,212.399,252,220,0,-1,2,76,,,0,OCC75,112.5,75,,1,1,216.0,0.0000,ok
S3_A_hoverpairs_f003582.jpg,S3_A_hoverpairs,S3_court2_hoverpairs_20260815_091459,S3_A_hoverpairs,3582,212.702,255,220,0,-1,2,76,,,0,OCC75,112.5,75,,1,1,227.1,0.0000,ok
S3_A_hoverpairs_f003588.jpg,S3_A_hoverpairs,S3_court2_hoverpairs_20260815_091459,S3_A_hoverpairs,3588,213.028,251,220,0,-2,2,76,,,0,OCC75,112.5,75,,1,1,231.6,0.0000,ok
S3_A_hoverpairs_f003594.jpg,S3_A_hoverpairs,S3_court2_hoverpairs_20260815_091459,S3_A_hoverpairs,3594,213.425,255,210,0,-2,2,76,,,0,OCC75,112.5,75,,1,1,218.7,0.0000,ok
S3_A_hoverpairs_f003600.jpg,S3_A_hoverpairs,S3_court2_hoverpairs_20260815_091459,S3_A_hoverpairs,3600,213.729,252,210,0,-1,2,76,,,0,OCC75,112.5,75,,1,1,227.3,0.0000,ok
S3_A_hoverpairs_f003606.jpg,S3_A_hoverpairs,S3_court2_hoverpairs_20260815_091459,S3_A_hoverpairs,3606,213.968,250,210,0,-1,2,76,,,0,OCC75,112.5,75,,1,1,205.8,0.0000,ok
S3_A_hoverpairs_f003612.jpg,S3_A_hoverpairs,S3_court2_hoverpairs_20260815_091459,S3_A_hoverpairs,3612,214.274,253,210,0,-1,2,76,,,0,OCC75,112.5,75,,1,1,207.2,0.0000,ok
S3_A_hoverpairs_f003618.jpg,S3_A_hoverpairs,S3_court2_hoverpairs_20260815_091459,S3_A_hoverpairs,3618,214.495,256,210,0,-1,1,76,,,0,OCC75,112.5,75,,1,1,206.5,0.0000,ok
S3_A_hoverpairs_f003624.jpg,S3_A_hoverpairs,S3_court2_hoverpairs_20260815_091459,S3_A_hoverpairs,3624,214.794,255,210,0,-2,2,76,,,0,OCC75,112.5,75,,1,1,230.9,0.0000,ok
S3_A_hoverpairs_f003630.jpg,S3_A_hoverpairs,S3_court2_hoverpairs_20260815_091459,S3_A_hoverpairs,3630,215.083,253,210,0,-2,2,76,,,0,OCC75,112.5,75,,1,1,239.6,0.0000,ok
S3_A_hoverpairs_f003636.jpg,S3_A_hoverpairs,S3_court2_hoverpairs_20260815_091459,S3_A_hoverpairs,3636,215.485,261,210,0,-1,2,76,,,0,OCC75,112.5,75,,1,1,231.1,0.0000,ok
S3_A_hoverpairs_f003642.jpg,S3_A_hoverpairs,S3_court2_hoverpairs_20260815_091459,S3_A_hoverpairs,3642,215.804,261,210,0,-1,2,76,,,0,OCC75,112.5,75,,1,1,226.2,0.0000,ok
S3_A_hoverpairs_f003648.jpg,S3_A_hoverpairs,S3_court2_hoverpairs_20260815_091459,S3_A_hoverpairs,3648,216.193,259,210,0,-2,2,76,,,0,OCC75,112.5,75,,1,1,247.4,0.0000,ok
S3_A_hoverpairs_f003654.jpg,S3_A_hoverpairs,S3_court2_hoverpairs_20260815_091459,S3_A_hoverpairs,3654,216.433,258,210,0,-1,2,76,,,0,OCC75,112.5,75,,1,1,203.1,0.0000,ok
S3_A_hoverpairs_f003660.jpg,S3_A_hoverpairs,S3_court2_hoverpairs_20260815_091459,S3_A_hoverpairs,3660,216.717,260,210,0,-1,1,76,,,0,OCC75,112.5,75,,1,1,214.7,0.0000,ok
S3_A_hoverpairs_f003666.jpg,S3_A_hoverpairs,S3_court2_hoverpairs_20260815_091459,S3_A_hoverpairs,3666,217.113,259,220,0,-1,1,76,,,0,OCC75,112.5,75,,1,1,214.0,0.0000,ok
S3_A_hoverpairs_f003672.jpg,S3_A_hoverpairs,S3_court2_hoverpairs_20260815_091459,S3_A_hoverpairs,3672,217.433,258,220,0,-1,1,76,,,0,OCC75,112.5,75,,1,1,229.2,0.0000,ok
S3_A_hoverpairs_f003678.jpg,S3_A_hoverpairs,S3_court2_hoverpairs_20260815_091459,S3_A_hoverpairs,3678,217.835,260,210,0,-1,2,76,,,0,OCC75,112.5,75,,1,1,219.9,0.0000,ok
S3_A_hoverpairs_f003684.jpg,S3_A_hoverpairs,S3_court2_hoverpairs_20260815_091459,S3_A_hoverpairs,3684,218.049,260,210,0,-1,2,76,,,0,OCC75,112.5,75,,1,1,225.9,0.0000,ok
S3_A_hoverpairs_f003690.jpg,S3_A_hoverpairs,S3_court2_hoverpairs_20260815_091459,S3_A_hoverpairs,3690,218.346,260,210,0,-1,1,76,,,0,OCC75,112.5,75,,1,1,202.6,0.0000,ok
S3_A_hoverpairs_f003696.jpg,S3_A_hoverpairs,S3_court2_hoverpairs_20260815_091459,S3_A_hoverpairs,3696,218.646,258,210,0,-1,1,75,,,0,OCC75,112.5,75,,1,1,223.1,0.0000,ok
S3_A_hoverpairs_f003702.jpg,S3_A_hoverpairs,S3_court2_hoverpairs_20260815_091459,S3_A_hoverpairs,3702,218.995,257,210,0,-2,1,75,,,0,OCC75,112.5,75,,1,1,202.1,0.0000,ok
S3_A_hoverpairs_f003708.jpg,S3_A_hoverpairs,S3_court2_hoverpairs_20260815_091459,S3_A_hoverpairs,3708,219.383,256,210,0,-2,2,75,,,0,OCC75,112.5,75,,1,1,223.5,0.0000,ok
S3_A_hoverpairs_f003714.jpg,S3_A_hoverpairs,S3_court2_hoverpairs_20260815_091459,S3_A_hoverpairs,3714,219.692,256,210,0,-1,2,75,,,0,OCC75,112.5,75,,1,1,220.2,0.0000,ok
S3_A_hoverpairs_f003720.jpg,S3_A_hoverpairs,S3_court2_hoverpairs_20260815_091459,S3_A_hoverpairs,3720,219.998,253,210,0,-1,2,75,,,0,OCC75,112.5,75,,0,1,228.9,0.0000,ok
S3_A_hoverpairs_f003726.jpg,S3_A_hoverpairs,S3_court2_hoverpairs_20260815_091459,S3_A_hoverpairs,3726,220.311,251,210,0,-1,2,75,,,0,OCC75,112.5,75,,0,1,200.2,0.0000,ok
S3_A_hoverpairs_f003732.jpg,S3_A_hoverpairs,S3_court2_hoverpairs_20260815_091459,S3_A_hoverpairs,3732,220.631,253,210,0,-1,1,75,,,0,OCC75,112.5,75,,0,1,191.6,0.0000,ok
S3_A_hoverpairs_f003738.jpg,S3_A_hoverpairs,S3_court2_hoverpairs_20260815_091459,S3_A_hoverpairs,3738,220.942,257,210,0,-2,1,75,,,0,transitional,,,,0,1,194.6,0.0000,ok
S3_A_hoverpairs_f003744.jpg,S3_A_hoverpairs,S3_court2_hoverpairs_20260815_091459,S3_A_hoverpairs,3744,221.325,254,210,0,-2,1,75,,,0,transitional,,,,0,1,178.0,0.0000,ok
S3_A_hoverpairs_f003750.jpg,S3_A_hoverpairs,S3_court2_hoverpairs_20260815_091459,S3_A_hoverpairs,3750,221.645,254,210,0,-2,1,75,,,0,transitional,,,,0,1,214.6,0.0000,ok
S3_A_hoverpairs_f003756.jpg,S3_A_hoverpairs,S3_court2_hoverpairs_20260815_091459,S3_A_hoverpairs,3756,222.062,252,210,0,-2,1,75,,,0,transitional,,,,0,1,215.7,0.0000,ok
S3_A_hoverpairs_f003762.jpg,S3_A_hoverpairs,S3_court2_hoverpairs_20260815_091459,S3_A_hoverpairs,3762,222.362,250,210,0,-2,1,75,,,0,transitional,,,,0,1,205.6,0.0000,ok
S3_A_hoverpairs_f003768.jpg,S3_A_hoverpairs,S3_court2_hoverpairs_20260815_091459,S3_A_hoverpairs,3768,222.750,251,210,0,-2,1,75,,,0,transitional,,,,0,1,200.8,0.0000,ok
S3_A_hoverpairs_f003774.jpg,S3_A_hoverpairs,S3_court2_hoverpairs_20260815_091459,S3_A_hoverpairs,3774,223.065,251,210,0,-2,1,75,,,0,transitional,,,,0,1,204.1,0.0000,ok
S3_A_hoverpairs_f003780.jpg,S3_A_hoverpairs,S3_court2_hoverpairs_20260815_091459,S3_A_hoverpairs,3780,223.364,253,210,0,-2,1,75,,,0,transitional,,,,0,1,222.1,0.0000,ok
S3_A_hoverpairs_f003786.jpg,S3_A_hoverpairs,S3_court2_hoverpairs_20260815_091459,S3_A_hoverpairs,3786,223.696,252,210,0,-1,2,75,,,0,transitional,,,,0,1,225.3,0.0000,ok
S3_A_hoverpairs_f003792.jpg,S3_A_hoverpairs,S3_court2_hoverpairs_20260815_091459,S3_A_hoverpairs,3792,224.075,254,210,0,-1,1,75,,,0,transitional,,,,0,1,210.6,0.0000,ok
S3_A_hoverpairs_f003798.jpg,S3_A_hoverpairs,S3_court2_hoverpairs_20260815_091459,S3_A_hoverpairs,3798,224.392,261,220,0,-1,1,75,,,0,transitional,,,,0,1,204.0,0.0000,ok
S3_A_hoverpairs_f003804.jpg,S3_A_hoverpairs,S3_court2_hoverpairs_20260815_091459,S3_A_hoverpairs,3804,224.793,253,220,0,-2,2,74,,,0,transitional,,,,0,1,231.2,0.0000,ok
S3_A_hoverpairs_f003810.jpg,S3_A_hoverpairs,S3_court2_hoverpairs_20260815_091459,S3_A_hoverpairs,3810,225.120,258,210,0,-2,2,74,,,0,transitional,,,,0,1,237.6,0.0000,ok
S3_A_hoverpairs_f003816.jpg,S3_A_hoverpairs,S3_court2_hoverpairs_20260815_091459,S3_A_hoverpairs,3816,225.425,254,210,0,-2,2,74,,,0,transitional,,,,0,1,215.6,0.0000,ok
S3_A_hoverpairs_f003822.jpg,S3_A_hoverpairs,S3_court2_hoverpairs_20260815_091459,S3_A_hoverpairs,3822,225.826,250,210,0,-1,3,74,,,0,transitional,,,,0,1,209.8,0.0000,ok
S3_A_hoverpairs_f003828.jpg,S3_A_hoverpairs,S3_court2_hoverpairs_20260815_091459,S3_A_hoverpairs,3828,226.059,252,210,0,-2,2,74,,,0,transitional,,,,0,1,207.8,0.0000,ok
S3_A_hoverpairs_f003834.jpg,S3_A_hoverpairs,S3_court2_hoverpairs_20260815_091459,S3_A_hoverpairs,3834,226.346,252,210,0,-2,2,74,,,0,transitional,,,,0,1,190.0,0.0000,ok
S3_A_hoverpairs_f003840.jpg,S3_A_hoverpairs,S3_court2_hoverpairs_20260815_091459,S3_A_hoverpairs,3840,226.652,256,210,0,-2,2,74,,,0,transitional,,,,0,1,186.4,0.0000,ok
S3_A_hoverpairs_f003846.jpg,S3_A_hoverpairs,S3_court2_hoverpairs_20260815_091459,S3_A_hoverpairs,3846,226.983,255,210,0,-3,2,74,,,0,transitional,,,,0,1,212.6,0.0000,ok
S3_A_hoverpairs_f003852.jpg,S3_A_hoverpairs,S3_court2_hoverpairs_20260815_091459,S3_A_hoverpairs,3852,227.411,252,210,0,-3,2,74,,,0,transitional,,,,0,1,260.6,0.0000,ok
S3_A_hoverpairs_f003858.jpg,S3_A_hoverpairs,S3_court2_hoverpairs_20260815_091459,S3_A_hoverpairs,3858,227.701,258,210,0,-2,2,74,,,0,transitional,,,,0,1,269.3,0.0000,ok
S3_A_hoverpairs_f003864.jpg,S3_A_hoverpairs,S3_court2_hoverpairs_20260815_091459,S3_A_hoverpairs,3864,228.110,258,220,0,-1,2,74,,,0,transitional,,,,0,1,288.8,0.0000,ok
S3_A_hoverpairs_f003870.jpg,S3_A_hoverpairs,S3_court2_hoverpairs_20260815_091459,S3_A_hoverpairs,3870,228.411,260,220,0,-1,2,74,,,0,transitional,,,,0,1,205.1,0.0000,ok
S3_A_hoverpairs_f003876.jpg,S3_A_hoverpairs,S3_court2_hoverpairs_20260815_091459,S3_A_hoverpairs,3876,228.701,260,220,0,-1,2,74,,,0,transitional,,,,0,1,219.3,0.0000,ok
S3_A_hoverpairs_f003882.jpg,S3_A_hoverpairs,S3_court2_hoverpairs_20260815_091459,S3_A_hoverpairs,3882,229.015,253,210,0,-1,2,74,,,0,CLEAN_close,0,0,,0,1,231.6,0.0000,ok
S3_A_hoverpairs_f003888.jpg,S3_A_hoverpairs,S3_court2_hoverpairs_20260815_091459,S3_A_hoverpairs,3888,229.326,253,210,0,-1,2,74,,,0,CLEAN_close,0,0,,0,1,227.9,0.0000,ok
S3_A_hoverpairs_f003894.jpg,S3_A_hoverpairs,S3_court2_hoverpairs_20260815_091459,S3_A_hoverpairs,3894,229.547,252,210,0,-1,2,74,,,0,CLEAN_close,0,0,,0,1,235.6,0.0000,ok
S3_A_hoverpairs_f003900.jpg,S3_A_hoverpairs,S3_court2_hoverpairs_20260815_091459,S3_A_hoverpairs,3900,229.975,257,210,0,-1,2,74,,,0,CLEAN_close,0,0,,0,1,213.1,0.0000,ok
S3_A_hoverpairs_f003906.jpg,S3_A_hoverpairs,S3_court2_hoverpairs_20260815_091459,S3_A_hoverpairs,3906,231.062,257,210,-1,-1,0,73,,,0,CLEAN_close,0,0,,0,1,276.8,0.0000,ok
S3_A_hoverpairs_f003912.jpg,S3_A_hoverpairs,S3_court2_hoverpairs_20260815_091459,S3_A_hoverpairs,3912,231.466,253,210,0,0,2,73,,,0,CLEAN_close,0,0,,0,1,246.4,0.0000,ok
S3_A_hoverpairs_f003918.jpg,S3_A_hoverpairs,S3_court2_hoverpairs_20260815_091459,S3_A_hoverpairs,3918,231.879,257,210,0,-2,1,73,,,0,CLEAN_close,0,0,,0,1,223.4,0.0000,ok
S3_A_hoverpairs_f003924.jpg,S3_A_hoverpairs,S3_court2_hoverpairs_20260815_091459,S3_A_hoverpairs,3924,232.194,251,210,0,-2,1,73,,,0,CLEAN_close,0,0,,0,1,203.6,0.0000,ok
S3_A_hoverpairs_f003930.jpg,S3_A_hoverpairs,S3_court2_hoverpairs_20260815_091459,S3_A_hoverpairs,3930,232.496,255,210,0,-1,1,73,,,0,CLEAN_close,0,0,,0,1,219.2,0.0000,ok
S3_A_hoverpairs_f003936.jpg,S3_A_hoverpairs,S3_court2_hoverpairs_20260815_091459,S3_A_hoverpairs,3936,232.881,256,210,0,-1,1,73,,,0,CLEAN_close,0,0,,0,1,233.0,0.0000,ok
S3_A_hoverpairs_f003942.jpg,S3_A_hoverpairs,S3_court2_hoverpairs_20260815_091459,S3_A_hoverpairs,3942,233.198,250,210,0,-2,1,73,,,0,CLEAN_close,0,0,,0,1,221.2,0.0000,ok
S3_A_hoverpairs_f003948.jpg,S3_A_hoverpairs,S3_court2_hoverpairs_20260815_091459,S3_A_hoverpairs,3948,233.416,255,210,0,-1,1,73,,,0,CLEAN_close,0,0,,0,1,318.0,0.0000,ok
S3_A_hoverpairs_f003954.jpg,S3_A_hoverpairs,S3_court2_hoverpairs_20260815_091459,S3_A_hoverpairs,3954,233.711,256,210,0,-2,1,73,,,0,CLEAN_close,0,0,,0,1,294.4,0.0000,ok
S3_A_hoverpairs_f003960.jpg,S3_A_hoverpairs,S3_court2_hoverpairs_20260815_091459,S3_A_hoverpairs,3960,234.018,255,210,-1,-3,1,73,,,0,CLEAN_close,0,0,,0,1,310.5,0.0000,ok
S3_A_hoverpairs_f003966.jpg,S3_A_hoverpairs,S3_court2_hoverpairs_20260815_091459,S3_A_hoverpairs,3966,234.530,258,210,0,-2,2,73,,,0,CLEAN_close,0,0,,1,1,248.6,0.0000,ok
S3_A_hoverpairs_f003972.jpg,S3_A_hoverpairs,S3_court2_hoverpairs_20260815_091459,S3_A_hoverpairs,3972,234.776,255,210,0,-2,1,73,,,0,CLEAN_close,0,0,,1,1,235.7,0.0000,ok
S3_A_hoverpairs_f003978.jpg,S3_A_hoverpairs,S3_court2_hoverpairs_20260815_091459,S3_A_hoverpairs,3978,235.082,256,210,0,-1,2,73,,,0,CLEAN_close,0,0,,1,1,251.6,0.0000,ok
S3_A_hoverpairs_f003984.jpg,S3_A_hoverpairs,S3_court2_hoverpairs_20260815_091459,S3_A_hoverpairs,3984,235.375,259,210,0,-2,2,73,,,0,CLEAN_close,0,0,,1,1,213.8,0.0000,ok
S3_A_hoverpairs_f003990.jpg,S3_A_hoverpairs,S3_court2_hoverpairs_20260815_091459,S3_A_hoverpairs,3990,235.661,255,210,0,-2,2,73,,,0,CLEAN_close,0,0,,1,1,237.4,0.0000,ok
S3_A_hoverpairs_f003996.jpg,S3_A_hoverpairs,S3_court2_hoverpairs_20260815_091459,S3_A_hoverpairs,3996,235.974,248,210,0,-2,1,73,,,0,CLEAN_close,0,0,,1,1,233.8,0.0000,ok
S3_A_hoverpairs_f004002.jpg,S3_A_hoverpairs,S3_court2_hoverpairs_20260815_091459,S3_A_hoverpairs,4002,236.292,257,210,0,-3,1,73,,,0,CLEAN_close,0,0,,1,1,225.3,0.0000,ok
S3_A_hoverpairs_f004008.jpg,S3_A_hoverpairs,S3_court2_hoverpairs_20260815_091459,S3_A_hoverpairs,4008,236.696,254,210,0,-2,1,73,,,0,CLEAN_close,0,0,,1,1,241.9,0.0000,ok
S3_A_hoverpairs_f004014.jpg,S3_A_hoverpairs,S3_court2_hoverpairs_20260815_091459,S3_A_hoverpairs,4014,237.083,251,210,0,-1,2,73,,,0,CLEAN_close,0,0,,1,1,231.8,0.0000,ok
S3_A_hoverpairs_f004020.jpg,S3_A_hoverpairs,S3_court2_hoverpairs_20260815_091459,S3_A_hoverpairs,4020,237.392,252,210,0,-1,2,73,,,0,CLEAN_close,0,0,,1,1,234.6,0.0000,ok
S3_A_hoverpairs_f004026.jpg,S3_A_hoverpairs,S3_court2_hoverpairs_20260815_091459,S3_A_hoverpairs,4026,237.696,246,210,0,-2,2,72,,,0,CLEAN_close,0,0,,1,1,237.4,0.0000,ok
S3_A_hoverpairs_f004032.jpg,S3_A_hoverpairs,S3_court2_hoverpairs_20260815_091459,S3_A_hoverpairs,4032,237.928,253,210,0,-2,2,72,,,0,CLEAN_close,0,0,,1,1,243.1,0.0000,ok
S3_A_hoverpairs_f004038.jpg,S3_A_hoverpairs,S3_court2_hoverpairs_20260815_091459,S3_A_hoverpairs,4038,238.209,254,210,0,-1,1,72,,,0,CLEAN_close,0,0,,1,1,253.6,0.0000,ok
S3_A_hoverpairs_f004044.jpg,S3_A_hoverpairs,S3_court2_hoverpairs_20260815_091459,S3_A_hoverpairs,4044,238.529,256,210,0,-2,1,72,,,0,CLEAN_close,0,0,,1,1,222.4,0.0000,ok
S3_A_hoverpairs_f004050.jpg,S3_A_hoverpairs,S3_court2_hoverpairs_20260815_091459,S3_A_hoverpairs,4050,238.826,257,210,0,-1,1,72,,,0,CLEAN_close,0,0,,1,1,240.2,0.0000,ok
S3_A_hoverpairs_f004056.jpg,S3_A_hoverpairs,S3_court2_hoverpairs_20260815_091459,S3_A_hoverpairs,4056,239.133,256,210,0,-1,2,72,,,0,CLEAN_close,0,0,,1,1,245.3,0.0000,ok
S3_A_hoverpairs_f004062.jpg,S3_A_hoverpairs,S3_court2_hoverpairs_20260815_091459,S3_A_hoverpairs,4062,239.354,256,210,0,-1,2,72,,,0,CLEAN_close,0,0,,1,1,215.2,0.0000,ok
S3_A_hoverpairs_f004068.jpg,S3_A_hoverpairs,S3_court2_hoverpairs_20260815_091459,S3_A_hoverpairs,4068,239.649,257,210,0,-2,1,72,,,0,CLEAN_close,0,0,,1,1,212.1,0.0000,ok
S3_A_hoverpairs_f004074.jpg,S3_A_hoverpairs,S3_court2_hoverpairs_20260815_091459,S3_A_hoverpairs,4074,239.976,258,210,0,-2,1,72,,,0,CLEAN_close,0,0,,1,1,218.2,0.0000,ok
S3_A_hoverpairs_f004080.jpg,S3_A_hoverpairs,S3_court2_hoverpairs_20260815_091459,S3_A_hoverpairs,4080,240.367,254,210,0,-2,1,72,,,0,CLEAN_close,0,0,,1,1,230.5,0.0000,ok
S3_A_hoverpairs_f004086.jpg,S3_A_hoverpairs,S3_court2_hoverpairs_20260815_091459,S3_A_hoverpairs,4086,240.661,256,210,0,-2,2,72,,,0,CLEAN_close,0,0,,1,1,240.6,0.0000,ok
S3_A_hoverpairs_f004092.jpg,S3_A_hoverpairs,S3_court2_hoverpairs_20260815_091459,S3_A_hoverpairs,4092,240.967,261,210,0,-2,2,72,,,0,CLEAN_close,0,0,,1,1,271.1,0.0000,ok
S3_A_hoverpairs_f004098.jpg,S3_A_hoverpairs,S3_court2_hoverpairs_20260815_091459,S3_A_hoverpairs,4098,241.276,258,220,0,-1,1,72,,,0,CLEAN_close,0,0,,1,1,231.7,0.0000,ok
S3_A_hoverpairs_f004104.jpg,S3_A_hoverpairs,S3_court2_hoverpairs_20260815_091459,S3_A_hoverpairs,4104,241.598,259,210,0,0,2,72,,,0,CLEAN_close,0,0,,1,1,256.8,0.0000,ok
S3_A_hoverpairs_f004110.jpg,S3_A_hoverpairs,S3_court2_hoverpairs_20260815_091459,S3_A_hoverpairs,4110,242.009,257,220,0,-1,2,72,,,0,CLEAN_close,0,0,,1,1,236.9,0.0000,ok
S3_A_hoverpairs_f004116.jpg,S3_A_hoverpairs,S3_court2_hoverpairs_20260815_091459,S3_A_hoverpairs,4116,242.300,255,220,0,-1,2,72,,,0,CLEAN_close,0,0,,1,1,239.6,0.0000,ok
S3_A_hoverpairs_f004122.jpg,S3_A_hoverpairs,S3_court2_hoverpairs_20260815_091459,S3_A_hoverpairs,4122,242.750,256,210,0,-1,2,71,,,0,CLEAN_close,0,0,,1,1,232.7,0.0000,ok
S3_A_hoverpairs_f004128.jpg,S3_A_hoverpairs,S3_court2_hoverpairs_20260815_091459,S3_A_hoverpairs,4128,243.214,253,210,0,-2,2,71,,,0,CLEAN_close,0,0,,1,1,237.5,0.0000,ok
S3_A_hoverpairs_f004134.jpg,S3_A_hoverpairs,S3_court2_hoverpairs_20260815_091459,S3_A_hoverpairs,4134,243.640,259,210,0,-2,1,71,,,0,CLEAN_close,0,0,,1,1,265.8,0.0000,ok
S3_A_hoverpairs_f004140.jpg,S3_A_hoverpairs,S3_court2_hoverpairs_20260815_091459,S3_A_hoverpairs,4140,244.133,263,220,0,-2,1,71,,,0,CLEAN_close,0,0,,1,1,268.2,0.0000,ok
S3_A_hoverpairs_f004146.jpg,S3_A_hoverpairs,S3_court2_hoverpairs_20260815_091459,S3_A_hoverpairs,4146,244.616,263,220,0,-1,1,71,,,0,CLEAN_close,0,0,,1,1,238.8,0.0000,ok
S3_A_hoverpairs_f004152.jpg,S3_A_hoverpairs,S3_court2_hoverpairs_20260815_091459,S3_A_hoverpairs,4152,245.015,252,210,0,-1,2,71,,,0,CLEAN_close,0,0,,1,1,251.6,0.0000,ok
S3_A_hoverpairs_f004158.jpg,S3_A_hoverpairs,S3_court2_hoverpairs_20260815_091459,S3_A_hoverpairs,4158,245.424,255,210,0,-1,2,71,,,0,CLEAN_close,0,0,,1,1,229.4,0.0000,ok
S3_A_hoverpairs_f004164.jpg,S3_A_hoverpairs,S3_court2_hoverpairs_20260815_091459,S3_A_hoverpairs,4164,245.825,258,210,0,-2,1,71,,,0,CLEAN_close,0,0,,1,1,236.4,0.0000,ok
S3_A_hoverpairs_f004170.jpg,S3_A_hoverpairs,S3_court2_hoverpairs_20260815_091459,S3_A_hoverpairs,4170,246.168,249,210,0,-2,1,71,,,0,CLEAN_close,0,0,,1,1,242.0,0.0000,ok
S3_A_hoverpairs_f004176.jpg,S3_A_hoverpairs,S3_court2_hoverpairs_20260815_091459,S3_A_hoverpairs,4176,246.472,258,210,0,-2,1,71,,,0,CLEAN_close,0,0,,1,1,220.0,0.0000,ok
S3_A_hoverpairs_f004182.jpg,S3_A_hoverpairs,S3_court2_hoverpairs_20260815_091459,S3_A_hoverpairs,4182,246.786,254,210,0,-2,1,71,,,0,CLEAN_close,0,0,,1,1,228.9,0.0000,ok
S3_A_hoverpairs_f004188.jpg,S3_A_hoverpairs,S3_court2_hoverpairs_20260815_091459,S3_A_hoverpairs,4188,247.025,258,220,0,-2,1,71,,,0,CLEAN_close,0,0,,1,1,238.0,0.0000,ok
S3_A_hoverpairs_f004194.jpg,S3_A_hoverpairs,S3_court2_hoverpairs_20260815_091459,S3_A_hoverpairs,4194,247.341,256,220,0,-2,0,71,,,0,CLEAN_close,0,0,,1,1,225.8,0.0000,ok
S3_A_hoverpairs_f004200.jpg,S3_A_hoverpairs,S3_court2_hoverpairs_20260815_091459,S3_A_hoverpairs,4200,247.635,262,220,0,-3,0,71,,,0,CLEAN_close,0,0,,1,1,237.7,0.0000,ok
S3_A_hoverpairs_f004206.jpg,S3_A_hoverpairs,S3_court2_hoverpairs_20260815_091459,S3_A_hoverpairs,4206,249.384,254,210,0,-1,0,71,,,0,CLEAN_close,0,0,,1,1,230.5,0.0000,ok
S3_A_hoverpairs_f004212.jpg,S3_A_hoverpairs,S3_court2_hoverpairs_20260815_091459,S3_A_hoverpairs,4212,249.781,256,220,0,-1,0,71,,,0,CLEAN_close,0,0,,1,1,234.3,0.0000,ok
S3_A_hoverpairs_f004218.jpg,S3_A_hoverpairs,S3_court2_hoverpairs_20260815_091459,S3_A_hoverpairs,4218,250.184,253,220,0,-1,0,71,,,0,CLEAN_close,0,0,,1,1,262.7,0.0000,ok
S3_A_hoverpairs_f004224.jpg,S3_A_hoverpairs,S3_court2_hoverpairs_20260815_091459,S3_A_hoverpairs,4224,250.503,258,210,0,-2,0,71,,,0,CLEAN_close,0,0,,1,1,245.1,0.0000,ok
S3_A_hoverpairs_f004230.jpg,S3_A_hoverpairs,S3_court2_hoverpairs_20260815_091459,S3_A_hoverpairs,4230,250.818,252,210,0,-2,0,70,,,0,CLEAN_close,0,0,,1,1,273.3,0.0000,ok
S3_A_hoverpairs_f004236.jpg,S3_A_hoverpairs,S3_court2_hoverpairs_20260815_091459,S3_A_hoverpairs,4236,251.136,255,210,0,-1,0,70,,,0,CLEAN_close,0,0,,1,1,276.4,0.0000,ok
S3_A_hoverpairs_f004242.jpg,S3_A_hoverpairs,S3_court2_hoverpairs_20260815_091459,S3_A_hoverpairs,4242,251.517,252,210,0,-2,0,70,,,0,CLEAN_close,0,0,,1,1,249.5,0.0000,ok
S3_A_hoverpairs_f004248.jpg,S3_A_hoverpairs,S3_court2_hoverpairs_20260815_091459,S3_A_hoverpairs,4248,251.843,250,210,0,-2,0,70,,,0,CLEAN_close,0,0,,1,1,274.7,0.0000,ok
S3_A_hoverpairs_f004254.jpg,S3_A_hoverpairs,S3_court2_hoverpairs_20260815_091459,S3_A_hoverpairs,4254,252.060,250,210,0,-2,1,70,,,0,CLEAN_close,0,0,,1,1,283.0,0.0000,ok
S3_A_hoverpairs_f004260.jpg,S3_A_hoverpairs,S3_court2_hoverpairs_20260815_091459,S3_A_hoverpairs,4260,252.362,256,210,0,-2,1,70,,,0,CLEAN_close,0,0,,1,1,262.6,0.0000,ok
S3_A_hoverpairs_f004266.jpg,S3_A_hoverpairs,S3_court2_hoverpairs_20260815_091459,S3_A_hoverpairs,4266,252.851,250,210,0,-1,1,70,,,0,CLEAN_close,0,0,,1,1,291.7,0.0000,ok
S3_A_hoverpairs_f004272.jpg,S3_A_hoverpairs,S3_court2_hoverpairs_20260815_091459,S3_A_hoverpairs,4272,253.178,245,210,0,-2,1,70,,,0,CLEAN_close,0,0,,1,1,275.8,0.0000,ok
S3_A_hoverpairs_f004278.jpg,S3_A_hoverpairs,S3_court2_hoverpairs_20260815_091459,S3_A_hoverpairs,4278,253.567,249,210,0,-2,1,70,,,0,CLEAN_close,0,0,,1,1,254.3,0.0000,ok
S3_A_hoverpairs_f004284.jpg,S3_A_hoverpairs,S3_court2_hoverpairs_20260815_091459,S3_A_hoverpairs,4284,253.892,253,210,0,-2,1,70,,,0,CLEAN_close,0,0,,1,1,250.8,0.0000,ok
S3_A_hoverpairs_f004290.jpg,S3_A_hoverpairs,S3_court2_hoverpairs_20260815_091459,S3_A_hoverpairs,4290,254.287,251,210,0,-2,1,70,,,0,CLEAN_close,0,0,,1,1,238.3,0.0000,ok
S3_A_hoverpairs_f004296.jpg,S3_A_hoverpairs,S3_court2_hoverpairs_20260815_091459,S3_A_hoverpairs,4296,254.615,252,210,0,-2,1,70,,,0,CLEAN_close,0,0,,1,1,268.5,0.0000,ok
S3_A_hoverpairs_f004302.jpg,S3_A_hoverpairs,S3_court2_hoverpairs_20260815_091459,S3_A_hoverpairs,4302,254.917,254,210,0,-2,1,70,,,0,CLEAN_close,0,0,,1,1,279.3,0.0000,ok
S3_A_hoverpairs_f004308.jpg,S3_A_hoverpairs,S3_court2_hoverpairs_20260815_091459,S3_A_hoverpairs,4308,255.313,253,210,0,-2,1,70,,,0,CLEAN_close,0,0,,1,1,259.3,0.0000,ok
S3_A_hoverpairs_f004314.jpg,S3_A_hoverpairs,S3_court2_hoverpairs_20260815_091459,S3_A_hoverpairs,4314,255.615,251,210,0,-2,1,70,,,0,CLEAN_close,0,0,,1,1,242.2,0.0000,ok
S3_A_hoverpairs_f004320.jpg,S3_A_hoverpairs,S3_court2_hoverpairs_20260815_091459,S3_A_hoverpairs,4320,255.949,252,210,0,-2,0,70,,,0,CLEAN_close,0,0,,1,1,241.5,0.0000,ok
S3_A_hoverpairs_f004326.jpg,S3_A_hoverpairs,S3_court2_hoverpairs_20260815_091459,S3_A_hoverpairs,4326,256.252,249,210,0,-2,1,70,,,0,CLEAN_close,0,0,,1,1,236.0,0.0000,ok
S3_A_hoverpairs_f004332.jpg,S3_A_hoverpairs,S3_court2_hoverpairs_20260815_091459,S3_A_hoverpairs,4332,256.637,256,210,0,-2,0,70,,,0,CLEAN_close,0,0,,1,1,237.7,0.0000,ok
S3_A_hoverpairs_f004338.jpg,S3_A_hoverpairs,S3_court2_hoverpairs_20260815_091459,S3_A_hoverpairs,4338,256.962,256,210,0,-2,0,70,,,0,CLEAN_close,0,0,,1,1,259.8,0.0000,ok
S3_A_hoverpairs_f004344.jpg,S3_A_hoverpairs,S3_court2_hoverpairs_20260815_091459,S3_A_hoverpairs,4344,257.350,255,210,0,-1,0,70,,,0,CLEAN_close,0,0,,1,1,249.2,0.0000,ok
S3_A_hoverpairs_f004350.jpg,S3_A_hoverpairs,S3_court2_hoverpairs_20260815_091459,S3_A_hoverpairs,4350,257.669,255,210,0,-1,0,70,,,0,CLEAN_close,0,0,,1,1,255.6,0.0000,ok
S3_A_hoverpairs_f004356.jpg,S3_A_hoverpairs,S3_court2_hoverpairs_20260815_091459,S3_A_hoverpairs,4356,257.885,258,210,0,-1,1,70,,,0,CLEAN_close,0,0,,1,1,242.8,0.0000,ok
S3_A_hoverpairs_f004362.jpg,S3_A_hoverpairs,S3_court2_hoverpairs_20260815_091459,S3_A_hoverpairs,4362,258.276,255,210,0,-1,1,70,,,0,CLEAN_close,0,0,,1,1,258.7,0.0000,ok
S3_A_hoverpairs_f004368.jpg,S3_A_hoverpairs,S3_court2_hoverpairs_20260815_091459,S3_A_hoverpairs,4368,258.612,251,210,0,-1,1,69,,,0,CLEAN_close,0,0,,1,1,271.9,0.0000,ok
S3_A_hoverpairs_f004374.jpg,S3_A_hoverpairs,S3_court2_hoverpairs_20260815_091459,S3_A_hoverpairs,4374,258.991,253,210,0,-1,1,69,,,0,CLEAN_close,0,0,,1,1,243.1,0.0000,ok
S3_A_hoverpairs_f004380.jpg,S3_A_hoverpairs,S3_court2_hoverpairs_20260815_091459,S3_A_hoverpairs,4380,259.305,257,210,0,-1,1,69,,,0,CLEAN_close,0,0,,1,1,260.8,0.0000,ok
S3_A_hoverpairs_f004386.jpg,S3_A_hoverpairs,S3_court2_hoverpairs_20260815_091459,S3_A_hoverpairs,4386,259.628,259,210,0,-1,1,69,,,0,CLEAN_close,0,0,,1,1,266.5,0.0000,ok
S3_A_hoverpairs_f004392.jpg,S3_A_hoverpairs,S3_court2_hoverpairs_20260815_091459,S3_A_hoverpairs,4392,260.035,254,220,0,-1,1,69,,,0,CLEAN_close,0,0,,1,1,248.3,0.0000,ok
S3_A_hoverpairs_f004398.jpg,S3_A_hoverpairs,S3_court2_hoverpairs_20260815_091459,S3_A_hoverpairs,4398,260.422,264,210,0,-1,1,69,,,0,CLEAN_close,0,0,,1,1,273.9,0.0000,ok
S3_A_hoverpairs_f004404.jpg,S3_A_hoverpairs,S3_court2_hoverpairs_20260815_091459,S3_A_hoverpairs,4404,260.660,257,220,0,-1,1,69,,,0,CLEAN_close,0,0,,1,1,261.1,0.0000,ok
S3_A_hoverpairs_f004410.jpg,S3_A_hoverpairs,S3_court2_hoverpairs_20260815_091459,S3_A_hoverpairs,4410,260.961,260,210,0,-1,1,69,,,0,CLEAN_close,0,0,,1,1,276.1,0.0000,ok
S3_A_hoverpairs_f004416.jpg,S3_A_hoverpairs,S3_court2_hoverpairs_20260815_091459,S3_A_hoverpairs,4416,261.365,258,210,0,-1,1,69,,,0,CLEAN_close,0,0,,1,1,227.3,0.0000,ok
S3_A_hoverpairs_f004422.jpg,S3_A_hoverpairs,S3_court2_hoverpairs_20260815_091459,S3_A_hoverpairs,4422,261.673,255,220,0,-1,1,69,,,0,CLEAN_close,0,0,,1,1,248.2,0.0000,ok
S3_A_hoverpairs_f004428.jpg,S3_A_hoverpairs,S3_court2_hoverpairs_20260815_091459,S3_A_hoverpairs,4428,261.980,258,210,0,-1,0,69,,,0,CLEAN_close,0,0,,1,1,237.8,0.0000,ok
S3_A_hoverpairs_f004434.jpg,S3_A_hoverpairs,S3_court2_hoverpairs_20260815_091459,S3_A_hoverpairs,4434,262.403,255,210,0,-2,1,69,,,0,CLEAN_close,0,0,,1,1,440.3,0.0000,ok
S3_A_hoverpairs_f004440.jpg,S3_A_hoverpairs,S3_court2_hoverpairs_20260815_091459,S3_A_hoverpairs,4440,262.790,254,210,0,-1,2,69,,,0,CLEAN_close,0,0,,1,1,400.3,0.0000,ok
S3_A_hoverpairs_f004446.jpg,S3_A_hoverpairs,S3_court2_hoverpairs_20260815_091459,S3_A_hoverpairs,4446,263.193,249,210,0,-2,1,69,,,0,CLEAN_close,0,0,,1,1,282.0,0.0000,ok
S3_A_hoverpairs_f004452.jpg,S3_A_hoverpairs,S3_court2_hoverpairs_20260815_091459,S3_A_hoverpairs,4452,263.420,255,210,0,-1,1,69,,,0,CLEAN_close,0,0,,1,1,239.5,0.0000,ok
S3_A_hoverpairs_f004458.jpg,S3_A_hoverpairs,S3_court2_hoverpairs_20260815_091459,S3_A_hoverpairs,4458,263.716,259,210,0,-2,1,68,,,0,CLEAN_close,0,0,,1,1,233.9,0.0000,ok
S3_A_hoverpairs_f004464.jpg,S3_A_hoverpairs,S3_court2_hoverpairs_20260815_091459,S3_A_hoverpairs,4464,264.113,254,220,0,-2,1,68,,,0,CLEAN_close,0,0,,1,1,252.2,0.0000,ok
S3_A_hoverpairs_f004470.jpg,S3_A_hoverpairs,S3_court2_hoverpairs_20260815_091459,S3_A_hoverpairs,4470,264.427,253,210,0,-2,1,68,,,0,CLEAN_close,0,0,,1,1,261.2,0.0000,ok
S3_A_hoverpairs_f004476.jpg,S3_A_hoverpairs,S3_court2_hoverpairs_20260815_091459,S3_A_hoverpairs,4476,264.745,256,210,0,-2,1,68,,,0,CLEAN_close,0,0,,1,1,253.3,0.0000,ok
S3_A_hoverpairs_f004482.jpg,S3_A_hoverpairs,S3_court2_hoverpairs_20260815_091459,S3_A_hoverpairs,4482,265.066,252,210,0,-2,1,68,,,0,CLEAN_close,0,0,,1,1,263.3,0.0000,ok
S3_A_hoverpairs_f004488.jpg,S3_A_hoverpairs,S3_court2_hoverpairs_20260815_091459,S3_A_hoverpairs,4488,265.468,252,210,0,-1,1,68,,,0,CLEAN_close,0,0,,1,1,232.1,0.0000,ok
S3_A_hoverpairs_f004494.jpg,S3_A_hoverpairs,S3_court2_hoverpairs_20260815_091459,S3_A_hoverpairs,4494,265.803,258,210,0,-2,0,68,,,0,CLEAN_close,0,0,,1,1,226.4,0.0000,ok
S3_A_hoverpairs_f004500.jpg,S3_A_hoverpairs,S3_court2_hoverpairs_20260815_091459,S3_A_hoverpairs,4500,266.079,256,210,0,-2,0,68,,,0,CLEAN_close,0,0,,1,1,239.6,0.0000,ok
S3_A_hoverpairs_f004506.jpg,S3_A_hoverpairs,S3_court2_hoverpairs_20260815_091459,S3_A_hoverpairs,4506,266.385,252,210,0,-1,1,68,,,0,CLEAN_close,0,0,,1,1,261.6,0.0000,ok
S3_A_hoverpairs_f004512.jpg,S3_A_hoverpairs,S3_court2_hoverpairs_20260815_091459,S3_A_hoverpairs,4512,266.694,255,210,0,-1,1,68,,,0,CLEAN_close,0,0,,1,1,301.8,0.0000,ok
S3_A_hoverpairs_f004518.jpg,S3_A_hoverpairs,S3_court2_hoverpairs_20260815_091459,S3_A_hoverpairs,4518,267.084,252,210,0,-1,1,68,,,0,CLEAN_close,0,0,,1,1,299.1,0.0000,ok
S3_A_hoverpairs_f004524.jpg,S3_A_hoverpairs,S3_court2_hoverpairs_20260815_091459,S3_A_hoverpairs,4524,267.497,255,210,0,-1,1,68,,,0,CLEAN_close,0,0,,1,1,232.9,0.0000,ok
S3_A_hoverpairs_f004530.jpg,S3_A_hoverpairs,S3_court2_hoverpairs_20260815_091459,S3_A_hoverpairs,4530,267.797,257,210,0,-1,1,68,,,0,CLEAN_close,0,0,,1,1,236.6,0.0000,ok
S3_A_hoverpairs_f004536.jpg,S3_A_hoverpairs,S3_court2_hoverpairs_20260815_091459,S3_A_hoverpairs,4536,268.119,256,210,0,-2,1,68,,,0,CLEAN_close,0,0,,1,1,243.7,0.0000,ok
S3_A_hoverpairs_f004542.jpg,S3_A_hoverpairs,S3_court2_hoverpairs_20260815_091459,S3_A_hoverpairs,4542,268.412,255,210,0,-1,1,68,,,0,CLEAN_close,0,0,,1,1,270.7,0.0000,ok
S3_A_hoverpairs_f004548.jpg,S3_A_hoverpairs,S3_court2_hoverpairs_20260815_091459,S3_A_hoverpairs,4548,268.728,254,210,0,-2,1,68,,,0,CLEAN_close,0,0,,1,1,255.5,0.0000,ok
S3_A_hoverpairs_f004554.jpg,S3_A_hoverpairs,S3_court2_hoverpairs_20260815_091459,S3_A_hoverpairs,4554,269.045,248,210,0,-2,1,68,,,0,transitional,,,,0,1,268.0,0.0000,ok
S3_A_hoverpairs_f004560.jpg,S3_A_hoverpairs,S3_court2_hoverpairs_20260815_091459,S3_A_hoverpairs,4560,269.369,252,210,0,-2,1,68,,,0,transitional,,,,0,1,245.5,0.0000,ok
S3_A_hoverpairs_f004566.jpg,S3_A_hoverpairs,S3_court2_hoverpairs_20260815_091459,S3_A_hoverpairs,4566,269.763,254,210,0,-2,1,68,,,0,transitional,,,,0,1,254.6,0.0000,ok
S3_A_hoverpairs_f004572.jpg,S3_A_hoverpairs,S3_court2_hoverpairs_20260815_091459,S3_A_hoverpairs,4572,270.077,258,210,0,-2,0,68,,,0,transitional,,,,0,1,255.7,0.0000,ok
S3_A_hoverpairs_f004578.jpg,S3_A_hoverpairs,S3_court2_hoverpairs_20260815_091459,S3_A_hoverpairs,4578,270.380,255,210,0,-1,1,68,,,0,transitional,,,,0,1,248.3,0.0000,ok
S3_A_hoverpairs_f004584.jpg,S3_A_hoverpairs,S3_court2_hoverpairs_20260815_091459,S3_A_hoverpairs,4584,270.681,258,210,0,-2,0,68,,,0,transitional,,,,0,1,260.5,0.0000,ok
S3_A_hoverpairs_f004590.jpg,S3_A_hoverpairs,S3_court2_hoverpairs_20260815_091459,S3_A_hoverpairs,4590,271.086,256,210,0,-1,1,68,,,0,transitional,,,,0,1,250.5,0.0000,ok
S3_A_hoverpairs_f004596.jpg,S3_A_hoverpairs,S3_court2_hoverpairs_20260815_091459,S3_A_hoverpairs,4596,271.381,254,210,0,-1,1,68,,,0,transitional,,,,0,1,252.7,0.0000,ok
S3_A_hoverpairs_f004602.jpg,S3_A_hoverpairs,S3_court2_hoverpairs_20260815_091459,S3_A_hoverpairs,4602,271.697,250,210,0,-2,1,68,,,0,transitional,,,,0,1,239.4,0.0000,ok
S3_A_hoverpairs_f004608.jpg,S3_A_hoverpairs,S3_court2_hoverpairs_20260815_091459,S3_A_hoverpairs,4608,271.926,251,210,0,-2,0,68,,,0,transitional,,,,0,1,239.6,0.0000,ok
S3_A_hoverpairs_f004614.jpg,S3_A_hoverpairs,S3_court2_hoverpairs_20260815_091459,S3_A_hoverpairs,4614,272.301,257,210,0,-2,0,68,,,0,transitional,,,,0,1,232.3,0.0000,ok
S3_A_hoverpairs_f004620.jpg,S3_A_hoverpairs,S3_court2_hoverpairs_20260815_091459,S3_A_hoverpairs,4620,272.629,254,210,0,-2,0,67,,,0,transitional,,,,0,1,235.6,0.0000,ok
S3_sizesweep_f000000.jpg,S3_sizesweep,S3_court2_sizesweep_20260815_092534,S3_sizesweep,0,0.262,10,0,0,0,-2,64,,,0,transitional,,,,0,1,94.3,0.0000,ok
S3_sizesweep_f000006.jpg,S3_sizesweep,S3_court2_sizesweep_20260815_092534,S3_sizesweep,6,0.476,10,0,0,0,-2,64,,,0,transitional,,,,0,1,95.7,0.0000,ok
S3_sizesweep_f000012.jpg,S3_sizesweep,S3_court2_sizesweep_20260815_092534,S3_sizesweep,12,0.827,10,0,0,0,-2,64,,,0,transitional,,,,0,1,96.3,0.0000,ok
S3_sizesweep_f000018.jpg,S3_sizesweep,S3_court2_sizesweep_20260815_092534,S3_sizesweep,18,0.975,10,0,0,0,-2,64,,,0,transitional,,,,0,1,96.4,0.0000,ok
S3_sizesweep_f000024.jpg,S3_sizesweep,S3_court2_sizesweep_20260815_092534,S3_sizesweep,24,1.465,10,0,0,0,-2,64,,,0,transitional,,,,0,1,94.2,0.0000,ok
S3_sizesweep_f000030.jpg,S3_sizesweep,S3_court2_sizesweep_20260815_092534,S3_sizesweep,30,1.724,10,0,0,0,-2,64,,,0,transitional,,,,0,1,95.7,0.0000,ok
S3_sizesweep_f000036.jpg,S3_sizesweep,S3_court2_sizesweep_20260815_092534,S3_sizesweep,36,2.011,10,0,0,0,-2,64,,,0,transitional,,,,0,1,95.7,0.0000,ok
S3_sizesweep_f000042.jpg,S3_sizesweep,S3_court2_sizesweep_20260815_092534,S3_sizesweep,42,2.291,10,0,0,0,-2,64,,,0,transitional,,,,0,1,96.2,0.0000,ok
S3_sizesweep_f000048.jpg,S3_sizesweep,S3_court2_sizesweep_20260815_092534,S3_sizesweep,48,3.320,10,0,0,0,-2,64,,,0,transitional,,,,0,1,92.7,0.0000,ok
S3_sizesweep_f000054.jpg,S3_sizesweep,S3_court2_sizesweep_20260815_092534,S3_sizesweep,54,3.515,10,0,0,0,-2,64,,,0,transitional,,,,0,1,96.1,0.0000,ok
S3_sizesweep_f000060.jpg,S3_sizesweep,S3_court2_sizesweep_20260815_092534,S3_sizesweep,60,3.900,10,0,0,0,-2,64,,,0,transitional,,,,0,1,96.3,0.0000,ok
S3_sizesweep_f000066.jpg,S3_sizesweep,S3_court2_sizesweep_20260815_092534,S3_sizesweep,66,4.058,10,0,0,0,-2,64,,,0,transitional,,,,0,1,96.5,0.0000,ok
S3_sizesweep_f000072.jpg,S3_sizesweep,S3_court2_sizesweep_20260815_092534,S3_sizesweep,72,4.329,10,0,0,0,-2,64,,,0,transitional,,,,0,1,93.9,0.0000,ok
S3_sizesweep_f000078.jpg,S3_sizesweep,S3_court2_sizesweep_20260815_092534,S3_sizesweep,78,4.640,10,0,0,0,-2,64,,,0,transitional,,,,0,1,96.3,0.0000,ok
S3_sizesweep_f000084.jpg,S3_sizesweep,S3_court2_sizesweep_20260815_092534,S3_sizesweep,84,4.845,10,0,0,0,-2,63,,,0,transitional,,,,0,1,96.4,0.0000,ok
S3_sizesweep_f000090.jpg,S3_sizesweep,S3_court2_sizesweep_20260815_092534,S3_sizesweep,90,5.227,10,0,0,0,-2,63,,,0,transitional,,,,0,1,96.8,0.0000,ok
S3_sizesweep_f000096.jpg,S3_sizesweep,S3_court2_sizesweep_20260815_092534,S3_sizesweep,96,5.455,10,0,0,0,-2,63,,,0,transitional,,,,0,1,95.7,0.0000,ok
S3_sizesweep_f000102.jpg,S3_sizesweep,S3_court2_sizesweep_20260815_092534,S3_sizesweep,102,5.677,10,0,0,0,-2,63,,,0,transitional,,,,0,1,96.4,0.0000,ok
S3_sizesweep_f000108.jpg,S3_sizesweep,S3_court2_sizesweep_20260815_092534,S3_sizesweep,108,5.939,10,0,0,0,-2,63,,,0,transitional,,,,0,1,96.3,0.0000,ok
S3_sizesweep_f000114.jpg,S3_sizesweep,S3_court2_sizesweep_20260815_092534,S3_sizesweep,114,6.110,10,0,0,0,-2,63,,,0,transitional,,,,0,1,96.9,0.0000,ok
S3_sizesweep_f000120.jpg,S3_sizesweep,S3_court2_sizesweep_20260815_092534,S3_sizesweep,120,6.365,10,0,0,0,-2,63,,,0,transitional,,,,0,1,94.3,0.0000,ok
S3_sizesweep_f000126.jpg,S3_sizesweep,S3_court2_sizesweep_20260815_092534,S3_sizesweep,126,6.574,10,0,0,0,-2,63,,,0,transitional,,,,0,1,95.9,0.0000,ok
S3_sizesweep_f000132.jpg,S3_sizesweep,S3_court2_sizesweep_20260815_092534,S3_sizesweep,132,6.940,10,0,0,0,-2,63,,,0,transitional,,,,0,1,97.2,0.0000,ok
S3_sizesweep_f000138.jpg,S3_sizesweep,S3_court2_sizesweep_20260815_092534,S3_sizesweep,138,7.208,10,0,0,0,-2,63,,,0,transitional,,,,0,1,96.7,0.0000,ok
S3_sizesweep_f000144.jpg,S3_sizesweep,S3_court2_sizesweep_20260815_092534,S3_sizesweep,144,7.462,10,0,0,0,-2,63,,,0,transitional,,,,0,1,94.8,0.0000,ok
S3_sizesweep_f000150.jpg,S3_sizesweep,S3_court2_sizesweep_20260815_092534,S3_sizesweep,150,7.823,10,0,0,0,-2,63,,,0,transitional,,,,0,1,96.5,0.0000,ok
S3_sizesweep_f000156.jpg,S3_sizesweep,S3_court2_sizesweep_20260815_092534,S3_sizesweep,156,8.145,10,0,0,0,-2,63,,,0,transitional,,,,0,1,105.5,0.0000,ok
S3_sizesweep_f000162.jpg,S3_sizesweep,S3_court2_sizesweep_20260815_092534,S3_sizesweep,162,8.436,10,0,0,0,-2,63,,,0,transitional,,,,0,1,92.6,0.0000,ok
S3_sizesweep_f000168.jpg,S3_sizesweep,S3_court2_sizesweep_20260815_092534,S3_sizesweep,168,8.715,10,0,0,0,-2,63,,,0,transitional,,,,0,1,95.6,0.0000,ok
S3_sizesweep_f000174.jpg,S3_sizesweep,S3_court2_sizesweep_20260815_092534,S3_sizesweep,174,9.076,10,0,0,0,-2,63,,,0,transitional,,,,0,1,108.3,0.0000,ok
S3_sizesweep_f000180.jpg,S3_sizesweep,S3_court2_sizesweep_20260815_092534,S3_sizesweep,180,9.377,10,0,0,0,-2,63,,,0,transitional,,,,0,1,108.7,0.0000,ok
S3_sizesweep_f000186.jpg,S3_sizesweep,S3_court2_sizesweep_20260815_092534,S3_sizesweep,186,9.673,10,0,0,0,-2,63,,,0,transitional,,,,0,1,95.0,0.0000,ok
S3_sizesweep_f000192.jpg,S3_sizesweep,S3_court2_sizesweep_20260815_092534,S3_sizesweep,192,9.968,10,0,0,0,-2,63,,,0,transitional,,,,0,1,96.3,0.0000,ok
S3_sizesweep_f000198.jpg,S3_sizesweep,S3_court2_sizesweep_20260815_092534,S3_sizesweep,198,10.234,10,0,0,0,-2,63,,,0,transitional,,,,0,1,95.9,0.0000,ok
S3_sizesweep_f000204.jpg,S3_sizesweep,S3_court2_sizesweep_20260815_092534,S3_sizesweep,204,10.523,10,0,0,0,-2,63,,,0,transitional,,,,0,1,94.0,0.0000,ok
S3_sizesweep_f000210.jpg,S3_sizesweep,S3_court2_sizesweep_20260815_092534,S3_sizesweep,210,12.189,10,0,0,0,-2,63,,,0,transitional,,,,0,1,96.4,0.0000,ok
S3_sizesweep_f000216.jpg,S3_sizesweep,S3_court2_sizesweep_20260815_092534,S3_sizesweep,216,12.510,10,0,0,0,-2,63,,,0,transitional,,,,0,1,95.3,0.0000,ok
S3_sizesweep_f000222.jpg,S3_sizesweep,S3_court2_sizesweep_20260815_092534,S3_sizesweep,222,12.909,10,0,0,0,-2,63,,,0,transitional,,,,0,1,96.1,0.0000,ok
S3_sizesweep_f000228.jpg,S3_sizesweep,S3_court2_sizesweep_20260815_092534,S3_sizesweep,228,13.149,10,0,0,0,-2,63,,,0,transitional,,,,0,1,96.3,0.0000,ok
S3_sizesweep_f000234.jpg,S3_sizesweep,S3_court2_sizesweep_20260815_092534,S3_sizesweep,234,13.421,10,0,0,0,-2,63,,,0,transitional,,,,0,1,94.7,0.0000,ok
S3_sizesweep_f000240.jpg,S3_sizesweep,S3_court2_sizesweep_20260815_092534,S3_sizesweep,240,13.760,10,0,0,0,-2,63,,,0,transitional,,,,0,1,96.2,0.0000,ok
S3_sizesweep_f000246.jpg,S3_sizesweep,S3_court2_sizesweep_20260815_092534,S3_sizesweep,246,14.040,10,0,0,0,-2,63,,,0,transitional,,,,0,1,96.8,0.0000,ok
S3_sizesweep_f000252.jpg,S3_sizesweep,S3_court2_sizesweep_20260815_092534,S3_sizesweep,252,15.158,10,0,0,0,-2,63,,,0,transitional,,,,0,1,96.5,0.0000,ok
S3_sizesweep_f000258.jpg,S3_sizesweep,S3_court2_sizesweep_20260815_092534,S3_sizesweep,258,15.460,10,0,0,0,-2,63,,,0,transitional,,,,0,1,94.8,0.0000,ok
S3_sizesweep_f000264.jpg,S3_sizesweep,S3_court2_sizesweep_20260815_092534,S3_sizesweep,264,15.779,10,0,0,0,-2,63,,,0,transitional,,,,0,1,95.8,0.0000,ok
S3_sizesweep_f000270.jpg,S3_sizesweep,S3_court2_sizesweep_20260815_092534,S3_sizesweep,270,16.081,10,0,0,0,-2,63,,,0,transitional,,,,0,1,96.6,0.0000,ok
S3_sizesweep_f000276.jpg,S3_sizesweep,S3_court2_sizesweep_20260815_092534,S3_sizesweep,276,17.107,10,0,0,0,-2,63,,,0,transitional,,,,0,1,96.6,0.0000,ok
S3_sizesweep_f000282.jpg,S3_sizesweep,S3_court2_sizesweep_20260815_092534,S3_sizesweep,282,17.340,10,0,0,0,-2,63,,,0,transitional,,,,0,1,93.5,0.0000,ok
S3_sizesweep_f000288.jpg,S3_sizesweep,S3_court2_sizesweep_20260815_092534,S3_sizesweep,288,17.717,10,0,0,0,-2,63,,,0,transitional,,,,0,1,96.2,0.0000,ok
S3_sizesweep_f000294.jpg,S3_sizesweep,S3_court2_sizesweep_20260815_092534,S3_sizesweep,294,18.128,10,0,0,0,-2,63,,,0,transitional,,,,0,1,96.3,0.0000,ok
S3_sizesweep_f000300.jpg,S3_sizesweep,S3_court2_sizesweep_20260815_092534,S3_sizesweep,300,18.429,10,0,0,0,-2,63,,,0,transitional,,,,0,1,94.6,0.0000,ok
S3_sizesweep_f000306.jpg,S3_sizesweep,S3_court2_sizesweep_20260815_092534,S3_sizesweep,306,18.724,10,0,0,0,-2,63,,,0,transitional,,,,0,1,95.8,0.0000,ok
S3_sizesweep_f000312.jpg,S3_sizesweep,S3_court2_sizesweep_20260815_092534,S3_sizesweep,312,18.966,10,0,0,0,-2,63,,,0,transitional,,,,0,1,96.1,0.0000,ok
S3_sizesweep_f000318.jpg,S3_sizesweep,S3_court2_sizesweep_20260815_092534,S3_sizesweep,318,19.319,10,0,0,0,-2,63,,,0,transitional,,,,0,1,96.3,0.0000,ok
S3_sizesweep_f000324.jpg,S3_sizesweep,S3_court2_sizesweep_20260815_092534,S3_sizesweep,324,19.568,10,0,0,0,-2,63,,,0,transitional,,,,0,1,94.1,0.0000,ok
S3_sizesweep_f000330.jpg,S3_sizesweep,S3_court2_sizesweep_20260815_092534,S3_sizesweep,330,19.850,10,0,0,0,-2,63,,,0,transitional,,,,0,1,96.2,0.0000,ok
S3_sizesweep_f000336.jpg,S3_sizesweep,S3_court2_sizesweep_20260815_092534,S3_sizesweep,336,20.100,10,0,0,0,-2,63,,,0,transitional,,,,0,1,96.7,0.0000,ok
S3_sizesweep_f000342.jpg,S3_sizesweep,S3_court2_sizesweep_20260815_092534,S3_sizesweep,342,20.441,10,0,0,0,-2,63,,,0,transitional,,,,0,1,96.6,0.0000,ok
S3_sizesweep_f000348.jpg,S3_sizesweep,S3_court2_sizesweep_20260815_092534,S3_sizesweep,348,20.701,10,0,0,0,-2,63,,,0,transitional,,,,0,1,94.6,0.0000,ok
S3_sizesweep_f000354.jpg,S3_sizesweep,S3_court2_sizesweep_20260815_092534,S3_sizesweep,354,20.965,10,0,0,0,-2,63,,,0,transitional,,,,0,1,96.0,0.0000,ok
S3_sizesweep_f000360.jpg,S3_sizesweep,S3_court2_sizesweep_20260815_092534,S3_sizesweep,360,22.241,10,0,0,0,-2,63,,,0,transitional,,,,0,1,96.5,0.0000,ok
S3_sizesweep_f000366.jpg,S3_sizesweep,S3_court2_sizesweep_20260815_092534,S3_sizesweep,366,22.494,10,0,0,0,-2,63,,,0,transitional,,,,0,1,94.8,0.0000,ok
S3_sizesweep_f000372.jpg,S3_sizesweep,S3_court2_sizesweep_20260815_092534,S3_sizesweep,372,22.797,10,0,0,0,-2,63,,,0,transitional,,,,0,1,96.4,0.0000,ok
S3_sizesweep_f000378.jpg,S3_sizesweep,S3_court2_sizesweep_20260815_092534,S3_sizesweep,378,23.081,10,0,0,0,-2,63,,,0,transitional,,,,0,1,96.8,0.0000,ok
S3_sizesweep_f000384.jpg,S3_sizesweep,S3_court2_sizesweep_20260815_092534,S3_sizesweep,384,23.424,10,0,0,0,-2,63,,,0,transitional,,,,0,1,94.3,0.0000,ok
S3_sizesweep_f000390.jpg,S3_sizesweep,S3_court2_sizesweep_20260815_092534,S3_sizesweep,390,23.714,10,0,0,0,-2,63,,,0,transitional,,,,0,1,96.0,0.0000,ok
S3_sizesweep_f000396.jpg,S3_sizesweep,S3_court2_sizesweep_20260815_092534,S3_sizesweep,396,24.004,10,0,0,0,-2,63,,,0,transitional,,,,0,1,96.6,0.0000,ok
S3_sizesweep_f000402.jpg,S3_sizesweep,S3_court2_sizesweep_20260815_092534,S3_sizesweep,402,24.282,10,0,0,0,-2,63,,,0,transitional,,,,0,1,97.0,0.0000,ok
S3_sizesweep_f000408.jpg,S3_sizesweep,S3_court2_sizesweep_20260815_092534,S3_sizesweep,408,24.562,10,0,0,0,-2,63,,,0,transitional,,,,0,1,95.3,0.0000,ok
S3_sizesweep_f000414.jpg,S3_sizesweep,S3_court2_sizesweep_20260815_092534,S3_sizesweep,414,24.774,10,0,0,0,-2,63,,,0,transitional,,,,0,1,96.1,0.0000,ok
S3_sizesweep_f000420.jpg,S3_sizesweep,S3_court2_sizesweep_20260815_092534,S3_sizesweep,420,25.142,10,0,0,0,-2,63,,,0,transitional,,,,0,1,97.1,0.0000,ok
S3_sizesweep_f000426.jpg,S3_sizesweep,S3_court2_sizesweep_20260815_092534,S3_sizesweep,426,25.425,10,0,0,0,-2,63,,,0,transitional,,,,0,1,93.7,0.0000,ok
S3_sizesweep_f000432.jpg,S3_sizesweep,S3_court2_sizesweep_20260815_092534,S3_sizesweep,432,25.713,10,0,0,0,-2,63,,,0,transitional,,,,0,1,96.2,0.0000,ok
S3_sizesweep_f000438.jpg,S3_sizesweep,S3_court2_sizesweep_20260815_092534,S3_sizesweep,438,25.936,10,0,0,0,-2,63,,,0,transitional,,,,0,1,96.7,0.0000,ok
S3_sizesweep_f000444.jpg,S3_sizesweep,S3_court2_sizesweep_20260815_092534,S3_sizesweep,444,26.287,10,0,0,0,-2,63,,,0,transitional,,,,0,1,96.5,0.0000,ok
S3_sizesweep_f000450.jpg,S3_sizesweep,S3_court2_sizesweep_20260815_092534,S3_sizesweep,450,26.797,10,0,0,0,-2,63,,,0,transitional,,,,0,1,119.9,0.0000,ok
S3_sizesweep_f000456.jpg,S3_sizesweep,S3_court2_sizesweep_20260815_092534,S3_sizesweep,456,27.097,10,0,0,0,-2,63,,,0,transitional,,,,0,1,121.2,0.0000,ok
S3_sizesweep_f000462.jpg,S3_sizesweep,S3_court2_sizesweep_20260815_092534,S3_sizesweep,462,27.482,10,0,0,0,-2,63,,,0,transitional,,,,0,1,79.8,0.0000,ok
S3_sizesweep_f000468.jpg,S3_sizesweep,S3_court2_sizesweep_20260815_092534,S3_sizesweep,468,27.861,10,0,0,0,0,63,,,0,transitional,,,,0,1,61.4,0.0000,ok
S3_sizesweep_f000474.jpg,S3_sizesweep,S3_court2_sizesweep_20260815_092534,S3_sizesweep,474,28.090,26,10,0,1,0,63,,,0,transitional,,,,0,1,87.3,0.0000,ok
S3_sizesweep_f000480.jpg,S3_sizesweep,S3_court2_sizesweep_20260815_092534,S3_sizesweep,480,28.347,53,30,0,0,1,63,,,0,transitional,,,,0,1,105.0,0.0000,ok
S3_sizesweep_f000486.jpg,S3_sizesweep,S3_court2_sizesweep_20260815_092534,S3_sizesweep,486,28.650,65,40,0,0,0,63,,,0,transitional,,,,0,1,120.1,0.0000,ok
S3_sizesweep_f000492.jpg,S3_sizesweep,S3_court2_sizesweep_20260815_092534,S3_sizesweep,492,29.047,79,60,0,1,0,63,,,0,transitional,,,,0,1,127.5,0.0000,ok
S3_sizesweep_f000498.jpg,S3_sizesweep,S3_court2_sizesweep_20260815_092534,S3_sizesweep,498,29.348,83,60,0,1,0,63,,,0,transitional,,,,0,1,113.2,0.0000,ok
S3_sizesweep_f000504.jpg,S3_sizesweep,S3_court2_sizesweep_20260815_092534,S3_sizesweep,504,29.737,86,70,0,0,0,63,,,0,transitional,,,,0,1,137.9,0.0000,ok
S3_sizesweep_f000510.jpg,S3_sizesweep,S3_court2_sizesweep_20260815_092534,S3_sizesweep,510,30.045,86,70,0,0,0,63,,,0,transitional,,,,0,1,140.3,0.0000,ok
S3_sizesweep_f000516.jpg,S3_sizesweep,S3_court2_sizesweep_20260815_092534,S3_sizesweep,516,30.357,87,70,0,1,0,63,,,0,transitional,,,,0,1,139.0,0.0000,ok
S3_sizesweep_f000522.jpg,S3_sizesweep,S3_court2_sizesweep_20260815_092534,S3_sizesweep,522,30.573,90,70,0,1,0,63,,,0,transitional,,,,0,1,128.2,0.0000,ok
S3_sizesweep_f000528.jpg,S3_sizesweep,S3_court2_sizesweep_20260815_092534,S3_sizesweep,528,30.958,98,80,0,1,0,63,,,0,transitional,,,,0,1,134.3,0.0000,ok
S3_sizesweep_f000534.jpg,S3_sizesweep,S3_court2_sizesweep_20260815_092534,S3_sizesweep,534,31.167,106,90,0,0,0,63,,,0,transitional,,,,0,1,135.5,0.0000,ok
S3_sizesweep_f000540.jpg,S3_sizesweep,S3_court2_sizesweep_20260815_092534,S3_sizesweep,540,31.440,114,90,0,0,1,63,,,0,transitional,,,,0,1,130.5,0.0000,ok
S3_sizesweep_f000546.jpg,S3_sizesweep,S3_court2_sizesweep_20260815_092534,S3_sizesweep,546,31.747,118,100,0,0,1,63,,,0,transitional,,,,0,1,140.9,0.0000,ok
S3_sizesweep_f000552.jpg,S3_sizesweep,S3_court2_sizesweep_20260815_092534,S3_sizesweep,552,32.020,128,110,0,0,0,63,,,0,transitional,,,,0,1,143.0,0.0000,ok
S3_sizesweep_f000558.jpg,S3_sizesweep,S3_court2_sizesweep_20260815_092534,S3_sizesweep,558,32.429,139,120,0,0,0,63,,,0,transitional,,,,0,1,143.5,0.0000,ok
S3_sizesweep_f000564.jpg,S3_sizesweep,S3_court2_sizesweep_20260815_092534,S3_sizesweep,564,32.730,147,130,0,1,0,63,,,0,transitional,,,,0,1,147.0,0.0000,ok
S3_sizesweep_f000570.jpg,S3_sizesweep,S3_court2_sizesweep_20260815_092534,S3_sizesweep,570,33.038,155,140,0,1,0,63,,,0,transitional,,,,0,1,155.0,0.0000,ok
S3_sizesweep_f000576.jpg,S3_sizesweep,S3_court2_sizesweep_20260815_092534,S3_sizesweep,576,33.348,162,140,0,1,1,63,,,0,transitional,,,,0,1,159.0,0.0000,ok
S3_sizesweep_f000582.jpg,S3_sizesweep,S3_court2_sizesweep_20260815_092534,S3_sizesweep,582,33.580,170,150,0,0,1,63,,,0,transitional,,,,0,1,154.0,0.0000,ok
S3_sizesweep_f000588.jpg,S3_sizesweep,S3_court2_sizesweep_20260815_092534,S3_sizesweep,588,33.874,173,160,0,0,1,63,,,0,transitional,,,,0,1,162.4,0.0000,ok
S3_sizesweep_f000594.jpg,S3_sizesweep,S3_court2_sizesweep_20260815_092534,S3_sizesweep,594,34.188,173,160,0,0,1,63,,,0,transitional,,,,0,1,159.3,0.0000,ok
S3_sizesweep_f000600.jpg,S3_sizesweep,S3_court2_sizesweep_20260815_092534,S3_sizesweep,600,34.581,170,160,0,0,1,63,,,0,transitional,,,,0,1,158.5,0.0000,ok
S3_sizesweep_f000606.jpg,S3_sizesweep,S3_court2_sizesweep_20260815_092534,S3_sizesweep,606,34.913,169,150,0,1,1,63,,,0,transitional,,,,0,1,169.6,0.0000,ok
S3_sizesweep_f000612.jpg,S3_sizesweep,S3_court2_sizesweep_20260815_092534,S3_sizesweep,612,35.194,166,150,0,1,1,63,,,0,transitional,,,,0,1,166.2,0.0000,ok
S3_sizesweep_f000618.jpg,S3_sizesweep,S3_court2_sizesweep_20260815_092534,S3_sizesweep,618,36.451,177,160,0,1,1,63,,,0,transitional,,,,0,1,159.9,0.0000,ok
S3_sizesweep_f000624.jpg,S3_sizesweep,S3_court2_sizesweep_20260815_092534,S3_sizesweep,624,36.823,175,160,0,0,1,63,,,0,transitional,,,,0,1,168.2,0.0000,ok
S3_sizesweep_f000630.jpg,S3_sizesweep,S3_court2_sizesweep_20260815_092534,S3_sizesweep,630,37.155,171,160,0,0,1,63,,,0,transitional,,,,0,1,161.4,0.0000,ok
S3_sizesweep_f000636.jpg,S3_sizesweep,S3_court2_sizesweep_20260815_092534,S3_sizesweep,636,37.446,170,160,0,2,1,63,,,0,transitional,,,,0,1,93.8,0.0000,ok
S3_sizesweep_f000642.jpg,S3_sizesweep,S3_court2_sizesweep_20260815_092534,S3_sizesweep,642,37.757,173,160,0,3,0,63,,,0,transitional,,,,0,1,96.6,0.0000,ok
S3_sizesweep_f000648.jpg,S3_sizesweep,S3_court2_sizesweep_20260815_092534,S3_sizesweep,648,38.075,176,160,0,0,1,63,,,0,transitional,,,,0,1,143.7,0.0000,ok
S3_sizesweep_f000654.jpg,S3_sizesweep,S3_court2_sizesweep_20260815_092534,S3_sizesweep,654,38.387,175,160,0,-2,1,63,,,0,transitional,,,,0,1,101.7,0.0000,ok
S3_sizesweep_f000660.jpg,S3_sizesweep,S3_court2_sizesweep_20260815_092534,S3_sizesweep,660,38.773,179,160,0,0,1,63,,,0,transitional,,,,0,1,153.8,0.0000,ok
S3_sizesweep_f000666.jpg,S3_sizesweep,S3_court2_sizesweep_20260815_092534,S3_sizesweep,666,39.014,181,160,0,1,1,63,,,0,transitional,,,,0,1,166.5,0.0000,ok
S3_sizesweep_f000672.jpg,S3_sizesweep,S3_court2_sizesweep_20260815_092534,S3_sizesweep,672,39.397,183,160,0,1,1,63,,,0,transitional,,,,0,1,154.9,0.0000,ok
S3_sizesweep_f000678.jpg,S3_sizesweep,S3_court2_sizesweep_20260815_092534,S3_sizesweep,678,39.695,178,160,0,1,1,63,,,0,transitional,,,,0,1,170.1,0.0000,ok
S3_sizesweep_f000684.jpg,S3_sizesweep,S3_court2_sizesweep_20260815_092534,S3_sizesweep,684,40.006,178,160,0,0,1,63,,,0,transitional,,,,0,1,170.4,0.0000,ok
S3_sizesweep_f000690.jpg,S3_sizesweep,S3_court2_sizesweep_20260815_092534,S3_sizesweep,690,40.423,177,160,0,0,1,63,,,0,transitional,,,,0,1,154.5,0.0000,ok
S3_sizesweep_f000696.jpg,S3_sizesweep,S3_court2_sizesweep_20260815_092534,S3_sizesweep,696,40.717,175,160,0,0,1,63,,,0,transitional,,,,0,1,163.4,0.0000,ok
S3_sizesweep_f000702.jpg,S3_sizesweep,S3_court2_sizesweep_20260815_092534,S3_sizesweep,702,40.949,175,160,0,1,1,63,,,0,transitional,,,,0,1,165.8,0.0000,ok
S3_sizesweep_f000708.jpg,S3_sizesweep,S3_court2_sizesweep_20260815_092534,S3_sizesweep,708,41.241,174,160,0,0,1,63,,,0,transitional,,,,0,1,156.1,0.0000,ok
S3_sizesweep_f000714.jpg,S3_sizesweep,S3_court2_sizesweep_20260815_092534,S3_sizesweep,714,41.551,183,160,0,0,0,63,,,0,transitional,,,,0,1,164.2,0.0000,ok
S3_sizesweep_f000720.jpg,S3_sizesweep,S3_court2_sizesweep_20260815_092534,S3_sizesweep,720,41.864,181,160,0,0,1,63,,,0,transitional,,,,0,1,171.1,0.0000,ok
S3_sizesweep_f000726.jpg,S3_sizesweep,S3_court2_sizesweep_20260815_092534,S3_sizesweep,726,43.180,175,160,0,1,0,63,,,0,transitional,,,,0,1,172.5,0.0000,ok
S3_sizesweep_f000732.jpg,S3_sizesweep,S3_court2_sizesweep_20260815_092534,S3_sizesweep,732,43.415,178,160,0,1,1,63,,,0,transitional,,,,0,1,153.5,0.0000,ok
S3_sizesweep_f000738.jpg,S3_sizesweep,S3_court2_sizesweep_20260815_092534,S3_sizesweep,738,43.684,175,160,0,1,0,63,,,0,transitional,,,,0,1,163.6,0.0000,ok
S3_sizesweep_f000744.jpg,S3_sizesweep,S3_court2_sizesweep_20260815_092534,S3_sizesweep,744,43.989,174,160,0,1,0,63,,,0,transitional,,,,0,1,169.2,0.0000,ok
S3_sizesweep_f000750.jpg,S3_sizesweep,S3_court2_sizesweep_20260815_092534,S3_sizesweep,750,44.332,173,160,0,0,1,63,,,0,transitional,,,,0,1,164.3,0.0000,ok
S3_sizesweep_f000756.jpg,S3_sizesweep,S3_court2_sizesweep_20260815_092534,S3_sizesweep,756,44.634,173,160,0,0,1,63,,,0,transitional,,,,0,1,163.7,0.0000,ok
S3_sizesweep_f000762.jpg,S3_sizesweep,S3_court2_sizesweep_20260815_092534,S3_sizesweep,762,44.948,171,160,0,1,1,63,,,0,transitional,,,,0,1,167.0,0.0000,ok
S3_sizesweep_f000768.jpg,S3_sizesweep,S3_court2_sizesweep_20260815_092534,S3_sizesweep,768,45.239,174,160,0,1,0,63,,,1,transitional,,,,0,1,164.0,0.0000,ok
S3_sizesweep_f000774.jpg,S3_sizesweep,S3_court2_sizesweep_20260815_092534,S3_sizesweep,774,45.758,179,160,0,1,1,63,,,1,H160,0,0,,1,1,159.6,0.0000,ok
S3_sizesweep_f000780.jpg,S3_sizesweep,S3_court2_sizesweep_20260815_092534,S3_sizesweep,780,46.065,179,160,0,1,1,63,,,1,H160,0,0,,1,1,167.7,0.0000,ok
S3_sizesweep_f000786.jpg,S3_sizesweep,S3_court2_sizesweep_20260815_092534,S3_sizesweep,786,46.357,180,160,0,1,1,63,,,1,H160,0,0,,1,1,172.7,0.0000,ok
S3_sizesweep_f000792.jpg,S3_sizesweep,S3_court2_sizesweep_20260815_092534,S3_sizesweep,792,46.657,177,160,0,1,1,63,,,1,H160,0,0,,1,1,166.6,0.0000,ok
S3_sizesweep_f000798.jpg,S3_sizesweep,S3_court2_sizesweep_20260815_092534,S3_sizesweep,798,46.977,174,160,0,0,1,63,,,1,H160,0,0,,1,1,172.1,0.0000,ok
S3_sizesweep_f000804.jpg,S3_sizesweep,S3_court2_sizesweep_20260815_092534,S3_sizesweep,804,47.270,177,160,0,1,1,63,,,1,H160,0,0,,1,1,172.5,0.0000,ok
S3_sizesweep_f000810.jpg,S3_sizesweep,S3_court2_sizesweep_20260815_092534,S3_sizesweep,810,47.590,174,160,0,1,1,63,,,1,H160,0,0,,1,1,167.1,0.0000,ok
S3_sizesweep_f000816.jpg,S3_sizesweep,S3_court2_sizesweep_20260815_092534,S3_sizesweep,816,47.879,176,160,0,1,1,63,,,1,H160,0,0,,1,1,173.7,0.0000,ok
S3_sizesweep_f000822.jpg,S3_sizesweep,S3_court2_sizesweep_20260815_092534,S3_sizesweep,822,48.199,177,160,0,1,1,63,,,1,H160,0,0,,1,1,175.4,0.0000,ok
S3_sizesweep_f000828.jpg,S3_sizesweep,S3_court2_sizesweep_20260815_092534,S3_sizesweep,828,48.432,174,160,0,1,1,63,,,1,H160,0,0,,1,1,152.9,0.0000,ok
S3_sizesweep_f000834.jpg,S3_sizesweep,S3_court2_sizesweep_20260815_092534,S3_sizesweep,834,48.715,175,160,0,1,1,63,,,1,H160,0,0,,1,1,171.2,0.0000,ok
S3_sizesweep_f000840.jpg,S3_sizesweep,S3_court2_sizesweep_20260815_092534,S3_sizesweep,840,49.016,172,160,0,0,1,63,,,1,H160,0,0,,1,1,162.9,0.0000,ok
S3_sizesweep_f000846.jpg,S3_sizesweep,S3_court2_sizesweep_20260815_092534,S3_sizesweep,846,49.313,179,160,0,1,1,63,,,1,transitional,,,,0,1,171.2,0.0000,ok
S3_sizesweep_f000852.jpg,S3_sizesweep,S3_court2_sizesweep_20260815_092534,S3_sizesweep,852,49.632,176,160,0,0,1,63,,,1,transitional,,,,0,1,169.6,0.0000,ok
S3_sizesweep_f000858.jpg,S3_sizesweep,S3_court2_sizesweep_20260815_092534,S3_sizesweep,858,49.936,176,160,0,0,1,63,,,0,transitional,,,,0,1,166.4,0.0000,ok
S3_sizesweep_f000864.jpg,S3_sizesweep,S3_court2_sizesweep_20260815_092534,S3_sizesweep,864,50.345,177,160,0,0,1,63,,,0,transitional,,,,0,1,165.8,0.0000,ok
S3_sizesweep_f000870.jpg,S3_sizesweep,S3_court2_sizesweep_20260815_092534,S3_sizesweep,870,50.649,177,160,0,1,1,63,,,0,transitional,,,,0,1,170.1,0.0000,ok
S3_sizesweep_f000876.jpg,S3_sizesweep,S3_court2_sizesweep_20260815_092534,S3_sizesweep,876,50.956,176,160,0,1,1,63,,,0,transitional,,,,0,1,171.7,0.0000,ok
S3_sizesweep_f000882.jpg,S3_sizesweep,S3_court2_sizesweep_20260815_092534,S3_sizesweep,882,51.267,175,160,0,0,1,63,,,0,transitional,,,,0,1,168.7,0.0000,ok
S3_sizesweep_f000888.jpg,S3_sizesweep,S3_court2_sizesweep_20260815_092534,S3_sizesweep,888,51.582,174,160,0,1,1,63,,,0,transitional,,,,0,1,158.1,0.0000,ok
S3_sizesweep_f000894.jpg,S3_sizesweep,S3_court2_sizesweep_20260815_092534,S3_sizesweep,894,51.898,177,160,0,0,1,63,,,0,transitional,,,,0,1,163.0,0.0000,ok
S3_sizesweep_f000900.jpg,S3_sizesweep,S3_court2_sizesweep_20260815_092534,S3_sizesweep,900,52.203,176,160,0,0,1,63,,,0,transitional,,,,0,1,174.2,0.0000,ok
S3_sizesweep_f000906.jpg,S3_sizesweep,S3_court2_sizesweep_20260815_092534,S3_sizesweep,906,52.507,176,160,0,0,1,63,,,0,transitional,,,,0,1,155.3,0.0000,ok
S3_sizesweep_f000912.jpg,S3_sizesweep,S3_court2_sizesweep_20260815_092534,S3_sizesweep,912,52.809,175,160,0,0,1,63,,,0,transitional,,,,0,1,170.1,0.0000,ok
S3_sizesweep_f000918.jpg,S3_sizesweep,S3_court2_sizesweep_20260815_092534,S3_sizesweep,918,53.132,173,160,0,0,0,63,,,0,transitional,,,,0,1,161.9,0.0000,ok
S3_sizesweep_f000924.jpg,S3_sizesweep,S3_court2_sizesweep_20260815_092534,S3_sizesweep,924,53.449,174,160,0,0,0,63,,,0,transitional,,,,0,1,151.6,0.0000,ok
S3_sizesweep_f000930.jpg,S3_sizesweep,S3_court2_sizesweep_20260815_092534,S3_sizesweep,930,53.754,170,160,0,0,0,63,,,0,transitional,,,,0,1,168.8,0.0000,ok
S3_sizesweep_f000936.jpg,S3_sizesweep,S3_court2_sizesweep_20260815_092534,S3_sizesweep,936,54.040,174,160,0,0,1,63,,,0,transitional,,,,0,1,174.9,0.0000,ok
S3_sizesweep_f000942.jpg,S3_sizesweep,S3_court2_sizesweep_20260815_092534,S3_sizesweep,942,54.357,170,160,0,0,1,63,,,0,transitional,,,,0,1,165.9,0.0000,ok
S3_sizesweep_f000948.jpg,S3_sizesweep,S3_court2_sizesweep_20260815_092534,S3_sizesweep,948,54.649,170,160,0,0,1,63,,,0,transitional,,,,0,1,157.7,0.0000,ok
S3_sizesweep_f000954.jpg,S3_sizesweep,S3_court2_sizesweep_20260815_092534,S3_sizesweep,954,54.950,171,150,0,0,1,63,,,1,transitional,,,,0,1,166.0,0.0000,ok
S3_sizesweep_f000960.jpg,S3_sizesweep,S3_court2_sizesweep_20260815_092534,S3_sizesweep,960,55.266,171,150,0,0,1,63,,,1,H151,0,0,,1,1,160.2,0.0000,ok
S3_sizesweep_f000966.jpg,S3_sizesweep,S3_court2_sizesweep_20260815_092534,S3_sizesweep,966,55.573,172,150,0,0,1,63,,,1,H151,0,0,,1,1,151.1,0.0000,ok
S3_sizesweep_f000972.jpg,S3_sizesweep,S3_court2_sizesweep_20260815_092534,S3_sizesweep,972,55.891,174,160,0,0,1,63,,,1,H151,0,0,,1,1,167.1,0.0000,ok
S3_sizesweep_f000978.jpg,S3_sizesweep,S3_court2_sizesweep_20260815_092534,S3_sizesweep,978,56.107,171,160,0,0,1,63,,,1,transitional,,,,0,1,175.1,0.0000,ok
S3_sizesweep_f000984.jpg,S3_sizesweep,S3_court2_sizesweep_20260815_092534,S3_sizesweep,984,56.499,174,160,0,0,1,63,,,0,transitional,,,,0,1,161.5,0.0000,ok
S3_sizesweep_f000990.jpg,S3_sizesweep,S3_court2_sizesweep_20260815_092534,S3_sizesweep,990,56.798,174,160,0,0,1,63,,,0,transitional,,,,0,1,168.1,0.0000,ok
S3_sizesweep_f000996.jpg,S3_sizesweep,S3_court2_sizesweep_20260815_092534,S3_sizesweep,996,57.103,171,160,0,0,0,63,,,0,transitional,,,,0,1,168.5,0.0000,ok
S3_sizesweep_f001002.jpg,S3_sizesweep,S3_court2_sizesweep_20260815_092534,S3_sizesweep,1002,57.334,174,160,0,0,0,63,,,0,transitional,,,,0,1,167.2,0.0000,ok
S3_sizesweep_f001008.jpg,S3_sizesweep,S3_court2_sizesweep_20260815_092534,S3_sizesweep,1008,57.634,171,160,0,0,1,63,,,0,transitional,,,,0,1,162.5,0.0000,ok
S3_sizesweep_f001014.jpg,S3_sizesweep,S3_court2_sizesweep_20260815_092534,S3_sizesweep,1014,57.934,174,150,0,0,0,63,,,0,transitional,,,,0,1,168.9,0.0000,ok
S3_sizesweep_f001020.jpg,S3_sizesweep,S3_court2_sizesweep_20260815_092534,S3_sizesweep,1020,58.241,170,150,0,0,0,63,,,0,transitional,,,,0,1,168.6,0.0000,ok
S3_sizesweep_f001026.jpg,S3_sizesweep,S3_court2_sizesweep_20260815_092534,S3_sizesweep,1026,58.536,172,150,0,0,0,63,,,0,transitional,,,,0,1,151.9,0.0000,ok
S3_sizesweep_f001032.jpg,S3_sizesweep,S3_court2_sizesweep_20260815_092534,S3_sizesweep,1032,58.849,174,160,0,0,0,63,,,0,transitional,,,,0,1,160.9,0.0000,ok
S3_sizesweep_f001038.jpg,S3_sizesweep,S3_court2_sizesweep_20260815_092534,S3_sizesweep,1038,59.074,173,160,0,0,0,63,,,0,transitional,,,,0,1,162.6,0.0000,ok
S3_sizesweep_f001044.jpg,S3_sizesweep,S3_court2_sizesweep_20260815_092534,S3_sizesweep,1044,59.373,171,160,0,0,0,63,,,0,transitional,,,,0,1,168.4,0.0000,ok
S3_sizesweep_f001050.jpg,S3_sizesweep,S3_court2_sizesweep_20260815_092534,S3_sizesweep,1050,59.758,175,160,0,0,1,63,,,0,transitional,,,,0,1,164.4,0.0000,ok
S3_sizesweep_f001056.jpg,S3_sizesweep,S3_court2_sizesweep_20260815_092534,S3_sizesweep,1056,60.082,175,160,0,0,1,63,,,0,transitional,,,,0,1,158.1,0.0000,ok
S3_sizesweep_f001062.jpg,S3_sizesweep,S3_court2_sizesweep_20260815_092534,S3_sizesweep,1062,60.481,173,160,0,1,1,63,,,0,transitional,,,,0,1,158.2,0.0000,ok
S3_sizesweep_f001068.jpg,S3_sizesweep,S3_court2_sizesweep_20260815_092534,S3_sizesweep,1068,60.699,171,160,0,1,1,63,,,0,transitional,,,,0,1,162.0,0.0000,ok
S3_sizesweep_f001074.jpg,S3_sizesweep,S3_court2_sizesweep_20260815_092534,S3_sizesweep,1074,61.007,174,160,0,1,1,63,,,0,transitional,,,,0,1,161.6,0.0000,ok
S3_sizesweep_f001080.jpg,S3_sizesweep,S3_court2_sizesweep_20260815_092534,S3_sizesweep,1080,61.308,171,160,0,0,0,63,,,0,transitional,,,,0,1,167.4,0.0000,ok
S3_sizesweep_f001086.jpg,S3_sizesweep,S3_court2_sizesweep_20260815_092534,S3_sizesweep,1086,61.624,170,160,0,0,0,63,,,0,transitional,,,,0,1,144.4,0.0000,ok
S3_sizesweep_f001092.jpg,S3_sizesweep,S3_court2_sizesweep_20260815_092534,S3_sizesweep,1092,61.930,170,150,0,0,1,63,,,0,transitional,,,,0,1,163.0,0.0000,ok
S3_sizesweep_f001098.jpg,S3_sizesweep,S3_court2_sizesweep_20260815_092534,S3_sizesweep,1098,62.334,172,150,0,0,1,63,,,0,transitional,,,,0,1,169.3,0.0000,ok
S3_sizesweep_f001104.jpg,S3_sizesweep,S3_court2_sizesweep_20260815_092534,S3_sizesweep,1104,62.641,171,160,0,0,1,63,,,0,transitional,,,,0,1,166.1,0.0000,ok
S3_sizesweep_f001110.jpg,S3_sizesweep,S3_court2_sizesweep_20260815_092534,S3_sizesweep,1110,63.058,170,150,0,0,1,63,,,0,transitional,,,,0,1,171.3,0.0000,ok
S3_sizesweep_f001116.jpg,S3_sizesweep,S3_court2_sizesweep_20260815_092534,S3_sizesweep,1116,63.275,172,150,0,0,1,63,,,0,transitional,,,,0,1,168.5,0.0000,ok
S3_sizesweep_f001122.jpg,S3_sizesweep,S3_court2_sizesweep_20260815_092534,S3_sizesweep,1122,63.557,170,150,0,0,1,63,,,0,transitional,,,,0,1,162.3,0.0000,ok
S3_sizesweep_f001128.jpg,S3_sizesweep,S3_court2_sizesweep_20260815_092534,S3_sizesweep,1128,63.874,169,150,0,0,0,63,,,0,transitional,,,,0,1,168.2,0.0000,ok
S3_sizesweep_f001134.jpg,S3_sizesweep,S3_court2_sizesweep_20260815_092534,S3_sizesweep,1134,64.180,172,150,0,0,0,63,,,0,transitional,,,,0,1,169.8,0.0000,ok
S3_sizesweep_f001140.jpg,S3_sizesweep,S3_court2_sizesweep_20260815_092534,S3_sizesweep,1140,64.499,174,160,0,1,1,63,,,0,transitional,,,,0,1,156.3,0.0000,ok
S3_sizesweep_f001146.jpg,S3_sizesweep,S3_court2_sizesweep_20260815_092534,S3_sizesweep,1146,64.798,174,160,0,1,1,63,,,0,transitional,,,,0,1,174.1,0.0000,ok
S3_sizesweep_f001152.jpg,S3_sizesweep,S3_court2_sizesweep_20260815_092534,S3_sizesweep,1152,65.108,175,160,0,1,1,63,,,0,transitional,,,,0,1,172.0,0.0000,ok
S3_sizesweep_f001158.jpg,S3_sizesweep,S3_court2_sizesweep_20260815_092534,S3_sizesweep,1158,65.498,174,160,0,1,0,63,,,0,transitional,,,,0,1,172.9,0.0000,ok
S3_sizesweep_f001164.jpg,S3_sizesweep,S3_court2_sizesweep_20260815_092534,S3_sizesweep,1164,65.808,174,160,0,1,0,63,,,0,transitional,,,,0,1,165.8,0.0000,ok
S3_sizesweep_f001170.jpg,S3_sizesweep,S3_court2_sizesweep_20260815_092534,S3_sizesweep,1170,66.031,171,160,0,1,0,63,,,0,transitional,,,,0,1,171.1,0.0000,ok
S3_sizesweep_f001176.jpg,S3_sizesweep,S3_court2_sizesweep_20260815_092534,S3_sizesweep,1176,66.319,174,160,0,0,1,63,,,0,transitional,,,,0,1,174.1,0.0000,ok
S3_sizesweep_f001182.jpg,S3_sizesweep,S3_court2_sizesweep_20260815_092534,S3_sizesweep,1182,66.633,175,160,0,0,0,63,,,0,transitional,,,,0,1,162.9,0.0000,ok
S3_sizesweep_f001188.jpg,S3_sizesweep,S3_court2_sizesweep_20260815_092534,S3_sizesweep,1188,66.873,175,160,0,0,0,63,,,0,transitional,,,,0,1,166.5,0.0000,ok
S3_sizesweep_f001194.jpg,S3_sizesweep,S3_court2_sizesweep_20260815_092534,S3_sizesweep,1194,67.181,173,160,0,0,1,63,,,0,transitional,,,,0,1,178.0,0.0000,ok
S3_sizesweep_f001200.jpg,S3_sizesweep,S3_court2_sizesweep_20260815_092534,S3_sizesweep,1200,67.460,173,160,0,0,1,63,,,0,transitional,,,,0,1,178.2,0.0000,ok
S3_sizesweep_f001206.jpg,S3_sizesweep,S3_court2_sizesweep_20260815_092534,S3_sizesweep,1206,67.766,178,160,0,0,1,63,,,0,transitional,,,,0,1,171.2,0.0000,ok
S3_sizesweep_f001212.jpg,S3_sizesweep,S3_court2_sizesweep_20260815_092534,S3_sizesweep,1212,68.092,172,160,0,0,1,62,,,0,transitional,,,,0,1,173.1,0.0000,ok
S3_sizesweep_f001218.jpg,S3_sizesweep,S3_court2_sizesweep_20260815_092534,S3_sizesweep,1218,68.497,173,160,0,0,1,62,,,0,transitional,,,,0,1,173.8,0.0000,ok
S3_sizesweep_f001224.jpg,S3_sizesweep,S3_court2_sizesweep_20260815_092534,S3_sizesweep,1224,68.798,169,150,0,0,1,62,,,0,transitional,,,,0,1,160.9,0.0000,ok
S3_sizesweep_f001230.jpg,S3_sizesweep,S3_court2_sizesweep_20260815_092534,S3_sizesweep,1230,69.102,169,150,0,1,2,62,,,0,transitional,,,,0,1,168.0,0.0000,ok
S3_sizesweep_f001236.jpg,S3_sizesweep,S3_court2_sizesweep_20260815_092534,S3_sizesweep,1236,69.398,170,150,0,1,2,62,,,0,transitional,,,,0,1,168.9,0.0000,ok
S3_sizesweep_f001242.jpg,S3_sizesweep,S3_court2_sizesweep_20260815_092534,S3_sizesweep,1242,69.701,175,150,0,1,2,62,,,0,transitional,,,,0,1,159.1,0.0000,ok
S3_sizesweep_f001248.jpg,S3_sizesweep,S3_court2_sizesweep_20260815_092534,S3_sizesweep,1248,69.930,176,160,0,0,1,62,,,0,transitional,,,,0,1,160.2,0.0000,ok
S3_sizesweep_f001254.jpg,S3_sizesweep,S3_court2_sizesweep_20260815_092534,S3_sizesweep,1254,70.137,175,160,0,0,1,62,,,0,transitional,,,,0,1,168.7,0.0000,ok
S3_sizesweep_f001260.jpg,S3_sizesweep,S3_court2_sizesweep_20260815_092534,S3_sizesweep,1260,70.541,176,160,0,0,1,62,,,0,transitional,,,,0,1,153.0,0.0000,ok
S3_sizesweep_f001266.jpg,S3_sizesweep,S3_court2_sizesweep_20260815_092534,S3_sizesweep,1266,70.746,173,160,0,0,1,62,,,0,transitional,,,,0,1,168.6,0.0000,ok
S3_sizesweep_f001272.jpg,S3_sizesweep,S3_court2_sizesweep_20260815_092534,S3_sizesweep,1272,71.074,173,160,0,0,1,62,,,0,transitional,,,,0,1,173.9,0.0000,ok
S3_sizesweep_f001278.jpg,S3_sizesweep,S3_court2_sizesweep_20260815_092534,S3_sizesweep,1278,71.532,173,160,0,0,1,62,,,0,transitional,,,,0,1,171.8,0.0000,ok
S3_sizesweep_f001284.jpg,S3_sizesweep,S3_court2_sizesweep_20260815_092534,S3_sizesweep,1284,72.121,173,160,0,0,1,62,,,0,transitional,,,,0,1,229.6,0.0000,ok
S3_sizesweep_f001290.jpg,S3_sizesweep,S3_court2_sizesweep_20260815_092534,S3_sizesweep,1290,72.615,173,160,0,0,1,62,,,0,transitional,,,,0,1,251.4,0.0000,ok
S3_sizesweep_f001296.jpg,S3_sizesweep,S3_court2_sizesweep_20260815_092534,S3_sizesweep,1296,73.115,173,160,0,0,1,61,,,0,transitional,,,,0,1,241.9,0.0000,ok
S3_sizesweep_f001302.jpg,S3_sizesweep,S3_court2_sizesweep_20260815_092534,S3_sizesweep,1302,73.446,172,160,0,0,1,61,,,0,transitional,,,,0,1,166.2,0.0000,ok
S3_sizesweep_f001308.jpg,S3_sizesweep,S3_court2_sizesweep_20260815_092534,S3_sizesweep,1308,73.846,172,160,0,0,1,61,,,0,transitional,,,,0,1,184.3,0.0000,ok
S3_sizesweep_f001314.jpg,S3_sizesweep,S3_court2_sizesweep_20260815_092534,S3_sizesweep,1314,74.231,172,160,0,0,1,61,,,1,transitional,,,,0,1,158.7,0.0000,ok
S3_sizesweep_f001320.jpg,S3_sizesweep,S3_court2_sizesweep_20260815_092534,S3_sizesweep,1320,74.625,172,160,0,0,1,61,,,1,H247,0,0,,1,1,173.9,0.0001,ok
S3_sizesweep_f001326.jpg,S3_sizesweep,S3_court2_sizesweep_20260815_092534,S3_sizesweep,1326,74.966,174,160,0,0,1,61,,,1,H247,0,0,,1,1,191.5,0.0000,ok
S3_sizesweep_f001332.jpg,S3_sizesweep,S3_court2_sizesweep_20260815_092534,S3_sizesweep,1332,75.242,172,160,0,0,1,61,,,1,H247,0,0,,1,1,191.8,0.0000,ok
S3_sizesweep_f001338.jpg,S3_sizesweep,S3_court2_sizesweep_20260815_092534,S3_sizesweep,1338,75.465,170,160,0,0,1,61,,,1,H247,0,0,,1,1,184.1,0.0000,ok
S3_sizesweep_f001344.jpg,S3_sizesweep,S3_court2_sizesweep_20260815_092534,S3_sizesweep,1344,75.749,172,160,0,0,1,61,,,1,H247,0,0,,1,1,157.6,0.0000,ok
S3_sizesweep_f001350.jpg,S3_sizesweep,S3_court2_sizesweep_20260815_092534,S3_sizesweep,1350,76.057,175,150,0,0,1,60,,,1,H247,0,0,,1,1,149.5,0.0000,ok
S3_sizesweep_f001356.jpg,S3_sizesweep,S3_court2_sizesweep_20260815_092534,S3_sizesweep,1356,76.381,179,160,0,0,1,60,,,1,H247,0,0,,1,1,147.7,0.0000,ok
S3_sizesweep_f001362.jpg,S3_sizesweep,S3_court2_sizesweep_20260815_092534,S3_sizesweep,1362,76.751,188,170,0,0,1,60,,,1,H247,0,0,,1,1,137.0,0.0000,ok
S3_sizesweep_f001368.jpg,S3_sizesweep,S3_court2_sizesweep_20260815_092534,S3_sizesweep,1368,77.086,200,180,0,0,1,60,,,1,H247,0,0,,1,1,143.0,0.0000,ok
S3_sizesweep_f001374.jpg,S3_sizesweep,S3_court2_sizesweep_20260815_092534,S3_sizesweep,1374,77.395,219,190,0,0,1,60,,,1,H247,0,0,,1,1,141.8,0.0000,ok
S3_sizesweep_f001380.jpg,S3_sizesweep,S3_court2_sizesweep_20260815_092534,S3_sizesweep,1380,77.627,222,200,0,0,1,60,,,1,H247,0,0,,1,1,145.5,0.0000,ok
S3_sizesweep_f001386.jpg,S3_sizesweep,S3_court2_sizesweep_20260815_092534,S3_sizesweep,1386,77.892,234,210,0,0,1,60,,,1,H247,0,0,,1,1,150.2,0.0000,ok
S3_sizesweep_f001392.jpg,S3_sizesweep,S3_court2_sizesweep_20260815_092534,S3_sizesweep,1392,78.119,241,220,0,0,1,60,,,1,H247,0,0,,1,1,147.8,0.0000,ok
S3_sizesweep_f001398.jpg,S3_sizesweep,S3_court2_sizesweep_20260815_092534,S3_sizesweep,1398,78.329,245,230,0,0,1,60,,,1,H247,0,0,,1,1,150.8,0.0000,ok
S3_sizesweep_f001404.jpg,S3_sizesweep,S3_court2_sizesweep_20260815_092534,S3_sizesweep,1404,78.545,246,230,0,0,1,60,,,1,H247,0,0,,1,1,149.6,0.0000,ok
S3_sizesweep_f001410.jpg,S3_sizesweep,S3_court2_sizesweep_20260815_092534,S3_sizesweep,1410,78.825,254,240,0,0,1,60,,,1,H247,0,0,,1,1,145.0,0.0000,ok
S3_sizesweep_f001416.jpg,S3_sizesweep,S3_court2_sizesweep_20260815_092534,S3_sizesweep,1416,79.041,264,240,0,0,1,60,,,1,H247,0,0,,1,1,146.7,0.0000,ok
S3_sizesweep_f001422.jpg,S3_sizesweep,S3_court2_sizesweep_20260815_092534,S3_sizesweep,1422,79.339,271,250,0,0,1,60,,,1,H247,0,0,,1,1,147.1,0.0000,ok
S3_sizesweep_f001428.jpg,S3_sizesweep,S3_court2_sizesweep_20260815_092534,S3_sizesweep,1428,79.608,279,250,0,0,1,60,,,1,H247,0,0,,1,1,152.2,0.0000,ok
S3_sizesweep_f001434.jpg,S3_sizesweep,S3_court2_sizesweep_20260815_092534,S3_sizesweep,1434,79.864,280,260,0,0,1,60,,,1,H247,0,0,,1,1,145.6,0.0000,ok
S3_sizesweep_f001440.jpg,S3_sizesweep,S3_court2_sizesweep_20260815_092534,S3_sizesweep,1440,80.073,289,270,0,0,1,60,,,1,H247,0,0,,1,1,146.1,0.0000,ok
S3_sizesweep_f001446.jpg,S3_sizesweep,S3_court2_sizesweep_20260815_092534,S3_sizesweep,1446,80.349,292,270,0,0,1,60,,,1,H247,0,0,,1,1,149.0,0.0000,ok
S3_sizesweep_f001452.jpg,S3_sizesweep,S3_court2_sizesweep_20260815_092534,S3_sizesweep,1452,80.586,300,280,0,0,1,60,,,1,H247,0,0,,1,1,139.8,0.0000,ok
S3_sizesweep_f001458.jpg,S3_sizesweep,S3_court2_sizesweep_20260815_092534,S3_sizesweep,1458,80.883,304,280,0,0,1,60,,,1,H247,0,0,,1,1,145.5,0.0000,ok
S3_sizesweep_f001464.jpg,S3_sizesweep,S3_court2_sizesweep_20260815_092534,S3_sizesweep,1464,81.182,307,290,0,0,1,60,,,1,H247,0,0,,1,1,145.8,0.0000,ok
S3_sizesweep_f001470.jpg,S3_sizesweep,S3_court2_sizesweep_20260815_092534,S3_sizesweep,1470,81.499,324,300,0,0,1,60,,,1,H247,0,0,,1,1,164.6,0.0000,ok
S3_sizesweep_f001476.jpg,S3_sizesweep,S3_court2_sizesweep_20260815_092534,S3_sizesweep,1476,81.891,311,300,0,0,1,60,,,1,H247,0,0,,1,1,149.9,0.0000,ok
S3_sizesweep_f001482.jpg,S3_sizesweep,S3_court2_sizesweep_20260815_092534,S3_sizesweep,1482,82.189,310,300,0,0,1,60,,,1,H247,0,0,,1,1,152.7,0.0000,ok
S3_sizesweep_f001488.jpg,S3_sizesweep,S3_court2_sizesweep_20260815_092534,S3_sizesweep,1488,82.517,305,290,0,0,1,60,,,1,H247,0,0,,1,1,154.6,0.0000,ok
S3_sizesweep_f001494.jpg,S3_sizesweep,S3_court2_sizesweep_20260815_092534,S3_sizesweep,1494,82.807,301,290,0,0,0,60,,,1,H247,0,0,,1,1,150.3,0.0000,ok
S3_sizesweep_f001500.jpg,S3_sizesweep,S3_court2_sizesweep_20260815_092534,S3_sizesweep,1500,83.031,311,290,0,0,0,59,,,1,H247,0,0,,1,1,151.7,0.0000,ok
S3_sizesweep_f001506.jpg,S3_sizesweep,S3_court2_sizesweep_20260815_092534,S3_sizesweep,1506,83.331,306,290,0,0,0,59,,,1,H247,0,0,,1,1,153.8,0.0000,ok
S3_sizesweep_f001512.jpg,S3_sizesweep,S3_court2_sizesweep_20260815_092534,S3_sizesweep,1512,83.558,317,290,0,0,0,59,,,1,H247,0,0,,1,1,153.1,0.0000,ok
S3_sizesweep_f001518.jpg,S3_sizesweep,S3_court2_sizesweep_20260815_092534,S3_sizesweep,1518,83.851,316,300,0,0,0,59,,,1,H247,0,0,,1,1,151.2,0.0000,ok
S3_sizesweep_f001524.jpg,S3_sizesweep,S3_court2_sizesweep_20260815_092534,S3_sizesweep,1524,84.168,321,300,0,-1,0,59,,,1,H247,0,0,,1,1,161.4,0.0000,ok
S3_sizesweep_f001530.jpg,S3_sizesweep,S3_court2_sizesweep_20260815_092534,S3_sizesweep,1530,84.457,317,300,0,0,0,59,,,1,H247,0,0,,1,1,161.3,0.0000,ok
S3_sizesweep_f001536.jpg,S3_sizesweep,S3_court2_sizesweep_20260815_092534,S3_sizesweep,1536,84.752,323,300,0,0,0,59,,,1,H247,0,0,,1,1,159.3,0.0000,ok
S3_sizesweep_f001542.jpg,S3_sizesweep,S3_court2_sizesweep_20260815_092534,S3_sizesweep,1542,85.058,322,300,0,0,0,59,,,1,H247,0,0,,1,1,156.2,0.0000,ok
S3_sizesweep_f001548.jpg,S3_sizesweep,S3_court2_sizesweep_20260815_092534,S3_sizesweep,1548,85.359,320,300,0,0,1,59,,,1,H247,0,0,,1,1,156.5,0.0000,ok
S3_sizesweep_f001554.jpg,S3_sizesweep,S3_court2_sizesweep_20260815_092534,S3_sizesweep,1554,85.666,319,300,0,0,0,59,,,1,H247,0,0,,1,1,161.7,0.0000,ok
S3_sizesweep_f001560.jpg,S3_sizesweep,S3_court2_sizesweep_20260815_092534,S3_sizesweep,1560,86.077,324,300,0,0,1,59,,,1,transitional,,,,0,1,168.6,0.0000,ok
S3_sizesweep_f001566.jpg,S3_sizesweep,S3_court2_sizesweep_20260815_092534,S3_sizesweep,1566,86.392,323,300,0,0,0,59,,,1,transitional,,,,0,1,155.7,0.0000,ok
S3_sizesweep_f001572.jpg,S3_sizesweep,S3_court2_sizesweep_20260815_092534,S3_sizesweep,1572,86.618,320,300,0,0,0,59,,,0,transitional,,,,0,1,156.8,0.0000,ok
S3_sizesweep_f001578.jpg,S3_sizesweep,S3_court2_sizesweep_20260815_092534,S3_sizesweep,1578,86.908,320,300,0,0,0,59,,,0,transitional,,,,0,1,161.8,0.0000,ok
S3_sizesweep_f001584.jpg,S3_sizesweep,S3_court2_sizesweep_20260815_092534,S3_sizesweep,1584,87.134,323,300,0,0,0,59,,,0,transitional,,,,0,1,172.0,0.0000,ok
S3_sizesweep_f001590.jpg,S3_sizesweep,S3_court2_sizesweep_20260815_092534,S3_sizesweep,1590,87.433,324,300,0,0,0,59,,,0,transitional,,,,0,1,161.0,0.0000,ok
S3_sizesweep_f001596.jpg,S3_sizesweep,S3_court2_sizesweep_20260815_092534,S3_sizesweep,1596,87.732,332,300,0,0,0,59,,,0,transitional,,,,0,1,164.4,0.0000,ok
S3_sizesweep_f001602.jpg,S3_sizesweep,S3_court2_sizesweep_20260815_092534,S3_sizesweep,1602,88.146,328,300,0,0,0,58,,,0,transitional,,,,0,1,169.1,0.0000,ok
S3_sizesweep_f001608.jpg,S3_sizesweep,S3_court2_sizesweep_20260815_092534,S3_sizesweep,1608,88.454,320,300,0,0,0,58,,,0,transitional,,,,0,1,161.4,0.0000,ok
S3_sizesweep_f001614.jpg,S3_sizesweep,S3_court2_sizesweep_20260815_092534,S3_sizesweep,1614,88.760,325,300,0,0,0,58,,,0,transitional,,,,0,1,158.0,0.0000,ok
S3_sizesweep_f001620.jpg,S3_sizesweep,S3_court2_sizesweep_20260815_092534,S3_sizesweep,1620,89.049,325,300,0,0,0,58,,,0,transitional,,,,0,1,169.2,0.0000,ok
S3_sizesweep_f001626.jpg,S3_sizesweep,S3_court2_sizesweep_20260815_092534,S3_sizesweep,1626,89.468,323,300,0,0,0,58,,,0,transitional,,,,0,1,166.3,0.0000,ok
S3_sizesweep_f001632.jpg,S3_sizesweep,S3_court2_sizesweep_20260815_092534,S3_sizesweep,1632,89.701,323,300,0,0,0,58,,,0,transitional,,,,0,1,167.6,0.0000,ok
S3_sizesweep_f001638.jpg,S3_sizesweep,S3_court2_sizesweep_20260815_092534,S3_sizesweep,1638,89.991,317,300,0,0,0,58,,,0,transitional,,,,0,1,170.9,0.0000,ok
S3_sizesweep_f001644.jpg,S3_sizesweep,S3_court2_sizesweep_20260815_092534,S3_sizesweep,1644,90.296,314,300,0,0,0,58,,,0,transitional,,,,0,1,148.3,0.0000,ok
S3_sizesweep_f001650.jpg,S3_sizesweep,S3_court2_sizesweep_20260815_092534,S3_sizesweep,1650,90.701,315,300,0,0,0,58,,,0,transitional,,,,0,1,155.2,0.0000,ok
S3_sizesweep_f001656.jpg,S3_sizesweep,S3_court2_sizesweep_20260815_092534,S3_sizesweep,1656,91.016,326,300,0,0,0,57,,,0,transitional,,,,0,1,164.8,0.0000,ok
S3_sizesweep_f001662.jpg,S3_sizesweep,S3_court2_sizesweep_20260815_092534,S3_sizesweep,1662,91.305,317,300,0,-1,0,57,,,0,transitional,,,,0,1,168.2,0.0000,ok
S3_sizesweep_f001668.jpg,S3_sizesweep,S3_court2_sizesweep_20260815_092534,S3_sizesweep,1668,91.534,325,300,0,-1,0,57,,,0,transitional,,,,0,1,161.2,0.0000,ok
S3_sizesweep_f001674.jpg,S3_sizesweep,S3_court2_sizesweep_20260815_092534,S3_sizesweep,1674,91.833,323,300,0,0,0,57,,,0,transitional,,,,0,1,165.9,0.0000,ok
S3_sizesweep_f001680.jpg,S3_sizesweep,S3_court2_sizesweep_20260815_092534,S3_sizesweep,1680,92.151,325,300,0,0,0,57,,,0,transitional,,,,0,1,163.8,0.0000,ok
S3_sizesweep_f001686.jpg,S3_sizesweep,S3_court2_sizesweep_20260815_092534,S3_sizesweep,1686,92.529,315,300,0,0,0,57,,,0,transitional,,,,0,1,163.8,0.0000,ok
S3_sizesweep_f001692.jpg,S3_sizesweep,S3_court2_sizesweep_20260815_092534,S3_sizesweep,1692,92.859,322,300,0,0,1,57,,,0,transitional,,,,0,1,164.5,0.0000,ok
S3_sizesweep_f001698.jpg,S3_sizesweep,S3_court2_sizesweep_20260815_092534,S3_sizesweep,1698,93.077,316,300,0,0,1,57,,,0,transitional,,,,0,1,171.3,0.0000,ok
S3_sizesweep_f001704.jpg,S3_sizesweep,S3_court2_sizesweep_20260815_092534,S3_sizesweep,1704,93.369,314,300,0,0,1,57,,,0,transitional,,,,0,1,164.5,0.0000,ok
S3_sizesweep_f001710.jpg,S3_sizesweep,S3_court2_sizesweep_20260815_092534,S3_sizesweep,1710,93.654,316,300,0,0,1,57,,,0,transitional,,,,0,1,151.5,0.0000,ok
S3_sizesweep_f001716.jpg,S3_sizesweep,S3_court2_sizesweep_20260815_092534,S3_sizesweep,1716,93.963,319,300,0,0,0,57,,,0,transitional,,,,0,1,148.8,0.0000,ok
S3_sizesweep_f001722.jpg,S3_sizesweep,S3_court2_sizesweep_20260815_092534,S3_sizesweep,1722,94.267,314,300,0,0,0,57,,,0,transitional,,,,0,1,164.2,0.0000,ok
S3_sizesweep_f001728.jpg,S3_sizesweep,S3_court2_sizesweep_20260815_092534,S3_sizesweep,1728,94.592,325,300,0,0,0,57,,,0,transitional,,,,0,1,162.7,0.0000,ok
S3_sizesweep_f001734.jpg,S3_sizesweep,S3_court2_sizesweep_20260815_092534,S3_sizesweep,1734,94.886,326,300,0,0,0,57,,,0,transitional,,,,0,1,173.0,0.0000,ok
S3_sizesweep_f001740.jpg,S3_sizesweep,S3_court2_sizesweep_20260815_092534,S3_sizesweep,1740,95.308,321,300,0,0,0,57,,,0,transitional,,,,0,1,174.3,0.0000,ok
S3_sizesweep_f001746.jpg,S3_sizesweep,S3_court2_sizesweep_20260815_092534,S3_sizesweep,1746,95.532,318,300,0,0,1,57,,,0,transitional,,,,0,1,161.9,0.0000,ok
S3_sizesweep_f001752.jpg,S3_sizesweep,S3_court2_sizesweep_20260815_092534,S3_sizesweep,1752,95.813,318,300,0,0,0,57,,,0,transitional,,,,0,1,163.2,0.0000,ok
S3_sizesweep_f001758.jpg,S3_sizesweep,S3_court2_sizesweep_20260815_092534,S3_sizesweep,1758,96.121,322,300,0,0,1,57,,,0,transitional,,,,0,1,172.6,0.0000,ok
S3_sizesweep_f001764.jpg,S3_sizesweep,S3_court2_sizesweep_20260815_092534,S3_sizesweep,1764,96.535,316,300,0,0,1,57,,,0,transitional,,,,0,1,175.5,0.0000,ok
S3_sizesweep_f001770.jpg,S3_sizesweep,S3_court2_sizesweep_20260815_092534,S3_sizesweep,1770,96.854,319,300,0,0,1,57,,,0,transitional,,,,0,1,162.4,0.0000,ok
S3_sizesweep_f001776.jpg,S3_sizesweep,S3_court2_sizesweep_20260815_092534,S3_sizesweep,1776,97.155,316,300,0,0,1,57,,,0,transitional,,,,0,1,169.7,0.0000,ok
S3_sizesweep_f001782.jpg,S3_sizesweep,S3_court2_sizesweep_20260815_092534,S3_sizesweep,1782,97.556,316,300,0,0,0,57,,,0,transitional,,,,0,1,168.0,0.0000,ok
S3_sizesweep_f001788.jpg,S3_sizesweep,S3_court2_sizesweep_20260815_092534,S3_sizesweep,1788,97.863,320,300,0,0,1,57,,,0,transitional,,,,0,1,171.0,0.0000,ok
S3_sizesweep_f001794.jpg,S3_sizesweep,S3_court2_sizesweep_20260815_092534,S3_sizesweep,1794,98.283,322,300,0,0,1,57,,,0,transitional,,,,0,1,165.4,0.0000,ok
S3_sizesweep_f001800.jpg,S3_sizesweep,S3_court2_sizesweep_20260815_092534,S3_sizesweep,1800,98.597,330,310,0,0,1,57,,,0,transitional,,,,0,1,158.2,0.0000,ok
S3_sizesweep_f001806.jpg,S3_sizesweep,S3_court2_sizesweep_20260815_092534,S3_sizesweep,1806,98.883,326,300,0,0,1,56,,,0,transitional,,,,0,1,166.5,0.0000,ok
S3_sizesweep_f001812.jpg,S3_sizesweep,S3_court2_sizesweep_20260815_092534,S3_sizesweep,1812,99.184,316,310,0,0,1,56,,,0,transitional,,,,0,1,172.3,0.0000,ok
S3_sizesweep_f001818.jpg,S3_sizesweep,S3_court2_sizesweep_20260815_092534,S3_sizesweep,1818,99.605,323,300,0,0,1,56,,,0,transitional,,,,0,1,155.7,0.0000,ok
S3_sizesweep_f001824.jpg,S3_sizesweep,S3_court2_sizesweep_20260815_092534,S3_sizesweep,1824,99.909,312,300,0,0,1,56,,,0,transitional,,,,0,1,163.1,0.0000,ok
S3_sizesweep_f001830.jpg,S3_sizesweep,S3_court2_sizesweep_20260815_092534,S3_sizesweep,1830,100.209,317,300,0,0,0,56,,,0,transitional,,,,0,1,169.5,0.0000,ok
S3_sizesweep_f001836.jpg,S3_sizesweep,S3_court2_sizesweep_20260815_092534,S3_sizesweep,1836,100.516,317,300,0,0,0,56,,,0,transitional,,,,0,1,164.4,0.0000,ok
S3_sizesweep_f001842.jpg,S3_sizesweep,S3_court2_sizesweep_20260815_092534,S3_sizesweep,1842,100.825,319,300,0,0,0,56,,,0,transitional,,,,0,1,169.1,0.0000,ok
S3_sizesweep_f001848.jpg,S3_sizesweep,S3_court2_sizesweep_20260815_092534,S3_sizesweep,1848,101.060,324,300,0,0,0,56,,,0,transitional,,,,0,1,169.0,0.0000,ok
S3_sizesweep_f001854.jpg,S3_sizesweep,S3_court2_sizesweep_20260815_092534,S3_sizesweep,1854,101.347,316,300,0,0,0,56,,,0,transitional,,,,0,1,174.1,0.0000,ok
S3_sizesweep_f001860.jpg,S3_sizesweep,S3_court2_sizesweep_20260815_092534,S3_sizesweep,1860,101.649,317,300,0,0,0,56,,,0,transitional,,,,0,1,176.1,0.0000,ok
S3_sizesweep_f001866.jpg,S3_sizesweep,S3_court2_sizesweep_20260815_092534,S3_sizesweep,1866,101.950,319,300,0,0,1,56,,,0,transitional,,,,0,1,176.9,0.0000,ok
S3_sizesweep_f001872.jpg,S3_sizesweep,S3_court2_sizesweep_20260815_092534,S3_sizesweep,1872,102.360,317,300,0,0,1,56,,,0,transitional,,,,0,1,171.3,0.0000,ok
S3_sizesweep_f001878.jpg,S3_sizesweep,S3_court2_sizesweep_20260815_092534,S3_sizesweep,1878,102.664,322,300,0,0,1,56,,,0,transitional,,,,0,1,170.9,0.0000,ok
S3_sizesweep_f001884.jpg,S3_sizesweep,S3_court2_sizesweep_20260815_092534,S3_sizesweep,1884,102.901,315,300,0,0,0,56,,,0,transitional,,,,0,1,165.6,0.0000,ok
S3_sizesweep_f001890.jpg,S3_sizesweep,S3_court2_sizesweep_20260815_092534,S3_sizesweep,1890,103.200,314,300,0,0,0,56,,,0,transitional,,,,0,1,172.1,0.0000,ok
S3_sizesweep_f001896.jpg,S3_sizesweep,S3_court2_sizesweep_20260815_092534,S3_sizesweep,1896,103.500,321,300,0,0,0,56,,,0,transitional,,,,0,1,179.0,0.0000,ok
S3_sizesweep_f001902.jpg,S3_sizesweep,S3_court2_sizesweep_20260815_092534,S3_sizesweep,1902,103.809,321,300,0,0,0,56,,,0,transitional,,,,0,1,172.6,0.0000,ok
S3_sizesweep_f001908.jpg,S3_sizesweep,S3_court2_sizesweep_20260815_092534,S3_sizesweep,1908,104.137,316,300,0,0,1,55,,,1,transitional,,,,0,1,176.6,0.0000,ok
S3_sizesweep_f001914.jpg,S3_sizesweep,S3_court2_sizesweep_20260815_092534,S3_sizesweep,1914,104.406,317,300,0,0,1,55,,,1,transitional,,,,0,1,174.9,0.0000,ok
S3_sizesweep_f001920.jpg,S3_sizesweep,S3_court2_sizesweep_20260815_092534,S3_sizesweep,1920,104.718,315,300,0,0,0,55,,,1,H354,0,0,,1,1,156.2,0.0000,ok
S3_sizesweep_f001926.jpg,S3_sizesweep,S3_court2_sizesweep_20260815_092534,S3_sizesweep,1926,105.025,323,300,0,0,0,55,,,1,H354,0,0,,1,1,169.7,0.0000,ok
S3_sizesweep_f001932.jpg,S3_sizesweep,S3_court2_sizesweep_20260815_092534,S3_sizesweep,1932,105.409,320,300,0,-1,0,55,,,1,H354,0,0,,1,1,168.7,0.0000,ok
S3_sizesweep_f001938.jpg,S3_sizesweep,S3_court2_sizesweep_20260815_092534,S3_sizesweep,1938,105.832,323,300,0,-1,1,55,,,1,H354,0,0,,1,1,177.8,0.0000,ok
S3_sizesweep_f001944.jpg,S3_sizesweep,S3_court2_sizesweep_20260815_092534,S3_sizesweep,1944,107.345,321,300,0,0,2,55,,,1,H354,0,0,,1,1,190.4,0.0000,ok
S3_sizesweep_f001950.jpg,S3_sizesweep,S3_court2_sizesweep_20260815_092534,S3_sizesweep,1950,107.781,331,300,0,-1,1,55,,,1,H354,0,0,,1,1,242.5,0.0000,ok
S3_sizesweep_f001956.jpg,S3_sizesweep,S3_court2_sizesweep_20260815_092534,S3_sizesweep,1956,108.166,317,300,0,-1,1,55,,,1,H354,0,0,,1,1,254.1,0.0000,ok
S3_sizesweep_f001962.jpg,S3_sizesweep,S3_court2_sizesweep_20260815_092534,S3_sizesweep,1962,108.575,324,300,0,0,1,55,,,1,H354,0,0,,1,1,218.2,0.0000,ok
S3_sizesweep_f001968.jpg,S3_sizesweep,S3_court2_sizesweep_20260815_092534,S3_sizesweep,1968,109.002,335,320,0,0,1,54,,,1,H354,0,0,,1,1,128.7,0.0000,ok
S3_sizesweep_f001974.jpg,S3_sizesweep,S3_court2_sizesweep_20260815_092534,S3_sizesweep,1974,109.210,351,330,0,0,0,54,,,1,H354,0,0,,1,1,126.3,0.0000,ok
S3_sizesweep_f001980.jpg,S3_sizesweep,S3_court2_sizesweep_20260815_092534,S3_sizesweep,1980,109.519,356,340,0,0,1,54,,,1,H354,0,0,,1,1,124.3,0.0000,ok
S3_sizesweep_f001986.jpg,S3_sizesweep,S3_court2_sizesweep_20260815_092534,S3_sizesweep,1986,109.831,369,350,0,0,0,54,,,1,H354,0,0,,1,1,130.9,0.0000,ok
S3_sizesweep_f001992.jpg,S3_sizesweep,S3_court2_sizesweep_20260815_092534,S3_sizesweep,1992,110.058,371,350,0,0,0,54,,,1,H354,0,0,,1,1,130.4,0.0000,ok
S3_sizesweep_f001998.jpg,S3_sizesweep,S3_court2_sizesweep_20260815_092534,S3_sizesweep,1998,110.263,383,360,0,0,1,54,,,1,H354,0,0,,1,1,132.5,0.0000,ok
S3_sizesweep_f002004.jpg,S3_sizesweep,S3_court2_sizesweep_20260815_092534,S3_sizesweep,2004,110.504,397,370,0,0,1,54,,,1,H354,0,0,,1,1,133.5,0.0000,ok
S3_sizesweep_f002010.jpg,S3_sizesweep,S3_court2_sizesweep_20260815_092534,S3_sizesweep,2010,110.785,393,380,0,0,1,54,,,1,H354,0,0,,1,1,135.0,0.0000,ok
S3_sizesweep_f002016.jpg,S3_sizesweep,S3_court2_sizesweep_20260815_092534,S3_sizesweep,2016,111.086,397,380,0,0,1,54,,,1,H354,0,0,,1,1,137.3,0.0000,ok
S3_sizesweep_f002022.jpg,S3_sizesweep,S3_court2_sizesweep_20260815_092534,S3_sizesweep,2022,111.383,414,390,0,0,1,54,,,1,H354,0,0,,1,1,134.3,0.0000,ok
S3_sizesweep_f002028.jpg,S3_sizesweep,S3_court2_sizesweep_20260815_092534,S3_sizesweep,2028,111.702,422,400,0,0,1,54,,,1,H354,0,0,,1,1,134.7,0.0000,ok
S3_sizesweep_f002034.jpg,S3_sizesweep,S3_court2_sizesweep_20260815_092534,S3_sizesweep,2034,112.093,432,410,0,0,1,54,,,1,H354,0,0,,1,1,140.3,0.0000,ok
S3_sizesweep_f002040.jpg,S3_sizesweep,S3_court2_sizesweep_20260815_092534,S3_sizesweep,2040,112.417,435,420,0,0,1,54,,,1,H354,0,0,,1,1,141.8,0.0000,ok
S3_sizesweep_f002046.jpg,S3_sizesweep,S3_court2_sizesweep_20260815_092534,S3_sizesweep,2046,112.709,438,420,0,0,1,54,,,1,H354,0,0,,1,1,143.6,0.0000,ok
S3_sizesweep_f002052.jpg,S3_sizesweep,S3_court2_sizesweep_20260815_092534,S3_sizesweep,2052,112.923,440,420,0,0,1,54,,,1,H354,0,0,,1,1,143.9,0.0000,ok
S3_sizesweep_f002058.jpg,S3_sizesweep,S3_court2_sizesweep_20260815_092534,S3_sizesweep,2058,113.215,446,430,0,0,1,54,,,1,H354,0,0,,1,1,140.1,0.0000,ok
S3_sizesweep_f002064.jpg,S3_sizesweep,S3_court2_sizesweep_20260815_092534,S3_sizesweep,2064,113.542,448,430,0,0,1,54,,,1,H354,0,0,,1,1,156.5,0.0000,ok
S3_sizesweep_f002070.jpg,S3_sizesweep,S3_court2_sizesweep_20260815_092534,S3_sizesweep,2070,113.848,450,430,0,0,1,53,,,1,H354,0,0,,1,1,140.0,0.0000,ok
S3_sizesweep_f002076.jpg,S3_sizesweep,S3_court2_sizesweep_20260815_092534,S3_sizesweep,2076,114.162,432,430,0,0,1,53,,,1,H354,0,0,,1,1,131.6,0.0000,ok
S3_sizesweep_f002082.jpg,S3_sizesweep,S3_court2_sizesweep_20260815_092534,S3_sizesweep,2082,114.479,436,420,0,-1,0,53,,,1,H354,0,0,,1,1,136.2,0.0000,ok
S3_sizesweep_f002088.jpg,S3_sizesweep,S3_court2_sizesweep_20260815_092534,S3_sizesweep,2088,114.772,448,420,0,-1,0,53,,,1,H354,0,0,,1,1,138.5,0.0000,ok
S3_sizesweep_f002094.jpg,S3_sizesweep,S3_court2_sizesweep_20260815_092534,S3_sizesweep,2094,115.259,446,430,0,0,1,53,,,1,transitional,,,,0,1,149.6,0.0000,ok
S3_sizesweep_f002100.jpg,S3_sizesweep,S3_court2_sizesweep_20260815_092534,S3_sizesweep,2100,115.472,464,430,0,0,1,53,,,0,transitional,,,,0,1,148.9,0.0000,ok
S3_sizesweep_f002106.jpg,S3_sizesweep,S3_court2_sizesweep_20260815_092534,S3_sizesweep,2106,115.775,435,430,0,0,1,53,,,0,transitional,,,,0,1,145.3,0.0000,ok
S3_sizesweep_f002112.jpg,S3_sizesweep,S3_court2_sizesweep_20260815_092534,S3_sizesweep,2112,116.084,455,430,0,0,1,53,,,0,transitional,,,,0,1,145.1,0.0000,ok
S3_sizesweep_f002118.jpg,S3_sizesweep,S3_court2_sizesweep_20260815_092534,S3_sizesweep,2118,116.418,455,430,0,-1,0,53,,,0,transitional,,,,0,1,152.7,0.0000,ok
S3_sizesweep_f002124.jpg,S3_sizesweep,S3_court2_sizesweep_20260815_092534,S3_sizesweep,2124,116.734,440,430,0,0,0,53,,,0,transitional,,,,0,1,132.6,0.0000,ok
S3_sizesweep_f002130.jpg,S3_sizesweep,S3_court2_sizesweep_20260815_092534,S3_sizesweep,2130,117.026,445,430,0,0,1,53,,,0,transitional,,,,0,1,142.4,0.0000,ok
S3_sizesweep_f002136.jpg,S3_sizesweep,S3_court2_sizesweep_20260815_092534,S3_sizesweep,2136,117.443,447,430,0,0,1,53,,,0,transitional,,,,0,1,146.2,0.0000,ok
S3_sizesweep_f002142.jpg,S3_sizesweep,S3_court2_sizesweep_20260815_092534,S3_sizesweep,2142,117.751,436,430,0,0,0,53,,,0,transitional,,,,0,1,151.1,0.0000,ok
S3_sizesweep_f002148.jpg,S3_sizesweep,S3_court2_sizesweep_20260815_092534,S3_sizesweep,2148,118.146,444,430,0,0,1,53,,,0,transitional,,,,0,1,161.3,0.0000,ok
S3_sizesweep_f002154.jpg,S3_sizesweep,S3_court2_sizesweep_20260815_092534,S3_sizesweep,2154,118.441,456,430,0,0,1,53,,,0,transitional,,,,0,1,149.4,0.0000,ok
S3_sizesweep_f002160.jpg,S3_sizesweep,S3_court2_sizesweep_20260815_092534,S3_sizesweep,2160,118.742,459,430,0,0,0,53,,,0,transitional,,,,0,1,133.9,0.0000,ok
S3_sizesweep_f002166.jpg,S3_sizesweep,S3_court2_sizesweep_20260815_092534,S3_sizesweep,2166,119.054,457,430,0,0,0,53,,,0,transitional,,,,0,1,138.0,0.0000,ok
S3_sizesweep_f002172.jpg,S3_sizesweep,S3_court2_sizesweep_20260815_092534,S3_sizesweep,2172,119.525,457,430,0,-1,0,53,,,0,transitional,,,,0,1,137.3,0.0000,ok
S3_sizesweep_f002178.jpg,S3_sizesweep,S3_court2_sizesweep_20260815_092534,S3_sizesweep,2178,119.900,454,430,0,-1,0,52,,,0,transitional,,,,0,1,132.7,0.0000,ok
S3_sizesweep_f002184.jpg,S3_sizesweep,S3_court2_sizesweep_20260815_092534,S3_sizesweep,2184,120.335,451,430,0,0,0,52,,,0,transitional,,,,0,1,150.5,0.0000,ok
S3_sizesweep_f002190.jpg,S3_sizesweep,S3_court2_sizesweep_20260815_092534,S3_sizesweep,2190,120.575,443,430,0,0,0,52,,,0,transitional,,,,0,1,161.9,0.0000,ok
S3_sizesweep_f002196.jpg,S3_sizesweep,S3_court2_sizesweep_20260815_092534,S3_sizesweep,2196,121.242,436,430,0,-1,0,52,,,0,transitional,,,,0,1,159.2,0.0000,ok
S3_sizesweep_f002202.jpg,S3_sizesweep,S3_court2_sizesweep_20260815_092534,S3_sizesweep,2202,121.528,449,430,0,0,1,52,,,0,transitional,,,,0,1,158.9,0.0000,ok
S3_sizesweep_f002208.jpg,S3_sizesweep,S3_court2_sizesweep_20260815_092534,S3_sizesweep,2208,121.943,456,430,0,0,1,52,,,0,transitional,,,,0,1,154.3,0.0000,ok
S3_sizesweep_f002214.jpg,S3_sizesweep,S3_court2_sizesweep_20260815_092534,S3_sizesweep,2214,122.267,454,430,0,0,0,52,,,0,transitional,,,,0,1,151.5,0.0000,ok
S3_sizesweep_f002220.jpg,S3_sizesweep,S3_court2_sizesweep_20260815_092534,S3_sizesweep,2220,122.734,448,430,0,0,0,52,,,0,transitional,,,,0,1,146.7,0.0000,ok
S3_sizesweep_f002226.jpg,S3_sizesweep,S3_court2_sizesweep_20260815_092534,S3_sizesweep,2226,123.127,449,430,0,0,0,52,,,0,transitional,,,,0,1,162.6,0.0000,ok
S3_sizesweep_f002232.jpg,S3_sizesweep,S3_court2_sizesweep_20260815_092534,S3_sizesweep,2232,123.450,451,430,0,0,1,52,,,0,transitional,,,,0,1,145.8,0.0000,ok
S3_sizesweep_f002238.jpg,S3_sizesweep,S3_court2_sizesweep_20260815_092534,S3_sizesweep,2238,123.775,445,430,0,0,1,52,,,0,transitional,,,,0,1,140.1,0.0000,ok
S3_sizesweep_f002244.jpg,S3_sizesweep,S3_court2_sizesweep_20260815_092534,S3_sizesweep,2244,124.072,445,430,0,0,1,52,,,0,transitional,,,,0,1,161.3,0.0000,ok
S3_sizesweep_f002250.jpg,S3_sizesweep,S3_court2_sizesweep_20260815_092534,S3_sizesweep,2250,124.385,445,430,0,0,1,52,,,0,transitional,,,,0,1,144.9,0.0000,ok
S3_sizesweep_f002256.jpg,S3_sizesweep,S3_court2_sizesweep_20260815_092534,S3_sizesweep,2256,124.686,446,430,0,0,0,52,,,0,transitional,,,,0,1,154.5,0.0000,ok
S3_sizesweep_f002262.jpg,S3_sizesweep,S3_court2_sizesweep_20260815_092534,S3_sizesweep,2262,125.010,456,430,0,0,1,52,,,0,transitional,,,,0,1,158.7,0.0000,ok
S3_sizesweep_f002268.jpg,S3_sizesweep,S3_court2_sizesweep_20260815_092534,S3_sizesweep,2268,125.401,443,430,0,0,1,52,,,0,transitional,,,,0,1,162.6,0.0000,ok
S3_sizesweep_f002274.jpg,S3_sizesweep,S3_court2_sizesweep_20260815_092534,S3_sizesweep,2274,125.709,451,430,0,0,1,52,,,0,transitional,,,,0,1,161.2,0.0000,ok
S3_sizesweep_f002280.jpg,S3_sizesweep,S3_court2_sizesweep_20260815_092534,S3_sizesweep,2280,126.030,451,430,0,0,1,52,,,0,transitional,,,,0,1,147.8,0.0000,ok
S3_sizesweep_f002286.jpg,S3_sizesweep,S3_court2_sizesweep_20260815_092534,S3_sizesweep,2286,126.426,457,430,0,0,0,52,,,0,transitional,,,,0,1,148.9,0.0000,ok
S3_sizesweep_f002292.jpg,S3_sizesweep,S3_court2_sizesweep_20260815_092534,S3_sizesweep,2292,126.767,449,430,0,0,1,52,,,0,transitional,,,,0,1,154.9,0.0000,ok
S3_sizesweep_f002298.jpg,S3_sizesweep,S3_court2_sizesweep_20260815_092534,S3_sizesweep,2298,127.151,434,430,0,0,1,51,,,0,transitional,,,,0,1,138.5,0.0000,ok
S3_sizesweep_f002304.jpg,S3_sizesweep,S3_court2_sizesweep_20260815_092534,S3_sizesweep,2304,127.451,458,430,0,0,1,51,,,0,transitional,,,,0,1,146.7,0.0000,ok
S3_sizesweep_f002310.jpg,S3_sizesweep,S3_court2_sizesweep_20260815_092534,S3_sizesweep,2310,127.862,451,430,0,0,0,51,,,0,transitional,,,,0,1,147.2,0.0000,ok
S3_sizesweep_f002316.jpg,S3_sizesweep,S3_court2_sizesweep_20260815_092534,S3_sizesweep,2316,128.167,448,430,0,0,0,51,,,0,transitional,,,,0,1,135.1,0.0000,ok
S3_sizesweep_f002322.jpg,S3_sizesweep,S3_court2_sizesweep_20260815_092534,S3_sizesweep,2322,128.491,460,430,0,0,0,51,,,0,transitional,,,,0,1,147.1,0.0000,ok
S3_sizesweep_f002328.jpg,S3_sizesweep,S3_court2_sizesweep_20260815_092534,S3_sizesweep,2328,128.811,447,430,0,0,0,51,,,0,transitional,,,,0,1,149.2,0.0000,ok
S3_sizesweep_f002334.jpg,S3_sizesweep,S3_court2_sizesweep_20260815_092534,S3_sizesweep,2334,129.109,450,430,0,0,0,51,,,0,transitional,,,,0,1,161.7,0.0000,ok
S3_sizesweep_f002340.jpg,S3_sizesweep,S3_court2_sizesweep_20260815_092534,S3_sizesweep,2340,129.503,441,430,0,0,1,51,,,0,transitional,,,,0,1,152.8,0.0000,ok
S3_sizesweep_f002346.jpg,S3_sizesweep,S3_court2_sizesweep_20260815_092534,S3_sizesweep,2346,129.823,450,430,0,0,1,51,,,0,transitional,,,,0,1,144.6,0.0000,ok
S3_sizesweep_f002352.jpg,S3_sizesweep,S3_court2_sizesweep_20260815_092534,S3_sizesweep,2352,130.134,448,430,0,0,1,51,,,0,transitional,,,,0,1,154.0,0.0000,ok
S3_sizesweep_f002358.jpg,S3_sizesweep,S3_court2_sizesweep_20260815_092534,S3_sizesweep,2358,130.434,440,430,0,0,1,51,,,1,transitional,,,,0,1,152.5,0.0000,ok
S3_sizesweep_f002364.jpg,S3_sizesweep,S3_court2_sizesweep_20260815_092534,S3_sizesweep,2364,130.855,433,430,0,0,1,51,,,1,transitional,,,,0,1,145.7,0.0000,ok
S3_sizesweep_f002370.jpg,S3_sizesweep,S3_court2_sizesweep_20260815_092534,S3_sizesweep,2370,131.159,449,430,0,0,0,51,,,1,transitional,,,,0,1,143.8,0.0000,ok
S3_sizesweep_f002376.jpg,S3_sizesweep,S3_court2_sizesweep_20260815_092534,S3_sizesweep,2376,131.444,446,430,0,0,0,51,,,1,transitional,,,,0,1,143.2,0.0000,ok
S3_sizesweep_f002382.jpg,S3_sizesweep,S3_court2_sizesweep_20260815_092534,S3_sizesweep,2382,131.753,445,430,0,0,0,51,,,1,transitional,,,,0,1,147.2,0.0000,ok
S3_sizesweep_f002388.jpg,S3_sizesweep,S3_court2_sizesweep_20260815_092534,S3_sizesweep,2388,132.159,442,430,0,0,0,50,,,1,transitional,,,,0,1,145.6,0.0000,ok
S3_sizesweep_f002394.jpg,S3_sizesweep,S3_court2_sizesweep_20260815_092534,S3_sizesweep,2394,132.466,444,430,0,0,2,50,,,1,transitional,,,,0,1,125.4,0.0000,ok
S3_sizesweep_f002400.jpg,S3_sizesweep,S3_court2_sizesweep_20260815_092534,S3_sizesweep,2400,132.685,438,420,0,1,2,50,,,1,transitional,,,,0,1,137.7,0.0000,ok
S3_sizesweep_f002406.jpg,S3_sizesweep,S3_court2_sizesweep_20260815_092534,S3_sizesweep,2406,133.001,424,420,0,0,1,50,,,1,transitional,,,,0,1,129.6,0.0000,ok
S3_sizesweep_f002412.jpg,S3_sizesweep,S3_court2_sizesweep_20260815_092534,S3_sizesweep,2412,133.317,440,420,0,0,1,50,,,1,H540,0,0,,1,1,140.5,0.0000,ok
S3_sizesweep_f002418.jpg,S3_sizesweep,S3_court2_sizesweep_20260815_092534,S3_sizesweep,2418,133.616,442,420,0,0,1,50,,,1,H540,0,0,,1,1,153.6,0.0000,ok
S3_sizesweep_f002424.jpg,S3_sizesweep,S3_court2_sizesweep_20260815_092534,S3_sizesweep,2424,133.901,433,420,0,0,1,50,,,1,H540,0,0,,1,1,128.8,0.0000,ok
S3_sizesweep_f002430.jpg,S3_sizesweep,S3_court2_sizesweep_20260815_092534,S3_sizesweep,2430,134.209,434,420,0,0,0,50,,,1,H540,0,0,,1,1,126.4,0.0000,ok
S3_sizesweep_f002436.jpg,S3_sizesweep,S3_court2_sizesweep_20260815_092534,S3_sizesweep,2436,134.517,447,420,0,2,0,50,,,1,H540,0,0,,1,1,130.6,0.0000,ok
S3_sizesweep_f002442.jpg,S3_sizesweep,S3_court2_sizesweep_20260815_092534,S3_sizesweep,2442,134.825,454,430,0,0,0,50,,,1,H540,0,0,,1,1,135.7,0.0000,ok
S3_sizesweep_f002448.jpg,S3_sizesweep,S3_court2_sizesweep_20260815_092534,S3_sizesweep,2448,135.234,459,430,0,0,1,50,,,1,H540,0,0,,1,1,156.6,0.0000,ok
S3_sizesweep_f002454.jpg,S3_sizesweep,S3_court2_sizesweep_20260815_092534,S3_sizesweep,2454,135.534,450,430,0,0,0,50,,,1,H540,0,0,,1,1,153.9,0.0000,ok
S3_sizesweep_f002460.jpg,S3_sizesweep,S3_court2_sizesweep_20260815_092534,S3_sizesweep,2460,135.845,461,440,0,0,0,50,,,1,H540,0,0,,1,1,168.8,0.0000,ok
S3_sizesweep_f002466.jpg,S3_sizesweep,S3_court2_sizesweep_20260815_092534,S3_sizesweep,2466,136.155,470,440,0,1,0,50,,,1,H540,0,0,,1,1,150.5,0.0000,ok
S3_sizesweep_f002472.jpg,S3_sizesweep,S3_court2_sizesweep_20260815_092534,S3_sizesweep,2472,136.470,483,460,0,0,0,50,,,0,H540,0,0,,1,1,138.1,0.0000,ok
S3_sizesweep_f002478.jpg,S3_sizesweep,S3_court2_sizesweep_20260815_092534,S3_sizesweep,2478,136.692,485,460,0,0,0,50,,,0,H540,0,0,,1,1,140.6,0.0000,ok
S3_sizesweep_f002484.jpg,S3_sizesweep,S3_court2_sizesweep_20260815_092534,S3_sizesweep,2484,136.991,506,480,0,0,0,49,,,0,H540,0,0,,1,1,138.7,0.0000,ok
S3_sizesweep_f002490.jpg,S3_sizesweep,S3_court2_sizesweep_20260815_092534,S3_sizesweep,2490,137.293,499,490,0,0,0,49,,,0,H540,0,0,,1,1,149.1,0.0000,ok
S3_sizesweep_f002496.jpg,S3_sizesweep,S3_court2_sizesweep_20260815_092534,S3_sizesweep,2496,137.509,512,490,0,0,0,49,,,0,H540,0,0,,1,1,136.8,0.0000,ok
S3_sizesweep_f002502.jpg,S3_sizesweep,S3_court2_sizesweep_20260815_092534,S3_sizesweep,2502,137.887,522,500,0,0,0,49,,,0,H540,0,0,,1,1,138.0,0.0000,ok
S3_sizesweep_f002508.jpg,S3_sizesweep,S3_court2_sizesweep_20260815_092534,S3_sizesweep,2508,138.141,539,510,0,0,0,49,,,0,H540,0,0,,1,1,132.3,0.0000,ok
S3_sizesweep_f002514.jpg,S3_sizesweep,S3_court2_sizesweep_20260815_092534,S3_sizesweep,2514,138.401,526,510,0,0,0,49,,,0,H540,0,0,,1,1,135.6,0.0000,ok
S3_sizesweep_f002520.jpg,S3_sizesweep,S3_court2_sizesweep_20260815_092534,S3_sizesweep,2520,138.733,523,520,0,0,0,49,,,0,H540,0,0,,1,1,134.4,0.0000,ok
S3_sizesweep_f002526.jpg,S3_sizesweep,S3_court2_sizesweep_20260815_092534,S3_sizesweep,2526,139.035,551,520,0,0,0,49,,,0,H540,0,0,,1,1,132.1,0.0000,ok
S3_sizesweep_f002532.jpg,S3_sizesweep,S3_court2_sizesweep_20260815_092534,S3_sizesweep,2532,139.428,557,530,0,0,0,49,,,0,H540,0,0,,1,1,127.9,0.0000,ok
S3_sizesweep_f002538.jpg,S3_sizesweep,S3_court2_sizesweep_20260815_092534,S3_sizesweep,2538,139.643,557,540,0,0,0,49,,,0,H540,0,0,,1,1,128.4,0.0000,ok
S3_sizesweep_f002544.jpg,S3_sizesweep,S3_court2_sizesweep_20260815_092534,S3_sizesweep,2544,139.872,561,540,0,0,0,49,,,0,H540,0,0,,1,1,119.8,0.0000,ok
S3_sizesweep_f002550.jpg,S3_sizesweep,S3_court2_sizesweep_20260815_092534,S3_sizesweep,2550,140.168,564,550,0,0,0,49,,,0,H540,0,0,,1,1,122.7,0.0000,ok
S3_sizesweep_f002556.jpg,S3_sizesweep,S3_court2_sizesweep_20260815_092534,S3_sizesweep,2556,140.461,567,550,0,0,0,49,,,0,H540,0,0,,1,1,126.9,0.0000,ok
S3_sizesweep_f002562.jpg,S3_sizesweep,S3_court2_sizesweep_20260815_092534,S3_sizesweep,2562,140.793,568,550,0,0,0,49,,,0,H540,0,0,,1,1,123.1,0.0000,ok
S3_sizesweep_f002568.jpg,S3_sizesweep,S3_court2_sizesweep_20260815_092534,S3_sizesweep,2568,141.093,575,550,0,0,0,49,,,0,H540,0,0,,1,1,131.8,0.0000,ok
S3_sizesweep_f002574.jpg,S3_sizesweep,S3_court2_sizesweep_20260815_092534,S3_sizesweep,2574,141.393,567,550,0,0,0,49,,,0,H540,0,0,,1,1,127.8,0.0000,ok
S3_sizesweep_f002580.jpg,S3_sizesweep,S3_court2_sizesweep_20260815_092534,S3_sizesweep,2580,141.786,574,550,0,0,0,48,,,0,H540,0,0,,1,1,137.0,0.0000,ok
S3_sizesweep_f002586.jpg,S3_sizesweep,S3_court2_sizesweep_20260815_092534,S3_sizesweep,2586,142.093,570,550,0,0,0,48,,,0,H540,0,0,,1,1,128.6,0.0000,ok
S3_sizesweep_f002592.jpg,S3_sizesweep,S3_court2_sizesweep_20260815_092534,S3_sizesweep,2592,142.324,580,550,0,0,0,48,,,0,H540,0,0,,1,1,133.3,0.0000,ok
S3_sizesweep_f002598.jpg,S3_sizesweep,S3_court2_sizesweep_20260815_092534,S3_sizesweep,2598,142.622,575,550,0,0,0,48,,,0,H540,0,0,,1,1,133.6,0.0000,ok
S3_sizesweep_f002604.jpg,S3_sizesweep,S3_court2_sizesweep_20260815_092534,S3_sizesweep,2604,142.932,572,560,0,0,0,48,,,0,H540,0,0,,1,1,124.6,0.0000,ok
S3_sizesweep_f002610.jpg,S3_sizesweep,S3_court2_sizesweep_20260815_092534,S3_sizesweep,2610,143.235,589,560,0,0,0,48,,,0,H540,0,0,,1,1,126.5,0.0000,ok
S3_sizesweep_f002616.jpg,S3_sizesweep,S3_court2_sizesweep_20260815_092534,S3_sizesweep,2616,143.634,567,560,0,2,0,48,,,0,H540,0,0,,1,1,68.1,0.0000,ok
S3_sizesweep_f002622.jpg,S3_sizesweep,S3_court2_sizesweep_20260815_092534,S3_sizesweep,2622,143.952,597,560,0,6,0,48,,,0,H540,0,0,,1,1,97.8,0.0000,ok
S3_sizesweep_f002628.jpg,S3_sizesweep,S3_court2_sizesweep_20260815_092534,S3_sizesweep,2628,144.176,577,560,0,6,0,48,,,0,H540,0,0,,1,1,101.4,0.0000,ok
S3_sizesweep_f002634.jpg,S3_sizesweep,S3_court2_sizesweep_20260815_092534,S3_sizesweep,2634,144.470,579,560,0,0,0,48,,,0,H540,0,0,,1,1,94.9,0.0000,ok
S3_sizesweep_f002640.jpg,S3_sizesweep,S3_court2_sizesweep_20260815_092534,S3_sizesweep,2640,144.860,570,550,0,-2,0,48,,,0,H540,0,0,,1,1,110.0,0.0000,ok
S3_sizesweep_f002646.jpg,S3_sizesweep,S3_court2_sizesweep_20260815_092534,S3_sizesweep,2646,145.192,566,550,0,0,0,48,,,0,H540,0,0,,1,1,114.2,0.0000,ok
S3_sizesweep_f002652.jpg,S3_sizesweep,S3_court2_sizesweep_20260815_092534,S3_sizesweep,2652,145.507,566,550,0,0,0,48,,,0,H540,0,0,,1,1,112.1,0.0000,ok
S3_sizesweep_f002658.jpg,S3_sizesweep,S3_court2_sizesweep_20260815_092534,S3_sizesweep,2658,145.801,564,550,0,-1,0,48,,,0,H540,0,0,,1,1,66.6,0.0000,ok
S3_sizesweep_f002664.jpg,S3_sizesweep,S3_court2_sizesweep_20260815_092534,S3_sizesweep,2664,146.206,583,560,0,6,0,48,,,0,H540,0,0,,1,1,94.1,0.0000,ok
S3_sizesweep_f002670.jpg,S3_sizesweep,S3_court2_sizesweep_20260815_092534,S3_sizesweep,2670,146.516,571,560,0,5,0,48,,,0,H540,0,0,,1,1,104.9,0.0000,ok
S3_sizesweep_f002676.jpg,S3_sizesweep,S3_court2_sizesweep_20260815_092534,S3_sizesweep,2676,146.834,569,560,0,1,0,48,,,0,H540,0,0,,1,1,73.1,0.0000,ok
S3_sizesweep_f002682.jpg,S3_sizesweep,S3_court2_sizesweep_20260815_092534,S3_sizesweep,2682,147.134,578,550,0,-1,0,47,,,0,H540,0,0,,1,1,109.7,0.0000,ok
S3_sizesweep_f002688.jpg,S3_sizesweep,S3_court2_sizesweep_20260815_092534,S3_sizesweep,2688,147.439,563,550,0,-1,0,47,,,0,H540,0,0,,1,1,112.7,0.0000,ok
S3_sizesweep_f002694.jpg,S3_sizesweep,S3_court2_sizesweep_20260815_092534,S3_sizesweep,2694,147.827,580,550,0,0,0,47,,,0,H540,0,0,,1,1,126.6,0.0000,ok
S3_sizesweep_f002700.jpg,S3_sizesweep,S3_court2_sizesweep_20260815_092534,S3_sizesweep,2700,148.144,569,550,0,-1,0,47,,,0,H540,0,0,,1,1,78.5,0.0000,ok
S3_sizesweep_f002706.jpg,S3_sizesweep,S3_court2_sizesweep_20260815_092534,S3_sizesweep,2706,148.343,554,550,0,0,0,47,,,0,H540,0,0,,0,1,108.8,0.0000,ok
S3_sizesweep_f002712.jpg,S3_sizesweep,S3_court2_sizesweep_20260815_092534,S3_sizesweep,2712,148.643,573,550,0,0,0,47,,,0,H540,0,0,,1,1,140.0,0.0000,ok
S3_sizesweep_f002718.jpg,S3_sizesweep,S3_court2_sizesweep_20260815_092534,S3_sizesweep,2718,148.950,566,550,0,0,0,47,,,0,H540,0,0,,1,1,132.5,0.0000,ok
S3_sizesweep_f002724.jpg,S3_sizesweep,S3_court2_sizesweep_20260815_092534,S3_sizesweep,2724,149.267,567,550,0,6,0,47,,,0,H540,0,0,,1,1,78.2,0.0000,ok
S3_sizesweep_f002730.jpg,S3_sizesweep,S3_court2_sizesweep_20260815_092534,S3_sizesweep,2730,149.588,581,550,0,3,0,47,,,0,H540,0,0,,1,1,62.7,0.0000,ok
S3_sizesweep_f002736.jpg,S3_sizesweep,S3_court2_sizesweep_20260815_092534,S3_sizesweep,2736,149.871,557,550,0,0,0,47,,,0,H540,0,0,,1,1,105.7,0.0000,ok
S3_sizesweep_f002742.jpg,S3_sizesweep,S3_court2_sizesweep_20260815_092534,S3_sizesweep,2742,150.186,564,550,0,-1,0,47,,,0,H540,0,0,,1,1,119.9,0.0000,ok
S3_sizesweep_f002748.jpg,S3_sizesweep,S3_court2_sizesweep_20260815_092534,S3_sizesweep,2748,150.601,564,550,0,-2,0,47,,,0,H540,0,0,,1,1,108.3,0.0000,ok
S3_sizesweep_f002754.jpg,S3_sizesweep,S3_court2_sizesweep_20260815_092534,S3_sizesweep,2754,150.902,573,550,0,-1,0,47,,,0,H540,0,0,,1,1,86.9,0.0000,ok
S3_sizesweep_f002760.jpg,S3_sizesweep,S3_court2_sizesweep_20260815_092534,S3_sizesweep,2760,151.202,567,550,0,0,0,47,,,0,H540,0,0,,1,1,115.1,0.0000,ok
S3_sizesweep_f002766.jpg,S3_sizesweep,S3_court2_sizesweep_20260815_092534,S3_sizesweep,2766,151.653,557,550,0,1,0,47,,,0,H540,0,0,,1,1,129.6,0.0000,ok
S3_sizesweep_f002772.jpg,S3_sizesweep,S3_court2_sizesweep_20260815_092534,S3_sizesweep,2772,152.095,578,560,0,1,0,47,,,0,H540,0,0,,1,1,105.8,0.0000,ok
S3_sizesweep_f002778.jpg,S3_sizesweep,S3_court2_sizesweep_20260815_092534,S3_sizesweep,2778,152.531,575,560,-8,0,0,47,,,0,H540,0,0,,1,1,74.3,0.0000,ok
S3_sizesweep_f002784.jpg,S3_sizesweep,S3_court2_sizesweep_20260815_092534,S3_sizesweep,2784,152.973,571,550,-11,0,0,47,,,0,H540,0,0,,1,1,101.3,0.0000,ok
S3_sizesweep_f002790.jpg,S3_sizesweep,S3_court2_sizesweep_20260815_092534,S3_sizesweep,2790,153.470,586,550,-11,1,0,46,,,0,H540,0,0,,1,1,121.5,0.0000,ok
S3_sizesweep_f002796.jpg,S3_sizesweep,S3_court2_sizesweep_20260815_092534,S3_sizesweep,2796,153.776,566,560,-11,0,0,46,,,0,H540,0,0,,1,1,117.7,0.0000,ok
S3_sizesweep_f002802.jpg,S3_sizesweep,S3_court2_sizesweep_20260815_092534,S3_sizesweep,2802,154.386,578,550,-11,0,5,46,,,0,H540,0,0,,1,1,93.0,0.0000,ok
S3_sizesweep_f002808.jpg,S3_sizesweep,S3_court2_sizesweep_20260815_092534,S3_sizesweep,2808,154.638,570,550,-11,1,2,46,,,0,H540,0,0,,1,1,82.1,0.0000,ok
S3_sizesweep_f002814.jpg,S3_sizesweep,S3_court2_sizesweep_20260815_092534,S3_sizesweep,2814,155.216,589,560,-11,0,-2,46,,,0,H540,0,0,,1,1,90.6,0.0000,ok
S3_sizesweep_f002820.jpg,S3_sizesweep,S3_court2_sizesweep_20260815_092534,S3_sizesweep,2820,155.452,569,560,-11,0,-2,46,,,0,H540,0,0,,1,1,91.8,0.0000,ok
S3_sizesweep_f002826.jpg,S3_sizesweep,S3_court2_sizesweep_20260815_092534,S3_sizesweep,2826,155.821,569,550,-11,0,0,46,,,0,H540,0,0,,1,1,100.0,0.0000,ok
S3_sizesweep_f002832.jpg,S3_sizesweep,S3_court2_sizesweep_20260815_092534,S3_sizesweep,2832,156.131,568,550,-11,-5,0,46,,,0,H540,0,0,,1,1,77.9,0.0000,ok
S3_sizesweep_f002838.jpg,S3_sizesweep,S3_court2_sizesweep_20260815_092534,S3_sizesweep,2838,156.547,587,550,-11,0,0,46,,,0,H540,0,0,,1,1,81.9,0.0000,ok
S3_sizesweep_f002844.jpg,S3_sizesweep,S3_court2_sizesweep_20260815_092534,S3_sizesweep,2844,156.751,571,550,-12,1,0,46,,,0,H540,0,0,,1,1,96.3,0.0000,ok
S3_sizesweep_f002850.jpg,S3_sizesweep,S3_court2_sizesweep_20260815_092534,S3_sizesweep,2850,157.046,576,550,-12,1,0,45,,,0,H540,0,0,,1,1,97.9,0.0000,ok
S3_sizesweep_f002856.jpg,S3_sizesweep,S3_court2_sizesweep_20260815_092534,S3_sizesweep,2856,157.294,576,550,-11,6,0,45,,,0,H540,0,0,,1,1,68.3,0.0000,ok
S3_sizesweep_f002862.jpg,S3_sizesweep,S3_court2_sizesweep_20260815_092534,S3_sizesweep,2862,157.660,590,560,-11,1,0,45,,,0,H540,0,0,,1,1,62.3,0.0000,ok
S3_sizesweep_f002868.jpg,S3_sizesweep,S3_court2_sizesweep_20260815_092534,S3_sizesweep,2868,157.971,565,550,-11,0,0,45,,,0,H540,0,0,,1,1,94.4,0.0000,ok
S3_sizesweep_f002874.jpg,S3_sizesweep,S3_court2_sizesweep_20260815_092534,S3_sizesweep,2874,158.200,568,550,-11,-5,0,45,,,0,H540,0,0,,1,1,61.6,0.0000,ok
S3_sizesweep_f002880.jpg,S3_sizesweep,S3_court2_sizesweep_20260815_092534,S3_sizesweep,2880,158.478,560,550,-11,-3,0,45,,,0,H540,0,0,,1,1,96.7,0.0000,ok
S3_sizesweep_f002886.jpg,S3_sizesweep,S3_court2_sizesweep_20260815_092534,S3_sizesweep,2886,158.781,558,550,-11,0,0,45,,,0,H540,0,0,,1,1,93.6,0.0000,ok
S3_sizesweep_f002892.jpg,S3_sizesweep,S3_court2_sizesweep_20260815_092534,S3_sizesweep,2892,159.093,565,550,-11,0,0,45,,,0,H540,0,0,,1,1,100.7,0.0000,ok
S3_sizesweep_f002898.jpg,S3_sizesweep,S3_court2_sizesweep_20260815_092534,S3_sizesweep,2898,159.415,563,550,-11,1,0,45,,,0,H540,0,0,,1,1,106.9,0.0000,ok
S3_sizesweep_f002904.jpg,S3_sizesweep,S3_court2_sizesweep_20260815_092534,S3_sizesweep,2904,159.713,569,550,-11,1,0,45,,,0,H540,0,0,,1,1,109.1,0.0000,ok
S3_sizesweep_f002910.jpg,S3_sizesweep,S3_court2_sizesweep_20260815_092534,S3_sizesweep,2910,160.026,571,550,-11,0,0,45,,,0,H540,0,0,,1,1,110.9,0.0000,ok
S3_sizesweep_f002916.jpg,S3_sizesweep,S3_court2_sizesweep_20260815_092534,S3_sizesweep,2916,160.335,568,550,-11,0,0,45,,,0,H540,0,0,,1,1,115.5,0.0000,ok
S3_sizesweep_f002922.jpg,S3_sizesweep,S3_court2_sizesweep_20260815_092534,S3_sizesweep,2922,160.727,581,550,-11,0,0,45,,,0,H540,0,0,,1,1,107.7,0.0000,ok
S3_sizesweep_f002928.jpg,S3_sizesweep,S3_court2_sizesweep_20260815_092534,S3_sizesweep,2928,161.033,576,560,-11,0,0,45,,,0,H540,0,0,,1,1,96.1,0.0000,ok
S3_sizesweep_f002934.jpg,S3_sizesweep,S3_court2_sizesweep_20260815_092534,S3_sizesweep,2934,161.244,586,570,-11,0,0,45,,,0,H540,0,0,,1,1,86.8,0.0000,ok
S3_sizesweep_f002940.jpg,S3_sizesweep,S3_court2_sizesweep_20260815_092534,S3_sizesweep,2940,161.551,578,570,-11,0,0,45,,,0,H540,0,0,,1,1,82.4,0.0000,ok
S3_sizesweep_f002946.jpg,S3_sizesweep,S3_court2_sizesweep_20260815_092534,S3_sizesweep,2946,161.861,596,570,-11,0,0,45,,,0,H540,0,0,,1,1,76.5,0.0000,ok
S3_sizesweep_f002952.jpg,S3_sizesweep,S3_court2_sizesweep_20260815_092534,S3_sizesweep,2952,162.203,582,570,-11,0,0,45,,,0,H540,0,0,,1,1,83.5,0.0000,ok
S3_sizesweep_f002958.jpg,S3_sizesweep,S3_court2_sizesweep_20260815_092534,S3_sizesweep,2958,162.476,589,570,-11,0,0,45,,,0,H540,0,0,,1,1,93.3,0.0000,ok
S3_sizesweep_f002964.jpg,S3_sizesweep,S3_court2_sizesweep_20260815_092534,S3_sizesweep,2964,162.777,576,570,-11,0,0,45,,,0,H540,0,0,,1,1,92.9,0.0000,ok
S3_sizesweep_f002970.jpg,S3_sizesweep,S3_court2_sizesweep_20260815_092534,S3_sizesweep,2970,163.193,576,570,-11,0,0,44,,,0,H540,0,0,,1,1,84.5,0.0000,ok
S3_sizesweep_f002976.jpg,S3_sizesweep,S3_court2_sizesweep_20260815_092534,S3_sizesweep,2976,163.515,577,570,-11,0,0,44,,,0,H540,0,0,,1,1,74.6,0.0000,ok
S3_sizesweep_f002982.jpg,S3_sizesweep,S3_court2_sizesweep_20260815_092534,S3_sizesweep,2982,163.800,596,570,-11,0,0,44,,,0,H540,0,0,,1,1,75.9,0.0000,ok
S3_sizesweep_f002988.jpg,S3_sizesweep,S3_court2_sizesweep_20260815_092534,S3_sizesweep,2988,164.003,590,570,-11,0,0,44,,,0,H540,0,0,,1,1,80.0,0.0000,ok
S3_sizesweep_f002994.jpg,S3_sizesweep,S3_court2_sizesweep_20260815_092534,S3_sizesweep,2994,164.233,595,570,-11,3,0,44,,,1,H540,0,0,,1,1,45.2,0.0000,ok
S3_sizesweep_f003000.jpg,S3_sizesweep,S3_court2_sizesweep_20260815_092534,S3_sizesweep,3000,164.535,598,570,-11,6,0,44,,,1,H540,0,0,,1,1,61.1,0.0000,ok
S3_sizesweep_f003006.jpg,S3_sizesweep,S3_court2_sizesweep_20260815_092534,S3_sizesweep,3006,164.931,591,570,-11,0,0,44,,,1,H540,0,0,,1,1,56.8,0.0000,ok
S3_sizesweep_f003012.jpg,S3_sizesweep,S3_court2_sizesweep_20260815_092534,S3_sizesweep,3012,165.144,597,570,-11,-1,0,44,,,1,H540,0,0,,1,1,66.9,0.0000,ok
S3_sizesweep_f003018.jpg,S3_sizesweep,S3_court2_sizesweep_20260815_092534,S3_sizesweep,3018,165.448,586,570,-11,-1,0,44,,,1,H540,0,0,,1,1,73.7,0.0000,ok
S3_sizesweep_f003024.jpg,S3_sizesweep,S3_court2_sizesweep_20260815_092534,S3_sizesweep,3024,165.752,599,570,-11,0,0,44,,,1,H540,0,0,,1,1,81.7,0.0000,ok
S3_sizesweep_f003030.jpg,S3_sizesweep,S3_court2_sizesweep_20260815_092534,S3_sizesweep,3030,166.094,598,570,-11,-2,0,44,,,1,H540,0,0,,1,1,49.8,0.0000,ok
S3_sizesweep_f003036.jpg,S3_sizesweep,S3_court2_sizesweep_20260815_092534,S3_sizesweep,3036,166.482,594,570,-11,0,0,44,,,1,H540,0,0,,1,1,73.5,0.0000,ok
S3_sizesweep_f003042.jpg,S3_sizesweep,S3_court2_sizesweep_20260815_092534,S3_sizesweep,3042,166.717,586,570,-11,0,0,44,,,1,H540,0,0,,1,1,67.7,0.0000,ok
S3_sizesweep_f003048.jpg,S3_sizesweep,S3_court2_sizesweep_20260815_092534,S3_sizesweep,3048,166.999,588,570,-11,0,0,44,,,1,H540,0,0,,1,1,72.1,0.0000,ok
S3_sizesweep_f003054.jpg,S3_sizesweep,S3_court2_sizesweep_20260815_092534,S3_sizesweep,3054,167.381,594,570,-11,0,0,44,,,1,transitional,,,,0,1,74.7,0.0000,ok
S3_sizesweep_f003060.jpg,S3_sizesweep,S3_court2_sizesweep_20260815_092534,S3_sizesweep,3060,167.694,595,570,-11,0,0,44,,,1,transitional,,,,0,1,72.0,0.0000,ok
S3_sizesweep_f003066.jpg,S3_sizesweep,S3_court2_sizesweep_20260815_092534,S3_sizesweep,3066,167.933,595,570,-11,0,0,44,,,1,transitional,,,,0,1,73.3,0.0000,ok
S3_sizesweep_f003072.jpg,S3_sizesweep,S3_court2_sizesweep_20260815_092534,S3_sizesweep,3072,168.311,588,570,-11,0,0,44,,,1,transitional,,,,0,1,71.8,0.0000,ok
S3_sizesweep_f003078.jpg,S3_sizesweep,S3_court2_sizesweep_20260815_092534,S3_sizesweep,3078,168.623,596,570,-11,0,0,44,,,1,transitional,,,,0,1,70.9,0.0000,ok
S3_sizesweep_f003084.jpg,S3_sizesweep,S3_court2_sizesweep_20260815_092534,S3_sizesweep,3084,168.935,600,570,-11,0,0,44,,,1,transitional,,,,0,1,68.2,0.0000,ok
S3_sizesweep_f003090.jpg,S3_sizesweep,S3_court2_sizesweep_20260815_092534,S3_sizesweep,3090,169.432,580,580,-11,0,-1,44,,,1,transitional,,,,0,1,66.7,0.0000,ok
S3_sizesweep_f003096.jpg,S3_sizesweep,S3_court2_sizesweep_20260815_092534,S3_sizesweep,3096,169.734,,570,-11,0,0,44,,,1,transitional,,,,0,1,67.7,0.0000,ok
S3_sizesweep_f003102.jpg,S3_sizesweep,S3_court2_sizesweep_20260815_092534,S3_sizesweep,3102,169.976,587,570,-11,0,0,44,,,1,transitional,,,,0,1,70.4,0.0000,ok
S3_sizesweep_f003108.jpg,S3_sizesweep,S3_court2_sizesweep_20260815_092534,S3_sizesweep,3108,170.352,597,570,-11,0,0,44,,,0,transitional,,,,0,1,67.5,0.0000,ok
S3_sizesweep_f003114.jpg,S3_sizesweep,S3_court2_sizesweep_20260815_092534,S3_sizesweep,3114,170.668,592,570,-11,0,0,44,,,0,transitional,,,,0,1,74.3,0.0000,ok
S3_sizesweep_f003120.jpg,S3_sizesweep,S3_court2_sizesweep_20260815_092534,S3_sizesweep,3120,170.970,590,570,-11,0,0,43,,,0,transitional,,,,0,1,71.1,0.0000,ok
S3_sizesweep_f003126.jpg,S3_sizesweep,S3_court2_sizesweep_20260815_092534,S3_sizesweep,3126,171.277,590,570,-11,0,0,43,,,0,transitional,,,,0,1,70.2,0.0000,ok
S3_sizesweep_f003132.jpg,S3_sizesweep,S3_court2_sizesweep_20260815_092534,S3_sizesweep,3132,171.518,597,570,-11,0,0,43,,,0,transitional,,,,0,1,69.9,0.0000,ok
S3_sizesweep_f003138.jpg,S3_sizesweep,S3_court2_sizesweep_20260815_092534,S3_sizesweep,3138,171.898,579,570,-11,0,-1,43,,,0,transitional,,,,0,1,74.4,0.0000,ok
S3_sizesweep_f003144.jpg,S3_sizesweep,S3_court2_sizesweep_20260815_092534,S3_sizesweep,3144,172.199,592,570,-11,0,0,43,,,0,transitional,,,,0,1,71.3,0.0000,ok
S3_sizesweep_f003150.jpg,S3_sizesweep,S3_court2_sizesweep_20260815_092534,S3_sizesweep,3150,172.425,598,570,-11,0,0,43,,,0,transitional,,,,0,1,71.1,0.0000,ok
S3_sizesweep_f003156.jpg,S3_sizesweep,S3_court2_sizesweep_20260815_092534,S3_sizesweep,3156,172.821,594,570,-11,0,0,43,,,0,transitional,,,,0,1,70.8,0.0000,ok
S3_sizesweep_f003162.jpg,S3_sizesweep,S3_court2_sizesweep_20260815_092534,S3_sizesweep,3162,173.152,580,570,-11,0,0,43,,,0,transitional,,,,0,1,72.0,0.0000,ok
S3_sizesweep_f003168.jpg,S3_sizesweep,S3_court2_sizesweep_20260815_092534,S3_sizesweep,3168,173.449,574,570,-11,0,0,43,,,0,transitional,,,,0,1,72.2,0.0000,ok
S3_sizesweep_f003174.jpg,S3_sizesweep,S3_court2_sizesweep_20260815_092534,S3_sizesweep,3174,173.762,589,570,-11,1,-1,43,,,0,transitional,,,,0,1,69.7,0.0000,ok
S3_sizesweep_f003180.jpg,S3_sizesweep,S3_court2_sizesweep_20260815_092534,S3_sizesweep,3180,174.044,590,570,-11,0,0,43,,,0,transitional,,,,0,1,62.8,0.0000,ok
S3_sizesweep_f003186.jpg,S3_sizesweep,S3_court2_sizesweep_20260815_092534,S3_sizesweep,3186,174.258,590,570,-11,0,0,43,,,0,transitional,,,,0,1,65.7,0.0000,ok
S3_sizesweep_f003192.jpg,S3_sizesweep,S3_court2_sizesweep_20260815_092534,S3_sizesweep,3192,174.668,586,570,-11,0,0,43,,,0,transitional,,,,0,1,63.6,0.0000,ok
S3_sizesweep_f003198.jpg,S3_sizesweep,S3_court2_sizesweep_20260815_092534,S3_sizesweep,3198,174.978,587,570,-11,0,0,42,,,0,transitional,,,,0,1,68.5,0.0000,ok
S3_sizesweep_f003204.jpg,S3_sizesweep,S3_court2_sizesweep_20260815_092534,S3_sizesweep,3204,175.412,599,570,-11,0,0,42,,,0,transitional,,,,0,1,67.6,0.0000,ok
S3_sizesweep_f003210.jpg,S3_sizesweep,S3_court2_sizesweep_20260815_092534,S3_sizesweep,3210,175.703,581,570,-11,0,0,42,,,0,transitional,,,,0,1,65.1,0.0000,ok
S3_sizesweep_f003216.jpg,S3_sizesweep,S3_court2_sizesweep_20260815_092534,S3_sizesweep,3216,175.912,583,570,-11,0,0,42,,,0,transitional,,,,0,1,70.7,0.0000,ok
S3_sizesweep_f003222.jpg,S3_sizesweep,S3_court2_sizesweep_20260815_092534,S3_sizesweep,3222,176.212,582,570,-11,0,0,42,,,0,transitional,,,,0,1,68.4,0.0000,ok
S3_sizesweep_f003228.jpg,S3_sizesweep,S3_court2_sizesweep_20260815_092534,S3_sizesweep,3228,176.518,575,570,-11,0,0,42,,,0,transitional,,,,0,1,70.2,0.0000,ok
S3_sizesweep_f003234.jpg,S3_sizesweep,S3_court2_sizesweep_20260815_092534,S3_sizesweep,3234,176.845,590,570,-11,0,0,42,,,0,transitional,,,,0,1,66.0,0.0000,ok
S3_sizesweep_f003240.jpg,S3_sizesweep,S3_court2_sizesweep_20260815_092534,S3_sizesweep,3240,177.234,586,570,-11,0,0,42,,,0,transitional,,,,0,1,70.0,0.0000,ok
S3_sizesweep_f003246.jpg,S3_sizesweep,S3_court2_sizesweep_20260815_092534,S3_sizesweep,3246,177.552,592,570,-11,0,0,42,,,0,transitional,,,,0,1,69.5,0.0000,ok
S3_sizesweep_f003252.jpg,S3_sizesweep,S3_court2_sizesweep_20260815_092534,S3_sizesweep,3252,177.868,587,570,-11,0,0,42,,,0,transitional,,,,0,1,64.5,0.0000,ok
S3_sizesweep_f003258.jpg,S3_sizesweep,S3_court2_sizesweep_20260815_092534,S3_sizesweep,3258,178.135,587,570,-11,0,0,42,,,0,transitional,,,,0,1,62.2,0.0000,ok
S3_sizesweep_f003264.jpg,S3_sizesweep,S3_court2_sizesweep_20260815_092534,S3_sizesweep,3264,178.445,583,570,-11,0,-1,42,,,0,transitional,,,,0,1,62.4,0.0000,ok
S3_sizesweep_f003270.jpg,S3_sizesweep,S3_court2_sizesweep_20260815_092534,S3_sizesweep,3270,178.760,586,570,-11,0,-1,42,,,0,transitional,,,,0,1,59.9,0.0000,ok
S3_sizesweep_f003276.jpg,S3_sizesweep,S3_court2_sizesweep_20260815_092534,S3_sizesweep,3276,179.164,586,570,-11,1,0,42,,,0,transitional,,,,0,1,63.9,0.0000,ok
S3_sizesweep_f003282.jpg,S3_sizesweep,S3_court2_sizesweep_20260815_092534,S3_sizesweep,3282,179.403,,570,-11,1,0,42,,,0,transitional,,,,0,1,63.5,0.0000,ok
S3_sizesweep_f003288.jpg,S3_sizesweep,S3_court2_sizesweep_20260815_092534,S3_sizesweep,3288,179.678,600,570,-11,1,0,42,,,0,transitional,,,,0,1,69.2,0.0000,ok
S3_sizesweep_f003294.jpg,S3_sizesweep,S3_court2_sizesweep_20260815_092534,S3_sizesweep,3294,179.985,597,580,-11,1,0,42,,,0,transitional,,,,0,1,61.8,0.0000,ok
S3_sizesweep_f003300.jpg,S3_sizesweep,S3_court2_sizesweep_20260815_092534,S3_sizesweep,3300,180.305,,580,-11,0,-1,42,,,0,transitional,,,,0,1,62.7,0.0000,ok
S3_sizesweep_f003306.jpg,S3_sizesweep,S3_court2_sizesweep_20260815_092534,S3_sizesweep,3306,180.696,594,570,-11,0,0,42,,,0,transitional,,,,0,1,65.0,0.0000,ok
S3_sizesweep_f003312.jpg,S3_sizesweep,S3_court2_sizesweep_20260815_092534,S3_sizesweep,3312,180.911,588,570,-11,0,-1,41,,,0,transitional,,,,0,1,63.4,0.0000,ok
S3_sizesweep_f003318.jpg,S3_sizesweep,S3_court2_sizesweep_20260815_092534,S3_sizesweep,3318,181.220,586,570,-11,0,-1,41,,,0,transitional,,,,0,1,65.9,0.0000,ok
S3_sizesweep_f003324.jpg,S3_sizesweep,S3_court2_sizesweep_20260815_092534,S3_sizesweep,3324,181.535,594,570,-11,0,0,41,,,0,transitional,,,,0,1,74.2,0.0000,ok
S3_sizesweep_f003330.jpg,S3_sizesweep,S3_court2_sizesweep_20260815_092534,S3_sizesweep,3330,181.832,588,570,-11,0,0,41,,,0,transitional,,,,0,1,73.3,0.0000,ok
S3_sizesweep_f003336.jpg,S3_sizesweep,S3_court2_sizesweep_20260815_092534,S3_sizesweep,3336,182.129,579,570,-11,0,0,41,,,0,transitional,,,,0,1,77.1,0.0000,ok
S3_sizesweep_f003342.jpg,S3_sizesweep,S3_court2_sizesweep_20260815_092534,S3_sizesweep,3342,182.365,578,570,-11,0,0,41,,,0,transitional,,,,0,1,78.3,0.0000,ok
S3_sizesweep_f003348.jpg,S3_sizesweep,S3_court2_sizesweep_20260815_092534,S3_sizesweep,3348,182.668,584,570,-11,0,-1,41,,,0,transitional,,,,0,1,72.1,0.0000,ok
S3_sizesweep_f003354.jpg,S3_sizesweep,S3_court2_sizesweep_20260815_092534,S3_sizesweep,3354,183.051,586,570,-11,0,-1,41,,,0,transitional,,,,0,1,71.9,0.0000,ok
S3_sizesweep_f003360.jpg,S3_sizesweep,S3_court2_sizesweep_20260815_092534,S3_sizesweep,3360,183.370,594,570,-11,0,-1,41,,,0,transitional,,,,0,1,65.9,0.0000,ok
S3_sizesweep_f003366.jpg,S3_sizesweep,S3_court2_sizesweep_20260815_092534,S3_sizesweep,3366,183.671,,570,-11,0,-1,41,,,0,transitional,,,,0,1,72.3,0.0000,ok
S3_sizesweep_f003372.jpg,S3_sizesweep,S3_court2_sizesweep_20260815_092534,S3_sizesweep,3372,183.909,595,570,-11,0,-1,41,,,0,transitional,,,,0,1,69.5,0.0000,ok
S3_sizesweep_f003378.jpg,S3_sizesweep,S3_court2_sizesweep_20260815_092534,S3_sizesweep,3378,184.294,,570,-11,0,-1,41,,,0,transitional,,,,0,1,73.4,0.0000,ok
S3_sizesweep_f003384.jpg,S3_sizesweep,S3_court2_sizesweep_20260815_092534,S3_sizesweep,3384,184.610,583,570,-11,0,0,41,,,0,transitional,,,,0,1,69.2,0.0000,ok
S3_sizesweep_f003390.jpg,S3_sizesweep,S3_court2_sizesweep_20260815_092534,S3_sizesweep,3390,184.994,581,570,-11,0,0,40,,,0,transitional,,,,0,1,68.5,0.0000,ok
S3_sizesweep_f003396.jpg,S3_sizesweep,S3_court2_sizesweep_20260815_092534,S3_sizesweep,3396,185.234,587,570,-11,0,0,40,,,1,transitional,,,,0,1,61.0,0.0000,ok
S3_sizesweep_f003402.jpg,S3_sizesweep,S3_court2_sizesweep_20260815_092534,S3_sizesweep,3402,185.615,589,570,-11,0,0,40,,,1,transitional,,,,0,1,71.5,0.0000,ok
S3_sizesweep_f003408.jpg,S3_sizesweep,S3_court2_sizesweep_20260815_092534,S3_sizesweep,3408,185.944,587,570,-11,0,0,40,,,1,transitional,,,,0,1,65.5,0.0000,ok
S3_sizesweep_f003414.jpg,S3_sizesweep,S3_court2_sizesweep_20260815_092534,S3_sizesweep,3414,186.336,593,570,-11,0,0,40,,,1,transitional,,,,0,1,64.1,0.0000,ok
S3_sizesweep_f003420.jpg,S3_sizesweep,S3_court2_sizesweep_20260815_092534,S3_sizesweep,3420,186.544,,570,-11,0,-1,40,,,1,transitional,,,,0,1,66.8,0.0000,ok
S3_sizesweep_f003426.jpg,S3_sizesweep,S3_court2_sizesweep_20260815_092534,S3_sizesweep,3426,186.853,578,570,-11,0,-1,40,,,1,transitional,,,,0,1,68.7,0.0000,ok
S3_sizesweep_f003432.jpg,S3_sizesweep,S3_court2_sizesweep_20260815_092534,S3_sizesweep,3432,187.145,596,570,-11,0,0,40,,,1,transitional,,,,0,1,67.4,0.0000,ok
S3_sizesweep_f003438.jpg,S3_sizesweep,S3_court2_sizesweep_20260815_092534,S3_sizesweep,3438,187.456,591,570,-11,1,0,40,,,1,transitional,,,,0,1,63.5,0.0000,ok
S3_sizesweep_f003444.jpg,S3_sizesweep,S3_court2_sizesweep_20260815_092534,S3_sizesweep,3444,187.869,591,570,-11,0,0,40,,,1,transitional,,,,0,1,61.7,0.0000,ok
S3_sizesweep_f003450.jpg,S3_sizesweep,S3_court2_sizesweep_20260815_092534,S3_sizesweep,3450,188.169,584,570,-11,1,0,40,,,1,H480_descent,0,0,,1,1,63.1,0.0000,ok
S3_sizesweep_f003456.jpg,S3_sizesweep,S3_court2_sizesweep_20260815_092534,S3_sizesweep,3456,188.410,588,570,-11,0,0,40,,,1,H480_descent,0,0,,1,1,59.3,0.0000,ok
S3_sizesweep_f003462.jpg,S3_sizesweep,S3_court2_sizesweep_20260815_092534,S3_sizesweep,3462,188.715,592,570,-11,1,0,40,,,1,H480_descent,0,0,,1,1,59.4,0.0000,ok
S3_sizesweep_f003468.jpg,S3_sizesweep,S3_court2_sizesweep_20260815_092534,S3_sizesweep,3468,189.094,581,570,-11,0,0,40,,,1,H480_descent,0,0,,1,1,58.6,0.0000,ok
S3_sizesweep_f003474.jpg,S3_sizesweep,S3_court2_sizesweep_20260815_092534,S3_sizesweep,3474,189.501,596,570,-11,0,0,40,,,1,H480_descent,0,0,,1,1,69.2,0.0000,ok
S3_sizesweep_f003480.jpg,S3_sizesweep,S3_court2_sizesweep_20260815_092534,S3_sizesweep,3480,189.728,592,570,-11,0,0,40,,,1,H480_descent,0,0,,1,1,67.4,0.0000,ok
S3_sizesweep_f003486.jpg,S3_sizesweep,S3_court2_sizesweep_20260815_092534,S3_sizesweep,3486,190.226,,570,-11,0,0,40,,,1,H480_descent,0,0,,1,1,67.7,0.0000,ok
S3_sizesweep_f003492.jpg,S3_sizesweep,S3_court2_sizesweep_20260815_092534,S3_sizesweep,3492,190.628,589,570,-11,0,0,40,,,1,H480_descent,0,0,,1,1,61.9,0.0000,ok
S3_sizesweep_f003498.jpg,S3_sizesweep,S3_court2_sizesweep_20260815_092534,S3_sizesweep,3498,191.469,591,570,-11,0,0,40,,,0,H480_descent,0,0,,1,1,64.9,0.0000,ok
S3_sizesweep_f003504.jpg,S3_sizesweep,S3_court2_sizesweep_20260815_092534,S3_sizesweep,3504,191.862,582,570,-11,0,0,40,,,0,H480_descent,0,0,,1,1,61.0,0.0000,ok
S3_sizesweep_f003510.jpg,S3_sizesweep,S3_court2_sizesweep_20260815_092534,S3_sizesweep,3510,192.094,586,570,-11,0,0,40,,,0,H480_descent,0,0,,1,1,66.3,0.0000,ok
S3_sizesweep_f003516.jpg,S3_sizesweep,S3_court2_sizesweep_20260815_092534,S3_sizesweep,3516,192.394,586,570,-11,0,0,40,,,0,H480_descent,0,0,,1,1,63.3,0.0000,ok
S3_sizesweep_f003522.jpg,S3_sizesweep,S3_court2_sizesweep_20260815_092534,S3_sizesweep,3522,192.701,600,570,-11,0,0,40,,,0,H480_descent,0,0,,1,1,72.1,0.0000,ok
S3_sizesweep_f003528.jpg,S3_sizesweep,S3_court2_sizesweep_20260815_092534,S3_sizesweep,3528,193.002,585,570,-11,0,0,40,,,0,H480_descent,0,0,,1,1,71.0,0.0000,ok
S3_sizesweep_f003534.jpg,S3_sizesweep,S3_court2_sizesweep_20260815_092534,S3_sizesweep,3534,193.401,591,570,-11,0,0,40,,,0,H480_descent,0,0,,1,1,74.9,0.0000,ok
S3_sizesweep_f003540.jpg,S3_sizesweep,S3_court2_sizesweep_20260815_092534,S3_sizesweep,3540,193.728,583,570,-11,0,0,40,,,0,H480_descent,0,0,,1,1,63.7,0.0000,ok
S3_sizesweep_f003546.jpg,S3_sizesweep,S3_court2_sizesweep_20260815_092534,S3_sizesweep,3546,194.113,587,570,-11,0,0,40,,,0,H480_descent,0,0,,1,1,66.3,0.0000,ok
S3_sizesweep_f003552.jpg,S3_sizesweep,S3_court2_sizesweep_20260815_092534,S3_sizesweep,3552,194.655,598,570,-11,0,0,40,,,0,H480_descent,0,0,,1,1,70.2,0.0000,ok
S3_sizesweep_f003558.jpg,S3_sizesweep,S3_court2_sizesweep_20260815_092534,S3_sizesweep,3558,194.970,585,570,-11,1,0,39,,,0,H480_descent,0,0,,1,1,64.4,0.0000,ok
S3_sizesweep_f003564.jpg,S3_sizesweep,S3_court2_sizesweep_20260815_092534,S3_sizesweep,3564,195.277,589,570,-11,1,0,39,,,0,H480_descent,0,0,,1,1,70.1,0.0000,ok
S3_sizesweep_f003570.jpg,S3_sizesweep,S3_court2_sizesweep_20260815_092534,S3_sizesweep,3570,195.661,571,560,-11,0,0,39,,,0,H480_descent,0,0,,1,1,92.7,0.0000,ok
S3_sizesweep_f003576.jpg,S3_sizesweep,S3_court2_sizesweep_20260815_092534,S3_sizesweep,3576,195.970,571,550,-11,0,0,39,,,0,H480_descent,0,0,,1,1,88.0,0.0000,ok
S3_sizesweep_f003582.jpg,S3_sizesweep,S3_court2_sizesweep_20260815_092534,S3_sizesweep,3582,196.194,560,540,-11,0,0,39,,,0,H480_descent,0,0,,1,1,91.4,0.0000,ok
S3_sizesweep_f003588.jpg,S3_sizesweep,S3_court2_sizesweep_20260815_092534,S3_sizesweep,3588,196.403,559,530,-11,0,0,39,,,0,H480_descent,0,0,,1,1,97.5,0.0000,ok
S3_sizesweep_f003594.jpg,S3_sizesweep,S3_court2_sizesweep_20260815_092534,S3_sizesweep,3594,196.686,553,530,-11,0,0,39,,,0,H480_descent,0,0,,1,1,108.4,0.0000,ok
S3_sizesweep_f003600.jpg,S3_sizesweep,S3_court2_sizesweep_20260815_092534,S3_sizesweep,3600,197.102,548,530,-11,0,0,39,,,0,H480_descent,0,0,,1,1,110.3,0.0000,ok
S3_sizesweep_f003606.jpg,S3_sizesweep,S3_court2_sizesweep_20260815_092534,S3_sizesweep,3606,197.405,537,520,-11,0,0,39,,,0,H480_descent,0,0,,1,1,114.6,0.0000,ok
S3_sizesweep_f003612.jpg,S3_sizesweep,S3_court2_sizesweep_20260815_092534,S3_sizesweep,3612,197.692,527,510,-11,0,0,39,,,0,H480_descent,0,0,,1,1,113.0,0.0000,ok
S3_sizesweep_f003618.jpg,S3_sizesweep,S3_court2_sizesweep_20260815_092534,S3_sizesweep,3618,198.003,515,500,-11,0,1,38,,,0,H480_descent,0,0,,1,1,108.8,0.0000,ok
S3_sizesweep_f003624.jpg,S3_sizesweep,S3_court2_sizesweep_20260815_092534,S3_sizesweep,3624,198.228,500,490,-11,0,0,38,,,0,H480_descent,0,0,,1,1,107.8,0.0000,ok
S3_sizesweep_f003630.jpg,S3_sizesweep,S3_court2_sizesweep_20260815_092534,S3_sizesweep,3630,198.621,488,470,-11,0,1,38,,,0,H480_descent,0,0,,1,1,113.0,0.0000,ok
S3_sizesweep_f003636.jpg,S3_sizesweep,S3_court2_sizesweep_20260815_092534,S3_sizesweep,3636,198.935,474,470,-11,0,1,38,,,0,H480_descent,0,0,,1,1,111.2,0.0000,ok
S3_sizesweep_f003642.jpg,S3_sizesweep,S3_court2_sizesweep_20260815_092534,S3_sizesweep,3642,199.337,462,450,-11,0,1,38,,,0,H480_descent,0,0,,1,1,114.7,0.0000,ok
S3_sizesweep_f003648.jpg,S3_sizesweep,S3_court2_sizesweep_20260815_092534,S3_sizesweep,3648,199.535,453,440,-11,0,1,38,,,0,H480_descent,0,0,,1,1,115.3,0.0000,ok
S3_sizesweep_f003654.jpg,S3_sizesweep,S3_court2_sizesweep_20260815_092534,S3_sizesweep,3654,199.769,452,440,-11,0,1,38,,,0,H480_descent,0,0,,1,1,109.0,0.0000,ok
S3_sizesweep_f003660.jpg,S3_sizesweep,S3_court2_sizesweep_20260815_092534,S3_sizesweep,3660,200.070,432,430,-11,0,1,38,,,0,H480_descent,0,0,,1,1,120.2,0.0000,ok
S3_sizesweep_f003666.jpg,S3_sizesweep,S3_court2_sizesweep_20260815_092534,S3_sizesweep,3666,200.494,447,420,-11,0,1,38,,,0,H480_descent,0,0,,1,1,118.2,0.0000,ok
S3_sizesweep_f003672.jpg,S3_sizesweep,S3_court2_sizesweep_20260815_092534,S3_sizesweep,3672,200.778,444,420,-11,-1,1,38,,,0,H480_descent,0,0,,1,1,114.1,0.0000,ok
S3_sizesweep_f003678.jpg,S3_sizesweep,S3_court2_sizesweep_20260815_092534,S3_sizesweep,3678,201.094,442,430,-11,-1,1,38,,,0,H480_descent,0,0,,1,1,124.8,0.0000,ok
S3_sizesweep_f003684.jpg,S3_sizesweep,S3_court2_sizesweep_20260815_092534,S3_sizesweep,3684,201.403,445,430,-11,-1,1,38,,,0,H480_descent,0,0,,1,1,138.2,0.0000,ok
S3_sizesweep_f003690.jpg,S3_sizesweep,S3_court2_sizesweep_20260815_092534,S3_sizesweep,3690,201.795,450,430,-11,0,1,38,,,0,H480_descent,0,0,,1,1,126.7,0.0000,ok
S3_sizesweep_f003696.jpg,S3_sizesweep,S3_court2_sizesweep_20260815_092534,S3_sizesweep,3696,203.266,453,430,-11,0,1,38,,,0,H480_descent,0,0,,1,1,127.3,0.0000,ok
S3_sizesweep_f003702.jpg,S3_sizesweep,S3_court2_sizesweep_20260815_092534,S3_sizesweep,3702,203.538,463,430,-11,0,1,38,,,0,H480_descent,0,0,,1,1,123.5,0.0000,ok
S3_sizesweep_f003708.jpg,S3_sizesweep,S3_court2_sizesweep_20260815_092534,S3_sizesweep,3708,203.845,452,430,-11,0,1,38,,,0,H480_descent,0,0,,1,1,121.7,0.0000,ok
S3_sizesweep_f003714.jpg,S3_sizesweep,S3_court2_sizesweep_20260815_092534,S3_sizesweep,3714,204.153,440,430,-11,0,0,38,,,0,H480_descent,0,0,,1,1,118.7,0.0000,ok
S3_sizesweep_f003720.jpg,S3_sizesweep,S3_court2_sizesweep_20260815_092534,S3_sizesweep,3720,204.562,446,430,-11,-1,0,38,,,0,H480_descent,0,0,,1,1,132.1,0.0000,ok
S3_sizesweep_f003726.jpg,S3_sizesweep,S3_court2_sizesweep_20260815_092534,S3_sizesweep,3726,204.798,439,420,-11,-1,1,38,,,0,H480_descent,0,0,,1,1,125.8,0.0000,ok
S3_sizesweep_f003732.jpg,S3_sizesweep,S3_court2_sizesweep_20260815_092534,S3_sizesweep,3732,205.090,442,420,-11,0,1,37,,,0,H480_descent,0,0,,1,1,133.1,0.0000,ok
S3_sizesweep_f003738.jpg,S3_sizesweep,S3_court2_sizesweep_20260815_092534,S3_sizesweep,3738,205.478,443,420,-11,-1,1,37,,,0,H480_descent,0,0,,1,1,130.4,0.0000,ok
S3_sizesweep_f003744.jpg,S3_sizesweep,S3_court2_sizesweep_20260815_092534,S3_sizesweep,3744,205.802,437,420,-11,-1,1,37,,,0,H480_descent,0,0,,1,1,129.6,0.0000,ok
S3_sizesweep_f003750.jpg,S3_sizesweep,S3_court2_sizesweep_20260815_092534,S3_sizesweep,3750,206.111,437,420,-11,-1,1,37,,,0,H480_descent,0,0,,1,1,125.0,0.0000,ok
S3_sizesweep_f003756.jpg,S3_sizesweep,S3_court2_sizesweep_20260815_092534,S3_sizesweep,3756,206.434,426,410,-11,0,1,37,,,0,H480_descent,0,0,,1,1,124.9,0.0000,ok
S3_sizesweep_f003762.jpg,S3_sizesweep,S3_court2_sizesweep_20260815_092534,S3_sizesweep,3762,206.744,400,400,-11,0,0,37,,,0,H480_descent,0,0,,1,1,117.5,0.0000,ok
S3_sizesweep_f003768.jpg,S3_sizesweep,S3_court2_sizesweep_20260815_092534,S3_sizesweep,3768,207.127,395,380,-11,0,0,37,,,1,H480_descent,0,0,,1,1,114.1,0.0000,ok
S3_sizesweep_f003774.jpg,S3_sizesweep,S3_court2_sizesweep_20260815_092534,S3_sizesweep,3774,207.531,390,370,-11,-2,1,37,,,1,H480_descent,0,0,,1,1,112.1,0.0000,ok
S3_sizesweep_f003780.jpg,S3_sizesweep,S3_court2_sizesweep_20260815_092534,S3_sizesweep,3780,207.828,386,370,-11,-1,1,37,,,1,H480_descent,0,0,,1,1,138.0,0.0000,ok
S3_sizesweep_f003786.jpg,S3_sizesweep,S3_court2_sizesweep_20260815_092534,S3_sizesweep,3786,208.062,380,360,-11,-1,1,37,,,1,H480_descent,0,0,,1,1,132.5,0.0000,ok
S3_sizesweep_f003792.jpg,S3_sizesweep,S3_court2_sizesweep_20260815_092534,S3_sizesweep,3792,208.449,370,350,-11,-1,0,37,,,1,H480_descent,0,0,,1,1,135.1,0.0000,ok
S3_sizesweep_f003798.jpg,S3_sizesweep,S3_court2_sizesweep_20260815_092534,S3_sizesweep,3798,208.754,356,340,-11,-1,0,37,,,1,H480_descent,0,0,,1,1,142.4,0.0000,ok
S3_sizesweep_f003804.jpg,S3_sizesweep,S3_court2_sizesweep_20260815_092534,S3_sizesweep,3804,209.055,360,340,-11,-1,0,37,,,1,H480_descent,0,0,,1,1,149.9,0.0000,ok
S3_sizesweep_f003810.jpg,S3_sizesweep,S3_court2_sizesweep_20260815_092534,S3_sizesweep,3810,209.294,364,340,-11,-1,0,37,,,1,H480_descent,0,0,,1,1,147.6,0.0000,ok
S3_sizesweep_f003816.jpg,S3_sizesweep,S3_court2_sizesweep_20260815_092534,S3_sizesweep,3816,209.676,363,340,-11,-1,0,37,,,1,H480_descent,0,0,,1,1,142.2,0.0000,ok
S3_sizesweep_f003822.jpg,S3_sizesweep,S3_court2_sizesweep_20260815_092534,S3_sizesweep,3822,209.987,358,340,-11,-1,0,37,,,1,transitional,,,,0,1,135.0,0.0000,ok
S3_sizesweep_f003828.jpg,S3_sizesweep,S3_court2_sizesweep_20260815_092534,S3_sizesweep,3828,210.409,363,340,-11,-1,0,37,,,1,transitional,,,,0,1,139.6,0.0000,ok
S3_sizesweep_f003834.jpg,S3_sizesweep,S3_court2_sizesweep_20260815_092534,S3_sizesweep,3834,210.721,360,340,-11,-1,0,37,,,1,transitional,,,,0,1,144.1,0.0000,ok
S3_sizesweep_f003840.jpg,S3_sizesweep,S3_court2_sizesweep_20260815_092534,S3_sizesweep,3840,211.019,355,340,-11,0,0,36,,,1,transitional,,,,0,1,146.8,0.0000,ok
S3_sizesweep_f003846.jpg,S3_sizesweep,S3_court2_sizesweep_20260815_092534,S3_sizesweep,3846,211.336,369,340,-11,-1,0,36,,,1,transitional,,,,0,1,153.6,0.0000,ok
S3_sizesweep_f003852.jpg,S3_sizesweep,S3_court2_sizesweep_20260815_092534,S3_sizesweep,3852,211.826,356,340,-11,-1,1,36,,,1,transitional,,,,0,1,145.1,0.0000,ok
S3_sizesweep_f003858.jpg,S3_sizesweep,S3_court2_sizesweep_20260815_092534,S3_sizesweep,3858,212.130,354,340,-11,0,1,36,,,1,transitional,,,,0,1,137.7,0.0000,ok
S3_sizesweep_f003864.jpg,S3_sizesweep,S3_court2_sizesweep_20260815_092534,S3_sizesweep,3864,212.346,349,330,-11,0,1,36,,,1,transitional,,,,0,1,133.7,0.0000,ok
S3_sizesweep_f003870.jpg,S3_sizesweep,S3_court2_sizesweep_20260815_092534,S3_sizesweep,3870,212.649,324,330,-11,0,1,36,,,1,transitional,,,,0,1,123.9,0.0000,ok
S3_sizesweep_f003876.jpg,S3_sizesweep,S3_court2_sizesweep_20260815_092534,S3_sizesweep,3876,213.082,288,290,-11,-1,1,36,,,0,transitional,,,,0,1,122.9,0.0000,ok
S3_sizesweep_f003882.jpg,S3_sizesweep,S3_court2_sizesweep_20260815_092534,S3_sizesweep,3882,213.467,213,230,-11,-1,1,36,,,0,transitional,,,,0,1,126.6,0.0000,ok
S3_sizesweep_f003888.jpg,S3_sizesweep,S3_court2_sizesweep_20260815_092534,S3_sizesweep,3888,213.768,186,200,-11,-1,0,36,,,0,transitional,,,,0,1,116.7,0.0000,ok
S3_sizesweep_f003894.jpg,S3_sizesweep,S3_court2_sizesweep_20260815_092534,S3_sizesweep,3894,214.075,154,160,-10,-1,1,35,,,0,transitional,,,,0,1,106.2,0.0000,ok
S3_sizesweep_f003900.jpg,S3_sizesweep,S3_court2_sizesweep_20260815_092534,S3_sizesweep,3900,214.385,117,110,-10,0,0,35,,,0,transitional,,,,0,1,102.6,0.0000,ok
S3_sizesweep_f003906.jpg,S3_sizesweep,S3_court2_sizesweep_20260815_092534,S3_sizesweep,3906,214.795,98,80,-11,0,1,35,,,0,transitional,,,,0,1,95.6,0.0000,ok
S3_sizesweep_f003912.jpg,S3_sizesweep,S3_court2_sizesweep_20260815_092534,S3_sizesweep,3912,215.031,87,60,-11,0,1,35,,,0,transitional,,,,0,1,106.2,0.0000,ok
S3_sizesweep_f003918.jpg,S3_sizesweep,S3_court2_sizesweep_20260815_092534,S3_sizesweep,3918,215.305,81,60,-11,-1,1,35,,,0,transitional,,,,0,1,117.0,0.0000,ok
S3_sizesweep_f003924.jpg,S3_sizesweep,S3_court2_sizesweep_20260815_092534,S3_sizesweep,3924,215.527,75,50,-11,0,0,35,,,0,transitional,,,,0,1,128.2,0.0000,ok
S3_sizesweep_f003930.jpg,S3_sizesweep,S3_court2_sizesweep_20260815_092534,S3_sizesweep,3930,215.931,63,40,-11,0,1,35,,,0,transitional,,,,0,1,116.5,0.0000,ok
S3_sizesweep_f003936.jpg,S3_sizesweep,S3_court2_sizesweep_20260815_092534,S3_sizesweep,3936,216.356,53,30,-10,0,0,35,,,0,transitional,,,,0,1,103.4,0.0000,ok
S3_sizesweep_f003942.jpg,S3_sizesweep,S3_court2_sizesweep_20260815_092534,S3_sizesweep,3942,216.651,34,10,-10,1,2,35,,,0,transitional,,,,0,1,87.0,0.0000,ok
S3_sizesweep_f003948.jpg,S3_sizesweep,S3_court2_sizesweep_20260815_092534,S3_sizesweep,3948,216.959,20,0,-11,0,0,35,,,0,transitional,,,,0,1,71.5,0.0000,ok
S3_sizesweep_f003954.jpg,S3_sizesweep,S3_court2_sizesweep_20260815_092534,S3_sizesweep,3954,217.175,16,0,-11,0,0,35,,,0,transitional,,,,0,1,80.5,0.0000,ok
S3_sizesweep_f003960.jpg,S3_sizesweep,S3_court2_sizesweep_20260815_092534,S3_sizesweep,3960,217.562,10,-10,-11,0,0,35,,,0,transitional,,,,0,1,68.9,0.0000,ok
S3_sizesweep_f003966.jpg,S3_sizesweep,S3_court2_sizesweep_20260815_092534,S3_sizesweep,3966,217.868,10,-10,-14,0,0,35,,,0,transitional,,,,0,1,57.3,0.0000,ok
S3_sizesweep_f003972.jpg,S3_sizesweep,S3_court2_sizesweep_20260815_092534,S3_sizesweep,3972,218.092,10,-10,-15,0,0,35,,,0,transitional,,,,0,1,79.2,0.0000,ok
S3_sizesweep_f003978.jpg,S3_sizesweep,S3_court2_sizesweep_20260815_092534,S3_sizesweep,3978,218.382,10,-10,-15,0,0,35,,,0,transitional,,,,0,1,97.1,0.0000,ok
S3_sizesweep_f003984.jpg,S3_sizesweep,S3_court2_sizesweep_20260815_092534,S3_sizesweep,3984,218.686,10,-10,-15,0,0,35,,,0,transitional,,,,0,1,98.7,0.0000,ok
S3_sizesweep_f003990.jpg,S3_sizesweep,S3_court2_sizesweep_20260815_092534,S3_sizesweep,3990,219.033,10,0,-15,0,0,34,,,0,transitional,,,,0,1,95.5,0.0000,ok
S3_sizesweep_f003996.jpg,S3_sizesweep,S3_court2_sizesweep_20260815_092534,S3_sizesweep,3996,219.336,10,0,-15,0,0,34,,,0,transitional,,,,0,1,91.6,0.0000,ok
S3_sizesweep_f004002.jpg,S3_sizesweep,S3_court2_sizesweep_20260815_092534,S3_sizesweep,4002,219.625,10,0,-15,0,0,34,,,0,transitional,,,,0,1,98.7,0.0000,ok
S3_sizesweep_f004008.jpg,S3_sizesweep,S3_court2_sizesweep_20260815_092534,S3_sizesweep,4008,220.120,10,0,-15,0,0,34,,,0,transitional,,,,0,1,102.9,0.0000,ok
S3_sizesweep_f004014.jpg,S3_sizesweep,S3_court2_sizesweep_20260815_092534,S3_sizesweep,4014,220.452,10,0,-15,0,0,34,,,0,transitional,,,,0,1,104.0,0.0000,ok
S3_sizesweep_f004020.jpg,S3_sizesweep,S3_court2_sizesweep_20260815_092534,S3_sizesweep,4020,220.654,10,0,-15,0,0,34,,,0,transitional,,,,0,1,100.7,0.0000,ok
S3_sizesweep_f004026.jpg,S3_sizesweep,S3_court2_sizesweep_20260815_092534,S3_sizesweep,4026,220.942,10,0,-15,0,0,34,,,0,transitional,,,,0,1,102.8,0.0000,ok
S3_sizesweep_f004032.jpg,S3_sizesweep,S3_court2_sizesweep_20260815_092534,S3_sizesweep,4032,221.162,10,0,-14,0,0,34,,,0,transitional,,,,0,1,103.5,0.0000,ok
S3_sizesweep_f004038.jpg,S3_sizesweep,S3_court2_sizesweep_20260815_092534,S3_sizesweep,4038,221.549,10,0,-14,0,0,34,,,0,transitional,,,,0,1,103.4,0.0000,ok
S3_sizesweep_f004044.jpg,S3_sizesweep,S3_court2_sizesweep_20260815_092534,S3_sizesweep,4044,222.376,10,0,-13,0,0,34,,,0,transitional,,,,0,1,104.1,0.0000,ok
S3_sizesweep_f004050.jpg,S3_sizesweep,S3_court2_sizesweep_20260815_092534,S3_sizesweep,4050,222.681,10,0,-13,0,0,34,,,0,transitional,,,,0,1,99.3,0.0000,ok
S3_sizesweep_f004056.jpg,S3_sizesweep,S3_court2_sizesweep_20260815_092534,S3_sizesweep,4056,222.983,10,0,-12,0,0,34,,,0,transitional,,,,0,1,102.1,0.0000,ok
S3_sizesweep_f004062.jpg,S3_sizesweep,S3_court2_sizesweep_20260815_092534,S3_sizesweep,4062,223.225,10,0,-12,0,0,34,,,0,transitional,,,,0,1,103.6,0.0000,ok
S3_sizesweep_f004068.jpg,S3_sizesweep,S3_court2_sizesweep_20260815_092534,S3_sizesweep,4068,224.656,10,0,-12,0,0,34,,,0,transitional,,,,0,1,100.0,0.0000,ok
S3_sizesweep_f004074.jpg,S3_sizesweep,S3_court2_sizesweep_20260815_092534,S3_sizesweep,4074,224.963,10,0,-12,0,0,34,,,0,transitional,,,,0,1,102.5,0.0000,ok
S3_sizesweep_f004080.jpg,S3_sizesweep,S3_court2_sizesweep_20260815_092534,S3_sizesweep,4080,225.251,10,0,-11,0,0,34,,,0,transitional,,,,0,1,103.8,0.0000,ok
S3_sizesweep_f004086.jpg,S3_sizesweep,S3_court2_sizesweep_20260815_092534,S3_sizesweep,4086,225.555,10,0,-11,0,0,34,,,0,transitional,,,,0,1,98.9,0.0000,ok
S3_sizesweep_f004092.jpg,S3_sizesweep,S3_court2_sizesweep_20260815_092534,S3_sizesweep,4092,225.970,10,0,-11,0,0,34,,,0,transitional,,,,0,1,103.0,0.0000,ok
S3_sizesweep_f004098.jpg,S3_sizesweep,S3_court2_sizesweep_20260815_092534,S3_sizesweep,4098,226.326,10,0,-11,0,0,34,,,0,transitional,,,,0,1,103.8,0.0000,ok
S3_sizesweep_f004104.jpg,S3_sizesweep,S3_court2_sizesweep_20260815_092534,S3_sizesweep,4104,226.580,10,0,-11,0,0,34,,,0,transitional,,,,0,1,103.9,0.0000,ok
S3_sizesweep_f004110.jpg,S3_sizesweep,S3_court2_sizesweep_20260815_092534,S3_sizesweep,4110,226.858,10,0,-11,0,0,34,,,0,transitional,,,,0,1,101.8,0.0000,ok
S3_sizesweep_f004116.jpg,S3_sizesweep,S3_court2_sizesweep_20260815_092534,S3_sizesweep,4116,227.117,10,0,-11,0,0,34,,,0,transitional,,,,0,1,103.2,0.0000,ok
S3_sizesweep_f004122.jpg,S3_sizesweep,S3_court2_sizesweep_20260815_092534,S3_sizesweep,4122,227.404,10,0,-11,0,0,34,,,0,transitional,,,,0,1,104.2,0.0000,ok
S3_sizesweep_f004128.jpg,S3_sizesweep,S3_court2_sizesweep_20260815_092534,S3_sizesweep,4128,227.678,10,0,-11,0,0,34,,,0,transitional,,,,0,1,99.0,0.0000,ok
S3_sizesweep_f004134.jpg,S3_sizesweep,S3_court2_sizesweep_20260815_092534,S3_sizesweep,4134,227.950,10,0,-11,0,0,34,,,0,transitional,,,,0,1,102.2,0.0000,ok
S3_sizesweep_f004140.jpg,S3_sizesweep,S3_court2_sizesweep_20260815_092534,S3_sizesweep,4140,228.253,10,0,-11,0,0,34,,,0,transitional,,,,0,1,103.4,0.0000,ok
S3_sizesweep_f004146.jpg,S3_sizesweep,S3_court2_sizesweep_20260815_092534,S3_sizesweep,4146,228.538,10,0,-11,0,0,34,,,0,transitional,,,,0,1,103.7,0.0000,ok
S3_sizesweep_f004152.jpg,S3_sizesweep,S3_court2_sizesweep_20260815_092534,S3_sizesweep,4152,228.932,10,0,-11,0,0,34,,,0,transitional,,,,0,1,101.9,0.0000,ok
S3_sizesweep_f004158.jpg,S3_sizesweep,S3_court2_sizesweep_20260815_092534,S3_sizesweep,4158,229.140,10,0,-11,0,0,34,,,0,transitional,,,,0,1,103.1,0.0000,ok
S3_sizesweep_f004164.jpg,S3_sizesweep,S3_court2_sizesweep_20260815_092534,S3_sizesweep,4164,229.442,10,0,-11,0,0,34,,,0,transitional,,,,0,1,103.7,0.0000,ok
S3_sizesweep_f004170.jpg,S3_sizesweep,S3_court2_sizesweep_20260815_092534,S3_sizesweep,4170,229.756,10,0,-11,0,0,34,,,0,transitional,,,,0,1,101.1,0.0000,ok
S3_sizesweep_f004176.jpg,S3_sizesweep,S3_court2_sizesweep_20260815_092534,S3_sizesweep,4176,230.159,10,0,-11,0,0,34,,,0,transitional,,,,0,1,103.1,0.0000,ok
S3_sizesweep_f004182.jpg,S3_sizesweep,S3_court2_sizesweep_20260815_092534,S3_sizesweep,4182,230.560,10,0,-11,0,0,34,,,0,transitional,,,,0,1,103.7,0.0000,ok
S3_sizesweep_f004188.jpg,S3_sizesweep,S3_court2_sizesweep_20260815_092534,S3_sizesweep,4188,230.781,10,0,-11,0,0,34,,,0,transitional,,,,0,1,101.0,0.0000,ok
S3_sizesweep_f004194.jpg,S3_sizesweep,S3_court2_sizesweep_20260815_092534,S3_sizesweep,4194,231.085,10,0,-11,0,0,34,,,0,transitional,,,,0,1,102.8,0.0000,ok
S3_sizesweep_f004200.jpg,S3_sizesweep,S3_court2_sizesweep_20260815_092534,S3_sizesweep,4200,232.111,10,0,-11,0,0,34,,,0,transitional,,,,0,1,102.5,0.0000,ok
S3_sizesweep_f004206.jpg,S3_sizesweep,S3_court2_sizesweep_20260815_092534,S3_sizesweep,4206,232.429,10,0,-11,0,0,34,,,0,transitional,,,,0,1,103.3,0.0000,ok
S3_sizesweep_f004212.jpg,S3_sizesweep,S3_court2_sizesweep_20260815_092534,S3_sizesweep,4212,232.824,10,0,-11,0,0,34,,,0,transitional,,,,0,1,101.5,0.0000,ok
S3_sizesweep_f004218.jpg,S3_sizesweep,S3_court2_sizesweep_20260815_092534,S3_sizesweep,4218,233.227,10,0,-11,0,0,34,,,0,transitional,,,,0,1,103.2,0.0000,ok
S3_sizesweep_f004224.jpg,S3_sizesweep,S3_court2_sizesweep_20260815_092534,S3_sizesweep,4224,233.464,10,0,-11,0,0,34,,,0,transitional,,,,0,1,103.5,0.0000,ok
S3_sizesweep_f004230.jpg,S3_sizesweep,S3_court2_sizesweep_20260815_092534,S3_sizesweep,4230,233.735,10,0,-11,0,0,34,,,0,transitional,,,,0,1,100.3,0.0000,ok
S3_sizesweep_f004236.jpg,S3_sizesweep,S3_court2_sizesweep_20260815_092534,S3_sizesweep,4236,234.057,10,0,-11,0,0,34,,,0,transitional,,,,0,1,103.0,0.0000,ok
S3_sizesweep_f004242.jpg,S3_sizesweep,S3_court2_sizesweep_20260815_092534,S3_sizesweep,4242,234.378,10,0,-11,0,0,34,,,0,transitional,,,,0,1,103.3,0.0000,ok
S3_sizesweep_f004248.jpg,S3_sizesweep,S3_court2_sizesweep_20260815_092534,S3_sizesweep,4248,234.662,10,0,-11,0,0,34,,,0,transitional,,,,0,1,100.4,0.0000,ok
S3_sizesweep_f004254.jpg,S3_sizesweep,S3_court2_sizesweep_20260815_092534,S3_sizesweep,4254,234.886,10,0,-11,0,0,34,,,0,transitional,,,,0,1,101.8,0.0000,ok
S3_sizesweep_f004260.jpg,S3_sizesweep,S3_court2_sizesweep_20260815_092534,S3_sizesweep,4260,235.171,10,0,-11,0,0,34,,,0,transitional,,,,0,1,102.8,0.0000,ok
S3_sizesweep_f004266.jpg,S3_sizesweep,S3_court2_sizesweep_20260815_092534,S3_sizesweep,4266,236.098,10,0,-11,0,0,34,,,0,transitional,,,,0,1,103.3,0.0000,ok
S3_sizesweep_f004272.jpg,S3_sizesweep,S3_court2_sizesweep_20260815_092534,S3_sizesweep,4272,236.398,10,0,-11,0,0,34,,,0,transitional,,,,0,1,103.2,0.0000,ok
S3_sizesweep_f004278.jpg,S3_sizesweep,S3_court2_sizesweep_20260815_092534,S3_sizesweep,4278,236.816,10,0,-11,0,0,34,,,0,transitional,,,,0,1,101.5,0.0000,ok
S3_sizesweep_f004284.jpg,S3_sizesweep,S3_court2_sizesweep_20260815_092534,S3_sizesweep,4284,237.129,10,0,-11,0,0,34,,,0,transitional,,,,0,1,103.2,0.0000,ok
S3_sizesweep_f004290.jpg,S3_sizesweep,S3_court2_sizesweep_20260815_092534,S3_sizesweep,4290,237.477,10,0,-11,0,0,34,,,0,transitional,,,,0,1,103.4,0.0000,ok
S3_sizesweep_f004296.jpg,S3_sizesweep,S3_court2_sizesweep_20260815_092534,S3_sizesweep,4296,237.744,10,0,-11,0,0,34,,,0,transitional,,,,0,1,100.9,0.0000,ok
S3_sizesweep_f004302.jpg,S3_sizesweep,S3_court2_sizesweep_20260815_092534,S3_sizesweep,4302,238.020,10,0,-11,0,0,34,,,0,transitional,,,,0,1,101.9,0.0000,ok
S3_sizesweep_f004308.jpg,S3_sizesweep,S3_court2_sizesweep_20260815_092534,S3_sizesweep,4308,238.307,10,0,-11,0,0,34,,,0,transitional,,,,0,1,103.0,0.0000,ok
S3_sizesweep_f004314.jpg,S3_sizesweep,S3_court2_sizesweep_20260815_092534,S3_sizesweep,4314,238.549,10,0,-11,0,0,34,,,0,transitional,,,,0,1,103.2,0.0000,ok
S3_sizesweep_f004320.jpg,S3_sizesweep,S3_court2_sizesweep_20260815_092534,S3_sizesweep,4320,238.846,10,0,-11,0,0,34,,,0,transitional,,,,0,1,101.4,0.0000,ok
S3_sizesweep_f004326.jpg,S3_sizesweep,S3_court2_sizesweep_20260815_092534,S3_sizesweep,4326,239.120,10,0,-11,0,0,34,,,0,transitional,,,,0,1,102.3,0.0000,ok
S3_sizesweep_f004332.jpg,S3_sizesweep,S3_court2_sizesweep_20260815_092534,S3_sizesweep,4332,239.377,10,0,-11,0,0,34,,,0,transitional,,,,0,1,102.8,0.0000,ok
S3_sizesweep_f004338.jpg,S3_sizesweep,S3_court2_sizesweep_20260815_092534,S3_sizesweep,4338,239.632,10,0,-11,0,0,34,,,0,transitional,,,,0,1,103.3,0.0000,ok
S3_sizesweep_f004344.jpg,S3_sizesweep,S3_court2_sizesweep_20260815_092534,S3_sizesweep,4344,239.890,10,0,-11,0,0,34,,,0,transitional,,,,0,1,101.4,0.0000,ok
S3_PAIR_clean_f000000.jpg,S3_PAIR_clean,S3_court2_paircleanH_20260815_093322,S3_PAIR_clean,0,0.276,10,0,0,0,0,33,,,0,flight,0,0,,1,1,136.5,0.0000,ok
S3_PAIR_clean_f000006.jpg,S3_PAIR_clean,S3_court2_paircleanH_20260815_093322,S3_PAIR_clean,6,0.399,10,0,0,0,0,33,,,0,flight,0,0,,1,1,140.4,0.0000,ok
S3_PAIR_clean_f000012.jpg,S3_PAIR_clean,S3_court2_paircleanH_20260815_093322,S3_PAIR_clean,12,0.508,10,0,0,0,0,33,,,0,flight,0,0,,1,1,140.5,0.0000,ok
S3_PAIR_clean_f000018.jpg,S3_PAIR_clean,S3_court2_paircleanH_20260815_093322,S3_PAIR_clean,18,0.603,10,0,0,0,0,33,,,0,flight,0,0,,1,1,141.4,0.0000,ok
S3_PAIR_clean_f000024.jpg,S3_PAIR_clean,S3_court2_paircleanH_20260815_093322,S3_PAIR_clean,24,0.840,10,0,0,0,0,33,,,0,flight,0,0,,1,1,611.2,0.0000,ok
S3_PAIR_clean_f000030.jpg,S3_PAIR_clean,S3_court2_paircleanH_20260815_093322,S3_PAIR_clean,30,1.109,10,0,0,0,0,33,,,0,flight,0,0,,1,1,581.0,0.0000,ok
S3_PAIR_clean_f000036.jpg,S3_PAIR_clean,S3_court2_paircleanH_20260815_093322,S3_PAIR_clean,36,1.302,10,0,0,0,0,33,,,0,flight,0,0,,1,1,565.5,0.0000,ok
S3_PAIR_clean_f000042.jpg,S3_PAIR_clean,S3_court2_paircleanH_20260815_093322,S3_PAIR_clean,42,1.503,10,0,0,0,0,33,,,0,flight,0,0,,1,1,553.1,0.0000,ok
S3_PAIR_clean_f000048.jpg,S3_PAIR_clean,S3_court2_paircleanH_20260815_093322,S3_PAIR_clean,48,1.977,10,0,0,0,0,33,,,0,flight,0,0,,1,1,141.1,0.0000,ok
S3_PAIR_clean_f000054.jpg,S3_PAIR_clean,S3_court2_paircleanH_20260815_093322,S3_PAIR_clean,54,2.208,10,0,0,0,0,33,,,0,flight,0,0,,1,1,141.4,0.0000,ok
S3_PAIR_clean_f000060.jpg,S3_PAIR_clean,S3_court2_paircleanH_20260815_093322,S3_PAIR_clean,60,2.478,10,0,0,0,0,33,,,0,flight,0,0,,1,1,141.6,0.0000,ok
S3_PAIR_clean_f000066.jpg,S3_PAIR_clean,S3_court2_paircleanH_20260815_093322,S3_PAIR_clean,66,2.767,10,0,0,0,0,33,,,0,flight,0,0,,1,1,140.7,0.0000,ok
S3_PAIR_clean_f000072.jpg,S3_PAIR_clean,S3_court2_paircleanH_20260815_093322,S3_PAIR_clean,72,3.059,10,0,0,0,0,33,,,0,flight,0,0,,1,1,141.2,0.0000,ok
S3_PAIR_clean_f000078.jpg,S3_PAIR_clean,S3_court2_paircleanH_20260815_093322,S3_PAIR_clean,78,3.345,10,0,0,0,0,33,,,0,flight,0,0,,1,1,141.4,0.0000,ok
S3_PAIR_clean_f000084.jpg,S3_PAIR_clean,S3_court2_paircleanH_20260815_093322,S3_PAIR_clean,84,3.533,10,0,0,0,0,33,,,0,flight,0,0,,1,1,141.7,0.0000,ok
S3_PAIR_clean_f000090.jpg,S3_PAIR_clean,S3_court2_paircleanH_20260815_093322,S3_PAIR_clean,90,3.759,10,0,0,0,0,33,,,0,flight,0,0,,1,1,140.6,0.0000,ok
S3_PAIR_clean_f000096.jpg,S3_PAIR_clean,S3_court2_paircleanH_20260815_093322,S3_PAIR_clean,96,4.028,10,0,0,0,0,33,,,0,flight,0,0,,1,1,141.5,0.0000,ok
S3_PAIR_clean_f000102.jpg,S3_PAIR_clean,S3_court2_paircleanH_20260815_093322,S3_PAIR_clean,102,4.248,10,0,0,0,0,33,,,0,flight,0,0,,1,1,141.1,0.0000,ok
S3_PAIR_clean_f000108.jpg,S3_PAIR_clean,S3_court2_paircleanH_20260815_093322,S3_PAIR_clean,108,4.470,10,0,0,0,0,33,,,0,flight,0,0,,1,1,141.6,0.0000,ok
S3_PAIR_clean_f000114.jpg,S3_PAIR_clean,S3_court2_paircleanH_20260815_093322,S3_PAIR_clean,114,4.699,10,0,0,0,0,33,,,0,flight,0,0,,1,1,140.7,0.0000,ok
S3_PAIR_clean_f000120.jpg,S3_PAIR_clean,S3_court2_paircleanH_20260815_093322,S3_PAIR_clean,120,4.998,10,0,0,0,0,33,,,0,flight,0,0,,1,1,141.0,0.0000,ok
S3_PAIR_clean_f000126.jpg,S3_PAIR_clean,S3_court2_paircleanH_20260815_093322,S3_PAIR_clean,126,5.302,10,0,0,0,0,33,,,0,flight,0,0,,1,1,141.9,0.0000,ok
S3_PAIR_clean_f000132.jpg,S3_PAIR_clean,S3_court2_paircleanH_20260815_093322,S3_PAIR_clean,132,5.570,10,0,0,0,0,33,,,0,flight,0,0,,1,1,142.2,0.0000,ok
S3_PAIR_clean_f000138.jpg,S3_PAIR_clean,S3_court2_paircleanH_20260815_093322,S3_PAIR_clean,138,5.841,10,0,0,0,0,33,,,0,flight,0,0,,1,1,140.0,0.0000,ok
S3_PAIR_clean_f000144.jpg,S3_PAIR_clean,S3_court2_paircleanH_20260815_093322,S3_PAIR_clean,144,6.131,10,0,0,0,0,33,,,0,flight,0,0,,1,1,141.4,0.0000,ok
S3_PAIR_clean_f000150.jpg,S3_PAIR_clean,S3_court2_paircleanH_20260815_093322,S3_PAIR_clean,150,6.412,10,0,0,0,0,33,,,0,flight,0,0,,1,1,141.4,0.0000,ok
S3_PAIR_clean_f000156.jpg,S3_PAIR_clean,S3_court2_paircleanH_20260815_093322,S3_PAIR_clean,156,6.704,10,0,0,0,0,33,,,0,flight,0,0,,1,1,141.9,0.0000,ok
S3_PAIR_clean_f000162.jpg,S3_PAIR_clean,S3_court2_paircleanH_20260815_093322,S3_PAIR_clean,162,6.991,10,0,0,0,0,33,,,0,flight,0,0,,1,1,141.3,0.0000,ok
S3_PAIR_clean_f000168.jpg,S3_PAIR_clean,S3_court2_paircleanH_20260815_093322,S3_PAIR_clean,168,7.280,10,0,0,0,0,33,,,0,flight,0,0,,1,1,141.7,0.0000,ok
S3_PAIR_clean_f000174.jpg,S3_PAIR_clean,S3_court2_paircleanH_20260815_093322,S3_PAIR_clean,174,7.567,10,0,0,0,0,33,,,0,flight,0,0,,1,1,141.5,0.0000,ok
S3_PAIR_clean_f000180.jpg,S3_PAIR_clean,S3_court2_paircleanH_20260815_093322,S3_PAIR_clean,180,7.841,10,0,0,0,0,33,,,0,flight,0,0,,1,1,138.7,0.0000,ok
S3_PAIR_clean_f000186.jpg,S3_PAIR_clean,S3_court2_paircleanH_20260815_093322,S3_PAIR_clean,186,8.115,10,0,0,0,0,33,,,0,flight,0,0,,1,1,140.7,0.0000,ok
S3_PAIR_clean_f000192.jpg,S3_PAIR_clean,S3_court2_paircleanH_20260815_093322,S3_PAIR_clean,192,8.382,10,0,0,0,0,33,,,0,flight,0,0,,1,1,141.5,0.0000,ok
S3_PAIR_clean_f000198.jpg,S3_PAIR_clean,S3_court2_paircleanH_20260815_093322,S3_PAIR_clean,198,9.479,10,0,0,0,0,33,,,0,flight,0,0,,1,1,141.0,0.0000,ok
S3_PAIR_clean_f000204.jpg,S3_PAIR_clean,S3_court2_paircleanH_20260815_093322,S3_PAIR_clean,204,9.790,10,0,0,0,0,33,,,0,flight,0,0,,1,1,140.7,0.0000,ok
S3_PAIR_clean_f000210.jpg,S3_PAIR_clean,S3_court2_paircleanH_20260815_093322,S3_PAIR_clean,210,10.088,10,0,0,0,0,33,,,0,flight,0,0,,1,1,141.5,0.0000,ok
S3_PAIR_clean_f000216.jpg,S3_PAIR_clean,S3_court2_paircleanH_20260815_093322,S3_PAIR_clean,216,10.337,10,0,0,0,0,33,,,0,flight,0,0,,1,1,141.4,0.0000,ok
S3_PAIR_clean_f000222.jpg,S3_PAIR_clean,S3_court2_paircleanH_20260815_093322,S3_PAIR_clean,222,10.627,10,0,0,0,0,33,,,0,flight,0,0,,1,1,137.4,0.0000,ok
S3_PAIR_clean_f000228.jpg,S3_PAIR_clean,S3_court2_paircleanH_20260815_093322,S3_PAIR_clean,228,10.922,10,0,0,0,0,33,,,0,flight,0,0,,1,1,141.2,0.0000,ok
S3_PAIR_clean_f000234.jpg,S3_PAIR_clean,S3_court2_paircleanH_20260815_093322,S3_PAIR_clean,234,11.216,10,0,0,0,0,33,,,0,flight,0,0,,1,1,141.3,0.0000,ok
S3_PAIR_clean_f000240.jpg,S3_PAIR_clean,S3_court2_paircleanH_20260815_093322,S3_PAIR_clean,240,11.431,10,0,0,0,0,33,,,0,flight,0,0,,1,1,141.2,0.0000,ok
S3_PAIR_clean_f000246.jpg,S3_PAIR_clean,S3_court2_paircleanH_20260815_093322,S3_PAIR_clean,246,11.749,10,0,0,0,0,33,,,0,flight,0,0,,1,1,140.6,0.0000,ok
S3_PAIR_clean_f000252.jpg,S3_PAIR_clean,S3_court2_paircleanH_20260815_093322,S3_PAIR_clean,252,12.151,10,0,0,0,0,33,,,0,flight,0,0,,1,1,140.8,0.0000,ok
S3_PAIR_clean_f000258.jpg,S3_PAIR_clean,S3_court2_paircleanH_20260815_093322,S3_PAIR_clean,258,17.904,78,70,-1,-1,0,33,,,0,flight,0,0,,1,1,271.5,0.0000,ok
S3_PAIR_clean_f000264.jpg,S3_PAIR_clean,S3_court2_paircleanH_20260815_093322,S3_PAIR_clean,264,18.193,78,70,-1,-1,0,33,,,0,flight,0,0,,1,1,276.0,0.0000,ok
S3_PAIR_clean_f000270.jpg,S3_PAIR_clean,S3_court2_paircleanH_20260815_093322,S3_PAIR_clean,270,18.426,78,70,-1,-1,0,33,,,0,flight,0,0,,1,1,228.7,0.0000,ok
S3_PAIR_clean_f000276.jpg,S3_PAIR_clean,S3_court2_paircleanH_20260815_093322,S3_PAIR_clean,276,18.737,79,70,-1,-1,0,33,,,0,flight,0,0,,1,1,231.3,0.0000,ok
S3_PAIR_clean_f000282.jpg,S3_PAIR_clean,S3_court2_paircleanH_20260815_093322,S3_PAIR_clean,282,19.052,79,70,-1,-1,-1,33,,,0,flight,0,0,,1,1,250.1,0.0000,ok
S3_PAIR_clean_f000288.jpg,S3_PAIR_clean,S3_court2_paircleanH_20260815_093322,S3_PAIR_clean,288,19.361,79,70,-1,-1,-1,33,,,0,flight,0,0,,1,1,254.5,0.0000,ok
S3_PAIR_clean_f000294.jpg,S3_PAIR_clean,S3_court2_paircleanH_20260815_093322,S3_PAIR_clean,294,19.869,80,70,-1,-1,-1,33,,,0,flight,0,0,,1,1,230.0,0.0000,ok
S3_PAIR_clean_f000300.jpg,S3_PAIR_clean,S3_court2_paircleanH_20260815_093322,S3_PAIR_clean,300,20.172,80,70,-1,-1,-1,33,,,0,flight,0,0,,1,1,160.9,0.0000,ok
S3_PAIR_clean_f000306.jpg,S3_PAIR_clean,S3_court2_paircleanH_20260815_093322,S3_PAIR_clean,306,20.393,80,70,-1,0,-1,33,,,0,flight,0,0,,1,1,169.9,0.0000,ok
S3_PAIR_clean_f000312.jpg,S3_PAIR_clean,S3_court2_paircleanH_20260815_093322,S3_PAIR_clean,312,20.608,80,70,-1,0,-1,33,,,0,flight,0,0,,1,1,176.9,0.0000,ok
S3_PAIR_clean_f000318.jpg,S3_PAIR_clean,S3_court2_paircleanH_20260815_093322,S3_PAIR_clean,318,20.827,80,70,-1,0,-1,33,,,0,flight,0,0,,1,1,170.1,0.0000,ok
S3_PAIR_clean_f000324.jpg,S3_PAIR_clean,S3_court2_paircleanH_20260815_093322,S3_PAIR_clean,324,21.141,80,70,-1,0,-1,33,,,0,flight,0,0,,1,1,188.2,0.0000,ok
S3_PAIR_clean_f000330.jpg,S3_PAIR_clean,S3_court2_paircleanH_20260815_093322,S3_PAIR_clean,330,21.461,91,80,-1,0,-1,33,,,0,flight,0,0,,1,1,183.1,0.0000,ok
S3_PAIR_clean_f000336.jpg,S3_PAIR_clean,S3_court2_paircleanH_20260815_093322,S3_PAIR_clean,336,21.670,96,80,-1,0,-1,33,,,0,flight,0,0,,1,1,181.0,0.0000,ok
S3_PAIR_clean_f000342.jpg,S3_PAIR_clean,S3_court2_paircleanH_20260815_093322,S3_PAIR_clean,342,22.020,103,90,-1,0,-1,33,,,0,flight,0,0,,1,1,193.2,0.0000,ok
S3_PAIR_clean_f000348.jpg,S3_PAIR_clean,S3_court2_paircleanH_20260815_093322,S3_PAIR_clean,348,22.344,103,90,-1,0,-1,33,,,0,flight,0,0,,1,1,185.0,0.0000,ok
S3_PAIR_clean_f000354.jpg,S3_PAIR_clean,S3_court2_paircleanH_20260815_093322,S3_PAIR_clean,354,22.649,103,90,-1,0,-1,33,,,0,flight,0,0,,1,1,185.5,0.0000,ok
S3_PAIR_clean_f000360.jpg,S3_PAIR_clean,S3_court2_paircleanH_20260815_093322,S3_PAIR_clean,360,22.859,103,90,-1,0,-1,33,,,0,flight,0,0,,1,1,189.1,0.0000,ok
S3_PAIR_clean_f000366.jpg,S3_PAIR_clean,S3_court2_paircleanH_20260815_093322,S3_PAIR_clean,366,23.078,145,130,-1,0,-1,33,,,0,flight,0,0,,1,1,208.0,0.0000,ok
S3_PAIR_clean_f000372.jpg,S3_PAIR_clean,S3_court2_paircleanH_20260815_093322,S3_PAIR_clean,372,23.316,151,130,-1,0,-1,33,,,0,flight,0,0,,1,1,201.9,0.0000,ok
S3_PAIR_clean_f000378.jpg,S3_PAIR_clean,S3_court2_paircleanH_20260815_093322,S3_PAIR_clean,378,23.527,151,130,-1,0,-1,33,,,0,flight,0,0,,1,1,205.0,0.0000,ok
S3_PAIR_clean_f000384.jpg,S3_PAIR_clean,S3_court2_paircleanH_20260815_093322,S3_PAIR_clean,384,23.839,163,150,-1,0,0,33,,,0,flight,0,0,,1,1,197.5,0.0000,ok
S3_PAIR_clean_f000390.jpg,S3_PAIR_clean,S3_court2_paircleanH_20260815_093322,S3_PAIR_clean,390,24.053,172,160,-1,0,0,33,,,0,flight,0,0,,1,1,206.0,0.0000,ok
S3_PAIR_clean_f000396.jpg,S3_PAIR_clean,S3_court2_paircleanH_20260815_093322,S3_PAIR_clean,396,24.272,178,160,-1,0,0,33,,,0,flight,0,0,,1,1,196.0,0.0000,ok
S3_PAIR_clean_f000402.jpg,S3_PAIR_clean,S3_court2_paircleanH_20260815_093322,S3_PAIR_clean,402,24.584,186,170,-1,0,0,33,,,0,flight,0,0,,1,1,195.6,0.0000,ok
S3_PAIR_clean_f000408.jpg,S3_PAIR_clean,S3_court2_paircleanH_20260815_093322,S3_PAIR_clean,408,24.804,193,180,-1,0,0,33,,,0,flight,0,0,,1,1,208.6,0.0000,ok
S3_PAIR_clean_f000414.jpg,S3_PAIR_clean,S3_court2_paircleanH_20260815_093322,S3_PAIR_clean,414,25.212,193,180,-1,0,0,33,,,0,flight,0,0,,1,1,279.4,0.0001,ok
S3_PAIR_clean_f000420.jpg,S3_PAIR_clean,S3_court2_paircleanH_20260815_093322,S3_PAIR_clean,420,26.208,193,180,-1,0,0,33,,,0,flight,0,0,,1,1,184.7,0.0000,ok
S3_PAIR_clean_f000426.jpg,S3_PAIR_clean,S3_court2_paircleanH_20260815_093322,S3_PAIR_clean,426,26.514,240,220,-1,0,0,33,,,0,flight,0,0,,1,1,199.0,0.0000,ok
S3_PAIR_clean_f000432.jpg,S3_PAIR_clean,S3_court2_paircleanH_20260815_093322,S3_PAIR_clean,432,26.891,248,230,-1,0,0,33,,,0,flight,0,0,,1,1,200.1,0.0000,ok
S3_PAIR_clean_f000438.jpg,S3_PAIR_clean,S3_court2_paircleanH_20260815_093322,S3_PAIR_clean,438,27.489,248,230,-1,0,0,33,,,0,flight,0,0,,1,1,217.2,0.0000,ok
S3_PAIR_clean_f000444.jpg,S3_PAIR_clean,S3_court2_paircleanH_20260815_093322,S3_PAIR_clean,444,27.960,248,230,-1,0,0,33,,,0,flight,0,0,,1,1,221.7,0.0000,ok
S3_PAIR_clean_f000450.jpg,S3_PAIR_clean,S3_court2_paircleanH_20260815_093322,S3_PAIR_clean,450,28.661,279,260,-1,0,0,33,,,0,flight,0,0,,1,1,273.6,0.0000,ok
S3_PAIR_clean_f000456.jpg,S3_PAIR_clean,S3_court2_paircleanH_20260815_093322,S3_PAIR_clean,456,29.336,312,300,-1,0,0,33,,,0,flight,0,0,,1,1,188.4,0.0000,ok
S3_PAIR_clean_f000462.jpg,S3_PAIR_clean,S3_court2_paircleanH_20260815_093322,S3_PAIR_clean,462,29.569,314,300,-1,0,0,33,,,0,flight,0,0,,1,1,174.0,0.0000,ok
S3_PAIR_clean_f000468.jpg,S3_PAIR_clean,S3_court2_paircleanH_20260815_093322,S3_PAIR_clean,468,29.966,322,310,-1,0,0,33,,,0,flight,0,0,,1,1,186.9,0.0000,ok
S3_PAIR_clean_f000474.jpg,S3_PAIR_clean,S3_court2_paircleanH_20260815_093322,S3_PAIR_clean,474,30.437,327,320,-1,0,0,33,,,0,flight,0,0,,1,1,187.7,0.0000,ok
S3_PAIR_clean_f000480.jpg,S3_PAIR_clean,S3_court2_paircleanH_20260815_093322,S3_PAIR_clean,480,30.751,317,320,-1,-1,0,33,,,0,flight,0,0,,1,1,190.9,0.0000,ok
S3_PAIR_clean_f000486.jpg,S3_PAIR_clean,S3_court2_paircleanH_20260815_093322,S3_PAIR_clean,486,31.113,323,320,-1,-1,0,33,,,0,flight,0,0,,1,1,186.7,0.0000,ok
S3_PAIR_clean_f000492.jpg,S3_PAIR_clean,S3_court2_paircleanH_20260815_093322,S3_PAIR_clean,492,31.380,323,320,-1,-1,0,33,,,0,flight,0,0,,1,1,220.9,0.0000,ok
S3_PAIR_clean_f000498.jpg,S3_PAIR_clean,S3_court2_paircleanH_20260815_093322,S3_PAIR_clean,498,31.669,317,310,-1,0,0,33,,,0,flight,0,0,,1,1,226.4,0.0000,ok
S3_PAIR_clean_f000504.jpg,S3_PAIR_clean,S3_court2_paircleanH_20260815_093322,S3_PAIR_clean,504,31.938,320,310,-1,0,0,33,,,0,flight,0,0,,1,1,227.6,0.0000,ok
S3_PAIR_clean_f000510.jpg,S3_PAIR_clean,S3_court2_paircleanH_20260815_093322,S3_PAIR_clean,510,32.260,324,310,-1,0,0,33,,,0,flight,0,0,,1,1,176.7,0.0000,ok
S3_PAIR_clean_f000516.jpg,S3_PAIR_clean,S3_court2_paircleanH_20260815_093322,S3_PAIR_clean,516,32.561,331,320,-1,0,0,33,,,0,flight,0,0,,1,1,173.4,0.0000,ok
S3_PAIR_clean_f000522.jpg,S3_PAIR_clean,S3_court2_paircleanH_20260815_093322,S3_PAIR_clean,522,32.861,349,330,-1,0,0,33,,,0,flight,0,0,,1,1,178.0,0.0000,ok
S3_PAIR_clean_f000528.jpg,S3_PAIR_clean,S3_court2_paircleanH_20260815_093322,S3_PAIR_clean,528,33.254,352,330,-1,0,0,33,,,0,flight,0,0,,1,1,189.8,0.0000,ok
S3_PAIR_clean_f000534.jpg,S3_PAIR_clean,S3_court2_paircleanH_20260815_093322,S3_PAIR_clean,534,33.560,349,330,-1,-1,0,33,,,0,flight,0,0,,1,1,184.0,0.0000,ok
S3_PAIR_clean_f000540.jpg,S3_PAIR_clean,S3_court2_paircleanH_20260815_093322,S3_PAIR_clean,540,33.888,345,330,-1,-1,0,33,,,0,flight,0,0,,1,1,187.0,0.0000,ok
S3_PAIR_clean_f000546.jpg,S3_PAIR_clean,S3_court2_paircleanH_20260815_093322,S3_PAIR_clean,546,34.111,349,330,-1,-1,0,33,,,0,flight,0,0,,1,1,195.4,0.0000,ok
S3_PAIR_clean_f000552.jpg,S3_PAIR_clean,S3_court2_paircleanH_20260815_093322,S3_PAIR_clean,552,34.518,340,330,-1,0,0,33,,,0,flight,0,0,,1,1,222.9,0.0000,ok
S3_PAIR_clean_f000558.jpg,S3_PAIR_clean,S3_court2_paircleanH_20260815_093322,S3_PAIR_clean,558,34.821,336,330,-1,0,0,33,,,0,flight,0,0,,1,1,211.6,0.0000,ok
S3_PAIR_clean_f000564.jpg,S3_PAIR_clean,S3_court2_paircleanH_20260815_093322,S3_PAIR_clean,564,35.136,346,330,-1,-1,0,33,,,0,flight,0,0,,1,1,212.6,0.0000,ok
S3_PAIR_clean_f000570.jpg,S3_PAIR_clean,S3_court2_paircleanH_20260815_093322,S3_PAIR_clean,570,35.360,339,330,-1,-1,-1,33,,,1,flight,0,0,,1,1,186.3,0.0000,ok
S3_PAIR_clean_f000576.jpg,S3_PAIR_clean,S3_court2_paircleanH_20260815_093322,S3_PAIR_clean,576,35.841,343,330,-1,0,-1,33,,,1,flight,0,0,,1,1,177.5,0.0000,ok
S3_PAIR_clean_f000582.jpg,S3_PAIR_clean,S3_court2_paircleanH_20260815_093322,S3_PAIR_clean,582,36.177,348,330,-1,0,-1,33,,,1,flight,0,0,,1,1,176.8,0.0000,ok
S3_PAIR_clean_f000588.jpg,S3_PAIR_clean,S3_court2_paircleanH_20260815_093322,S3_PAIR_clean,588,36.548,348,330,-1,0,-1,33,,,1,flight,0,0,,1,1,198.9,0.0000,ok
S3_PAIR_clean_f000594.jpg,S3_PAIR_clean,S3_court2_paircleanH_20260815_093322,S3_PAIR_clean,594,36.877,343,330,-1,0,-1,33,,,1,flight,0,0,,1,1,196.3,0.0000,ok
S3_PAIR_clean_f000600.jpg,S3_PAIR_clean,S3_court2_paircleanH_20260815_093322,S3_PAIR_clean,600,37.310,345,330,-1,0,-1,33,,,1,flight,0,0,,1,1,228.9,0.0000,ok
S3_PAIR_clean_f000606.jpg,S3_PAIR_clean,S3_court2_paircleanH_20260815_093322,S3_PAIR_clean,606,37.595,353,330,-1,0,-1,33,,,1,flight,0,0,,1,1,227.7,0.0000,ok
S3_PAIR_clean_f000612.jpg,S3_PAIR_clean,S3_court2_paircleanH_20260815_093322,S3_PAIR_clean,612,37.878,348,330,-1,0,-1,33,,,1,flight,0,0,,1,1,221.4,0.0000,ok
S3_PAIR_clean_f000618.jpg,S3_PAIR_clean,S3_court2_paircleanH_20260815_093322,S3_PAIR_clean,618,38.094,343,330,-1,0,-1,33,,,1,flight,0,0,,1,1,225.0,0.0000,ok
S3_PAIR_clean_f000624.jpg,S3_PAIR_clean,S3_court2_paircleanH_20260815_093322,S3_PAIR_clean,624,38.428,346,330,-1,0,-1,33,,,1,flight,0,0,,1,1,187.7,0.0000,ok
S3_PAIR_clean_f000630.jpg,S3_PAIR_clean,S3_court2_paircleanH_20260815_093322,S3_PAIR_clean,630,38.711,345,330,-1,0,-1,33,,,1,flight,0,0,,1,1,186.0,0.0000,ok
S3_PAIR_clean_f000636.jpg,S3_PAIR_clean,S3_court2_paircleanH_20260815_093322,S3_PAIR_clean,636,39.011,345,330,-1,0,0,33,,,1,flight,0,0,,1,1,204.6,0.0000,ok
S3_PAIR_clean_f000642.jpg,S3_PAIR_clean,S3_court2_paircleanH_20260815_093322,S3_PAIR_clean,642,39.320,350,330,-1,0,-1,33,,,1,flight,0,0,,1,1,176.1,0.0000,ok
S3_PAIR_clean_f000648.jpg,S3_PAIR_clean,S3_court2_paircleanH_20260815_093322,S3_PAIR_clean,648,39.618,337,330,-1,-1,-1,33,,,1,flight,0,0,,1,1,187.7,0.0000,ok
S3_PAIR_clean_f000654.jpg,S3_PAIR_clean,S3_court2_paircleanH_20260815_093322,S3_PAIR_clean,654,39.943,347,330,-1,-1,-1,33,,,1,flight,0,0,,1,1,204.8,0.0000,ok
S3_PAIR_clean_f000660.jpg,S3_PAIR_clean,S3_court2_paircleanH_20260815_093322,S3_PAIR_clean,660,40.263,347,330,-1,-1,-1,33,,,1,flight,0,0,,1,1,213.3,0.0000,ok
S3_PAIR_clean_f000666.jpg,S3_PAIR_clean,S3_court2_paircleanH_20260815_093322,S3_PAIR_clean,666,40.553,345,330,-1,-1,0,33,,,1,flight,0,0,,1,1,192.7,0.0000,ok
S3_PAIR_clean_f000672.jpg,S3_PAIR_clean,S3_court2_paircleanH_20260815_093322,S3_PAIR_clean,672,40.885,343,330,-1,-1,0,33,,,1,flight,0,0,,1,1,213.8,0.0000,ok
S3_PAIR_clean_f000678.jpg,S3_PAIR_clean,S3_court2_paircleanH_20260815_093322,S3_PAIR_clean,678,41.103,342,330,-1,-1,0,33,,,1,flight,0,0,,1,1,196.0,0.0000,ok
S3_PAIR_clean_f000684.jpg,S3_PAIR_clean,S3_court2_paircleanH_20260815_093322,S3_PAIR_clean,684,41.419,340,330,-1,-1,0,33,,,1,flight,0,0,,1,1,178.5,0.0000,ok
S3_PAIR_clean_f000690.jpg,S3_PAIR_clean,S3_court2_paircleanH_20260815_093322,S3_PAIR_clean,690,41.745,335,330,-1,-1,0,33,,,1,flight,0,0,,1,1,194.2,0.0000,ok
S3_PAIR_clean_f000696.jpg,S3_PAIR_clean,S3_court2_paircleanH_20260815_093322,S3_PAIR_clean,696,42.078,344,330,-1,0,0,33,,,1,flight,0,0,,1,1,186.8,0.0000,ok
S3_PAIR_clean_f000702.jpg,S3_PAIR_clean,S3_court2_paircleanH_20260815_093322,S3_PAIR_clean,702,42.378,340,330,-1,0,0,33,,,1,flight,0,0,,1,1,168.4,0.0000,ok
S3_PAIR_clean_f000708.jpg,S3_PAIR_clean,S3_court2_paircleanH_20260815_093322,S3_PAIR_clean,708,42.693,348,330,-1,0,0,33,,,1,flight,0,0,,1,1,177.4,0.0000,ok
S3_PAIR_clean_f000714.jpg,S3_PAIR_clean,S3_court2_paircleanH_20260815_093322,S3_PAIR_clean,714,43.144,342,330,-1,-1,0,33,,,1,flight,0,0,,1,1,191.6,0.0000,ok
S3_PAIR_clean_f000720.jpg,S3_PAIR_clean,S3_court2_paircleanH_20260815_093322,S3_PAIR_clean,720,44.838,339,330,-1,-1,0,33,,,1,flight,0,0,,1,1,194.0,0.0000,ok
S3_PAIR_clean_f000726.jpg,S3_PAIR_clean,S3_court2_paircleanH_20260815_093322,S3_PAIR_clean,726,45.142,342,330,-1,-1,0,33,,,0,flight,0,0,,1,1,198.2,0.0000,ok
S3_PAIR_clean_f000732.jpg,S3_PAIR_clean,S3_court2_paircleanH_20260815_093322,S3_PAIR_clean,732,45.453,340,330,-1,-1,0,33,,,0,flight,0,0,,1,1,196.2,0.0000,ok
S3_PAIR_clean_f000738.jpg,S3_PAIR_clean,S3_court2_paircleanH_20260815_093322,S3_PAIR_clean,738,45.791,348,330,-1,-1,0,33,,,0,flight,0,0,,1,1,188.5,0.0000,ok
S3_PAIR_clean_f000744.jpg,S3_PAIR_clean,S3_court2_paircleanH_20260815_093322,S3_PAIR_clean,744,46.203,340,330,-1,-1,0,33,,,0,flight,0,0,,1,1,193.4,0.0000,ok
S3_PAIR_clean_f000750.jpg,S3_PAIR_clean,S3_court2_paircleanH_20260815_093322,S3_PAIR_clean,750,46.503,346,330,-1,-1,-1,33,,,0,flight,0,0,,1,1,185.6,0.0000,ok
S3_PAIR_clean_f000756.jpg,S3_PAIR_clean,S3_court2_paircleanH_20260815_093322,S3_PAIR_clean,756,46.829,342,330,-1,0,-1,33,,,0,flight,0,0,,1,1,199.2,0.0000,ok
S3_PAIR_clean_f000762.jpg,S3_PAIR_clean,S3_court2_paircleanH_20260815_093322,S3_PAIR_clean,762,47.144,347,330,-1,-2,-1,33,,,0,flight,0,0,,1,1,185.0,0.0000,ok
S3_PAIR_clean_f000768.jpg,S3_PAIR_clean,S3_court2_paircleanH_20260815_093322,S3_PAIR_clean,768,47.394,344,330,-1,-2,-2,33,,,0,flight,0,0,,1,1,176.4,0.0000,ok
S3_PAIR_clean_f000774.jpg,S3_PAIR_clean,S3_court2_paircleanH_20260815_093322,S3_PAIR_clean,774,47.686,359,330,2,-2,-2,33,,,0,flight,0,0,,1,1,90.3,0.0000,ok
S3_PAIR_clean_f000780.jpg,S3_PAIR_clean,S3_court2_paircleanH_20260815_093322,S3_PAIR_clean,780,47.996,346,330,3,0,-1,33,,,0,flight,0,0,,1,1,173.6,0.0000,ok
S3_PAIR_clean_f000786.jpg,S3_PAIR_clean,S3_court2_paircleanH_20260815_093322,S3_PAIR_clean,786,48.244,343,330,3,0,-1,33,,,0,flight,0,0,,1,1,193.9,0.0000,ok
S3_PAIR_clean_f000792.jpg,S3_PAIR_clean,S3_court2_paircleanH_20260815_093322,S3_PAIR_clean,792,48.623,344,330,3,0,-1,33,,,0,flight,0,0,,1,1,225.0,0.0000,ok
S3_PAIR_clean_f000798.jpg,S3_PAIR_clean,S3_court2_paircleanH_20260815_093322,S3_PAIR_clean,798,48.927,346,330,4,-1,-4,33,,,0,flight,0,0,,1,1,191.9,0.0000,ok
S3_PAIR_clean_f000804.jpg,S3_PAIR_clean,S3_court2_paircleanH_20260815_093322,S3_PAIR_clean,804,49.253,357,330,4,-1,-7,33,,,0,flight,0,0,,1,1,218.4,0.0000,ok
S3_PAIR_clean_f000810.jpg,S3_PAIR_clean,S3_court2_paircleanH_20260815_093322,S3_PAIR_clean,810,49.578,349,330,4,0,-5,33,,,0,flight,0,0,,1,1,244.8,0.0000,ok
S3_PAIR_clean_f000816.jpg,S3_PAIR_clean,S3_court2_paircleanH_20260815_093322,S3_PAIR_clean,816,49.862,343,330,4,0,-4,33,,,0,flight,0,0,,1,1,251.6,0.0000,ok
S3_PAIR_clean_f000822.jpg,S3_PAIR_clean,S3_court2_paircleanH_20260815_093322,S3_PAIR_clean,822,50.178,349,330,4,0,-5,33,,,0,flight,0,0,,1,1,179.9,0.0000,ok
S3_PAIR_clean_f000828.jpg,S3_PAIR_clean,S3_court2_paircleanH_20260815_093322,S3_PAIR_clean,828,50.487,352,330,4,-1,0,33,,,0,flight,0,0,,1,1,163.5,0.0000,ok
S3_PAIR_clean_f000834.jpg,S3_PAIR_clean,S3_court2_paircleanH_20260815_093322,S3_PAIR_clean,834,50.795,344,330,4,0,0,33,,,0,flight,0,0,,1,1,166.0,0.0000,ok
S3_PAIR_clean_f000840.jpg,S3_PAIR_clean,S3_court2_paircleanH_20260815_093322,S3_PAIR_clean,840,51.106,344,330,9,0,-1,33,,,0,flight,0,0,,1,1,108.2,0.0000,ok
S3_PAIR_clean_f000846.jpg,S3_PAIR_clean,S3_court2_paircleanH_20260815_093322,S3_PAIR_clean,846,51.412,350,330,12,0,-1,33,,,0,flight,0,0,,1,1,184.0,0.0000,ok
S3_PAIR_clean_f000852.jpg,S3_PAIR_clean,S3_court2_paircleanH_20260815_093322,S3_PAIR_clean,852,51.703,342,330,15,0,0,33,,,0,flight,0,0,,1,1,208.2,0.0000,ok
S3_PAIR_clean_f000858.jpg,S3_PAIR_clean,S3_court2_paircleanH_20260815_093322,S3_PAIR_clean,858,52.010,342,330,15,-1,-4,33,,,0,flight,0,0,,1,1,193.5,0.0000,ok
S3_PAIR_clean_f000864.jpg,S3_PAIR_clean,S3_court2_paircleanH_20260815_093322,S3_PAIR_clean,864,52.405,355,330,15,-1,-8,33,,,0,flight,0,0,,1,1,193.9,0.0000,ok
S3_PAIR_clean_f000870.jpg,S3_PAIR_clean,S3_court2_paircleanH_20260815_093322,S3_PAIR_clean,870,52.730,343,330,15,-1,-5,33,,,0,flight,0,0,,1,1,191.4,0.0000,ok
S3_PAIR_clean_f000876.jpg,S3_PAIR_clean,S3_court2_paircleanH_20260815_093322,S3_PAIR_clean,876,53.036,351,330,15,-1,-4,33,,,0,flight,0,0,,1,1,206.3,0.0000,ok
S3_PAIR_clean_f000882.jpg,S3_PAIR_clean,S3_court2_paircleanH_20260815_093322,S3_PAIR_clean,882,53.429,350,330,15,-2,-5,33,,,0,flight,0,0,,1,1,167.4,0.0000,ok
S3_PAIR_clean_f000888.jpg,S3_PAIR_clean,S3_court2_paircleanH_20260815_093322,S3_PAIR_clean,888,53.730,352,330,15,-2,-4,33,,,0,flight,0,0,,1,1,161.6,0.0000,ok
S3_PAIR_clean_f000894.jpg,S3_PAIR_clean,S3_court2_paircleanH_20260815_093322,S3_PAIR_clean,894,54.042,352,330,15,-2,0,33,,,0,flight,0,0,,1,1,177.3,0.0000,ok
S3_PAIR_clean_f000900.jpg,S3_PAIR_clean,S3_court2_paircleanH_20260815_093322,S3_PAIR_clean,900,54.278,348,340,17,-1,-1,33,,,0,flight,0,0,,1,1,114.9,0.0000,ok
S3_PAIR_clean_f000906.jpg,S3_PAIR_clean,S3_court2_paircleanH_20260815_093322,S3_PAIR_clean,906,54.658,347,330,27,-2,-1,33,,,0,flight,0,0,,1,1,112.8,0.0000,ok
S3_PAIR_clean_f000912.jpg,S3_PAIR_clean,S3_court2_paircleanH_20260815_093322,S3_PAIR_clean,912,54.895,337,330,29,-1,-2,33,,,0,flight,0,0,,1,1,205.7,0.0000,ok
S3_PAIR_clean_f000918.jpg,S3_PAIR_clean,S3_court2_paircleanH_20260815_093322,S3_PAIR_clean,918,55.295,334,330,28,-1,-2,33,,,0,flight,0,0,,1,1,184.6,0.0000,ok
S3_PAIR_clean_f000924.jpg,S3_PAIR_clean,S3_court2_paircleanH_20260815_093322,S3_PAIR_clean,924,55.600,337,320,28,-1,-3,33,,,0,flight,0,0,,1,1,213.2,0.0000,ok
S3_PAIR_clean_f000930.jpg,S3_PAIR_clean,S3_court2_paircleanH_20260815_093322,S3_PAIR_clean,930,55.808,328,330,28,-1,-8,33,,,0,flight,0,0,,1,1,218.6,0.0000,ok
S3_PAIR_clean_f000936.jpg,S3_PAIR_clean,S3_court2_paircleanH_20260815_093322,S3_PAIR_clean,936,56.113,352,330,29,-1,-6,33,,,0,flight,0,0,,1,1,207.7,0.0000,ok
S3_PAIR_clean_f000942.jpg,S3_PAIR_clean,S3_court2_paircleanH_20260815_093322,S3_PAIR_clean,942,56.429,348,330,29,-1,0,33,,,0,flight,0,0,,1,1,208.2,0.0000,ok
S3_PAIR_clean_f000948.jpg,S3_PAIR_clean,S3_court2_paircleanH_20260815_093322,S3_PAIR_clean,948,56.823,364,340,32,-2,0,33,,,0,flight,0,0,,1,1,134.9,0.0000,ok
S3_PAIR_clean_f000954.jpg,S3_PAIR_clean,S3_court2_paircleanH_20260815_093322,S3_PAIR_clean,954,57.127,362,340,39,-2,0,33,,,0,flight,0,0,,1,1,144.5,0.0000,ok
S3_PAIR_clean_f000960.jpg,S3_PAIR_clean,S3_court2_paircleanH_20260815_093322,S3_PAIR_clean,960,57.426,356,340,46,-2,0,32,,,0,flight,0,0,,1,1,148.0,0.0000,ok
S3_PAIR_clean_f000966.jpg,S3_PAIR_clean,S3_court2_paircleanH_20260815_093322,S3_PAIR_clean,966,57.747,343,340,54,-2,-1,32,,,0,flight,0,0,,1,1,229.1,0.0000,ok
S3_PAIR_clean_f000972.jpg,S3_PAIR_clean,S3_court2_paircleanH_20260815_093322,S3_PAIR_clean,972,58.060,338,330,55,0,-3,32,,,0,flight,0,0,,1,1,278.8,0.0000,ok
S3_PAIR_clean_f000978.jpg,S3_PAIR_clean,S3_court2_paircleanH_20260815_093322,S3_PAIR_clean,978,58.378,345,330,55,0,-3,32,,,0,flight,0,0,,1,1,300.4,0.0000,ok
S3_PAIR_clean_f000984.jpg,S3_PAIR_clean,S3_court2_paircleanH_20260815_093322,S3_PAIR_clean,984,58.675,330,330,55,0,-8,32,,,0,flight,0,0,,1,1,327.7,0.0000,ok
S3_PAIR_clean_f000990.jpg,S3_PAIR_clean,S3_court2_paircleanH_20260815_093322,S3_PAIR_clean,990,58.979,330,320,55,0,-7,32,,,0,flight,0,0,,1,1,376.8,0.0000,ok
S3_PAIR_clean_f000996.jpg,S3_PAIR_clean,S3_court2_paircleanH_20260815_093322,S3_PAIR_clean,996,59.270,357,320,55,-1,-5,32,,,0,flight,0,0,,1,1,337.7,0.0000,ok
S3_PAIR_clean_f001002.jpg,S3_PAIR_clean,S3_court2_paircleanH_20260815_093322,S3_PAIR_clean,1002,59.520,364,330,55,0,-5,32,,,0,flight,0,0,,1,1,347.2,0.0000,ok
S3_PAIR_clean_f001008.jpg,S3_PAIR_clean,S3_court2_paircleanH_20260815_093322,S3_PAIR_clean,1008,59.816,364,340,55,0,0,32,,,0,flight,0,0,,1,1,338.3,0.0000,ok
S3_PAIR_clean_f001014.jpg,S3_PAIR_clean,S3_court2_paircleanH_20260815_093322,S3_PAIR_clean,1014,60.111,359,340,55,0,0,32,,,0,flight,0,0,,1,1,345.8,0.0000,ok
S3_PAIR_clean_f001020.jpg,S3_PAIR_clean,S3_court2_paircleanH_20260815_093322,S3_PAIR_clean,1020,60.529,355,340,66,0,-2,31,,,0,flight,0,0,,1,1,254.9,0.0000,ok
S3_PAIR_clean_f001026.jpg,S3_PAIR_clean,S3_court2_paircleanH_20260815_093322,S3_PAIR_clean,1026,60.862,358,340,71,0,-2,31,,,0,flight,0,0,,1,1,349.7,0.0000,ok
S3_PAIR_clean_f001032.jpg,S3_PAIR_clean,S3_court2_paircleanH_20260815_093322,S3_PAIR_clean,1032,61.170,334,330,71,-1,0,31,,,0,flight,0,0,,1,1,340.8,0.0000,ok
S3_PAIR_clean_f001038.jpg,S3_PAIR_clean,S3_court2_paircleanH_20260815_093322,S3_PAIR_clean,1038,61.488,334,330,71,-1,-1,31,,,0,flight,0,0,,1,1,333.1,0.0000,ok
S3_PAIR_clean_f001044.jpg,S3_PAIR_clean,S3_court2_paircleanH_20260815_093322,S3_PAIR_clean,1044,61.869,336,320,71,-1,-2,31,,,0,flight,0,0,,1,1,313.2,0.0000,ok
S3_PAIR_clean_f001050.jpg,S3_PAIR_clean,S3_court2_paircleanH_20260815_093322,S3_PAIR_clean,1050,62.170,352,330,71,-1,-3,31,,,0,flight,0,0,,1,1,362.4,0.0000,ok
S3_PAIR_clean_f001056.jpg,S3_PAIR_clean,S3_court2_paircleanH_20260815_093322,S3_PAIR_clean,1056,62.554,346,330,71,0,-2,31,,,0,flight,0,0,,1,1,371.2,0.0000,ok
S3_PAIR_clean_f001062.jpg,S3_PAIR_clean,S3_court2_paircleanH_20260815_093322,S3_PAIR_clean,1062,62.855,360,330,71,0,-2,31,,,0,flight,0,0,,1,1,362.9,0.0000,ok
S3_PAIR_clean_f001068.jpg,S3_PAIR_clean,S3_court2_paircleanH_20260815_093322,S3_PAIR_clean,1068,63.158,361,330,70,0,-2,31,,,0,flight,0,0,,1,1,359.1,0.0000,ok
S3_PAIR_clean_f001074.jpg,S3_PAIR_clean,S3_court2_paircleanH_20260815_093322,S3_PAIR_clean,1074,63.387,354,340,71,-1,-2,30,,,0,flight,0,0,,1,1,371.1,0.0000,ok
S3_PAIR_clean_f001080.jpg,S3_PAIR_clean,S3_court2_paircleanH_20260815_093322,S3_PAIR_clean,1080,63.676,353,340,71,-2,-2,30,,,0,flight,0,0,,1,1,381.7,0.0000,ok
S3_PAIR_clean_f001086.jpg,S3_PAIR_clean,S3_court2_paircleanH_20260815_093322,S3_PAIR_clean,1086,63.995,357,330,71,-1,-4,30,,,0,flight,0,0,,1,1,357.6,0.0000,ok
S3_PAIR_clean_f001092.jpg,S3_PAIR_clean,S3_court2_paircleanH_20260815_093322,S3_PAIR_clean,1092,64.319,350,330,71,-1,-8,30,,,0,flight,0,0,,1,1,324.4,0.0000,ok
S3_PAIR_clean_f001098.jpg,S3_PAIR_clean,S3_court2_paircleanH_20260815_093322,S3_PAIR_clean,1098,64.607,338,330,71,0,-4,30,,,0,flight,0,0,,1,1,337.7,0.0000,ok
S3_PAIR_clean_f001104.jpg,S3_PAIR_clean,S3_court2_paircleanH_20260815_093322,S3_PAIR_clean,1104,65.024,331,320,71,0,-1,30,,,0,flight,0,0,,1,1,392.6,0.0000,ok
S3_PAIR_clean_f001110.jpg,S3_PAIR_clean,S3_court2_paircleanH_20260815_093322,S3_PAIR_clean,1110,65.354,330,320,71,0,-2,30,,,0,flight,0,0,,1,1,364.5,0.0000,ok
S3_PAIR_clean_f001116.jpg,S3_PAIR_clean,S3_court2_paircleanH_20260815_093322,S3_PAIR_clean,1116,65.639,336,320,71,0,-1,30,,,0,flight,0,0,,1,1,359.6,0.0000,ok
S3_PAIR_clean_f001122.jpg,S3_PAIR_clean,S3_court2_paircleanH_20260815_093322,S3_PAIR_clean,1122,65.861,351,320,71,1,-2,30,,,0,flight,0,0,,1,1,386.1,0.0000,ok
S3_PAIR_clean_f001128.jpg,S3_PAIR_clean,S3_court2_paircleanH_20260815_093322,S3_PAIR_clean,1128,66.155,355,330,71,1,-5,30,,,0,flight,0,0,,1,1,327.9,0.0000,ok
S3_PAIR_clean_f001134.jpg,S3_PAIR_clean,S3_court2_paircleanH_20260815_093322,S3_PAIR_clean,1134,66.464,371,340,71,0,-8,29,,,0,flight,0,0,,1,1,330.0,0.0000,ok
S3_PAIR_clean_f001140.jpg,S3_PAIR_clean,S3_court2_paircleanH_20260815_093322,S3_PAIR_clean,1140,66.683,365,340,71,1,-8,29,,,0,flight,0,0,,1,1,345.8,0.0000,ok
S3_PAIR_clean_f001146.jpg,S3_PAIR_clean,S3_court2_paircleanH_20260815_093322,S3_PAIR_clean,1146,67.012,368,340,70,1,-7,29,,,0,flight,0,0,,1,1,327.5,0.0000,ok
S3_PAIR_clean_f001152.jpg,S3_PAIR_clean,S3_court2_paircleanH_20260815_093322,S3_PAIR_clean,1152,67.342,331,340,71,-2,-5,29,,,0,flight,0,0,,1,1,529.3,0.0000,ok
S3_PAIR_clean_f001158.jpg,S3_PAIR_clean,S3_court2_paircleanH_20260815_093322,S3_PAIR_clean,1158,67.560,323,320,71,-2,-5,29,,,0,flight,0,0,,1,1,406.3,0.0000,ok
S3_PAIR_clean_f001164.jpg,S3_PAIR_clean,S3_court2_paircleanH_20260815_093322,S3_PAIR_clean,1164,68.000,323,320,71,-1,0,29,,,0,flight,0,0,,1,1,478.0,0.0000,ok
S3_PAIR_clean_f001170.jpg,S3_PAIR_clean,S3_court2_paircleanH_20260815_093322,S3_PAIR_clean,1170,68.202,330,320,71,0,0,29,,,0,flight,0,0,,1,1,368.4,0.0000,ok
S3_PAIR_clean_f001176.jpg,S3_PAIR_clean,S3_court2_paircleanH_20260815_093322,S3_PAIR_clean,1176,68.587,344,330,71,0,-1,28,,,0,flight,0,0,,1,1,349.9,0.0000,ok
S3_PAIR_clean_f001182.jpg,S3_PAIR_clean,S3_court2_paircleanH_20260815_093322,S3_PAIR_clean,1182,69.045,351,330,71,0,-1,28,,,0,flight,0,0,,1,1,364.1,0.0000,ok
S3_PAIR_clean_f001188.jpg,S3_PAIR_clean,S3_court2_paircleanH_20260815_093322,S3_PAIR_clean,1188,69.312,354,340,71,0,-2,28,,,0,flight,0,0,,1,1,378.8,0.0000,ok
S3_PAIR_clean_f001194.jpg,S3_PAIR_clean,S3_court2_paircleanH_20260815_093322,S3_PAIR_clean,1194,69.744,355,340,71,1,-2,28,,,0,flight,0,0,,1,1,363.8,0.0000,ok
S3_PAIR_clean_f001200.jpg,S3_PAIR_clean,S3_court2_paircleanH_20260815_093322,S3_PAIR_clean,1200,70.202,355,340,71,1,-2,28,,,0,flight,0,0,,1,1,332.5,0.0000,ok
S3_PAIR_clean_f001206.jpg,S3_PAIR_clean,S3_court2_paircleanH_20260815_093322,S3_PAIR_clean,1206,70.670,360,340,57,0,-3,27,,,0,flight,0,0,,1,1,301.3,0.0000,ok
S3_PAIR_clean_f001212.jpg,S3_PAIR_clean,S3_court2_paircleanH_20260815_093322,S3_PAIR_clean,1212,71.147,347,330,41,-2,-2,27,,,0,flight,0,0,,1,1,576.1,0.0002,ok
S3_PAIR_clean_f001218.jpg,S3_PAIR_clean,S3_court2_paircleanH_20260815_093322,S3_PAIR_clean,1218,71.388,349,330,38,-3,0,27,,,0,flight,0,0,,1,1,575.6,0.0000,ok
S3_PAIR_clean_f001224.jpg,S3_PAIR_clean,S3_court2_paircleanH_20260815_093322,S3_PAIR_clean,1224,71.761,344,330,37,-3,0,27,,,0,flight,0,0,,1,1,181.7,0.0000,ok
S3_PAIR_clean_f001230.jpg,S3_PAIR_clean,S3_court2_paircleanH_20260815_093322,S3_PAIR_clean,1230,72.021,345,330,36,-2,0,27,,,0,flight,0,0,,1,1,177.6,0.0000,ok
S3_PAIR_clean_f001236.jpg,S3_PAIR_clean,S3_court2_paircleanH_20260815_093322,S3_PAIR_clean,1236,72.395,346,330,36,-2,0,27,,,0,flight,0,0,,1,1,205.7,0.0000,ok
S3_PAIR_clean_f001242.jpg,S3_PAIR_clean,S3_court2_paircleanH_20260815_093322,S3_PAIR_clean,1242,72.694,340,330,36,-2,-2,27,,,0,flight,0,0,,1,1,221.1,0.0000,ok
S3_PAIR_clean_f001248.jpg,S3_PAIR_clean,S3_court2_paircleanH_20260815_093322,S3_PAIR_clean,1248,73.197,335,320,36,-1,-3,27,,,0,flight,0,0,,1,1,231.0,0.0000,ok
S3_PAIR_clean_f001254.jpg,S3_PAIR_clean,S3_court2_paircleanH_20260815_093322,S3_PAIR_clean,1254,73.417,335,320,36,-2,-1,27,,,0,flight,0,0,,1,1,206.7,0.0000,ok
S3_PAIR_clean_f001260.jpg,S3_PAIR_clean,S3_court2_paircleanH_20260815_093322,S3_PAIR_clean,1260,73.730,335,330,36,-2,-1,27,,,0,flight,0,0,,1,1,212.0,0.0000,ok
S3_PAIR_clean_f001266.jpg,S3_PAIR_clean,S3_court2_paircleanH_20260815_093322,S3_PAIR_clean,1266,74.016,343,330,36,-1,0,27,,,0,flight,0,0,,1,1,214.7,0.0000,ok
S3_PAIR_clean_f001272.jpg,S3_PAIR_clean,S3_court2_paircleanH_20260815_093322,S3_PAIR_clean,1272,74.320,350,330,36,-2,-6,27,,,0,flight,0,0,,1,1,186.7,0.0000,ok
S3_PAIR_clean_f001278.jpg,S3_PAIR_clean,S3_court2_paircleanH_20260815_093322,S3_PAIR_clean,1278,74.720,341,330,36,-1,-7,27,,,0,flight,0,0,,1,1,173.6,0.0000,ok
S3_PAIR_clean_f001284.jpg,S3_PAIR_clean,S3_court2_paircleanH_20260815_093322,S3_PAIR_clean,1284,74.954,341,330,36,-1,-6,27,,,0,flight,0,0,,1,1,170.3,0.0000,ok
S3_PAIR_clean_f001290.jpg,S3_PAIR_clean,S3_court2_paircleanH_20260815_093322,S3_PAIR_clean,1290,75.254,337,330,36,-1,-3,26,,,0,flight,0,0,,1,1,181.2,0.0000,ok
S3_PAIR_clean_f001296.jpg,S3_PAIR_clean,S3_court2_paircleanH_20260815_093322,S3_PAIR_clean,1296,75.572,335,330,36,-1,-4,26,,,0,flight,0,0,,1,1,163.0,0.0000,ok
S3_PAIR_clean_f001302.jpg,S3_PAIR_clean,S3_court2_paircleanH_20260815_093322,S3_PAIR_clean,1302,75.959,360,330,36,0,-3,26,,,0,flight,0,0,,1,1,164.6,0.0000,ok
S3_PAIR_clean_f001308.jpg,S3_PAIR_clean,S3_court2_paircleanH_20260815_093322,S3_PAIR_clean,1308,76.264,358,330,35,0,0,26,,,0,flight,0,0,,1,1,141.3,0.0000,ok
S3_PAIR_clean_f001314.jpg,S3_PAIR_clean,S3_court2_paircleanH_20260815_093322,S3_PAIR_clean,1314,76.487,338,330,35,-1,2,26,,,0,flight,0,0,,1,1,139.5,0.0000,ok
S3_PAIR_clean_f001320.jpg,S3_PAIR_clean,S3_court2_paircleanH_20260815_093322,S3_PAIR_clean,1320,76.782,326,330,36,-2,2,26,,,0,flight,0,0,,1,1,159.1,0.0000,ok
S3_PAIR_clean_f001326.jpg,S3_PAIR_clean,S3_court2_paircleanH_20260815_093322,S3_PAIR_clean,1326,77.088,338,320,36,0,0,26,,,0,flight,0,0,,1,1,187.3,0.0000,ok
S3_PAIR_clean_f001332.jpg,S3_PAIR_clean,S3_court2_paircleanH_20260815_093322,S3_PAIR_clean,1332,77.487,340,330,42,0,-1,25,,,0,flight,0,0,,1,1,123.8,0.0000,ok
S3_PAIR_clean_f001338.jpg,S3_PAIR_clean,S3_court2_paircleanH_20260815_093322,S3_PAIR_clean,1338,77.804,331,330,48,0,0,25,,,0,flight,0,0,,1,1,139.5,0.0000,ok
S3_PAIR_clean_f001344.jpg,S3_PAIR_clean,S3_court2_paircleanH_20260815_093322,S3_PAIR_clean,1344,78.107,350,330,53,0,0,25,,,0,flight,0,0,,1,1,211.6,0.0000,ok
S3_PAIR_clean_f001350.jpg,S3_PAIR_clean,S3_court2_paircleanH_20260815_093322,S3_PAIR_clean,1350,78.411,356,330,55,0,0,25,,,0,flight,0,0,,1,1,240.1,0.0000,ok
S3_PAIR_clean_f001356.jpg,S3_PAIR_clean,S3_court2_paircleanH_20260815_093322,S3_PAIR_clean,1356,78.726,370,340,57,1,0,25,,,0,flight,0,0,,1,1,250.0,0.0000,ok
S3_PAIR_clean_f001362.jpg,S3_PAIR_clean,S3_court2_paircleanH_20260815_093322,S3_PAIR_clean,1362,79.979,375,350,60,1,0,25,,,0,flight,0,0,,1,1,415.3,0.0000,ok
S3_PAIR_clean_f001368.jpg,S3_PAIR_clean,S3_court2_paircleanH_20260815_093322,S3_PAIR_clean,1368,80.238,375,350,60,1,0,25,,,0,flight,0,0,,1,1,304.9,0.0000,ok
S3_PAIR_clean_f001374.jpg,S3_PAIR_clean,S3_court2_paircleanH_20260815_093322,S3_PAIR_clean,1374,81.213,293,300,59,1,3,24,,,0,flight,0,0,,1,1,317.1,0.0000,ok
S3_PAIR_clean_f001380.jpg,S3_PAIR_clean,S3_court2_paircleanH_20260815_093322,S3_PAIR_clean,1380,81.617,331,300,60,1,0,24,,,0,flight,0,0,,1,1,318.4,0.0000,ok
S3_PAIR_clean_f001386.jpg,S3_PAIR_clean,S3_court2_paircleanH_20260815_093322,S3_PAIR_clean,1386,82.004,346,310,60,1,0,24,,,0,flight,0,0,,1,1,333.8,0.0000,ok
S3_PAIR_clean_f001392.jpg,S3_PAIR_clean,S3_court2_paircleanH_20260815_093322,S3_PAIR_clean,1392,82.263,382,340,60,1,-1,24,,,0,flight,0,0,,1,1,349.5,0.0000,ok
S3_PAIR_clean_f001398.jpg,S3_PAIR_clean,S3_court2_paircleanH_20260815_093322,S3_PAIR_clean,1398,82.774,391,360,60,1,-5,24,,,0,flight,0,0,,1,1,310.1,0.0000,ok
S3_PAIR_clean_f001404.jpg,S3_PAIR_clean,S3_court2_paircleanH_20260815_093322,S3_PAIR_clean,1404,83.100,309,360,60,1,2,24,,,0,flight,0,0,,1,1,313.6,0.0000,ok
S3_PAIR_clean_f001410.jpg,S3_PAIR_clean,S3_court2_paircleanH_20260815_093322,S3_PAIR_clean,1410,83.412,277,350,60,0,1,23,,,0,flight,0,0,,1,1,279.4,0.0000,ok
S3_PAIR_clean_f001416.jpg,S3_PAIR_clean,S3_court2_paircleanH_20260815_093322,S3_PAIR_clean,1416,83.727,267,340,60,0,1,23,,,0,flight,0,0,,1,1,293.3,0.0000,ok
S3_PAIR_clean_f001422.jpg,S3_PAIR_clean,S3_court2_paircleanH_20260815_093322,S3_PAIR_clean,1422,83.938,257,330,60,0,0,23,,,0,flight,0,0,,1,1,287.2,0.0000,ok
S3_PAIR_clean_f001428.jpg,S3_PAIR_clean,S3_court2_paircleanH_20260815_093322,S3_PAIR_clean,1428,84.254,243,330,60,1,0,23,,,0,flight,0,0,,1,1,334.3,0.0000,ok
S3_PAIR_clean_f001434.jpg,S3_PAIR_clean,S3_court2_paircleanH_20260815_093322,S3_PAIR_clean,1434,84.669,243,320,60,1,0,23,,,0,flight,0,0,,1,1,336.5,0.0000,ok
S3_PAIR_clean_f001440.jpg,S3_PAIR_clean,S3_court2_paircleanH_20260815_093322,S3_PAIR_clean,1440,84.962,239,320,60,1,0,23,,,0,flight,0,0,,1,1,365.2,0.0000,ok
S3_PAIR_clean_f001446.jpg,S3_PAIR_clean,S3_court2_paircleanH_20260815_093322,S3_PAIR_clean,1446,85.296,248,320,60,1,-2,23,,,0,flight,0,0,,1,1,358.7,0.0000,ok
S3_PAIR_clean_f001452.jpg,S3_PAIR_clean,S3_court2_paircleanH_20260815_093322,S3_PAIR_clean,1452,85.581,251,330,60,1,-5,23,,,0,flight,0,0,,1,1,286.1,0.0000,ok
S3_PAIR_clean_f001458.jpg,S3_PAIR_clean,S3_court2_paircleanH_20260815_093322,S3_PAIR_clean,1458,85.904,209,330,60,0,0,23,,,0,flight,0,0,,1,1,274.0,0.0000,ok
S3_PAIR_clean_f001464.jpg,S3_PAIR_clean,S3_court2_paircleanH_20260815_093322,S3_PAIR_clean,1464,86.204,205,330,60,0,0,23,,,0,flight,0,0,,1,1,294.2,0.0000,ok
S3_PAIR_clean_f001470.jpg,S3_PAIR_clean,S3_court2_paircleanH_20260815_093322,S3_PAIR_clean,1470,86.492,200,330,60,1,-2,23,,,0,flight,0,0,,1,1,288.3,0.0000,ok
S3_PAIR_clean_f001476.jpg,S3_PAIR_clean,S3_court2_paircleanH_20260815_093322,S3_PAIR_clean,1476,86.803,200,320,60,0,-5,23,,,0,flight,0,0,,1,1,281.2,0.0000,ok
S3_PAIR_clean_f001482.jpg,S3_PAIR_clean,S3_court2_paircleanH_20260815_093322,S3_PAIR_clean,1482,87.118,200,320,60,0,-6,23,,,0,flight,0,0,,1,1,270.4,0.0000,ok
S3_PAIR_clean_f001488.jpg,S3_PAIR_clean,S3_court2_paircleanH_20260815_093322,S3_PAIR_clean,1488,87.333,195,320,60,0,-5,23,,,0,flight,0,0,,1,1,282.1,0.0000,ok
S3_PAIR_clean_f001494.jpg,S3_PAIR_clean,S3_court2_paircleanH_20260815_093322,S3_PAIR_clean,1494,87.642,191,320,59,0,-3,23,,,0,flight,0,0,,1,1,267.4,0.0000,ok
S3_PAIR_clean_f001500.jpg,S3_PAIR_clean,S3_court2_paircleanH_20260815_093322,S3_PAIR_clean,1500,87.847,201,320,60,0,0,23,,,0,flight,0,0,,1,1,256.0,0.0000,ok
S3_PAIR_clean_f001506.jpg,S3_PAIR_clean,S3_court2_paircleanH_20260815_093322,S3_PAIR_clean,1506,88.072,223,330,60,-1,0,23,,,0,flight,0,0,,1,1,285.3,0.0000,ok
S3_PAIR_clean_f001512.jpg,S3_PAIR_clean,S3_court2_paircleanH_20260815_093322,S3_PAIR_clean,1512,88.371,230,340,59,0,0,22,,,0,flight,0,0,,1,1,248.5,0.0000,ok
S3_PAIR_clean_f001518.jpg,S3_PAIR_clean,S3_court2_paircleanH_20260815_093322,S3_PAIR_clean,1518,88.658,231,350,54,0,1,22,,,0,flight,0,0,,1,1,180.8,0.0000,ok
S3_PAIR_clean_f001524.jpg,S3_PAIR_clean,S3_court2_paircleanH_20260815_093322,S3_PAIR_clean,1524,88.862,219,350,47,0,1,22,,,0,flight,0,0,,1,1,202.4,0.0000,ok
S3_PAIR_clean_f001530.jpg,S3_PAIR_clean,S3_court2_paircleanH_20260815_093322,S3_PAIR_clean,1530,89.171,209,350,46,0,0,22,,,0,flight,0,0,,1,1,188.1,0.0000,ok
S3_PAIR_clean_f001536.jpg,S3_PAIR_clean,S3_court2_paircleanH_20260815_093322,S3_PAIR_clean,1536,89.488,182,330,41,-1,1,22,,,0,flight,0,0,,1,1,97.1,0.0000,ok
S3_PAIR_clean_f001542.jpg,S3_PAIR_clean,S3_court2_paircleanH_20260815_093322,S3_PAIR_clean,1542,89.778,163,320,34,-1,0,22,,,0,flight,0,0,,1,1,92.1,0.0000,ok
S3_PAIR_clean_f001548.jpg,S3_PAIR_clean,S3_court2_paircleanH_20260815_093322,S3_PAIR_clean,1548,90.187,155,320,36,-2,0,22,,,0,flight,0,0,,1,1,81.9,0.0000,ok
S3_PAIR_clean_f001554.jpg,S3_PAIR_clean,S3_court2_paircleanH_20260815_093322,S3_PAIR_clean,1554,90.496,147,320,47,-2,0,22,,,0,flight,0,0,,1,1,101.3,0.0000,ok
S3_PAIR_clean_f001560.jpg,S3_PAIR_clean,S3_court2_paircleanH_20260815_093322,S3_PAIR_clean,1560,90.716,145,320,54,-2,-1,22,,,0,flight,0,0,,1,1,111.2,0.0000,ok
S3_PAIR_clean_f001566.jpg,S3_PAIR_clean,S3_court2_paircleanH_20260815_093322,S3_PAIR_clean,1566,90.938,143,310,64,-1,-2,22,,,0,flight,0,0,,1,1,121.1,0.0000,ok
S3_PAIR_clean_f001572.jpg,S3_PAIR_clean,S3_court2_paircleanH_20260815_093322,S3_PAIR_clean,1572,91.215,143,310,74,0,-2,22,,,0,flight,0,0,,1,1,116.9,0.0000,ok
S3_PAIR_clean_f001578.jpg,S3_PAIR_clean,S3_court2_paircleanH_20260815_093322,S3_PAIR_clean,1578,91.521,148,320,84,0,-1,22,,,0,flight,0,0,,1,1,178.2,0.0000,ok
S3_PAIR_clean_f001584.jpg,S3_PAIR_clean,S3_court2_paircleanH_20260815_093322,S3_PAIR_clean,1584,91.762,151,320,85,0,-1,22,,,0,flight,0,0,,1,1,219.1,0.0000,ok
S3_PAIR_clean_f001590.jpg,S3_PAIR_clean,S3_court2_paircleanH_20260815_093322,S3_PAIR_clean,1590,92.033,155,320,87,0,-1,22,,,0,flight,0,0,,1,1,249.4,0.0000,ok
S3_PAIR_clean_f001596.jpg,S3_PAIR_clean,S3_court2_paircleanH_20260815_093322,S3_PAIR_clean,1596,92.246,155,330,87,0,-5,21,,,0,flight,0,0,,0,1,315.7,0.0000,ok
S3_PAIR_clean_f001602.jpg,S3_PAIR_clean,S3_court2_paircleanH_20260815_093322,S3_PAIR_clean,1602,92.546,155,330,87,0,-6,21,,,0,flight,0,0,,0,1,250.9,0.0000,ok
S3_PAIR_clean_f001608.jpg,S3_PAIR_clean,S3_court2_paircleanH_20260815_093322,S3_PAIR_clean,1608,92.856,158,330,87,0,-5,21,,,0,flight,0,0,,1,1,239.3,0.0000,ok
S3_PAIR_clean_f001614.jpg,S3_PAIR_clean,S3_court2_paircleanH_20260815_093322,S3_PAIR_clean,1614,93.179,174,330,87,0,-4,21,,,0,flight,0,0,,1,1,230.4,0.0000,ok
S3_PAIR_clean_f001620.jpg,S3_PAIR_clean,S3_court2_paircleanH_20260815_093322,S3_PAIR_clean,1620,93.389,169,340,87,1,-4,21,,,0,flight,0,0,,1,1,217.7,0.0000,ok
S3_PAIR_clean_f001626.jpg,S3_PAIR_clean,S3_court2_paircleanH_20260815_093322,S3_PAIR_clean,1626,93.680,150,330,87,1,-3,21,,,0,flight,0,0,,1,1,221.0,0.0000,ok
S3_PAIR_clean_f001632.jpg,S3_PAIR_clean,S3_court2_paircleanH_20260815_093322,S3_PAIR_clean,1632,93.979,143,330,87,0,-2,21,,,0,flight,0,0,,1,1,243.3,0.0000,ok
S3_PAIR_clean_f001638.jpg,S3_PAIR_clean,S3_court2_paircleanH_20260815_093322,S3_PAIR_clean,1638,94.196,142,330,87,0,-3,21,,,0,flight,0,0,,1,1,251.2,0.0000,ok
S3_PAIR_clean_f001644.jpg,S3_PAIR_clean,S3_court2_paircleanH_20260815_093322,S3_PAIR_clean,1644,94.596,158,330,87,0,-2,21,,,0,flight,0,0,,0,1,254.8,0.0000,ok
S3_PAIR_clean_f001650.jpg,S3_PAIR_clean,S3_court2_paircleanH_20260815_093322,S3_PAIR_clean,1650,94.799,139,320,87,0,0,21,,,0,flight,0,0,,1,1,245.2,0.0000,ok
S3_PAIR_clean_f001656.jpg,S3_PAIR_clean,S3_court2_paircleanH_20260815_093322,S3_PAIR_clean,1656,95.005,152,320,87,0,1,21,17.89,5.383,0,flight,0,0,,1,1,255.1,0.0000,ok
S3_PAIR_clean_f001662.jpg,S3_PAIR_clean,S3_court2_paircleanH_20260815_093322,S3_PAIR_clean,1662,95.228,157,320,87,0,1,21,,,0,flight,0,0,,1,1,287.7,0.0000,ok
S3_PAIR_clean_f001668.jpg,S3_PAIR_clean,S3_court2_paircleanH_20260815_093322,S3_PAIR_clean,1668,95.524,161,330,87,0,1,21,,,0,flight,0,0,,1,1,232.6,0.0000,ok
S3_PAIR_clean_f001674.jpg,S3_PAIR_clean,S3_court2_paircleanH_20260815_093322,S3_PAIR_clean,1674,95.921,170,330,87,0,1,21,18.51,5.203,0,flight,0,0,,1,1,261.1,0.0000,ok
S3_PAIR_clean_f001680.jpg,S3_PAIR_clean,S3_court2_paircleanH_20260815_093322,S3_PAIR_clean,1680,96.231,181,340,87,0,1,21,18.57,5.186,0,flight,0,0,,1,1,259.0,0.0000,ok
S3_PAIR_clean_f001686.jpg,S3_PAIR_clean,S3_court2_paircleanH_20260815_093322,S3_PAIR_clean,1686,96.434,197,350,87,0,2,21,18.81,5.120,0,flight,0,0,,1,1,253.4,0.0000,ok
S3_PAIR_clean_f001692.jpg,S3_PAIR_clean,S3_court2_paircleanH_20260815_093322,S3_PAIR_clean,1692,96.739,209,370,87,0,1,21,,,0,flight,0,0,,1,1,278.0,0.0000,ok
S3_PAIR_clean_f001698.jpg,S3_PAIR_clean,S3_court2_paircleanH_20260815_093322,S3_PAIR_clean,1698,96.976,220,370,87,0,1,21,,,0,flight,0,0,,1,1,279.1,0.0000,ok
S3_PAIR_clean_f001704.jpg,S3_PAIR_clean,S3_court2_paircleanH_20260815_093322,S3_PAIR_clean,1704,97.285,231,390,87,0,0,21,,,0,flight,0,0,,1,1,310.8,0.0000,ok
S3_PAIR_clean_f001710.jpg,S3_PAIR_clean,S3_court2_paircleanH_20260815_093322,S3_PAIR_clean,1710,97.589,239,400,87,0,0,20,,,0,flight,0,0,,1,1,303.3,0.0000,ok
S3_PAIR_clean_f001716.jpg,S3_PAIR_clean,S3_court2_paircleanH_20260815_093322,S3_PAIR_clean,1716,97.889,240,400,87,0,0,20,,,0,flight,0,0,,1,1,315.3,0.0000,ok
S3_PAIR_clean_f001722.jpg,S3_PAIR_clean,S3_court2_paircleanH_20260815_093322,S3_PAIR_clean,1722,98.093,241,400,87,0,0,20,,,0,flight,0,0,,1,1,352.3,0.0000,ok
S3_PAIR_clean_f001728.jpg,S3_PAIR_clean,S3_court2_paircleanH_20260815_093322,S3_PAIR_clean,1728,98.489,235,400,87,1,0,20,,,0,flight,0,0,,0,1,317.9,0.0000,ok
S3_PAIR_clean_f001734.jpg,S3_PAIR_clean,S3_court2_paircleanH_20260815_093322,S3_PAIR_clean,1734,98.798,234,400,87,0,0,20,,,0,flight,0,0,,1,1,327.1,0.0000,ok
S3_PAIR_clean_f001740.jpg,S3_PAIR_clean,S3_court2_paircleanH_20260815_093322,S3_PAIR_clean,1740,99.095,233,400,87,0,0,20,,,0,flight,0,0,,1,1,330.8,0.0000,ok
S3_PAIR_clean_f001746.jpg,S3_PAIR_clean,S3_court2_paircleanH_20260815_093322,S3_PAIR_clean,1746,99.320,234,400,87,0,0,20,,,0,flight,0,0,,1,1,359.1,0.0000,ok
S3_PAIR_clean_f001752.jpg,S3_PAIR_clean,S3_court2_paircleanH_20260815_093322,S3_PAIR_clean,1752,99.638,235,400,87,0,0,20,,,0,flight,0,0,,1,1,354.9,0.0000,ok
S3_PAIR_clean_f001758.jpg,S3_PAIR_clean,S3_court2_paircleanH_20260815_093322,S3_PAIR_clean,1758,99.948,240,400,87,0,-2,20,,,0,flight,0,0,,1,1,280.4,0.0000,ok
S3_PAIR_clean_f001764.jpg,S3_PAIR_clean,S3_court2_paircleanH_20260815_093322,S3_PAIR_clean,1764,100.229,244,400,87,0,-5,20,,,0,flight,0,0,,1,1,293.2,0.0000,ok
S3_PAIR_clean_f001770.jpg,S3_PAIR_clean,S3_court2_paircleanH_20260815_093322,S3_PAIR_clean,1770,100.558,240,410,87,0,-4,20,,,0,flight,0,0,,1,1,258.3,0.0000,ok
S3_PAIR_clean_f001776.jpg,S3_PAIR_clean,S3_court2_paircleanH_20260815_093322,S3_PAIR_clean,1776,100.848,237,400,87,0,-3,20,,,0,flight,0,0,,1,1,257.7,0.0000,ok
S3_PAIR_clean_f001782.jpg,S3_PAIR_clean,S3_court2_paircleanH_20260815_093322,S3_PAIR_clean,1782,101.153,240,400,87,0,-3,20,,,0,flight,0,0,,1,1,251.9,0.0000,ok
S3_PAIR_clean_f001788.jpg,S3_PAIR_clean,S3_court2_paircleanH_20260815_093322,S3_PAIR_clean,1788,101.471,247,400,86,0,-2,20,,,0,flight,0,0,,1,1,287.3,0.0000,ok
S3_PAIR_clean_f001794.jpg,S3_PAIR_clean,S3_court2_paircleanH_20260815_093322,S3_PAIR_clean,1794,101.863,251,410,87,0,2,20,,,0,flight,0,0,,1,1,287.2,0.0000,ok
S3_PAIR_clean_f001800.jpg,S3_PAIR_clean,S3_court2_paircleanH_20260815_093322,S3_PAIR_clean,1800,102.166,239,410,92,0,2,20,,,0,flight,0,0,,1,1,213.0,0.0000,ok
S3_PAIR_clean_f001806.jpg,S3_PAIR_clean,S3_court2_paircleanH_20260815_093322,S3_PAIR_clean,1806,102.478,230,410,99,0,1,20,,,0,flight,0,0,,1,1,172.9,0.0000,ok
S3_PAIR_clean_f001812.jpg,S3_PAIR_clean,S3_court2_paircleanH_20260815_093322,S3_PAIR_clean,1812,102.788,224,400,106,0,0,20,,,0,flight,0,0,,1,1,154.4,0.0000,ok
S3_PAIR_clean_f001818.jpg,S3_PAIR_clean,S3_court2_paircleanH_20260815_093322,S3_PAIR_clean,1818,103.205,223,390,113,0,3,20,,,0,flight,0,0,,1,1,102.9,0.0000,ok
S3_PAIR_clean_f001824.jpg,S3_PAIR_clean,S3_court2_paircleanH_20260815_093322,S3_PAIR_clean,1824,103.421,224,390,118,0,1,19,17.42,5.528,0,flight,0,0,,0,1,141.2,0.0000,ok
S3_PAIR_clean_f001830.jpg,S3_PAIR_clean,S3_court2_paircleanH_20260815_093322,S3_PAIR_clean,1830,103.814,235,400,119,0,0,19,16.92,5.691,0,flight,0,0,,0,1,129.9,0.0000,ok
S3_PAIR_clean_f001836.jpg,S3_PAIR_clean,S3_court2_paircleanH_20260815_093322,S3_PAIR_clean,1836,104.133,243,400,119,1,-5,19,,,0,flight,0,0,,1,1,144.0,0.0000,ok
S3_PAIR_clean_f001842.jpg,S3_PAIR_clean,S3_court2_paircleanH_20260815_093322,S3_PAIR_clean,1842,104.528,236,400,119,0,-4,19,,,0,flight,0,0,,1,1,125.2,0.0000,ok
S3_PAIR_clean_f001848.jpg,S3_PAIR_clean,S3_court2_paircleanH_20260815_093322,S3_PAIR_clean,1848,104.837,235,400,119,0,-2,19,,,0,flight,0,0,,1,1,130.6,0.0000,ok
S3_PAIR_clean_f001854.jpg,S3_PAIR_clean,S3_court2_paircleanH_20260815_093322,S3_PAIR_clean,1854,105.129,236,400,119,0,-2,19,,,0,flight,0,0,,1,1,131.0,0.0000,ok
S3_PAIR_clean_f001860.jpg,S3_PAIR_clean,S3_court2_paircleanH_20260815_093322,S3_PAIR_clean,1860,105.363,224,400,119,0,0,19,,,0,flight,0,0,,1,1,125.7,0.0000,ok
S3_PAIR_clean_f001866.jpg,S3_PAIR_clean,S3_court2_paircleanH_20260815_093322,S3_PAIR_clean,1866,105.749,228,390,125,0,1,19,,,0,flight,0,0,,1,1,96.8,0.0000,ok
S3_PAIR_clean_f001872.jpg,S3_PAIR_clean,S3_court2_paircleanH_20260815_093322,S3_PAIR_clean,1872,106.072,227,390,134,0,1,19,,,0,flight,0,0,,0,1,49.2,0.0000,ok
S3_PAIR_clean_f001878.jpg,S3_PAIR_clean,S3_court2_paircleanH_20260815_093322,S3_PAIR_clean,1878,106.288,232,400,140,-1,1,19,,,0,flight,0,0,,0,1,30.3,0.0000,blurry
S3_PAIR_clean_f001884.jpg,S3_PAIR_clean,S3_court2_paircleanH_20260815_093322,S3_PAIR_clean,1884,106.597,240,400,147,-1,0,19,,,0,flight,0,0,,0,1,43.3,0.0000,ok
S3_PAIR_clean_f001890.jpg,S3_PAIR_clean,S3_court2_paircleanH_20260815_093322,S3_PAIR_clean,1890,106.896,245,410,148,-1,0,19,,,0,flight,0,0,,0,1,54.4,0.0000,ok
S3_PAIR_clean_f001896.jpg,S3_PAIR_clean,S3_court2_paircleanH_20260815_093322,S3_PAIR_clean,1896,107.204,245,410,149,0,-5,19,,,0,flight,0,0,,0,1,59.4,0.0000,ok
S3_PAIR_clean_f001902.jpg,S3_PAIR_clean,S3_court2_paircleanH_20260815_093322,S3_PAIR_clean,1902,107.522,247,410,150,0,-6,19,,,0,flight,0,0,,0,1,62.2,0.0000,ok
S3_PAIR_clean_f001908.jpg,S3_PAIR_clean,S3_court2_paircleanH_20260815_093322,S3_PAIR_clean,1908,107.807,244,410,150,0,-6,19,,,0,flight,0,0,,0,1,54.5,0.0000,ok
S3_PAIR_clean_f001914.jpg,S3_PAIR_clean,S3_court2_paircleanH_20260815_093322,S3_PAIR_clean,1914,108.125,242,410,150,1,-4,19,,,0,flight,0,0,,0,1,58.1,0.0000,ok
S3_PAIR_clean_f001920.jpg,S3_PAIR_clean,S3_court2_paircleanH_20260815_093322,S3_PAIR_clean,1920,108.415,262,410,150,2,-2,19,,,0,flight,0,0,,0,1,60.5,0.0000,ok
S3_PAIR_clean_f001926.jpg,S3_PAIR_clean,S3_court2_paircleanH_20260815_093322,S3_PAIR_clean,1926,108.841,264,410,149,3,-3,19,,,0,flight,0,0,,0,1,69.0,0.0000,ok
S3_PAIR_clean_f001932.jpg,S3_PAIR_clean,S3_court2_paircleanH_20260815_093322,S3_PAIR_clean,1932,109.238,266,400,149,3,-2,19,,,0,flight,0,0,,1,1,73.5,0.0000,ok
S3_PAIR_clean_f001938.jpg,S3_PAIR_clean,S3_court2_paircleanH_20260815_093322,S3_PAIR_clean,1938,109.547,274,400,149,3,-2,19,,,0,flight,0,0,,0,1,66.8,0.0000,ok
S3_PAIR_clean_f001944.jpg,S3_PAIR_clean,S3_court2_paircleanH_20260815_093322,S3_PAIR_clean,1944,109.846,261,400,150,4,1,19,,,0,flight,0,0,,1,1,77.5,0.0000,ok
S3_PAIR_clean_f001950.jpg,S3_PAIR_clean,S3_court2_paircleanH_20260815_093322,S3_PAIR_clean,1950,110.072,256,400,150,4,0,19,,,0,flight,0,0,,0,1,76.8,0.0000,ok
S3_PAIR_clean_f001956.jpg,S3_PAIR_clean,S3_court2_paircleanH_20260815_093322,S3_PAIR_clean,1956,110.459,259,400,149,4,0,18,,,0,flight,0,0,,1,1,81.7,0.0000,ok
S3_PAIR_clean_f001962.jpg,S3_PAIR_clean,S3_court2_paircleanH_20260815_093322,S3_PAIR_clean,1962,110.694,268,400,149,4,0,18,,,0,flight,0,0,,1,1,83.8,0.0000,ok
S3_PAIR_clean_f001968.jpg,S3_PAIR_clean,S3_court2_paircleanH_20260815_093322,S3_PAIR_clean,1968,110.991,262,400,149,2,0,18,,,0,flight,0,0,,1,1,53.1,0.0000,ok
S3_PAIR_clean_f001974.jpg,S3_PAIR_clean,S3_court2_paircleanH_20260815_093322,S3_PAIR_clean,1974,111.391,267,400,149,3,0,18,,,0,flight,0,0,,1,1,64.9,0.0000,ok
S3_PAIR_clean_f001980.jpg,S3_PAIR_clean,S3_court2_paircleanH_20260815_093322,S3_PAIR_clean,1980,111.720,264,400,150,4,0,18,,,0,flight,0,0,,1,1,81.1,0.0000,ok
S3_PAIR_clean_f001986.jpg,S3_PAIR_clean,S3_court2_paircleanH_20260815_093322,S3_PAIR_clean,1986,111.996,267,400,150,4,0,18,,,0,flight,0,0,,1,1,94.5,0.0000,ok
S3_PAIR_clean_f001992.jpg,S3_PAIR_clean,S3_court2_paircleanH_20260815_093322,S3_PAIR_clean,1992,112.330,270,400,149,6,0,18,,,0,flight,0,0,,1,1,55.7,0.0000,ok
S3_PAIR_clean_f001998.jpg,S3_PAIR_clean,S3_court2_paircleanH_20260815_093322,S3_PAIR_clean,1998,112.623,276,410,149,4,-1,18,,,0,flight,0,0,,0,1,69.3,0.0000,ok
S3_PAIR_clean_f002004.jpg,S3_PAIR_clean,S3_court2_paircleanH_20260815_093322,S3_PAIR_clean,2004,112.922,289,420,149,3,-1,18,,,0,flight,0,0,,1,1,90.7,0.0000,ok
S3_PAIR_clean_f002010.jpg,S3_PAIR_clean,S3_court2_paircleanH_20260815_093322,S3_PAIR_clean,2010,113.233,309,430,150,3,-1,18,,,0,flight,0,0,,1,1,93.9,0.0000,ok
S3_PAIR_clean_f002016.jpg,S3_PAIR_clean,S3_court2_paircleanH_20260815_093322,S3_PAIR_clean,2016,113.430,311,430,150,4,-1,18,,,0,flight,0,0,,1,1,80.5,0.0000,ok
S3_PAIR_clean_f002022.jpg,S3_PAIR_clean,S3_court2_paircleanH_20260815_093322,S3_PAIR_clean,2022,113.655,318,440,150,5,0,18,,,0,flight,0,0,,1,1,79.6,0.0000,ok
S3_PAIR_clean_f002028.jpg,S3_PAIR_clean,S3_court2_paircleanH_20260815_093322,S3_PAIR_clean,2028,113.943,332,450,150,5,0,18,,,0,flight,0,0,,1,1,85.4,0.0000,ok
S3_PAIR_clean_f002034.jpg,S3_PAIR_clean,S3_court2_paircleanH_20260815_093322,S3_PAIR_clean,2034,114.263,325,450,149,4,-1,17,,,0,flight,0,0,,1,1,90.8,0.0000,ok
S3_PAIR_clean_f002040.jpg,S3_PAIR_clean,S3_court2_paircleanH_20260815_093322,S3_PAIR_clean,2040,114.562,325,450,150,6,0,17,,,0,flight,0,0,,1,1,55.8,0.0000,ok
S3_PAIR_clean_f002046.jpg,S3_PAIR_clean,S3_court2_paircleanH_20260815_093322,S3_PAIR_clean,2046,114.870,321,450,150,8,0,17,,,0,flight,0,0,,1,1,84.2,0.0000,ok
S3_PAIR_clean_f002052.jpg,S3_PAIR_clean,S3_court2_paircleanH_20260815_093322,S3_PAIR_clean,2052,115.184,314,450,150,8,0,17,,,0,flight,0,0,,1,1,98.7,0.0000,ok
S3_PAIR_clean_f002058.jpg,S3_PAIR_clean,S3_court2_paircleanH_20260815_093322,S3_PAIR_clean,2058,115.479,309,450,149,6,0,17,,,0,flight,0,0,,1,1,51.2,0.0000,ok
S3_PAIR_clean_f002064.jpg,S3_PAIR_clean,S3_court2_paircleanH_20260815_093322,S3_PAIR_clean,2064,115.705,299,440,149,2,-1,17,,,0,flight,0,0,,1,1,83.1,0.0000,ok
S3_PAIR_clean_f002070.jpg,S3_PAIR_clean,S3_court2_paircleanH_20260815_093322,S3_PAIR_clean,2070,116.012,312,440,149,2,0,17,,,0,flight,0,0,,0,1,99.0,0.0000,ok
S3_PAIR_clean_f002076.jpg,S3_PAIR_clean,S3_court2_paircleanH_20260815_093322,S3_PAIR_clean,2076,116.209,308,440,149,3,0,17,,,0,flight,0,0,,1,1,94.1,0.0000,ok
S3_PAIR_clean_f002082.jpg,S3_PAIR_clean,S3_court2_paircleanH_20260815_093322,S3_PAIR_clean,2082,116.522,316,450,149,7,0,17,,,0,flight,0,0,,1,1,55.7,0.0000,ok
S3_PAIR_clean_f002088.jpg,S3_PAIR_clean,S3_court2_paircleanH_20260815_093322,S3_PAIR_clean,2088,116.921,322,450,149,8,-1,17,,,0,flight,0,0,,0,1,92.6,0.0000,ok
S3_PAIR_clean_f002094.jpg,S3_PAIR_clean,S3_court2_paircleanH_20260815_093322,S3_PAIR_clean,2094,117.223,325,460,149,5,-1,17,,,0,flight,0,0,,1,1,65.9,0.0000,ok
S3_PAIR_clean_f002100.jpg,S3_PAIR_clean,S3_court2_paircleanH_20260815_093322,S3_PAIR_clean,2100,117.545,319,450,149,2,-1,17,,,0,flight,0,0,,1,1,77.1,0.0000,ok
S3_PAIR_clean_f002106.jpg,S3_PAIR_clean,S3_court2_paircleanH_20260815_093322,S3_PAIR_clean,2106,117.846,317,450,150,3,0,17,,,0,flight,0,0,,1,1,93.7,0.0000,ok
S3_PAIR_clean_f002112.jpg,S3_PAIR_clean,S3_court2_paircleanH_20260815_093322,S3_PAIR_clean,2112,118.138,307,450,150,3,0,17,,,0,flight,0,0,,1,1,100.8,0.0000,ok
S3_PAIR_clean_f002118.jpg,S3_PAIR_clean,S3_court2_paircleanH_20260815_093322,S3_PAIR_clean,2118,118.396,313,450,149,0,0,17,,,0,flight,0,0,,1,1,75.3,0.0000,ok
S3_PAIR_clean_f002124.jpg,S3_PAIR_clean,S3_court2_paircleanH_20260815_093322,S3_PAIR_clean,2124,118.680,325,450,149,2,-1,17,,,0,flight,0,0,,1,1,58.3,0.0000,ok
S3_PAIR_clean_f002130.jpg,S3_PAIR_clean,S3_court2_paircleanH_20260815_093322,S3_PAIR_clean,2130,118.971,333,460,149,4,-6,17,,,0,flight,0,0,,1,1,69.2,0.0000,ok
S3_PAIR_clean_f002136.jpg,S3_PAIR_clean,S3_court2_paircleanH_20260815_093322,S3_PAIR_clean,2136,119.205,337,460,149,4,-6,17,,,0,flight,0,0,,1,1,83.3,0.0000,ok
S3_PAIR_clean_f002142.jpg,S3_PAIR_clean,S3_court2_paircleanH_20260815_093322,S3_PAIR_clean,2142,119.514,324,460,149,3,-3,17,,,0,flight,0,0,,1,1,68.5,0.0000,ok
S3_PAIR_clean_f002148.jpg,S3_PAIR_clean,S3_court2_paircleanH_20260815_093322,S3_PAIR_clean,2148,119.816,331,460,150,3,-3,17,,,0,flight,0,0,,1,1,76.2,0.0000,ok
S3_PAIR_clean_f002154.jpg,S3_PAIR_clean,S3_court2_paircleanH_20260815_093322,S3_PAIR_clean,2154,120.113,353,460,150,5,2,17,,,0,flight,0,0,,1,1,71.0,0.0000,ok
S3_PAIR_clean_f002160.jpg,S3_PAIR_clean,S3_court2_paircleanH_20260815_093322,S3_PAIR_clean,2160,120.327,341,470,149,4,1,17,,,0,flight,0,0,,1,1,70.2,0.0000,ok
S3_PAIR_clean_f002166.jpg,S3_PAIR_clean,S3_court2_paircleanH_20260815_093322,S3_PAIR_clean,2166,120.621,339,470,149,3,0,17,,,0,flight,0,0,,0,1,88.0,0.0000,ok
S3_PAIR_clean_f002172.jpg,S3_PAIR_clean,S3_court2_paircleanH_20260815_093322,S3_PAIR_clean,2172,120.906,323,460,149,1,0,17,,,0,flight,0,0,,1,1,94.2,0.0000,ok
S3_PAIR_clean_f002178.jpg,S3_PAIR_clean,S3_court2_paircleanH_20260815_093322,S3_PAIR_clean,2178,121.215,306,450,155,1,-1,17,,,0,flight,0,0,,1,1,54.4,0.0000,ok
S3_PAIR_clean_f002184.jpg,S3_PAIR_clean,S3_court2_paircleanH_20260815_093322,S3_PAIR_clean,2184,121.536,304,450,157,0,0,17,,,0,flight,0,0,,1,1,45.4,0.0000,ok
S3_PAIR_clean_f002190.jpg,S3_PAIR_clean,S3_court2_paircleanH_20260815_093322,S3_PAIR_clean,2190,121.830,305,440,157,1,-1,17,,,0,flight,0,0,,1,1,74.6,0.0000,ok
S3_PAIR_clean_f002196.jpg,S3_PAIR_clean,S3_court2_paircleanH_20260815_093322,S3_PAIR_clean,2196,122.047,304,440,157,2,-2,17,,,0,flight,0,0,,1,1,76.2,0.0000,ok
S3_PAIR_clean_f002202.jpg,S3_PAIR_clean,S3_court2_paircleanH_20260815_093322,S3_PAIR_clean,2202,122.346,315,440,157,1,-1,17,,,0,flight,0,0,,1,1,65.1,0.0000,ok
S3_PAIR_clean_f002208.jpg,S3_PAIR_clean,S3_court2_paircleanH_20260815_093322,S3_PAIR_clean,2208,122.663,320,450,158,2,-2,17,,,0,flight,0,0,,1,1,68.9,0.0000,ok
S3_PAIR_clean_f002214.jpg,S3_PAIR_clean,S3_court2_paircleanH_20260815_093322,S3_PAIR_clean,2214,122.971,328,450,158,0,-1,17,,,0,flight,0,0,,1,1,80.9,0.0000,ok
S3_PAIR_clean_f002220.jpg,S3_PAIR_clean,S3_court2_paircleanH_20260815_093322,S3_PAIR_clean,2220,123.290,338,460,158,0,0,17,,,0,flight,0,0,,1,1,41.1,0.0000,ok
S3_PAIR_clean_f002226.jpg,S3_PAIR_clean,S3_court2_paircleanH_20260815_093322,S3_PAIR_clean,2226,123.598,341,460,162,0,0,16,,,0,flight,0,0,,1,1,54.3,0.0000,ok
S3_PAIR_clean_f002232.jpg,S3_PAIR_clean,S3_court2_paircleanH_20260815_093322,S3_PAIR_clean,2232,123.976,331,460,162,0,-1,16,,,0,flight,0,0,,1,1,67.6,0.0000,ok
S3_PAIR_clean_f002238.jpg,S3_PAIR_clean,S3_court2_paircleanH_20260815_093322,S3_PAIR_clean,2238,124.305,319,460,162,1,-6,16,,,0,flight,0,0,,1,1,63.6,0.0000,ok
S3_PAIR_clean_f002244.jpg,S3_PAIR_clean,S3_court2_paircleanH_20260815_093322,S3_PAIR_clean,2244,124.615,317,450,162,1,-7,16,,,0,flight,0,0,,1,1,62.1,0.0000,ok
S3_PAIR_clean_f002250.jpg,S3_PAIR_clean,S3_court2_paircleanH_20260815_093322,S3_PAIR_clean,2250,124.830,324,450,163,0,-4,16,,,0,flight,0,0,,1,1,57.6,0.0000,ok
S3_PAIR_clean_f002256.jpg,S3_PAIR_clean,S3_court2_paircleanH_20260815_093322,S3_PAIR_clean,2256,125.137,332,450,163,0,-2,16,,,0,flight,0,0,,1,1,49.1,0.0000,ok
S3_PAIR_clean_f002262.jpg,S3_PAIR_clean,S3_court2_paircleanH_20260815_093322,S3_PAIR_clean,2262,125.445,340,460,163,0,2,16,,,0,flight,0,0,,1,1,59.8,0.0000,ok
S3_PAIR_clean_f002268.jpg,S3_PAIR_clean,S3_court2_paircleanH_20260815_093322,S3_PAIR_clean,2268,125.741,337,460,171,0,2,16,,,0,flight,0,0,,1,1,33.3,0.0000,blurry
S3_PAIR_clean_f002274.jpg,S3_PAIR_clean,S3_court2_paircleanH_20260815_093322,S3_PAIR_clean,2274,126.155,321,460,179,0,0,16,,,0,flight,0,0,,1,1,64.4,0.0000,ok
S3_PAIR_clean_f002280.jpg,S3_PAIR_clean,S3_court2_paircleanH_20260815_093322,S3_PAIR_clean,2280,126.465,330,460,-178,0,0,16,,,0,flight,0,0,,1,1,67.6,0.0000,ok
S3_PAIR_clean_f002286.jpg,S3_PAIR_clean,S3_court2_paircleanH_20260815_093322,S3_PAIR_clean,2286,126.764,311,450,-177,0,-5,16,,,0,flight,0,0,,1,1,70.9,0.0000,ok
S3_PAIR_clean_f002292.jpg,S3_PAIR_clean,S3_court2_paircleanH_20260815_093322,S3_PAIR_clean,2292,127.055,312,450,-176,0,-7,16,,,0,flight,0,0,,1,1,86.6,0.0000,ok
S3_PAIR_clean_f002298.jpg,S3_PAIR_clean,S3_court2_paircleanH_20260815_093322,S3_PAIR_clean,2298,127.375,317,450,-176,0,-5,16,,,0,flight,0,0,,1,1,82.3,0.0000,ok
S3_PAIR_clean_f002304.jpg,S3_PAIR_clean,S3_court2_paircleanH_20260815_093322,S3_PAIR_clean,2304,127.588,318,450,-176,0,-3,16,,,0,flight,0,0,,1,1,81.0,0.0000,ok
S3_PAIR_clean_f002310.jpg,S3_PAIR_clean,S3_court2_paircleanH_20260815_093322,S3_PAIR_clean,2310,127.887,323,450,-176,0,-3,16,,,0,flight,0,0,,1,1,85.2,0.0000,ok
S3_PAIR_clean_f002316.jpg,S3_PAIR_clean,S3_court2_paircleanH_20260815_093322,S3_PAIR_clean,2316,128.183,318,450,-176,1,-2,16,,,0,flight,0,0,,1,1,90.1,0.0000,ok
S3_PAIR_clean_f002322.jpg,S3_PAIR_clean,S3_court2_paircleanH_20260815_093322,S3_PAIR_clean,2322,128.505,324,460,-176,0,-2,16,,,0,flight,0,0,,1,1,82.6,0.0000,ok
S3_PAIR_clean_f002328.jpg,S3_PAIR_clean,S3_court2_paircleanH_20260815_093322,S3_PAIR_clean,2328,128.811,329,460,-176,0,-3,16,,,0,flight,0,0,,1,1,89.6,0.0000,ok
S3_PAIR_clean_f002334.jpg,S3_PAIR_clean,S3_court2_paircleanH_20260815_093322,S3_PAIR_clean,2334,129.121,320,460,-176,0,0,16,,,0,flight,0,0,,1,1,75.7,0.0000,ok
S3_PAIR_clean_f002340.jpg,S3_PAIR_clean,S3_court2_paircleanH_20260815_093322,S3_PAIR_clean,2340,129.412,316,450,-176,0,-1,16,,,0,flight,0,0,,1,1,69.0,0.0000,ok
S3_PAIR_clean_f002346.jpg,S3_PAIR_clean,S3_court2_paircleanH_20260815_093322,S3_PAIR_clean,2346,129.715,317,450,-176,0,0,16,,,0,flight,0,0,,1,1,82.3,0.0000,ok
S3_PAIR_clean_f002352.jpg,S3_PAIR_clean,S3_court2_paircleanH_20260815_093322,S3_PAIR_clean,2352,130.025,323,450,-176,1,0,16,,,0,flight,0,0,,1,1,83.4,0.0000,ok
S3_PAIR_clean_f002358.jpg,S3_PAIR_clean,S3_court2_paircleanH_20260815_093322,S3_PAIR_clean,2358,130.338,305,450,-176,0,0,16,,,0,flight,0,0,,1,1,75.9,0.0000,ok
S3_PAIR_clean_f002364.jpg,S3_PAIR_clean,S3_court2_paircleanH_20260815_093322,S3_PAIR_clean,2364,130.643,329,450,-176,0,-6,16,,,0,flight,0,0,,1,1,72.8,0.0000,ok
S3_PAIR_clean_f002370.jpg,S3_PAIR_clean,S3_court2_paircleanH_20260815_093322,S3_PAIR_clean,2370,130.974,328,460,-176,0,0,16,,,0,flight,0,0,,1,1,77.5,0.0000,ok
S3_PAIR_clean_f002376.jpg,S3_PAIR_clean,S3_court2_paircleanH_20260815_093322,S3_PAIR_clean,2376,131.189,325,460,-176,5,2,16,,,0,flight,0,0,,1,1,82.7,0.0000,ok
S3_PAIR_clean_f002382.jpg,S3_PAIR_clean,S3_court2_paircleanH_20260815_093322,S3_PAIR_clean,2382,131.498,326,450,-176,5,1,15,,,0,flight,0,0,,1,1,75.7,0.0000,ok
S3_PAIR_clean_f002388.jpg,S3_PAIR_clean,S3_court2_paircleanH_20260815_093322,S3_PAIR_clean,2388,131.804,328,460,-176,4,0,15,,,0,flight,0,0,,1,1,73.6,0.0000,ok
S3_PAIR_clean_f002394.jpg,S3_PAIR_clean,S3_court2_paircleanH_20260815_093322,S3_PAIR_clean,2394,132.080,329,460,-176,3,0,15,,,0,flight,0,0,,1,1,87.9,0.0000,ok
S3_PAIR_clean_f002400.jpg,S3_PAIR_clean,S3_court2_paircleanH_20260815_093322,S3_PAIR_clean,2400,132.380,320,460,-176,2,-1,15,,,0,flight,0,0,,1,1,78.8,0.0000,ok
S3_PAIR_clean_f002406.jpg,S3_PAIR_clean,S3_court2_paircleanH_20260815_093322,S3_PAIR_clean,2406,132.605,318,460,-176,2,-1,15,,,0,flight,0,0,,1,1,89.5,0.0000,ok
S3_PAIR_clean_f002412.jpg,S3_PAIR_clean,S3_court2_paircleanH_20260815_093322,S3_PAIR_clean,2412,132.930,319,450,-176,2,-1,15,,,0,flight,0,0,,1,1,93.4,0.0000,ok
S3_PAIR_clean_f002418.jpg,S3_PAIR_clean,S3_court2_paircleanH_20260815_093322,S3_PAIR_clean,2418,133.140,314,450,-176,2,0,15,,,0,flight,0,0,,1,1,94.9,0.0000,ok
S3_PAIR_clean_f002424.jpg,S3_PAIR_clean,S3_court2_paircleanH_20260815_093322,S3_PAIR_clean,2424,133.523,312,450,-176,2,0,15,,,0,flight,0,0,,1,1,77.4,0.0000,ok
S3_PAIR_clean_f002430.jpg,S3_PAIR_clean,S3_court2_paircleanH_20260815_093322,S3_PAIR_clean,2430,133.758,318,450,-176,2,0,15,,,0,flight,0,0,,1,1,85.8,0.0000,ok
S3_PAIR_clean_f002436.jpg,S3_PAIR_clean,S3_court2_paircleanH_20260815_093322,S3_PAIR_clean,2436,133.963,314,450,-176,2,0,15,,,0,flight,0,0,,1,1,83.6,0.0000,ok
S3_PAIR_clean_f002442.jpg,S3_PAIR_clean,S3_court2_paircleanH_20260815_093322,S3_PAIR_clean,2442,134.263,331,450,-176,2,0,15,,,0,flight,0,0,,1,1,65.4,0.0000,ok
S3_PAIR_clean_f002448.jpg,S3_PAIR_clean,S3_court2_paircleanH_20260815_093322,S3_PAIR_clean,2448,134.647,329,460,-176,3,2,15,,,0,flight,0,0,,1,1,66.1,0.0000,ok
S3_PAIR_clean_f002454.jpg,S3_PAIR_clean,S3_court2_paircleanH_20260815_093322,S3_PAIR_clean,2454,134.962,340,460,-176,3,3,15,,,0,flight,0,0,,1,1,81.0,0.0000,ok
S3_PAIR_clean_f002460.jpg,S3_PAIR_clean,S3_court2_paircleanH_20260815_093322,S3_PAIR_clean,2460,135.243,345,460,-176,4,2,15,,,0,flight,0,0,,1,1,65.9,0.0000,ok
S3_PAIR_clean_f002466.jpg,S3_PAIR_clean,S3_court2_paircleanH_20260815_093322,S3_PAIR_clean,2466,135.461,339,460,-176,4,2,15,,,0,flight,0,0,,1,1,71.5,0.0000,ok
S3_PAIR_clean_f002472.jpg,S3_PAIR_clean,S3_court2_paircleanH_20260815_093322,S3_PAIR_clean,2472,135.781,333,460,-176,4,2,15,,,0,flight,0,0,,1,1,76.8,0.0000,ok
S3_PAIR_clean_f002478.jpg,S3_PAIR_clean,S3_court2_paircleanH_20260815_093322,S3_PAIR_clean,2478,136.065,326,460,-176,4,2,15,,,0,flight,0,0,,1,1,79.6,0.0000,ok
S3_PAIR_clean_f002484.jpg,S3_PAIR_clean,S3_court2_paircleanH_20260815_093322,S3_PAIR_clean,2484,136.293,320,460,-176,4,2,15,,,0,flight,0,0,,1,1,78.4,0.0000,ok
S3_PAIR_clean_f002490.jpg,S3_PAIR_clean,S3_court2_paircleanH_20260815_093322,S3_PAIR_clean,2490,136.575,323,450,-176,4,2,14,,,0,flight,0,0,,1,1,78.3,0.0000,ok
S3_PAIR_clean_f002496.jpg,S3_PAIR_clean,S3_court2_paircleanH_20260815_093322,S3_PAIR_clean,2496,136.800,317,450,-176,4,2,14,,,0,flight,0,0,,1,1,76.7,0.0000,ok
S3_PAIR_clean_f002502.jpg,S3_PAIR_clean,S3_court2_paircleanH_20260815_093322,S3_PAIR_clean,2502,137.104,336,450,-176,5,2,14,,,0,flight,0,0,,1,1,76.1,0.0000,ok
S3_PAIR_clean_f002508.jpg,S3_PAIR_clean,S3_court2_paircleanH_20260815_093322,S3_PAIR_clean,2508,137.321,331,450,-176,5,2,14,,,0,flight,0,0,,1,1,73.4,0.0000,ok
S3_PAIR_clean_f002514.jpg,S3_PAIR_clean,S3_court2_paircleanH_20260815_093322,S3_PAIR_clean,2514,137.532,331,460,-176,4,2,14,,,0,flight,0,0,,1,1,67.8,0.0000,ok
S3_PAIR_clean_f002520.jpg,S3_PAIR_clean,S3_court2_paircleanH_20260815_093322,S3_PAIR_clean,2520,137.822,332,460,-176,1,2,14,,,0,flight,0,0,,1,1,45.2,0.0000,ok
S3_PAIR_clean_f002526.jpg,S3_PAIR_clean,S3_court2_paircleanH_20260815_093322,S3_PAIR_clean,2526,138.122,324,460,-176,3,2,14,,,0,flight,0,0,,1,1,45.9,0.0000,ok
S3_PAIR_clean_f002532.jpg,S3_PAIR_clean,S3_court2_paircleanH_20260815_093322,S3_PAIR_clean,2532,138.428,326,460,-176,6,2,14,,,0,flight,0,0,,1,1,65.0,0.0000,ok
S3_PAIR_clean_f002538.jpg,S3_PAIR_clean,S3_court2_paircleanH_20260815_093322,S3_PAIR_clean,2538,138.742,321,460,-176,2,1,14,,,0,flight,0,0,,1,1,64.7,0.0000,ok
S3_PAIR_clean_f002544.jpg,S3_PAIR_clean,S3_court2_paircleanH_20260815_093322,S3_PAIR_clean,2544,139.047,316,450,-176,1,1,14,,,0,flight,0,0,,1,1,72.5,0.0000,ok
S3_PAIR_clean_f002550.jpg,S3_PAIR_clean,S3_court2_paircleanH_20260815_093322,S3_PAIR_clean,2550,139.281,310,450,-176,1,2,14,,,0,flight,0,0,,1,1,72.9,0.0000,ok
S3_PAIR_clean_f002556.jpg,S3_PAIR_clean,S3_court2_paircleanH_20260815_093322,S3_PAIR_clean,2556,139.568,318,450,-176,3,2,14,,,0,flight,0,0,,1,1,44.6,0.0000,ok
S3_PAIR_clean_f002562.jpg,S3_PAIR_clean,S3_court2_paircleanH_20260815_093322,S3_PAIR_clean,2562,139.868,329,450,-176,8,2,14,,,0,flight,0,0,,1,1,58.1,0.0000,ok
S3_PAIR_clean_f002568.jpg,S3_PAIR_clean,S3_court2_paircleanH_20260815_093322,S3_PAIR_clean,2568,140.177,332,450,-176,7,1,14,,,0,flight,0,0,,1,1,71.9,0.0000,ok
S3_PAIR_clean_f002574.jpg,S3_PAIR_clean,S3_court2_paircleanH_20260815_093322,S3_PAIR_clean,2574,140.490,329,460,-176,5,1,14,,,0,flight,0,0,,1,1,62.6,0.0000,ok
S3_PAIR_clean_f002580.jpg,S3_PAIR_clean,S3_court2_paircleanH_20260815_093322,S3_PAIR_clean,2580,140.772,325,460,-176,5,1,14,,,0,flight,0,0,,1,1,64.7,0.0000,ok
S3_PAIR_clean_f002586.jpg,S3_PAIR_clean,S3_court2_paircleanH_20260815_093322,S3_PAIR_clean,2586,141.084,324,460,-176,4,2,14,,,0,flight,0,0,,1,1,69.1,0.0000,ok
S3_PAIR_clean_f002592.jpg,S3_PAIR_clean,S3_court2_paircleanH_20260815_093322,S3_PAIR_clean,2592,141.383,321,460,-176,4,2,14,,,0,flight,0,0,,1,1,56.7,0.0000,ok
S3_PAIR_clean_f002598.jpg,S3_PAIR_clean,S3_court2_paircleanH_20260815_093322,S3_PAIR_clean,2598,141.625,323,450,-176,5,2,14,,,0,flight,0,0,,1,1,69.6,0.0000,ok
S3_PAIR_clean_f002604.jpg,S3_PAIR_clean,S3_court2_paircleanH_20260815_093322,S3_PAIR_clean,2604,141.896,313,450,-176,5,2,14,,,0,flight,0,0,,1,1,68.1,0.0000,ok
S3_PAIR_clean_f002610.jpg,S3_PAIR_clean,S3_court2_paircleanH_20260815_093322,S3_PAIR_clean,2610,142.113,308,450,-176,5,2,14,,,0,flight,0,0,,1,1,66.7,0.0000,ok
S3_PAIR_clean_f002616.jpg,S3_PAIR_clean,S3_court2_paircleanH_20260815_093322,S3_PAIR_clean,2616,142.413,317,450,-176,4,2,14,,,0,flight,0,0,,1,1,52.7,0.0000,ok
S3_PAIR_clean_f002622.jpg,S3_PAIR_clean,S3_court2_paircleanH_20260815_093322,S3_PAIR_clean,2622,142.731,309,450,-176,5,2,14,,,0,flight,0,0,,1,1,57.8,0.0000,ok
S3_PAIR_clean_f002628.jpg,S3_PAIR_clean,S3_court2_paircleanH_20260815_093322,S3_PAIR_clean,2628,143.060,318,450,-176,4,1,14,,,0,flight,0,0,,1,1,57.4,0.0000,ok
S3_PAIR_clean_f002634.jpg,S3_PAIR_clean,S3_court2_paircleanH_20260815_093322,S3_PAIR_clean,2634,143.330,317,450,-176,4,1,14,,,0,flight,0,0,,1,1,51.1,0.0000,ok
S3_PAIR_clean_f002640.jpg,S3_PAIR_clean,S3_court2_paircleanH_20260815_093322,S3_PAIR_clean,2640,143.537,326,450,-176,0,2,14,,,0,flight,0,0,,1,1,32.8,0.0000,blurry
S3_PAIR_clean_f002646.jpg,S3_PAIR_clean,S3_court2_paircleanH_20260815_093322,S3_PAIR_clean,2646,143.855,327,460,-176,0,2,14,,,0,flight,0,0,,1,1,56.8,0.0000,ok
S3_PAIR_clean_f002652.jpg,S3_PAIR_clean,S3_court2_paircleanH_20260815_093322,S3_PAIR_clean,2652,144.156,318,460,-176,0,2,14,,,0,flight,0,0,,1,1,64.8,0.0000,ok
S3_PAIR_clean_f002658.jpg,S3_PAIR_clean,S3_court2_paircleanH_20260815_093322,S3_PAIR_clean,2658,144.461,313,450,-176,1,2,14,,,0,flight,0,0,,1,1,58.1,0.0000,ok
S3_PAIR_clean_f002664.jpg,S3_PAIR_clean,S3_court2_paircleanH_20260815_093322,S3_PAIR_clean,2664,144.790,312,450,-176,2,2,14,,,0,flight,0,0,,1,1,63.0,0.0000,ok
S3_PAIR_clean_f002670.jpg,S3_PAIR_clean,S3_court2_paircleanH_20260815_093322,S3_PAIR_clean,2670,145.097,309,450,-176,0,2,14,,,0,flight,0,0,,1,1,40.2,0.0000,ok
S3_PAIR_clean_f002676.jpg,S3_PAIR_clean,S3_court2_paircleanH_20260815_093322,S3_PAIR_clean,2676,145.791,321,450,-176,1,2,14,,,0,flight,0,0,,1,1,67.6,0.0000,ok
S3_PAIR_clean_f002682.jpg,S3_PAIR_clean,S3_court2_paircleanH_20260815_093322,S3_PAIR_clean,2682,146.047,321,450,-176,1,2,14,,,0,flight,0,0,,1,1,71.9,0.0000,ok
S3_PAIR_clean_f002688.jpg,S3_PAIR_clean,S3_court2_paircleanH_20260815_093322,S3_PAIR_clean,2688,146.513,327,460,-176,2,1,14,,,0,flight,0,0,,1,1,81.0,0.0000,ok
S3_PAIR_clean_f002694.jpg,S3_PAIR_clean,S3_court2_paircleanH_20260815_093322,S3_PAIR_clean,2694,146.963,333,460,-176,2,-4,14,,,0,flight,0,0,,1,1,68.9,0.0000,ok
S3_PAIR_clean_f002700.jpg,S3_PAIR_clean,S3_court2_paircleanH_20260815_093322,S3_PAIR_clean,2700,147.246,324,460,-176,1,-2,14,,,0,flight,0,0,,1,1,61.3,0.0000,ok
S3_PAIR_clean_f002706.jpg,S3_PAIR_clean,S3_court2_paircleanH_20260815_093322,S3_PAIR_clean,2706,147.672,334,460,-176,2,0,13,,,0,flight,0,0,,1,1,54.9,0.0000,ok
S3_PAIR_clean_f002712.jpg,S3_PAIR_clean,S3_court2_paircleanH_20260815_093322,S3_PAIR_clean,2712,147.912,330,460,-176,1,0,13,,,0,flight,0,0,,1,1,58.5,0.0000,ok
S3_PAIR_clean_f002718.jpg,S3_PAIR_clean,S3_court2_paircleanH_20260815_093322,S3_PAIR_clean,2718,148.330,333,460,-176,2,0,13,,,0,flight,0,0,,1,1,62.7,0.0000,ok
S3_PAIR_clean_f002724.jpg,S3_PAIR_clean,S3_court2_paircleanH_20260815_093322,S3_PAIR_clean,2724,148.730,310,460,-176,2,0,13,,,0,flight,0,0,,1,1,53.3,0.0000,ok
S3_PAIR_clean_f002730.jpg,S3_PAIR_clean,S3_court2_paircleanH_20260815_093322,S3_PAIR_clean,2730,149.064,318,450,-176,1,5,13,,,0,flight,0,0,,1,1,65.6,0.0000,ok
S3_PAIR_clean_f002736.jpg,S3_PAIR_clean,S3_court2_paircleanH_20260815_093322,S3_PAIR_clean,2736,149.395,314,450,-176,1,8,13,,,0,flight,0,0,,1,1,66.2,0.0000,ok
S3_PAIR_clean_f002742.jpg,S3_PAIR_clean,S3_court2_paircleanH_20260815_093322,S3_PAIR_clean,2742,149.694,316,450,-176,1,8,13,,,0,flight,0,0,,1,1,70.2,0.0000,ok
S3_PAIR_clean_f002748.jpg,S3_PAIR_clean,S3_court2_paircleanH_20260815_093322,S3_PAIR_clean,2748,150.005,340,450,-176,2,8,13,,,0,flight,0,0,,1,1,65.4,0.0000,ok
S3_PAIR_clean_f002754.jpg,S3_PAIR_clean,S3_court2_paircleanH_20260815_093322,S3_PAIR_clean,2754,150.306,332,460,-176,2,5,13,,,0,flight,0,0,,1,1,54.1,0.0000,ok
S3_PAIR_clean_f002760.jpg,S3_PAIR_clean,S3_court2_paircleanH_20260815_093322,S3_PAIR_clean,2760,150.522,318,460,-176,1,4,13,,,0,flight,0,0,,1,1,57.8,0.0000,ok
S3_PAIR_clean_f002766.jpg,S3_PAIR_clean,S3_court2_paircleanH_20260815_093322,S3_PAIR_clean,2766,150.820,327,450,-176,1,4,13,,,0,flight,0,0,,1,1,60.4,0.0000,ok
S3_PAIR_clean_f002772.jpg,S3_PAIR_clean,S3_court2_paircleanH_20260815_093322,S3_PAIR_clean,2772,151.137,334,460,-176,1,4,13,,,0,flight,0,0,,1,1,58.6,0.0000,ok
S3_PAIR_clean_f002778.jpg,S3_PAIR_clean,S3_court2_paircleanH_20260815_093322,S3_PAIR_clean,2778,151.417,332,460,-176,1,5,13,,,0,flight,0,0,,1,1,53.8,0.0000,ok
S3_PAIR_clean_f002784.jpg,S3_PAIR_clean,S3_court2_paircleanH_20260815_093322,S3_PAIR_clean,2784,151.646,335,460,-176,2,4,13,,,0,flight,0,0,,1,1,53.3,0.0000,ok
S3_PAIR_clean_f002790.jpg,S3_PAIR_clean,S3_court2_paircleanH_20260815_093322,S3_PAIR_clean,2790,151.940,323,460,-176,2,4,13,,,0,flight,0,0,,1,1,51.9,0.0000,ok
S3_PAIR_clean_f002796.jpg,S3_PAIR_clean,S3_court2_paircleanH_20260815_093322,S3_PAIR_clean,2796,152.146,310,450,-176,1,4,13,,,0,flight,0,0,,1,1,49.0,0.0000,ok
S3_PAIR_clean_f002802.jpg,S3_PAIR_clean,S3_court2_paircleanH_20260815_093322,S3_PAIR_clean,2802,152.455,307,450,-176,1,1,13,,,0,flight,0,0,,1,1,36.1,0.0000,blurry
S3_PAIR_clean_f002808.jpg,S3_PAIR_clean,S3_court2_paircleanH_20260815_093322,S3_PAIR_clean,2808,152.780,311,440,-176,1,-6,13,,,0,flight,0,0,,1,1,35.5,0.0000,blurry
S3_PAIR_clean_f002814.jpg,S3_PAIR_clean,S3_court2_paircleanH_20260815_093322,S3_PAIR_clean,2814,153.081,312,440,-176,0,-6,13,,,0,flight,0,0,,1,1,38.8,0.0000,blurry
S3_PAIR_clean_f002820.jpg,S3_PAIR_clean,S3_court2_paircleanH_20260815_093322,S3_PAIR_clean,2820,153.397,321,450,-176,0,3,13,,,0,flight,0,0,,1,1,37.2,0.0000,blurry
S3_PAIR_clean_f002826.jpg,S3_PAIR_clean,S3_court2_paircleanH_20260815_093322,S3_PAIR_clean,2826,153.697,330,450,-176,0,6,13,,,0,flight,0,0,,1,1,41.7,0.0000,ok
S3_PAIR_clean_f002832.jpg,S3_PAIR_clean,S3_court2_paircleanH_20260815_093322,S3_PAIR_clean,2832,153.993,337,460,-176,1,1,13,,,0,flight,0,0,,1,1,40.6,0.0000,ok
S3_PAIR_clean_f002838.jpg,S3_PAIR_clean,S3_court2_paircleanH_20260815_093322,S3_PAIR_clean,2838,154.240,351,470,-176,1,0,13,,,0,flight,0,0,,1,1,42.4,0.0000,ok
S3_PAIR_clean_f002844.jpg,S3_PAIR_clean,S3_court2_paircleanH_20260815_093322,S3_PAIR_clean,2844,154.506,359,480,-176,0,0,13,,,0,flight,0,0,,1,1,41.1,0.0000,ok
S3_PAIR_clean_f002850.jpg,S3_PAIR_clean,S3_court2_paircleanH_20260815_093322,S3_PAIR_clean,2850,154.818,369,500,-176,0,1,13,,,0,flight,0,0,,1,1,41.6,0.0000,ok
S3_PAIR_clean_f002856.jpg,S3_PAIR_clean,S3_court2_paircleanH_20260815_093322,S3_PAIR_clean,2856,155.064,384,510,-176,1,2,13,,,0,flight,0,0,,1,1,45.1,0.0000,ok
S3_PAIR_clean_f002862.jpg,S3_PAIR_clean,S3_court2_paircleanH_20260815_093322,S3_PAIR_clean,2862,155.356,394,520,-176,1,2,12,,,0,flight,0,0,,1,1,46.6,0.0000,ok
S3_PAIR_clean_f002868.jpg,S3_PAIR_clean,S3_court2_paircleanH_20260815_093322,S3_PAIR_clean,2868,155.655,383,520,-176,0,2,12,,,0,flight,0,0,,1,1,47.1,0.0000,ok
S3_PAIR_clean_f002874.jpg,S3_PAIR_clean,S3_court2_paircleanH_20260815_093322,S3_PAIR_clean,2874,155.964,378,520,-176,1,2,12,,,0,flight,0,0,,1,1,46.7,0.0000,ok
S3_PAIR_clean_f002880.jpg,S3_PAIR_clean,S3_court2_paircleanH_20260815_093322,S3_PAIR_clean,2880,156.280,380,520,-176,1,2,12,,,0,flight,0,0,,1,1,43.5,0.0000,ok
S3_PAIR_clean_f002886.jpg,S3_PAIR_clean,S3_court2_paircleanH_20260815_093322,S3_PAIR_clean,2886,156.557,389,520,-176,1,1,12,,,0,flight,0,0,,1,1,44.1,0.0000,ok
S3_PAIR_clean_f002892.jpg,S3_PAIR_clean,S3_court2_paircleanH_20260815_093322,S3_PAIR_clean,2892,156.867,397,530,-176,0,1,12,,,0,flight,0,0,,1,1,41.9,0.0000,ok
S3_PAIR_clean_f002898.jpg,S3_PAIR_clean,S3_court2_paircleanH_20260815_093322,S3_PAIR_clean,2898,157.197,398,530,-176,1,1,12,,,0,flight,0,0,,1,1,44.0,0.0000,ok
S3_PAIR_clean_f002904.jpg,S3_PAIR_clean,S3_court2_paircleanH_20260815_093322,S3_PAIR_clean,2904,157.499,414,540,-176,1,1,12,,,0,flight,0,0,,1,1,40.5,0.0000,ok
S3_PAIR_clean_f002910.jpg,S3_PAIR_clean,S3_court2_paircleanH_20260815_093322,S3_PAIR_clean,2910,157.706,420,550,-176,0,1,12,,,0,flight,0,0,,1,1,41.8,0.0000,ok
S3_PAIR_clean_f002916.jpg,S3_PAIR_clean,S3_court2_paircleanH_20260815_093322,S3_PAIR_clean,2916,157.999,431,560,-176,0,1,12,,,0,flight,0,0,,1,1,42.9,0.0000,ok
S3_PAIR_clean_f002922.jpg,S3_PAIR_clean,S3_court2_paircleanH_20260815_093322,S3_PAIR_clean,2922,158.206,427,560,-176,0,1,12,,,0,flight,0,0,,1,1,43.2,0.0000,ok
S3_PAIR_clean_f002928.jpg,S3_PAIR_clean,S3_court2_paircleanH_20260815_093322,S3_PAIR_clean,2928,158.604,438,570,-176,0,1,12,,,0,flight,0,0,,1,1,42.0,0.0000,ok
S3_PAIR_clean_f002934.jpg,S3_PAIR_clean,S3_court2_paircleanH_20260815_093322,S3_PAIR_clean,2934,158.912,459,580,-176,1,1,12,,,0,flight,0,0,,1,1,42.8,0.0000,ok
S3_PAIR_clean_f002940.jpg,S3_PAIR_clean,S3_court2_paircleanH_20260815_093322,S3_PAIR_clean,2940,159.207,457,590,-176,1,1,12,,,0,flight,0,0,,1,1,42.4,0.0000,ok
S3_PAIR_clean_f002946.jpg,S3_PAIR_clean,S3_court2_paircleanH_20260815_093322,S3_PAIR_clean,2946,159.515,476,600,-176,1,1,12,,,0,flight,0,0,,1,1,41.0,0.0000,ok
S3_PAIR_clean_f002952.jpg,S3_PAIR_clean,S3_court2_paircleanH_20260815_093322,S3_PAIR_clean,2952,159.737,487,600,-176,1,1,12,,,0,flight,0,0,,1,1,40.5,0.0000,ok
S3_PAIR_clean_f002958.jpg,S3_PAIR_clean,S3_court2_paircleanH_20260815_093322,S3_PAIR_clean,2958,160.130,486,610,-176,1,2,12,,,0,flight,0,0,,1,1,40.4,0.0000,ok
S3_PAIR_clean_f002964.jpg,S3_PAIR_clean,S3_court2_paircleanH_20260815_093322,S3_PAIR_clean,2964,160.449,500,620,-176,1,2,12,,,0,flight,0,0,,1,1,38.9,0.0000,blurry
S3_PAIR_clean_f002970.jpg,S3_PAIR_clean,S3_court2_paircleanH_20260815_093322,S3_PAIR_clean,2970,160.674,495,630,-176,2,2,12,,,0,flight,0,0,,1,1,40.7,0.0000,ok
S3_PAIR_clean_f002976.jpg,S3_PAIR_clean,S3_court2_paircleanH_20260815_093322,S3_PAIR_clean,2976,160.992,503,630,-176,1,1,12,,,0,flight,0,0,,1,1,40.8,0.0000,ok
S3_PAIR_clean_f002982.jpg,S3_PAIR_clean,S3_court2_paircleanH_20260815_093322,S3_PAIR_clean,2982,161.281,494,630,-176,1,1,11,,,0,flight,0,0,,1,1,33.3,0.0000,blurry
S3_PAIR_clean_f002988.jpg,S3_PAIR_clean,S3_court2_paircleanH_20260815_093322,S3_PAIR_clean,2988,161.615,511,630,-176,1,2,11,,,0,flight,0,0,,1,1,40.1,0.0000,ok
S3_PAIR_clean_f002994.jpg,S3_PAIR_clean,S3_court2_paircleanH_20260815_093322,S3_PAIR_clean,2994,161.905,498,630,-176,1,2,11,,,0,flight,0,0,,1,1,40.6,0.0000,ok
S3_PAIR_clean_f003000.jpg,S3_PAIR_clean,S3_court2_paircleanH_20260815_093322,S3_PAIR_clean,3000,162.199,493,620,-176,1,2,11,,,0,flight,0,0,,1,1,43.7,0.0000,ok
S3_PAIR_clean_f003006.jpg,S3_PAIR_clean,S3_court2_paircleanH_20260815_093322,S3_PAIR_clean,3006,162.623,498,620,-176,2,2,11,,,0,flight,0,0,,1,1,42.2,0.0000,ok
S3_PAIR_clean_f003012.jpg,S3_PAIR_clean,S3_court2_paircleanH_20260815_093322,S3_PAIR_clean,3012,163.123,502,630,-176,2,2,11,,,0,flight,0,0,,1,1,40.6,0.0000,ok
S3_PAIR_clean_f003018.jpg,S3_PAIR_clean,S3_court2_paircleanH_20260815_093322,S3_PAIR_clean,3018,163.423,510,630,-176,1,2,11,,,0,flight,0,0,,1,1,35.5,0.0000,blurry
S3_PAIR_clean_f003024.jpg,S3_PAIR_clean,S3_court2_paircleanH_20260815_093322,S3_PAIR_clean,3024,163.680,505,640,-176,1,2,11,,,0,flight,0,0,,1,1,39.1,0.0000,blurry
S3_PAIR_clean_f003030.jpg,S3_PAIR_clean,S3_court2_paircleanH_20260815_093322,S3_PAIR_clean,3030,163.945,510,630,-176,2,2,11,,,0,flight,0,0,,1,1,37.4,0.0000,blurry
S3_PAIR_clean_f003036.jpg,S3_PAIR_clean,S3_court2_paircleanH_20260815_093322,S3_PAIR_clean,3036,164.278,503,630,-176,2,2,11,,,0,flight,0,0,,1,1,32.9,0.0000,blurry
S3_PAIR_clean_f003042.jpg,S3_PAIR_clean,S3_court2_paircleanH_20260815_093322,S3_PAIR_clean,3042,164.569,504,630,-176,2,3,11,,,0,flight,0,0,,1,1,35.0,0.0000,blurry
S3_PAIR_clean_f003048.jpg,S3_PAIR_clean,S3_court2_paircleanH_20260815_093322,S3_PAIR_clean,3048,164.866,504,630,-176,3,2,11,,,0,flight,0,0,,1,1,38.9,0.0000,blurry
S3_PAIR_clean_f003054.jpg,S3_PAIR_clean,S3_court2_paircleanH_20260815_093322,S3_PAIR_clean,3054,165.164,493,630,-176,2,2,11,,,0,flight,0,0,,1,1,39.6,0.0000,blurry
S3_PAIR_clean_f003060.jpg,S3_PAIR_clean,S3_court2_paircleanH_20260815_093322,S3_PAIR_clean,3060,165.384,481,620,-176,1,2,11,,,0,flight,0,0,,1,1,32.6,0.0000,blurry
S3_PAIR_clean_f003066.jpg,S3_PAIR_clean,S3_court2_paircleanH_20260815_093322,S3_PAIR_clean,3066,165.667,485,610,-176,1,3,11,,,0,flight,0,0,,1,1,39.1,0.0000,blurry
S3_PAIR_clean_f003072.jpg,S3_PAIR_clean,S3_court2_paircleanH_20260815_093322,S3_PAIR_clean,3072,165.878,477,610,-176,1,2,11,,,0,flight,0,0,,1,1,39.1,0.0000,blurry
S3_PAIR_clean_f003078.jpg,S3_PAIR_clean,S3_court2_paircleanH_20260815_093322,S3_PAIR_clean,3078,166.098,467,600,-176,1,2,11,,,0,flight,0,0,,1,1,38.9,0.0000,blurry
S3_PAIR_clean_f003084.jpg,S3_PAIR_clean,S3_court2_paircleanH_20260815_093322,S3_PAIR_clean,3084,166.430,468,590,-176,1,2,11,,,0,flight,0,0,,1,1,37.7,0.0000,blurry
S3_PAIR_clean_f003090.jpg,S3_PAIR_clean,S3_court2_paircleanH_20260815_093322,S3_PAIR_clean,3090,166.725,449,580,-176,3,2,11,,,0,flight,0,0,,1,1,39.0,0.0000,blurry
S3_PAIR_clean_f003096.jpg,S3_PAIR_clean,S3_court2_paircleanH_20260815_093322,S3_PAIR_clean,3096,166.940,441,570,-176,3,2,11,,,0,flight,0,0,,1,1,38.9,0.0000,blurry
S3_PAIR_clean_f003102.jpg,S3_PAIR_clean,S3_court2_paircleanH_20260815_093322,S3_PAIR_clean,3102,167.363,440,570,-176,2,2,11,,,0,flight,0,0,,1,1,38.9,0.0000,blurry
S3_PAIR_clean_f003108.jpg,S3_PAIR_clean,S3_court2_paircleanH_20260815_093322,S3_PAIR_clean,3108,167.599,428,560,-176,3,2,11,,,0,flight,0,0,,1,1,41.0,0.0000,ok
S3_PAIR_clean_f003114.jpg,S3_PAIR_clean,S3_court2_paircleanH_20260815_093322,S3_PAIR_clean,3114,167.916,412,550,-176,2,2,11,,,0,flight,0,0,,1,1,42.8,0.0000,ok
S3_PAIR_clean_f003120.jpg,S3_PAIR_clean,S3_court2_paircleanH_20260815_093322,S3_PAIR_clean,3120,168.223,400,540,-176,3,2,11,,,0,flight,0,0,,1,1,44.8,0.0000,ok
S3_PAIR_clean_f003126.jpg,S3_PAIR_clean,S3_court2_paircleanH_20260815_093322,S3_PAIR_clean,3126,168.460,404,540,-176,2,1,11,,,0,flight,0,0,,1,1,43.1,0.0000,ok
S3_PAIR_clean_f003132.jpg,S3_PAIR_clean,S3_court2_paircleanH_20260815_093322,S3_PAIR_clean,3132,168.762,409,540,-176,0,1,11,,,0,flight,0,0,,1,1,23.8,0.0000,blurry
S3_PAIR_clean_f003138.jpg,S3_PAIR_clean,S3_court2_paircleanH_20260815_093322,S3_PAIR_clean,3138,169.057,405,540,-176,-3,1,11,,,0,flight,0,0,,1,1,37.6,0.0000,blurry
S3_PAIR_clean_f003144.jpg,S3_PAIR_clean,S3_court2_paircleanH_20260815_093322,S3_PAIR_clean,3144,169.360,424,540,-176,-2,2,11,,,0,flight,0,0,,1,1,32.1,0.0000,blurry
S3_PAIR_clean_f003150.jpg,S3_PAIR_clean,S3_court2_paircleanH_20260815_093322,S3_PAIR_clean,3150,169.692,416,550,-176,0,1,11,,,0,flight,0,0,,1,1,38.6,0.0000,blurry
S3_PAIR_clean_f003156.jpg,S3_PAIR_clean,S3_court2_paircleanH_20260815_093322,S3_PAIR_clean,3156,169.989,412,550,-176,0,2,11,,,0,flight,0,0,,1,1,44.0,0.0000,ok
S3_PAIR_clean_f003162.jpg,S3_PAIR_clean,S3_court2_paircleanH_20260815_093322,S3_PAIR_clean,3162,170.267,423,550,-176,0,2,11,,,0,flight,0,0,,1,1,42.4,0.0000,ok
S3_PAIR_clean_f003168.jpg,S3_PAIR_clean,S3_court2_paircleanH_20260815_093322,S3_PAIR_clean,3168,170.481,405,550,-176,0,1,10,,,0,flight,0,0,,1,1,42.0,0.0000,ok
S3_PAIR_clean_f003174.jpg,S3_PAIR_clean,S3_court2_paircleanH_20260815_093322,S3_PAIR_clean,3174,170.773,414,550,-176,0,1,10,,,0,flight,0,0,,1,1,42.3,0.0000,ok
S3_PAIR_clean_f003180.jpg,S3_PAIR_clean,S3_court2_paircleanH_20260815_093322,S3_PAIR_clean,3180,171.098,410,540,-176,0,2,10,,,0,flight,0,0,,1,1,44.6,0.0000,ok
S3_PAIR_clean_f003186.jpg,S3_PAIR_clean,S3_court2_paircleanH_20260815_093322,S3_PAIR_clean,3186,171.497,408,540,-176,-1,1,10,,,0,flight,0,0,,1,1,40.1,0.0000,ok
S3_PAIR_clean_f003192.jpg,S3_PAIR_clean,S3_court2_paircleanH_20260815_093322,S3_PAIR_clean,3192,171.799,405,540,-176,-1,1,10,,,0,flight,0,0,,1,1,42.1,0.0000,ok
S3_PAIR_clean_f003198.jpg,S3_PAIR_clean,S3_court2_paircleanH_20260815_093322,S3_PAIR_clean,3198,172.114,406,540,-176,-1,1,10,,,0,flight,0,0,,1,1,40.6,0.0000,ok
S3_PAIR_clean_f003204.jpg,S3_PAIR_clean,S3_court2_paircleanH_20260815_093322,S3_PAIR_clean,3204,172.448,409,540,-176,0,1,10,,,0,flight,0,0,,1,1,39.7,0.0000,blurry
S3_PAIR_clean_f003210.jpg,S3_PAIR_clean,S3_court2_paircleanH_20260815_093322,S3_PAIR_clean,3210,172.650,408,540,-176,0,1,10,,,0,flight,0,0,,1,1,22.1,0.0000,blurry
S3_PAIR_clean_f003216.jpg,S3_PAIR_clean,S3_court2_paircleanH_20260815_093322,S3_PAIR_clean,3216,172.864,411,540,-176,4,0,10,,,0,flight,0,0,,1,1,25.8,0.0000,blurry
S3_PAIR_clean_f003222.jpg,S3_PAIR_clean,S3_court2_paircleanH_20260815_093322,S3_PAIR_clean,3222,173.134,423,540,-176,5,-4,10,,,0,flight,0,0,,1,1,39.3,0.0000,blurry
S3_PAIR_clean_f003228.jpg,S3_PAIR_clean,S3_court2_paircleanH_20260815_093322,S3_PAIR_clean,3228,173.539,411,540,-176,3,-1,10,,,0,flight,0,0,,1,1,38.7,0.0000,blurry
S3_PAIR_clean_f003234.jpg,S3_PAIR_clean,S3_court2_paircleanH_20260815_093322,S3_PAIR_clean,3234,173.840,423,540,-176,-4,4,10,,,0,flight,0,0,,1,1,23.8,0.0000,blurry
S3_PAIR_clean_f003240.jpg,S3_PAIR_clean,S3_court2_paircleanH_20260815_093322,S3_PAIR_clean,3240,174.173,407,540,-176,-3,4,10,,,0,flight,0,0,,1,1,45.5,0.0000,ok
S3_PAIR_clean_f003246.jpg,S3_PAIR_clean,S3_court2_paircleanH_20260815_093322,S3_PAIR_clean,3246,174.461,407,540,-176,-1,2,10,,,0,flight,0,0,,1,1,49.4,0.0000,ok
S3_PAIR_clean_f003252.jpg,S3_PAIR_clean,S3_court2_paircleanH_20260815_093322,S3_PAIR_clean,3252,174.668,402,540,-176,0,1,10,,,0,flight,0,0,,1,1,44.3,0.0000,ok
S3_PAIR_clean_f003258.jpg,S3_PAIR_clean,S3_court2_paircleanH_20260815_093322,S3_PAIR_clean,3258,174.985,407,530,-176,1,1,10,,,0,flight,0,0,,1,1,59.2,0.0000,ok
S3_PAIR_clean_f003264.jpg,S3_PAIR_clean,S3_court2_paircleanH_20260815_093322,S3_PAIR_clean,3264,175.282,399,530,-176,0,1,10,,,0,flight,0,0,,1,1,61.1,0.0000,ok
S3_PAIR_clean_f003270.jpg,S3_PAIR_clean,S3_court2_paircleanH_20260815_093322,S3_PAIR_clean,3270,175.590,363,500,-176,0,1,10,,,0,flight,0,0,,1,1,63.4,0.0000,ok
S3_PAIR_clean_f003276.jpg,S3_PAIR_clean,S3_court2_paircleanH_20260815_093322,S3_PAIR_clean,3276,175.824,350,500,-176,0,1,10,,,0,flight,0,0,,1,1,63.7,0.0000,ok
S3_PAIR_clean_f003282.jpg,S3_PAIR_clean,S3_court2_paircleanH_20260815_093322,S3_PAIR_clean,3282,176.115,295,450,-176,0,1,10,,,0,flight,0,0,,1,1,59.0,0.0000,ok
S3_PAIR_clean_f003288.jpg,S3_PAIR_clean,S3_court2_paircleanH_20260815_093322,S3_PAIR_clean,3288,176.512,239,390,-176,0,2,10,,,0,flight,0,0,,1,1,55.0,0.0000,ok
S3_PAIR_clean_f003294.jpg,S3_PAIR_clean,S3_court2_paircleanH_20260815_093322,S3_PAIR_clean,3294,176.828,200,350,-176,1,2,10,,,0,flight,0,0,,1,1,40.0,0.0000,ok
S3_PAIR_clean_f003300.jpg,S3_PAIR_clean,S3_court2_paircleanH_20260815_093322,S3_PAIR_clean,3300,177.148,167,310,-176,3,1,10,,,0,flight,0,0,,1,1,53.6,0.0000,ok
S3_PAIR_clean_f003306.jpg,S3_PAIR_clean,S3_court2_paircleanH_20260815_093322,S3_PAIR_clean,3306,177.439,150,290,-176,3,1,10,,,0,flight,0,0,,1,1,46.8,0.0000,ok
S3_PAIR_clean_f003312.jpg,S3_PAIR_clean,S3_court2_paircleanH_20260815_093322,S3_PAIR_clean,3312,177.747,132,260,-176,2,1,10,,,0,flight,0,0,,1,1,58.7,0.0000,ok
S3_PAIR_clean_f003318.jpg,S3_PAIR_clean,S3_court2_paircleanH_20260815_093322,S3_PAIR_clean,3318,178.046,129,250,-176,2,1,10,,,0,flight,0,0,,1,1,61.0,0.0000,ok
S3_PAIR_clean_f003324.jpg,S3_PAIR_clean,S3_court2_paircleanH_20260815_093322,S3_PAIR_clean,3324,178.274,125,250,-176,3,1,10,,,0,flight,0,0,,1,1,28.1,0.0000,blurry
S3_PAIR_clean_f003330.jpg,S3_PAIR_clean,S3_court2_paircleanH_20260815_093322,S3_PAIR_clean,3330,178.563,121,240,-176,1,1,10,,,0,flight,0,0,,1,1,49.7,0.0000,ok
S3_PAIR_clean_f003336.jpg,S3_PAIR_clean,S3_court2_paircleanH_20260815_093322,S3_PAIR_clean,3336,178.791,117,240,-176,0,1,10,,,0,flight,0,0,,1,1,50.8,0.0000,ok
S3_PAIR_clean_f003342.jpg,S3_PAIR_clean,S3_court2_paircleanH_20260815_093322,S3_PAIR_clean,3342,179.089,111,240,-176,-2,1,10,,,0,flight,0,0,,1,1,53.4,0.0000,ok
S3_PAIR_clean_f003348.jpg,S3_PAIR_clean,S3_court2_paircleanH_20260815_093322,S3_PAIR_clean,3348,179.398,100,230,-176,-2,1,10,,,0,flight,0,0,,1,1,45.9,0.0000,ok
S3_PAIR_clean_f003354.jpg,S3_PAIR_clean,S3_court2_paircleanH_20260815_093322,S3_PAIR_clean,3354,179.807,79,210,-176,1,2,10,,,0,flight,0,0,,1,1,44.4,0.0000,ok
S3_PAIR_clean_f003360.jpg,S3_PAIR_clean,S3_court2_paircleanH_20260815_093322,S3_PAIR_clean,3360,180.098,63,200,-176,2,1,10,,,0,flight,0,0,,1,1,40.2,0.0000,ok
S3_PAIR_clean_f003366.jpg,S3_PAIR_clean,S3_court2_paircleanH_20260815_093322,S3_PAIR_clean,3366,180.314,55,190,-176,1,2,10,,,0,flight,0,0,,1,1,31.8,0.0000,blurry
S3_PAIR_clean_f003372.jpg,S3_PAIR_clean,S3_court2_paircleanH_20260815_093322,S3_PAIR_clean,3372,180.623,41,180,-176,2,2,10,,,0,flight,0,0,,1,1,30.5,0.0000,blurry
S3_PAIR_clean_f003378.jpg,S3_PAIR_clean,S3_court2_paircleanH_20260815_093322,S3_PAIR_clean,3378,181.017,31,170,-176,1,1,10,,,0,flight,0,0,,1,1,30.8,0.0000,blurry
S3_PAIR_clean_f003384.jpg,S3_PAIR_clean,S3_court2_paircleanH_20260815_093322,S3_PAIR_clean,3384,181.341,24,160,-176,0,1,10,,,0,flight,0,0,,1,1,37.3,0.0000,blurry
S3_PAIR_clean_f003390.jpg,S3_PAIR_clean,S3_court2_paircleanH_20260815_093322,S3_PAIR_clean,3390,181.548,25,160,-176,0,1,10,,,0,flight,0,0,,1,1,39.4,0.0000,blurry
S3_PAIR_clean_f003396.jpg,S3_PAIR_clean,S3_court2_paircleanH_20260815_093322,S3_PAIR_clean,3396,181.764,25,160,-176,0,1,10,,,0,flight,0,0,,1,1,41.5,0.0000,ok
S3_PAIR_clean_f003402.jpg,S3_PAIR_clean,S3_court2_paircleanH_20260815_093322,S3_PAIR_clean,3402,182.061,27,160,-176,0,0,10,,,0,flight,0,0,,1,1,42.4,0.0000,ok
S3_PAIR_clean_f003408.jpg,S3_PAIR_clean,S3_court2_paircleanH_20260815_093322,S3_PAIR_clean,3408,182.373,28,160,-176,1,1,10,,,0,flight,0,0,,1,1,44.0,0.0000,ok
S3_PAIR_clean_f003414.jpg,S3_PAIR_clean,S3_court2_paircleanH_20260815_093322,S3_PAIR_clean,3414,182.749,29,160,-176,0,1,10,,,0,flight,0,0,,1,1,45.1,0.0000,ok
S3_PAIR_clean_f003420.jpg,S3_PAIR_clean,S3_court2_paircleanH_20260815_093322,S3_PAIR_clean,3420,183.063,29,160,-176,0,1,10,,,0,flight,0,0,,1,1,46.6,0.0000,ok
S3_PAIR_clean_f003426.jpg,S3_PAIR_clean,S3_court2_paircleanH_20260815_093322,S3_PAIR_clean,3426,183.381,28,160,-176,0,1,9,,,0,flight,0,0,,1,1,43.0,0.0000,ok
S3_PAIR_clean_f003432.jpg,S3_PAIR_clean,S3_court2_paircleanH_20260815_093322,S3_PAIR_clean,3432,185.705,10,140,-175,1,0,9,,,0,flight,0,0,,1,1,13.3,0.0000,blurry
S3_PAIR_clean_f003438.jpg,S3_PAIR_clean,S3_court2_paircleanH_20260815_093322,S3_PAIR_clean,3438,186.083,10,0,-173,0,0,9,,,0,flight,0,0,,1,1,26.1,0.0000,blurry
S3_PAIR_clean_f003444.jpg,S3_PAIR_clean,S3_court2_paircleanH_20260815_093322,S3_PAIR_clean,3444,186.531,10,0,-173,0,0,9,,,0,flight,0,0,,1,1,29.0,0.0000,blurry
S3_PAIR_clean_f003450.jpg,S3_PAIR_clean,S3_court2_paircleanH_20260815_093322,S3_PAIR_clean,3450,186.974,10,0,-173,0,0,9,,,0,flight,0,0,,1,1,33.9,0.0000,blurry
S3_PAIR_clean_f003456.jpg,S3_PAIR_clean,S3_court2_paircleanH_20260815_093322,S3_PAIR_clean,3456,187.223,10,0,-173,0,0,9,,,0,flight,0,0,,1,1,35.3,0.0000,blurry
S3_PAIR_clean_f003462.jpg,S3_PAIR_clean,S3_court2_paircleanH_20260815_093322,S3_PAIR_clean,3462,187.640,10,0,-173,0,0,9,,,0,flight,0,0,,1,1,38.2,0.0000,blurry
S3_PAIR_clean_f003468.jpg,S3_PAIR_clean,S3_court2_paircleanH_20260815_093322,S3_PAIR_clean,3468,187.884,10,0,-172,0,0,9,,,0,flight,0,0,,1,1,38.8,0.0000,blurry
S3_PAIR_clean_f003474.jpg,S3_PAIR_clean,S3_court2_paircleanH_20260815_093322,S3_PAIR_clean,3474,188.205,10,0,-172,0,0,9,,,0,flight,0,0,,1,1,39.2,0.0000,blurry
S3_PAIR_clean_f003480.jpg,S3_PAIR_clean,S3_court2_paircleanH_20260815_093322,S3_PAIR_clean,3480,188.524,10,0,-172,0,0,9,,,0,flight,0,0,,1,1,38.1,0.0000,blurry
S3_PAIR_clean_f003486.jpg,S3_PAIR_clean,S3_court2_paircleanH_20260815_093322,S3_PAIR_clean,3486,188.807,10,0,-172,0,0,9,,,0,flight,0,0,,1,1,39.0,0.0000,blurry
S3_PAIR_clean_f003492.jpg,S3_PAIR_clean,S3_court2_paircleanH_20260815_093322,S3_PAIR_clean,3492,189.105,10,0,-172,0,0,9,,,0,flight,0,0,,1,1,39.2,0.0000,blurry
S3_PAIR_clean_f003498.jpg,S3_PAIR_clean,S3_court2_paircleanH_20260815_093322,S3_PAIR_clean,3498,189.334,10,0,-172,0,0,9,,,0,flight,0,0,,1,1,37.4,0.0000,blurry
S3_PAIR_clean_f003504.jpg,S3_PAIR_clean,S3_court2_paircleanH_20260815_093322,S3_PAIR_clean,3504,189.639,10,0,-171,0,0,9,,,0,flight,0,0,,1,1,39.1,0.0000,blurry
S3_PAIR_occ75_f000000.jpg,S3_PAIR_occ75,S3_court2_occ75_20260815_094144,S3_PAIR_occ75,0,1.394,10,0,-7,0,0,100,,,0,flight,112.5,75,,1,1,187.5,0.0000,ok
S3_PAIR_occ75_f000006.jpg,S3_PAIR_occ75,S3_court2_occ75_20260815_094144,S3_PAIR_occ75,6,1.920,10,0,-7,0,0,100,,,0,flight,112.5,75,,1,1,112.4,0.0000,ok
S3_PAIR_occ75_f000012.jpg,S3_PAIR_occ75,S3_court2_occ75_20260815_094144,S3_PAIR_occ75,12,2.234,10,0,-7,0,0,100,,,0,flight,112.5,75,,1,1,128.9,0.0000,ok
S3_PAIR_occ75_f000018.jpg,S3_PAIR_occ75,S3_court2_occ75_20260815_094144,S3_PAIR_occ75,18,2.561,10,0,-7,0,0,100,,,0,flight,112.5,75,,1,1,131.6,0.0000,ok
S3_PAIR_occ75_f000024.jpg,S3_PAIR_occ75,S3_court2_occ75_20260815_094144,S3_PAIR_occ75,24,2.856,10,0,-7,0,0,100,,,0,flight,112.5,75,,1,1,131.9,0.0000,ok
S3_PAIR_occ75_f000030.jpg,S3_PAIR_occ75,S3_court2_occ75_20260815_094144,S3_PAIR_occ75,30,4.412,10,0,-7,0,0,100,,,0,flight,112.5,75,,1,1,106.2,0.0000,ok
S3_PAIR_occ75_f000036.jpg,S3_PAIR_occ75,S3_court2_occ75_20260815_094144,S3_PAIR_occ75,36,4.671,10,0,-7,0,0,100,,,0,flight,112.5,75,,1,1,107.5,0.0000,ok
S3_PAIR_occ75_f000042.jpg,S3_PAIR_occ75,S3_court2_occ75_20260815_094144,S3_PAIR_occ75,42,4.978,10,0,-7,0,0,100,,,0,flight,112.5,75,,1,1,107.2,0.0000,ok
S3_PAIR_occ75_f000048.jpg,S3_PAIR_occ75,S3_court2_occ75_20260815_094144,S3_PAIR_occ75,48,5.249,10,0,-7,0,0,100,,,0,flight,112.5,75,,1,1,106.5,0.0000,ok
S3_PAIR_occ75_f000054.jpg,S3_PAIR_occ75,S3_court2_occ75_20260815_094144,S3_PAIR_occ75,54,5.503,10,0,-7,0,0,100,,,0,flight,112.5,75,,1,1,107.5,0.0000,ok
S3_PAIR_occ75_f000060.jpg,S3_PAIR_occ75,S3_court2_occ75_20260815_094144,S3_PAIR_occ75,60,5.990,10,0,-7,0,0,100,,,0,flight,112.5,75,,1,1,107.4,0.0000,ok
S3_PAIR_occ75_f000066.jpg,S3_PAIR_occ75,S3_court2_occ75_20260815_094144,S3_PAIR_occ75,66,6.224,10,0,-7,0,0,100,,,0,flight,112.5,75,,1,1,105.5,0.0000,ok
S3_PAIR_occ75_f000072.jpg,S3_PAIR_occ75,S3_court2_occ75_20260815_094144,S3_PAIR_occ75,72,6.516,10,0,-7,0,0,100,,,0,flight,112.5,75,,1,1,106.6,0.0000,ok
S3_PAIR_occ75_f000078.jpg,S3_PAIR_occ75,S3_court2_occ75_20260815_094144,S3_PAIR_occ75,78,6.800,10,0,-7,0,0,100,,,0,flight,112.5,75,,1,1,108.1,0.0000,ok
S3_PAIR_occ75_f000084.jpg,S3_PAIR_occ75,S3_court2_occ75_20260815_094144,S3_PAIR_occ75,84,7.040,10,0,-7,0,0,100,,,0,flight,112.5,75,,1,1,112.5,0.0000,ok
S3_PAIR_occ75_f000090.jpg,S3_PAIR_occ75,S3_court2_occ75_20260815_094144,S3_PAIR_occ75,90,11.882,82,70,-7,0,2,100,,,0,flight,112.5,75,,1,1,163.9,0.0000,ok
S3_PAIR_occ75_f000096.jpg,S3_PAIR_occ75,S3_court2_occ75_20260815_094144,S3_PAIR_occ75,96,12.165,82,70,-7,-1,1,100,,,0,flight,112.5,75,,1,1,166.0,0.0000,ok
S3_PAIR_occ75_f000102.jpg,S3_PAIR_occ75,S3_court2_occ75_20260815_094144,S3_PAIR_occ75,102,12.568,81,70,-7,-1,2,100,,,0,flight,112.5,75,,1,1,212.4,0.0000,ok
S3_PAIR_occ75_f000108.jpg,S3_PAIR_occ75,S3_court2_occ75_20260815_094144,S3_PAIR_occ75,108,12.876,81,70,-7,0,2,100,,,0,flight,112.5,75,,1,1,220.4,0.0000,ok
S3_PAIR_occ75_f000114.jpg,S3_PAIR_occ75,S3_court2_occ75_20260815_094144,S3_PAIR_occ75,114,13.176,80,70,-7,0,1,100,,,0,flight,112.5,75,,1,1,143.1,0.0000,ok
S3_PAIR_occ75_f000120.jpg,S3_PAIR_occ75,S3_court2_occ75_20260815_094144,S3_PAIR_occ75,120,13.388,80,70,-7,0,1,100,,,0,flight,112.5,75,,1,1,154.6,0.0000,ok
S3_PAIR_occ75_f000126.jpg,S3_PAIR_occ75,S3_court2_occ75_20260815_094144,S3_PAIR_occ75,126,13.692,81,70,-7,0,1,100,,,0,flight,112.5,75,,1,1,149.1,0.0000,ok
S3_PAIR_occ75_f000132.jpg,S3_PAIR_occ75,S3_court2_occ75_20260815_094144,S3_PAIR_occ75,132,14.065,91,80,-7,0,1,100,,,0,flight,112.5,75,,1,1,153.1,0.0000,ok
S3_PAIR_occ75_f000138.jpg,S3_PAIR_occ75,S3_court2_occ75_20260815_094144,S3_PAIR_occ75,138,14.325,96,90,-7,0,1,100,,,0,flight,112.5,75,,1,1,153.1,0.0000,ok
S3_PAIR_occ75_f000144.jpg,S3_PAIR_occ75,S3_court2_occ75_20260815_094144,S3_PAIR_occ75,144,14.632,104,90,-7,0,1,100,,,0,flight,112.5,75,,1,1,156.0,0.0000,ok
S3_PAIR_occ75_f000150.jpg,S3_PAIR_occ75,S3_court2_occ75_20260815_094144,S3_PAIR_occ75,150,14.924,114,100,-7,0,1,100,,,0,flight,112.5,75,,1,1,164.0,0.0000,ok
S3_PAIR_occ75_f000156.jpg,S3_PAIR_occ75,S3_court2_occ75_20260815_094144,S3_PAIR_occ75,156,15.143,121,110,-7,0,1,100,,,0,flight,112.5,75,,1,1,158.1,0.0000,ok
S3_PAIR_occ75_f000162.jpg,S3_PAIR_occ75,S3_court2_occ75_20260815_094144,S3_PAIR_occ75,162,15.431,127,110,-7,-1,1,100,,,0,flight,112.5,75,,1,1,162.0,0.0000,ok
S3_PAIR_occ75_f000168.jpg,S3_PAIR_occ75,S3_court2_occ75_20260815_094144,S3_PAIR_occ75,168,15.643,133,120,-7,-1,1,100,,,0,flight,112.5,75,,1,1,168.8,0.0000,ok
S3_PAIR_occ75_f000174.jpg,S3_PAIR_occ75,S3_court2_occ75_20260815_094144,S3_PAIR_occ75,174,15.942,148,130,-7,0,1,100,,,0,flight,112.5,75,,1,1,167.0,0.0000,ok
S3_PAIR_occ75_f000180.jpg,S3_PAIR_occ75,S3_court2_occ75_20260815_094144,S3_PAIR_occ75,180,16.209,157,140,-7,0,1,100,,,0,flight,112.5,75,,1,1,154.2,0.0000,ok
S3_PAIR_occ75_f000186.jpg,S3_PAIR_occ75,S3_court2_occ75_20260815_094144,S3_PAIR_occ75,186,16.471,166,150,-7,0,1,100,,,0,flight,112.5,75,,1,1,170.5,0.0000,ok
S3_PAIR_occ75_f000192.jpg,S3_PAIR_occ75,S3_court2_occ75_20260815_094144,S3_PAIR_occ75,192,16.771,175,160,-7,0,1,100,,,0,flight,112.5,75,,1,1,177.3,0.0000,ok
S3_PAIR_occ75_f000198.jpg,S3_PAIR_occ75,S3_court2_occ75_20260815_094144,S3_PAIR_occ75,198,17.069,185,160,-7,0,1,100,,,0,flight,112.5,75,,1,1,177.6,0.0000,ok
S3_PAIR_occ75_f000204.jpg,S3_PAIR_occ75,S3_court2_occ75_20260815_094144,S3_PAIR_occ75,204,17.392,193,170,-7,0,1,100,,,0,flight,112.5,75,,1,1,166.6,0.0000,ok
S3_PAIR_occ75_f000210.jpg,S3_PAIR_occ75,S3_court2_occ75_20260815_094144,S3_PAIR_occ75,210,17.621,197,180,-7,0,1,100,,,0,flight,112.5,75,,1,1,177.5,0.0000,ok
S3_PAIR_occ75_f000216.jpg,S3_PAIR_occ75,S3_court2_occ75_20260815_094144,S3_PAIR_occ75,216,17.907,214,190,-7,0,1,100,,,0,flight,112.5,75,,1,1,179.9,0.0000,ok
S3_PAIR_occ75_f000222.jpg,S3_PAIR_occ75,S3_court2_occ75_20260815_094144,S3_PAIR_occ75,222,18.195,223,200,-7,0,1,100,,,0,flight,112.5,75,,1,1,163.6,0.0000,ok
S3_PAIR_occ75_f000228.jpg,S3_PAIR_occ75,S3_court2_occ75_20260815_094144,S3_PAIR_occ75,228,18.408,231,210,-7,0,1,100,,,0,flight,112.5,75,,1,1,173.0,0.0000,ok
S3_PAIR_occ75_f000234.jpg,S3_PAIR_occ75,S3_court2_occ75_20260815_094144,S3_PAIR_occ75,234,18.692,232,210,-7,0,1,100,,,0,flight,112.5,75,,1,1,180.8,0.0000,ok
S3_PAIR_occ75_f000240.jpg,S3_PAIR_occ75,S3_court2_occ75_20260815_094144,S3_PAIR_occ75,240,18.994,249,220,-7,0,1,100,,,0,flight,112.5,75,,1,1,179.5,0.0000,ok
S3_PAIR_occ75_f000246.jpg,S3_PAIR_occ75,S3_court2_occ75_20260815_094144,S3_PAIR_occ75,246,19.362,265,240,-7,0,1,100,,,0,flight,112.5,75,,1,1,168.0,0.0000,ok
S3_PAIR_occ75_f000252.jpg,S3_PAIR_occ75,S3_court2_occ75_20260815_094144,S3_PAIR_occ75,252,19.594,269,240,-7,0,1,100,,,0,flight,112.5,75,,1,1,173.3,0.0000,ok
S3_PAIR_occ75_f000258.jpg,S3_PAIR_occ75,S3_court2_occ75_20260815_094144,S3_PAIR_occ75,258,19.889,279,250,-7,0,1,100,,,0,flight,112.5,75,,1,1,173.8,0.0000,ok
S3_PAIR_occ75_f000264.jpg,S3_PAIR_occ75,S3_court2_occ75_20260815_094144,S3_PAIR_occ75,264,20.177,289,260,-7,0,1,100,,,0,flight,112.5,75,,1,1,161.5,0.0000,ok
S3_PAIR_occ75_f000270.jpg,S3_PAIR_occ75,S3_court2_occ75_20260815_094144,S3_PAIR_occ75,270,20.468,299,270,-7,0,1,100,,,0,flight,112.5,75,,1,1,174.5,0.0000,ok
S3_PAIR_occ75_f000276.jpg,S3_PAIR_occ75,S3_court2_occ75_20260815_094144,S3_PAIR_occ75,276,20.744,304,270,-7,0,1,100,,,0,flight,112.5,75,,1,1,187.4,0.0000,ok
S3_PAIR_occ75_f000282.jpg,S3_PAIR_occ75,S3_court2_occ75_20260815_094144,S3_PAIR_occ75,282,21.059,303,270,-7,0,1,100,,,0,flight,112.5,75,,1,1,182.1,0.0000,ok
S3_PAIR_occ75_f000288.jpg,S3_PAIR_occ75,S3_court2_occ75_20260815_094144,S3_PAIR_occ75,288,21.294,294,270,-7,0,1,100,,,0,flight,112.5,75,,1,1,177.7,0.0000,ok
S3_PAIR_occ75_f000294.jpg,S3_PAIR_occ75,S3_court2_occ75_20260815_094144,S3_PAIR_occ75,294,21.628,294,270,-7,0,1,100,,,0,flight,112.5,75,,1,1,185.6,0.0000,ok
S3_PAIR_occ75_f000300.jpg,S3_PAIR_occ75,S3_court2_occ75_20260815_094144,S3_PAIR_occ75,300,23.761,292,270,-7,0,1,100,,,0,flight,112.5,75,,1,1,191.4,0.0000,ok
S3_PAIR_occ75_f000306.jpg,S3_PAIR_occ75,S3_court2_occ75_20260815_094144,S3_PAIR_occ75,306,24.057,287,270,-7,0,1,100,,,0,flight,112.5,75,,1,1,190.5,0.0000,ok
S3_PAIR_occ75_f000312.jpg,S3_PAIR_occ75,S3_court2_occ75_20260815_094144,S3_PAIR_occ75,312,24.363,288,270,-7,0,1,100,,,0,flight,112.5,75,,1,1,181.5,0.0000,ok
S3_PAIR_occ75_f000318.jpg,S3_PAIR_occ75,S3_court2_occ75_20260815_094144,S3_PAIR_occ75,318,24.623,288,270,-7,0,1,100,,,0,flight,112.5,75,,1,1,188.9,0.0000,ok
S3_PAIR_occ75_f000324.jpg,S3_PAIR_occ75,S3_court2_occ75_20260815_094144,S3_PAIR_occ75,324,25.170,284,270,-7,0,1,100,,,1,flight,112.5,75,,1,1,169.4,0.0000,ok
S3_PAIR_occ75_f000330.jpg,S3_PAIR_occ75,S3_court2_occ75_20260815_094144,S3_PAIR_occ75,330,25.437,288,270,-7,0,1,100,,,1,flight,112.5,75,,1,1,185.9,0.0000,ok
S3_PAIR_occ75_f000336.jpg,S3_PAIR_occ75,S3_court2_occ75_20260815_094144,S3_PAIR_occ75,336,25.742,287,270,-7,0,1,100,,,1,flight,112.5,75,,1,1,186.8,0.0000,ok
S3_PAIR_occ75_f000342.jpg,S3_PAIR_occ75,S3_court2_occ75_20260815_094144,S3_PAIR_occ75,342,26.028,288,270,-7,-1,1,100,,,1,flight,112.5,75,,1,1,186.2,0.0000,ok
S3_PAIR_occ75_f000348.jpg,S3_PAIR_occ75,S3_court2_occ75_20260815_094144,S3_PAIR_occ75,348,26.346,289,270,-7,-1,1,100,,,1,flight,112.5,75,,1,1,187.1,0.0000,ok
S3_PAIR_occ75_f000354.jpg,S3_PAIR_occ75,S3_court2_occ75_20260815_094144,S3_PAIR_occ75,354,26.647,283,270,-7,-1,1,100,,,1,flight,112.5,75,,1,1,186.7,0.0000,ok
S3_PAIR_occ75_f000360.jpg,S3_PAIR_occ75,S3_court2_occ75_20260815_094144,S3_PAIR_occ75,360,26.955,291,270,-7,-1,1,100,,,1,flight,112.5,75,,1,1,184.1,0.0000,ok
S3_PAIR_occ75_f000366.jpg,S3_PAIR_occ75,S3_court2_occ75_20260815_094144,S3_PAIR_occ75,366,27.351,284,270,-7,0,2,100,,,1,flight,112.5,75,,1,1,174.7,0.0000,ok
S3_PAIR_occ75_f000372.jpg,S3_PAIR_occ75,S3_court2_occ75_20260815_094144,S3_PAIR_occ75,372,27.575,281,270,-7,0,2,100,,,1,flight,112.5,75,,1,1,186.8,0.0000,ok
S3_PAIR_occ75_f000378.jpg,S3_PAIR_occ75,S3_court2_occ75_20260815_094144,S3_PAIR_occ75,378,27.846,287,270,-7,0,1,100,,,1,flight,112.5,75,,1,1,187.3,0.0000,ok
S3_PAIR_occ75_f000384.jpg,S3_PAIR_occ75,S3_court2_occ75_20260815_094144,S3_PAIR_occ75,384,28.143,286,270,-7,0,1,100,,,1,flight,112.5,75,,1,1,189.0,0.0000,ok
S3_PAIR_occ75_f000390.jpg,S3_PAIR_occ75,S3_court2_occ75_20260815_094144,S3_PAIR_occ75,390,28.457,287,270,-7,0,1,100,,,1,flight,112.5,75,,1,1,240.8,0.0000,ok
S3_PAIR_occ75_f000396.jpg,S3_PAIR_occ75,S3_court2_occ75_20260815_094144,S3_PAIR_occ75,396,28.677,288,270,-7,0,1,100,,,1,flight,112.5,75,,1,1,254.2,0.0000,ok
S3_PAIR_occ75_f000402.jpg,S3_PAIR_occ75,S3_court2_occ75_20260815_094144,S3_PAIR_occ75,402,28.955,283,270,-7,0,1,100,,,1,flight,112.5,75,,1,1,248.3,0.0000,ok
S3_PAIR_occ75_f000408.jpg,S3_PAIR_occ75,S3_court2_occ75_20260815_094144,S3_PAIR_occ75,408,29.326,291,270,-7,0,1,100,,,1,flight,112.5,75,,1,1,250.1,0.0045,ok
S3_PAIR_occ75_f000414.jpg,S3_PAIR_occ75,S3_court2_occ75_20260815_094144,S3_PAIR_occ75,414,29.764,289,270,-7,-1,1,100,,,1,flight,112.5,75,,1,1,279.9,0.0040,ok
S3_PAIR_occ75_f000420.jpg,S3_PAIR_occ75,S3_court2_occ75_20260815_094144,S3_PAIR_occ75,420,30.043,286,270,-7,0,1,100,,,1,flight,112.5,75,,1,1,284.7,0.0038,ok
S3_PAIR_occ75_f000426.jpg,S3_PAIR_occ75,S3_court2_occ75_20260815_094144,S3_PAIR_occ75,426,30.341,286,270,-7,0,1,100,,,1,flight,112.5,75,,1,1,377.6,0.0037,ok
S3_PAIR_occ75_f000432.jpg,S3_PAIR_occ75,S3_court2_occ75_20260815_094144,S3_PAIR_occ75,432,30.614,285,270,-7,-1,1,100,,,1,flight,112.5,75,,1,1,396.9,0.0036,ok
S3_PAIR_occ75_f000438.jpg,S3_PAIR_occ75,S3_court2_occ75_20260815_094144,S3_PAIR_occ75,438,30.920,284,270,-7,-1,1,100,,,1,flight,112.5,75,,1,1,372.6,0.0035,ok
S3_PAIR_occ75_f000444.jpg,S3_PAIR_occ75,S3_court2_occ75_20260815_094144,S3_PAIR_occ75,444,31.194,289,270,-7,-1,1,100,,,0,flight,112.5,75,,1,1,367.0,0.0034,ok
S3_PAIR_occ75_f000450.jpg,S3_PAIR_occ75,S3_court2_occ75_20260815_094144,S3_PAIR_occ75,450,31.710,283,270,-7,-1,1,100,,,0,flight,112.5,75,,1,1,244.2,0.0000,ok
S3_PAIR_occ75_f000456.jpg,S3_PAIR_occ75,S3_court2_occ75_20260815_094144,S3_PAIR_occ75,456,31.940,286,270,-7,-1,1,100,,,0,flight,112.5,75,,1,1,237.2,0.0000,ok
S3_PAIR_occ75_f000462.jpg,S3_PAIR_occ75,S3_court2_occ75_20260815_094144,S3_PAIR_occ75,462,32.223,288,270,-7,-1,1,100,,,0,flight,112.5,75,,1,1,169.5,0.0000,ok
S3_PAIR_occ75_f000468.jpg,S3_PAIR_occ75,S3_court2_occ75_20260815_094144,S3_PAIR_occ75,468,32.570,284,270,-7,-1,2,100,,,0,flight,112.5,75,,1,1,190.3,0.0000,ok
S3_PAIR_occ75_f000474.jpg,S3_PAIR_occ75,S3_court2_occ75_20260815_094144,S3_PAIR_occ75,474,32.778,280,270,-7,-1,1,100,,,0,flight,112.5,75,,1,1,176.7,0.0000,ok
S3_PAIR_occ75_f000480.jpg,S3_PAIR_occ75,S3_court2_occ75_20260815_094144,S3_PAIR_occ75,480,33.065,284,270,-7,0,1,100,,,0,flight,112.5,75,,1,1,185.6,0.0000,ok
S3_PAIR_occ75_f000486.jpg,S3_PAIR_occ75,S3_court2_occ75_20260815_094144,S3_PAIR_occ75,486,33.360,289,270,-7,-1,1,100,,,0,flight,112.5,75,,1,1,176.5,0.0000,ok
S3_PAIR_occ75_f000492.jpg,S3_PAIR_occ75,S3_court2_occ75_20260815_094144,S3_PAIR_occ75,492,33.641,287,270,-7,0,1,100,,,0,flight,112.5,75,,1,1,189.9,0.0000,ok
S3_PAIR_occ75_f000498.jpg,S3_PAIR_occ75,S3_court2_occ75_20260815_094144,S3_PAIR_occ75,498,33.927,279,270,-7,-1,1,100,,,0,flight,112.5,75,,1,1,187.9,0.0000,ok
S3_PAIR_occ75_f000504.jpg,S3_PAIR_occ75,S3_court2_occ75_20260815_094144,S3_PAIR_occ75,504,34.142,287,270,-7,-1,1,100,,,0,flight,112.5,75,,1,1,184.0,0.0000,ok
S3_PAIR_occ75_f000510.jpg,S3_PAIR_occ75,S3_court2_occ75_20260815_094144,S3_PAIR_occ75,510,35.294,282,270,-7,-1,1,100,,,0,flight,112.5,75,,1,1,169.1,0.0000,ok
S3_PAIR_occ75_f000516.jpg,S3_PAIR_occ75,S3_court2_occ75_20260815_094144,S3_PAIR_occ75,516,35.613,280,270,-7,-2,1,100,,,0,flight,112.5,75,,1,1,185.8,0.0000,ok
S3_PAIR_occ75_f000522.jpg,S3_PAIR_occ75,S3_court2_occ75_20260815_094144,S3_PAIR_occ75,522,35.929,284,270,-7,-1,1,100,,,0,flight,112.5,75,,1,1,191.1,0.0000,ok
S3_PAIR_occ75_f000528.jpg,S3_PAIR_occ75,S3_court2_occ75_20260815_094144,S3_PAIR_occ75,528,36.244,281,270,-7,-1,1,100,,,0,flight,112.5,75,,1,1,173.3,0.0000,ok
S3_PAIR_occ75_f000534.jpg,S3_PAIR_occ75,S3_court2_occ75_20260815_094144,S3_PAIR_occ75,534,36.550,285,270,-7,-1,1,100,,,0,flight,112.5,75,,1,1,190.7,0.0000,ok
S3_PAIR_occ75_f000540.jpg,S3_PAIR_occ75,S3_court2_occ75_20260815_094144,S3_PAIR_occ75,540,36.857,278,270,-7,-1,1,100,,,0,flight,112.5,75,,1,1,183.9,0.0000,ok
S3_PAIR_occ75_f000546.jpg,S3_PAIR_occ75,S3_court2_occ75_20260815_094144,S3_PAIR_occ75,546,37.168,280,270,-7,-1,1,100,,,0,flight,112.5,75,,1,1,182.2,0.0000,ok
S3_PAIR_occ75_f000552.jpg,S3_PAIR_occ75,S3_court2_occ75_20260815_094144,S3_PAIR_occ75,552,37.455,282,270,-7,-1,2,100,,,0,flight,112.5,75,,1,1,183.1,0.0000,ok
S3_PAIR_occ75_f000558.jpg,S3_PAIR_occ75,S3_court2_occ75_20260815_094144,S3_PAIR_occ75,558,39.211,283,270,-7,-1,1,100,,,0,flight,112.5,75,,1,1,188.4,0.0000,ok
S3_PAIR_occ75_f000564.jpg,S3_PAIR_occ75,S3_court2_occ75_20260815_094144,S3_PAIR_occ75,564,39.519,283,270,-7,-2,1,100,,,0,flight,112.5,75,,1,1,178.9,0.0000,ok
S3_PAIR_occ75_f000570.jpg,S3_PAIR_occ75,S3_court2_occ75_20260815_094144,S3_PAIR_occ75,570,39.843,283,270,-7,-2,0,100,,,0,flight,112.5,75,,1,1,173.3,0.0000,ok
S3_PAIR_occ75_f000576.jpg,S3_PAIR_occ75,S3_court2_occ75_20260815_094144,S3_PAIR_occ75,576,40.141,286,270,-7,-2,0,100,,,0,flight,112.5,75,,1,1,185.5,0.0000,ok
S3_PAIR_occ75_f000582.jpg,S3_PAIR_occ75,S3_court2_occ75_20260815_094144,S3_PAIR_occ75,582,40.428,289,270,-7,-2,-4,100,,,0,flight,112.5,75,,1,1,151.7,0.0000,ok
S3_PAIR_occ75_f000588.jpg,S3_PAIR_occ75,S3_court2_occ75_20260815_094144,S3_PAIR_occ75,588,40.646,288,270,-7,-2,-4,100,,,0,flight,112.5,75,,1,1,167.7,0.0000,ok
S3_PAIR_occ75_f000594.jpg,S3_PAIR_occ75,S3_court2_occ75_20260815_094144,S3_PAIR_occ75,594,40.960,282,270,-7,-2,-3,100,,,0,flight,112.5,75,,1,1,157.3,0.0000,ok
S3_PAIR_occ75_f000600.jpg,S3_PAIR_occ75,S3_court2_occ75_20260815_094144,S3_PAIR_occ75,600,41.269,284,270,-7,-1,-1,100,,,0,flight,112.5,75,,1,1,152.5,0.0000,ok
S3_PAIR_occ75_f000606.jpg,S3_PAIR_occ75,S3_court2_occ75_20260815_094144,S3_PAIR_occ75,606,41.662,285,270,-7,-1,3,100,,,0,flight,112.5,75,,1,1,148.0,0.0000,ok
S3_PAIR_occ75_f000612.jpg,S3_PAIR_occ75,S3_court2_occ75_20260815_094144,S3_PAIR_occ75,612,41.888,279,270,-7,-1,3,100,,,0,flight,112.5,75,,1,1,164.2,0.0000,ok
S3_PAIR_occ75_f000618.jpg,S3_PAIR_occ75,S3_court2_occ75_20260815_094144,S3_PAIR_occ75,618,42.539,290,270,-7,-1,3,100,,,0,flight,112.5,75,,1,1,223.4,0.0000,ok
S3_PAIR_occ75_f000624.jpg,S3_PAIR_occ75,S3_court2_occ75_20260815_094144,S3_PAIR_occ75,624,42.845,290,270,-7,-1,3,100,,,0,flight,112.5,75,,1,1,213.9,0.0000,ok
S3_PAIR_occ75_f000630.jpg,S3_PAIR_occ75,S3_court2_occ75_20260815_094144,S3_PAIR_occ75,630,43.086,290,270,-7,-1,3,100,,,0,flight,112.5,75,,1,1,184.3,0.0000,ok
S3_PAIR_occ75_f000636.jpg,S3_PAIR_occ75,S3_court2_occ75_20260815_094144,S3_PAIR_occ75,636,43.492,280,270,3,-1,1,100,,,0,flight,112.5,75,,1,1,102.8,0.0000,ok
S3_PAIR_occ75_f000642.jpg,S3_PAIR_occ75,S3_court2_occ75_20260815_094144,S3_PAIR_occ75,642,43.728,289,270,4,-1,0,100,,,0,flight,112.5,75,,1,1,177.8,0.0000,ok
S3_PAIR_occ75_f000648.jpg,S3_PAIR_occ75,S3_court2_occ75_20260815_094144,S3_PAIR_occ75,648,44.129,284,270,4,-1,1,100,,,0,flight,112.5,75,,1,1,197.3,0.0000,ok
S3_PAIR_occ75_f000654.jpg,S3_PAIR_occ75,S3_court2_occ75_20260815_094144,S3_PAIR_occ75,654,44.371,288,270,4,-1,-3,100,,,0,flight,112.5,75,,1,1,189.2,0.0000,ok
S3_PAIR_occ75_f000660.jpg,S3_PAIR_occ75,S3_court2_occ75_20260815_094144,S3_PAIR_occ75,660,44.661,288,270,4,-1,-4,100,,,0,flight,112.5,75,,1,1,199.8,0.0000,ok
S3_PAIR_occ75_f000666.jpg,S3_PAIR_occ75,S3_court2_occ75_20260815_094144,S3_PAIR_occ75,666,45.060,286,270,4,-1,-2,100,,,0,flight,112.5,75,,1,1,198.4,0.0000,ok
S3_PAIR_occ75_f000672.jpg,S3_PAIR_occ75,S3_court2_occ75_20260815_094144,S3_PAIR_occ75,672,45.362,295,270,4,-1,-1,100,,,0,flight,112.5,75,,1,1,182.0,0.0000,ok
S3_PAIR_occ75_f000678.jpg,S3_PAIR_occ75,S3_court2_occ75_20260815_094144,S3_PAIR_occ75,678,45.678,297,270,4,-1,-1,100,,,0,flight,112.5,75,,1,1,190.7,0.0000,ok
S3_PAIR_occ75_f000684.jpg,S3_PAIR_occ75,S3_court2_occ75_20260815_094144,S3_PAIR_occ75,684,45.973,283,270,4,-1,0,100,,,0,flight,112.5,75,,1,1,188.1,0.0000,ok
S3_PAIR_occ75_f000690.jpg,S3_PAIR_occ75,S3_court2_occ75_20260815_094144,S3_PAIR_occ75,690,46.206,280,270,4,-1,-1,100,,,0,flight,112.5,75,,1,1,189.6,0.0000,ok
S3_PAIR_occ75_f000696.jpg,S3_PAIR_occ75,S3_court2_occ75_20260815_094144,S3_PAIR_occ75,696,46.510,276,270,4,-1,-1,100,,,0,flight,112.5,75,,1,1,189.2,0.0000,ok
S3_PAIR_occ75_f000702.jpg,S3_PAIR_occ75,S3_court2_occ75_20260815_094144,S3_PAIR_occ75,702,46.889,280,270,4,-1,-1,100,,,0,flight,112.5,75,,1,1,200.5,0.0000,ok
S3_PAIR_occ75_f000708.jpg,S3_PAIR_occ75,S3_court2_occ75_20260815_094144,S3_PAIR_occ75,708,47.132,272,270,4,-1,1,100,,,0,flight,112.5,75,,1,1,170.6,0.0000,ok
S3_PAIR_occ75_f000714.jpg,S3_PAIR_occ75,S3_court2_occ75_20260815_094144,S3_PAIR_occ75,714,47.420,279,270,4,-1,4,100,,,0,flight,112.5,75,,1,1,178.5,0.0000,ok
S3_PAIR_occ75_f000720.jpg,S3_PAIR_occ75,S3_court2_occ75_20260815_094144,S3_PAIR_occ75,720,47.717,272,270,7,-1,3,100,,,0,flight,112.5,75,,1,1,125.4,0.0000,ok
S3_PAIR_occ75_f000726.jpg,S3_PAIR_occ75,S3_court2_occ75_20260815_094144,S3_PAIR_occ75,726,48.180,270,270,15,-1,2,100,,,0,flight,112.5,75,,1,1,137.0,0.0000,ok
S3_PAIR_occ75_f000732.jpg,S3_PAIR_occ75,S3_court2_occ75_20260815_094144,S3_PAIR_occ75,732,48.588,275,270,18,-1,0,100,,,0,flight,112.5,75,,1,1,232.3,0.0000,ok
S3_PAIR_occ75_f000738.jpg,S3_PAIR_occ75,S3_court2_occ75_20260815_094144,S3_PAIR_occ75,738,49.029,275,270,18,-1,0,100,,,0,flight,112.5,75,,1,1,171.5,0.0000,ok
S3_PAIR_occ75_f000744.jpg,S3_PAIR_occ75,S3_court2_occ75_20260815_094144,S3_PAIR_occ75,744,49.277,293,270,19,0,-6,100,,,0,flight,112.5,75,,1,1,197.1,0.0000,ok
S3_PAIR_occ75_f000750.jpg,S3_PAIR_occ75,S3_court2_occ75_20260815_094144,S3_PAIR_occ75,750,49.771,274,270,18,-1,-3,100,,,0,flight,112.5,75,,1,1,225.5,0.0000,ok
S3_PAIR_occ75_f000756.jpg,S3_PAIR_occ75,S3_court2_occ75_20260815_094144,S3_PAIR_occ75,756,50.057,267,270,18,-1,2,100,,,0,flight,112.5,75,,1,1,242.3,0.0000,ok
S3_PAIR_occ75_f000762.jpg,S3_PAIR_occ75,S3_court2_occ75_20260815_094144,S3_PAIR_occ75,762,50.506,267,270,21,-1,2,100,,,0,flight,112.5,75,,1,1,245.3,0.0000,ok
S3_PAIR_occ75_f000768.jpg,S3_PAIR_occ75,S3_court2_occ75_20260815_094144,S3_PAIR_occ75,768,50.758,267,270,21,-1,2,100,,,0,flight,112.5,75,,1,1,351.9,0.0000,ok
S3_PAIR_occ75_f000774.jpg,S3_PAIR_occ75,S3_court2_occ75_20260815_094144,S3_PAIR_occ75,774,51.157,266,260,28,-1,0,100,,,0,flight,112.5,75,,0,1,275.8,0.0000,ok
S3_PAIR_occ75_f000780.jpg,S3_PAIR_occ75,S3_court2_occ75_20260815_094144,S3_PAIR_occ75,780,51.556,268,270,28,0,-1,100,,,0,flight,112.5,75,,1,1,231.6,0.0000,ok
S3_PAIR_occ75_f000786.jpg,S3_PAIR_occ75,S3_court2_occ75_20260815_094144,S3_PAIR_occ75,786,51.944,296,270,28,0,-5,100,,,0,flight,112.5,75,,1,1,227.9,0.0000,ok
S3_PAIR_occ75_f000792.jpg,S3_PAIR_occ75,S3_court2_occ75_20260815_094144,S3_PAIR_occ75,792,52.256,279,270,28,-1,1,100,,,0,flight,112.5,75,,1,1,240.9,0.0000,ok
S3_PAIR_occ75_f000798.jpg,S3_PAIR_occ75,S3_court2_occ75_20260815_094144,S3_PAIR_occ75,798,52.525,277,270,28,-1,1,100,,,0,flight,112.5,75,,1,1,228.9,0.0000,ok
S3_PAIR_occ75_f000804.jpg,S3_PAIR_occ75,S3_court2_occ75_20260815_094144,S3_PAIR_occ75,804,52.760,276,270,28,-1,1,100,,,0,flight,112.5,75,,1,1,187.5,0.0000,ok
S3_PAIR_occ75_f000810.jpg,S3_PAIR_occ75,S3_court2_occ75_20260815_094144,S3_PAIR_occ75,810,53.052,282,270,35,-1,0,100,,,0,flight,112.5,75,,1,1,181.4,0.0000,ok
S3_PAIR_occ75_f000816.jpg,S3_PAIR_occ75,S3_court2_occ75_20260815_094144,S3_PAIR_occ75,816,53.363,287,270,40,-2,2,100,,,0,flight,112.5,75,,1,1,293.2,0.0000,ok
S3_PAIR_occ75_f000822.jpg,S3_PAIR_occ75,S3_court2_occ75_20260815_094144,S3_PAIR_occ75,822,53.757,283,270,40,-1,-1,100,,,0,flight,112.5,75,,1,1,290.2,0.0000,ok
S3_PAIR_occ75_f000828.jpg,S3_PAIR_occ75,S3_court2_occ75_20260815_094144,S3_PAIR_occ75,828,54.062,279,270,40,-1,-7,100,,,0,flight,112.5,75,,1,1,293.0,0.0000,ok
S3_PAIR_occ75_f000834.jpg,S3_PAIR_occ75,S3_court2_occ75_20260815_094144,S3_PAIR_occ75,834,54.378,289,270,40,-1,-6,100,,,0,flight,112.5,75,,1,1,289.8,0.0000,ok
S3_PAIR_occ75_f000840.jpg,S3_PAIR_occ75,S3_court2_occ75_20260815_094144,S3_PAIR_occ75,840,54.703,287,270,40,-1,-4,100,,,0,flight,112.5,75,,1,1,239.4,0.0000,ok
S3_PAIR_occ75_f000846.jpg,S3_PAIR_occ75,S3_court2_occ75_20260815_094144,S3_PAIR_occ75,846,55.103,297,270,40,-1,1,100,,,0,flight,112.5,75,,1,1,324.4,0.0000,ok
S3_PAIR_occ75_f000852.jpg,S3_PAIR_occ75,S3_court2_occ75_20260815_094144,S3_PAIR_occ75,852,55.291,280,270,40,-2,1,100,,,0,flight,112.5,75,,1,1,319.3,0.0000,ok
S3_PAIR_occ75_f000858.jpg,S3_PAIR_occ75,S3_court2_occ75_20260815_094144,S3_PAIR_occ75,858,55.655,285,270,41,-1,1,100,,,0,flight,112.5,75,,1,1,284.0,0.0000,ok
S3_PAIR_occ75_f000864.jpg,S3_PAIR_occ75,S3_court2_occ75_20260815_094144,S3_PAIR_occ75,864,55.977,285,270,53,-1,0,100,,,0,flight,112.5,75,,1,1,405.0,0.0000,ok
S3_PAIR_occ75_f000870.jpg,S3_PAIR_occ75,S3_court2_occ75_20260815_094144,S3_PAIR_occ75,870,56.297,274,270,53,-2,1,100,,,0,flight,112.5,75,,1,1,343.5,0.0000,ok
S3_PAIR_occ75_f000876.jpg,S3_PAIR_occ75,S3_court2_occ75_20260815_094144,S3_PAIR_occ75,876,56.625,292,270,53,-1,-4,100,,,0,flight,112.5,75,,1,1,303.5,0.0000,ok
S3_PAIR_occ75_f000882.jpg,S3_PAIR_occ75,S3_court2_occ75_20260815_094144,S3_PAIR_occ75,882,56.935,294,270,53,-1,-7,100,,,0,flight,112.5,75,,1,1,333.0,0.0000,ok
S3_PAIR_occ75_f000888.jpg,S3_PAIR_occ75,S3_court2_occ75_20260815_094144,S3_PAIR_occ75,888,57.257,290,270,53,-1,-5,100,,,0,flight,112.5,75,,1,1,320.0,0.0000,ok
S3_PAIR_occ75_f000894.jpg,S3_PAIR_occ75,S3_court2_occ75_20260815_094144,S3_PAIR_occ75,894,57.645,250,270,53,-1,1,100,,,0,flight,112.5,75,,1,1,325.7,0.0000,ok
S3_PAIR_occ75_f000900.jpg,S3_PAIR_occ75,S3_court2_occ75_20260815_094144,S3_PAIR_occ75,900,57.942,236,270,54,-1,0,100,,,0,flight,112.5,75,,1,1,335.5,0.0000,ok
S3_PAIR_occ75_f000906.jpg,S3_PAIR_occ75,S3_court2_occ75_20260815_094144,S3_PAIR_occ75,906,58.295,232,270,58,-1,0,100,,,0,flight,112.5,75,,1,1,200.0,0.0000,ok
S3_PAIR_occ75_f000912.jpg,S3_PAIR_occ75,S3_court2_occ75_20260815_094144,S3_PAIR_occ75,912,59.075,212,270,66,-1,0,100,,,0,flight,112.5,75,,1,1,333.7,0.0000,ok
S3_PAIR_occ75_f000918.jpg,S3_PAIR_occ75,S3_court2_occ75_20260815_094144,S3_PAIR_occ75,918,59.338,241,270,66,0,-1,100,,,0,flight,112.5,75,,1,1,322.6,0.0000,ok
S3_PAIR_occ75_f000924.jpg,S3_PAIR_occ75,S3_court2_occ75_20260815_094144,S3_PAIR_occ75,924,59.888,248,270,66,0,-1,100,,,0,flight,112.5,75,,1,1,345.7,0.0000,ok
S3_PAIR_occ75_f000930.jpg,S3_PAIR_occ75,S3_court2_occ75_20260815_094144,S3_PAIR_occ75,930,60.300,244,270,66,0,-1,100,,,0,flight,112.5,75,,1,1,350.8,0.0000,ok
S3_PAIR_occ75_f000936.jpg,S3_PAIR_occ75,S3_court2_occ75_20260815_094144,S3_PAIR_occ75,936,60.595,247,270,66,0,-1,100,,,0,flight,112.5,75,,1,1,369.0,0.0000,ok
S3_PAIR_occ75_f000942.jpg,S3_PAIR_occ75,S3_court2_occ75_20260815_094144,S3_PAIR_occ75,942,60.962,238,270,66,0,-1,100,,,0,flight,112.5,75,,1,1,369.8,0.0000,ok
S3_PAIR_occ75_f000948.jpg,S3_PAIR_occ75,S3_court2_occ75_20260815_094144,S3_PAIR_occ75,948,61.365,256,270,66,0,-5,100,,,0,flight,112.5,75,,1,1,352.5,0.0000,ok
S3_PAIR_occ75_f000954.jpg,S3_PAIR_occ75,S3_court2_occ75_20260815_094144,S3_PAIR_occ75,954,61.766,246,270,66,0,-6,99,,,0,flight,112.5,75,,1,1,321.5,0.0000,ok
S3_PAIR_occ75_f000960.jpg,S3_PAIR_occ75,S3_court2_occ75_20260815_094144,S3_PAIR_occ75,960,61.972,220,270,66,-1,-5,99,,,0,flight,112.5,75,,1,1,304.6,0.0000,ok
S3_PAIR_occ75_f000966.jpg,S3_PAIR_occ75,S3_court2_occ75_20260815_094144,S3_PAIR_occ75,966,62.378,210,270,66,-1,-4,99,,,0,flight,112.5,75,,1,1,304.7,0.0000,ok
S3_PAIR_occ75_f000972.jpg,S3_PAIR_occ75,S3_court2_occ75_20260815_094144,S3_PAIR_occ75,972,62.599,204,270,66,-1,-4,99,,,0,flight,112.5,75,,1,1,301.8,0.0000,ok
S3_PAIR_occ75_f000978.jpg,S3_PAIR_occ75,S3_court2_occ75_20260815_094144,S3_PAIR_occ75,978,62.815,210,270,66,0,0,99,,,0,flight,112.5,75,,1,1,303.7,0.0000,ok
S3_PAIR_occ75_f000984.jpg,S3_PAIR_occ75,S3_court2_occ75_20260815_094144,S3_PAIR_occ75,984,63.096,203,270,66,0,0,99,,,0,flight,112.5,75,,1,1,289.7,0.0000,ok
S3_PAIR_occ75_f000990.jpg,S3_PAIR_occ75,S3_court2_occ75_20260815_094144,S3_PAIR_occ75,990,63.398,199,270,66,0,0,99,,,0,flight,112.5,75,,1,1,307.2,0.0000,ok
S3_PAIR_occ75_f000996.jpg,S3_PAIR_occ75,S3_court2_occ75_20260815_094144,S3_PAIR_occ75,996,63.729,195,270,66,0,0,99,,,0,flight,112.5,75,,1,1,316.3,0.0000,ok
S3_PAIR_occ75_f001002.jpg,S3_PAIR_occ75,S3_court2_occ75_20260815_094144,S3_PAIR_occ75,1002,63.995,195,270,70,0,0,98,,,0,flight,112.5,75,,1,1,205.9,0.0000,ok
S3_PAIR_occ75_f001008.jpg,S3_PAIR_occ75,S3_court2_occ75_20260815_094144,S3_PAIR_occ75,1008,64.224,192,270,74,-1,1,98,,,0,flight,112.5,75,,1,1,306.1,0.0000,ok
S3_PAIR_occ75_f001014.jpg,S3_PAIR_occ75,S3_court2_occ75_20260815_094144,S3_PAIR_occ75,1014,64.511,191,270,74,0,0,98,,,0,flight,112.5,75,,0,1,333.5,0.0000,ok
S3_PAIR_occ75_f001020.jpg,S3_PAIR_occ75,S3_court2_occ75_20260815_094144,S3_PAIR_occ75,1020,64.738,198,270,74,0,-6,98,,,0,flight,112.5,75,,0,1,292.6,0.0000,ok
S3_PAIR_occ75_f001026.jpg,S3_PAIR_occ75,S3_court2_occ75_20260815_094144,S3_PAIR_occ75,1026,65.035,201,270,74,0,-7,98,,,0,flight,112.5,75,,1,1,315.6,0.0000,ok
S3_PAIR_occ75_f001032.jpg,S3_PAIR_occ75,S3_court2_occ75_20260815_094144,S3_PAIR_occ75,1032,65.336,195,270,74,0,-5,98,,,0,flight,112.5,75,,0,1,302.1,0.0000,ok
S3_PAIR_occ75_f001038.jpg,S3_PAIR_occ75,S3_court2_occ75_20260815_094144,S3_PAIR_occ75,1038,65.623,196,270,74,0,-5,98,,,0,flight,112.5,75,,1,1,296.5,0.0000,ok
S3_PAIR_occ75_f001044.jpg,S3_PAIR_occ75,S3_court2_occ75_20260815_094144,S3_PAIR_occ75,1044,65.828,195,270,74,0,-5,98,,,0,flight,112.5,75,,1,1,273.0,0.0000,ok
S3_PAIR_occ75_f001050.jpg,S3_PAIR_occ75,S3_court2_occ75_20260815_094144,S3_PAIR_occ75,1050,66.144,195,270,74,0,-5,97,,,0,flight,112.5,75,,1,1,301.5,0.0000,ok
S3_PAIR_occ75_f001056.jpg,S3_PAIR_occ75,S3_court2_occ75_20260815_094144,S3_PAIR_occ75,1056,66.494,203,270,74,0,-4,97,,,0,flight,112.5,75,,1,1,322.3,0.0000,ok
S3_PAIR_occ75_f001062.jpg,S3_PAIR_occ75,S3_court2_occ75_20260815_094144,S3_PAIR_occ75,1062,66.762,213,280,74,0,-5,97,,,0,flight,112.5,75,,1,1,263.0,0.0000,ok
S3_PAIR_occ75_f001068.jpg,S3_PAIR_occ75,S3_court2_occ75_20260815_094144,S3_PAIR_occ75,1068,67.083,204,280,74,0,0,97,,,0,flight,112.5,75,,1,1,266.6,0.0000,ok
S3_PAIR_occ75_f001074.jpg,S3_PAIR_occ75,S3_court2_occ75_20260815_094144,S3_PAIR_occ75,1074,67.398,206,280,74,0,-3,97,,,0,flight,112.5,75,,1,1,250.2,0.0000,ok
S3_PAIR_occ75_f001080.jpg,S3_PAIR_occ75,S3_court2_occ75_20260815_094144,S3_PAIR_occ75,1080,67.692,211,280,74,0,-5,96,,,0,flight,112.5,75,,1,1,260.3,0.0000,ok
S3_PAIR_occ75_f001086.jpg,S3_PAIR_occ75,S3_court2_occ75_20260815_094144,S3_PAIR_occ75,1086,68.095,210,280,74,0,-3,96,,,0,flight,112.5,75,,1,1,253.4,0.0000,ok
S3_PAIR_occ75_f001092.jpg,S3_PAIR_occ75,S3_court2_occ75_20260815_094144,S3_PAIR_occ75,1092,68.405,190,280,74,0,0,96,,,0,flight,112.5,75,,1,1,288.8,0.0000,ok
S3_PAIR_occ75_f001098.jpg,S3_PAIR_occ75,S3_court2_occ75_20260815_094144,S3_PAIR_occ75,1098,68.706,194,260,73,0,0,96,,,0,flight,112.5,75,,1,1,283.8,0.0000,ok
S3_PAIR_occ75_f001104.jpg,S3_PAIR_occ75,S3_court2_occ75_20260815_094144,S3_PAIR_occ75,1104,69.005,196,270,73,0,0,96,,,0,flight,112.5,75,,1,1,288.5,0.0000,ok
S3_PAIR_occ75_f001110.jpg,S3_PAIR_occ75,S3_court2_occ75_20260815_094144,S3_PAIR_occ75,1110,69.345,197,270,73,0,0,96,,,0,flight,112.5,75,,1,1,311.5,0.0000,ok
S3_PAIR_occ75_f001116.jpg,S3_PAIR_occ75,S3_court2_occ75_20260815_094144,S3_PAIR_occ75,1116,69.647,200,270,73,-1,1,96,,,0,flight,112.5,75,,1,1,282.0,0.0000,ok
S3_PAIR_occ75_f001122.jpg,S3_PAIR_occ75,S3_court2_occ75_20260815_094144,S3_PAIR_occ75,1122,69.928,201,270,74,-1,0,95,,,0,flight,112.5,75,,1,1,321.9,0.0000,ok
S3_PAIR_occ75_f001128.jpg,S3_PAIR_occ75,S3_court2_occ75_20260815_094144,S3_PAIR_occ75,1128,70.155,202,270,74,-1,0,95,,,0,flight,112.5,75,,1,1,307.5,0.0000,ok
S3_PAIR_occ75_f001134.jpg,S3_PAIR_occ75,S3_court2_occ75_20260815_094144,S3_PAIR_occ75,1134,70.438,203,270,77,-1,-1,95,,,0,flight,112.5,75,,0,1,165.8,0.0000,ok
S3_PAIR_occ75_f001140.jpg,S3_PAIR_occ75,S3_court2_occ75_20260815_094144,S3_PAIR_occ75,1140,70.746,204,270,84,0,-1,95,,,0,flight,112.5,75,,1,1,227.7,0.0000,ok
S3_PAIR_occ75_f001146.jpg,S3_PAIR_occ75,S3_court2_occ75_20260815_094144,S3_PAIR_occ75,1146,70.995,204,270,84,0,-1,95,,,0,flight,112.5,75,,1,1,299.2,0.0000,ok
S3_PAIR_occ75_f001152.jpg,S3_PAIR_occ75,S3_court2_occ75_20260815_094144,S3_PAIR_occ75,1152,71.362,204,270,84,0,0,95,,,0,flight,112.5,75,,1,1,334.0,0.0000,ok
S3_PAIR_occ75_f001158.jpg,S3_PAIR_occ75,S3_court2_occ75_20260815_094144,S3_PAIR_occ75,1158,71.671,203,270,84,0,0,95,,,0,flight,112.5,75,,1,1,356.3,0.0000,ok
S3_PAIR_occ75_f001164.jpg,S3_PAIR_occ75,S3_court2_occ75_20260815_094144,S3_PAIR_occ75,1164,71.977,202,270,84,0,0,94,,,0,flight,112.5,75,,1,1,339.1,0.0000,ok
S3_PAIR_occ75_f001170.jpg,S3_PAIR_occ75,S3_court2_occ75_20260815_094144,S3_PAIR_occ75,1170,72.286,202,270,84,0,0,94,,,0,flight,112.5,75,,1,1,347.4,0.0000,ok
S3_PAIR_occ75_f001176.jpg,S3_PAIR_occ75,S3_court2_occ75_20260815_094144,S3_PAIR_occ75,1176,72.588,207,280,84,0,0,94,,,0,flight,112.5,75,,1,1,295.9,0.0000,ok
S3_PAIR_occ75_f001182.jpg,S3_PAIR_occ75,S3_court2_occ75_20260815_094144,S3_PAIR_occ75,1182,72.892,216,280,84,0,0,94,,,0,flight,112.5,75,,1,1,291.4,0.0000,ok
S3_PAIR_occ75_f001188.jpg,S3_PAIR_occ75,S3_court2_occ75_20260815_094144,S3_PAIR_occ75,1188,73.114,220,290,84,0,0,94,,,0,flight,112.5,75,,1,1,306.5,0.0000,ok
S3_PAIR_occ75_f001194.jpg,S3_PAIR_occ75,S3_court2_occ75_20260815_094144,S3_PAIR_occ75,1194,73.424,223,290,84,0,0,94,,,0,flight,112.5,75,,1,1,326.3,0.0000,ok
S3_PAIR_occ75_f001200.jpg,S3_PAIR_occ75,S3_court2_occ75_20260815_094144,S3_PAIR_occ75,1200,73.738,223,290,84,0,-3,93,,,0,flight,112.5,75,,1,1,292.2,0.0000,ok
S3_PAIR_occ75_f001206.jpg,S3_PAIR_occ75,S3_court2_occ75_20260815_094144,S3_PAIR_occ75,1206,74.037,224,290,84,0,-6,93,,,0,flight,112.5,75,,1,1,268.2,0.0000,ok
S3_PAIR_occ75_f001212.jpg,S3_PAIR_occ75,S3_court2_occ75_20260815_094144,S3_PAIR_occ75,1212,74.328,225,290,84,0,-5,93,,,0,flight,112.5,75,,1,1,246.5,0.0000,ok
S3_PAIR_occ75_f001218.jpg,S3_PAIR_occ75,S3_court2_occ75_20260815_094144,S3_PAIR_occ75,1218,74.657,233,290,84,0,-4,93,,,0,flight,112.5,75,,1,1,251.3,0.0000,ok
S3_PAIR_occ75_f001224.jpg,S3_PAIR_occ75,S3_court2_occ75_20260815_094144,S3_PAIR_occ75,1224,75.079,221,300,84,0,1,93,,,0,flight,112.5,75,,1,1,243.8,0.0000,ok
S3_PAIR_occ75_f001230.jpg,S3_PAIR_occ75,S3_court2_occ75_20260815_094144,S3_PAIR_occ75,1230,75.572,216,290,84,0,-3,93,,,0,flight,112.5,75,,1,1,237.2,0.0000,ok
S3_PAIR_occ75_f001236.jpg,S3_PAIR_occ75,S3_court2_occ75_20260815_094144,S3_PAIR_occ75,1236,75.973,216,290,84,0,0,92,,,0,flight,112.5,75,,1,1,269.3,0.0000,ok
S3_PAIR_occ75_f001242.jpg,S3_PAIR_occ75,S3_court2_occ75_20260815_094144,S3_PAIR_occ75,1242,76.290,215,290,84,0,0,92,,,0,flight,112.5,75,,1,1,279.0,0.0000,ok
S3_PAIR_occ75_f001248.jpg,S3_PAIR_occ75,S3_court2_occ75_20260815_094144,S3_PAIR_occ75,1248,76.591,215,290,84,0,-5,92,,,0,flight,112.5,75,,1,1,258.3,0.0000,ok
S3_PAIR_occ75_f001254.jpg,S3_PAIR_occ75,S3_court2_occ75_20260815_094144,S3_PAIR_occ75,1254,76.921,216,290,84,0,-6,92,,,0,flight,112.5,75,,1,1,244.7,0.0000,ok
S3_PAIR_occ75_f001260.jpg,S3_PAIR_occ75,S3_court2_occ75_20260815_094144,S3_PAIR_occ75,1260,77.229,219,290,84,0,0,92,,,0,flight,112.5,75,,1,1,260.9,0.0000,ok
S3_PAIR_occ75_f001266.jpg,S3_PAIR_occ75,S3_court2_occ75_20260815_094144,S3_PAIR_occ75,1266,77.546,226,290,84,0,0,92,,,0,flight,112.5,75,,1,1,292.7,0.0000,ok
S3_PAIR_occ75_f001272.jpg,S3_PAIR_occ75,S3_court2_occ75_20260815_094144,S3_PAIR_occ75,1272,77.763,229,290,85,0,0,92,,,0,flight,112.5,75,,1,1,208.3,0.0000,ok
S3_PAIR_occ75_f001278.jpg,S3_PAIR_occ75,S3_court2_occ75_20260815_094144,S3_PAIR_occ75,1278,78.030,229,290,90,0,0,92,,,0,flight,112.5,75,,1,1,172.8,0.0000,ok
S3_PAIR_occ75_f001284.jpg,S3_PAIR_occ75,S3_court2_occ75_20260815_094144,S3_PAIR_occ75,1284,78.347,232,290,100,0,1,92,,,0,flight,112.5,75,,1,1,185.5,0.0000,ok
S3_PAIR_occ75_f001290.jpg,S3_PAIR_occ75,S3_court2_occ75_20260815_094144,S3_PAIR_occ75,1290,78.741,227,290,102,0,0,92,,,0,flight,112.5,75,,1,1,232.7,0.0000,ok
S3_PAIR_occ75_f001296.jpg,S3_PAIR_occ75,S3_court2_occ75_20260815_094144,S3_PAIR_occ75,1296,79.050,222,290,103,1,-6,92,,,0,flight,112.5,75,,1,1,230.7,0.0000,ok
S3_PAIR_occ75_f001302.jpg,S3_PAIR_occ75,S3_court2_occ75_20260815_094144,S3_PAIR_occ75,1302,79.357,223,290,103,1,-8,92,,,0,flight,112.5,75,,1,1,240.9,0.0000,ok
S3_PAIR_occ75_f001308.jpg,S3_PAIR_occ75,S3_court2_occ75_20260815_094144,S3_PAIR_occ75,1308,79.644,228,300,103,1,-6,92,,,0,flight,112.5,75,,1,1,216.0,0.0000,ok
S3_PAIR_occ75_f001314.jpg,S3_PAIR_occ75,S3_court2_occ75_20260815_094144,S3_PAIR_occ75,1314,79.976,233,300,103,1,-5,92,,,0,flight,112.5,75,,1,1,235.7,0.0000,ok
S3_PAIR_occ75_f001320.jpg,S3_PAIR_occ75,S3_court2_occ75_20260815_094144,S3_PAIR_occ75,1320,80.378,231,300,103,1,-2,92,,,0,flight,112.5,75,,1,1,227.2,0.0000,ok
S3_PAIR_occ75_f001326.jpg,S3_PAIR_occ75,S3_court2_occ75_20260815_094144,S3_PAIR_occ75,1326,80.685,233,300,103,2,0,92,,,0,flight,112.5,75,,0,1,219.1,0.0000,ok
S3_PAIR_occ75_f001332.jpg,S3_PAIR_occ75,S3_court2_occ75_20260815_094144,S3_PAIR_occ75,1332,80.911,227,300,103,1,0,92,,,0,flight,112.5,75,,1,1,238.2,0.0000,ok
S3_PAIR_occ75_f001338.jpg,S3_PAIR_occ75,S3_court2_occ75_20260815_094144,S3_PAIR_occ75,1338,81.107,224,290,103,2,0,92,,,0,flight,112.5,75,,1,1,244.5,0.0000,ok
S3_PAIR_occ75_f001344.jpg,S3_PAIR_occ75,S3_court2_occ75_20260815_094144,S3_PAIR_occ75,1344,81.395,223,290,104,1,-1,92,,,0,flight,112.5,75,,1,1,278.9,0.0000,ok
S3_PAIR_occ75_f001350.jpg,S3_PAIR_occ75,S3_court2_occ75_20260815_094144,S3_PAIR_occ75,1350,81.730,221,290,111,1,0,92,,,0,flight,112.5,75,,0,1,145.7,0.0000,ok
S3_PAIR_occ75_f001356.jpg,S3_PAIR_occ75,S3_court2_occ75_20260815_094144,S3_PAIR_occ75,1356,81.944,220,290,112,1,0,92,,,0,flight,112.5,75,,0,1,217.0,0.0000,ok
S3_PAIR_occ75_f001362.jpg,S3_PAIR_occ75,S3_court2_occ75_20260815_094144,S3_PAIR_occ75,1362,82.225,221,290,112,1,-1,92,,,0,flight,112.5,75,,1,1,243.0,0.0000,ok
S3_PAIR_occ75_f001368.jpg,S3_PAIR_occ75,S3_court2_occ75_20260815_094144,S3_PAIR_occ75,1368,82.489,223,290,112,2,-4,92,,,0,flight,112.5,75,,0,1,229.4,0.0000,ok
S3_PAIR_occ75_f001374.jpg,S3_PAIR_occ75,S3_court2_occ75_20260815_094144,S3_PAIR_occ75,1374,82.688,224,290,112,1,-8,92,,,0,flight,112.5,75,,1,1,207.8,0.0000,ok
S3_PAIR_occ75_f001380.jpg,S3_PAIR_occ75,S3_court2_occ75_20260815_094144,S3_PAIR_occ75,1380,82.967,223,290,112,2,-7,92,,,0,flight,112.5,75,,1,1,214.7,0.0000,ok
S3_PAIR_occ75_f001386.jpg,S3_PAIR_occ75,S3_court2_occ75_20260815_094144,S3_PAIR_occ75,1386,83.265,220,290,112,1,-6,92,,,0,flight,112.5,75,,0,1,208.7,0.0000,ok
S3_PAIR_occ75_f001392.jpg,S3_PAIR_occ75,S3_court2_occ75_20260815_094144,S3_PAIR_occ75,1392,83.581,219,290,112,2,-5,92,,,0,flight,112.5,75,,0,1,209.7,0.0000,ok
S3_PAIR_occ75_f001398.jpg,S3_PAIR_occ75,S3_court2_occ75_20260815_094144,S3_PAIR_occ75,1398,83.771,219,290,112,2,-5,92,,,0,flight,112.5,75,,1,1,219.0,0.0000,ok
S3_PAIR_occ75_f001404.jpg,S3_PAIR_occ75,S3_court2_occ75_20260815_094144,S3_PAIR_occ75,1404,84.065,217,290,112,2,0,91,,,0,flight,112.5,75,,1,1,233.5,0.0000,ok
S3_PAIR_occ75_f001410.jpg,S3_PAIR_occ75,S3_court2_occ75_20260815_094144,S3_PAIR_occ75,1410,84.263,220,290,114,1,0,91,,,0,flight,112.5,75,,1,1,143.4,0.0000,ok
S3_PAIR_occ75_f001416.jpg,S3_PAIR_occ75,S3_court2_occ75_20260815_094144,S3_PAIR_occ75,1416,84.489,227,290,121,2,0,91,,,0,flight,112.5,75,,0,1,102.3,0.0000,ok
S3_PAIR_occ75_f001422.jpg,S3_PAIR_occ75,S3_court2_occ75_20260815_094144,S3_PAIR_occ75,1422,84.794,233,290,129,2,0,91,,,0,flight,112.5,75,,0,1,121.3,0.0000,ok
S3_PAIR_occ75_f001428.jpg,S3_PAIR_occ75,S3_court2_occ75_20260815_094144,S3_PAIR_occ75,1428,85.006,235,290,129,2,0,91,,,0,flight,112.5,75,,0,1,153.7,0.0000,ok
S3_PAIR_occ75_f001434.jpg,S3_PAIR_occ75,S3_court2_occ75_20260815_094144,S3_PAIR_occ75,1434,85.297,220,300,129,2,-2,91,,,0,flight,112.5,75,,1,1,134.6,0.0000,ok
S3_PAIR_occ75_f001440.jpg,S3_PAIR_occ75,S3_court2_occ75_20260815_094144,S3_PAIR_occ75,1440,85.512,216,300,129,2,-7,91,,,0,flight,112.5,75,,1,1,115.8,0.0000,ok
S3_PAIR_occ75_f001446.jpg,S3_PAIR_occ75,S3_court2_occ75_20260815_094144,S3_PAIR_occ75,1446,85.815,223,290,129,3,-7,91,,,0,flight,112.5,75,,1,1,128.9,0.0000,ok
S3_PAIR_occ75_f001452.jpg,S3_PAIR_occ75,S3_court2_occ75_20260815_094144,S3_PAIR_occ75,1452,86.130,249,300,129,2,-6,91,,,0,flight,112.5,75,,1,1,122.2,0.0000,ok
S3_PAIR_occ75_f001458.jpg,S3_PAIR_occ75,S3_court2_occ75_20260815_094144,S3_PAIR_occ75,1458,86.423,243,300,129,1,-5,91,,,0,flight,112.5,75,,1,1,130.5,0.0000,ok
S3_PAIR_occ75_f001464.jpg,S3_PAIR_occ75,S3_court2_occ75_20260815_094144,S3_PAIR_occ75,1464,86.824,215,300,129,0,-3,91,,,0,flight,112.5,75,,0,1,125.8,0.0000,ok
S3_PAIR_occ75_f001470.jpg,S3_PAIR_occ75,S3_court2_occ75_20260815_094144,S3_PAIR_occ75,1470,87.274,218,290,129,0,0,91,,,0,flight,112.5,75,,1,1,156.3,0.0000,ok
S3_PAIR_occ75_f001476.jpg,S3_PAIR_occ75,S3_court2_occ75_20260815_094144,S3_PAIR_occ75,1476,87.563,224,290,135,0,0,91,,,0,flight,112.5,75,,0,1,69.7,0.0000,ok
S3_PAIR_occ75_f001482.jpg,S3_PAIR_occ75,S3_court2_occ75_20260815_094144,S3_PAIR_occ75,1482,87.949,220,290,142,0,1,91,,,0,flight,112.5,75,,1,1,61.7,0.0000,ok
S3_PAIR_occ75_f001488.jpg,S3_PAIR_occ75,S3_court2_occ75_20260815_094144,S3_PAIR_occ75,1488,88.255,224,290,152,0,0,91,,,0,flight,112.5,75,,1,1,43.4,0.0000,ok
S3_PAIR_occ75_f001494.jpg,S3_PAIR_occ75,S3_court2_occ75_20260815_094144,S3_PAIR_occ75,1494,88.574,225,290,160,0,1,91,,,0,flight,112.5,75,,1,1,40.5,0.0000,ok
S3_PAIR_occ75_f001500.jpg,S3_PAIR_occ75,S3_court2_occ75_20260815_094144,S3_PAIR_occ75,1500,88.880,224,300,160,0,0,90,,,0,flight,112.5,75,,1,1,68.6,0.0000,ok
S3_PAIR_occ75_f001506.jpg,S3_PAIR_occ75,S3_court2_occ75_20260815_094144,S3_PAIR_occ75,1506,89.181,217,290,160,0,0,90,,,0,flight,112.5,75,,1,1,83.9,0.0000,ok
S3_PAIR_occ75_f001512.jpg,S3_PAIR_occ75,S3_court2_occ75_20260815_094144,S3_PAIR_occ75,1512,89.487,219,290,160,1,-1,90,,,0,flight,112.5,75,,1,1,80.1,0.0000,ok
S3_PAIR_occ75_f001518.jpg,S3_PAIR_occ75,S3_court2_occ75_20260815_094144,S3_PAIR_occ75,1518,89.714,220,290,160,1,-1,90,,,0,flight,112.5,75,,1,1,82.6,0.0000,ok
S3_PAIR_occ75_f001524.jpg,S3_PAIR_occ75,S3_court2_occ75_20260815_094144,S3_PAIR_occ75,1524,89.998,221,290,160,0,-5,90,,,0,flight,112.5,75,,1,1,75.3,0.0000,ok
S3_PAIR_occ75_f001530.jpg,S3_PAIR_occ75,S3_court2_occ75_20260815_094144,S3_PAIR_occ75,1530,90.207,219,290,160,0,-6,90,,,0,flight,112.5,75,,1,1,74.8,0.0000,ok
S3_PAIR_occ75_f001536.jpg,S3_PAIR_occ75,S3_court2_occ75_20260815_094144,S3_PAIR_occ75,1536,90.710,224,290,160,0,-3,90,,,0,flight,112.5,75,,1,1,66.9,0.0000,ok
S3_PAIR_occ75_f001542.jpg,S3_PAIR_occ75,S3_court2_occ75_20260815_094144,S3_PAIR_occ75,1542,91.013,216,290,160,0,-2,90,,,0,flight,112.5,75,,1,1,73.0,0.0000,ok
S3_PAIR_occ75_f001548.jpg,S3_PAIR_occ75,S3_court2_occ75_20260815_094144,S3_PAIR_occ75,1548,91.340,222,290,160,0,-2,90,,,0,flight,112.5,75,,1,1,78.1,0.0000,ok
S3_PAIR_occ75_f001554.jpg,S3_PAIR_occ75,S3_court2_occ75_20260815_094144,S3_PAIR_occ75,1554,91.736,225,290,160,0,-2,90,,,0,flight,112.5,75,,1,1,63.7,0.0000,ok
S3_PAIR_occ75_f001560.jpg,S3_PAIR_occ75,S3_court2_occ75_20260815_094144,S3_PAIR_occ75,1560,92.057,223,300,160,0,-2,90,,,0,flight,112.5,75,,1,1,66.7,0.0000,ok
S3_PAIR_occ75_f001566.jpg,S3_PAIR_occ75,S3_court2_occ75_20260815_094144,S3_PAIR_occ75,1566,92.460,222,290,160,0,-2,90,,,0,flight,112.5,75,,1,1,67.5,0.0000,ok
S3_PAIR_occ75_f001572.jpg,S3_PAIR_occ75,S3_court2_occ75_20260815_094144,S3_PAIR_occ75,1572,92.676,220,290,160,0,-2,90,,,0,flight,112.5,75,,1,1,73.5,0.0000,ok
S3_PAIR_occ75_f001578.jpg,S3_PAIR_occ75,S3_court2_occ75_20260815_094144,S3_PAIR_occ75,1578,93.077,216,290,160,1,-2,90,,,0,flight,112.5,75,,1,1,76.7,0.0000,ok
S3_PAIR_occ75_f001584.jpg,S3_PAIR_occ75,S3_court2_occ75_20260815_094144,S3_PAIR_occ75,1584,93.371,213,290,160,2,-2,90,,,0,flight,112.5,75,,1,1,71.7,0.0000,ok
S3_PAIR_occ75_f001590.jpg,S3_PAIR_occ75,S3_court2_occ75_20260815_094144,S3_PAIR_occ75,1590,93.683,212,290,160,2,0,90,,,0,flight,112.5,75,,1,1,69.5,0.0000,ok
S3_PAIR_occ75_f001596.jpg,S3_PAIR_occ75,S3_court2_occ75_20260815_094144,S3_PAIR_occ75,1596,93.905,219,290,160,1,1,90,,,0,flight,112.5,75,,1,1,84.3,0.0000,ok
S3_PAIR_occ75_f001602.jpg,S3_PAIR_occ75,S3_court2_occ75_20260815_094144,S3_PAIR_occ75,1602,94.113,214,290,160,1,0,90,,,0,flight,112.5,75,,1,1,87.7,0.0000,ok
S3_PAIR_occ75_f001608.jpg,S3_PAIR_occ75,S3_court2_occ75_20260815_094144,S3_PAIR_occ75,1608,94.403,217,290,160,1,0,90,,,0,flight,112.5,75,,1,1,89.9,0.0000,ok
S3_PAIR_occ75_f001614.jpg,S3_PAIR_occ75,S3_court2_occ75_20260815_094144,S3_PAIR_occ75,1614,94.708,219,290,160,1,-1,90,,,0,flight,112.5,75,,1,1,68.1,0.0000,ok
S3_PAIR_occ75_f001620.jpg,S3_PAIR_occ75,S3_court2_occ75_20260815_094144,S3_PAIR_occ75,1620,95.039,218,290,160,2,0,90,,,0,flight,112.5,75,,1,1,101.7,0.0000,ok
S3_PAIR_occ75_f001626.jpg,S3_PAIR_occ75,S3_court2_occ75_20260815_094144,S3_PAIR_occ75,1626,95.326,218,290,160,2,0,90,,,0,flight,112.5,75,,1,1,102.9,0.0000,ok
S3_PAIR_occ75_f001632.jpg,S3_PAIR_occ75,S3_court2_occ75_20260815_094144,S3_PAIR_occ75,1632,95.573,216,290,160,2,0,90,,,0,flight,112.5,75,,1,1,108.6,0.0000,ok
S3_PAIR_occ75_f001638.jpg,S3_PAIR_occ75,S3_court2_occ75_20260815_094144,S3_PAIR_occ75,1638,95.779,222,290,160,2,3,90,,,0,flight,112.5,75,,1,1,98.5,0.0000,ok
S3_PAIR_occ75_f001644.jpg,S3_PAIR_occ75,S3_court2_occ75_20260815_094144,S3_PAIR_occ75,1644,96.066,242,300,160,3,0,90,,,0,flight,112.5,75,,1,1,97.5,0.0000,ok
S3_PAIR_occ75_f001650.jpg,S3_PAIR_occ75,S3_court2_occ75_20260815_094144,S3_PAIR_occ75,1650,96.377,252,310,160,3,0,90,,,0,flight,112.5,75,,1,1,101.6,0.0000,ok
S3_PAIR_occ75_f001656.jpg,S3_PAIR_occ75,S3_court2_occ75_20260815_094144,S3_PAIR_occ75,1656,96.625,261,320,160,3,0,90,,,0,flight,112.5,75,,1,1,94.8,0.0000,ok
S3_PAIR_occ75_f001662.jpg,S3_PAIR_occ75,S3_court2_occ75_20260815_094144,S3_PAIR_occ75,1662,96.938,272,330,160,2,0,89,,,0,flight,112.5,75,,1,1,91.8,0.0000,ok
S3_PAIR_occ75_f001668.jpg,S3_PAIR_occ75,S3_court2_occ75_20260815_094144,S3_PAIR_occ75,1668,97.246,276,340,160,1,1,89,,,0,flight,112.5,75,,1,1,95.7,0.0000,ok
S3_PAIR_occ75_f001674.jpg,S3_PAIR_occ75,S3_court2_occ75_20260815_094144,S3_PAIR_occ75,1674,97.567,287,350,160,1,0,89,,,0,flight,112.5,75,,1,1,93.8,0.0000,ok
S3_PAIR_occ75_f001680.jpg,S3_PAIR_occ75,S3_court2_occ75_20260815_094144,S3_PAIR_occ75,1680,97.791,295,350,160,1,0,89,,,0,flight,112.5,75,,1,1,107.1,0.0000,ok
S3_PAIR_occ75_f001686.jpg,S3_PAIR_occ75,S3_court2_occ75_20260815_094144,S3_PAIR_occ75,1686,98.112,297,360,160,0,0,89,,,0,flight,112.5,75,,1,1,108.0,0.0000,ok
S3_PAIR_occ75_f001692.jpg,S3_PAIR_occ75,S3_court2_occ75_20260815_094144,S3_PAIR_occ75,1692,98.657,314,370,160,0,0,89,,,0,flight,112.5,75,,1,1,98.1,0.0000,ok
S3_PAIR_occ75_f001698.jpg,S3_PAIR_occ75,S3_court2_occ75_20260815_094144,S3_PAIR_occ75,1698,99.051,330,380,160,0,0,89,,,0,flight,112.5,75,,1,1,106.9,0.0000,ok
S3_PAIR_occ75_f001704.jpg,S3_PAIR_occ75,S3_court2_occ75_20260815_094144,S3_PAIR_occ75,1704,99.523,340,400,160,0,0,89,,,0,flight,112.5,75,,1,1,103.6,0.0000,ok
S3_PAIR_occ75_f001710.jpg,S3_PAIR_occ75,S3_court2_occ75_20260815_094144,S3_PAIR_occ75,1710,99.845,349,410,160,0,0,89,,,0,flight,112.5,75,,1,1,95.0,0.0000,ok
S3_PAIR_occ75_f001716.jpg,S3_PAIR_occ75,S3_court2_occ75_20260815_094144,S3_PAIR_occ75,1716,100.281,356,410,160,6,0,89,,,0,flight,112.5,75,,1,1,62.3,0.0000,ok
S3_PAIR_occ75_f001722.jpg,S3_PAIR_occ75,S3_court2_occ75_20260815_094144,S3_PAIR_occ75,1722,100.722,350,410,160,6,0,89,,,0,flight,112.5,75,,1,1,112.0,0.0003,ok
S3_PAIR_occ75_f001728.jpg,S3_PAIR_occ75,S3_court2_occ75_20260815_094144,S3_PAIR_occ75,1728,101.131,358,410,160,4,1,88,,,0,flight,112.5,75,,1,1,107.0,0.0002,ok
S3_PAIR_occ75_f001734.jpg,S3_PAIR_occ75,S3_court2_occ75_20260815_094144,S3_PAIR_occ75,1734,101.385,358,410,160,4,1,88,,,0,flight,112.5,75,,1,1,118.7,0.0000,ok
S3_PAIR_occ75_f001740.jpg,S3_PAIR_occ75,S3_court2_occ75_20260815_094144,S3_PAIR_occ75,1740,101.759,358,410,160,4,1,88,,,0,flight,112.5,75,,1,1,117.6,0.0000,ok
S3_PAIR_occ75_f001746.jpg,S3_PAIR_occ75,S3_court2_occ75_20260815_094144,S3_PAIR_occ75,1746,102.058,351,410,160,4,0,88,,,0,flight,112.5,75,,1,1,171.7,0.0001,ok
S3_PAIR_occ75_f001752.jpg,S3_PAIR_occ75,S3_court2_occ75_20260815_094144,S3_PAIR_occ75,1752,102.288,351,410,160,4,0,88,,,0,flight,112.5,75,,1,1,139.8,0.0000,ok
S3_PAIR_occ75_f001758.jpg,S3_PAIR_occ75,S3_court2_occ75_20260815_094144,S3_PAIR_occ75,1758,102.595,343,410,160,5,0,88,,,0,flight,112.5,75,,0,1,90.1,0.0000,ok
S3_PAIR_occ75_f001764.jpg,S3_PAIR_occ75,S3_court2_occ75_20260815_094144,S3_PAIR_occ75,1764,102.905,335,410,160,5,0,88,,,0,flight,112.5,75,,0,1,98.8,0.0000,ok
S3_PAIR_occ75_f001770.jpg,S3_PAIR_occ75,S3_court2_occ75_20260815_094144,S3_PAIR_occ75,1770,103.224,344,410,160,5,0,88,,,0,flight,112.5,75,,1,1,98.4,0.0000,ok
S3_PAIR_occ75_f001776.jpg,S3_PAIR_occ75,S3_court2_occ75_20260815_094144,S3_PAIR_occ75,1776,103.530,334,410,160,5,0,88,,,0,flight,112.5,75,,1,1,85.1,0.0000,ok
S3_PAIR_occ75_f001782.jpg,S3_PAIR_occ75,S3_court2_occ75_20260815_094144,S3_PAIR_occ75,1782,103.848,340,410,160,5,0,88,,,0,flight,112.5,75,,1,1,98.6,0.0000,ok
S3_PAIR_occ75_f001788.jpg,S3_PAIR_occ75,S3_court2_occ75_20260815_094144,S3_PAIR_occ75,1788,104.146,340,410,160,5,0,88,,,0,flight,112.5,75,,0,1,103.7,0.0000,ok
S3_PAIR_occ75_f001794.jpg,S3_PAIR_occ75,S3_court2_occ75_20260815_094144,S3_PAIR_occ75,1794,104.546,345,410,160,4,0,88,,,0,flight,112.5,75,,1,1,85.1,0.0000,ok
S3_PAIR_occ75_f001800.jpg,S3_PAIR_occ75,S3_court2_occ75_20260815_094144,S3_PAIR_occ75,1800,104.858,342,410,160,4,1,88,,,0,flight,112.5,75,,1,1,93.9,0.0000,ok
S3_PAIR_occ75_f001806.jpg,S3_PAIR_occ75,S3_court2_occ75_20260815_094144,S3_PAIR_occ75,1806,105.074,339,410,160,4,1,88,,,0,flight,112.5,75,,1,1,101.2,0.0000,ok
S3_PAIR_occ75_f001812.jpg,S3_PAIR_occ75,S3_court2_occ75_20260815_094144,S3_PAIR_occ75,1812,105.373,342,410,160,5,1,88,,,0,flight,112.5,75,,1,1,93.3,0.0000,ok
S3_PAIR_occ75_f001818.jpg,S3_PAIR_occ75,S3_court2_occ75_20260815_094144,S3_PAIR_occ75,1818,105.593,340,410,160,5,0,88,,,0,flight,112.5,75,,1,1,95.0,0.0000,ok
S3_PAIR_occ75_f001824.jpg,S3_PAIR_occ75,S3_court2_occ75_20260815_094144,S3_PAIR_occ75,1824,105.883,340,410,160,5,1,88,,,0,flight,112.5,75,,1,1,101.9,0.0000,ok
S3_PAIR_occ75_f001830.jpg,S3_PAIR_occ75,S3_court2_occ75_20260815_094144,S3_PAIR_occ75,1830,106.295,345,410,160,5,1,88,,,0,flight,112.5,75,,1,1,107.5,0.0000,ok
S3_PAIR_occ75_f001836.jpg,S3_PAIR_occ75,S3_court2_occ75_20260815_094144,S3_PAIR_occ75,1836,106.525,345,410,160,4,1,88,,,0,flight,112.5,75,,1,1,99.5,0.0000,ok
S3_PAIR_occ75_f001842.jpg,S3_PAIR_occ75,S3_court2_occ75_20260815_094144,S3_PAIR_occ75,1842,106.793,350,410,160,4,1,88,,,0,flight,112.5,75,,1,1,66.6,0.0000,ok
S3_PAIR_occ75_f001848.jpg,S3_PAIR_occ75,S3_court2_occ75_20260815_094144,S3_PAIR_occ75,1848,107.109,351,420,160,0,0,88,,,0,flight,112.5,75,,1,1,102.3,0.0000,ok
S3_PAIR_occ75_f001854.jpg,S3_PAIR_occ75,S3_court2_occ75_20260815_094144,S3_PAIR_occ75,1854,107.422,349,420,160,0,1,88,,,0,flight,112.5,75,,1,1,119.0,0.0000,ok
S3_PAIR_occ75_f001860.jpg,S3_PAIR_occ75,S3_court2_occ75_20260815_094144,S3_PAIR_occ75,1860,107.811,343,410,160,1,1,88,,,0,flight,112.5,75,,1,1,106.5,0.0000,ok
S3_PAIR_occ75_f001866.jpg,S3_PAIR_occ75,S3_court2_occ75_20260815_094144,S3_PAIR_occ75,1866,108.132,350,410,160,-4,0,88,,,0,flight,112.5,75,,1,1,84.4,0.0000,ok
S3_PAIR_occ75_f001872.jpg,S3_PAIR_occ75,S3_court2_occ75_20260815_094144,S3_PAIR_occ75,1872,108.431,349,410,160,-4,0,88,,,0,flight,112.5,75,,1,1,103.3,0.0000,ok
S3_PAIR_occ75_f001878.jpg,S3_PAIR_occ75,S3_court2_occ75_20260815_094144,S3_PAIR_occ75,1878,108.742,346,410,160,-2,1,87,,,0,flight,112.5,75,,1,1,179.9,0.0000,ok
S3_PAIR_occ75_f001884.jpg,S3_PAIR_occ75,S3_court2_occ75_20260815_094144,S3_PAIR_occ75,1884,109.050,343,410,160,0,0,87,,,0,flight,112.5,75,,1,1,153.1,0.0000,ok
S3_PAIR_occ75_f001890.jpg,S3_PAIR_occ75,S3_court2_occ75_20260815_094144,S3_PAIR_occ75,1890,109.359,341,410,160,0,0,87,,,0,flight,112.5,75,,1,1,153.2,0.0000,ok
S3_PAIR_occ75_f001896.jpg,S3_PAIR_occ75,S3_court2_occ75_20260815_094144,S3_PAIR_occ75,1896,109.662,339,410,160,0,0,87,,,0,flight,112.5,75,,1,1,100.9,0.0000,ok
S3_PAIR_occ75_f001902.jpg,S3_PAIR_occ75,S3_court2_occ75_20260815_094144,S3_PAIR_occ75,1902,109.888,333,410,160,0,1,87,,,0,flight,112.5,75,,0,1,109.0,0.0000,ok
S3_PAIR_occ75_f001908.jpg,S3_PAIR_occ75,S3_court2_occ75_20260815_094144,S3_PAIR_occ75,1908,110.187,334,410,160,0,1,87,,,0,flight,112.5,75,,1,1,112.2,0.0000,ok
S3_PAIR_occ75_f001914.jpg,S3_PAIR_occ75,S3_court2_occ75_20260815_094144,S3_PAIR_occ75,1914,110.501,339,410,160,0,1,87,,,0,flight,112.5,75,,1,1,109.3,0.0000,ok
S3_PAIR_occ75_f001920.jpg,S3_PAIR_occ75,S3_court2_occ75_20260815_094144,S3_PAIR_occ75,1920,110.713,347,410,160,0,1,87,,,0,flight,112.5,75,,1,1,99.3,0.0000,ok
S3_PAIR_occ75_f001926.jpg,S3_PAIR_occ75,S3_court2_occ75_20260815_094144,S3_PAIR_occ75,1926,111.005,348,420,160,0,1,87,,,0,flight,112.5,75,,1,1,101.3,0.0000,ok
S3_PAIR_occ75_f001932.jpg,S3_PAIR_occ75,S3_court2_occ75_20260815_094144,S3_PAIR_occ75,1932,111.302,342,420,160,0,1,87,,,0,flight,112.5,75,,1,1,104.3,0.0000,ok
S3_PAIR_occ75_f001938.jpg,S3_PAIR_occ75,S3_court2_occ75_20260815_094144,S3_PAIR_occ75,1938,111.527,343,420,160,0,1,87,,,0,flight,112.5,75,,0,1,91.3,0.0000,ok
S3_PAIR_occ75_f001944.jpg,S3_PAIR_occ75,S3_court2_occ75_20260815_094144,S3_PAIR_occ75,1944,111.834,339,420,160,0,2,87,,,0,flight,112.5,75,,1,1,104.1,0.0000,ok
S3_PAIR_occ75_f001950.jpg,S3_PAIR_occ75,S3_court2_occ75_20260815_094144,S3_PAIR_occ75,1950,112.039,342,420,160,0,2,87,,,0,flight,112.5,75,,1,1,110.0,0.0000,ok
S3_PAIR_occ75_f001956.jpg,S3_PAIR_occ75,S3_court2_occ75_20260815_094144,S3_PAIR_occ75,1956,112.347,340,410,160,0,2,87,,,0,flight,112.5,75,,1,1,99.4,0.0000,ok
S3_PAIR_occ75_f001962.jpg,S3_PAIR_occ75,S3_court2_occ75_20260815_094144,S3_PAIR_occ75,1962,112.660,342,410,160,-2,0,87,,,0,flight,112.5,75,,0,1,87.9,0.0000,ok
S3_PAIR_occ75_f001968.jpg,S3_PAIR_occ75,S3_court2_occ75_20260815_094144,S3_PAIR_occ75,1968,113.041,343,410,160,-3,0,87,,,0,flight,112.5,75,,1,1,104.5,0.0000,ok
S3_PAIR_occ75_f001974.jpg,S3_PAIR_occ75,S3_court2_occ75_20260815_094144,S3_PAIR_occ75,1974,113.442,342,410,160,-2,0,87,,,0,flight,112.5,75,,1,1,121.8,0.0000,ok
S3_PAIR_occ75_f001980.jpg,S3_PAIR_occ75,S3_court2_occ75_20260815_094144,S3_PAIR_occ75,1980,113.761,340,410,160,-3,0,87,,,0,flight,112.5,75,,0,1,96.6,0.0000,ok
S3_PAIR_occ75_f001986.jpg,S3_PAIR_occ75,S3_court2_occ75_20260815_094144,S3_PAIR_occ75,1986,113.981,334,410,160,-3,0,87,,,0,flight,112.5,75,,1,1,102.4,0.0000,ok
S3_PAIR_occ75_f001992.jpg,S3_PAIR_occ75,S3_court2_occ75_20260815_094144,S3_PAIR_occ75,1992,114.364,330,410,160,-3,0,87,,,0,flight,112.5,75,,1,1,107.1,0.0000,ok
S3_PAIR_occ75_f001998.jpg,S3_PAIR_occ75,S3_court2_occ75_20260815_094144,S3_PAIR_occ75,1998,114.628,338,410,160,-2,0,87,,,0,flight,112.5,75,,1,1,96.3,0.0000,ok
S3_PAIR_occ75_f002004.jpg,S3_PAIR_occ75,S3_court2_occ75_20260815_094144,S3_PAIR_occ75,2004,114.916,331,410,160,1,0,86,,,0,flight,112.5,75,,1,1,81.0,0.0000,ok
S3_PAIR_occ75_f002010.jpg,S3_PAIR_occ75,S3_court2_occ75_20260815_094144,S3_PAIR_occ75,2010,115.208,330,410,160,1,0,86,,,0,flight,112.5,75,,1,1,97.1,0.0000,ok
S3_PAIR_occ75_f002016.jpg,S3_PAIR_occ75,S3_court2_occ75_20260815_094144,S3_PAIR_occ75,2016,121.649,10,0,157,6,-2,86,,,0,flight,112.5,75,,1,1,10.4,0.0000,blurry
S3_PAIR_occ75_f002022.jpg,S3_PAIR_occ75,S3_court2_occ75_20260815_094144,S3_PAIR_occ75,2022,122.057,10,0,155,0,0,86,,,0,flight,112.5,75,,1,1,64.1,0.0000,ok
S3_PAIR_occ75_f002028.jpg,S3_PAIR_occ75,S3_court2_occ75_20260815_094144,S3_PAIR_occ75,2028,122.360,10,0,155,0,0,86,,,0,flight,112.5,75,,1,1,67.9,0.0000,ok
S3_PAIR_occ50_f000000.jpg,S3_PAIR_occ50,S3_court2_occ50_20260815_094533,S3_PAIR_occ50,0,0.237,10,0,0,0,-1,81,,,0,flight,75.0,50,,1,1,98.7,0.0000,ok
S3_PAIR_occ50_f000006.jpg,S3_PAIR_occ50,S3_court2_occ50_20260815_094533,S3_PAIR_occ50,6,0.345,10,0,0,0,-1,81,,,0,flight,75.0,50,,1,1,96.2,0.0000,ok
S3_PAIR_occ50_f000012.jpg,S3_PAIR_occ50,S3_court2_occ50_20260815_094533,S3_PAIR_occ50,12,0.723,10,0,0,0,-1,81,,,0,flight,75.0,50,,1,1,96.7,0.0000,ok
S3_PAIR_occ50_f000018.jpg,S3_PAIR_occ50,S3_court2_occ50_20260815_094533,S3_PAIR_occ50,18,0.929,10,0,0,0,-1,81,,,0,flight,75.0,50,,1,1,93.5,0.0000,ok
S3_PAIR_occ50_f000024.jpg,S3_PAIR_occ50,S3_court2_occ50_20260815_094533,S3_PAIR_occ50,24,1.214,10,0,0,0,-1,81,,,0,flight,75.0,50,,1,1,96.0,0.0000,ok
S3_PAIR_occ50_f000030.jpg,S3_PAIR_occ50,S3_court2_occ50_20260815_094533,S3_PAIR_occ50,30,1.623,10,0,0,0,-1,80,,,0,flight,75.0,50,,1,1,96.5,0.0000,ok
S3_PAIR_occ50_f000036.jpg,S3_PAIR_occ50,S3_court2_occ50_20260815_094533,S3_PAIR_occ50,36,2.071,10,0,0,0,-1,80,,,0,flight,75.0,50,,1,1,103.1,0.0000,ok
S3_PAIR_occ50_f000042.jpg,S3_PAIR_occ50,S3_court2_occ50_20260815_094533,S3_PAIR_occ50,42,2.344,10,0,0,0,-1,80,,,0,flight,75.0,50,,1,1,105.6,0.0000,ok
S3_PAIR_occ50_f000048.jpg,S3_PAIR_occ50,S3_court2_occ50_20260815_094533,S3_PAIR_occ50,48,2.680,10,0,0,0,-1,80,,,0,flight,75.0,50,,1,1,104.1,0.0000,ok
S3_PAIR_occ50_f000054.jpg,S3_PAIR_occ50,S3_court2_occ50_20260815_094533,S3_PAIR_occ50,54,2.935,10,0,0,0,-1,80,,,0,flight,75.0,50,,1,1,92.7,0.0000,ok
S3_PAIR_occ50_f000060.jpg,S3_PAIR_occ50,S3_court2_occ50_20260815_094533,S3_PAIR_occ50,60,3.233,10,0,0,0,-1,80,,,0,flight,75.0,50,,1,1,95.5,0.0000,ok
S3_PAIR_occ50_f000066.jpg,S3_PAIR_occ50,S3_court2_occ50_20260815_094533,S3_PAIR_occ50,66,3.607,10,0,0,0,-1,80,,,0,flight,75.0,50,,1,1,96.0,0.0000,ok
S3_PAIR_occ50_f000072.jpg,S3_PAIR_occ50,S3_court2_occ50_20260815_094533,S3_PAIR_occ50,72,3.942,10,0,0,0,-1,80,,,0,flight,75.0,50,,1,1,94.2,0.0000,ok
S3_PAIR_occ50_f000078.jpg,S3_PAIR_occ50,S3_court2_occ50_20260815_094533,S3_PAIR_occ50,78,4.259,10,0,0,0,-1,80,,,0,flight,75.0,50,,1,1,95.5,0.0000,ok
S3_PAIR_occ50_f000084.jpg,S3_PAIR_occ50,S3_court2_occ50_20260815_094533,S3_PAIR_occ50,84,10.013,77,60,0,0,0,80,,,0,flight,75.0,50,,1,1,129.3,0.0000,ok
S3_PAIR_occ50_f000090.jpg,S3_PAIR_occ50,S3_court2_occ50_20260815_094533,S3_PAIR_occ50,90,10.283,78,60,0,0,0,80,,,0,flight,75.0,50,,1,1,142.0,0.0000,ok
S3_PAIR_occ50_f000096.jpg,S3_PAIR_occ50,S3_court2_occ50_20260815_094533,S3_PAIR_occ50,96,10.653,78,60,0,0,-1,80,,,0,flight,75.0,50,,1,1,135.7,0.0000,ok
S3_PAIR_occ50_f000102.jpg,S3_PAIR_occ50,S3_court2_occ50_20260815_094533,S3_PAIR_occ50,102,10.860,78,60,0,0,0,80,,,0,flight,75.0,50,,1,1,129.2,0.0000,ok
S3_PAIR_occ50_f000108.jpg,S3_PAIR_occ50,S3_court2_occ50_20260815_094533,S3_PAIR_occ50,108,11.163,78,60,0,0,0,80,,,0,flight,75.0,50,,1,1,132.9,0.0000,ok
S3_PAIR_occ50_f000114.jpg,S3_PAIR_occ50,S3_court2_occ50_20260815_094533,S3_PAIR_occ50,114,11.430,79,60,0,0,0,80,,,0,flight,75.0,50,,1,1,145.3,0.0000,ok
S3_PAIR_occ50_f000120.jpg,S3_PAIR_occ50,S3_court2_occ50_20260815_094533,S3_PAIR_occ50,120,11.720,79,60,0,0,0,80,,,0,flight,75.0,50,,1,1,139.5,0.0000,ok
S3_PAIR_occ50_f000126.jpg,S3_PAIR_occ50,S3_court2_occ50_20260815_094533,S3_PAIR_occ50,126,11.953,85,70,0,0,0,80,,,0,flight,75.0,50,,1,1,127.5,0.0000,ok
S3_PAIR_occ50_f000132.jpg,S3_PAIR_occ50,S3_court2_occ50_20260815_094533,S3_PAIR_occ50,132,12.295,89,70,0,0,0,80,,,0,flight,75.0,50,,1,1,127.8,0.0000,ok
S3_PAIR_occ50_f000138.jpg,S3_PAIR_occ50,S3_court2_occ50_20260815_094533,S3_PAIR_occ50,138,12.528,99,80,0,0,0,80,,,0,flight,75.0,50,,1,1,131.8,0.0000,ok
S3_PAIR_occ50_f000144.jpg,S3_PAIR_occ50,S3_court2_occ50_20260815_094533,S3_PAIR_occ50,144,12.748,104,80,0,0,0,80,,,0,flight,75.0,50,,1,1,134.5,0.0000,ok
S3_PAIR_occ50_f000150.jpg,S3_PAIR_occ50,S3_court2_occ50_20260815_094533,S3_PAIR_occ50,150,13.072,114,90,0,0,0,80,,,0,flight,75.0,50,,1,1,132.9,0.0000,ok
S3_PAIR_occ50_f000156.jpg,S3_PAIR_occ50,S3_court2_occ50_20260815_094533,S3_PAIR_occ50,156,13.463,127,110,0,0,0,80,,,0,flight,75.0,50,,1,1,145.6,0.0000,ok
S3_PAIR_occ50_f000162.jpg,S3_PAIR_occ50,S3_court2_occ50_20260815_094533,S3_PAIR_occ50,162,13.770,140,120,0,0,0,80,,,0,flight,75.0,50,,1,1,145.6,0.0000,ok
S3_PAIR_occ50_f000168.jpg,S3_PAIR_occ50,S3_court2_occ50_20260815_094533,S3_PAIR_occ50,168,14.089,148,130,0,0,-1,80,,,0,flight,75.0,50,,1,1,140.5,0.0000,ok
S3_PAIR_occ50_f000174.jpg,S3_PAIR_occ50,S3_court2_occ50_20260815_094533,S3_PAIR_occ50,174,14.378,156,140,0,0,0,80,,,0,flight,75.0,50,,1,1,147.1,0.0000,ok
S3_PAIR_occ50_f000180.jpg,S3_PAIR_occ50,S3_court2_occ50_20260815_094533,S3_PAIR_occ50,180,14.673,164,140,0,0,0,80,,,0,flight,75.0,50,,1,1,147.0,0.0000,ok
S3_PAIR_occ50_f000186.jpg,S3_PAIR_occ50,S3_court2_occ50_20260815_094533,S3_PAIR_occ50,186,14.960,170,150,0,1,0,80,,,0,flight,75.0,50,,1,1,136.7,0.0000,ok
S3_PAIR_occ50_f000192.jpg,S3_PAIR_occ50,S3_court2_occ50_20260815_094533,S3_PAIR_occ50,192,15.178,178,160,0,0,0,80,,,0,flight,75.0,50,,1,1,140.6,0.0000,ok
S3_PAIR_occ50_f000198.jpg,S3_PAIR_occ50,S3_court2_occ50_20260815_094533,S3_PAIR_occ50,198,15.543,187,170,0,0,0,80,,,0,flight,75.0,50,,1,1,145.9,0.0000,ok
S3_PAIR_occ50_f000204.jpg,S3_PAIR_occ50,S3_court2_occ50_20260815_094533,S3_PAIR_occ50,204,15.830,194,180,0,1,0,80,,,0,flight,75.0,50,,1,1,152.3,0.0000,ok
S3_PAIR_occ50_f000210.jpg,S3_PAIR_occ50,S3_court2_occ50_20260815_094533,S3_PAIR_occ50,210,16.112,200,180,0,0,0,80,,,0,flight,75.0,50,,1,1,143.4,0.0000,ok
S3_PAIR_occ50_f000216.jpg,S3_PAIR_occ50,S3_court2_occ50_20260815_094533,S3_PAIR_occ50,216,16.406,208,190,0,0,-1,80,,,0,flight,75.0,50,,1,1,137.0,0.0000,ok
S3_PAIR_occ50_f000222.jpg,S3_PAIR_occ50,S3_court2_occ50_20260815_094533,S3_PAIR_occ50,222,16.718,221,200,0,0,0,80,,,0,flight,75.0,50,,1,1,137.2,0.0000,ok
S3_PAIR_occ50_f000228.jpg,S3_PAIR_occ50,S3_court2_occ50_20260815_094533,S3_PAIR_occ50,228,16.972,229,210,0,1,0,80,,,0,flight,75.0,50,,1,1,133.9,0.0000,ok
S3_PAIR_occ50_f000234.jpg,S3_PAIR_occ50,S3_court2_occ50_20260815_094533,S3_PAIR_occ50,234,17.211,238,210,0,0,0,80,,,0,flight,75.0,50,,1,1,144.6,0.0000,ok
S3_PAIR_occ50_f000240.jpg,S3_PAIR_occ50,S3_court2_occ50_20260815_094533,S3_PAIR_occ50,240,17.468,238,220,0,0,0,80,,,0,flight,75.0,50,,1,1,152.6,0.0000,ok
S3_PAIR_occ50_f000246.jpg,S3_PAIR_occ50,S3_court2_occ50_20260815_094533,S3_PAIR_occ50,246,17.753,247,230,0,0,-1,80,,,0,flight,75.0,50,,1,1,146.5,0.0000,ok
S3_PAIR_occ50_f000252.jpg,S3_PAIR_occ50,S3_court2_occ50_20260815_094533,S3_PAIR_occ50,252,18.049,256,240,0,0,0,80,,,0,flight,75.0,50,,1,1,135.9,0.0000,ok
S3_PAIR_occ50_f000258.jpg,S3_PAIR_occ50,S3_court2_occ50_20260815_094533,S3_PAIR_occ50,258,18.265,264,240,0,0,0,80,,,0,flight,75.0,50,,1,1,135.0,0.0000,ok
S3_PAIR_occ50_f000264.jpg,S3_PAIR_occ50,S3_court2_occ50_20260815_094533,S3_PAIR_occ50,264,18.586,267,250,0,0,0,80,,,0,flight,75.0,50,,1,1,139.5,0.0000,ok
S3_PAIR_occ50_f000270.jpg,S3_PAIR_occ50,S3_court2_occ50_20260815_094533,S3_PAIR_occ50,270,18.901,283,260,0,0,0,80,,,0,flight,75.0,50,,1,1,137.3,0.0000,ok
S3_PAIR_occ50_f000276.jpg,S3_PAIR_occ50,S3_court2_occ50_20260815_094533,S3_PAIR_occ50,276,19.153,287,270,0,0,0,80,,,0,flight,75.0,50,,1,1,148.6,0.0000,ok
S3_PAIR_occ50_f000282.jpg,S3_PAIR_occ50,S3_court2_occ50_20260815_094533,S3_PAIR_occ50,282,19.455,283,270,0,0,0,80,,,0,flight,75.0,50,,1,1,147.0,0.0000,ok
S3_PAIR_occ50_f000288.jpg,S3_PAIR_occ50,S3_court2_occ50_20260815_094533,S3_PAIR_occ50,288,19.831,286,270,0,0,0,80,,,0,flight,75.0,50,,1,1,157.6,0.0000,ok
S3_PAIR_occ50_f000294.jpg,S3_PAIR_occ50,S3_court2_occ50_20260815_094533,S3_PAIR_occ50,294,20.036,277,270,0,0,0,80,,,0,flight,75.0,50,,1,1,143.8,0.0000,ok
S3_PAIR_occ50_f000300.jpg,S3_PAIR_occ50,S3_court2_occ50_20260815_094533,S3_PAIR_occ50,300,20.363,279,270,0,0,0,80,,,0,flight,75.0,50,,1,1,164.3,0.0000,ok
S3_PAIR_occ50_f000306.jpg,S3_PAIR_occ50,S3_court2_occ50_20260815_094533,S3_PAIR_occ50,306,20.748,277,270,0,0,-1,80,,,0,flight,75.0,50,,1,1,148.3,0.0000,ok
S3_PAIR_occ50_f000312.jpg,S3_PAIR_occ50,S3_court2_occ50_20260815_094533,S3_PAIR_occ50,312,20.962,283,270,0,0,-5,80,,,0,flight,75.0,50,,1,1,112.1,0.0000,ok
S3_PAIR_occ50_f000318.jpg,S3_PAIR_occ50,S3_court2_occ50_20260815_094533,S3_PAIR_occ50,318,21.270,284,270,0,0,-6,80,,,0,flight,75.0,50,,1,1,119.3,0.0000,ok
S3_PAIR_occ50_f000324.jpg,S3_PAIR_occ50,S3_court2_occ50_20260815_094533,S3_PAIR_occ50,324,21.680,292,270,0,0,-4,80,,,0,flight,75.0,50,,1,1,120.6,0.0000,ok
S3_PAIR_occ50_f000330.jpg,S3_PAIR_occ50,S3_court2_occ50_20260815_094533,S3_PAIR_occ50,330,21.983,301,270,0,0,-3,80,,,0,flight,75.0,50,,1,1,95.4,0.0000,ok
S3_PAIR_occ50_f000336.jpg,S3_PAIR_occ50,S3_court2_occ50_20260815_094533,S3_PAIR_occ50,336,22.312,302,280,0,0,2,80,,,0,flight,75.0,50,,1,1,122.1,0.0000,ok
S3_PAIR_occ50_f000342.jpg,S3_PAIR_occ50,S3_court2_occ50_20260815_094533,S3_PAIR_occ50,342,22.615,296,280,5,0,2,80,,,0,flight,75.0,50,,1,1,83.4,0.0000,ok
S3_PAIR_occ50_f000348.jpg,S3_PAIR_occ50,S3_court2_occ50_20260815_094533,S3_PAIR_occ50,348,22.999,294,280,16,0,0,80,,,0,flight,75.0,50,,1,1,138.2,0.0000,ok
S3_PAIR_occ50_f000354.jpg,S3_PAIR_occ50,S3_court2_occ50_20260815_094533,S3_PAIR_occ50,354,23.326,289,280,17,0,0,80,,,0,flight,75.0,50,,1,1,196.1,0.0000,ok
S3_PAIR_occ50_f000360.jpg,S3_PAIR_occ50,S3_court2_occ50_20260815_094533,S3_PAIR_occ50,360,23.646,296,280,18,0,0,80,,,0,flight,75.0,50,,1,1,136.5,0.0000,ok
S3_PAIR_occ50_f000366.jpg,S3_PAIR_occ50,S3_court2_occ50_20260815_094533,S3_PAIR_occ50,366,23.932,299,280,18,0,-5,80,,,0,flight,75.0,50,,1,1,185.8,0.0000,ok
S3_PAIR_occ50_f000372.jpg,S3_PAIR_occ50,S3_court2_occ50_20260815_094533,S3_PAIR_occ50,372,24.345,299,280,19,1,-5,80,,,0,flight,75.0,50,,1,1,173.2,0.0000,ok
S3_PAIR_occ50_f000378.jpg,S3_PAIR_occ50,S3_court2_occ50_20260815_094533,S3_PAIR_occ50,378,24.733,301,280,19,1,-3,80,,,0,flight,75.0,50,,1,1,174.5,0.0000,ok
S3_PAIR_occ50_f000384.jpg,S3_PAIR_occ50,S3_court2_occ50_20260815_094533,S3_PAIR_occ50,384,25.071,302,280,19,1,-2,80,,,0,flight,75.0,50,,1,1,156.8,0.0000,ok
S3_PAIR_occ50_f000390.jpg,S3_PAIR_occ50,S3_court2_occ50_20260815_094533,S3_PAIR_occ50,390,25.347,296,280,19,1,-2,80,,,0,flight,75.0,50,,1,1,160.5,0.0000,ok
S3_PAIR_occ50_f000396.jpg,S3_PAIR_occ50,S3_court2_occ50_20260815_094533,S3_PAIR_occ50,396,25.590,292,280,19,0,-2,80,,,0,flight,75.0,50,,1,1,164.1,0.0000,ok
S3_PAIR_occ50_f000402.jpg,S3_PAIR_occ50,S3_court2_occ50_20260815_094533,S3_PAIR_occ50,402,25.875,285,280,19,1,1,80,,,0,flight,75.0,50,,1,1,179.3,0.0000,ok
S3_PAIR_occ50_f000408.jpg,S3_PAIR_occ50,S3_court2_occ50_20260815_094533,S3_PAIR_occ50,408,26.278,289,270,20,0,1,80,,,0,flight,75.0,50,,1,1,125.1,0.0000,ok
S3_PAIR_occ50_f000414.jpg,S3_PAIR_occ50,S3_court2_occ50_20260815_094533,S3_PAIR_occ50,414,26.584,291,270,30,0,1,80,,,0,flight,75.0,50,,1,1,125.7,0.0000,ok
S3_PAIR_occ50_f000420.jpg,S3_PAIR_occ50,S3_court2_occ50_20260815_094533,S3_PAIR_occ50,420,26.911,294,270,36,0,0,80,,,0,flight,75.0,50,,1,1,208.9,0.0000,ok
S3_PAIR_occ50_f000426.jpg,S3_PAIR_occ50,S3_court2_occ50_20260815_094533,S3_PAIR_occ50,426,27.304,291,280,36,0,0,80,,,0,flight,75.0,50,,1,1,198.0,0.0000,ok
S3_PAIR_occ50_f000432.jpg,S3_PAIR_occ50,S3_court2_occ50_20260815_094533,S3_PAIR_occ50,432,27.613,298,280,36,0,-6,80,,,0,flight,75.0,50,,1,1,209.9,0.0000,ok
S3_PAIR_occ50_f000438.jpg,S3_PAIR_occ50,S3_court2_occ50_20260815_094533,S3_PAIR_occ50,438,27.937,296,280,36,0,-5,80,,,0,flight,75.0,50,,1,1,192.7,0.0000,ok
S3_PAIR_occ50_f000444.jpg,S3_PAIR_occ50,S3_court2_occ50_20260815_094533,S3_PAIR_occ50,444,28.131,299,280,36,0,-4,80,,,0,flight,75.0,50,,1,1,192.4,0.0000,ok
S3_PAIR_occ50_f000450.jpg,S3_PAIR_occ50,S3_court2_occ50_20260815_094533,S3_PAIR_occ50,450,28.419,295,280,36,0,-3,80,,,0,flight,75.0,50,,1,1,190.5,0.0000,ok
S3_PAIR_occ50_f000456.jpg,S3_PAIR_occ50,S3_court2_occ50_20260815_094533,S3_PAIR_occ50,456,28.654,300,280,36,0,-2,80,,,0,flight,75.0,50,,1,1,194.6,0.0000,ok
S3_PAIR_occ50_f000462.jpg,S3_PAIR_occ50,S3_court2_occ50_20260815_094533,S3_PAIR_occ50,462,28.953,301,280,36,0,-2,80,,,0,flight,75.0,50,,1,1,190.8,0.0000,ok
S3_PAIR_occ50_f000468.jpg,S3_PAIR_occ50,S3_court2_occ50_20260815_094533,S3_PAIR_occ50,468,29.294,292,280,36,0,2,80,,,0,flight,75.0,50,,1,1,191.3,0.0000,ok
S3_PAIR_occ50_f000474.jpg,S3_PAIR_occ50,S3_court2_occ50_20260815_094533,S3_PAIR_occ50,474,29.552,285,270,39,0,1,80,,,0,flight,75.0,50,,1,1,135.2,0.0000,ok
S3_PAIR_occ50_f000480.jpg,S3_PAIR_occ50,S3_court2_occ50_20260815_094533,S3_PAIR_occ50,480,29.862,290,270,46,0,0,80,,,0,flight,75.0,50,,1,1,261.0,0.0000,ok
S3_PAIR_occ50_f000486.jpg,S3_PAIR_occ50,S3_court2_occ50_20260815_094533,S3_PAIR_occ50,486,30.272,287,270,46,0,0,80,,,0,flight,75.0,50,,1,1,239.6,0.0000,ok
S3_PAIR_occ50_f000492.jpg,S3_PAIR_occ50,S3_court2_occ50_20260815_094533,S3_PAIR_occ50,492,30.680,309,280,46,0,-6,80,,,0,flight,75.0,50,,1,1,241.9,0.0000,ok
S3_PAIR_occ50_f000498.jpg,S3_PAIR_occ50,S3_court2_occ50_20260815_094533,S3_PAIR_occ50,498,30.903,301,280,46,0,-5,80,,,0,flight,75.0,50,,1,1,236.7,0.0000,ok
S3_PAIR_occ50_f000504.jpg,S3_PAIR_occ50,S3_court2_occ50_20260815_094533,S3_PAIR_occ50,504,31.202,292,280,46,0,-3,80,,,0,flight,75.0,50,,1,1,230.2,0.0000,ok
S3_PAIR_occ50_f000510.jpg,S3_PAIR_occ50,S3_court2_occ50_20260815_094533,S3_PAIR_occ50,510,31.595,303,280,46,0,-3,80,,,0,flight,75.0,50,,1,1,225.0,0.0000,ok
S3_PAIR_occ50_f000516.jpg,S3_PAIR_occ50,S3_court2_occ50_20260815_094533,S3_PAIR_occ50,516,31.933,283,280,46,0,2,80,,,0,flight,75.0,50,,1,1,216.7,0.0000,ok
S3_PAIR_occ50_f000522.jpg,S3_PAIR_occ50,S3_court2_occ50_20260815_094533,S3_PAIR_occ50,522,32.321,284,270,46,0,2,80,,,0,flight,75.0,50,,1,1,218.5,0.0000,ok
S3_PAIR_occ50_f000528.jpg,S3_PAIR_occ50,S3_court2_occ50_20260815_094533,S3_PAIR_occ50,528,32.630,294,270,46,0,1,80,,,0,flight,75.0,50,,1,1,239.7,0.0000,ok
S3_PAIR_occ50_f000534.jpg,S3_PAIR_occ50,S3_court2_occ50_20260815_094533,S3_PAIR_occ50,534,32.955,298,270,46,0,0,80,,,0,flight,75.0,50,,1,1,222.5,0.0000,ok
S3_PAIR_occ50_f000540.jpg,S3_PAIR_occ50,S3_court2_occ50_20260815_094533,S3_PAIR_occ50,540,33.348,297,280,46,0,2,80,,,0,flight,75.0,50,,1,1,227.9,0.0000,ok
S3_PAIR_occ50_f000546.jpg,S3_PAIR_occ50,S3_court2_occ50_20260815_094533,S3_PAIR_occ50,546,33.654,296,280,46,0,0,80,,,0,flight,75.0,50,,1,1,242.4,0.0000,ok
S3_PAIR_occ50_f000552.jpg,S3_PAIR_occ50,S3_court2_occ50_20260815_094533,S3_PAIR_occ50,552,33.955,289,280,46,0,0,80,,,0,flight,75.0,50,,1,1,241.5,0.0000,ok
S3_PAIR_occ50_f000558.jpg,S3_PAIR_occ50,S3_court2_occ50_20260815_094533,S3_PAIR_occ50,558,34.178,291,280,49,0,0,80,,,0,flight,75.0,50,,1,1,174.1,0.0000,ok
S3_PAIR_occ50_f000564.jpg,S3_PAIR_occ50,S3_court2_occ50_20260815_094533,S3_PAIR_occ50,564,34.570,290,270,54,0,-1,80,,,0,flight,75.0,50,,1,1,280.8,0.0000,ok
S3_PAIR_occ50_f000570.jpg,S3_PAIR_occ50,S3_court2_occ50_20260815_094533,S3_PAIR_occ50,570,34.896,293,270,54,0,0,80,,,0,flight,75.0,50,,1,1,290.9,0.0000,ok
S3_PAIR_occ50_f000576.jpg,S3_PAIR_occ50,S3_court2_occ50_20260815_094533,S3_PAIR_occ50,576,35.186,288,270,54,0,-6,80,,,0,flight,75.0,50,,1,1,249.9,0.0000,ok
S3_PAIR_occ50_f000582.jpg,S3_PAIR_occ50,S3_court2_occ50_20260815_094533,S3_PAIR_occ50,582,35.396,291,270,54,0,-6,80,,,0,flight,75.0,50,,1,1,256.1,0.0000,ok
S3_PAIR_occ50_f000588.jpg,S3_PAIR_occ50,S3_court2_occ50_20260815_094533,S3_PAIR_occ50,588,35.700,292,270,54,0,-4,80,,,0,flight,75.0,50,,1,1,257.0,0.0000,ok
S3_PAIR_occ50_f000594.jpg,S3_PAIR_occ50,S3_court2_occ50_20260815_094533,S3_PAIR_occ50,594,36.103,295,280,54,0,1,80,,,0,flight,75.0,50,,1,1,241.0,0.0000,ok
S3_PAIR_occ50_f000600.jpg,S3_PAIR_occ50,S3_court2_occ50_20260815_094533,S3_PAIR_occ50,600,36.424,285,280,54,0,2,80,,,0,flight,75.0,50,,1,1,274.0,0.0000,ok
S3_PAIR_occ50_f000606.jpg,S3_PAIR_occ50,S3_court2_occ50_20260815_094533,S3_PAIR_occ50,606,36.718,269,270,54,0,2,80,,,0,flight,75.0,50,,1,1,287.1,0.0000,ok
S3_PAIR_occ50_f000612.jpg,S3_PAIR_occ50,S3_court2_occ50_20260815_094533,S3_PAIR_occ50,612,37.024,276,270,54,0,0,80,,,0,flight,75.0,50,,1,1,284.3,0.0000,ok
S3_PAIR_occ50_f000618.jpg,S3_PAIR_occ50,S3_court2_occ50_20260815_094533,S3_PAIR_occ50,618,37.347,286,270,54,0,0,80,,,0,flight,75.0,50,,1,1,288.0,0.0000,ok
S3_PAIR_occ50_f000624.jpg,S3_PAIR_occ50,S3_court2_occ50_20260815_094533,S3_PAIR_occ50,624,37.749,286,270,54,0,0,80,,,0,flight,75.0,50,,1,1,277.6,0.0000,ok
S3_PAIR_occ50_f000630.jpg,S3_PAIR_occ50,S3_court2_occ50_20260815_094533,S3_PAIR_occ50,630,38.055,300,280,54,0,0,80,,,0,flight,75.0,50,,1,1,307.4,0.0000,ok
S3_PAIR_occ50_f000636.jpg,S3_PAIR_occ50,S3_court2_occ50_20260815_094533,S3_PAIR_occ50,636,38.366,306,280,54,0,-1,80,,,0,flight,75.0,50,,1,1,288.0,0.0000,ok
S3_PAIR_occ50_f000642.jpg,S3_PAIR_occ50,S3_court2_occ50_20260815_094533,S3_PAIR_occ50,642,38.664,306,280,57,0,-1,80,,,0,flight,75.0,50,,1,1,202.8,0.0000,ok
S3_PAIR_occ50_f000648.jpg,S3_PAIR_occ50,S3_court2_occ50_20260815_094533,S3_PAIR_occ50,648,38.995,308,290,64,0,-1,80,,,0,flight,75.0,50,,1,1,189.0,0.0000,ok
S3_PAIR_occ50_f000654.jpg,S3_PAIR_occ50,S3_court2_occ50_20260815_094533,S3_PAIR_occ50,654,39.316,278,280,69,0,0,80,,,0,flight,75.0,50,,1,1,286.7,0.0000,ok
S3_PAIR_occ50_f000660.jpg,S3_PAIR_occ50,S3_court2_occ50_20260815_094533,S3_PAIR_occ50,660,39.611,277,270,69,0,0,80,,,0,flight,75.0,50,,1,1,319.7,0.0000,ok
S3_PAIR_occ50_f000666.jpg,S3_PAIR_occ50,S3_court2_occ50_20260815_094533,S3_PAIR_occ50,666,39.993,290,270,69,0,-6,80,,,0,flight,75.0,50,,1,1,350.5,0.0000,ok
S3_PAIR_occ50_f000672.jpg,S3_PAIR_occ50,S3_court2_occ50_20260815_094533,S3_PAIR_occ50,672,40.314,284,270,69,0,-5,80,,,0,flight,75.0,50,,1,1,326.1,0.0000,ok
S3_PAIR_occ50_f000678.jpg,S3_PAIR_occ50,S3_court2_occ50_20260815_094533,S3_PAIR_occ50,678,40.623,263,270,69,0,-3,80,,,0,flight,75.0,50,,1,1,327.0,0.0000,ok
S3_PAIR_occ50_f000684.jpg,S3_PAIR_occ50,S3_court2_occ50_20260815_094533,S3_PAIR_occ50,684,40.839,242,260,68,0,-3,80,,,0,flight,75.0,50,,1,1,402.1,0.0000,ok
S3_PAIR_occ50_f000690.jpg,S3_PAIR_occ50,S3_court2_occ50_20260815_094533,S3_PAIR_occ50,690,41.120,225,260,68,0,-3,80,,,0,flight,75.0,50,,1,1,325.4,0.0000,ok
S3_PAIR_occ50_f000696.jpg,S3_PAIR_occ50,S3_court2_occ50_20260815_094533,S3_PAIR_occ50,696,41.437,209,260,69,0,-3,80,,,0,flight,75.0,50,,1,1,330.8,0.0000,ok
S3_PAIR_occ50_f000702.jpg,S3_PAIR_occ50,S3_court2_occ50_20260815_094533,S3_PAIR_occ50,702,41.852,215,270,69,0,-2,80,,,0,flight,75.0,50,,0,1,381.3,0.0000,ok
S3_PAIR_occ50_f000708.jpg,S3_PAIR_occ50,S3_court2_occ50_20260815_094533,S3_PAIR_occ50,708,42.078,224,270,69,0,-2,80,,,0,flight,75.0,50,,1,1,324.0,0.0000,ok
S3_PAIR_occ50_f000714.jpg,S3_PAIR_occ50,S3_court2_occ50_20260815_094533,S3_PAIR_occ50,714,42.372,239,270,69,0,-3,80,,,0,flight,75.0,50,,1,1,323.3,0.0000,ok
S3_PAIR_occ50_f000720.jpg,S3_PAIR_occ50,S3_court2_occ50_20260815_094533,S3_PAIR_occ50,720,42.772,249,280,69,0,1,80,,,0,flight,75.0,50,,1,1,339.1,0.0000,ok
S3_PAIR_occ50_f000726.jpg,S3_PAIR_occ50,S3_court2_occ50_20260815_094533,S3_PAIR_occ50,726,43.074,274,290,71,0,1,80,,,0,flight,75.0,50,,1,1,242.1,0.0000,ok
S3_PAIR_occ50_f000732.jpg,S3_PAIR_occ50,S3_court2_occ50_20260815_094533,S3_PAIR_occ50,732,43.371,266,290,78,0,2,80,,,0,flight,75.0,50,,1,1,221.4,0.0000,ok
S3_PAIR_occ50_f000738.jpg,S3_PAIR_occ50,S3_court2_occ50_20260815_094533,S3_PAIR_occ50,738,43.613,257,290,83,0,1,80,,,0,flight,75.0,50,,1,1,211.2,0.0000,ok
S3_PAIR_occ50_f000744.jpg,S3_PAIR_occ50,S3_court2_occ50_20260815_094533,S3_PAIR_occ50,744,44.024,245,280,91,0,0,80,,,0,flight,75.0,50,,1,1,283.5,0.0000,ok
S3_PAIR_occ50_f000750.jpg,S3_PAIR_occ50,S3_court2_occ50_20260815_094533,S3_PAIR_occ50,750,44.313,235,270,92,0,0,80,,,0,flight,75.0,50,,1,1,288.9,0.0000,ok
S3_PAIR_occ50_f000756.jpg,S3_PAIR_occ50,S3_court2_occ50_20260815_094533,S3_PAIR_occ50,756,44.705,234,270,93,1,-1,80,,,0,flight,75.0,50,,1,1,325.0,0.0000,ok
S3_PAIR_occ50_f000762.jpg,S3_PAIR_occ50,S3_court2_occ50_20260815_094533,S3_PAIR_occ50,762,44.946,243,270,93,0,-6,80,,,0,flight,75.0,50,,1,1,292.0,0.0000,ok
S3_PAIR_occ50_f000768.jpg,S3_PAIR_occ50,S3_court2_occ50_20260815_094533,S3_PAIR_occ50,768,45.217,243,270,93,0,-6,80,,,0,flight,75.0,50,,0,1,296.7,0.0000,ok
S3_PAIR_occ50_f000774.jpg,S3_PAIR_occ50,S3_court2_occ50_20260815_094533,S3_PAIR_occ50,774,45.522,234,270,93,0,-5,80,,,0,flight,75.0,50,,1,1,298.2,0.0000,ok
S3_PAIR_occ50_f000780.jpg,S3_PAIR_occ50,S3_court2_occ50_20260815_094533,S3_PAIR_occ50,780,45.748,228,270,93,0,-4,80,,,0,flight,75.0,50,,1,1,307.6,0.0000,ok
S3_PAIR_occ50_f000786.jpg,S3_PAIR_occ50,S3_court2_occ50_20260815_094533,S3_PAIR_occ50,786,46.145,238,260,93,0,-3,80,,,0,flight,75.0,50,,1,1,318.1,0.0000,ok
S3_PAIR_occ50_f000792.jpg,S3_PAIR_occ50,S3_court2_occ50_20260815_094533,S3_PAIR_occ50,792,46.379,240,270,93,0,-3,80,,,0,flight,75.0,50,,1,1,307.8,0.0000,ok
S3_PAIR_occ50_f000798.jpg,S3_PAIR_occ50,S3_court2_occ50_20260815_094533,S3_PAIR_occ50,798,46.655,238,270,93,0,-3,80,,,0,flight,75.0,50,,0,1,298.3,0.0000,ok
S3_PAIR_occ50_f000804.jpg,S3_PAIR_occ50,S3_court2_occ50_20260815_094533,S3_PAIR_occ50,804,46.950,240,270,93,0,-3,80,,,0,flight,75.0,50,,1,1,296.0,0.0000,ok
S3_PAIR_occ50_f000810.jpg,S3_PAIR_occ50,S3_court2_occ50_20260815_094533,S3_PAIR_occ50,810,47.177,238,270,93,0,-3,80,,,0,flight,75.0,50,,1,1,301.6,0.0000,ok
S3_PAIR_occ50_f000816.jpg,S3_PAIR_occ50,S3_court2_occ50_20260815_094533,S3_PAIR_occ50,816,47.580,236,270,93,0,-3,80,,,0,flight,75.0,50,,1,1,314.9,0.0000,ok
S3_PAIR_occ50_f000822.jpg,S3_PAIR_occ50,S3_court2_occ50_20260815_094533,S3_PAIR_occ50,822,47.804,238,270,93,0,0,80,,,0,flight,75.0,50,,1,1,298.0,0.0000,ok
S3_PAIR_occ50_f000828.jpg,S3_PAIR_occ50,S3_court2_occ50_20260815_094533,S3_PAIR_occ50,828,48.097,251,270,93,0,1,80,,,0,flight,75.0,50,,1,1,308.9,0.0000,ok
S3_PAIR_occ50_f000834.jpg,S3_PAIR_occ50,S3_court2_occ50_20260815_094533,S3_PAIR_occ50,834,48.392,253,280,99,0,1,79,,,0,flight,75.0,50,,1,1,244.6,0.0000,ok
S3_PAIR_occ50_f000840.jpg,S3_PAIR_occ50,S3_court2_occ50_20260815_094533,S3_PAIR_occ50,840,48.720,254,280,104,0,1,79,,,0,flight,75.0,50,,1,1,215.3,0.0000,ok
S3_PAIR_occ50_f000846.jpg,S3_PAIR_occ50,S3_court2_occ50_20260815_094533,S3_PAIR_occ50,846,49.024,250,280,107,0,0,79,,,0,flight,75.0,50,,0,1,263.3,0.0000,ok
S3_PAIR_occ50_f000852.jpg,S3_PAIR_occ50,S3_court2_occ50_20260815_094533,S3_PAIR_occ50,852,49.314,253,280,107,0,1,79,,,0,flight,75.0,50,,1,1,275.3,0.0000,ok
S3_PAIR_occ50_f000858.jpg,S3_PAIR_occ50,S3_court2_occ50_20260815_094533,S3_PAIR_occ50,858,49.623,241,280,107,0,-2,79,,,0,flight,75.0,50,,1,1,240.8,0.0000,ok
S3_PAIR_occ50_f000864.jpg,S3_PAIR_occ50,S3_court2_occ50_20260815_094533,S3_PAIR_occ50,864,49.844,235,270,107,1,-6,79,,,0,flight,75.0,50,,1,1,257.8,0.0000,ok
S3_PAIR_occ50_f000870.jpg,S3_PAIR_occ50,S3_court2_occ50_20260815_094533,S3_PAIR_occ50,870,50.234,236,270,107,1,-5,79,,,0,flight,75.0,50,,1,1,240.9,0.0000,ok
S3_PAIR_occ50_f000876.jpg,S3_PAIR_occ50,S3_court2_occ50_20260815_094533,S3_PAIR_occ50,876,50.546,243,270,107,1,-4,79,,,0,flight,75.0,50,,1,1,255.5,0.0000,ok
S3_PAIR_occ50_f000882.jpg,S3_PAIR_occ50,S3_court2_occ50_20260815_094533,S3_PAIR_occ50,882,50.758,243,270,107,1,-3,79,,,0,flight,75.0,50,,1,1,258.7,0.0000,ok
S3_PAIR_occ50_f000888.jpg,S3_PAIR_occ50,S3_court2_occ50_20260815_094533,S3_PAIR_occ50,888,51.070,241,270,107,1,-3,79,,,0,flight,75.0,50,,1,1,268.9,0.0000,ok
S3_PAIR_occ50_f000894.jpg,S3_PAIR_occ50,S3_court2_occ50_20260815_094533,S3_PAIR_occ50,894,51.568,231,270,107,1,0,78,,,0,flight,75.0,50,,0,1,261.7,0.0000,ok
S3_PAIR_occ50_f000900.jpg,S3_PAIR_occ50,S3_court2_occ50_20260815_094533,S3_PAIR_occ50,900,51.987,236,260,112,0,1,78,,,0,flight,75.0,50,,1,1,182.5,0.0000,ok
S3_PAIR_occ50_f000906.jpg,S3_PAIR_occ50,S3_court2_occ50_20260815_094533,S3_PAIR_occ50,906,52.197,243,270,116,0,1,78,,,0,flight,75.0,50,,1,1,167.1,0.0000,ok
S3_PAIR_occ50_f000912.jpg,S3_PAIR_occ50,S3_court2_occ50_20260815_094533,S3_PAIR_occ50,912,52.420,248,270,121,0,1,78,,,0,flight,75.0,50,,1,1,143.5,0.0000,ok
S3_PAIR_occ50_f000918.jpg,S3_PAIR_occ50,S3_court2_occ50_20260815_094533,S3_PAIR_occ50,918,52.721,256,280,127,0,1,78,,,0,flight,75.0,50,,1,1,186.6,0.0000,ok
S3_PAIR_occ50_f000924.jpg,S3_PAIR_occ50,S3_court2_occ50_20260815_094533,S3_PAIR_occ50,924,53.099,258,280,127,0,3,78,,,0,flight,75.0,50,,1,1,189.9,0.0000,ok
S3_PAIR_occ50_f000930.jpg,S3_PAIR_occ50,S3_court2_occ50_20260815_094533,S3_PAIR_occ50,930,53.421,246,280,127,0,0,78,,,0,flight,75.0,50,,1,1,177.1,0.0000,ok
S3_PAIR_occ50_f000936.jpg,S3_PAIR_occ50,S3_court2_occ50_20260815_094533,S3_PAIR_occ50,936,53.729,240,280,127,0,-6,78,,,0,flight,75.0,50,,1,1,178.1,0.0000,ok
S3_PAIR_occ50_f000942.jpg,S3_PAIR_occ50,S3_court2_occ50_20260815_094533,S3_PAIR_occ50,942,53.950,240,270,127,0,-5,78,,,0,flight,75.0,50,,0,1,155.4,0.0000,ok
S3_PAIR_occ50_f000948.jpg,S3_PAIR_occ50,S3_court2_occ50_20260815_094533,S3_PAIR_occ50,948,54.232,244,270,127,0,-4,78,,,0,flight,75.0,50,,0,1,179.7,0.0000,ok
S3_PAIR_occ50_f000954.jpg,S3_PAIR_occ50,S3_court2_occ50_20260815_094533,S3_PAIR_occ50,954,54.544,264,280,127,1,-3,78,,,0,flight,75.0,50,,1,1,179.7,0.0000,ok
S3_PAIR_occ50_f000960.jpg,S3_PAIR_occ50,S3_court2_occ50_20260815_094533,S3_PAIR_occ50,960,54.851,260,290,127,1,-2,78,,,0,flight,75.0,50,,0,1,181.2,0.0000,ok
S3_PAIR_occ50_f000966.jpg,S3_PAIR_occ50,S3_court2_occ50_20260815_094533,S3_PAIR_occ50,966,55.156,265,290,127,1,1,78,,,0,flight,75.0,50,,1,1,185.2,0.0000,ok
S3_PAIR_occ50_f000972.jpg,S3_PAIR_occ50,S3_court2_occ50_20260815_094533,S3_PAIR_occ50,972,55.479,258,290,127,1,1,78,,,0,flight,75.0,50,,1,1,196.2,0.0000,ok
S3_PAIR_occ50_f000978.jpg,S3_PAIR_occ50,S3_court2_occ50_20260815_094533,S3_PAIR_occ50,978,55.882,241,280,127,1,0,78,,,0,flight,75.0,50,,1,1,227.3,0.0000,ok
S3_PAIR_occ50_f000984.jpg,S3_PAIR_occ50,S3_court2_occ50_20260815_094533,S3_PAIR_occ50,984,56.198,234,270,127,1,0,78,,,0,flight,75.0,50,,0,1,224.5,0.0000,ok
S3_PAIR_occ50_f000990.jpg,S3_PAIR_occ50,S3_court2_occ50_20260815_094533,S3_PAIR_occ50,990,56.399,225,260,127,1,2,78,,,0,flight,75.0,50,,0,1,222.4,0.0000,ok
S3_PAIR_occ50_f000996.jpg,S3_PAIR_occ50,S3_court2_occ50_20260815_094533,S3_PAIR_occ50,996,56.721,223,260,127,-3,0,77,,,0,flight,75.0,50,,0,1,153.5,0.0000,ok
S3_PAIR_occ50_f001002.jpg,S3_PAIR_occ50,S3_court2_occ50_20260815_094533,S3_PAIR_occ50,1002,57.204,227,260,127,-3,-1,77,,,0,flight,75.0,50,,0,1,197.8,0.0000,ok
S3_PAIR_occ50_f001008.jpg,S3_PAIR_occ50,S3_court2_occ50_20260815_094533,S3_PAIR_occ50,1008,57.513,231,260,127,-2,-1,77,,,0,flight,75.0,50,,0,1,199.1,0.0000,ok
S3_PAIR_occ50_f001014.jpg,S3_PAIR_occ50,S3_court2_occ50_20260815_094533,S3_PAIR_occ50,1014,57.748,235,270,127,3,-1,77,,,0,flight,75.0,50,,0,1,198.9,0.0000,ok
S3_PAIR_occ50_f001020.jpg,S3_PAIR_occ50,S3_court2_occ50_20260815_094533,S3_PAIR_occ50,1020,58.036,246,270,127,3,-1,77,,,0,flight,75.0,50,,1,1,215.3,0.0000,ok
S3_PAIR_occ50_f001026.jpg,S3_PAIR_occ50,S3_court2_occ50_20260815_094533,S3_PAIR_occ50,1026,58.340,257,280,127,2,-1,77,,,0,flight,75.0,50,,0,1,225.9,0.0000,ok
S3_PAIR_occ50_f001032.jpg,S3_PAIR_occ50,S3_court2_occ50_20260815_094533,S3_PAIR_occ50,1032,58.670,244,280,127,-3,-1,77,,,0,flight,75.0,50,,0,1,171.2,0.0000,ok
S3_PAIR_occ50_f001038.jpg,S3_PAIR_occ50,S3_court2_occ50_20260815_094533,S3_PAIR_occ50,1038,59.053,238,280,127,-4,-1,77,,,0,flight,75.0,50,,1,1,202.9,0.0000,ok
S3_PAIR_occ50_f001044.jpg,S3_PAIR_occ50,S3_court2_occ50_20260815_094533,S3_PAIR_occ50,1044,59.355,263,270,127,0,-1,77,,,0,flight,75.0,50,,1,1,170.3,0.0000,ok
S3_PAIR_occ50_f001050.jpg,S3_PAIR_occ50,S3_court2_occ50_20260815_094533,S3_PAIR_occ50,1050,59.656,236,280,127,2,-1,77,,,0,flight,75.0,50,,0,1,223.5,0.0000,ok
S3_PAIR_occ50_f001056.jpg,S3_PAIR_occ50,S3_court2_occ50_20260815_094533,S3_PAIR_occ50,1056,59.976,225,270,127,2,0,77,,,0,flight,75.0,50,,0,1,222.7,0.0000,ok
S3_PAIR_occ50_f001062.jpg,S3_PAIR_occ50,S3_court2_occ50_20260815_094533,S3_PAIR_occ50,1062,60.269,229,260,132,0,-1,77,,,0,flight,75.0,50,,1,1,148.7,0.0000,ok
S3_PAIR_occ50_f001068.jpg,S3_PAIR_occ50,S3_court2_occ50_20260815_094533,S3_PAIR_occ50,1068,60.689,234,260,141,1,-1,77,,,0,flight,75.0,50,,0,1,81.4,0.0000,ok
S3_PAIR_occ50_f001074.jpg,S3_PAIR_occ50,S3_court2_occ50_20260815_094533,S3_PAIR_occ50,1074,61.005,244,270,149,0,-1,77,,,0,flight,75.0,50,,0,1,54.7,0.0000,ok
S3_PAIR_occ50_f001080.jpg,S3_PAIR_occ50,S3_court2_occ50_20260815_094533,S3_PAIR_occ50,1080,61.406,249,270,149,0,-1,77,,,0,flight,75.0,50,,1,1,104.7,0.0000,ok
S3_PAIR_occ50_f001086.jpg,S3_PAIR_occ50,S3_court2_occ50_20260815_094533,S3_PAIR_occ50,1086,61.721,247,280,149,0,-1,77,,,0,flight,75.0,50,,1,1,118.6,0.0000,ok
S3_PAIR_occ50_f001092.jpg,S3_PAIR_occ50,S3_court2_occ50_20260815_094533,S3_PAIR_occ50,1092,62.118,259,280,149,1,-7,77,,,0,flight,75.0,50,,1,1,97.7,0.0000,ok
S3_PAIR_occ50_f001098.jpg,S3_PAIR_occ50,S3_court2_occ50_20260815_094533,S3_PAIR_occ50,1098,62.344,244,280,149,1,-6,77,,,0,flight,75.0,50,,1,1,106.4,0.0000,ok
S3_PAIR_occ50_f001104.jpg,S3_PAIR_occ50,S3_court2_occ50_20260815_094533,S3_PAIR_occ50,1104,62.648,240,280,149,0,-4,76,,,0,flight,75.0,50,,0,1,107.3,0.0000,ok
S3_PAIR_occ50_f001110.jpg,S3_PAIR_occ50,S3_court2_occ50_20260815_094533,S3_PAIR_occ50,1110,63.055,240,270,149,0,-3,76,,,0,flight,75.0,50,,0,1,95.9,0.0000,ok
S3_PAIR_occ50_f001116.jpg,S3_PAIR_occ50,S3_court2_occ50_20260815_094533,S3_PAIR_occ50,1116,63.447,232,270,149,0,-3,76,,,0,flight,75.0,50,,1,1,124.0,0.0000,ok
S3_PAIR_occ50_f001122.jpg,S3_PAIR_occ50,S3_court2_occ50_20260815_094533,S3_PAIR_occ50,1122,63.675,236,270,149,0,-3,76,,,0,flight,75.0,50,,1,1,129.8,0.0000,ok
S3_PAIR_occ50_f001128.jpg,S3_PAIR_occ50,S3_court2_occ50_20260815_094533,S3_PAIR_occ50,1128,63.877,245,270,149,1,-3,76,,,0,flight,75.0,50,,1,1,121.1,0.0000,ok
S3_PAIR_occ50_f001134.jpg,S3_PAIR_occ50,S3_court2_occ50_20260815_094533,S3_PAIR_occ50,1134,64.163,239,270,149,0,-3,76,,,0,flight,75.0,50,,1,1,119.5,0.0000,ok
S3_PAIR_occ50_f001140.jpg,S3_PAIR_occ50,S3_court2_occ50_20260815_094533,S3_PAIR_occ50,1140,64.471,245,270,149,0,-2,76,,,0,flight,75.0,50,,1,1,133.5,0.0000,ok
S3_PAIR_occ50_f001146.jpg,S3_PAIR_occ50,S3_court2_occ50_20260815_094533,S3_PAIR_occ50,1146,64.779,252,280,149,0,-2,76,,,0,flight,75.0,50,,1,1,138.6,0.0000,ok
S3_PAIR_occ50_f001152.jpg,S3_PAIR_occ50,S3_court2_occ50_20260815_094533,S3_PAIR_occ50,1152,65.018,254,280,149,0,-2,76,,,0,flight,75.0,50,,1,1,139.4,0.0000,ok
S3_PAIR_occ50_f001158.jpg,S3_PAIR_occ50,S3_court2_occ50_20260815_094533,S3_PAIR_occ50,1158,65.303,246,280,149,0,-2,76,,,0,flight,75.0,50,,1,1,162.1,0.0000,ok
S3_PAIR_occ50_f001164.jpg,S3_PAIR_occ50,S3_court2_occ50_20260815_094533,S3_PAIR_occ50,1164,65.506,237,280,149,0,-2,76,,,0,flight,75.0,50,,1,1,173.9,0.0000,ok
S3_PAIR_occ50_f001170.jpg,S3_PAIR_occ50,S3_court2_occ50_20260815_094533,S3_PAIR_occ50,1170,65.915,238,270,149,0,-2,76,,,0,flight,75.0,50,,1,1,213.5,0.0000,ok
S3_PAIR_occ50_f001176.jpg,S3_PAIR_occ50,S3_court2_occ50_20260815_094533,S3_PAIR_occ50,1176,66.227,237,270,149,0,-2,76,,,0,flight,75.0,50,,0,1,228.1,0.0000,ok
S3_PAIR_occ50_f001182.jpg,S3_PAIR_occ50,S3_court2_occ50_20260815_094533,S3_PAIR_occ50,1182,66.630,228,260,149,0,1,76,,,0,flight,75.0,50,,1,1,285.3,0.0000,ok
S3_PAIR_occ50_f001188.jpg,S3_PAIR_occ50,S3_court2_occ50_20260815_094533,S3_PAIR_occ50,1188,66.921,231,260,150,0,0,76,,,0,flight,75.0,50,,1,1,84.2,0.0000,ok
S3_PAIR_occ50_f001194.jpg,S3_PAIR_occ50,S3_court2_occ50_20260815_094533,S3_PAIR_occ50,1194,67.242,241,260,158,0,0,76,,,0,flight,75.0,50,,1,1,61.4,0.0000,ok
S3_PAIR_occ50_f001200.jpg,S3_PAIR_occ50,S3_court2_occ50_20260815_094533,S3_PAIR_occ50,1200,67.576,240,270,167,0,0,76,,,0,flight,75.0,50,,1,1,40.4,0.0000,ok
S3_PAIR_occ50_f001206.jpg,S3_PAIR_occ50,S3_court2_occ50_20260815_094533,S3_PAIR_occ50,1206,67.855,248,270,178,-1,1,76,,,0,flight,75.0,50,,1,1,29.6,0.0000,blurry
S3_PAIR_occ50_f001212.jpg,S3_PAIR_occ50,S3_court2_occ50_20260815_094533,S3_PAIR_occ50,1212,68.161,254,280,-176,0,0,76,,,0,flight,75.0,50,,1,1,58.1,0.0000,ok
S3_PAIR_occ50_f001218.jpg,S3_PAIR_occ50,S3_court2_occ50_20260815_094533,S3_PAIR_occ50,1218,68.482,250,280,-175,0,0,76,,,0,flight,75.0,50,,1,1,91.8,0.0000,ok
S3_PAIR_occ50_f001224.jpg,S3_PAIR_occ50,S3_court2_occ50_20260815_094533,S3_PAIR_occ50,1224,68.881,241,280,-173,1,-1,75,,,0,flight,75.0,50,,1,1,91.4,0.0000,ok
S3_PAIR_occ50_f001230.jpg,S3_PAIR_occ50,S3_court2_occ50_20260815_094533,S3_PAIR_occ50,1230,69.180,239,270,-172,0,0,75,,,0,flight,75.0,50,,1,1,96.3,0.0000,ok
S3_PAIR_occ50_f001236.jpg,S3_PAIR_occ50,S3_court2_occ50_20260815_094533,S3_PAIR_occ50,1236,69.495,207,270,-172,0,0,75,,,0,flight,75.0,50,,1,1,103.6,0.0000,ok
S3_PAIR_occ50_f001242.jpg,S3_PAIR_occ50,S3_court2_occ50_20260815_094533,S3_PAIR_occ50,1242,69.800,90,270,-172,0,0,75,,,0,flight,75.0,50,,1,1,114.8,0.0000,ok
S3_PAIR_occ50_f001248.jpg,S3_PAIR_occ50,S3_court2_occ50_20260815_094533,S3_PAIR_occ50,1248,70.103,236,270,-172,0,0,75,,,0,flight,75.0,50,,1,1,104.5,0.0000,ok
S3_PAIR_occ50_f001254.jpg,S3_PAIR_occ50,S3_court2_occ50_20260815_094533,S3_PAIR_occ50,1254,70.333,239,270,-173,0,0,75,,,0,flight,75.0,50,,1,1,111.7,0.0000,ok
S3_PAIR_occ50_f001260.jpg,S3_PAIR_occ50,S3_court2_occ50_20260815_094533,S3_PAIR_occ50,1260,70.551,241,270,-173,0,0,75,,,0,flight,75.0,50,,1,1,115.5,0.0000,ok
S3_PAIR_occ50_f001266.jpg,S3_PAIR_occ50,S3_court2_occ50_20260815_094533,S3_PAIR_occ50,1266,70.939,246,270,-173,0,0,75,,,0,flight,75.0,50,,1,1,95.6,0.0000,ok
S3_PAIR_occ50_f001272.jpg,S3_PAIR_occ50,S3_court2_occ50_20260815_094533,S3_PAIR_occ50,1272,71.159,244,270,-173,0,0,75,,,0,flight,75.0,50,,1,1,105.4,0.0000,ok
S3_PAIR_occ50_f001278.jpg,S3_PAIR_occ50,S3_court2_occ50_20260815_094533,S3_PAIR_occ50,1278,71.454,255,270,-173,0,0,75,,,0,flight,75.0,50,,1,1,110.3,0.0000,ok
S3_PAIR_occ50_f001284.jpg,S3_PAIR_occ50,S3_court2_occ50_20260815_094533,S3_PAIR_occ50,1284,71.765,248,270,-173,0,0,75,,,0,flight,75.0,50,,1,1,55.8,0.0000,ok
S3_PAIR_occ50_f001290.jpg,S3_PAIR_occ50,S3_court2_occ50_20260815_094533,S3_PAIR_occ50,1290,72.063,259,280,-173,6,0,75,,,0,flight,75.0,50,,1,1,81.5,0.0000,ok
S3_PAIR_occ50_f001296.jpg,S3_PAIR_occ50,S3_court2_occ50_20260815_094533,S3_PAIR_occ50,1296,72.303,257,280,-173,5,0,75,,,0,flight,75.0,50,,1,1,95.7,0.0000,ok
S3_PAIR_occ50_f001302.jpg,S3_PAIR_occ50,S3_court2_occ50_20260815_094533,S3_PAIR_occ50,1302,72.498,253,280,-173,4,0,74,,,0,flight,75.0,50,,1,1,95.4,0.0000,ok
S3_PAIR_occ50_f001308.jpg,S3_PAIR_occ50,S3_court2_occ50_20260815_094533,S3_PAIR_occ50,1308,72.769,252,280,-173,3,0,74,,,0,flight,75.0,50,,1,1,102.3,0.0000,ok
S3_PAIR_occ50_f001314.jpg,S3_PAIR_occ50,S3_court2_occ50_20260815_094533,S3_PAIR_occ50,1314,72.991,248,280,-173,3,0,74,,,0,flight,75.0,50,,1,1,89.2,0.0000,ok
S3_PAIR_occ50_f001320.jpg,S3_PAIR_occ50,S3_court2_occ50_20260815_094533,S3_PAIR_occ50,1320,73.294,243,270,-173,3,0,74,,,0,flight,75.0,50,,1,1,74.5,0.0000,ok
S3_PAIR_occ50_f001326.jpg,S3_PAIR_occ50,S3_court2_occ50_20260815_094533,S3_PAIR_occ50,1326,73.504,239,270,-173,2,0,74,,,0,flight,75.0,50,,1,1,64.9,0.0000,ok
S3_PAIR_occ50_f001332.jpg,S3_PAIR_occ50,S3_court2_occ50_20260815_094533,S3_PAIR_occ50,1332,73.804,244,270,-173,3,0,74,,,0,flight,75.0,50,,1,1,67.7,0.0000,ok
S3_PAIR_occ50_f001338.jpg,S3_PAIR_occ50,S3_court2_occ50_20260815_094533,S3_PAIR_occ50,1338,74.129,251,270,-173,3,0,74,,,0,flight,75.0,50,,1,1,54.2,0.0000,ok
S3_PAIR_occ50_f001344.jpg,S3_PAIR_occ50,S3_court2_occ50_20260815_094533,S3_PAIR_occ50,1344,74.416,256,270,-173,4,0,74,,,0,flight,75.0,50,,1,1,56.5,0.0000,ok
S3_PAIR_occ50_f001350.jpg,S3_PAIR_occ50,S3_court2_occ50_20260815_094533,S3_PAIR_occ50,1350,74.812,258,280,-173,3,0,74,,,0,flight,75.0,50,,1,1,56.1,0.0000,ok
S3_PAIR_occ50_f001356.jpg,S3_PAIR_occ50,S3_court2_occ50_20260815_094533,S3_PAIR_occ50,1356,75.022,257,280,-173,3,0,74,,,0,flight,75.0,50,,1,1,50.8,0.0000,ok
S3_PAIR_occ50_f001362.jpg,S3_PAIR_occ50,S3_court2_occ50_20260815_094533,S3_PAIR_occ50,1362,75.251,257,280,-173,3,0,74,,,0,flight,75.0,50,,1,1,51.5,0.0000,ok
S3_PAIR_occ50_f001368.jpg,S3_PAIR_occ50,S3_court2_occ50_20260815_094533,S3_PAIR_occ50,1368,75.636,257,280,-173,3,0,74,,,0,flight,75.0,50,,1,1,49.1,0.0000,ok
S3_PAIR_occ50_f001374.jpg,S3_PAIR_occ50,S3_court2_occ50_20260815_094533,S3_PAIR_occ50,1374,76.041,252,280,-173,3,0,74,,,0,flight,75.0,50,,1,1,23.2,0.0000,blurry
S3_PAIR_occ50_f001380.jpg,S3_PAIR_occ50,S3_court2_occ50_20260815_094533,S3_PAIR_occ50,1380,76.257,246,270,-173,0,0,74,,,0,flight,75.0,50,,1,1,45.5,0.0000,ok
S3_PAIR_occ50_f001386.jpg,S3_PAIR_occ50,S3_court2_occ50_20260815_094533,S3_PAIR_occ50,1386,76.467,247,270,-173,0,0,74,,,0,flight,75.0,50,,1,1,48.6,0.0000,ok
S3_PAIR_occ50_f001392.jpg,S3_PAIR_occ50,S3_court2_occ50_20260815_094533,S3_PAIR_occ50,1392,76.687,244,270,-173,0,0,74,,,0,flight,75.0,50,,1,1,52.5,0.0000,ok
S3_PAIR_occ50_f001398.jpg,S3_PAIR_occ50,S3_court2_occ50_20260815_094533,S3_PAIR_occ50,1398,76.980,254,270,-173,0,0,74,,,0,flight,75.0,50,,1,1,48.7,0.0000,ok
S3_PAIR_occ50_f001404.jpg,S3_PAIR_occ50,S3_court2_occ50_20260815_094533,S3_PAIR_occ50,1404,77.280,267,280,-173,1,0,74,,,0,flight,75.0,50,,1,1,52.1,0.0000,ok
S3_PAIR_occ50_f001410.jpg,S3_PAIR_occ50,S3_court2_occ50_20260815_094533,S3_PAIR_occ50,1410,77.583,279,290,-173,-1,0,73,,,0,flight,75.0,50,,1,1,32.1,0.0000,blurry
S3_PAIR_occ50_f001416.jpg,S3_PAIR_occ50,S3_court2_occ50_20260815_094533,S3_PAIR_occ50,1416,77.900,286,300,-173,0,0,73,,,0,flight,75.0,50,,1,1,53.6,0.0000,ok
S3_PAIR_occ50_f001422.jpg,S3_PAIR_occ50,S3_court2_occ50_20260815_094533,S3_PAIR_occ50,1422,78.207,299,310,-173,0,0,73,,,0,flight,75.0,50,,1,1,55.9,0.0000,ok
S3_PAIR_occ50_f001428.jpg,S3_PAIR_occ50,S3_court2_occ50_20260815_094533,S3_PAIR_occ50,1428,78.526,314,320,-173,1,0,73,,,0,flight,75.0,50,,1,1,56.2,0.0000,ok
S3_PAIR_occ50_f001434.jpg,S3_PAIR_occ50,S3_court2_occ50_20260815_094533,S3_PAIR_occ50,1434,78.913,329,340,-173,1,0,73,,,0,flight,75.0,50,,1,1,50.0,0.0000,ok
S3_PAIR_occ50_f001440.jpg,S3_PAIR_occ50,S3_court2_occ50_20260815_094533,S3_PAIR_occ50,1440,79.148,334,350,-173,0,0,73,,,0,flight,75.0,50,,1,1,54.6,0.0000,ok
S3_PAIR_occ50_f001446.jpg,S3_PAIR_occ50,S3_court2_occ50_20260815_094533,S3_PAIR_occ50,1446,79.413,330,360,-173,0,0,73,,,0,flight,75.0,50,,1,1,59.3,0.0000,ok
S3_PAIR_occ50_f001452.jpg,S3_PAIR_occ50,S3_court2_occ50_20260815_094533,S3_PAIR_occ50,1452,79.750,329,360,-172,0,0,73,,,0,flight,75.0,50,,1,1,56.5,0.0000,ok
S3_PAIR_occ50_f001458.jpg,S3_PAIR_occ50,S3_court2_occ50_20260815_094533,S3_PAIR_occ50,1458,80.048,327,360,-173,0,0,73,,,0,flight,75.0,50,,1,1,52.9,0.0000,ok
S3_PAIR_occ50_f001464.jpg,S3_PAIR_occ50,S3_court2_occ50_20260815_094533,S3_PAIR_occ50,1464,80.363,311,350,-172,-4,0,73,,,0,flight,75.0,50,,1,1,34.0,0.0000,blurry
S3_PAIR_occ50_f001470.jpg,S3_PAIR_occ50,S3_court2_occ50_20260815_094533,S3_PAIR_occ50,1470,80.574,316,340,-172,-5,0,73,,,0,flight,75.0,50,,1,1,53.2,0.0000,ok
S3_PAIR_occ50_f001476.jpg,S3_PAIR_occ50,S3_court2_occ50_20260815_094533,S3_PAIR_occ50,1476,80.872,320,340,-172,-3,0,73,,,0,flight,75.0,50,,1,1,37.5,0.0000,blurry
S3_PAIR_occ50_f001482.jpg,S3_PAIR_occ50,S3_court2_occ50_20260815_094533,S3_PAIR_occ50,1482,81.175,314,340,-173,-2,0,73,,,0,flight,75.0,50,,1,1,43.6,0.0000,ok
S3_PAIR_occ50_f001488.jpg,S3_PAIR_occ50,S3_court2_occ50_20260815_094533,S3_PAIR_occ50,1488,81.572,326,350,-173,-2,0,73,,,0,flight,75.0,50,,1,1,48.6,0.0000,ok
S3_PAIR_occ50_f001494.jpg,S3_PAIR_occ50,S3_court2_occ50_20260815_094533,S3_PAIR_occ50,1494,81.887,334,350,-173,-1,0,73,,,0,flight,75.0,50,,1,1,41.6,0.0000,ok
S3_PAIR_occ50_f001500.jpg,S3_PAIR_occ50,S3_court2_occ50_20260815_094533,S3_PAIR_occ50,1500,82.188,336,360,-173,-1,0,73,,,0,flight,75.0,50,,1,1,51.9,0.0000,ok
S3_PAIR_occ50_f001506.jpg,S3_PAIR_occ50,S3_court2_occ50_20260815_094533,S3_PAIR_occ50,1506,82.524,334,360,-173,4,-4,73,,,0,flight,75.0,50,,1,1,31.4,0.0000,blurry
S3_PAIR_occ50_f001512.jpg,S3_PAIR_occ50,S3_court2_occ50_20260815_094533,S3_PAIR_occ50,1512,82.838,337,360,-173,4,-6,73,,,0,flight,75.0,50,,1,1,52.7,0.0000,ok
S3_PAIR_occ50_f001518.jpg,S3_PAIR_occ50,S3_court2_occ50_20260815_094533,S3_PAIR_occ50,1518,83.139,327,360,-173,3,-4,73,,,0,flight,75.0,50,,1,1,57.1,0.0000,ok
S3_PAIR_occ50_f001524.jpg,S3_PAIR_occ50,S3_court2_occ50_20260815_094533,S3_PAIR_occ50,1524,83.341,326,360,-173,1,-2,73,,,0,flight,75.0,50,,1,1,65.3,0.0000,ok
S3_PAIR_occ50_f001530.jpg,S3_PAIR_occ50,S3_court2_occ50_20260815_094533,S3_PAIR_occ50,1530,83.624,321,350,-173,0,-2,73,,,0,flight,75.0,50,,1,1,101.2,0.0000,ok
S3_PAIR_occ50_f001536.jpg,S3_PAIR_occ50,S3_court2_occ50_20260815_094533,S3_PAIR_occ50,1536,83.837,322,350,-173,0,-2,73,,,0,flight,75.0,50,,1,1,111.0,0.0000,ok
S3_PAIR_occ50_f001542.jpg,S3_PAIR_occ50,S3_court2_occ50_20260815_094533,S3_PAIR_occ50,1542,84.131,323,350,-173,1,1,73,,,0,flight,75.0,50,,1,1,88.4,0.0000,ok
S3_PAIR_occ50_f001548.jpg,S3_PAIR_occ50,S3_court2_occ50_20260815_094533,S3_PAIR_occ50,1548,84.438,329,350,-173,1,-3,72,,,0,flight,75.0,50,,1,1,99.3,0.0000,ok
S3_PAIR_occ50_f001554.jpg,S3_PAIR_occ50,S3_court2_occ50_20260815_094533,S3_PAIR_occ50,1554,84.851,336,350,-173,0,0,72,,,0,flight,75.0,50,,1,1,49.9,0.0000,ok
S3_PAIR_occ50_f001560.jpg,S3_PAIR_occ50,S3_court2_occ50_20260815_094533,S3_PAIR_occ50,1560,85.400,345,360,-173,-4,3,72,,,0,flight,75.0,50,,1,1,105.3,0.0000,ok
S3_PAIR_occ50_f001566.jpg,S3_PAIR_occ50,S3_court2_occ50_20260815_094533,S3_PAIR_occ50,1566,85.648,345,360,-173,-4,3,72,,,0,flight,75.0,50,,1,1,98.5,0.0000,ok
S3_PAIR_occ50_f001572.jpg,S3_PAIR_occ50,S3_court2_occ50_20260815_094533,S3_PAIR_occ50,1572,86.139,339,360,-173,-1,0,72,,,0,flight,75.0,50,,1,1,87.2,0.0000,ok
S3_PAIR_occ50_f001578.jpg,S3_PAIR_occ50,S3_court2_occ50_20260815_094533,S3_PAIR_occ50,1578,86.401,339,360,-173,-1,0,72,,,0,flight,75.0,50,,1,1,83.4,0.0000,ok
S3_PAIR_occ50_f001584.jpg,S3_PAIR_occ50,S3_court2_occ50_20260815_094533,S3_PAIR_occ50,1584,86.845,329,360,-173,-1,0,72,,,0,flight,75.0,50,,1,1,83.9,0.0000,ok
S3_PAIR_occ50_f001590.jpg,S3_PAIR_occ50,S3_court2_occ50_20260815_094533,S3_PAIR_occ50,1590,87.253,340,360,-173,-1,0,72,,,0,flight,75.0,50,,1,1,93.0,0.0000,ok
S3_PAIR_occ50_f001596.jpg,S3_PAIR_occ50,S3_court2_occ50_20260815_094533,S3_PAIR_occ50,1596,87.452,349,360,-173,-1,0,72,,,0,flight,75.0,50,,1,1,96.3,0.0000,ok
S3_PAIR_occ50_f001602.jpg,S3_PAIR_occ50,S3_court2_occ50_20260815_094533,S3_PAIR_occ50,1602,87.848,343,360,-172,-1,0,72,,,0,flight,75.0,50,,1,1,26.0,0.0000,blurry
S3_PAIR_occ50_f001608.jpg,S3_PAIR_occ50,S3_court2_occ50_20260815_094533,S3_PAIR_occ50,1608,94.602,10,80,-173,0,-1,71,,,0,flight,75.0,50,,1,1,40.3,0.0001,ok
S3_PAIR_occ50_f001614.jpg,S3_PAIR_occ50,S3_court2_occ50_20260815_094533,S3_PAIR_occ50,1614,94.891,10,0,-173,0,-1,71,,,0,flight,75.0,50,,1,1,35.4,0.0001,blurry
S3_PAIR_occ50_f001620.jpg,S3_PAIR_occ50,S3_court2_occ50_20260815_094533,S3_PAIR_occ50,1620,95.201,10,0,-173,0,-1,71,,,0,flight,75.0,50,,1,1,33.4,0.0000,blurry
S3_PAIR_occ50_f001626.jpg,S3_PAIR_occ50,S3_court2_occ50_20260815_094533,S3_PAIR_occ50,1626,95.601,10,0,-173,0,-1,71,,,0,flight,75.0,50,,1,1,35.5,0.0000,blurry
S3_PAIR_occ50_f001632.jpg,S3_PAIR_occ50,S3_court2_occ50_20260815_094533,S3_PAIR_occ50,1632,95.822,10,0,-173,0,-1,71,,,0,flight,75.0,50,,1,1,40.3,0.0001,ok
S3_PAIR_occ50_f001638.jpg,S3_PAIR_occ50,S3_court2_occ50_20260815_094533,S3_PAIR_occ50,1638,96.034,10,0,-173,0,-1,71,,,0,flight,75.0,50,,1,1,40.0,0.0001,ok
S3_PAIR_occ50_f001644.jpg,S3_PAIR_occ50,S3_court2_occ50_20260815_094533,S3_PAIR_occ50,1644,96.339,10,0,-173,0,-1,71,,,0,flight,75.0,50,,1,1,43.0,0.0001,ok
S3_PAIR_occ50_f001650.jpg,S3_PAIR_occ50,S3_court2_occ50_20260815_094533,S3_PAIR_occ50,1650,96.722,10,0,-173,0,-1,71,,,0,flight,75.0,50,,1,1,44.2,0.0000,ok
S3_PAIR_occ25_f000000.jpg,S3_PAIR_occ25,S3_court2_occ25_20260815_094851,S3_PAIR_occ25,0,0.122,10,0,0,-1,0,68,,,0,flight,37.5,25,,1,1,87.6,0.0000,ok
S3_PAIR_occ25_f000006.jpg,S3_PAIR_occ25,S3_court2_occ25_20260815_094851,S3_PAIR_occ25,6,0.427,10,0,0,-1,0,68,,,0,flight,37.5,25,,1,1,89.0,0.0000,ok
S3_PAIR_occ25_f000012.jpg,S3_PAIR_occ25,S3_court2_occ25_20260815_094851,S3_PAIR_occ25,12,0.531,10,0,0,-1,0,68,,,0,flight,37.5,25,,1,1,90.4,0.0000,ok
S3_PAIR_occ25_f000018.jpg,S3_PAIR_occ25,S3_court2_occ25_20260815_094851,S3_PAIR_occ25,18,0.628,10,0,0,-1,0,68,,,0,flight,37.5,25,,1,1,90.8,0.0000,ok
S3_PAIR_occ25_f000024.jpg,S3_PAIR_occ25,S3_court2_occ25_20260815_094851,S3_PAIR_occ25,24,0.726,10,0,0,-1,0,68,,,0,flight,37.5,25,,1,1,89.5,0.0000,ok
S3_PAIR_occ25_f000030.jpg,S3_PAIR_occ25,S3_court2_occ25_20260815_094851,S3_PAIR_occ25,30,1.243,10,0,0,-1,0,68,,,0,flight,37.5,25,,1,1,90.2,0.0000,ok
S3_PAIR_occ25_f000036.jpg,S3_PAIR_occ25,S3_court2_occ25_20260815_094851,S3_PAIR_occ25,36,1.468,10,0,0,-1,0,68,,,0,flight,37.5,25,,1,1,90.9,0.0000,ok
S3_PAIR_occ25_f000042.jpg,S3_PAIR_occ25,S3_court2_occ25_20260815_094851,S3_PAIR_occ25,42,1.731,10,0,0,-1,0,68,,,0,flight,37.5,25,,1,1,88.3,0.0000,ok
S3_PAIR_occ25_f000048.jpg,S3_PAIR_occ25,S3_court2_occ25_20260815_094851,S3_PAIR_occ25,48,1.983,10,0,0,-1,0,68,,,0,flight,37.5,25,,1,1,98.1,0.2580,corrupt
S3_PAIR_occ25_f000054.jpg,S3_PAIR_occ25,S3_court2_occ25_20260815_094851,S3_PAIR_occ25,54,2.249,10,0,0,-1,0,68,,,0,flight,37.5,25,,1,1,96.0,0.2610,corrupt
S3_PAIR_occ25_f000060.jpg,S3_PAIR_occ25,S3_court2_occ25_20260815_094851,S3_PAIR_occ25,60,2.737,10,0,0,-1,0,68,,,0,flight,37.5,25,,1,1,128.2,0.2615,corrupt
S3_PAIR_occ25_f000066.jpg,S3_PAIR_occ25,S3_court2_occ25_20260815_094851,S3_PAIR_occ25,66,3.102,10,0,0,-1,0,68,,,0,flight,37.5,25,,1,1,93.5,0.2626,corrupt
S3_PAIR_occ25_f000072.jpg,S3_PAIR_occ25,S3_court2_occ25_20260815_094851,S3_PAIR_occ25,72,3.707,10,0,0,-1,0,68,,,0,flight,37.5,25,,1,1,86.4,0.0000,ok
S3_PAIR_occ25_f000078.jpg,S3_PAIR_occ25,S3_court2_occ25_20260815_094851,S3_PAIR_occ25,78,3.933,10,0,0,-1,0,68,,,0,flight,37.5,25,,1,1,89.9,0.0000,ok
S3_PAIR_occ25_f000084.jpg,S3_PAIR_occ25,S3_court2_occ25_20260815_094851,S3_PAIR_occ25,84,4.261,10,0,0,-1,0,68,,,0,flight,37.5,25,,1,1,90.3,0.0000,ok
S3_PAIR_occ25_f000090.jpg,S3_PAIR_occ25,S3_court2_occ25_20260815_094851,S3_PAIR_occ25,90,4.531,10,0,0,-1,0,68,,,0,flight,37.5,25,,1,1,90.2,0.0000,ok
S3_PAIR_occ25_f000096.jpg,S3_PAIR_occ25,S3_court2_occ25_20260815_094851,S3_PAIR_occ25,96,4.821,10,0,0,-1,0,68,,,0,flight,37.5,25,,1,1,88.2,0.0000,ok
S3_PAIR_occ25_f000102.jpg,S3_PAIR_occ25,S3_court2_occ25_20260815_094851,S3_PAIR_occ25,102,10.930,82,70,-1,1,0,68,,,0,flight,37.5,25,,1,1,122.2,0.0000,ok
S3_PAIR_occ25_f000108.jpg,S3_PAIR_occ25,S3_court2_occ25_20260815_094851,S3_PAIR_occ25,108,11.230,82,70,-1,1,0,68,,,0,flight,37.5,25,,1,1,123.7,0.0000,ok
S3_PAIR_occ25_f000114.jpg,S3_PAIR_occ25,S3_court2_occ25_20260815_094851,S3_PAIR_occ25,114,11.528,83,70,-1,1,0,68,,,0,flight,37.5,25,,1,1,117.2,0.0000,ok
S3_PAIR_occ25_f000120.jpg,S3_PAIR_occ25,S3_court2_occ25_20260815_094851,S3_PAIR_occ25,120,11.827,83,70,-1,1,0,68,,,0,flight,37.5,25,,1,1,128.2,0.0000,ok
S3_PAIR_occ25_f000126.jpg,S3_PAIR_occ25,S3_court2_occ25_20260815_094851,S3_PAIR_occ25,126,12.093,81,70,-1,1,0,68,,,0,flight,37.5,25,,1,1,134.4,0.0000,ok
S3_PAIR_occ25_f000132.jpg,S3_PAIR_occ25,S3_court2_occ25_20260815_094851,S3_PAIR_occ25,132,12.461,82,70,-1,1,0,68,,,0,flight,37.5,25,,1,1,134.3,0.0000,ok
S3_PAIR_occ25_f000138.jpg,S3_PAIR_occ25,S3_court2_occ25_20260815_094851,S3_PAIR_occ25,138,12.684,84,70,-1,0,0,68,,,0,flight,37.5,25,,1,1,123.5,0.0000,ok
S3_PAIR_occ25_f000144.jpg,S3_PAIR_occ25,S3_court2_occ25_20260815_094851,S3_PAIR_occ25,144,12.947,87,70,0,1,0,68,,,0,flight,37.5,25,,1,1,123.0,0.0000,ok
S3_PAIR_occ25_f000150.jpg,S3_PAIR_occ25,S3_court2_occ25_20260815_094851,S3_PAIR_occ25,150,13.182,97,80,0,0,0,68,,,0,flight,37.5,25,,1,1,120.1,0.0000,ok
S3_PAIR_occ25_f000156.jpg,S3_PAIR_occ25,S3_court2_occ25_20260815_094851,S3_PAIR_occ25,156,13.469,105,90,-1,0,0,68,,,0,flight,37.5,25,,1,1,117.3,0.0000,ok
S3_PAIR_occ25_f000162.jpg,S3_PAIR_occ25,S3_court2_occ25_20260815_094851,S3_PAIR_occ25,162,13.800,114,100,0,0,0,68,,,0,flight,37.5,25,,1,1,123.3,0.0000,ok
S3_PAIR_occ25_f000168.jpg,S3_PAIR_occ25,S3_court2_occ25_20260815_094851,S3_PAIR_occ25,168,14.012,123,110,-1,0,0,68,,,0,flight,37.5,25,,1,1,124.5,0.0000,ok
S3_PAIR_occ25_f000174.jpg,S3_PAIR_occ25,S3_court2_occ25_20260815_094851,S3_PAIR_occ25,174,14.313,131,110,-1,0,0,68,,,0,flight,37.5,25,,1,1,130.0,0.0000,ok
S3_PAIR_occ25_f000180.jpg,S3_PAIR_occ25,S3_court2_occ25_20260815_094851,S3_PAIR_occ25,180,14.701,140,120,-1,1,0,68,,,0,flight,37.5,25,,1,1,130.8,0.0000,ok
S3_PAIR_occ25_f000186.jpg,S3_PAIR_occ25,S3_court2_occ25_20260815_094851,S3_PAIR_occ25,186,15.007,149,130,-1,1,0,68,,,0,flight,37.5,25,,1,1,141.2,0.0000,ok
S3_PAIR_occ25_f000192.jpg,S3_PAIR_occ25,S3_court2_occ25_20260815_094851,S3_PAIR_occ25,192,15.294,159,140,-1,0,0,68,,,0,flight,37.5,25,,1,1,136.9,0.0000,ok
S3_PAIR_occ25_f000198.jpg,S3_PAIR_occ25,S3_court2_occ25_20260815_094851,S3_PAIR_occ25,198,15.601,164,150,-1,0,0,68,,,0,flight,37.5,25,,1,1,135.7,0.0000,ok
S3_PAIR_occ25_f000204.jpg,S3_PAIR_occ25,S3_court2_occ25_20260815_094851,S3_PAIR_occ25,204,15.794,168,150,-1,0,0,68,,,0,flight,37.5,25,,1,1,134.0,0.0000,ok
S3_PAIR_occ25_f000210.jpg,S3_PAIR_occ25,S3_court2_occ25_20260815_094851,S3_PAIR_occ25,210,16.083,177,160,-1,0,0,68,,,0,flight,37.5,25,,1,1,140.0,0.0000,ok
S3_PAIR_occ25_f000216.jpg,S3_PAIR_occ25,S3_court2_occ25_20260815_094851,S3_PAIR_occ25,216,16.309,182,170,-1,0,0,68,,,0,flight,37.5,25,,1,1,139.5,0.0000,ok
S3_PAIR_occ25_f000222.jpg,S3_PAIR_occ25,S3_court2_occ25_20260815_094851,S3_PAIR_occ25,222,16.659,192,180,-1,0,0,68,,,0,flight,37.5,25,,1,1,131.7,0.0000,ok
S3_PAIR_occ25_f000228.jpg,S3_PAIR_occ25,S3_court2_occ25_20260815_094851,S3_PAIR_occ25,228,16.946,201,180,-1,0,0,68,,,0,flight,37.5,25,,1,1,139.7,0.0000,ok
S3_PAIR_occ25_f000234.jpg,S3_PAIR_occ25,S3_court2_occ25_20260815_094851,S3_PAIR_occ25,234,17.161,205,190,-1,0,0,68,,,0,flight,37.5,25,,1,1,141.1,0.0000,ok
S3_PAIR_occ25_f000240.jpg,S3_PAIR_occ25,S3_court2_occ25_20260815_094851,S3_PAIR_occ25,240,17.444,210,200,-1,0,0,68,,,0,flight,37.5,25,,1,1,142.3,0.0000,ok
S3_PAIR_occ25_f000246.jpg,S3_PAIR_occ25,S3_court2_occ25_20260815_094851,S3_PAIR_occ25,246,17.799,220,210,-1,0,0,68,,,0,flight,37.5,25,,1,1,137.2,0.0000,ok
S3_PAIR_occ25_f000252.jpg,S3_PAIR_occ25,S3_court2_occ25_20260815_094851,S3_PAIR_occ25,252,18.120,239,220,-1,0,0,68,,,0,flight,37.5,25,,1,1,143.7,0.0000,ok
S3_PAIR_occ25_f000258.jpg,S3_PAIR_occ25,S3_court2_occ25_20260815_094851,S3_PAIR_occ25,258,18.402,246,220,-1,1,0,68,,,0,flight,37.5,25,,1,1,145.2,0.0000,ok
S3_PAIR_occ25_f000264.jpg,S3_PAIR_occ25,S3_court2_occ25_20260815_094851,S3_PAIR_occ25,264,18.700,251,230,-1,0,0,68,,,0,flight,37.5,25,,1,1,133.8,0.0000,ok
S3_PAIR_occ25_f000270.jpg,S3_PAIR_occ25,S3_court2_occ25_20260815_094851,S3_PAIR_occ25,270,19.001,259,240,-1,1,0,68,,,0,flight,37.5,25,,1,1,141.3,0.0000,ok
S3_PAIR_occ25_f000276.jpg,S3_PAIR_occ25,S3_court2_occ25_20260815_094851,S3_PAIR_occ25,276,19.284,260,250,-1,0,0,68,,,0,flight,37.5,25,,1,1,152.4,0.0000,ok
S3_PAIR_occ25_f000282.jpg,S3_PAIR_occ25,S3_court2_occ25_20260815_094851,S3_PAIR_occ25,282,19.648,256,250,0,0,0,68,,,0,flight,37.5,25,,1,1,126.2,0.0000,ok
S3_PAIR_occ25_f000288.jpg,S3_PAIR_occ25,S3_court2_occ25_20260815_094851,S3_PAIR_occ25,288,19.927,255,240,1,0,0,68,,,0,flight,37.5,25,,1,1,83.1,0.0000,ok
S3_PAIR_occ25_f000294.jpg,S3_PAIR_occ25,S3_court2_occ25_20260815_094851,S3_PAIR_occ25,294,20.217,254,240,8,0,0,68,,,0,flight,37.5,25,,1,1,137.7,0.0000,ok
S3_PAIR_occ25_f000300.jpg,S3_PAIR_occ25,S3_court2_occ25_20260815_094851,S3_PAIR_occ25,300,20.524,245,240,9,0,0,68,,,0,flight,37.5,25,,1,1,189.6,0.0000,ok
S3_PAIR_occ25_f000306.jpg,S3_PAIR_occ25,S3_court2_occ25_20260815_094851,S3_PAIR_occ25,306,20.797,260,240,9,0,0,68,,,0,flight,37.5,25,,1,1,214.1,0.0000,ok
S3_PAIR_occ25_f000312.jpg,S3_PAIR_occ25,S3_court2_occ25_20260815_094851,S3_PAIR_occ25,312,21.084,267,240,9,0,0,68,,,0,flight,37.5,25,,1,1,213.8,0.0000,ok
S3_PAIR_occ25_f000318.jpg,S3_PAIR_occ25,S3_court2_occ25_20260815_094851,S3_PAIR_occ25,318,21.366,259,240,9,0,0,68,,,0,flight,37.5,25,,1,1,206.5,0.0000,ok
S3_PAIR_occ25_f000324.jpg,S3_PAIR_occ25,S3_court2_occ25_20260815_094851,S3_PAIR_occ25,324,21.683,265,250,9,0,-3,68,,,0,flight,37.5,25,,1,1,158.4,0.0000,ok
S3_PAIR_occ25_f000330.jpg,S3_PAIR_occ25,S3_court2_occ25_20260815_094851,S3_PAIR_occ25,330,22.061,268,250,9,0,-5,68,,,0,flight,37.5,25,,1,1,148.6,0.0000,ok
S3_PAIR_occ25_f000336.jpg,S3_PAIR_occ25,S3_court2_occ25_20260815_094851,S3_PAIR_occ25,336,22.463,258,250,9,0,-2,68,,,0,flight,37.5,25,,1,1,148.9,0.0000,ok
S3_PAIR_occ25_f000342.jpg,S3_PAIR_occ25,S3_court2_occ25_20260815_094851,S3_PAIR_occ25,342,22.685,254,250,9,0,-1,68,,,0,flight,37.5,25,,1,1,163.1,0.0000,ok
S3_PAIR_occ25_f000348.jpg,S3_PAIR_occ25,S3_court2_occ25_20260815_094851,S3_PAIR_occ25,348,22.915,253,240,9,0,-1,68,,,0,flight,37.5,25,,1,1,154.4,0.0000,ok
S3_PAIR_occ25_f000354.jpg,S3_PAIR_occ25,S3_court2_occ25_20260815_094851,S3_PAIR_occ25,354,23.221,254,240,9,0,-1,68,,,0,flight,37.5,25,,1,1,144.9,0.0000,ok
S3_PAIR_occ25_f000360.jpg,S3_PAIR_occ25,S3_court2_occ25_20260815_094851,S3_PAIR_occ25,360,23.547,254,240,9,0,-1,68,,,0,flight,37.5,25,,1,1,156.5,0.0000,ok
S3_PAIR_occ25_f000366.jpg,S3_PAIR_occ25,S3_court2_occ25_20260815_094851,S3_PAIR_occ25,366,23.763,261,240,9,0,-1,68,,,0,flight,37.5,25,,1,1,136.0,0.0000,ok
S3_PAIR_occ25_f000372.jpg,S3_PAIR_occ25,S3_court2_occ25_20260815_094851,S3_PAIR_occ25,372,24.047,266,250,9,0,-1,68,,,0,flight,37.5,25,,1,1,142.9,0.0000,ok
S3_PAIR_occ25_f000378.jpg,S3_PAIR_occ25,S3_court2_occ25_20260815_094851,S3_PAIR_occ25,378,24.282,271,250,9,0,-1,68,,,0,flight,37.5,25,,1,1,141.1,0.0000,ok
S3_PAIR_occ25_f000384.jpg,S3_PAIR_occ25,S3_court2_occ25_20260815_094851,S3_PAIR_occ25,384,24.654,275,250,9,0,-1,68,,,0,flight,37.5,25,,1,1,155.0,0.0000,ok
S3_PAIR_occ25_f000390.jpg,S3_PAIR_occ25,S3_court2_occ25_20260815_094851,S3_PAIR_occ25,390,25.064,269,250,9,0,-1,68,,,0,flight,37.5,25,,1,1,146.2,0.0000,ok
S3_PAIR_occ25_f000396.jpg,S3_PAIR_occ25,S3_court2_occ25_20260815_094851,S3_PAIR_occ25,396,25.300,261,250,9,0,-1,68,,,0,flight,37.5,25,,1,1,144.4,0.0000,ok
S3_PAIR_occ25_f000402.jpg,S3_PAIR_occ25,S3_court2_occ25_20260815_094851,S3_PAIR_occ25,402,25.595,255,250,9,0,-1,68,,,0,flight,37.5,25,,1,1,141.4,0.0000,ok
S3_PAIR_occ25_f000408.jpg,S3_PAIR_occ25,S3_court2_occ25_20260815_094851,S3_PAIR_occ25,408,25.900,256,250,9,0,0,68,,,0,flight,37.5,25,,1,1,138.3,0.0000,ok
S3_PAIR_occ25_f000414.jpg,S3_PAIR_occ25,S3_court2_occ25_20260815_094851,S3_PAIR_occ25,414,26.212,267,250,12,0,2,68,,,0,flight,37.5,25,,1,1,101.3,0.0000,ok
S3_PAIR_occ25_f000420.jpg,S3_PAIR_occ25,S3_court2_occ25_20260815_094851,S3_PAIR_occ25,420,26.512,269,250,22,0,1,68,,,0,flight,37.5,25,,1,1,102.8,0.0000,ok
S3_PAIR_occ25_f000426.jpg,S3_PAIR_occ25,S3_court2_occ25_20260815_094851,S3_PAIR_occ25,426,26.811,266,250,27,0,1,68,,,0,flight,37.5,25,,1,1,156.3,0.0000,ok
S3_PAIR_occ25_f000432.jpg,S3_PAIR_occ25,S3_court2_occ25_20260815_094851,S3_PAIR_occ25,432,27.113,267,250,28,0,0,68,,,0,flight,37.5,25,,1,1,206.0,0.0000,ok
S3_PAIR_occ25_f000438.jpg,S3_PAIR_occ25,S3_court2_occ25_20260815_094851,S3_PAIR_occ25,438,27.429,270,250,27,0,-4,68,,,0,flight,37.5,25,,1,1,156.2,0.0000,ok
S3_PAIR_occ25_f000444.jpg,S3_PAIR_occ25,S3_court2_occ25_20260815_094851,S3_PAIR_occ25,444,27.728,273,250,27,0,-6,68,,,0,flight,37.5,25,,1,1,194.3,0.0000,ok
S3_PAIR_occ25_f000450.jpg,S3_PAIR_occ25,S3_court2_occ25_20260815_094851,S3_PAIR_occ25,450,28.038,267,250,27,0,-5,68,,,0,flight,37.5,25,,1,1,178.1,0.0000,ok
S3_PAIR_occ25_f000456.jpg,S3_PAIR_occ25,S3_court2_occ25_20260815_094851,S3_PAIR_occ25,456,28.244,261,250,27,0,-3,68,,,0,flight,37.5,25,,1,1,176.2,0.0000,ok
S3_PAIR_occ25_f000462.jpg,S3_PAIR_occ25,S3_court2_occ25_20260815_094851,S3_PAIR_occ25,462,28.465,271,250,27,0,-2,68,,,0,flight,37.5,25,,1,1,180.1,0.0000,ok
S3_PAIR_occ25_f000468.jpg,S3_PAIR_occ25,S3_court2_occ25_20260815_094851,S3_PAIR_occ25,468,28.863,258,250,27,0,-2,68,,,0,flight,37.5,25,,1,1,168.2,0.0000,ok
S3_PAIR_occ25_f000474.jpg,S3_PAIR_occ25,S3_court2_occ25_20260815_094851,S3_PAIR_occ25,474,29.167,276,250,28,0,2,68,,,0,flight,37.5,25,,1,1,161.8,0.0000,ok
S3_PAIR_occ25_f000480.jpg,S3_PAIR_occ25,S3_court2_occ25_20260815_094851,S3_PAIR_occ25,480,29.483,274,250,30,0,2,68,,,0,flight,37.5,25,,1,1,114.0,0.0000,ok
S3_PAIR_occ25_f000486.jpg,S3_PAIR_occ25,S3_court2_occ25_20260815_094851,S3_PAIR_occ25,486,29.700,265,250,35,0,2,68,,,0,flight,37.5,25,,1,1,119.6,0.0000,ok
S3_PAIR_occ25_f000492.jpg,S3_PAIR_occ25,S3_court2_occ25_20260815_094851,S3_PAIR_occ25,492,29.991,258,250,46,0,1,68,,,0,flight,37.5,25,,1,1,161.6,0.0000,ok
S3_PAIR_occ25_f000498.jpg,S3_PAIR_occ25,S3_court2_occ25_20260815_094851,S3_PAIR_occ25,498,30.316,257,240,47,0,0,68,,,0,flight,37.5,25,,1,1,251.5,0.0000,ok
S3_PAIR_occ25_f000504.jpg,S3_PAIR_occ25,S3_court2_occ25_20260815_094851,S3_PAIR_occ25,504,30.712,282,250,47,0,-5,68,,,0,flight,37.5,25,,1,1,222.7,0.0000,ok
S3_PAIR_occ25_f000510.jpg,S3_PAIR_occ25,S3_court2_occ25_20260815_094851,S3_PAIR_occ25,510,31.025,287,250,46,0,-6,68,,,0,flight,37.5,25,,1,1,221.1,0.0000,ok
S3_PAIR_occ25_f000516.jpg,S3_PAIR_occ25,S3_court2_occ25_20260815_094851,S3_PAIR_occ25,516,31.317,260,260,46,0,-4,68,,,0,flight,37.5,25,,1,1,226.9,0.0000,ok
S3_PAIR_occ25_f000522.jpg,S3_PAIR_occ25,S3_court2_occ25_20260815_094851,S3_PAIR_occ25,522,31.616,267,250,46,0,1,68,,,0,flight,37.5,25,,1,1,241.7,0.0000,ok
S3_PAIR_occ25_f000528.jpg,S3_PAIR_occ25,S3_court2_occ25_20260815_094851,S3_PAIR_occ25,528,31.949,259,240,46,-2,2,68,,,0,flight,37.5,25,,1,1,190.4,0.0000,ok
S3_PAIR_occ25_f000534.jpg,S3_PAIR_occ25,S3_court2_occ25_20260815_094851,S3_PAIR_occ25,534,32.364,265,240,47,0,1,68,,,0,flight,37.5,25,,1,1,207.0,0.0000,ok
S3_PAIR_occ25_f000540.jpg,S3_PAIR_occ25,S3_court2_occ25_20260815_094851,S3_PAIR_occ25,540,32.653,262,240,49,0,1,68,,,0,flight,37.5,25,,1,1,174.4,0.0000,ok
S3_PAIR_occ25_f000546.jpg,S3_PAIR_occ25,S3_court2_occ25_20260815_094851,S3_PAIR_occ25,546,33.050,272,250,61,0,2,68,,,0,flight,37.5,25,,1,1,167.2,0.0000,ok
S3_PAIR_occ25_f000552.jpg,S3_PAIR_occ25,S3_court2_occ25_20260815_094851,S3_PAIR_occ25,552,33.388,281,250,69,0,0,68,,,0,flight,37.5,25,,1,1,265.7,0.0000,ok
S3_PAIR_occ25_f000558.jpg,S3_PAIR_occ25,S3_court2_occ25_20260815_094851,S3_PAIR_occ25,558,33.693,272,250,71,0,0,68,,,0,flight,37.5,25,,1,1,315.9,0.0000,ok
S3_PAIR_occ25_f000564.jpg,S3_PAIR_occ25,S3_court2_occ25_20260815_094851,S3_PAIR_occ25,564,33.995,270,250,71,0,0,68,,,0,flight,37.5,25,,1,1,342.6,0.0000,ok
S3_PAIR_occ25_f000570.jpg,S3_PAIR_occ25,S3_court2_occ25_20260815_094851,S3_PAIR_occ25,570,34.301,266,250,71,0,-5,68,,,0,flight,37.5,25,,1,1,324.1,0.0000,ok
S3_PAIR_occ25_f000576.jpg,S3_PAIR_occ25,S3_court2_occ25_20260815_094851,S3_PAIR_occ25,576,34.703,273,250,71,0,-6,68,,,0,flight,37.5,25,,1,1,333.1,0.0000,ok
S3_PAIR_occ25_f000582.jpg,S3_PAIR_occ25,S3_court2_occ25_20260815_094851,S3_PAIR_occ25,582,35.012,260,250,71,0,-3,68,,,0,flight,37.5,25,,1,1,347.7,0.0000,ok
S3_PAIR_occ25_f000588.jpg,S3_PAIR_occ25,S3_court2_occ25_20260815_094851,S3_PAIR_occ25,588,35.229,262,250,71,0,-2,68,,,0,flight,37.5,25,,1,1,369.1,0.0000,ok
S3_PAIR_occ25_f000594.jpg,S3_PAIR_occ25,S3_court2_occ25_20260815_094851,S3_PAIR_occ25,594,35.518,261,250,71,0,-2,68,,,0,flight,37.5,25,,1,1,379.6,0.0000,ok
S3_PAIR_occ25_f000600.jpg,S3_PAIR_occ25,S3_court2_occ25_20260815_094851,S3_PAIR_occ25,600,35.818,263,240,71,0,-2,68,,,0,flight,37.5,25,,1,1,333.2,0.0000,ok
S3_PAIR_occ25_f000606.jpg,S3_PAIR_occ25,S3_court2_occ25_20260815_094851,S3_PAIR_occ25,606,36.036,262,250,71,0,-2,68,,,0,flight,37.5,25,,1,1,358.0,0.0000,ok
S3_PAIR_occ25_f000612.jpg,S3_PAIR_occ25,S3_court2_occ25_20260815_094851,S3_PAIR_occ25,612,36.437,267,250,71,0,-2,67,,,0,flight,37.5,25,,1,1,360.1,0.0000,ok
S3_PAIR_occ25_f000618.jpg,S3_PAIR_occ25,S3_court2_occ25_20260815_094851,S3_PAIR_occ25,618,36.666,260,250,71,0,-1,67,,,0,flight,37.5,25,,1,1,356.4,0.0000,ok
S3_PAIR_occ25_f000624.jpg,S3_PAIR_occ25,S3_court2_occ25_20260815_094851,S3_PAIR_occ25,624,37.062,227,230,71,0,1,67,,,0,flight,37.5,25,,1,1,339.5,0.0000,ok
S3_PAIR_occ25_f000630.jpg,S3_PAIR_occ25,S3_court2_occ25_20260815_094851,S3_PAIR_occ25,630,37.367,238,230,74,0,2,67,,,0,flight,37.5,25,,1,1,272.5,0.0000,ok
S3_PAIR_occ25_f000636.jpg,S3_PAIR_occ25,S3_court2_occ25_20260815_094851,S3_PAIR_occ25,636,37.667,249,230,82,-1,1,67,,,0,flight,37.5,25,,1,1,227.3,0.0000,ok
S3_PAIR_occ25_f000642.jpg,S3_PAIR_occ25,S3_court2_occ25_20260815_094851,S3_PAIR_occ25,642,37.984,266,240,87,-1,0,67,,,0,flight,37.5,25,,1,1,302.6,0.0000,ok
S3_PAIR_occ25_f000648.jpg,S3_PAIR_occ25,S3_court2_occ25_20260815_094851,S3_PAIR_occ25,648,38.278,271,250,87,-1,0,67,,,0,flight,37.5,25,,0,1,347.7,0.0000,ok
S3_PAIR_occ25_f000654.jpg,S3_PAIR_occ25,S3_court2_occ25_20260815_094851,S3_PAIR_occ25,654,38.578,276,250,87,0,-5,67,,,0,flight,37.5,25,,0,1,370.4,0.0000,ok
S3_PAIR_occ25_f000660.jpg,S3_PAIR_occ25,S3_court2_occ25_20260815_094851,S3_PAIR_occ25,660,38.896,284,260,87,0,-5,67,,,0,flight,37.5,25,,0,1,307.9,0.0000,ok
S3_PAIR_occ25_f000666.jpg,S3_PAIR_occ25,S3_court2_occ25_20260815_094851,S3_PAIR_occ25,666,39.300,266,260,87,0,-4,67,,,0,flight,37.5,25,,0,1,305.6,0.0000,ok
S3_PAIR_occ25_f000672.jpg,S3_PAIR_occ25,S3_court2_occ25_20260815_094851,S3_PAIR_occ25,672,39.610,279,250,87,0,-3,67,,,0,flight,37.5,25,,0,1,315.1,0.0000,ok
S3_PAIR_occ25_f000678.jpg,S3_PAIR_occ25,S3_court2_occ25_20260815_094851,S3_PAIR_occ25,678,39.828,276,260,87,0,-3,67,,,0,flight,37.5,25,,0,1,317.6,0.0000,ok
S3_PAIR_occ25_f000684.jpg,S3_PAIR_occ25,S3_court2_occ25_20260815_094851,S3_PAIR_occ25,684,40.226,262,250,87,0,-3,66,,,0,flight,37.5,25,,1,1,321.7,0.0000,ok
S3_PAIR_occ25_f000690.jpg,S3_PAIR_occ25,S3_court2_occ25_20260815_094851,S3_PAIR_occ25,690,40.528,270,250,87,0,-3,66,,,0,flight,37.5,25,,1,1,330.4,0.0000,ok
S3_PAIR_occ25_f000696.jpg,S3_PAIR_occ25,S3_court2_occ25_20260815_094851,S3_PAIR_occ25,696,40.753,276,250,87,0,-2,66,,,0,flight,37.5,25,,1,1,299.2,0.0000,ok
S3_PAIR_occ25_f000702.jpg,S3_PAIR_occ25,S3_court2_occ25_20260815_094851,S3_PAIR_occ25,702,41.051,290,260,87,-1,-2,66,,,0,flight,37.5,25,,1,1,298.9,0.0000,ok
S3_PAIR_occ25_f000708.jpg,S3_PAIR_occ25,S3_court2_occ25_20260815_094851,S3_PAIR_occ25,708,41.270,286,260,87,0,-2,66,,,0,flight,37.5,25,,1,1,299.1,0.0000,ok
S3_PAIR_occ25_f000714.jpg,S3_PAIR_occ25,S3_court2_occ25_20260815_094851,S3_PAIR_occ25,714,41.564,266,260,87,0,-2,66,,,0,flight,37.5,25,,0,1,297.6,0.0000,ok
S3_PAIR_occ25_f000720.jpg,S3_PAIR_occ25,S3_court2_occ25_20260815_094851,S3_PAIR_occ25,720,41.877,257,250,87,0,-2,66,,,0,flight,37.5,25,,0,1,307.6,0.0000,ok
S3_PAIR_occ25_f000726.jpg,S3_PAIR_occ25,S3_court2_occ25_20260815_094851,S3_PAIR_occ25,726,42.211,259,250,87,0,-2,66,,,0,flight,37.5,25,,0,1,310.0,0.0000,ok
S3_PAIR_occ25_f000732.jpg,S3_PAIR_occ25,S3_court2_occ25_20260815_094851,S3_PAIR_occ25,732,42.506,261,240,87,0,0,66,,,0,flight,37.5,25,,1,1,310.4,0.0000,ok
S3_PAIR_occ25_f000738.jpg,S3_PAIR_occ25,S3_court2_occ25_20260815_094851,S3_PAIR_occ25,738,42.799,280,250,87,0,1,66,,,0,flight,37.5,25,,1,1,333.6,0.0000,ok
S3_PAIR_occ25_f000744.jpg,S3_PAIR_occ25,S3_court2_occ25_20260815_094851,S3_PAIR_occ25,744,43.116,268,260,87,0,1,66,,,0,flight,37.5,25,,1,1,335.6,0.0000,ok
S3_PAIR_occ25_f000750.jpg,S3_PAIR_occ25,S3_court2_occ25_20260815_094851,S3_PAIR_occ25,750,43.418,252,250,87,-1,1,66,,,0,flight,37.5,25,,1,1,334.9,0.0000,ok
S3_PAIR_occ25_f000756.jpg,S3_PAIR_occ25,S3_court2_occ25_20260815_094851,S3_PAIR_occ25,756,43.734,247,240,89,-1,1,66,,,0,flight,37.5,25,,1,1,235.9,0.0000,ok
S3_PAIR_occ25_f000762.jpg,S3_PAIR_occ25,S3_court2_occ25_20260815_094851,S3_PAIR_occ25,762,44.034,238,240,95,-1,3,66,,,0,flight,37.5,25,,1,1,208.3,0.0000,ok
S3_PAIR_occ25_f000768.jpg,S3_PAIR_occ25,S3_court2_occ25_20260815_094851,S3_PAIR_occ25,768,44.317,245,230,100,-1,0,66,,,0,flight,37.5,25,,1,1,197.9,0.0000,ok
S3_PAIR_occ25_f000774.jpg,S3_PAIR_occ25,S3_court2_occ25_20260815_094851,S3_PAIR_occ25,774,44.637,254,230,110,-1,0,66,,,0,flight,37.5,25,,1,1,157.4,0.0000,ok
S3_PAIR_occ25_f000780.jpg,S3_PAIR_occ25,S3_court2_occ25_20260815_094851,S3_PAIR_occ25,780,44.959,262,240,117,0,0,66,,,0,flight,37.5,25,,1,1,139.0,0.0000,ok
S3_PAIR_occ25_f000786.jpg,S3_PAIR_occ25,S3_court2_occ25_20260815_094851,S3_PAIR_occ25,786,45.246,264,240,120,0,0,65,,,0,flight,37.5,25,,0,1,197.8,0.0000,ok
S3_PAIR_occ25_f000792.jpg,S3_PAIR_occ25,S3_court2_occ25_20260815_094851,S3_PAIR_occ25,792,45.543,266,250,120,0,0,65,,,0,flight,37.5,25,,0,1,207.5,0.0000,ok
S3_PAIR_occ25_f000798.jpg,S3_PAIR_occ25,S3_court2_occ25_20260815_094851,S3_PAIR_occ25,798,45.848,261,250,120,0,0,65,,,0,flight,37.5,25,,0,1,180.4,0.0000,ok
S3_PAIR_occ25_f000804.jpg,S3_PAIR_occ25,S3_court2_occ25_20260815_094851,S3_PAIR_occ25,804,46.158,278,250,120,0,-6,65,,,0,flight,37.5,25,,0,1,197.8,0.0000,ok
S3_PAIR_occ25_f000810.jpg,S3_PAIR_occ25,S3_court2_occ25_20260815_094851,S3_PAIR_occ25,810,46.470,265,250,120,0,-5,65,,,0,flight,37.5,25,,1,1,183.9,0.0000,ok
S3_PAIR_occ25_f000816.jpg,S3_PAIR_occ25,S3_court2_occ25_20260815_094851,S3_PAIR_occ25,816,46.685,261,250,120,0,-4,65,,,0,flight,37.5,25,,0,1,165.5,0.0000,ok
S3_PAIR_occ25_f000822.jpg,S3_PAIR_occ25,S3_court2_occ25_20260815_094851,S3_PAIR_occ25,822,46.989,250,240,120,-1,-3,65,,,0,flight,37.5,25,,1,1,181.4,0.0000,ok
S3_PAIR_occ25_f000828.jpg,S3_PAIR_occ25,S3_court2_occ25_20260815_094851,S3_PAIR_occ25,828,47.285,257,240,120,-1,-3,65,,,0,flight,37.5,25,,1,1,193.7,0.0000,ok
S3_PAIR_occ25_f000834.jpg,S3_PAIR_occ25,S3_court2_occ25_20260815_094851,S3_PAIR_occ25,834,47.602,283,250,120,-1,-3,65,,,0,flight,37.5,25,,0,1,206.4,0.0000,ok
S3_PAIR_occ25_f000840.jpg,S3_PAIR_occ25,S3_court2_occ25_20260815_094851,S3_PAIR_occ25,840,47.910,285,250,120,-1,-3,65,,,0,flight,37.5,25,,0,1,206.8,0.0000,ok
S3_PAIR_occ25_f000846.jpg,S3_PAIR_occ25,S3_court2_occ25_20260815_094851,S3_PAIR_occ25,846,48.239,286,260,120,-1,-2,65,,,0,flight,37.5,25,,0,1,196.9,0.0000,ok
S3_PAIR_occ25_f000852.jpg,S3_PAIR_occ25,S3_court2_occ25_20260815_094851,S3_PAIR_occ25,852,48.527,275,260,120,0,2,65,,,0,flight,37.5,25,,0,1,217.7,0.0000,ok
S3_PAIR_occ25_f000858.jpg,S3_PAIR_occ25,S3_court2_occ25_20260815_094851,S3_PAIR_occ25,858,48.837,264,260,121,-1,1,65,,,0,flight,37.5,25,,0,1,174.5,0.0000,ok
S3_PAIR_occ25_f000864.jpg,S3_PAIR_occ25,S3_court2_occ25_20260815_094851,S3_PAIR_occ25,864,49.230,249,240,132,-1,0,65,,,0,flight,37.5,25,,0,1,111.2,0.0000,ok
S3_PAIR_occ25_f000870.jpg,S3_PAIR_occ25,S3_court2_occ25_20260815_094851,S3_PAIR_occ25,870,49.567,245,240,140,-1,0,65,,,0,flight,37.5,25,,0,1,70.8,0.0000,ok
S3_PAIR_occ25_f000876.jpg,S3_PAIR_occ25,S3_court2_occ25_20260815_094851,S3_PAIR_occ25,876,49.766,244,230,145,-1,0,65,,,0,flight,37.5,25,,1,1,50.4,0.0000,ok
S3_PAIR_occ25_f000882.jpg,S3_PAIR_occ25,S3_court2_occ25_20260815_094851,S3_PAIR_occ25,882,50.051,244,230,151,-1,0,65,,,0,flight,37.5,25,,1,1,44.8,0.0000,ok
S3_PAIR_occ25_f000888.jpg,S3_PAIR_occ25,S3_court2_occ25_20260815_094851,S3_PAIR_occ25,888,50.365,243,230,161,0,0,64,,,0,flight,37.5,25,,0,1,47.9,0.0000,ok
S3_PAIR_occ25_f000894.jpg,S3_PAIR_occ25,S3_court2_occ25_20260815_094851,S3_PAIR_occ25,894,50.674,250,240,163,0,-1,64,,,0,flight,37.5,25,,1,1,59.3,0.0000,ok
S3_PAIR_occ25_f000900.jpg,S3_PAIR_occ25,S3_court2_occ25_20260815_094851,S3_PAIR_occ25,900,50.998,260,240,163,0,-6,64,,,0,flight,37.5,25,,1,1,64.7,0.0000,ok
S3_PAIR_occ25_f000906.jpg,S3_PAIR_occ25,S3_court2_occ25_20260815_094851,S3_PAIR_occ25,906,51.285,264,250,164,0,-6,64,,,0,flight,37.5,25,,1,1,79.6,0.0000,ok
S3_PAIR_occ25_f000912.jpg,S3_PAIR_occ25,S3_court2_occ25_20260815_094851,S3_PAIR_occ25,912,51.585,264,250,164,0,-6,64,,,0,flight,37.5,25,,1,1,76.0,0.0000,ok
S3_PAIR_occ25_f000918.jpg,S3_PAIR_occ25,S3_court2_occ25_20260815_094851,S3_PAIR_occ25,918,51.894,283,250,163,0,-4,64,,,0,flight,37.5,25,,1,1,69.6,0.0000,ok
S3_PAIR_occ25_f000924.jpg,S3_PAIR_occ25,S3_court2_occ25_20260815_094851,S3_PAIR_occ25,924,52.202,264,260,163,0,-4,64,,,0,flight,37.5,25,,1,1,67.1,0.0000,ok
S3_PAIR_occ25_f000930.jpg,S3_PAIR_occ25,S3_court2_occ25_20260815_094851,S3_PAIR_occ25,930,52.515,268,250,163,0,-3,64,,,0,flight,37.5,25,,1,1,72.0,0.0000,ok
S3_PAIR_occ25_f000936.jpg,S3_PAIR_occ25,S3_court2_occ25_20260815_094851,S3_PAIR_occ25,936,52.817,267,250,163,0,-3,64,,,0,flight,37.5,25,,1,1,70.2,0.0000,ok
S3_PAIR_occ25_f000942.jpg,S3_PAIR_occ25,S3_court2_occ25_20260815_094851,S3_PAIR_occ25,942,53.232,264,250,163,0,-2,64,,,0,flight,37.5,25,,0,1,78.1,0.0000,ok
S3_PAIR_occ25_f000948.jpg,S3_PAIR_occ25,S3_court2_occ25_20260815_094851,S3_PAIR_occ25,948,53.535,257,250,163,0,-2,64,,,0,flight,37.5,25,,1,1,86.8,0.0000,ok
S3_PAIR_occ25_f000954.jpg,S3_PAIR_occ25,S3_court2_occ25_20260815_094851,S3_PAIR_occ25,954,53.750,258,250,163,0,-3,64,,,0,flight,37.5,25,,1,1,79.6,0.0000,ok
S3_PAIR_occ25_f000960.jpg,S3_PAIR_occ25,S3_court2_occ25_20260815_094851,S3_PAIR_occ25,960,54.049,252,240,163,0,-3,64,,,0,flight,37.5,25,,1,1,88.7,0.0000,ok
S3_PAIR_occ25_f000966.jpg,S3_PAIR_occ25,S3_court2_occ25_20260815_094851,S3_PAIR_occ25,966,54.355,246,240,163,0,-3,63,,,0,flight,37.5,25,,1,1,98.8,0.0000,ok
S3_PAIR_occ25_f000972.jpg,S3_PAIR_occ25,S3_court2_occ25_20260815_094851,S3_PAIR_occ25,972,54.661,250,240,163,0,-3,63,,,0,flight,37.5,25,,1,1,83.9,0.0000,ok
S3_PAIR_occ25_f000978.jpg,S3_PAIR_occ25,S3_court2_occ25_20260815_094851,S3_PAIR_occ25,978,54.983,259,240,163,0,-3,63,,,0,flight,37.5,25,,1,1,95.7,0.0000,ok
S3_PAIR_occ25_f000984.jpg,S3_PAIR_occ25,S3_court2_occ25_20260815_094851,S3_PAIR_occ25,984,55.199,262,240,163,0,-3,63,,,0,flight,37.5,25,,1,1,100.5,0.0000,ok
S3_PAIR_occ25_f000990.jpg,S3_PAIR_occ25,S3_court2_occ25_20260815_094851,S3_PAIR_occ25,990,55.501,267,250,163,0,-3,63,,,0,flight,37.5,25,,1,1,106.8,0.0000,ok
S3_PAIR_occ25_f000996.jpg,S3_PAIR_occ25,S3_court2_occ25_20260815_094851,S3_PAIR_occ25,996,55.798,252,250,163,0,0,63,,,0,flight,37.5,25,,1,1,86.4,0.0000,ok
S3_PAIR_occ25_f001002.jpg,S3_PAIR_occ25,S3_court2_occ25_20260815_094851,S3_PAIR_occ25,1002,56.116,244,240,163,0,1,63,,,0,flight,37.5,25,,1,1,91.7,0.0000,ok
S3_PAIR_occ25_f001008.jpg,S3_PAIR_occ25,S3_court2_occ25_20260815_094851,S3_PAIR_occ25,1008,56.419,258,240,163,-3,1,63,,,0,flight,37.5,25,,1,1,69.9,0.0000,ok
S3_PAIR_occ25_f001014.jpg,S3_PAIR_occ25,S3_court2_occ25_20260815_094851,S3_PAIR_occ25,1014,56.716,263,240,164,-5,0,63,,,0,flight,37.5,25,,1,1,102.9,0.0000,ok
S3_PAIR_occ25_f001020.jpg,S3_PAIR_occ25,S3_court2_occ25_20260815_094851,S3_PAIR_occ25,1020,56.947,260,240,163,-5,0,63,,,0,flight,37.5,25,,1,1,115.0,0.0000,ok
S3_PAIR_occ25_f001026.jpg,S3_PAIR_occ25,S3_court2_occ25_20260815_094851,S3_PAIR_occ25,1026,57.325,276,250,163,-3,0,63,,,0,flight,37.5,25,,1,1,66.3,0.0000,ok
S3_PAIR_occ25_f001032.jpg,S3_PAIR_occ25,S3_court2_occ25_20260815_094851,S3_PAIR_occ25,1032,57.548,273,250,163,1,0,63,,,0,flight,37.5,25,,1,1,76.1,0.0000,ok
S3_PAIR_occ25_f001038.jpg,S3_PAIR_occ25,S3_court2_occ25_20260815_094851,S3_PAIR_occ25,1038,57.846,276,250,163,8,-1,63,,,0,flight,37.5,25,,1,1,116.1,0.0000,ok
S3_PAIR_occ25_f001044.jpg,S3_PAIR_occ25,S3_court2_occ25_20260815_094851,S3_PAIR_occ25,1044,58.149,276,250,164,8,-1,62,,,0,flight,37.5,25,,1,1,114.1,0.0000,ok
S3_PAIR_occ25_f001050.jpg,S3_PAIR_occ25,S3_court2_occ25_20260815_094851,S3_PAIR_occ25,1050,58.369,269,250,164,5,0,62,,,0,flight,37.5,25,,1,1,97.7,0.0000,ok
S3_PAIR_occ25_f001056.jpg,S3_PAIR_occ25,S3_court2_occ25_20260815_094851,S3_PAIR_occ25,1056,58.657,258,250,164,0,-1,62,,,0,flight,37.5,25,,1,1,72.9,0.0000,ok
S3_PAIR_occ25_f001062.jpg,S3_PAIR_occ25,S3_court2_occ25_20260815_094851,S3_PAIR_occ25,1062,59.134,258,250,164,-1,0,62,,,0,flight,37.5,25,,1,1,120.8,0.0000,ok
S3_PAIR_occ25_f001068.jpg,S3_PAIR_occ25,S3_court2_occ25_20260815_094851,S3_PAIR_occ25,1068,59.538,258,250,164,-1,0,62,,,0,flight,37.5,25,,1,1,150.0,0.0000,ok
S3_PAIR_occ25_f001074.jpg,S3_PAIR_occ25,S3_court2_occ25_20260815_094851,S3_PAIR_occ25,1074,59.932,258,250,164,-1,0,62,,,0,flight,37.5,25,,1,1,285.7,0.0000,ok
S3_PAIR_occ25_f001080.jpg,S3_PAIR_occ25,S3_court2_occ25_20260815_094851,S3_PAIR_occ25,1080,60.262,287,260,164,0,0,62,,,0,flight,37.5,25,,0,1,174.4,0.0001,ok
S3_PAIR_occ25_f001086.jpg,S3_PAIR_occ25,S3_court2_occ25_20260815_094851,S3_PAIR_occ25,1086,60.478,287,260,164,0,0,62,,,0,flight,37.5,25,,1,1,162.8,0.0001,ok
S3_PAIR_occ25_f001092.jpg,S3_PAIR_occ25,S3_court2_occ25_20260815_094851,S3_PAIR_occ25,1092,60.933,314,290,163,0,-1,62,,,0,flight,37.5,25,,1,1,100.9,0.0000,ok
S3_PAIR_occ25_f001098.jpg,S3_PAIR_occ25,S3_court2_occ25_20260815_094851,S3_PAIR_occ25,1098,61.198,336,310,163,0,0,62,,,0,flight,37.5,25,,1,1,116.2,0.0000,ok
S3_PAIR_occ25_f001104.jpg,S3_PAIR_occ25,S3_court2_occ25_20260815_094851,S3_PAIR_occ25,1104,61.412,328,310,163,0,0,62,,,0,flight,37.5,25,,1,1,109.7,0.0000,ok
S3_PAIR_occ25_f001110.jpg,S3_PAIR_occ25,S3_court2_occ25_20260815_094851,S3_PAIR_occ25,1110,61.773,348,330,163,0,0,62,,,0,flight,37.5,25,,1,1,117.8,0.0000,ok
S3_PAIR_occ25_f001116.jpg,S3_PAIR_occ25,S3_court2_occ25_20260815_094851,S3_PAIR_occ25,1116,62.015,330,330,163,0,0,62,,,0,flight,37.5,25,,1,1,128.1,0.0000,ok
S3_PAIR_occ25_f001122.jpg,S3_PAIR_occ25,S3_court2_occ25_20260815_094851,S3_PAIR_occ25,1122,62.371,348,330,163,0,0,62,,,0,flight,37.5,25,,1,1,130.2,0.0000,ok
S3_PAIR_occ25_f001128.jpg,S3_PAIR_occ25,S3_court2_occ25_20260815_094851,S3_PAIR_occ25,1128,62.572,329,330,163,0,0,62,,,0,flight,37.5,25,,1,1,77.5,0.0000,ok
S3_PAIR_occ25_f001134.jpg,S3_PAIR_occ25,S3_court2_occ25_20260815_094851,S3_PAIR_occ25,1134,62.867,324,320,163,6,0,62,,,0,flight,37.5,25,,1,1,92.3,0.0000,ok
S3_PAIR_occ25_f001140.jpg,S3_PAIR_occ25,S3_court2_occ25_20260815_094851,S3_PAIR_occ25,1140,63.262,318,310,163,4,-1,61,,,0,flight,37.5,25,,1,1,94.5,0.0000,ok
S3_PAIR_occ25_f001146.jpg,S3_PAIR_occ25,S3_court2_occ25_20260815_094851,S3_PAIR_occ25,1146,63.491,326,310,163,3,-1,61,,,0,flight,37.5,25,,1,1,94.9,0.0000,ok
S3_PAIR_occ25_f001152.jpg,S3_PAIR_occ25,S3_court2_occ25_20260815_094851,S3_PAIR_occ25,1152,63.779,329,310,163,3,0,61,,,0,flight,37.5,25,,1,1,101.1,0.0000,ok
S3_PAIR_occ25_f001158.jpg,S3_PAIR_occ25,S3_court2_occ25_20260815_094851,S3_PAIR_occ25,1158,64.087,330,320,163,2,-1,61,,,0,flight,37.5,25,,0,1,100.1,0.0000,ok
S3_PAIR_occ25_f001164.jpg,S3_PAIR_occ25,S3_court2_occ25_20260815_094851,S3_PAIR_occ25,1164,64.293,336,320,163,2,-1,61,,,0,flight,37.5,25,,1,1,104.7,0.0000,ok
S3_PAIR_occ25_f001170.jpg,S3_PAIR_occ25,S3_court2_occ25_20260815_094851,S3_PAIR_occ25,1170,64.605,341,320,163,2,0,61,,,0,flight,37.5,25,,1,1,113.4,0.0000,ok
S3_PAIR_occ25_f001176.jpg,S3_PAIR_occ25,S3_court2_occ25_20260815_094851,S3_PAIR_occ25,1176,64.928,349,330,163,2,0,61,,,0,flight,37.5,25,,1,1,100.5,0.0000,ok
S3_PAIR_occ25_f001182.jpg,S3_PAIR_occ25,S3_court2_occ25_20260815_094851,S3_PAIR_occ25,1182,65.229,346,330,163,3,0,61,,,0,flight,37.5,25,,1,1,94.6,0.0000,ok
S3_PAIR_occ25_f001188.jpg,S3_PAIR_occ25,S3_court2_occ25_20260815_094851,S3_PAIR_occ25,1188,65.534,345,330,163,2,0,61,,,0,flight,37.5,25,,1,1,96.9,0.0000,ok
S3_PAIR_occ25_f001194.jpg,S3_PAIR_occ25,S3_court2_occ25_20260815_094851,S3_PAIR_occ25,1194,65.830,342,330,163,2,0,61,,,0,flight,37.5,25,,1,1,96.1,0.0000,ok
S3_PAIR_occ25_f001200.jpg,S3_PAIR_occ25,S3_court2_occ25_20260815_094851,S3_PAIR_occ25,1200,66.140,339,330,163,2,0,61,,,0,flight,37.5,25,,1,1,79.5,0.0000,ok
S3_PAIR_occ25_f001206.jpg,S3_PAIR_occ25,S3_court2_occ25_20260815_094851,S3_PAIR_occ25,1206,66.462,340,330,163,-1,0,61,,,0,flight,37.5,25,,1,1,96.2,0.0000,ok
S3_PAIR_occ25_f001212.jpg,S3_PAIR_occ25,S3_court2_occ25_20260815_094851,S3_PAIR_occ25,1212,66.766,347,330,163,-1,0,61,,,0,flight,37.5,25,,1,1,108.2,0.0000,ok
S3_PAIR_occ25_f001218.jpg,S3_PAIR_occ25,S3_court2_occ25_20260815_094851,S3_PAIR_occ25,1218,67.079,351,330,163,-1,0,61,,,0,flight,37.5,25,,1,1,115.2,0.0000,ok
S3_PAIR_occ25_f001224.jpg,S3_PAIR_occ25,S3_court2_occ25_20260815_094851,S3_PAIR_occ25,1224,67.466,354,330,163,-3,0,60,,,0,flight,37.5,25,,1,1,70.0,0.0000,ok
S3_PAIR_occ25_f001230.jpg,S3_PAIR_occ25,S3_court2_occ25_20260815_094851,S3_PAIR_occ25,1230,67.780,357,330,163,-5,0,60,,,0,flight,37.5,25,,1,1,83.5,0.0000,ok
S3_PAIR_occ25_f001236.jpg,S3_PAIR_occ25,S3_court2_occ25_20260815_094851,S3_PAIR_occ25,1236,68.094,358,330,163,-3,0,60,,,0,flight,37.5,25,,1,1,93.7,0.0000,ok
S3_PAIR_occ25_f001242.jpg,S3_PAIR_occ25,S3_court2_occ25_20260815_094851,S3_PAIR_occ25,1242,68.390,341,330,163,-2,0,60,,,0,flight,37.5,25,,1,1,101.2,0.0000,ok
S3_PAIR_occ25_f001248.jpg,S3_PAIR_occ25,S3_court2_occ25_20260815_094851,S3_PAIR_occ25,1248,68.703,338,330,164,-1,0,60,,,0,flight,37.5,25,,1,1,95.3,0.0000,ok
S3_PAIR_occ25_f001254.jpg,S3_PAIR_occ25,S3_court2_occ25_20260815_094851,S3_PAIR_occ25,1254,69.128,338,320,164,-2,0,60,,,0,flight,37.5,25,,1,1,93.7,0.0000,ok
S3_PAIR_occ25_f001260.jpg,S3_PAIR_occ25,S3_court2_occ25_20260815_094851,S3_PAIR_occ25,1260,69.434,347,330,164,-1,0,60,,,0,flight,37.5,25,,1,1,97.2,0.0000,ok
S3_PAIR_occ25_f001266.jpg,S3_PAIR_occ25,S3_court2_occ25_20260815_094851,S3_PAIR_occ25,1266,69.820,349,330,164,-1,0,60,,,0,flight,37.5,25,,1,1,79.2,0.0000,ok
S3_PAIR_occ25_f001272.jpg,S3_PAIR_occ25,S3_court2_occ25_20260815_094851,S3_PAIR_occ25,1272,70.145,351,330,164,2,-1,60,,,0,flight,37.5,25,,1,1,79.8,0.0000,ok
S3_PAIR_occ25_f001278.jpg,S3_PAIR_occ25,S3_court2_occ25_20260815_094851,S3_PAIR_occ25,1278,70.456,354,330,163,3,-6,60,,,0,flight,37.5,25,,1,1,96.8,0.0000,ok
S3_PAIR_occ25_f001284.jpg,S3_PAIR_occ25,S3_court2_occ25_20260815_094851,S3_PAIR_occ25,1284,70.673,356,330,163,3,-5,60,,,0,flight,37.5,25,,1,1,78.9,0.0000,ok
S3_PAIR_occ25_f001290.jpg,S3_PAIR_occ25,S3_court2_occ25_20260815_094851,S3_PAIR_occ25,1290,70.972,330,330,164,-2,1,60,,,0,flight,37.5,25,,1,1,59.6,0.0000,ok
S3_PAIR_occ25_f001296.jpg,S3_PAIR_occ25,S3_court2_occ25_20260815_094851,S3_PAIR_occ25,1296,71.263,327,320,163,-5,1,60,,,0,flight,37.5,25,,1,1,78.7,0.0000,ok
S3_PAIR_occ25_f001302.jpg,S3_PAIR_occ25,S3_court2_occ25_20260815_094851,S3_PAIR_occ25,1302,71.558,343,320,163,-4,0,60,,,0,flight,37.5,25,,1,1,93.4,0.0000,ok
S3_PAIR_occ25_f001308.jpg,S3_PAIR_occ25,S3_court2_occ25_20260815_094851,S3_PAIR_occ25,1308,71.868,346,320,163,-2,0,60,,,0,flight,37.5,25,,1,1,88.2,0.0000,ok
S3_PAIR_occ25_f001314.jpg,S3_PAIR_occ25,S3_court2_occ25_20260815_094851,S3_PAIR_occ25,1314,72.171,340,330,163,2,0,60,,,0,flight,37.5,25,,1,1,61.9,0.0000,ok
S3_PAIR_occ25_f001320.jpg,S3_PAIR_occ25,S3_court2_occ25_20260815_094851,S3_PAIR_occ25,1320,78.936,10,0,164,0,0,59,,,0,flight,37.5,25,,1,1,59.4,0.0000,ok
S3_PAIR_occ25_f001326.jpg,S3_PAIR_occ25,S3_court2_occ25_20260815_094851,S3_PAIR_occ25,1326,79.153,10,0,164,0,0,59,,,0,flight,37.5,25,,1,1,65.9,0.0000,ok
S3_PAIR_occ25_f001332.jpg,S3_PAIR_occ25,S3_court2_occ25_20260815_094851,S3_PAIR_occ25,1332,79.452,10,0,164,0,0,59,,,0,flight,37.5,25,,1,1,62.0,0.0000,ok
S3_PAIR_occ25_f001338.jpg,S3_PAIR_occ25,S3_court2_occ25_20260815_094851,S3_PAIR_occ25,1338,79.755,10,0,164,0,0,59,,,0,flight,37.5,25,,1,1,65.6,0.0000,ok
S3_PAIR_occ25_f001344.jpg,S3_PAIR_occ25,S3_court2_occ25_20260815_094851,S3_PAIR_occ25,1344,80.062,10,0,164,0,0,59,,,0,flight,37.5,25,,1,1,69.0,0.0000,ok
S3_PAIR_occ25_f001350.jpg,S3_PAIR_occ25,S3_court2_occ25_20260815_094851,S3_PAIR_occ25,1350,80.381,10,0,164,0,0,59,,,0,flight,37.5,25,,1,1,71.3,0.0000,ok
S3_PAIR_occ25_f001356.jpg,S3_PAIR_occ25,S3_court2_occ25_20260815_094851,S3_PAIR_occ25,1356,80.589,10,0,164,0,0,59,,,0,flight,37.5,25,,1,1,67.0,0.0000,ok
S3_multitarget_a_f000000.jpg,S3_multitarget_a,S3_court2_multitarget_20260815_095353,S3_multitarget_a,0,0.227,10,0,0,0,0,56,,,0,flight,,,,1,1,63.4,0.0000,ok
S3_multitarget_a_f000005.jpg,S3_multitarget_a,S3_court2_multitarget_20260815_095353,S3_multitarget_a,5,0.399,10,0,0,0,0,56,,,0,flight,,,,1,1,63.7,0.0000,ok
S3_multitarget_a_f000010.jpg,S3_multitarget_a,S3_court2_multitarget_20260815_095353,S3_multitarget_a,10,0.611,10,0,0,0,0,56,,,0,flight,,,,1,1,64.1,0.0000,ok
S3_multitarget_a_f000015.jpg,S3_multitarget_a,S3_court2_multitarget_20260815_095353,S3_multitarget_a,15,0.812,10,0,0,0,0,56,,,0,flight,,,,1,1,64.7,0.0000,ok
S3_multitarget_a_f000020.jpg,S3_multitarget_a,S3_court2_multitarget_20260815_095353,S3_multitarget_a,20,1.189,10,0,0,0,0,56,,,0,flight,,,,1,1,62.9,0.0000,ok
S3_multitarget_a_f000025.jpg,S3_multitarget_a,S3_court2_multitarget_20260815_095353,S3_multitarget_a,25,1.422,10,0,0,0,0,56,,,0,flight,,,,1,1,63.9,0.0000,ok
S3_multitarget_a_f000030.jpg,S3_multitarget_a,S3_court2_multitarget_20260815_095353,S3_multitarget_a,30,1.658,10,0,0,0,0,56,,,0,flight,,,,1,1,63.7,0.0000,ok
S3_multitarget_a_f000035.jpg,S3_multitarget_a,S3_court2_multitarget_20260815_095353,S3_multitarget_a,35,1.878,10,0,0,0,0,56,,,0,flight,,,,1,1,63.8,0.0000,ok
S3_multitarget_a_f000040.jpg,S3_multitarget_a,S3_court2_multitarget_20260815_095353,S3_multitarget_a,40,2.199,10,0,0,0,0,56,,,0,flight,,,,1,1,63.2,0.0000,ok
S3_multitarget_a_f000045.jpg,S3_multitarget_a,S3_court2_multitarget_20260815_095353,S3_multitarget_a,45,2.403,10,0,0,0,0,56,,,0,flight,,,,1,1,63.8,0.0000,ok
S3_multitarget_a_f000050.jpg,S3_multitarget_a,S3_court2_multitarget_20260815_095353,S3_multitarget_a,50,2.651,10,0,0,0,0,56,,,0,flight,,,,1,1,64.3,0.0000,ok
S3_multitarget_a_f000055.jpg,S3_multitarget_a,S3_court2_multitarget_20260815_095353,S3_multitarget_a,55,2.958,10,0,0,0,0,56,,,0,flight,,,,1,1,61.6,0.0000,ok
S3_multitarget_a_f000060.jpg,S3_multitarget_a,S3_court2_multitarget_20260815_095353,S3_multitarget_a,60,3.656,10,0,0,0,0,56,,,0,flight,,,,1,1,64.0,0.0000,ok
S3_multitarget_a_f000065.jpg,S3_multitarget_a,S3_court2_multitarget_20260815_095353,S3_multitarget_a,65,3.771,10,0,0,0,0,56,,,0,flight,,,,1,1,64.4,0.0000,ok
S3_multitarget_a_f000070.jpg,S3_multitarget_a,S3_court2_multitarget_20260815_095353,S3_multitarget_a,70,4.106,10,0,0,0,0,56,,,0,flight,,,,1,1,62.8,0.0000,ok
S3_multitarget_a_f000075.jpg,S3_multitarget_a,S3_court2_multitarget_20260815_095353,S3_multitarget_a,75,4.375,10,0,0,0,0,56,,,0,flight,,,,1,1,63.8,0.0000,ok
S3_multitarget_a_f000080.jpg,S3_multitarget_a,S3_court2_multitarget_20260815_095353,S3_multitarget_a,80,4.585,10,0,0,0,0,56,,,0,flight,,,,1,1,64.3,0.0000,ok
S3_multitarget_a_f000085.jpg,S3_multitarget_a,S3_court2_multitarget_20260815_095353,S3_multitarget_a,85,4.741,10,0,0,0,0,56,,,0,flight,,,,1,1,64.4,0.0000,ok
S3_multitarget_a_f000090.jpg,S3_multitarget_a,S3_court2_multitarget_20260815_095353,S3_multitarget_a,90,5.215,10,0,0,0,0,55,,,0,flight,,,,1,1,61.8,0.0000,ok
S3_multitarget_a_f000095.jpg,S3_multitarget_a,S3_court2_multitarget_20260815_095353,S3_multitarget_a,95,5.422,10,0,0,0,0,55,,,0,flight,,,,1,1,63.1,0.0000,ok
S3_multitarget_a_f000100.jpg,S3_multitarget_a,S3_court2_multitarget_20260815_095353,S3_multitarget_a,100,5.621,10,0,0,0,0,55,,,0,flight,,,,1,1,63.8,0.0000,ok
S3_multitarget_a_f000105.jpg,S3_multitarget_a,S3_court2_multitarget_20260815_095353,S3_multitarget_a,105,5.838,10,0,0,0,0,55,,,0,flight,,,,1,1,63.9,0.0000,ok
S3_multitarget_a_f000110.jpg,S3_multitarget_a,S3_court2_multitarget_20260815_095353,S3_multitarget_a,110,6.048,10,0,0,0,0,55,,,0,flight,,,,1,1,64.5,0.0000,ok
S3_multitarget_a_f000115.jpg,S3_multitarget_a,S3_court2_multitarget_20260815_095353,S3_multitarget_a,115,6.257,10,0,0,0,0,55,,,0,flight,,,,1,1,62.6,0.0000,ok
S3_multitarget_a_f000120.jpg,S3_multitarget_a,S3_court2_multitarget_20260815_095353,S3_multitarget_a,120,6.471,10,0,0,0,0,55,,,0,flight,,,,1,1,63.5,0.0000,ok
S3_multitarget_a_f000125.jpg,S3_multitarget_a,S3_court2_multitarget_20260815_095353,S3_multitarget_a,125,6.695,10,0,0,0,0,55,,,0,flight,,,,1,1,63.9,0.0000,ok
S3_multitarget_a_f000130.jpg,S3_multitarget_a,S3_court2_multitarget_20260815_095353,S3_multitarget_a,130,7.012,10,0,0,0,0,55,,,0,flight,,,,1,1,64.2,0.0000,ok
S3_multitarget_a_f000135.jpg,S3_multitarget_a,S3_court2_multitarget_20260815_095353,S3_multitarget_a,135,7.219,10,0,0,0,0,55,,,0,flight,,,,1,1,62.5,0.0000,ok
S3_multitarget_a_f000140.jpg,S3_multitarget_a,S3_court2_multitarget_20260815_095353,S3_multitarget_a,140,7.447,10,0,0,0,0,55,,,0,flight,,,,1,1,63.6,0.0000,ok
S3_multitarget_a_f000145.jpg,S3_multitarget_a,S3_court2_multitarget_20260815_095353,S3_multitarget_a,145,7.597,10,0,0,0,0,55,,,0,flight,,,,1,1,63.9,0.0000,ok
S3_multitarget_a_f000150.jpg,S3_multitarget_a,S3_court2_multitarget_20260815_095353,S3_multitarget_a,150,7.777,10,0,0,0,0,55,,,0,flight,,,,1,1,63.9,0.0000,ok
S3_multitarget_a_f000155.jpg,S3_multitarget_a,S3_court2_multitarget_20260815_095353,S3_multitarget_a,155,8.086,10,0,0,0,0,55,,,0,flight,,,,1,1,61.8,0.0000,ok
S3_multitarget_a_f000160.jpg,S3_multitarget_a,S3_court2_multitarget_20260815_095353,S3_multitarget_a,160,8.271,10,0,0,0,0,55,,,0,flight,,,,1,1,63.2,0.0000,ok
S3_multitarget_a_f000165.jpg,S3_multitarget_a,S3_court2_multitarget_20260815_095353,S3_multitarget_a,165,8.592,10,0,0,0,0,55,,,0,flight,,,,1,1,63.8,0.0000,ok
S3_multitarget_a_f000170.jpg,S3_multitarget_a,S3_court2_multitarget_20260815_095353,S3_multitarget_a,170,8.795,10,0,0,0,0,55,,,0,flight,,,,1,1,64.1,0.0000,ok
S3_multitarget_a_f000175.jpg,S3_multitarget_a,S3_court2_multitarget_20260815_095353,S3_multitarget_a,175,8.993,10,0,0,0,0,55,,,0,flight,,,,1,1,61.0,0.0000,ok
S3_multitarget_a_f000180.jpg,S3_multitarget_a,S3_court2_multitarget_20260815_095353,S3_multitarget_a,180,9.219,10,0,0,0,0,55,,,0,flight,,,,1,1,63.7,0.0000,ok
S3_multitarget_a_f000185.jpg,S3_multitarget_a,S3_court2_multitarget_20260815_095353,S3_multitarget_a,185,9.501,10,0,0,0,0,55,,,0,flight,,,,1,1,64.1,0.0000,ok
S3_multitarget_a_f000190.jpg,S3_multitarget_a,S3_court2_multitarget_20260815_095353,S3_multitarget_a,190,9.739,10,0,0,0,0,55,,,0,flight,,,,1,1,64.5,0.0000,ok
S3_multitarget_a_f000195.jpg,S3_multitarget_a,S3_court2_multitarget_20260815_095353,S3_multitarget_a,195,10.029,10,0,0,0,0,55,,,0,flight,,,,1,1,61.9,0.0000,ok
S3_multitarget_a_f000200.jpg,S3_multitarget_a,S3_court2_multitarget_20260815_095353,S3_multitarget_a,200,10.342,10,0,0,0,0,55,,,0,flight,,,,1,1,63.4,0.0000,ok
S3_multitarget_a_f000205.jpg,S3_multitarget_a,S3_court2_multitarget_20260815_095353,S3_multitarget_a,205,10.569,10,0,0,0,0,55,,,0,flight,,,,1,1,64.2,0.0000,ok
S3_multitarget_a_f000210.jpg,S3_multitarget_a,S3_court2_multitarget_20260815_095353,S3_multitarget_a,210,10.806,10,0,0,0,0,55,,,0,flight,,,,1,1,63.9,0.0000,ok
S3_multitarget_a_f000215.jpg,S3_multitarget_a,S3_court2_multitarget_20260815_095353,S3_multitarget_a,215,11.014,10,0,0,0,0,55,,,0,flight,,,,1,1,64.2,0.0000,ok
S3_multitarget_a_f000220.jpg,S3_multitarget_a,S3_court2_multitarget_20260815_095353,S3_multitarget_a,220,11.200,10,0,0,0,0,55,,,0,flight,,,,1,1,62.1,0.0000,ok
S3_multitarget_a_f000225.jpg,S3_multitarget_a,S3_court2_multitarget_20260815_095353,S3_multitarget_a,225,11.423,10,0,0,0,0,55,,,0,flight,,,,1,1,62.9,0.0000,ok
S3_multitarget_a_f000230.jpg,S3_multitarget_a,S3_court2_multitarget_20260815_095353,S3_multitarget_a,230,11.640,10,0,0,0,0,55,,,0,flight,,,,1,1,63.8,0.0000,ok
S3_multitarget_a_f000235.jpg,S3_multitarget_a,S3_court2_multitarget_20260815_095353,S3_multitarget_a,235,11.867,10,0,0,0,0,55,,,0,flight,,,,1,1,63.9,0.0000,ok
S3_multitarget_a_f000240.jpg,S3_multitarget_a,S3_court2_multitarget_20260815_095353,S3_multitarget_a,240,12.150,10,0,0,0,0,55,,,0,flight,,,,1,1,61.0,0.0000,ok
S3_multitarget_a_f000245.jpg,S3_multitarget_a,S3_court2_multitarget_20260815_095353,S3_multitarget_a,245,12.373,10,0,0,0,0,55,,,0,flight,,,,0,1,62.3,0.0000,ok
S3_multitarget_a_f000250.jpg,S3_multitarget_a,S3_court2_multitarget_20260815_095353,S3_multitarget_a,250,12.642,10,0,0,0,0,55,,,0,flight,,,,0,1,59.9,0.0000,ok
S3_multitarget_a_f000255.jpg,S3_multitarget_a,S3_court2_multitarget_20260815_095353,S3_multitarget_a,255,12.865,10,0,0,0,0,55,,,0,flight,,,,1,1,62.1,0.0000,ok
S3_multitarget_a_f000260.jpg,S3_multitarget_a,S3_court2_multitarget_20260815_095353,S3_multitarget_a,260,13.072,10,0,0,0,0,55,,,0,flight,,,,1,1,62.4,0.0000,ok
S3_multitarget_a_f000265.jpg,S3_multitarget_a,S3_court2_multitarget_20260815_095353,S3_multitarget_a,265,13.273,10,0,0,0,0,55,,,0,flight,,,,0,1,63.4,0.0000,ok
S3_multitarget_a_f000270.jpg,S3_multitarget_a,S3_court2_multitarget_20260815_095353,S3_multitarget_a,270,13.474,10,0,0,0,0,55,,,0,flight,,,,0,1,65.5,0.0000,ok
S3_multitarget_a_f000275.jpg,S3_multitarget_a,S3_court2_multitarget_20260815_095353,S3_multitarget_a,275,13.675,10,0,0,0,0,55,,,0,flight,,,,0,1,67.7,0.0000,ok
S3_multitarget_a_f000280.jpg,S3_multitarget_a,S3_court2_multitarget_20260815_095353,S3_multitarget_a,280,15.129,10,0,0,0,0,54,,,0,flight,,,,0,1,65.3,0.0000,ok
S3_multitarget_a_f000285.jpg,S3_multitarget_a,S3_court2_multitarget_20260815_095353,S3_multitarget_a,285,15.332,10,0,0,0,0,54,,,0,flight,,,,0,1,66.4,0.0000,ok
S3_multitarget_a_f000290.jpg,S3_multitarget_a,S3_court2_multitarget_20260815_095353,S3_multitarget_a,290,15.576,10,0,0,0,0,54,,,0,flight,,,,0,1,67.2,0.0000,ok
S3_multitarget_a_f000295.jpg,S3_multitarget_a,S3_court2_multitarget_20260815_095353,S3_multitarget_a,295,15.856,10,0,0,0,0,54,,,0,flight,,,,0,1,66.6,0.0000,ok
S3_multitarget_a_f000300.jpg,S3_multitarget_a,S3_court2_multitarget_20260815_095353,S3_multitarget_a,300,16.072,10,0,0,0,0,54,,,0,flight,,,,0,1,64.6,0.0000,ok
S3_multitarget_a_f000305.jpg,S3_multitarget_a,S3_court2_multitarget_20260815_095353,S3_multitarget_a,305,16.342,10,0,0,0,0,54,,,0,flight,,,,0,1,65.0,0.0000,ok
S3_multitarget_a_f000310.jpg,S3_multitarget_a,S3_court2_multitarget_20260815_095353,S3_multitarget_a,310,16.621,10,0,0,0,0,54,,,0,flight,,,,0,1,69.6,0.0000,ok
S3_multitarget_a_f000315.jpg,S3_multitarget_a,S3_court2_multitarget_20260815_095353,S3_multitarget_a,315,17.091,10,0,0,0,0,54,,,0,flight,,,,0,1,74.3,0.0000,ok
S3_multitarget_a_f000320.jpg,S3_multitarget_a,S3_court2_multitarget_20260815_095353,S3_multitarget_a,320,17.203,10,0,0,0,0,54,,,0,flight,,,,1,1,65.8,0.0000,ok
S3_multitarget_a_f000325.jpg,S3_multitarget_a,S3_court2_multitarget_20260815_095353,S3_multitarget_a,325,17.439,10,0,0,0,0,54,,,0,flight,,,,1,1,64.5,0.0000,ok
S3_multitarget_a_f000330.jpg,S3_multitarget_a,S3_court2_multitarget_20260815_095353,S3_multitarget_a,330,18.131,10,0,0,0,0,54,,,0,flight,,,,1,1,61.6,0.0000,ok
S3_multitarget_a_f000335.jpg,S3_multitarget_a,S3_court2_multitarget_20260815_095353,S3_multitarget_a,335,24.479,80,60,0,0,1,52,,,0,flight,,,,1,1,94.4,0.0000,ok
S3_multitarget_a_f000340.jpg,S3_multitarget_a,S3_court2_multitarget_20260815_095353,S3_multitarget_a,340,24.769,81,60,0,0,0,52,,,0,flight,,,,1,1,87.6,0.0000,ok
S3_multitarget_a_f000345.jpg,S3_multitarget_a,S3_court2_multitarget_20260815_095353,S3_multitarget_a,345,25.071,82,60,0,0,0,52,,,0,flight,,,,0,1,87.1,0.0000,ok
S3_multitarget_a_f000350.jpg,S3_multitarget_a,S3_court2_multitarget_20260815_095353,S3_multitarget_a,350,25.330,81,60,0,0,0,52,,,0,flight,,,,0,1,82.9,0.0000,ok
S3_multitarget_a_f000355.jpg,S3_multitarget_a,S3_court2_multitarget_20260815_095353,S3_multitarget_a,355,25.625,82,60,0,0,0,52,,,0,flight,,,,0,1,91.7,0.0000,ok
S3_multitarget_a_f000360.jpg,S3_multitarget_a,S3_court2_multitarget_20260815_095353,S3_multitarget_a,360,25.814,82,60,0,0,0,51,,,0,flight,,,,0,1,98.6,0.0000,ok
S3_multitarget_a_f000365.jpg,S3_multitarget_a,S3_court2_multitarget_20260815_095353,S3_multitarget_a,365,26.027,84,60,0,0,0,51,,,0,flight,,,,0,1,102.6,0.0000,ok
S3_multitarget_a_f000370.jpg,S3_multitarget_a,S3_court2_multitarget_20260815_095353,S3_multitarget_a,370,26.314,82,60,0,0,0,51,,,0,flight,,,,0,1,100.4,0.0000,ok
S3_multitarget_a_f000375.jpg,S3_multitarget_a,S3_court2_multitarget_20260815_095353,S3_multitarget_a,375,26.526,82,60,0,0,0,51,,,0,flight,,,,0,1,105.6,0.0000,ok
S3_multitarget_a_f000380.jpg,S3_multitarget_a,S3_court2_multitarget_20260815_095353,S3_multitarget_a,380,26.805,83,60,0,1,0,51,,,0,flight,,,,0,1,100.4,0.0000,ok
S3_multitarget_a_f000385.jpg,S3_multitarget_a,S3_court2_multitarget_20260815_095353,S3_multitarget_a,385,27.126,82,60,0,0,0,51,,,0,flight,,,,0,1,89.0,0.0000,ok
S3_multitarget_a_f000390.jpg,S3_multitarget_a,S3_court2_multitarget_20260815_095353,S3_multitarget_a,390,27.396,84,60,0,0,0,51,,,0,flight,,,,0,1,99.3,0.0000,ok
S3_multitarget_a_f000395.jpg,S3_multitarget_a,S3_court2_multitarget_20260815_095353,S3_multitarget_a,395,27.595,85,70,0,0,0,51,,,0,flight,,,,0,1,92.9,0.0000,ok
S3_multitarget_a_f000400.jpg,S3_multitarget_a,S3_court2_multitarget_20260815_095353,S3_multitarget_a,400,27.878,92,70,0,0,0,50,,,0,flight,,,,0,1,88.5,0.0000,ok
S3_multitarget_a_f000405.jpg,S3_multitarget_a,S3_court2_multitarget_20260815_095353,S3_multitarget_a,405,28.076,98,80,0,0,0,50,,,0,flight,,,,0,1,81.4,0.0000,ok
S3_multitarget_a_f000410.jpg,S3_multitarget_a,S3_court2_multitarget_20260815_095353,S3_multitarget_a,410,28.273,105,80,0,0,0,50,,,0,flight,,,,0,1,80.3,0.0000,ok
S3_multitarget_a_f000415.jpg,S3_multitarget_a,S3_court2_multitarget_20260815_095353,S3_multitarget_a,415,28.560,114,90,0,0,0,50,,,0,flight,,,,0,1,86.0,0.0000,ok
S3_multitarget_a_f000420.jpg,S3_multitarget_a,S3_court2_multitarget_20260815_095353,S3_multitarget_a,420,28.763,121,100,0,0,0,50,,,0,flight,,,,0,1,88.2,0.0000,ok
S3_multitarget_a_f000425.jpg,S3_multitarget_a,S3_court2_multitarget_20260815_095353,S3_multitarget_a,425,28.955,128,110,0,0,0,50,,,0,flight,,,,0,1,88.4,0.0000,ok
S3_multitarget_a_f000430.jpg,S3_multitarget_a,S3_court2_multitarget_20260815_095353,S3_multitarget_a,430,29.241,133,110,0,0,0,50,,,0,flight,,,,0,1,86.6,0.0000,ok
S3_multitarget_a_f000435.jpg,S3_multitarget_a,S3_court2_multitarget_20260815_095353,S3_multitarget_a,435,29.526,146,120,0,0,0,50,,,0,flight,,,,1,1,96.1,0.0000,ok
S3_multitarget_a_f000440.jpg,S3_multitarget_a,S3_court2_multitarget_20260815_095353,S3_multitarget_a,440,29.824,156,130,0,0,0,49,,,0,flight,,,,1,1,95.3,0.0000,ok
S3_multitarget_a_f000445.jpg,S3_multitarget_a,S3_court2_multitarget_20260815_095353,S3_multitarget_a,445,30.008,160,140,0,-1,0,49,,,0,flight,,,,1,1,94.3,0.0000,ok
S3_multitarget_a_f000450.jpg,S3_multitarget_a,S3_court2_multitarget_20260815_095353,S3_multitarget_a,450,30.213,167,150,0,-1,0,49,,,0,flight,,,,1,1,93.2,0.0000,ok
S3_multitarget_a_f000455.jpg,S3_multitarget_a,S3_court2_multitarget_20260815_095353,S3_multitarget_a,455,30.426,172,150,0,-1,0,49,,,0,flight,,,,1,1,97.6,0.0000,ok
S3_multitarget_a_f000460.jpg,S3_multitarget_a,S3_court2_multitarget_20260815_095353,S3_multitarget_a,460,30.706,181,160,0,-1,0,49,,,0,flight,,,,1,1,100.1,0.0000,ok
S3_multitarget_a_f000465.jpg,S3_multitarget_a,S3_court2_multitarget_20260815_095353,S3_multitarget_a,465,30.905,187,160,0,-1,0,49,,,0,flight,,,,1,1,100.4,0.0000,ok
S3_multitarget_a_f000470.jpg,S3_multitarget_a,S3_court2_multitarget_20260815_095353,S3_multitarget_a,470,31.085,196,170,0,-1,0,49,,,0,flight,,,,1,1,97.6,0.0000,ok
S3_multitarget_a_f000475.jpg,S3_multitarget_a,S3_court2_multitarget_20260815_095353,S3_multitarget_a,475,31.293,200,180,0,-1,0,49,,,0,flight,,,,0,1,99.2,0.0000,ok
S3_multitarget_a_f000480.jpg,S3_multitarget_a,S3_court2_multitarget_20260815_095353,S3_multitarget_a,480,31.482,205,180,0,-1,0,49,,,0,flight,,,,0,1,100.1,0.0000,ok
S3_multitarget_a_f000485.jpg,S3_multitarget_a,S3_court2_multitarget_20260815_095353,S3_multitarget_a,485,31.714,211,190,0,-1,-1,48,,,0,flight,,,,0,1,105.2,0.0000,ok
S3_multitarget_a_f000490.jpg,S3_multitarget_a,S3_court2_multitarget_20260815_095353,S3_multitarget_a,490,31.931,219,200,0,-1,0,48,,,0,flight,,,,0,1,100.6,0.0000,ok
S3_multitarget_a_f000495.jpg,S3_multitarget_a,S3_court2_multitarget_20260815_095353,S3_multitarget_a,495,32.114,218,200,0,-1,-1,48,,,0,flight,,,,0,1,98.1,0.0000,ok
S3_multitarget_a_f000500.jpg,S3_multitarget_a,S3_court2_multitarget_20260815_095353,S3_multitarget_a,500,32.306,224,200,0,-2,-1,48,,,0,flight,,,,0,1,96.5,0.0000,ok
S3_multitarget_a_f000505.jpg,S3_multitarget_a,S3_court2_multitarget_20260815_095353,S3_multitarget_a,505,32.454,224,210,0,-2,-1,48,,,0,flight,,,,0,1,106.5,0.0000,ok
S3_multitarget_a_f000510.jpg,S3_multitarget_a,S3_court2_multitarget_20260815_095353,S3_multitarget_a,510,32.696,234,210,0,-2,-1,48,,,0,flight,,,,0,1,117.2,0.0000,ok
S3_multitarget_a_f000515.jpg,S3_multitarget_a,S3_court2_multitarget_20260815_095353,S3_multitarget_a,515,32.992,221,210,0,-2,-1,48,,,0,flight,,,,1,1,117.2,0.0000,ok
S3_multitarget_a_f000520.jpg,S3_multitarget_a,S3_court2_multitarget_20260815_095353,S3_multitarget_a,520,33.293,219,210,0,-2,-1,48,,,0,flight,,,,0,1,110.3,0.0000,ok
S3_multitarget_a_f000525.jpg,S3_multitarget_a,S3_court2_multitarget_20260815_095353,S3_multitarget_a,525,33.509,217,210,0,-2,-1,48,,,0,flight,,,,0,1,115.2,0.0000,ok
S3_multitarget_a_f000530.jpg,S3_multitarget_a,S3_court2_multitarget_20260815_095353,S3_multitarget_a,530,33.792,218,200,0,-2,0,47,,,0,flight,,,,0,1,115.5,0.0000,ok
S3_multitarget_a_f000535.jpg,S3_multitarget_a,S3_court2_multitarget_20260815_095353,S3_multitarget_a,535,34.044,216,200,0,-2,0,47,,,1,flight,,,,0,1,117.5,0.0000,ok
S3_multitarget_a_f000540.jpg,S3_multitarget_a,S3_court2_multitarget_20260815_095353,S3_multitarget_a,540,34.345,225,200,0,-1,0,47,,,1,flight,,,,0,1,105.2,0.0000,ok
S3_multitarget_a_f000545.jpg,S3_multitarget_a,S3_court2_multitarget_20260815_095353,S3_multitarget_a,545,34.617,226,200,0,-1,-1,47,,,1,flight,,,,0,1,103.1,0.0000,ok
S3_multitarget_a_f000550.jpg,S3_multitarget_a,S3_court2_multitarget_20260815_095353,S3_multitarget_a,550,34.851,231,210,0,-1,-1,47,,,1,flight,,,,0,1,103.9,0.0000,ok
S3_multitarget_a_f000555.jpg,S3_multitarget_a,S3_court2_multitarget_20260815_095353,S3_multitarget_a,555,35.156,234,210,0,-2,-1,47,,,1,flight,,,,0,1,118.5,0.0000,ok
S3_multitarget_a_f000560.jpg,S3_multitarget_a,S3_court2_multitarget_20260815_095353,S3_multitarget_a,560,35.465,232,210,0,-2,-1,47,,,1,flight,,,,0,1,113.5,0.0000,ok
S3_multitarget_a_f000565.jpg,S3_multitarget_a,S3_court2_multitarget_20260815_095353,S3_multitarget_a,565,35.681,236,210,0,-3,-1,46,,,1,flight,,,,0,1,116.5,0.0000,ok
S3_multitarget_a_f000570.jpg,S3_multitarget_a,S3_court2_multitarget_20260815_095353,S3_multitarget_a,570,35.990,230,220,0,-2,-1,46,,,1,flight,,,,0,1,121.7,0.0000,ok
S3_multitarget_a_f000575.jpg,S3_multitarget_a,S3_court2_multitarget_20260815_095353,S3_multitarget_a,575,36.303,237,210,0,-2,-1,46,,,1,flight,,,,0,1,111.0,0.0000,ok
S3_multitarget_a_f000580.jpg,S3_multitarget_a,S3_court2_multitarget_20260815_095353,S3_multitarget_a,580,36.709,235,210,0,-2,-1,46,,,1,flight,,,,0,1,124.4,0.0000,ok
S3_multitarget_a_f000585.jpg,S3_multitarget_a,S3_court2_multitarget_20260815_095353,S3_multitarget_a,585,37.024,234,210,-1,-1,-1,46,,,1,flight,,,,0,1,104.4,0.0000,ok
S3_multitarget_a_f000590.jpg,S3_multitarget_a,S3_court2_multitarget_20260815_095353,S3_multitarget_a,590,37.313,233,210,-1,-1,0,46,,,1,flight,,,,0,1,93.1,0.0000,ok
S3_multitarget_a_f000595.jpg,S3_multitarget_a,S3_court2_multitarget_20260815_095353,S3_multitarget_a,595,37.525,231,210,-1,-2,1,46,,,1,flight,,,,0,1,96.2,0.0000,ok
S3_multitarget_a_f000600.jpg,S3_multitarget_a,S3_court2_multitarget_20260815_095353,S3_multitarget_a,600,37.747,232,210,0,-1,1,45,,,1,flight,,,,0,1,97.4,0.0000,ok
S3_multitarget_a_f000605.jpg,S3_multitarget_a,S3_court2_multitarget_20260815_095353,S3_multitarget_a,605,38.030,223,210,0,-1,1,45,,,1,flight,,,,0,1,101.0,0.0000,ok
S3_multitarget_a_f000610.jpg,S3_multitarget_a,S3_court2_multitarget_20260815_095353,S3_multitarget_a,610,38.347,206,190,0,-1,1,45,,,1,flight,,,,0,1,92.1,0.0000,ok
S3_multitarget_a_f000615.jpg,S3_multitarget_a,S3_court2_multitarget_20260815_095353,S3_multitarget_a,615,38.657,159,150,0,-2,2,45,,,1,flight,,,,0,1,82.4,0.0000,ok
S3_multitarget_a_f000620.jpg,S3_multitarget_a,S3_court2_multitarget_20260815_095353,S3_multitarget_a,620,38.852,136,130,0,-2,1,45,,,1,flight,,,,0,1,73.7,0.0000,ok
S3_multitarget_a_f000625.jpg,S3_multitarget_a,S3_court2_multitarget_20260815_095353,S3_multitarget_a,625,39.065,115,100,0,-1,1,45,,,0,flight,,,,0,1,64.3,0.0000,ok
S3_multitarget_a_f000630.jpg,S3_multitarget_a,S3_court2_multitarget_20260815_095353,S3_multitarget_a,630,39.359,85,70,0,-1,0,45,,,0,flight,,,,1,1,64.6,0.0000,ok
S3_multitarget_a_f000635.jpg,S3_multitarget_a,S3_court2_multitarget_20260815_095353,S3_multitarget_a,635,39.667,68,50,0,0,0,45,,,0,flight,,,,1,1,70.5,0.0000,ok
S3_multitarget_a_f000640.jpg,S3_multitarget_a,S3_court2_multitarget_20260815_095353,S3_multitarget_a,640,39.973,56,30,-1,0,0,44,,,0,flight,,,,1,1,82.8,0.0000,ok
S3_multitarget_a_f000645.jpg,S3_multitarget_a,S3_court2_multitarget_20260815_095353,S3_multitarget_a,645,40.175,53,30,-1,0,0,44,,,0,flight,,,,1,1,72.1,0.0000,ok
S3_multitarget_a_f000650.jpg,S3_multitarget_a,S3_court2_multitarget_20260815_095353,S3_multitarget_a,650,40.423,46,20,0,0,0,44,,,0,flight,,,,1,1,74.3,0.0000,ok
S3_multitarget_a_f000655.jpg,S3_multitarget_a,S3_court2_multitarget_20260815_095353,S3_multitarget_a,655,40.696,40,20,0,0,0,44,,,0,flight,,,,1,1,78.8,0.0000,ok
S3_multitarget_a_f000660.jpg,S3_multitarget_a,S3_court2_multitarget_20260815_095353,S3_multitarget_a,660,40.912,32,10,0,0,0,44,,,0,flight,,,,1,1,80.6,0.0000,ok
S3_multitarget_a_f000665.jpg,S3_multitarget_a,S3_court2_multitarget_20260815_095353,S3_multitarget_a,665,41.308,19,0,0,0,0,44,,,0,flight,,,,1,1,60.3,0.0000,ok
S3_multitarget_a_f000670.jpg,S3_multitarget_a,S3_court2_multitarget_20260815_095353,S3_multitarget_a,670,41.641,11,0,0,0,0,44,,,0,flight,,,,1,1,55.6,0.0000,ok
S3_multitarget_a_f000675.jpg,S3_multitarget_a,S3_court2_multitarget_20260815_095353,S3_multitarget_a,675,41.926,10,-10,0,0,0,43,,,0,flight,,,,1,1,52.9,0.0000,ok
S3_multitarget_a_f000680.jpg,S3_multitarget_a,S3_court2_multitarget_20260815_095353,S3_multitarget_a,680,42.138,10,-20,0,0,0,43,,,0,flight,,,,1,1,44.4,0.0000,ok
S3_multitarget_a_f000685.jpg,S3_multitarget_a,S3_court2_multitarget_20260815_095353,S3_multitarget_a,685,42.423,10,-20,0,0,0,43,,,0,flight,,,,1,1,25.4,0.0000,blurry
S3_multitarget_a_f000690.jpg,S3_multitarget_a,S3_court2_multitarget_20260815_095353,S3_multitarget_a,690,42.763,10,-20,0,0,0,43,,,0,flight,,,,1,1,60.1,0.0000,ok
S3_multitarget_a_f000695.jpg,S3_multitarget_a,S3_court2_multitarget_20260815_095353,S3_multitarget_a,695,43.055,10,-30,0,0,0,43,,,0,flight,,,,0,1,67.9,0.0000,ok
S3_multitarget_a_f000700.jpg,S3_multitarget_a,S3_court2_multitarget_20260815_095353,S3_multitarget_a,700,43.270,10,-30,0,0,0,43,,,0,flight,,,,0,1,67.8,0.0000,ok
S3_multitarget_a_f000705.jpg,S3_multitarget_a,S3_court2_multitarget_20260815_095353,S3_multitarget_a,705,43.563,10,0,0,0,0,43,,,0,flight,,,,0,1,68.2,0.0000,ok
S3_multitarget_a_f000710.jpg,S3_multitarget_a,S3_court2_multitarget_20260815_095353,S3_multitarget_a,710,43.864,10,0,0,0,0,42,,,0,flight,,,,0,1,67.9,0.0000,ok
S3_multitarget_a_f000715.jpg,S3_multitarget_a,S3_court2_multitarget_20260815_095353,S3_multitarget_a,715,44.078,10,0,0,0,0,42,,,0,flight,,,,0,1,72.2,0.0000,ok
S3_multitarget_a_f000720.jpg,S3_multitarget_a,S3_court2_multitarget_20260815_095353,S3_multitarget_a,720,44.442,10,0,0,0,0,42,,,0,flight,,,,0,1,68.8,0.0000,ok
S3_multitarget_a_f000725.jpg,S3_multitarget_a,S3_court2_multitarget_20260815_095353,S3_multitarget_a,725,44.849,10,0,0,0,0,42,,,0,flight,,,,0,1,73.7,0.0000,ok
S3_multitarget_a_f000730.jpg,S3_multitarget_a,S3_court2_multitarget_20260815_095353,S3_multitarget_a,730,45.281,10,0,0,0,0,42,,,0,flight,,,,1,1,75.6,0.0000,ok
S3_multitarget_a_f000735.jpg,S3_multitarget_a,S3_court2_multitarget_20260815_095353,S3_multitarget_a,735,45.544,10,0,0,0,0,42,,,0,flight,,,,0,1,78.5,0.0000,ok
S3_multitarget_a_f000740.jpg,S3_multitarget_a,S3_court2_multitarget_20260815_095353,S3_multitarget_a,740,46.029,10,0,0,0,0,41,,,0,flight,,,,0,1,75.1,0.0000,ok
S3_multitarget_a_f000745.jpg,S3_multitarget_a,S3_court2_multitarget_20260815_095353,S3_multitarget_a,745,46.469,10,0,0,0,0,41,,,0,flight,,,,1,1,77.8,0.0000,ok
S3_multitarget_a_f000750.jpg,S3_multitarget_a,S3_court2_multitarget_20260815_095353,S3_multitarget_a,750,46.765,10,0,0,0,0,41,,,0,flight,,,,1,1,79.3,0.0000,ok
S3_multitarget_a_f000755.jpg,S3_multitarget_a,S3_court2_multitarget_20260815_095353,S3_multitarget_a,755,47.148,10,0,0,0,0,41,,,0,flight,,,,0,1,76.1,0.0000,ok
S3_multitarget_a_f000760.jpg,S3_multitarget_a,S3_court2_multitarget_20260815_095353,S3_multitarget_a,760,47.542,10,0,0,0,0,41,,,0,flight,,,,0,1,78.2,0.0000,ok
S3_multitarget_a_f000765.jpg,S3_multitarget_a,S3_court2_multitarget_20260815_095353,S3_multitarget_a,765,47.794,10,0,0,0,0,40,,,0,flight,,,,0,1,79.2,0.0000,ok
S3_multitarget_a_f000770.jpg,S3_multitarget_a,S3_court2_multitarget_20260815_095353,S3_multitarget_a,770,48.187,10,0,0,0,0,40,,,0,flight,,,,0,1,76.7,0.0000,ok
S3_multitarget_a_f000775.jpg,S3_multitarget_a,S3_court2_multitarget_20260815_095353,S3_multitarget_a,775,48.503,10,0,0,0,0,40,,,0,flight,,,,0,1,79.0,0.0000,ok
S3_multitarget_a_f000780.jpg,S3_multitarget_a,S3_court2_multitarget_20260815_095353,S3_multitarget_a,780,48.780,10,0,0,0,0,40,,,0,flight,,,,0,1,79.4,0.0000,ok
S3_multitarget_a_f000785.jpg,S3_multitarget_a,S3_court2_multitarget_20260815_095353,S3_multitarget_a,785,48.991,10,0,0,0,0,40,,,0,flight,,,,0,1,75.1,0.0000,ok
S3_multitarget_a_f000790.jpg,S3_multitarget_a,S3_court2_multitarget_20260815_095353,S3_multitarget_a,790,49.308,10,0,0,0,0,40,,,0,flight,,,,0,1,78.2,0.0000,ok
S3_multitarget_a_f000795.jpg,S3_multitarget_a,S3_court2_multitarget_20260815_095353,S3_multitarget_a,795,49.611,10,0,0,0,0,40,,,0,flight,,,,0,1,79.6,0.0000,ok
S3_multitarget_a_f000800.jpg,S3_multitarget_a,S3_court2_multitarget_20260815_095353,S3_multitarget_a,800,49.912,10,0,0,0,0,39,,,0,flight,,,,0,1,79.4,0.0000,ok
S3_multitarget_a_f000805.jpg,S3_multitarget_a,S3_court2_multitarget_20260815_095353,S3_multitarget_a,805,50.112,10,0,0,0,0,39,,,0,flight,,,,0,1,76.1,0.0000,ok
S3_multitarget_a_f000810.jpg,S3_multitarget_a,S3_court2_multitarget_20260815_095353,S3_multitarget_a,810,50.339,10,0,0,0,0,39,,,0,flight,,,,1,1,78.2,0.0000,ok
S3_multitarget_a_f000815.jpg,S3_multitarget_a,S3_court2_multitarget_20260815_095353,S3_multitarget_a,815,52.676,10,0,1,0,0,38,,,0,flight,,,,1,1,79.7,0.0000,ok
S3_multitarget_a_f000820.jpg,S3_multitarget_a,S3_court2_multitarget_20260815_095353,S3_multitarget_a,820,52.895,10,0,1,0,0,38,,,0,flight,,,,1,1,80.1,0.0000,ok
S3_multitarget_a_f000825.jpg,S3_multitarget_a,S3_court2_multitarget_20260815_095353,S3_multitarget_a,825,53.391,10,0,1,0,0,38,,,0,flight,,,,1,1,79.0,0.0000,ok
S3_multitarget_a_f000830.jpg,S3_multitarget_a,S3_court2_multitarget_20260815_095353,S3_multitarget_a,830,53.614,10,0,1,0,0,38,,,0,flight,,,,1,1,79.7,0.0000,ok
S3_multitarget_a_f000835.jpg,S3_multitarget_a,S3_court2_multitarget_20260815_095353,S3_multitarget_a,835,54.009,10,0,1,0,0,37,,,0,flight,,,,1,1,80.3,0.0000,ok
S3_multitarget_a_f000840.jpg,S3_multitarget_a,S3_court2_multitarget_20260815_095353,S3_multitarget_a,840,54.206,10,0,1,0,0,37,,,0,flight,,,,1,1,77.4,0.0000,ok
S3_multitarget_a_f000845.jpg,S3_multitarget_a,S3_court2_multitarget_20260815_095353,S3_multitarget_a,845,54.522,10,0,1,0,0,37,,,0,flight,,,,1,1,79.8,0.0000,ok
S3_multitarget_a_f000850.jpg,S3_multitarget_a,S3_court2_multitarget_20260815_095353,S3_multitarget_a,850,54.828,10,0,1,0,0,37,,,0,flight,,,,1,1,80.7,0.0000,ok
S3_multitarget_a_f000855.jpg,S3_multitarget_a,S3_court2_multitarget_20260815_095353,S3_multitarget_a,855,55.142,10,0,1,0,0,37,,,0,flight,,,,1,1,77.5,0.0000,ok
S3_multitarget_a_f000860.jpg,S3_multitarget_a,S3_court2_multitarget_20260815_095353,S3_multitarget_a,860,55.464,10,0,1,0,0,37,,,0,flight,,,,1,1,79.0,0.0000,ok
S3_multitarget_b_f000000.jpg,S3_multitarget_b,S3_court2_multitarget_20260815_095459,S3_multitarget_b,0,0.230,10,0,0,0,0,32,,,0,flight,,,,1,1,76.9,0.0000,ok
S3_multitarget_b_f000005.jpg,S3_multitarget_b,S3_court2_multitarget_20260815_095459,S3_multitarget_b,5,0.349,10,0,0,0,0,31,,,0,flight,,,,1,1,78.0,0.0000,ok
S3_multitarget_b_f000010.jpg,S3_multitarget_b,S3_court2_multitarget_20260815_095459,S3_multitarget_b,10,0.446,10,0,0,0,0,31,,,0,flight,,,,1,1,78.8,0.0000,ok
S3_multitarget_b_f000015.jpg,S3_multitarget_b,S3_court2_multitarget_20260815_095459,S3_multitarget_b,15,0.726,10,0,0,0,0,31,,,0,flight,,,,1,1,74.5,0.0000,ok
S3_multitarget_b_f000020.jpg,S3_multitarget_b,S3_court2_multitarget_20260815_095459,S3_multitarget_b,20,1.034,10,0,0,0,0,31,,,0,flight,,,,1,1,77.4,0.0000,ok
S3_multitarget_b_f000025.jpg,S3_multitarget_b,S3_court2_multitarget_20260815_095459,S3_multitarget_b,25,1.429,10,0,0,0,0,31,,,0,flight,,,,1,1,78.2,0.0000,ok
S3_multitarget_b_f000030.jpg,S3_multitarget_b,S3_court2_multitarget_20260815_095459,S3_multitarget_b,30,1.674,10,0,0,0,0,31,,,0,flight,,,,1,1,74.4,0.0000,ok
S3_multitarget_b_f000035.jpg,S3_multitarget_b,S3_court2_multitarget_20260815_095459,S3_multitarget_b,35,2.066,10,0,0,0,0,31,,,0,flight,,,,1,1,77.1,0.0000,ok
S3_multitarget_b_f000040.jpg,S3_multitarget_b,S3_court2_multitarget_20260815_095459,S3_multitarget_b,40,2.581,10,0,0,0,0,30,,,0,flight,,,,1,1,78.5,0.0000,ok
S3_multitarget_b_f000045.jpg,S3_multitarget_b,S3_court2_multitarget_20260815_095459,S3_multitarget_b,45,2.852,10,0,0,0,0,30,,,0,flight,,,,1,1,74.2,0.0000,ok
S3_multitarget_b_f000050.jpg,S3_multitarget_b,S3_court2_multitarget_20260815_095459,S3_multitarget_b,50,11.920,75,30,0,0,0,26,,,0,flight,,,,1,1,88.6,0.0000,ok
S3_multitarget_b_f000055.jpg,S3_multitarget_b,S3_court2_multitarget_20260815_095459,S3_multitarget_b,55,12.203,75,30,0,0,0,26,,,0,flight,,,,1,1,96.7,0.0000,ok
S3_multitarget_b_f000060.jpg,S3_multitarget_b,S3_court2_multitarget_20260815_095459,S3_multitarget_b,60,12.418,79,30,0,0,0,25,,,0,flight,,,,1,1,81.7,0.0000,ok
S3_multitarget_b_f000065.jpg,S3_multitarget_b,S3_court2_multitarget_20260815_095459,S3_multitarget_b,65,12.712,86,40,0,-1,0,25,,,0,flight,,,,1,1,75.4,0.0000,ok
S3_multitarget_b_f000070.jpg,S3_multitarget_b,S3_court2_multitarget_20260815_095459,S3_multitarget_b,70,12.918,96,50,0,0,0,25,,,0,flight,,,,1,1,82.9,0.0000,ok
S3_multitarget_b_f000075.jpg,S3_multitarget_b,S3_court2_multitarget_20260815_095459,S3_multitarget_b,75,13.142,104,60,0,0,0,25,,,0,flight,,,,1,1,84.8,0.0000,ok
S3_multitarget_b_f000080.jpg,S3_multitarget_b,S3_court2_multitarget_20260815_095459,S3_multitarget_b,80,13.425,113,70,0,0,0,25,,,0,flight,,,,0,1,87.5,0.0000,ok
S3_multitarget_b_f000085.jpg,S3_multitarget_b,S3_court2_multitarget_20260815_095459,S3_multitarget_b,85,13.640,119,70,0,-1,0,25,,,0,flight,,,,0,1,94.4,0.0000,ok
S3_multitarget_b_f000090.jpg,S3_multitarget_b,S3_court2_multitarget_20260815_095459,S3_multitarget_b,90,13.930,127,80,0,-1,0,25,,,0,flight,,,,0,1,90.1,0.0000,ok
S3_multitarget_b_f000095.jpg,S3_multitarget_b,S3_court2_multitarget_20260815_095459,S3_multitarget_b,95,14.252,136,90,0,-1,0,25,,,0,flight,,,,1,1,94.5,0.0000,ok
S3_multitarget_b_f000100.jpg,S3_multitarget_b,S3_court2_multitarget_20260815_095459,S3_multitarget_b,100,14.479,143,100,0,0,0,24,,,0,flight,,,,1,1,100.4,0.0000,ok
S3_multitarget_b_f000105.jpg,S3_multitarget_b,S3_court2_multitarget_20260815_095459,S3_multitarget_b,105,14.754,150,100,0,0,0,24,,,0,flight,,,,1,1,97.9,0.0000,ok
S3_multitarget_b_f000110.jpg,S3_multitarget_b,S3_court2_multitarget_20260815_095459,S3_multitarget_b,110,14.969,157,110,0,0,0,24,,,0,flight,,,,1,1,98.3,0.0000,ok
S3_multitarget_b_f000115.jpg,S3_multitarget_b,S3_court2_multitarget_20260815_095459,S3_multitarget_b,115,15.374,169,120,0,0,0,24,,,0,flight,,,,0,1,108.5,0.0000,ok
S3_multitarget_b_f000120.jpg,S3_multitarget_b,S3_court2_multitarget_20260815_095459,S3_multitarget_b,120,15.595,171,130,0,0,0,24,,,0,flight,,,,0,1,102.8,0.0000,ok
S3_multitarget_b_f000125.jpg,S3_multitarget_b,S3_court2_multitarget_20260815_095459,S3_multitarget_b,125,15.799,178,130,0,0,0,24,,,0,flight,,,,1,1,106.0,0.0000,ok
S3_multitarget_b_f000130.jpg,S3_multitarget_b,S3_court2_multitarget_20260815_095459,S3_multitarget_b,130,16.012,185,140,0,0,0,24,,,0,flight,,,,1,1,105.9,0.0000,ok
S3_multitarget_b_f000135.jpg,S3_multitarget_b,S3_court2_multitarget_20260815_095459,S3_multitarget_b,135,16.301,192,150,0,0,0,23,,,0,flight,,,,1,1,102.7,0.0000,ok
S3_multitarget_b_f000140.jpg,S3_multitarget_b,S3_court2_multitarget_20260815_095459,S3_multitarget_b,140,16.697,201,150,0,-1,0,23,,,0,flight,,,,1,1,108.0,0.0000,ok
S3_multitarget_b_f000145.jpg,S3_multitarget_b,S3_court2_multitarget_20260815_095459,S3_multitarget_b,145,16.918,207,160,0,-1,0,23,,,0,flight,,,,1,1,109.0,0.0000,ok
S3_multitarget_b_f000150.jpg,S3_multitarget_b,S3_court2_multitarget_20260815_095459,S3_multitarget_b,150,17.209,218,170,0,-1,0,23,,,0,flight,,,,0,1,110.3,0.0000,ok
S3_multitarget_b_f000155.jpg,S3_multitarget_b,S3_court2_multitarget_20260815_095459,S3_multitarget_b,155,17.420,222,170,0,-1,0,23,,,0,flight,,,,0,1,106.3,0.0000,ok
S3_multitarget_b_f000160.jpg,S3_multitarget_b,S3_court2_multitarget_20260815_095459,S3_multitarget_b,160,17.624,223,180,0,0,0,23,,,0,flight,,,,1,1,107.3,0.0000,ok
S3_multitarget_b_f000165.jpg,S3_multitarget_b,S3_court2_multitarget_20260815_095459,S3_multitarget_b,165,17.823,233,180,0,0,0,23,,,0,flight,,,,0,1,104.0,0.0000,ok
S3_multitarget_b_f000170.jpg,S3_multitarget_b,S3_court2_multitarget_20260815_095459,S3_multitarget_b,170,18.051,235,190,0,0,0,23,,,0,flight,,,,0,1,104.1,0.0000,ok
S3_multitarget_b_f000175.jpg,S3_multitarget_b,S3_court2_multitarget_20260815_095459,S3_multitarget_b,175,18.330,241,200,0,0,0,22,,,0,flight,,,,0,1,109.1,0.0000,ok
S3_multitarget_b_f000180.jpg,S3_multitarget_b,S3_court2_multitarget_20260815_095459,S3_multitarget_b,180,18.564,244,200,0,0,0,22,,,0,flight,,,,0,1,119.9,0.0000,ok
S3_multitarget_b_f000185.jpg,S3_multitarget_b,S3_court2_multitarget_20260815_095459,S3_multitarget_b,185,18.851,236,200,0,0,-2,22,,,0,flight,,,,0,1,92.3,0.0000,ok
S3_multitarget_b_f000190.jpg,S3_multitarget_b,S3_court2_multitarget_20260815_095459,S3_multitarget_b,190,19.077,239,200,0,0,-5,22,,,0,flight,,,,0,1,93.9,0.0000,ok
S3_multitarget_b_f000195.jpg,S3_multitarget_b,S3_court2_multitarget_20260815_095459,S3_multitarget_b,195,19.372,229,190,0,0,-5,22,,,0,flight,,,,0,1,89.3,0.0000,ok
S3_multitarget_b_f000200.jpg,S3_multitarget_b,S3_court2_multitarget_20260815_095459,S3_multitarget_b,200,19.580,225,190,0,0,-3,22,,,0,flight,,,,0,1,88.2,0.0000,ok
S3_multitarget_b_f000205.jpg,S3_multitarget_b,S3_court2_multitarget_20260815_095459,S3_multitarget_b,205,19.869,230,190,0,0,-2,22,,,0,flight,,,,0,1,78.9,0.0000,ok
S3_multitarget_b_f000210.jpg,S3_multitarget_b,S3_court2_multitarget_20260815_095459,S3_multitarget_b,210,20.113,228,190,0,0,1,22,,,0,flight,,,,1,1,83.1,0.0000,ok
S3_multitarget_b_f000215.jpg,S3_multitarget_b,S3_court2_multitarget_20260815_095459,S3_multitarget_b,215,20.323,235,190,1,0,2,22,,,0,flight,,,,1,1,66.2,0.0000,ok
S3_multitarget_b_f000220.jpg,S3_multitarget_b,S3_court2_multitarget_20260815_095459,S3_multitarget_b,220,20.713,244,190,14,0,2,21,,,0,flight,,,,1,1,80.9,0.0000,ok
S3_multitarget_b_f000225.jpg,S3_multitarget_b,S3_court2_multitarget_20260815_095459,S3_multitarget_b,225,21.107,247,200,23,0,1,21,,,0,flight,,,,1,1,115.1,0.0000,ok
S3_multitarget_b_f000230.jpg,S3_multitarget_b,S3_court2_multitarget_20260815_095459,S3_multitarget_b,230,21.328,245,200,23,-1,3,21,,,0,flight,,,,1,1,128.5,0.0000,ok
S3_multitarget_b_f000235.jpg,S3_multitarget_b,S3_court2_multitarget_20260815_095459,S3_multitarget_b,235,21.634,248,200,23,0,1,21,,,0,flight,,,,1,1,220.3,0.0000,ok
S3_multitarget_b_f000240.jpg,S3_multitarget_b,S3_court2_multitarget_20260815_095459,S3_multitarget_b,240,21.921,240,200,23,0,0,21,,,0,flight,,,,1,1,165.9,0.0000,ok
S3_multitarget_b_f000245.jpg,S3_multitarget_b,S3_court2_multitarget_20260815_095459,S3_multitarget_b,245,22.137,234,200,23,0,0,21,,,0,flight,,,,1,1,163.0,0.0000,ok
S3_multitarget_b_f000250.jpg,S3_multitarget_b,S3_court2_multitarget_20260815_095459,S3_multitarget_b,250,22.434,238,190,23,0,-1,20,,,0,flight,,,,1,1,186.8,0.0000,ok
S3_multitarget_b_f000255.jpg,S3_multitarget_b,S3_court2_multitarget_20260815_095459,S3_multitarget_b,255,22.749,243,190,23,0,0,20,,,0,flight,,,,1,1,187.5,0.0000,ok
S3_multitarget_b_f000260.jpg,S3_multitarget_b,S3_court2_multitarget_20260815_095459,S3_multitarget_b,260,23.069,255,200,23,0,0,20,,,0,flight,,,,1,1,167.4,0.0000,ok
S3_multitarget_b_f000265.jpg,S3_multitarget_b,S3_court2_multitarget_20260815_095459,S3_multitarget_b,265,23.287,263,210,23,0,0,20,,,0,flight,,,,1,1,154.2,0.0000,ok
S3_multitarget_b_f000270.jpg,S3_multitarget_b,S3_court2_multitarget_20260815_095459,S3_multitarget_b,270,23.563,270,220,23,0,0,20,,,0,flight,,,,1,1,167.9,0.0000,ok
S3_multitarget_b_f000275.jpg,S3_multitarget_b,S3_court2_multitarget_20260815_095459,S3_multitarget_b,275,23.802,289,230,23,0,0,20,,,0,flight,,,,1,1,159.2,0.0000,ok
S3_multitarget_b_f000280.jpg,S3_multitarget_b,S3_court2_multitarget_20260815_095459,S3_multitarget_b,280,24.168,296,240,23,0,0,20,,,0,flight,,,,1,1,179.9,0.0000,ok
S3_multitarget_b_f000285.jpg,S3_multitarget_b,S3_court2_multitarget_20260815_095459,S3_multitarget_b,285,24.398,295,250,23,0,0,19,,,0,flight,,,,1,1,203.6,0.0000,ok
S3_multitarget_b_f000290.jpg,S3_multitarget_b,S3_court2_multitarget_20260815_095459,S3_multitarget_b,290,24.697,295,250,23,0,0,19,,,0,flight,,,,1,1,196.1,0.0000,ok
S3_multitarget_b_f000295.jpg,S3_multitarget_b,S3_court2_multitarget_20260815_095459,S3_multitarget_b,295,24.923,287,250,23,0,-4,19,,,0,flight,,,,1,1,157.5,0.0000,ok
S3_multitarget_b_f000300.jpg,S3_multitarget_b,S3_court2_multitarget_20260815_095459,S3_multitarget_b,300,25.212,285,240,23,0,-5,19,,,0,flight,,,,1,1,133.9,0.0000,ok
S3_multitarget_b_f000305.jpg,S3_multitarget_b,S3_court2_multitarget_20260815_095459,S3_multitarget_b,305,25.506,284,240,22,0,-4,19,,,0,flight,,,,1,1,143.4,0.0000,ok
S3_multitarget_b_f000310.jpg,S3_multitarget_b,S3_court2_multitarget_20260815_095459,S3_multitarget_b,310,25.821,282,240,22,0,-4,19,,,0,flight,,,,1,1,138.0,0.0000,ok
S3_multitarget_b_f000315.jpg,S3_multitarget_b,S3_court2_multitarget_20260815_095459,S3_multitarget_b,315,26.014,281,240,22,0,-3,19,,,0,flight,,,,1,1,129.3,0.0000,ok
S3_multitarget_b_f000320.jpg,S3_multitarget_b,S3_court2_multitarget_20260815_095459,S3_multitarget_b,320,26.230,281,240,22,0,-3,19,,,0,flight,,,,1,1,131.0,0.0000,ok
S3_multitarget_b_f000325.jpg,S3_multitarget_b,S3_court2_multitarget_20260815_095459,S3_multitarget_b,325,26.433,282,240,22,0,-3,18,,,0,flight,,,,1,1,135.7,0.0000,ok
S3_multitarget_b_f000330.jpg,S3_multitarget_b,S3_court2_multitarget_20260815_095459,S3_multitarget_b,330,26.652,280,240,23,1,0,18,,,0,flight,,,,1,1,180.6,0.0000,ok
S3_multitarget_b_f000335.jpg,S3_multitarget_b,S3_court2_multitarget_20260815_095459,S3_multitarget_b,335,26.937,276,240,22,1,2,18,,,0,flight,,,,1,1,129.1,0.0000,ok
S3_multitarget_b_f000340.jpg,S3_multitarget_b,S3_court2_multitarget_20260815_095459,S3_multitarget_b,340,27.242,278,230,22,1,1,18,,,0,flight,,,,1,1,132.3,0.0000,ok
S3_multitarget_b_f000345.jpg,S3_multitarget_b,S3_court2_multitarget_20260815_095459,S3_multitarget_b,345,27.454,275,230,22,1,1,18,,,0,flight,,,,1,1,130.9,0.0000,ok
S3_multitarget_b_f000350.jpg,S3_multitarget_b,S3_court2_multitarget_20260815_095459,S3_multitarget_b,350,27.672,261,220,22,0,1,18,,,0,flight,,,,1,1,139.1,0.0000,ok
S3_multitarget_b_f000355.jpg,S3_multitarget_b,S3_court2_multitarget_20260815_095459,S3_multitarget_b,355,28.070,210,190,22,0,0,18,,,0,flight,,,,1,1,132.8,0.0000,ok
S3_multitarget_b_f000360.jpg,S3_multitarget_b,S3_court2_multitarget_20260815_095459,S3_multitarget_b,360,28.285,183,160,22,0,0,18,,,0,flight,,,,1,1,118.8,0.0000,ok
S3_multitarget_b_f000365.jpg,S3_multitarget_b,S3_court2_multitarget_20260815_095459,S3_multitarget_b,365,28.575,133,110,23,0,0,17,,,0,flight,,,,1,1,114.2,0.0000,ok
S3_multitarget_b_f000370.jpg,S3_multitarget_b,S3_court2_multitarget_20260815_095459,S3_multitarget_b,370,28.816,111,90,23,-1,-1,17,,,0,flight,,,,1,1,110.6,0.0000,ok
S3_multitarget_b_f000375.jpg,S3_multitarget_b,S3_court2_multitarget_20260815_095459,S3_multitarget_b,375,29.086,93,70,22,-1,-1,17,,,0,flight,,,,1,1,110.9,0.0000,ok
S3_multitarget_b_f000380.jpg,S3_multitarget_b,S3_court2_multitarget_20260815_095459,S3_multitarget_b,380,29.234,79,60,22,-1,-1,17,,,0,flight,,,,1,1,100.9,0.0000,ok
S3_multitarget_b_f000385.jpg,S3_multitarget_b,S3_court2_multitarget_20260815_095459,S3_multitarget_b,385,29.603,60,30,22,-2,0,17,,,0,flight,,,,1,1,104.3,0.0000,ok
S3_multitarget_b_f000390.jpg,S3_multitarget_b,S3_court2_multitarget_20260815_095459,S3_multitarget_b,390,29.817,52,20,23,-1,-2,17,,,0,flight,,,,1,1,120.4,0.0000,ok
S3_multitarget_b_f000395.jpg,S3_multitarget_b,S3_court2_multitarget_20260815_095459,S3_multitarget_b,395,30.123,43,10,23,-1,-3,17,,,0,flight,,,,1,1,111.8,0.0000,ok
S3_multitarget_b_f000400.jpg,S3_multitarget_b,S3_court2_multitarget_20260815_095459,S3_multitarget_b,400,30.333,36,10,23,-1,-2,16,,,0,flight,,,,1,1,113.1,0.0000,ok
S3_multitarget_b_f000405.jpg,S3_multitarget_b,S3_court2_multitarget_20260815_095459,S3_multitarget_b,405,30.533,29,0,23,-1,-1,16,,,0,flight,,,,1,1,118.4,0.0000,ok
S3_multitarget_b_f000410.jpg,S3_multitarget_b,S3_court2_multitarget_20260815_095459,S3_multitarget_b,410,30.830,22,0,23,0,-2,16,,,0,flight,,,,1,1,112.3,0.0000,ok
S3_multitarget_b_f000415.jpg,S3_multitarget_b,S3_court2_multitarget_20260815_095459,S3_multitarget_b,415,31.139,17,-10,23,0,0,16,,,0,flight,,,,1,1,113.5,0.0000,ok
S3_multitarget_b_f000420.jpg,S3_multitarget_b,S3_court2_multitarget_20260815_095459,S3_multitarget_b,420,31.350,10,-20,23,0,0,16,,,0,flight,,,,1,1,105.8,0.0000,ok
S3_multitarget_b_f000425.jpg,S3_multitarget_b,S3_court2_multitarget_20260815_095459,S3_multitarget_b,425,31.562,10,-30,23,0,0,16,,,0,flight,,,,1,1,98.2,0.0000,ok
S3_multitarget_b_f000430.jpg,S3_multitarget_b,S3_court2_multitarget_20260815_095459,S3_multitarget_b,430,31.852,10,-40,21,0,0,16,,,0,flight,,,,1,1,84.8,0.0000,ok
S3_multitarget_b_f000435.jpg,S3_multitarget_b,S3_court2_multitarget_20260815_095459,S3_multitarget_b,435,32.266,10,-40,23,0,1,16,,,0,flight,,,,1,1,131.5,0.0000,ok
S3_multitarget_b_f000440.jpg,S3_multitarget_b,S3_court2_multitarget_20260815_095459,S3_multitarget_b,440,32.484,10,-40,23,0,1,15,,,0,flight,,,,1,1,154.3,0.0000,ok
S3_multitarget_b_f000445.jpg,S3_multitarget_b,S3_court2_multitarget_20260815_095459,S3_multitarget_b,445,32.801,10,-40,23,0,1,15,,,0,flight,,,,1,1,163.8,0.0000,ok
S3_multitarget_b_f000450.jpg,S3_multitarget_b,S3_court2_multitarget_20260815_095459,S3_multitarget_b,450,32.988,10,-40,23,0,1,15,,,0,flight,,,,1,1,165.3,0.0000,ok
S3_multitarget_b_f000455.jpg,S3_multitarget_b,S3_court2_multitarget_20260815_095459,S3_multitarget_b,455,33.199,10,-40,23,0,1,15,,,0,flight,,,,1,1,156.5,0.0000,ok
S3_multitarget_b_f000460.jpg,S3_multitarget_b,S3_court2_multitarget_20260815_095459,S3_multitarget_b,460,33.513,10,0,23,0,1,15,,,0,flight,,,,1,1,168.4,0.0000,ok
S3_multitarget_b_f000465.jpg,S3_multitarget_b,S3_court2_multitarget_20260815_095459,S3_multitarget_b,465,33.806,10,0,23,0,1,15,,,0,flight,,,,1,1,169.4,0.0000,ok
S3_multitarget_b_f000470.jpg,S3_multitarget_b,S3_court2_multitarget_20260815_095459,S3_multitarget_b,470,34.216,10,0,23,0,1,15,,,0,flight,,,,1,1,172.0,0.0000,ok
S3_multitarget_b_f000475.jpg,S3_multitarget_b,S3_court2_multitarget_20260815_095459,S3_multitarget_b,475,34.429,10,0,23,0,1,14,,,0,flight,,,,1,1,175.2,0.0000,ok
S3_multitarget_b_f000480.jpg,S3_multitarget_b,S3_court2_multitarget_20260815_095459,S3_multitarget_b,480,34.636,10,0,23,0,1,14,,,0,flight,,,,1,1,169.3,0.0000,ok
S3_multitarget_b_f000485.jpg,S3_multitarget_b,S3_court2_multitarget_20260815_095459,S3_multitarget_b,485,34.924,10,0,23,0,1,14,,,0,flight,,,,1,1,176.0,0.0000,ok
S3_multitarget_b_f000490.jpg,S3_multitarget_b,S3_court2_multitarget_20260815_095459,S3_multitarget_b,490,35.153,10,0,23,0,0,14,,,0,flight,,,,1,1,179.8,0.0000,ok
S3_multitarget_b_f000495.jpg,S3_multitarget_b,S3_court2_multitarget_20260815_095459,S3_multitarget_b,495,35.464,10,0,23,0,0,14,,,0,flight,,,,1,1,182.3,0.0000,ok
S3_multitarget_b_f000500.jpg,S3_multitarget_b,S3_court2_multitarget_20260815_095459,S3_multitarget_b,500,35.750,10,0,23,0,0,14,,,0,flight,,,,1,1,173.6,0.0000,ok
S3_multitarget_b_f000505.jpg,S3_multitarget_b,S3_court2_multitarget_20260815_095459,S3_multitarget_b,505,35.965,10,0,23,0,0,14,,,0,flight,,,,1,1,177.2,0.0000,ok
S3_multitarget_b_f000510.jpg,S3_multitarget_b,S3_court2_multitarget_20260815_095459,S3_multitarget_b,510,36.259,10,0,23,0,0,14,,,0,flight,,,,1,1,180.3,0.0000,ok
S3_multitarget_b_f000515.jpg,S3_multitarget_b,S3_court2_multitarget_20260815_095459,S3_multitarget_b,515,36.483,10,0,23,0,0,13,,,0,flight,,,,1,1,181.8,0.0000,ok
S3_multitarget_b_f000520.jpg,S3_multitarget_b,S3_court2_multitarget_20260815_095459,S3_multitarget_b,520,36.782,10,0,23,0,0,13,,,0,flight,,,,1,1,174.8,0.0000,ok
S3_multitarget_b_f000525.jpg,S3_multitarget_b,S3_court2_multitarget_20260815_095459,S3_multitarget_b,525,37.103,10,0,23,0,0,13,,,0,flight,,,,1,1,177.9,0.0000,ok
S3_multitarget_b_f000530.jpg,S3_multitarget_b,S3_court2_multitarget_20260815_095459,S3_multitarget_b,530,37.383,10,0,23,0,0,13,,,0,flight,,,,1,1,180.6,0.0000,ok
S3_multitarget_b_f000535.jpg,S3_multitarget_b,S3_court2_multitarget_20260815_095459,S3_multitarget_b,535,37.611,10,0,23,0,0,13,,,0,flight,,,,1,1,182.7,0.0000,ok
S3_multitarget_b_f000540.jpg,S3_multitarget_b,S3_court2_multitarget_20260815_095459,S3_multitarget_b,540,37.997,10,0,23,0,0,13,,,0,flight,,,,1,1,199.5,0.0000,ok
S3_multitarget_b_f000545.jpg,S3_multitarget_b,S3_court2_multitarget_20260815_095459,S3_multitarget_b,545,38.222,10,0,23,0,0,13,,,0,flight,,,,1,1,203.2,0.0000,ok
S3_multitarget_b_f000550.jpg,S3_multitarget_b,S3_court2_multitarget_20260815_095459,S3_multitarget_b,550,38.449,10,0,23,0,0,12,,,0,flight,,,,1,1,205.1,0.0000,ok
S3_multitarget_b_f000555.jpg,S3_multitarget_b,S3_court2_multitarget_20260815_095459,S3_multitarget_b,555,38.644,10,0,23,0,0,12,,,0,flight,,,,1,1,170.3,0.0000,ok
S3_multitarget_b_f000560.jpg,S3_multitarget_b,S3_court2_multitarget_20260815_095459,S3_multitarget_b,560,38.933,10,0,23,0,0,12,,,0,flight,,,,1,1,177.5,0.0000,ok
S3_multitarget_b_f000565.jpg,S3_multitarget_b,S3_court2_multitarget_20260815_095459,S3_multitarget_b,565,39.337,10,0,23,0,0,12,,,0,flight,,,,1,1,182.8,0.0000,ok
S3_multitarget_b_f000570.jpg,S3_multitarget_b,S3_court2_multitarget_20260815_095459,S3_multitarget_b,570,39.662,10,0,23,0,0,12,,,0,flight,,,,1,1,171.9,0.0000,ok
S3_multitarget_b_f000575.jpg,S3_multitarget_b,S3_court2_multitarget_20260815_095459,S3_multitarget_b,575,39.946,10,0,23,0,0,12,,,0,flight,,,,1,1,179.4,0.0000,ok
S3_multitarget_b_f000580.jpg,S3_multitarget_b,S3_court2_multitarget_20260815_095459,S3_multitarget_b,580,40.148,10,0,23,0,0,12,,,0,flight,,,,1,1,182.3,0.0000,ok
S3_multitarget_b_f000585.jpg,S3_multitarget_b,S3_court2_multitarget_20260815_095459,S3_multitarget_b,585,40.366,10,0,23,0,0,11,,,0,flight,,,,1,1,183.7,0.0000,ok
S3_multitarget_b_f000590.jpg,S3_multitarget_b,S3_court2_multitarget_20260815_095459,S3_multitarget_b,590,40.671,10,0,23,0,0,11,,,0,flight,,,,1,1,172.1,0.0000,ok
S3_multitarget_b_f000595.jpg,S3_multitarget_b,S3_court2_multitarget_20260815_095459,S3_multitarget_b,595,40.980,10,0,23,0,0,11,,,0,flight,,,,1,1,179.7,0.0000,ok
S3_multitarget_b_f000600.jpg,S3_multitarget_b,S3_court2_multitarget_20260815_095459,S3_multitarget_b,600,41.268,10,0,23,0,0,11,,,0,flight,,,,1,1,182.2,0.0000,ok
S3_multitarget_b_f000605.jpg,S3_multitarget_b,S3_court2_multitarget_20260815_095459,S3_multitarget_b,605,41.477,10,0,23,0,0,11,,,0,flight,,,,1,1,183.5,0.0000,ok
S3_multitarget_b_f000610.jpg,S3_multitarget_b,S3_court2_multitarget_20260815_095459,S3_multitarget_b,610,41.717,10,0,23,0,0,11,,,0,flight,,,,1,1,173.6,0.0000,ok
S3_multitarget_b_f000615.jpg,S3_multitarget_b,S3_court2_multitarget_20260815_095459,S3_multitarget_b,615,41.989,10,0,23,0,0,11,,,0,flight,,,,1,1,178.3,0.0000,ok
S3_multitarget_b_f000620.jpg,S3_multitarget_b,S3_court2_multitarget_20260815_095459,S3_multitarget_b,620,42.303,10,0,23,0,0,10,,,0,flight,,,,1,1,181.5,0.0000,ok
S3_multitarget_b_f000625.jpg,S3_multitarget_b,S3_court2_multitarget_20260815_095459,S3_multitarget_b,625,42.615,10,0,23,0,0,10,,,0,flight,,,,1,1,182.7,0.0000,ok
S3_multitarget_b_f000630.jpg,S3_multitarget_b,S3_court2_multitarget_20260815_095459,S3_multitarget_b,630,42.820,10,0,23,0,0,10,,,0,flight,,,,1,1,175.9,0.0000,ok
S3_multitarget_b_f000635.jpg,S3_multitarget_b,S3_court2_multitarget_20260815_095459,S3_multitarget_b,635,43.038,10,0,23,0,0,10,,,0,flight,,,,1,1,180.0,0.0000,ok
S3_multitarget_b_f000640.jpg,S3_multitarget_b,S3_court2_multitarget_20260815_095459,S3_multitarget_b,640,43.321,10,0,23,0,0,10,,,0,flight,,,,1,1,182.3,0.0000,ok
S3_multitarget_b_f000645.jpg,S3_multitarget_b,S3_court2_multitarget_20260815_095459,S3_multitarget_b,645,43.548,10,0,23,0,0,10,,,0,flight,,,,1,1,183.5,0.0000,ok
S3_multitarget_b_f000650.jpg,S3_multitarget_b,S3_court2_multitarget_20260815_095459,S3_multitarget_b,650,43.833,10,0,23,0,0,10,,,0,flight,,,,1,1,176.2,0.0000,ok
S3_multitarget_b_f000655.jpg,S3_multitarget_b,S3_court2_multitarget_20260815_095459,S3_multitarget_b,655,44.149,10,0,23,0,0,10,,,0,flight,,,,1,1,180.3,0.0000,ok
S3_multitarget_b_f000660.jpg,S3_multitarget_b,S3_court2_multitarget_20260815_095459,S3_multitarget_b,660,44.371,10,0,23,0,0,9,,,0,flight,,,,1,1,182.1,0.0000,ok
