image,flight,target,realised,match_dist,yaw_deg,verdict,reason
S2_PAIR_occ25_f000000.jpg,S2_PAIR_occ25,rc_car,,19.09,6.0,AMBIGUOUS,no viewpoint-matched clean frame
S2_PAIR_occ25_f000008.jpg,S2_PAIR_occ25,rc_car,,19.11,6.0,AMBIGUOUS,no viewpoint-matched clean frame
S2_PAIR_occ25_f000016.jpg,S2_PAIR_occ25,rc_car,,19.09,6.0,AMBIGUOUS,no viewpoint-matched clean frame
S2_PAIR_occ25_f000024.jpg,S2_PAIR_occ25,rc_car,,19.09,6.0,AMBIGUOUS,no viewpoint-matched clean frame
S2_PAIR_occ25_f000032.jpg,S2_PAIR_occ25,rc_car,,19.12,6.0,AMBIGUOUS,no viewpoint-matched clean frame
S2_PAIR_occ25_f000040.jpg,S2_PAIR_occ25,rc_car,,19.15,6.0,AMBIGUOUS,no viewpoint-matched clean frame
S2_PAIR_occ25_f000048.jpg,S2_PAIR_occ25,rc_car,,19.17,6.0,AMBIGUOUS,no viewpoint-matched clean frame
S2_PAIR_occ25_f000056.jpg,S2_PAIR_occ25,rc_car,,19.20,6.0,AMBIGUOUS,no viewpoint-matched clean frame
S2_PAIR_occ25_f000064.jpg,S2_PAIR_occ25,rc_car,,19.10,6.0,AMBIGUOUS,no viewpoint-matched clean frame
S2_PAIR_occ25_f000072.jpg,S2_PAIR_occ25,rc_car,,19.11,6.0,AMBIGUOUS,no viewpoint-matched clean frame
S2_PAIR_occ25_f000080.jpg,S2_PAIR_occ25,rc_car,,19.11,6.0,AMBIGUOUS,no viewpoint-matched clean frame
S2_PAIR_occ25_f000088.jpg,S2_PAIR_occ25,rc_car,,19.11,6.0,AMBIGUOUS,no viewpoint-matched clean frame
S2_PAIR_occ25_f000096.jpg,S2_PAIR_occ25,rc_car,,15.19,7.0,AMBIGUOUS,no viewpoint-matched clean frame
S2_PAIR_occ25_f000104.jpg,S2_PAIR_occ25,rc_car,,17.37,6.0,AMBIGUOUS,no viewpoint-matched clean frame
S2_PAIR_occ25_f000112.jpg,S2_PAIR_occ25,rc_car,,21.08,6.0,AMBIGUOUS,no viewpoint-matched clean frame
S2_PAIR_occ25_f000120.jpg,S2_PAIR_occ25,rc_car,,22.89,6.0,AMBIGUOUS,no viewpoint-matched clean frame
S2_PAIR_occ25_f000128.jpg,S2_PAIR_occ25,rc_car,,20.84,6.0,AMBIGUOUS,no viewpoint-matched clean frame
S2_PAIR_occ25_f000136.jpg,S2_PAIR_occ25,rc_car,,20.89,6.0,AMBIGUOUS,no viewpoint-matched clean frame
S2_PAIR_occ25_f000144.jpg,S2_PAIR_occ25,rc_car,,20.34,6.0,AMBIGUOUS,no viewpoint-matched clean frame
S2_PAIR_occ25_f000152.jpg,S2_PAIR_occ25,rc_car,,20.40,6.0,AMBIGUOUS,no viewpoint-matched clean frame
S2_PAIR_occ25_f000160.jpg,S2_PAIR_occ25,rc_car,,20.32,6.0,AMBIGUOUS,no viewpoint-matched clean frame
S2_PAIR_occ25_f000168.jpg,S2_PAIR_occ25,rc_car,,20.32,6.0,AMBIGUOUS,no viewpoint-matched clean frame
S2_PAIR_occ25_f000176.jpg,S2_PAIR_occ25,rc_car,,20.32,7.0,AMBIGUOUS,no viewpoint-matched clean frame
S2_PAIR_occ25_f000184.jpg,S2_PAIR_occ25,rc_car,,19.64,6.0,AMBIGUOUS,no viewpoint-matched clean frame
S2_PAIR_occ25_f000192.jpg,S2_PAIR_occ25,rc_car,,19.26,6.0,AMBIGUOUS,no viewpoint-matched clean frame
S2_PAIR_occ25_f000200.jpg,S2_PAIR_occ25,rc_car,,18.88,7.0,AMBIGUOUS,no viewpoint-matched clean frame
S2_PAIR_occ25_f000208.jpg,S2_PAIR_occ25,rc_car,,18.81,7.0,AMBIGUOUS,no viewpoint-matched clean frame
S2_PAIR_occ25_f000216.jpg,S2_PAIR_occ25,rc_car,,19.31,7.0,AMBIGUOUS,no viewpoint-matched clean frame
S2_PAIR_occ25_f000224.jpg,S2_PAIR_occ25,rc_car,,19.20,7.0,AMBIGUOUS,no viewpoint-matched clean frame
S2_PAIR_occ25_f000232.jpg,S2_PAIR_occ25,rc_car,,19.15,7.0,AMBIGUOUS,no viewpoint-matched clean frame
S2_PAIR_occ25_f000240.jpg,S2_PAIR_occ25,rc_car,,19.03,7.0,AMBIGUOUS,no viewpoint-matched clean frame
S2_PAIR_occ25_f000248.jpg,S2_PAIR_occ25,rc_car,,18.57,6.0,AMBIGUOUS,no viewpoint-matched clean frame
S2_PAIR_occ25_f000256.jpg,S2_PAIR_occ25,rc_car,,18.11,6.0,AMBIGUOUS,no viewpoint-matched clean frame
S2_PAIR_occ25_f000264.jpg,S2_PAIR_occ25,rc_car,,17.90,7.0,AMBIGUOUS,no viewpoint-matched clean frame
S2_PAIR_occ25_f000272.jpg,S2_PAIR_occ25,rc_car,,17.61,7.0,AMBIGUOUS,no viewpoint-matched clean frame
S2_PAIR_occ25_f000280.jpg,S2_PAIR_occ25,rc_car,,17.51,7.0,AMBIGUOUS,no viewpoint-matched clean frame
S2_PAIR_occ25_f000288.jpg,S2_PAIR_occ25,rc_car,,17.40,7.0,AMBIGUOUS,no viewpoint-matched clean frame
S2_PAIR_occ25_f000296.jpg,S2_PAIR_occ25,rc_car,,17.44,7.0,AMBIGUOUS,no viewpoint-matched clean frame
S2_PAIR_occ25_f000304.jpg,S2_PAIR_occ25,rc_car,,17.42,7.0,AMBIGUOUS,no viewpoint-matched clean frame
S2_PAIR_occ25_f000312.jpg,S2_PAIR_occ25,rc_car,,17.39,7.0,AMBIGUOUS,no viewpoint-matched clean frame
S2_PAIR_occ25_f000320.jpg,S2_PAIR_occ25,rc_car,,17.43,7.0,AMBIGUOUS,no viewpoint-matched clean frame
S2_PAIR_occ25_f000328.jpg,S2_PAIR_occ25,rc_car,,17.50,6.0,AMBIGUOUS,no viewpoint-matched clean frame
S2_PAIR_occ25_f000336.jpg,S2_PAIR_occ25,rc_car,,17.48,6.0,AMBIGUOUS,no viewpoint-matched clean frame
S2_PAIR_occ25_f000344.jpg,S2_PAIR_occ25,rc_car,,17.47,6.0,AMBIGUOUS,no viewpoint-matched clean frame
S2_PAIR_occ25_f000352.jpg,S2_PAIR_occ25,rc_car,,17.44,6.0,AMBIGUOUS,no viewpoint-matched clean frame
S2_PAIR_occ25_f000360.jpg,S2_PAIR_occ25,rc_car,,17.49,6.0,AMBIGUOUS,no viewpoint-matched clean frame
S2_PAIR_occ25_f000368.jpg,S2_PAIR_occ25,rc_car,,17.47,7.0,AMBIGUOUS,no viewpoint-matched clean frame
S2_PAIR_occ25_f000376.jpg,S2_PAIR_occ25,rc_car,,17.50,7.0,AMBIGUOUS,no viewpoint-matched clean frame
S2_PAIR_occ25_f000384.jpg,S2_PAIR_occ25,rc_car,,17.55,7.0,AMBIGUOUS,no viewpoint-matched clean frame
S2_PAIR_occ25_f000392.jpg,S2_PAIR_occ25,rc_car,,17.52,7.0,AMBIGUOUS,no viewpoint-matched clean frame
S2_PAIR_occ25_f000400.jpg,S2_PAIR_occ25,rc_car,,17.53,7.0,AMBIGUOUS,no viewpoint-matched clean frame
S2_PAIR_occ25_f000408.jpg,S2_PAIR_occ25,rc_car,,17.53,7.0,AMBIGUOUS,no viewpoint-matched clean frame
S2_PAIR_occ25_f000416.jpg,S2_PAIR_occ25,rc_car,,17.65,7.0,AMBIGUOUS,no viewpoint-matched clean frame
S2_PAIR_occ25_f000424.jpg,S2_PAIR_occ25,rc_car,,17.62,7.0,AMBIGUOUS,no viewpoint-matched clean frame
S2_PAIR_occ25_f000432.jpg,S2_PAIR_occ25,rc_car,,17.58,7.0,AMBIGUOUS,no viewpoint-matched clean frame
S2_PAIR_occ25_f000440.jpg,S2_PAIR_occ25,rc_car,,17.57,7.0,AMBIGUOUS,no viewpoint-matched clean frame
S2_PAIR_occ25_f000448.jpg,S2_PAIR_occ25,rc_car,,17.53,7.0,AMBIGUOUS,no viewpoint-matched clean frame
S2_PAIR_occ25_f000456.jpg,S2_PAIR_occ25,rc_car,,17.51,6.0,AMBIGUOUS,no viewpoint-matched clean frame
S2_PAIR_occ25_f000464.jpg,S2_PAIR_occ25,rc_car,,17.45,6.0,AMBIGUOUS,no viewpoint-matched clean frame
S2_PAIR_occ25_f000472.jpg,S2_PAIR_occ25,rc_car,,17.42,6.0,AMBIGUOUS,no viewpoint-matched clean frame
S2_PAIR_occ25_f000480.jpg,S2_PAIR_occ25,rc_car,,17.40,7.0,AMBIGUOUS,no viewpoint-matched clean frame
S2_PAIR_occ25_f000488.jpg,S2_PAIR_occ25,rc_car,,17.44,6.0,AMBIGUOUS,no viewpoint-matched clean frame
S2_PAIR_occ25_f000496.jpg,S2_PAIR_occ25,rc_car,,17.49,6.0,AMBIGUOUS,no viewpoint-matched clean frame
S2_PAIR_occ25_f000504.jpg,S2_PAIR_occ25,rc_car,,17.52,7.0,AMBIGUOUS,no viewpoint-matched clean frame
S2_PAIR_occ25_f000512.jpg,S2_PAIR_occ25,rc_car,,17.48,7.0,AMBIGUOUS,no viewpoint-matched clean frame
S2_PAIR_occ25_f000520.jpg,S2_PAIR_occ25,rc_car,,17.44,7.0,AMBIGUOUS,no viewpoint-matched clean frame
S2_PAIR_occ25_f000528.jpg,S2_PAIR_occ25,rc_car,,17.48,6.0,AMBIGUOUS,no viewpoint-matched clean frame
S2_PAIR_occ25_f000536.jpg,S2_PAIR_occ25,rc_car,,17.48,6.0,AMBIGUOUS,no viewpoint-matched clean frame
S2_PAIR_occ25_f000544.jpg,S2_PAIR_occ25,rc_car,,17.28,6.0,AMBIGUOUS,no viewpoint-matched clean frame
S2_PAIR_occ25_f000552.jpg,S2_PAIR_occ25,rc_car,,17.04,6.0,AMBIGUOUS,no viewpoint-matched clean frame
S2_PAIR_occ25_f000560.jpg,S2_PAIR_occ25,rc_car,,16.58,7.0,AMBIGUOUS,no viewpoint-matched clean frame
S2_PAIR_occ25_f000568.jpg,S2_PAIR_occ25,rc_car,,18.14,9.0,AMBIGUOUS,no viewpoint-matched clean frame
S2_PAIR_occ25_f000576.jpg,S2_PAIR_occ25,rc_car,0.3990,5.38,15.0,OCCLUDED,above floor p75
S2_PAIR_occ25_f000584.jpg,S2_PAIR_occ25,rc_car,0.2649,8.01,25.0,LIGHT,"frontal, below the confident floor - light occlusion"
S2_PAIR_occ25_f000592.jpg,S2_PAIR_occ25,rc_car,0.3464,7.34,26.0,OCCLUDED,above floor p75
S2_PAIR_occ25_f000600.jpg,S2_PAIR_occ25,rc_car,0.3486,7.61,26.0,OCCLUDED,above floor p75
S2_PAIR_occ25_f000608.jpg,S2_PAIR_occ25,rc_car,0.3029,7.93,26.0,LIGHT,"frontal, below the confident floor - light occlusion"
S2_PAIR_occ25_f000616.jpg,S2_PAIR_occ25,rc_car,0.3987,7.83,26.0,OCCLUDED,above floor p75
S2_PAIR_occ25_f000624.jpg,S2_PAIR_occ25,rc_car,0.1373,7.70,26.0,LIGHT,"frontal, below the confident floor - light occlusion"
S2_PAIR_occ25_f000632.jpg,S2_PAIR_occ25,rc_car,0.2398,7.62,26.0,LIGHT,"frontal, below the confident floor - light occlusion"
S2_PAIR_occ25_f000640.jpg,S2_PAIR_occ25,rc_car,0.2833,7.44,26.0,LIGHT,"frontal, below the confident floor - light occlusion"
S2_PAIR_occ25_f000648.jpg,S2_PAIR_occ25,rc_car,0.1346,8.23,26.0,LIGHT,"frontal, below the confident floor - light occlusion"
S2_PAIR_occ25_f000656.jpg,S2_PAIR_occ25,rc_car,0.0000,8.03,26.0,LIGHT,"frontal, below the confident floor - light occlusion"
S2_PAIR_occ25_f000664.jpg,S2_PAIR_occ25,rc_car,0.0000,7.91,26.0,LIGHT,"frontal, below the confident floor - light occlusion"
S2_PAIR_occ25_f000672.jpg,S2_PAIR_occ25,rc_car,0.0000,7.74,27.0,LIGHT,"frontal, below the confident floor - light occlusion"
S2_PAIR_occ25_f000680.jpg,S2_PAIR_occ25,rc_car,0.0000,7.55,32.0,LIGHT,"frontal, below the confident floor - light occlusion"
S2_PAIR_occ25_f000688.jpg,S2_PAIR_occ25,rc_car,0.0000,11.58,43.0,LIGHT,"frontal, below the confident floor - light occlusion"
S2_PAIR_occ25_f000696.jpg,S2_PAIR_occ25,rc_car,0.0000,8.31,49.0,LIGHT,"frontal, below the confident floor - light occlusion"
S2_PAIR_occ25_f000704.jpg,S2_PAIR_occ25,rc_car,0.0000,7.61,50.0,LIGHT,"frontal, below the confident floor - light occlusion"
S2_PAIR_occ25_f000712.jpg,S2_PAIR_occ25,rc_car,0.0000,7.62,50.0,LIGHT,"frontal, below the confident floor - light occlusion"
S2_PAIR_occ25_f000720.jpg,S2_PAIR_occ25,rc_car,0.0000,7.66,49.0,LIGHT,"frontal, below the confident floor - light occlusion"
S2_PAIR_occ25_f000728.jpg,S2_PAIR_occ25,rc_car,0.0000,7.59,49.0,LIGHT,"frontal, below the confident floor - light occlusion"
S2_PAIR_occ25_f000736.jpg,S2_PAIR_occ25,rc_car,0.0000,7.77,49.0,LIGHT,"frontal, below the confident floor - light occlusion"
S2_PAIR_occ25_f000744.jpg,S2_PAIR_occ25,rc_car,0.0000,8.50,50.0,LIGHT,"frontal, below the confident floor - light occlusion"
S2_PAIR_occ25_f000752.jpg,S2_PAIR_occ25,rc_car,0.0000,8.39,50.0,LIGHT,"frontal, below the confident floor - light occlusion"
S2_PAIR_occ25_f000760.jpg,S2_PAIR_occ25,rc_car,0.0000,8.34,50.0,LIGHT,"frontal, below the confident floor - light occlusion"
S2_PAIR_occ25_f000768.jpg,S2_PAIR_occ25,rc_car,0.0000,8.02,50.0,LIGHT,"frontal, below the confident floor - light occlusion"
S2_PAIR_occ25_f000776.jpg,S2_PAIR_occ25,rc_car,0.0000,7.77,50.0,LIGHT,"frontal, below the confident floor - light occlusion"
S2_PAIR_occ25_f000784.jpg,S2_PAIR_occ25,rc_car,0.0000,7.52,50.0,LIGHT,"frontal, below the confident floor - light occlusion"
S2_PAIR_occ25_f000792.jpg,S2_PAIR_occ25,rc_car,0.0000,7.42,50.0,LIGHT,"frontal, below the confident floor - light occlusion"
S2_PAIR_occ25_f000800.jpg,S2_PAIR_occ25,rc_car,0.0000,7.44,50.0,LIGHT,"frontal, below the confident floor - light occlusion"
S2_PAIR_occ25_f000808.jpg,S2_PAIR_occ25,rc_car,0.0000,7.49,50.0,LIGHT,"frontal, below the confident floor - light occlusion"
S2_PAIR_occ25_f000816.jpg,S2_PAIR_occ25,rc_car,0.0000,7.67,50.0,LIGHT,"frontal, below the confident floor - light occlusion"
S2_PAIR_occ25_f000824.jpg,S2_PAIR_occ25,rc_car,0.0000,7.72,50.0,LIGHT,"frontal, below the confident floor - light occlusion"
S2_PAIR_occ25_f000832.jpg,S2_PAIR_occ25,rc_car,0.0000,7.81,50.0,LIGHT,"frontal, below the confident floor - light occlusion"
S2_PAIR_occ25_f000840.jpg,S2_PAIR_occ25,rc_car,0.0000,7.78,50.0,LIGHT,"frontal, below the confident floor - light occlusion"
S2_PAIR_occ25_f000848.jpg,S2_PAIR_occ25,rc_car,0.0000,7.53,50.0,LIGHT,"frontal, below the confident floor - light occlusion"
S2_PAIR_occ25_f000856.jpg,S2_PAIR_occ25,rc_car,0.0000,7.42,50.0,LIGHT,"frontal, below the confident floor - light occlusion"
S2_PAIR_occ25_f000864.jpg,S2_PAIR_occ25,rc_car,0.0000,7.75,50.0,LIGHT,"frontal, below the confident floor - light occlusion"
S2_PAIR_occ25_f000872.jpg,S2_PAIR_occ25,rc_car,0.0000,8.13,50.0,LIGHT,"frontal, below the confident floor - light occlusion"
S2_PAIR_occ25_f000880.jpg,S2_PAIR_occ25,rc_car,0.0000,10.22,66.0,BYPASSED,outside frontal sector - far side of the strip
S2_PAIR_occ25_f000888.jpg,S2_PAIR_occ25,rc_car,0.0000,13.41,71.0,BYPASSED,outside frontal sector - far side of the strip
S2_PAIR_occ25_f000896.jpg,S2_PAIR_occ25,rc_car,0.0000,12.48,71.0,BYPASSED,outside frontal sector - far side of the strip
S2_PAIR_occ25_f000904.jpg,S2_PAIR_occ25,rc_car,0.0000,11.75,71.0,BYPASSED,outside frontal sector - far side of the strip
S2_PAIR_occ25_f000912.jpg,S2_PAIR_occ25,rc_car,0.0000,11.76,71.0,BYPASSED,outside frontal sector - far side of the strip
S2_PAIR_occ25_f000920.jpg,S2_PAIR_occ25,rc_car,0.0000,11.85,71.0,BYPASSED,outside frontal sector - far side of the strip
S2_PAIR_occ25_f000928.jpg,S2_PAIR_occ25,rc_car,0.0000,11.83,71.0,BYPASSED,outside frontal sector - far side of the strip
S2_PAIR_occ25_f000936.jpg,S2_PAIR_occ25,rc_car,0.0000,11.53,71.0,BYPASSED,outside frontal sector - far side of the strip
S2_PAIR_occ25_f000944.jpg,S2_PAIR_occ25,rc_car,0.0000,11.42,71.0,BYPASSED,outside frontal sector - far side of the strip
S2_PAIR_occ25_f000952.jpg,S2_PAIR_occ25,rc_car,0.0000,11.76,71.0,BYPASSED,outside frontal sector - far side of the strip
S2_PAIR_occ25_f000960.jpg,S2_PAIR_occ25,rc_car,0.0000,12.03,71.0,BYPASSED,outside frontal sector - far side of the strip
S2_PAIR_occ25_f000968.jpg,S2_PAIR_occ25,rc_car,0.0000,11.59,71.0,BYPASSED,outside frontal sector - far side of the strip
S2_PAIR_occ25_f000976.jpg,S2_PAIR_occ25,rc_car,0.0000,11.97,71.0,BYPASSED,outside frontal sector - far side of the strip
S2_PAIR_occ25_f000984.jpg,S2_PAIR_occ25,rc_car,0.0000,12.47,71.0,BYPASSED,outside frontal sector - far side of the strip
S2_PAIR_occ25_f000992.jpg,S2_PAIR_occ25,rc_car,0.0000,12.45,71.0,BYPASSED,outside frontal sector - far side of the strip
S2_PAIR_occ25_f001000.jpg,S2_PAIR_occ25,rc_car,0.0000,12.16,72.0,BYPASSED,outside frontal sector - far side of the strip
S2_PAIR_occ25_f001008.jpg,S2_PAIR_occ25,rc_car,0.0000,13.21,78.0,BYPASSED,outside frontal sector - far side of the strip
S2_PAIR_occ25_f001016.jpg,S2_PAIR_occ25,rc_car,,16.10,86.0,AMBIGUOUS,no viewpoint-matched clean frame
S2_PAIR_occ25_f001048.jpg,S2_PAIR_occ25,rc_car,,17.40,90.0,AMBIGUOUS,no viewpoint-matched clean frame
S2_PAIR_occ25_f001056.jpg,S2_PAIR_occ25,rc_car,,17.02,90.0,AMBIGUOUS,no viewpoint-matched clean frame
S2_PAIR_occ25_f001064.jpg,S2_PAIR_occ25,rc_car,,16.92,90.0,AMBIGUOUS,no viewpoint-matched clean frame
S2_PAIR_occ25_f001072.jpg,S2_PAIR_occ25,rc_car,,14.94,90.0,AMBIGUOUS,no viewpoint-matched clean frame
S2_PAIR_occ25_f001080.jpg,S2_PAIR_occ25,rc_car,,14.94,90.0,AMBIGUOUS,no viewpoint-matched clean frame
S2_PAIR_occ25_f001088.jpg,S2_PAIR_occ25,rc_car,,14.52,90.0,AMBIGUOUS,no viewpoint-matched clean frame
S2_PAIR_occ25_f001096.jpg,S2_PAIR_occ25,rc_car,,14.59,90.0,AMBIGUOUS,no viewpoint-matched clean frame
S2_PAIR_occ25_f001104.jpg,S2_PAIR_occ25,rc_car,,14.43,90.0,AMBIGUOUS,no viewpoint-matched clean frame
S2_PAIR_occ25_f001112.jpg,S2_PAIR_occ25,rc_car,,14.57,90.0,AMBIGUOUS,no viewpoint-matched clean frame
S2_PAIR_occ25_f001120.jpg,S2_PAIR_occ25,rc_car,,14.57,90.0,AMBIGUOUS,no viewpoint-matched clean frame
S2_PAIR_occ25_f001152.jpg,S2_PAIR_occ25,rc_car,,14.82,103.0,AMBIGUOUS,no viewpoint-matched clean frame
S2_PAIR_occ25_f001160.jpg,S2_PAIR_occ25,rc_car,,18.84,111.0,AMBIGUOUS,no viewpoint-matched clean frame
S2_PAIR_occ25_f001168.jpg,S2_PAIR_occ25,rc_car,,15.61,121.0,AMBIGUOUS,no viewpoint-matched clean frame
S2_PAIR_occ25_f001176.jpg,S2_PAIR_occ25,rc_car,0.0000,13.02,124.0,BYPASSED,outside frontal sector - far side of the strip
S2_PAIR_occ25_f001184.jpg,S2_PAIR_occ25,rc_car,0.0000,13.24,124.0,BYPASSED,outside frontal sector - far side of the strip
S2_PAIR_occ25_f001192.jpg,S2_PAIR_occ25,rc_car,0.0000,13.14,124.0,BYPASSED,outside frontal sector - far side of the strip
S2_PAIR_occ25_f001200.jpg,S2_PAIR_occ25,rc_car,0.0000,13.45,124.0,BYPASSED,outside frontal sector - far side of the strip
S2_PAIR_occ25_f001216.jpg,S2_PAIR_occ25,rc_car,,14.57,124.0,AMBIGUOUS,no viewpoint-matched clean frame
S2_PAIR_occ25_f001224.jpg,S2_PAIR_occ25,rc_car,,15.39,124.0,AMBIGUOUS,no viewpoint-matched clean frame
S2_PAIR_occ25_f001232.jpg,S2_PAIR_occ25,rc_car,,15.91,124.0,AMBIGUOUS,no viewpoint-matched clean frame
S2_PAIR_occ25_f001240.jpg,S2_PAIR_occ25,rc_car,,18.22,128.0,AMBIGUOUS,no viewpoint-matched clean frame
S2_PAIR_occ25_f001248.jpg,S2_PAIR_occ25,rc_car,,16.53,134.0,AMBIGUOUS,no viewpoint-matched clean frame
S2_PAIR_occ25_f001256.jpg,S2_PAIR_occ25,rc_car,,16.74,142.0,AMBIGUOUS,no viewpoint-matched clean frame
S2_PAIR_occ25_f001264.jpg,S2_PAIR_occ25,rc_car,0.0000,13.02,146.0,BYPASSED,outside frontal sector - far side of the strip
S2_PAIR_occ25_f001272.jpg,S2_PAIR_occ25,rc_car,0.0000,11.00,146.0,BYPASSED,outside frontal sector - far side of the strip
S2_PAIR_occ25_f001280.jpg,S2_PAIR_occ25,rc_car,0.0000,11.74,146.0,BYPASSED,outside frontal sector - far side of the strip
S2_PAIR_occ25_f001288.jpg,S2_PAIR_occ25,rc_car,0.0000,12.20,146.0,BYPASSED,outside frontal sector - far side of the strip
S2_PAIR_occ25_f001296.jpg,S2_PAIR_occ25,rc_car,0.0000,11.49,146.0,BYPASSED,outside frontal sector - far side of the strip
S2_PAIR_occ25_f001304.jpg,S2_PAIR_occ25,rc_car,,14.55,146.0,AMBIGUOUS,no viewpoint-matched clean frame
S2_PAIR_occ25_f001312.jpg,S2_PAIR_occ25,rc_car,,17.98,146.0,AMBIGUOUS,no viewpoint-matched clean frame
S2_PAIR_occ25_f001320.jpg,S2_PAIR_occ25,rc_car,,19.21,146.0,AMBIGUOUS,no viewpoint-matched clean frame
S2_PAIR_occ25_f001328.jpg,S2_PAIR_occ25,rc_car,0.0000,11.71,146.0,BYPASSED,outside frontal sector - far side of the strip
S2_PAIR_occ25_f001336.jpg,S2_PAIR_occ25,rc_car,0.0000,13.01,146.0,BYPASSED,outside frontal sector - far side of the strip
S2_PAIR_occ25_f001344.jpg,S2_PAIR_occ25,rc_car,0.0000,13.66,146.0,BYPASSED,outside frontal sector - far side of the strip
S2_PAIR_occ25_f001352.jpg,S2_PAIR_occ25,rc_car,0.0000,13.67,146.0,BYPASSED,outside frontal sector - far side of the strip
S2_PAIR_occ25_f001360.jpg,S2_PAIR_occ25,rc_car,0.0000,12.26,146.0,BYPASSED,outside frontal sector - far side of the strip
S2_PAIR_occ25_f001368.jpg,S2_PAIR_occ25,rc_car,0.0000,12.80,146.0,BYPASSED,outside frontal sector - far side of the strip
S2_PAIR_occ25_f001376.jpg,S2_PAIR_occ25,rc_car,0.0000,13.84,146.0,BYPASSED,outside frontal sector - far side of the strip
S2_PAIR_occ25_f001384.jpg,S2_PAIR_occ25,rc_car,0.0000,12.16,146.0,BYPASSED,outside frontal sector - far side of the strip
S2_PAIR_occ25_f001392.jpg,S2_PAIR_occ25,rc_car,,15.79,159.0,AMBIGUOUS,no viewpoint-matched clean frame
S2_PAIR_occ25_f001400.jpg,S2_PAIR_occ25,rc_car,,15.09,164.0,AMBIGUOUS,no viewpoint-matched clean frame
S2_PAIR_occ25_f001408.jpg,S2_PAIR_occ25,rc_car,0.0000,11.73,168.0,BYPASSED,outside frontal sector - far side of the strip
S2_PAIR_occ25_f001416.jpg,S2_PAIR_occ25,rc_car,0.0000,12.45,168.0,BYPASSED,outside frontal sector - far side of the strip
S2_PAIR_occ25_f001424.jpg,S2_PAIR_occ25,rc_car,0.0000,12.76,168.0,BYPASSED,outside frontal sector - far side of the strip
S2_PAIR_occ25_f001432.jpg,S2_PAIR_occ25,rc_car,0.0000,12.25,168.0,BYPASSED,outside frontal sector - far side of the strip
S2_PAIR_occ25_f001440.jpg,S2_PAIR_occ25,rc_car,0.0000,12.76,168.0,BYPASSED,outside frontal sector - far side of the strip
S2_PAIR_occ25_f001448.jpg,S2_PAIR_occ25,rc_car,0.0000,12.92,168.0,BYPASSED,outside frontal sector - far side of the strip
S2_PAIR_occ25_f001456.jpg,S2_PAIR_occ25,rc_car,0.0000,13.17,168.0,BYPASSED,outside frontal sector - far side of the strip
S2_PAIR_occ25_f001464.jpg,S2_PAIR_occ25,rc_car,,14.19,168.0,AMBIGUOUS,no viewpoint-matched clean frame
S2_PAIR_occ25_f001472.jpg,S2_PAIR_occ25,rc_car,,14.35,168.0,AMBIGUOUS,no viewpoint-matched clean frame
S2_PAIR_occ25_f001480.jpg,S2_PAIR_occ25,rc_car,,14.30,168.0,AMBIGUOUS,no viewpoint-matched clean frame
S2_PAIR_occ25_f001512.jpg,S2_PAIR_occ25,rc_car,0.0000,12.67,168.0,BYPASSED,outside frontal sector - far side of the strip
S2_PAIR_occ25_f001520.jpg,S2_PAIR_occ25,rc_car,0.0000,13.21,168.0,BYPASSED,outside frontal sector - far side of the strip
S2_PAIR_occ25_f001528.jpg,S2_PAIR_occ25,rc_car,0.0000,13.12,168.0,BYPASSED,outside frontal sector - far side of the strip
S2_PAIR_occ25_f001536.jpg,S2_PAIR_occ25,rc_car,0.0000,13.06,173.0,BYPASSED,outside frontal sector - far side of the strip
S2_PAIR_occ25_f001544.jpg,S2_PAIR_occ25,rc_car,0.0000,13.35,-175.0,BYPASSED,outside frontal sector - far side of the strip
S2_PAIR_occ25_f001552.jpg,S2_PAIR_occ25,rc_car,,16.15,-169.0,AMBIGUOUS,no viewpoint-matched clean frame
S2_PAIR_occ25_f001560.jpg,S2_PAIR_occ25,rc_car,0.0000,13.40,-167.0,BYPASSED,outside frontal sector - far side of the strip
S2_PAIR_occ25_f001568.jpg,S2_PAIR_occ25,rc_car,,14.09,-166.0,AMBIGUOUS,no viewpoint-matched clean frame
S2_PAIR_occ25_f001576.jpg,S2_PAIR_occ25,rc_car,0.0000,13.97,-166.0,BYPASSED,outside frontal sector - far side of the strip
S2_PAIR_occ25_f001584.jpg,S2_PAIR_occ25,rc_car,0.0000,13.88,-166.0,BYPASSED,outside frontal sector - far side of the strip
S2_PAIR_occ25_f001592.jpg,S2_PAIR_occ25,rc_car,0.0000,13.64,-166.0,BYPASSED,outside frontal sector - far side of the strip
S2_PAIR_occ25_f001600.jpg,S2_PAIR_occ25,rc_car,0.0000,13.33,-167.0,BYPASSED,outside frontal sector - far side of the strip
S2_PAIR_occ25_f001608.jpg,S2_PAIR_occ25,rc_car,0.0000,13.38,-167.0,BYPASSED,outside frontal sector - far side of the strip
S2_PAIR_occ25_f001616.jpg,S2_PAIR_occ25,rc_car,0.0000,12.50,-167.0,BYPASSED,outside frontal sector - far side of the strip
S2_PAIR_occ25_f001624.jpg,S2_PAIR_occ25,rc_car,0.0000,12.79,-167.0,BYPASSED,outside frontal sector - far side of the strip
S2_PAIR_occ25_f001632.jpg,S2_PAIR_occ25,rc_car,0.0000,13.83,-166.0,BYPASSED,outside frontal sector - far side of the strip
S2_PAIR_occ25_f001640.jpg,S2_PAIR_occ25,rc_car,,15.13,-167.0,AMBIGUOUS,no viewpoint-matched clean frame
S2_PAIR_occ25_f001648.jpg,S2_PAIR_occ25,rc_car,0.0000,12.93,-166.0,BYPASSED,outside frontal sector - far side of the strip
S2_PAIR_occ25_f001656.jpg,S2_PAIR_occ25,rc_car,0.0000,12.95,-161.0,BYPASSED,outside frontal sector - far side of the strip
S2_PAIR_occ25_f001664.jpg,S2_PAIR_occ25,rc_car,0.0000,13.65,-157.0,BYPASSED,outside frontal sector - far side of the strip
S2_PAIR_occ25_f001672.jpg,S2_PAIR_occ25,rc_car,0.0000,12.76,-157.0,BYPASSED,outside frontal sector - far side of the strip
S2_PAIR_occ25_f001680.jpg,S2_PAIR_occ25,rc_car,,14.21,-159.0,AMBIGUOUS,no viewpoint-matched clean frame
S2_PAIR_occ25_f001688.jpg,S2_PAIR_occ25,rc_car,0.0000,13.46,-159.0,BYPASSED,outside frontal sector - far side of the strip
S2_PAIR_occ25_f001696.jpg,S2_PAIR_occ25,rc_car,0.0000,13.27,-159.0,BYPASSED,outside frontal sector - far side of the strip
S2_PAIR_occ25_f001704.jpg,S2_PAIR_occ25,rc_car,0.0000,13.36,-159.0,BYPASSED,outside frontal sector - far side of the strip
S2_PAIR_occ25_f001712.jpg,S2_PAIR_occ25,rc_car,0.0000,13.40,-159.0,BYPASSED,outside frontal sector - far side of the strip
S2_PAIR_occ25_f001720.jpg,S2_PAIR_occ25,rc_car,0.0000,13.16,-158.0,BYPASSED,outside frontal sector - far side of the strip
S2_PAIR_occ25_f001728.jpg,S2_PAIR_occ25,rc_car,0.0000,13.17,-158.0,BYPASSED,outside frontal sector - far side of the strip
S2_PAIR_occ25_f001736.jpg,S2_PAIR_occ25,rc_car,0.0000,13.73,-159.0,BYPASSED,outside frontal sector - far side of the strip
S2_PAIR_occ25_f001744.jpg,S2_PAIR_occ25,rc_car,0.0000,13.61,-158.0,BYPASSED,outside frontal sector - far side of the strip
S2_PAIR_occ25_f001752.jpg,S2_PAIR_occ25,rc_car,,14.18,-152.0,AMBIGUOUS,no viewpoint-matched clean frame
S2_PAIR_occ25_f001760.jpg,S2_PAIR_occ25,rc_car,,16.72,-143.0,AMBIGUOUS,no viewpoint-matched clean frame
S2_PAIR_occ25_f001808.jpg,S2_PAIR_occ25,rc_car,,14.64,-136.0,AMBIGUOUS,no viewpoint-matched clean frame
S2_PAIR_occ25_f001816.jpg,S2_PAIR_occ25,rc_car,,14.25,-136.0,AMBIGUOUS,no viewpoint-matched clean frame
S2_PAIR_occ25_f001824.jpg,S2_PAIR_occ25,rc_car,,14.43,-136.0,AMBIGUOUS,no viewpoint-matched clean frame
S2_PAIR_occ25_f001832.jpg,S2_PAIR_occ25,rc_car,,14.71,-136.0,AMBIGUOUS,no viewpoint-matched clean frame
S2_PAIR_occ25_f001840.jpg,S2_PAIR_occ25,rc_car,,14.64,-136.0,AMBIGUOUS,no viewpoint-matched clean frame
S2_PAIR_occ25_f001848.jpg,S2_PAIR_occ25,rc_car,,14.44,-136.0,AMBIGUOUS,no viewpoint-matched clean frame
S2_PAIR_occ25_f001856.jpg,S2_PAIR_occ25,rc_car,,14.48,-136.0,AMBIGUOUS,no viewpoint-matched clean frame
S2_PAIR_occ25_f001864.jpg,S2_PAIR_occ25,rc_car,,14.19,-136.0,AMBIGUOUS,no viewpoint-matched clean frame
S2_PAIR_occ25_f001872.jpg,S2_PAIR_occ25,rc_car,,14.03,-136.0,AMBIGUOUS,no viewpoint-matched clean frame
S2_PAIR_occ25_f001880.jpg,S2_PAIR_occ25,rc_car,0.0000,13.73,-136.0,BYPASSED,outside frontal sector - far side of the strip
S2_PAIR_occ25_f001888.jpg,S2_PAIR_occ25,rc_car,0.0000,13.65,-136.0,BYPASSED,outside frontal sector - far side of the strip
S2_PAIR_occ25_f001896.jpg,S2_PAIR_occ25,rc_car,,14.12,-136.0,AMBIGUOUS,no viewpoint-matched clean frame
S2_PAIR_occ25_f001904.jpg,S2_PAIR_occ25,rc_car,,14.68,-136.0,AMBIGUOUS,no viewpoint-matched clean frame
S2_PAIR_occ25_f001912.jpg,S2_PAIR_occ25,rc_car,,15.43,-136.0,AMBIGUOUS,no viewpoint-matched clean frame
S2_PAIR_occ25_f001920.jpg,S2_PAIR_occ25,rc_car,,16.09,-136.0,AMBIGUOUS,no viewpoint-matched clean frame
S2_PAIR_occ25_f001928.jpg,S2_PAIR_occ25,rc_car,,16.36,-136.0,AMBIGUOUS,no viewpoint-matched clean frame
S2_PAIR_occ25_f001936.jpg,S2_PAIR_occ25,rc_car,,16.41,-136.0,AMBIGUOUS,no viewpoint-matched clean frame
S2_PAIR_occ25_f001944.jpg,S2_PAIR_occ25,rc_car,,16.68,-136.0,AMBIGUOUS,no viewpoint-matched clean frame
S2_PAIR_occ25_f001952.jpg,S2_PAIR_occ25,rc_car,,16.65,-136.0,AMBIGUOUS,no viewpoint-matched clean frame
S2_PAIR_occ25_f001960.jpg,S2_PAIR_occ25,rc_car,,17.23,-136.0,AMBIGUOUS,no viewpoint-matched clean frame
S2_PAIR_occ25_f001968.jpg,S2_PAIR_occ25,rc_car,,17.50,-136.0,AMBIGUOUS,no viewpoint-matched clean frame
S2_PAIR_occ25_f001976.jpg,S2_PAIR_occ25,rc_car,,17.69,-136.0,AMBIGUOUS,no viewpoint-matched clean frame
S2_PAIR_occ25_f001984.jpg,S2_PAIR_occ25,rc_car,,15.16,-131.0,AMBIGUOUS,no viewpoint-matched clean frame
S2_PAIR_occ25_f001992.jpg,S2_PAIR_occ25,rc_car,0.2374,13.46,-124.0,BYPASSED,"outside frontal sector, reading within noise"
S2_PAIR_occ25_f002000.jpg,S2_PAIR_occ25,rc_car,0.0000,12.78,-114.0,BYPASSED,outside frontal sector - far side of the strip
S2_PAIR_occ25_f002008.jpg,S2_PAIR_occ25,rc_car,0.0000,13.26,-108.0,BYPASSED,outside frontal sector - far side of the strip
S2_PAIR_occ25_f002016.jpg,S2_PAIR_occ25,rc_car,,14.35,-103.0,AMBIGUOUS,no viewpoint-matched clean frame
S2_PAIR_occ25_f002024.jpg,S2_PAIR_occ25,rc_car,,14.78,-100.0,AMBIGUOUS,no viewpoint-matched clean frame
S2_PAIR_occ25_f002032.jpg,S2_PAIR_occ25,rc_car,,14.99,-101.0,AMBIGUOUS,no viewpoint-matched clean frame
S2_PAIR_occ25_f002040.jpg,S2_PAIR_occ25,rc_car,,14.60,-101.0,AMBIGUOUS,no viewpoint-matched clean frame
S2_PAIR_occ25_f002048.jpg,S2_PAIR_occ25,rc_car,,14.40,-101.0,AMBIGUOUS,no viewpoint-matched clean frame
S2_PAIR_occ25_f002056.jpg,S2_PAIR_occ25,rc_car,,14.26,-101.0,AMBIGUOUS,no viewpoint-matched clean frame
S2_PAIR_occ25_f002064.jpg,S2_PAIR_occ25,rc_car,,14.26,-101.0,AMBIGUOUS,no viewpoint-matched clean frame
S2_PAIR_occ25_f002072.jpg,S2_PAIR_occ25,rc_car,,14.46,-100.0,AMBIGUOUS,no viewpoint-matched clean frame
S2_PAIR_occ25_f002080.jpg,S2_PAIR_occ25,rc_car,,14.69,-100.0,AMBIGUOUS,no viewpoint-matched clean frame
S2_PAIR_occ25_f002088.jpg,S2_PAIR_occ25,rc_car,,15.08,-101.0,AMBIGUOUS,no viewpoint-matched clean frame
S2_PAIR_occ25_f002096.jpg,S2_PAIR_occ25,rc_car,,15.29,-101.0,AMBIGUOUS,no viewpoint-matched clean frame
S2_PAIR_occ25_f002104.jpg,S2_PAIR_occ25,rc_car,,15.41,-101.0,AMBIGUOUS,no viewpoint-matched clean frame
S2_PAIR_occ25_f002112.jpg,S2_PAIR_occ25,rc_car,,15.49,-101.0,AMBIGUOUS,no viewpoint-matched clean frame
S2_PAIR_occ25_f002120.jpg,S2_PAIR_occ25,rc_car,,15.44,-101.0,AMBIGUOUS,no viewpoint-matched clean frame
S2_PAIR_occ25_f002128.jpg,S2_PAIR_occ25,rc_car,,15.32,-101.0,AMBIGUOUS,no viewpoint-matched clean frame
S2_PAIR_occ25_f002136.jpg,S2_PAIR_occ25,rc_car,,15.18,-101.0,AMBIGUOUS,no viewpoint-matched clean frame
S2_PAIR_occ25_f002144.jpg,S2_PAIR_occ25,rc_car,,15.50,-101.0,AMBIGUOUS,no viewpoint-matched clean frame
S2_PAIR_occ25_f002152.jpg,S2_PAIR_occ25,rc_car,,14.99,-101.0,AMBIGUOUS,no viewpoint-matched clean frame
S2_PAIR_occ25_f002160.jpg,S2_PAIR_occ25,rc_car,,14.37,-101.0,AMBIGUOUS,no viewpoint-matched clean frame
S2_PAIR_occ25_f002168.jpg,S2_PAIR_occ25,rc_car,,14.55,-101.0,AMBIGUOUS,no viewpoint-matched clean frame
S2_PAIR_occ25_f002176.jpg,S2_PAIR_occ25,rc_car,0.0784,13.92,-101.0,BYPASSED,outside frontal sector - far side of the strip
S2_PAIR_occ25_f002184.jpg,S2_PAIR_occ25,rc_car,0.0328,13.59,-101.0,BYPASSED,outside frontal sector - far side of the strip
S2_PAIR_occ25_f002192.jpg,S2_PAIR_occ25,rc_car,0.0000,13.45,-101.0,BYPASSED,outside frontal sector - far side of the strip
S2_PAIR_occ25_f002200.jpg,S2_PAIR_occ25,rc_car,0.0016,13.07,-100.0,BYPASSED,outside frontal sector - far side of the strip
S2_PAIR_occ25_f002208.jpg,S2_PAIR_occ25,rc_car,,14.27,-95.0,AMBIGUOUS,no viewpoint-matched clean frame
S2_PAIR_occ25_f002216.jpg,S2_PAIR_occ25,rc_car,,15.87,-90.0,AMBIGUOUS,no viewpoint-matched clean frame
S2_PAIR_occ25_f002224.jpg,S2_PAIR_occ25,rc_car,,16.76,-85.0,AMBIGUOUS,no viewpoint-matched clean frame
S2_PAIR_occ25_f002232.jpg,S2_PAIR_occ25,rc_car,,18.13,-78.0,AMBIGUOUS,no viewpoint-matched clean frame
S2_PAIR_occ25_f002240.jpg,S2_PAIR_occ25,rc_car,,18.38,-78.0,AMBIGUOUS,no viewpoint-matched clean frame
S2_PAIR_occ25_f002248.jpg,S2_PAIR_occ25,rc_car,,18.01,-78.0,AMBIGUOUS,no viewpoint-matched clean frame
S2_PAIR_occ25_f002256.jpg,S2_PAIR_occ25,rc_car,,17.77,-78.0,AMBIGUOUS,no viewpoint-matched clean frame
S2_PAIR_occ25_f002264.jpg,S2_PAIR_occ25,rc_car,,17.95,-78.0,AMBIGUOUS,no viewpoint-matched clean frame
S2_PAIR_occ25_f002272.jpg,S2_PAIR_occ25,rc_car,,17.92,-78.0,AMBIGUOUS,no viewpoint-matched clean frame
S2_PAIR_occ25_f002280.jpg,S2_PAIR_occ25,rc_car,,18.16,-78.0,AMBIGUOUS,no viewpoint-matched clean frame
S2_PAIR_occ25_f002288.jpg,S2_PAIR_occ25,rc_car,,18.13,-78.0,AMBIGUOUS,no viewpoint-matched clean frame
S2_PAIR_occ25_f002296.jpg,S2_PAIR_occ25,rc_car,,17.95,-78.0,AMBIGUOUS,no viewpoint-matched clean frame
S2_PAIR_occ25_f002304.jpg,S2_PAIR_occ25,rc_car,,17.55,-78.0,AMBIGUOUS,no viewpoint-matched clean frame
S2_PAIR_occ25_f002312.jpg,S2_PAIR_occ25,rc_car,,17.07,-78.0,AMBIGUOUS,no viewpoint-matched clean frame
S2_PAIR_occ25_f002320.jpg,S2_PAIR_occ25,rc_car,,17.28,-78.0,AMBIGUOUS,no viewpoint-matched clean frame
S2_PAIR_occ25_f002328.jpg,S2_PAIR_occ25,rc_car,,17.10,-78.0,AMBIGUOUS,no viewpoint-matched clean frame
S2_PAIR_occ25_f002336.jpg,S2_PAIR_occ25,rc_car,,17.70,-74.0,AMBIGUOUS,no viewpoint-matched clean frame
S2_PAIR_occ25_f002344.jpg,S2_PAIR_occ25,rc_car,,14.99,-67.0,AMBIGUOUS,no viewpoint-matched clean frame
S2_PAIR_occ25_f002352.jpg,S2_PAIR_occ25,rc_car,0.0000,13.69,-59.0,LIGHT,"frontal, below the confident floor - light occlusion"
S2_PAIR_occ25_f002360.jpg,S2_PAIR_occ25,rc_car,0.0000,11.38,-56.0,LIGHT,"frontal, below the confident floor - light occlusion"
S2_PAIR_occ25_f002368.jpg,S2_PAIR_occ25,rc_car,0.0000,11.20,-56.0,LIGHT,"frontal, below the confident floor - light occlusion"
S2_PAIR_occ25_f002376.jpg,S2_PAIR_occ25,rc_car,0.0000,10.50,-56.0,LIGHT,"frontal, below the confident floor - light occlusion"
S2_PAIR_occ25_f002384.jpg,S2_PAIR_occ25,rc_car,0.0000,10.47,-56.0,LIGHT,"frontal, below the confident floor - light occlusion"
S2_PAIR_occ25_f002392.jpg,S2_PAIR_occ25,rc_car,0.0000,10.77,-56.0,LIGHT,"frontal, below the confident floor - light occlusion"
S2_PAIR_occ25_f002400.jpg,S2_PAIR_occ25,rc_car,0.0000,10.58,-56.0,LIGHT,"frontal, below the confident floor - light occlusion"
S2_PAIR_occ25_f002408.jpg,S2_PAIR_occ25,rc_car,0.0000,10.38,-56.0,LIGHT,"frontal, below the confident floor - light occlusion"
S2_PAIR_occ25_f002416.jpg,S2_PAIR_occ25,rc_car,0.0000,11.30,-56.0,LIGHT,"frontal, below the confident floor - light occlusion"
S2_PAIR_occ25_f002424.jpg,S2_PAIR_occ25,rc_car,0.0000,12.53,-56.0,LIGHT,"frontal, below the confident floor - light occlusion"
S2_PAIR_occ25_f002432.jpg,S2_PAIR_occ25,rc_car,0.0000,13.21,-56.0,LIGHT,"frontal, below the confident floor - light occlusion"
S2_PAIR_occ25_f002440.jpg,S2_PAIR_occ25,rc_car,0.0000,13.67,-56.0,LIGHT,"frontal, below the confident floor - light occlusion"
S2_PAIR_occ25_f002448.jpg,S2_PAIR_occ25,rc_car,0.0000,13.95,-56.0,LIGHT,"frontal, below the confident floor - light occlusion"
S2_PAIR_occ25_f002456.jpg,S2_PAIR_occ25,rc_car,,14.21,-56.0,AMBIGUOUS,no viewpoint-matched clean frame
S2_PAIR_occ25_f002464.jpg,S2_PAIR_occ25,rc_car,,14.25,-56.0,AMBIGUOUS,no viewpoint-matched clean frame
S2_PAIR_occ25_f002472.jpg,S2_PAIR_occ25,rc_car,0.0000,13.87,-56.0,LIGHT,"frontal, below the confident floor - light occlusion"
S2_PAIR_occ25_f002480.jpg,S2_PAIR_occ25,rc_car,,14.04,-56.0,AMBIGUOUS,no viewpoint-matched clean frame
S2_PAIR_occ25_f002488.jpg,S2_PAIR_occ25,rc_car,,14.34,-56.0,AMBIGUOUS,no viewpoint-matched clean frame
S2_PAIR_occ25_f002496.jpg,S2_PAIR_occ25,rc_car,,14.35,-56.0,AMBIGUOUS,no viewpoint-matched clean frame
S2_PAIR_occ25_f002504.jpg,S2_PAIR_occ25,rc_car,,14.18,-56.0,AMBIGUOUS,no viewpoint-matched clean frame
S2_PAIR_occ25_f002512.jpg,S2_PAIR_occ25,rc_car,,14.06,-56.0,AMBIGUOUS,no viewpoint-matched clean frame
S2_PAIR_occ25_f002520.jpg,S2_PAIR_occ25,rc_car,0.0000,13.97,-56.0,LIGHT,"frontal, below the confident floor - light occlusion"
S2_PAIR_occ25_f002528.jpg,S2_PAIR_occ25,rc_car,,14.10,-56.0,AMBIGUOUS,no viewpoint-matched clean frame
S2_PAIR_occ25_f002536.jpg,S2_PAIR_occ25,rc_car,,14.27,-56.0,AMBIGUOUS,no viewpoint-matched clean frame
S2_PAIR_occ25_f002544.jpg,S2_PAIR_occ25,rc_car,0.0000,13.80,-56.0,LIGHT,"frontal, below the confident floor - light occlusion"
S2_PAIR_occ25_f002552.jpg,S2_PAIR_occ25,rc_car,0.0000,13.87,-56.0,LIGHT,"frontal, below the confident floor - light occlusion"
S2_PAIR_occ25_f002560.jpg,S2_PAIR_occ25,rc_car,0.0000,13.90,-56.0,LIGHT,"frontal, below the confident floor - light occlusion"
S2_PAIR_occ25_f002568.jpg,S2_PAIR_occ25,rc_car,,14.28,-56.0,AMBIGUOUS,no viewpoint-matched clean frame
S2_PAIR_occ25_f002576.jpg,S2_PAIR_occ25,rc_car,,14.13,-56.0,AMBIGUOUS,no viewpoint-matched clean frame
S2_PAIR_occ25_f002584.jpg,S2_PAIR_occ25,rc_car,,14.01,-56.0,AMBIGUOUS,no viewpoint-matched clean frame
S2_PAIR_occ25_f002592.jpg,S2_PAIR_occ25,rc_car,0.0100,11.51,-50.0,LIGHT,"frontal, below the confident floor - light occlusion"
S2_PAIR_occ25_f002600.jpg,S2_PAIR_occ25,rc_car,0.0000,9.91,-42.0,LIGHT,"frontal, below the confident floor - light occlusion"
S2_PAIR_occ25_f002608.jpg,S2_PAIR_occ25,rc_car,,15.28,-34.0,AMBIGUOUS,no viewpoint-matched clean frame
S2_PAIR_occ25_f002616.jpg,S2_PAIR_occ25,rc_car,0.3517,8.40,-28.0,OCCLUDED,above floor p75
S2_PAIR_occ25_f002624.jpg,S2_PAIR_occ25,rc_car,0.2962,8.38,-28.0,LIGHT,"frontal, below the confident floor - light occlusion"
S2_PAIR_occ25_f002632.jpg,S2_PAIR_occ25,rc_car,0.2535,8.54,-29.0,LIGHT,"frontal, below the confident floor - light occlusion"
S2_PAIR_occ25_f002640.jpg,S2_PAIR_occ25,rc_car,0.1723,8.01,-28.0,LIGHT,"frontal, below the confident floor - light occlusion"
S2_PAIR_occ25_f002648.jpg,S2_PAIR_occ25,rc_car,0.2092,8.42,-28.0,LIGHT,"frontal, below the confident floor - light occlusion"
S2_PAIR_occ25_f002656.jpg,S2_PAIR_occ25,rc_car,0.2208,9.55,-28.0,LIGHT,"frontal, below the confident floor - light occlusion"
S2_PAIR_occ25_f002664.jpg,S2_PAIR_occ25,rc_car,0.1771,10.46,-28.0,LIGHT,"frontal, below the confident floor - light occlusion"
S2_PAIR_occ25_f002672.jpg,S2_PAIR_occ25,rc_car,0.2871,11.62,-28.0,LIGHT,"frontal, below the confident floor - light occlusion"
S2_PAIR_occ25_f002680.jpg,S2_PAIR_occ25,rc_car,0.1213,12.91,-28.0,LIGHT,"frontal, below the confident floor - light occlusion"
S2_PAIR_occ25_f002688.jpg,S2_PAIR_occ25,rc_car,0.1375,13.80,-28.0,LIGHT,"frontal, below the confident floor - light occlusion"
S2_PAIR_occ25_f002696.jpg,S2_PAIR_occ25,rc_car,0.1147,13.91,-28.0,LIGHT,"frontal, below the confident floor - light occlusion"
S2_PAIR_occ25_f002704.jpg,S2_PAIR_occ25,rc_car,,14.41,-28.0,AMBIGUOUS,no viewpoint-matched clean frame
S2_PAIR_occ25_f002712.jpg,S2_PAIR_occ25,rc_car,,15.19,-28.0,AMBIGUOUS,no viewpoint-matched clean frame
S2_PAIR_occ25_f002720.jpg,S2_PAIR_occ25,rc_car,,16.05,-28.0,AMBIGUOUS,no viewpoint-matched clean frame
S2_PAIR_occ25_f002728.jpg,S2_PAIR_occ25,rc_car,,16.10,-28.0,AMBIGUOUS,no viewpoint-matched clean frame
S2_PAIR_occ25_f002736.jpg,S2_PAIR_occ25,rc_car,,16.79,-28.0,AMBIGUOUS,no viewpoint-matched clean frame
S2_PAIR_occ25_f002744.jpg,S2_PAIR_occ25,rc_car,,17.49,-28.0,AMBIGUOUS,no viewpoint-matched clean frame
S2_PAIR_occ25_f002752.jpg,S2_PAIR_occ25,rc_car,,17.88,-28.0,AMBIGUOUS,no viewpoint-matched clean frame
S2_PAIR_occ25_f002760.jpg,S2_PAIR_occ25,rc_car,,14.80,-20.0,AMBIGUOUS,no viewpoint-matched clean frame
S2_PAIR_occ25_f002768.jpg,S2_PAIR_occ25,rc_car,0.5164,10.09,-15.0,OCCLUDED,above floor p75
S2_PAIR_occ25_f002776.jpg,S2_PAIR_occ25,rc_car,0.5191,11.63,-8.0,OCCLUDED,above floor p75
S2_PAIR_occ25_f002784.jpg,S2_PAIR_occ25,rc_car,0.2999,5.77,-1.0,LIGHT,"frontal, below the confident floor - light occlusion"
S2_PAIR_occ25_f002792.jpg,S2_PAIR_occ25,rc_car,0.4458,5.97,-1.0,OCCLUDED,above floor p75
S2_PAIR_occ25_f002800.jpg,S2_PAIR_occ25,rc_car,0.5099,6.18,-1.0,OCCLUDED,above floor p75
S2_PAIR_occ25_f002808.jpg,S2_PAIR_occ25,rc_car,0.3466,6.40,-1.0,OCCLUDED,above floor p75
S2_PAIR_occ25_f002816.jpg,S2_PAIR_occ25,rc_car,0.4555,5.66,-1.0,OCCLUDED,above floor p75
S2_PAIR_occ25_f002824.jpg,S2_PAIR_occ25,rc_car,0.4088,5.74,-1.0,OCCLUDED,above floor p75
S2_PAIR_occ25_f002832.jpg,S2_PAIR_occ25,rc_car,0.6497,6.59,-1.0,OCCLUDED,above floor p75
S2_PAIR_occ25_f002840.jpg,S2_PAIR_occ25,rc_car,0.6416,6.92,-1.0,OCCLUDED,above floor p75
S2_PAIR_occ25_f002848.jpg,S2_PAIR_occ25,rc_car,0.4861,7.13,-1.0,OCCLUDED,above floor p75
S2_PAIR_occ25_f002856.jpg,S2_PAIR_occ25,rc_car,0.6150,7.25,-1.0,OCCLUDED,above floor p75
S2_PAIR_occ25_f002864.jpg,S2_PAIR_occ25,rc_car,0.5036,7.97,-1.0,OCCLUDED,above floor p75
S2_PAIR_occ25_f002872.jpg,S2_PAIR_occ25,rc_car,0.5243,8.74,-1.0,OCCLUDED,above floor p75
S2_PAIR_occ25_f002880.jpg,S2_PAIR_occ25,rc_car,0.2662,7.92,-1.0,LIGHT,"frontal, below the confident floor - light occlusion"
S2_PAIR_occ25_f002888.jpg,S2_PAIR_occ25,rc_car,0.6239,7.85,-1.0,OCCLUDED,above floor p75
S2_PAIR_occ25_f002896.jpg,S2_PAIR_occ25,rc_car,0.3885,7.03,-1.0,OCCLUDED,above floor p75
S2_PAIR_occ25_f002904.jpg,S2_PAIR_occ25,rc_car,0.3254,6.68,-1.0,OCCLUDED,above floor p75
S2_PAIR_occ25_f002912.jpg,S2_PAIR_occ25,rc_car,0.4739,6.42,-1.0,OCCLUDED,above floor p75
S2_PAIR_occ25_f002920.jpg,S2_PAIR_occ25,rc_car,0.4504,5.80,-1.0,OCCLUDED,above floor p75
S2_PAIR_occ25_f002928.jpg,S2_PAIR_occ25,rc_car,0.4575,5.79,-1.0,OCCLUDED,above floor p75
S2_PAIR_occ25_f002936.jpg,S2_PAIR_occ25,rc_car,0.2672,6.34,-1.0,LIGHT,"frontal, below the confident floor - light occlusion"
S2_PAIR_occ25_f002944.jpg,S2_PAIR_occ25,rc_car,0.4328,6.99,-1.0,OCCLUDED,above floor p75
S2_PAIR_occ25_f002952.jpg,S2_PAIR_occ25,rc_car,0.5217,6.82,-1.0,OCCLUDED,above floor p75
S2_PAIR_occ25_f002960.jpg,S2_PAIR_occ25,rc_car,0.4328,8.83,-1.0,OCCLUDED,above floor p75
S2_PAIR_occ25_f002968.jpg,S2_PAIR_occ25,rc_car,0.4328,7.33,-1.0,OCCLUDED,above floor p75
S2_PAIR_occ25_f002976.jpg,S2_PAIR_occ25,rc_car,0.3553,6.91,-1.0,OCCLUDED,above floor p75
S2_PAIR_occ25_f002984.jpg,S2_PAIR_occ25,rc_car,0.4534,6.83,-1.0,OCCLUDED,above floor p75
S2_PAIR_occ25_f002992.jpg,S2_PAIR_occ25,rc_car,0.3574,6.80,-1.0,OCCLUDED,above floor p75
S2_PAIR_occ25_f003000.jpg,S2_PAIR_occ25,rc_car,0.2493,6.46,-1.0,LIGHT,"frontal, below the confident floor - light occlusion"
S2_PAIR_occ25_f003008.jpg,S2_PAIR_occ25,rc_car,0.4328,6.21,-1.0,OCCLUDED,above floor p75
S2_PAIR_occ25_f003016.jpg,S2_PAIR_occ25,rc_car,0.2932,5.86,-1.0,LIGHT,"frontal, below the confident floor - light occlusion"
S2_PAIR_occ25_f003024.jpg,S2_PAIR_occ25,rc_car,0.2747,5.74,-1.0,LIGHT,"frontal, below the confident floor - light occlusion"
S2_PAIR_occ25_f003032.jpg,S2_PAIR_occ25,rc_car,0.4161,5.60,-1.0,OCCLUDED,above floor p75
S2_PAIR_occ25_f003040.jpg,S2_PAIR_occ25,rc_car,0.2460,5.66,-1.0,LIGHT,"frontal, below the confident floor - light occlusion"
S2_PAIR_occ25_f003048.jpg,S2_PAIR_occ25,rc_car,0.4387,5.63,-1.0,OCCLUDED,above floor p75
S2_PAIR_occ25_f003056.jpg,S2_PAIR_occ25,rc_car,0.0860,5.52,-1.0,LIGHT,"frontal, below the confident floor - light occlusion"
S2_PAIR_occ25_f003064.jpg,S2_PAIR_occ25,rc_car,0.3741,5.56,-1.0,OCCLUDED,above floor p75
S2_PAIR_occ25_f003072.jpg,S2_PAIR_occ25,rc_car,0.3882,5.99,-1.0,OCCLUDED,above floor p75
S2_PAIR_occ25_f003080.jpg,S2_PAIR_occ25,rc_car,0.2537,6.32,-1.0,LIGHT,"frontal, below the confident floor - light occlusion"
S2_PAIR_occ25_f003088.jpg,S2_PAIR_occ25,rc_car,0.1588,6.40,-1.0,LIGHT,"frontal, below the confident floor - light occlusion"
S2_PAIR_occ25_f003096.jpg,S2_PAIR_occ25,rc_car,0.0653,6.03,-1.0,LIGHT,"frontal, below the confident floor - light occlusion"
S2_PAIR_occ25_f003104.jpg,S2_PAIR_occ25,rc_car,0.4438,6.89,-1.0,OCCLUDED,above floor p75
S2_PAIR_occ25_f003112.jpg,S2_PAIR_occ25,rc_car,0.2540,5.92,-1.0,LIGHT,"frontal, below the confident floor - light occlusion"
S2_PAIR_occ25_f003120.jpg,S2_PAIR_occ25,rc_car,0.3104,5.71,-1.0,LIGHT,"frontal, below the confident floor - light occlusion"
S2_PAIR_occ25_f003128.jpg,S2_PAIR_occ25,rc_car,0.1026,5.98,-1.0,LIGHT,"frontal, below the confident floor - light occlusion"
S2_PAIR_occ25_f003136.jpg,S2_PAIR_occ25,rc_car,0.2992,5.72,-1.0,LIGHT,"frontal, below the confident floor - light occlusion"
S2_PAIR_occ25_f003144.jpg,S2_PAIR_occ25,rc_car,0.2874,5.86,-1.0,LIGHT,"frontal, below the confident floor - light occlusion"
S2_PAIR_occ25_f003152.jpg,S2_PAIR_occ25,rc_car,0.2251,5.69,-1.0,LIGHT,"frontal, below the confident floor - light occlusion"
S2_PAIR_occ25_f003160.jpg,S2_PAIR_occ25,rc_car,0.3307,5.82,-1.0,OCCLUDED,above floor p75
S2_PAIR_occ25_f003168.jpg,S2_PAIR_occ25,rc_car,0.3326,6.05,-1.0,OCCLUDED,above floor p75
S2_PAIR_occ25_f003176.jpg,S2_PAIR_occ25,rc_car,0.3159,6.23,-1.0,LIGHT,"frontal, below the confident floor - light occlusion"
S2_PAIR_occ25_f003184.jpg,S2_PAIR_occ25,rc_car,0.1083,6.28,-1.0,LIGHT,"frontal, below the confident floor - light occlusion"
S2_PAIR_occ25_f003192.jpg,S2_PAIR_occ25,rc_car,0.0887,6.45,-1.0,LIGHT,"frontal, below the confident floor - light occlusion"
S2_PAIR_occ25_f003200.jpg,S2_PAIR_occ25,rc_car,0.3009,6.23,-1.0,LIGHT,"frontal, below the confident floor - light occlusion"
S2_PAIR_occ25_f003208.jpg,S2_PAIR_occ25,rc_car,0.2692,5.84,-1.0,LIGHT,"frontal, below the confident floor - light occlusion"
S2_PAIR_occ25_f003216.jpg,S2_PAIR_occ25,rc_car,0.2632,5.82,-1.0,LIGHT,"frontal, below the confident floor - light occlusion"
S2_PAIR_occ25_f003224.jpg,S2_PAIR_occ25,rc_car,0.5817,9.25,-1.0,OCCLUDED,above floor p75
S2_PAIR_occ25_f003232.jpg,S2_PAIR_occ25,rc_car,0.0000,11.53,-1.0,LIGHT,"frontal, below the confident floor - light occlusion"
S2_PAIR_occ25_f003240.jpg,S2_PAIR_occ25,rc_car,0.1266,10.81,-1.0,LIGHT,"frontal, below the confident floor - light occlusion"
S2_PAIR_occ25_f003248.jpg,S2_PAIR_occ25,rc_car,0.1812,11.20,-1.0,LIGHT,"frontal, below the confident floor - light occlusion"
S2_PAIR_occ25_f003256.jpg,S2_PAIR_occ25,rc_car,0.0000,12.31,-1.0,LIGHT,"frontal, below the confident floor - light occlusion"
S2_PAIR_occ25_f003264.jpg,S2_PAIR_occ25,rc_car,,16.28,-1.0,AMBIGUOUS,no viewpoint-matched clean frame
S2_PAIR_occ25_f003272.jpg,S2_PAIR_occ25,rc_car,,17.36,-1.0,AMBIGUOUS,no viewpoint-matched clean frame
S2_PAIR_occ25_f003280.jpg,S2_PAIR_occ25,rc_car,,16.96,-1.0,AMBIGUOUS,no viewpoint-matched clean frame
S2_PAIR_occ25_f003288.jpg,S2_PAIR_occ25,rc_car,,17.47,-3.0,AMBIGUOUS,no viewpoint-matched clean frame
S2_PAIR_occ50_f004344.jpg,S2_PAIR_occ50,rc_car,0.3739,10.18,-4.0,OCCLUDED,above floor p75
S2_PAIR_occ50_f004352.jpg,S2_PAIR_occ50,rc_car,0.4014,10.34,-4.0,OCCLUDED,above floor p75
S2_PAIR_occ50_f004360.jpg,S2_PAIR_occ50,rc_car,0.3888,10.42,-4.0,OCCLUDED,above floor p75
S2_PAIR_occ50_f004368.jpg,S2_PAIR_occ50,rc_car,0.3407,10.37,-4.0,OCCLUDED,above floor p75
S2_PAIR_occ50_f004376.jpg,S2_PAIR_occ50,rc_car,0.3911,10.46,-4.0,OCCLUDED,above floor p75
S2_PAIR_occ50_f004384.jpg,S2_PAIR_occ50,rc_car,0.4202,10.36,-4.0,OCCLUDED,above floor p75
S2_PAIR_occ50_f004392.jpg,S2_PAIR_occ50,rc_car,0.4801,10.35,-4.0,OCCLUDED,above floor p75
S2_PAIR_occ50_f004400.jpg,S2_PAIR_occ50,rc_car,0.4602,10.33,-4.0,OCCLUDED,above floor p75
S2_PAIR_occ50_f004408.jpg,S2_PAIR_occ50,rc_car,0.4372,10.32,-4.0,OCCLUDED,above floor p75
S2_PAIR_occ50_f004416.jpg,S2_PAIR_occ50,rc_car,0.4090,10.26,-4.0,OCCLUDED,above floor p75
S2_PAIR_occ50_f004424.jpg,S2_PAIR_occ50,rc_car,0.4479,10.30,-4.0,OCCLUDED,above floor p75
S2_PAIR_occ50_f004432.jpg,S2_PAIR_occ50,rc_car,0.4376,10.23,-4.0,OCCLUDED,above floor p75
S2_PAIR_occ50_f004440.jpg,S2_PAIR_occ50,rc_car,0.4141,10.19,-4.0,OCCLUDED,above floor p75
S2_PAIR_occ50_f004448.jpg,S2_PAIR_occ50,rc_car,0.4473,10.20,-4.0,OCCLUDED,above floor p75
S2_PAIR_occ50_f004456.jpg,S2_PAIR_occ50,rc_car,0.3329,10.17,-4.0,OCCLUDED,above floor p75
S2_PAIR_occ50_f004464.jpg,S2_PAIR_occ50,rc_car,0.4729,10.20,-4.0,OCCLUDED,above floor p75
S2_PAIR_occ50_f004472.jpg,S2_PAIR_occ50,rc_car,0.4313,10.20,-4.0,OCCLUDED,above floor p75
S2_PAIR_occ50_f004480.jpg,S2_PAIR_occ50,rc_car,0.5444,10.25,-4.0,OCCLUDED,above floor p75
S2_PAIR_occ50_f004488.jpg,S2_PAIR_occ50,rc_car,0.5846,9.65,-4.0,OCCLUDED,above floor p75
S2_PAIR_occ50_f004496.jpg,S2_PAIR_occ50,rc_car,0.5495,9.54,-4.0,OCCLUDED,above floor p75
S2_PAIR_occ50_f004504.jpg,S2_PAIR_occ50,rc_car,0.6710,8.76,-4.0,OCCLUDED,above floor p75
S2_PAIR_occ50_f004512.jpg,S2_PAIR_occ50,rc_car,0.6517,8.43,-4.0,OCCLUDED,above floor p75
S2_PAIR_occ50_f004520.jpg,S2_PAIR_occ50,rc_car,0.7040,8.30,-5.0,OCCLUDED,above floor p75
S2_PAIR_occ50_f004528.jpg,S2_PAIR_occ50,rc_car,0.7456,8.24,-5.0,OCCLUDED,above floor p75
S2_PAIR_occ50_f004536.jpg,S2_PAIR_occ50,rc_car,0.6542,8.20,-4.0,OCCLUDED,above floor p75
S2_PAIR_occ50_f004544.jpg,S2_PAIR_occ50,rc_car,0.7170,8.26,-4.0,OCCLUDED,above floor p75
S2_PAIR_occ50_f004552.jpg,S2_PAIR_occ50,rc_car,0.4958,8.52,-4.0,OCCLUDED,above floor p75
S2_PAIR_occ50_f004560.jpg,S2_PAIR_occ50,rc_car,0.5153,8.58,-4.0,OCCLUDED,above floor p75
S2_PAIR_occ50_f004568.jpg,S2_PAIR_occ50,rc_car,0.5714,8.62,-4.0,OCCLUDED,above floor p75
S2_PAIR_occ50_f004576.jpg,S2_PAIR_occ50,rc_car,0.5259,8.64,-4.0,OCCLUDED,above floor p75
S2_PAIR_occ50_f004584.jpg,S2_PAIR_occ50,rc_car,0.5626,7.93,-4.0,OCCLUDED,above floor p75
S2_PAIR_occ50_f004592.jpg,S2_PAIR_occ50,rc_car,0.6603,7.32,-4.0,OCCLUDED,above floor p75
S2_PAIR_occ50_f004600.jpg,S2_PAIR_occ50,rc_car,0.6527,6.81,-4.0,OCCLUDED,above floor p75
S2_PAIR_occ50_f004608.jpg,S2_PAIR_occ50,rc_car,0.5956,6.34,-4.0,OCCLUDED,above floor p75
S2_PAIR_occ50_f004616.jpg,S2_PAIR_occ50,rc_car,0.6573,6.19,-4.0,OCCLUDED,above floor p75
S2_PAIR_occ50_f004624.jpg,S2_PAIR_occ50,rc_car,0.5978,6.20,-4.0,OCCLUDED,above floor p75
S2_PAIR_occ50_f004632.jpg,S2_PAIR_occ50,rc_car,0.6897,6.23,-4.0,OCCLUDED,above floor p75
S2_PAIR_occ50_f004640.jpg,S2_PAIR_occ50,rc_car,0.5562,6.25,-4.0,OCCLUDED,above floor p75
S2_PAIR_occ50_f004648.jpg,S2_PAIR_occ50,rc_car,0.6041,6.25,-4.0,OCCLUDED,above floor p75
S2_PAIR_occ50_f004656.jpg,S2_PAIR_occ50,rc_car,0.4649,6.14,-4.0,OCCLUDED,above floor p75
S2_PAIR_occ50_f004664.jpg,S2_PAIR_occ50,rc_car,0.5597,5.85,-5.0,OCCLUDED,above floor p75
S2_PAIR_occ50_f004672.jpg,S2_PAIR_occ50,rc_car,0.5436,6.15,-5.0,OCCLUDED,above floor p75
S2_PAIR_occ50_f004680.jpg,S2_PAIR_occ50,rc_car,0.4253,7.69,-5.0,OCCLUDED,above floor p75
S2_PAIR_occ50_f004688.jpg,S2_PAIR_occ50,rc_car,0.4883,9.38,-5.0,OCCLUDED,above floor p75
S2_PAIR_occ50_f004696.jpg,S2_PAIR_occ50,rc_car,0.5986,9.96,-4.0,OCCLUDED,above floor p75
S2_PAIR_occ50_f004704.jpg,S2_PAIR_occ50,rc_car,0.7482,10.57,7.0,OCCLUDED,above floor p75
S2_PAIR_occ50_f004712.jpg,S2_PAIR_occ50,rc_car,0.6487,10.13,14.0,OCCLUDED,above floor p75
S2_PAIR_occ50_f004720.jpg,S2_PAIR_occ50,rc_car,0.5537,9.75,19.0,OCCLUDED,above floor p75
S2_PAIR_occ50_f004728.jpg,S2_PAIR_occ50,rc_car,0.6319,10.87,20.0,OCCLUDED,above floor p75
S2_PAIR_occ50_f004736.jpg,S2_PAIR_occ50,rc_car,0.6942,9.83,20.0,OCCLUDED,above floor p75
S2_PAIR_occ50_f004744.jpg,S2_PAIR_occ50,rc_car,0.5484,9.78,20.0,OCCLUDED,above floor p75
S2_PAIR_occ50_f004752.jpg,S2_PAIR_occ50,rc_car,0.6390,10.92,20.0,OCCLUDED,above floor p75
S2_PAIR_occ50_f004760.jpg,S2_PAIR_occ50,rc_car,0.5753,11.45,20.0,OCCLUDED,above floor p75
S2_PAIR_occ50_f004768.jpg,S2_PAIR_occ50,rc_car,0.6461,11.90,20.0,OCCLUDED,above floor p75
S2_PAIR_occ50_f004776.jpg,S2_PAIR_occ50,rc_car,0.5702,12.02,20.0,OCCLUDED,above floor p75
S2_PAIR_occ50_f004784.jpg,S2_PAIR_occ50,rc_car,0.5057,12.15,20.0,OCCLUDED,above floor p75
S2_PAIR_occ50_f004792.jpg,S2_PAIR_occ50,rc_car,0.6226,12.25,20.0,OCCLUDED,above floor p75
S2_PAIR_occ50_f004800.jpg,S2_PAIR_occ50,rc_car,0.5957,12.58,20.0,OCCLUDED,above floor p75
S2_PAIR_occ50_f004808.jpg,S2_PAIR_occ50,rc_car,0.6016,12.93,20.0,OCCLUDED,above floor p75
S2_PAIR_occ50_f004816.jpg,S2_PAIR_occ50,rc_car,0.5392,8.87,22.0,OCCLUDED,above floor p75
S2_PAIR_occ50_f004824.jpg,S2_PAIR_occ50,rc_car,0.5830,8.06,30.0,OCCLUDED,above floor p75
S2_PAIR_occ50_f004832.jpg,S2_PAIR_occ50,rc_car,0.3758,12.91,42.0,OCCLUDED,above floor p75
S2_PAIR_occ50_f004840.jpg,S2_PAIR_occ50,rc_car,0.1345,7.46,45.0,LIGHT,"frontal, below the confident floor - light occlusion"
S2_PAIR_occ50_f004848.jpg,S2_PAIR_occ50,rc_car,0.3847,11.99,47.0,OCCLUDED,above floor p75
S2_PAIR_occ50_f004856.jpg,S2_PAIR_occ50,rc_car,0.4787,10.53,48.0,OCCLUDED,above floor p75
S2_PAIR_occ50_f004864.jpg,S2_PAIR_occ50,rc_car,0.2747,10.86,48.0,LIGHT,"frontal, below the confident floor - light occlusion"
S2_PAIR_occ50_f004872.jpg,S2_PAIR_occ50,rc_car,0.5261,11.63,48.0,OCCLUDED,above floor p75
S2_PAIR_occ50_f004904.jpg,S2_PAIR_occ50,rc_car,0.2813,12.88,47.0,LIGHT,"frontal, below the confident floor - light occlusion"
S2_PAIR_occ50_f004912.jpg,S2_PAIR_occ50,rc_car,0.3170,13.33,48.0,LIGHT,"frontal, below the confident floor - light occlusion"
S2_PAIR_occ50_f004920.jpg,S2_PAIR_occ50,rc_car,0.2552,13.35,48.0,LIGHT,"frontal, below the confident floor - light occlusion"
S2_PAIR_occ50_f004928.jpg,S2_PAIR_occ50,rc_car,0.3956,7.81,58.0,OCCLUDED,above floor p75
S2_PAIR_occ50_f004936.jpg,S2_PAIR_occ50,rc_car,0.2725,10.60,59.0,LIGHT,"frontal, below the confident floor - light occlusion"
S2_PAIR_occ50_f004944.jpg,S2_PAIR_occ50,rc_car,0.4346,10.51,59.0,OCCLUDED,above floor p75
S2_PAIR_occ50_f004952.jpg,S2_PAIR_occ50,rc_car,0.3903,10.25,59.0,OCCLUDED,above floor p75
S2_PAIR_occ50_f004960.jpg,S2_PAIR_occ50,rc_car,0.4817,8.74,59.0,OCCLUDED,above floor p75
S2_PAIR_occ50_f004968.jpg,S2_PAIR_occ50,rc_car,0.4180,10.54,59.0,OCCLUDED,above floor p75
S2_PAIR_occ50_f004976.jpg,S2_PAIR_occ50,rc_car,0.3875,10.89,59.0,OCCLUDED,above floor p75
S2_PAIR_occ50_f004984.jpg,S2_PAIR_occ50,rc_car,0.2378,11.59,59.0,LIGHT,"frontal, below the confident floor - light occlusion"
S2_PAIR_occ50_f004992.jpg,S2_PAIR_occ50,rc_car,0.2434,11.97,59.0,LIGHT,"frontal, below the confident floor - light occlusion"
S2_PAIR_occ50_f005000.jpg,S2_PAIR_occ50,rc_car,0.3293,12.29,59.0,OCCLUDED,above floor p75
S2_PAIR_occ50_f005008.jpg,S2_PAIR_occ50,rc_car,0.3889,12.74,59.0,OCCLUDED,above floor p75
S2_PAIR_occ50_f005016.jpg,S2_PAIR_occ50,rc_car,0.3016,13.22,59.0,LIGHT,"frontal, below the confident floor - light occlusion"
S2_PAIR_occ50_f005024.jpg,S2_PAIR_occ50,rc_car,0.3072,12.96,59.0,LIGHT,"frontal, below the confident floor - light occlusion"
S2_PAIR_occ50_f005032.jpg,S2_PAIR_occ50,rc_car,0.1339,13.02,59.0,LIGHT,"frontal, below the confident floor - light occlusion"
S2_PAIR_occ50_f005040.jpg,S2_PAIR_occ50,rc_car,0.0688,13.21,59.0,LIGHT,"frontal, below the confident floor - light occlusion"
S2_PAIR_occ50_f005048.jpg,S2_PAIR_occ50,rc_car,0.3016,11.05,65.0,BYPASSED,"outside frontal sector, reading within noise"
S2_PAIR_occ50_f005056.jpg,S2_PAIR_occ50,rc_car,0.0409,11.96,74.0,BYPASSED,outside frontal sector - far side of the strip
S2_PAIR_occ50_f005064.jpg,S2_PAIR_occ50,rc_car,0.1841,13.08,76.0,BYPASSED,"outside frontal sector, reading within noise"
S2_PAIR_occ50_f005072.jpg,S2_PAIR_occ50,rc_car,,14.08,80.0,AMBIGUOUS,no viewpoint-matched clean frame
S2_PAIR_occ50_f005080.jpg,S2_PAIR_occ50,rc_car,,14.43,81.0,AMBIGUOUS,no viewpoint-matched clean frame
S2_PAIR_occ50_f005088.jpg,S2_PAIR_occ50,rc_car,0.0000,13.41,81.0,BYPASSED,outside frontal sector - far side of the strip
S2_PAIR_occ50_f005096.jpg,S2_PAIR_occ50,rc_car,,14.39,81.0,AMBIGUOUS,no viewpoint-matched clean frame
S2_PAIR_occ50_f005104.jpg,S2_PAIR_occ50,rc_car,,14.94,81.0,AMBIGUOUS,no viewpoint-matched clean frame
S2_PAIR_occ50_f005112.jpg,S2_PAIR_occ50,rc_car,,15.34,81.0,AMBIGUOUS,no viewpoint-matched clean frame
S2_PAIR_occ50_f005120.jpg,S2_PAIR_occ50,rc_car,,14.30,81.0,AMBIGUOUS,no viewpoint-matched clean frame
S2_PAIR_occ50_f005128.jpg,S2_PAIR_occ50,rc_car,,15.28,81.0,AMBIGUOUS,no viewpoint-matched clean frame
S2_PAIR_occ50_f005136.jpg,S2_PAIR_occ50,rc_car,0.0000,11.41,84.0,BYPASSED,outside frontal sector - far side of the strip
S2_PAIR_occ50_f005144.jpg,S2_PAIR_occ50,rc_car,0.0000,12.57,91.0,BYPASSED,outside frontal sector - far side of the strip
S2_PAIR_occ50_f005152.jpg,S2_PAIR_occ50,rc_car,0.0000,8.92,95.0,BYPASSED,outside frontal sector - far side of the strip
S2_PAIR_occ50_f005160.jpg,S2_PAIR_occ50,rc_car,,15.98,104.0,AMBIGUOUS,no viewpoint-matched clean frame
S2_PAIR_occ50_f005168.jpg,S2_PAIR_occ50,rc_car,,16.35,104.0,AMBIGUOUS,no viewpoint-matched clean frame
S2_PAIR_occ50_f005176.jpg,S2_PAIR_occ50,rc_car,,16.16,104.0,AMBIGUOUS,no viewpoint-matched clean frame
S2_PAIR_occ50_f005184.jpg,S2_PAIR_occ50,rc_car,,15.77,104.0,AMBIGUOUS,no viewpoint-matched clean frame
S2_PAIR_occ50_f005192.jpg,S2_PAIR_occ50,rc_car,,15.95,104.0,AMBIGUOUS,no viewpoint-matched clean frame
S2_PAIR_occ50_f005200.jpg,S2_PAIR_occ50,rc_car,,16.12,104.0,AMBIGUOUS,no viewpoint-matched clean frame
S2_PAIR_occ50_f005208.jpg,S2_PAIR_occ50,rc_car,,16.50,105.0,AMBIGUOUS,no viewpoint-matched clean frame
S2_PAIR_occ50_f005216.jpg,S2_PAIR_occ50,rc_car,,18.11,105.0,AMBIGUOUS,no viewpoint-matched clean frame
S2_PAIR_occ50_f005224.jpg,S2_PAIR_occ50,rc_car,,19.63,105.0,AMBIGUOUS,no viewpoint-matched clean frame
S2_PAIR_occ50_f005240.jpg,S2_PAIR_occ50,rc_car,0.0000,13.91,126.0,BYPASSED,outside frontal sector - far side of the strip
S2_PAIR_occ50_f005248.jpg,S2_PAIR_occ50,rc_car,0.0000,13.12,126.0,BYPASSED,outside frontal sector - far side of the strip
S2_PAIR_occ50_f005256.jpg,S2_PAIR_occ50,rc_car,0.0000,13.42,126.0,BYPASSED,outside frontal sector - far side of the strip
S2_PAIR_occ50_f005264.jpg,S2_PAIR_occ50,rc_car,0.0000,13.46,126.0,BYPASSED,outside frontal sector - far side of the strip
S2_PAIR_occ50_f005272.jpg,S2_PAIR_occ50,rc_car,0.0136,13.09,127.0,BYPASSED,outside frontal sector - far side of the strip
S2_PAIR_occ50_f005280.jpg,S2_PAIR_occ50,rc_car,0.0000,12.85,127.0,BYPASSED,outside frontal sector - far side of the strip
S2_PAIR_occ50_f005288.jpg,S2_PAIR_occ50,rc_car,0.0000,12.00,127.0,BYPASSED,outside frontal sector - far side of the strip
S2_PAIR_occ50_f005296.jpg,S2_PAIR_occ50,rc_car,0.0281,12.10,127.0,BYPASSED,outside frontal sector - far side of the strip
S2_PAIR_occ50_f005304.jpg,S2_PAIR_occ50,rc_car,0.0000,12.42,127.0,BYPASSED,outside frontal sector - far side of the strip
S2_PAIR_occ50_f005312.jpg,S2_PAIR_occ50,rc_car,0.0077,13.02,126.0,BYPASSED,outside frontal sector - far side of the strip
S2_PAIR_occ50_f005320.jpg,S2_PAIR_occ50,rc_car,0.0000,13.69,126.0,BYPASSED,outside frontal sector - far side of the strip
S2_PAIR_occ50_f005328.jpg,S2_PAIR_occ50,rc_car,,14.29,127.0,AMBIGUOUS,no viewpoint-matched clean frame
S2_PAIR_occ50_f005336.jpg,S2_PAIR_occ50,rc_car,,15.04,127.0,AMBIGUOUS,no viewpoint-matched clean frame
S2_PAIR_occ50_f005344.jpg,S2_PAIR_occ50,rc_car,,15.49,127.0,AMBIGUOUS,no viewpoint-matched clean frame
S2_PAIR_occ50_f005352.jpg,S2_PAIR_occ50,rc_car,,15.37,127.0,AMBIGUOUS,no viewpoint-matched clean frame
S2_PAIR_occ50_f005360.jpg,S2_PAIR_occ50,rc_car,,15.53,127.0,AMBIGUOUS,no viewpoint-matched clean frame
S2_PAIR_occ50_f005368.jpg,S2_PAIR_occ50,rc_car,,16.18,127.0,AMBIGUOUS,no viewpoint-matched clean frame
S2_PAIR_occ50_f005376.jpg,S2_PAIR_occ50,rc_car,0.0000,10.90,131.0,BYPASSED,outside frontal sector - far side of the strip
S2_PAIR_occ50_f005384.jpg,S2_PAIR_occ50,rc_car,0.0000,12.04,141.0,BYPASSED,outside frontal sector - far side of the strip
S2_PAIR_occ50_f005392.jpg,S2_PAIR_occ50,rc_car,0.0012,7.07,146.0,BYPASSED,outside frontal sector - far side of the strip
S2_PAIR_occ50_f005400.jpg,S2_PAIR_occ50,rc_car,0.0000,12.14,149.0,BYPASSED,outside frontal sector - far side of the strip
S2_PAIR_occ50_f005408.jpg,S2_PAIR_occ50,rc_car,0.0785,12.45,149.0,BYPASSED,outside frontal sector - far side of the strip
S2_PAIR_occ50_f005416.jpg,S2_PAIR_occ50,rc_car,0.1212,11.50,149.0,BYPASSED,outside frontal sector - far side of the strip
S2_PAIR_occ50_f005424.jpg,S2_PAIR_occ50,rc_car,0.0775,11.35,149.0,BYPASSED,outside frontal sector - far side of the strip
S2_PAIR_occ50_f005432.jpg,S2_PAIR_occ50,rc_car,0.0000,12.54,149.0,BYPASSED,outside frontal sector - far side of the strip
S2_PAIR_occ50_f005440.jpg,S2_PAIR_occ50,rc_car,0.0237,12.07,149.0,BYPASSED,outside frontal sector - far side of the strip
S2_PAIR_occ50_f005448.jpg,S2_PAIR_occ50,rc_car,0.0000,11.54,149.0,BYPASSED,outside frontal sector - far side of the strip
S2_PAIR_occ50_f005456.jpg,S2_PAIR_occ50,rc_car,0.0000,11.54,149.0,BYPASSED,outside frontal sector - far side of the strip
S2_PAIR_occ50_f005464.jpg,S2_PAIR_occ50,rc_car,0.0000,11.60,149.0,BYPASSED,outside frontal sector - far side of the strip
S2_PAIR_occ50_f005472.jpg,S2_PAIR_occ50,rc_car,0.0000,11.39,149.0,BYPASSED,outside frontal sector - far side of the strip
S2_PAIR_occ50_f005480.jpg,S2_PAIR_occ50,rc_car,0.0000,11.03,149.0,BYPASSED,outside frontal sector - far side of the strip
S2_PAIR_occ50_f005488.jpg,S2_PAIR_occ50,rc_car,0.0000,10.79,149.0,BYPASSED,outside frontal sector - far side of the strip
S2_PAIR_occ50_f005496.jpg,S2_PAIR_occ50,rc_car,0.0000,10.64,149.0,BYPASSED,outside frontal sector - far side of the strip
S2_PAIR_occ50_f005504.jpg,S2_PAIR_occ50,rc_car,0.0000,9.96,149.0,BYPASSED,outside frontal sector - far side of the strip
S2_PAIR_occ50_f005512.jpg,S2_PAIR_occ50,rc_car,0.0000,10.02,149.0,BYPASSED,outside frontal sector - far side of the strip
S2_PAIR_occ50_f005520.jpg,S2_PAIR_occ50,rc_car,0.0000,10.26,149.0,BYPASSED,outside frontal sector - far side of the strip
S2_PAIR_occ50_f005528.jpg,S2_PAIR_occ50,rc_car,0.2815,11.32,149.0,BYPASSED,"outside frontal sector, reading within noise"
S2_PAIR_occ50_f005536.jpg,S2_PAIR_occ50,rc_car,0.2103,13.29,149.0,BYPASSED,"outside frontal sector, reading within noise"
S2_PAIR_occ50_f005544.jpg,S2_PAIR_occ50,rc_car,,16.64,159.0,AMBIGUOUS,no viewpoint-matched clean frame
S2_PAIR_occ50_f005552.jpg,S2_PAIR_occ50,rc_car,0.1801,9.33,164.0,BYPASSED,"outside frontal sector, reading within noise"
S2_PAIR_occ50_f005560.jpg,S2_PAIR_occ50,rc_car,,15.75,174.0,AMBIGUOUS,no viewpoint-matched clean frame
S2_PAIR_occ50_f005568.jpg,S2_PAIR_occ50,rc_car,0.4572,12.76,177.0,OCCLUDED,above floor p75
S2_PAIR_occ50_f005576.jpg,S2_PAIR_occ50,rc_car,0.1188,13.16,177.0,BYPASSED,outside frontal sector - far side of the strip
S2_PAIR_occ50_f005584.jpg,S2_PAIR_occ50,rc_car,0.1436,12.91,177.0,BYPASSED,outside frontal sector - far side of the strip
S2_PAIR_occ50_f005592.jpg,S2_PAIR_occ50,rc_car,0.1196,12.75,177.0,BYPASSED,outside frontal sector - far side of the strip
S2_PAIR_occ50_f005600.jpg,S2_PAIR_occ50,rc_car,0.1875,12.74,177.0,BYPASSED,"outside frontal sector, reading within noise"
S2_PAIR_occ50_f005608.jpg,S2_PAIR_occ50,rc_car,0.1488,12.84,177.0,BYPASSED,"outside frontal sector, reading within noise"
S2_PAIR_occ50_f005616.jpg,S2_PAIR_occ50,rc_car,0.1427,12.95,177.0,BYPASSED,outside frontal sector - far side of the strip
S2_PAIR_occ50_f005624.jpg,S2_PAIR_occ50,rc_car,0.1749,13.43,177.0,BYPASSED,"outside frontal sector, reading within noise"
S2_PAIR_occ50_f005632.jpg,S2_PAIR_occ50,rc_car,,14.60,177.0,AMBIGUOUS,no viewpoint-matched clean frame
S2_PAIR_occ50_f005640.jpg,S2_PAIR_occ50,rc_car,,15.81,177.0,AMBIGUOUS,no viewpoint-matched clean frame
S2_PAIR_occ50_f005648.jpg,S2_PAIR_occ50,rc_car,,17.08,177.0,AMBIGUOUS,no viewpoint-matched clean frame
S2_PAIR_occ50_f005656.jpg,S2_PAIR_occ50,rc_car,,16.88,177.0,AMBIGUOUS,no viewpoint-matched clean frame
S2_PAIR_occ50_f005664.jpg,S2_PAIR_occ50,rc_car,,16.18,177.0,AMBIGUOUS,no viewpoint-matched clean frame
S2_PAIR_occ50_f005672.jpg,S2_PAIR_occ50,rc_car,,14.99,177.0,AMBIGUOUS,no viewpoint-matched clean frame
S2_PAIR_occ50_f005680.jpg,S2_PAIR_occ50,rc_car,0.0428,13.92,177.0,BYPASSED,outside frontal sector - far side of the strip
S2_PAIR_occ50_f005688.jpg,S2_PAIR_occ50,rc_car,0.0098,13.23,177.0,BYPASSED,outside frontal sector - far side of the strip
S2_PAIR_occ50_f005696.jpg,S2_PAIR_occ50,rc_car,0.0067,12.53,177.0,BYPASSED,outside frontal sector - far side of the strip
S2_PAIR_occ50_f005704.jpg,S2_PAIR_occ50,rc_car,0.4018,12.09,177.0,OCCLUDED,above floor p75
S2_PAIR_occ50_f005712.jpg,S2_PAIR_occ50,rc_car,0.5252,11.87,177.0,OCCLUDED,above floor p75
S2_PAIR_occ50_f005720.jpg,S2_PAIR_occ50,rc_car,0.5062,12.15,177.0,OCCLUDED,above floor p75
S2_PAIR_occ50_f005728.jpg,S2_PAIR_occ50,rc_car,,15.58,179.0,AMBIGUOUS,no viewpoint-matched clean frame
S2_PAIR_occ50_f005736.jpg,S2_PAIR_occ50,rc_car,0.3689,12.85,-173.0,OCCLUDED,above floor p75
S2_PAIR_occ50_f005744.jpg,S2_PAIR_occ50,rc_car,0.0714,10.98,-164.0,BYPASSED,outside frontal sector - far side of the strip
S2_PAIR_occ50_f005752.jpg,S2_PAIR_occ50,rc_car,,14.36,-154.0,AMBIGUOUS,no viewpoint-matched clean frame
S2_PAIR_occ50_f005760.jpg,S2_PAIR_occ50,rc_car,,18.30,-152.0,AMBIGUOUS,no viewpoint-matched clean frame
S2_PAIR_occ50_f005768.jpg,S2_PAIR_occ50,rc_car,,20.11,-151.0,AMBIGUOUS,no viewpoint-matched clean frame
S2_PAIR_occ50_f005776.jpg,S2_PAIR_occ50,rc_car,,19.25,-151.0,AMBIGUOUS,no viewpoint-matched clean frame
S2_PAIR_occ50_f005784.jpg,S2_PAIR_occ50,rc_car,,18.28,-152.0,AMBIGUOUS,no viewpoint-matched clean frame
S2_PAIR_occ50_f005792.jpg,S2_PAIR_occ50,rc_car,,15.47,-151.0,AMBIGUOUS,no viewpoint-matched clean frame
S2_PAIR_occ50_f005800.jpg,S2_PAIR_occ50,rc_car,,14.74,-151.0,AMBIGUOUS,no viewpoint-matched clean frame
S2_PAIR_occ50_f005808.jpg,S2_PAIR_occ50,rc_car,,14.50,-151.0,AMBIGUOUS,no viewpoint-matched clean frame
S2_PAIR_occ50_f005816.jpg,S2_PAIR_occ50,rc_car,0.0246,13.95,-151.0,BYPASSED,outside frontal sector - far side of the strip
S2_PAIR_occ50_f005824.jpg,S2_PAIR_occ50,rc_car,0.0933,13.05,-151.0,BYPASSED,outside frontal sector - far side of the strip
S2_PAIR_occ50_f005832.jpg,S2_PAIR_occ50,rc_car,0.0000,12.54,-151.0,BYPASSED,outside frontal sector - far side of the strip
S2_PAIR_occ50_f005840.jpg,S2_PAIR_occ50,rc_car,0.0000,11.86,-151.0,BYPASSED,outside frontal sector - far side of the strip
S2_PAIR_occ50_f005848.jpg,S2_PAIR_occ50,rc_car,0.0371,10.97,-151.0,BYPASSED,outside frontal sector - far side of the strip
S2_PAIR_occ50_f005856.jpg,S2_PAIR_occ50,rc_car,0.0000,10.93,-151.0,BYPASSED,outside frontal sector - far side of the strip
S2_PAIR_occ50_f005864.jpg,S2_PAIR_occ50,rc_car,0.0385,12.36,-151.0,BYPASSED,outside frontal sector - far side of the strip
S2_PAIR_occ50_f005872.jpg,S2_PAIR_occ50,rc_car,0.0448,12.28,-151.0,BYPASSED,outside frontal sector - far side of the strip
S2_PAIR_occ50_f005880.jpg,S2_PAIR_occ50,rc_car,0.4612,12.19,-151.0,OCCLUDED,above floor p75
S2_PAIR_occ50_f005888.jpg,S2_PAIR_occ50,rc_car,0.2044,12.95,-151.0,BYPASSED,"outside frontal sector, reading within noise"
S2_PAIR_occ50_f005896.jpg,S2_PAIR_occ50,rc_car,0.3093,13.82,-151.0,BYPASSED,"outside frontal sector, reading within noise"
S2_PAIR_occ50_f005904.jpg,S2_PAIR_occ50,rc_car,0.1601,13.51,-151.0,BYPASSED,"outside frontal sector, reading within noise"
S2_PAIR_occ50_f005912.jpg,S2_PAIR_occ50,rc_car,0.2715,13.90,-151.0,BYPASSED,"outside frontal sector, reading within noise"
S2_PAIR_occ50_f005920.jpg,S2_PAIR_occ50,rc_car,0.1385,13.10,-147.0,BYPASSED,outside frontal sector - far side of the strip
S2_PAIR_occ50_f005928.jpg,S2_PAIR_occ50,rc_car,,16.93,-141.0,AMBIGUOUS,no viewpoint-matched clean frame
S2_PAIR_occ50_f005936.jpg,S2_PAIR_occ50,rc_car,,16.49,-133.0,AMBIGUOUS,no viewpoint-matched clean frame
S2_PAIR_occ50_f005944.jpg,S2_PAIR_occ50,rc_car,0.2735,13.82,-126.0,BYPASSED,"outside frontal sector, reading within noise"
S2_PAIR_occ50_f005952.jpg,S2_PAIR_occ50,rc_car,0.1353,13.73,-126.0,BYPASSED,outside frontal sector - far side of the strip
S2_PAIR_occ50_f005960.jpg,S2_PAIR_occ50,rc_car,0.2738,13.73,-126.0,BYPASSED,"outside frontal sector, reading within noise"
S2_PAIR_occ50_f005968.jpg,S2_PAIR_occ50,rc_car,0.0000,12.29,-126.0,BYPASSED,outside frontal sector - far side of the strip
S2_PAIR_occ50_f005976.jpg,S2_PAIR_occ50,rc_car,0.2819,13.52,-126.0,BYPASSED,"outside frontal sector, reading within noise"
S2_PAIR_occ50_f005984.jpg,S2_PAIR_occ50,rc_car,,14.83,-127.0,AMBIGUOUS,no viewpoint-matched clean frame
S2_PAIR_occ50_f005992.jpg,S2_PAIR_occ50,rc_car,,14.71,-122.0,AMBIGUOUS,no viewpoint-matched clean frame
S2_PAIR_occ50_f006000.jpg,S2_PAIR_occ50,rc_car,,14.35,-115.0,AMBIGUOUS,no viewpoint-matched clean frame
S2_PAIR_occ50_f006008.jpg,S2_PAIR_occ50,rc_car,,14.73,-107.0,AMBIGUOUS,no viewpoint-matched clean frame
S2_PAIR_occ50_f006016.jpg,S2_PAIR_occ50,rc_car,,14.75,-103.0,AMBIGUOUS,no viewpoint-matched clean frame
S2_PAIR_occ50_f006024.jpg,S2_PAIR_occ50,rc_car,,14.42,-103.0,AMBIGUOUS,no viewpoint-matched clean frame
S2_PAIR_occ50_f006032.jpg,S2_PAIR_occ50,rc_car,0.0586,13.36,-104.0,BYPASSED,outside frontal sector - far side of the strip
S2_PAIR_occ50_f006040.jpg,S2_PAIR_occ50,rc_car,0.0637,13.09,-104.0,BYPASSED,outside frontal sector - far side of the strip
S2_PAIR_occ50_f006048.jpg,S2_PAIR_occ50,rc_car,0.0000,13.87,-104.0,BYPASSED,outside frontal sector - far side of the strip
S2_PAIR_occ50_f006056.jpg,S2_PAIR_occ50,rc_car,,14.08,-104.0,AMBIGUOUS,no viewpoint-matched clean frame
S2_PAIR_occ50_f006064.jpg,S2_PAIR_occ50,rc_car,,14.64,-104.0,AMBIGUOUS,no viewpoint-matched clean frame
S2_PAIR_occ50_f006072.jpg,S2_PAIR_occ50,rc_car,,14.88,-104.0,AMBIGUOUS,no viewpoint-matched clean frame
S2_PAIR_occ50_f006080.jpg,S2_PAIR_occ50,rc_car,,15.29,-104.0,AMBIGUOUS,no viewpoint-matched clean frame
S2_PAIR_occ50_f006088.jpg,S2_PAIR_occ50,rc_car,,15.12,-103.0,AMBIGUOUS,no viewpoint-matched clean frame
S2_PAIR_occ50_f006096.jpg,S2_PAIR_occ50,rc_car,,15.67,-94.0,AMBIGUOUS,no viewpoint-matched clean frame
S2_PAIR_occ50_f006104.jpg,S2_PAIR_occ50,rc_car,,16.13,-86.0,AMBIGUOUS,no viewpoint-matched clean frame
S2_PAIR_occ50_f006144.jpg,S2_PAIR_occ50,rc_car,,18.03,-84.0,AMBIGUOUS,no viewpoint-matched clean frame
S2_PAIR_occ50_f006152.jpg,S2_PAIR_occ50,rc_car,,18.21,-84.0,AMBIGUOUS,no viewpoint-matched clean frame
S2_PAIR_occ50_f006160.jpg,S2_PAIR_occ50,rc_car,,18.29,-84.0,AMBIGUOUS,no viewpoint-matched clean frame
S2_PAIR_occ50_f006168.jpg,S2_PAIR_occ50,rc_car,,18.15,-84.0,AMBIGUOUS,no viewpoint-matched clean frame
S2_PAIR_occ50_f006176.jpg,S2_PAIR_occ50,rc_car,,18.03,-84.0,AMBIGUOUS,no viewpoint-matched clean frame
S2_PAIR_occ50_f006184.jpg,S2_PAIR_occ50,rc_car,,17.89,-84.0,AMBIGUOUS,no viewpoint-matched clean frame
S2_PAIR_occ50_f006192.jpg,S2_PAIR_occ50,rc_car,,17.76,-84.0,AMBIGUOUS,no viewpoint-matched clean frame
S2_PAIR_occ50_f006200.jpg,S2_PAIR_occ50,rc_car,,17.98,-84.0,AMBIGUOUS,no viewpoint-matched clean frame
S2_PAIR_occ50_f006208.jpg,S2_PAIR_occ50,rc_car,,17.97,-84.0,AMBIGUOUS,no viewpoint-matched clean frame
S2_PAIR_occ50_f006216.jpg,S2_PAIR_occ50,rc_car,,18.29,-84.0,AMBIGUOUS,no viewpoint-matched clean frame
S2_PAIR_occ50_f006224.jpg,S2_PAIR_occ50,rc_car,,18.56,-84.0,AMBIGUOUS,no viewpoint-matched clean frame
S2_PAIR_occ50_f006232.jpg,S2_PAIR_occ50,rc_car,,18.85,-84.0,AMBIGUOUS,no viewpoint-matched clean frame
S2_PAIR_occ50_f006240.jpg,S2_PAIR_occ50,rc_car,,18.80,-84.0,AMBIGUOUS,no viewpoint-matched clean frame
S2_PAIR_occ50_f006248.jpg,S2_PAIR_occ50,rc_car,,18.62,-84.0,AMBIGUOUS,no viewpoint-matched clean frame
S2_PAIR_occ50_f006256.jpg,S2_PAIR_occ50,rc_car,,18.72,-84.0,AMBIGUOUS,no viewpoint-matched clean frame
S2_PAIR_occ50_f006264.jpg,S2_PAIR_occ50,rc_car,,18.81,-84.0,AMBIGUOUS,no viewpoint-matched clean frame
S2_PAIR_occ50_f006272.jpg,S2_PAIR_occ50,rc_car,,18.69,-84.0,AMBIGUOUS,no viewpoint-matched clean frame
S2_PAIR_occ50_f006280.jpg,S2_PAIR_occ50,rc_car,,17.75,-84.0,AMBIGUOUS,no viewpoint-matched clean frame
S2_PAIR_occ50_f006288.jpg,S2_PAIR_occ50,rc_car,,17.75,-84.0,AMBIGUOUS,no viewpoint-matched clean frame
S2_PAIR_occ50_f006296.jpg,S2_PAIR_occ50,rc_car,,17.87,-84.0,AMBIGUOUS,no viewpoint-matched clean frame
S2_PAIR_occ50_f006304.jpg,S2_PAIR_occ50,rc_car,,17.43,-84.0,AMBIGUOUS,no viewpoint-matched clean frame
S2_PAIR_occ50_f006312.jpg,S2_PAIR_occ50,rc_car,,17.49,-84.0,AMBIGUOUS,no viewpoint-matched clean frame
S2_PAIR_occ50_f006320.jpg,S2_PAIR_occ50,rc_car,,17.43,-84.0,AMBIGUOUS,no viewpoint-matched clean frame
S2_PAIR_occ50_f006328.jpg,S2_PAIR_occ50,rc_car,,17.29,-84.0,AMBIGUOUS,no viewpoint-matched clean frame
S2_PAIR_occ50_f006336.jpg,S2_PAIR_occ50,rc_car,,17.18,-84.0,AMBIGUOUS,no viewpoint-matched clean frame
S2_PAIR_occ50_f006344.jpg,S2_PAIR_occ50,rc_car,,17.19,-83.0,AMBIGUOUS,no viewpoint-matched clean frame
S2_PAIR_occ50_f006352.jpg,S2_PAIR_occ50,rc_car,,17.07,-84.0,AMBIGUOUS,no viewpoint-matched clean frame
S2_PAIR_occ50_f006360.jpg,S2_PAIR_occ50,rc_car,,17.00,-84.0,AMBIGUOUS,no viewpoint-matched clean frame
S2_PAIR_occ50_f006368.jpg,S2_PAIR_occ50,rc_car,,16.89,-84.0,AMBIGUOUS,no viewpoint-matched clean frame
S2_PAIR_occ50_f006376.jpg,S2_PAIR_occ50,rc_car,,16.81,-84.0,AMBIGUOUS,no viewpoint-matched clean frame
S2_PAIR_occ50_f006384.jpg,S2_PAIR_occ50,rc_car,,16.99,-84.0,AMBIGUOUS,no viewpoint-matched clean frame
S2_PAIR_occ50_f006392.jpg,S2_PAIR_occ50,rc_car,,17.67,-84.0,AMBIGUOUS,no viewpoint-matched clean frame
S2_PAIR_occ50_f006416.jpg,S2_PAIR_occ50,rc_car,,20.28,-73.0,AMBIGUOUS,no viewpoint-matched clean frame
S2_PAIR_occ50_f006424.jpg,S2_PAIR_occ50,rc_car,,16.29,-65.0,AMBIGUOUS,no viewpoint-matched clean frame
S2_PAIR_occ50_f006432.jpg,S2_PAIR_occ50,rc_car,,15.58,-60.0,AMBIGUOUS,no viewpoint-matched clean frame
S2_PAIR_occ50_f006440.jpg,S2_PAIR_occ50,rc_car,,14.57,-58.0,AMBIGUOUS,no viewpoint-matched clean frame
S2_PAIR_occ50_f006448.jpg,S2_PAIR_occ50,rc_car,0.4914,13.91,-58.0,OCCLUDED,above floor p75
S2_PAIR_occ50_f006456.jpg,S2_PAIR_occ50,rc_car,,14.03,-58.0,AMBIGUOUS,no viewpoint-matched clean frame
S2_PAIR_occ50_f006464.jpg,S2_PAIR_occ50,rc_car,,14.36,-58.0,AMBIGUOUS,no viewpoint-matched clean frame
S2_PAIR_occ50_f006472.jpg,S2_PAIR_occ50,rc_car,,14.62,-58.0,AMBIGUOUS,no viewpoint-matched clean frame
S2_PAIR_occ50_f006480.jpg,S2_PAIR_occ50,rc_car,,14.80,-58.0,AMBIGUOUS,no viewpoint-matched clean frame
S2_PAIR_occ50_f006488.jpg,S2_PAIR_occ50,rc_car,,14.91,-57.0,AMBIGUOUS,no viewpoint-matched clean frame
S2_PAIR_occ50_f006496.jpg,S2_PAIR_occ50,rc_car,,15.19,-58.0,AMBIGUOUS,no viewpoint-matched clean frame
S2_PAIR_occ50_f006504.jpg,S2_PAIR_occ50,rc_car,,15.37,-58.0,AMBIGUOUS,no viewpoint-matched clean frame
S2_PAIR_occ50_f006512.jpg,S2_PAIR_occ50,rc_car,,15.72,-58.0,AMBIGUOUS,no viewpoint-matched clean frame
S2_PAIR_occ50_f006520.jpg,S2_PAIR_occ50,rc_car,,15.71,-57.0,AMBIGUOUS,no viewpoint-matched clean frame
S2_PAIR_occ50_f006528.jpg,S2_PAIR_occ50,rc_car,,15.71,-58.0,AMBIGUOUS,no viewpoint-matched clean frame
S2_PAIR_occ50_f006536.jpg,S2_PAIR_occ50,rc_car,,15.76,-58.0,AMBIGUOUS,no viewpoint-matched clean frame
S2_PAIR_occ50_f006544.jpg,S2_PAIR_occ50,rc_car,,15.31,-58.0,AMBIGUOUS,no viewpoint-matched clean frame
S2_PAIR_occ50_f006552.jpg,S2_PAIR_occ50,rc_car,,15.27,-58.0,AMBIGUOUS,no viewpoint-matched clean frame
S2_PAIR_occ50_f006560.jpg,S2_PAIR_occ50,rc_car,,15.69,-58.0,AMBIGUOUS,no viewpoint-matched clean frame
S2_PAIR_occ50_f006568.jpg,S2_PAIR_occ50,rc_car,,16.42,-58.0,AMBIGUOUS,no viewpoint-matched clean frame
S2_PAIR_occ50_f006576.jpg,S2_PAIR_occ50,rc_car,,15.11,-54.0,AMBIGUOUS,no viewpoint-matched clean frame
S2_PAIR_occ50_f006608.jpg,S2_PAIR_occ50,rc_car,,18.87,-34.0,AMBIGUOUS,no viewpoint-matched clean frame
S2_PAIR_occ50_f006616.jpg,S2_PAIR_occ50,rc_car,,18.96,-34.0,AMBIGUOUS,no viewpoint-matched clean frame
S2_PAIR_occ50_f006624.jpg,S2_PAIR_occ50,rc_car,,19.08,-34.0,AMBIGUOUS,no viewpoint-matched clean frame
S2_PAIR_occ50_f006632.jpg,S2_PAIR_occ50,rc_car,,19.04,-34.0,AMBIGUOUS,no viewpoint-matched clean frame
S2_PAIR_occ50_f006640.jpg,S2_PAIR_occ50,rc_car,,18.92,-34.0,AMBIGUOUS,no viewpoint-matched clean frame
S2_PAIR_occ50_f006648.jpg,S2_PAIR_occ50,rc_car,,18.36,-33.0,AMBIGUOUS,no viewpoint-matched clean frame
S2_PAIR_occ50_f006656.jpg,S2_PAIR_occ50,rc_car,,18.01,-34.0,AMBIGUOUS,no viewpoint-matched clean frame
S2_PAIR_occ50_f006664.jpg,S2_PAIR_occ50,rc_car,,17.15,-34.0,AMBIGUOUS,no viewpoint-matched clean frame
S2_PAIR_occ50_f006672.jpg,S2_PAIR_occ50,rc_car,,16.58,-34.0,AMBIGUOUS,no viewpoint-matched clean frame
S2_PAIR_occ50_f006680.jpg,S2_PAIR_occ50,rc_car,,14.02,-34.0,AMBIGUOUS,no viewpoint-matched clean frame
S2_PAIR_occ50_f006688.jpg,S2_PAIR_occ50,rc_car,0.0000,12.72,-34.0,LIGHT,"frontal, below the confident floor - light occlusion"
S2_PAIR_occ50_f006696.jpg,S2_PAIR_occ50,rc_car,0.0000,12.22,-34.0,LIGHT,"frontal, below the confident floor - light occlusion"
S2_PAIR_occ50_f006712.jpg,S2_PAIR_occ50,rc_car,,14.14,-29.0,AMBIGUOUS,no viewpoint-matched clean frame
S2_PAIR_occ50_f006720.jpg,S2_PAIR_occ50,rc_car,0.0000,8.99,-19.0,LIGHT,"frontal, below the confident floor - light occlusion"
S2_PAIR_occ50_f006728.jpg,S2_PAIR_occ50,rc_car,,14.23,-12.0,AMBIGUOUS,no viewpoint-matched clean frame
S2_PAIR_occ50_f006736.jpg,S2_PAIR_occ50,rc_car,0.3570,10.50,-5.0,OCCLUDED,above floor p75
S2_PAIR_occ50_f006744.jpg,S2_PAIR_occ50,rc_car,0.4717,10.35,-5.0,OCCLUDED,above floor p75
S2_PAIR_occ50_f006752.jpg,S2_PAIR_occ50,rc_car,0.1545,9.74,-5.0,LIGHT,"frontal, below the confident floor - light occlusion"
S2_PAIR_occ50_f006760.jpg,S2_PAIR_occ50,rc_car,0.0000,9.00,-5.0,LIGHT,"frontal, below the confident floor - light occlusion"
S2_PAIR_occ50_f006768.jpg,S2_PAIR_occ50,rc_car,0.3653,9.85,-5.0,OCCLUDED,above floor p75
S2_PAIR_occ50_f006776.jpg,S2_PAIR_occ50,rc_car,0.1384,9.93,-5.0,LIGHT,"frontal, below the confident floor - light occlusion"
S2_PAIR_occ50_f006784.jpg,S2_PAIR_occ50,rc_car,0.2347,10.17,-5.0,LIGHT,"frontal, below the confident floor - light occlusion"
S2_PAIR_occ50_f006792.jpg,S2_PAIR_occ50,rc_car,0.3820,10.44,-5.0,OCCLUDED,above floor p75
S2_PAIR_occ50_f006800.jpg,S2_PAIR_occ50,rc_car,0.0000,10.08,-5.0,LIGHT,"frontal, below the confident floor - light occlusion"
S2_PAIR_occ50_f006808.jpg,S2_PAIR_occ50,rc_car,0.5252,9.56,-5.0,OCCLUDED,above floor p75
S2_PAIR_occ50_f006816.jpg,S2_PAIR_occ50,rc_car,0.0000,8.26,-5.0,LIGHT,"frontal, below the confident floor - light occlusion"
S2_PAIR_occ50_f006824.jpg,S2_PAIR_occ50,rc_car,0.0000,7.97,-5.0,LIGHT,"frontal, below the confident floor - light occlusion"
S2_PAIR_occ50_f006832.jpg,S2_PAIR_occ50,rc_car,0.0000,8.56,-5.0,LIGHT,"frontal, below the confident floor - light occlusion"
S2_PAIR_occ50_f006840.jpg,S2_PAIR_occ50,rc_car,0.0000,9.11,-5.0,LIGHT,"frontal, below the confident floor - light occlusion"
S2_PAIR_occ50_f006848.jpg,S2_PAIR_occ50,rc_car,0.0000,9.19,-5.0,LIGHT,"frontal, below the confident floor - light occlusion"
S2_PAIR_occ50_f006856.jpg,S2_PAIR_occ50,rc_car,0.0000,9.28,-5.0,LIGHT,"frontal, below the confident floor - light occlusion"
S2_PAIR_occ50_f006864.jpg,S2_PAIR_occ50,rc_car,0.1883,9.95,-5.0,LIGHT,"frontal, below the confident floor - light occlusion"
S2_PAIR_occ50_f006872.jpg,S2_PAIR_occ50,rc_car,0.3753,10.60,-5.0,OCCLUDED,above floor p75
S2_PAIR_occ50_f006880.jpg,S2_PAIR_occ50,rc_car,0.3207,11.90,-5.0,OCCLUDED,above floor p75
S2_PAIR_occ50_f006888.jpg,S2_PAIR_occ50,rc_car,0.1889,10.46,-2.0,LIGHT,"frontal, below the confident floor - light occlusion"
S2_PAIR_occ50_f006896.jpg,S2_PAIR_occ50,rc_car,,15.84,8.0,AMBIGUOUS,no viewpoint-matched clean frame
S2_PAIR_occ50_f006904.jpg,S2_PAIR_occ50,rc_car,0.8048,12.48,12.0,OCCLUDED,above floor p75
S2_PAIR_occ50_f006912.jpg,S2_PAIR_occ50,rc_car,0.8739,12.33,12.0,OCCLUDED,above floor p75
S2_PAIR_occ50_f006920.jpg,S2_PAIR_occ50,rc_car,0.8469,12.45,12.0,OCCLUDED,above floor p75
S2_PAIR_occ50_f006928.jpg,S2_PAIR_occ50,rc_car,0.8649,11.98,12.0,OCCLUDED,above floor p75
S2_PAIR_occ50_f006936.jpg,S2_PAIR_occ50,rc_car,0.9189,12.16,12.0,OCCLUDED,above floor p75
S2_PAIR_occ50_f006944.jpg,S2_PAIR_occ50,rc_car,0.8761,12.33,12.0,OCCLUDED,above floor p75
S2_PAIR_occ50_f006952.jpg,S2_PAIR_occ50,rc_car,0.8003,12.83,12.0,OCCLUDED,above floor p75
S2_PAIR_occ50_f006960.jpg,S2_PAIR_occ50,rc_car,0.8679,13.54,12.0,OCCLUDED,above floor p75
S2_PAIR_occ50_f006968.jpg,S2_PAIR_occ50,rc_car,,14.12,12.0,AMBIGUOUS,no viewpoint-matched clean frame
S2_PAIR_occ50_f006976.jpg,S2_PAIR_occ50,rc_car,,14.85,12.0,AMBIGUOUS,no viewpoint-matched clean frame
S2_PAIR_occ50_f006984.jpg,S2_PAIR_occ50,rc_car,,15.21,12.0,AMBIGUOUS,no viewpoint-matched clean frame
S2_PAIR_occ50_f006992.jpg,S2_PAIR_occ50,rc_car,,15.40,12.0,AMBIGUOUS,no viewpoint-matched clean frame
S2_PAIR_occ50_f007000.jpg,S2_PAIR_occ50,rc_car,,15.50,12.0,AMBIGUOUS,no viewpoint-matched clean frame
S2_PAIR_occ50_f007008.jpg,S2_PAIR_occ50,rc_car,,15.56,12.0,AMBIGUOUS,no viewpoint-matched clean frame
S2_PAIR_occ50_f007016.jpg,S2_PAIR_occ50,rc_car,,15.37,12.0,AMBIGUOUS,no viewpoint-matched clean frame
S2_PAIR_occ50_f007024.jpg,S2_PAIR_occ50,rc_car,,14.90,12.0,AMBIGUOUS,no viewpoint-matched clean frame
S2_PAIR_occ50_f007032.jpg,S2_PAIR_occ50,rc_car,,15.45,12.0,AMBIGUOUS,no viewpoint-matched clean frame
S2_PAIR_occ50_f007040.jpg,S2_PAIR_occ50,rc_car,,15.86,12.0,AMBIGUOUS,no viewpoint-matched clean frame
S2_PAIR_occ50_f007048.jpg,S2_PAIR_occ50,rc_car,,15.74,12.0,AMBIGUOUS,no viewpoint-matched clean frame
S2_PAIR_occ50_f007056.jpg,S2_PAIR_occ50,rc_car,,15.57,12.0,AMBIGUOUS,no viewpoint-matched clean frame
S2_PAIR_occ50_f007064.jpg,S2_PAIR_occ50,rc_car,,15.46,12.0,AMBIGUOUS,no viewpoint-matched clean frame
S2_PAIR_occ50_f007072.jpg,S2_PAIR_occ50,rc_car,,14.82,12.0,AMBIGUOUS,no viewpoint-matched clean frame
S2_PAIR_occ50_f007080.jpg,S2_PAIR_occ50,rc_car,,14.48,13.0,AMBIGUOUS,no viewpoint-matched clean frame
S2_PAIR_occ50_f007088.jpg,S2_PAIR_occ50,rc_car,,14.48,12.0,AMBIGUOUS,no viewpoint-matched clean frame
S2_PAIR_occ50_f007096.jpg,S2_PAIR_occ50,rc_car,,14.43,12.0,AMBIGUOUS,no viewpoint-matched clean frame
S2_PAIR_occ50_f007104.jpg,S2_PAIR_occ50,rc_car,,14.40,12.0,AMBIGUOUS,no viewpoint-matched clean frame
S2_PAIR_occ50_f007112.jpg,S2_PAIR_occ50,rc_car,,14.63,12.0,AMBIGUOUS,no viewpoint-matched clean frame
S2_PAIR_occ50_f007120.jpg,S2_PAIR_occ50,rc_car,,15.51,12.0,AMBIGUOUS,no viewpoint-matched clean frame
S2_PAIR_occ50_f007128.jpg,S2_PAIR_occ50,rc_car,,14.50,12.0,AMBIGUOUS,no viewpoint-matched clean frame
S2_PAIR_occ50_f007136.jpg,S2_PAIR_occ50,rc_car,,14.82,12.0,AMBIGUOUS,no viewpoint-matched clean frame
S2_PAIR_occ50_f007144.jpg,S2_PAIR_occ50,rc_car,,15.25,12.0,AMBIGUOUS,no viewpoint-matched clean frame
S2_PAIR_occ50_f007152.jpg,S2_PAIR_occ50,rc_car,,15.66,12.0,AMBIGUOUS,no viewpoint-matched clean frame
S2_PAIR_occ50_f007160.jpg,S2_PAIR_occ50,rc_car,,15.66,12.0,AMBIGUOUS,no viewpoint-matched clean frame
S2_PAIR_occ50_f007168.jpg,S2_PAIR_occ50,rc_car,,15.77,12.0,AMBIGUOUS,no viewpoint-matched clean frame
S2_PAIR_occ50_f007176.jpg,S2_PAIR_occ50,rc_car,,15.85,12.0,AMBIGUOUS,no viewpoint-matched clean frame
S2_PAIR_occ50_f007184.jpg,S2_PAIR_occ50,rc_car,,15.42,12.0,AMBIGUOUS,no viewpoint-matched clean frame
S2_PAIR_occ50_f007192.jpg,S2_PAIR_occ50,rc_car,,17.39,12.0,AMBIGUOUS,no viewpoint-matched clean frame
S2_PAIR_occ50_f007200.jpg,S2_PAIR_occ50,rc_car,,15.53,12.0,AMBIGUOUS,no viewpoint-matched clean frame
S2_PAIR_occ50_f007208.jpg,S2_PAIR_occ50,rc_car,,14.80,12.0,AMBIGUOUS,no viewpoint-matched clean frame
S2_PAIR_occ50_f007216.jpg,S2_PAIR_occ50,rc_car,,14.47,12.0,AMBIGUOUS,no viewpoint-matched clean frame
S2_PAIR_occ50_f007224.jpg,S2_PAIR_occ50,rc_car,,14.25,12.0,AMBIGUOUS,no viewpoint-matched clean frame
S2_PAIR_occ50_f007232.jpg,S2_PAIR_occ50,rc_car,0.7448,13.93,12.0,OCCLUDED,above floor p75
S2_PAIR_occ50_f007240.jpg,S2_PAIR_occ50,rc_car,0.7575,13.57,12.0,OCCLUDED,above floor p75
S2_PAIR_occ50_f007248.jpg,S2_PAIR_occ50,rc_car,,14.44,12.0,AMBIGUOUS,no viewpoint-matched clean frame
S2_PAIR_occ50_f007256.jpg,S2_PAIR_occ50,rc_car,,15.80,12.0,AMBIGUOUS,no viewpoint-matched clean frame
S2_PAIR_occ50_f007264.jpg,S2_PAIR_occ50,rc_car,0.7575,12.98,12.0,OCCLUDED,above floor p75
S2_PAIR_occ50_f007272.jpg,S2_PAIR_occ50,rc_car,0.8108,11.38,12.0,OCCLUDED,above floor p75
S2_PAIR_occ50_f007280.jpg,S2_PAIR_occ50,rc_car,0.7410,11.58,12.0,OCCLUDED,above floor p75
S2_PAIR_occ50_f007288.jpg,S2_PAIR_occ50,rc_car,0.7298,11.80,12.0,OCCLUDED,above floor p75
S2_PAIR_occ50_f007296.jpg,S2_PAIR_occ50,rc_car,0.6972,9.63,12.0,OCCLUDED,above floor p75
S2_PAIR_occ50_f007304.jpg,S2_PAIR_occ50,rc_car,0.7636,10.96,12.0,OCCLUDED,above floor p75
S2_PAIR_occ50_f007312.jpg,S2_PAIR_occ50,rc_car,0.7598,11.38,12.0,OCCLUDED,above floor p75
S2_PAIR_occ50_f007320.jpg,S2_PAIR_occ50,rc_car,0.6292,10.55,12.0,OCCLUDED,above floor p75
S2_PAIR_occ50_f007328.jpg,S2_PAIR_occ50,rc_car,0.6007,10.51,11.0,OCCLUDED,above floor p75
S2_PAIR_occ50_f007336.jpg,S2_PAIR_occ50,rc_car,0.6292,10.44,11.0,OCCLUDED,above floor p75
S2_PAIR_occ75_f000000.jpg,S2_PAIR_occ75,rc_car,,16.86,0.0,AMBIGUOUS,no viewpoint-matched clean frame
S2_PAIR_occ75_f000007.jpg,S2_PAIR_occ75,rc_car,,16.87,0.0,AMBIGUOUS,no viewpoint-matched clean frame
S2_PAIR_occ75_f000014.jpg,S2_PAIR_occ75,rc_car,,16.87,0.0,AMBIGUOUS,no viewpoint-matched clean frame
S2_PAIR_occ75_f000021.jpg,S2_PAIR_occ75,rc_car,,16.85,0.0,AMBIGUOUS,no viewpoint-matched clean frame
S2_PAIR_occ75_f000028.jpg,S2_PAIR_occ75,rc_car,,16.86,0.0,AMBIGUOUS,no viewpoint-matched clean frame
S2_PAIR_occ75_f000035.jpg,S2_PAIR_occ75,rc_car,,16.85,0.0,AMBIGUOUS,no viewpoint-matched clean frame
S2_PAIR_occ75_f000042.jpg,S2_PAIR_occ75,rc_car,,17.25,0.0,AMBIGUOUS,no viewpoint-matched clean frame
S2_PAIR_occ75_f000049.jpg,S2_PAIR_occ75,rc_car,,17.23,0.0,AMBIGUOUS,no viewpoint-matched clean frame
S2_PAIR_occ75_f000056.jpg,S2_PAIR_occ75,rc_car,,17.24,0.0,AMBIGUOUS,no viewpoint-matched clean frame
S2_PAIR_occ75_f000063.jpg,S2_PAIR_occ75,rc_car,,17.19,0.0,AMBIGUOUS,no viewpoint-matched clean frame
S2_PAIR_occ75_f000070.jpg,S2_PAIR_occ75,rc_car,,17.16,0.0,AMBIGUOUS,no viewpoint-matched clean frame
S2_PAIR_occ75_f000077.jpg,S2_PAIR_occ75,rc_car,,17.16,0.0,AMBIGUOUS,no viewpoint-matched clean frame
S2_PAIR_occ75_f000084.jpg,S2_PAIR_occ75,rc_car,,17.22,0.0,AMBIGUOUS,no viewpoint-matched clean frame
S2_PAIR_occ75_f000091.jpg,S2_PAIR_occ75,rc_car,,17.24,0.0,AMBIGUOUS,no viewpoint-matched clean frame
S2_PAIR_occ75_f000098.jpg,S2_PAIR_occ75,rc_car,,17.21,0.0,AMBIGUOUS,no viewpoint-matched clean frame
S2_PAIR_occ75_f000105.jpg,S2_PAIR_occ75,rc_car,,17.23,0.0,AMBIGUOUS,no viewpoint-matched clean frame
S2_PAIR_occ75_f000112.jpg,S2_PAIR_occ75,rc_car,,17.26,0.0,AMBIGUOUS,no viewpoint-matched clean frame
S2_PAIR_occ75_f000119.jpg,S2_PAIR_occ75,rc_car,,17.14,0.0,AMBIGUOUS,no viewpoint-matched clean frame
S2_PAIR_occ75_f000126.jpg,S2_PAIR_occ75,rc_car,,17.27,0.0,AMBIGUOUS,no viewpoint-matched clean frame
S2_PAIR_occ75_f000133.jpg,S2_PAIR_occ75,rc_car,,17.16,0.0,AMBIGUOUS,no viewpoint-matched clean frame
S2_PAIR_occ75_f000140.jpg,S2_PAIR_occ75,rc_car,,17.17,0.0,AMBIGUOUS,no viewpoint-matched clean frame
S2_PAIR_occ75_f000147.jpg,S2_PAIR_occ75,rc_car,,17.12,0.0,AMBIGUOUS,no viewpoint-matched clean frame
S2_PAIR_occ75_f000154.jpg,S2_PAIR_occ75,rc_car,,16.96,0.0,AMBIGUOUS,no viewpoint-matched clean frame
S2_PAIR_occ75_f000161.jpg,S2_PAIR_occ75,rc_car,,17.13,0.0,AMBIGUOUS,no viewpoint-matched clean frame
S2_PAIR_occ75_f000168.jpg,S2_PAIR_occ75,rc_car,,17.12,0.0,AMBIGUOUS,no viewpoint-matched clean frame
S2_PAIR_occ75_f000175.jpg,S2_PAIR_occ75,rc_car,,17.12,0.0,AMBIGUOUS,no viewpoint-matched clean frame
S2_PAIR_occ75_f000182.jpg,S2_PAIR_occ75,rc_car,,17.17,0.0,AMBIGUOUS,no viewpoint-matched clean frame
S2_PAIR_occ75_f000189.jpg,S2_PAIR_occ75,rc_car,,17.20,0.0,AMBIGUOUS,no viewpoint-matched clean frame
S2_PAIR_occ75_f000196.jpg,S2_PAIR_occ75,rc_car,,17.43,0.0,AMBIGUOUS,no viewpoint-matched clean frame
S2_PAIR_occ75_f000203.jpg,S2_PAIR_occ75,rc_car,,17.46,0.0,AMBIGUOUS,no viewpoint-matched clean frame
S2_PAIR_occ75_f000210.jpg,S2_PAIR_occ75,rc_car,,17.49,0.0,AMBIGUOUS,no viewpoint-matched clean frame
S2_PAIR_occ75_f000217.jpg,S2_PAIR_occ75,rc_car,,17.56,0.0,AMBIGUOUS,no viewpoint-matched clean frame
S2_PAIR_occ75_f000224.jpg,S2_PAIR_occ75,rc_car,,17.54,0.0,AMBIGUOUS,no viewpoint-matched clean frame
S2_PAIR_occ75_f000231.jpg,S2_PAIR_occ75,rc_car,,17.48,0.0,AMBIGUOUS,no viewpoint-matched clean frame
S2_PAIR_occ75_f000238.jpg,S2_PAIR_occ75,rc_car,,17.45,0.0,AMBIGUOUS,no viewpoint-matched clean frame
S2_PAIR_occ75_f000245.jpg,S2_PAIR_occ75,rc_car,,17.53,0.0,AMBIGUOUS,no viewpoint-matched clean frame
S2_PAIR_occ75_f000252.jpg,S2_PAIR_occ75,rc_car,,17.54,0.0,AMBIGUOUS,no viewpoint-matched clean frame
S2_PAIR_occ75_f000259.jpg,S2_PAIR_occ75,rc_car,,17.57,0.0,AMBIGUOUS,no viewpoint-matched clean frame
S2_PAIR_occ75_f000266.jpg,S2_PAIR_occ75,rc_car,,17.49,0.0,AMBIGUOUS,no viewpoint-matched clean frame
S2_PAIR_occ75_f000273.jpg,S2_PAIR_occ75,rc_car,,17.49,0.0,AMBIGUOUS,no viewpoint-matched clean frame
S2_PAIR_occ75_f000280.jpg,S2_PAIR_occ75,rc_car,,17.54,0.0,AMBIGUOUS,no viewpoint-matched clean frame
S2_PAIR_occ75_f000287.jpg,S2_PAIR_occ75,rc_car,,17.53,0.0,AMBIGUOUS,no viewpoint-matched clean frame
S2_PAIR_occ75_f000294.jpg,S2_PAIR_occ75,rc_car,,17.57,0.0,AMBIGUOUS,no viewpoint-matched clean frame
S2_PAIR_occ75_f000301.jpg,S2_PAIR_occ75,rc_car,,17.54,0.0,AMBIGUOUS,no viewpoint-matched clean frame
S2_PAIR_occ75_f000308.jpg,S2_PAIR_occ75,rc_car,,17.56,0.0,AMBIGUOUS,no viewpoint-matched clean frame
S2_PAIR_occ75_f000315.jpg,S2_PAIR_occ75,rc_car,,17.55,0.0,AMBIGUOUS,no viewpoint-matched clean frame
S2_PAIR_occ75_f000322.jpg,S2_PAIR_occ75,rc_car,,17.55,0.0,AMBIGUOUS,no viewpoint-matched clean frame
S2_PAIR_occ75_f000329.jpg,S2_PAIR_occ75,rc_car,,17.51,0.0,AMBIGUOUS,no viewpoint-matched clean frame
S2_PAIR_occ75_f000336.jpg,S2_PAIR_occ75,rc_car,,17.49,0.0,AMBIGUOUS,no viewpoint-matched clean frame
S2_PAIR_occ75_f000343.jpg,S2_PAIR_occ75,rc_car,,17.47,0.0,AMBIGUOUS,no viewpoint-matched clean frame
S2_PAIR_occ75_f000350.jpg,S2_PAIR_occ75,rc_car,,17.43,0.0,AMBIGUOUS,no viewpoint-matched clean frame
S2_PAIR_occ75_f000357.jpg,S2_PAIR_occ75,rc_car,,17.35,0.0,AMBIGUOUS,no viewpoint-matched clean frame
S2_PAIR_occ75_f000364.jpg,S2_PAIR_occ75,rc_car,,17.37,0.0,AMBIGUOUS,no viewpoint-matched clean frame
S2_PAIR_occ75_f000371.jpg,S2_PAIR_occ75,rc_car,,17.33,0.0,AMBIGUOUS,no viewpoint-matched clean frame
S2_PAIR_occ75_f000378.jpg,S2_PAIR_occ75,rc_car,,17.35,0.0,AMBIGUOUS,no viewpoint-matched clean frame
S2_PAIR_occ75_f000385.jpg,S2_PAIR_occ75,rc_car,,17.33,0.0,AMBIGUOUS,no viewpoint-matched clean frame
S2_PAIR_occ75_f000392.jpg,S2_PAIR_occ75,rc_car,,17.31,0.0,AMBIGUOUS,no viewpoint-matched clean frame
S2_PAIR_occ75_f000399.jpg,S2_PAIR_occ75,rc_car,,17.37,0.0,AMBIGUOUS,no viewpoint-matched clean frame
S2_PAIR_occ75_f000406.jpg,S2_PAIR_occ75,rc_car,,17.55,0.0,AMBIGUOUS,no viewpoint-matched clean frame
S2_PAIR_occ75_f000413.jpg,S2_PAIR_occ75,rc_car,,17.50,0.0,AMBIGUOUS,no viewpoint-matched clean frame
S2_PAIR_occ75_f000420.jpg,S2_PAIR_occ75,rc_car,,17.35,0.0,AMBIGUOUS,no viewpoint-matched clean frame
S2_PAIR_occ75_f000427.jpg,S2_PAIR_occ75,rc_car,,17.28,0.0,AMBIGUOUS,no viewpoint-matched clean frame
S2_PAIR_occ75_f000434.jpg,S2_PAIR_occ75,rc_car,,17.26,0.0,AMBIGUOUS,no viewpoint-matched clean frame
S2_PAIR_occ75_f000441.jpg,S2_PAIR_occ75,rc_car,,17.09,0.0,AMBIGUOUS,no viewpoint-matched clean frame
S2_PAIR_occ75_f000448.jpg,S2_PAIR_occ75,rc_car,,16.67,0.0,AMBIGUOUS,no viewpoint-matched clean frame
S2_PAIR_occ75_f000455.jpg,S2_PAIR_occ75,rc_car,,16.05,0.0,AMBIGUOUS,no viewpoint-matched clean frame
S2_PAIR_occ75_f000462.jpg,S2_PAIR_occ75,rc_car,,15.67,0.0,AMBIGUOUS,no viewpoint-matched clean frame
S2_PAIR_occ75_f000469.jpg,S2_PAIR_occ75,rc_car,,15.52,0.0,AMBIGUOUS,no viewpoint-matched clean frame
S2_PAIR_occ75_f000476.jpg,S2_PAIR_occ75,rc_car,,15.62,0.0,AMBIGUOUS,no viewpoint-matched clean frame
S2_PAIR_occ75_f000483.jpg,S2_PAIR_occ75,rc_car,,15.87,0.0,AMBIGUOUS,no viewpoint-matched clean frame
S2_PAIR_occ75_f000490.jpg,S2_PAIR_occ75,rc_car,,16.63,0.0,AMBIGUOUS,no viewpoint-matched clean frame
S2_PAIR_occ75_f000497.jpg,S2_PAIR_occ75,rc_car,,16.42,0.0,AMBIGUOUS,no viewpoint-matched clean frame
S2_PAIR_occ75_f000504.jpg,S2_PAIR_occ75,rc_car,,16.23,0.0,AMBIGUOUS,no viewpoint-matched clean frame
S2_PAIR_occ75_f000511.jpg,S2_PAIR_occ75,rc_car,,15.23,0.0,AMBIGUOUS,no viewpoint-matched clean frame
S2_PAIR_occ75_f000518.jpg,S2_PAIR_occ75,rc_car,,14.90,0.0,AMBIGUOUS,no viewpoint-matched clean frame
S2_PAIR_occ75_f000525.jpg,S2_PAIR_occ75,rc_car,,14.70,0.0,AMBIGUOUS,no viewpoint-matched clean frame
S2_PAIR_occ75_f000532.jpg,S2_PAIR_occ75,rc_car,,14.50,0.0,AMBIGUOUS,no viewpoint-matched clean frame
S2_PAIR_occ75_f000539.jpg,S2_PAIR_occ75,rc_car,0.4355,13.82,0.0,OCCLUDED,above floor p75
S2_PAIR_occ75_f000546.jpg,S2_PAIR_occ75,rc_car,0.4529,12.96,0.0,OCCLUDED,above floor p75
S2_PAIR_occ75_f000553.jpg,S2_PAIR_occ75,rc_car,0.4132,12.51,0.0,OCCLUDED,above floor p75
S2_PAIR_occ75_f000560.jpg,S2_PAIR_occ75,rc_car,0.4661,12.22,0.0,OCCLUDED,above floor p75
S2_PAIR_occ75_f000567.jpg,S2_PAIR_occ75,rc_car,0.4465,12.09,0.0,OCCLUDED,above floor p75
S2_PAIR_occ75_f000574.jpg,S2_PAIR_occ75,rc_car,0.3983,11.96,0.0,OCCLUDED,above floor p75
S2_PAIR_occ75_f000581.jpg,S2_PAIR_occ75,rc_car,0.7287,11.73,0.0,OCCLUDED,above floor p75
S2_PAIR_occ75_f000588.jpg,S2_PAIR_occ75,rc_car,0.7852,11.42,0.0,OCCLUDED,above floor p75
S2_PAIR_occ75_f000595.jpg,S2_PAIR_occ75,rc_car,0.7385,11.03,0.0,OCCLUDED,above floor p75
S2_PAIR_occ75_f000602.jpg,S2_PAIR_occ75,rc_car,0.7110,10.48,0.0,OCCLUDED,above floor p75
S2_PAIR_occ75_f000609.jpg,S2_PAIR_occ75,rc_car,0.7271,10.30,0.0,OCCLUDED,above floor p75
S2_PAIR_occ75_f000616.jpg,S2_PAIR_occ75,rc_car,0.7408,10.16,0.0,OCCLUDED,above floor p75
S2_PAIR_occ75_f000623.jpg,S2_PAIR_occ75,rc_car,0.7693,10.29,0.0,OCCLUDED,above floor p75
S2_PAIR_occ75_f000630.jpg,S2_PAIR_occ75,rc_car,0.7255,10.48,0.0,OCCLUDED,above floor p75
S2_PAIR_occ75_f000637.jpg,S2_PAIR_occ75,rc_car,0.7366,10.61,0.0,OCCLUDED,above floor p75
S2_PAIR_occ75_f000644.jpg,S2_PAIR_occ75,rc_car,0.7387,10.63,0.0,OCCLUDED,above floor p75
S2_PAIR_occ75_f000651.jpg,S2_PAIR_occ75,rc_car,0.7155,10.52,0.0,OCCLUDED,above floor p75
S2_PAIR_occ75_f000658.jpg,S2_PAIR_occ75,rc_car,0.7235,10.54,0.0,OCCLUDED,above floor p75
S2_PAIR_occ75_f000665.jpg,S2_PAIR_occ75,rc_car,0.7171,10.37,0.0,OCCLUDED,above floor p75
S2_PAIR_occ75_f000672.jpg,S2_PAIR_occ75,rc_car,0.7160,10.21,0.0,OCCLUDED,above floor p75
S2_PAIR_occ75_f000679.jpg,S2_PAIR_occ75,rc_car,0.6925,10.11,0.0,OCCLUDED,above floor p75
S2_PAIR_occ75_f000686.jpg,S2_PAIR_occ75,rc_car,0.7261,9.99,0.0,OCCLUDED,above floor p75
S2_PAIR_occ75_f000693.jpg,S2_PAIR_occ75,rc_car,0.6949,9.99,0.0,OCCLUDED,above floor p75
S2_PAIR_occ75_f000700.jpg,S2_PAIR_occ75,rc_car,0.7571,9.98,0.0,OCCLUDED,above floor p75
S2_PAIR_occ75_f000707.jpg,S2_PAIR_occ75,rc_car,0.7346,9.97,0.0,OCCLUDED,above floor p75
S2_PAIR_occ75_f000714.jpg,S2_PAIR_occ75,rc_car,0.7436,9.99,0.0,OCCLUDED,above floor p75
S2_PAIR_occ75_f000721.jpg,S2_PAIR_occ75,rc_car,0.7319,9.90,0.0,OCCLUDED,above floor p75
S2_PAIR_occ75_f000728.jpg,S2_PAIR_occ75,rc_car,0.7386,9.94,0.0,OCCLUDED,above floor p75
S2_PAIR_occ75_f000735.jpg,S2_PAIR_occ75,rc_car,0.7150,9.81,0.0,OCCLUDED,above floor p75
S2_PAIR_occ75_f000742.jpg,S2_PAIR_occ75,rc_car,0.7257,9.81,0.0,OCCLUDED,above floor p75
S2_PAIR_occ75_f000749.jpg,S2_PAIR_occ75,rc_car,0.7533,9.82,0.0,OCCLUDED,above floor p75
S2_PAIR_occ75_f000756.jpg,S2_PAIR_occ75,rc_car,0.7337,9.65,0.0,OCCLUDED,above floor p75
S2_PAIR_occ75_f000763.jpg,S2_PAIR_occ75,rc_car,0.7502,9.60,0.0,OCCLUDED,above floor p75
S2_PAIR_occ75_f000770.jpg,S2_PAIR_occ75,rc_car,0.7370,9.56,0.0,OCCLUDED,above floor p75
S2_PAIR_occ75_f000777.jpg,S2_PAIR_occ75,rc_car,0.7323,9.54,0.0,OCCLUDED,above floor p75
S2_PAIR_occ75_f000784.jpg,S2_PAIR_occ75,rc_car,0.7484,9.87,0.0,OCCLUDED,above floor p75
S2_PAIR_occ75_f000791.jpg,S2_PAIR_occ75,rc_car,0.7349,9.96,0.0,OCCLUDED,above floor p75
S2_PAIR_occ75_f000798.jpg,S2_PAIR_occ75,rc_car,0.7364,10.01,0.0,OCCLUDED,above floor p75
S2_PAIR_occ75_f000805.jpg,S2_PAIR_occ75,rc_car,0.7134,9.67,0.0,OCCLUDED,above floor p75
S2_PAIR_occ75_f000812.jpg,S2_PAIR_occ75,rc_car,0.7382,9.71,0.0,OCCLUDED,above floor p75
S2_PAIR_occ75_f000819.jpg,S2_PAIR_occ75,rc_car,0.7393,9.76,0.0,OCCLUDED,above floor p75
S2_PAIR_occ75_f000826.jpg,S2_PAIR_occ75,rc_car,0.7389,9.96,0.0,OCCLUDED,above floor p75
S2_PAIR_occ75_f000833.jpg,S2_PAIR_occ75,rc_car,0.7560,10.06,0.0,OCCLUDED,above floor p75
S2_PAIR_occ75_f000840.jpg,S2_PAIR_occ75,rc_car,0.7257,10.14,0.0,OCCLUDED,above floor p75
S2_PAIR_occ75_f000847.jpg,S2_PAIR_occ75,rc_car,0.7460,10.09,0.0,OCCLUDED,above floor p75
S2_PAIR_occ75_f000854.jpg,S2_PAIR_occ75,rc_car,0.7591,9.99,0.0,OCCLUDED,above floor p75
S2_PAIR_occ75_f000861.jpg,S2_PAIR_occ75,rc_car,0.7514,9.38,0.0,OCCLUDED,above floor p75
S2_PAIR_occ75_f000868.jpg,S2_PAIR_occ75,rc_car,0.7464,9.44,0.0,OCCLUDED,above floor p75
S2_PAIR_occ75_f000875.jpg,S2_PAIR_occ75,rc_car,0.7511,9.56,0.0,OCCLUDED,above floor p75
S2_PAIR_occ75_f000882.jpg,S2_PAIR_occ75,rc_car,0.7523,9.63,0.0,OCCLUDED,above floor p75
S2_PAIR_occ75_f000889.jpg,S2_PAIR_occ75,rc_car,0.7813,9.62,0.0,OCCLUDED,above floor p75
S2_PAIR_occ75_f000896.jpg,S2_PAIR_occ75,rc_car,0.7500,9.61,0.0,OCCLUDED,above floor p75
S2_PAIR_occ75_f000903.jpg,S2_PAIR_occ75,rc_car,0.7610,9.58,0.0,OCCLUDED,above floor p75
S2_PAIR_occ75_f000910.jpg,S2_PAIR_occ75,rc_car,0.7427,9.40,0.0,OCCLUDED,above floor p75
S2_PAIR_occ75_f000917.jpg,S2_PAIR_occ75,rc_car,0.3459,12.60,8.0,OCCLUDED,above floor p75
S2_PAIR_occ75_f000924.jpg,S2_PAIR_occ75,rc_car,0.7066,6.54,13.0,OCCLUDED,above floor p75
S2_PAIR_occ75_f000931.jpg,S2_PAIR_occ75,rc_car,0.7478,4.84,15.0,OCCLUDED,above floor p75
S2_PAIR_occ75_f000938.jpg,S2_PAIR_occ75,rc_car,0.7330,5.78,17.0,OCCLUDED,above floor p75
S2_PAIR_occ75_f000945.jpg,S2_PAIR_occ75,rc_car,0.7432,10.12,19.0,OCCLUDED,above floor p75
S2_PAIR_occ75_f000952.jpg,S2_PAIR_occ75,rc_car,0.7578,8.43,20.0,OCCLUDED,above floor p75
S2_PAIR_occ75_f000959.jpg,S2_PAIR_occ75,rc_car,0.7457,8.23,20.0,OCCLUDED,above floor p75
S2_PAIR_occ75_f000966.jpg,S2_PAIR_occ75,rc_car,0.7410,7.66,20.0,OCCLUDED,above floor p75
S2_PAIR_occ75_f000973.jpg,S2_PAIR_occ75,rc_car,0.7217,7.72,20.0,OCCLUDED,above floor p75
S2_PAIR_occ75_f000980.jpg,S2_PAIR_occ75,rc_car,0.7445,8.25,20.0,OCCLUDED,above floor p75
S2_PAIR_occ75_f000987.jpg,S2_PAIR_occ75,rc_car,0.7017,9.04,20.0,OCCLUDED,above floor p75
S2_PAIR_occ75_f000994.jpg,S2_PAIR_occ75,rc_car,0.6653,9.98,20.0,OCCLUDED,above floor p75
S2_PAIR_occ75_f001001.jpg,S2_PAIR_occ75,rc_car,0.7078,10.34,20.0,OCCLUDED,above floor p75
S2_PAIR_occ75_f001008.jpg,S2_PAIR_occ75,rc_car,0.7095,10.58,19.0,OCCLUDED,above floor p75
S2_PAIR_occ75_f001015.jpg,S2_PAIR_occ75,rc_car,0.6695,11.26,20.0,OCCLUDED,above floor p75
S2_PAIR_occ75_f001022.jpg,S2_PAIR_occ75,rc_car,0.5613,11.24,20.0,OCCLUDED,above floor p75
S2_PAIR_occ75_f001029.jpg,S2_PAIR_occ75,rc_car,0.6252,11.37,20.0,OCCLUDED,above floor p75
S2_PAIR_occ75_f001036.jpg,S2_PAIR_occ75,rc_car,0.6751,6.50,26.0,OCCLUDED,above floor p75
S2_PAIR_occ75_f001043.jpg,S2_PAIR_occ75,rc_car,0.5504,6.44,35.0,OCCLUDED,above floor p75
S2_PAIR_occ75_f001050.jpg,S2_PAIR_occ75,rc_car,0.5383,8.84,38.0,OCCLUDED,above floor p75
S2_PAIR_occ75_f001057.jpg,S2_PAIR_occ75,rc_car,0.4790,8.93,38.0,OCCLUDED,above floor p75
S2_PAIR_occ75_f001064.jpg,S2_PAIR_occ75,rc_car,0.4896,9.10,38.0,OCCLUDED,above floor p75
S2_PAIR_occ75_f001071.jpg,S2_PAIR_occ75,rc_car,0.4412,9.45,38.0,OCCLUDED,above floor p75
S2_PAIR_occ75_f001078.jpg,S2_PAIR_occ75,rc_car,0.4826,10.28,38.0,OCCLUDED,above floor p75
S2_PAIR_occ75_f001085.jpg,S2_PAIR_occ75,rc_car,0.4818,9.61,38.0,OCCLUDED,above floor p75
S2_PAIR_occ75_f001092.jpg,S2_PAIR_occ75,rc_car,0.5913,9.64,39.0,OCCLUDED,above floor p75
S2_PAIR_occ75_f001099.jpg,S2_PAIR_occ75,rc_car,0.5466,9.24,38.0,OCCLUDED,above floor p75
S2_PAIR_occ75_f001106.jpg,S2_PAIR_occ75,rc_car,0.4656,9.25,38.0,OCCLUDED,above floor p75
S2_PAIR_occ75_f001113.jpg,S2_PAIR_occ75,rc_car,0.4535,8.77,38.0,OCCLUDED,above floor p75
S2_PAIR_occ75_f001120.jpg,S2_PAIR_occ75,rc_car,0.3511,8.75,38.0,OCCLUDED,above floor p75
S2_PAIR_occ75_f001127.jpg,S2_PAIR_occ75,rc_car,0.2098,12.71,42.0,LIGHT,"frontal, below the confident floor - light occlusion"
S2_PAIR_occ75_f001134.jpg,S2_PAIR_occ75,rc_car,0.2624,12.53,47.0,LIGHT,"frontal, below the confident floor - light occlusion"
S2_PAIR_occ75_f001141.jpg,S2_PAIR_occ75,rc_car,0.3631,8.32,51.0,OCCLUDED,above floor p75
S2_PAIR_occ75_f001148.jpg,S2_PAIR_occ75,rc_car,0.1394,12.86,56.0,LIGHT,"frontal, below the confident floor - light occlusion"
S2_PAIR_occ75_f001155.jpg,S2_PAIR_occ75,rc_car,0.3984,13.05,56.0,OCCLUDED,above floor p75
S2_PAIR_occ75_f001162.jpg,S2_PAIR_occ75,rc_car,0.5898,13.23,56.0,OCCLUDED,above floor p75
S2_PAIR_occ75_f001169.jpg,S2_PAIR_occ75,rc_car,,14.37,56.0,AMBIGUOUS,no viewpoint-matched clean frame
S2_PAIR_occ75_f001176.jpg,S2_PAIR_occ75,rc_car,,14.09,56.0,AMBIGUOUS,no viewpoint-matched clean frame
S2_PAIR_occ75_f001183.jpg,S2_PAIR_occ75,rc_car,0.4934,13.70,56.0,OCCLUDED,above floor p75
S2_PAIR_occ75_f001190.jpg,S2_PAIR_occ75,rc_car,0.4373,13.16,56.0,OCCLUDED,above floor p75
S2_PAIR_occ75_f001197.jpg,S2_PAIR_occ75,rc_car,0.3092,12.94,56.0,LIGHT,"frontal, below the confident floor - light occlusion"
S2_PAIR_occ75_f001204.jpg,S2_PAIR_occ75,rc_car,0.2401,12.73,56.0,LIGHT,"frontal, below the confident floor - light occlusion"
S2_PAIR_occ75_f001211.jpg,S2_PAIR_occ75,rc_car,0.1725,12.24,56.0,LIGHT,"frontal, below the confident floor - light occlusion"
S2_PAIR_occ75_f001218.jpg,S2_PAIR_occ75,rc_car,0.0674,11.79,56.0,LIGHT,"frontal, below the confident floor - light occlusion"
S2_PAIR_occ75_f001225.jpg,S2_PAIR_occ75,rc_car,0.3437,11.45,56.0,OCCLUDED,above floor p75
S2_PAIR_occ75_f001232.jpg,S2_PAIR_occ75,rc_car,0.4998,12.96,59.0,OCCLUDED,above floor p75
S2_PAIR_occ75_f001239.jpg,S2_PAIR_occ75,rc_car,0.0647,11.66,66.0,BYPASSED,outside frontal sector - far side of the strip
S2_PAIR_occ75_f001246.jpg,S2_PAIR_occ75,rc_car,0.3633,13.35,73.0,OCCLUDED,above floor p75
S2_PAIR_occ75_f001253.jpg,S2_PAIR_occ75,rc_car,0.1086,12.14,73.0,BYPASSED,outside frontal sector - far side of the strip
S2_PAIR_occ75_f001260.jpg,S2_PAIR_occ75,rc_car,0.0730,11.87,73.0,BYPASSED,outside frontal sector - far side of the strip
S2_PAIR_occ75_f001267.jpg,S2_PAIR_occ75,rc_car,0.0717,11.63,72.0,BYPASSED,outside frontal sector - far side of the strip
S2_PAIR_occ75_f001274.jpg,S2_PAIR_occ75,rc_car,0.4155,11.56,72.0,OCCLUDED,above floor p75
S2_PAIR_occ75_f001281.jpg,S2_PAIR_occ75,rc_car,0.2031,11.40,72.0,BYPASSED,"outside frontal sector, reading within noise"
S2_PAIR_occ75_f001288.jpg,S2_PAIR_occ75,rc_car,0.0456,11.96,73.0,BYPASSED,outside frontal sector - far side of the strip
S2_PAIR_occ75_f001295.jpg,S2_PAIR_occ75,rc_car,0.2696,12.00,73.0,BYPASSED,"outside frontal sector, reading within noise"
S2_PAIR_occ75_f001302.jpg,S2_PAIR_occ75,rc_car,0.1040,11.67,73.0,BYPASSED,outside frontal sector - far side of the strip
S2_PAIR_occ75_f001309.jpg,S2_PAIR_occ75,rc_car,0.2918,12.03,73.0,BYPASSED,"outside frontal sector, reading within noise"
S2_PAIR_occ75_f001316.jpg,S2_PAIR_occ75,rc_car,0.2541,11.33,73.0,BYPASSED,"outside frontal sector, reading within noise"
S2_PAIR_occ75_f001323.jpg,S2_PAIR_occ75,rc_car,0.2140,11.46,73.0,BYPASSED,"outside frontal sector, reading within noise"
S2_PAIR_occ75_f001330.jpg,S2_PAIR_occ75,rc_car,0.1446,11.18,73.0,BYPASSED,"outside frontal sector, reading within noise"
S2_PAIR_occ75_f001337.jpg,S2_PAIR_occ75,rc_car,0.0568,11.16,73.0,BYPASSED,outside frontal sector - far side of the strip
S2_PAIR_occ75_f001344.jpg,S2_PAIR_occ75,rc_car,0.0000,11.27,73.0,BYPASSED,outside frontal sector - far side of the strip
S2_PAIR_occ75_f001351.jpg,S2_PAIR_occ75,rc_car,0.0000,12.41,73.0,BYPASSED,outside frontal sector - far side of the strip
S2_PAIR_occ75_f001358.jpg,S2_PAIR_occ75,rc_car,0.0000,13.26,73.0,BYPASSED,outside frontal sector - far side of the strip
S2_PAIR_occ75_f001365.jpg,S2_PAIR_occ75,rc_car,0.0000,13.57,72.0,BYPASSED,outside frontal sector - far side of the strip
S2_PAIR_occ75_f001372.jpg,S2_PAIR_occ75,rc_car,,14.12,73.0,AMBIGUOUS,no viewpoint-matched clean frame
S2_PAIR_occ75_f001379.jpg,S2_PAIR_occ75,rc_car,0.0000,10.42,77.0,BYPASSED,outside frontal sector - far side of the strip
S2_PAIR_occ75_f001386.jpg,S2_PAIR_occ75,rc_car,0.0318,10.28,84.0,BYPASSED,outside frontal sector - far side of the strip
S2_PAIR_occ75_f001393.jpg,S2_PAIR_occ75,rc_car,0.0000,9.21,89.0,BYPASSED,outside frontal sector - far side of the strip
S2_PAIR_occ75_f001400.jpg,S2_PAIR_occ75,rc_car,0.0000,7.97,97.0,BYPASSED,outside frontal sector - far side of the strip
S2_PAIR_occ75_f001407.jpg,S2_PAIR_occ75,rc_car,0.0000,8.20,97.0,BYPASSED,outside frontal sector - far side of the strip
S2_PAIR_occ75_f001414.jpg,S2_PAIR_occ75,rc_car,0.0000,9.79,97.0,BYPASSED,outside frontal sector - far side of the strip
S2_PAIR_occ75_f001421.jpg,S2_PAIR_occ75,rc_car,0.0000,10.65,97.0,BYPASSED,outside frontal sector - far side of the strip
S2_PAIR_occ75_f001428.jpg,S2_PAIR_occ75,rc_car,0.0000,9.66,97.0,BYPASSED,outside frontal sector - far side of the strip
S2_PAIR_occ75_f001435.jpg,S2_PAIR_occ75,rc_car,0.0000,8.87,97.0,BYPASSED,outside frontal sector - far side of the strip
S2_PAIR_occ75_f001442.jpg,S2_PAIR_occ75,rc_car,0.0000,8.67,97.0,BYPASSED,outside frontal sector - far side of the strip
S2_PAIR_occ75_f001449.jpg,S2_PAIR_occ75,rc_car,0.0000,8.44,97.0,BYPASSED,outside frontal sector - far side of the strip
S2_PAIR_occ75_f001456.jpg,S2_PAIR_occ75,rc_car,0.0000,7.96,97.0,BYPASSED,outside frontal sector - far side of the strip
S2_PAIR_occ75_f001463.jpg,S2_PAIR_occ75,rc_car,0.0000,7.88,97.0,BYPASSED,outside frontal sector - far side of the strip
S2_PAIR_occ75_f001470.jpg,S2_PAIR_occ75,rc_car,0.0289,8.48,97.0,BYPASSED,outside frontal sector - far side of the strip
S2_PAIR_occ75_f001477.jpg,S2_PAIR_occ75,rc_car,0.0000,8.53,97.0,BYPASSED,outside frontal sector - far side of the strip
S2_PAIR_occ75_f001484.jpg,S2_PAIR_occ75,rc_car,0.0000,8.44,97.0,BYPASSED,outside frontal sector - far side of the strip
S2_PAIR_occ75_f001491.jpg,S2_PAIR_occ75,rc_car,0.0000,8.47,97.0,BYPASSED,outside frontal sector - far side of the strip
S2_PAIR_occ75_f001498.jpg,S2_PAIR_occ75,rc_car,0.0000,8.22,97.0,BYPASSED,outside frontal sector - far side of the strip
S2_PAIR_occ75_f001505.jpg,S2_PAIR_occ75,rc_car,0.0000,9.64,100.0,BYPASSED,outside frontal sector - far side of the strip
S2_PAIR_occ75_f001512.jpg,S2_PAIR_occ75,rc_car,,14.05,110.0,AMBIGUOUS,no viewpoint-matched clean frame
S2_PAIR_occ75_f001519.jpg,S2_PAIR_occ75,rc_car,0.0000,12.25,115.0,BYPASSED,outside frontal sector - far side of the strip
S2_PAIR_occ75_f001526.jpg,S2_PAIR_occ75,rc_car,,16.09,120.0,AMBIGUOUS,no viewpoint-matched clean frame
S2_PAIR_occ75_f001533.jpg,S2_PAIR_occ75,rc_car,,16.90,120.0,AMBIGUOUS,no viewpoint-matched clean frame
S2_PAIR_occ75_f001540.jpg,S2_PAIR_occ75,rc_car,,17.41,120.0,AMBIGUOUS,no viewpoint-matched clean frame
S2_PAIR_occ75_f001547.jpg,S2_PAIR_occ75,rc_car,,17.49,120.0,AMBIGUOUS,no viewpoint-matched clean frame
S2_PAIR_occ75_f001554.jpg,S2_PAIR_occ75,rc_car,,16.28,121.0,AMBIGUOUS,no viewpoint-matched clean frame
S2_PAIR_occ75_f001561.jpg,S2_PAIR_occ75,rc_car,,14.65,121.0,AMBIGUOUS,no viewpoint-matched clean frame
S2_PAIR_occ75_f001568.jpg,S2_PAIR_occ75,rc_car,0.0000,13.75,121.0,BYPASSED,outside frontal sector - far side of the strip
S2_PAIR_occ75_f001575.jpg,S2_PAIR_occ75,rc_car,0.0000,13.45,121.0,BYPASSED,outside frontal sector - far side of the strip
S2_PAIR_occ75_f001582.jpg,S2_PAIR_occ75,rc_car,0.0000,13.29,121.0,BYPASSED,outside frontal sector - far side of the strip
S2_PAIR_occ75_f001589.jpg,S2_PAIR_occ75,rc_car,0.0000,12.92,121.0,BYPASSED,outside frontal sector - far side of the strip
S2_PAIR_occ75_f001596.jpg,S2_PAIR_occ75,rc_car,0.0000,12.60,121.0,BYPASSED,outside frontal sector - far side of the strip
S2_PAIR_occ75_f001603.jpg,S2_PAIR_occ75,rc_car,0.0000,12.44,121.0,BYPASSED,outside frontal sector - far side of the strip
S2_PAIR_occ75_f001610.jpg,S2_PAIR_occ75,rc_car,0.0000,12.25,120.0,BYPASSED,outside frontal sector - far side of the strip
S2_PAIR_occ75_f001617.jpg,S2_PAIR_occ75,rc_car,0.0000,12.26,120.0,BYPASSED,outside frontal sector - far side of the strip
S2_PAIR_occ75_f001624.jpg,S2_PAIR_occ75,rc_car,0.0000,12.38,121.0,BYPASSED,outside frontal sector - far side of the strip
S2_PAIR_occ75_f001631.jpg,S2_PAIR_occ75,rc_car,0.0000,12.35,121.0,BYPASSED,outside frontal sector - far side of the strip
S2_PAIR_occ75_f001638.jpg,S2_PAIR_occ75,rc_car,0.0000,12.71,120.0,BYPASSED,outside frontal sector - far side of the strip
S2_PAIR_occ75_f001645.jpg,S2_PAIR_occ75,rc_car,0.0000,12.81,122.0,BYPASSED,outside frontal sector - far side of the strip
S2_PAIR_occ75_f001652.jpg,S2_PAIR_occ75,rc_car,0.0000,5.40,130.0,BYPASSED,outside frontal sector - far side of the strip
S2_PAIR_occ75_f001659.jpg,S2_PAIR_occ75,rc_car,0.1262,4.42,139.0,BYPASSED,outside frontal sector - far side of the strip
S2_PAIR_occ75_f001666.jpg,S2_PAIR_occ75,rc_car,0.0000,4.49,146.0,BYPASSED,outside frontal sector - far side of the strip
S2_PAIR_occ75_f001673.jpg,S2_PAIR_occ75,rc_car,,15.71,152.0,AMBIGUOUS,no viewpoint-matched clean frame
S2_PAIR_occ75_f001680.jpg,S2_PAIR_occ75,rc_car,0.0000,12.83,155.0,BYPASSED,outside frontal sector - far side of the strip
S2_PAIR_occ75_f001687.jpg,S2_PAIR_occ75,rc_car,0.0000,13.03,155.0,BYPASSED,outside frontal sector - far side of the strip
S2_PAIR_occ75_f001694.jpg,S2_PAIR_occ75,rc_car,0.0146,12.88,155.0,BYPASSED,outside frontal sector - far side of the strip
S2_PAIR_occ75_f001701.jpg,S2_PAIR_occ75,rc_car,0.0137,12.59,155.0,BYPASSED,outside frontal sector - far side of the strip
S2_PAIR_occ75_f001708.jpg,S2_PAIR_occ75,rc_car,0.0000,12.72,155.0,BYPASSED,outside frontal sector - far side of the strip
S2_PAIR_occ75_f001715.jpg,S2_PAIR_occ75,rc_car,0.0065,12.96,155.0,BYPASSED,outside frontal sector - far side of the strip
S2_PAIR_occ75_f001722.jpg,S2_PAIR_occ75,rc_car,0.0387,13.38,155.0,BYPASSED,outside frontal sector - far side of the strip
S2_PAIR_occ75_f001729.jpg,S2_PAIR_occ75,rc_car,0.0408,13.78,155.0,BYPASSED,outside frontal sector - far side of the strip
S2_PAIR_occ75_f001736.jpg,S2_PAIR_occ75,rc_car,,14.39,155.0,AMBIGUOUS,no viewpoint-matched clean frame
S2_PAIR_occ75_f001743.jpg,S2_PAIR_occ75,rc_car,,14.96,155.0,AMBIGUOUS,no viewpoint-matched clean frame
S2_PAIR_occ75_f001750.jpg,S2_PAIR_occ75,rc_car,,15.38,155.0,AMBIGUOUS,no viewpoint-matched clean frame
S2_PAIR_occ75_f001757.jpg,S2_PAIR_occ75,rc_car,,15.65,155.0,AMBIGUOUS,no viewpoint-matched clean frame
S2_PAIR_occ75_f001764.jpg,S2_PAIR_occ75,rc_car,,15.07,155.0,AMBIGUOUS,no viewpoint-matched clean frame
S2_PAIR_occ75_f001771.jpg,S2_PAIR_occ75,rc_car,,14.27,155.0,AMBIGUOUS,no viewpoint-matched clean frame
S2_PAIR_occ75_f001778.jpg,S2_PAIR_occ75,rc_car,0.1605,13.87,155.0,BYPASSED,"outside frontal sector, reading within noise"
S2_PAIR_occ75_f001785.jpg,S2_PAIR_occ75,rc_car,0.1314,13.54,155.0,BYPASSED,outside frontal sector - far side of the strip
S2_PAIR_occ75_f001792.jpg,S2_PAIR_occ75,rc_car,0.0153,13.21,155.0,BYPASSED,outside frontal sector - far side of the strip
S2_PAIR_occ75_f001799.jpg,S2_PAIR_occ75,rc_car,0.1185,12.59,155.0,BYPASSED,outside frontal sector - far side of the strip
S2_PAIR_occ75_f001806.jpg,S2_PAIR_occ75,rc_car,0.1155,12.31,156.0,BYPASSED,outside frontal sector - far side of the strip
S2_PAIR_occ75_f001813.jpg,S2_PAIR_occ75,rc_car,0.1018,11.91,155.0,BYPASSED,outside frontal sector - far side of the strip
S2_PAIR_occ75_f001820.jpg,S2_PAIR_occ75,rc_car,0.0999,11.58,155.0,BYPASSED,outside frontal sector - far side of the strip
S2_PAIR_occ75_f001827.jpg,S2_PAIR_occ75,rc_car,0.0724,11.28,155.0,BYPASSED,outside frontal sector - far side of the strip
S2_PAIR_occ75_f001834.jpg,S2_PAIR_occ75,rc_car,0.0428,11.19,155.0,BYPASSED,outside frontal sector - far side of the strip
S2_PAIR_occ75_f001841.jpg,S2_PAIR_occ75,rc_car,0.0000,10.82,155.0,BYPASSED,outside frontal sector - far side of the strip
S2_PAIR_occ75_f001848.jpg,S2_PAIR_occ75,rc_car,0.0449,11.39,155.0,BYPASSED,outside frontal sector - far side of the strip
S2_PAIR_occ75_f001855.jpg,S2_PAIR_occ75,rc_car,0.0000,10.74,155.0,BYPASSED,outside frontal sector - far side of the strip
S2_PAIR_occ75_f001862.jpg,S2_PAIR_occ75,rc_car,0.0263,10.91,155.0,BYPASSED,outside frontal sector - far side of the strip
S2_PAIR_occ75_f001869.jpg,S2_PAIR_occ75,rc_car,0.0000,11.46,155.0,BYPASSED,outside frontal sector - far side of the strip
S2_PAIR_occ75_f001876.jpg,S2_PAIR_occ75,rc_car,0.0576,12.12,155.0,BYPASSED,outside frontal sector - far side of the strip
S2_PAIR_occ75_f001883.jpg,S2_PAIR_occ75,rc_car,,14.02,157.0,AMBIGUOUS,no viewpoint-matched clean frame
S2_PAIR_occ75_f001890.jpg,S2_PAIR_occ75,rc_car,0.0677,13.16,169.0,BYPASSED,outside frontal sector - far side of the strip
S2_PAIR_occ75_f001897.jpg,S2_PAIR_occ75,rc_car,,14.09,176.0,AMBIGUOUS,no viewpoint-matched clean frame
S2_PAIR_occ75_f001904.jpg,S2_PAIR_occ75,rc_car,0.1722,12.32,177.0,BYPASSED,"outside frontal sector, reading within noise"
S2_PAIR_occ75_f001911.jpg,S2_PAIR_occ75,rc_car,0.1461,12.50,177.0,BYPASSED,"outside frontal sector, reading within noise"
S2_PAIR_occ75_f001918.jpg,S2_PAIR_occ75,rc_car,0.1130,12.19,177.0,BYPASSED,outside frontal sector - far side of the strip
S2_PAIR_occ75_f001925.jpg,S2_PAIR_occ75,rc_car,0.1524,11.27,177.0,BYPASSED,"outside frontal sector, reading within noise"
S2_PAIR_occ75_f001932.jpg,S2_PAIR_occ75,rc_car,0.1013,11.37,177.0,BYPASSED,outside frontal sector - far side of the strip
S2_PAIR_occ75_f001939.jpg,S2_PAIR_occ75,rc_car,0.1457,11.44,178.0,BYPASSED,"outside frontal sector, reading within noise"
S2_PAIR_occ75_f001946.jpg,S2_PAIR_occ75,rc_car,0.1132,13.91,178.0,BYPASSED,outside frontal sector - far side of the strip
S2_PAIR_occ75_f001953.jpg,S2_PAIR_occ75,rc_car,,15.00,177.0,AMBIGUOUS,no viewpoint-matched clean frame
S2_PAIR_occ75_f001960.jpg,S2_PAIR_occ75,rc_car,,15.78,177.0,AMBIGUOUS,no viewpoint-matched clean frame
S2_PAIR_occ75_f001967.jpg,S2_PAIR_occ75,rc_car,,15.17,177.0,AMBIGUOUS,no viewpoint-matched clean frame
S2_PAIR_occ75_f001974.jpg,S2_PAIR_occ75,rc_car,,14.05,177.0,AMBIGUOUS,no viewpoint-matched clean frame
S2_PAIR_occ75_f001981.jpg,S2_PAIR_occ75,rc_car,0.0000,13.27,178.0,BYPASSED,outside frontal sector - far side of the strip
S2_PAIR_occ75_f001988.jpg,S2_PAIR_occ75,rc_car,0.0345,12.53,178.0,BYPASSED,outside frontal sector - far side of the strip
S2_PAIR_occ75_f001995.jpg,S2_PAIR_occ75,rc_car,0.0000,12.05,177.0,BYPASSED,outside frontal sector - far side of the strip
S2_PAIR_occ75_f002002.jpg,S2_PAIR_occ75,rc_car,0.0000,11.72,177.0,BYPASSED,outside frontal sector - far side of the strip
S2_PAIR_occ75_f002009.jpg,S2_PAIR_occ75,rc_car,0.0000,11.60,178.0,BYPASSED,outside frontal sector - far side of the strip
S2_PAIR_occ75_f002016.jpg,S2_PAIR_occ75,rc_car,0.0000,11.68,177.0,BYPASSED,outside frontal sector - far side of the strip
S2_PAIR_occ75_f002023.jpg,S2_PAIR_occ75,rc_car,0.0579,11.68,178.0,BYPASSED,outside frontal sector - far side of the strip
S2_PAIR_occ75_f002030.jpg,S2_PAIR_occ75,rc_car,0.0000,11.96,177.0,BYPASSED,outside frontal sector - far side of the strip
S2_PAIR_occ75_f002037.jpg,S2_PAIR_occ75,rc_car,0.0653,12.33,177.0,BYPASSED,outside frontal sector - far side of the strip
S2_PAIR_occ75_f002044.jpg,S2_PAIR_occ75,rc_car,,14.65,-177.0,AMBIGUOUS,no viewpoint-matched clean frame
S2_PAIR_occ75_f002051.jpg,S2_PAIR_occ75,rc_car,0.2836,10.38,-171.0,BYPASSED,"outside frontal sector, reading within noise"
S2_PAIR_occ75_f002058.jpg,S2_PAIR_occ75,rc_car,0.0212,9.27,-162.0,BYPASSED,outside frontal sector - far side of the strip
S2_PAIR_occ75_f002065.jpg,S2_PAIR_occ75,rc_car,0.1129,9.91,-156.0,BYPASSED,outside frontal sector - far side of the strip
S2_PAIR_occ75_f002072.jpg,S2_PAIR_occ75,rc_car,0.1262,9.82,-154.0,BYPASSED,outside frontal sector - far side of the strip
S2_PAIR_occ75_f002079.jpg,S2_PAIR_occ75,rc_car,0.1492,10.50,-154.0,BYPASSED,"outside frontal sector, reading within noise"
S2_PAIR_occ75_f002086.jpg,S2_PAIR_occ75,rc_car,0.0294,10.72,-154.0,BYPASSED,outside frontal sector - far side of the strip
S2_PAIR_occ75_f002093.jpg,S2_PAIR_occ75,rc_car,0.4924,10.05,-154.0,OCCLUDED,above floor p75
S2_PAIR_occ75_f002100.jpg,S2_PAIR_occ75,rc_car,0.3899,10.21,-154.0,OCCLUDED,above floor p75
S2_PAIR_occ75_f002107.jpg,S2_PAIR_occ75,rc_car,0.3188,10.32,-154.0,OCCLUDED,above floor p75
S2_PAIR_occ75_f002114.jpg,S2_PAIR_occ75,rc_car,0.6869,10.77,-154.0,OCCLUDED,above floor p75
S2_PAIR_occ75_f002121.jpg,S2_PAIR_occ75,rc_car,0.2062,10.25,-154.0,BYPASSED,"outside frontal sector, reading within noise"
S2_PAIR_occ75_f002128.jpg,S2_PAIR_occ75,rc_car,0.3667,10.33,-154.0,OCCLUDED,above floor p75
S2_PAIR_occ75_f002135.jpg,S2_PAIR_occ75,rc_car,0.2637,10.71,-154.0,BYPASSED,"outside frontal sector, reading within noise"
S2_PAIR_occ75_f002142.jpg,S2_PAIR_occ75,rc_car,0.2502,8.29,-154.0,BYPASSED,"outside frontal sector, reading within noise"
S2_PAIR_occ75_f002149.jpg,S2_PAIR_occ75,rc_car,0.2673,7.70,-154.0,BYPASSED,"outside frontal sector, reading within noise"
S2_PAIR_occ75_f002156.jpg,S2_PAIR_occ75,rc_car,0.1729,7.30,-154.0,BYPASSED,"outside frontal sector, reading within noise"
S2_PAIR_occ75_f002163.jpg,S2_PAIR_occ75,rc_car,0.3706,7.42,-154.0,OCCLUDED,above floor p75
S2_PAIR_occ75_f002170.jpg,S2_PAIR_occ75,rc_car,0.3174,7.39,-154.0,BYPASSED,"outside frontal sector, reading within noise"
S2_PAIR_occ75_f002177.jpg,S2_PAIR_occ75,rc_car,0.2900,7.45,-154.0,BYPASSED,"outside frontal sector, reading within noise"
S2_PAIR_occ75_f002184.jpg,S2_PAIR_occ75,rc_car,0.2758,7.42,-154.0,BYPASSED,"outside frontal sector, reading within noise"
S2_PAIR_occ75_f002191.jpg,S2_PAIR_occ75,rc_car,0.3684,7.67,-154.0,OCCLUDED,above floor p75
S2_PAIR_occ75_f002198.jpg,S2_PAIR_occ75,rc_car,0.3331,8.84,-154.0,OCCLUDED,above floor p75
S2_PAIR_occ75_f002205.jpg,S2_PAIR_occ75,rc_car,0.3082,10.08,-154.0,BYPASSED,"outside frontal sector, reading within noise"
S2_PAIR_occ75_f002212.jpg,S2_PAIR_occ75,rc_car,0.3787,12.09,-154.0,OCCLUDED,above floor p75
S2_PAIR_occ75_f002219.jpg,S2_PAIR_occ75,rc_car,0.1359,10.18,-152.0,BYPASSED,outside frontal sector - far side of the strip
S2_PAIR_occ75_f002226.jpg,S2_PAIR_occ75,rc_car,,15.22,-142.0,AMBIGUOUS,no viewpoint-matched clean frame
S2_PAIR_occ75_f002233.jpg,S2_PAIR_occ75,rc_car,,15.06,-137.0,AMBIGUOUS,no viewpoint-matched clean frame
S2_PAIR_occ75_f002240.jpg,S2_PAIR_occ75,rc_car,0.2875,11.01,-130.0,BYPASSED,"outside frontal sector, reading within noise"
S2_PAIR_occ75_f002247.jpg,S2_PAIR_occ75,rc_car,0.3154,11.95,-129.0,BYPASSED,"outside frontal sector, reading within noise"
S2_PAIR_occ75_f002254.jpg,S2_PAIR_occ75,rc_car,0.3704,10.58,-128.0,OCCLUDED,above floor p75
S2_PAIR_occ75_f002261.jpg,S2_PAIR_occ75,rc_car,0.3826,10.61,-127.0,OCCLUDED,above floor p75
S2_PAIR_occ75_f002268.jpg,S2_PAIR_occ75,rc_car,0.3033,11.62,-127.0,BYPASSED,"outside frontal sector, reading within noise"
S2_PAIR_occ75_f002275.jpg,S2_PAIR_occ75,rc_car,0.2858,12.12,-127.0,BYPASSED,"outside frontal sector, reading within noise"
S2_PAIR_occ75_f002282.jpg,S2_PAIR_occ75,rc_car,0.4026,12.92,-127.0,OCCLUDED,above floor p75
S2_PAIR_occ75_f002289.jpg,S2_PAIR_occ75,rc_car,0.2560,12.85,-125.0,BYPASSED,"outside frontal sector, reading within noise"
S2_PAIR_occ75_f002296.jpg,S2_PAIR_occ75,rc_car,0.1348,12.70,-120.0,BYPASSED,outside frontal sector - far side of the strip
S2_PAIR_occ75_f002303.jpg,S2_PAIR_occ75,rc_car,0.2389,12.63,-112.0,BYPASSED,"outside frontal sector, reading within noise"
S2_PAIR_occ75_f002310.jpg,S2_PAIR_occ75,rc_car,0.0000,11.77,-107.0,BYPASSED,outside frontal sector - far side of the strip
S2_PAIR_occ75_f002317.jpg,S2_PAIR_occ75,rc_car,0.0000,12.42,-106.0,BYPASSED,outside frontal sector - far side of the strip
S2_PAIR_occ75_f002324.jpg,S2_PAIR_occ75,rc_car,0.1176,12.25,-105.0,BYPASSED,outside frontal sector - far side of the strip
S2_PAIR_occ75_f002331.jpg,S2_PAIR_occ75,rc_car,0.2144,12.01,-104.0,BYPASSED,"outside frontal sector, reading within noise"
S2_PAIR_occ75_f002338.jpg,S2_PAIR_occ75,rc_car,0.1060,12.56,-103.0,BYPASSED,outside frontal sector - far side of the strip
S2_PAIR_occ75_f002345.jpg,S2_PAIR_occ75,rc_car,0.0875,12.99,-103.0,BYPASSED,outside frontal sector - far side of the strip
S2_PAIR_occ75_f002352.jpg,S2_PAIR_occ75,rc_car,0.2357,13.03,-103.0,BYPASSED,"outside frontal sector, reading within noise"
S2_PAIR_occ75_f002359.jpg,S2_PAIR_occ75,rc_car,0.2108,13.18,-103.0,BYPASSED,"outside frontal sector, reading within noise"
S2_PAIR_occ75_f002366.jpg,S2_PAIR_occ75,rc_car,0.2113,13.11,-103.0,BYPASSED,"outside frontal sector, reading within noise"
S2_PAIR_occ75_f002373.jpg,S2_PAIR_occ75,rc_car,0.1938,12.68,-103.0,BYPASSED,"outside frontal sector, reading within noise"
S2_PAIR_occ75_f002380.jpg,S2_PAIR_occ75,rc_car,0.0791,11.90,-103.0,BYPASSED,outside frontal sector - far side of the strip
S2_PAIR_occ75_f002387.jpg,S2_PAIR_occ75,rc_car,0.1284,11.41,-103.0,BYPASSED,outside frontal sector - far side of the strip
S2_PAIR_occ75_f002394.jpg,S2_PAIR_occ75,rc_car,0.1933,10.50,-103.0,BYPASSED,"outside frontal sector, reading within noise"
S2_PAIR_occ75_f002401.jpg,S2_PAIR_occ75,rc_car,0.2450,9.60,-103.0,BYPASSED,"outside frontal sector, reading within noise"
S2_PAIR_occ75_f002408.jpg,S2_PAIR_occ75,rc_car,0.2147,8.99,-103.0,BYPASSED,"outside frontal sector, reading within noise"
S2_PAIR_occ75_f002415.jpg,S2_PAIR_occ75,rc_car,0.2512,8.90,-103.0,BYPASSED,"outside frontal sector, reading within noise"
S2_PAIR_occ75_f002422.jpg,S2_PAIR_occ75,rc_car,0.1336,11.43,-100.0,BYPASSED,outside frontal sector - far side of the strip
S2_PAIR_occ75_f002429.jpg,S2_PAIR_occ75,rc_car,0.3423,11.12,-98.0,OCCLUDED,above floor p75
S2_PAIR_occ75_f002436.jpg,S2_PAIR_occ75,rc_car,0.2527,13.58,-91.0,BYPASSED,"outside frontal sector, reading within noise"
S2_PAIR_occ75_f002443.jpg,S2_PAIR_occ75,rc_car,,14.66,-87.0,AMBIGUOUS,no viewpoint-matched clean frame
S2_PAIR_occ75_f002450.jpg,S2_PAIR_occ75,rc_car,,15.56,-87.0,AMBIGUOUS,no viewpoint-matched clean frame
S2_PAIR_occ75_f002457.jpg,S2_PAIR_occ75,rc_car,,15.61,-87.0,AMBIGUOUS,no viewpoint-matched clean frame
S2_PAIR_occ75_f002464.jpg,S2_PAIR_occ75,rc_car,,15.36,-87.0,AMBIGUOUS,no viewpoint-matched clean frame
S2_PAIR_occ75_f002471.jpg,S2_PAIR_occ75,rc_car,,15.01,-87.0,AMBIGUOUS,no viewpoint-matched clean frame
S2_PAIR_occ75_f002478.jpg,S2_PAIR_occ75,rc_car,,14.84,-87.0,AMBIGUOUS,no viewpoint-matched clean frame
S2_PAIR_occ75_f002485.jpg,S2_PAIR_occ75,rc_car,,14.41,-86.0,AMBIGUOUS,no viewpoint-matched clean frame
S2_PAIR_occ75_f002492.jpg,S2_PAIR_occ75,rc_car,,14.45,-87.0,AMBIGUOUS,no viewpoint-matched clean frame
S2_PAIR_occ75_f002499.jpg,S2_PAIR_occ75,rc_car,,14.47,-87.0,AMBIGUOUS,no viewpoint-matched clean frame
S2_PAIR_occ75_f002506.jpg,S2_PAIR_occ75,rc_car,,14.37,-87.0,AMBIGUOUS,no viewpoint-matched clean frame
S2_PAIR_occ75_f002513.jpg,S2_PAIR_occ75,rc_car,,14.39,-87.0,AMBIGUOUS,no viewpoint-matched clean frame
S2_PAIR_occ75_f002520.jpg,S2_PAIR_occ75,rc_car,,14.65,-86.0,AMBIGUOUS,no viewpoint-matched clean frame
S2_PAIR_occ75_f002527.jpg,S2_PAIR_occ75,rc_car,,14.93,-87.0,AMBIGUOUS,no viewpoint-matched clean frame
S2_PAIR_occ75_f002534.jpg,S2_PAIR_occ75,rc_car,,15.80,-87.0,AMBIGUOUS,no viewpoint-matched clean frame
S2_PAIR_occ75_f002541.jpg,S2_PAIR_occ75,rc_car,,15.90,-87.0,AMBIGUOUS,no viewpoint-matched clean frame
S2_PAIR_occ75_f002548.jpg,S2_PAIR_occ75,rc_car,,15.68,-87.0,AMBIGUOUS,no viewpoint-matched clean frame
S2_PAIR_occ75_f002555.jpg,S2_PAIR_occ75,rc_car,,15.66,-87.0,AMBIGUOUS,no viewpoint-matched clean frame
S2_PAIR_occ75_f002562.jpg,S2_PAIR_occ75,rc_car,,15.41,-87.0,AMBIGUOUS,no viewpoint-matched clean frame
S2_PAIR_occ75_f002569.jpg,S2_PAIR_occ75,rc_car,,14.90,-87.0,AMBIGUOUS,no viewpoint-matched clean frame
S2_PAIR_occ75_f002576.jpg,S2_PAIR_occ75,rc_car,,14.76,-87.0,AMBIGUOUS,no viewpoint-matched clean frame
S2_PAIR_occ75_f002583.jpg,S2_PAIR_occ75,rc_car,,15.06,-87.0,AMBIGUOUS,no viewpoint-matched clean frame
S2_PAIR_occ75_f002590.jpg,S2_PAIR_occ75,rc_car,,15.42,-87.0,AMBIGUOUS,no viewpoint-matched clean frame
S2_PAIR_occ75_f002597.jpg,S2_PAIR_occ75,rc_car,,15.21,-87.0,AMBIGUOUS,no viewpoint-matched clean frame
S2_PAIR_occ75_f002604.jpg,S2_PAIR_occ75,rc_car,,14.95,-87.0,AMBIGUOUS,no viewpoint-matched clean frame
S2_PAIR_occ75_f002611.jpg,S2_PAIR_occ75,rc_car,,14.37,-87.0,AMBIGUOUS,no viewpoint-matched clean frame
S2_PAIR_occ75_f002618.jpg,S2_PAIR_occ75,rc_car,,14.25,-87.0,AMBIGUOUS,no viewpoint-matched clean frame
S2_PAIR_occ75_f002625.jpg,S2_PAIR_occ75,rc_car,,14.14,-87.0,AMBIGUOUS,no viewpoint-matched clean frame
S2_PAIR_occ75_f002632.jpg,S2_PAIR_occ75,rc_car,0.4435,13.37,-87.0,OCCLUDED,above floor p75
S2_PAIR_occ75_f002639.jpg,S2_PAIR_occ75,rc_car,0.5461,13.90,-87.0,OCCLUDED,above floor p75
S2_PAIR_occ75_f002646.jpg,S2_PAIR_occ75,rc_car,0.6349,13.84,-87.0,OCCLUDED,above floor p75
S2_PAIR_occ75_f002653.jpg,S2_PAIR_occ75,rc_car,,14.55,-87.0,AMBIGUOUS,no viewpoint-matched clean frame
S2_PAIR_occ75_f002660.jpg,S2_PAIR_occ75,rc_car,,14.56,-85.0,AMBIGUOUS,no viewpoint-matched clean frame
S2_PAIR_occ75_f002667.jpg,S2_PAIR_occ75,rc_car,,17.24,-77.0,AMBIGUOUS,no viewpoint-matched clean frame
S2_PAIR_occ75_f002674.jpg,S2_PAIR_occ75,rc_car,,17.20,-72.0,AMBIGUOUS,no viewpoint-matched clean frame
S2_PAIR_occ75_f002681.jpg,S2_PAIR_occ75,rc_car,0.6259,12.97,-64.0,OCCLUDED,above floor p75
S2_PAIR_occ75_f002688.jpg,S2_PAIR_occ75,rc_car,,15.00,-61.0,AMBIGUOUS,no viewpoint-matched clean frame
S2_PAIR_occ75_f002695.jpg,S2_PAIR_occ75,rc_car,,14.35,-60.0,AMBIGUOUS,no viewpoint-matched clean frame
S2_PAIR_occ75_f002702.jpg,S2_PAIR_occ75,rc_car,0.3643,13.83,-59.0,OCCLUDED,above floor p75
S2_PAIR_occ75_f002709.jpg,S2_PAIR_occ75,rc_car,0.4188,13.89,-58.0,OCCLUDED,above floor p75
S2_PAIR_occ75_f002716.jpg,S2_PAIR_occ75,rc_car,0.2372,13.76,-58.0,LIGHT,"frontal, below the confident floor - light occlusion"
S2_PAIR_occ75_f002723.jpg,S2_PAIR_occ75,rc_car,0.3012,13.69,-58.0,LIGHT,"frontal, below the confident floor - light occlusion"
S2_PAIR_occ75_f002730.jpg,S2_PAIR_occ75,rc_car,,14.07,-59.0,AMBIGUOUS,no viewpoint-matched clean frame
S2_PAIR_occ75_f002737.jpg,S2_PAIR_occ75,rc_car,,15.18,-59.0,AMBIGUOUS,no viewpoint-matched clean frame
S2_PAIR_occ75_f002744.jpg,S2_PAIR_occ75,rc_car,,16.00,-58.0,AMBIGUOUS,no viewpoint-matched clean frame
S2_PAIR_occ75_f002751.jpg,S2_PAIR_occ75,rc_car,0.5006,13.52,-58.0,OCCLUDED,above floor p75
S2_PAIR_occ75_f002758.jpg,S2_PAIR_occ75,rc_car,0.5278,13.75,-58.0,OCCLUDED,above floor p75
S2_PAIR_occ75_f002765.jpg,S2_PAIR_occ75,rc_car,0.0000,13.87,-58.0,LIGHT,"frontal, below the confident floor - light occlusion"
S2_PAIR_occ75_f002772.jpg,S2_PAIR_occ75,rc_car,,14.21,-58.0,AMBIGUOUS,no viewpoint-matched clean frame
S2_PAIR_occ75_f002779.jpg,S2_PAIR_occ75,rc_car,,14.50,-58.0,AMBIGUOUS,no viewpoint-matched clean frame
S2_PAIR_occ75_f002786.jpg,S2_PAIR_occ75,rc_car,,14.78,-58.0,AMBIGUOUS,no viewpoint-matched clean frame
S2_PAIR_occ75_f002793.jpg,S2_PAIR_occ75,rc_car,,14.74,-59.0,AMBIGUOUS,no viewpoint-matched clean frame
S2_PAIR_occ75_f002800.jpg,S2_PAIR_occ75,rc_car,,14.55,-59.0,AMBIGUOUS,no viewpoint-matched clean frame
S2_PAIR_occ75_f002807.jpg,S2_PAIR_occ75,rc_car,,14.41,-59.0,AMBIGUOUS,no viewpoint-matched clean frame
S2_PAIR_occ75_f002814.jpg,S2_PAIR_occ75,rc_car,0.6403,13.90,-58.0,OCCLUDED,above floor p75
S2_PAIR_occ75_f002821.jpg,S2_PAIR_occ75,rc_car,,14.16,-58.0,AMBIGUOUS,no viewpoint-matched clean frame
S2_PAIR_occ75_f002828.jpg,S2_PAIR_occ75,rc_car,0.8082,12.38,-58.0,OCCLUDED,above floor p75
S2_PAIR_occ75_f002835.jpg,S2_PAIR_occ75,rc_car,0.8082,12.18,-58.0,OCCLUDED,above floor p75
S2_PAIR_occ75_f002842.jpg,S2_PAIR_occ75,rc_car,0.7410,13.48,-58.0,OCCLUDED,above floor p75
S2_PAIR_occ75_f002849.jpg,S2_PAIR_occ75,rc_car,0.5278,11.27,-54.0,OCCLUDED,above floor p75
S2_PAIR_occ75_f002856.jpg,S2_PAIR_occ75,rc_car,0.8512,6.44,-46.0,OCCLUDED,above floor p75
S2_PAIR_occ75_f002863.jpg,S2_PAIR_occ75,rc_car,,14.67,-37.0,AMBIGUOUS,no viewpoint-matched clean frame
S2_PAIR_occ75_f002870.jpg,S2_PAIR_occ75,rc_car,,16.46,-35.0,AMBIGUOUS,no viewpoint-matched clean frame
S2_PAIR_occ75_f002912.jpg,S2_PAIR_occ75,rc_car,0.5881,7.54,-34.0,OCCLUDED,above floor p75
S2_PAIR_occ75_f002919.jpg,S2_PAIR_occ75,rc_car,0.7794,8.52,-34.0,OCCLUDED,above floor p75
S2_PAIR_occ75_f002926.jpg,S2_PAIR_occ75,rc_car,0.8529,9.71,-34.0,OCCLUDED,above floor p75
S2_PAIR_occ75_f002933.jpg,S2_PAIR_occ75,rc_car,0.7843,10.80,-34.0,OCCLUDED,above floor p75
S2_PAIR_occ75_f002940.jpg,S2_PAIR_occ75,rc_car,,17.22,-28.0,AMBIGUOUS,no viewpoint-matched clean frame
S2_PAIR_occ75_f003017.jpg,S2_PAIR_occ75,rc_car,0.4792,12.66,-10.0,OCCLUDED,above floor p75
S2_PAIR_occ75_f003024.jpg,S2_PAIR_occ75,rc_car,0.6590,11.92,-10.0,OCCLUDED,above floor p75
S2_PAIR_occ75_f003031.jpg,S2_PAIR_occ75,rc_car,0.6693,10.81,-11.0,OCCLUDED,above floor p75
S2_PAIR_occ75_f003038.jpg,S2_PAIR_occ75,rc_car,0.8843,9.11,-11.0,OCCLUDED,above floor p75
S2_PAIR_occ75_f003045.jpg,S2_PAIR_occ75,rc_car,0.7582,8.76,-11.0,OCCLUDED,above floor p75
S2_PAIR_occ75_f003052.jpg,S2_PAIR_occ75,rc_car,0.7272,9.03,-10.0,OCCLUDED,above floor p75
S2_PAIR_occ75_f003066.jpg,S2_PAIR_occ75,rc_car,0.7107,10.95,-11.0,OCCLUDED,above floor p75
S2_PAIR_occ75_f003073.jpg,S2_PAIR_occ75,rc_car,0.7582,12.24,-10.0,OCCLUDED,above floor p75
S2_PAIR_occ75_f003087.jpg,S2_PAIR_occ75,rc_car,0.5950,13.62,-11.0,OCCLUDED,above floor p75
S2_PAIR_occ75_f003094.jpg,S2_PAIR_occ75,rc_car,,14.13,-11.0,AMBIGUOUS,no viewpoint-matched clean frame
S2_PAIR_occ75_f003101.jpg,S2_PAIR_occ75,rc_car,,14.46,-11.0,AMBIGUOUS,no viewpoint-matched clean frame
S2_PAIR_occ75_f003115.jpg,S2_PAIR_occ75,rc_car,,14.32,-11.0,AMBIGUOUS,no viewpoint-matched clean frame
S2_PAIR_occ75_f003122.jpg,S2_PAIR_occ75,rc_car,,14.16,-11.0,AMBIGUOUS,no viewpoint-matched clean frame
S2_PAIR_occ75_f003129.jpg,S2_PAIR_occ75,rc_car,,14.13,-10.0,AMBIGUOUS,no viewpoint-matched clean frame
S2_PAIR_occ75_f003136.jpg,S2_PAIR_occ75,rc_car,,14.40,-10.0,AMBIGUOUS,no viewpoint-matched clean frame
S2_PAIR_occ75_f003150.jpg,S2_PAIR_occ75,rc_car,,14.34,-11.0,AMBIGUOUS,no viewpoint-matched clean frame
S2_PAIR_occ75_f003157.jpg,S2_PAIR_occ75,rc_car,,14.33,-11.0,AMBIGUOUS,no viewpoint-matched clean frame
S2_PAIR_occ75_f003164.jpg,S2_PAIR_occ75,rc_car,,14.62,-11.0,AMBIGUOUS,no viewpoint-matched clean frame
S2_PAIR_occ75_f003171.jpg,S2_PAIR_occ75,rc_car,,14.75,-10.0,AMBIGUOUS,no viewpoint-matched clean frame
S2_PAIR_occ75_f003178.jpg,S2_PAIR_occ75,rc_car,,14.83,-10.0,AMBIGUOUS,no viewpoint-matched clean frame
S2_PAIR_occ75_f003185.jpg,S2_PAIR_occ75,rc_car,0.9065,13.14,-1.0,OCCLUDED,above floor p75
S2_PAIR_occ75_f003192.jpg,S2_PAIR_occ75,rc_car,0.8397,8.19,3.0,OCCLUDED,above floor p75
S2_PAIR_occ75_f003199.jpg,S2_PAIR_occ75,rc_car,0.6733,8.91,5.0,OCCLUDED,above floor p75
S2_PAIR_occ75_f003206.jpg,S2_PAIR_occ75,rc_car,0.7666,8.97,5.0,OCCLUDED,above floor p75
S2_PAIR_occ75_f003213.jpg,S2_PAIR_occ75,rc_car,0.5644,8.92,5.0,OCCLUDED,above floor p75
S2_PAIR_occ75_f003220.jpg,S2_PAIR_occ75,rc_car,0.7753,9.55,5.0,OCCLUDED,above floor p75
S2_PAIR_occ75_f003227.jpg,S2_PAIR_occ75,rc_car,0.6577,9.09,5.0,OCCLUDED,above floor p75
S2_PAIR_occ75_f003234.jpg,S2_PAIR_occ75,rc_car,0.7725,8.99,5.0,OCCLUDED,above floor p75
S2_PAIR_occ75_f003241.jpg,S2_PAIR_occ75,rc_car,0.6266,9.04,5.0,OCCLUDED,above floor p75
S2_PAIR_occ75_f003248.jpg,S2_PAIR_occ75,rc_car,0.6733,9.16,5.0,OCCLUDED,above floor p75
S2_PAIR_occ75_f003255.jpg,S2_PAIR_occ75,rc_car,0.6791,9.15,5.0,OCCLUDED,above floor p75
S2_PAIR_occ75_f003262.jpg,S2_PAIR_occ75,rc_car,0.6266,9.37,5.0,OCCLUDED,above floor p75
S2_PAIR_occ75_f003269.jpg,S2_PAIR_occ75,rc_car,0.6855,9.66,5.0,OCCLUDED,above floor p75
S2_PAIR_occ75_f003276.jpg,S2_PAIR_occ75,rc_car,0.5852,9.24,5.0,OCCLUDED,above floor p75
S2_PAIR_occ75_f003283.jpg,S2_PAIR_occ75,rc_car,0.6613,8.97,5.0,OCCLUDED,above floor p75
S2_PAIR_occ75_f003290.jpg,S2_PAIR_occ75,rc_car,0.5593,9.04,5.0,OCCLUDED,above floor p75
S2_PAIR_occ75_f003297.jpg,S2_PAIR_occ75,rc_car,0.5299,9.03,5.0,OCCLUDED,above floor p75
S2_PAIR_occ75_f003304.jpg,S2_PAIR_occ75,rc_car,0.7148,9.15,5.0,OCCLUDED,above floor p75
S2_PAIR_occ75_f003311.jpg,S2_PAIR_occ75,rc_car,0.4237,9.38,5.0,OCCLUDED,above floor p75
S2_PAIR_occ75_f003318.jpg,S2_PAIR_occ75,rc_car,0.4390,9.47,5.0,OCCLUDED,above floor p75
S2_PAIR_occ75_f003325.jpg,S2_PAIR_occ75,rc_car,0.3727,9.66,5.0,OCCLUDED,above floor p75
S2_PAIR_occ75_f003332.jpg,S2_PAIR_occ75,rc_car,0.3230,9.74,5.0,OCCLUDED,above floor p75
S2_PAIR_occ75_f003339.jpg,S2_PAIR_occ75,rc_car,0.5406,9.74,5.0,OCCLUDED,above floor p75
S2_PAIR_occ75_f003346.jpg,S2_PAIR_occ75,rc_car,0.3931,9.82,5.0,OCCLUDED,above floor p75
S2_PAIR_occ75_f003353.jpg,S2_PAIR_occ75,rc_car,0.5372,9.95,5.0,OCCLUDED,above floor p75
S2_PAIR_occ75_f003360.jpg,S2_PAIR_occ75,rc_car,0.3611,10.09,5.0,OCCLUDED,above floor p75
S2_PAIR_occ75_f003367.jpg,S2_PAIR_occ75,rc_car,0.3822,10.03,5.0,OCCLUDED,above floor p75
S2_PAIR_occ75_f003374.jpg,S2_PAIR_occ75,rc_car,0.3494,10.12,5.0,OCCLUDED,above floor p75
S2_PAIR_occ75_f003381.jpg,S2_PAIR_occ75,rc_car,0.4130,9.76,5.0,OCCLUDED,above floor p75
S2_PAIR_occ75_f003388.jpg,S2_PAIR_occ75,rc_car,0.4766,9.64,5.0,OCCLUDED,above floor p75
S2_PAIR_occ75_f003395.jpg,S2_PAIR_occ75,rc_car,0.5629,9.61,5.0,OCCLUDED,above floor p75
S2_PAIR_occ75_f003402.jpg,S2_PAIR_occ75,rc_car,0.3079,9.60,5.0,LIGHT,"frontal, below the confident floor - light occlusion"
S2_PAIR_occ75_f003409.jpg,S2_PAIR_occ75,rc_car,0.3719,9.68,5.0,OCCLUDED,above floor p75
S2_PAIR_occ75_f003416.jpg,S2_PAIR_occ75,rc_car,0.5097,9.59,5.0,OCCLUDED,above floor p75
S2_PAIR_occ75_f003423.jpg,S2_PAIR_occ75,rc_car,0.2817,9.52,5.0,LIGHT,"frontal, below the confident floor - light occlusion"
S2_PAIR_occ75_f003430.jpg,S2_PAIR_occ75,rc_car,0.3590,9.48,5.0,OCCLUDED,above floor p75
S2_PAIR_occ75_f003437.jpg,S2_PAIR_occ75,rc_car,0.3370,9.51,5.0,OCCLUDED,above floor p75
S2_PAIR_occ75_f003444.jpg,S2_PAIR_occ75,rc_car,0.3781,9.34,5.0,OCCLUDED,above floor p75
S2_PAIR_occ75_f003451.jpg,S2_PAIR_occ75,rc_car,0.3669,9.36,5.0,OCCLUDED,above floor p75
S2_PAIR_occ75_f003458.jpg,S2_PAIR_occ75,rc_car,0.3560,9.36,5.0,OCCLUDED,above floor p75
S2_PAIR_occ75_f003465.jpg,S2_PAIR_occ75,rc_car,0.2922,9.31,5.0,LIGHT,"frontal, below the confident floor - light occlusion"
S2_PAIR_occ75_f003472.jpg,S2_PAIR_occ75,rc_car,0.2148,9.37,5.0,LIGHT,"frontal, below the confident floor - light occlusion"
S2_PAIR_occ75_f003479.jpg,S2_PAIR_occ75,rc_car,0.1881,9.45,5.0,LIGHT,"frontal, below the confident floor - light occlusion"
S2_PAIR_occ75_f003486.jpg,S2_PAIR_occ75,rc_car,0.4354,9.36,5.0,OCCLUDED,above floor p75
S2_PAIR_occ75_f003493.jpg,S2_PAIR_occ75,rc_car,0.4507,9.34,5.0,OCCLUDED,above floor p75
S2_PAIR_occ75_f003500.jpg,S2_PAIR_occ75,rc_car,0.3760,9.34,5.0,OCCLUDED,above floor p75
S2_PAIR_occ75_f003507.jpg,S2_PAIR_occ75,rc_car,,14.34,5.0,AMBIGUOUS,no viewpoint-matched clean frame
S2_PAIR_occ75_f003514.jpg,S2_PAIR_occ75,rc_car,,14.37,5.0,AMBIGUOUS,no viewpoint-matched clean frame
S2_PAIR_occ75_f003521.jpg,S2_PAIR_occ75,rc_car,,14.35,4.0,AMBIGUOUS,no viewpoint-matched clean frame
S2_PAIR_occ75_f003528.jpg,S2_PAIR_occ75,rc_car,,14.35,4.0,AMBIGUOUS,no viewpoint-matched clean frame
S2_PAIR_occ75_f003535.jpg,S2_PAIR_occ75,rc_car,,14.37,4.0,AMBIGUOUS,no viewpoint-matched clean frame
S2_PAIR_occ75_f003542.jpg,S2_PAIR_occ75,rc_car,,14.39,4.0,AMBIGUOUS,no viewpoint-matched clean frame
S2_PAIR_occ75_f003549.jpg,S2_PAIR_occ75,rc_car,,14.43,4.0,AMBIGUOUS,no viewpoint-matched clean frame
S2_PAIR_occ75_f003556.jpg,S2_PAIR_occ75,rc_car,,14.44,4.0,AMBIGUOUS,no viewpoint-matched clean frame
S2_PAIR_occ75_f003563.jpg,S2_PAIR_occ75,rc_car,,14.46,4.0,AMBIGUOUS,no viewpoint-matched clean frame
S2_PAIR_clean_f000000.jpg,S2_PAIR_clean,rc_car,,,7.0,NOT_OCCLUDED,"clean flight, no strip deployed"
S2_PAIR_clean_f000007.jpg,S2_PAIR_clean,rc_car,,,7.0,NOT_OCCLUDED,"clean flight, no strip deployed"
S2_PAIR_clean_f000014.jpg,S2_PAIR_clean,rc_car,,,7.0,NOT_OCCLUDED,"clean flight, no strip deployed"
S2_PAIR_clean_f000021.jpg,S2_PAIR_clean,rc_car,,,7.0,NOT_OCCLUDED,"clean flight, no strip deployed"
S2_PAIR_clean_f000028.jpg,S2_PAIR_clean,rc_car,,,7.0,NOT_OCCLUDED,"clean flight, no strip deployed"
S2_PAIR_clean_f000035.jpg,S2_PAIR_clean,rc_car,,,7.0,NOT_OCCLUDED,"clean flight, no strip deployed"
S2_PAIR_clean_f000042.jpg,S2_PAIR_clean,rc_car,,,7.0,NOT_OCCLUDED,"clean flight, no strip deployed"
S2_PAIR_clean_f000049.jpg,S2_PAIR_clean,rc_car,,,7.0,NOT_OCCLUDED,"clean flight, no strip deployed"
S2_PAIR_clean_f000056.jpg,S2_PAIR_clean,rc_car,,,7.0,NOT_OCCLUDED,"clean flight, no strip deployed"
S2_PAIR_clean_f000063.jpg,S2_PAIR_clean,rc_car,,,7.0,NOT_OCCLUDED,"clean flight, no strip deployed"
S2_PAIR_clean_f000070.jpg,S2_PAIR_clean,rc_car,,,7.0,NOT_OCCLUDED,"clean flight, no strip deployed"
S2_PAIR_clean_f000077.jpg,S2_PAIR_clean,rc_car,,,7.0,NOT_OCCLUDED,"clean flight, no strip deployed"
S2_PAIR_clean_f000084.jpg,S2_PAIR_clean,rc_car,,,7.0,NOT_OCCLUDED,"clean flight, no strip deployed"
S2_PAIR_clean_f000091.jpg,S2_PAIR_clean,rc_car,,,7.0,NOT_OCCLUDED,"clean flight, no strip deployed"
S2_PAIR_clean_f000098.jpg,S2_PAIR_clean,rc_car,,,7.0,NOT_OCCLUDED,"clean flight, no strip deployed"
S2_PAIR_clean_f000112.jpg,S2_PAIR_clean,rc_car,,,-25.0,NOT_OCCLUDED,"clean flight, no strip deployed"
S2_PAIR_clean_f000119.jpg,S2_PAIR_clean,rc_car,,,-25.0,NOT_OCCLUDED,"clean flight, no strip deployed"
S2_PAIR_clean_f000126.jpg,S2_PAIR_clean,rc_car,,,-25.0,NOT_OCCLUDED,"clean flight, no strip deployed"
S2_PAIR_clean_f000133.jpg,S2_PAIR_clean,rc_car,,,-25.0,NOT_OCCLUDED,"clean flight, no strip deployed"
S2_PAIR_clean_f000140.jpg,S2_PAIR_clean,rc_car,,,-25.0,NOT_OCCLUDED,"clean flight, no strip deployed"
S2_PAIR_clean_f000147.jpg,S2_PAIR_clean,rc_car,,,-27.0,NOT_OCCLUDED,"clean flight, no strip deployed"
S2_PAIR_clean_f000154.jpg,S2_PAIR_clean,rc_car,,,-34.0,NOT_OCCLUDED,"clean flight, no strip deployed"
S2_PAIR_clean_f000161.jpg,S2_PAIR_clean,rc_car,,,-34.0,NOT_OCCLUDED,"clean flight, no strip deployed"
S2_PAIR_clean_f000168.jpg,S2_PAIR_clean,rc_car,,,-34.0,NOT_OCCLUDED,"clean flight, no strip deployed"
S2_PAIR_clean_f000175.jpg,S2_PAIR_clean,rc_car,,,-34.0,NOT_OCCLUDED,"clean flight, no strip deployed"
S2_PAIR_clean_f000182.jpg,S2_PAIR_clean,rc_car,,,-34.0,NOT_OCCLUDED,"clean flight, no strip deployed"
S2_PAIR_clean_f000189.jpg,S2_PAIR_clean,rc_car,,,-34.0,NOT_OCCLUDED,"clean flight, no strip deployed"
S2_PAIR_clean_f000196.jpg,S2_PAIR_clean,rc_car,,,-34.0,NOT_OCCLUDED,"clean flight, no strip deployed"
S2_PAIR_clean_f000203.jpg,S2_PAIR_clean,rc_car,,,-34.0,NOT_OCCLUDED,"clean flight, no strip deployed"
S2_PAIR_clean_f000210.jpg,S2_PAIR_clean,rc_car,,,-34.0,NOT_OCCLUDED,"clean flight, no strip deployed"
S2_PAIR_clean_f000217.jpg,S2_PAIR_clean,rc_car,,,-34.0,NOT_OCCLUDED,"clean flight, no strip deployed"
S2_PAIR_clean_f000224.jpg,S2_PAIR_clean,rc_car,,,-34.0,NOT_OCCLUDED,"clean flight, no strip deployed"
S2_PAIR_clean_f000231.jpg,S2_PAIR_clean,rc_car,,,-34.0,NOT_OCCLUDED,"clean flight, no strip deployed"
S2_PAIR_clean_f000238.jpg,S2_PAIR_clean,rc_car,,,-34.0,NOT_OCCLUDED,"clean flight, no strip deployed"
S2_PAIR_clean_f000245.jpg,S2_PAIR_clean,rc_car,,,-34.0,NOT_OCCLUDED,"clean flight, no strip deployed"
S2_PAIR_clean_f000252.jpg,S2_PAIR_clean,rc_car,,,-34.0,NOT_OCCLUDED,"clean flight, no strip deployed"
S2_PAIR_clean_f000259.jpg,S2_PAIR_clean,rc_car,,,-34.0,NOT_OCCLUDED,"clean flight, no strip deployed"
S2_PAIR_clean_f000266.jpg,S2_PAIR_clean,rc_car,,,-34.0,NOT_OCCLUDED,"clean flight, no strip deployed"
S2_PAIR_clean_f000273.jpg,S2_PAIR_clean,rc_car,,,-34.0,NOT_OCCLUDED,"clean flight, no strip deployed"
S2_PAIR_clean_f000280.jpg,S2_PAIR_clean,rc_car,,,-34.0,NOT_OCCLUDED,"clean flight, no strip deployed"
S2_PAIR_clean_f000287.jpg,S2_PAIR_clean,rc_car,,,-34.0,NOT_OCCLUDED,"clean flight, no strip deployed"
S2_PAIR_clean_f000294.jpg,S2_PAIR_clean,rc_car,,,-34.0,NOT_OCCLUDED,"clean flight, no strip deployed"
S2_PAIR_clean_f000301.jpg,S2_PAIR_clean,rc_car,,,-34.0,NOT_OCCLUDED,"clean flight, no strip deployed"
S2_PAIR_clean_f000308.jpg,S2_PAIR_clean,rc_car,,,-34.0,NOT_OCCLUDED,"clean flight, no strip deployed"
S2_PAIR_clean_f000315.jpg,S2_PAIR_clean,rc_car,,,-34.0,NOT_OCCLUDED,"clean flight, no strip deployed"
S2_PAIR_clean_f000322.jpg,S2_PAIR_clean,rc_car,,,-34.0,NOT_OCCLUDED,"clean flight, no strip deployed"
S2_PAIR_clean_f000329.jpg,S2_PAIR_clean,rc_car,,,-34.0,NOT_OCCLUDED,"clean flight, no strip deployed"
S2_PAIR_clean_f000336.jpg,S2_PAIR_clean,rc_car,,,-34.0,NOT_OCCLUDED,"clean flight, no strip deployed"
S2_PAIR_clean_f000343.jpg,S2_PAIR_clean,rc_car,,,-34.0,NOT_OCCLUDED,"clean flight, no strip deployed"
S2_PAIR_clean_f000350.jpg,S2_PAIR_clean,rc_car,,,-34.0,NOT_OCCLUDED,"clean flight, no strip deployed"
S2_PAIR_clean_f000357.jpg,S2_PAIR_clean,rc_car,,,-34.0,NOT_OCCLUDED,"clean flight, no strip deployed"
S2_PAIR_clean_f000364.jpg,S2_PAIR_clean,rc_car,,,-34.0,NOT_OCCLUDED,"clean flight, no strip deployed"
S2_PAIR_clean_f000371.jpg,S2_PAIR_clean,rc_car,,,-34.0,NOT_OCCLUDED,"clean flight, no strip deployed"
S2_PAIR_clean_f000378.jpg,S2_PAIR_clean,rc_car,,,-34.0,NOT_OCCLUDED,"clean flight, no strip deployed"
S2_PAIR_clean_f000385.jpg,S2_PAIR_clean,rc_car,,,-34.0,NOT_OCCLUDED,"clean flight, no strip deployed"
S2_PAIR_clean_f000392.jpg,S2_PAIR_clean,rc_car,,,-34.0,NOT_OCCLUDED,"clean flight, no strip deployed"
S2_PAIR_clean_f000399.jpg,S2_PAIR_clean,rc_car,,,-34.0,NOT_OCCLUDED,"clean flight, no strip deployed"
S2_PAIR_clean_f000406.jpg,S2_PAIR_clean,rc_car,,,-34.0,NOT_OCCLUDED,"clean flight, no strip deployed"
S2_PAIR_clean_f000413.jpg,S2_PAIR_clean,rc_car,,,-34.0,NOT_OCCLUDED,"clean flight, no strip deployed"
S2_PAIR_clean_f000420.jpg,S2_PAIR_clean,rc_car,,,-34.0,NOT_OCCLUDED,"clean flight, no strip deployed"
S2_PAIR_clean_f000427.jpg,S2_PAIR_clean,rc_car,,,-34.0,NOT_OCCLUDED,"clean flight, no strip deployed"
S2_PAIR_clean_f000434.jpg,S2_PAIR_clean,rc_car,,,-34.0,NOT_OCCLUDED,"clean flight, no strip deployed"
S2_PAIR_clean_f000441.jpg,S2_PAIR_clean,rc_car,,,-34.0,NOT_OCCLUDED,"clean flight, no strip deployed"
S2_PAIR_clean_f000448.jpg,S2_PAIR_clean,rc_car,,,-34.0,NOT_OCCLUDED,"clean flight, no strip deployed"
S2_PAIR_clean_f000455.jpg,S2_PAIR_clean,rc_car,,,-34.0,NOT_OCCLUDED,"clean flight, no strip deployed"
S2_PAIR_clean_f000462.jpg,S2_PAIR_clean,rc_car,,,-34.0,NOT_OCCLUDED,"clean flight, no strip deployed"
S2_PAIR_clean_f000469.jpg,S2_PAIR_clean,rc_car,,,-34.0,NOT_OCCLUDED,"clean flight, no strip deployed"
S2_PAIR_clean_f000476.jpg,S2_PAIR_clean,rc_car,,,-34.0,NOT_OCCLUDED,"clean flight, no strip deployed"
S2_PAIR_clean_f000483.jpg,S2_PAIR_clean,rc_car,,,-34.0,NOT_OCCLUDED,"clean flight, no strip deployed"
S2_PAIR_clean_f000490.jpg,S2_PAIR_clean,rc_car,,,-34.0,NOT_OCCLUDED,"clean flight, no strip deployed"
S2_PAIR_clean_f000497.jpg,S2_PAIR_clean,rc_car,,,-34.0,NOT_OCCLUDED,"clean flight, no strip deployed"
S2_PAIR_clean_f000504.jpg,S2_PAIR_clean,rc_car,,,-34.0,NOT_OCCLUDED,"clean flight, no strip deployed"
S2_PAIR_clean_f000511.jpg,S2_PAIR_clean,rc_car,,,-34.0,NOT_OCCLUDED,"clean flight, no strip deployed"
S2_PAIR_clean_f000518.jpg,S2_PAIR_clean,rc_car,,,-34.0,NOT_OCCLUDED,"clean flight, no strip deployed"
S2_PAIR_clean_f000525.jpg,S2_PAIR_clean,rc_car,,,-34.0,NOT_OCCLUDED,"clean flight, no strip deployed"
S2_PAIR_clean_f000532.jpg,S2_PAIR_clean,rc_car,,,-34.0,NOT_OCCLUDED,"clean flight, no strip deployed"
S2_PAIR_clean_f000539.jpg,S2_PAIR_clean,rc_car,,,-34.0,NOT_OCCLUDED,"clean flight, no strip deployed"
S2_PAIR_clean_f000546.jpg,S2_PAIR_clean,rc_car,,,-34.0,NOT_OCCLUDED,"clean flight, no strip deployed"
S2_PAIR_clean_f000553.jpg,S2_PAIR_clean,rc_car,,,-34.0,NOT_OCCLUDED,"clean flight, no strip deployed"
S2_PAIR_clean_f000560.jpg,S2_PAIR_clean,rc_car,,,-34.0,NOT_OCCLUDED,"clean flight, no strip deployed"
S2_PAIR_clean_f000567.jpg,S2_PAIR_clean,rc_car,,,-34.0,NOT_OCCLUDED,"clean flight, no strip deployed"
S2_PAIR_clean_f000574.jpg,S2_PAIR_clean,rc_car,,,-34.0,NOT_OCCLUDED,"clean flight, no strip deployed"
S2_PAIR_clean_f000581.jpg,S2_PAIR_clean,rc_car,,,-34.0,NOT_OCCLUDED,"clean flight, no strip deployed"
S2_PAIR_clean_f000588.jpg,S2_PAIR_clean,rc_car,,,-34.0,NOT_OCCLUDED,"clean flight, no strip deployed"
S2_PAIR_clean_f000595.jpg,S2_PAIR_clean,rc_car,,,-34.0,NOT_OCCLUDED,"clean flight, no strip deployed"
S2_PAIR_clean_f000602.jpg,S2_PAIR_clean,rc_car,,,-34.0,NOT_OCCLUDED,"clean flight, no strip deployed"
S2_PAIR_clean_f000609.jpg,S2_PAIR_clean,rc_car,,,-34.0,NOT_OCCLUDED,"clean flight, no strip deployed"
S2_PAIR_clean_f000616.jpg,S2_PAIR_clean,rc_car,,,-34.0,NOT_OCCLUDED,"clean flight, no strip deployed"
S2_PAIR_clean_f000623.jpg,S2_PAIR_clean,rc_car,,,-34.0,NOT_OCCLUDED,"clean flight, no strip deployed"
S2_PAIR_clean_f000630.jpg,S2_PAIR_clean,rc_car,,,-34.0,NOT_OCCLUDED,"clean flight, no strip deployed"
S2_PAIR_clean_f000637.jpg,S2_PAIR_clean,rc_car,,,-34.0,NOT_OCCLUDED,"clean flight, no strip deployed"
S2_PAIR_clean_f000644.jpg,S2_PAIR_clean,rc_car,,,-34.0,NOT_OCCLUDED,"clean flight, no strip deployed"
S2_PAIR_clean_f000651.jpg,S2_PAIR_clean,rc_car,,,-34.0,NOT_OCCLUDED,"clean flight, no strip deployed"
S2_PAIR_clean_f000658.jpg,S2_PAIR_clean,rc_car,,,-34.0,NOT_OCCLUDED,"clean flight, no strip deployed"
S2_PAIR_clean_f000665.jpg,S2_PAIR_clean,rc_car,,,-34.0,NOT_OCCLUDED,"clean flight, no strip deployed"
S2_PAIR_clean_f000672.jpg,S2_PAIR_clean,rc_car,,,-34.0,NOT_OCCLUDED,"clean flight, no strip deployed"
S2_PAIR_clean_f000679.jpg,S2_PAIR_clean,rc_car,,,-34.0,NOT_OCCLUDED,"clean flight, no strip deployed"
S2_PAIR_clean_f000686.jpg,S2_PAIR_clean,rc_car,,,-34.0,NOT_OCCLUDED,"clean flight, no strip deployed"
S2_PAIR_clean_f000693.jpg,S2_PAIR_clean,rc_car,,,-34.0,NOT_OCCLUDED,"clean flight, no strip deployed"
S2_PAIR_clean_f000700.jpg,S2_PAIR_clean,rc_car,,,-34.0,NOT_OCCLUDED,"clean flight, no strip deployed"
S2_PAIR_clean_f000707.jpg,S2_PAIR_clean,rc_car,,,-34.0,NOT_OCCLUDED,"clean flight, no strip deployed"
S2_PAIR_clean_f000714.jpg,S2_PAIR_clean,rc_car,,,-34.0,NOT_OCCLUDED,"clean flight, no strip deployed"
S2_PAIR_clean_f000721.jpg,S2_PAIR_clean,rc_car,,,-34.0,NOT_OCCLUDED,"clean flight, no strip deployed"
S2_PAIR_clean_f000728.jpg,S2_PAIR_clean,rc_car,,,-34.0,NOT_OCCLUDED,"clean flight, no strip deployed"
S2_PAIR_clean_f000735.jpg,S2_PAIR_clean,rc_car,,,-34.0,NOT_OCCLUDED,"clean flight, no strip deployed"
S2_PAIR_clean_f000742.jpg,S2_PAIR_clean,rc_car,,,-34.0,NOT_OCCLUDED,"clean flight, no strip deployed"
S2_PAIR_clean_f000749.jpg,S2_PAIR_clean,rc_car,,,-34.0,NOT_OCCLUDED,"clean flight, no strip deployed"
S2_PAIR_clean_f000756.jpg,S2_PAIR_clean,rc_car,,,-34.0,NOT_OCCLUDED,"clean flight, no strip deployed"
S2_PAIR_clean_f000763.jpg,S2_PAIR_clean,rc_car,,,-34.0,NOT_OCCLUDED,"clean flight, no strip deployed"
S2_PAIR_clean_f000770.jpg,S2_PAIR_clean,rc_car,,,-34.0,NOT_OCCLUDED,"clean flight, no strip deployed"
S2_PAIR_clean_f000777.jpg,S2_PAIR_clean,rc_car,,,-34.0,NOT_OCCLUDED,"clean flight, no strip deployed"
S2_PAIR_clean_f000784.jpg,S2_PAIR_clean,rc_car,,,-34.0,NOT_OCCLUDED,"clean flight, no strip deployed"
S2_PAIR_clean_f000791.jpg,S2_PAIR_clean,rc_car,,,-34.0,NOT_OCCLUDED,"clean flight, no strip deployed"
S2_PAIR_clean_f000798.jpg,S2_PAIR_clean,rc_car,,,-34.0,NOT_OCCLUDED,"clean flight, no strip deployed"
S2_PAIR_clean_f000805.jpg,S2_PAIR_clean,rc_car,,,-34.0,NOT_OCCLUDED,"clean flight, no strip deployed"
S2_PAIR_clean_f000812.jpg,S2_PAIR_clean,rc_car,,,-34.0,NOT_OCCLUDED,"clean flight, no strip deployed"
S2_PAIR_clean_f000819.jpg,S2_PAIR_clean,rc_car,,,-34.0,NOT_OCCLUDED,"clean flight, no strip deployed"
S2_PAIR_clean_f000826.jpg,S2_PAIR_clean,rc_car,,,-34.0,NOT_OCCLUDED,"clean flight, no strip deployed"
S2_PAIR_clean_f000833.jpg,S2_PAIR_clean,rc_car,,,-34.0,NOT_OCCLUDED,"clean flight, no strip deployed"
S2_PAIR_clean_f000840.jpg,S2_PAIR_clean,rc_car,,,-34.0,NOT_OCCLUDED,"clean flight, no strip deployed"
S2_PAIR_clean_f000847.jpg,S2_PAIR_clean,rc_car,,,-34.0,NOT_OCCLUDED,"clean flight, no strip deployed"
S2_PAIR_clean_f000854.jpg,S2_PAIR_clean,rc_car,,,-34.0,NOT_OCCLUDED,"clean flight, no strip deployed"
S2_PAIR_clean_f000861.jpg,S2_PAIR_clean,rc_car,,,-34.0,NOT_OCCLUDED,"clean flight, no strip deployed"
S2_PAIR_clean_f000868.jpg,S2_PAIR_clean,rc_car,,,-34.0,NOT_OCCLUDED,"clean flight, no strip deployed"
S2_PAIR_clean_f000875.jpg,S2_PAIR_clean,rc_car,,,-34.0,NOT_OCCLUDED,"clean flight, no strip deployed"
S2_PAIR_clean_f000882.jpg,S2_PAIR_clean,rc_car,,,-34.0,NOT_OCCLUDED,"clean flight, no strip deployed"
S2_PAIR_clean_f000889.jpg,S2_PAIR_clean,rc_car,,,-34.0,NOT_OCCLUDED,"clean flight, no strip deployed"
S2_PAIR_clean_f000896.jpg,S2_PAIR_clean,rc_car,,,-34.0,NOT_OCCLUDED,"clean flight, no strip deployed"
S2_PAIR_clean_f000903.jpg,S2_PAIR_clean,rc_car,,,-34.0,NOT_OCCLUDED,"clean flight, no strip deployed"
S2_PAIR_clean_f000910.jpg,S2_PAIR_clean,rc_car,,,-34.0,NOT_OCCLUDED,"clean flight, no strip deployed"
S2_PAIR_clean_f000917.jpg,S2_PAIR_clean,rc_car,,,-34.0,NOT_OCCLUDED,"clean flight, no strip deployed"
S2_PAIR_clean_f000924.jpg,S2_PAIR_clean,rc_car,,,-34.0,NOT_OCCLUDED,"clean flight, no strip deployed"
S2_PAIR_clean_f000931.jpg,S2_PAIR_clean,rc_car,,,-34.0,NOT_OCCLUDED,"clean flight, no strip deployed"
S2_PAIR_clean_f000938.jpg,S2_PAIR_clean,rc_car,,,-34.0,NOT_OCCLUDED,"clean flight, no strip deployed"
S2_PAIR_clean_f000945.jpg,S2_PAIR_clean,rc_car,,,-34.0,NOT_OCCLUDED,"clean flight, no strip deployed"
S2_PAIR_clean_f000952.jpg,S2_PAIR_clean,rc_car,,,-34.0,NOT_OCCLUDED,"clean flight, no strip deployed"
S2_PAIR_clean_f000959.jpg,S2_PAIR_clean,rc_car,,,-34.0,NOT_OCCLUDED,"clean flight, no strip deployed"
S2_PAIR_clean_f000966.jpg,S2_PAIR_clean,rc_car,,,-34.0,NOT_OCCLUDED,"clean flight, no strip deployed"
S2_PAIR_clean_f000973.jpg,S2_PAIR_clean,rc_car,,,-34.0,NOT_OCCLUDED,"clean flight, no strip deployed"
S2_PAIR_clean_f000980.jpg,S2_PAIR_clean,rc_car,,,-34.0,NOT_OCCLUDED,"clean flight, no strip deployed"
S2_PAIR_clean_f000987.jpg,S2_PAIR_clean,rc_car,,,-34.0,NOT_OCCLUDED,"clean flight, no strip deployed"
S2_PAIR_clean_f000994.jpg,S2_PAIR_clean,rc_car,,,-34.0,NOT_OCCLUDED,"clean flight, no strip deployed"
S2_PAIR_clean_f001001.jpg,S2_PAIR_clean,rc_car,,,-34.0,NOT_OCCLUDED,"clean flight, no strip deployed"
S2_PAIR_clean_f001008.jpg,S2_PAIR_clean,rc_car,,,-34.0,NOT_OCCLUDED,"clean flight, no strip deployed"
S2_PAIR_clean_f001015.jpg,S2_PAIR_clean,rc_car,,,-34.0,NOT_OCCLUDED,"clean flight, no strip deployed"
S2_PAIR_clean_f001022.jpg,S2_PAIR_clean,rc_car,,,-34.0,NOT_OCCLUDED,"clean flight, no strip deployed"
S2_PAIR_clean_f001029.jpg,S2_PAIR_clean,rc_car,,,-34.0,NOT_OCCLUDED,"clean flight, no strip deployed"
S2_PAIR_clean_f001036.jpg,S2_PAIR_clean,rc_car,,,-34.0,NOT_OCCLUDED,"clean flight, no strip deployed"
S2_PAIR_clean_f001043.jpg,S2_PAIR_clean,rc_car,,,-34.0,NOT_OCCLUDED,"clean flight, no strip deployed"
S2_PAIR_clean_f001050.jpg,S2_PAIR_clean,rc_car,,,-34.0,NOT_OCCLUDED,"clean flight, no strip deployed"
S2_PAIR_clean_f001057.jpg,S2_PAIR_clean,rc_car,,,-34.0,NOT_OCCLUDED,"clean flight, no strip deployed"
S2_PAIR_clean_f001064.jpg,S2_PAIR_clean,rc_car,,,-34.0,NOT_OCCLUDED,"clean flight, no strip deployed"
S2_PAIR_clean_f001071.jpg,S2_PAIR_clean,rc_car,,,-34.0,NOT_OCCLUDED,"clean flight, no strip deployed"
S2_PAIR_clean_f001078.jpg,S2_PAIR_clean,rc_car,,,-34.0,NOT_OCCLUDED,"clean flight, no strip deployed"
S2_PAIR_clean_f001085.jpg,S2_PAIR_clean,rc_car,,,-34.0,NOT_OCCLUDED,"clean flight, no strip deployed"
S2_PAIR_clean_f001092.jpg,S2_PAIR_clean,rc_car,,,-34.0,NOT_OCCLUDED,"clean flight, no strip deployed"
S2_PAIR_clean_f001099.jpg,S2_PAIR_clean,rc_car,,,-34.0,NOT_OCCLUDED,"clean flight, no strip deployed"
S2_PAIR_clean_f001106.jpg,S2_PAIR_clean,rc_car,,,-34.0,NOT_OCCLUDED,"clean flight, no strip deployed"
S2_PAIR_clean_f001113.jpg,S2_PAIR_clean,rc_car,,,-34.0,NOT_OCCLUDED,"clean flight, no strip deployed"
S2_PAIR_clean_f001120.jpg,S2_PAIR_clean,rc_car,,,-34.0,NOT_OCCLUDED,"clean flight, no strip deployed"
S2_PAIR_clean_f001127.jpg,S2_PAIR_clean,rc_car,,,-34.0,NOT_OCCLUDED,"clean flight, no strip deployed"
S2_PAIR_clean_f001134.jpg,S2_PAIR_clean,rc_car,,,-34.0,NOT_OCCLUDED,"clean flight, no strip deployed"
S2_PAIR_clean_f001141.jpg,S2_PAIR_clean,rc_car,,,-34.0,NOT_OCCLUDED,"clean flight, no strip deployed"
S2_PAIR_clean_f001148.jpg,S2_PAIR_clean,rc_car,,,-34.0,NOT_OCCLUDED,"clean flight, no strip deployed"
S2_PAIR_clean_f001155.jpg,S2_PAIR_clean,rc_car,,,-34.0,NOT_OCCLUDED,"clean flight, no strip deployed"
S2_PAIR_clean_f001162.jpg,S2_PAIR_clean,rc_car,,,-34.0,NOT_OCCLUDED,"clean flight, no strip deployed"
S2_PAIR_clean_f001169.jpg,S2_PAIR_clean,rc_car,,,-34.0,NOT_OCCLUDED,"clean flight, no strip deployed"
S2_PAIR_clean_f001176.jpg,S2_PAIR_clean,rc_car,,,-34.0,NOT_OCCLUDED,"clean flight, no strip deployed"
S2_PAIR_clean_f001183.jpg,S2_PAIR_clean,rc_car,,,-34.0,NOT_OCCLUDED,"clean flight, no strip deployed"
S2_PAIR_clean_f001190.jpg,S2_PAIR_clean,rc_car,,,-34.0,NOT_OCCLUDED,"clean flight, no strip deployed"
S2_PAIR_clean_f001197.jpg,S2_PAIR_clean,rc_car,,,-34.0,NOT_OCCLUDED,"clean flight, no strip deployed"
S2_PAIR_clean_f001204.jpg,S2_PAIR_clean,rc_car,,,-34.0,NOT_OCCLUDED,"clean flight, no strip deployed"
S2_PAIR_clean_f001211.jpg,S2_PAIR_clean,rc_car,,,-34.0,NOT_OCCLUDED,"clean flight, no strip deployed"
S2_PAIR_clean_f001218.jpg,S2_PAIR_clean,rc_car,,,-34.0,NOT_OCCLUDED,"clean flight, no strip deployed"
S2_PAIR_clean_f001225.jpg,S2_PAIR_clean,rc_car,,,-34.0,NOT_OCCLUDED,"clean flight, no strip deployed"
S2_PAIR_clean_f001232.jpg,S2_PAIR_clean,rc_car,,,-34.0,NOT_OCCLUDED,"clean flight, no strip deployed"
S2_PAIR_clean_f001239.jpg,S2_PAIR_clean,rc_car,,,-34.0,NOT_OCCLUDED,"clean flight, no strip deployed"
S2_PAIR_clean_f001246.jpg,S2_PAIR_clean,rc_car,,,-34.0,NOT_OCCLUDED,"clean flight, no strip deployed"
S2_PAIR_clean_f001253.jpg,S2_PAIR_clean,rc_car,,,-34.0,NOT_OCCLUDED,"clean flight, no strip deployed"
S2_PAIR_clean_f001260.jpg,S2_PAIR_clean,rc_car,,,-34.0,NOT_OCCLUDED,"clean flight, no strip deployed"
S2_PAIR_clean_f001267.jpg,S2_PAIR_clean,rc_car,,,-34.0,NOT_OCCLUDED,"clean flight, no strip deployed"
S2_PAIR_clean_f001274.jpg,S2_PAIR_clean,rc_car,,,-34.0,NOT_OCCLUDED,"clean flight, no strip deployed"
S2_PAIR_clean_f001281.jpg,S2_PAIR_clean,rc_car,,,-34.0,NOT_OCCLUDED,"clean flight, no strip deployed"
S2_PAIR_clean_f001288.jpg,S2_PAIR_clean,rc_car,,,-34.0,NOT_OCCLUDED,"clean flight, no strip deployed"
S2_PAIR_clean_f001295.jpg,S2_PAIR_clean,rc_car,,,-34.0,NOT_OCCLUDED,"clean flight, no strip deployed"
S2_PAIR_clean_f001302.jpg,S2_PAIR_clean,rc_car,,,-34.0,NOT_OCCLUDED,"clean flight, no strip deployed"
S2_PAIR_clean_f001309.jpg,S2_PAIR_clean,rc_car,,,-34.0,NOT_OCCLUDED,"clean flight, no strip deployed"
S2_PAIR_clean_f001316.jpg,S2_PAIR_clean,rc_car,,,-34.0,NOT_OCCLUDED,"clean flight, no strip deployed"
S2_PAIR_clean_f001323.jpg,S2_PAIR_clean,rc_car,,,-34.0,NOT_OCCLUDED,"clean flight, no strip deployed"
S2_PAIR_clean_f001330.jpg,S2_PAIR_clean,rc_car,,,-34.0,NOT_OCCLUDED,"clean flight, no strip deployed"
S2_PAIR_clean_f001337.jpg,S2_PAIR_clean,rc_car,,,-34.0,NOT_OCCLUDED,"clean flight, no strip deployed"
S2_PAIR_clean_f001344.jpg,S2_PAIR_clean,rc_car,,,-34.0,NOT_OCCLUDED,"clean flight, no strip deployed"
S2_PAIR_clean_f001351.jpg,S2_PAIR_clean,rc_car,,,-34.0,NOT_OCCLUDED,"clean flight, no strip deployed"
S2_PAIR_clean_f001358.jpg,S2_PAIR_clean,rc_car,,,-34.0,NOT_OCCLUDED,"clean flight, no strip deployed"
S2_PAIR_clean_f001365.jpg,S2_PAIR_clean,rc_car,,,-34.0,NOT_OCCLUDED,"clean flight, no strip deployed"
S2_PAIR_clean_f001372.jpg,S2_PAIR_clean,rc_car,,,-34.0,NOT_OCCLUDED,"clean flight, no strip deployed"
S2_PAIR_clean_f001379.jpg,S2_PAIR_clean,rc_car,,,-34.0,NOT_OCCLUDED,"clean flight, no strip deployed"
S2_PAIR_clean_f001386.jpg,S2_PAIR_clean,rc_car,,,-34.0,NOT_OCCLUDED,"clean flight, no strip deployed"
S2_PAIR_clean_f001393.jpg,S2_PAIR_clean,rc_car,,,-34.0,NOT_OCCLUDED,"clean flight, no strip deployed"
S2_PAIR_clean_f001400.jpg,S2_PAIR_clean,rc_car,,,-34.0,NOT_OCCLUDED,"clean flight, no strip deployed"
S2_PAIR_clean_f001407.jpg,S2_PAIR_clean,rc_car,,,-34.0,NOT_OCCLUDED,"clean flight, no strip deployed"
S2_PAIR_clean_f001414.jpg,S2_PAIR_clean,rc_car,,,-34.0,NOT_OCCLUDED,"clean flight, no strip deployed"
S2_PAIR_clean_f001421.jpg,S2_PAIR_clean,rc_car,,,-34.0,NOT_OCCLUDED,"clean flight, no strip deployed"
S2_PAIR_clean_f001428.jpg,S2_PAIR_clean,rc_car,,,-34.0,NOT_OCCLUDED,"clean flight, no strip deployed"
S2_PAIR_clean_f001435.jpg,S2_PAIR_clean,rc_car,,,-34.0,NOT_OCCLUDED,"clean flight, no strip deployed"
S2_PAIR_clean_f001442.jpg,S2_PAIR_clean,rc_car,,,-34.0,NOT_OCCLUDED,"clean flight, no strip deployed"
S2_PAIR_clean_f001449.jpg,S2_PAIR_clean,rc_car,,,-34.0,NOT_OCCLUDED,"clean flight, no strip deployed"
S2_PAIR_clean_f001456.jpg,S2_PAIR_clean,rc_car,,,-34.0,NOT_OCCLUDED,"clean flight, no strip deployed"
S2_PAIR_clean_f001463.jpg,S2_PAIR_clean,rc_car,,,-34.0,NOT_OCCLUDED,"clean flight, no strip deployed"
S2_PAIR_clean_f001470.jpg,S2_PAIR_clean,rc_car,,,-34.0,NOT_OCCLUDED,"clean flight, no strip deployed"
S2_PAIR_clean_f001477.jpg,S2_PAIR_clean,rc_car,,,-34.0,NOT_OCCLUDED,"clean flight, no strip deployed"
S2_PAIR_clean_f001484.jpg,S2_PAIR_clean,rc_car,,,-34.0,NOT_OCCLUDED,"clean flight, no strip deployed"
S2_PAIR_clean_f001491.jpg,S2_PAIR_clean,rc_car,,,-34.0,NOT_OCCLUDED,"clean flight, no strip deployed"
S2_PAIR_clean_f001498.jpg,S2_PAIR_clean,rc_car,,,-34.0,NOT_OCCLUDED,"clean flight, no strip deployed"
S2_PAIR_clean_f001505.jpg,S2_PAIR_clean,rc_car,,,-34.0,NOT_OCCLUDED,"clean flight, no strip deployed"
S2_PAIR_clean_f001512.jpg,S2_PAIR_clean,rc_car,,,-34.0,NOT_OCCLUDED,"clean flight, no strip deployed"
S2_PAIR_clean_f001519.jpg,S2_PAIR_clean,rc_car,,,-34.0,NOT_OCCLUDED,"clean flight, no strip deployed"
S2_PAIR_clean_f001526.jpg,S2_PAIR_clean,rc_car,,,-35.0,NOT_OCCLUDED,"clean flight, no strip deployed"
S2_PAIR_clean_f001533.jpg,S2_PAIR_clean,rc_car,,,-34.0,NOT_OCCLUDED,"clean flight, no strip deployed"
S2_PAIR_clean_f001540.jpg,S2_PAIR_clean,rc_car,,,-32.0,NOT_OCCLUDED,"clean flight, no strip deployed"
S2_PAIR_clean_f001547.jpg,S2_PAIR_clean,rc_car,,,-30.0,NOT_OCCLUDED,"clean flight, no strip deployed"
S2_PAIR_clean_f001554.jpg,S2_PAIR_clean,rc_car,,,-25.0,NOT_OCCLUDED,"clean flight, no strip deployed"
S2_PAIR_clean_f001561.jpg,S2_PAIR_clean,rc_car,,,-21.0,NOT_OCCLUDED,"clean flight, no strip deployed"
S2_PAIR_clean_f001568.jpg,S2_PAIR_clean,rc_car,,,-18.0,NOT_OCCLUDED,"clean flight, no strip deployed"
S2_PAIR_clean_f001575.jpg,S2_PAIR_clean,rc_car,,,-14.0,NOT_OCCLUDED,"clean flight, no strip deployed"
S2_PAIR_clean_f001582.jpg,S2_PAIR_clean,rc_car,,,-12.0,NOT_OCCLUDED,"clean flight, no strip deployed"
S2_PAIR_clean_f001589.jpg,S2_PAIR_clean,rc_car,,,-12.0,NOT_OCCLUDED,"clean flight, no strip deployed"
S2_PAIR_clean_f001596.jpg,S2_PAIR_clean,rc_car,,,-12.0,NOT_OCCLUDED,"clean flight, no strip deployed"
S2_PAIR_clean_f001603.jpg,S2_PAIR_clean,rc_car,,,-13.0,NOT_OCCLUDED,"clean flight, no strip deployed"
S2_PAIR_clean_f001610.jpg,S2_PAIR_clean,rc_car,,,-13.0,NOT_OCCLUDED,"clean flight, no strip deployed"
S2_PAIR_clean_f001617.jpg,S2_PAIR_clean,rc_car,,,-13.0,NOT_OCCLUDED,"clean flight, no strip deployed"
S2_PAIR_clean_f001624.jpg,S2_PAIR_clean,rc_car,,,-13.0,NOT_OCCLUDED,"clean flight, no strip deployed"
S2_PAIR_clean_f001631.jpg,S2_PAIR_clean,rc_car,,,-13.0,NOT_OCCLUDED,"clean flight, no strip deployed"
S2_PAIR_clean_f001638.jpg,S2_PAIR_clean,rc_car,,,-13.0,NOT_OCCLUDED,"clean flight, no strip deployed"
S2_PAIR_clean_f001645.jpg,S2_PAIR_clean,rc_car,,,-13.0,NOT_OCCLUDED,"clean flight, no strip deployed"
S2_PAIR_clean_f001652.jpg,S2_PAIR_clean,rc_car,,,-13.0,NOT_OCCLUDED,"clean flight, no strip deployed"
S2_PAIR_clean_f001659.jpg,S2_PAIR_clean,rc_car,,,-13.0,NOT_OCCLUDED,"clean flight, no strip deployed"
S2_PAIR_clean_f001666.jpg,S2_PAIR_clean,rc_car,,,-13.0,NOT_OCCLUDED,"clean flight, no strip deployed"
S2_PAIR_clean_f001673.jpg,S2_PAIR_clean,rc_car,,,-13.0,NOT_OCCLUDED,"clean flight, no strip deployed"
S2_PAIR_clean_f001680.jpg,S2_PAIR_clean,rc_car,,,-13.0,NOT_OCCLUDED,"clean flight, no strip deployed"
S2_PAIR_clean_f001687.jpg,S2_PAIR_clean,rc_car,,,-13.0,NOT_OCCLUDED,"clean flight, no strip deployed"
S2_PAIR_clean_f001694.jpg,S2_PAIR_clean,rc_car,,,-12.0,NOT_OCCLUDED,"clean flight, no strip deployed"
S2_PAIR_clean_f001701.jpg,S2_PAIR_clean,rc_car,,,-8.0,NOT_OCCLUDED,"clean flight, no strip deployed"
S2_PAIR_clean_f001708.jpg,S2_PAIR_clean,rc_car,,,-4.0,NOT_OCCLUDED,"clean flight, no strip deployed"
S2_PAIR_clean_f001715.jpg,S2_PAIR_clean,rc_car,,,-3.0,NOT_OCCLUDED,"clean flight, no strip deployed"
S2_PAIR_clean_f001722.jpg,S2_PAIR_clean,rc_car,,,-3.0,NOT_OCCLUDED,"clean flight, no strip deployed"
S2_PAIR_clean_f001729.jpg,S2_PAIR_clean,rc_car,,,-3.0,NOT_OCCLUDED,"clean flight, no strip deployed"
S2_PAIR_clean_f001736.jpg,S2_PAIR_clean,rc_car,,,-3.0,NOT_OCCLUDED,"clean flight, no strip deployed"
S2_PAIR_clean_f001743.jpg,S2_PAIR_clean,rc_car,,,-3.0,NOT_OCCLUDED,"clean flight, no strip deployed"
S2_PAIR_clean_f001750.jpg,S2_PAIR_clean,rc_car,,,-3.0,NOT_OCCLUDED,"clean flight, no strip deployed"
S2_PAIR_clean_f001757.jpg,S2_PAIR_clean,rc_car,,,-3.0,NOT_OCCLUDED,"clean flight, no strip deployed"
S2_PAIR_clean_f001764.jpg,S2_PAIR_clean,rc_car,,,-3.0,NOT_OCCLUDED,"clean flight, no strip deployed"
S2_PAIR_clean_f001771.jpg,S2_PAIR_clean,rc_car,,,-3.0,NOT_OCCLUDED,"clean flight, no strip deployed"
S2_PAIR_clean_f001778.jpg,S2_PAIR_clean,rc_car,,,-3.0,NOT_OCCLUDED,"clean flight, no strip deployed"
S2_PAIR_clean_f001785.jpg,S2_PAIR_clean,rc_car,,,-3.0,NOT_OCCLUDED,"clean flight, no strip deployed"
S2_PAIR_clean_f001792.jpg,S2_PAIR_clean,rc_car,,,-3.0,NOT_OCCLUDED,"clean flight, no strip deployed"
S2_PAIR_clean_f001799.jpg,S2_PAIR_clean,rc_car,,,-3.0,NOT_OCCLUDED,"clean flight, no strip deployed"
S2_PAIR_clean_f001806.jpg,S2_PAIR_clean,rc_car,,,-3.0,NOT_OCCLUDED,"clean flight, no strip deployed"
S2_PAIR_clean_f001813.jpg,S2_PAIR_clean,rc_car,,,-3.0,NOT_OCCLUDED,"clean flight, no strip deployed"
S2_PAIR_clean_f001820.jpg,S2_PAIR_clean,rc_car,,,-3.0,NOT_OCCLUDED,"clean flight, no strip deployed"
S2_PAIR_clean_f001827.jpg,S2_PAIR_clean,rc_car,,,-3.0,NOT_OCCLUDED,"clean flight, no strip deployed"
S2_PAIR_clean_f001834.jpg,S2_PAIR_clean,rc_car,,,-3.0,NOT_OCCLUDED,"clean flight, no strip deployed"
S2_PAIR_clean_f001841.jpg,S2_PAIR_clean,rc_car,,,-3.0,NOT_OCCLUDED,"clean flight, no strip deployed"
S2_PAIR_clean_f001848.jpg,S2_PAIR_clean,rc_car,,,-2.0,NOT_OCCLUDED,"clean flight, no strip deployed"
S2_PAIR_clean_f001855.jpg,S2_PAIR_clean,rc_car,,,1.0,NOT_OCCLUDED,"clean flight, no strip deployed"
S2_PAIR_clean_f001862.jpg,S2_PAIR_clean,rc_car,,,4.0,NOT_OCCLUDED,"clean flight, no strip deployed"
S2_PAIR_clean_f001869.jpg,S2_PAIR_clean,rc_car,,,4.0,NOT_OCCLUDED,"clean flight, no strip deployed"
S2_PAIR_clean_f001876.jpg,S2_PAIR_clean,rc_car,,,4.0,NOT_OCCLUDED,"clean flight, no strip deployed"
S2_PAIR_clean_f001883.jpg,S2_PAIR_clean,rc_car,,,4.0,NOT_OCCLUDED,"clean flight, no strip deployed"
S2_PAIR_clean_f001890.jpg,S2_PAIR_clean,rc_car,,,4.0,NOT_OCCLUDED,"clean flight, no strip deployed"
S2_PAIR_clean_f001897.jpg,S2_PAIR_clean,rc_car,,,4.0,NOT_OCCLUDED,"clean flight, no strip deployed"
S2_PAIR_clean_f001904.jpg,S2_PAIR_clean,rc_car,,,4.0,NOT_OCCLUDED,"clean flight, no strip deployed"
S2_PAIR_clean_f001911.jpg,S2_PAIR_clean,rc_car,,,4.0,NOT_OCCLUDED,"clean flight, no strip deployed"
S2_PAIR_clean_f001918.jpg,S2_PAIR_clean,rc_car,,,3.0,NOT_OCCLUDED,"clean flight, no strip deployed"
S2_PAIR_clean_f001925.jpg,S2_PAIR_clean,rc_car,,,4.0,NOT_OCCLUDED,"clean flight, no strip deployed"
S2_PAIR_clean_f001932.jpg,S2_PAIR_clean,rc_car,,,4.0,NOT_OCCLUDED,"clean flight, no strip deployed"
S2_PAIR_clean_f001939.jpg,S2_PAIR_clean,rc_car,,,4.0,NOT_OCCLUDED,"clean flight, no strip deployed"
S2_PAIR_clean_f001946.jpg,S2_PAIR_clean,rc_car,,,4.0,NOT_OCCLUDED,"clean flight, no strip deployed"
S2_PAIR_clean_f001953.jpg,S2_PAIR_clean,rc_car,,,3.0,NOT_OCCLUDED,"clean flight, no strip deployed"
S2_PAIR_clean_f001960.jpg,S2_PAIR_clean,rc_car,,,3.0,NOT_OCCLUDED,"clean flight, no strip deployed"
S2_PAIR_clean_f001967.jpg,S2_PAIR_clean,rc_car,,,3.0,NOT_OCCLUDED,"clean flight, no strip deployed"
S2_PAIR_clean_f001974.jpg,S2_PAIR_clean,rc_car,,,4.0,NOT_OCCLUDED,"clean flight, no strip deployed"
S2_PAIR_clean_f001981.jpg,S2_PAIR_clean,rc_car,,,4.0,NOT_OCCLUDED,"clean flight, no strip deployed"
S2_PAIR_clean_f001988.jpg,S2_PAIR_clean,rc_car,,,4.0,NOT_OCCLUDED,"clean flight, no strip deployed"
S2_PAIR_clean_f001995.jpg,S2_PAIR_clean,rc_car,,,4.0,NOT_OCCLUDED,"clean flight, no strip deployed"
S2_PAIR_clean_f002002.jpg,S2_PAIR_clean,rc_car,,,4.0,NOT_OCCLUDED,"clean flight, no strip deployed"
S2_PAIR_clean_f002009.jpg,S2_PAIR_clean,rc_car,,,7.0,NOT_OCCLUDED,"clean flight, no strip deployed"
S2_PAIR_clean_f002016.jpg,S2_PAIR_clean,rc_car,,,16.0,NOT_OCCLUDED,"clean flight, no strip deployed"
S2_PAIR_clean_f002023.jpg,S2_PAIR_clean,rc_car,,,18.0,NOT_OCCLUDED,"clean flight, no strip deployed"
S2_PAIR_clean_f002030.jpg,S2_PAIR_clean,rc_car,,,21.0,NOT_OCCLUDED,"clean flight, no strip deployed"
S2_PAIR_clean_f002037.jpg,S2_PAIR_clean,rc_car,,,21.0,NOT_OCCLUDED,"clean flight, no strip deployed"
S2_PAIR_clean_f002044.jpg,S2_PAIR_clean,rc_car,,,21.0,NOT_OCCLUDED,"clean flight, no strip deployed"
S2_PAIR_clean_f002051.jpg,S2_PAIR_clean,rc_car,,,21.0,NOT_OCCLUDED,"clean flight, no strip deployed"
S2_PAIR_clean_f002058.jpg,S2_PAIR_clean,rc_car,,,21.0,NOT_OCCLUDED,"clean flight, no strip deployed"
S2_PAIR_clean_f002065.jpg,S2_PAIR_clean,rc_car,,,21.0,NOT_OCCLUDED,"clean flight, no strip deployed"
S2_PAIR_clean_f002072.jpg,S2_PAIR_clean,rc_car,,,21.0,NOT_OCCLUDED,"clean flight, no strip deployed"
S2_PAIR_clean_f002079.jpg,S2_PAIR_clean,rc_car,,,21.0,NOT_OCCLUDED,"clean flight, no strip deployed"
S2_PAIR_clean_f002086.jpg,S2_PAIR_clean,rc_car,,,21.0,NOT_OCCLUDED,"clean flight, no strip deployed"
S2_PAIR_clean_f002093.jpg,S2_PAIR_clean,rc_car,,,25.0,NOT_OCCLUDED,"clean flight, no strip deployed"
S2_PAIR_clean_f002100.jpg,S2_PAIR_clean,rc_car,,,31.0,NOT_OCCLUDED,"clean flight, no strip deployed"
S2_PAIR_clean_f002107.jpg,S2_PAIR_clean,rc_car,,,36.0,NOT_OCCLUDED,"clean flight, no strip deployed"
S2_PAIR_clean_f002114.jpg,S2_PAIR_clean,rc_car,,,44.0,NOT_OCCLUDED,"clean flight, no strip deployed"
S2_PAIR_clean_f002121.jpg,S2_PAIR_clean,rc_car,,,45.0,NOT_OCCLUDED,"clean flight, no strip deployed"
S2_PAIR_clean_f002128.jpg,S2_PAIR_clean,rc_car,,,44.0,NOT_OCCLUDED,"clean flight, no strip deployed"
S2_PAIR_clean_f002135.jpg,S2_PAIR_clean,rc_car,,,44.0,NOT_OCCLUDED,"clean flight, no strip deployed"
S2_PAIR_clean_f002142.jpg,S2_PAIR_clean,rc_car,,,45.0,NOT_OCCLUDED,"clean flight, no strip deployed"
S2_PAIR_clean_f002149.jpg,S2_PAIR_clean,rc_car,,,45.0,NOT_OCCLUDED,"clean flight, no strip deployed"
S2_PAIR_clean_f002156.jpg,S2_PAIR_clean,rc_car,,,45.0,NOT_OCCLUDED,"clean flight, no strip deployed"
S2_PAIR_clean_f002163.jpg,S2_PAIR_clean,rc_car,,,45.0,NOT_OCCLUDED,"clean flight, no strip deployed"
S2_PAIR_clean_f002170.jpg,S2_PAIR_clean,rc_car,,,44.0,NOT_OCCLUDED,"clean flight, no strip deployed"
S2_PAIR_clean_f002177.jpg,S2_PAIR_clean,rc_car,,,45.0,NOT_OCCLUDED,"clean flight, no strip deployed"
S2_PAIR_clean_f002184.jpg,S2_PAIR_clean,rc_car,,,45.0,NOT_OCCLUDED,"clean flight, no strip deployed"
S2_PAIR_clean_f002191.jpg,S2_PAIR_clean,rc_car,,,44.0,NOT_OCCLUDED,"clean flight, no strip deployed"
S2_PAIR_clean_f002198.jpg,S2_PAIR_clean,rc_car,,,44.0,NOT_OCCLUDED,"clean flight, no strip deployed"
S2_PAIR_clean_f002205.jpg,S2_PAIR_clean,rc_car,,,44.0,NOT_OCCLUDED,"clean flight, no strip deployed"
S2_PAIR_clean_f002212.jpg,S2_PAIR_clean,rc_car,,,44.0,NOT_OCCLUDED,"clean flight, no strip deployed"
S2_PAIR_clean_f002219.jpg,S2_PAIR_clean,rc_car,,,45.0,NOT_OCCLUDED,"clean flight, no strip deployed"
S2_PAIR_clean_f002226.jpg,S2_PAIR_clean,rc_car,,,45.0,NOT_OCCLUDED,"clean flight, no strip deployed"
S2_PAIR_clean_f002233.jpg,S2_PAIR_clean,rc_car,,,45.0,NOT_OCCLUDED,"clean flight, no strip deployed"
S2_PAIR_clean_f002240.jpg,S2_PAIR_clean,rc_car,,,45.0,NOT_OCCLUDED,"clean flight, no strip deployed"
S2_PAIR_clean_f002247.jpg,S2_PAIR_clean,rc_car,,,44.0,NOT_OCCLUDED,"clean flight, no strip deployed"
S2_PAIR_clean_f002254.jpg,S2_PAIR_clean,rc_car,,,44.0,NOT_OCCLUDED,"clean flight, no strip deployed"
S2_PAIR_clean_f002261.jpg,S2_PAIR_clean,rc_car,,,44.0,NOT_OCCLUDED,"clean flight, no strip deployed"
S2_PAIR_clean_f002268.jpg,S2_PAIR_clean,rc_car,,,44.0,NOT_OCCLUDED,"clean flight, no strip deployed"
S2_PAIR_clean_f002275.jpg,S2_PAIR_clean,rc_car,,,44.0,NOT_OCCLUDED,"clean flight, no strip deployed"
S2_PAIR_clean_f002282.jpg,S2_PAIR_clean,rc_car,,,47.0,NOT_OCCLUDED,"clean flight, no strip deployed"
S2_PAIR_clean_f002289.jpg,S2_PAIR_clean,rc_car,,,52.0,NOT_OCCLUDED,"clean flight, no strip deployed"
S2_PAIR_clean_f002296.jpg,S2_PAIR_clean,rc_car,,,61.0,NOT_OCCLUDED,"clean flight, no strip deployed"
S2_PAIR_clean_f002303.jpg,S2_PAIR_clean,rc_car,,,66.0,NOT_OCCLUDED,"clean flight, no strip deployed"
S2_PAIR_clean_f002310.jpg,S2_PAIR_clean,rc_car,,,67.0,NOT_OCCLUDED,"clean flight, no strip deployed"
S2_PAIR_clean_f002317.jpg,S2_PAIR_clean,rc_car,,,67.0,NOT_OCCLUDED,"clean flight, no strip deployed"
S2_PAIR_clean_f002324.jpg,S2_PAIR_clean,rc_car,,,67.0,NOT_OCCLUDED,"clean flight, no strip deployed"
S2_PAIR_clean_f002331.jpg,S2_PAIR_clean,rc_car,,,66.0,NOT_OCCLUDED,"clean flight, no strip deployed"
S2_PAIR_clean_f002338.jpg,S2_PAIR_clean,rc_car,,,67.0,NOT_OCCLUDED,"clean flight, no strip deployed"
S2_PAIR_clean_f002345.jpg,S2_PAIR_clean,rc_car,,,67.0,NOT_OCCLUDED,"clean flight, no strip deployed"
S2_PAIR_clean_f002352.jpg,S2_PAIR_clean,rc_car,,,67.0,NOT_OCCLUDED,"clean flight, no strip deployed"
S2_PAIR_clean_f002359.jpg,S2_PAIR_clean,rc_car,,,67.0,NOT_OCCLUDED,"clean flight, no strip deployed"
S2_PAIR_clean_f002366.jpg,S2_PAIR_clean,rc_car,,,67.0,NOT_OCCLUDED,"clean flight, no strip deployed"
S2_PAIR_clean_f002373.jpg,S2_PAIR_clean,rc_car,,,66.0,NOT_OCCLUDED,"clean flight, no strip deployed"
S2_PAIR_clean_f002380.jpg,S2_PAIR_clean,rc_car,,,66.0,NOT_OCCLUDED,"clean flight, no strip deployed"
S2_PAIR_clean_f002387.jpg,S2_PAIR_clean,rc_car,,,66.0,NOT_OCCLUDED,"clean flight, no strip deployed"
S2_PAIR_clean_f002394.jpg,S2_PAIR_clean,rc_car,,,67.0,NOT_OCCLUDED,"clean flight, no strip deployed"
S2_PAIR_clean_f002401.jpg,S2_PAIR_clean,rc_car,,,67.0,NOT_OCCLUDED,"clean flight, no strip deployed"
S2_PAIR_clean_f002408.jpg,S2_PAIR_clean,rc_car,,,67.0,NOT_OCCLUDED,"clean flight, no strip deployed"
S2_PAIR_clean_f002415.jpg,S2_PAIR_clean,rc_car,,,67.0,NOT_OCCLUDED,"clean flight, no strip deployed"
S2_PAIR_clean_f002422.jpg,S2_PAIR_clean,rc_car,,,71.0,NOT_OCCLUDED,"clean flight, no strip deployed"
S2_PAIR_clean_f002429.jpg,S2_PAIR_clean,rc_car,,,76.0,NOT_OCCLUDED,"clean flight, no strip deployed"
S2_PAIR_clean_f002436.jpg,S2_PAIR_clean,rc_car,,,87.0,NOT_OCCLUDED,"clean flight, no strip deployed"
S2_PAIR_clean_f002443.jpg,S2_PAIR_clean,rc_car,,,92.0,NOT_OCCLUDED,"clean flight, no strip deployed"
S2_PAIR_clean_f002450.jpg,S2_PAIR_clean,rc_car,,,94.0,NOT_OCCLUDED,"clean flight, no strip deployed"
S2_PAIR_clean_f002457.jpg,S2_PAIR_clean,rc_car,,,97.0,NOT_OCCLUDED,"clean flight, no strip deployed"
S2_PAIR_clean_f002464.jpg,S2_PAIR_clean,rc_car,,,98.0,NOT_OCCLUDED,"clean flight, no strip deployed"
S2_PAIR_clean_f002471.jpg,S2_PAIR_clean,rc_car,,,99.0,NOT_OCCLUDED,"clean flight, no strip deployed"
S2_PAIR_clean_f002478.jpg,S2_PAIR_clean,rc_car,,,99.0,NOT_OCCLUDED,"clean flight, no strip deployed"
S2_PAIR_clean_f002485.jpg,S2_PAIR_clean,rc_car,,,99.0,NOT_OCCLUDED,"clean flight, no strip deployed"
S2_PAIR_clean_f002492.jpg,S2_PAIR_clean,rc_car,,,99.0,NOT_OCCLUDED,"clean flight, no strip deployed"
S2_PAIR_clean_f002499.jpg,S2_PAIR_clean,rc_car,,,99.0,NOT_OCCLUDED,"clean flight, no strip deployed"
S2_PAIR_clean_f002506.jpg,S2_PAIR_clean,rc_car,,,99.0,NOT_OCCLUDED,"clean flight, no strip deployed"
S2_PAIR_clean_f002513.jpg,S2_PAIR_clean,rc_car,,,99.0,NOT_OCCLUDED,"clean flight, no strip deployed"
S2_PAIR_clean_f002520.jpg,S2_PAIR_clean,rc_car,,,99.0,NOT_OCCLUDED,"clean flight, no strip deployed"
S2_PAIR_clean_f002527.jpg,S2_PAIR_clean,rc_car,,,99.0,NOT_OCCLUDED,"clean flight, no strip deployed"
S2_PAIR_clean_f002534.jpg,S2_PAIR_clean,rc_car,,,99.0,NOT_OCCLUDED,"clean flight, no strip deployed"
S2_PAIR_clean_f002541.jpg,S2_PAIR_clean,rc_car,,,99.0,NOT_OCCLUDED,"clean flight, no strip deployed"
S2_PAIR_clean_f002548.jpg,S2_PAIR_clean,rc_car,,,98.0,NOT_OCCLUDED,"clean flight, no strip deployed"
S2_PAIR_clean_f002555.jpg,S2_PAIR_clean,rc_car,,,99.0,NOT_OCCLUDED,"clean flight, no strip deployed"
S2_PAIR_clean_f002562.jpg,S2_PAIR_clean,rc_car,,,99.0,NOT_OCCLUDED,"clean flight, no strip deployed"
S2_PAIR_clean_f002569.jpg,S2_PAIR_clean,rc_car,,,99.0,NOT_OCCLUDED,"clean flight, no strip deployed"
S2_PAIR_clean_f002576.jpg,S2_PAIR_clean,rc_car,,,99.0,NOT_OCCLUDED,"clean flight, no strip deployed"
S2_PAIR_clean_f002583.jpg,S2_PAIR_clean,rc_car,,,99.0,NOT_OCCLUDED,"clean flight, no strip deployed"
S2_PAIR_clean_f002590.jpg,S2_PAIR_clean,rc_car,,,98.0,NOT_OCCLUDED,"clean flight, no strip deployed"
S2_PAIR_clean_f002597.jpg,S2_PAIR_clean,rc_car,,,98.0,NOT_OCCLUDED,"clean flight, no strip deployed"
S2_PAIR_clean_f002604.jpg,S2_PAIR_clean,rc_car,,,101.0,NOT_OCCLUDED,"clean flight, no strip deployed"
S2_PAIR_clean_f002611.jpg,S2_PAIR_clean,rc_car,,,108.0,NOT_OCCLUDED,"clean flight, no strip deployed"
S2_PAIR_clean_f002618.jpg,S2_PAIR_clean,rc_car,,,113.0,NOT_OCCLUDED,"clean flight, no strip deployed"
S2_PAIR_clean_f002625.jpg,S2_PAIR_clean,rc_car,,,116.0,NOT_OCCLUDED,"clean flight, no strip deployed"
S2_PAIR_clean_f002632.jpg,S2_PAIR_clean,rc_car,,,116.0,NOT_OCCLUDED,"clean flight, no strip deployed"
S2_PAIR_clean_f002639.jpg,S2_PAIR_clean,rc_car,,,116.0,NOT_OCCLUDED,"clean flight, no strip deployed"
S2_PAIR_clean_f002646.jpg,S2_PAIR_clean,rc_car,,,116.0,NOT_OCCLUDED,"clean flight, no strip deployed"
S2_PAIR_clean_f002653.jpg,S2_PAIR_clean,rc_car,,,116.0,NOT_OCCLUDED,"clean flight, no strip deployed"
S2_PAIR_clean_f002660.jpg,S2_PAIR_clean,rc_car,,,116.0,NOT_OCCLUDED,"clean flight, no strip deployed"
S2_PAIR_clean_f002667.jpg,S2_PAIR_clean,rc_car,,,116.0,NOT_OCCLUDED,"clean flight, no strip deployed"
S2_PAIR_clean_f002674.jpg,S2_PAIR_clean,rc_car,,,116.0,NOT_OCCLUDED,"clean flight, no strip deployed"
S2_PAIR_clean_f002681.jpg,S2_PAIR_clean,rc_car,,,116.0,NOT_OCCLUDED,"clean flight, no strip deployed"
S2_PAIR_clean_f002688.jpg,S2_PAIR_clean,rc_car,,,116.0,NOT_OCCLUDED,"clean flight, no strip deployed"
S2_PAIR_clean_f002695.jpg,S2_PAIR_clean,rc_car,,,116.0,NOT_OCCLUDED,"clean flight, no strip deployed"
S2_PAIR_clean_f002702.jpg,S2_PAIR_clean,rc_car,,,116.0,NOT_OCCLUDED,"clean flight, no strip deployed"
S2_PAIR_clean_f002709.jpg,S2_PAIR_clean,rc_car,,,116.0,NOT_OCCLUDED,"clean flight, no strip deployed"
S2_PAIR_clean_f002716.jpg,S2_PAIR_clean,rc_car,,,116.0,NOT_OCCLUDED,"clean flight, no strip deployed"
S2_PAIR_clean_f002723.jpg,S2_PAIR_clean,rc_car,,,116.0,NOT_OCCLUDED,"clean flight, no strip deployed"
S2_PAIR_clean_f002730.jpg,S2_PAIR_clean,rc_car,,,121.0,NOT_OCCLUDED,"clean flight, no strip deployed"
S2_PAIR_clean_f002737.jpg,S2_PAIR_clean,rc_car,,,128.0,NOT_OCCLUDED,"clean flight, no strip deployed"
S2_PAIR_clean_f002744.jpg,S2_PAIR_clean,rc_car,,,133.0,NOT_OCCLUDED,"clean flight, no strip deployed"
S2_PAIR_clean_f002751.jpg,S2_PAIR_clean,rc_car,,,139.0,NOT_OCCLUDED,"clean flight, no strip deployed"
S2_PAIR_clean_f002758.jpg,S2_PAIR_clean,rc_car,,,139.0,NOT_OCCLUDED,"clean flight, no strip deployed"
S2_PAIR_clean_f002765.jpg,S2_PAIR_clean,rc_car,,,139.0,NOT_OCCLUDED,"clean flight, no strip deployed"
S2_PAIR_clean_f002772.jpg,S2_PAIR_clean,rc_car,,,139.0,NOT_OCCLUDED,"clean flight, no strip deployed"
S2_PAIR_clean_f002779.jpg,S2_PAIR_clean,rc_car,,,139.0,NOT_OCCLUDED,"clean flight, no strip deployed"
S2_PAIR_clean_f002786.jpg,S2_PAIR_clean,rc_car,,,139.0,NOT_OCCLUDED,"clean flight, no strip deployed"
S2_PAIR_clean_f002793.jpg,S2_PAIR_clean,rc_car,,,139.0,NOT_OCCLUDED,"clean flight, no strip deployed"
S2_PAIR_clean_f002800.jpg,S2_PAIR_clean,rc_car,,,138.0,NOT_OCCLUDED,"clean flight, no strip deployed"
S2_PAIR_clean_f002807.jpg,S2_PAIR_clean,rc_car,,,138.0,NOT_OCCLUDED,"clean flight, no strip deployed"
S2_PAIR_clean_f002814.jpg,S2_PAIR_clean,rc_car,,,138.0,NOT_OCCLUDED,"clean flight, no strip deployed"
S2_PAIR_clean_f002821.jpg,S2_PAIR_clean,rc_car,,,138.0,NOT_OCCLUDED,"clean flight, no strip deployed"
S2_PAIR_clean_f002828.jpg,S2_PAIR_clean,rc_car,,,138.0,NOT_OCCLUDED,"clean flight, no strip deployed"
S2_PAIR_clean_f002835.jpg,S2_PAIR_clean,rc_car,,,138.0,NOT_OCCLUDED,"clean flight, no strip deployed"
S2_PAIR_clean_f002842.jpg,S2_PAIR_clean,rc_car,,,138.0,NOT_OCCLUDED,"clean flight, no strip deployed"
S2_PAIR_clean_f002849.jpg,S2_PAIR_clean,rc_car,,,138.0,NOT_OCCLUDED,"clean flight, no strip deployed"
S2_PAIR_clean_f002856.jpg,S2_PAIR_clean,rc_car,,,138.0,NOT_OCCLUDED,"clean flight, no strip deployed"
S2_PAIR_clean_f002863.jpg,S2_PAIR_clean,rc_car,,,138.0,NOT_OCCLUDED,"clean flight, no strip deployed"
S2_PAIR_clean_f002870.jpg,S2_PAIR_clean,rc_car,,,139.0,NOT_OCCLUDED,"clean flight, no strip deployed"
S2_PAIR_clean_f002877.jpg,S2_PAIR_clean,rc_car,,,139.0,NOT_OCCLUDED,"clean flight, no strip deployed"
S2_PAIR_clean_f002884.jpg,S2_PAIR_clean,rc_car,,,139.0,NOT_OCCLUDED,"clean flight, no strip deployed"
S2_PAIR_clean_f002891.jpg,S2_PAIR_clean,rc_car,,,139.0,NOT_OCCLUDED,"clean flight, no strip deployed"
S2_PAIR_clean_f002898.jpg,S2_PAIR_clean,rc_car,,,139.0,NOT_OCCLUDED,"clean flight, no strip deployed"
S2_PAIR_clean_f002905.jpg,S2_PAIR_clean,rc_car,,,142.0,NOT_OCCLUDED,"clean flight, no strip deployed"
S2_PAIR_clean_f002912.jpg,S2_PAIR_clean,rc_car,,,149.0,NOT_OCCLUDED,"clean flight, no strip deployed"
S2_PAIR_clean_f002919.jpg,S2_PAIR_clean,rc_car,,,156.0,NOT_OCCLUDED,"clean flight, no strip deployed"
S2_PAIR_clean_f002926.jpg,S2_PAIR_clean,rc_car,,,156.0,NOT_OCCLUDED,"clean flight, no strip deployed"
S2_PAIR_clean_f002933.jpg,S2_PAIR_clean,rc_car,,,156.0,NOT_OCCLUDED,"clean flight, no strip deployed"
S2_PAIR_clean_f002940.jpg,S2_PAIR_clean,rc_car,,,156.0,NOT_OCCLUDED,"clean flight, no strip deployed"
S2_PAIR_clean_f002947.jpg,S2_PAIR_clean,rc_car,,,156.0,NOT_OCCLUDED,"clean flight, no strip deployed"
S2_PAIR_clean_f002954.jpg,S2_PAIR_clean,rc_car,,,156.0,NOT_OCCLUDED,"clean flight, no strip deployed"
S2_PAIR_clean_f002961.jpg,S2_PAIR_clean,rc_car,,,156.0,NOT_OCCLUDED,"clean flight, no strip deployed"
S2_PAIR_clean_f002968.jpg,S2_PAIR_clean,rc_car,,,156.0,NOT_OCCLUDED,"clean flight, no strip deployed"
S2_PAIR_clean_f002975.jpg,S2_PAIR_clean,rc_car,,,156.0,NOT_OCCLUDED,"clean flight, no strip deployed"
S2_PAIR_clean_f002982.jpg,S2_PAIR_clean,rc_car,,,156.0,NOT_OCCLUDED,"clean flight, no strip deployed"
S2_PAIR_clean_f002989.jpg,S2_PAIR_clean,rc_car,,,156.0,NOT_OCCLUDED,"clean flight, no strip deployed"
S2_PAIR_clean_f002996.jpg,S2_PAIR_clean,rc_car,,,156.0,NOT_OCCLUDED,"clean flight, no strip deployed"
S2_PAIR_clean_f003003.jpg,S2_PAIR_clean,rc_car,,,156.0,NOT_OCCLUDED,"clean flight, no strip deployed"
S2_PAIR_clean_f003010.jpg,S2_PAIR_clean,rc_car,,,156.0,NOT_OCCLUDED,"clean flight, no strip deployed"
S2_PAIR_clean_f003017.jpg,S2_PAIR_clean,rc_car,,,156.0,NOT_OCCLUDED,"clean flight, no strip deployed"
S2_PAIR_clean_f003024.jpg,S2_PAIR_clean,rc_car,,,156.0,NOT_OCCLUDED,"clean flight, no strip deployed"
S2_PAIR_clean_f003031.jpg,S2_PAIR_clean,rc_car,,,156.0,NOT_OCCLUDED,"clean flight, no strip deployed"
S2_PAIR_clean_f003038.jpg,S2_PAIR_clean,rc_car,,,156.0,NOT_OCCLUDED,"clean flight, no strip deployed"
S2_PAIR_clean_f003045.jpg,S2_PAIR_clean,rc_car,,,156.0,NOT_OCCLUDED,"clean flight, no strip deployed"
S2_PAIR_clean_f003052.jpg,S2_PAIR_clean,rc_car,,,156.0,NOT_OCCLUDED,"clean flight, no strip deployed"
S2_PAIR_clean_f003059.jpg,S2_PAIR_clean,rc_car,,,156.0,NOT_OCCLUDED,"clean flight, no strip deployed"
S2_PAIR_clean_f003066.jpg,S2_PAIR_clean,rc_car,,,156.0,NOT_OCCLUDED,"clean flight, no strip deployed"
S2_PAIR_clean_f003073.jpg,S2_PAIR_clean,rc_car,,,156.0,NOT_OCCLUDED,"clean flight, no strip deployed"
S2_PAIR_clean_f003080.jpg,S2_PAIR_clean,rc_car,,,156.0,NOT_OCCLUDED,"clean flight, no strip deployed"
S2_PAIR_clean_f003087.jpg,S2_PAIR_clean,rc_car,,,156.0,NOT_OCCLUDED,"clean flight, no strip deployed"
S2_PAIR_clean_f003094.jpg,S2_PAIR_clean,rc_car,,,160.0,NOT_OCCLUDED,"clean flight, no strip deployed"
S2_PAIR_clean_f003101.jpg,S2_PAIR_clean,rc_car,,,167.0,NOT_OCCLUDED,"clean flight, no strip deployed"
S2_PAIR_clean_f003108.jpg,S2_PAIR_clean,rc_car,,,171.0,NOT_OCCLUDED,"clean flight, no strip deployed"
S2_PAIR_clean_f003115.jpg,S2_PAIR_clean,rc_car,,,176.0,NOT_OCCLUDED,"clean flight, no strip deployed"
S2_PAIR_clean_f003122.jpg,S2_PAIR_clean,rc_car,,,176.0,NOT_OCCLUDED,"clean flight, no strip deployed"
S2_PAIR_clean_f003129.jpg,S2_PAIR_clean,rc_car,,,176.0,NOT_OCCLUDED,"clean flight, no strip deployed"
S2_PAIR_clean_f003136.jpg,S2_PAIR_clean,rc_car,,,176.0,NOT_OCCLUDED,"clean flight, no strip deployed"
S2_PAIR_clean_f003143.jpg,S2_PAIR_clean,rc_car,,,176.0,NOT_OCCLUDED,"clean flight, no strip deployed"
S2_PAIR_clean_f003150.jpg,S2_PAIR_clean,rc_car,,,176.0,NOT_OCCLUDED,"clean flight, no strip deployed"
S2_PAIR_clean_f003157.jpg,S2_PAIR_clean,rc_car,,,176.0,NOT_OCCLUDED,"clean flight, no strip deployed"
S2_PAIR_clean_f003164.jpg,S2_PAIR_clean,rc_car,,,176.0,NOT_OCCLUDED,"clean flight, no strip deployed"
S2_PAIR_clean_f003171.jpg,S2_PAIR_clean,rc_car,,,176.0,NOT_OCCLUDED,"clean flight, no strip deployed"
S2_PAIR_clean_f003178.jpg,S2_PAIR_clean,rc_car,,,176.0,NOT_OCCLUDED,"clean flight, no strip deployed"
S2_PAIR_clean_f003185.jpg,S2_PAIR_clean,rc_car,,,176.0,NOT_OCCLUDED,"clean flight, no strip deployed"
S2_PAIR_clean_f003192.jpg,S2_PAIR_clean,rc_car,,,176.0,NOT_OCCLUDED,"clean flight, no strip deployed"
S2_PAIR_clean_f003199.jpg,S2_PAIR_clean,rc_car,,,176.0,NOT_OCCLUDED,"clean flight, no strip deployed"
S2_PAIR_clean_f003206.jpg,S2_PAIR_clean,rc_car,,,176.0,NOT_OCCLUDED,"clean flight, no strip deployed"
S2_PAIR_clean_f003213.jpg,S2_PAIR_clean,rc_car,,,176.0,NOT_OCCLUDED,"clean flight, no strip deployed"
S2_PAIR_clean_f003220.jpg,S2_PAIR_clean,rc_car,,,176.0,NOT_OCCLUDED,"clean flight, no strip deployed"
S2_PAIR_clean_f003227.jpg,S2_PAIR_clean,rc_car,,,176.0,NOT_OCCLUDED,"clean flight, no strip deployed"
S2_PAIR_clean_f003234.jpg,S2_PAIR_clean,rc_car,,,178.0,NOT_OCCLUDED,"clean flight, no strip deployed"
S2_PAIR_clean_f003241.jpg,S2_PAIR_clean,rc_car,,,-176.0,NOT_OCCLUDED,"clean flight, no strip deployed"
S2_PAIR_clean_f003248.jpg,S2_PAIR_clean,rc_car,,,-161.0,NOT_OCCLUDED,"clean flight, no strip deployed"
S2_PAIR_clean_f003255.jpg,S2_PAIR_clean,rc_car,,,-157.0,NOT_OCCLUDED,"clean flight, no strip deployed"
S2_PAIR_clean_f003262.jpg,S2_PAIR_clean,rc_car,,,-157.0,NOT_OCCLUDED,"clean flight, no strip deployed"
S2_PAIR_clean_f003269.jpg,S2_PAIR_clean,rc_car,,,-157.0,NOT_OCCLUDED,"clean flight, no strip deployed"
S2_PAIR_clean_f003276.jpg,S2_PAIR_clean,rc_car,,,-157.0,NOT_OCCLUDED,"clean flight, no strip deployed"
S2_PAIR_clean_f003283.jpg,S2_PAIR_clean,rc_car,,,-157.0,NOT_OCCLUDED,"clean flight, no strip deployed"
S2_PAIR_clean_f003290.jpg,S2_PAIR_clean,rc_car,,,-157.0,NOT_OCCLUDED,"clean flight, no strip deployed"
S2_PAIR_clean_f003297.jpg,S2_PAIR_clean,rc_car,,,-157.0,NOT_OCCLUDED,"clean flight, no strip deployed"
S2_PAIR_clean_f003304.jpg,S2_PAIR_clean,rc_car,,,-157.0,NOT_OCCLUDED,"clean flight, no strip deployed"
S2_PAIR_clean_f003311.jpg,S2_PAIR_clean,rc_car,,,-157.0,NOT_OCCLUDED,"clean flight, no strip deployed"
S2_PAIR_clean_f003318.jpg,S2_PAIR_clean,rc_car,,,-158.0,NOT_OCCLUDED,"clean flight, no strip deployed"
S2_PAIR_clean_f003325.jpg,S2_PAIR_clean,rc_car,,,-157.0,NOT_OCCLUDED,"clean flight, no strip deployed"
S2_PAIR_clean_f003332.jpg,S2_PAIR_clean,rc_car,,,-153.0,NOT_OCCLUDED,"clean flight, no strip deployed"
S2_PAIR_clean_f003339.jpg,S2_PAIR_clean,rc_car,,,-144.0,NOT_OCCLUDED,"clean flight, no strip deployed"
S2_PAIR_clean_f003346.jpg,S2_PAIR_clean,rc_car,,,-139.0,NOT_OCCLUDED,"clean flight, no strip deployed"
S2_PAIR_clean_f003353.jpg,S2_PAIR_clean,rc_car,,,-136.0,NOT_OCCLUDED,"clean flight, no strip deployed"
S2_PAIR_clean_f003360.jpg,S2_PAIR_clean,rc_car,,,-136.0,NOT_OCCLUDED,"clean flight, no strip deployed"
S2_PAIR_clean_f003367.jpg,S2_PAIR_clean,rc_car,,,-136.0,NOT_OCCLUDED,"clean flight, no strip deployed"
S2_PAIR_clean_f003374.jpg,S2_PAIR_clean,rc_car,,,-136.0,NOT_OCCLUDED,"clean flight, no strip deployed"
S2_PAIR_clean_f003381.jpg,S2_PAIR_clean,rc_car,,,-136.0,NOT_OCCLUDED,"clean flight, no strip deployed"
S2_PAIR_clean_f003388.jpg,S2_PAIR_clean,rc_car,,,-136.0,NOT_OCCLUDED,"clean flight, no strip deployed"
S2_PAIR_clean_f003395.jpg,S2_PAIR_clean,rc_car,,,-136.0,NOT_OCCLUDED,"clean flight, no strip deployed"
S2_PAIR_clean_f003402.jpg,S2_PAIR_clean,rc_car,,,-136.0,NOT_OCCLUDED,"clean flight, no strip deployed"
S2_PAIR_clean_f003409.jpg,S2_PAIR_clean,rc_car,,,-131.0,NOT_OCCLUDED,"clean flight, no strip deployed"
S2_PAIR_clean_f003416.jpg,S2_PAIR_clean,rc_car,,,-126.0,NOT_OCCLUDED,"clean flight, no strip deployed"
S2_PAIR_clean_f003423.jpg,S2_PAIR_clean,rc_car,,,-119.0,NOT_OCCLUDED,"clean flight, no strip deployed"
S2_PAIR_clean_f003430.jpg,S2_PAIR_clean,rc_car,,,-116.0,NOT_OCCLUDED,"clean flight, no strip deployed"
S2_PAIR_clean_f003437.jpg,S2_PAIR_clean,rc_car,,,-116.0,NOT_OCCLUDED,"clean flight, no strip deployed"
S2_PAIR_clean_f003444.jpg,S2_PAIR_clean,rc_car,,,-116.0,NOT_OCCLUDED,"clean flight, no strip deployed"
S2_PAIR_clean_f003451.jpg,S2_PAIR_clean,rc_car,,,-116.0,NOT_OCCLUDED,"clean flight, no strip deployed"
S2_PAIR_clean_f003458.jpg,S2_PAIR_clean,rc_car,,,-116.0,NOT_OCCLUDED,"clean flight, no strip deployed"
S2_PAIR_clean_f003465.jpg,S2_PAIR_clean,rc_car,,,-116.0,NOT_OCCLUDED,"clean flight, no strip deployed"
S2_PAIR_clean_f003472.jpg,S2_PAIR_clean,rc_car,,,-116.0,NOT_OCCLUDED,"clean flight, no strip deployed"
S2_PAIR_clean_f003479.jpg,S2_PAIR_clean,rc_car,,,-115.0,NOT_OCCLUDED,"clean flight, no strip deployed"
S2_PAIR_clean_f003486.jpg,S2_PAIR_clean,rc_car,,,-115.0,NOT_OCCLUDED,"clean flight, no strip deployed"
S2_PAIR_clean_f003493.jpg,S2_PAIR_clean,rc_car,,,-115.0,NOT_OCCLUDED,"clean flight, no strip deployed"
S2_PAIR_clean_f003500.jpg,S2_PAIR_clean,rc_car,,,-115.0,NOT_OCCLUDED,"clean flight, no strip deployed"
S2_PAIR_clean_f003507.jpg,S2_PAIR_clean,rc_car,,,-116.0,NOT_OCCLUDED,"clean flight, no strip deployed"
S2_PAIR_clean_f003514.jpg,S2_PAIR_clean,rc_car,,,-116.0,NOT_OCCLUDED,"clean flight, no strip deployed"
S2_PAIR_clean_f003521.jpg,S2_PAIR_clean,rc_car,,,-116.0,NOT_OCCLUDED,"clean flight, no strip deployed"
S2_PAIR_clean_f003528.jpg,S2_PAIR_clean,rc_car,,,-116.0,NOT_OCCLUDED,"clean flight, no strip deployed"
S2_PAIR_clean_f003535.jpg,S2_PAIR_clean,rc_car,,,-116.0,NOT_OCCLUDED,"clean flight, no strip deployed"
S2_PAIR_clean_f003542.jpg,S2_PAIR_clean,rc_car,,,-116.0,NOT_OCCLUDED,"clean flight, no strip deployed"
S2_PAIR_clean_f003549.jpg,S2_PAIR_clean,rc_car,,,-116.0,NOT_OCCLUDED,"clean flight, no strip deployed"
S2_PAIR_clean_f003556.jpg,S2_PAIR_clean,rc_car,,,-116.0,NOT_OCCLUDED,"clean flight, no strip deployed"
S2_PAIR_clean_f003563.jpg,S2_PAIR_clean,rc_car,,,-116.0,NOT_OCCLUDED,"clean flight, no strip deployed"
S2_PAIR_clean_f003570.jpg,S2_PAIR_clean,rc_car,,,-116.0,NOT_OCCLUDED,"clean flight, no strip deployed"
S2_PAIR_clean_f003577.jpg,S2_PAIR_clean,rc_car,,,-116.0,NOT_OCCLUDED,"clean flight, no strip deployed"
S2_PAIR_clean_f003584.jpg,S2_PAIR_clean,rc_car,,,-116.0,NOT_OCCLUDED,"clean flight, no strip deployed"
S2_PAIR_clean_f003591.jpg,S2_PAIR_clean,rc_car,,,-116.0,NOT_OCCLUDED,"clean flight, no strip deployed"
S2_PAIR_clean_f003598.jpg,S2_PAIR_clean,rc_car,,,-116.0,NOT_OCCLUDED,"clean flight, no strip deployed"
S2_PAIR_clean_f003605.jpg,S2_PAIR_clean,rc_car,,,-116.0,NOT_OCCLUDED,"clean flight, no strip deployed"
S2_PAIR_clean_f003612.jpg,S2_PAIR_clean,rc_car,,,-116.0,NOT_OCCLUDED,"clean flight, no strip deployed"
S2_PAIR_clean_f003619.jpg,S2_PAIR_clean,rc_car,,,-116.0,NOT_OCCLUDED,"clean flight, no strip deployed"
S2_PAIR_clean_f003626.jpg,S2_PAIR_clean,rc_car,,,-116.0,NOT_OCCLUDED,"clean flight, no strip deployed"
S2_PAIR_clean_f003633.jpg,S2_PAIR_clean,rc_car,,,-116.0,NOT_OCCLUDED,"clean flight, no strip deployed"
S2_PAIR_clean_f003640.jpg,S2_PAIR_clean,rc_car,,,-116.0,NOT_OCCLUDED,"clean flight, no strip deployed"
S2_PAIR_clean_f003647.jpg,S2_PAIR_clean,rc_car,,,-115.0,NOT_OCCLUDED,"clean flight, no strip deployed"
S2_PAIR_clean_f003654.jpg,S2_PAIR_clean,rc_car,,,-116.0,NOT_OCCLUDED,"clean flight, no strip deployed"
S2_PAIR_clean_f003661.jpg,S2_PAIR_clean,rc_car,,,-116.0,NOT_OCCLUDED,"clean flight, no strip deployed"
S2_PAIR_clean_f003668.jpg,S2_PAIR_clean,rc_car,,,-114.0,NOT_OCCLUDED,"clean flight, no strip deployed"
S2_PAIR_clean_f003675.jpg,S2_PAIR_clean,rc_car,,,-107.0,NOT_OCCLUDED,"clean flight, no strip deployed"
S2_PAIR_clean_f003682.jpg,S2_PAIR_clean,rc_car,,,-100.0,NOT_OCCLUDED,"clean flight, no strip deployed"
S2_PAIR_clean_f003689.jpg,S2_PAIR_clean,rc_car,,,-96.0,NOT_OCCLUDED,"clean flight, no strip deployed"
S2_PAIR_clean_f003696.jpg,S2_PAIR_clean,rc_car,,,-96.0,NOT_OCCLUDED,"clean flight, no strip deployed"
S2_PAIR_clean_f003703.jpg,S2_PAIR_clean,rc_car,,,-96.0,NOT_OCCLUDED,"clean flight, no strip deployed"
S2_PAIR_clean_f003710.jpg,S2_PAIR_clean,rc_car,,,-96.0,NOT_OCCLUDED,"clean flight, no strip deployed"
S2_PAIR_clean_f003717.jpg,S2_PAIR_clean,rc_car,,,-96.0,NOT_OCCLUDED,"clean flight, no strip deployed"
S2_PAIR_clean_f003724.jpg,S2_PAIR_clean,rc_car,,,-96.0,NOT_OCCLUDED,"clean flight, no strip deployed"
S2_PAIR_clean_f003731.jpg,S2_PAIR_clean,rc_car,,,-96.0,NOT_OCCLUDED,"clean flight, no strip deployed"
S2_PAIR_clean_f003738.jpg,S2_PAIR_clean,rc_car,,,-96.0,NOT_OCCLUDED,"clean flight, no strip deployed"
S2_PAIR_clean_f003745.jpg,S2_PAIR_clean,rc_car,,,-96.0,NOT_OCCLUDED,"clean flight, no strip deployed"
S2_PAIR_clean_f003752.jpg,S2_PAIR_clean,rc_car,,,-96.0,NOT_OCCLUDED,"clean flight, no strip deployed"
S2_PAIR_clean_f003759.jpg,S2_PAIR_clean,rc_car,,,-96.0,NOT_OCCLUDED,"clean flight, no strip deployed"
S2_PAIR_clean_f003766.jpg,S2_PAIR_clean,rc_car,,,-96.0,NOT_OCCLUDED,"clean flight, no strip deployed"
S2_PAIR_clean_f003773.jpg,S2_PAIR_clean,rc_car,,,-96.0,NOT_OCCLUDED,"clean flight, no strip deployed"
S2_PAIR_clean_f003780.jpg,S2_PAIR_clean,rc_car,,,-96.0,NOT_OCCLUDED,"clean flight, no strip deployed"
S2_PAIR_clean_f003787.jpg,S2_PAIR_clean,rc_car,,,-96.0,NOT_OCCLUDED,"clean flight, no strip deployed"
S2_PAIR_clean_f003794.jpg,S2_PAIR_clean,rc_car,,,-96.0,NOT_OCCLUDED,"clean flight, no strip deployed"
S2_PAIR_clean_f003801.jpg,S2_PAIR_clean,rc_car,,,-96.0,NOT_OCCLUDED,"clean flight, no strip deployed"
S2_PAIR_clean_f003808.jpg,S2_PAIR_clean,rc_car,,,-96.0,NOT_OCCLUDED,"clean flight, no strip deployed"
S2_PAIR_clean_f003815.jpg,S2_PAIR_clean,rc_car,,,-96.0,NOT_OCCLUDED,"clean flight, no strip deployed"
S2_PAIR_clean_f003822.jpg,S2_PAIR_clean,rc_car,,,-96.0,NOT_OCCLUDED,"clean flight, no strip deployed"
S2_PAIR_clean_f003829.jpg,S2_PAIR_clean,rc_car,,,-92.0,NOT_OCCLUDED,"clean flight, no strip deployed"
S2_PAIR_clean_f003836.jpg,S2_PAIR_clean,rc_car,,,-83.0,NOT_OCCLUDED,"clean flight, no strip deployed"
S2_PAIR_clean_f003843.jpg,S2_PAIR_clean,rc_car,,,-76.0,NOT_OCCLUDED,"clean flight, no strip deployed"
S2_PAIR_clean_f003850.jpg,S2_PAIR_clean,rc_car,,,-74.0,NOT_OCCLUDED,"clean flight, no strip deployed"
S2_PAIR_clean_f003857.jpg,S2_PAIR_clean,rc_car,,,-74.0,NOT_OCCLUDED,"clean flight, no strip deployed"
S2_PAIR_clean_f003864.jpg,S2_PAIR_clean,rc_car,,,-74.0,NOT_OCCLUDED,"clean flight, no strip deployed"
S2_PAIR_clean_f003871.jpg,S2_PAIR_clean,rc_car,,,-74.0,NOT_OCCLUDED,"clean flight, no strip deployed"
S2_PAIR_clean_f003878.jpg,S2_PAIR_clean,rc_car,,,-74.0,NOT_OCCLUDED,"clean flight, no strip deployed"
S2_PAIR_clean_f003885.jpg,S2_PAIR_clean,rc_car,,,-74.0,NOT_OCCLUDED,"clean flight, no strip deployed"
S2_PAIR_clean_f003892.jpg,S2_PAIR_clean,rc_car,,,-74.0,NOT_OCCLUDED,"clean flight, no strip deployed"
S2_PAIR_clean_f003899.jpg,S2_PAIR_clean,rc_car,,,-74.0,NOT_OCCLUDED,"clean flight, no strip deployed"
S2_PAIR_clean_f003906.jpg,S2_PAIR_clean,rc_car,,,-74.0,NOT_OCCLUDED,"clean flight, no strip deployed"
S2_PAIR_clean_f003913.jpg,S2_PAIR_clean,rc_car,,,-74.0,NOT_OCCLUDED,"clean flight, no strip deployed"
S2_PAIR_clean_f003920.jpg,S2_PAIR_clean,rc_car,,,-74.0,NOT_OCCLUDED,"clean flight, no strip deployed"
S2_PAIR_clean_f003927.jpg,S2_PAIR_clean,rc_car,,,-74.0,NOT_OCCLUDED,"clean flight, no strip deployed"
S2_PAIR_clean_f003934.jpg,S2_PAIR_clean,rc_car,,,-74.0,NOT_OCCLUDED,"clean flight, no strip deployed"
S2_PAIR_clean_f003941.jpg,S2_PAIR_clean,rc_car,,,-74.0,NOT_OCCLUDED,"clean flight, no strip deployed"
S2_PAIR_clean_f003948.jpg,S2_PAIR_clean,rc_car,,,-74.0,NOT_OCCLUDED,"clean flight, no strip deployed"
S2_PAIR_clean_f003955.jpg,S2_PAIR_clean,rc_car,,,-74.0,NOT_OCCLUDED,"clean flight, no strip deployed"
S2_PAIR_clean_f003962.jpg,S2_PAIR_clean,rc_car,,,-70.0,NOT_OCCLUDED,"clean flight, no strip deployed"
S2_PAIR_clean_f003969.jpg,S2_PAIR_clean,rc_car,,,-65.0,NOT_OCCLUDED,"clean flight, no strip deployed"
S2_PAIR_clean_f003976.jpg,S2_PAIR_clean,rc_car,,,-54.0,NOT_OCCLUDED,"clean flight, no strip deployed"
S2_PAIR_clean_f003983.jpg,S2_PAIR_clean,rc_car,,,-50.0,NOT_OCCLUDED,"clean flight, no strip deployed"
S2_PAIR_clean_f003990.jpg,S2_PAIR_clean,rc_car,,,-49.0,NOT_OCCLUDED,"clean flight, no strip deployed"
S2_PAIR_clean_f003997.jpg,S2_PAIR_clean,rc_car,,,-49.0,NOT_OCCLUDED,"clean flight, no strip deployed"
S2_PAIR_clean_f004004.jpg,S2_PAIR_clean,rc_car,,,-49.0,NOT_OCCLUDED,"clean flight, no strip deployed"
S2_PAIR_clean_f004011.jpg,S2_PAIR_clean,rc_car,,,-49.0,NOT_OCCLUDED,"clean flight, no strip deployed"
S2_PAIR_clean_f004018.jpg,S2_PAIR_clean,rc_car,,,-50.0,NOT_OCCLUDED,"clean flight, no strip deployed"
S2_PAIR_clean_f004025.jpg,S2_PAIR_clean,rc_car,,,-50.0,NOT_OCCLUDED,"clean flight, no strip deployed"
S2_PAIR_clean_f004032.jpg,S2_PAIR_clean,rc_car,,,-50.0,NOT_OCCLUDED,"clean flight, no strip deployed"
S2_PAIR_clean_f004039.jpg,S2_PAIR_clean,rc_car,,,-50.0,NOT_OCCLUDED,"clean flight, no strip deployed"
S2_PAIR_clean_f004046.jpg,S2_PAIR_clean,rc_car,,,-50.0,NOT_OCCLUDED,"clean flight, no strip deployed"
S2_PAIR_clean_f004053.jpg,S2_PAIR_clean,rc_car,,,-50.0,NOT_OCCLUDED,"clean flight, no strip deployed"
S2_PAIR_clean_f004060.jpg,S2_PAIR_clean,rc_car,,,-50.0,NOT_OCCLUDED,"clean flight, no strip deployed"
S2_PAIR_clean_f004067.jpg,S2_PAIR_clean,rc_car,,,-50.0,NOT_OCCLUDED,"clean flight, no strip deployed"
S2_PAIR_clean_f004074.jpg,S2_PAIR_clean,rc_car,,,-49.0,NOT_OCCLUDED,"clean flight, no strip deployed"
S2_PAIR_clean_f004081.jpg,S2_PAIR_clean,rc_car,,,-45.0,NOT_OCCLUDED,"clean flight, no strip deployed"
S2_PAIR_clean_f004088.jpg,S2_PAIR_clean,rc_car,,,-37.0,NOT_OCCLUDED,"clean flight, no strip deployed"
S2_PAIR_clean_f004095.jpg,S2_PAIR_clean,rc_car,,,-29.0,NOT_OCCLUDED,"clean flight, no strip deployed"
S2_PAIR_clean_f004102.jpg,S2_PAIR_clean,rc_car,,,-29.0,NOT_OCCLUDED,"clean flight, no strip deployed"
S2_PAIR_clean_f004109.jpg,S2_PAIR_clean,rc_car,,,-29.0,NOT_OCCLUDED,"clean flight, no strip deployed"
S2_PAIR_clean_f004116.jpg,S2_PAIR_clean,rc_car,,,-29.0,NOT_OCCLUDED,"clean flight, no strip deployed"
S2_PAIR_clean_f004123.jpg,S2_PAIR_clean,rc_car,,,-29.0,NOT_OCCLUDED,"clean flight, no strip deployed"
S2_PAIR_clean_f004130.jpg,S2_PAIR_clean,rc_car,,,-29.0,NOT_OCCLUDED,"clean flight, no strip deployed"
S2_PAIR_clean_f004137.jpg,S2_PAIR_clean,rc_car,,,-29.0,NOT_OCCLUDED,"clean flight, no strip deployed"
S2_PAIR_clean_f004144.jpg,S2_PAIR_clean,rc_car,,,-29.0,NOT_OCCLUDED,"clean flight, no strip deployed"
S2_PAIR_clean_f004151.jpg,S2_PAIR_clean,rc_car,,,-29.0,NOT_OCCLUDED,"clean flight, no strip deployed"
S2_PAIR_clean_f004158.jpg,S2_PAIR_clean,rc_car,,,-29.0,NOT_OCCLUDED,"clean flight, no strip deployed"
S2_PAIR_clean_f004165.jpg,S2_PAIR_clean,rc_car,,,-29.0,NOT_OCCLUDED,"clean flight, no strip deployed"
S2_PAIR_clean_f004172.jpg,S2_PAIR_clean,rc_car,,,-29.0,NOT_OCCLUDED,"clean flight, no strip deployed"
S2_PAIR_clean_f004179.jpg,S2_PAIR_clean,rc_car,,,-29.0,NOT_OCCLUDED,"clean flight, no strip deployed"
S2_PAIR_clean_f004186.jpg,S2_PAIR_clean,rc_car,,,-30.0,NOT_OCCLUDED,"clean flight, no strip deployed"
S2_PAIR_clean_f004193.jpg,S2_PAIR_clean,rc_car,,,-30.0,NOT_OCCLUDED,"clean flight, no strip deployed"
S2_PAIR_clean_f004200.jpg,S2_PAIR_clean,rc_car,,,-29.0,NOT_OCCLUDED,"clean flight, no strip deployed"
S2_PAIR_clean_f004207.jpg,S2_PAIR_clean,rc_car,,,-29.0,NOT_OCCLUDED,"clean flight, no strip deployed"
S2_PAIR_clean_f004214.jpg,S2_PAIR_clean,rc_car,,,-29.0,NOT_OCCLUDED,"clean flight, no strip deployed"
S2_PAIR_clean_f004221.jpg,S2_PAIR_clean,rc_car,,,-29.0,NOT_OCCLUDED,"clean flight, no strip deployed"
S2_PAIR_clean_f004228.jpg,S2_PAIR_clean,rc_car,,,-30.0,NOT_OCCLUDED,"clean flight, no strip deployed"
S2_PAIR_clean_f004235.jpg,S2_PAIR_clean,rc_car,,,-30.0,NOT_OCCLUDED,"clean flight, no strip deployed"
S2_PAIR_clean_f004242.jpg,S2_PAIR_clean,rc_car,,,-30.0,NOT_OCCLUDED,"clean flight, no strip deployed"
S2_PAIR_clean_f004249.jpg,S2_PAIR_clean,rc_car,,,-29.0,NOT_OCCLUDED,"clean flight, no strip deployed"
S2_PAIR_clean_f004256.jpg,S2_PAIR_clean,rc_car,,,-29.0,NOT_OCCLUDED,"clean flight, no strip deployed"
S2_PAIR_clean_f004263.jpg,S2_PAIR_clean,rc_car,,,-29.0,NOT_OCCLUDED,"clean flight, no strip deployed"
S2_PAIR_clean_f004270.jpg,S2_PAIR_clean,rc_car,,,-29.0,NOT_OCCLUDED,"clean flight, no strip deployed"
S2_PAIR_clean_f004277.jpg,S2_PAIR_clean,rc_car,,,-29.0,NOT_OCCLUDED,"clean flight, no strip deployed"
S2_PAIR_clean_f004284.jpg,S2_PAIR_clean,rc_car,,,-29.0,NOT_OCCLUDED,"clean flight, no strip deployed"
S2_PAIR_clean_f004291.jpg,S2_PAIR_clean,rc_car,,,-29.0,NOT_OCCLUDED,"clean flight, no strip deployed"
S2_PAIR_clean_f004298.jpg,S2_PAIR_clean,rc_car,,,-29.0,NOT_OCCLUDED,"clean flight, no strip deployed"
S2_PAIR_clean_f004305.jpg,S2_PAIR_clean,rc_car,,,-29.0,NOT_OCCLUDED,"clean flight, no strip deployed"
S2_PAIR_clean_f004312.jpg,S2_PAIR_clean,rc_car,,,-29.0,NOT_OCCLUDED,"clean flight, no strip deployed"
S2_PAIR_clean_f004319.jpg,S2_PAIR_clean,rc_car,,,-29.0,NOT_OCCLUDED,"clean flight, no strip deployed"
S2_PAIR_clean_f004326.jpg,S2_PAIR_clean,rc_car,,,-29.0,NOT_OCCLUDED,"clean flight, no strip deployed"
S2_PAIR_clean_f004333.jpg,S2_PAIR_clean,rc_car,,,-29.0,NOT_OCCLUDED,"clean flight, no strip deployed"
S2_PAIR_clean_f004340.jpg,S2_PAIR_clean,rc_car,,,-29.0,NOT_OCCLUDED,"clean flight, no strip deployed"
S2_PAIR_clean_f004347.jpg,S2_PAIR_clean,rc_car,,,-29.0,NOT_OCCLUDED,"clean flight, no strip deployed"
S2_PAIR_clean_f004354.jpg,S2_PAIR_clean,rc_car,,,-29.0,NOT_OCCLUDED,"clean flight, no strip deployed"
S2_PAIR_clean_f004361.jpg,S2_PAIR_clean,rc_car,,,-29.0,NOT_OCCLUDED,"clean flight, no strip deployed"
S2_PAIR_clean_f004368.jpg,S2_PAIR_clean,rc_car,,,-29.0,NOT_OCCLUDED,"clean flight, no strip deployed"
S2_PAIR_clean_f004375.jpg,S2_PAIR_clean,rc_car,,,-29.0,NOT_OCCLUDED,"clean flight, no strip deployed"
S2_PAIR_clean_f004382.jpg,S2_PAIR_clean,rc_car,,,-29.0,NOT_OCCLUDED,"clean flight, no strip deployed"
S2_PAIR_clean_f004389.jpg,S2_PAIR_clean,rc_car,,,-29.0,NOT_OCCLUDED,"clean flight, no strip deployed"
S2_PAIR_clean_f004396.jpg,S2_PAIR_clean,rc_car,,,-29.0,NOT_OCCLUDED,"clean flight, no strip deployed"
S2_PAIR_clean_f004403.jpg,S2_PAIR_clean,rc_car,,,-29.0,NOT_OCCLUDED,"clean flight, no strip deployed"
S2_PAIR_clean_f004410.jpg,S2_PAIR_clean,rc_car,,,-29.0,NOT_OCCLUDED,"clean flight, no strip deployed"
S2_PAIR_clean_f004417.jpg,S2_PAIR_clean,rc_car,,,-29.0,NOT_OCCLUDED,"clean flight, no strip deployed"
S2_PAIR_clean_f004424.jpg,S2_PAIR_clean,rc_car,,,-29.0,NOT_OCCLUDED,"clean flight, no strip deployed"
S2_PAIR_clean_f004431.jpg,S2_PAIR_clean,rc_car,,,-29.0,NOT_OCCLUDED,"clean flight, no strip deployed"
S2_PAIR_clean_f004438.jpg,S2_PAIR_clean,rc_car,,,-29.0,NOT_OCCLUDED,"clean flight, no strip deployed"
S2_PAIR_clean_f004445.jpg,S2_PAIR_clean,rc_car,,,-29.0,NOT_OCCLUDED,"clean flight, no strip deployed"
S2_PAIR_clean_f004452.jpg,S2_PAIR_clean,rc_car,,,-29.0,NOT_OCCLUDED,"clean flight, no strip deployed"
S2_PAIR_clean_f004459.jpg,S2_PAIR_clean,rc_car,,,-29.0,NOT_OCCLUDED,"clean flight, no strip deployed"
S2_PAIR_clean_f004466.jpg,S2_PAIR_clean,rc_car,,,-30.0,NOT_OCCLUDED,"clean flight, no strip deployed"
S2_PAIR_clean_f004473.jpg,S2_PAIR_clean,rc_car,,,-30.0,NOT_OCCLUDED,"clean flight, no strip deployed"
S2_PAIR_clean_f004480.jpg,S2_PAIR_clean,rc_car,,,-30.0,NOT_OCCLUDED,"clean flight, no strip deployed"
S2_PAIR_clean_f004487.jpg,S2_PAIR_clean,rc_car,,,-30.0,NOT_OCCLUDED,"clean flight, no strip deployed"
S2_PAIR_clean_f004494.jpg,S2_PAIR_clean,rc_car,,,-29.0,NOT_OCCLUDED,"clean flight, no strip deployed"
S2_PAIR_clean_f004501.jpg,S2_PAIR_clean,rc_car,,,-29.0,NOT_OCCLUDED,"clean flight, no strip deployed"
S2_PAIR_clean_f004508.jpg,S2_PAIR_clean,rc_car,,,-29.0,NOT_OCCLUDED,"clean flight, no strip deployed"
S2_PAIR_clean_f004515.jpg,S2_PAIR_clean,rc_car,,,-29.0,NOT_OCCLUDED,"clean flight, no strip deployed"
S2_PAIR_clean_f004522.jpg,S2_PAIR_clean,rc_car,,,-30.0,NOT_OCCLUDED,"clean flight, no strip deployed"
S2_PAIR_clean_f004529.jpg,S2_PAIR_clean,rc_car,,,-29.0,NOT_OCCLUDED,"clean flight, no strip deployed"
S2_PAIR_clean_f004536.jpg,S2_PAIR_clean,rc_car,,,-29.0,NOT_OCCLUDED,"clean flight, no strip deployed"
S2_PAIR_clean_f004543.jpg,S2_PAIR_clean,rc_car,,,-30.0,NOT_OCCLUDED,"clean flight, no strip deployed"
S2_PAIR_clean_recovered_f000105.jpg,S2_PAIR_clean_recovered,rc_car,,,0.0,NOT_OCCLUDED,"clean flight, no strip deployed"
