image,flight_key,frame_idx,n_boxes,classes,quality_flag,manifest_quality,review_provenance,occ_deployed_pct
S3_A_hoverpairs_f000000.jpg,S3_A_hoverpairs,0,3,atv_sherp+rc_car+truck_peterbilt,ok,ok,human_confirmed,
S3_A_hoverpairs_f000006.jpg,S3_A_hoverpairs,6,3,atv_sherp+rc_car+truck_peterbilt,ok,ok,human_confirmed,
S3_A_hoverpairs_f000012.jpg,S3_A_hoverpairs,12,3,atv_sherp+rc_car+truck_peterbilt,ok,ok,human_confirmed,
S3_A_hoverpairs_f000018.jpg,S3_A_hoverpairs,18,3,atv_sherp+rc_car+truck_peterbilt,ok,ok,human_confirmed,
S3_A_hoverpairs_f000024.jpg,S3_A_hoverpairs,24,3,atv_sherp+rc_car+truck_peterbilt,ok,ok,human_confirmed,
S3_A_hoverpairs_f000030.jpg,S3_A_hoverpairs,30,3,atv_sherp+rc_car+truck_peterbilt,ok,ok,human_confirmed,
S3_A_hoverpairs_f000036.jpg,S3_A_hoverpairs,36,3,atv_sherp+rc_car+truck_peterbilt,ok,ok,human_confirmed,
S3_A_hoverpairs_f000042.jpg,S3_A_hoverpairs,42,3,atv_sherp+rc_car+truck_peterbilt,ok,ok,human_confirmed,
S3_A_hoverpairs_f000048.jpg,S3_A_hoverpairs,48,3,atv_sherp+rc_car+truck_peterbilt,ok,ok,human_confirmed,
S3_A_hoverpairs_f000054.jpg,S3_A_hoverpairs,54,3,atv_sherp+rc_car+truck_peterbilt,ok,ok,human_confirmed,
S3_A_hoverpairs_f000060.jpg,S3_A_hoverpairs,60,3,atv_sherp+rc_car+truck_peterbilt,ok,ok,human_confirmed,
S3_A_hoverpairs_f000066.jpg,S3_A_hoverpairs,66,3,atv_sherp+rc_car+truck_peterbilt,ok,ok,human_confirmed,
S3_A_hoverpairs_f000072.jpg,S3_A_hoverpairs,72,3,atv_sherp+rc_car+truck_peterbilt,ok,ok,human_confirmed,
S3_A_hoverpairs_f000078.jpg,S3_A_hoverpairs,78,3,atv_sherp+rc_car+truck_peterbilt,ok,ok,human_confirmed,
S3_A_hoverpairs_f000084.jpg,S3_A_hoverpairs,84,3,atv_sherp+rc_car+truck_peterbilt,ok,ok,human_confirmed,
S3_A_hoverpairs_f000090.jpg,S3_A_hoverpairs,90,3,atv_sherp+rc_car+truck_peterbilt,ok,ok,human_confirmed,
S3_A_hoverpairs_f000096.jpg,S3_A_hoverpairs,96,3,atv_sherp+rc_car+truck_peterbilt,ok,ok,human_confirmed,
S3_A_hoverpairs_f000102.jpg,S3_A_hoverpairs,102,3,atv_sherp+rc_car+truck_peterbilt,ok,ok,human_confirmed,
S3_A_hoverpairs_f000108.jpg,S3_A_hoverpairs,108,3,atv_sherp+rc_car+truck_peterbilt,ok,ok,human_confirmed,
S3_A_hoverpairs_f000114.jpg,S3_A_hoverpairs,114,3,atv_sherp+rc_car+truck_peterbilt,ok,ok,human_confirmed,
S3_A_hoverpairs_f000120.jpg,S3_A_hoverpairs,120,3,atv_sherp+rc_car+truck_peterbilt,ok,ok,human_confirmed,
S3_A_hoverpairs_f000126.jpg,S3_A_hoverpairs,126,3,atv_sherp+rc_car+truck_peterbilt,ok,ok,human_confirmed,
S3_A_hoverpairs_f000132.jpg,S3_A_hoverpairs,132,3,atv_sherp+rc_car+truck_peterbilt,ok,ok,human_confirmed,
S3_A_hoverpairs_f000138.jpg,S3_A_hoverpairs,138,3,atv_sherp+rc_car+truck_peterbilt,ok,ok,human_confirmed,
S3_A_hoverpairs_f000144.jpg,S3_A_hoverpairs,144,3,atv_sherp+rc_car+truck_peterbilt,ok,ok,human_confirmed,
S3_A_hoverpairs_f000150.jpg,S3_A_hoverpairs,150,3,atv_sherp+rc_car+truck_peterbilt,ok,ok,human_confirmed,
S3_A_hoverpairs_f000156.jpg,S3_A_hoverpairs,156,3,atv_sherp+rc_car+truck_peterbilt,ok,ok,human_confirmed,
S3_A_hoverpairs_f000162.jpg,S3_A_hoverpairs,162,3,atv_sherp+rc_car+truck_peterbilt,ok,ok,human_confirmed,
S3_A_hoverpairs_f000168.jpg,S3_A_hoverpairs,168,3,atv_sherp+rc_car+truck_peterbilt,ok,ok,human_confirmed,
S3_A_hoverpairs_f000174.jpg,S3_A_hoverpairs,174,3,atv_sherp+rc_car+truck_peterbilt,ok,ok,human_confirmed,
S3_A_hoverpairs_f000180.jpg,S3_A_hoverpairs,180,3,atv_sherp+rc_car+truck_peterbilt,ok,ok,human_confirmed,
S3_A_hoverpairs_f000186.jpg,S3_A_hoverpairs,186,3,atv_sherp+rc_car+truck_peterbilt,ok,ok,human_confirmed,
S3_A_hoverpairs_f000192.jpg,S3_A_hoverpairs,192,3,atv_sherp+rc_car+truck_peterbilt,ok,ok,human_confirmed,
S3_A_hoverpairs_f000198.jpg,S3_A_hoverpairs,198,3,atv_sherp+rc_car+truck_peterbilt,ok,ok,human_confirmed,
S3_A_hoverpairs_f000204.jpg,S3_A_hoverpairs,204,3,atv_sherp+rc_car+truck_peterbilt,ok,ok,human_confirmed,
S3_A_hoverpairs_f000210.jpg,S3_A_hoverpairs,210,3,atv_sherp+rc_car+truck_peterbilt,ok,ok,human_confirmed,
S3_A_hoverpairs_f000216.jpg,S3_A_hoverpairs,216,3,atv_sherp+rc_car+truck_peterbilt,ok,ok,human_confirmed,
S3_A_hoverpairs_f000222.jpg,S3_A_hoverpairs,222,3,atv_sherp+rc_car+truck_peterbilt,ok,ok,human_confirmed,
S3_A_hoverpairs_f000228.jpg,S3_A_hoverpairs,228,3,atv_sherp+rc_car+truck_peterbilt,ok,ok,human_confirmed,
S3_A_hoverpairs_f000234.jpg,S3_A_hoverpairs,234,3,atv_sherp+rc_car+truck_peterbilt,ok,ok,human_confirmed,
S3_A_hoverpairs_f000240.jpg,S3_A_hoverpairs,240,3,atv_sherp+rc_car+truck_peterbilt,ok,ok,human_confirmed,
S3_A_hoverpairs_f000246.jpg,S3_A_hoverpairs,246,3,atv_sherp+rc_car+truck_peterbilt,ok,ok,human_confirmed,
S3_A_hoverpairs_f000252.jpg,S3_A_hoverpairs,252,3,atv_sherp+rc_car+truck_peterbilt,ok,ok,human_confirmed,
S3_A_hoverpairs_f000258.jpg,S3_A_hoverpairs,258,3,atv_sherp+rc_car+truck_peterbilt,ok,ok,human_confirmed,
S3_A_hoverpairs_f000264.jpg,S3_A_hoverpairs,264,3,atv_sherp+rc_car+truck_peterbilt,ok,ok,human_confirmed,
S3_A_hoverpairs_f000270.jpg,S3_A_hoverpairs,270,3,atv_sherp+rc_car+truck_peterbilt,ok,ok,human_confirmed,
S3_A_hoverpairs_f000276.jpg,S3_A_hoverpairs,276,3,atv_sherp+rc_car+truck_peterbilt,ok,ok,human_confirmed,
S3_A_hoverpairs_f000282.jpg,S3_A_hoverpairs,282,3,atv_sherp+rc_car+truck_peterbilt,ok,ok,human_confirmed,
S3_A_hoverpairs_f000288.jpg,S3_A_hoverpairs,288,3,atv_sherp+rc_car+truck_peterbilt,ok,ok,human_confirmed,
S3_A_hoverpairs_f000294.jpg,S3_A_hoverpairs,294,3,atv_sherp+rc_car+truck_peterbilt,ok,ok,human_confirmed,
S3_A_hoverpairs_f000300.jpg,S3_A_hoverpairs,300,3,atv_sherp+rc_car+truck_peterbilt,ok,ok,human_confirmed,
S3_A_hoverpairs_f000306.jpg,S3_A_hoverpairs,306,3,atv_sherp+rc_car+truck_peterbilt,ok,ok,human_confirmed,
S3_A_hoverpairs_f000312.jpg,S3_A_hoverpairs,312,3,atv_sherp+rc_car+truck_peterbilt,ok,ok,human_confirmed,
S3_A_hoverpairs_f000318.jpg,S3_A_hoverpairs,318,3,atv_sherp+rc_car+truck_peterbilt,ok,ok,human_confirmed,
S3_A_hoverpairs_f000324.jpg,S3_A_hoverpairs,324,3,atv_sherp+rc_car+truck_peterbilt,ok,ok,human_confirmed,
S3_A_hoverpairs_f000330.jpg,S3_A_hoverpairs,330,3,atv_sherp+rc_car+truck_peterbilt,ok,ok,human_confirmed,
S3_A_hoverpairs_f000336.jpg,S3_A_hoverpairs,336,3,atv_sherp+rc_car+truck_peterbilt,ok,ok,human_confirmed,
S3_A_hoverpairs_f000342.jpg,S3_A_hoverpairs,342,3,atv_sherp+rc_car+truck_peterbilt,ok,ok,human_confirmed,
S3_A_hoverpairs_f000348.jpg,S3_A_hoverpairs,348,3,atv_sherp+rc_car+truck_peterbilt,ok,ok,human_confirmed,
S3_A_hoverpairs_f000354.jpg,S3_A_hoverpairs,354,3,atv_sherp+rc_car+truck_peterbilt,ok,ok,human_confirmed,
S3_A_hoverpairs_f000360.jpg,S3_A_hoverpairs,360,3,atv_sherp+rc_car+truck_peterbilt,ok,ok,human_confirmed,
S3_A_hoverpairs_f000366.jpg,S3_A_hoverpairs,366,3,atv_sherp+rc_car+truck_peterbilt,ok,ok,human_confirmed,
S3_A_hoverpairs_f000372.jpg,S3_A_hoverpairs,372,3,atv_sherp+rc_car+truck_peterbilt,ok,ok,human_confirmed,
S3_A_hoverpairs_f000378.jpg,S3_A_hoverpairs,378,3,atv_sherp+rc_car+truck_peterbilt,ok,ok,human_confirmed,
S3_A_hoverpairs_f000384.jpg,S3_A_hoverpairs,384,3,atv_sherp+rc_car+truck_peterbilt,ok,ok,human_confirmed,
S3_A_hoverpairs_f000390.jpg,S3_A_hoverpairs,390,3,atv_sherp+rc_car+truck_peterbilt,ok,ok,human_confirmed,
S3_A_hoverpairs_f000396.jpg,S3_A_hoverpairs,396,3,atv_sherp+rc_car+truck_peterbilt,ok,ok,human_confirmed,
S3_A_hoverpairs_f000402.jpg,S3_A_hoverpairs,402,3,atv_sherp+rc_car+truck_peterbilt,ok,ok,human_confirmed,
S3_A_hoverpairs_f000408.jpg,S3_A_hoverpairs,408,3,atv_sherp+rc_car+truck_peterbilt,ok,ok,human_confirmed,
S3_A_hoverpairs_f000414.jpg,S3_A_hoverpairs,414,0,none,bad_frame,ok,human_confirmed,
S3_A_hoverpairs_f000420.jpg,S3_A_hoverpairs,420,0,none,bad_frame,ok,human_confirmed,
S3_A_hoverpairs_f000426.jpg,S3_A_hoverpairs,426,0,none,bad_frame,ok,human_confirmed,
S3_A_hoverpairs_f000432.jpg,S3_A_hoverpairs,432,3,atv_sherp+rc_car+truck_peterbilt,ok,ok,human_confirmed,
S3_A_hoverpairs_f000438.jpg,S3_A_hoverpairs,438,3,atv_sherp+rc_car+truck_peterbilt,ok,ok,human_confirmed,
S3_A_hoverpairs_f000444.jpg,S3_A_hoverpairs,444,3,atv_sherp+rc_car+truck_peterbilt,ok,ok,human_confirmed,
S3_A_hoverpairs_f000450.jpg,S3_A_hoverpairs,450,3,atv_sherp+rc_car+truck_peterbilt,ok,ok,human_confirmed,
S3_A_hoverpairs_f000456.jpg,S3_A_hoverpairs,456,3,atv_sherp+rc_car+truck_peterbilt,ok,ok,human_confirmed,
S3_A_hoverpairs_f000462.jpg,S3_A_hoverpairs,462,3,atv_sherp+rc_car+truck_peterbilt,ok,ok,human_confirmed,
S3_A_hoverpairs_f000468.jpg,S3_A_hoverpairs,468,3,atv_sherp+rc_car+truck_peterbilt,ok,ok,human_confirmed,
S3_A_hoverpairs_f000474.jpg,S3_A_hoverpairs,474,3,atv_sherp+rc_car+truck_peterbilt,ok,ok,human_confirmed,
S3_A_hoverpairs_f000480.jpg,S3_A_hoverpairs,480,3,atv_sherp+rc_car+truck_peterbilt,ok,ok,human_confirmed,
S3_A_hoverpairs_f000486.jpg,S3_A_hoverpairs,486,3,atv_sherp+rc_car+truck_peterbilt,ok,ok,human_confirmed,
S3_A_hoverpairs_f000492.jpg,S3_A_hoverpairs,492,3,atv_sherp+rc_car+truck_peterbilt,ok,ok,human_confirmed,
S3_A_hoverpairs_f000498.jpg,S3_A_hoverpairs,498,3,atv_sherp+rc_car+truck_peterbilt,ok,ok,human_confirmed,
S3_A_hoverpairs_f000504.jpg,S3_A_hoverpairs,504,3,atv_sherp+rc_car+truck_peterbilt,ok,ok,human_confirmed,
S3_A_hoverpairs_f000510.jpg,S3_A_hoverpairs,510,3,atv_sherp+rc_car+truck_peterbilt,ok,ok,human_confirmed,
S3_A_hoverpairs_f000516.jpg,S3_A_hoverpairs,516,3,atv_sherp+rc_car+truck_peterbilt,ok,ok,human_confirmed,
S3_A_hoverpairs_f000522.jpg,S3_A_hoverpairs,522,3,atv_sherp+rc_car+truck_peterbilt,ok,ok,human_confirmed,
S3_A_hoverpairs_f000528.jpg,S3_A_hoverpairs,528,3,atv_sherp+rc_car+truck_peterbilt,ok,ok,human_confirmed,
S3_A_hoverpairs_f000534.jpg,S3_A_hoverpairs,534,3,atv_sherp+rc_car+truck_peterbilt,ok,ok,human_confirmed,
S3_A_hoverpairs_f000540.jpg,S3_A_hoverpairs,540,3,atv_sherp+rc_car+truck_peterbilt,ok,ok,human_confirmed,
S3_A_hoverpairs_f000546.jpg,S3_A_hoverpairs,546,3,atv_sherp+rc_car+truck_peterbilt,ok,ok,human_confirmed,
S3_A_hoverpairs_f000552.jpg,S3_A_hoverpairs,552,3,atv_sherp+rc_car+truck_peterbilt,ok,ok,human_confirmed,
S3_A_hoverpairs_f000558.jpg,S3_A_hoverpairs,558,3,atv_sherp+rc_car+truck_peterbilt,ok,ok,human_confirmed,
S3_A_hoverpairs_f000564.jpg,S3_A_hoverpairs,564,3,atv_sherp+rc_car+truck_peterbilt,ok,ok,human_confirmed,
S3_A_hoverpairs_f000570.jpg,S3_A_hoverpairs,570,3,atv_sherp+rc_car+truck_peterbilt,ok,ok,human_confirmed,
S3_A_hoverpairs_f000576.jpg,S3_A_hoverpairs,576,3,atv_sherp+rc_car+truck_peterbilt,ok,ok,human_confirmed,
S3_A_hoverpairs_f000582.jpg,S3_A_hoverpairs,582,3,atv_sherp+rc_car+truck_peterbilt,ok,ok,human_confirmed,
S3_A_hoverpairs_f000588.jpg,S3_A_hoverpairs,588,3,atv_sherp+rc_car+truck_peterbilt,ok,ok,human_confirmed,
S3_A_hoverpairs_f000594.jpg,S3_A_hoverpairs,594,3,atv_sherp+rc_car+truck_peterbilt,ok,ok,human_confirmed,
S3_A_hoverpairs_f000600.jpg,S3_A_hoverpairs,600,3,atv_sherp+rc_car+truck_peterbilt,ok,ok,human_confirmed,
S3_A_hoverpairs_f000606.jpg,S3_A_hoverpairs,606,3,atv_sherp+rc_car+truck_peterbilt,ok,ok,human_confirmed,
S3_A_hoverpairs_f000612.jpg,S3_A_hoverpairs,612,3,atv_sherp+rc_car+truck_peterbilt,ok,ok,human_confirmed,
S3_A_hoverpairs_f000618.jpg,S3_A_hoverpairs,618,3,atv_sherp+rc_car+truck_peterbilt,ok,ok,human_confirmed,
S3_A_hoverpairs_f000624.jpg,S3_A_hoverpairs,624,3,atv_sherp+rc_car+truck_peterbilt,ok,ok,human_confirmed,
S3_A_hoverpairs_f000630.jpg,S3_A_hoverpairs,630,3,atv_sherp+rc_car+truck_peterbilt,ok,ok,human_confirmed,
S3_A_hoverpairs_f000636.jpg,S3_A_hoverpairs,636,3,atv_sherp+rc_car+truck_peterbilt,ok,ok,human_confirmed,
S3_A_hoverpairs_f000642.jpg,S3_A_hoverpairs,642,3,atv_sherp+rc_car+truck_peterbilt,ok,ok,human_confirmed,
S3_A_hoverpairs_f000648.jpg,S3_A_hoverpairs,648,3,atv_sherp+rc_car+truck_peterbilt,ok,ok,human_confirmed,
S3_A_hoverpairs_f000654.jpg,S3_A_hoverpairs,654,3,atv_sherp+rc_car+truck_peterbilt,ok,ok,human_confirmed,
S3_A_hoverpairs_f000660.jpg,S3_A_hoverpairs,660,3,atv_sherp+rc_car+truck_peterbilt,ok,ok,human_confirmed,
S3_A_hoverpairs_f000666.jpg,S3_A_hoverpairs,666,3,atv_sherp+rc_car+truck_peterbilt,ok,ok,human_confirmed,
S3_A_hoverpairs_f000672.jpg,S3_A_hoverpairs,672,3,atv_sherp+rc_car+truck_peterbilt,ok,ok,human_confirmed,
S3_A_hoverpairs_f000678.jpg,S3_A_hoverpairs,678,3,atv_sherp+rc_car+truck_peterbilt,ok,ok,human_confirmed,
S3_A_hoverpairs_f000684.jpg,S3_A_hoverpairs,684,3,atv_sherp+rc_car+truck_peterbilt,ok,ok,human_confirmed,
S3_A_hoverpairs_f000690.jpg,S3_A_hoverpairs,690,3,atv_sherp+rc_car+truck_peterbilt,ok,ok,human_confirmed,
S3_A_hoverpairs_f000696.jpg,S3_A_hoverpairs,696,3,atv_sherp+rc_car+truck_peterbilt,ok,ok,human_confirmed,
S3_A_hoverpairs_f000702.jpg,S3_A_hoverpairs,702,3,atv_sherp+rc_car+truck_peterbilt,ok,ok,human_confirmed,
S3_A_hoverpairs_f000708.jpg,S3_A_hoverpairs,708,3,atv_sherp+rc_car+truck_peterbilt,ok,ok,human_confirmed,
S3_A_hoverpairs_f000714.jpg,S3_A_hoverpairs,714,3,atv_sherp+rc_car+truck_peterbilt,ok,ok,human_confirmed,
S3_A_hoverpairs_f000720.jpg,S3_A_hoverpairs,720,3,atv_sherp+rc_car+truck_peterbilt,ok,ok,human_confirmed,
S3_A_hoverpairs_f000726.jpg,S3_A_hoverpairs,726,3,atv_sherp+rc_car+truck_peterbilt,ok,ok,human_confirmed,
S3_A_hoverpairs_f000732.jpg,S3_A_hoverpairs,732,3,atv_sherp+rc_car+truck_peterbilt,ok,ok,human_confirmed,
S3_A_hoverpairs_f000738.jpg,S3_A_hoverpairs,738,3,atv_sherp+rc_car+truck_peterbilt,ok,ok,human_confirmed,
S3_A_hoverpairs_f000744.jpg,S3_A_hoverpairs,744,3,atv_sherp+rc_car+truck_peterbilt,ok,ok,human_confirmed,
S3_A_hoverpairs_f000750.jpg,S3_A_hoverpairs,750,3,atv_sherp+rc_car+truck_peterbilt,ok,ok,human_confirmed,
S3_A_hoverpairs_f000756.jpg,S3_A_hoverpairs,756,3,atv_sherp+rc_car+truck_peterbilt,ok,ok,human_confirmed,
S3_A_hoverpairs_f000762.jpg,S3_A_hoverpairs,762,3,atv_sherp+rc_car+truck_peterbilt,ok,ok,human_confirmed,
S3_A_hoverpairs_f000768.jpg,S3_A_hoverpairs,768,3,atv_sherp+rc_car+truck_peterbilt,ok,ok,human_confirmed,
S3_A_hoverpairs_f000774.jpg,S3_A_hoverpairs,774,3,atv_sherp+rc_car+truck_peterbilt,ok,ok,human_confirmed,
S3_A_hoverpairs_f000780.jpg,S3_A_hoverpairs,780,3,atv_sherp+rc_car+truck_peterbilt,ok,ok,human_confirmed,
S3_A_hoverpairs_f000786.jpg,S3_A_hoverpairs,786,3,atv_sherp+rc_car+truck_peterbilt,ok,ok,human_confirmed,
S3_A_hoverpairs_f000792.jpg,S3_A_hoverpairs,792,3,atv_sherp+rc_car+truck_peterbilt,ok,ok,human_confirmed,
S3_A_hoverpairs_f000798.jpg,S3_A_hoverpairs,798,3,atv_sherp+rc_car+truck_peterbilt,ok,ok,human_confirmed,
S3_A_hoverpairs_f000804.jpg,S3_A_hoverpairs,804,3,atv_sherp+rc_car+truck_peterbilt,ok,ok,human_confirmed,
S3_A_hoverpairs_f000810.jpg,S3_A_hoverpairs,810,3,atv_sherp+rc_car+truck_peterbilt,ok,ok,human_confirmed,
S3_A_hoverpairs_f000816.jpg,S3_A_hoverpairs,816,3,atv_sherp+rc_car+truck_peterbilt,ok,ok,human_confirmed,
S3_A_hoverpairs_f000822.jpg,S3_A_hoverpairs,822,3,atv_sherp+rc_car+truck_peterbilt,ok,ok,human_confirmed,
S3_A_hoverpairs_f000828.jpg,S3_A_hoverpairs,828,3,atv_sherp+rc_car+truck_peterbilt,ok,ok,human_confirmed,
S3_A_hoverpairs_f000834.jpg,S3_A_hoverpairs,834,3,atv_sherp+rc_car+truck_peterbilt,ok,ok,human_confirmed,
S3_A_hoverpairs_f000840.jpg,S3_A_hoverpairs,840,3,atv_sherp+rc_car+truck_peterbilt,ok,ok,human_confirmed,
S3_A_hoverpairs_f000846.jpg,S3_A_hoverpairs,846,3,atv_sherp+rc_car+truck_peterbilt,ok,ok,human_confirmed,
S3_A_hoverpairs_f000852.jpg,S3_A_hoverpairs,852,3,atv_sherp+rc_car+truck_peterbilt,ok,ok,human_confirmed,
S3_A_hoverpairs_f000858.jpg,S3_A_hoverpairs,858,3,atv_sherp+rc_car+truck_peterbilt,ok,ok,human_confirmed,
S3_A_hoverpairs_f000864.jpg,S3_A_hoverpairs,864,3,atv_sherp+rc_car+truck_peterbilt,ok,ok,human_confirmed,
S3_A_hoverpairs_f000870.jpg,S3_A_hoverpairs,870,3,atv_sherp+rc_car+truck_peterbilt,ok,ok,human_confirmed,
S3_A_hoverpairs_f000876.jpg,S3_A_hoverpairs,876,3,atv_sherp+rc_car+truck_peterbilt,ok,ok,human_confirmed,
S3_A_hoverpairs_f000882.jpg,S3_A_hoverpairs,882,3,atv_sherp+rc_car+truck_peterbilt,ok,ok,human_confirmed,
S3_A_hoverpairs_f000888.jpg,S3_A_hoverpairs,888,3,atv_sherp+rc_car+truck_peterbilt,ok,ok,human_confirmed,
S3_A_hoverpairs_f000894.jpg,S3_A_hoverpairs,894,3,atv_sherp+rc_car+truck_peterbilt,ok,ok,human_confirmed,
S3_A_hoverpairs_f000900.jpg,S3_A_hoverpairs,900,3,atv_sherp+rc_car+truck_peterbilt,ok,ok,human_confirmed,
S3_A_hoverpairs_f000906.jpg,S3_A_hoverpairs,906,3,atv_sherp+rc_car+truck_peterbilt,ok,ok,human_confirmed,
S3_A_hoverpairs_f000912.jpg,S3_A_hoverpairs,912,3,atv_sherp+rc_car+truck_peterbilt,ok,ok,human_confirmed,
S3_A_hoverpairs_f000918.jpg,S3_A_hoverpairs,918,3,atv_sherp+rc_car+truck_peterbilt,ok,ok,human_confirmed,
S3_A_hoverpairs_f000924.jpg,S3_A_hoverpairs,924,3,atv_sherp+rc_car+truck_peterbilt,ok,ok,human_confirmed,
S3_A_hoverpairs_f000930.jpg,S3_A_hoverpairs,930,3,atv_sherp+rc_car+truck_peterbilt,ok,ok,human_confirmed,
S3_A_hoverpairs_f000936.jpg,S3_A_hoverpairs,936,3,atv_sherp+rc_car+truck_peterbilt,ok,ok,human_confirmed,
S3_A_hoverpairs_f000942.jpg,S3_A_hoverpairs,942,3,atv_sherp+rc_car+truck_peterbilt,ok,ok,human_confirmed,
S3_A_hoverpairs_f000948.jpg,S3_A_hoverpairs,948,3,atv_sherp+rc_car+truck_peterbilt,ok,ok,human_confirmed,
S3_A_hoverpairs_f000954.jpg,S3_A_hoverpairs,954,3,atv_sherp+rc_car+truck_peterbilt,ok,ok,human_confirmed,
S3_A_hoverpairs_f000960.jpg,S3_A_hoverpairs,960,3,atv_sherp+rc_car+truck_peterbilt,ok,ok,human_confirmed,
S3_A_hoverpairs_f000966.jpg,S3_A_hoverpairs,966,3,atv_sherp+rc_car+truck_peterbilt,ok,ok,human_confirmed,0
S3_A_hoverpairs_f000972.jpg,S3_A_hoverpairs,972,3,atv_sherp+rc_car+truck_peterbilt,ok,ok,human_confirmed,0
S3_A_hoverpairs_f000978.jpg,S3_A_hoverpairs,978,3,atv_sherp+rc_car+truck_peterbilt,ok,ok,human_confirmed,0
S3_A_hoverpairs_f000984.jpg,S3_A_hoverpairs,984,3,atv_sherp+rc_car+truck_peterbilt,ok,ok,human_confirmed,0
S3_A_hoverpairs_f000990.jpg,S3_A_hoverpairs,990,3,atv_sherp+rc_car+truck_peterbilt,ok,ok,human_confirmed,0
S3_A_hoverpairs_f000996.jpg,S3_A_hoverpairs,996,3,atv_sherp+rc_car+truck_peterbilt,ok,ok,human_confirmed,0
S3_A_hoverpairs_f001002.jpg,S3_A_hoverpairs,1002,3,atv_sherp+rc_car+truck_peterbilt,ok,ok,human_confirmed,0
S3_A_hoverpairs_f001008.jpg,S3_A_hoverpairs,1008,3,atv_sherp+rc_car+truck_peterbilt,ok,ok,human_confirmed,0
S3_A_hoverpairs_f001014.jpg,S3_A_hoverpairs,1014,3,atv_sherp+rc_car+truck_peterbilt,ok,ok,human_confirmed,0
S3_A_hoverpairs_f001020.jpg,S3_A_hoverpairs,1020,3,atv_sherp+rc_car+truck_peterbilt,ok,ok,human_confirmed,0
S3_A_hoverpairs_f001026.jpg,S3_A_hoverpairs,1026,3,atv_sherp+rc_car+truck_peterbilt,ok,ok,human_confirmed,0
S3_A_hoverpairs_f001032.jpg,S3_A_hoverpairs,1032,3,atv_sherp+rc_car+truck_peterbilt,ok,ok,human_confirmed,
S3_A_hoverpairs_f001038.jpg,S3_A_hoverpairs,1038,3,atv_sherp+rc_car+truck_peterbilt,ok,ok,human_confirmed,
S3_A_hoverpairs_f001044.jpg,S3_A_hoverpairs,1044,3,atv_sherp+rc_car+truck_peterbilt,ok,ok,human_confirmed,
S3_A_hoverpairs_f001050.jpg,S3_A_hoverpairs,1050,3,atv_sherp+rc_car+truck_peterbilt,ok,ok,human_confirmed,
S3_A_hoverpairs_f001056.jpg,S3_A_hoverpairs,1056,3,atv_sherp+rc_car+truck_peterbilt,ok,ok,human_confirmed,
S3_A_hoverpairs_f001062.jpg,S3_A_hoverpairs,1062,3,atv_sherp+rc_car+truck_peterbilt,ok,ok,human_confirmed,
S3_A_hoverpairs_f001068.jpg,S3_A_hoverpairs,1068,3,atv_sherp+rc_car+truck_peterbilt,ok,ok,human_confirmed,
S3_A_hoverpairs_f001074.jpg,S3_A_hoverpairs,1074,3,atv_sherp+rc_car+truck_peterbilt,ok,ok,human_confirmed,
S3_A_hoverpairs_f001080.jpg,S3_A_hoverpairs,1080,3,atv_sherp+rc_car+truck_peterbilt,ok,ok,human_confirmed,
S3_A_hoverpairs_f001086.jpg,S3_A_hoverpairs,1086,3,atv_sherp+rc_car+truck_peterbilt,ok,ok,human_confirmed,
S3_A_hoverpairs_f001092.jpg,S3_A_hoverpairs,1092,3,atv_sherp+rc_car+truck_peterbilt,ok,ok,human_confirmed,0
S3_A_hoverpairs_f001098.jpg,S3_A_hoverpairs,1098,3,atv_sherp+rc_car+truck_peterbilt,ok,ok,human_confirmed,0
S3_A_hoverpairs_f001104.jpg,S3_A_hoverpairs,1104,3,atv_sherp+rc_car+truck_peterbilt,ok,ok,human_confirmed,0
S3_A_hoverpairs_f001110.jpg,S3_A_hoverpairs,1110,3,atv_sherp+rc_car+truck_peterbilt,ok,ok,human_confirmed,0
S3_A_hoverpairs_f001116.jpg,S3_A_hoverpairs,1116,3,atv_sherp+rc_car+truck_peterbilt,ok,ok,human_confirmed,0
S3_A_hoverpairs_f001122.jpg,S3_A_hoverpairs,1122,3,atv_sherp+rc_car+truck_peterbilt,ok,ok,human_confirmed,0
S3_A_hoverpairs_f001128.jpg,S3_A_hoverpairs,1128,3,atv_sherp+rc_car+truck_peterbilt,ok,ok,human_confirmed,0
S3_A_hoverpairs_f001134.jpg,S3_A_hoverpairs,1134,3,atv_sherp+rc_car+truck_peterbilt,ok,ok,human_confirmed,0
S3_A_hoverpairs_f001140.jpg,S3_A_hoverpairs,1140,3,atv_sherp+rc_car+truck_peterbilt,ok,ok,human_confirmed,0
S3_A_hoverpairs_f001146.jpg,S3_A_hoverpairs,1146,3,atv_sherp+rc_car+truck_peterbilt,ok,ok,human_confirmed,0
S3_A_hoverpairs_f001152.jpg,S3_A_hoverpairs,1152,3,atv_sherp+rc_car+truck_peterbilt,ok,ok,human_confirmed,0
S3_A_hoverpairs_f001158.jpg,S3_A_hoverpairs,1158,3,atv_sherp+rc_car+truck_peterbilt,ok,ok,human_confirmed,0
S3_A_hoverpairs_f001164.jpg,S3_A_hoverpairs,1164,3,atv_sherp+rc_car+truck_peterbilt,ok,ok,human_confirmed,0
S3_A_hoverpairs_f001170.jpg,S3_A_hoverpairs,1170,3,atv_sherp+rc_car+truck_peterbilt,ok,ok,human_confirmed,0
S3_A_hoverpairs_f001176.jpg,S3_A_hoverpairs,1176,3,atv_sherp+rc_car+truck_peterbilt,ok,ok,human_confirmed,0
S3_A_hoverpairs_f001182.jpg,S3_A_hoverpairs,1182,3,atv_sherp+rc_car+truck_peterbilt,ok,ok,human_confirmed,0
S3_A_hoverpairs_f001188.jpg,S3_A_hoverpairs,1188,3,atv_sherp+rc_car+truck_peterbilt,ok,ok,human_confirmed,0
S3_A_hoverpairs_f001194.jpg,S3_A_hoverpairs,1194,3,atv_sherp+rc_car+truck_peterbilt,ok,ok,human_confirmed,0
S3_A_hoverpairs_f001200.jpg,S3_A_hoverpairs,1200,3,atv_sherp+rc_car+truck_peterbilt,ok,ok,human_confirmed,0
S3_A_hoverpairs_f001206.jpg,S3_A_hoverpairs,1206,3,atv_sherp+rc_car+truck_peterbilt,ok,ok,human_confirmed,
S3_A_hoverpairs_f001212.jpg,S3_A_hoverpairs,1212,3,atv_sherp+rc_car+truck_peterbilt,ok,ok,human_confirmed,
S3_A_hoverpairs_f001218.jpg,S3_A_hoverpairs,1218,3,atv_sherp+rc_car+truck_peterbilt,ok,ok,human_confirmed,
S3_A_hoverpairs_f001224.jpg,S3_A_hoverpairs,1224,3,atv_sherp+rc_car+truck_peterbilt,ok,ok,human_confirmed,
S3_A_hoverpairs_f001230.jpg,S3_A_hoverpairs,1230,3,atv_sherp+rc_car+truck_peterbilt,ok,ok,human_confirmed,
S3_A_hoverpairs_f001236.jpg,S3_A_hoverpairs,1236,3,atv_sherp+rc_car+truck_peterbilt,ok,ok,human_confirmed,
S3_A_hoverpairs_f001242.jpg,S3_A_hoverpairs,1242,3,atv_sherp+rc_car+truck_peterbilt,ok,ok,human_confirmed,
S3_A_hoverpairs_f001248.jpg,S3_A_hoverpairs,1248,3,atv_sherp+rc_car+truck_peterbilt,ok,ok,human_confirmed,
S3_A_hoverpairs_f001254.jpg,S3_A_hoverpairs,1254,3,atv_sherp+rc_car+truck_peterbilt,ok,ok,human_confirmed,
S3_A_hoverpairs_f001260.jpg,S3_A_hoverpairs,1260,3,atv_sherp+rc_car+truck_peterbilt,ok,ok,human_confirmed,
S3_A_hoverpairs_f001266.jpg,S3_A_hoverpairs,1266,3,atv_sherp+rc_car+truck_peterbilt,ok,ok,human_confirmed,
S3_A_hoverpairs_f001272.jpg,S3_A_hoverpairs,1272,3,atv_sherp+rc_car+truck_peterbilt,ok,ok,human_confirmed,
S3_A_hoverpairs_f001278.jpg,S3_A_hoverpairs,1278,3,atv_sherp+rc_car+truck_peterbilt,ok,ok,human_confirmed,
S3_A_hoverpairs_f001284.jpg,S3_A_hoverpairs,1284,3,atv_sherp+rc_car+truck_peterbilt,ok,ok,human_confirmed,
S3_A_hoverpairs_f001290.jpg,S3_A_hoverpairs,1290,3,atv_sherp+rc_car+truck_peterbilt,ok,ok,human_confirmed,
S3_A_hoverpairs_f001296.jpg,S3_A_hoverpairs,1296,3,atv_sherp+rc_car+truck_peterbilt,ok,ok,human_confirmed,
S3_A_hoverpairs_f001302.jpg,S3_A_hoverpairs,1302,3,atv_sherp+rc_car+truck_peterbilt,ok,ok,human_confirmed,
S3_A_hoverpairs_f001308.jpg,S3_A_hoverpairs,1308,3,atv_sherp+rc_car+truck_peterbilt,ok,ok,human_confirmed,
S3_A_hoverpairs_f001314.jpg,S3_A_hoverpairs,1314,3,atv_sherp+rc_car+truck_peterbilt,ok,ok,human_confirmed,
S3_A_hoverpairs_f001320.jpg,S3_A_hoverpairs,1320,3,atv_sherp+rc_car+truck_peterbilt,ok,ok,human_confirmed,
S3_A_hoverpairs_f001326.jpg,S3_A_hoverpairs,1326,3,atv_sherp+rc_car+truck_peterbilt,ok,ok,human_confirmed,
S3_A_hoverpairs_f001332.jpg,S3_A_hoverpairs,1332,3,atv_sherp+rc_car+truck_peterbilt,ok,ok,human_confirmed,
S3_A_hoverpairs_f001338.jpg,S3_A_hoverpairs,1338,3,atv_sherp+rc_car+truck_peterbilt,ok,ok,human_confirmed,
S3_A_hoverpairs_f001344.jpg,S3_A_hoverpairs,1344,3,atv_sherp+rc_car+truck_peterbilt,ok,ok,human_confirmed,
S3_A_hoverpairs_f001350.jpg,S3_A_hoverpairs,1350,3,atv_sherp+rc_car+truck_peterbilt,ok,ok,human_confirmed,
S3_A_hoverpairs_f001356.jpg,S3_A_hoverpairs,1356,3,atv_sherp+rc_car+truck_peterbilt,ok,ok,human_confirmed,
S3_A_hoverpairs_f001362.jpg,S3_A_hoverpairs,1362,3,atv_sherp+rc_car+truck_peterbilt,ok,ok,human_confirmed,
S3_A_hoverpairs_f001368.jpg,S3_A_hoverpairs,1368,3,atv_sherp+rc_car+truck_peterbilt,ok,ok,human_confirmed,
S3_A_hoverpairs_f001374.jpg,S3_A_hoverpairs,1374,3,atv_sherp+rc_car+truck_peterbilt,ok,ok,human_confirmed,
S3_A_hoverpairs_f001380.jpg,S3_A_hoverpairs,1380,3,atv_sherp+rc_car+truck_peterbilt,ok,ok,human_confirmed,
S3_A_hoverpairs_f001386.jpg,S3_A_hoverpairs,1386,3,atv_sherp+rc_car+truck_peterbilt,ok,ok,human_confirmed,
S3_A_hoverpairs_f001392.jpg,S3_A_hoverpairs,1392,3,atv_sherp+rc_car+truck_peterbilt,ok,ok,human_confirmed,
S3_A_hoverpairs_f001398.jpg,S3_A_hoverpairs,1398,3,atv_sherp+rc_car+truck_peterbilt,ok,ok,human_confirmed,
S3_A_hoverpairs_f001404.jpg,S3_A_hoverpairs,1404,3,atv_sherp+rc_car+truck_peterbilt,ok,ok,human_confirmed,
S3_A_hoverpairs_f001410.jpg,S3_A_hoverpairs,1410,3,atv_sherp+rc_car+truck_peterbilt,ok,ok,human_confirmed,
S3_A_hoverpairs_f001416.jpg,S3_A_hoverpairs,1416,3,atv_sherp+rc_car+truck_peterbilt,ok,ok,human_confirmed,
S3_A_hoverpairs_f001422.jpg,S3_A_hoverpairs,1422,3,atv_sherp+rc_car+truck_peterbilt,ok,ok,human_confirmed,
S3_A_hoverpairs_f001428.jpg,S3_A_hoverpairs,1428,3,atv_sherp+rc_car+truck_peterbilt,ok,ok,human_confirmed,
S3_A_hoverpairs_f001434.jpg,S3_A_hoverpairs,1434,3,atv_sherp+rc_car+truck_peterbilt,ok,ok,human_confirmed,
S3_A_hoverpairs_f001440.jpg,S3_A_hoverpairs,1440,3,atv_sherp+rc_car+truck_peterbilt,ok,ok,human_confirmed,
S3_A_hoverpairs_f001446.jpg,S3_A_hoverpairs,1446,3,atv_sherp+rc_car+truck_peterbilt,ok,ok,human_confirmed,
S3_A_hoverpairs_f001452.jpg,S3_A_hoverpairs,1452,3,atv_sherp+rc_car+truck_peterbilt,ok,ok,human_confirmed,
S3_A_hoverpairs_f001458.jpg,S3_A_hoverpairs,1458,3,atv_sherp+rc_car+truck_peterbilt,ok,ok,human_confirmed,
S3_A_hoverpairs_f001464.jpg,S3_A_hoverpairs,1464,3,atv_sherp+rc_car+truck_peterbilt,ok,ok,human_confirmed,
S3_A_hoverpairs_f001470.jpg,S3_A_hoverpairs,1470,3,atv_sherp+rc_car+truck_peterbilt,ok,ok,human_confirmed,
S3_A_hoverpairs_f001476.jpg,S3_A_hoverpairs,1476,3,atv_sherp+rc_car+truck_peterbilt,ok,ok,human_confirmed,
S3_A_hoverpairs_f001482.jpg,S3_A_hoverpairs,1482,3,atv_sherp+rc_car+truck_peterbilt,ok,ok,human_confirmed,
S3_A_hoverpairs_f001488.jpg,S3_A_hoverpairs,1488,3,atv_sherp+rc_car+truck_peterbilt,ok,ok,human_confirmed,
S3_A_hoverpairs_f001494.jpg,S3_A_hoverpairs,1494,3,atv_sherp+rc_car+truck_peterbilt,ok,ok,human_confirmed,
S3_A_hoverpairs_f001500.jpg,S3_A_hoverpairs,1500,3,atv_sherp+rc_car+truck_peterbilt,ok,ok,human_confirmed,
S3_A_hoverpairs_f001506.jpg,S3_A_hoverpairs,1506,3,atv_sherp+rc_car+truck_peterbilt,ok,ok,human_confirmed,
S3_A_hoverpairs_f001512.jpg,S3_A_hoverpairs,1512,3,atv_sherp+rc_car+truck_peterbilt,ok,ok,human_confirmed,
S3_A_hoverpairs_f001518.jpg,S3_A_hoverpairs,1518,3,atv_sherp+rc_car+truck_peterbilt,ok,ok,human_confirmed,
S3_A_hoverpairs_f001524.jpg,S3_A_hoverpairs,1524,3,atv_sherp+rc_car+truck_peterbilt,ok,ok,human_confirmed,
S3_A_hoverpairs_f001530.jpg,S3_A_hoverpairs,1530,3,atv_sherp+rc_car+truck_peterbilt,ok,ok,human_confirmed,
S3_A_hoverpairs_f001536.jpg,S3_A_hoverpairs,1536,3,atv_sherp+rc_car+truck_peterbilt,ok,ok,human_confirmed,
S3_A_hoverpairs_f001542.jpg,S3_A_hoverpairs,1542,3,atv_sherp+rc_car+truck_peterbilt,ok,ok,human_confirmed,
S3_A_hoverpairs_f001548.jpg,S3_A_hoverpairs,1548,3,atv_sherp+rc_car+truck_peterbilt,ok,ok,human_confirmed,
S3_A_hoverpairs_f001554.jpg,S3_A_hoverpairs,1554,3,atv_sherp+rc_car+truck_peterbilt,ok,ok,human_confirmed,
S3_A_hoverpairs_f001560.jpg,S3_A_hoverpairs,1560,3,atv_sherp+rc_car+truck_peterbilt,ok,ok,human_confirmed,
S3_A_hoverpairs_f001566.jpg,S3_A_hoverpairs,1566,3,atv_sherp+rc_car+truck_peterbilt,ok,ok,human_confirmed,
S3_A_hoverpairs_f001572.jpg,S3_A_hoverpairs,1572,3,atv_sherp+rc_car+truck_peterbilt,ok,ok,human_confirmed,
S3_A_hoverpairs_f001578.jpg,S3_A_hoverpairs,1578,3,atv_sherp+rc_car+truck_peterbilt,ok,ok,human_confirmed,
S3_A_hoverpairs_f001584.jpg,S3_A_hoverpairs,1584,3,atv_sherp+rc_car+truck_peterbilt,ok,ok,human_confirmed,
S3_A_hoverpairs_f001590.jpg,S3_A_hoverpairs,1590,3,atv_sherp+rc_car+truck_peterbilt,ok,ok,human_confirmed,
S3_A_hoverpairs_f001596.jpg,S3_A_hoverpairs,1596,3,atv_sherp+rc_car+truck_peterbilt,ok,ok,human_confirmed,
S3_A_hoverpairs_f001602.jpg,S3_A_hoverpairs,1602,3,atv_sherp+rc_car+truck_peterbilt,ok,ok,human_confirmed,
S3_A_hoverpairs_f001608.jpg,S3_A_hoverpairs,1608,3,atv_sherp+rc_car+truck_peterbilt,ok,ok,human_confirmed,
S3_A_hoverpairs_f001614.jpg,S3_A_hoverpairs,1614,3,atv_sherp+rc_car+truck_peterbilt,ok,ok,human_confirmed,
S3_A_hoverpairs_f001620.jpg,S3_A_hoverpairs,1620,3,atv_sherp+rc_car+truck_peterbilt,ok,ok,human_confirmed,
S3_A_hoverpairs_f001626.jpg,S3_A_hoverpairs,1626,3,atv_sherp+rc_car+truck_peterbilt,ok,ok,human_confirmed,
S3_A_hoverpairs_f001632.jpg,S3_A_hoverpairs,1632,3,atv_sherp+rc_car+truck_peterbilt,ok,ok,human_confirmed,
S3_A_hoverpairs_f001638.jpg,S3_A_hoverpairs,1638,3,atv_sherp+rc_car+truck_peterbilt,ok,ok,human_confirmed,
S3_A_hoverpairs_f001644.jpg,S3_A_hoverpairs,1644,3,atv_sherp+rc_car+truck_peterbilt,ok,ok,human_confirmed,
S3_A_hoverpairs_f001650.jpg,S3_A_hoverpairs,1650,3,atv_sherp+rc_car+truck_peterbilt,ok,ok,human_confirmed,
S3_A_hoverpairs_f001656.jpg,S3_A_hoverpairs,1656,2,atv_sherp+rc_car,ok,ok,human_confirmed,
S3_A_hoverpairs_f001662.jpg,S3_A_hoverpairs,1662,3,atv_sherp+rc_car+truck_peterbilt,ok,ok,human_confirmed,
S3_A_hoverpairs_f001668.jpg,S3_A_hoverpairs,1668,3,atv_sherp+rc_car+truck_peterbilt,ok,ok,human_confirmed,
S3_A_hoverpairs_f001674.jpg,S3_A_hoverpairs,1674,3,atv_sherp+rc_car+truck_peterbilt,ok,ok,human_confirmed,
S3_A_hoverpairs_f001680.jpg,S3_A_hoverpairs,1680,3,atv_sherp+rc_car+truck_peterbilt,ok,ok,human_confirmed,
S3_A_hoverpairs_f001686.jpg,S3_A_hoverpairs,1686,3,atv_sherp+rc_car+truck_peterbilt,ok,ok,human_confirmed,
S3_A_hoverpairs_f001692.jpg,S3_A_hoverpairs,1692,3,atv_sherp+rc_car+truck_peterbilt,ok,ok,human_confirmed,
S3_A_hoverpairs_f001698.jpg,S3_A_hoverpairs,1698,3,atv_sherp+rc_car+truck_peterbilt,ok,ok,human_confirmed,
S3_A_hoverpairs_f001704.jpg,S3_A_hoverpairs,1704,3,atv_sherp+rc_car+truck_peterbilt,ok,ok,human_confirmed,
S3_A_hoverpairs_f001710.jpg,S3_A_hoverpairs,1710,3,atv_sherp+rc_car+truck_peterbilt,ok,ok,human_confirmed,
S3_A_hoverpairs_f001716.jpg,S3_A_hoverpairs,1716,3,atv_sherp+rc_car+truck_peterbilt,ok,ok,human_confirmed,
S3_A_hoverpairs_f001722.jpg,S3_A_hoverpairs,1722,3,atv_sherp+rc_car+truck_peterbilt,ok,ok,human_confirmed,
S3_A_hoverpairs_f001728.jpg,S3_A_hoverpairs,1728,3,atv_sherp+rc_car+truck_peterbilt,ok,ok,human_confirmed,
S3_A_hoverpairs_f001734.jpg,S3_A_hoverpairs,1734,3,atv_sherp+rc_car+truck_peterbilt,ok,ok,human_confirmed,
S3_A_hoverpairs_f001740.jpg,S3_A_hoverpairs,1740,3,atv_sherp+rc_car+truck_peterbilt,ok,ok,human_confirmed,
S3_A_hoverpairs_f001746.jpg,S3_A_hoverpairs,1746,3,atv_sherp+rc_car+truck_peterbilt,ok,ok,human_confirmed,
S3_A_hoverpairs_f001752.jpg,S3_A_hoverpairs,1752,3,atv_sherp+rc_car+truck_peterbilt,ok,ok,human_confirmed,
S3_A_hoverpairs_f001758.jpg,S3_A_hoverpairs,1758,3,atv_sherp+rc_car+truck_peterbilt,ok,ok,human_confirmed,
S3_A_hoverpairs_f001764.jpg,S3_A_hoverpairs,1764,3,atv_sherp+rc_car+truck_peterbilt,ok,ok,human_confirmed,
S3_A_hoverpairs_f001770.jpg,S3_A_hoverpairs,1770,3,atv_sherp+rc_car+truck_peterbilt,ok,ok,human_confirmed,
S3_A_hoverpairs_f001776.jpg,S3_A_hoverpairs,1776,3,atv_sherp+rc_car+truck_peterbilt,ok,ok,human_confirmed,
S3_A_hoverpairs_f001782.jpg,S3_A_hoverpairs,1782,3,atv_sherp+rc_car+truck_peterbilt,ok,ok,human_confirmed,
S3_A_hoverpairs_f001788.jpg,S3_A_hoverpairs,1788,2,atv_sherp+rc_car,ok,ok,human_confirmed,
S3_A_hoverpairs_f001794.jpg,S3_A_hoverpairs,1794,3,atv_sherp+rc_car+truck_peterbilt,ok,ok,human_confirmed,
S3_A_hoverpairs_f001800.jpg,S3_A_hoverpairs,1800,3,atv_sherp+rc_car+truck_peterbilt,ok,ok,human_confirmed,
S3_A_hoverpairs_f001806.jpg,S3_A_hoverpairs,1806,3,atv_sherp+rc_car+truck_peterbilt,ok,ok,human_confirmed,
S3_A_hoverpairs_f001812.jpg,S3_A_hoverpairs,1812,3,atv_sherp+rc_car+truck_peterbilt,ok,ok,human_confirmed,
S3_A_hoverpairs_f001818.jpg,S3_A_hoverpairs,1818,3,atv_sherp+rc_car+truck_peterbilt,ok,ok,human_confirmed,
S3_A_hoverpairs_f001824.jpg,S3_A_hoverpairs,1824,3,atv_sherp+rc_car+truck_peterbilt,ok,ok,human_confirmed,
S3_A_hoverpairs_f001830.jpg,S3_A_hoverpairs,1830,3,atv_sherp+rc_car+truck_peterbilt,ok,ok,human_confirmed,
S3_A_hoverpairs_f001836.jpg,S3_A_hoverpairs,1836,3,atv_sherp+rc_car+truck_peterbilt,ok,ok,human_confirmed,
S3_A_hoverpairs_f001842.jpg,S3_A_hoverpairs,1842,3,atv_sherp+rc_car+truck_peterbilt,ok,ok,human_confirmed,
S3_A_hoverpairs_f001848.jpg,S3_A_hoverpairs,1848,3,atv_sherp+rc_car+truck_peterbilt,ok,ok,human_confirmed,
S3_A_hoverpairs_f001854.jpg,S3_A_hoverpairs,1854,3,atv_sherp+rc_car+truck_peterbilt,ok,ok,human_confirmed,
S3_A_hoverpairs_f001860.jpg,S3_A_hoverpairs,1860,3,atv_sherp+rc_car+truck_peterbilt,ok,ok,human_confirmed,
S3_A_hoverpairs_f001866.jpg,S3_A_hoverpairs,1866,3,atv_sherp+rc_car+truck_peterbilt,ok,ok,human_confirmed,
S3_A_hoverpairs_f001872.jpg,S3_A_hoverpairs,1872,3,atv_sherp+rc_car+truck_peterbilt,ok,ok,human_confirmed,
S3_A_hoverpairs_f001878.jpg,S3_A_hoverpairs,1878,3,atv_sherp+rc_car+truck_peterbilt,ok,ok,human_confirmed,
S3_A_hoverpairs_f001884.jpg,S3_A_hoverpairs,1884,3,atv_sherp+rc_car+truck_peterbilt,ok,ok,human_confirmed,
S3_A_hoverpairs_f001890.jpg,S3_A_hoverpairs,1890,3,atv_sherp+rc_car+truck_peterbilt,ok,ok,human_confirmed,
S3_A_hoverpairs_f001896.jpg,S3_A_hoverpairs,1896,3,atv_sherp+rc_car+truck_peterbilt,ok,ok,human_confirmed,
S3_A_hoverpairs_f001902.jpg,S3_A_hoverpairs,1902,3,atv_sherp+rc_car+truck_peterbilt,ok,ok,human_confirmed,
S3_A_hoverpairs_f001908.jpg,S3_A_hoverpairs,1908,3,atv_sherp+rc_car+truck_peterbilt,ok,ok,human_confirmed,
S3_A_hoverpairs_f001914.jpg,S3_A_hoverpairs,1914,3,atv_sherp+rc_car+truck_peterbilt,ok,ok,human_confirmed,
S3_A_hoverpairs_f001920.jpg,S3_A_hoverpairs,1920,3,atv_sherp+rc_car+truck_peterbilt,ok,ok,human_confirmed,
S3_A_hoverpairs_f001926.jpg,S3_A_hoverpairs,1926,3,atv_sherp+rc_car+truck_peterbilt,ok,ok,human_confirmed,
S3_A_hoverpairs_f001932.jpg,S3_A_hoverpairs,1932,3,atv_sherp+rc_car+truck_peterbilt,ok,ok,human_confirmed,
S3_A_hoverpairs_f001938.jpg,S3_A_hoverpairs,1938,3,atv_sherp+rc_car+truck_peterbilt,ok,ok,human_confirmed,
S3_A_hoverpairs_f001944.jpg,S3_A_hoverpairs,1944,3,atv_sherp+rc_car+truck_peterbilt,ok,ok,human_confirmed,
S3_A_hoverpairs_f001950.jpg,S3_A_hoverpairs,1950,3,atv_sherp+rc_car+truck_peterbilt,ok,ok,human_confirmed,
S3_A_hoverpairs_f001956.jpg,S3_A_hoverpairs,1956,3,atv_sherp+rc_car+truck_peterbilt,ok,ok,human_confirmed,
S3_A_hoverpairs_f001962.jpg,S3_A_hoverpairs,1962,3,atv_sherp+rc_car+truck_peterbilt,ok,ok,human_confirmed,
S3_A_hoverpairs_f001968.jpg,S3_A_hoverpairs,1968,3,atv_sherp+rc_car+truck_peterbilt,ok,ok,human_confirmed,
S3_A_hoverpairs_f001974.jpg,S3_A_hoverpairs,1974,3,atv_sherp+rc_car+truck_peterbilt,ok,ok,human_confirmed,
S3_A_hoverpairs_f001980.jpg,S3_A_hoverpairs,1980,3,atv_sherp+rc_car+truck_peterbilt,ok,ok,human_confirmed,
S3_A_hoverpairs_f001986.jpg,S3_A_hoverpairs,1986,3,atv_sherp+rc_car+truck_peterbilt,ok,ok,human_confirmed,
S3_A_hoverpairs_f001992.jpg,S3_A_hoverpairs,1992,3,atv_sherp+rc_car+truck_peterbilt,ok,ok,human_confirmed,
S3_A_hoverpairs_f001998.jpg,S3_A_hoverpairs,1998,3,atv_sherp+rc_car+truck_peterbilt,ok,ok,human_confirmed,
S3_A_hoverpairs_f002004.jpg,S3_A_hoverpairs,2004,3,atv_sherp+rc_car+truck_peterbilt,ok,ok,human_confirmed,
S3_A_hoverpairs_f002010.jpg,S3_A_hoverpairs,2010,3,atv_sherp+rc_car+truck_peterbilt,ok,ok,human_confirmed,
S3_A_hoverpairs_f002016.jpg,S3_A_hoverpairs,2016,3,atv_sherp+rc_car+truck_peterbilt,ok,ok,human_confirmed,
S3_A_hoverpairs_f002022.jpg,S3_A_hoverpairs,2022,3,atv_sherp+rc_car+truck_peterbilt,ok,ok,human_confirmed,
S3_A_hoverpairs_f002028.jpg,S3_A_hoverpairs,2028,3,atv_sherp+rc_car+truck_peterbilt,ok,ok,human_confirmed,
S3_A_hoverpairs_f002034.jpg,S3_A_hoverpairs,2034,3,atv_sherp+rc_car+truck_peterbilt,ok,ok,human_confirmed,
S3_A_hoverpairs_f002040.jpg,S3_A_hoverpairs,2040,3,atv_sherp+rc_car+truck_peterbilt,ok,ok,human_confirmed,
S3_A_hoverpairs_f002046.jpg,S3_A_hoverpairs,2046,3,atv_sherp+rc_car+truck_peterbilt,ok,ok,human_confirmed,
S3_A_hoverpairs_f002052.jpg,S3_A_hoverpairs,2052,3,atv_sherp+rc_car+truck_peterbilt,ok,ok,human_confirmed,25
S3_A_hoverpairs_f002058.jpg,S3_A_hoverpairs,2058,3,atv_sherp+rc_car+truck_peterbilt,ok,ok,human_confirmed,25
S3_A_hoverpairs_f002064.jpg,S3_A_hoverpairs,2064,3,atv_sherp+rc_car+truck_peterbilt,ok,ok,human_confirmed,25
S3_A_hoverpairs_f002070.jpg,S3_A_hoverpairs,2070,3,atv_sherp+rc_car+truck_peterbilt,ok,ok,human_confirmed,25
S3_A_hoverpairs_f002076.jpg,S3_A_hoverpairs,2076,3,atv_sherp+rc_car+truck_peterbilt,ok,ok,human_confirmed,25
S3_A_hoverpairs_f002082.jpg,S3_A_hoverpairs,2082,3,atv_sherp+rc_car+truck_peterbilt,ok,ok,human_confirmed,25
S3_A_hoverpairs_f002088.jpg,S3_A_hoverpairs,2088,3,atv_sherp+rc_car+truck_peterbilt,ok,ok,human_confirmed,25
S3_A_hoverpairs_f002094.jpg,S3_A_hoverpairs,2094,3,atv_sherp+rc_car+truck_peterbilt,ok,ok,human_confirmed,25
S3_A_hoverpairs_f002100.jpg,S3_A_hoverpairs,2100,3,atv_sherp+rc_car+truck_peterbilt,ok,ok,human_confirmed,25
S3_A_hoverpairs_f002106.jpg,S3_A_hoverpairs,2106,3,atv_sherp+rc_car+truck_peterbilt,ok,ok,human_confirmed,25
S3_A_hoverpairs_f002112.jpg,S3_A_hoverpairs,2112,3,atv_sherp+rc_car+truck_peterbilt,ok,ok,human_confirmed,25
S3_A_hoverpairs_f002118.jpg,S3_A_hoverpairs,2118,3,atv_sherp+rc_car+truck_peterbilt,ok,ok,human_confirmed,25
S3_A_hoverpairs_f002124.jpg,S3_A_hoverpairs,2124,3,atv_sherp+rc_car+truck_peterbilt,ok,ok,human_confirmed,25
S3_A_hoverpairs_f002130.jpg,S3_A_hoverpairs,2130,3,atv_sherp+rc_car+truck_peterbilt,ok,ok,human_confirmed,25
S3_A_hoverpairs_f002136.jpg,S3_A_hoverpairs,2136,3,atv_sherp+rc_car+truck_peterbilt,ok,ok,human_confirmed,25
S3_A_hoverpairs_f002142.jpg,S3_A_hoverpairs,2142,3,atv_sherp+rc_car+truck_peterbilt,ok,ok,human_confirmed,25
S3_A_hoverpairs_f002148.jpg,S3_A_hoverpairs,2148,3,atv_sherp+rc_car+truck_peterbilt,ok,ok,human_confirmed,25
S3_A_hoverpairs_f002154.jpg,S3_A_hoverpairs,2154,3,atv_sherp+rc_car+truck_peterbilt,ok,ok,human_confirmed,25
S3_A_hoverpairs_f002160.jpg,S3_A_hoverpairs,2160,3,atv_sherp+rc_car+truck_peterbilt,ok,ok,human_confirmed,25
S3_A_hoverpairs_f002166.jpg,S3_A_hoverpairs,2166,3,atv_sherp+rc_car+truck_peterbilt,ok,ok,human_confirmed,25
S3_A_hoverpairs_f002172.jpg,S3_A_hoverpairs,2172,3,atv_sherp+rc_car+truck_peterbilt,ok,ok,human_confirmed,25
S3_A_hoverpairs_f002178.jpg,S3_A_hoverpairs,2178,3,atv_sherp+rc_car+truck_peterbilt,ok,ok,human_confirmed,25
S3_A_hoverpairs_f002184.jpg,S3_A_hoverpairs,2184,3,atv_sherp+rc_car+truck_peterbilt,ok,ok,human_confirmed,25
S3_A_hoverpairs_f002190.jpg,S3_A_hoverpairs,2190,3,atv_sherp+rc_car+truck_peterbilt,ok,ok,human_confirmed,25
S3_A_hoverpairs_f002196.jpg,S3_A_hoverpairs,2196,3,atv_sherp+rc_car+truck_peterbilt,ok,ok,human_confirmed,25
S3_A_hoverpairs_f002202.jpg,S3_A_hoverpairs,2202,3,atv_sherp+rc_car+truck_peterbilt,ok,ok,human_confirmed,25
S3_A_hoverpairs_f002208.jpg,S3_A_hoverpairs,2208,3,atv_sherp+rc_car+truck_peterbilt,ok,ok,human_confirmed,
S3_A_hoverpairs_f002214.jpg,S3_A_hoverpairs,2214,3,atv_sherp+rc_car+truck_peterbilt,ok,ok,human_confirmed,
S3_A_hoverpairs_f002220.jpg,S3_A_hoverpairs,2220,3,atv_sherp+rc_car+truck_peterbilt,ok,ok,human_confirmed,
S3_A_hoverpairs_f002226.jpg,S3_A_hoverpairs,2226,3,atv_sherp+rc_car+truck_peterbilt,ok,ok,human_confirmed,
S3_A_hoverpairs_f002232.jpg,S3_A_hoverpairs,2232,3,atv_sherp+rc_car+truck_peterbilt,ok,ok,human_confirmed,
S3_A_hoverpairs_f002238.jpg,S3_A_hoverpairs,2238,3,atv_sherp+rc_car+truck_peterbilt,ok,ok,human_confirmed,
S3_A_hoverpairs_f002244.jpg,S3_A_hoverpairs,2244,3,atv_sherp+rc_car+truck_peterbilt,ok,ok,human_confirmed,
S3_A_hoverpairs_f002250.jpg,S3_A_hoverpairs,2250,3,atv_sherp+rc_car+truck_peterbilt,ok,ok,human_confirmed,
S3_A_hoverpairs_f002256.jpg,S3_A_hoverpairs,2256,3,atv_sherp+rc_car+truck_peterbilt,ok,ok,human_confirmed,
S3_A_hoverpairs_f002262.jpg,S3_A_hoverpairs,2262,3,atv_sherp+rc_car+truck_peterbilt,ok,ok,human_confirmed,
S3_A_hoverpairs_f002268.jpg,S3_A_hoverpairs,2268,3,atv_sherp+rc_car+truck_peterbilt,ok,ok,human_confirmed,
S3_A_hoverpairs_f002274.jpg,S3_A_hoverpairs,2274,3,atv_sherp+rc_car+truck_peterbilt,ok,ok,human_confirmed,
S3_A_hoverpairs_f002280.jpg,S3_A_hoverpairs,2280,3,atv_sherp+rc_car+truck_peterbilt,ok,ok,human_confirmed,
S3_A_hoverpairs_f002286.jpg,S3_A_hoverpairs,2286,3,atv_sherp+rc_car+truck_peterbilt,ok,ok,human_confirmed,
S3_A_hoverpairs_f002292.jpg,S3_A_hoverpairs,2292,3,atv_sherp+rc_car+truck_peterbilt,ok,ok,human_confirmed,
S3_A_hoverpairs_f002298.jpg,S3_A_hoverpairs,2298,3,atv_sherp+rc_car+truck_peterbilt,ok,ok,human_confirmed,
S3_A_hoverpairs_f002304.jpg,S3_A_hoverpairs,2304,3,atv_sherp+rc_car+truck_peterbilt,ok,ok,human_confirmed,
S3_A_hoverpairs_f002310.jpg,S3_A_hoverpairs,2310,3,atv_sherp+rc_car+truck_peterbilt,ok,ok,human_confirmed,
S3_A_hoverpairs_f002316.jpg,S3_A_hoverpairs,2316,3,atv_sherp+rc_car+truck_peterbilt,ok,ok,human_confirmed,
S3_A_hoverpairs_f002322.jpg,S3_A_hoverpairs,2322,3,atv_sherp+rc_car+truck_peterbilt,ok,ok,human_confirmed,
S3_A_hoverpairs_f002328.jpg,S3_A_hoverpairs,2328,3,atv_sherp+rc_car+truck_peterbilt,ok,ok,human_confirmed,
S3_A_hoverpairs_f002334.jpg,S3_A_hoverpairs,2334,3,atv_sherp+rc_car+truck_peterbilt,ok,ok,human_confirmed,
S3_A_hoverpairs_f002340.jpg,S3_A_hoverpairs,2340,3,atv_sherp+rc_car+truck_peterbilt,ok,ok,human_confirmed,
S3_A_hoverpairs_f002346.jpg,S3_A_hoverpairs,2346,3,atv_sherp+rc_car+truck_peterbilt,ok,ok,human_confirmed,
S3_A_hoverpairs_f002352.jpg,S3_A_hoverpairs,2352,3,atv_sherp+rc_car+truck_peterbilt,ok,ok,human_confirmed,
S3_A_hoverpairs_f002358.jpg,S3_A_hoverpairs,2358,3,atv_sherp+rc_car+truck_peterbilt,ok,ok,human_confirmed,
S3_A_hoverpairs_f002364.jpg,S3_A_hoverpairs,2364,3,atv_sherp+rc_car+truck_peterbilt,ok,ok,human_confirmed,
S3_A_hoverpairs_f002370.jpg,S3_A_hoverpairs,2370,3,atv_sherp+rc_car+truck_peterbilt,ok,ok,human_confirmed,
S3_A_hoverpairs_f002376.jpg,S3_A_hoverpairs,2376,3,atv_sherp+rc_car+truck_peterbilt,ok,ok,human_confirmed,
S3_A_hoverpairs_f002382.jpg,S3_A_hoverpairs,2382,3,atv_sherp+rc_car+truck_peterbilt,ok,ok,human_confirmed,
S3_A_hoverpairs_f002388.jpg,S3_A_hoverpairs,2388,3,atv_sherp+rc_car+truck_peterbilt,ok,ok,human_confirmed,
S3_A_hoverpairs_f002394.jpg,S3_A_hoverpairs,2394,3,atv_sherp+rc_car+truck_peterbilt,ok,ok,human_confirmed,
S3_A_hoverpairs_f002400.jpg,S3_A_hoverpairs,2400,3,atv_sherp+rc_car+truck_peterbilt,ok,ok,human_confirmed,
S3_A_hoverpairs_f002406.jpg,S3_A_hoverpairs,2406,3,atv_sherp+rc_car+truck_peterbilt,ok,ok,human_confirmed,
S3_A_hoverpairs_f002412.jpg,S3_A_hoverpairs,2412,3,atv_sherp+rc_car+truck_peterbilt,ok,ok,human_confirmed,
S3_A_hoverpairs_f002418.jpg,S3_A_hoverpairs,2418,3,atv_sherp+rc_car+truck_peterbilt,ok,ok,human_confirmed,
S3_A_hoverpairs_f002424.jpg,S3_A_hoverpairs,2424,3,atv_sherp+rc_car+truck_peterbilt,ok,ok,human_confirmed,
S3_A_hoverpairs_f002430.jpg,S3_A_hoverpairs,2430,3,atv_sherp+rc_car+truck_peterbilt,ok,ok,human_confirmed,
S3_A_hoverpairs_f002436.jpg,S3_A_hoverpairs,2436,3,atv_sherp+rc_car+truck_peterbilt,ok,ok,human_confirmed,
S3_A_hoverpairs_f002442.jpg,S3_A_hoverpairs,2442,3,atv_sherp+rc_car+truck_peterbilt,ok,ok,human_confirmed,
S3_A_hoverpairs_f002448.jpg,S3_A_hoverpairs,2448,3,atv_sherp+rc_car+truck_peterbilt,ok,ok,human_confirmed,
S3_A_hoverpairs_f002454.jpg,S3_A_hoverpairs,2454,3,atv_sherp+rc_car+truck_peterbilt,ok,ok,human_confirmed,
S3_A_hoverpairs_f002460.jpg,S3_A_hoverpairs,2460,3,atv_sherp+rc_car+truck_peterbilt,ok,ok,human_confirmed,
S3_A_hoverpairs_f002466.jpg,S3_A_hoverpairs,2466,3,atv_sherp+rc_car+truck_peterbilt,ok,ok,human_confirmed,
S3_A_hoverpairs_f002472.jpg,S3_A_hoverpairs,2472,3,atv_sherp+rc_car+truck_peterbilt,ok,ok,human_confirmed,
S3_A_hoverpairs_f002478.jpg,S3_A_hoverpairs,2478,3,atv_sherp+rc_car+truck_peterbilt,ok,ok,human_confirmed,
S3_A_hoverpairs_f002484.jpg,S3_A_hoverpairs,2484,3,atv_sherp+rc_car+truck_peterbilt,ok,ok,human_confirmed,
S3_A_hoverpairs_f002490.jpg,S3_A_hoverpairs,2490,3,atv_sherp+rc_car+truck_peterbilt,ok,ok,human_confirmed,
S3_A_hoverpairs_f002496.jpg,S3_A_hoverpairs,2496,3,atv_sherp+rc_car+truck_peterbilt,ok,ok,human_confirmed,
S3_A_hoverpairs_f002502.jpg,S3_A_hoverpairs,2502,3,atv_sherp+rc_car+truck_peterbilt,ok,ok,human_confirmed,
S3_A_hoverpairs_f002508.jpg,S3_A_hoverpairs,2508,3,atv_sherp+rc_car+truck_peterbilt,ok,ok,human_confirmed,
S3_A_hoverpairs_f002514.jpg,S3_A_hoverpairs,2514,3,atv_sherp+rc_car+truck_peterbilt,ok,ok,human_confirmed,
S3_A_hoverpairs_f002520.jpg,S3_A_hoverpairs,2520,3,atv_sherp+rc_car+truck_peterbilt,ok,ok,human_confirmed,
S3_A_hoverpairs_f002526.jpg,S3_A_hoverpairs,2526,3,atv_sherp+rc_car+truck_peterbilt,ok,ok,human_confirmed,
S3_A_hoverpairs_f002532.jpg,S3_A_hoverpairs,2532,3,atv_sherp+rc_car+truck_peterbilt,ok,ok,human_confirmed,
S3_A_hoverpairs_f002538.jpg,S3_A_hoverpairs,2538,3,atv_sherp+rc_car+truck_peterbilt,ok,ok,human_confirmed,
S3_A_hoverpairs_f002544.jpg,S3_A_hoverpairs,2544,3,atv_sherp+rc_car+truck_peterbilt,ok,ok,human_confirmed,
S3_A_hoverpairs_f002550.jpg,S3_A_hoverpairs,2550,3,atv_sherp+rc_car+truck_peterbilt,ok,ok,human_confirmed,
S3_A_hoverpairs_f002556.jpg,S3_A_hoverpairs,2556,3,atv_sherp+rc_car+truck_peterbilt,ok,ok,human_confirmed,
S3_A_hoverpairs_f002562.jpg,S3_A_hoverpairs,2562,3,atv_sherp+rc_car+truck_peterbilt,ok,ok,human_confirmed,
S3_A_hoverpairs_f002568.jpg,S3_A_hoverpairs,2568,3,atv_sherp+rc_car+truck_peterbilt,ok,ok,human_confirmed,
S3_A_hoverpairs_f002574.jpg,S3_A_hoverpairs,2574,3,atv_sherp+rc_car+truck_peterbilt,ok,ok,human_confirmed,
S3_A_hoverpairs_f002580.jpg,S3_A_hoverpairs,2580,3,atv_sherp+rc_car+truck_peterbilt,ok,ok,human_confirmed,
S3_A_hoverpairs_f002586.jpg,S3_A_hoverpairs,2586,3,atv_sherp+rc_car+truck_peterbilt,ok,ok,human_confirmed,
S3_A_hoverpairs_f002592.jpg,S3_A_hoverpairs,2592,3,atv_sherp+rc_car+truck_peterbilt,ok,ok,human_confirmed,
S3_A_hoverpairs_f002598.jpg,S3_A_hoverpairs,2598,3,atv_sherp+rc_car+truck_peterbilt,ok,ok,human_confirmed,
S3_A_hoverpairs_f002604.jpg,S3_A_hoverpairs,2604,3,atv_sherp+rc_car+truck_peterbilt,ok,ok,human_confirmed,
S3_A_hoverpairs_f002610.jpg,S3_A_hoverpairs,2610,3,atv_sherp+rc_car+truck_peterbilt,ok,ok,human_confirmed,
S3_A_hoverpairs_f002616.jpg,S3_A_hoverpairs,2616,3,atv_sherp+rc_car+truck_peterbilt,ok,ok,human_confirmed,
S3_A_hoverpairs_f002622.jpg,S3_A_hoverpairs,2622,3,atv_sherp+rc_car+truck_peterbilt,ok,ok,human_confirmed,
S3_A_hoverpairs_f002628.jpg,S3_A_hoverpairs,2628,3,atv_sherp+rc_car+truck_peterbilt,ok,ok,human_confirmed,
S3_A_hoverpairs_f002634.jpg,S3_A_hoverpairs,2634,3,atv_sherp+rc_car+truck_peterbilt,ok,ok,human_confirmed,
S3_A_hoverpairs_f002640.jpg,S3_A_hoverpairs,2640,3,atv_sherp+rc_car+truck_peterbilt,ok,ok,human_confirmed,
S3_A_hoverpairs_f002646.jpg,S3_A_hoverpairs,2646,3,atv_sherp+rc_car+truck_peterbilt,ok,ok,human_confirmed,
S3_A_hoverpairs_f002652.jpg,S3_A_hoverpairs,2652,3,atv_sherp+rc_car+truck_peterbilt,ok,ok,human_confirmed,
S3_A_hoverpairs_f002658.jpg,S3_A_hoverpairs,2658,3,atv_sherp+rc_car+truck_peterbilt,ok,ok,human_confirmed,
S3_A_hoverpairs_f002664.jpg,S3_A_hoverpairs,2664,3,atv_sherp+rc_car+truck_peterbilt,ok,ok,human_confirmed,
S3_A_hoverpairs_f002670.jpg,S3_A_hoverpairs,2670,3,atv_sherp+rc_car+truck_peterbilt,ok,ok,human_confirmed,
S3_A_hoverpairs_f002676.jpg,S3_A_hoverpairs,2676,3,atv_sherp+rc_car+truck_peterbilt,ok,ok,human_confirmed,
S3_A_hoverpairs_f002682.jpg,S3_A_hoverpairs,2682,3,atv_sherp+rc_car+truck_peterbilt,ok,ok,human_confirmed,
S3_A_hoverpairs_f002688.jpg,S3_A_hoverpairs,2688,3,atv_sherp+rc_car+truck_peterbilt,ok,ok,human_confirmed,
S3_A_hoverpairs_f002694.jpg,S3_A_hoverpairs,2694,3,atv_sherp+rc_car+truck_peterbilt,ok,ok,human_confirmed,
S3_A_hoverpairs_f002700.jpg,S3_A_hoverpairs,2700,3,atv_sherp+rc_car+truck_peterbilt,ok,ok,human_confirmed,
S3_A_hoverpairs_f002706.jpg,S3_A_hoverpairs,2706,3,atv_sherp+rc_car+truck_peterbilt,ok,ok,human_confirmed,
S3_A_hoverpairs_f002712.jpg,S3_A_hoverpairs,2712,3,atv_sherp+rc_car+truck_peterbilt,ok,ok,human_confirmed,
S3_A_hoverpairs_f002718.jpg,S3_A_hoverpairs,2718,3,atv_sherp+rc_car+truck_peterbilt,ok,ok,human_confirmed,
S3_A_hoverpairs_f002724.jpg,S3_A_hoverpairs,2724,3,atv_sherp+rc_car+truck_peterbilt,ok,ok,human_confirmed,
S3_A_hoverpairs_f002730.jpg,S3_A_hoverpairs,2730,3,atv_sherp+rc_car+truck_peterbilt,ok,ok,human_confirmed,
S3_A_hoverpairs_f002736.jpg,S3_A_hoverpairs,2736,3,atv_sherp+rc_car+truck_peterbilt,ok,ok,human_confirmed,
S3_A_hoverpairs_f002742.jpg,S3_A_hoverpairs,2742,3,atv_sherp+rc_car+truck_peterbilt,ok,ok,human_confirmed,
S3_A_hoverpairs_f002748.jpg,S3_A_hoverpairs,2748,3,atv_sherp+rc_car+truck_peterbilt,ok,ok,human_confirmed,
S3_A_hoverpairs_f002754.jpg,S3_A_hoverpairs,2754,3,atv_sherp+rc_car+truck_peterbilt,ok,ok,human_confirmed,
S3_A_hoverpairs_f002760.jpg,S3_A_hoverpairs,2760,3,atv_sherp+rc_car+truck_peterbilt,ok,ok,human_confirmed,
S3_A_hoverpairs_f002766.jpg,S3_A_hoverpairs,2766,3,atv_sherp+rc_car+truck_peterbilt,ok,ok,human_confirmed,
S3_A_hoverpairs_f002772.jpg,S3_A_hoverpairs,2772,3,atv_sherp+rc_car+truck_peterbilt,ok,ok,human_confirmed,
S3_A_hoverpairs_f002778.jpg,S3_A_hoverpairs,2778,3,atv_sherp+rc_car+truck_peterbilt,ok,ok,human_confirmed,
S3_A_hoverpairs_f002784.jpg,S3_A_hoverpairs,2784,3,atv_sherp+rc_car+truck_peterbilt,ok,ok,human_confirmed,50
S3_A_hoverpairs_f002790.jpg,S3_A_hoverpairs,2790,3,atv_sherp+rc_car+truck_peterbilt,ok,ok,human_confirmed,50
S3_A_hoverpairs_f002796.jpg,S3_A_hoverpairs,2796,3,atv_sherp+rc_car+truck_peterbilt,ok,ok,human_confirmed,50
S3_A_hoverpairs_f002802.jpg,S3_A_hoverpairs,2802,3,atv_sherp+rc_car+truck_peterbilt,ok,ok,human_confirmed,50
S3_A_hoverpairs_f002808.jpg,S3_A_hoverpairs,2808,3,atv_sherp+rc_car+truck_peterbilt,ok,ok,human_confirmed,50
S3_A_hoverpairs_f002814.jpg,S3_A_hoverpairs,2814,3,atv_sherp+rc_car+truck_peterbilt,ok,ok,human_confirmed,50
S3_A_hoverpairs_f002820.jpg,S3_A_hoverpairs,2820,3,atv_sherp+rc_car+truck_peterbilt,ok,ok,human_confirmed,50
S3_A_hoverpairs_f002826.jpg,S3_A_hoverpairs,2826,3,atv_sherp+rc_car+truck_peterbilt,ok,ok,human_confirmed,50
S3_A_hoverpairs_f002832.jpg,S3_A_hoverpairs,2832,3,atv_sherp+rc_car+truck_peterbilt,ok,ok,human_confirmed,50
S3_A_hoverpairs_f002838.jpg,S3_A_hoverpairs,2838,3,atv_sherp+rc_car+truck_peterbilt,ok,ok,human_confirmed,50
S3_A_hoverpairs_f002844.jpg,S3_A_hoverpairs,2844,3,atv_sherp+rc_car+truck_peterbilt,ok,ok,human_confirmed,50
S3_A_hoverpairs_f002850.jpg,S3_A_hoverpairs,2850,3,atv_sherp+rc_car+truck_peterbilt,ok,ok,human_confirmed,50
S3_A_hoverpairs_f002856.jpg,S3_A_hoverpairs,2856,3,atv_sherp+rc_car+truck_peterbilt,ok,ok,human_confirmed,50
S3_A_hoverpairs_f002862.jpg,S3_A_hoverpairs,2862,3,atv_sherp+rc_car+truck_peterbilt,ok,ok,human_confirmed,50
S3_A_hoverpairs_f002868.jpg,S3_A_hoverpairs,2868,3,atv_sherp+rc_car+truck_peterbilt,ok,ok,human_confirmed,50
S3_A_hoverpairs_f002874.jpg,S3_A_hoverpairs,2874,3,atv_sherp+rc_car+truck_peterbilt,ok,ok,human_confirmed,
S3_A_hoverpairs_f002880.jpg,S3_A_hoverpairs,2880,3,atv_sherp+rc_car+truck_peterbilt,ok,ok,human_confirmed,
S3_A_hoverpairs_f002886.jpg,S3_A_hoverpairs,2886,3,atv_sherp+rc_car+truck_peterbilt,ok,ok,human_confirmed,
S3_A_hoverpairs_f002892.jpg,S3_A_hoverpairs,2892,3,atv_sherp+rc_car+truck_peterbilt,ok,ok,human_confirmed,
S3_A_hoverpairs_f002898.jpg,S3_A_hoverpairs,2898,3,atv_sherp+rc_car+truck_peterbilt,ok,ok,human_confirmed,
S3_A_hoverpairs_f002904.jpg,S3_A_hoverpairs,2904,3,atv_sherp+rc_car+truck_peterbilt,ok,ok,human_confirmed,
S3_A_hoverpairs_f002910.jpg,S3_A_hoverpairs,2910,3,atv_sherp+rc_car+truck_peterbilt,ok,ok,human_confirmed,
S3_A_hoverpairs_f002916.jpg,S3_A_hoverpairs,2916,3,atv_sherp+rc_car+truck_peterbilt,ok,ok,human_confirmed,
S3_A_hoverpairs_f002922.jpg,S3_A_hoverpairs,2922,3,atv_sherp+rc_car+truck_peterbilt,ok,ok,human_confirmed,
S3_A_hoverpairs_f002928.jpg,S3_A_hoverpairs,2928,3,atv_sherp+rc_car+truck_peterbilt,ok,ok,human_confirmed,
S3_A_hoverpairs_f002934.jpg,S3_A_hoverpairs,2934,3,atv_sherp+rc_car+truck_peterbilt,ok,ok,human_confirmed,
S3_A_hoverpairs_f002940.jpg,S3_A_hoverpairs,2940,3,atv_sherp+rc_car+truck_peterbilt,ok,ok,human_confirmed,
S3_A_hoverpairs_f002946.jpg,S3_A_hoverpairs,2946,3,atv_sherp+rc_car+truck_peterbilt,ok,ok,human_confirmed,
S3_A_hoverpairs_f002952.jpg,S3_A_hoverpairs,2952,3,atv_sherp+rc_car+truck_peterbilt,ok,ok,human_confirmed,
S3_A_hoverpairs_f002958.jpg,S3_A_hoverpairs,2958,3,atv_sherp+rc_car+truck_peterbilt,ok,ok,human_confirmed,
S3_A_hoverpairs_f002964.jpg,S3_A_hoverpairs,2964,3,atv_sherp+rc_car+truck_peterbilt,ok,ok,human_confirmed,
S3_A_hoverpairs_f002970.jpg,S3_A_hoverpairs,2970,3,atv_sherp+rc_car+truck_peterbilt,ok,ok,human_confirmed,
S3_A_hoverpairs_f002976.jpg,S3_A_hoverpairs,2976,3,atv_sherp+rc_car+truck_peterbilt,ok,ok,human_confirmed,
S3_A_hoverpairs_f002982.jpg,S3_A_hoverpairs,2982,3,atv_sherp+rc_car+truck_peterbilt,ok,ok,human_confirmed,
S3_A_hoverpairs_f002988.jpg,S3_A_hoverpairs,2988,3,atv_sherp+rc_car+truck_peterbilt,ok,ok,human_confirmed,
S3_A_hoverpairs_f002994.jpg,S3_A_hoverpairs,2994,3,atv_sherp+rc_car+truck_peterbilt,ok,ok,human_confirmed,
S3_A_hoverpairs_f003000.jpg,S3_A_hoverpairs,3000,3,atv_sherp+rc_car+truck_peterbilt,ok,ok,human_confirmed,
S3_A_hoverpairs_f003006.jpg,S3_A_hoverpairs,3006,3,atv_sherp+rc_car+truck_peterbilt,ok,ok,human_confirmed,
S3_A_hoverpairs_f003012.jpg,S3_A_hoverpairs,3012,3,atv_sherp+rc_car+truck_peterbilt,ok,ok,human_confirmed,
S3_A_hoverpairs_f003018.jpg,S3_A_hoverpairs,3018,3,atv_sherp+rc_car+truck_peterbilt,ok,ok,human_confirmed,
S3_A_hoverpairs_f003024.jpg,S3_A_hoverpairs,3024,3,atv_sherp+rc_car+truck_peterbilt,ok,ok,human_confirmed,
S3_A_hoverpairs_f003030.jpg,S3_A_hoverpairs,3030,3,atv_sherp+rc_car+truck_peterbilt,ok,ok,human_confirmed,
S3_A_hoverpairs_f003036.jpg,S3_A_hoverpairs,3036,3,atv_sherp+rc_car+truck_peterbilt,ok,ok,human_confirmed,
S3_A_hoverpairs_f003042.jpg,S3_A_hoverpairs,3042,3,atv_sherp+rc_car+truck_peterbilt,ok,ok,human_confirmed,
S3_A_hoverpairs_f003048.jpg,S3_A_hoverpairs,3048,3,atv_sherp+rc_car+truck_peterbilt,ok,ok,human_confirmed,
S3_A_hoverpairs_f003054.jpg,S3_A_hoverpairs,3054,3,atv_sherp+rc_car+truck_peterbilt,ok,ok,human_confirmed,
S3_A_hoverpairs_f003060.jpg,S3_A_hoverpairs,3060,3,atv_sherp+rc_car+truck_peterbilt,ok,ok,human_confirmed,
S3_A_hoverpairs_f003066.jpg,S3_A_hoverpairs,3066,3,atv_sherp+rc_car+truck_peterbilt,ok,ok,human_confirmed,
S3_A_hoverpairs_f003072.jpg,S3_A_hoverpairs,3072,3,atv_sherp+rc_car+truck_peterbilt,ok,ok,human_confirmed,
S3_A_hoverpairs_f003078.jpg,S3_A_hoverpairs,3078,3,atv_sherp+rc_car+truck_peterbilt,ok,ok,human_confirmed,
S3_A_hoverpairs_f003084.jpg,S3_A_hoverpairs,3084,3,atv_sherp+rc_car+truck_peterbilt,ok,ok,human_confirmed,
S3_A_hoverpairs_f003090.jpg,S3_A_hoverpairs,3090,3,atv_sherp+rc_car+truck_peterbilt,ok,ok,human_confirmed,
S3_A_hoverpairs_f003096.jpg,S3_A_hoverpairs,3096,3,atv_sherp+rc_car+truck_peterbilt,ok,ok,human_confirmed,
S3_A_hoverpairs_f003102.jpg,S3_A_hoverpairs,3102,3,atv_sherp+rc_car+truck_peterbilt,ok,ok,human_confirmed,
S3_A_hoverpairs_f003108.jpg,S3_A_hoverpairs,3108,3,atv_sherp+rc_car+truck_peterbilt,ok,ok,human_confirmed,
S3_A_hoverpairs_f003114.jpg,S3_A_hoverpairs,3114,3,atv_sherp+rc_car+truck_peterbilt,ok,ok,human_confirmed,
S3_A_hoverpairs_f003120.jpg,S3_A_hoverpairs,3120,3,atv_sherp+rc_car+truck_peterbilt,ok,ok,human_confirmed,
S3_A_hoverpairs_f003126.jpg,S3_A_hoverpairs,3126,3,atv_sherp+rc_car+truck_peterbilt,ok,ok,human_confirmed,
S3_A_hoverpairs_f003132.jpg,S3_A_hoverpairs,3132,3,atv_sherp+rc_car+truck_peterbilt,ok,ok,human_confirmed,
S3_A_hoverpairs_f003138.jpg,S3_A_hoverpairs,3138,3,atv_sherp+rc_car+truck_peterbilt,ok,ok,human_confirmed,
S3_A_hoverpairs_f003144.jpg,S3_A_hoverpairs,3144,3,atv_sherp+rc_car+truck_peterbilt,ok,ok,human_confirmed,
S3_A_hoverpairs_f003150.jpg,S3_A_hoverpairs,3150,3,atv_sherp+rc_car+truck_peterbilt,ok,ok,human_confirmed,
S3_A_hoverpairs_f003156.jpg,S3_A_hoverpairs,3156,3,atv_sherp+rc_car+truck_peterbilt,ok,ok,human_confirmed,
S3_A_hoverpairs_f003162.jpg,S3_A_hoverpairs,3162,3,atv_sherp+rc_car+truck_peterbilt,ok,ok,human_confirmed,
S3_A_hoverpairs_f003168.jpg,S3_A_hoverpairs,3168,3,atv_sherp+rc_car+truck_peterbilt,ok,ok,human_confirmed,
S3_A_hoverpairs_f003174.jpg,S3_A_hoverpairs,3174,3,atv_sherp+rc_car+truck_peterbilt,ok,ok,human_confirmed,
S3_A_hoverpairs_f003180.jpg,S3_A_hoverpairs,3180,3,atv_sherp+rc_car+truck_peterbilt,ok,ok,human_confirmed,
S3_A_hoverpairs_f003186.jpg,S3_A_hoverpairs,3186,3,atv_sherp+rc_car+truck_peterbilt,ok,ok,human_confirmed,
S3_A_hoverpairs_f003192.jpg,S3_A_hoverpairs,3192,3,atv_sherp+rc_car+truck_peterbilt,ok,ok,human_confirmed,
S3_A_hoverpairs_f003198.jpg,S3_A_hoverpairs,3198,3,atv_sherp+rc_car+truck_peterbilt,ok,ok,human_confirmed,
S3_A_hoverpairs_f003204.jpg,S3_A_hoverpairs,3204,3,atv_sherp+rc_car+truck_peterbilt,ok,ok,human_confirmed,
S3_A_hoverpairs_f003210.jpg,S3_A_hoverpairs,3210,3,atv_sherp+rc_car+truck_peterbilt,ok,ok,human_confirmed,
S3_A_hoverpairs_f003216.jpg,S3_A_hoverpairs,3216,3,atv_sherp+rc_car+truck_peterbilt,ok,ok,human_confirmed,
S3_A_hoverpairs_f003222.jpg,S3_A_hoverpairs,3222,3,atv_sherp+rc_car+truck_peterbilt,ok,ok,human_confirmed,
S3_A_hoverpairs_f003228.jpg,S3_A_hoverpairs,3228,3,atv_sherp+rc_car+truck_peterbilt,ok,ok,human_confirmed,
S3_A_hoverpairs_f003234.jpg,S3_A_hoverpairs,3234,3,atv_sherp+rc_car+truck_peterbilt,ok,ok,human_confirmed,
S3_A_hoverpairs_f003240.jpg,S3_A_hoverpairs,3240,3,atv_sherp+rc_car+truck_peterbilt,ok,ok,human_confirmed,
S3_A_hoverpairs_f003246.jpg,S3_A_hoverpairs,3246,3,atv_sherp+rc_car+truck_peterbilt,ok,ok,human_confirmed,
S3_A_hoverpairs_f003252.jpg,S3_A_hoverpairs,3252,3,atv_sherp+rc_car+truck_peterbilt,ok,ok,human_confirmed,
S3_A_hoverpairs_f003258.jpg,S3_A_hoverpairs,3258,3,atv_sherp+rc_car+truck_peterbilt,ok,ok,human_confirmed,
S3_A_hoverpairs_f003264.jpg,S3_A_hoverpairs,3264,3,atv_sherp+rc_car+truck_peterbilt,ok,ok,human_confirmed,
S3_A_hoverpairs_f003270.jpg,S3_A_hoverpairs,3270,3,atv_sherp+rc_car+truck_peterbilt,ok,ok,human_confirmed,
S3_A_hoverpairs_f003276.jpg,S3_A_hoverpairs,3276,3,atv_sherp+rc_car+truck_peterbilt,ok,ok,human_confirmed,
S3_A_hoverpairs_f003282.jpg,S3_A_hoverpairs,3282,3,atv_sherp+rc_car+truck_peterbilt,ok,ok,human_confirmed,
S3_A_hoverpairs_f003288.jpg,S3_A_hoverpairs,3288,3,atv_sherp+rc_car+truck_peterbilt,ok,ok,human_confirmed,
S3_A_hoverpairs_f003294.jpg,S3_A_hoverpairs,3294,3,atv_sherp+rc_car+truck_peterbilt,ok,ok,human_confirmed,
S3_A_hoverpairs_f003300.jpg,S3_A_hoverpairs,3300,3,atv_sherp+rc_car+truck_peterbilt,ok,ok,human_confirmed,
S3_A_hoverpairs_f003306.jpg,S3_A_hoverpairs,3306,3,atv_sherp+rc_car+truck_peterbilt,ok,ok,human_confirmed,
S3_A_hoverpairs_f003312.jpg,S3_A_hoverpairs,3312,3,atv_sherp+rc_car+truck_peterbilt,ok,ok,human_confirmed,
S3_A_hoverpairs_f003318.jpg,S3_A_hoverpairs,3318,3,atv_sherp+rc_car+truck_peterbilt,ok,ok,human_confirmed,
S3_A_hoverpairs_f003324.jpg,S3_A_hoverpairs,3324,3,atv_sherp+rc_car+truck_peterbilt,ok,ok,human_confirmed,
S3_A_hoverpairs_f003330.jpg,S3_A_hoverpairs,3330,3,atv_sherp+rc_car+truck_peterbilt,ok,ok,human_confirmed,
S3_A_hoverpairs_f003336.jpg,S3_A_hoverpairs,3336,3,atv_sherp+rc_car+truck_peterbilt,ok,ok,human_confirmed,
S3_A_hoverpairs_f003342.jpg,S3_A_hoverpairs,3342,3,atv_sherp+rc_car+truck_peterbilt,ok,ok,human_confirmed,
S3_A_hoverpairs_f003348.jpg,S3_A_hoverpairs,3348,3,atv_sherp+rc_car+truck_peterbilt,ok,ok,human_confirmed,
S3_A_hoverpairs_f003354.jpg,S3_A_hoverpairs,3354,3,atv_sherp+rc_car+truck_peterbilt,ok,ok,human_confirmed,
S3_A_hoverpairs_f003360.jpg,S3_A_hoverpairs,3360,3,atv_sherp+rc_car+truck_peterbilt,ok,ok,human_confirmed,
S3_A_hoverpairs_f003366.jpg,S3_A_hoverpairs,3366,3,atv_sherp+rc_car+truck_peterbilt,ok,ok,human_confirmed,
S3_A_hoverpairs_f003372.jpg,S3_A_hoverpairs,3372,3,atv_sherp+rc_car+truck_peterbilt,ok,ok,human_confirmed,
S3_A_hoverpairs_f003378.jpg,S3_A_hoverpairs,3378,3,atv_sherp+rc_car+truck_peterbilt,ok,ok,human_confirmed,
S3_A_hoverpairs_f003384.jpg,S3_A_hoverpairs,3384,3,atv_sherp+rc_car+truck_peterbilt,ok,ok,human_confirmed,
S3_A_hoverpairs_f003390.jpg,S3_A_hoverpairs,3390,3,atv_sherp+rc_car+truck_peterbilt,ok,ok,human_confirmed,
S3_A_hoverpairs_f003396.jpg,S3_A_hoverpairs,3396,3,atv_sherp+rc_car+truck_peterbilt,ok,ok,human_confirmed,
S3_A_hoverpairs_f003402.jpg,S3_A_hoverpairs,3402,3,atv_sherp+rc_car+truck_peterbilt,ok,ok,human_confirmed,
S3_A_hoverpairs_f003408.jpg,S3_A_hoverpairs,3408,3,atv_sherp+rc_car+truck_peterbilt,ok,ok,human_confirmed,
S3_A_hoverpairs_f003414.jpg,S3_A_hoverpairs,3414,3,atv_sherp+rc_car+truck_peterbilt,ok,ok,human_confirmed,
S3_A_hoverpairs_f003420.jpg,S3_A_hoverpairs,3420,3,atv_sherp+rc_car+truck_peterbilt,ok,ok,human_confirmed,
S3_A_hoverpairs_f003426.jpg,S3_A_hoverpairs,3426,3,atv_sherp+rc_car+truck_peterbilt,ok,ok,human_confirmed,
S3_A_hoverpairs_f003432.jpg,S3_A_hoverpairs,3432,3,atv_sherp+rc_car+truck_peterbilt,ok,ok,human_confirmed,
S3_A_hoverpairs_f003438.jpg,S3_A_hoverpairs,3438,3,atv_sherp+rc_car+truck_peterbilt,ok,ok,human_confirmed,
S3_A_hoverpairs_f003444.jpg,S3_A_hoverpairs,3444,3,atv_sherp+rc_car+truck_peterbilt,ok,ok,human_confirmed,
S3_A_hoverpairs_f003450.jpg,S3_A_hoverpairs,3450,3,atv_sherp+rc_car+truck_peterbilt,ok,ok,human_confirmed,
S3_A_hoverpairs_f003456.jpg,S3_A_hoverpairs,3456,3,atv_sherp+rc_car+truck_peterbilt,ok,ok,human_confirmed,
S3_A_hoverpairs_f003462.jpg,S3_A_hoverpairs,3462,3,atv_sherp+rc_car+truck_peterbilt,ok,ok,human_confirmed,
S3_A_hoverpairs_f003468.jpg,S3_A_hoverpairs,3468,3,atv_sherp+rc_car+truck_peterbilt,ok,ok,human_confirmed,
S3_A_hoverpairs_f003474.jpg,S3_A_hoverpairs,3474,3,atv_sherp+rc_car+truck_peterbilt,ok,ok,human_confirmed,
S3_A_hoverpairs_f003480.jpg,S3_A_hoverpairs,3480,3,atv_sherp+rc_car+truck_peterbilt,ok,ok,human_confirmed,
S3_A_hoverpairs_f003486.jpg,S3_A_hoverpairs,3486,3,atv_sherp+rc_car+truck_peterbilt,ok,ok,human_confirmed,
S3_A_hoverpairs_f003492.jpg,S3_A_hoverpairs,3492,3,atv_sherp+rc_car+truck_peterbilt,ok,ok,human_confirmed,
S3_A_hoverpairs_f003498.jpg,S3_A_hoverpairs,3498,3,atv_sherp+rc_car+truck_peterbilt,ok,ok,human_confirmed,
S3_A_hoverpairs_f003504.jpg,S3_A_hoverpairs,3504,3,atv_sherp+rc_car+truck_peterbilt,ok,ok,human_confirmed,75
S3_A_hoverpairs_f003510.jpg,S3_A_hoverpairs,3510,3,atv_sherp+rc_car+truck_peterbilt,ok,ok,human_confirmed,75
S3_A_hoverpairs_f003516.jpg,S3_A_hoverpairs,3516,3,atv_sherp+rc_car+truck_peterbilt,ok,ok,human_confirmed,75
S3_A_hoverpairs_f003522.jpg,S3_A_hoverpairs,3522,3,atv_sherp+rc_car+truck_peterbilt,ok,ok,human_confirmed,75
S3_A_hoverpairs_f003528.jpg,S3_A_hoverpairs,3528,3,atv_sherp+rc_car+truck_peterbilt,ok,ok,human_confirmed,75
S3_A_hoverpairs_f003534.jpg,S3_A_hoverpairs,3534,3,atv_sherp+rc_car+truck_peterbilt,ok,ok,human_confirmed,75
S3_A_hoverpairs_f003540.jpg,S3_A_hoverpairs,3540,3,atv_sherp+rc_car+truck_peterbilt,ok,ok,human_confirmed,75
S3_A_hoverpairs_f003546.jpg,S3_A_hoverpairs,3546,3,atv_sherp+rc_car+truck_peterbilt,ok,ok,human_confirmed,75
S3_A_hoverpairs_f003552.jpg,S3_A_hoverpairs,3552,3,atv_sherp+rc_car+truck_peterbilt,ok,ok,human_confirmed,75
S3_A_hoverpairs_f003558.jpg,S3_A_hoverpairs,3558,3,atv_sherp+rc_car+truck_peterbilt,ok,ok,human_confirmed,75
S3_A_hoverpairs_f003564.jpg,S3_A_hoverpairs,3564,3,atv_sherp+rc_car+truck_peterbilt,ok,ok,human_confirmed,75
S3_A_hoverpairs_f003570.jpg,S3_A_hoverpairs,3570,3,atv_sherp+rc_car+truck_peterbilt,ok,ok,human_confirmed,75
S3_A_hoverpairs_f003576.jpg,S3_A_hoverpairs,3576,3,atv_sherp+rc_car+truck_peterbilt,ok,ok,human_confirmed,75
S3_A_hoverpairs_f003582.jpg,S3_A_hoverpairs,3582,3,atv_sherp+rc_car+truck_peterbilt,ok,ok,human_confirmed,75
S3_A_hoverpairs_f003588.jpg,S3_A_hoverpairs,3588,3,atv_sherp+rc_car+truck_peterbilt,ok,ok,human_confirmed,75
S3_A_hoverpairs_f003594.jpg,S3_A_hoverpairs,3594,3,atv_sherp+rc_car+truck_peterbilt,ok,ok,human_confirmed,75
S3_A_hoverpairs_f003600.jpg,S3_A_hoverpairs,3600,3,atv_sherp+rc_car+truck_peterbilt,ok,ok,human_confirmed,75
S3_A_hoverpairs_f003606.jpg,S3_A_hoverpairs,3606,3,atv_sherp+rc_car+truck_peterbilt,ok,ok,human_confirmed,75
S3_A_hoverpairs_f003612.jpg,S3_A_hoverpairs,3612,3,atv_sherp+rc_car+truck_peterbilt,ok,ok,human_confirmed,75
S3_A_hoverpairs_f003618.jpg,S3_A_hoverpairs,3618,3,atv_sherp+rc_car+truck_peterbilt,ok,ok,human_confirmed,75
S3_A_hoverpairs_f003624.jpg,S3_A_hoverpairs,3624,3,atv_sherp+rc_car+truck_peterbilt,ok,ok,human_confirmed,75
S3_A_hoverpairs_f003630.jpg,S3_A_hoverpairs,3630,3,atv_sherp+rc_car+truck_peterbilt,ok,ok,human_confirmed,75
S3_A_hoverpairs_f003636.jpg,S3_A_hoverpairs,3636,3,atv_sherp+rc_car+truck_peterbilt,ok,ok,human_confirmed,75
S3_A_hoverpairs_f003642.jpg,S3_A_hoverpairs,3642,3,atv_sherp+rc_car+truck_peterbilt,ok,ok,human_confirmed,75
S3_A_hoverpairs_f003648.jpg,S3_A_hoverpairs,3648,3,atv_sherp+rc_car+truck_peterbilt,ok,ok,human_confirmed,75
S3_A_hoverpairs_f003654.jpg,S3_A_hoverpairs,3654,3,atv_sherp+rc_car+truck_peterbilt,ok,ok,human_confirmed,75
S3_A_hoverpairs_f003660.jpg,S3_A_hoverpairs,3660,3,atv_sherp+rc_car+truck_peterbilt,ok,ok,human_confirmed,75
S3_A_hoverpairs_f003666.jpg,S3_A_hoverpairs,3666,3,atv_sherp+rc_car+truck_peterbilt,ok,ok,human_confirmed,75
S3_A_hoverpairs_f003672.jpg,S3_A_hoverpairs,3672,3,atv_sherp+rc_car+truck_peterbilt,ok,ok,human_confirmed,75
S3_A_hoverpairs_f003678.jpg,S3_A_hoverpairs,3678,3,atv_sherp+rc_car+truck_peterbilt,ok,ok,human_confirmed,75
S3_A_hoverpairs_f003684.jpg,S3_A_hoverpairs,3684,3,atv_sherp+rc_car+truck_peterbilt,ok,ok,human_confirmed,75
S3_A_hoverpairs_f003690.jpg,S3_A_hoverpairs,3690,3,atv_sherp+rc_car+truck_peterbilt,ok,ok,human_confirmed,75
S3_A_hoverpairs_f003696.jpg,S3_A_hoverpairs,3696,3,atv_sherp+rc_car+truck_peterbilt,ok,ok,human_confirmed,75
S3_A_hoverpairs_f003702.jpg,S3_A_hoverpairs,3702,3,atv_sherp+rc_car+truck_peterbilt,ok,ok,human_confirmed,75
S3_A_hoverpairs_f003708.jpg,S3_A_hoverpairs,3708,3,atv_sherp+rc_car+truck_peterbilt,ok,ok,human_confirmed,75
S3_A_hoverpairs_f003714.jpg,S3_A_hoverpairs,3714,3,atv_sherp+rc_car+truck_peterbilt,ok,ok,human_confirmed,75
S3_A_hoverpairs_f003720.jpg,S3_A_hoverpairs,3720,3,atv_sherp+rc_car+truck_peterbilt,ok,ok,human_confirmed,75
S3_A_hoverpairs_f003726.jpg,S3_A_hoverpairs,3726,3,atv_sherp+rc_car+truck_peterbilt,ok,ok,human_confirmed,75
S3_A_hoverpairs_f003732.jpg,S3_A_hoverpairs,3732,3,atv_sherp+rc_car+truck_peterbilt,ok,ok,human_confirmed,75
S3_A_hoverpairs_f003738.jpg,S3_A_hoverpairs,3738,3,atv_sherp+rc_car+truck_peterbilt,ok,ok,human_confirmed,
S3_A_hoverpairs_f003744.jpg,S3_A_hoverpairs,3744,3,atv_sherp+rc_car+truck_peterbilt,ok,ok,human_confirmed,
S3_A_hoverpairs_f003750.jpg,S3_A_hoverpairs,3750,3,atv_sherp+rc_car+truck_peterbilt,ok,ok,human_confirmed,
S3_A_hoverpairs_f003756.jpg,S3_A_hoverpairs,3756,3,atv_sherp+rc_car+truck_peterbilt,ok,ok,human_confirmed,
S3_A_hoverpairs_f003762.jpg,S3_A_hoverpairs,3762,3,atv_sherp+rc_car+truck_peterbilt,ok,ok,human_confirmed,
S3_A_hoverpairs_f003768.jpg,S3_A_hoverpairs,3768,3,atv_sherp+rc_car+truck_peterbilt,ok,ok,human_confirmed,
S3_A_hoverpairs_f003774.jpg,S3_A_hoverpairs,3774,3,atv_sherp+rc_car+truck_peterbilt,ok,ok,human_confirmed,
S3_A_hoverpairs_f003780.jpg,S3_A_hoverpairs,3780,3,atv_sherp+rc_car+truck_peterbilt,ok,ok,human_confirmed,
S3_A_hoverpairs_f003786.jpg,S3_A_hoverpairs,3786,3,atv_sherp+rc_car+truck_peterbilt,ok,ok,human_confirmed,
S3_A_hoverpairs_f003792.jpg,S3_A_hoverpairs,3792,3,atv_sherp+rc_car+truck_peterbilt,ok,ok,human_confirmed,
S3_A_hoverpairs_f003798.jpg,S3_A_hoverpairs,3798,3,atv_sherp+rc_car+truck_peterbilt,ok,ok,human_confirmed,
S3_A_hoverpairs_f003804.jpg,S3_A_hoverpairs,3804,3,atv_sherp+rc_car+truck_peterbilt,ok,ok,human_confirmed,
S3_A_hoverpairs_f003810.jpg,S3_A_hoverpairs,3810,3,atv_sherp+rc_car+truck_peterbilt,ok,ok,human_confirmed,
S3_A_hoverpairs_f003816.jpg,S3_A_hoverpairs,3816,3,atv_sherp+rc_car+truck_peterbilt,ok,ok,human_confirmed,
S3_A_hoverpairs_f003822.jpg,S3_A_hoverpairs,3822,3,atv_sherp+rc_car+truck_peterbilt,ok,ok,human_confirmed,
S3_A_hoverpairs_f003828.jpg,S3_A_hoverpairs,3828,2,atv_sherp+rc_car,ok,ok,human_confirmed,
S3_A_hoverpairs_f003834.jpg,S3_A_hoverpairs,3834,3,atv_sherp+rc_car+truck_peterbilt,ok,ok,human_confirmed,
S3_A_hoverpairs_f003840.jpg,S3_A_hoverpairs,3840,3,atv_sherp+rc_car+truck_peterbilt,ok,ok,human_confirmed,
S3_A_hoverpairs_f003846.jpg,S3_A_hoverpairs,3846,3,atv_sherp+rc_car+truck_peterbilt,ok,ok,human_confirmed,
S3_A_hoverpairs_f003852.jpg,S3_A_hoverpairs,3852,3,atv_sherp+rc_car+truck_peterbilt,ok,ok,human_confirmed,
S3_A_hoverpairs_f003858.jpg,S3_A_hoverpairs,3858,3,atv_sherp+rc_car+truck_peterbilt,ok,ok,human_confirmed,
S3_A_hoverpairs_f003864.jpg,S3_A_hoverpairs,3864,3,atv_sherp+rc_car+truck_peterbilt,ok,ok,human_confirmed,
S3_A_hoverpairs_f003870.jpg,S3_A_hoverpairs,3870,3,atv_sherp+rc_car+truck_peterbilt,ok,ok,human_confirmed,
S3_A_hoverpairs_f003876.jpg,S3_A_hoverpairs,3876,3,atv_sherp+rc_car+truck_peterbilt,ok,ok,human_confirmed,
S3_A_hoverpairs_f003882.jpg,S3_A_hoverpairs,3882,3,atv_sherp+rc_car+truck_peterbilt,ok,ok,human_confirmed,0
S3_A_hoverpairs_f003888.jpg,S3_A_hoverpairs,3888,3,atv_sherp+rc_car+truck_peterbilt,ok,ok,human_confirmed,0
S3_A_hoverpairs_f003894.jpg,S3_A_hoverpairs,3894,3,atv_sherp+rc_car+truck_peterbilt,ok,ok,human_confirmed,0
S3_A_hoverpairs_f003900.jpg,S3_A_hoverpairs,3900,3,atv_sherp+rc_car+truck_peterbilt,ok,ok,human_confirmed,0
S3_A_hoverpairs_f003906.jpg,S3_A_hoverpairs,3906,3,atv_sherp+rc_car+truck_peterbilt,ok,ok,human_confirmed,0
S3_A_hoverpairs_f003912.jpg,S3_A_hoverpairs,3912,3,atv_sherp+rc_car+truck_peterbilt,ok,ok,human_confirmed,0
S3_A_hoverpairs_f003918.jpg,S3_A_hoverpairs,3918,3,atv_sherp+rc_car+truck_peterbilt,ok,ok,human_confirmed,0
S3_A_hoverpairs_f003924.jpg,S3_A_hoverpairs,3924,3,atv_sherp+rc_car+truck_peterbilt,ok,ok,human_confirmed,0
S3_A_hoverpairs_f003930.jpg,S3_A_hoverpairs,3930,3,atv_sherp+rc_car+truck_peterbilt,ok,ok,human_confirmed,0
S3_A_hoverpairs_f003936.jpg,S3_A_hoverpairs,3936,3,atv_sherp+rc_car+truck_peterbilt,ok,ok,human_confirmed,0
S3_A_hoverpairs_f003942.jpg,S3_A_hoverpairs,3942,3,atv_sherp+rc_car+truck_peterbilt,ok,ok,human_confirmed,0
S3_A_hoverpairs_f003948.jpg,S3_A_hoverpairs,3948,3,atv_sherp+rc_car+truck_peterbilt,ok,ok,human_confirmed,0
S3_A_hoverpairs_f003954.jpg,S3_A_hoverpairs,3954,3,atv_sherp+rc_car+truck_peterbilt,ok,ok,human_confirmed,0
S3_A_hoverpairs_f003960.jpg,S3_A_hoverpairs,3960,3,atv_sherp+rc_car+truck_peterbilt,ok,ok,human_confirmed,0
S3_A_hoverpairs_f003966.jpg,S3_A_hoverpairs,3966,3,atv_sherp+rc_car+truck_peterbilt,ok,ok,human_confirmed,0
S3_A_hoverpairs_f003972.jpg,S3_A_hoverpairs,3972,3,atv_sherp+rc_car+truck_peterbilt,ok,ok,human_confirmed,0
S3_A_hoverpairs_f003978.jpg,S3_A_hoverpairs,3978,3,atv_sherp+rc_car+truck_peterbilt,ok,ok,human_confirmed,0
S3_A_hoverpairs_f003984.jpg,S3_A_hoverpairs,3984,3,atv_sherp+rc_car+truck_peterbilt,ok,ok,human_confirmed,0
S3_A_hoverpairs_f003990.jpg,S3_A_hoverpairs,3990,3,atv_sherp+rc_car+truck_peterbilt,ok,ok,human_confirmed,0
S3_A_hoverpairs_f003996.jpg,S3_A_hoverpairs,3996,3,atv_sherp+rc_car+truck_peterbilt,ok,ok,human_confirmed,0
S3_A_hoverpairs_f004002.jpg,S3_A_hoverpairs,4002,3,atv_sherp+rc_car+truck_peterbilt,ok,ok,human_confirmed,0
S3_A_hoverpairs_f004008.jpg,S3_A_hoverpairs,4008,3,atv_sherp+rc_car+truck_peterbilt,ok,ok,human_confirmed,0
S3_A_hoverpairs_f004014.jpg,S3_A_hoverpairs,4014,3,atv_sherp+rc_car+truck_peterbilt,ok,ok,human_confirmed,0
S3_A_hoverpairs_f004020.jpg,S3_A_hoverpairs,4020,3,atv_sherp+rc_car+truck_peterbilt,ok,ok,human_confirmed,0
S3_A_hoverpairs_f004026.jpg,S3_A_hoverpairs,4026,3,atv_sherp+rc_car+truck_peterbilt,ok,ok,human_confirmed,0
S3_A_hoverpairs_f004032.jpg,S3_A_hoverpairs,4032,3,atv_sherp+rc_car+truck_peterbilt,ok,ok,human_confirmed,0
S3_A_hoverpairs_f004038.jpg,S3_A_hoverpairs,4038,3,atv_sherp+rc_car+truck_peterbilt,ok,ok,human_confirmed,0
S3_A_hoverpairs_f004044.jpg,S3_A_hoverpairs,4044,3,atv_sherp+rc_car+truck_peterbilt,ok,ok,human_confirmed,0
S3_A_hoverpairs_f004050.jpg,S3_A_hoverpairs,4050,3,atv_sherp+rc_car+truck_peterbilt,ok,ok,human_confirmed,0
S3_A_hoverpairs_f004056.jpg,S3_A_hoverpairs,4056,3,atv_sherp+rc_car+truck_peterbilt,ok,ok,human_confirmed,0
S3_A_hoverpairs_f004062.jpg,S3_A_hoverpairs,4062,3,atv_sherp+rc_car+truck_peterbilt,ok,ok,human_confirmed,0
S3_A_hoverpairs_f004068.jpg,S3_A_hoverpairs,4068,3,atv_sherp+rc_car+truck_peterbilt,ok,ok,human_confirmed,0
S3_A_hoverpairs_f004074.jpg,S3_A_hoverpairs,4074,3,atv_sherp+rc_car+truck_peterbilt,ok,ok,human_confirmed,0
S3_A_hoverpairs_f004080.jpg,S3_A_hoverpairs,4080,3,atv_sherp+rc_car+truck_peterbilt,ok,ok,human_confirmed,0
S3_A_hoverpairs_f004086.jpg,S3_A_hoverpairs,4086,3,atv_sherp+rc_car+truck_peterbilt,ok,ok,human_confirmed,0
S3_A_hoverpairs_f004092.jpg,S3_A_hoverpairs,4092,3,atv_sherp+rc_car+truck_peterbilt,ok,ok,human_confirmed,0
S3_A_hoverpairs_f004098.jpg,S3_A_hoverpairs,4098,3,atv_sherp+rc_car+truck_peterbilt,ok,ok,human_confirmed,0
S3_A_hoverpairs_f004104.jpg,S3_A_hoverpairs,4104,2,atv_sherp+truck_peterbilt,ok,ok,human_confirmed,0
S3_A_hoverpairs_f004110.jpg,S3_A_hoverpairs,4110,2,atv_sherp+truck_peterbilt,ok,ok,human_confirmed,0
S3_A_hoverpairs_f004116.jpg,S3_A_hoverpairs,4116,2,atv_sherp+truck_peterbilt,ok,ok,human_confirmed,0
S3_A_hoverpairs_f004122.jpg,S3_A_hoverpairs,4122,2,atv_sherp+truck_peterbilt,ok,ok,human_confirmed,0
S3_A_hoverpairs_f004128.jpg,S3_A_hoverpairs,4128,2,atv_sherp+truck_peterbilt,ok,ok,human_confirmed,0
S3_A_hoverpairs_f004134.jpg,S3_A_hoverpairs,4134,2,atv_sherp+truck_peterbilt,ok,ok,human_confirmed,0
S3_A_hoverpairs_f004140.jpg,S3_A_hoverpairs,4140,2,atv_sherp+truck_peterbilt,ok,ok,human_confirmed,0
S3_A_hoverpairs_f004146.jpg,S3_A_hoverpairs,4146,2,atv_sherp+truck_peterbilt,ok,ok,human_confirmed,0
S3_A_hoverpairs_f004152.jpg,S3_A_hoverpairs,4152,2,atv_sherp+truck_peterbilt,ok,ok,human_confirmed,0
S3_A_hoverpairs_f004158.jpg,S3_A_hoverpairs,4158,2,atv_sherp+truck_peterbilt,ok,ok,human_confirmed,0
S3_A_hoverpairs_f004164.jpg,S3_A_hoverpairs,4164,2,atv_sherp+truck_peterbilt,ok,ok,human_confirmed,0
S3_A_hoverpairs_f004170.jpg,S3_A_hoverpairs,4170,2,atv_sherp+truck_peterbilt,ok,ok,human_confirmed,0
S3_A_hoverpairs_f004176.jpg,S3_A_hoverpairs,4176,2,atv_sherp+truck_peterbilt,ok,ok,human_confirmed,0
S3_A_hoverpairs_f004182.jpg,S3_A_hoverpairs,4182,2,atv_sherp+truck_peterbilt,ok,ok,human_confirmed,0
S3_A_hoverpairs_f004188.jpg,S3_A_hoverpairs,4188,2,atv_sherp+truck_peterbilt,ok,ok,human_confirmed,0
S3_A_hoverpairs_f004194.jpg,S3_A_hoverpairs,4194,2,atv_sherp+truck_peterbilt,ok,ok,human_confirmed,0
S3_A_hoverpairs_f004200.jpg,S3_A_hoverpairs,4200,2,atv_sherp+truck_peterbilt,ok,ok,human_confirmed,0
S3_A_hoverpairs_f004206.jpg,S3_A_hoverpairs,4206,2,atv_sherp+truck_peterbilt,ok,ok,human_confirmed,0
S3_A_hoverpairs_f004212.jpg,S3_A_hoverpairs,4212,2,atv_sherp+truck_peterbilt,ok,ok,human_confirmed,0
S3_A_hoverpairs_f004218.jpg,S3_A_hoverpairs,4218,2,atv_sherp+truck_peterbilt,ok,ok,human_confirmed,0
S3_A_hoverpairs_f004224.jpg,S3_A_hoverpairs,4224,2,atv_sherp+truck_peterbilt,ok,ok,human_confirmed,0
S3_A_hoverpairs_f004230.jpg,S3_A_hoverpairs,4230,2,atv_sherp+truck_peterbilt,ok,ok,human_confirmed,0
S3_A_hoverpairs_f004236.jpg,S3_A_hoverpairs,4236,2,atv_sherp+truck_peterbilt,ok,ok,human_confirmed,0
S3_A_hoverpairs_f004242.jpg,S3_A_hoverpairs,4242,2,atv_sherp+truck_peterbilt,ok,ok,human_confirmed,0
S3_A_hoverpairs_f004248.jpg,S3_A_hoverpairs,4248,2,atv_sherp+truck_peterbilt,ok,ok,human_confirmed,0
S3_A_hoverpairs_f004254.jpg,S3_A_hoverpairs,4254,2,atv_sherp+truck_peterbilt,ok,ok,human_confirmed,0
S3_A_hoverpairs_f004260.jpg,S3_A_hoverpairs,4260,2,atv_sherp+truck_peterbilt,ok,ok,human_confirmed,0
S3_A_hoverpairs_f004266.jpg,S3_A_hoverpairs,4266,2,atv_sherp+truck_peterbilt,ok,ok,human_confirmed,0
S3_A_hoverpairs_f004272.jpg,S3_A_hoverpairs,4272,2,atv_sherp+truck_peterbilt,ok,ok,human_confirmed,0
S3_A_hoverpairs_f004278.jpg,S3_A_hoverpairs,4278,2,atv_sherp+truck_peterbilt,ok,ok,human_confirmed,0
S3_A_hoverpairs_f004284.jpg,S3_A_hoverpairs,4284,2,atv_sherp+truck_peterbilt,ok,ok,human_confirmed,0
S3_A_hoverpairs_f004290.jpg,S3_A_hoverpairs,4290,2,atv_sherp+truck_peterbilt,ok,ok,human_confirmed,0
S3_A_hoverpairs_f004296.jpg,S3_A_hoverpairs,4296,2,atv_sherp+truck_peterbilt,ok,ok,human_confirmed,0
S3_A_hoverpairs_f004302.jpg,S3_A_hoverpairs,4302,2,atv_sherp+truck_peterbilt,ok,ok,human_confirmed,0
S3_A_hoverpairs_f004308.jpg,S3_A_hoverpairs,4308,2,atv_sherp+truck_peterbilt,ok,ok,human_confirmed,0
S3_A_hoverpairs_f004314.jpg,S3_A_hoverpairs,4314,2,atv_sherp+truck_peterbilt,ok,ok,human_confirmed,0
S3_A_hoverpairs_f004320.jpg,S3_A_hoverpairs,4320,2,atv_sherp+truck_peterbilt,ok,ok,human_confirmed,0
S3_A_hoverpairs_f004326.jpg,S3_A_hoverpairs,4326,2,atv_sherp+truck_peterbilt,ok,ok,human_confirmed,0
S3_A_hoverpairs_f004332.jpg,S3_A_hoverpairs,4332,2,atv_sherp+truck_peterbilt,ok,ok,human_confirmed,0
S3_A_hoverpairs_f004338.jpg,S3_A_hoverpairs,4338,2,atv_sherp+truck_peterbilt,ok,ok,human_confirmed,0
S3_A_hoverpairs_f004344.jpg,S3_A_hoverpairs,4344,2,atv_sherp+truck_peterbilt,ok,ok,human_confirmed,0
S3_A_hoverpairs_f004350.jpg,S3_A_hoverpairs,4350,2,atv_sherp+truck_peterbilt,ok,ok,human_confirmed,0
S3_A_hoverpairs_f004356.jpg,S3_A_hoverpairs,4356,2,atv_sherp+truck_peterbilt,ok,ok,human_confirmed,0
S3_A_hoverpairs_f004362.jpg,S3_A_hoverpairs,4362,2,atv_sherp+truck_peterbilt,ok,ok,human_confirmed,0
S3_A_hoverpairs_f004368.jpg,S3_A_hoverpairs,4368,2,atv_sherp+truck_peterbilt,ok,ok,human_confirmed,0
S3_A_hoverpairs_f004374.jpg,S3_A_hoverpairs,4374,2,atv_sherp+truck_peterbilt,ok,ok,human_confirmed,0
S3_A_hoverpairs_f004380.jpg,S3_A_hoverpairs,4380,2,atv_sherp+truck_peterbilt,ok,ok,human_confirmed,0
S3_A_hoverpairs_f004386.jpg,S3_A_hoverpairs,4386,2,atv_sherp+truck_peterbilt,ok,ok,human_confirmed,0
S3_A_hoverpairs_f004392.jpg,S3_A_hoverpairs,4392,2,atv_sherp+truck_peterbilt,ok,ok,human_confirmed,0
S3_A_hoverpairs_f004398.jpg,S3_A_hoverpairs,4398,2,atv_sherp+truck_peterbilt,ok,ok,human_confirmed,0
S3_A_hoverpairs_f004404.jpg,S3_A_hoverpairs,4404,2,atv_sherp+truck_peterbilt,ok,ok,human_confirmed,0
S3_A_hoverpairs_f004410.jpg,S3_A_hoverpairs,4410,2,atv_sherp+truck_peterbilt,ok,ok,human_confirmed,0
S3_A_hoverpairs_f004416.jpg,S3_A_hoverpairs,4416,2,atv_sherp+truck_peterbilt,ok,ok,human_confirmed,0
S3_A_hoverpairs_f004422.jpg,S3_A_hoverpairs,4422,2,atv_sherp+truck_peterbilt,ok,ok,human_confirmed,0
S3_A_hoverpairs_f004428.jpg,S3_A_hoverpairs,4428,2,atv_sherp+truck_peterbilt,ok,ok,human_confirmed,0
S3_A_hoverpairs_f004434.jpg,S3_A_hoverpairs,4434,2,atv_sherp+truck_peterbilt,ok,ok,human_confirmed,0
S3_A_hoverpairs_f004440.jpg,S3_A_hoverpairs,4440,2,atv_sherp+truck_peterbilt,ok,ok,human_confirmed,0
S3_A_hoverpairs_f004446.jpg,S3_A_hoverpairs,4446,2,atv_sherp+truck_peterbilt,ok,ok,human_confirmed,0
S3_A_hoverpairs_f004452.jpg,S3_A_hoverpairs,4452,2,atv_sherp+truck_peterbilt,ok,ok,human_confirmed,0
S3_A_hoverpairs_f004458.jpg,S3_A_hoverpairs,4458,2,atv_sherp+truck_peterbilt,ok,ok,human_confirmed,0
S3_A_hoverpairs_f004464.jpg,S3_A_hoverpairs,4464,2,atv_sherp+truck_peterbilt,ok,ok,human_confirmed,0
S3_A_hoverpairs_f004470.jpg,S3_A_hoverpairs,4470,2,atv_sherp+truck_peterbilt,ok,ok,human_confirmed,0
S3_A_hoverpairs_f004476.jpg,S3_A_hoverpairs,4476,2,atv_sherp+truck_peterbilt,ok,ok,human_confirmed,0
S3_A_hoverpairs_f004482.jpg,S3_A_hoverpairs,4482,2,atv_sherp+truck_peterbilt,ok,ok,human_confirmed,0
S3_A_hoverpairs_f004488.jpg,S3_A_hoverpairs,4488,2,atv_sherp+truck_peterbilt,ok,ok,human_confirmed,0
S3_A_hoverpairs_f004494.jpg,S3_A_hoverpairs,4494,2,atv_sherp+truck_peterbilt,ok,ok,human_confirmed,0
S3_A_hoverpairs_f004500.jpg,S3_A_hoverpairs,4500,2,atv_sherp+truck_peterbilt,ok,ok,human_confirmed,0
S3_A_hoverpairs_f004506.jpg,S3_A_hoverpairs,4506,2,atv_sherp+truck_peterbilt,ok,ok,human_confirmed,0
S3_A_hoverpairs_f004512.jpg,S3_A_hoverpairs,4512,2,atv_sherp+truck_peterbilt,ok,ok,human_confirmed,0
S3_A_hoverpairs_f004518.jpg,S3_A_hoverpairs,4518,2,atv_sherp+truck_peterbilt,ok,ok,human_confirmed,0
S3_A_hoverpairs_f004524.jpg,S3_A_hoverpairs,4524,2,atv_sherp+truck_peterbilt,ok,ok,human_confirmed,0
S3_A_hoverpairs_f004530.jpg,S3_A_hoverpairs,4530,2,atv_sherp+truck_peterbilt,ok,ok,human_confirmed,0
S3_A_hoverpairs_f004536.jpg,S3_A_hoverpairs,4536,2,atv_sherp+truck_peterbilt,ok,ok,human_confirmed,0
S3_A_hoverpairs_f004542.jpg,S3_A_hoverpairs,4542,2,atv_sherp+truck_peterbilt,ok,ok,human_confirmed,0
S3_A_hoverpairs_f004548.jpg,S3_A_hoverpairs,4548,2,atv_sherp+truck_peterbilt,ok,ok,human_confirmed,0
S3_A_hoverpairs_f004554.jpg,S3_A_hoverpairs,4554,2,atv_sherp+truck_peterbilt,ok,ok,human_confirmed,
S3_A_hoverpairs_f004560.jpg,S3_A_hoverpairs,4560,2,atv_sherp+truck_peterbilt,ok,ok,human_confirmed,
S3_A_hoverpairs_f004566.jpg,S3_A_hoverpairs,4566,2,atv_sherp+truck_peterbilt,ok,ok,human_confirmed,
S3_A_hoverpairs_f004572.jpg,S3_A_hoverpairs,4572,2,atv_sherp+truck_peterbilt,ok,ok,human_confirmed,
S3_A_hoverpairs_f004578.jpg,S3_A_hoverpairs,4578,2,atv_sherp+truck_peterbilt,ok,ok,human_confirmed,
S3_A_hoverpairs_f004584.jpg,S3_A_hoverpairs,4584,2,atv_sherp+truck_peterbilt,ok,ok,human_confirmed,
S3_A_hoverpairs_f004590.jpg,S3_A_hoverpairs,4590,2,atv_sherp+truck_peterbilt,ok,ok,human_confirmed,
S3_A_hoverpairs_f004596.jpg,S3_A_hoverpairs,4596,2,atv_sherp+truck_peterbilt,ok,ok,human_confirmed,
S3_A_hoverpairs_f004602.jpg,S3_A_hoverpairs,4602,2,atv_sherp+truck_peterbilt,ok,ok,human_confirmed,
S3_A_hoverpairs_f004608.jpg,S3_A_hoverpairs,4608,2,atv_sherp+truck_peterbilt,ok,ok,human_confirmed,
S3_A_hoverpairs_f004614.jpg,S3_A_hoverpairs,4614,2,atv_sherp+truck_peterbilt,ok,ok,human_confirmed,
S3_A_hoverpairs_f004620.jpg,S3_A_hoverpairs,4620,2,atv_sherp+truck_peterbilt,ok,ok,human_confirmed,
S3_sizesweep_f000000.jpg,S3_sizesweep,0,3,atv_sherp+rc_car+truck_peterbilt,ok,ok,human_confirmed,
S3_sizesweep_f000006.jpg,S3_sizesweep,6,3,atv_sherp+rc_car+truck_peterbilt,ok,ok,human_confirmed,
S3_sizesweep_f000012.jpg,S3_sizesweep,12,3,atv_sherp+rc_car+truck_peterbilt,ok,ok,human_confirmed,
S3_sizesweep_f000018.jpg,S3_sizesweep,18,3,atv_sherp+rc_car+truck_peterbilt,ok,ok,human_confirmed,
S3_sizesweep_f000024.jpg,S3_sizesweep,24,3,atv_sherp+rc_car+truck_peterbilt,ok,ok,human_confirmed,
S3_sizesweep_f000030.jpg,S3_sizesweep,30,3,atv_sherp+rc_car+truck_peterbilt,ok,ok,human_confirmed,
S3_sizesweep_f000036.jpg,S3_sizesweep,36,3,atv_sherp+rc_car+truck_peterbilt,ok,ok,human_confirmed,
S3_sizesweep_f000042.jpg,S3_sizesweep,42,3,atv_sherp+rc_car+truck_peterbilt,ok,ok,human_confirmed,
S3_sizesweep_f000048.jpg,S3_sizesweep,48,3,atv_sherp+rc_car+truck_peterbilt,ok,ok,human_confirmed,
S3_sizesweep_f000054.jpg,S3_sizesweep,54,3,atv_sherp+rc_car+truck_peterbilt,ok,ok,human_confirmed,
S3_sizesweep_f000060.jpg,S3_sizesweep,60,3,atv_sherp+rc_car+truck_peterbilt,ok,ok,human_confirmed,
S3_sizesweep_f000066.jpg,S3_sizesweep,66,3,atv_sherp+rc_car+truck_peterbilt,ok,ok,human_confirmed,
S3_sizesweep_f000072.jpg,S3_sizesweep,72,3,atv_sherp+rc_car+truck_peterbilt,ok,ok,human_confirmed,
S3_sizesweep_f000078.jpg,S3_sizesweep,78,3,atv_sherp+rc_car+truck_peterbilt,ok,ok,human_confirmed,
S3_sizesweep_f000084.jpg,S3_sizesweep,84,3,atv_sherp+rc_car+truck_peterbilt,ok,ok,human_confirmed,
S3_sizesweep_f000090.jpg,S3_sizesweep,90,3,atv_sherp+rc_car+truck_peterbilt,ok,ok,human_confirmed,
S3_sizesweep_f000096.jpg,S3_sizesweep,96,3,atv_sherp+rc_car+truck_peterbilt,ok,ok,human_confirmed,
S3_sizesweep_f000102.jpg,S3_sizesweep,102,3,atv_sherp+rc_car+truck_peterbilt,ok,ok,human_confirmed,
S3_sizesweep_f000108.jpg,S3_sizesweep,108,3,atv_sherp+rc_car+truck_peterbilt,ok,ok,human_confirmed,
S3_sizesweep_f000114.jpg,S3_sizesweep,114,3,atv_sherp+rc_car+truck_peterbilt,ok,ok,human_confirmed,
S3_sizesweep_f000120.jpg,S3_sizesweep,120,3,atv_sherp+rc_car+truck_peterbilt,ok,ok,human_confirmed,
S3_sizesweep_f000126.jpg,S3_sizesweep,126,3,atv_sherp+rc_car+truck_peterbilt,ok,ok,human_confirmed,
S3_sizesweep_f000132.jpg,S3_sizesweep,132,3,atv_sherp+rc_car+truck_peterbilt,ok,ok,human_confirmed,
S3_sizesweep_f000138.jpg,S3_sizesweep,138,3,atv_sherp+rc_car+truck_peterbilt,ok,ok,human_confirmed,
S3_sizesweep_f000144.jpg,S3_sizesweep,144,3,atv_sherp+rc_car+truck_peterbilt,ok,ok,human_confirmed,
S3_sizesweep_f000150.jpg,S3_sizesweep,150,3,atv_sherp+rc_car+truck_peterbilt,ok,ok,human_confirmed,
S3_sizesweep_f000156.jpg,S3_sizesweep,156,3,atv_sherp+rc_car+truck_peterbilt,ok,ok,human_confirmed,
S3_sizesweep_f000162.jpg,S3_sizesweep,162,3,atv_sherp+rc_car+truck_peterbilt,ok,ok,human_confirmed,
S3_sizesweep_f000168.jpg,S3_sizesweep,168,3,atv_sherp+rc_car+truck_peterbilt,ok,ok,human_confirmed,
S3_sizesweep_f000174.jpg,S3_sizesweep,174,3,atv_sherp+rc_car+truck_peterbilt,ok,ok,human_confirmed,
S3_sizesweep_f000180.jpg,S3_sizesweep,180,3,atv_sherp+rc_car+truck_peterbilt,ok,ok,human_confirmed,
S3_sizesweep_f000186.jpg,S3_sizesweep,186,3,atv_sherp+rc_car+truck_peterbilt,ok,ok,human_confirmed,
S3_sizesweep_f000192.jpg,S3_sizesweep,192,3,atv_sherp+rc_car+truck_peterbilt,ok,ok,human_confirmed,
S3_sizesweep_f000198.jpg,S3_sizesweep,198,3,atv_sherp+rc_car+truck_peterbilt,ok,ok,human_confirmed,
S3_sizesweep_f000204.jpg,S3_sizesweep,204,3,atv_sherp+rc_car+truck_peterbilt,ok,ok,human_confirmed,
S3_sizesweep_f000210.jpg,S3_sizesweep,210,3,atv_sherp+rc_car+truck_peterbilt,ok,ok,human_confirmed,
S3_sizesweep_f000216.jpg,S3_sizesweep,216,3,atv_sherp+rc_car+truck_peterbilt,ok,ok,human_confirmed,
S3_sizesweep_f000222.jpg,S3_sizesweep,222,3,atv_sherp+rc_car+truck_peterbilt,ok,ok,human_confirmed,
S3_sizesweep_f000228.jpg,S3_sizesweep,228,3,atv_sherp+rc_car+truck_peterbilt,ok,ok,human_confirmed,
S3_sizesweep_f000234.jpg,S3_sizesweep,234,3,atv_sherp+rc_car+truck_peterbilt,ok,ok,human_confirmed,
S3_sizesweep_f000240.jpg,S3_sizesweep,240,3,atv_sherp+rc_car+truck_peterbilt,ok,ok,human_confirmed,
S3_sizesweep_f000246.jpg,S3_sizesweep,246,3,atv_sherp+rc_car+truck_peterbilt,ok,ok,human_confirmed,
S3_sizesweep_f000252.jpg,S3_sizesweep,252,3,atv_sherp+rc_car+truck_peterbilt,ok,ok,human_confirmed,
S3_sizesweep_f000258.jpg,S3_sizesweep,258,3,atv_sherp+rc_car+truck_peterbilt,ok,ok,human_confirmed,
S3_sizesweep_f000264.jpg,S3_sizesweep,264,3,atv_sherp+rc_car+truck_peterbilt,ok,ok,human_confirmed,
S3_sizesweep_f000270.jpg,S3_sizesweep,270,3,atv_sherp+rc_car+truck_peterbilt,ok,ok,human_confirmed,
S3_sizesweep_f000276.jpg,S3_sizesweep,276,3,atv_sherp+rc_car+truck_peterbilt,ok,ok,human_confirmed,
S3_sizesweep_f000282.jpg,S3_sizesweep,282,3,atv_sherp+rc_car+truck_peterbilt,ok,ok,human_confirmed,
S3_sizesweep_f000288.jpg,S3_sizesweep,288,3,atv_sherp+rc_car+truck_peterbilt,ok,ok,human_confirmed,
S3_sizesweep_f000294.jpg,S3_sizesweep,294,3,atv_sherp+rc_car+truck_peterbilt,ok,ok,human_confirmed,
S3_sizesweep_f000300.jpg,S3_sizesweep,300,3,atv_sherp+rc_car+truck_peterbilt,ok,ok,human_confirmed,
S3_sizesweep_f000306.jpg,S3_sizesweep,306,3,atv_sherp+rc_car+truck_peterbilt,ok,ok,human_confirmed,
S3_sizesweep_f000312.jpg,S3_sizesweep,312,3,atv_sherp+rc_car+truck_peterbilt,ok,ok,human_confirmed,
S3_sizesweep_f000318.jpg,S3_sizesweep,318,3,atv_sherp+rc_car+truck_peterbilt,ok,ok,human_confirmed,
S3_sizesweep_f000324.jpg,S3_sizesweep,324,3,atv_sherp+rc_car+truck_peterbilt,ok,ok,human_confirmed,
S3_sizesweep_f000330.jpg,S3_sizesweep,330,3,atv_sherp+rc_car+truck_peterbilt,ok,ok,human_confirmed,
S3_sizesweep_f000336.jpg,S3_sizesweep,336,3,atv_sherp+rc_car+truck_peterbilt,ok,ok,human_confirmed,
S3_sizesweep_f000342.jpg,S3_sizesweep,342,3,atv_sherp+rc_car+truck_peterbilt,ok,ok,human_confirmed,
S3_sizesweep_f000348.jpg,S3_sizesweep,348,3,atv_sherp+rc_car+truck_peterbilt,ok,ok,human_confirmed,
S3_sizesweep_f000354.jpg,S3_sizesweep,354,3,atv_sherp+rc_car+truck_peterbilt,ok,ok,human_confirmed,
S3_sizesweep_f000360.jpg,S3_sizesweep,360,3,atv_sherp+rc_car+truck_peterbilt,ok,ok,human_confirmed,
S3_sizesweep_f000366.jpg,S3_sizesweep,366,3,atv_sherp+rc_car+truck_peterbilt,ok,ok,human_confirmed,
S3_sizesweep_f000372.jpg,S3_sizesweep,372,3,atv_sherp+rc_car+truck_peterbilt,ok,ok,human_confirmed,
S3_sizesweep_f000378.jpg,S3_sizesweep,378,3,atv_sherp+rc_car+truck_peterbilt,ok,ok,human_confirmed,
S3_sizesweep_f000384.jpg,S3_sizesweep,384,3,atv_sherp+rc_car+truck_peterbilt,ok,ok,human_confirmed,
S3_sizesweep_f000390.jpg,S3_sizesweep,390,3,atv_sherp+rc_car+truck_peterbilt,ok,ok,human_confirmed,
S3_sizesweep_f000396.jpg,S3_sizesweep,396,3,atv_sherp+rc_car+truck_peterbilt,ok,ok,human_confirmed,
S3_sizesweep_f000402.jpg,S3_sizesweep,402,3,atv_sherp+rc_car+truck_peterbilt,ok,ok,human_confirmed,
S3_sizesweep_f000408.jpg,S3_sizesweep,408,3,atv_sherp+rc_car+truck_peterbilt,ok,ok,human_confirmed,
S3_sizesweep_f000414.jpg,S3_sizesweep,414,3,atv_sherp+rc_car+truck_peterbilt,ok,ok,human_confirmed,
S3_sizesweep_f000420.jpg,S3_sizesweep,420,3,atv_sherp+rc_car+truck_peterbilt,ok,ok,human_confirmed,
S3_sizesweep_f000426.jpg,S3_sizesweep,426,3,atv_sherp+rc_car+truck_peterbilt,ok,ok,human_confirmed,
S3_sizesweep_f000432.jpg,S3_sizesweep,432,3,atv_sherp+rc_car+truck_peterbilt,ok,ok,human_confirmed,
S3_sizesweep_f000438.jpg,S3_sizesweep,438,3,atv_sherp+rc_car+truck_peterbilt,ok,ok,human_confirmed,
S3_sizesweep_f000444.jpg,S3_sizesweep,444,3,atv_sherp+rc_car+truck_peterbilt,ok,ok,human_confirmed,
S3_sizesweep_f000450.jpg,S3_sizesweep,450,3,atv_sherp+rc_car+truck_peterbilt,ok,ok,human_confirmed,
S3_sizesweep_f000456.jpg,S3_sizesweep,456,3,atv_sherp+rc_car+truck_peterbilt,ok,ok,human_confirmed,
S3_sizesweep_f000462.jpg,S3_sizesweep,462,3,atv_sherp+rc_car+truck_peterbilt,ok,ok,human_confirmed,
S3_sizesweep_f000468.jpg,S3_sizesweep,468,3,atv_sherp+rc_car+truck_peterbilt,ok,ok,human_confirmed,
S3_sizesweep_f000474.jpg,S3_sizesweep,474,3,atv_sherp+rc_car+truck_peterbilt,ok,ok,human_confirmed,
S3_sizesweep_f000480.jpg,S3_sizesweep,480,3,atv_sherp+rc_car+truck_peterbilt,ok,ok,human_confirmed,
S3_sizesweep_f000486.jpg,S3_sizesweep,486,3,atv_sherp+rc_car+truck_peterbilt,ok,ok,human_confirmed,
S3_sizesweep_f000492.jpg,S3_sizesweep,492,3,atv_sherp+rc_car+truck_peterbilt,ok,ok,human_confirmed,
S3_sizesweep_f000498.jpg,S3_sizesweep,498,3,atv_sherp+rc_car+truck_peterbilt,ok,ok,human_confirmed,
S3_sizesweep_f000504.jpg,S3_sizesweep,504,3,atv_sherp+rc_car+truck_peterbilt,ok,ok,human_confirmed,
S3_sizesweep_f000510.jpg,S3_sizesweep,510,3,atv_sherp+rc_car+truck_peterbilt,ok,ok,human_confirmed,
S3_sizesweep_f000516.jpg,S3_sizesweep,516,3,atv_sherp+rc_car+truck_peterbilt,ok,ok,human_confirmed,
S3_sizesweep_f000522.jpg,S3_sizesweep,522,3,atv_sherp+rc_car+truck_peterbilt,ok,ok,human_confirmed,
S3_sizesweep_f000528.jpg,S3_sizesweep,528,3,atv_sherp+rc_car+truck_peterbilt,ok,ok,human_confirmed,
S3_sizesweep_f000534.jpg,S3_sizesweep,534,3,atv_sherp+rc_car+truck_peterbilt,ok,ok,human_confirmed,
S3_sizesweep_f000540.jpg,S3_sizesweep,540,3,atv_sherp+rc_car+truck_peterbilt,ok,ok,human_confirmed,
S3_sizesweep_f000546.jpg,S3_sizesweep,546,3,atv_sherp+rc_car+truck_peterbilt,ok,ok,human_confirmed,
S3_sizesweep_f000552.jpg,S3_sizesweep,552,3,atv_sherp+rc_car+truck_peterbilt,ok,ok,human_confirmed,
S3_sizesweep_f000558.jpg,S3_sizesweep,558,3,atv_sherp+rc_car+truck_peterbilt,ok,ok,human_confirmed,
S3_sizesweep_f000564.jpg,S3_sizesweep,564,3,atv_sherp+rc_car+truck_peterbilt,ok,ok,human_confirmed,
S3_sizesweep_f000570.jpg,S3_sizesweep,570,3,atv_sherp+rc_car+truck_peterbilt,ok,ok,human_confirmed,
S3_sizesweep_f000576.jpg,S3_sizesweep,576,3,atv_sherp+rc_car+truck_peterbilt,ok,ok,human_confirmed,
S3_sizesweep_f000582.jpg,S3_sizesweep,582,3,atv_sherp+rc_car+truck_peterbilt,ok,ok,human_confirmed,
S3_sizesweep_f000588.jpg,S3_sizesweep,588,3,atv_sherp+rc_car+truck_peterbilt,ok,ok,human_confirmed,
S3_sizesweep_f000594.jpg,S3_sizesweep,594,3,atv_sherp+rc_car+truck_peterbilt,ok,ok,human_confirmed,
S3_sizesweep_f000600.jpg,S3_sizesweep,600,3,atv_sherp+rc_car+truck_peterbilt,ok,ok,human_confirmed,
S3_sizesweep_f000606.jpg,S3_sizesweep,606,3,atv_sherp+rc_car+truck_peterbilt,ok,ok,human_confirmed,
S3_sizesweep_f000612.jpg,S3_sizesweep,612,3,atv_sherp+rc_car+truck_peterbilt,ok,ok,human_confirmed,
S3_sizesweep_f000618.jpg,S3_sizesweep,618,3,atv_sherp+rc_car+truck_peterbilt,ok,ok,human_confirmed,
S3_sizesweep_f000624.jpg,S3_sizesweep,624,3,atv_sherp+rc_car+truck_peterbilt,ok,ok,human_confirmed,
S3_sizesweep_f000630.jpg,S3_sizesweep,630,3,atv_sherp+rc_car+truck_peterbilt,ok,ok,human_confirmed,
S3_sizesweep_f000636.jpg,S3_sizesweep,636,3,atv_sherp+rc_car+truck_peterbilt,ok,ok,human_confirmed,
S3_sizesweep_f000642.jpg,S3_sizesweep,642,3,atv_sherp+rc_car+truck_peterbilt,ok,ok,human_confirmed,
S3_sizesweep_f000648.jpg,S3_sizesweep,648,3,atv_sherp+rc_car+truck_peterbilt,ok,ok,human_confirmed,
S3_sizesweep_f000654.jpg,S3_sizesweep,654,3,atv_sherp+rc_car+truck_peterbilt,ok,ok,human_confirmed,
S3_sizesweep_f000660.jpg,S3_sizesweep,660,3,atv_sherp+rc_car+truck_peterbilt,ok,ok,human_confirmed,
S3_sizesweep_f000666.jpg,S3_sizesweep,666,3,atv_sherp+rc_car+truck_peterbilt,ok,ok,human_confirmed,
S3_sizesweep_f000672.jpg,S3_sizesweep,672,3,atv_sherp+rc_car+truck_peterbilt,ok,ok,human_confirmed,
S3_sizesweep_f000678.jpg,S3_sizesweep,678,3,atv_sherp+rc_car+truck_peterbilt,ok,ok,human_confirmed,
S3_sizesweep_f000684.jpg,S3_sizesweep,684,3,atv_sherp+rc_car+truck_peterbilt,ok,ok,human_confirmed,
S3_sizesweep_f000690.jpg,S3_sizesweep,690,3,atv_sherp+rc_car+truck_peterbilt,ok,ok,human_confirmed,
S3_sizesweep_f000696.jpg,S3_sizesweep,696,3,atv_sherp+rc_car+truck_peterbilt,ok,ok,human_confirmed,
S3_sizesweep_f000702.jpg,S3_sizesweep,702,3,atv_sherp+rc_car+truck_peterbilt,ok,ok,human_confirmed,
S3_sizesweep_f000708.jpg,S3_sizesweep,708,3,atv_sherp+rc_car+truck_peterbilt,ok,ok,human_confirmed,
S3_sizesweep_f000714.jpg,S3_sizesweep,714,3,atv_sherp+rc_car+truck_peterbilt,ok,ok,human_confirmed,
S3_sizesweep_f000720.jpg,S3_sizesweep,720,3,atv_sherp+rc_car+truck_peterbilt,ok,ok,human_confirmed,
S3_sizesweep_f000726.jpg,S3_sizesweep,726,3,atv_sherp+rc_car+truck_peterbilt,ok,ok,human_confirmed,
S3_sizesweep_f000732.jpg,S3_sizesweep,732,3,atv_sherp+rc_car+truck_peterbilt,ok,ok,human_confirmed,
S3_sizesweep_f000738.jpg,S3_sizesweep,738,3,atv_sherp+rc_car+truck_peterbilt,ok,ok,human_confirmed,
S3_sizesweep_f000744.jpg,S3_sizesweep,744,3,atv_sherp+rc_car+truck_peterbilt,ok,ok,human_confirmed,
S3_sizesweep_f000750.jpg,S3_sizesweep,750,3,atv_sherp+rc_car+truck_peterbilt,ok,ok,human_confirmed,
S3_sizesweep_f000756.jpg,S3_sizesweep,756,3,atv_sherp+rc_car+truck_peterbilt,ok,ok,human_confirmed,
S3_sizesweep_f000762.jpg,S3_sizesweep,762,3,atv_sherp+rc_car+truck_peterbilt,ok,ok,human_confirmed,
S3_sizesweep_f000768.jpg,S3_sizesweep,768,3,atv_sherp+rc_car+truck_peterbilt,ok,ok,human_confirmed,
S3_sizesweep_f000774.jpg,S3_sizesweep,774,3,atv_sherp+rc_car+truck_peterbilt,ok,ok,human_confirmed,0
S3_sizesweep_f000780.jpg,S3_sizesweep,780,3,atv_sherp+rc_car+truck_peterbilt,ok,ok,human_confirmed,0
S3_sizesweep_f000786.jpg,S3_sizesweep,786,3,atv_sherp+rc_car+truck_peterbilt,ok,ok,human_confirmed,0
S3_sizesweep_f000792.jpg,S3_sizesweep,792,3,atv_sherp+rc_car+truck_peterbilt,ok,ok,human_confirmed,0
S3_sizesweep_f000798.jpg,S3_sizesweep,798,3,atv_sherp+rc_car+truck_peterbilt,ok,ok,human_confirmed,0
S3_sizesweep_f000804.jpg,S3_sizesweep,804,3,atv_sherp+rc_car+truck_peterbilt,ok,ok,human_confirmed,0
S3_sizesweep_f000810.jpg,S3_sizesweep,810,3,atv_sherp+rc_car+truck_peterbilt,ok,ok,human_confirmed,0
S3_sizesweep_f000816.jpg,S3_sizesweep,816,3,atv_sherp+rc_car+truck_peterbilt,ok,ok,human_confirmed,0
S3_sizesweep_f000822.jpg,S3_sizesweep,822,3,atv_sherp+rc_car+truck_peterbilt,ok,ok,human_confirmed,0
S3_sizesweep_f000828.jpg,S3_sizesweep,828,3,atv_sherp+rc_car+truck_peterbilt,ok,ok,human_confirmed,0
S3_sizesweep_f000834.jpg,S3_sizesweep,834,3,atv_sherp+rc_car+truck_peterbilt,ok,ok,human_confirmed,0
S3_sizesweep_f000840.jpg,S3_sizesweep,840,3,atv_sherp+rc_car+truck_peterbilt,ok,ok,human_confirmed,0
S3_sizesweep_f000846.jpg,S3_sizesweep,846,3,atv_sherp+rc_car+truck_peterbilt,ok,ok,human_confirmed,
S3_sizesweep_f000852.jpg,S3_sizesweep,852,3,atv_sherp+rc_car+truck_peterbilt,ok,ok,human_confirmed,
S3_sizesweep_f000858.jpg,S3_sizesweep,858,3,atv_sherp+rc_car+truck_peterbilt,ok,ok,human_confirmed,
S3_sizesweep_f000864.jpg,S3_sizesweep,864,3,atv_sherp+rc_car+truck_peterbilt,ok,ok,human_confirmed,
S3_sizesweep_f000870.jpg,S3_sizesweep,870,3,atv_sherp+rc_car+truck_peterbilt,ok,ok,human_confirmed,
S3_sizesweep_f000876.jpg,S3_sizesweep,876,3,atv_sherp+rc_car+truck_peterbilt,ok,ok,human_confirmed,
S3_sizesweep_f000882.jpg,S3_sizesweep,882,3,atv_sherp+rc_car+truck_peterbilt,ok,ok,human_confirmed,
S3_sizesweep_f000888.jpg,S3_sizesweep,888,3,atv_sherp+rc_car+truck_peterbilt,ok,ok,human_confirmed,
S3_sizesweep_f000894.jpg,S3_sizesweep,894,3,atv_sherp+rc_car+truck_peterbilt,ok,ok,human_confirmed,
S3_sizesweep_f000900.jpg,S3_sizesweep,900,3,atv_sherp+rc_car+truck_peterbilt,ok,ok,human_confirmed,
S3_sizesweep_f000906.jpg,S3_sizesweep,906,3,atv_sherp+rc_car+truck_peterbilt,ok,ok,human_confirmed,
S3_sizesweep_f000912.jpg,S3_sizesweep,912,3,atv_sherp+rc_car+truck_peterbilt,ok,ok,human_confirmed,
S3_sizesweep_f000918.jpg,S3_sizesweep,918,3,atv_sherp+rc_car+truck_peterbilt,ok,ok,human_confirmed,
S3_sizesweep_f000924.jpg,S3_sizesweep,924,3,atv_sherp+rc_car+truck_peterbilt,ok,ok,human_confirmed,
S3_sizesweep_f000930.jpg,S3_sizesweep,930,3,atv_sherp+rc_car+truck_peterbilt,ok,ok,human_confirmed,
S3_sizesweep_f000936.jpg,S3_sizesweep,936,3,atv_sherp+rc_car+truck_peterbilt,ok,ok,human_confirmed,
S3_sizesweep_f000942.jpg,S3_sizesweep,942,3,atv_sherp+rc_car+truck_peterbilt,ok,ok,human_confirmed,
S3_sizesweep_f000948.jpg,S3_sizesweep,948,3,atv_sherp+rc_car+truck_peterbilt,ok,ok,human_confirmed,
S3_sizesweep_f000954.jpg,S3_sizesweep,954,3,atv_sherp+rc_car+truck_peterbilt,ok,ok,human_confirmed,
S3_sizesweep_f000960.jpg,S3_sizesweep,960,3,atv_sherp+rc_car+truck_peterbilt,ok,ok,human_confirmed,0
S3_sizesweep_f000966.jpg,S3_sizesweep,966,3,atv_sherp+rc_car+truck_peterbilt,ok,ok,human_confirmed,0
S3_sizesweep_f000972.jpg,S3_sizesweep,972,3,atv_sherp+rc_car+truck_peterbilt,ok,ok,human_confirmed,0
S3_sizesweep_f000978.jpg,S3_sizesweep,978,3,atv_sherp+rc_car+truck_peterbilt,ok,ok,human_confirmed,
S3_sizesweep_f000984.jpg,S3_sizesweep,984,3,atv_sherp+rc_car+truck_peterbilt,ok,ok,human_confirmed,
S3_sizesweep_f000990.jpg,S3_sizesweep,990,3,atv_sherp+rc_car+truck_peterbilt,ok,ok,human_confirmed,
S3_sizesweep_f000996.jpg,S3_sizesweep,996,3,atv_sherp+rc_car+truck_peterbilt,ok,ok,human_confirmed,
S3_sizesweep_f001002.jpg,S3_sizesweep,1002,3,atv_sherp+rc_car+truck_peterbilt,ok,ok,human_confirmed,
S3_sizesweep_f001008.jpg,S3_sizesweep,1008,3,atv_sherp+rc_car+truck_peterbilt,ok,ok,human_confirmed,
S3_sizesweep_f001014.jpg,S3_sizesweep,1014,3,atv_sherp+rc_car+truck_peterbilt,ok,ok,human_confirmed,
S3_sizesweep_f001020.jpg,S3_sizesweep,1020,3,atv_sherp+rc_car+truck_peterbilt,ok,ok,human_confirmed,
S3_sizesweep_f001026.jpg,S3_sizesweep,1026,3,atv_sherp+rc_car+truck_peterbilt,ok,ok,human_confirmed,
S3_sizesweep_f001032.jpg,S3_sizesweep,1032,3,atv_sherp+rc_car+truck_peterbilt,ok,ok,human_confirmed,
S3_sizesweep_f001038.jpg,S3_sizesweep,1038,3,atv_sherp+rc_car+truck_peterbilt,ok,ok,human_confirmed,
S3_sizesweep_f001044.jpg,S3_sizesweep,1044,3,atv_sherp+rc_car+truck_peterbilt,ok,ok,human_confirmed,
S3_sizesweep_f001050.jpg,S3_sizesweep,1050,3,atv_sherp+rc_car+truck_peterbilt,ok,ok,human_confirmed,
S3_sizesweep_f001056.jpg,S3_sizesweep,1056,3,atv_sherp+rc_car+truck_peterbilt,ok,ok,human_confirmed,
S3_sizesweep_f001062.jpg,S3_sizesweep,1062,3,atv_sherp+rc_car+truck_peterbilt,ok,ok,human_confirmed,
S3_sizesweep_f001068.jpg,S3_sizesweep,1068,3,atv_sherp+rc_car+truck_peterbilt,ok,ok,human_confirmed,
S3_sizesweep_f001074.jpg,S3_sizesweep,1074,3,atv_sherp+rc_car+truck_peterbilt,ok,ok,human_confirmed,
S3_sizesweep_f001080.jpg,S3_sizesweep,1080,3,atv_sherp+rc_car+truck_peterbilt,ok,ok,human_confirmed,
S3_sizesweep_f001086.jpg,S3_sizesweep,1086,3,atv_sherp+rc_car+truck_peterbilt,ok,ok,human_confirmed,
S3_sizesweep_f001092.jpg,S3_sizesweep,1092,3,atv_sherp+rc_car+truck_peterbilt,ok,ok,human_confirmed,
S3_sizesweep_f001098.jpg,S3_sizesweep,1098,3,atv_sherp+rc_car+truck_peterbilt,ok,ok,human_confirmed,
S3_sizesweep_f001104.jpg,S3_sizesweep,1104,3,atv_sherp+rc_car+truck_peterbilt,ok,ok,human_confirmed,
S3_sizesweep_f001110.jpg,S3_sizesweep,1110,3,atv_sherp+rc_car+truck_peterbilt,ok,ok,human_confirmed,
S3_sizesweep_f001116.jpg,S3_sizesweep,1116,3,atv_sherp+rc_car+truck_peterbilt,ok,ok,human_confirmed,
S3_sizesweep_f001122.jpg,S3_sizesweep,1122,3,atv_sherp+rc_car+truck_peterbilt,ok,ok,human_confirmed,
S3_sizesweep_f001128.jpg,S3_sizesweep,1128,3,atv_sherp+rc_car+truck_peterbilt,ok,ok,human_confirmed,
S3_sizesweep_f001134.jpg,S3_sizesweep,1134,3,atv_sherp+rc_car+truck_peterbilt,ok,ok,model_accepted_bulk,
S3_sizesweep_f001140.jpg,S3_sizesweep,1140,3,atv_sherp+rc_car+truck_peterbilt,ok,ok,model_accepted_bulk,
S3_sizesweep_f001146.jpg,S3_sizesweep,1146,3,atv_sherp+rc_car+truck_peterbilt,ok,ok,model_accepted_bulk,
S3_sizesweep_f001152.jpg,S3_sizesweep,1152,3,atv_sherp+rc_car+truck_peterbilt,ok,ok,human_confirmed,
S3_sizesweep_f001158.jpg,S3_sizesweep,1158,3,atv_sherp+rc_car+truck_peterbilt,ok,ok,model_accepted_bulk,
S3_sizesweep_f001164.jpg,S3_sizesweep,1164,3,atv_sherp+rc_car+truck_peterbilt,ok,ok,model_accepted_bulk,
S3_sizesweep_f001170.jpg,S3_sizesweep,1170,3,atv_sherp+rc_car+truck_peterbilt,ok,ok,model_accepted_bulk,
S3_sizesweep_f001176.jpg,S3_sizesweep,1176,3,atv_sherp+rc_car+truck_peterbilt,ok,ok,model_accepted_bulk,
S3_sizesweep_f001182.jpg,S3_sizesweep,1182,3,atv_sherp+rc_car+truck_peterbilt,ok,ok,model_accepted_bulk,
S3_sizesweep_f001188.jpg,S3_sizesweep,1188,3,atv_sherp+rc_car+truck_peterbilt,ok,ok,model_accepted_bulk,
S3_sizesweep_f001194.jpg,S3_sizesweep,1194,3,atv_sherp+rc_car+truck_peterbilt,ok,ok,model_accepted_bulk,
S3_sizesweep_f001200.jpg,S3_sizesweep,1200,3,atv_sherp+rc_car+truck_peterbilt,ok,ok,model_accepted_bulk,
S3_sizesweep_f001206.jpg,S3_sizesweep,1206,3,atv_sherp+rc_car+truck_peterbilt,ok,ok,model_accepted_bulk,
S3_sizesweep_f001212.jpg,S3_sizesweep,1212,3,atv_sherp+rc_car+truck_peterbilt,ok,ok,model_accepted_bulk,
S3_sizesweep_f001218.jpg,S3_sizesweep,1218,3,atv_sherp+rc_car+truck_peterbilt,ok,ok,model_accepted_bulk,
S3_sizesweep_f001224.jpg,S3_sizesweep,1224,3,atv_sherp+rc_car+truck_peterbilt,ok,ok,model_accepted_bulk,
S3_sizesweep_f001230.jpg,S3_sizesweep,1230,3,atv_sherp+rc_car+truck_peterbilt,ok,ok,model_accepted_bulk,
S3_sizesweep_f001236.jpg,S3_sizesweep,1236,3,atv_sherp+rc_car+truck_peterbilt,ok,ok,model_accepted_bulk,
S3_sizesweep_f001242.jpg,S3_sizesweep,1242,3,atv_sherp+rc_car+truck_peterbilt,ok,ok,model_accepted_bulk,
S3_sizesweep_f001248.jpg,S3_sizesweep,1248,3,atv_sherp+rc_car+truck_peterbilt,ok,ok,model_accepted_bulk,
S3_sizesweep_f001254.jpg,S3_sizesweep,1254,3,atv_sherp+rc_car+truck_peterbilt,ok,ok,model_accepted_bulk,
S3_sizesweep_f001260.jpg,S3_sizesweep,1260,3,atv_sherp+rc_car+truck_peterbilt,ok,ok,model_accepted_bulk,
S3_sizesweep_f001266.jpg,S3_sizesweep,1266,3,atv_sherp+rc_car+truck_peterbilt,ok,ok,model_accepted_bulk,
S3_sizesweep_f001272.jpg,S3_sizesweep,1272,3,atv_sherp+rc_car+truck_peterbilt,ok,ok,model_accepted_bulk,
S3_sizesweep_f001278.jpg,S3_sizesweep,1278,3,atv_sherp+rc_car+truck_peterbilt,ok,ok,model_accepted_bulk,
S3_sizesweep_f001284.jpg,S3_sizesweep,1284,3,atv_sherp+rc_car+truck_peterbilt,ok,ok,model_accepted_bulk,
S3_sizesweep_f001290.jpg,S3_sizesweep,1290,3,atv_sherp+rc_car+truck_peterbilt,ok,ok,model_accepted_bulk,
S3_sizesweep_f001296.jpg,S3_sizesweep,1296,3,atv_sherp+rc_car+truck_peterbilt,ok,ok,human_confirmed,
S3_sizesweep_f001302.jpg,S3_sizesweep,1302,3,atv_sherp+rc_car+truck_peterbilt,ok,ok,model_accepted_bulk,
S3_sizesweep_f001308.jpg,S3_sizesweep,1308,3,atv_sherp+rc_car+truck_peterbilt,ok,ok,model_accepted_bulk,
S3_sizesweep_f001314.jpg,S3_sizesweep,1314,3,atv_sherp+rc_car+truck_peterbilt,ok,ok,model_accepted_bulk,
S3_sizesweep_f001320.jpg,S3_sizesweep,1320,3,atv_sherp+rc_car+truck_peterbilt,ok,ok,model_accepted_bulk,0
S3_sizesweep_f001326.jpg,S3_sizesweep,1326,3,atv_sherp+rc_car+truck_peterbilt,ok,ok,model_accepted_bulk,0
S3_sizesweep_f001332.jpg,S3_sizesweep,1332,3,atv_sherp+rc_car+truck_peterbilt,ok,ok,model_accepted_bulk,0
S3_sizesweep_f001338.jpg,S3_sizesweep,1338,3,atv_sherp+rc_car+truck_peterbilt,ok,ok,model_accepted_bulk,0
S3_sizesweep_f001344.jpg,S3_sizesweep,1344,3,atv_sherp+rc_car+truck_peterbilt,ok,ok,model_accepted_bulk,0
S3_sizesweep_f001350.jpg,S3_sizesweep,1350,3,atv_sherp+rc_car+truck_peterbilt,ok,ok,model_accepted_bulk,0
S3_sizesweep_f001356.jpg,S3_sizesweep,1356,3,atv_sherp+rc_car+truck_peterbilt,ok,ok,model_accepted_bulk,0
S3_sizesweep_f001362.jpg,S3_sizesweep,1362,3,atv_sherp+rc_car+truck_peterbilt,ok,ok,model_accepted_bulk,0
S3_sizesweep_f001368.jpg,S3_sizesweep,1368,3,atv_sherp+rc_car+truck_peterbilt,ok,ok,model_accepted_bulk,0
S3_sizesweep_f001374.jpg,S3_sizesweep,1374,3,atv_sherp+rc_car+truck_peterbilt,ok,ok,model_accepted_bulk,0
S3_sizesweep_f001380.jpg,S3_sizesweep,1380,3,atv_sherp+rc_car+truck_peterbilt,ok,ok,model_accepted_bulk,0
S3_sizesweep_f001386.jpg,S3_sizesweep,1386,3,atv_sherp+rc_car+truck_peterbilt,ok,ok,model_accepted_bulk,0
S3_sizesweep_f001392.jpg,S3_sizesweep,1392,3,atv_sherp+rc_car+truck_peterbilt,ok,ok,model_accepted_bulk,0
S3_sizesweep_f001398.jpg,S3_sizesweep,1398,3,atv_sherp+rc_car+truck_peterbilt,ok,ok,model_accepted_bulk,0
S3_sizesweep_f001404.jpg,S3_sizesweep,1404,3,atv_sherp+rc_car+truck_peterbilt,ok,ok,model_accepted_bulk,0
S3_sizesweep_f001410.jpg,S3_sizesweep,1410,3,atv_sherp+rc_car+truck_peterbilt,ok,ok,model_accepted_bulk,0
S3_sizesweep_f001416.jpg,S3_sizesweep,1416,3,atv_sherp+rc_car+truck_peterbilt,ok,ok,model_accepted_bulk,0
S3_sizesweep_f001422.jpg,S3_sizesweep,1422,3,atv_sherp+rc_car+truck_peterbilt,ok,ok,model_accepted_bulk,0
S3_sizesweep_f001428.jpg,S3_sizesweep,1428,3,atv_sherp+rc_car+truck_peterbilt,ok,ok,model_accepted_bulk,0
S3_sizesweep_f001434.jpg,S3_sizesweep,1434,3,atv_sherp+rc_car+truck_peterbilt,ok,ok,model_accepted_bulk,0
S3_sizesweep_f001440.jpg,S3_sizesweep,1440,3,atv_sherp+rc_car+truck_peterbilt,ok,ok,human_confirmed,0
S3_sizesweep_f001446.jpg,S3_sizesweep,1446,3,atv_sherp+rc_car+truck_peterbilt,ok,ok,model_accepted_bulk,0
S3_sizesweep_f001452.jpg,S3_sizesweep,1452,3,atv_sherp+rc_car+truck_peterbilt,ok,ok,model_accepted_bulk,0
S3_sizesweep_f001458.jpg,S3_sizesweep,1458,3,atv_sherp+rc_car+truck_peterbilt,ok,ok,model_accepted_bulk,0
S3_sizesweep_f001464.jpg,S3_sizesweep,1464,3,atv_sherp+rc_car+truck_peterbilt,ok,ok,model_accepted_bulk,0
S3_sizesweep_f001470.jpg,S3_sizesweep,1470,3,atv_sherp+rc_car+truck_peterbilt,ok,ok,model_accepted_bulk,0
S3_sizesweep_f001476.jpg,S3_sizesweep,1476,3,atv_sherp+rc_car+truck_peterbilt,ok,ok,model_accepted_bulk,0
S3_sizesweep_f001482.jpg,S3_sizesweep,1482,3,atv_sherp+rc_car+truck_peterbilt,ok,ok,model_accepted_bulk,0
S3_sizesweep_f001488.jpg,S3_sizesweep,1488,3,atv_sherp+rc_car+truck_peterbilt,ok,ok,model_accepted_bulk,0
S3_sizesweep_f001494.jpg,S3_sizesweep,1494,3,atv_sherp+rc_car+truck_peterbilt,ok,ok,model_accepted_bulk,0
S3_sizesweep_f001500.jpg,S3_sizesweep,1500,3,atv_sherp+rc_car+truck_peterbilt,ok,ok,model_accepted_bulk,0
S3_sizesweep_f001506.jpg,S3_sizesweep,1506,3,atv_sherp+rc_car+truck_peterbilt,ok,ok,model_accepted_bulk,0
S3_sizesweep_f001512.jpg,S3_sizesweep,1512,3,atv_sherp+rc_car+truck_peterbilt,ok,ok,model_accepted_bulk,0
S3_sizesweep_f001518.jpg,S3_sizesweep,1518,3,atv_sherp+rc_car+truck_peterbilt,ok,ok,model_accepted_bulk,0
S3_sizesweep_f001524.jpg,S3_sizesweep,1524,3,atv_sherp+rc_car+truck_peterbilt,ok,ok,model_accepted_bulk,0
S3_sizesweep_f001530.jpg,S3_sizesweep,1530,3,atv_sherp+rc_car+truck_peterbilt,ok,ok,model_accepted_bulk,0
S3_sizesweep_f001536.jpg,S3_sizesweep,1536,3,atv_sherp+rc_car+truck_peterbilt,ok,ok,model_accepted_bulk,0
S3_sizesweep_f001542.jpg,S3_sizesweep,1542,3,atv_sherp+rc_car+truck_peterbilt,ok,ok,model_accepted_bulk,0
S3_sizesweep_f001548.jpg,S3_sizesweep,1548,3,atv_sherp+rc_car+truck_peterbilt,ok,ok,model_accepted_bulk,0
S3_sizesweep_f001554.jpg,S3_sizesweep,1554,3,atv_sherp+rc_car+truck_peterbilt,ok,ok,model_accepted_bulk,0
S3_sizesweep_f001560.jpg,S3_sizesweep,1560,3,atv_sherp+rc_car+truck_peterbilt,ok,ok,model_accepted_bulk,
S3_sizesweep_f001566.jpg,S3_sizesweep,1566,3,atv_sherp+rc_car+truck_peterbilt,ok,ok,model_accepted_bulk,
S3_sizesweep_f001572.jpg,S3_sizesweep,1572,3,atv_sherp+rc_car+truck_peterbilt,ok,ok,model_accepted_bulk,
S3_sizesweep_f001578.jpg,S3_sizesweep,1578,3,atv_sherp+rc_car+truck_peterbilt,ok,ok,model_accepted_bulk,
S3_sizesweep_f001584.jpg,S3_sizesweep,1584,3,atv_sherp+rc_car+truck_peterbilt,ok,ok,human_confirmed,
S3_sizesweep_f001590.jpg,S3_sizesweep,1590,3,atv_sherp+rc_car+truck_peterbilt,ok,ok,model_accepted_bulk,
S3_sizesweep_f001596.jpg,S3_sizesweep,1596,3,atv_sherp+rc_car+truck_peterbilt,ok,ok,model_accepted_bulk,
S3_sizesweep_f001602.jpg,S3_sizesweep,1602,3,atv_sherp+rc_car+truck_peterbilt,ok,ok,model_accepted_bulk,
S3_sizesweep_f001608.jpg,S3_sizesweep,1608,3,atv_sherp+rc_car+truck_peterbilt,ok,ok,model_accepted_bulk,
S3_sizesweep_f001614.jpg,S3_sizesweep,1614,3,atv_sherp+rc_car+truck_peterbilt,ok,ok,model_accepted_bulk,
S3_sizesweep_f001620.jpg,S3_sizesweep,1620,3,atv_sherp+rc_car+truck_peterbilt,ok,ok,model_accepted_bulk,
S3_sizesweep_f001626.jpg,S3_sizesweep,1626,3,atv_sherp+rc_car+truck_peterbilt,ok,ok,model_accepted_bulk,
S3_sizesweep_f001632.jpg,S3_sizesweep,1632,3,atv_sherp+rc_car+truck_peterbilt,ok,ok,model_accepted_bulk,
S3_sizesweep_f001638.jpg,S3_sizesweep,1638,3,atv_sherp+rc_car+truck_peterbilt,ok,ok,model_accepted_bulk,
S3_sizesweep_f001644.jpg,S3_sizesweep,1644,3,atv_sherp+rc_car+truck_peterbilt,ok,ok,model_accepted_bulk,
S3_sizesweep_f001650.jpg,S3_sizesweep,1650,3,atv_sherp+rc_car+truck_peterbilt,ok,ok,model_accepted_bulk,
S3_sizesweep_f001656.jpg,S3_sizesweep,1656,3,atv_sherp+rc_car+truck_peterbilt,ok,ok,model_accepted_bulk,
S3_sizesweep_f001662.jpg,S3_sizesweep,1662,3,atv_sherp+rc_car+truck_peterbilt,ok,ok,model_accepted_bulk,
S3_sizesweep_f001668.jpg,S3_sizesweep,1668,3,atv_sherp+rc_car+truck_peterbilt,ok,ok,model_accepted_bulk,
S3_sizesweep_f001674.jpg,S3_sizesweep,1674,3,atv_sherp+rc_car+truck_peterbilt,ok,ok,model_accepted_bulk,
S3_sizesweep_f001680.jpg,S3_sizesweep,1680,3,atv_sherp+rc_car+truck_peterbilt,ok,ok,model_accepted_bulk,
S3_sizesweep_f001686.jpg,S3_sizesweep,1686,3,atv_sherp+rc_car+truck_peterbilt,ok,ok,model_accepted_bulk,
S3_sizesweep_f001692.jpg,S3_sizesweep,1692,3,atv_sherp+rc_car+truck_peterbilt,ok,ok,model_accepted_bulk,
S3_sizesweep_f001698.jpg,S3_sizesweep,1698,3,atv_sherp+rc_car+truck_peterbilt,ok,ok,model_accepted_bulk,
S3_sizesweep_f001704.jpg,S3_sizesweep,1704,3,atv_sherp+rc_car+truck_peterbilt,ok,ok,model_accepted_bulk,
S3_sizesweep_f001710.jpg,S3_sizesweep,1710,3,atv_sherp+rc_car+truck_peterbilt,ok,ok,model_accepted_bulk,
S3_sizesweep_f001716.jpg,S3_sizesweep,1716,3,atv_sherp+rc_car+truck_peterbilt,ok,ok,model_accepted_bulk,
S3_sizesweep_f001722.jpg,S3_sizesweep,1722,3,atv_sherp+rc_car+truck_peterbilt,ok,ok,model_accepted_bulk,
S3_sizesweep_f001728.jpg,S3_sizesweep,1728,3,atv_sherp+rc_car+truck_peterbilt,ok,ok,human_confirmed,
S3_sizesweep_f001734.jpg,S3_sizesweep,1734,3,atv_sherp+rc_car+truck_peterbilt,ok,ok,model_accepted_bulk,
S3_sizesweep_f001740.jpg,S3_sizesweep,1740,3,atv_sherp+rc_car+truck_peterbilt,ok,ok,model_accepted_bulk,
S3_sizesweep_f001746.jpg,S3_sizesweep,1746,3,atv_sherp+rc_car+truck_peterbilt,ok,ok,model_accepted_bulk,
S3_sizesweep_f001752.jpg,S3_sizesweep,1752,3,atv_sherp+rc_car+truck_peterbilt,ok,ok,model_accepted_bulk,
S3_sizesweep_f001758.jpg,S3_sizesweep,1758,3,atv_sherp+rc_car+truck_peterbilt,ok,ok,model_accepted_bulk,
S3_sizesweep_f001764.jpg,S3_sizesweep,1764,3,atv_sherp+rc_car+truck_peterbilt,ok,ok,model_accepted_bulk,
S3_sizesweep_f001770.jpg,S3_sizesweep,1770,3,atv_sherp+rc_car+truck_peterbilt,ok,ok,model_accepted_bulk,
S3_sizesweep_f001776.jpg,S3_sizesweep,1776,3,atv_sherp+rc_car+truck_peterbilt,ok,ok,model_accepted_bulk,
S3_sizesweep_f001782.jpg,S3_sizesweep,1782,3,atv_sherp+rc_car+truck_peterbilt,ok,ok,model_accepted_bulk,
S3_sizesweep_f001788.jpg,S3_sizesweep,1788,3,atv_sherp+rc_car+truck_peterbilt,ok,ok,model_accepted_bulk,
S3_sizesweep_f001794.jpg,S3_sizesweep,1794,3,atv_sherp+rc_car+truck_peterbilt,ok,ok,model_accepted_bulk,
S3_sizesweep_f001800.jpg,S3_sizesweep,1800,3,atv_sherp+rc_car+truck_peterbilt,ok,ok,model_accepted_bulk,
S3_sizesweep_f001806.jpg,S3_sizesweep,1806,3,atv_sherp+rc_car+truck_peterbilt,ok,ok,model_accepted_bulk,
S3_sizesweep_f001812.jpg,S3_sizesweep,1812,3,atv_sherp+rc_car+truck_peterbilt,ok,ok,model_accepted_bulk,
S3_sizesweep_f001818.jpg,S3_sizesweep,1818,3,atv_sherp+rc_car+truck_peterbilt,ok,ok,model_accepted_bulk,
S3_sizesweep_f001824.jpg,S3_sizesweep,1824,3,atv_sherp+rc_car+truck_peterbilt,ok,ok,model_accepted_bulk,
S3_sizesweep_f001830.jpg,S3_sizesweep,1830,3,atv_sherp+rc_car+truck_peterbilt,ok,ok,model_accepted_bulk,
S3_sizesweep_f001836.jpg,S3_sizesweep,1836,3,atv_sherp+rc_car+truck_peterbilt,ok,ok,model_accepted_bulk,
S3_sizesweep_f001842.jpg,S3_sizesweep,1842,3,atv_sherp+rc_car+truck_peterbilt,ok,ok,model_accepted_bulk,
S3_sizesweep_f001848.jpg,S3_sizesweep,1848,3,atv_sherp+rc_car+truck_peterbilt,ok,ok,model_accepted_bulk,
S3_sizesweep_f001854.jpg,S3_sizesweep,1854,3,atv_sherp+rc_car+truck_peterbilt,ok,ok,model_accepted_bulk,
S3_sizesweep_f001860.jpg,S3_sizesweep,1860,3,atv_sherp+rc_car+truck_peterbilt,ok,ok,model_accepted_bulk,
S3_sizesweep_f001866.jpg,S3_sizesweep,1866,3,atv_sherp+rc_car+truck_peterbilt,ok,ok,model_accepted_bulk,
S3_sizesweep_f001872.jpg,S3_sizesweep,1872,3,atv_sherp+rc_car+truck_peterbilt,ok,ok,human_confirmed,
S3_sizesweep_f001878.jpg,S3_sizesweep,1878,3,atv_sherp+rc_car+truck_peterbilt,ok,ok,model_accepted_bulk,
S3_sizesweep_f001884.jpg,S3_sizesweep,1884,3,atv_sherp+rc_car+truck_peterbilt,ok,ok,model_accepted_bulk,
S3_sizesweep_f001890.jpg,S3_sizesweep,1890,3,atv_sherp+rc_car+truck_peterbilt,ok,ok,model_accepted_bulk,
S3_sizesweep_f001896.jpg,S3_sizesweep,1896,3,atv_sherp+rc_car+truck_peterbilt,ok,ok,model_accepted_bulk,
S3_sizesweep_f001902.jpg,S3_sizesweep,1902,3,atv_sherp+rc_car+truck_peterbilt,ok,ok,model_accepted_bulk,
S3_sizesweep_f001908.jpg,S3_sizesweep,1908,3,atv_sherp+rc_car+truck_peterbilt,ok,ok,model_accepted_bulk,
S3_sizesweep_f001914.jpg,S3_sizesweep,1914,3,atv_sherp+rc_car+truck_peterbilt,ok,ok,model_accepted_bulk,
S3_sizesweep_f001920.jpg,S3_sizesweep,1920,3,atv_sherp+rc_car+truck_peterbilt,ok,ok,model_accepted_bulk,0
S3_sizesweep_f001926.jpg,S3_sizesweep,1926,3,atv_sherp+rc_car+truck_peterbilt,ok,ok,model_accepted_bulk,0
S3_sizesweep_f001932.jpg,S3_sizesweep,1932,3,atv_sherp+rc_car+truck_peterbilt,ok,ok,model_accepted_bulk,0
S3_sizesweep_f001938.jpg,S3_sizesweep,1938,3,atv_sherp+rc_car+truck_peterbilt,ok,ok,model_accepted_bulk,0
S3_sizesweep_f001944.jpg,S3_sizesweep,1944,3,atv_sherp+rc_car+truck_peterbilt,ok,ok,model_accepted_bulk,0
S3_sizesweep_f001950.jpg,S3_sizesweep,1950,3,atv_sherp+rc_car+truck_peterbilt,ok,ok,model_accepted_bulk,0
S3_sizesweep_f001956.jpg,S3_sizesweep,1956,3,atv_sherp+rc_car+truck_peterbilt,ok,ok,human_confirmed,0
S3_sizesweep_f001962.jpg,S3_sizesweep,1962,3,atv_sherp+rc_car+truck_peterbilt,ok,ok,model_accepted_bulk,0
S3_sizesweep_f001968.jpg,S3_sizesweep,1968,3,atv_sherp+rc_car+truck_peterbilt,ok,ok,model_accepted_bulk,0
S3_sizesweep_f001974.jpg,S3_sizesweep,1974,3,atv_sherp+rc_car+truck_peterbilt,ok,ok,model_accepted_bulk,0
S3_sizesweep_f001980.jpg,S3_sizesweep,1980,3,atv_sherp+rc_car+truck_peterbilt,ok,ok,model_accepted_bulk,0
S3_sizesweep_f001986.jpg,S3_sizesweep,1986,3,atv_sherp+rc_car+truck_peterbilt,ok,ok,model_accepted_bulk,0
S3_sizesweep_f001992.jpg,S3_sizesweep,1992,3,atv_sherp+rc_car+truck_peterbilt,ok,ok,model_accepted_bulk,0
S3_sizesweep_f001998.jpg,S3_sizesweep,1998,3,atv_sherp+rc_car+truck_peterbilt,ok,ok,model_accepted_bulk,0
S3_sizesweep_f002004.jpg,S3_sizesweep,2004,3,atv_sherp+rc_car+truck_peterbilt,ok,ok,model_accepted_bulk,0
S3_sizesweep_f002010.jpg,S3_sizesweep,2010,3,atv_sherp+rc_car+truck_peterbilt,ok,ok,model_accepted_bulk,0
S3_sizesweep_f002016.jpg,S3_sizesweep,2016,3,atv_sherp+rc_car+truck_peterbilt,ok,ok,human_confirmed,0
S3_sizesweep_f002022.jpg,S3_sizesweep,2022,3,atv_sherp+rc_car+truck_peterbilt,ok,ok,model_accepted_bulk,0
S3_sizesweep_f002028.jpg,S3_sizesweep,2028,3,atv_sherp+rc_car+truck_peterbilt,ok,ok,model_accepted_bulk,0
S3_sizesweep_f002034.jpg,S3_sizesweep,2034,3,atv_sherp+rc_car+truck_peterbilt,ok,ok,model_accepted_bulk,0
S3_sizesweep_f002040.jpg,S3_sizesweep,2040,3,atv_sherp+rc_car+truck_peterbilt,ok,ok,model_accepted_bulk,0
S3_sizesweep_f002046.jpg,S3_sizesweep,2046,3,atv_sherp+rc_car+truck_peterbilt,ok,ok,model_accepted_bulk,0
S3_sizesweep_f002052.jpg,S3_sizesweep,2052,3,atv_sherp+rc_car+truck_peterbilt,ok,ok,model_accepted_bulk,0
S3_sizesweep_f002058.jpg,S3_sizesweep,2058,3,atv_sherp+rc_car+truck_peterbilt,ok,ok,model_accepted_bulk,0
S3_sizesweep_f002064.jpg,S3_sizesweep,2064,3,atv_sherp+rc_car+truck_peterbilt,ok,ok,model_accepted_bulk,0
S3_sizesweep_f002070.jpg,S3_sizesweep,2070,3,atv_sherp+rc_car+truck_peterbilt,ok,ok,model_accepted_bulk,0
S3_sizesweep_f002076.jpg,S3_sizesweep,2076,3,atv_sherp+rc_car+truck_peterbilt,ok,ok,model_accepted_bulk,0
S3_sizesweep_f002082.jpg,S3_sizesweep,2082,3,atv_sherp+rc_car+truck_peterbilt,ok,ok,model_accepted_bulk,0
S3_sizesweep_f002088.jpg,S3_sizesweep,2088,3,atv_sherp+rc_car+truck_peterbilt,ok,ok,model_accepted_bulk,0
S3_sizesweep_f002094.jpg,S3_sizesweep,2094,3,atv_sherp+rc_car+truck_peterbilt,ok,ok,model_accepted_bulk,
S3_sizesweep_f002100.jpg,S3_sizesweep,2100,3,atv_sherp+rc_car+truck_peterbilt,ok,ok,model_accepted_bulk,
S3_sizesweep_f002106.jpg,S3_sizesweep,2106,3,atv_sherp+rc_car+truck_peterbilt,ok,ok,model_accepted_bulk,
S3_sizesweep_f002112.jpg,S3_sizesweep,2112,3,atv_sherp+rc_car+truck_peterbilt,ok,ok,model_accepted_bulk,
S3_sizesweep_f002118.jpg,S3_sizesweep,2118,3,atv_sherp+rc_car+truck_peterbilt,ok,ok,model_accepted_bulk,
S3_sizesweep_f002124.jpg,S3_sizesweep,2124,3,atv_sherp+rc_car+truck_peterbilt,ok,ok,model_accepted_bulk,
S3_sizesweep_f002130.jpg,S3_sizesweep,2130,3,atv_sherp+rc_car+truck_peterbilt,ok,ok,model_accepted_bulk,
S3_sizesweep_f002136.jpg,S3_sizesweep,2136,3,atv_sherp+rc_car+truck_peterbilt,ok,ok,model_accepted_bulk,
S3_sizesweep_f002142.jpg,S3_sizesweep,2142,3,atv_sherp+rc_car+truck_peterbilt,ok,ok,model_accepted_bulk,
S3_sizesweep_f002148.jpg,S3_sizesweep,2148,3,atv_sherp+rc_car+truck_peterbilt,ok,ok,model_accepted_bulk,
S3_sizesweep_f002154.jpg,S3_sizesweep,2154,3,atv_sherp+rc_car+truck_peterbilt,ok,ok,model_accepted_bulk,
S3_sizesweep_f002160.jpg,S3_sizesweep,2160,3,atv_sherp+rc_car+truck_peterbilt,ok,ok,human_confirmed,
S3_sizesweep_f002166.jpg,S3_sizesweep,2166,3,atv_sherp+rc_car+truck_peterbilt,ok,ok,model_accepted_bulk,
S3_sizesweep_f002172.jpg,S3_sizesweep,2172,3,atv_sherp+rc_car+truck_peterbilt,ok,ok,model_accepted_bulk,
S3_sizesweep_f002178.jpg,S3_sizesweep,2178,3,atv_sherp+rc_car+truck_peterbilt,ok,ok,model_accepted_bulk,
S3_sizesweep_f002184.jpg,S3_sizesweep,2184,3,atv_sherp+rc_car+truck_peterbilt,ok,ok,model_accepted_bulk,
S3_sizesweep_f002190.jpg,S3_sizesweep,2190,3,atv_sherp+rc_car+truck_peterbilt,ok,ok,model_accepted_bulk,
S3_sizesweep_f002196.jpg,S3_sizesweep,2196,3,atv_sherp+rc_car+truck_peterbilt,ok,ok,model_accepted_bulk,
S3_sizesweep_f002202.jpg,S3_sizesweep,2202,3,atv_sherp+rc_car+truck_peterbilt,ok,ok,model_accepted_bulk,
S3_sizesweep_f002208.jpg,S3_sizesweep,2208,3,atv_sherp+rc_car+truck_peterbilt,ok,ok,model_accepted_bulk,
S3_sizesweep_f002214.jpg,S3_sizesweep,2214,3,atv_sherp+rc_car+truck_peterbilt,ok,ok,model_accepted_bulk,
S3_sizesweep_f002220.jpg,S3_sizesweep,2220,3,atv_sherp+rc_car+truck_peterbilt,ok,ok,model_accepted_bulk,
S3_sizesweep_f002226.jpg,S3_sizesweep,2226,3,atv_sherp+rc_car+truck_peterbilt,ok,ok,model_accepted_bulk,
S3_sizesweep_f002232.jpg,S3_sizesweep,2232,3,atv_sherp+rc_car+truck_peterbilt,ok,ok,model_accepted_bulk,
S3_sizesweep_f002238.jpg,S3_sizesweep,2238,3,atv_sherp+rc_car+truck_peterbilt,ok,ok,model_accepted_bulk,
S3_sizesweep_f002244.jpg,S3_sizesweep,2244,3,atv_sherp+rc_car+truck_peterbilt,ok,ok,model_accepted_bulk,
S3_sizesweep_f002250.jpg,S3_sizesweep,2250,3,atv_sherp+rc_car+truck_peterbilt,ok,ok,model_accepted_bulk,
S3_sizesweep_f002256.jpg,S3_sizesweep,2256,3,atv_sherp+rc_car+truck_peterbilt,ok,ok,model_accepted_bulk,
S3_sizesweep_f002262.jpg,S3_sizesweep,2262,3,atv_sherp+rc_car+truck_peterbilt,ok,ok,model_accepted_bulk,
S3_sizesweep_f002268.jpg,S3_sizesweep,2268,3,atv_sherp+rc_car+truck_peterbilt,ok,ok,model_accepted_bulk,
S3_sizesweep_f002274.jpg,S3_sizesweep,2274,3,atv_sherp+rc_car+truck_peterbilt,ok,ok,model_accepted_bulk,
S3_sizesweep_f002280.jpg,S3_sizesweep,2280,3,atv_sherp+rc_car+truck_peterbilt,ok,ok,model_accepted_bulk,
S3_sizesweep_f002286.jpg,S3_sizesweep,2286,3,atv_sherp+rc_car+truck_peterbilt,ok,ok,model_accepted_bulk,
S3_sizesweep_f002292.jpg,S3_sizesweep,2292,3,atv_sherp+rc_car+truck_peterbilt,ok,ok,model_accepted_bulk,
S3_sizesweep_f002298.jpg,S3_sizesweep,2298,3,atv_sherp+rc_car+truck_peterbilt,ok,ok,model_accepted_bulk,
S3_sizesweep_f002304.jpg,S3_sizesweep,2304,3,atv_sherp+rc_car+truck_peterbilt,ok,ok,human_confirmed,
S3_sizesweep_f002310.jpg,S3_sizesweep,2310,3,atv_sherp+rc_car+truck_peterbilt,ok,ok,model_accepted_bulk,
S3_sizesweep_f002316.jpg,S3_sizesweep,2316,3,atv_sherp+rc_car+truck_peterbilt,ok,ok,model_accepted_bulk,
S3_sizesweep_f002322.jpg,S3_sizesweep,2322,3,atv_sherp+rc_car+truck_peterbilt,ok,ok,model_accepted_bulk,
S3_sizesweep_f002328.jpg,S3_sizesweep,2328,3,atv_sherp+rc_car+truck_peterbilt,ok,ok,model_accepted_bulk,
S3_sizesweep_f002334.jpg,S3_sizesweep,2334,3,atv_sherp+rc_car+truck_peterbilt,ok,ok,model_accepted_bulk,
S3_sizesweep_f002340.jpg,S3_sizesweep,2340,3,atv_sherp+rc_car+truck_peterbilt,ok,ok,model_accepted_bulk,
S3_sizesweep_f002346.jpg,S3_sizesweep,2346,3,atv_sherp+rc_car+truck_peterbilt,ok,ok,model_accepted_bulk,
S3_sizesweep_f002352.jpg,S3_sizesweep,2352,3,atv_sherp+rc_car+truck_peterbilt,ok,ok,model_accepted_bulk,
S3_sizesweep_f002358.jpg,S3_sizesweep,2358,3,atv_sherp+rc_car+truck_peterbilt,ok,ok,model_accepted_bulk,
S3_sizesweep_f002364.jpg,S3_sizesweep,2364,3,atv_sherp+rc_car+truck_peterbilt,ok,ok,model_accepted_bulk,
S3_sizesweep_f002370.jpg,S3_sizesweep,2370,3,atv_sherp+rc_car+truck_peterbilt,ok,ok,model_accepted_bulk,
S3_sizesweep_f002376.jpg,S3_sizesweep,2376,3,atv_sherp+rc_car+truck_peterbilt,ok,ok,model_accepted_bulk,
S3_sizesweep_f002382.jpg,S3_sizesweep,2382,3,atv_sherp+rc_car+truck_peterbilt,ok,ok,model_accepted_bulk,
S3_sizesweep_f002388.jpg,S3_sizesweep,2388,3,atv_sherp+rc_car+truck_peterbilt,ok,ok,model_accepted_bulk,
S3_sizesweep_f002394.jpg,S3_sizesweep,2394,3,atv_sherp+rc_car+truck_peterbilt,ok,ok,model_accepted_bulk,
S3_sizesweep_f002400.jpg,S3_sizesweep,2400,3,atv_sherp+rc_car+truck_peterbilt,ok,ok,model_accepted_bulk,
S3_sizesweep_f002406.jpg,S3_sizesweep,2406,3,atv_sherp+rc_car+truck_peterbilt,ok,ok,model_accepted_bulk,
S3_sizesweep_f002412.jpg,S3_sizesweep,2412,3,atv_sherp+rc_car+truck_peterbilt,ok,ok,model_accepted_bulk,0
S3_sizesweep_f002418.jpg,S3_sizesweep,2418,3,atv_sherp+rc_car+truck_peterbilt,ok,ok,model_accepted_bulk,0
S3_sizesweep_f002424.jpg,S3_sizesweep,2424,3,atv_sherp+rc_car+truck_peterbilt,ok,ok,model_accepted_bulk,0
S3_sizesweep_f002430.jpg,S3_sizesweep,2430,3,atv_sherp+rc_car+truck_peterbilt,ok,ok,model_accepted_bulk,0
S3_sizesweep_f002436.jpg,S3_sizesweep,2436,3,atv_sherp+rc_car+truck_peterbilt,ok,ok,model_accepted_bulk,0
S3_sizesweep_f002442.jpg,S3_sizesweep,2442,3,atv_sherp+rc_car+truck_peterbilt,ok,ok,model_accepted_bulk,0
S3_sizesweep_f002448.jpg,S3_sizesweep,2448,3,atv_sherp+rc_car+truck_peterbilt,ok,ok,human_confirmed,0
S3_sizesweep_f002454.jpg,S3_sizesweep,2454,3,atv_sherp+rc_car+truck_peterbilt,ok,ok,model_accepted_bulk,0
S3_sizesweep_f002460.jpg,S3_sizesweep,2460,3,atv_sherp+rc_car+truck_peterbilt,ok,ok,model_accepted_bulk,0
S3_sizesweep_f002466.jpg,S3_sizesweep,2466,3,atv_sherp+rc_car+truck_peterbilt,ok,ok,model_accepted_bulk,0
S3_sizesweep_f002472.jpg,S3_sizesweep,2472,3,atv_sherp+rc_car+truck_peterbilt,ok,ok,model_accepted_bulk,0
S3_sizesweep_f002478.jpg,S3_sizesweep,2478,3,atv_sherp+rc_car+truck_peterbilt,ok,ok,model_accepted_bulk,0
S3_sizesweep_f002484.jpg,S3_sizesweep,2484,3,atv_sherp+rc_car+truck_peterbilt,ok,ok,model_accepted_bulk,0
S3_sizesweep_f002490.jpg,S3_sizesweep,2490,3,atv_sherp+rc_car+truck_peterbilt,ok,ok,model_accepted_bulk,0
S3_sizesweep_f002496.jpg,S3_sizesweep,2496,3,atv_sherp+rc_car+truck_peterbilt,ok,ok,model_accepted_bulk,0
S3_sizesweep_f002502.jpg,S3_sizesweep,2502,3,atv_sherp+rc_car+truck_peterbilt,ok,ok,model_accepted_bulk,0
S3_sizesweep_f002508.jpg,S3_sizesweep,2508,3,atv_sherp+rc_car+truck_peterbilt,ok,ok,model_accepted_bulk,0
S3_sizesweep_f002514.jpg,S3_sizesweep,2514,2,atv_sherp+truck_peterbilt,ok,ok,human_confirmed,0
S3_sizesweep_f002520.jpg,S3_sizesweep,2520,2,atv_sherp+truck_peterbilt,ok,ok,human_confirmed,0
S3_sizesweep_f002526.jpg,S3_sizesweep,2526,2,atv_sherp+truck_peterbilt,ok,ok,human_confirmed,0
S3_sizesweep_f002532.jpg,S3_sizesweep,2532,0,none,ok,ok,human_confirmed,0
S3_sizesweep_f002538.jpg,S3_sizesweep,2538,0,none,confirmed_empty,ok,human_confirmed,0
S3_sizesweep_f002544.jpg,S3_sizesweep,2544,0,none,ok,ok,human_confirmed,0
S3_sizesweep_f002550.jpg,S3_sizesweep,2550,0,none,ok,ok,human_confirmed,0
S3_sizesweep_f002556.jpg,S3_sizesweep,2556,0,none,ok,ok,human_confirmed,0
S3_sizesweep_f002562.jpg,S3_sizesweep,2562,0,none,ok,ok,human_confirmed,0
S3_sizesweep_f002568.jpg,S3_sizesweep,2568,0,none,ok,ok,human_confirmed,0
S3_sizesweep_f002574.jpg,S3_sizesweep,2574,0,none,ok,ok,human_confirmed,0
S3_sizesweep_f002580.jpg,S3_sizesweep,2580,0,none,ok,ok,human_confirmed,0
S3_sizesweep_f002586.jpg,S3_sizesweep,2586,0,none,ok,ok,human_confirmed,0
S3_sizesweep_f002592.jpg,S3_sizesweep,2592,0,none,ok,ok,human_confirmed,0
S3_sizesweep_f002598.jpg,S3_sizesweep,2598,0,none,ok,ok,human_confirmed,0
S3_sizesweep_f002604.jpg,S3_sizesweep,2604,0,none,ok,ok,human_confirmed,0
S3_sizesweep_f002610.jpg,S3_sizesweep,2610,0,none,ok,ok,human_confirmed,0
S3_sizesweep_f002616.jpg,S3_sizesweep,2616,0,none,ok,ok,human_confirmed,0
S3_sizesweep_f002622.jpg,S3_sizesweep,2622,0,none,ok,ok,human_confirmed,0
S3_sizesweep_f002628.jpg,S3_sizesweep,2628,0,none,ok,ok,human_confirmed,0
S3_sizesweep_f002634.jpg,S3_sizesweep,2634,0,none,ok,ok,human_confirmed,0
S3_sizesweep_f002640.jpg,S3_sizesweep,2640,0,none,ok,ok,human_confirmed,0
S3_sizesweep_f002646.jpg,S3_sizesweep,2646,0,none,ok,ok,human_confirmed,0
S3_sizesweep_f002652.jpg,S3_sizesweep,2652,0,none,ok,ok,human_confirmed,0
S3_sizesweep_f002658.jpg,S3_sizesweep,2658,0,none,ok,ok,human_confirmed,0
S3_sizesweep_f002664.jpg,S3_sizesweep,2664,0,none,ok,ok,human_confirmed,0
S3_sizesweep_f002670.jpg,S3_sizesweep,2670,2,atv_sherp+truck_peterbilt,ok,ok,human_confirmed,0
S3_sizesweep_f002676.jpg,S3_sizesweep,2676,2,atv_sherp+truck_peterbilt,ok,ok,human_confirmed,0
S3_sizesweep_f002682.jpg,S3_sizesweep,2682,3,atv_sherp+rc_car+truck_peterbilt,ok,ok,model_accepted_bulk,0
S3_sizesweep_f002688.jpg,S3_sizesweep,2688,3,atv_sherp+rc_car+truck_peterbilt,ok,ok,model_accepted_bulk,0
S3_sizesweep_f002694.jpg,S3_sizesweep,2694,3,atv_sherp+rc_car+truck_peterbilt,ok,ok,model_accepted_bulk,0
S3_sizesweep_f002700.jpg,S3_sizesweep,2700,3,atv_sherp+rc_car+truck_peterbilt,ok,ok,model_accepted_bulk,0
S3_sizesweep_f002706.jpg,S3_sizesweep,2706,3,atv_sherp+rc_car+truck_peterbilt,ok,ok,human_confirmed,0
S3_sizesweep_f002712.jpg,S3_sizesweep,2712,3,atv_sherp+rc_car+truck_peterbilt,ok,ok,model_accepted_bulk,0
S3_sizesweep_f002718.jpg,S3_sizesweep,2718,3,atv_sherp+rc_car+truck_peterbilt,ok,ok,model_accepted_bulk,0
S3_sizesweep_f002724.jpg,S3_sizesweep,2724,3,atv_sherp+rc_car+truck_peterbilt,ok,ok,model_accepted_bulk,0
S3_sizesweep_f002730.jpg,S3_sizesweep,2730,3,atv_sherp+rc_car+truck_peterbilt,ok,ok,model_accepted_bulk,0
S3_sizesweep_f002736.jpg,S3_sizesweep,2736,3,atv_sherp+rc_car+truck_peterbilt,ok,ok,human_confirmed,0
S3_sizesweep_f002742.jpg,S3_sizesweep,2742,3,atv_sherp+rc_car+truck_peterbilt,ok,ok,model_accepted_bulk,0
S3_sizesweep_f002748.jpg,S3_sizesweep,2748,3,atv_sherp+rc_car+truck_peterbilt,ok,ok,model_accepted_bulk,0
S3_sizesweep_f002754.jpg,S3_sizesweep,2754,3,atv_sherp+rc_car+truck_peterbilt,ok,ok,model_accepted_bulk,0
S3_sizesweep_f002760.jpg,S3_sizesweep,2760,3,atv_sherp+rc_car+truck_peterbilt,ok,ok,model_accepted_bulk,0
S3_sizesweep_f002766.jpg,S3_sizesweep,2766,3,atv_sherp+rc_car+truck_peterbilt,ok,ok,model_accepted_bulk,0
S3_sizesweep_f002772.jpg,S3_sizesweep,2772,3,atv_sherp+rc_car+truck_peterbilt,ok,ok,model_accepted_bulk,0
S3_sizesweep_f002778.jpg,S3_sizesweep,2778,3,atv_sherp+rc_car+truck_peterbilt,ok,ok,human_confirmed,0
S3_sizesweep_f002784.jpg,S3_sizesweep,2784,3,atv_sherp+rc_car+truck_peterbilt,ok,ok,model_accepted_bulk,0
S3_sizesweep_f002790.jpg,S3_sizesweep,2790,3,atv_sherp+rc_car+truck_peterbilt,ok,ok,model_accepted_bulk,0
S3_sizesweep_f002796.jpg,S3_sizesweep,2796,3,atv_sherp+rc_car+truck_peterbilt,ok,ok,model_accepted_bulk,0
S3_sizesweep_f002802.jpg,S3_sizesweep,2802,3,atv_sherp+rc_car+truck_peterbilt,ok,ok,model_accepted_bulk,0
S3_sizesweep_f002808.jpg,S3_sizesweep,2808,3,atv_sherp+rc_car+truck_peterbilt,ok,ok,model_accepted_bulk,0
S3_sizesweep_f002814.jpg,S3_sizesweep,2814,3,atv_sherp+rc_car+truck_peterbilt,ok,ok,model_accepted_bulk,0
S3_sizesweep_f002820.jpg,S3_sizesweep,2820,3,atv_sherp+rc_car+truck_peterbilt,ok,ok,model_accepted_bulk,0
S3_sizesweep_f002826.jpg,S3_sizesweep,2826,3,atv_sherp+rc_car+truck_peterbilt,ok,ok,model_accepted_bulk,0
S3_sizesweep_f002832.jpg,S3_sizesweep,2832,3,atv_sherp+rc_car+truck_peterbilt,ok,ok,model_accepted_bulk,0
S3_sizesweep_f002838.jpg,S3_sizesweep,2838,3,atv_sherp+rc_car+truck_peterbilt,ok,ok,model_accepted_bulk,0
S3_sizesweep_f002844.jpg,S3_sizesweep,2844,3,atv_sherp+rc_car+truck_peterbilt,ok,ok,model_accepted_bulk,0
S3_sizesweep_f002850.jpg,S3_sizesweep,2850,3,atv_sherp+rc_car+truck_peterbilt,ok,ok,model_accepted_bulk,0
S3_sizesweep_f002856.jpg,S3_sizesweep,2856,0,none,ok,ok,human_confirmed,0
S3_sizesweep_f002862.jpg,S3_sizesweep,2862,3,atv_sherp+rc_car+truck_peterbilt,ok,ok,model_accepted_bulk,0
S3_sizesweep_f002868.jpg,S3_sizesweep,2868,3,atv_sherp+rc_car+truck_peterbilt,ok,ok,model_accepted_bulk,0
S3_sizesweep_f002874.jpg,S3_sizesweep,2874,3,atv_sherp+rc_car+truck_peterbilt,ok,ok,model_accepted_bulk,0
S3_sizesweep_f002880.jpg,S3_sizesweep,2880,3,atv_sherp+rc_car+truck_peterbilt,ok,ok,human_confirmed,0
S3_sizesweep_f002886.jpg,S3_sizesweep,2886,3,atv_sherp+rc_car+truck_peterbilt,ok,ok,human_confirmed,0
S3_sizesweep_f002892.jpg,S3_sizesweep,2892,3,atv_sherp+rc_car+truck_peterbilt,ok,ok,human_confirmed,0
S3_sizesweep_f002898.jpg,S3_sizesweep,2898,3,atv_sherp+rc_car+truck_peterbilt,ok,ok,model_accepted_bulk,0
S3_sizesweep_f002904.jpg,S3_sizesweep,2904,3,atv_sherp+rc_car+truck_peterbilt,ok,ok,model_accepted_bulk,0
S3_sizesweep_f002910.jpg,S3_sizesweep,2910,3,atv_sherp+rc_car+truck_peterbilt,ok,ok,model_accepted_bulk,0
S3_sizesweep_f002916.jpg,S3_sizesweep,2916,3,atv_sherp+rc_car+truck_peterbilt,ok,ok,model_accepted_bulk,0
S3_sizesweep_f002922.jpg,S3_sizesweep,2922,3,atv_sherp+rc_car+truck_peterbilt,ok,ok,model_accepted_bulk,0
S3_sizesweep_f002928.jpg,S3_sizesweep,2928,3,atv_sherp+rc_car+truck_peterbilt,ok,ok,model_accepted_bulk,0
S3_sizesweep_f002934.jpg,S3_sizesweep,2934,3,atv_sherp+rc_car+truck_peterbilt,ok,ok,model_accepted_bulk,0
S3_sizesweep_f002940.jpg,S3_sizesweep,2940,3,atv_sherp+rc_car+truck_peterbilt,ok,ok,model_accepted_bulk,0
S3_sizesweep_f002946.jpg,S3_sizesweep,2946,3,atv_sherp+rc_car+truck_peterbilt,ok,ok,model_accepted_bulk,0
S3_sizesweep_f002952.jpg,S3_sizesweep,2952,3,atv_sherp+rc_car+truck_peterbilt,ok,ok,model_accepted_bulk,0
S3_sizesweep_f002958.jpg,S3_sizesweep,2958,3,atv_sherp+rc_car+truck_peterbilt,ok,ok,model_accepted_bulk,0
S3_sizesweep_f002964.jpg,S3_sizesweep,2964,3,atv_sherp+rc_car+truck_peterbilt,ok,ok,model_accepted_bulk,0
S3_sizesweep_f002970.jpg,S3_sizesweep,2970,3,atv_sherp+rc_car+truck_peterbilt,ok,ok,model_accepted_bulk,0
S3_sizesweep_f002976.jpg,S3_sizesweep,2976,3,atv_sherp+rc_car+truck_peterbilt,ok,ok,model_accepted_bulk,0
S3_sizesweep_f002982.jpg,S3_sizesweep,2982,3,atv_sherp+rc_car+truck_peterbilt,ok,ok,model_accepted_bulk,0
S3_sizesweep_f002988.jpg,S3_sizesweep,2988,3,atv_sherp+rc_car+truck_peterbilt,ok,ok,model_accepted_bulk,0
S3_sizesweep_f002994.jpg,S3_sizesweep,2994,0,none,ok,ok,human_confirmed,0
S3_sizesweep_f003000.jpg,S3_sizesweep,3000,0,none,ok,ok,human_confirmed,0
S3_sizesweep_f003006.jpg,S3_sizesweep,3006,3,atv_sherp+rc_car+truck_peterbilt,ok,ok,model_accepted_bulk,0
S3_sizesweep_f003012.jpg,S3_sizesweep,3012,3,atv_sherp+rc_car+truck_peterbilt,ok,ok,model_accepted_bulk,0
S3_sizesweep_f003018.jpg,S3_sizesweep,3018,3,atv_sherp+rc_car+truck_peterbilt,ok,ok,model_accepted_bulk,0
S3_sizesweep_f003024.jpg,S3_sizesweep,3024,3,atv_sherp+rc_car+truck_peterbilt,ok,ok,human_confirmed,0
S3_sizesweep_f003030.jpg,S3_sizesweep,3030,3,atv_sherp+rc_car+truck_peterbilt,ok,ok,model_accepted_bulk,0
S3_sizesweep_f003036.jpg,S3_sizesweep,3036,3,atv_sherp+rc_car+truck_peterbilt,ok,ok,model_accepted_bulk,0
S3_sizesweep_f003042.jpg,S3_sizesweep,3042,3,atv_sherp+rc_car+truck_peterbilt,ok,ok,model_accepted_bulk,0
S3_sizesweep_f003048.jpg,S3_sizesweep,3048,3,atv_sherp+rc_car+truck_peterbilt,ok,ok,model_accepted_bulk,0
S3_sizesweep_f003054.jpg,S3_sizesweep,3054,3,atv_sherp+rc_car+truck_peterbilt,ok,ok,model_accepted_bulk,
S3_sizesweep_f003060.jpg,S3_sizesweep,3060,3,atv_sherp+rc_car+truck_peterbilt,ok,ok,model_accepted_bulk,
S3_sizesweep_f003066.jpg,S3_sizesweep,3066,3,atv_sherp+rc_car+truck_peterbilt,ok,ok,model_accepted_bulk,
S3_sizesweep_f003072.jpg,S3_sizesweep,3072,3,atv_sherp+rc_car+truck_peterbilt,ok,ok,model_accepted_bulk,
S3_sizesweep_f003078.jpg,S3_sizesweep,3078,3,atv_sherp+rc_car+truck_peterbilt,ok,ok,model_accepted_bulk,
S3_sizesweep_f003084.jpg,S3_sizesweep,3084,3,atv_sherp+rc_car+truck_peterbilt,ok,ok,model_accepted_bulk,
S3_sizesweep_f003090.jpg,S3_sizesweep,3090,3,atv_sherp+rc_car+truck_peterbilt,ok,ok,model_accepted_bulk,
S3_sizesweep_f003096.jpg,S3_sizesweep,3096,3,atv_sherp+rc_car+truck_peterbilt,ok,ok,model_accepted_bulk,
S3_sizesweep_f003102.jpg,S3_sizesweep,3102,3,atv_sherp+rc_car+truck_peterbilt,ok,ok,model_accepted_bulk,
S3_sizesweep_f003108.jpg,S3_sizesweep,3108,3,atv_sherp+rc_car+truck_peterbilt,ok,ok,model_accepted_bulk,
S3_sizesweep_f003114.jpg,S3_sizesweep,3114,3,atv_sherp+rc_car+truck_peterbilt,ok,ok,model_accepted_bulk,
S3_sizesweep_f003120.jpg,S3_sizesweep,3120,3,atv_sherp+rc_car+truck_peterbilt,ok,ok,model_accepted_bulk,
S3_sizesweep_f003126.jpg,S3_sizesweep,3126,3,atv_sherp+rc_car+truck_peterbilt,ok,ok,model_accepted_bulk,
S3_sizesweep_f003132.jpg,S3_sizesweep,3132,3,atv_sherp+rc_car+truck_peterbilt,ok,ok,model_accepted_bulk,
S3_sizesweep_f003138.jpg,S3_sizesweep,3138,3,atv_sherp+rc_car+truck_peterbilt,ok,ok,model_accepted_bulk,
S3_sizesweep_f003144.jpg,S3_sizesweep,3144,3,atv_sherp+rc_car+truck_peterbilt,ok,ok,model_accepted_bulk,
S3_sizesweep_f003150.jpg,S3_sizesweep,3150,3,atv_sherp+rc_car+truck_peterbilt,ok,ok,model_accepted_bulk,
S3_sizesweep_f003156.jpg,S3_sizesweep,3156,3,atv_sherp+rc_car+truck_peterbilt,ok,ok,model_accepted_bulk,
S3_sizesweep_f003162.jpg,S3_sizesweep,3162,3,atv_sherp+rc_car+truck_peterbilt,ok,ok,model_accepted_bulk,
S3_sizesweep_f003168.jpg,S3_sizesweep,3168,3,atv_sherp+rc_car+truck_peterbilt,ok,ok,human_confirmed,
S3_sizesweep_f003174.jpg,S3_sizesweep,3174,3,atv_sherp+rc_car+truck_peterbilt,ok,ok,model_accepted_bulk,
S3_sizesweep_f003180.jpg,S3_sizesweep,3180,3,atv_sherp+rc_car+truck_peterbilt,ok,ok,model_accepted_bulk,
S3_sizesweep_f003186.jpg,S3_sizesweep,3186,3,atv_sherp+rc_car+truck_peterbilt,ok,ok,model_accepted_bulk,
S3_sizesweep_f003192.jpg,S3_sizesweep,3192,3,atv_sherp+rc_car+truck_peterbilt,ok,ok,human_confirmed,
S3_sizesweep_f003198.jpg,S3_sizesweep,3198,3,atv_sherp+rc_car+truck_peterbilt,ok,ok,human_confirmed,
S3_sizesweep_f003204.jpg,S3_sizesweep,3204,3,atv_sherp+rc_car+truck_peterbilt,ok,ok,model_accepted_bulk,
S3_sizesweep_f003210.jpg,S3_sizesweep,3210,3,atv_sherp+rc_car+truck_peterbilt,ok,ok,model_accepted_bulk,
S3_sizesweep_f003216.jpg,S3_sizesweep,3216,3,atv_sherp+rc_car+truck_peterbilt,ok,ok,model_accepted_bulk,
S3_sizesweep_f003222.jpg,S3_sizesweep,3222,3,atv_sherp+rc_car+truck_peterbilt,ok,ok,model_accepted_bulk,
S3_sizesweep_f003228.jpg,S3_sizesweep,3228,3,atv_sherp+rc_car+truck_peterbilt,ok,ok,model_accepted_bulk,
S3_sizesweep_f003234.jpg,S3_sizesweep,3234,3,atv_sherp+rc_car+truck_peterbilt,ok,ok,model_accepted_bulk,
S3_sizesweep_f003240.jpg,S3_sizesweep,3240,3,atv_sherp+rc_car+truck_peterbilt,ok,ok,model_accepted_bulk,
S3_sizesweep_f003246.jpg,S3_sizesweep,3246,3,atv_sherp+rc_car+truck_peterbilt,ok,ok,model_accepted_bulk,
S3_sizesweep_f003252.jpg,S3_sizesweep,3252,3,atv_sherp+rc_car+truck_peterbilt,ok,ok,model_accepted_bulk,
S3_sizesweep_f003258.jpg,S3_sizesweep,3258,3,atv_sherp+rc_car+truck_peterbilt,ok,ok,model_accepted_bulk,
S3_sizesweep_f003264.jpg,S3_sizesweep,3264,3,atv_sherp+rc_car+truck_peterbilt,ok,ok,model_accepted_bulk,
S3_sizesweep_f003270.jpg,S3_sizesweep,3270,3,atv_sherp+rc_car+truck_peterbilt,ok,ok,model_accepted_bulk,
S3_sizesweep_f003276.jpg,S3_sizesweep,3276,3,atv_sherp+rc_car+truck_peterbilt,ok,ok,model_accepted_bulk,
S3_sizesweep_f003282.jpg,S3_sizesweep,3282,3,atv_sherp+rc_car+truck_peterbilt,ok,ok,model_accepted_bulk,
S3_sizesweep_f003288.jpg,S3_sizesweep,3288,3,atv_sherp+rc_car+truck_peterbilt,ok,ok,model_accepted_bulk,
S3_sizesweep_f003294.jpg,S3_sizesweep,3294,3,atv_sherp+rc_car+truck_peterbilt,ok,ok,model_accepted_bulk,
S3_sizesweep_f003300.jpg,S3_sizesweep,3300,3,atv_sherp+rc_car+truck_peterbilt,ok,ok,model_accepted_bulk,
S3_sizesweep_f003306.jpg,S3_sizesweep,3306,3,atv_sherp+rc_car+truck_peterbilt,ok,ok,model_accepted_bulk,
S3_sizesweep_f003312.jpg,S3_sizesweep,3312,3,atv_sherp+rc_car+truck_peterbilt,ok,ok,human_confirmed,
S3_sizesweep_f003318.jpg,S3_sizesweep,3318,3,atv_sherp+rc_car+truck_peterbilt,ok,ok,model_accepted_bulk,
S3_sizesweep_f003324.jpg,S3_sizesweep,3324,3,atv_sherp+rc_car+truck_peterbilt,ok,ok,model_accepted_bulk,
S3_sizesweep_f003330.jpg,S3_sizesweep,3330,3,atv_sherp+rc_car+truck_peterbilt,ok,ok,model_accepted_bulk,
S3_sizesweep_f003336.jpg,S3_sizesweep,3336,3,atv_sherp+rc_car+truck_peterbilt,ok,ok,model_accepted_bulk,
S3_sizesweep_f003342.jpg,S3_sizesweep,3342,3,atv_sherp+rc_car+truck_peterbilt,ok,ok,model_accepted_bulk,
S3_sizesweep_f003348.jpg,S3_sizesweep,3348,3,atv_sherp+rc_car+truck_peterbilt,ok,ok,model_accepted_bulk,
S3_sizesweep_f003354.jpg,S3_sizesweep,3354,3,atv_sherp+rc_car+truck_peterbilt,ok,ok,model_accepted_bulk,
S3_sizesweep_f003360.jpg,S3_sizesweep,3360,3,atv_sherp+rc_car+truck_peterbilt,ok,ok,model_accepted_bulk,
S3_sizesweep_f003366.jpg,S3_sizesweep,3366,3,atv_sherp+rc_car+truck_peterbilt,ok,ok,model_accepted_bulk,
S3_sizesweep_f003372.jpg,S3_sizesweep,3372,3,atv_sherp+rc_car+truck_peterbilt,ok,ok,model_accepted_bulk,
S3_sizesweep_f003378.jpg,S3_sizesweep,3378,3,atv_sherp+rc_car+truck_peterbilt,ok,ok,model_accepted_bulk,
S3_sizesweep_f003384.jpg,S3_sizesweep,3384,3,atv_sherp+rc_car+truck_peterbilt,ok,ok,model_accepted_bulk,
S3_sizesweep_f003390.jpg,S3_sizesweep,3390,3,atv_sherp+rc_car+truck_peterbilt,ok,ok,model_accepted_bulk,
S3_sizesweep_f003396.jpg,S3_sizesweep,3396,3,atv_sherp+rc_car+truck_peterbilt,ok,ok,model_accepted_bulk,
S3_sizesweep_f003402.jpg,S3_sizesweep,3402,3,atv_sherp+rc_car+truck_peterbilt,ok,ok,model_accepted_bulk,
S3_sizesweep_f003408.jpg,S3_sizesweep,3408,3,atv_sherp+rc_car+truck_peterbilt,ok,ok,model_accepted_bulk,
S3_sizesweep_f003414.jpg,S3_sizesweep,3414,3,atv_sherp+rc_car+truck_peterbilt,ok,ok,model_accepted_bulk,
S3_sizesweep_f003420.jpg,S3_sizesweep,3420,3,atv_sherp+rc_car+truck_peterbilt,ok,ok,model_accepted_bulk,
S3_sizesweep_f003426.jpg,S3_sizesweep,3426,3,atv_sherp+rc_car+truck_peterbilt,ok,ok,model_accepted_bulk,
S3_sizesweep_f003432.jpg,S3_sizesweep,3432,3,atv_sherp+rc_car+truck_peterbilt,ok,ok,model_accepted_bulk,
S3_sizesweep_f003438.jpg,S3_sizesweep,3438,3,atv_sherp+rc_car+truck_peterbilt,ok,ok,model_accepted_bulk,
S3_sizesweep_f003444.jpg,S3_sizesweep,3444,3,atv_sherp+rc_car+truck_peterbilt,ok,ok,model_accepted_bulk,
S3_sizesweep_f003450.jpg,S3_sizesweep,3450,3,atv_sherp+rc_car+truck_peterbilt,ok,ok,model_accepted_bulk,0
S3_sizesweep_f003456.jpg,S3_sizesweep,3456,3,atv_sherp+rc_car+truck_peterbilt,ok,ok,human_confirmed,0
S3_sizesweep_f003462.jpg,S3_sizesweep,3462,3,atv_sherp+rc_car+truck_peterbilt,ok,ok,model_accepted_bulk,0
S3_sizesweep_f003468.jpg,S3_sizesweep,3468,3,atv_sherp+rc_car+truck_peterbilt,ok,ok,model_accepted_bulk,0
S3_sizesweep_f003474.jpg,S3_sizesweep,3474,3,atv_sherp+rc_car+truck_peterbilt,ok,ok,model_accepted_bulk,0
S3_sizesweep_f003480.jpg,S3_sizesweep,3480,3,atv_sherp+rc_car+truck_peterbilt,ok,ok,model_accepted_bulk,0
S3_sizesweep_f003486.jpg,S3_sizesweep,3486,3,atv_sherp+rc_car+truck_peterbilt,ok,ok,model_accepted_bulk,0
S3_sizesweep_f003492.jpg,S3_sizesweep,3492,3,atv_sherp+rc_car+truck_peterbilt,ok,ok,model_accepted_bulk,0
S3_sizesweep_f003498.jpg,S3_sizesweep,3498,3,atv_sherp+rc_car+truck_peterbilt,ok,ok,model_accepted_bulk,0
S3_sizesweep_f003504.jpg,S3_sizesweep,3504,3,atv_sherp+rc_car+truck_peterbilt,ok,ok,model_accepted_bulk,0
S3_sizesweep_f003510.jpg,S3_sizesweep,3510,3,atv_sherp+rc_car+truck_peterbilt,ok,ok,model_accepted_bulk,0
S3_sizesweep_f003516.jpg,S3_sizesweep,3516,3,atv_sherp+rc_car+truck_peterbilt,ok,ok,model_accepted_bulk,0
S3_sizesweep_f003522.jpg,S3_sizesweep,3522,3,atv_sherp+rc_car+truck_peterbilt,ok,ok,model_accepted_bulk,0
S3_sizesweep_f003528.jpg,S3_sizesweep,3528,3,atv_sherp+rc_car+truck_peterbilt,ok,ok,model_accepted_bulk,0
S3_sizesweep_f003534.jpg,S3_sizesweep,3534,3,atv_sherp+rc_car+truck_peterbilt,ok,ok,model_accepted_bulk,0
S3_sizesweep_f003540.jpg,S3_sizesweep,3540,3,atv_sherp+rc_car+truck_peterbilt,ok,ok,model_accepted_bulk,0
S3_sizesweep_f003546.jpg,S3_sizesweep,3546,3,atv_sherp+rc_car+truck_peterbilt,ok,ok,model_accepted_bulk,0
S3_sizesweep_f003552.jpg,S3_sizesweep,3552,3,atv_sherp+rc_car+truck_peterbilt,ok,ok,model_accepted_bulk,0
S3_sizesweep_f003558.jpg,S3_sizesweep,3558,3,atv_sherp+rc_car+truck_peterbilt,ok,ok,model_accepted_bulk,0
S3_sizesweep_f003564.jpg,S3_sizesweep,3564,3,atv_sherp+rc_car+truck_peterbilt,ok,ok,model_accepted_bulk,0
S3_sizesweep_f003570.jpg,S3_sizesweep,3570,3,atv_sherp+rc_car+truck_peterbilt,ok,ok,model_accepted_bulk,0
S3_sizesweep_f003576.jpg,S3_sizesweep,3576,3,atv_sherp+rc_car+truck_peterbilt,ok,ok,model_accepted_bulk,0
S3_sizesweep_f003582.jpg,S3_sizesweep,3582,3,atv_sherp+rc_car+truck_peterbilt,ok,ok,model_accepted_bulk,0
S3_sizesweep_f003588.jpg,S3_sizesweep,3588,3,atv_sherp+rc_car+truck_peterbilt,ok,ok,model_accepted_bulk,0
S3_sizesweep_f003594.jpg,S3_sizesweep,3594,3,atv_sherp+rc_car+truck_peterbilt,ok,ok,model_accepted_bulk,0
S3_sizesweep_f003600.jpg,S3_sizesweep,3600,3,atv_sherp+rc_car+truck_peterbilt,ok,ok,human_confirmed,0
S3_sizesweep_f003606.jpg,S3_sizesweep,3606,3,atv_sherp+rc_car+truck_peterbilt,ok,ok,model_accepted_bulk,0
S3_sizesweep_f003612.jpg,S3_sizesweep,3612,3,atv_sherp+rc_car+truck_peterbilt,ok,ok,model_accepted_bulk,0
S3_sizesweep_f003618.jpg,S3_sizesweep,3618,3,atv_sherp+rc_car+truck_peterbilt,ok,ok,model_accepted_bulk,0
S3_sizesweep_f003624.jpg,S3_sizesweep,3624,3,atv_sherp+rc_car+truck_peterbilt,ok,ok,model_accepted_bulk,0
S3_sizesweep_f003630.jpg,S3_sizesweep,3630,3,atv_sherp+rc_car+truck_peterbilt,ok,ok,model_accepted_bulk,0
S3_sizesweep_f003636.jpg,S3_sizesweep,3636,3,atv_sherp+rc_car+truck_peterbilt,ok,ok,model_accepted_bulk,0
S3_sizesweep_f003642.jpg,S3_sizesweep,3642,3,atv_sherp+rc_car+truck_peterbilt,ok,ok,model_accepted_bulk,0
S3_sizesweep_f003648.jpg,S3_sizesweep,3648,3,atv_sherp+rc_car+truck_peterbilt,ok,ok,model_accepted_bulk,0
S3_sizesweep_f003654.jpg,S3_sizesweep,3654,3,atv_sherp+rc_car+truck_peterbilt,ok,ok,model_accepted_bulk,0
S3_sizesweep_f003660.jpg,S3_sizesweep,3660,3,atv_sherp+rc_car+truck_peterbilt,ok,ok,model_accepted_bulk,0
S3_sizesweep_f003666.jpg,S3_sizesweep,3666,3,atv_sherp+rc_car+truck_peterbilt,ok,ok,model_accepted_bulk,0
S3_sizesweep_f003672.jpg,S3_sizesweep,3672,3,atv_sherp+rc_car+truck_peterbilt,ok,ok,model_accepted_bulk,0
S3_sizesweep_f003678.jpg,S3_sizesweep,3678,3,atv_sherp+rc_car+truck_peterbilt,ok,ok,model_accepted_bulk,0
S3_sizesweep_f003684.jpg,S3_sizesweep,3684,3,atv_sherp+rc_car+truck_peterbilt,ok,ok,model_accepted_bulk,0
S3_sizesweep_f003690.jpg,S3_sizesweep,3690,3,atv_sherp+rc_car+truck_peterbilt,ok,ok,model_accepted_bulk,0
S3_sizesweep_f003696.jpg,S3_sizesweep,3696,3,atv_sherp+rc_car+truck_peterbilt,ok,ok,model_accepted_bulk,0
S3_sizesweep_f003702.jpg,S3_sizesweep,3702,3,atv_sherp+rc_car+truck_peterbilt,ok,ok,model_accepted_bulk,0
S3_sizesweep_f003708.jpg,S3_sizesweep,3708,3,atv_sherp+rc_car+truck_peterbilt,ok,ok,model_accepted_bulk,0
S3_sizesweep_f003714.jpg,S3_sizesweep,3714,3,atv_sherp+rc_car+truck_peterbilt,ok,ok,model_accepted_bulk,0
S3_sizesweep_f003720.jpg,S3_sizesweep,3720,3,atv_sherp+rc_car+truck_peterbilt,ok,ok,model_accepted_bulk,0
S3_sizesweep_f003726.jpg,S3_sizesweep,3726,3,atv_sherp+rc_car+truck_peterbilt,ok,ok,model_accepted_bulk,0
S3_sizesweep_f003732.jpg,S3_sizesweep,3732,3,atv_sherp+rc_car+truck_peterbilt,ok,ok,model_accepted_bulk,0
S3_sizesweep_f003738.jpg,S3_sizesweep,3738,3,atv_sherp+rc_car+truck_peterbilt,ok,ok,model_accepted_bulk,0
S3_sizesweep_f003744.jpg,S3_sizesweep,3744,3,atv_sherp+rc_car+truck_peterbilt,ok,ok,human_confirmed,0
S3_sizesweep_f003750.jpg,S3_sizesweep,3750,3,atv_sherp+rc_car+truck_peterbilt,ok,ok,model_accepted_bulk,0
S3_sizesweep_f003756.jpg,S3_sizesweep,3756,3,atv_sherp+rc_car+truck_peterbilt,ok,ok,model_accepted_bulk,0
S3_sizesweep_f003762.jpg,S3_sizesweep,3762,3,atv_sherp+rc_car+truck_peterbilt,ok,ok,model_accepted_bulk,0
S3_sizesweep_f003768.jpg,S3_sizesweep,3768,3,atv_sherp+rc_car+truck_peterbilt,ok,ok,model_accepted_bulk,0
S3_sizesweep_f003774.jpg,S3_sizesweep,3774,3,atv_sherp+rc_car+truck_peterbilt,ok,ok,model_accepted_bulk,0
S3_sizesweep_f003780.jpg,S3_sizesweep,3780,3,atv_sherp+rc_car+truck_peterbilt,ok,ok,model_accepted_bulk,0
S3_sizesweep_f003786.jpg,S3_sizesweep,3786,3,atv_sherp+rc_car+truck_peterbilt,ok,ok,model_accepted_bulk,0
S3_sizesweep_f003792.jpg,S3_sizesweep,3792,3,atv_sherp+rc_car+truck_peterbilt,ok,ok,model_accepted_bulk,0
S3_sizesweep_f003798.jpg,S3_sizesweep,3798,3,atv_sherp+rc_car+truck_peterbilt,ok,ok,model_accepted_bulk,0
S3_sizesweep_f003804.jpg,S3_sizesweep,3804,3,atv_sherp+rc_car+truck_peterbilt,ok,ok,model_accepted_bulk,0
S3_sizesweep_f003810.jpg,S3_sizesweep,3810,3,atv_sherp+rc_car+truck_peterbilt,ok,ok,model_accepted_bulk,0
S3_sizesweep_f003816.jpg,S3_sizesweep,3816,3,atv_sherp+rc_car+truck_peterbilt,ok,ok,model_accepted_bulk,0
S3_sizesweep_f003822.jpg,S3_sizesweep,3822,3,atv_sherp+rc_car+truck_peterbilt,ok,ok,model_accepted_bulk,
S3_sizesweep_f003828.jpg,S3_sizesweep,3828,3,atv_sherp+rc_car+truck_peterbilt,ok,ok,model_accepted_bulk,
S3_sizesweep_f003834.jpg,S3_sizesweep,3834,3,atv_sherp+rc_car+truck_peterbilt,ok,ok,model_accepted_bulk,
S3_sizesweep_f003840.jpg,S3_sizesweep,3840,3,atv_sherp+rc_car+truck_peterbilt,ok,ok,model_accepted_bulk,
S3_sizesweep_f003846.jpg,S3_sizesweep,3846,3,atv_sherp+rc_car+truck_peterbilt,ok,ok,model_accepted_bulk,
S3_sizesweep_f003852.jpg,S3_sizesweep,3852,3,atv_sherp+rc_car+truck_peterbilt,ok,ok,model_accepted_bulk,
S3_sizesweep_f003858.jpg,S3_sizesweep,3858,3,atv_sherp+rc_car+truck_peterbilt,ok,ok,model_accepted_bulk,
S3_sizesweep_f003864.jpg,S3_sizesweep,3864,3,atv_sherp+rc_car+truck_peterbilt,ok,ok,model_accepted_bulk,
S3_sizesweep_f003870.jpg,S3_sizesweep,3870,3,atv_sherp+rc_car+truck_peterbilt,ok,ok,model_accepted_bulk,
S3_sizesweep_f003876.jpg,S3_sizesweep,3876,3,atv_sherp+rc_car+truck_peterbilt,ok,ok,human_confirmed,
S3_sizesweep_f003882.jpg,S3_sizesweep,3882,3,atv_sherp+rc_car+truck_peterbilt,ok,ok,human_confirmed,
S3_sizesweep_f003888.jpg,S3_sizesweep,3888,3,atv_sherp+rc_car+truck_peterbilt,ok,ok,human_confirmed,
S3_sizesweep_f003894.jpg,S3_sizesweep,3894,3,atv_sherp+rc_car+truck_peterbilt,ok,ok,model_accepted_bulk,
S3_sizesweep_f003900.jpg,S3_sizesweep,3900,3,atv_sherp+rc_car+truck_peterbilt,ok,ok,human_confirmed,
S3_sizesweep_f003906.jpg,S3_sizesweep,3906,3,atv_sherp+rc_car+truck_peterbilt,ok,ok,model_accepted_bulk,
S3_sizesweep_f003912.jpg,S3_sizesweep,3912,3,atv_sherp+rc_car+truck_peterbilt,ok,ok,model_accepted_bulk,
S3_sizesweep_f003918.jpg,S3_sizesweep,3918,3,atv_sherp+rc_car+truck_peterbilt,ok,ok,model_accepted_bulk,
S3_sizesweep_f003924.jpg,S3_sizesweep,3924,3,atv_sherp+rc_car+truck_peterbilt,ok,ok,model_accepted_bulk,
S3_sizesweep_f003930.jpg,S3_sizesweep,3930,3,atv_sherp+rc_car+truck_peterbilt,ok,ok,model_accepted_bulk,
S3_sizesweep_f003936.jpg,S3_sizesweep,3936,3,atv_sherp+rc_car+truck_peterbilt,ok,ok,model_accepted_bulk,
S3_sizesweep_f003942.jpg,S3_sizesweep,3942,3,atv_sherp+rc_car+truck_peterbilt,ok,ok,model_accepted_bulk,
S3_sizesweep_f003948.jpg,S3_sizesweep,3948,3,atv_sherp+rc_car+truck_peterbilt,ok,ok,model_accepted_bulk,
S3_sizesweep_f003954.jpg,S3_sizesweep,3954,3,atv_sherp+rc_car+truck_peterbilt,ok,ok,human_confirmed,
S3_sizesweep_f003960.jpg,S3_sizesweep,3960,3,atv_sherp+rc_car+truck_peterbilt,ok,ok,model_accepted_bulk,
S3_sizesweep_f003966.jpg,S3_sizesweep,3966,3,atv_sherp+rc_car+truck_peterbilt,ok,ok,model_accepted_bulk,
S3_sizesweep_f003972.jpg,S3_sizesweep,3972,3,atv_sherp+rc_car+truck_peterbilt,ok,ok,human_confirmed,
S3_sizesweep_f003978.jpg,S3_sizesweep,3978,3,atv_sherp+rc_car+truck_peterbilt,ok,ok,model_accepted_bulk,
S3_sizesweep_f003984.jpg,S3_sizesweep,3984,3,atv_sherp+rc_car+truck_peterbilt,ok,ok,model_accepted_bulk,
S3_sizesweep_f003990.jpg,S3_sizesweep,3990,3,atv_sherp+rc_car+truck_peterbilt,ok,ok,model_accepted_bulk,
S3_sizesweep_f003996.jpg,S3_sizesweep,3996,3,atv_sherp+rc_car+truck_peterbilt,ok,ok,model_accepted_bulk,
S3_sizesweep_f004002.jpg,S3_sizesweep,4002,3,atv_sherp+rc_car+truck_peterbilt,ok,ok,model_accepted_bulk,
S3_sizesweep_f004008.jpg,S3_sizesweep,4008,3,atv_sherp+rc_car+truck_peterbilt,ok,ok,model_accepted_bulk,
S3_sizesweep_f004014.jpg,S3_sizesweep,4014,3,atv_sherp+rc_car+truck_peterbilt,ok,ok,model_accepted_bulk,
S3_sizesweep_f004020.jpg,S3_sizesweep,4020,3,atv_sherp+rc_car+truck_peterbilt,ok,ok,model_accepted_bulk,
S3_sizesweep_f004026.jpg,S3_sizesweep,4026,3,atv_sherp+rc_car+truck_peterbilt,ok,ok,model_accepted_bulk,
S3_sizesweep_f004032.jpg,S3_sizesweep,4032,3,atv_sherp+rc_car+truck_peterbilt,ok,ok,human_confirmed,
S3_sizesweep_f004038.jpg,S3_sizesweep,4038,3,atv_sherp+rc_car+truck_peterbilt,ok,ok,model_accepted_bulk,
S3_sizesweep_f004044.jpg,S3_sizesweep,4044,3,atv_sherp+rc_car+truck_peterbilt,ok,ok,model_accepted_bulk,
S3_sizesweep_f004050.jpg,S3_sizesweep,4050,3,atv_sherp+rc_car+truck_peterbilt,ok,ok,model_accepted_bulk,
S3_sizesweep_f004056.jpg,S3_sizesweep,4056,3,atv_sherp+rc_car+truck_peterbilt,ok,ok,model_accepted_bulk,
S3_sizesweep_f004062.jpg,S3_sizesweep,4062,3,atv_sherp+rc_car+truck_peterbilt,ok,ok,model_accepted_bulk,
S3_sizesweep_f004068.jpg,S3_sizesweep,4068,3,atv_sherp+rc_car+truck_peterbilt,ok,ok,model_accepted_bulk,
S3_sizesweep_f004074.jpg,S3_sizesweep,4074,3,atv_sherp+rc_car+truck_peterbilt,ok,ok,model_accepted_bulk,
S3_sizesweep_f004080.jpg,S3_sizesweep,4080,3,atv_sherp+rc_car+truck_peterbilt,ok,ok,model_accepted_bulk,
S3_sizesweep_f004086.jpg,S3_sizesweep,4086,3,atv_sherp+rc_car+truck_peterbilt,ok,ok,model_accepted_bulk,
S3_sizesweep_f004092.jpg,S3_sizesweep,4092,3,atv_sherp+rc_car+truck_peterbilt,ok,ok,model_accepted_bulk,
S3_sizesweep_f004098.jpg,S3_sizesweep,4098,3,atv_sherp+rc_car+truck_peterbilt,ok,ok,model_accepted_bulk,
S3_sizesweep_f004104.jpg,S3_sizesweep,4104,3,atv_sherp+rc_car+truck_peterbilt,ok,ok,model_accepted_bulk,
S3_sizesweep_f004110.jpg,S3_sizesweep,4110,3,atv_sherp+rc_car+truck_peterbilt,ok,ok,model_accepted_bulk,
S3_sizesweep_f004116.jpg,S3_sizesweep,4116,3,atv_sherp+rc_car+truck_peterbilt,ok,ok,model_accepted_bulk,
S3_sizesweep_f004122.jpg,S3_sizesweep,4122,3,atv_sherp+rc_car+truck_peterbilt,ok,ok,model_accepted_bulk,
S3_sizesweep_f004128.jpg,S3_sizesweep,4128,3,atv_sherp+rc_car+truck_peterbilt,ok,ok,model_accepted_bulk,
S3_sizesweep_f004134.jpg,S3_sizesweep,4134,3,atv_sherp+rc_car+truck_peterbilt,ok,ok,model_accepted_bulk,
S3_sizesweep_f004140.jpg,S3_sizesweep,4140,3,atv_sherp+rc_car+truck_peterbilt,ok,ok,model_accepted_bulk,
S3_sizesweep_f004146.jpg,S3_sizesweep,4146,3,atv_sherp+rc_car+truck_peterbilt,ok,ok,model_accepted_bulk,
S3_sizesweep_f004152.jpg,S3_sizesweep,4152,3,atv_sherp+rc_car+truck_peterbilt,ok,ok,model_accepted_bulk,
S3_sizesweep_f004158.jpg,S3_sizesweep,4158,3,atv_sherp+rc_car+truck_peterbilt,ok,ok,model_accepted_bulk,
S3_sizesweep_f004164.jpg,S3_sizesweep,4164,3,atv_sherp+rc_car+truck_peterbilt,ok,ok,model_accepted_bulk,
S3_sizesweep_f004170.jpg,S3_sizesweep,4170,3,atv_sherp+rc_car+truck_peterbilt,ok,ok,model_accepted_bulk,
S3_sizesweep_f004176.jpg,S3_sizesweep,4176,3,atv_sherp+rc_car+truck_peterbilt,ok,ok,human_confirmed,
S3_sizesweep_f004182.jpg,S3_sizesweep,4182,3,atv_sherp+rc_car+truck_peterbilt,ok,ok,model_accepted_bulk,
S3_sizesweep_f004188.jpg,S3_sizesweep,4188,3,atv_sherp+rc_car+truck_peterbilt,ok,ok,model_accepted_bulk,
S3_sizesweep_f004194.jpg,S3_sizesweep,4194,3,atv_sherp+rc_car+truck_peterbilt,ok,ok,model_accepted_bulk,
S3_sizesweep_f004200.jpg,S3_sizesweep,4200,3,atv_sherp+rc_car+truck_peterbilt,ok,ok,model_accepted_bulk,
S3_sizesweep_f004206.jpg,S3_sizesweep,4206,3,atv_sherp+rc_car+truck_peterbilt,ok,ok,model_accepted_bulk,
S3_sizesweep_f004212.jpg,S3_sizesweep,4212,3,atv_sherp+rc_car+truck_peterbilt,ok,ok,model_accepted_bulk,
S3_sizesweep_f004218.jpg,S3_sizesweep,4218,3,atv_sherp+rc_car+truck_peterbilt,ok,ok,model_accepted_bulk,
S3_sizesweep_f004224.jpg,S3_sizesweep,4224,3,atv_sherp+rc_car+truck_peterbilt,ok,ok,model_accepted_bulk,
S3_sizesweep_f004230.jpg,S3_sizesweep,4230,3,atv_sherp+rc_car+truck_peterbilt,ok,ok,model_accepted_bulk,
S3_sizesweep_f004236.jpg,S3_sizesweep,4236,3,atv_sherp+rc_car+truck_peterbilt,ok,ok,model_accepted_bulk,
S3_sizesweep_f004242.jpg,S3_sizesweep,4242,3,atv_sherp+rc_car+truck_peterbilt,ok,ok,model_accepted_bulk,
S3_sizesweep_f004248.jpg,S3_sizesweep,4248,3,atv_sherp+rc_car+truck_peterbilt,ok,ok,model_accepted_bulk,
S3_sizesweep_f004254.jpg,S3_sizesweep,4254,3,atv_sherp+rc_car+truck_peterbilt,ok,ok,model_accepted_bulk,
S3_sizesweep_f004260.jpg,S3_sizesweep,4260,3,atv_sherp+rc_car+truck_peterbilt,ok,ok,model_accepted_bulk,
S3_sizesweep_f004266.jpg,S3_sizesweep,4266,3,atv_sherp+rc_car+truck_peterbilt,ok,ok,model_accepted_bulk,
S3_sizesweep_f004272.jpg,S3_sizesweep,4272,3,atv_sherp+rc_car+truck_peterbilt,ok,ok,model_accepted_bulk,
S3_sizesweep_f004278.jpg,S3_sizesweep,4278,3,atv_sherp+rc_car+truck_peterbilt,ok,ok,model_accepted_bulk,
S3_sizesweep_f004284.jpg,S3_sizesweep,4284,3,atv_sherp+rc_car+truck_peterbilt,ok,ok,model_accepted_bulk,
S3_sizesweep_f004290.jpg,S3_sizesweep,4290,3,atv_sherp+rc_car+truck_peterbilt,ok,ok,model_accepted_bulk,
S3_sizesweep_f004296.jpg,S3_sizesweep,4296,3,atv_sherp+rc_car+truck_peterbilt,ok,ok,model_accepted_bulk,
S3_sizesweep_f004302.jpg,S3_sizesweep,4302,3,atv_sherp+rc_car+truck_peterbilt,ok,ok,model_accepted_bulk,
S3_sizesweep_f004308.jpg,S3_sizesweep,4308,3,atv_sherp+rc_car+truck_peterbilt,ok,ok,model_accepted_bulk,
S3_sizesweep_f004314.jpg,S3_sizesweep,4314,3,atv_sherp+rc_car+truck_peterbilt,ok,ok,model_accepted_bulk,
S3_sizesweep_f004320.jpg,S3_sizesweep,4320,3,atv_sherp+rc_car+truck_peterbilt,ok,ok,model_accepted_bulk,
S3_sizesweep_f004326.jpg,S3_sizesweep,4326,3,atv_sherp+rc_car+truck_peterbilt,ok,ok,model_accepted_bulk,
S3_sizesweep_f004332.jpg,S3_sizesweep,4332,3,atv_sherp+rc_car+truck_peterbilt,ok,ok,model_accepted_bulk,
S3_sizesweep_f004338.jpg,S3_sizesweep,4338,3,atv_sherp+rc_car+truck_peterbilt,ok,ok,model_accepted_bulk,
S3_sizesweep_f004344.jpg,S3_sizesweep,4344,3,atv_sherp+rc_car+truck_peterbilt,ok,ok,model_accepted_bulk,
S3_PAIR_clean_f000000.jpg,S3_PAIR_clean,0,3,atv_sherp+rc_car+truck_peterbilt,ok,ok,human_confirmed,0
S3_PAIR_clean_f000006.jpg,S3_PAIR_clean,6,3,atv_sherp+rc_car+truck_peterbilt,ok,ok,model_accepted_bulk,0
S3_PAIR_clean_f000012.jpg,S3_PAIR_clean,12,3,atv_sherp+rc_car+truck_peterbilt,ok,ok,model_accepted_bulk,0
S3_PAIR_clean_f000018.jpg,S3_PAIR_clean,18,3,atv_sherp+rc_car+truck_peterbilt,ok,ok,model_accepted_bulk,0
S3_PAIR_clean_f000024.jpg,S3_PAIR_clean,24,2,atv_sherp+rc_car,ok,ok,human_confirmed,0
S3_PAIR_clean_f000030.jpg,S3_PAIR_clean,30,2,atv_sherp+rc_car,ok,ok,human_confirmed,0
S3_PAIR_clean_f000036.jpg,S3_PAIR_clean,36,2,atv_sherp+rc_car,ok,ok,human_confirmed,0
S3_PAIR_clean_f000042.jpg,S3_PAIR_clean,42,2,atv_sherp+rc_car,ok,ok,human_confirmed,0
S3_PAIR_clean_f000048.jpg,S3_PAIR_clean,48,3,atv_sherp+rc_car+truck_peterbilt,ok,ok,model_accepted_bulk,0
S3_PAIR_clean_f000054.jpg,S3_PAIR_clean,54,3,atv_sherp+rc_car+truck_peterbilt,ok,ok,model_accepted_bulk,0
S3_PAIR_clean_f000060.jpg,S3_PAIR_clean,60,3,atv_sherp+rc_car+truck_peterbilt,ok,ok,model_accepted_bulk,0
S3_PAIR_clean_f000066.jpg,S3_PAIR_clean,66,3,atv_sherp+rc_car+truck_peterbilt,ok,ok,model_accepted_bulk,0
S3_PAIR_clean_f000072.jpg,S3_PAIR_clean,72,3,atv_sherp+rc_car+truck_peterbilt,ok,ok,model_accepted_bulk,0
S3_PAIR_clean_f000078.jpg,S3_PAIR_clean,78,3,atv_sherp+rc_car+truck_peterbilt,ok,ok,model_accepted_bulk,0
S3_PAIR_clean_f000084.jpg,S3_PAIR_clean,84,3,atv_sherp+rc_car+truck_peterbilt,ok,ok,model_accepted_bulk,0
S3_PAIR_clean_f000090.jpg,S3_PAIR_clean,90,3,atv_sherp+rc_car+truck_peterbilt,ok,ok,model_accepted_bulk,0
S3_PAIR_clean_f000096.jpg,S3_PAIR_clean,96,3,atv_sherp+rc_car+truck_peterbilt,ok,ok,model_accepted_bulk,0
S3_PAIR_clean_f000102.jpg,S3_PAIR_clean,102,3,atv_sherp+rc_car+truck_peterbilt,ok,ok,model_accepted_bulk,0
S3_PAIR_clean_f000108.jpg,S3_PAIR_clean,108,3,atv_sherp+rc_car+truck_peterbilt,ok,ok,model_accepted_bulk,0
S3_PAIR_clean_f000114.jpg,S3_PAIR_clean,114,3,atv_sherp+rc_car+truck_peterbilt,ok,ok,human_confirmed,0
S3_PAIR_clean_f000120.jpg,S3_PAIR_clean,120,3,atv_sherp+rc_car+truck_peterbilt,ok,ok,model_accepted_bulk,0
S3_PAIR_clean_f000126.jpg,S3_PAIR_clean,126,3,atv_sherp+rc_car+truck_peterbilt,ok,ok,model_accepted_bulk,0
S3_PAIR_clean_f000132.jpg,S3_PAIR_clean,132,3,atv_sherp+rc_car+truck_peterbilt,ok,ok,model_accepted_bulk,0
S3_PAIR_clean_f000138.jpg,S3_PAIR_clean,138,3,atv_sherp+rc_car+truck_peterbilt,ok,ok,model_accepted_bulk,0
S3_PAIR_clean_f000144.jpg,S3_PAIR_clean,144,3,atv_sherp+rc_car+truck_peterbilt,ok,ok,model_accepted_bulk,0
S3_PAIR_clean_f000150.jpg,S3_PAIR_clean,150,3,atv_sherp+rc_car+truck_peterbilt,ok,ok,model_accepted_bulk,0
S3_PAIR_clean_f000156.jpg,S3_PAIR_clean,156,3,atv_sherp+rc_car+truck_peterbilt,ok,ok,model_accepted_bulk,0
S3_PAIR_clean_f000162.jpg,S3_PAIR_clean,162,3,atv_sherp+rc_car+truck_peterbilt,ok,ok,model_accepted_bulk,0
S3_PAIR_clean_f000168.jpg,S3_PAIR_clean,168,3,atv_sherp+rc_car+truck_peterbilt,ok,ok,model_accepted_bulk,0
S3_PAIR_clean_f000174.jpg,S3_PAIR_clean,174,3,atv_sherp+rc_car+truck_peterbilt,ok,ok,model_accepted_bulk,0
S3_PAIR_clean_f000180.jpg,S3_PAIR_clean,180,3,atv_sherp+rc_car+truck_peterbilt,ok,ok,model_accepted_bulk,0
S3_PAIR_clean_f000186.jpg,S3_PAIR_clean,186,3,atv_sherp+rc_car+truck_peterbilt,ok,ok,model_accepted_bulk,0
S3_PAIR_clean_f000192.jpg,S3_PAIR_clean,192,3,atv_sherp+rc_car+truck_peterbilt,ok,ok,model_accepted_bulk,0
S3_PAIR_clean_f000198.jpg,S3_PAIR_clean,198,3,atv_sherp+rc_car+truck_peterbilt,ok,ok,model_accepted_bulk,0
S3_PAIR_clean_f000204.jpg,S3_PAIR_clean,204,3,atv_sherp+rc_car+truck_peterbilt,ok,ok,model_accepted_bulk,0
S3_PAIR_clean_f000210.jpg,S3_PAIR_clean,210,3,atv_sherp+rc_car+truck_peterbilt,ok,ok,model_accepted_bulk,0
S3_PAIR_clean_f000216.jpg,S3_PAIR_clean,216,3,atv_sherp+rc_car+truck_peterbilt,ok,ok,model_accepted_bulk,0
S3_PAIR_clean_f000222.jpg,S3_PAIR_clean,222,3,atv_sherp+rc_car+truck_peterbilt,ok,ok,model_accepted_bulk,0
S3_PAIR_clean_f000228.jpg,S3_PAIR_clean,228,3,atv_sherp+rc_car+truck_peterbilt,ok,ok,human_confirmed,0
S3_PAIR_clean_f000234.jpg,S3_PAIR_clean,234,3,atv_sherp+rc_car+truck_peterbilt,ok,ok,model_accepted_bulk,0
S3_PAIR_clean_f000240.jpg,S3_PAIR_clean,240,3,atv_sherp+rc_car+truck_peterbilt,ok,ok,model_accepted_bulk,0
S3_PAIR_clean_f000246.jpg,S3_PAIR_clean,246,3,atv_sherp+rc_car+truck_peterbilt,ok,ok,model_accepted_bulk,0
S3_PAIR_clean_f000252.jpg,S3_PAIR_clean,252,3,atv_sherp+rc_car+truck_peterbilt,ok,ok,model_accepted_bulk,0
S3_PAIR_clean_f000258.jpg,S3_PAIR_clean,258,3,atv_sherp+rc_car+truck_peterbilt,ok,ok,human_confirmed,0
S3_PAIR_clean_f000264.jpg,S3_PAIR_clean,264,3,atv_sherp+rc_car+truck_peterbilt,ok,ok,human_confirmed,0
S3_PAIR_clean_f000270.jpg,S3_PAIR_clean,270,3,atv_sherp+rc_car+truck_peterbilt,ok,ok,human_confirmed,0
S3_PAIR_clean_f000276.jpg,S3_PAIR_clean,276,3,atv_sherp+rc_car+truck_peterbilt,ok,ok,model_accepted_bulk,0
S3_PAIR_clean_f000282.jpg,S3_PAIR_clean,282,3,atv_sherp+rc_car+truck_peterbilt,ok,ok,model_accepted_bulk,0
S3_PAIR_clean_f000288.jpg,S3_PAIR_clean,288,3,atv_sherp+rc_car+truck_peterbilt,ok,ok,model_accepted_bulk,0
S3_PAIR_clean_f000294.jpg,S3_PAIR_clean,294,3,atv_sherp+rc_car+truck_peterbilt,ok,ok,model_accepted_bulk,0
S3_PAIR_clean_f000300.jpg,S3_PAIR_clean,300,3,atv_sherp+rc_car+truck_peterbilt,ok,ok,model_accepted_bulk,0
S3_PAIR_clean_f000306.jpg,S3_PAIR_clean,306,3,atv_sherp+rc_car+truck_peterbilt,ok,ok,model_accepted_bulk,0
S3_PAIR_clean_f000312.jpg,S3_PAIR_clean,312,3,atv_sherp+rc_car+truck_peterbilt,ok,ok,model_accepted_bulk,0
S3_PAIR_clean_f000318.jpg,S3_PAIR_clean,318,3,atv_sherp+rc_car+truck_peterbilt,ok,ok,model_accepted_bulk,0
S3_PAIR_clean_f000324.jpg,S3_PAIR_clean,324,3,atv_sherp+rc_car+truck_peterbilt,ok,ok,model_accepted_bulk,0
S3_PAIR_clean_f000330.jpg,S3_PAIR_clean,330,3,atv_sherp+rc_car+truck_peterbilt,ok,ok,model_accepted_bulk,0
S3_PAIR_clean_f000336.jpg,S3_PAIR_clean,336,3,atv_sherp+rc_car+truck_peterbilt,ok,ok,model_accepted_bulk,0
S3_PAIR_clean_f000342.jpg,S3_PAIR_clean,342,3,atv_sherp+rc_car+truck_peterbilt,ok,ok,human_confirmed,0
S3_PAIR_clean_f000348.jpg,S3_PAIR_clean,348,3,atv_sherp+rc_car+truck_peterbilt,ok,ok,model_accepted_bulk,0
S3_PAIR_clean_f000354.jpg,S3_PAIR_clean,354,3,atv_sherp+rc_car+truck_peterbilt,ok,ok,model_accepted_bulk,0
S3_PAIR_clean_f000360.jpg,S3_PAIR_clean,360,3,atv_sherp+rc_car+truck_peterbilt,ok,ok,model_accepted_bulk,0
S3_PAIR_clean_f000366.jpg,S3_PAIR_clean,366,3,atv_sherp+rc_car+truck_peterbilt,ok,ok,human_confirmed,0
S3_PAIR_clean_f000372.jpg,S3_PAIR_clean,372,3,atv_sherp+rc_car+truck_peterbilt,ok,ok,model_accepted_bulk,0
S3_PAIR_clean_f000378.jpg,S3_PAIR_clean,378,3,atv_sherp+rc_car+truck_peterbilt,ok,ok,model_accepted_bulk,0
S3_PAIR_clean_f000384.jpg,S3_PAIR_clean,384,3,atv_sherp+rc_car+truck_peterbilt,ok,ok,human_confirmed,0
S3_PAIR_clean_f000390.jpg,S3_PAIR_clean,390,3,atv_sherp+rc_car+truck_peterbilt,ok,ok,human_confirmed,0
S3_PAIR_clean_f000396.jpg,S3_PAIR_clean,396,3,atv_sherp+rc_car+truck_peterbilt,ok,ok,model_accepted_bulk,0
S3_PAIR_clean_f000402.jpg,S3_PAIR_clean,402,3,atv_sherp+rc_car+truck_peterbilt,ok,ok,model_accepted_bulk,0
S3_PAIR_clean_f000408.jpg,S3_PAIR_clean,408,3,atv_sherp+rc_car+truck_peterbilt,ok,ok,model_accepted_bulk,0
S3_PAIR_clean_f000414.jpg,S3_PAIR_clean,414,3,atv_sherp+rc_car+truck_peterbilt,ok,ok,model_accepted_bulk,0
S3_PAIR_clean_f000420.jpg,S3_PAIR_clean,420,3,atv_sherp+rc_car+truck_peterbilt,ok,ok,model_accepted_bulk,0
S3_PAIR_clean_f000426.jpg,S3_PAIR_clean,426,3,atv_sherp+rc_car+truck_peterbilt,ok,ok,model_accepted_bulk,0
S3_PAIR_clean_f000432.jpg,S3_PAIR_clean,432,3,atv_sherp+rc_car+truck_peterbilt,ok,ok,model_accepted_bulk,0
S3_PAIR_clean_f000438.jpg,S3_PAIR_clean,438,3,atv_sherp+rc_car+truck_peterbilt,ok,ok,human_confirmed,0
S3_PAIR_clean_f000444.jpg,S3_PAIR_clean,444,3,atv_sherp+rc_car+truck_peterbilt,ok,ok,model_accepted_bulk,0
S3_PAIR_clean_f000450.jpg,S3_PAIR_clean,450,3,atv_sherp+rc_car+truck_peterbilt,ok,ok,model_accepted_bulk,0
S3_PAIR_clean_f000456.jpg,S3_PAIR_clean,456,3,atv_sherp+rc_car+truck_peterbilt,ok,ok,human_confirmed,0
S3_PAIR_clean_f000462.jpg,S3_PAIR_clean,462,3,atv_sherp+rc_car+truck_peterbilt,ok,ok,model_accepted_bulk,0
S3_PAIR_clean_f000468.jpg,S3_PAIR_clean,468,3,atv_sherp+rc_car+truck_peterbilt,ok,ok,model_accepted_bulk,0
S3_PAIR_clean_f000474.jpg,S3_PAIR_clean,474,3,atv_sherp+rc_car+truck_peterbilt,ok,ok,model_accepted_bulk,0
S3_PAIR_clean_f000480.jpg,S3_PAIR_clean,480,3,atv_sherp+rc_car+truck_peterbilt,ok,ok,model_accepted_bulk,0
S3_PAIR_clean_f000486.jpg,S3_PAIR_clean,486,3,atv_sherp+rc_car+truck_peterbilt,ok,ok,model_accepted_bulk,0
S3_PAIR_clean_f000492.jpg,S3_PAIR_clean,492,3,atv_sherp+rc_car+truck_peterbilt,ok,ok,model_accepted_bulk,0
S3_PAIR_clean_f000498.jpg,S3_PAIR_clean,498,3,atv_sherp+rc_car+truck_peterbilt,ok,ok,model_accepted_bulk,0
S3_PAIR_clean_f000504.jpg,S3_PAIR_clean,504,3,atv_sherp+rc_car+truck_peterbilt,ok,ok,model_accepted_bulk,0
S3_PAIR_clean_f000510.jpg,S3_PAIR_clean,510,3,atv_sherp+rc_car+truck_peterbilt,ok,ok,model_accepted_bulk,0
S3_PAIR_clean_f000516.jpg,S3_PAIR_clean,516,3,atv_sherp+rc_car+truck_peterbilt,ok,ok,model_accepted_bulk,0
S3_PAIR_clean_f000522.jpg,S3_PAIR_clean,522,3,atv_sherp+rc_car+truck_peterbilt,ok,ok,model_accepted_bulk,0
S3_PAIR_clean_f000528.jpg,S3_PAIR_clean,528,3,atv_sherp+rc_car+truck_peterbilt,ok,ok,model_accepted_bulk,0
S3_PAIR_clean_f000534.jpg,S3_PAIR_clean,534,3,atv_sherp+rc_car+truck_peterbilt,ok,ok,model_accepted_bulk,0
S3_PAIR_clean_f000540.jpg,S3_PAIR_clean,540,3,atv_sherp+rc_car+truck_peterbilt,ok,ok,model_accepted_bulk,0
S3_PAIR_clean_f000546.jpg,S3_PAIR_clean,546,3,atv_sherp+rc_car+truck_peterbilt,ok,ok,model_accepted_bulk,0
S3_PAIR_clean_f000552.jpg,S3_PAIR_clean,552,3,atv_sherp+rc_car+truck_peterbilt,ok,ok,model_accepted_bulk,0
S3_PAIR_clean_f000558.jpg,S3_PAIR_clean,558,3,atv_sherp+rc_car+truck_peterbilt,ok,ok,model_accepted_bulk,0
S3_PAIR_clean_f000564.jpg,S3_PAIR_clean,564,3,atv_sherp+rc_car+truck_peterbilt,ok,ok,model_accepted_bulk,0
S3_PAIR_clean_f000570.jpg,S3_PAIR_clean,570,3,atv_sherp+rc_car+truck_peterbilt,ok,ok,human_confirmed,0
S3_PAIR_clean_f000576.jpg,S3_PAIR_clean,576,3,atv_sherp+rc_car+truck_peterbilt,ok,ok,model_accepted_bulk,0
S3_PAIR_clean_f000582.jpg,S3_PAIR_clean,582,3,atv_sherp+rc_car+truck_peterbilt,ok,ok,model_accepted_bulk,0
S3_PAIR_clean_f000588.jpg,S3_PAIR_clean,588,3,atv_sherp+rc_car+truck_peterbilt,ok,ok,model_accepted_bulk,0
S3_PAIR_clean_f000594.jpg,S3_PAIR_clean,594,3,atv_sherp+rc_car+truck_peterbilt,ok,ok,model_accepted_bulk,0
S3_PAIR_clean_f000600.jpg,S3_PAIR_clean,600,3,atv_sherp+rc_car+truck_peterbilt,ok,ok,model_accepted_bulk,0
S3_PAIR_clean_f000606.jpg,S3_PAIR_clean,606,3,atv_sherp+rc_car+truck_peterbilt,ok,ok,model_accepted_bulk,0
S3_PAIR_clean_f000612.jpg,S3_PAIR_clean,612,3,atv_sherp+rc_car+truck_peterbilt,ok,ok,model_accepted_bulk,0
S3_PAIR_clean_f000618.jpg,S3_PAIR_clean,618,3,atv_sherp+rc_car+truck_peterbilt,ok,ok,model_accepted_bulk,0
S3_PAIR_clean_f000624.jpg,S3_PAIR_clean,624,3,atv_sherp+rc_car+truck_peterbilt,ok,ok,model_accepted_bulk,0
S3_PAIR_clean_f000630.jpg,S3_PAIR_clean,630,3,atv_sherp+rc_car+truck_peterbilt,ok,ok,model_accepted_bulk,0
S3_PAIR_clean_f000636.jpg,S3_PAIR_clean,636,3,atv_sherp+rc_car+truck_peterbilt,ok,ok,model_accepted_bulk,0
S3_PAIR_clean_f000642.jpg,S3_PAIR_clean,642,3,atv_sherp+rc_car+truck_peterbilt,ok,ok,model_accepted_bulk,0
S3_PAIR_clean_f000648.jpg,S3_PAIR_clean,648,3,atv_sherp+rc_car+truck_peterbilt,ok,ok,model_accepted_bulk,0
S3_PAIR_clean_f000654.jpg,S3_PAIR_clean,654,3,atv_sherp+rc_car+truck_peterbilt,ok,ok,model_accepted_bulk,0
S3_PAIR_clean_f000660.jpg,S3_PAIR_clean,660,3,atv_sherp+rc_car+truck_peterbilt,ok,ok,model_accepted_bulk,0
S3_PAIR_clean_f000666.jpg,S3_PAIR_clean,666,3,atv_sherp+rc_car+truck_peterbilt,ok,ok,model_accepted_bulk,0
S3_PAIR_clean_f000672.jpg,S3_PAIR_clean,672,3,atv_sherp+rc_car+truck_peterbilt,ok,ok,model_accepted_bulk,0
S3_PAIR_clean_f000678.jpg,S3_PAIR_clean,678,3,atv_sherp+rc_car+truck_peterbilt,ok,ok,model_accepted_bulk,0
S3_PAIR_clean_f000684.jpg,S3_PAIR_clean,684,3,atv_sherp+rc_car+truck_peterbilt,ok,ok,human_confirmed,0
S3_PAIR_clean_f000690.jpg,S3_PAIR_clean,690,3,atv_sherp+rc_car+truck_peterbilt,ok,ok,model_accepted_bulk,0
S3_PAIR_clean_f000696.jpg,S3_PAIR_clean,696,3,atv_sherp+rc_car+truck_peterbilt,ok,ok,model_accepted_bulk,0
S3_PAIR_clean_f000702.jpg,S3_PAIR_clean,702,3,atv_sherp+rc_car+truck_peterbilt,ok,ok,model_accepted_bulk,0
S3_PAIR_clean_f000708.jpg,S3_PAIR_clean,708,3,atv_sherp+rc_car+truck_peterbilt,ok,ok,model_accepted_bulk,0
S3_PAIR_clean_f000714.jpg,S3_PAIR_clean,714,3,atv_sherp+rc_car+truck_peterbilt,ok,ok,model_accepted_bulk,0
S3_PAIR_clean_f000720.jpg,S3_PAIR_clean,720,3,atv_sherp+rc_car+truck_peterbilt,ok,ok,model_accepted_bulk,0
S3_PAIR_clean_f000726.jpg,S3_PAIR_clean,726,3,atv_sherp+rc_car+truck_peterbilt,ok,ok,model_accepted_bulk,0
S3_PAIR_clean_f000732.jpg,S3_PAIR_clean,732,3,atv_sherp+rc_car+truck_peterbilt,ok,ok,model_accepted_bulk,0
S3_PAIR_clean_f000738.jpg,S3_PAIR_clean,738,3,atv_sherp+rc_car+truck_peterbilt,ok,ok,model_accepted_bulk,0
S3_PAIR_clean_f000744.jpg,S3_PAIR_clean,744,3,atv_sherp+rc_car+truck_peterbilt,ok,ok,model_accepted_bulk,0
S3_PAIR_clean_f000750.jpg,S3_PAIR_clean,750,3,atv_sherp+rc_car+truck_peterbilt,ok,ok,model_accepted_bulk,0
S3_PAIR_clean_f000756.jpg,S3_PAIR_clean,756,3,atv_sherp+rc_car+truck_peterbilt,ok,ok,model_accepted_bulk,0
S3_PAIR_clean_f000762.jpg,S3_PAIR_clean,762,3,atv_sherp+rc_car+truck_peterbilt,ok,ok,model_accepted_bulk,0
S3_PAIR_clean_f000768.jpg,S3_PAIR_clean,768,3,atv_sherp+rc_car+truck_peterbilt,ok,ok,model_accepted_bulk,0
S3_PAIR_clean_f000774.jpg,S3_PAIR_clean,774,3,atv_sherp+rc_car+truck_peterbilt,ok,ok,model_accepted_bulk,0
S3_PAIR_clean_f000780.jpg,S3_PAIR_clean,780,3,atv_sherp+rc_car+truck_peterbilt,ok,ok,model_accepted_bulk,0
S3_PAIR_clean_f000786.jpg,S3_PAIR_clean,786,3,atv_sherp+rc_car+truck_peterbilt,ok,ok,model_accepted_bulk,0
S3_PAIR_clean_f000792.jpg,S3_PAIR_clean,792,3,atv_sherp+rc_car+truck_peterbilt,ok,ok,model_accepted_bulk,0
S3_PAIR_clean_f000798.jpg,S3_PAIR_clean,798,3,atv_sherp+rc_car+truck_peterbilt,ok,ok,human_confirmed,0
S3_PAIR_clean_f000804.jpg,S3_PAIR_clean,804,3,atv_sherp+rc_car+truck_peterbilt,ok,ok,model_accepted_bulk,0
S3_PAIR_clean_f000810.jpg,S3_PAIR_clean,810,3,atv_sherp+rc_car+truck_peterbilt,ok,ok,model_accepted_bulk,0
S3_PAIR_clean_f000816.jpg,S3_PAIR_clean,816,3,atv_sherp+rc_car+truck_peterbilt,ok,ok,model_accepted_bulk,0
S3_PAIR_clean_f000822.jpg,S3_PAIR_clean,822,3,atv_sherp+rc_car+truck_peterbilt,ok,ok,model_accepted_bulk,0
S3_PAIR_clean_f000828.jpg,S3_PAIR_clean,828,3,atv_sherp+rc_car+truck_peterbilt,ok,ok,model_accepted_bulk,0
S3_PAIR_clean_f000834.jpg,S3_PAIR_clean,834,3,atv_sherp+rc_car+truck_peterbilt,ok,ok,model_accepted_bulk,0
S3_PAIR_clean_f000840.jpg,S3_PAIR_clean,840,3,atv_sherp+rc_car+truck_peterbilt,ok,ok,human_confirmed,0
S3_PAIR_clean_f000846.jpg,S3_PAIR_clean,846,3,atv_sherp+rc_car+truck_peterbilt,ok,ok,human_confirmed,0
S3_PAIR_clean_f000852.jpg,S3_PAIR_clean,852,3,atv_sherp+rc_car+truck_peterbilt,ok,ok,model_accepted_bulk,0
S3_PAIR_clean_f000858.jpg,S3_PAIR_clean,858,3,atv_sherp+rc_car+truck_peterbilt,ok,ok,model_accepted_bulk,0
S3_PAIR_clean_f000864.jpg,S3_PAIR_clean,864,3,atv_sherp+rc_car+truck_peterbilt,ok,ok,model_accepted_bulk,0
S3_PAIR_clean_f000870.jpg,S3_PAIR_clean,870,3,atv_sherp+rc_car+truck_peterbilt,ok,ok,model_accepted_bulk,0
S3_PAIR_clean_f000876.jpg,S3_PAIR_clean,876,3,atv_sherp+rc_car+truck_peterbilt,ok,ok,model_accepted_bulk,0
S3_PAIR_clean_f000882.jpg,S3_PAIR_clean,882,3,atv_sherp+rc_car+truck_peterbilt,ok,ok,model_accepted_bulk,0
S3_PAIR_clean_f000888.jpg,S3_PAIR_clean,888,3,atv_sherp+rc_car+truck_peterbilt,ok,ok,model_accepted_bulk,0
S3_PAIR_clean_f000894.jpg,S3_PAIR_clean,894,3,atv_sherp+rc_car+truck_peterbilt,ok,ok,model_accepted_bulk,0
S3_PAIR_clean_f000900.jpg,S3_PAIR_clean,900,3,atv_sherp+rc_car+truck_peterbilt,ok,ok,model_accepted_bulk,0
S3_PAIR_clean_f000906.jpg,S3_PAIR_clean,906,3,atv_sherp+rc_car+truck_peterbilt,ok,ok,human_confirmed,0
S3_PAIR_clean_f000912.jpg,S3_PAIR_clean,912,3,atv_sherp+rc_car+truck_peterbilt,ok,ok,human_confirmed,0
S3_PAIR_clean_f000918.jpg,S3_PAIR_clean,918,3,atv_sherp+rc_car+truck_peterbilt,ok,ok,model_accepted_bulk,0
S3_PAIR_clean_f000924.jpg,S3_PAIR_clean,924,3,atv_sherp+rc_car+truck_peterbilt,ok,ok,model_accepted_bulk,0
S3_PAIR_clean_f000930.jpg,S3_PAIR_clean,930,3,atv_sherp+rc_car+truck_peterbilt,ok,ok,model_accepted_bulk,0
S3_PAIR_clean_f000936.jpg,S3_PAIR_clean,936,3,atv_sherp+rc_car+truck_peterbilt,ok,ok,human_confirmed,0
S3_PAIR_clean_f000942.jpg,S3_PAIR_clean,942,3,atv_sherp+rc_car+truck_peterbilt,ok,ok,model_accepted_bulk,0
S3_PAIR_clean_f000948.jpg,S3_PAIR_clean,948,3,atv_sherp+rc_car+truck_peterbilt,ok,ok,model_accepted_bulk,0
S3_PAIR_clean_f000954.jpg,S3_PAIR_clean,954,3,atv_sherp+rc_car+truck_peterbilt,ok,ok,human_confirmed,0
S3_PAIR_clean_f000960.jpg,S3_PAIR_clean,960,2,atv_sherp+truck_peterbilt,ok,ok,human_confirmed,0
S3_PAIR_clean_f000966.jpg,S3_PAIR_clean,966,1,truck_peterbilt,ok,ok,human_confirmed,0
S3_PAIR_clean_f000972.jpg,S3_PAIR_clean,972,1,truck_peterbilt,ok,ok,human_confirmed,0
S3_PAIR_clean_f000978.jpg,S3_PAIR_clean,978,1,truck_peterbilt,ok,ok,human_confirmed,0
S3_PAIR_clean_f000984.jpg,S3_PAIR_clean,984,1,truck_peterbilt,ok,ok,human_confirmed,0
S3_PAIR_clean_f000990.jpg,S3_PAIR_clean,990,1,truck_peterbilt,ok,ok,human_confirmed,0
S3_PAIR_clean_f000996.jpg,S3_PAIR_clean,996,1,truck_peterbilt,ok,ok,human_confirmed,0
S3_PAIR_clean_f001002.jpg,S3_PAIR_clean,1002,1,truck_peterbilt,ok,ok,human_confirmed,0
S3_PAIR_clean_f001008.jpg,S3_PAIR_clean,1008,1,truck_peterbilt,ok,ok,human_confirmed,0
S3_PAIR_clean_f001014.jpg,S3_PAIR_clean,1014,1,truck_peterbilt,ok,ok,human_confirmed,0
S3_PAIR_clean_f001020.jpg,S3_PAIR_clean,1020,1,truck_peterbilt,ok,ok,human_confirmed,0
S3_PAIR_clean_f001026.jpg,S3_PAIR_clean,1026,0,none,confirmed_empty,ok,human_confirmed,0
S3_PAIR_clean_f001032.jpg,S3_PAIR_clean,1032,0,none,confirmed_empty,ok,human_confirmed,0
S3_PAIR_clean_f001038.jpg,S3_PAIR_clean,1038,0,none,ok,ok,human_confirmed,0
S3_PAIR_clean_f001044.jpg,S3_PAIR_clean,1044,1,truck_peterbilt,ok,ok,human_confirmed,0
S3_PAIR_clean_f001050.jpg,S3_PAIR_clean,1050,0,none,ok,ok,human_confirmed,0
S3_PAIR_clean_f001056.jpg,S3_PAIR_clean,1056,0,none,confirmed_empty,ok,human_confirmed,0
S3_PAIR_clean_f001062.jpg,S3_PAIR_clean,1062,0,none,ok,ok,human_confirmed,0
S3_PAIR_clean_f001068.jpg,S3_PAIR_clean,1068,0,none,confirmed_empty,ok,human_confirmed,0
S3_PAIR_clean_f001074.jpg,S3_PAIR_clean,1074,0,none,ok,ok,human_confirmed,0
S3_PAIR_clean_f001080.jpg,S3_PAIR_clean,1080,0,none,ok,ok,human_confirmed,0
S3_PAIR_clean_f001086.jpg,S3_PAIR_clean,1086,0,none,ok,ok,human_confirmed,0
S3_PAIR_clean_f001092.jpg,S3_PAIR_clean,1092,0,none,ok,ok,human_confirmed,0
S3_PAIR_clean_f001098.jpg,S3_PAIR_clean,1098,0,none,ok,ok,human_confirmed,0
S3_PAIR_clean_f001104.jpg,S3_PAIR_clean,1104,0,none,ok,ok,human_confirmed,0
S3_PAIR_clean_f001110.jpg,S3_PAIR_clean,1110,0,none,ok,ok,human_confirmed,0
S3_PAIR_clean_f001116.jpg,S3_PAIR_clean,1116,0,none,ok,ok,human_confirmed,0
S3_PAIR_clean_f001122.jpg,S3_PAIR_clean,1122,0,none,confirmed_empty,ok,human_confirmed,0
S3_PAIR_clean_f001128.jpg,S3_PAIR_clean,1128,0,none,ok,ok,human_confirmed,0
S3_PAIR_clean_f001134.jpg,S3_PAIR_clean,1134,0,none,ok,ok,human_confirmed,0
S3_PAIR_clean_f001140.jpg,S3_PAIR_clean,1140,0,none,ok,ok,human_confirmed,0
S3_PAIR_clean_f001146.jpg,S3_PAIR_clean,1146,0,none,ok,ok,human_confirmed,0
S3_PAIR_clean_f001152.jpg,S3_PAIR_clean,1152,0,none,ok,ok,human_confirmed,0
S3_PAIR_clean_f001158.jpg,S3_PAIR_clean,1158,1,truck_peterbilt,ok,ok,human_confirmed,0
S3_PAIR_clean_f001164.jpg,S3_PAIR_clean,1164,0,none,ok,ok,human_confirmed,0
S3_PAIR_clean_f001170.jpg,S3_PAIR_clean,1170,1,truck_peterbilt,ok,ok,human_confirmed,0
S3_PAIR_clean_f001176.jpg,S3_PAIR_clean,1176,1,truck_peterbilt,ok,ok,human_confirmed,0
S3_PAIR_clean_f001182.jpg,S3_PAIR_clean,1182,1,truck_peterbilt,ok,ok,human_confirmed,0
S3_PAIR_clean_f001188.jpg,S3_PAIR_clean,1188,1,truck_peterbilt,ok,ok,human_confirmed,0
S3_PAIR_clean_f001194.jpg,S3_PAIR_clean,1194,1,truck_peterbilt,ok,ok,human_confirmed,0
S3_PAIR_clean_f001200.jpg,S3_PAIR_clean,1200,1,truck_peterbilt,ok,ok,human_confirmed,0
S3_PAIR_clean_f001206.jpg,S3_PAIR_clean,1206,1,truck_peterbilt,ok,ok,human_confirmed,0
S3_PAIR_clean_f001212.jpg,S3_PAIR_clean,1212,0,none,bad_frame,ok,human_confirmed,0
S3_PAIR_clean_f001218.jpg,S3_PAIR_clean,1218,0,none,bad_frame,ok,human_confirmed,0
S3_PAIR_clean_f001224.jpg,S3_PAIR_clean,1224,3,atv_sherp+rc_car+truck_peterbilt,ok,ok,human_confirmed,0
S3_PAIR_clean_f001230.jpg,S3_PAIR_clean,1230,3,atv_sherp+rc_car+truck_peterbilt,ok,ok,model_accepted_bulk,0
S3_PAIR_clean_f001236.jpg,S3_PAIR_clean,1236,3,atv_sherp+rc_car+truck_peterbilt,ok,ok,model_accepted_bulk,0
S3_PAIR_clean_f001242.jpg,S3_PAIR_clean,1242,3,atv_sherp+rc_car+truck_peterbilt,ok,ok,model_accepted_bulk,0
S3_PAIR_clean_f001248.jpg,S3_PAIR_clean,1248,3,atv_sherp+rc_car+truck_peterbilt,ok,ok,model_accepted_bulk,0
S3_PAIR_clean_f001254.jpg,S3_PAIR_clean,1254,3,atv_sherp+rc_car+truck_peterbilt,ok,ok,human_confirmed,0
S3_PAIR_clean_f001260.jpg,S3_PAIR_clean,1260,3,atv_sherp+rc_car+truck_peterbilt,ok,ok,model_accepted_bulk,0
S3_PAIR_clean_f001266.jpg,S3_PAIR_clean,1266,3,atv_sherp+rc_car+truck_peterbilt,ok,ok,model_accepted_bulk,0
S3_PAIR_clean_f001272.jpg,S3_PAIR_clean,1272,3,atv_sherp+rc_car+truck_peterbilt,ok,ok,model_accepted_bulk,0
S3_PAIR_clean_f001278.jpg,S3_PAIR_clean,1278,3,atv_sherp+rc_car+truck_peterbilt,ok,ok,model_accepted_bulk,0
S3_PAIR_clean_f001284.jpg,S3_PAIR_clean,1284,3,atv_sherp+rc_car+truck_peterbilt,ok,ok,model_accepted_bulk,0
S3_PAIR_clean_f001290.jpg,S3_PAIR_clean,1290,3,atv_sherp+rc_car+truck_peterbilt,ok,ok,model_accepted_bulk,0
S3_PAIR_clean_f001296.jpg,S3_PAIR_clean,1296,3,atv_sherp+rc_car+truck_peterbilt,ok,ok,model_accepted_bulk,0
S3_PAIR_clean_f001302.jpg,S3_PAIR_clean,1302,3,atv_sherp+rc_car+truck_peterbilt,ok,ok,model_accepted_bulk,0
S3_PAIR_clean_f001308.jpg,S3_PAIR_clean,1308,3,atv_sherp+rc_car+truck_peterbilt,ok,ok,model_accepted_bulk,0
S3_PAIR_clean_f001314.jpg,S3_PAIR_clean,1314,3,atv_sherp+rc_car+truck_peterbilt,ok,ok,model_accepted_bulk,0
S3_PAIR_clean_f001320.jpg,S3_PAIR_clean,1320,3,atv_sherp+rc_car+truck_peterbilt,ok,ok,model_accepted_bulk,0
S3_PAIR_clean_f001326.jpg,S3_PAIR_clean,1326,3,atv_sherp+rc_car+truck_peterbilt,ok,ok,model_accepted_bulk,0
S3_PAIR_clean_f001332.jpg,S3_PAIR_clean,1332,3,atv_sherp+rc_car+truck_peterbilt,ok,ok,human_confirmed,0
S3_PAIR_clean_f001338.jpg,S3_PAIR_clean,1338,3,atv_sherp+rc_car+truck_peterbilt,ok,ok,human_confirmed,0
S3_PAIR_clean_f001344.jpg,S3_PAIR_clean,1344,3,atv_sherp+rc_car+truck_peterbilt,ok,ok,human_confirmed,0
S3_PAIR_clean_f001350.jpg,S3_PAIR_clean,1350,3,atv_sherp+rc_car+truck_peterbilt,ok,ok,model_accepted_bulk,0
S3_PAIR_clean_f001356.jpg,S3_PAIR_clean,1356,3,atv_sherp+rc_car+truck_peterbilt,ok,ok,model_accepted_bulk,0
S3_PAIR_clean_f001362.jpg,S3_PAIR_clean,1362,3,atv_sherp+rc_car+truck_peterbilt,ok,ok,human_confirmed,0
S3_PAIR_clean_f001368.jpg,S3_PAIR_clean,1368,3,atv_sherp+rc_car+truck_peterbilt,ok,ok,human_confirmed,0
S3_PAIR_clean_f001374.jpg,S3_PAIR_clean,1374,3,atv_sherp+rc_car+truck_peterbilt,ok,ok,human_confirmed,0
S3_PAIR_clean_f001380.jpg,S3_PAIR_clean,1380,3,atv_sherp+rc_car+truck_peterbilt,ok,ok,model_accepted_bulk,0
S3_PAIR_clean_f001386.jpg,S3_PAIR_clean,1386,3,atv_sherp+rc_car+truck_peterbilt,ok,ok,model_accepted_bulk,0
S3_PAIR_clean_f001392.jpg,S3_PAIR_clean,1392,3,atv_sherp+rc_car+truck_peterbilt,ok,ok,human_confirmed,0
S3_PAIR_clean_f001398.jpg,S3_PAIR_clean,1398,3,atv_sherp+rc_car+truck_peterbilt,ok,ok,model_accepted_bulk,0
S3_PAIR_clean_f001404.jpg,S3_PAIR_clean,1404,3,atv_sherp+rc_car+truck_peterbilt,ok,ok,model_accepted_bulk,0
S3_PAIR_clean_f001410.jpg,S3_PAIR_clean,1410,3,atv_sherp+rc_car+truck_peterbilt,ok,ok,model_accepted_bulk,0
S3_PAIR_clean_f001416.jpg,S3_PAIR_clean,1416,3,atv_sherp+rc_car+truck_peterbilt,ok,ok,model_accepted_bulk,0
S3_PAIR_clean_f001422.jpg,S3_PAIR_clean,1422,3,atv_sherp+rc_car+truck_peterbilt,ok,ok,model_accepted_bulk,0
S3_PAIR_clean_f001428.jpg,S3_PAIR_clean,1428,3,atv_sherp+rc_car+truck_peterbilt,ok,ok,model_accepted_bulk,0
S3_PAIR_clean_f001434.jpg,S3_PAIR_clean,1434,3,atv_sherp+rc_car+truck_peterbilt,ok,ok,model_accepted_bulk,0
S3_PAIR_clean_f001440.jpg,S3_PAIR_clean,1440,3,atv_sherp+rc_car+truck_peterbilt,ok,ok,model_accepted_bulk,0
S3_PAIR_clean_f001446.jpg,S3_PAIR_clean,1446,3,atv_sherp+rc_car+truck_peterbilt,ok,ok,human_confirmed,0
S3_PAIR_clean_f001452.jpg,S3_PAIR_clean,1452,3,atv_sherp+rc_car+truck_peterbilt,ok,ok,human_confirmed,0
S3_PAIR_clean_f001458.jpg,S3_PAIR_clean,1458,3,atv_sherp+rc_car+truck_peterbilt,ok,ok,human_confirmed,0
S3_PAIR_clean_f001464.jpg,S3_PAIR_clean,1464,3,atv_sherp+rc_car+truck_peterbilt,ok,ok,human_confirmed,0
S3_PAIR_clean_f001470.jpg,S3_PAIR_clean,1470,3,atv_sherp+rc_car+truck_peterbilt,ok,ok,human_confirmed,0
S3_PAIR_clean_f001476.jpg,S3_PAIR_clean,1476,3,atv_sherp+rc_car+truck_peterbilt,ok,ok,model_accepted_bulk,0
S3_PAIR_clean_f001482.jpg,S3_PAIR_clean,1482,3,atv_sherp+rc_car+truck_peterbilt,ok,ok,human_confirmed,0
S3_PAIR_clean_f001488.jpg,S3_PAIR_clean,1488,3,atv_sherp+rc_car+truck_peterbilt,ok,ok,model_accepted_bulk,0
S3_PAIR_clean_f001494.jpg,S3_PAIR_clean,1494,3,atv_sherp+rc_car+truck_peterbilt,ok,ok,model_accepted_bulk,0
S3_PAIR_clean_f001500.jpg,S3_PAIR_clean,1500,3,atv_sherp+rc_car+truck_peterbilt,ok,ok,model_accepted_bulk,0
S3_PAIR_clean_f001506.jpg,S3_PAIR_clean,1506,3,atv_sherp+rc_car+truck_peterbilt,ok,ok,model_accepted_bulk,0
S3_PAIR_clean_f001512.jpg,S3_PAIR_clean,1512,3,atv_sherp+rc_car+truck_peterbilt,ok,ok,model_accepted_bulk,0
S3_PAIR_clean_f001518.jpg,S3_PAIR_clean,1518,3,atv_sherp+rc_car+truck_peterbilt,ok,ok,human_confirmed,0
S3_PAIR_clean_f001524.jpg,S3_PAIR_clean,1524,3,atv_sherp+rc_car+truck_peterbilt,ok,ok,human_confirmed,0
S3_PAIR_clean_f001530.jpg,S3_PAIR_clean,1530,2,atv_sherp+rc_car,ok,ok,human_confirmed,0
S3_PAIR_clean_f001536.jpg,S3_PAIR_clean,1536,1,rc_car,ok,ok,human_confirmed,0
S3_PAIR_clean_f001542.jpg,S3_PAIR_clean,1542,0,none,ok,ok,human_confirmed,0
S3_PAIR_clean_f001548.jpg,S3_PAIR_clean,1548,0,none,ok,ok,human_confirmed,0
S3_PAIR_clean_f001554.jpg,S3_PAIR_clean,1554,3,atv_sherp+rc_car+truck_peterbilt,ok,ok,human_confirmed,0
S3_PAIR_clean_f001560.jpg,S3_PAIR_clean,1560,3,atv_sherp+rc_car+truck_peterbilt,ok,ok,human_confirmed,0
S3_PAIR_clean_f001566.jpg,S3_PAIR_clean,1566,3,atv_sherp+rc_car+truck_peterbilt,ok,ok,human_confirmed,0
S3_PAIR_clean_f001572.jpg,S3_PAIR_clean,1572,3,atv_sherp+rc_car+truck_peterbilt,ok,ok,human_confirmed,0
S3_PAIR_clean_f001578.jpg,S3_PAIR_clean,1578,3,atv_sherp+rc_car+truck_peterbilt,ok,ok,human_confirmed,0
S3_PAIR_clean_f001584.jpg,S3_PAIR_clean,1584,3,atv_sherp+rc_car+truck_peterbilt,ok,ok,human_confirmed,0
S3_PAIR_clean_f001590.jpg,S3_PAIR_clean,1590,3,atv_sherp+rc_car+truck_peterbilt,ok,ok,human_confirmed,0
S3_PAIR_clean_f001596.jpg,S3_PAIR_clean,1596,3,atv_sherp+rc_car+truck_peterbilt,ok,ok,human_confirmed,0
S3_PAIR_clean_f001602.jpg,S3_PAIR_clean,1602,3,atv_sherp+rc_car+truck_peterbilt,ok,ok,human_confirmed,0
S3_PAIR_clean_f001608.jpg,S3_PAIR_clean,1608,3,atv_sherp+rc_car+truck_peterbilt,ok,ok,human_confirmed,0
S3_PAIR_clean_f001614.jpg,S3_PAIR_clean,1614,3,atv_sherp+rc_car+truck_peterbilt,ok,ok,human_confirmed,0
S3_PAIR_clean_f001620.jpg,S3_PAIR_clean,1620,3,atv_sherp+rc_car+truck_peterbilt,ok,ok,human_confirmed,0
S3_PAIR_clean_f001626.jpg,S3_PAIR_clean,1626,3,atv_sherp+rc_car+truck_peterbilt,ok,ok,human_confirmed,0
S3_PAIR_clean_f001632.jpg,S3_PAIR_clean,1632,3,atv_sherp+rc_car+truck_peterbilt,ok,ok,human_confirmed,0
S3_PAIR_clean_f001638.jpg,S3_PAIR_clean,1638,3,atv_sherp+rc_car+truck_peterbilt,ok,ok,human_confirmed,0
S3_PAIR_clean_f001644.jpg,S3_PAIR_clean,1644,3,atv_sherp+rc_car+truck_peterbilt,ok,ok,human_confirmed,0
S3_PAIR_clean_f001650.jpg,S3_PAIR_clean,1650,3,atv_sherp+rc_car+truck_peterbilt,ok,ok,human_confirmed,0
S3_PAIR_clean_f001656.jpg,S3_PAIR_clean,1656,3,atv_sherp+rc_car+truck_peterbilt,ok,ok,model_accepted_bulk,0
S3_PAIR_clean_f001662.jpg,S3_PAIR_clean,1662,3,atv_sherp+rc_car+truck_peterbilt,ok,ok,human_confirmed,0
S3_PAIR_clean_f001668.jpg,S3_PAIR_clean,1668,3,atv_sherp+rc_car+truck_peterbilt,ok,ok,human_confirmed,0
S3_PAIR_clean_f001674.jpg,S3_PAIR_clean,1674,3,atv_sherp+rc_car+truck_peterbilt,ok,ok,human_confirmed,0
S3_PAIR_clean_f001680.jpg,S3_PAIR_clean,1680,3,atv_sherp+rc_car+truck_peterbilt,ok,ok,human_confirmed,0
S3_PAIR_clean_f001686.jpg,S3_PAIR_clean,1686,3,atv_sherp+rc_car+truck_peterbilt,ok,ok,human_confirmed,0
S3_PAIR_clean_f001692.jpg,S3_PAIR_clean,1692,3,atv_sherp+rc_car+truck_peterbilt,ok,ok,human_confirmed,0
S3_PAIR_clean_f001698.jpg,S3_PAIR_clean,1698,3,atv_sherp+rc_car+truck_peterbilt,ok,ok,human_confirmed,0
S3_PAIR_clean_f001704.jpg,S3_PAIR_clean,1704,3,atv_sherp+rc_car+truck_peterbilt,ok,ok,human_confirmed,0
S3_PAIR_clean_f001710.jpg,S3_PAIR_clean,1710,3,atv_sherp+rc_car+truck_peterbilt,ok,ok,human_confirmed,0
S3_PAIR_clean_f001716.jpg,S3_PAIR_clean,1716,3,atv_sherp+rc_car+truck_peterbilt,ok,ok,model_accepted_bulk,0
S3_PAIR_clean_f001722.jpg,S3_PAIR_clean,1722,3,atv_sherp+rc_car+truck_peterbilt,ok,ok,model_accepted_bulk,0
S3_PAIR_clean_f001728.jpg,S3_PAIR_clean,1728,3,atv_sherp+rc_car+truck_peterbilt,ok,ok,human_confirmed,0
S3_PAIR_clean_f001734.jpg,S3_PAIR_clean,1734,3,atv_sherp+rc_car+truck_peterbilt,ok,ok,model_accepted_bulk,0
S3_PAIR_clean_f001740.jpg,S3_PAIR_clean,1740,3,atv_sherp+rc_car+truck_peterbilt,ok,ok,model_accepted_bulk,0
S3_PAIR_clean_f001746.jpg,S3_PAIR_clean,1746,3,atv_sherp+rc_car+truck_peterbilt,ok,ok,model_accepted_bulk,0
S3_PAIR_clean_f001752.jpg,S3_PAIR_clean,1752,3,atv_sherp+rc_car+truck_peterbilt,ok,ok,model_accepted_bulk,0
S3_PAIR_clean_f001758.jpg,S3_PAIR_clean,1758,3,atv_sherp+rc_car+truck_peterbilt,ok,ok,model_accepted_bulk,0
S3_PAIR_clean_f001764.jpg,S3_PAIR_clean,1764,3,atv_sherp+rc_car+truck_peterbilt,ok,ok,model_accepted_bulk,0
S3_PAIR_clean_f001770.jpg,S3_PAIR_clean,1770,3,atv_sherp+rc_car+truck_peterbilt,ok,ok,model_accepted_bulk,0
S3_PAIR_clean_f001776.jpg,S3_PAIR_clean,1776,3,atv_sherp+rc_car+truck_peterbilt,ok,ok,model_accepted_bulk,0
S3_PAIR_clean_f001782.jpg,S3_PAIR_clean,1782,3,atv_sherp+rc_car+truck_peterbilt,ok,ok,human_confirmed,0
S3_PAIR_clean_f001788.jpg,S3_PAIR_clean,1788,3,atv_sherp+rc_car+truck_peterbilt,ok,ok,model_accepted_bulk,0
S3_PAIR_clean_f001794.jpg,S3_PAIR_clean,1794,3,atv_sherp+rc_car+truck_peterbilt,ok,ok,model_accepted_bulk,0
S3_PAIR_clean_f001800.jpg,S3_PAIR_clean,1800,3,atv_sherp+rc_car+truck_peterbilt,ok,ok,model_accepted_bulk,0
S3_PAIR_clean_f001806.jpg,S3_PAIR_clean,1806,3,atv_sherp+rc_car+truck_peterbilt,ok,ok,human_confirmed,0
S3_PAIR_clean_f001812.jpg,S3_PAIR_clean,1812,3,atv_sherp+rc_car+truck_peterbilt,ok,ok,human_confirmed,0
S3_PAIR_clean_f001818.jpg,S3_PAIR_clean,1818,3,atv_sherp+rc_car+truck_peterbilt,ok,ok,human_confirmed,0
S3_PAIR_clean_f001824.jpg,S3_PAIR_clean,1824,3,atv_sherp+rc_car+truck_peterbilt,ok,ok,human_confirmed,0
S3_PAIR_clean_f001830.jpg,S3_PAIR_clean,1830,3,atv_sherp+rc_car+truck_peterbilt,ok,ok,human_confirmed,0
S3_PAIR_clean_f001836.jpg,S3_PAIR_clean,1836,3,atv_sherp+rc_car+truck_peterbilt,ok,ok,human_confirmed,0
S3_PAIR_clean_f001842.jpg,S3_PAIR_clean,1842,3,atv_sherp+rc_car+truck_peterbilt,ok,ok,human_confirmed,0
S3_PAIR_clean_f001848.jpg,S3_PAIR_clean,1848,3,atv_sherp+rc_car+truck_peterbilt,ok,ok,human_confirmed,0
S3_PAIR_clean_f001854.jpg,S3_PAIR_clean,1854,3,atv_sherp+rc_car+truck_peterbilt,ok,ok,human_confirmed,0
S3_PAIR_clean_f001860.jpg,S3_PAIR_clean,1860,3,atv_sherp+rc_car+truck_peterbilt,ok,ok,human_confirmed,0
S3_PAIR_clean_f001866.jpg,S3_PAIR_clean,1866,3,atv_sherp+rc_car+truck_peterbilt,ok,ok,human_confirmed,0
S3_PAIR_clean_f001872.jpg,S3_PAIR_clean,1872,3,atv_sherp+rc_car+truck_peterbilt,ok,ok,human_confirmed,0
S3_PAIR_clean_f001878.jpg,S3_PAIR_clean,1878,2,atv_sherp+rc_car,ok,blurry,human_confirmed,0
S3_PAIR_clean_f001884.jpg,S3_PAIR_clean,1884,1,rc_car,ok,ok,human_confirmed,0
S3_PAIR_clean_f001890.jpg,S3_PAIR_clean,1890,1,rc_car,ok,ok,human_confirmed,0
S3_PAIR_clean_f001896.jpg,S3_PAIR_clean,1896,1,rc_car,ok,ok,human_confirmed,0
S3_PAIR_clean_f001902.jpg,S3_PAIR_clean,1902,1,rc_car,ok,ok,human_confirmed,0
S3_PAIR_clean_f001908.jpg,S3_PAIR_clean,1908,1,rc_car,ok,ok,human_confirmed,0
S3_PAIR_clean_f001914.jpg,S3_PAIR_clean,1914,1,rc_car,ok,ok,human_confirmed,0
S3_PAIR_clean_f001920.jpg,S3_PAIR_clean,1920,1,rc_car,ok,ok,human_confirmed,0
S3_PAIR_clean_f001926.jpg,S3_PAIR_clean,1926,1,rc_car,ok,ok,human_confirmed,0
S3_PAIR_clean_f001932.jpg,S3_PAIR_clean,1932,2,atv_sherp+rc_car,ok,ok,human_confirmed,0
S3_PAIR_clean_f001938.jpg,S3_PAIR_clean,1938,2,atv_sherp+rc_car,ok,ok,human_confirmed,0
S3_PAIR_clean_f001944.jpg,S3_PAIR_clean,1944,2,atv_sherp+rc_car,ok,ok,human_confirmed,0
S3_PAIR_clean_f001950.jpg,S3_PAIR_clean,1950,2,atv_sherp+rc_car,ok,ok,human_confirmed,0
S3_PAIR_clean_f001956.jpg,S3_PAIR_clean,1956,2,atv_sherp+rc_car,ok,ok,human_confirmed,0
S3_PAIR_clean_f001962.jpg,S3_PAIR_clean,1962,2,atv_sherp+rc_car,ok,ok,human_confirmed,0
S3_PAIR_clean_f001968.jpg,S3_PAIR_clean,1968,2,atv_sherp+rc_car,ok,ok,human_confirmed,0
S3_PAIR_clean_f001974.jpg,S3_PAIR_clean,1974,2,atv_sherp+rc_car,ok,ok,human_confirmed,0
S3_PAIR_clean_f001980.jpg,S3_PAIR_clean,1980,2,atv_sherp+rc_car,ok,ok,human_confirmed,0
S3_PAIR_clean_f001986.jpg,S3_PAIR_clean,1986,2,atv_sherp+rc_car,ok,ok,human_confirmed,0
S3_PAIR_clean_f001992.jpg,S3_PAIR_clean,1992,2,atv_sherp+rc_car,ok,ok,human_confirmed,0
S3_PAIR_clean_f001998.jpg,S3_PAIR_clean,1998,2,atv_sherp+rc_car,ok,ok,human_confirmed,0
S3_PAIR_clean_f002004.jpg,S3_PAIR_clean,2004,2,atv_sherp+rc_car,ok,ok,human_confirmed,0
S3_PAIR_clean_f002010.jpg,S3_PAIR_clean,2010,1,atv_sherp,ok,ok,human_confirmed,0
S3_PAIR_clean_f002016.jpg,S3_PAIR_clean,2016,1,atv_sherp,ok,ok,human_confirmed,0
S3_PAIR_clean_f002022.jpg,S3_PAIR_clean,2022,1,atv_sherp,ok,ok,human_confirmed,0
S3_PAIR_clean_f002028.jpg,S3_PAIR_clean,2028,1,atv_sherp,ok,ok,human_confirmed,0
S3_PAIR_clean_f002034.jpg,S3_PAIR_clean,2034,1,atv_sherp,ok,ok,human_confirmed,0
S3_PAIR_clean_f002040.jpg,S3_PAIR_clean,2040,0,none,ok,ok,human_confirmed,0
S3_PAIR_clean_f002046.jpg,S3_PAIR_clean,2046,0,none,ok,ok,human_confirmed,0
S3_PAIR_clean_f002052.jpg,S3_PAIR_clean,2052,0,none,confirmed_empty,ok,human_confirmed,0
S3_PAIR_clean_f002058.jpg,S3_PAIR_clean,2058,2,atv_sherp+rc_car,ok,ok,human_confirmed,0
S3_PAIR_clean_f002064.jpg,S3_PAIR_clean,2064,2,atv_sherp+rc_car,ok,ok,human_confirmed,0
S3_PAIR_clean_f002070.jpg,S3_PAIR_clean,2070,2,atv_sherp+rc_car,ok,ok,human_confirmed,0
S3_PAIR_clean_f002076.jpg,S3_PAIR_clean,2076,2,atv_sherp+rc_car,ok,ok,human_confirmed,0
S3_PAIR_clean_f002082.jpg,S3_PAIR_clean,2082,1,atv_sherp,ok,ok,human_confirmed,0
S3_PAIR_clean_f002088.jpg,S3_PAIR_clean,2088,1,atv_sherp,ok,ok,human_confirmed,0
S3_PAIR_clean_f002094.jpg,S3_PAIR_clean,2094,2,atv_sherp+truck_peterbilt,ok,ok,human_confirmed,0
S3_PAIR_clean_f002100.jpg,S3_PAIR_clean,2100,3,atv_sherp+rc_car+truck_peterbilt,ok,ok,human_confirmed,0
S3_PAIR_clean_f002106.jpg,S3_PAIR_clean,2106,3,atv_sherp+rc_car+truck_peterbilt,ok,ok,model_accepted_bulk,0
S3_PAIR_clean_f002112.jpg,S3_PAIR_clean,2112,3,atv_sherp+rc_car+truck_peterbilt,ok,ok,model_accepted_bulk,0
S3_PAIR_clean_f002118.jpg,S3_PAIR_clean,2118,3,atv_sherp+rc_car+truck_peterbilt,ok,ok,model_accepted_bulk,0
S3_PAIR_clean_f002124.jpg,S3_PAIR_clean,2124,3,atv_sherp+rc_car+truck_peterbilt,ok,ok,model_accepted_bulk,0
S3_PAIR_clean_f002130.jpg,S3_PAIR_clean,2130,3,atv_sherp+rc_car+truck_peterbilt,ok,ok,human_confirmed,0
S3_PAIR_clean_f002136.jpg,S3_PAIR_clean,2136,3,atv_sherp+rc_car+truck_peterbilt,ok,ok,human_confirmed,0
S3_PAIR_clean_f002142.jpg,S3_PAIR_clean,2142,3,atv_sherp+rc_car+truck_peterbilt,ok,ok,model_accepted_bulk,0
S3_PAIR_clean_f002148.jpg,S3_PAIR_clean,2148,3,atv_sherp+rc_car+truck_peterbilt,ok,ok,model_accepted_bulk,0
S3_PAIR_clean_f002154.jpg,S3_PAIR_clean,2154,3,atv_sherp+rc_car+truck_peterbilt,ok,ok,model_accepted_bulk,0
S3_PAIR_clean_f002160.jpg,S3_PAIR_clean,2160,3,atv_sherp+rc_car+truck_peterbilt,ok,ok,model_accepted_bulk,0
S3_PAIR_clean_f002166.jpg,S3_PAIR_clean,2166,3,atv_sherp+rc_car+truck_peterbilt,ok,ok,human_confirmed,0
S3_PAIR_clean_f002172.jpg,S3_PAIR_clean,2172,3,atv_sherp+rc_car+truck_peterbilt,ok,ok,model_accepted_bulk,0
S3_PAIR_clean_f002178.jpg,S3_PAIR_clean,2178,3,atv_sherp+rc_car+truck_peterbilt,ok,ok,model_accepted_bulk,0
S3_PAIR_clean_f002184.jpg,S3_PAIR_clean,2184,3,atv_sherp+rc_car+truck_peterbilt,ok,ok,human_confirmed,0
S3_PAIR_clean_f002190.jpg,S3_PAIR_clean,2190,3,atv_sherp+rc_car+truck_peterbilt,ok,ok,model_accepted_bulk,0
S3_PAIR_clean_f002196.jpg,S3_PAIR_clean,2196,3,atv_sherp+rc_car+truck_peterbilt,ok,ok,model_accepted_bulk,0
S3_PAIR_clean_f002202.jpg,S3_PAIR_clean,2202,3,atv_sherp+rc_car+truck_peterbilt,ok,ok,model_accepted_bulk,0
S3_PAIR_clean_f002208.jpg,S3_PAIR_clean,2208,3,atv_sherp+rc_car+truck_peterbilt,ok,ok,model_accepted_bulk,0
S3_PAIR_clean_f002214.jpg,S3_PAIR_clean,2214,3,atv_sherp+rc_car+truck_peterbilt,ok,ok,model_accepted_bulk,0
S3_PAIR_clean_f002220.jpg,S3_PAIR_clean,2220,2,atv_sherp+rc_car,ok,ok,human_confirmed,0
S3_PAIR_clean_f002226.jpg,S3_PAIR_clean,2226,2,atv_sherp+rc_car,ok,ok,human_confirmed,0
S3_PAIR_clean_f002232.jpg,S3_PAIR_clean,2232,2,atv_sherp+rc_car,ok,ok,human_confirmed,0
S3_PAIR_clean_f002238.jpg,S3_PAIR_clean,2238,2,atv_sherp+rc_car,ok,ok,human_confirmed,0
S3_PAIR_clean_f002244.jpg,S3_PAIR_clean,2244,2,atv_sherp+rc_car,ok,ok,human_confirmed,0
S3_PAIR_clean_f002250.jpg,S3_PAIR_clean,2250,2,atv_sherp+rc_car,ok,ok,human_confirmed,0
S3_PAIR_clean_f002256.jpg,S3_PAIR_clean,2256,2,atv_sherp+rc_car,ok,ok,human_confirmed,0
S3_PAIR_clean_f002262.jpg,S3_PAIR_clean,2262,3,atv_sherp+rc_car+truck_peterbilt,ok,ok,model_accepted_bulk,0
S3_PAIR_clean_f002268.jpg,S3_PAIR_clean,2268,2,atv_sherp+rc_car,ok,blurry,human_confirmed,0
S3_PAIR_clean_f002274.jpg,S3_PAIR_clean,2274,1,rc_car,ok,ok,human_confirmed,0
S3_PAIR_clean_f002280.jpg,S3_PAIR_clean,2280,1,rc_car,ok,ok,human_confirmed,0
S3_PAIR_clean_f002286.jpg,S3_PAIR_clean,2286,1,rc_car,ok,ok,human_confirmed,0
S3_PAIR_clean_f002292.jpg,S3_PAIR_clean,2292,1,rc_car,ok,ok,human_confirmed,0
S3_PAIR_clean_f002298.jpg,S3_PAIR_clean,2298,1,rc_car,ok,ok,human_confirmed,0
S3_PAIR_clean_f002304.jpg,S3_PAIR_clean,2304,1,rc_car,ok,ok,human_confirmed,0
S3_PAIR_clean_f002310.jpg,S3_PAIR_clean,2310,1,rc_car,ok,ok,human_confirmed,0
S3_PAIR_clean_f002316.jpg,S3_PAIR_clean,2316,2,atv_sherp+rc_car,ok,ok,human_confirmed,0
S3_PAIR_clean_f002322.jpg,S3_PAIR_clean,2322,2,atv_sherp+rc_car,ok,ok,human_confirmed,0
S3_PAIR_clean_f002328.jpg,S3_PAIR_clean,2328,2,atv_sherp+rc_car,ok,ok,human_confirmed,0
S3_PAIR_clean_f002334.jpg,S3_PAIR_clean,2334,2,atv_sherp+rc_car,ok,ok,human_confirmed,0
S3_PAIR_clean_f002340.jpg,S3_PAIR_clean,2340,2,atv_sherp+rc_car,ok,ok,human_confirmed,0
S3_PAIR_clean_f002346.jpg,S3_PAIR_clean,2346,2,atv_sherp+rc_car,ok,ok,human_confirmed,0
S3_PAIR_clean_f002352.jpg,S3_PAIR_clean,2352,2,atv_sherp+rc_car,ok,ok,human_confirmed,0
S3_PAIR_clean_f002358.jpg,S3_PAIR_clean,2358,2,atv_sherp+rc_car,ok,ok,human_confirmed,0
S3_PAIR_clean_f002364.jpg,S3_PAIR_clean,2364,2,atv_sherp+rc_car,ok,ok,human_confirmed,0
S3_PAIR_clean_f002370.jpg,S3_PAIR_clean,2370,2,atv_sherp+rc_car,ok,ok,human_confirmed,0
S3_PAIR_clean_f002376.jpg,S3_PAIR_clean,2376,2,atv_sherp+rc_car,ok,ok,human_confirmed,0
S3_PAIR_clean_f002382.jpg,S3_PAIR_clean,2382,2,atv_sherp+rc_car,ok,ok,human_confirmed,0
S3_PAIR_clean_f002388.jpg,S3_PAIR_clean,2388,3,atv_sherp+rc_car+truck_peterbilt,ok,ok,model_accepted_bulk,0
S3_PAIR_clean_f002394.jpg,S3_PAIR_clean,2394,3,atv_sherp+rc_car+truck_peterbilt,ok,ok,human_confirmed,0
S3_PAIR_clean_f002400.jpg,S3_PAIR_clean,2400,3,atv_sherp+rc_car+truck_peterbilt,ok,ok,model_accepted_bulk,0
S3_PAIR_clean_f002406.jpg,S3_PAIR_clean,2406,3,atv_sherp+rc_car+truck_peterbilt,ok,ok,model_accepted_bulk,0
S3_PAIR_clean_f002412.jpg,S3_PAIR_clean,2412,3,atv_sherp+rc_car+truck_peterbilt,ok,ok,model_accepted_bulk,0
S3_PAIR_clean_f002418.jpg,S3_PAIR_clean,2418,3,atv_sherp+rc_car+truck_peterbilt,ok,ok,model_accepted_bulk,0
S3_PAIR_clean_f002424.jpg,S3_PAIR_clean,2424,3,atv_sherp+rc_car+truck_peterbilt,ok,ok,model_accepted_bulk,0
S3_PAIR_clean_f002430.jpg,S3_PAIR_clean,2430,3,atv_sherp+rc_car+truck_peterbilt,ok,ok,model_accepted_bulk,0
S3_PAIR_clean_f002436.jpg,S3_PAIR_clean,2436,3,atv_sherp+rc_car+truck_peterbilt,ok,ok,model_accepted_bulk,0
S3_PAIR_clean_f002442.jpg,S3_PAIR_clean,2442,3,atv_sherp+rc_car+truck_peterbilt,ok,ok,model_accepted_bulk,0
S3_PAIR_clean_f002448.jpg,S3_PAIR_clean,2448,3,atv_sherp+rc_car+truck_peterbilt,ok,ok,model_accepted_bulk,0
S3_PAIR_clean_f002454.jpg,S3_PAIR_clean,2454,3,atv_sherp+rc_car+truck_peterbilt,ok,ok,model_accepted_bulk,0
S3_PAIR_clean_f002460.jpg,S3_PAIR_clean,2460,3,atv_sherp+rc_car+truck_peterbilt,ok,ok,human_confirmed,0
S3_PAIR_clean_f002466.jpg,S3_PAIR_clean,2466,3,atv_sherp+rc_car+truck_peterbilt,ok,ok,human_confirmed,0
S3_PAIR_clean_f002472.jpg,S3_PAIR_clean,2472,3,atv_sherp+rc_car+truck_peterbilt,ok,ok,human_confirmed,0
S3_PAIR_clean_f002478.jpg,S3_PAIR_clean,2478,3,atv_sherp+rc_car+truck_peterbilt,ok,ok,model_accepted_bulk,0
S3_PAIR_clean_f002484.jpg,S3_PAIR_clean,2484,3,atv_sherp+rc_car+truck_peterbilt,ok,ok,model_accepted_bulk,0
S3_PAIR_clean_f002490.jpg,S3_PAIR_clean,2490,3,atv_sherp+rc_car+truck_peterbilt,ok,ok,model_accepted_bulk,0
S3_PAIR_clean_f002496.jpg,S3_PAIR_clean,2496,3,atv_sherp+rc_car+truck_peterbilt,ok,ok,human_confirmed,0
S3_PAIR_clean_f002502.jpg,S3_PAIR_clean,2502,3,atv_sherp+rc_car+truck_peterbilt,ok,ok,human_confirmed,0
S3_PAIR_clean_f002508.jpg,S3_PAIR_clean,2508,3,atv_sherp+rc_car+truck_peterbilt,ok,ok,human_confirmed,0
S3_PAIR_clean_f002514.jpg,S3_PAIR_clean,2514,3,atv_sherp+rc_car+truck_peterbilt,ok,ok,model_accepted_bulk,0
S3_PAIR_clean_f002520.jpg,S3_PAIR_clean,2520,3,atv_sherp+rc_car+truck_peterbilt,ok,ok,model_accepted_bulk,0
S3_PAIR_clean_f002526.jpg,S3_PAIR_clean,2526,3,atv_sherp+rc_car+truck_peterbilt,ok,ok,model_accepted_bulk,0
S3_PAIR_clean_f002532.jpg,S3_PAIR_clean,2532,3,atv_sherp+rc_car+truck_peterbilt,ok,ok,model_accepted_bulk,0
S3_PAIR_clean_f002538.jpg,S3_PAIR_clean,2538,3,atv_sherp+rc_car+truck_peterbilt,ok,ok,model_accepted_bulk,0
S3_PAIR_clean_f002544.jpg,S3_PAIR_clean,2544,3,atv_sherp+rc_car+truck_peterbilt,ok,ok,model_accepted_bulk,0
S3_PAIR_clean_f002550.jpg,S3_PAIR_clean,2550,3,atv_sherp+rc_car+truck_peterbilt,ok,ok,model_accepted_bulk,0
S3_PAIR_clean_f002556.jpg,S3_PAIR_clean,2556,3,atv_sherp+rc_car+truck_peterbilt,ok,ok,human_confirmed,0
S3_PAIR_clean_f002562.jpg,S3_PAIR_clean,2562,3,atv_sherp+rc_car+truck_peterbilt,ok,ok,human_confirmed,0
S3_PAIR_clean_f002568.jpg,S3_PAIR_clean,2568,3,atv_sherp+rc_car+truck_peterbilt,ok,ok,model_accepted_bulk,0
S3_PAIR_clean_f002574.jpg,S3_PAIR_clean,2574,3,atv_sherp+rc_car+truck_peterbilt,ok,ok,model_accepted_bulk,0
S3_PAIR_clean_f002580.jpg,S3_PAIR_clean,2580,3,atv_sherp+rc_car+truck_peterbilt,ok,ok,model_accepted_bulk,0
S3_PAIR_clean_f002586.jpg,S3_PAIR_clean,2586,3,atv_sherp+rc_car+truck_peterbilt,ok,ok,model_accepted_bulk,0
S3_PAIR_clean_f002592.jpg,S3_PAIR_clean,2592,3,atv_sherp+rc_car+truck_peterbilt,ok,ok,model_accepted_bulk,0
S3_PAIR_clean_f002598.jpg,S3_PAIR_clean,2598,3,atv_sherp+rc_car+truck_peterbilt,ok,ok,model_accepted_bulk,0
S3_PAIR_clean_f002604.jpg,S3_PAIR_clean,2604,3,atv_sherp+rc_car+truck_peterbilt,ok,ok,model_accepted_bulk,0
S3_PAIR_clean_f002610.jpg,S3_PAIR_clean,2610,3,atv_sherp+rc_car+truck_peterbilt,ok,ok,model_accepted_bulk,0
S3_PAIR_clean_f002616.jpg,S3_PAIR_clean,2616,3,atv_sherp+rc_car+truck_peterbilt,ok,ok,model_accepted_bulk,0
S3_PAIR_clean_f002622.jpg,S3_PAIR_clean,2622,3,atv_sherp+rc_car+truck_peterbilt,ok,ok,human_confirmed,0
S3_PAIR_clean_f002628.jpg,S3_PAIR_clean,2628,3,atv_sherp+rc_car+truck_peterbilt,ok,ok,model_accepted_bulk,0
S3_PAIR_clean_f002634.jpg,S3_PAIR_clean,2634,3,atv_sherp+rc_car+truck_peterbilt,ok,ok,model_accepted_bulk,0
S3_PAIR_clean_f002640.jpg,S3_PAIR_clean,2640,3,atv_sherp+rc_car+truck_peterbilt,ok,blurry,human_confirmed,0
S3_PAIR_clean_f002646.jpg,S3_PAIR_clean,2646,3,atv_sherp+rc_car+truck_peterbilt,ok,ok,model_accepted_bulk,0
S3_PAIR_clean_f002652.jpg,S3_PAIR_clean,2652,3,atv_sherp+rc_car+truck_peterbilt,ok,ok,model_accepted_bulk,0
S3_PAIR_clean_f002658.jpg,S3_PAIR_clean,2658,3,atv_sherp+rc_car+truck_peterbilt,ok,ok,model_accepted_bulk,0
S3_PAIR_clean_f002664.jpg,S3_PAIR_clean,2664,3,atv_sherp+rc_car+truck_peterbilt,ok,ok,model_accepted_bulk,0
S3_PAIR_clean_f002670.jpg,S3_PAIR_clean,2670,3,atv_sherp+rc_car+truck_peterbilt,ok,ok,model_accepted_bulk,0
S3_PAIR_clean_f002676.jpg,S3_PAIR_clean,2676,3,atv_sherp+rc_car+truck_peterbilt,ok,ok,model_accepted_bulk,0
S3_PAIR_clean_f002682.jpg,S3_PAIR_clean,2682,3,atv_sherp+rc_car+truck_peterbilt,ok,ok,human_confirmed,0
S3_PAIR_clean_f002688.jpg,S3_PAIR_clean,2688,3,atv_sherp+rc_car+truck_peterbilt,ok,ok,human_confirmed,0
S3_PAIR_clean_f002694.jpg,S3_PAIR_clean,2694,3,atv_sherp+rc_car+truck_peterbilt,ok,ok,human_confirmed,0
S3_PAIR_clean_f002700.jpg,S3_PAIR_clean,2700,3,atv_sherp+rc_car+truck_peterbilt,ok,ok,human_confirmed,0
S3_PAIR_clean_f002706.jpg,S3_PAIR_clean,2706,3,atv_sherp+rc_car+truck_peterbilt,ok,ok,model_accepted_bulk,0
S3_PAIR_clean_f002712.jpg,S3_PAIR_clean,2712,3,atv_sherp+rc_car+truck_peterbilt,ok,ok,human_confirmed,0
S3_PAIR_clean_f002718.jpg,S3_PAIR_clean,2718,3,atv_sherp+rc_car+truck_peterbilt,ok,ok,model_accepted_bulk,0
S3_PAIR_clean_f002724.jpg,S3_PAIR_clean,2724,3,atv_sherp+rc_car+truck_peterbilt,ok,ok,model_accepted_bulk,0
S3_PAIR_clean_f002730.jpg,S3_PAIR_clean,2730,3,atv_sherp+rc_car+truck_peterbilt,ok,ok,model_accepted_bulk,0
S3_PAIR_clean_f002736.jpg,S3_PAIR_clean,2736,3,atv_sherp+rc_car+truck_peterbilt,ok,ok,human_confirmed,0
S3_PAIR_clean_f002742.jpg,S3_PAIR_clean,2742,3,atv_sherp+rc_car+truck_peterbilt,ok,ok,model_accepted_bulk,0
S3_PAIR_clean_f002748.jpg,S3_PAIR_clean,2748,3,atv_sherp+rc_car+truck_peterbilt,ok,ok,model_accepted_bulk,0
S3_PAIR_clean_f002754.jpg,S3_PAIR_clean,2754,3,atv_sherp+rc_car+truck_peterbilt,ok,ok,human_confirmed,0
S3_PAIR_clean_f002760.jpg,S3_PAIR_clean,2760,3,atv_sherp+rc_car+truck_peterbilt,ok,ok,human_confirmed,0
S3_PAIR_clean_f002766.jpg,S3_PAIR_clean,2766,3,atv_sherp+rc_car+truck_peterbilt,ok,ok,human_confirmed,0
S3_PAIR_clean_f002772.jpg,S3_PAIR_clean,2772,3,atv_sherp+rc_car+truck_peterbilt,ok,ok,model_accepted_bulk,0
S3_PAIR_clean_f002778.jpg,S3_PAIR_clean,2778,3,atv_sherp+rc_car+truck_peterbilt,ok,ok,model_accepted_bulk,0
S3_PAIR_clean_f002784.jpg,S3_PAIR_clean,2784,3,atv_sherp+rc_car+truck_peterbilt,ok,ok,model_accepted_bulk,0
S3_PAIR_clean_f002790.jpg,S3_PAIR_clean,2790,3,atv_sherp+rc_car+truck_peterbilt,ok,ok,model_accepted_bulk,0
S3_PAIR_clean_f002796.jpg,S3_PAIR_clean,2796,3,atv_sherp+rc_car+truck_peterbilt,ok,ok,model_accepted_bulk,0
S3_PAIR_clean_f002802.jpg,S3_PAIR_clean,2802,3,atv_sherp+rc_car+truck_peterbilt,ok,blurry,human_confirmed,0
S3_PAIR_clean_f002808.jpg,S3_PAIR_clean,2808,3,atv_sherp+rc_car+truck_peterbilt,ok,blurry,human_confirmed,0
S3_PAIR_clean_f002814.jpg,S3_PAIR_clean,2814,3,atv_sherp+rc_car+truck_peterbilt,ok,blurry,human_confirmed,0
S3_PAIR_clean_f002820.jpg,S3_PAIR_clean,2820,3,atv_sherp+rc_car+truck_peterbilt,ok,blurry,human_confirmed,0
S3_PAIR_clean_f002826.jpg,S3_PAIR_clean,2826,3,atv_sherp+rc_car+truck_peterbilt,ok,ok,model_accepted_bulk,0
S3_PAIR_clean_f002832.jpg,S3_PAIR_clean,2832,3,atv_sherp+rc_car+truck_peterbilt,ok,ok,model_accepted_bulk,0
S3_PAIR_clean_f002838.jpg,S3_PAIR_clean,2838,3,atv_sherp+rc_car+truck_peterbilt,ok,ok,model_accepted_bulk,0
S3_PAIR_clean_f002844.jpg,S3_PAIR_clean,2844,3,atv_sherp+rc_car+truck_peterbilt,ok,ok,model_accepted_bulk,0
S3_PAIR_clean_f002850.jpg,S3_PAIR_clean,2850,3,atv_sherp+rc_car+truck_peterbilt,ok,ok,human_confirmed,0
S3_PAIR_clean_f002856.jpg,S3_PAIR_clean,2856,3,atv_sherp+rc_car+truck_peterbilt,ok,ok,model_accepted_bulk,0
S3_PAIR_clean_f002862.jpg,S3_PAIR_clean,2862,3,atv_sherp+rc_car+truck_peterbilt,ok,ok,model_accepted_bulk,0
S3_PAIR_clean_f002868.jpg,S3_PAIR_clean,2868,3,atv_sherp+rc_car+truck_peterbilt,ok,ok,model_accepted_bulk,0
S3_PAIR_clean_f002874.jpg,S3_PAIR_clean,2874,3,atv_sherp+rc_car+truck_peterbilt,ok,ok,model_accepted_bulk,0
S3_PAIR_clean_f002880.jpg,S3_PAIR_clean,2880,3,atv_sherp+rc_car+truck_peterbilt,ok,ok,human_confirmed,0
S3_PAIR_clean_f002886.jpg,S3_PAIR_clean,2886,3,atv_sherp+rc_car+truck_peterbilt,ok,ok,human_confirmed,0
S3_PAIR_clean_f002892.jpg,S3_PAIR_clean,2892,3,atv_sherp+rc_car+truck_peterbilt,ok,ok,model_accepted_bulk,0
S3_PAIR_clean_f002898.jpg,S3_PAIR_clean,2898,3,atv_sherp+rc_car+truck_peterbilt,ok,ok,model_accepted_bulk,0
S3_PAIR_clean_f002904.jpg,S3_PAIR_clean,2904,3,atv_sherp+rc_car+truck_peterbilt,ok,ok,model_accepted_bulk,0
S3_PAIR_clean_f002910.jpg,S3_PAIR_clean,2910,3,atv_sherp+rc_car+truck_peterbilt,ok,ok,model_accepted_bulk,0
S3_PAIR_clean_f002916.jpg,S3_PAIR_clean,2916,3,atv_sherp+rc_car+truck_peterbilt,ok,ok,model_accepted_bulk,0
S3_PAIR_clean_f002922.jpg,S3_PAIR_clean,2922,3,atv_sherp+rc_car+truck_peterbilt,ok,ok,model_accepted_bulk,0
S3_PAIR_clean_f002928.jpg,S3_PAIR_clean,2928,3,atv_sherp+rc_car+truck_peterbilt,ok,ok,model_accepted_bulk,0
S3_PAIR_clean_f002934.jpg,S3_PAIR_clean,2934,3,atv_sherp+rc_car+truck_peterbilt,ok,ok,model_accepted_bulk,0
S3_PAIR_clean_f002940.jpg,S3_PAIR_clean,2940,3,atv_sherp+rc_car+truck_peterbilt,ok,ok,model_accepted_bulk,0
S3_PAIR_clean_f002946.jpg,S3_PAIR_clean,2946,3,atv_sherp+rc_car+truck_peterbilt,ok,ok,model_accepted_bulk,0
S3_PAIR_clean_f002952.jpg,S3_PAIR_clean,2952,3,atv_sherp+rc_car+truck_peterbilt,ok,ok,model_accepted_bulk,0
S3_PAIR_clean_f002958.jpg,S3_PAIR_clean,2958,3,atv_sherp+rc_car+truck_peterbilt,ok,ok,model_accepted_bulk,0
S3_PAIR_clean_f002964.jpg,S3_PAIR_clean,2964,3,atv_sherp+rc_car+truck_peterbilt,ok,blurry,human_confirmed,0
S3_PAIR_clean_f002970.jpg,S3_PAIR_clean,2970,3,atv_sherp+rc_car+truck_peterbilt,ok,ok,human_confirmed,0
S3_PAIR_clean_f002976.jpg,S3_PAIR_clean,2976,3,atv_sherp+rc_car+truck_peterbilt,ok,ok,model_accepted_bulk,0
S3_PAIR_clean_f002982.jpg,S3_PAIR_clean,2982,3,atv_sherp+rc_car+truck_peterbilt,ok,blurry,human_confirmed,0
S3_PAIR_clean_f002988.jpg,S3_PAIR_clean,2988,3,atv_sherp+rc_car+truck_peterbilt,ok,ok,model_accepted_bulk,0
S3_PAIR_clean_f002994.jpg,S3_PAIR_clean,2994,3,atv_sherp+rc_car+truck_peterbilt,ok,ok,model_accepted_bulk,0
S3_PAIR_clean_f003000.jpg,S3_PAIR_clean,3000,3,atv_sherp+rc_car+truck_peterbilt,ok,ok,model_accepted_bulk,0
S3_PAIR_clean_f003006.jpg,S3_PAIR_clean,3006,3,atv_sherp+rc_car+truck_peterbilt,ok,ok,model_accepted_bulk,0
S3_PAIR_clean_f003012.jpg,S3_PAIR_clean,3012,3,atv_sherp+rc_car+truck_peterbilt,ok,ok,model_accepted_bulk,0
S3_PAIR_clean_f003018.jpg,S3_PAIR_clean,3018,3,atv_sherp+rc_car+truck_peterbilt,ok,blurry,human_confirmed,0
S3_PAIR_clean_f003024.jpg,S3_PAIR_clean,3024,3,atv_sherp+rc_car+truck_peterbilt,ok,blurry,human_confirmed,0
S3_PAIR_clean_f003030.jpg,S3_PAIR_clean,3030,3,atv_sherp+rc_car+truck_peterbilt,ok,blurry,human_confirmed,0
S3_PAIR_clean_f003036.jpg,S3_PAIR_clean,3036,3,atv_sherp+rc_car+truck_peterbilt,ok,blurry,human_confirmed,0
S3_PAIR_clean_f003042.jpg,S3_PAIR_clean,3042,3,atv_sherp+rc_car+truck_peterbilt,ok,blurry,human_confirmed,0
S3_PAIR_clean_f003048.jpg,S3_PAIR_clean,3048,3,atv_sherp+rc_car+truck_peterbilt,ok,blurry,human_confirmed,0
S3_PAIR_clean_f003054.jpg,S3_PAIR_clean,3054,3,atv_sherp+rc_car+truck_peterbilt,ok,blurry,human_confirmed,0
S3_PAIR_clean_f003060.jpg,S3_PAIR_clean,3060,3,atv_sherp+rc_car+truck_peterbilt,ok,blurry,human_confirmed,0
S3_PAIR_clean_f003066.jpg,S3_PAIR_clean,3066,3,atv_sherp+rc_car+truck_peterbilt,ok,blurry,human_confirmed,0
S3_PAIR_clean_f003072.jpg,S3_PAIR_clean,3072,3,atv_sherp+rc_car+truck_peterbilt,ok,blurry,human_confirmed,0
S3_PAIR_clean_f003078.jpg,S3_PAIR_clean,3078,3,atv_sherp+rc_car+truck_peterbilt,ok,blurry,human_confirmed,0
S3_PAIR_clean_f003084.jpg,S3_PAIR_clean,3084,3,atv_sherp+rc_car+truck_peterbilt,ok,blurry,human_confirmed,0
S3_PAIR_clean_f003090.jpg,S3_PAIR_clean,3090,3,atv_sherp+rc_car+truck_peterbilt,ok,blurry,human_confirmed,0
S3_PAIR_clean_f003096.jpg,S3_PAIR_clean,3096,3,atv_sherp+rc_car+truck_peterbilt,ok,blurry,human_confirmed,0
S3_PAIR_clean_f003102.jpg,S3_PAIR_clean,3102,3,atv_sherp+rc_car+truck_peterbilt,ok,blurry,human_confirmed,0
S3_PAIR_clean_f003108.jpg,S3_PAIR_clean,3108,3,atv_sherp+rc_car+truck_peterbilt,ok,ok,model_accepted_bulk,0
S3_PAIR_clean_f003114.jpg,S3_PAIR_clean,3114,3,atv_sherp+rc_car+truck_peterbilt,ok,ok,model_accepted_bulk,0
S3_PAIR_clean_f003120.jpg,S3_PAIR_clean,3120,3,atv_sherp+rc_car+truck_peterbilt,ok,ok,model_accepted_bulk,0
S3_PAIR_clean_f003126.jpg,S3_PAIR_clean,3126,3,atv_sherp+rc_car+truck_peterbilt,ok,ok,model_accepted_bulk,0
S3_PAIR_clean_f003132.jpg,S3_PAIR_clean,3132,3,atv_sherp+rc_car+truck_peterbilt,ok,blurry,human_confirmed,0
S3_PAIR_clean_f003138.jpg,S3_PAIR_clean,3138,3,atv_sherp+rc_car+truck_peterbilt,ok,blurry,human_confirmed,0
S3_PAIR_clean_f003144.jpg,S3_PAIR_clean,3144,3,atv_sherp+rc_car+truck_peterbilt,ok,blurry,human_confirmed,0
S3_PAIR_clean_f003150.jpg,S3_PAIR_clean,3150,3,atv_sherp+rc_car+truck_peterbilt,ok,blurry,human_confirmed,0
S3_PAIR_clean_f003156.jpg,S3_PAIR_clean,3156,3,atv_sherp+rc_car+truck_peterbilt,ok,ok,model_accepted_bulk,0
S3_PAIR_clean_f003162.jpg,S3_PAIR_clean,3162,3,atv_sherp+rc_car+truck_peterbilt,ok,ok,model_accepted_bulk,0
S3_PAIR_clean_f003168.jpg,S3_PAIR_clean,3168,3,atv_sherp+rc_car+truck_peterbilt,ok,ok,model_accepted_bulk,0
S3_PAIR_clean_f003174.jpg,S3_PAIR_clean,3174,3,atv_sherp+rc_car+truck_peterbilt,ok,ok,model_accepted_bulk,0
S3_PAIR_clean_f003180.jpg,S3_PAIR_clean,3180,3,atv_sherp+rc_car+truck_peterbilt,ok,ok,model_accepted_bulk,0
S3_PAIR_clean_f003186.jpg,S3_PAIR_clean,3186,3,atv_sherp+rc_car+truck_peterbilt,ok,ok,model_accepted_bulk,0
S3_PAIR_clean_f003192.jpg,S3_PAIR_clean,3192,3,atv_sherp+rc_car+truck_peterbilt,ok,ok,human_confirmed,0
S3_PAIR_clean_f003198.jpg,S3_PAIR_clean,3198,3,atv_sherp+rc_car+truck_peterbilt,ok,ok,model_accepted_bulk,0
S3_PAIR_clean_f003204.jpg,S3_PAIR_clean,3204,3,atv_sherp+rc_car+truck_peterbilt,ok,blurry,human_confirmed,0
S3_PAIR_clean_f003210.jpg,S3_PAIR_clean,3210,3,atv_sherp+rc_car+truck_peterbilt,ok,blurry,human_confirmed,0
S3_PAIR_clean_f003216.jpg,S3_PAIR_clean,3216,3,atv_sherp+rc_car+truck_peterbilt,ok,blurry,human_confirmed,0
S3_PAIR_clean_f003222.jpg,S3_PAIR_clean,3222,3,atv_sherp+rc_car+truck_peterbilt,ok,blurry,human_confirmed,0
S3_PAIR_clean_f003228.jpg,S3_PAIR_clean,3228,3,atv_sherp+rc_car+truck_peterbilt,ok,blurry,human_confirmed,0
S3_PAIR_clean_f003234.jpg,S3_PAIR_clean,3234,3,atv_sherp+rc_car+truck_peterbilt,ok,blurry,human_confirmed,0
S3_PAIR_clean_f003240.jpg,S3_PAIR_clean,3240,3,atv_sherp+rc_car+truck_peterbilt,ok,ok,model_accepted_bulk,0
S3_PAIR_clean_f003246.jpg,S3_PAIR_clean,3246,3,atv_sherp+rc_car+truck_peterbilt,ok,ok,model_accepted_bulk,0
S3_PAIR_clean_f003252.jpg,S3_PAIR_clean,3252,3,atv_sherp+rc_car+truck_peterbilt,ok,ok,model_accepted_bulk,0
S3_PAIR_clean_f003258.jpg,S3_PAIR_clean,3258,3,atv_sherp+rc_car+truck_peterbilt,ok,ok,human_confirmed,0
S3_PAIR_clean_f003264.jpg,S3_PAIR_clean,3264,3,atv_sherp+rc_car+truck_peterbilt,ok,ok,human_confirmed,0
S3_PAIR_clean_f003270.jpg,S3_PAIR_clean,3270,3,atv_sherp+rc_car+truck_peterbilt,ok,ok,human_confirmed,0
S3_PAIR_clean_f003276.jpg,S3_PAIR_clean,3276,3,atv_sherp+rc_car+truck_peterbilt,ok,ok,human_confirmed,0
S3_PAIR_clean_f003282.jpg,S3_PAIR_clean,3282,3,atv_sherp+rc_car+truck_peterbilt,ok,ok,human_confirmed,0
S3_PAIR_clean_f003288.jpg,S3_PAIR_clean,3288,3,atv_sherp+rc_car+truck_peterbilt,ok,ok,human_confirmed,0
S3_PAIR_clean_f003294.jpg,S3_PAIR_clean,3294,3,atv_sherp+rc_car+truck_peterbilt,ok,ok,model_accepted_bulk,0
S3_PAIR_clean_f003300.jpg,S3_PAIR_clean,3300,3,atv_sherp+rc_car+truck_peterbilt,ok,ok,model_accepted_bulk,0
S3_PAIR_clean_f003306.jpg,S3_PAIR_clean,3306,3,atv_sherp+rc_car+truck_peterbilt,ok,ok,human_confirmed,0
S3_PAIR_clean_f003312.jpg,S3_PAIR_clean,3312,3,atv_sherp+rc_car+truck_peterbilt,ok,ok,model_accepted_bulk,0
S3_PAIR_clean_f003318.jpg,S3_PAIR_clean,3318,3,atv_sherp+rc_car+truck_peterbilt,ok,ok,model_accepted_bulk,0
S3_PAIR_clean_f003324.jpg,S3_PAIR_clean,3324,3,atv_sherp+rc_car+truck_peterbilt,ok,blurry,human_confirmed,0
S3_PAIR_clean_f003330.jpg,S3_PAIR_clean,3330,3,atv_sherp+rc_car+truck_peterbilt,ok,ok,model_accepted_bulk,0
S3_PAIR_clean_f003336.jpg,S3_PAIR_clean,3336,3,atv_sherp+rc_car+truck_peterbilt,ok,ok,model_accepted_bulk,0
S3_PAIR_clean_f003342.jpg,S3_PAIR_clean,3342,3,atv_sherp+rc_car+truck_peterbilt,ok,ok,model_accepted_bulk,0
S3_PAIR_clean_f003348.jpg,S3_PAIR_clean,3348,3,atv_sherp+rc_car+truck_peterbilt,ok,ok,model_accepted_bulk,0
S3_PAIR_clean_f003354.jpg,S3_PAIR_clean,3354,3,atv_sherp+rc_car+truck_peterbilt,ok,ok,model_accepted_bulk,0
S3_PAIR_clean_f003360.jpg,S3_PAIR_clean,3360,3,atv_sherp+rc_car+truck_peterbilt,ok,ok,model_accepted_bulk,0
S3_PAIR_clean_f003366.jpg,S3_PAIR_clean,3366,3,atv_sherp+rc_car+truck_peterbilt,ok,blurry,human_confirmed,0
S3_PAIR_clean_f003372.jpg,S3_PAIR_clean,3372,3,atv_sherp+rc_car+truck_peterbilt,ok,blurry,human_confirmed,0
S3_PAIR_clean_f003378.jpg,S3_PAIR_clean,3378,3,atv_sherp+rc_car+truck_peterbilt,ok,blurry,human_confirmed,0
S3_PAIR_clean_f003384.jpg,S3_PAIR_clean,3384,3,atv_sherp+rc_car+truck_peterbilt,ok,blurry,human_confirmed,0
S3_PAIR_clean_f003390.jpg,S3_PAIR_clean,3390,3,atv_sherp+rc_car+truck_peterbilt,ok,blurry,human_confirmed,0
S3_PAIR_clean_f003396.jpg,S3_PAIR_clean,3396,3,atv_sherp+rc_car+truck_peterbilt,ok,ok,model_accepted_bulk,0
S3_PAIR_clean_f003402.jpg,S3_PAIR_clean,3402,3,atv_sherp+rc_car+truck_peterbilt,ok,ok,model_accepted_bulk,0
S3_PAIR_clean_f003408.jpg,S3_PAIR_clean,3408,3,atv_sherp+rc_car+truck_peterbilt,ok,ok,model_accepted_bulk,0
S3_PAIR_clean_f003414.jpg,S3_PAIR_clean,3414,3,atv_sherp+rc_car+truck_peterbilt,ok,ok,model_accepted_bulk,0
S3_PAIR_clean_f003420.jpg,S3_PAIR_clean,3420,3,atv_sherp+rc_car+truck_peterbilt,ok,ok,model_accepted_bulk,0
S3_PAIR_clean_f003426.jpg,S3_PAIR_clean,3426,3,atv_sherp+rc_car+truck_peterbilt,ok,ok,model_accepted_bulk,0
S3_PAIR_clean_f003432.jpg,S3_PAIR_clean,3432,3,atv_sherp+rc_car+truck_peterbilt,ok,blurry,human_confirmed,0
S3_PAIR_clean_f003438.jpg,S3_PAIR_clean,3438,3,atv_sherp+rc_car+truck_peterbilt,ok,blurry,human_confirmed,0
S3_PAIR_clean_f003444.jpg,S3_PAIR_clean,3444,3,atv_sherp+rc_car+truck_peterbilt,ok,blurry,human_confirmed,0
S3_PAIR_clean_f003450.jpg,S3_PAIR_clean,3450,3,atv_sherp+rc_car+truck_peterbilt,ok,blurry,human_confirmed,0
S3_PAIR_clean_f003456.jpg,S3_PAIR_clean,3456,3,atv_sherp+rc_car+truck_peterbilt,ok,blurry,human_confirmed,0
S3_PAIR_clean_f003462.jpg,S3_PAIR_clean,3462,3,atv_sherp+rc_car+truck_peterbilt,ok,blurry,human_confirmed,0
S3_PAIR_clean_f003468.jpg,S3_PAIR_clean,3468,3,atv_sherp+rc_car+truck_peterbilt,ok,blurry,human_confirmed,0
S3_PAIR_clean_f003474.jpg,S3_PAIR_clean,3474,3,atv_sherp+rc_car+truck_peterbilt,ok,blurry,human_confirmed,0
S3_PAIR_clean_f003480.jpg,S3_PAIR_clean,3480,3,atv_sherp+rc_car+truck_peterbilt,ok,blurry,human_confirmed,0
S3_PAIR_clean_f003486.jpg,S3_PAIR_clean,3486,3,atv_sherp+rc_car+truck_peterbilt,ok,blurry,human_confirmed,0
S3_PAIR_clean_f003492.jpg,S3_PAIR_clean,3492,3,atv_sherp+rc_car+truck_peterbilt,ok,blurry,human_confirmed,0
S3_PAIR_clean_f003498.jpg,S3_PAIR_clean,3498,3,atv_sherp+rc_car+truck_peterbilt,ok,blurry,human_confirmed,0
S3_PAIR_clean_f003504.jpg,S3_PAIR_clean,3504,3,atv_sherp+rc_car+truck_peterbilt,ok,blurry,human_confirmed,0
S3_PAIR_occ75_f000000.jpg,S3_PAIR_occ75,0,3,atv_sherp+rc_car+truck_peterbilt,ok,ok,human_confirmed,75
S3_PAIR_occ75_f000006.jpg,S3_PAIR_occ75,6,3,atv_sherp+rc_car+truck_peterbilt,ok,ok,human_confirmed,75
S3_PAIR_occ75_f000012.jpg,S3_PAIR_occ75,12,3,atv_sherp+rc_car+truck_peterbilt,ok,ok,human_confirmed,75
S3_PAIR_occ75_f000018.jpg,S3_PAIR_occ75,18,3,atv_sherp+rc_car+truck_peterbilt,ok,ok,human_confirmed,75
S3_PAIR_occ75_f000024.jpg,S3_PAIR_occ75,24,3,atv_sherp+rc_car+truck_peterbilt,ok,ok,human_confirmed,75
S3_PAIR_occ75_f000030.jpg,S3_PAIR_occ75,30,3,atv_sherp+rc_car+truck_peterbilt,ok,ok,human_confirmed,75
S3_PAIR_occ75_f000036.jpg,S3_PAIR_occ75,36,3,atv_sherp+rc_car+truck_peterbilt,ok,ok,human_confirmed,75
S3_PAIR_occ75_f000042.jpg,S3_PAIR_occ75,42,3,atv_sherp+rc_car+truck_peterbilt,ok,ok,human_confirmed,75
S3_PAIR_occ75_f000048.jpg,S3_PAIR_occ75,48,3,atv_sherp+rc_car+truck_peterbilt,ok,ok,human_confirmed,75
S3_PAIR_occ75_f000054.jpg,S3_PAIR_occ75,54,3,atv_sherp+rc_car+truck_peterbilt,ok,ok,human_confirmed,75
S3_PAIR_occ75_f000060.jpg,S3_PAIR_occ75,60,3,atv_sherp+rc_car+truck_peterbilt,ok,ok,human_confirmed,75
S3_PAIR_occ75_f000066.jpg,S3_PAIR_occ75,66,3,atv_sherp+rc_car+truck_peterbilt,ok,ok,human_confirmed,75
S3_PAIR_occ75_f000072.jpg,S3_PAIR_occ75,72,3,atv_sherp+rc_car+truck_peterbilt,ok,ok,human_confirmed,75
S3_PAIR_occ75_f000078.jpg,S3_PAIR_occ75,78,3,atv_sherp+rc_car+truck_peterbilt,ok,ok,human_confirmed,75
S3_PAIR_occ75_f000084.jpg,S3_PAIR_occ75,84,3,atv_sherp+rc_car+truck_peterbilt,ok,ok,human_confirmed,75
S3_PAIR_occ75_f000090.jpg,S3_PAIR_occ75,90,3,atv_sherp+rc_car+truck_peterbilt,ok,ok,human_confirmed,75
S3_PAIR_occ75_f000096.jpg,S3_PAIR_occ75,96,3,atv_sherp+rc_car+truck_peterbilt,ok,ok,human_confirmed,75
S3_PAIR_occ75_f000102.jpg,S3_PAIR_occ75,102,3,atv_sherp+rc_car+truck_peterbilt,ok,ok,human_confirmed,75
S3_PAIR_occ75_f000108.jpg,S3_PAIR_occ75,108,3,atv_sherp+rc_car+truck_peterbilt,ok,ok,human_confirmed,75
S3_PAIR_occ75_f000114.jpg,S3_PAIR_occ75,114,3,atv_sherp+rc_car+truck_peterbilt,ok,ok,human_confirmed,75
S3_PAIR_occ75_f000120.jpg,S3_PAIR_occ75,120,3,atv_sherp+rc_car+truck_peterbilt,ok,ok,human_confirmed,75
S3_PAIR_occ75_f000126.jpg,S3_PAIR_occ75,126,3,atv_sherp+rc_car+truck_peterbilt,ok,ok,human_confirmed,75
S3_PAIR_occ75_f000132.jpg,S3_PAIR_occ75,132,3,atv_sherp+rc_car+truck_peterbilt,ok,ok,human_confirmed,75
S3_PAIR_occ75_f000138.jpg,S3_PAIR_occ75,138,3,atv_sherp+rc_car+truck_peterbilt,ok,ok,human_confirmed,75
S3_PAIR_occ75_f000144.jpg,S3_PAIR_occ75,144,3,atv_sherp+rc_car+truck_peterbilt,ok,ok,human_confirmed,75
S3_PAIR_occ75_f000150.jpg,S3_PAIR_occ75,150,3,atv_sherp+rc_car+truck_peterbilt,ok,ok,human_confirmed,75
S3_PAIR_occ75_f000156.jpg,S3_PAIR_occ75,156,3,atv_sherp+rc_car+truck_peterbilt,ok,ok,human_confirmed,75
S3_PAIR_occ75_f000162.jpg,S3_PAIR_occ75,162,3,atv_sherp+rc_car+truck_peterbilt,ok,ok,human_confirmed,75
S3_PAIR_occ75_f000168.jpg,S3_PAIR_occ75,168,3,atv_sherp+rc_car+truck_peterbilt,ok,ok,human_confirmed,75
S3_PAIR_occ75_f000174.jpg,S3_PAIR_occ75,174,3,atv_sherp+rc_car+truck_peterbilt,ok,ok,human_confirmed,75
S3_PAIR_occ75_f000180.jpg,S3_PAIR_occ75,180,3,atv_sherp+rc_car+truck_peterbilt,ok,ok,human_confirmed,75
S3_PAIR_occ75_f000186.jpg,S3_PAIR_occ75,186,3,atv_sherp+rc_car+truck_peterbilt,ok,ok,human_confirmed,75
S3_PAIR_occ75_f000192.jpg,S3_PAIR_occ75,192,3,atv_sherp+rc_car+truck_peterbilt,ok,ok,human_confirmed,75
S3_PAIR_occ75_f000198.jpg,S3_PAIR_occ75,198,3,atv_sherp+rc_car+truck_peterbilt,ok,ok,human_confirmed,75
S3_PAIR_occ75_f000204.jpg,S3_PAIR_occ75,204,3,atv_sherp+rc_car+truck_peterbilt,ok,ok,human_confirmed,75
S3_PAIR_occ75_f000210.jpg,S3_PAIR_occ75,210,3,atv_sherp+rc_car+truck_peterbilt,ok,ok,human_confirmed,75
S3_PAIR_occ75_f000216.jpg,S3_PAIR_occ75,216,3,atv_sherp+rc_car+truck_peterbilt,ok,ok,human_confirmed,75
S3_PAIR_occ75_f000222.jpg,S3_PAIR_occ75,222,3,atv_sherp+rc_car+truck_peterbilt,ok,ok,human_confirmed,75
S3_PAIR_occ75_f000228.jpg,S3_PAIR_occ75,228,3,atv_sherp+rc_car+truck_peterbilt,ok,ok,human_confirmed,75
S3_PAIR_occ75_f000234.jpg,S3_PAIR_occ75,234,3,atv_sherp+rc_car+truck_peterbilt,ok,ok,human_confirmed,75
S3_PAIR_occ75_f000240.jpg,S3_PAIR_occ75,240,3,atv_sherp+rc_car+truck_peterbilt,ok,ok,human_confirmed,75
S3_PAIR_occ75_f000246.jpg,S3_PAIR_occ75,246,3,atv_sherp+rc_car+truck_peterbilt,ok,ok,human_confirmed,75
S3_PAIR_occ75_f000252.jpg,S3_PAIR_occ75,252,3,atv_sherp+rc_car+truck_peterbilt,ok,ok,human_confirmed,75
S3_PAIR_occ75_f000258.jpg,S3_PAIR_occ75,258,3,atv_sherp+rc_car+truck_peterbilt,ok,ok,human_confirmed,75
S3_PAIR_occ75_f000264.jpg,S3_PAIR_occ75,264,3,atv_sherp+rc_car+truck_peterbilt,ok,ok,human_confirmed,75
S3_PAIR_occ75_f000270.jpg,S3_PAIR_occ75,270,3,atv_sherp+rc_car+truck_peterbilt,ok,ok,human_confirmed,75
S3_PAIR_occ75_f000276.jpg,S3_PAIR_occ75,276,3,atv_sherp+rc_car+truck_peterbilt,ok,ok,human_confirmed,75
S3_PAIR_occ75_f000282.jpg,S3_PAIR_occ75,282,3,atv_sherp+rc_car+truck_peterbilt,ok,ok,human_confirmed,75
S3_PAIR_occ75_f000288.jpg,S3_PAIR_occ75,288,3,atv_sherp+rc_car+truck_peterbilt,ok,ok,human_confirmed,75
S3_PAIR_occ75_f000294.jpg,S3_PAIR_occ75,294,3,atv_sherp+rc_car+truck_peterbilt,ok,ok,human_confirmed,75
S3_PAIR_occ75_f000300.jpg,S3_PAIR_occ75,300,3,atv_sherp+rc_car+truck_peterbilt,ok,ok,human_confirmed,75
S3_PAIR_occ75_f000306.jpg,S3_PAIR_occ75,306,3,atv_sherp+rc_car+truck_peterbilt,ok,ok,human_confirmed,75
S3_PAIR_occ75_f000312.jpg,S3_PAIR_occ75,312,3,atv_sherp+rc_car+truck_peterbilt,ok,ok,human_confirmed,75
S3_PAIR_occ75_f000318.jpg,S3_PAIR_occ75,318,3,atv_sherp+rc_car+truck_peterbilt,ok,ok,human_confirmed,75
S3_PAIR_occ75_f000324.jpg,S3_PAIR_occ75,324,3,atv_sherp+rc_car+truck_peterbilt,ok,ok,model_accepted_bulk,75
S3_PAIR_occ75_f000330.jpg,S3_PAIR_occ75,330,3,atv_sherp+rc_car+truck_peterbilt,ok,ok,human_confirmed,75
S3_PAIR_occ75_f000336.jpg,S3_PAIR_occ75,336,3,atv_sherp+rc_car+truck_peterbilt,ok,ok,human_confirmed,75
S3_PAIR_occ75_f000342.jpg,S3_PAIR_occ75,342,3,atv_sherp+rc_car+truck_peterbilt,ok,ok,human_confirmed,75
S3_PAIR_occ75_f000348.jpg,S3_PAIR_occ75,348,3,atv_sherp+rc_car+truck_peterbilt,ok,ok,human_confirmed,75
S3_PAIR_occ75_f000354.jpg,S3_PAIR_occ75,354,3,atv_sherp+rc_car+truck_peterbilt,ok,ok,human_confirmed,75
S3_PAIR_occ75_f000360.jpg,S3_PAIR_occ75,360,3,atv_sherp+rc_car+truck_peterbilt,ok,ok,human_confirmed,75
S3_PAIR_occ75_f000366.jpg,S3_PAIR_occ75,366,3,atv_sherp+rc_car+truck_peterbilt,ok,ok,human_confirmed,75
S3_PAIR_occ75_f000372.jpg,S3_PAIR_occ75,372,3,atv_sherp+rc_car+truck_peterbilt,ok,ok,human_confirmed,75
S3_PAIR_occ75_f000378.jpg,S3_PAIR_occ75,378,3,atv_sherp+rc_car+truck_peterbilt,ok,ok,human_confirmed,75
S3_PAIR_occ75_f000384.jpg,S3_PAIR_occ75,384,3,atv_sherp+rc_car+truck_peterbilt,ok,ok,model_accepted_bulk,75
S3_PAIR_occ75_f000390.jpg,S3_PAIR_occ75,390,3,atv_sherp+rc_car+truck_peterbilt,ok,ok,human_confirmed,75
S3_PAIR_occ75_f000396.jpg,S3_PAIR_occ75,396,3,atv_sherp+rc_car+truck_peterbilt,ok,ok,human_confirmed,75
S3_PAIR_occ75_f000402.jpg,S3_PAIR_occ75,402,3,atv_sherp+rc_car+truck_peterbilt,ok,ok,human_confirmed,75
S3_PAIR_occ75_f000408.jpg,S3_PAIR_occ75,408,3,atv_sherp+rc_car+truck_peterbilt,ok,ok,human_confirmed,75
S3_PAIR_occ75_f000414.jpg,S3_PAIR_occ75,414,3,atv_sherp+rc_car+truck_peterbilt,ok,ok,human_confirmed,75
S3_PAIR_occ75_f000420.jpg,S3_PAIR_occ75,420,3,atv_sherp+rc_car+truck_peterbilt,ok,ok,human_confirmed,75
S3_PAIR_occ75_f000426.jpg,S3_PAIR_occ75,426,3,atv_sherp+rc_car+truck_peterbilt,ok,ok,human_confirmed,75
S3_PAIR_occ75_f000432.jpg,S3_PAIR_occ75,432,3,atv_sherp+rc_car+truck_peterbilt,ok,ok,human_confirmed,75
S3_PAIR_occ75_f000438.jpg,S3_PAIR_occ75,438,3,atv_sherp+rc_car+truck_peterbilt,ok,ok,human_confirmed,75
S3_PAIR_occ75_f000444.jpg,S3_PAIR_occ75,444,3,atv_sherp+rc_car+truck_peterbilt,ok,ok,human_confirmed,75
S3_PAIR_occ75_f000450.jpg,S3_PAIR_occ75,450,3,atv_sherp+rc_car+truck_peterbilt,ok,ok,human_confirmed,75
S3_PAIR_occ75_f000456.jpg,S3_PAIR_occ75,456,3,atv_sherp+rc_car+truck_peterbilt,ok,ok,human_confirmed,75
S3_PAIR_occ75_f000462.jpg,S3_PAIR_occ75,462,3,atv_sherp+rc_car+truck_peterbilt,ok,ok,human_confirmed,75
S3_PAIR_occ75_f000468.jpg,S3_PAIR_occ75,468,3,atv_sherp+rc_car+truck_peterbilt,ok,ok,human_confirmed,75
S3_PAIR_occ75_f000474.jpg,S3_PAIR_occ75,474,3,atv_sherp+rc_car+truck_peterbilt,ok,ok,human_confirmed,75
S3_PAIR_occ75_f000480.jpg,S3_PAIR_occ75,480,3,atv_sherp+rc_car+truck_peterbilt,ok,ok,human_confirmed,75
S3_PAIR_occ75_f000486.jpg,S3_PAIR_occ75,486,3,atv_sherp+rc_car+truck_peterbilt,ok,ok,human_confirmed,75
S3_PAIR_occ75_f000492.jpg,S3_PAIR_occ75,492,3,atv_sherp+rc_car+truck_peterbilt,ok,ok,human_confirmed,75
S3_PAIR_occ75_f000498.jpg,S3_PAIR_occ75,498,3,atv_sherp+rc_car+truck_peterbilt,ok,ok,human_confirmed,75
S3_PAIR_occ75_f000504.jpg,S3_PAIR_occ75,504,3,atv_sherp+rc_car+truck_peterbilt,ok,ok,human_confirmed,75
S3_PAIR_occ75_f000510.jpg,S3_PAIR_occ75,510,3,atv_sherp+rc_car+truck_peterbilt,ok,ok,human_confirmed,75
S3_PAIR_occ75_f000516.jpg,S3_PAIR_occ75,516,3,atv_sherp+rc_car+truck_peterbilt,ok,ok,human_confirmed,75
S3_PAIR_occ75_f000522.jpg,S3_PAIR_occ75,522,3,atv_sherp+rc_car+truck_peterbilt,ok,ok,human_confirmed,75
S3_PAIR_occ75_f000528.jpg,S3_PAIR_occ75,528,3,atv_sherp+rc_car+truck_peterbilt,ok,ok,human_confirmed,75
S3_PAIR_occ75_f000534.jpg,S3_PAIR_occ75,534,3,atv_sherp+rc_car+truck_peterbilt,ok,ok,human_confirmed,75
S3_PAIR_occ75_f000540.jpg,S3_PAIR_occ75,540,3,atv_sherp+rc_car+truck_peterbilt,ok,ok,human_confirmed,75
S3_PAIR_occ75_f000546.jpg,S3_PAIR_occ75,546,3,atv_sherp+rc_car+truck_peterbilt,ok,ok,human_confirmed,75
S3_PAIR_occ75_f000552.jpg,S3_PAIR_occ75,552,3,atv_sherp+rc_car+truck_peterbilt,ok,ok,human_confirmed,75
S3_PAIR_occ75_f000558.jpg,S3_PAIR_occ75,558,3,atv_sherp+rc_car+truck_peterbilt,ok,ok,human_confirmed,75
S3_PAIR_occ75_f000564.jpg,S3_PAIR_occ75,564,3,atv_sherp+rc_car+truck_peterbilt,ok,ok,human_confirmed,75
S3_PAIR_occ75_f000570.jpg,S3_PAIR_occ75,570,3,atv_sherp+rc_car+truck_peterbilt,ok,ok,human_confirmed,75
S3_PAIR_occ75_f000576.jpg,S3_PAIR_occ75,576,3,atv_sherp+rc_car+truck_peterbilt,ok,ok,human_confirmed,75
S3_PAIR_occ75_f000582.jpg,S3_PAIR_occ75,582,3,atv_sherp+rc_car+truck_peterbilt,ok,ok,human_confirmed,75
S3_PAIR_occ75_f000588.jpg,S3_PAIR_occ75,588,3,atv_sherp+rc_car+truck_peterbilt,ok,ok,human_confirmed,75
S3_PAIR_occ75_f000594.jpg,S3_PAIR_occ75,594,3,atv_sherp+rc_car+truck_peterbilt,ok,ok,human_confirmed,75
S3_PAIR_occ75_f000600.jpg,S3_PAIR_occ75,600,3,atv_sherp+rc_car+truck_peterbilt,ok,ok,human_confirmed,75
S3_PAIR_occ75_f000606.jpg,S3_PAIR_occ75,606,3,atv_sherp+rc_car+truck_peterbilt,ok,ok,model_accepted_bulk,75
S3_PAIR_occ75_f000612.jpg,S3_PAIR_occ75,612,3,atv_sherp+rc_car+truck_peterbilt,ok,ok,model_accepted_bulk,75
S3_PAIR_occ75_f000618.jpg,S3_PAIR_occ75,618,3,atv_sherp+rc_car+truck_peterbilt,ok,ok,human_confirmed,75
S3_PAIR_occ75_f000624.jpg,S3_PAIR_occ75,624,3,atv_sherp+rc_car+truck_peterbilt,ok,ok,human_confirmed,75
S3_PAIR_occ75_f000630.jpg,S3_PAIR_occ75,630,3,atv_sherp+rc_car+truck_peterbilt,ok,ok,human_confirmed,75
S3_PAIR_occ75_f000636.jpg,S3_PAIR_occ75,636,3,atv_sherp+rc_car+truck_peterbilt,ok,ok,human_confirmed,75
S3_PAIR_occ75_f000642.jpg,S3_PAIR_occ75,642,3,atv_sherp+rc_car+truck_peterbilt,ok,ok,human_confirmed,75
S3_PAIR_occ75_f000648.jpg,S3_PAIR_occ75,648,3,atv_sherp+rc_car+truck_peterbilt,ok,ok,human_confirmed,75
S3_PAIR_occ75_f000654.jpg,S3_PAIR_occ75,654,3,atv_sherp+rc_car+truck_peterbilt,ok,ok,human_confirmed,75
S3_PAIR_occ75_f000660.jpg,S3_PAIR_occ75,660,3,atv_sherp+rc_car+truck_peterbilt,ok,ok,human_confirmed,75
S3_PAIR_occ75_f000666.jpg,S3_PAIR_occ75,666,3,atv_sherp+rc_car+truck_peterbilt,ok,ok,human_confirmed,75
S3_PAIR_occ75_f000672.jpg,S3_PAIR_occ75,672,3,atv_sherp+rc_car+truck_peterbilt,ok,ok,human_confirmed,75
S3_PAIR_occ75_f000678.jpg,S3_PAIR_occ75,678,3,atv_sherp+rc_car+truck_peterbilt,ok,ok,human_confirmed,75
S3_PAIR_occ75_f000684.jpg,S3_PAIR_occ75,684,3,atv_sherp+rc_car+truck_peterbilt,ok,ok,human_confirmed,75
S3_PAIR_occ75_f000690.jpg,S3_PAIR_occ75,690,3,atv_sherp+rc_car+truck_peterbilt,ok,ok,human_confirmed,75
S3_PAIR_occ75_f000696.jpg,S3_PAIR_occ75,696,3,atv_sherp+rc_car+truck_peterbilt,ok,ok,human_confirmed,75
S3_PAIR_occ75_f000702.jpg,S3_PAIR_occ75,702,3,atv_sherp+rc_car+truck_peterbilt,ok,ok,human_confirmed,75
S3_PAIR_occ75_f000708.jpg,S3_PAIR_occ75,708,3,atv_sherp+rc_car+truck_peterbilt,ok,ok,model_accepted_bulk,75
S3_PAIR_occ75_f000714.jpg,S3_PAIR_occ75,714,3,atv_sherp+rc_car+truck_peterbilt,ok,ok,human_confirmed,75
S3_PAIR_occ75_f000720.jpg,S3_PAIR_occ75,720,3,atv_sherp+rc_car+truck_peterbilt,ok,ok,human_confirmed,75
S3_PAIR_occ75_f000726.jpg,S3_PAIR_occ75,726,3,atv_sherp+rc_car+truck_peterbilt,ok,ok,human_confirmed,75
S3_PAIR_occ75_f000732.jpg,S3_PAIR_occ75,732,3,atv_sherp+rc_car+truck_peterbilt,ok,ok,human_confirmed,75
S3_PAIR_occ75_f000738.jpg,S3_PAIR_occ75,738,3,atv_sherp+rc_car+truck_peterbilt,ok,ok,human_confirmed,75
S3_PAIR_occ75_f000744.jpg,S3_PAIR_occ75,744,3,atv_sherp+rc_car+truck_peterbilt,ok,ok,human_confirmed,75
S3_PAIR_occ75_f000750.jpg,S3_PAIR_occ75,750,3,atv_sherp+rc_car+truck_peterbilt,ok,ok,human_confirmed,75
S3_PAIR_occ75_f000756.jpg,S3_PAIR_occ75,756,3,atv_sherp+rc_car+truck_peterbilt,ok,ok,human_confirmed,75
S3_PAIR_occ75_f000762.jpg,S3_PAIR_occ75,762,3,atv_sherp+rc_car+truck_peterbilt,ok,ok,human_confirmed,75
S3_PAIR_occ75_f000768.jpg,S3_PAIR_occ75,768,3,atv_sherp+rc_car+truck_peterbilt,ok,ok,human_confirmed,75
S3_PAIR_occ75_f000774.jpg,S3_PAIR_occ75,774,3,atv_sherp+rc_car+truck_peterbilt,ok,ok,human_confirmed,75
S3_PAIR_occ75_f000780.jpg,S3_PAIR_occ75,780,0,none,bad_frame,ok,human_confirmed,75
S3_PAIR_occ75_f000786.jpg,S3_PAIR_occ75,786,0,none,bad_frame,ok,human_confirmed,75
S3_PAIR_occ75_f000792.jpg,S3_PAIR_occ75,792,0,none,bad_frame,ok,human_confirmed,75
S3_PAIR_occ75_f000798.jpg,S3_PAIR_occ75,798,3,atv_sherp+rc_car+truck_peterbilt,ok,ok,human_confirmed,75
S3_PAIR_occ75_f000804.jpg,S3_PAIR_occ75,804,3,atv_sherp+rc_car+truck_peterbilt,ok,ok,model_accepted_bulk,75
S3_PAIR_occ75_f000810.jpg,S3_PAIR_occ75,810,3,atv_sherp+rc_car+truck_peterbilt,ok,ok,human_confirmed,75
S3_PAIR_occ75_f000816.jpg,S3_PAIR_occ75,816,3,atv_sherp+rc_car+truck_peterbilt,ok,ok,human_confirmed,75
S3_PAIR_occ75_f000822.jpg,S3_PAIR_occ75,822,3,atv_sherp+rc_car+truck_peterbilt,ok,ok,human_confirmed,75
S3_PAIR_occ75_f000828.jpg,S3_PAIR_occ75,828,3,atv_sherp+rc_car+truck_peterbilt,ok,ok,human_confirmed,75
S3_PAIR_occ75_f000834.jpg,S3_PAIR_occ75,834,3,atv_sherp+rc_car+truck_peterbilt,ok,ok,model_accepted_bulk,75
S3_PAIR_occ75_f000840.jpg,S3_PAIR_occ75,840,3,atv_sherp+rc_car+truck_peterbilt,ok,ok,model_accepted_bulk,75
S3_PAIR_occ75_f000846.jpg,S3_PAIR_occ75,846,0,none,bad_frame,ok,human_confirmed,75
S3_PAIR_occ75_f000852.jpg,S3_PAIR_occ75,852,0,none,bad_frame,ok,human_confirmed,75
S3_PAIR_occ75_f000858.jpg,S3_PAIR_occ75,858,3,atv_sherp+rc_car+truck_peterbilt,ok,ok,human_confirmed,75
S3_PAIR_occ75_f000864.jpg,S3_PAIR_occ75,864,3,atv_sherp+rc_car+truck_peterbilt,ok,ok,human_confirmed,75
S3_PAIR_occ75_f000870.jpg,S3_PAIR_occ75,870,3,atv_sherp+rc_car+truck_peterbilt,ok,ok,human_confirmed,75
S3_PAIR_occ75_f000876.jpg,S3_PAIR_occ75,876,3,atv_sherp+rc_car+truck_peterbilt,ok,ok,human_confirmed,75
S3_PAIR_occ75_f000882.jpg,S3_PAIR_occ75,882,3,atv_sherp+rc_car+truck_peterbilt,ok,ok,human_confirmed,75
S3_PAIR_occ75_f000888.jpg,S3_PAIR_occ75,888,3,atv_sherp+rc_car+truck_peterbilt,ok,ok,human_confirmed,75
S3_PAIR_occ75_f000894.jpg,S3_PAIR_occ75,894,3,atv_sherp+rc_car+truck_peterbilt,ok,ok,human_confirmed,75
S3_PAIR_occ75_f000900.jpg,S3_PAIR_occ75,900,3,atv_sherp+rc_car+truck_peterbilt,ok,ok,human_confirmed,75
S3_PAIR_occ75_f000906.jpg,S3_PAIR_occ75,906,3,atv_sherp+rc_car+truck_peterbilt,ok,ok,human_confirmed,75
S3_PAIR_occ75_f000912.jpg,S3_PAIR_occ75,912,3,atv_sherp+rc_car+truck_peterbilt,ok,ok,human_confirmed,75
S3_PAIR_occ75_f000918.jpg,S3_PAIR_occ75,918,3,atv_sherp+rc_car+truck_peterbilt,ok,ok,human_confirmed,75
S3_PAIR_occ75_f000924.jpg,S3_PAIR_occ75,924,2,atv_sherp+truck_peterbilt,ok,ok,human_confirmed,75
S3_PAIR_occ75_f000930.jpg,S3_PAIR_occ75,930,2,atv_sherp+truck_peterbilt,ok,ok,human_confirmed,75
S3_PAIR_occ75_f000936.jpg,S3_PAIR_occ75,936,2,atv_sherp+truck_peterbilt,ok,ok,human_confirmed,75
S3_PAIR_occ75_f000942.jpg,S3_PAIR_occ75,942,2,atv_sherp+truck_peterbilt,ok,ok,human_confirmed,75
S3_PAIR_occ75_f000948.jpg,S3_PAIR_occ75,948,2,atv_sherp+truck_peterbilt,ok,ok,human_confirmed,75
S3_PAIR_occ75_f000954.jpg,S3_PAIR_occ75,954,2,atv_sherp+truck_peterbilt,ok,ok,human_confirmed,75
S3_PAIR_occ75_f000960.jpg,S3_PAIR_occ75,960,2,atv_sherp+truck_peterbilt,ok,ok,human_confirmed,75
S3_PAIR_occ75_f000966.jpg,S3_PAIR_occ75,966,3,atv_sherp+rc_car+truck_peterbilt,ok,ok,human_confirmed,75
S3_PAIR_occ75_f000972.jpg,S3_PAIR_occ75,972,3,atv_sherp+rc_car+truck_peterbilt,ok,ok,model_accepted_bulk,75
S3_PAIR_occ75_f000978.jpg,S3_PAIR_occ75,978,3,atv_sherp+rc_car+truck_peterbilt,ok,ok,model_accepted_bulk,75
S3_PAIR_occ75_f000984.jpg,S3_PAIR_occ75,984,3,atv_sherp+rc_car+truck_peterbilt,ok,ok,model_accepted_bulk,75
S3_PAIR_occ75_f000990.jpg,S3_PAIR_occ75,990,3,atv_sherp+rc_car+truck_peterbilt,ok,ok,human_confirmed,75
S3_PAIR_occ75_f000996.jpg,S3_PAIR_occ75,996,3,atv_sherp+rc_car+truck_peterbilt,ok,ok,model_accepted_bulk,75
S3_PAIR_occ75_f001002.jpg,S3_PAIR_occ75,1002,3,atv_sherp+rc_car+truck_peterbilt,ok,ok,human_confirmed,75
S3_PAIR_occ75_f001008.jpg,S3_PAIR_occ75,1008,3,atv_sherp+rc_car+truck_peterbilt,ok,ok,human_confirmed,75
S3_PAIR_occ75_f001014.jpg,S3_PAIR_occ75,1014,3,atv_sherp+rc_car+truck_peterbilt,ok,ok,human_confirmed,75
S3_PAIR_occ75_f001020.jpg,S3_PAIR_occ75,1020,3,atv_sherp+rc_car+truck_peterbilt,ok,ok,human_confirmed,75
S3_PAIR_occ75_f001026.jpg,S3_PAIR_occ75,1026,3,atv_sherp+rc_car+truck_peterbilt,ok,ok,model_accepted_bulk,75
S3_PAIR_occ75_f001032.jpg,S3_PAIR_occ75,1032,3,atv_sherp+rc_car+truck_peterbilt,ok,ok,human_confirmed,75
S3_PAIR_occ75_f001038.jpg,S3_PAIR_occ75,1038,3,atv_sherp+rc_car+truck_peterbilt,ok,ok,human_confirmed,75
S3_PAIR_occ75_f001044.jpg,S3_PAIR_occ75,1044,3,atv_sherp+rc_car+truck_peterbilt,ok,ok,model_accepted_bulk,75
S3_PAIR_occ75_f001050.jpg,S3_PAIR_occ75,1050,3,atv_sherp+rc_car+truck_peterbilt,ok,ok,model_accepted_bulk,75
S3_PAIR_occ75_f001056.jpg,S3_PAIR_occ75,1056,3,atv_sherp+rc_car+truck_peterbilt,ok,ok,human_confirmed,75
S3_PAIR_occ75_f001062.jpg,S3_PAIR_occ75,1062,3,atv_sherp+rc_car+truck_peterbilt,ok,ok,model_accepted_bulk,75
S3_PAIR_occ75_f001068.jpg,S3_PAIR_occ75,1068,3,atv_sherp+rc_car+truck_peterbilt,ok,ok,model_accepted_bulk,75
S3_PAIR_occ75_f001074.jpg,S3_PAIR_occ75,1074,3,atv_sherp+rc_car+truck_peterbilt,ok,ok,model_accepted_bulk,75
S3_PAIR_occ75_f001080.jpg,S3_PAIR_occ75,1080,3,atv_sherp+rc_car+truck_peterbilt,ok,ok,model_accepted_bulk,75
S3_PAIR_occ75_f001086.jpg,S3_PAIR_occ75,1086,3,atv_sherp+rc_car+truck_peterbilt,ok,ok,model_accepted_bulk,75
S3_PAIR_occ75_f001092.jpg,S3_PAIR_occ75,1092,3,atv_sherp+rc_car+truck_peterbilt,ok,ok,model_accepted_bulk,75
S3_PAIR_occ75_f001098.jpg,S3_PAIR_occ75,1098,3,atv_sherp+rc_car+truck_peterbilt,ok,ok,human_confirmed,75
S3_PAIR_occ75_f001104.jpg,S3_PAIR_occ75,1104,3,atv_sherp+rc_car+truck_peterbilt,ok,ok,model_accepted_bulk,75
S3_PAIR_occ75_f001110.jpg,S3_PAIR_occ75,1110,3,atv_sherp+rc_car+truck_peterbilt,ok,ok,human_confirmed,75
S3_PAIR_occ75_f001116.jpg,S3_PAIR_occ75,1116,3,atv_sherp+rc_car+truck_peterbilt,ok,ok,model_accepted_bulk,75
S3_PAIR_occ75_f001122.jpg,S3_PAIR_occ75,1122,3,atv_sherp+rc_car+truck_peterbilt,ok,ok,human_confirmed,75
S3_PAIR_occ75_f001128.jpg,S3_PAIR_occ75,1128,3,atv_sherp+rc_car+truck_peterbilt,ok,ok,human_confirmed,75
S3_PAIR_occ75_f001134.jpg,S3_PAIR_occ75,1134,3,atv_sherp+rc_car+truck_peterbilt,ok,ok,human_confirmed,75
S3_PAIR_occ75_f001140.jpg,S3_PAIR_occ75,1140,3,atv_sherp+rc_car+truck_peterbilt,ok,ok,human_confirmed,75
S3_PAIR_occ75_f001146.jpg,S3_PAIR_occ75,1146,3,atv_sherp+rc_car+truck_peterbilt,ok,ok,human_confirmed,75
S3_PAIR_occ75_f001152.jpg,S3_PAIR_occ75,1152,3,atv_sherp+rc_car+truck_peterbilt,ok,ok,human_confirmed,75
S3_PAIR_occ75_f001158.jpg,S3_PAIR_occ75,1158,3,atv_sherp+rc_car+truck_peterbilt,ok,ok,human_confirmed,75
S3_PAIR_occ75_f001164.jpg,S3_PAIR_occ75,1164,3,atv_sherp+rc_car+truck_peterbilt,ok,ok,human_confirmed,75
S3_PAIR_occ75_f001170.jpg,S3_PAIR_occ75,1170,3,atv_sherp+rc_car+truck_peterbilt,ok,ok,human_confirmed,75
S3_PAIR_occ75_f001176.jpg,S3_PAIR_occ75,1176,3,atv_sherp+rc_car+truck_peterbilt,ok,ok,human_confirmed,75
S3_PAIR_occ75_f001182.jpg,S3_PAIR_occ75,1182,3,atv_sherp+rc_car+truck_peterbilt,ok,ok,model_accepted_bulk,75
S3_PAIR_occ75_f001188.jpg,S3_PAIR_occ75,1188,3,atv_sherp+rc_car+truck_peterbilt,ok,ok,human_confirmed,75
S3_PAIR_occ75_f001194.jpg,S3_PAIR_occ75,1194,3,atv_sherp+rc_car+truck_peterbilt,ok,ok,human_confirmed,75
S3_PAIR_occ75_f001200.jpg,S3_PAIR_occ75,1200,3,atv_sherp+rc_car+truck_peterbilt,ok,ok,human_confirmed,75
S3_PAIR_occ75_f001206.jpg,S3_PAIR_occ75,1206,3,atv_sherp+rc_car+truck_peterbilt,ok,ok,human_confirmed,75
S3_PAIR_occ75_f001212.jpg,S3_PAIR_occ75,1212,3,atv_sherp+rc_car+truck_peterbilt,ok,ok,human_confirmed,75
S3_PAIR_occ75_f001218.jpg,S3_PAIR_occ75,1218,3,atv_sherp+rc_car+truck_peterbilt,ok,ok,human_confirmed,75
S3_PAIR_occ75_f001224.jpg,S3_PAIR_occ75,1224,3,atv_sherp+rc_car+truck_peterbilt,ok,ok,human_confirmed,75
S3_PAIR_occ75_f001230.jpg,S3_PAIR_occ75,1230,3,atv_sherp+rc_car+truck_peterbilt,ok,ok,human_confirmed,75
S3_PAIR_occ75_f001236.jpg,S3_PAIR_occ75,1236,3,atv_sherp+rc_car+truck_peterbilt,ok,ok,human_confirmed,75
S3_PAIR_occ75_f001242.jpg,S3_PAIR_occ75,1242,3,atv_sherp+rc_car+truck_peterbilt,ok,ok,human_confirmed,75
S3_PAIR_occ75_f001248.jpg,S3_PAIR_occ75,1248,3,atv_sherp+rc_car+truck_peterbilt,ok,ok,human_confirmed,75
S3_PAIR_occ75_f001254.jpg,S3_PAIR_occ75,1254,3,atv_sherp+rc_car+truck_peterbilt,ok,ok,human_confirmed,75
S3_PAIR_occ75_f001260.jpg,S3_PAIR_occ75,1260,3,atv_sherp+rc_car+truck_peterbilt,ok,ok,model_accepted_bulk,75
S3_PAIR_occ75_f001266.jpg,S3_PAIR_occ75,1266,3,atv_sherp+rc_car+truck_peterbilt,ok,ok,model_accepted_bulk,75
S3_PAIR_occ75_f001272.jpg,S3_PAIR_occ75,1272,3,atv_sherp+rc_car+truck_peterbilt,ok,ok,model_accepted_bulk,75
S3_PAIR_occ75_f001278.jpg,S3_PAIR_occ75,1278,3,atv_sherp+rc_car+truck_peterbilt,ok,ok,human_confirmed,75
S3_PAIR_occ75_f001284.jpg,S3_PAIR_occ75,1284,3,atv_sherp+rc_car+truck_peterbilt,ok,ok,human_confirmed,75
S3_PAIR_occ75_f001290.jpg,S3_PAIR_occ75,1290,3,atv_sherp+rc_car+truck_peterbilt,ok,ok,model_accepted_bulk,75
S3_PAIR_occ75_f001296.jpg,S3_PAIR_occ75,1296,3,atv_sherp+rc_car+truck_peterbilt,ok,ok,human_confirmed,75
S3_PAIR_occ75_f001302.jpg,S3_PAIR_occ75,1302,3,atv_sherp+rc_car+truck_peterbilt,ok,ok,model_accepted_bulk,75
S3_PAIR_occ75_f001308.jpg,S3_PAIR_occ75,1308,3,atv_sherp+rc_car+truck_peterbilt,ok,ok,model_accepted_bulk,75
S3_PAIR_occ75_f001314.jpg,S3_PAIR_occ75,1314,3,atv_sherp+rc_car+truck_peterbilt,ok,ok,model_accepted_bulk,75
S3_PAIR_occ75_f001320.jpg,S3_PAIR_occ75,1320,3,atv_sherp+rc_car+truck_peterbilt,ok,ok,human_confirmed,75
S3_PAIR_occ75_f001326.jpg,S3_PAIR_occ75,1326,3,atv_sherp+rc_car+truck_peterbilt,ok,ok,human_confirmed,75
S3_PAIR_occ75_f001332.jpg,S3_PAIR_occ75,1332,3,atv_sherp+rc_car+truck_peterbilt,ok,ok,model_accepted_bulk,75
S3_PAIR_occ75_f001338.jpg,S3_PAIR_occ75,1338,3,atv_sherp+rc_car+truck_peterbilt,ok,ok,model_accepted_bulk,75
S3_PAIR_occ75_f001344.jpg,S3_PAIR_occ75,1344,3,atv_sherp+rc_car+truck_peterbilt,ok,ok,model_accepted_bulk,75
S3_PAIR_occ75_f001350.jpg,S3_PAIR_occ75,1350,3,atv_sherp+rc_car+truck_peterbilt,ok,ok,human_confirmed,75
S3_PAIR_occ75_f001356.jpg,S3_PAIR_occ75,1356,3,atv_sherp+rc_car+truck_peterbilt,ok,ok,human_confirmed,75
S3_PAIR_occ75_f001362.jpg,S3_PAIR_occ75,1362,3,atv_sherp+rc_car+truck_peterbilt,ok,ok,model_accepted_bulk,75
S3_PAIR_occ75_f001368.jpg,S3_PAIR_occ75,1368,3,atv_sherp+rc_car+truck_peterbilt,ok,ok,human_confirmed,75
S3_PAIR_occ75_f001374.jpg,S3_PAIR_occ75,1374,3,atv_sherp+rc_car+truck_peterbilt,ok,ok,model_accepted_bulk,75
S3_PAIR_occ75_f001380.jpg,S3_PAIR_occ75,1380,3,atv_sherp+rc_car+truck_peterbilt,ok,ok,model_accepted_bulk,75
S3_PAIR_occ75_f001386.jpg,S3_PAIR_occ75,1386,3,atv_sherp+rc_car+truck_peterbilt,ok,ok,human_confirmed,75
S3_PAIR_occ75_f001392.jpg,S3_PAIR_occ75,1392,3,atv_sherp+rc_car+truck_peterbilt,ok,ok,human_confirmed,75
S3_PAIR_occ75_f001398.jpg,S3_PAIR_occ75,1398,3,atv_sherp+rc_car+truck_peterbilt,ok,ok,model_accepted_bulk,75
S3_PAIR_occ75_f001404.jpg,S3_PAIR_occ75,1404,3,atv_sherp+rc_car+truck_peterbilt,ok,ok,model_accepted_bulk,75
S3_PAIR_occ75_f001410.jpg,S3_PAIR_occ75,1410,3,atv_sherp+rc_car+truck_peterbilt,ok,ok,model_accepted_bulk,75
S3_PAIR_occ75_f001416.jpg,S3_PAIR_occ75,1416,3,atv_sherp+rc_car+truck_peterbilt,ok,ok,human_confirmed,75
S3_PAIR_occ75_f001422.jpg,S3_PAIR_occ75,1422,3,atv_sherp+rc_car+truck_peterbilt,ok,ok,human_confirmed,75
S3_PAIR_occ75_f001428.jpg,S3_PAIR_occ75,1428,3,atv_sherp+rc_car+truck_peterbilt,ok,ok,human_confirmed,75
S3_PAIR_occ75_f001434.jpg,S3_PAIR_occ75,1434,3,atv_sherp+rc_car+truck_peterbilt,ok,ok,model_accepted_bulk,75
S3_PAIR_occ75_f001440.jpg,S3_PAIR_occ75,1440,3,atv_sherp+rc_car+truck_peterbilt,ok,ok,model_accepted_bulk,75
S3_PAIR_occ75_f001446.jpg,S3_PAIR_occ75,1446,3,atv_sherp+rc_car+truck_peterbilt,ok,ok,model_accepted_bulk,75
S3_PAIR_occ75_f001452.jpg,S3_PAIR_occ75,1452,3,atv_sherp+rc_car+truck_peterbilt,ok,ok,human_confirmed,75
S3_PAIR_occ75_f001458.jpg,S3_PAIR_occ75,1458,3,atv_sherp+rc_car+truck_peterbilt,ok,ok,model_accepted_bulk,75
S3_PAIR_occ75_f001464.jpg,S3_PAIR_occ75,1464,3,atv_sherp+rc_car+truck_peterbilt,ok,ok,human_confirmed,75
S3_PAIR_occ75_f001470.jpg,S3_PAIR_occ75,1470,3,atv_sherp+rc_car+truck_peterbilt,ok,ok,model_accepted_bulk,75
S3_PAIR_occ75_f001476.jpg,S3_PAIR_occ75,1476,3,atv_sherp+rc_car+truck_peterbilt,ok,ok,human_confirmed,75
S3_PAIR_occ75_f001482.jpg,S3_PAIR_occ75,1482,3,atv_sherp+rc_car+truck_peterbilt,ok,ok,human_confirmed,75
S3_PAIR_occ75_f001488.jpg,S3_PAIR_occ75,1488,2,atv_sherp+rc_car,ok,ok,human_confirmed,75
S3_PAIR_occ75_f001494.jpg,S3_PAIR_occ75,1494,2,atv_sherp+rc_car,ok,ok,human_confirmed,75
S3_PAIR_occ75_f001500.jpg,S3_PAIR_occ75,1500,1,rc_car,ok,ok,human_confirmed,75
S3_PAIR_occ75_f001506.jpg,S3_PAIR_occ75,1506,1,rc_car,ok,ok,human_confirmed,75
S3_PAIR_occ75_f001512.jpg,S3_PAIR_occ75,1512,1,rc_car,ok,ok,human_confirmed,75
S3_PAIR_occ75_f001518.jpg,S3_PAIR_occ75,1518,1,rc_car,ok,ok,human_confirmed,75
S3_PAIR_occ75_f001524.jpg,S3_PAIR_occ75,1524,1,rc_car,ok,ok,human_confirmed,75
S3_PAIR_occ75_f001530.jpg,S3_PAIR_occ75,1530,2,atv_sherp+rc_car,ok,ok,human_confirmed,75
S3_PAIR_occ75_f001536.jpg,S3_PAIR_occ75,1536,2,atv_sherp+rc_car,ok,ok,human_confirmed,75
S3_PAIR_occ75_f001542.jpg,S3_PAIR_occ75,1542,2,atv_sherp+rc_car,ok,ok,human_confirmed,75
S3_PAIR_occ75_f001548.jpg,S3_PAIR_occ75,1548,2,atv_sherp+rc_car,ok,ok,human_confirmed,75
S3_PAIR_occ75_f001554.jpg,S3_PAIR_occ75,1554,2,atv_sherp+rc_car,ok,ok,human_confirmed,75
S3_PAIR_occ75_f001560.jpg,S3_PAIR_occ75,1560,2,atv_sherp+rc_car,ok,ok,human_confirmed,75
S3_PAIR_occ75_f001566.jpg,S3_PAIR_occ75,1566,3,atv_sherp+rc_car+truck_peterbilt,ok,ok,human_confirmed,75
S3_PAIR_occ75_f001572.jpg,S3_PAIR_occ75,1572,3,atv_sherp+rc_car+truck_peterbilt,ok,ok,human_confirmed,75
S3_PAIR_occ75_f001578.jpg,S3_PAIR_occ75,1578,3,atv_sherp+rc_car+truck_peterbilt,ok,ok,model_accepted_bulk,75
S3_PAIR_occ75_f001584.jpg,S3_PAIR_occ75,1584,3,atv_sherp+rc_car+truck_peterbilt,ok,ok,human_confirmed,75
S3_PAIR_occ75_f001590.jpg,S3_PAIR_occ75,1590,3,atv_sherp+rc_car+truck_peterbilt,ok,ok,model_accepted_bulk,75
S3_PAIR_occ75_f001596.jpg,S3_PAIR_occ75,1596,3,atv_sherp+rc_car+truck_peterbilt,ok,ok,model_accepted_bulk,75
S3_PAIR_occ75_f001602.jpg,S3_PAIR_occ75,1602,3,atv_sherp+rc_car+truck_peterbilt,ok,ok,model_accepted_bulk,75
S3_PAIR_occ75_f001608.jpg,S3_PAIR_occ75,1608,3,atv_sherp+rc_car+truck_peterbilt,ok,ok,model_accepted_bulk,75
S3_PAIR_occ75_f001614.jpg,S3_PAIR_occ75,1614,3,atv_sherp+rc_car+truck_peterbilt,ok,ok,model_accepted_bulk,75
S3_PAIR_occ75_f001620.jpg,S3_PAIR_occ75,1620,3,atv_sherp+rc_car+truck_peterbilt,ok,ok,model_accepted_bulk,75
S3_PAIR_occ75_f001626.jpg,S3_PAIR_occ75,1626,3,atv_sherp+rc_car+truck_peterbilt,ok,ok,model_accepted_bulk,75
S3_PAIR_occ75_f001632.jpg,S3_PAIR_occ75,1632,3,atv_sherp+rc_car+truck_peterbilt,ok,ok,model_accepted_bulk,75
S3_PAIR_occ75_f001638.jpg,S3_PAIR_occ75,1638,3,atv_sherp+rc_car+truck_peterbilt,ok,ok,model_accepted_bulk,75
S3_PAIR_occ75_f001644.jpg,S3_PAIR_occ75,1644,3,atv_sherp+rc_car+truck_peterbilt,ok,ok,model_accepted_bulk,75
S3_PAIR_occ75_f001650.jpg,S3_PAIR_occ75,1650,3,atv_sherp+rc_car+truck_peterbilt,ok,ok,human_confirmed,75
S3_PAIR_occ75_f001656.jpg,S3_PAIR_occ75,1656,3,atv_sherp+rc_car+truck_peterbilt,ok,ok,model_accepted_bulk,75
S3_PAIR_occ75_f001662.jpg,S3_PAIR_occ75,1662,3,atv_sherp+rc_car+truck_peterbilt,ok,ok,model_accepted_bulk,75
S3_PAIR_occ75_f001668.jpg,S3_PAIR_occ75,1668,3,atv_sherp+rc_car+truck_peterbilt,ok,ok,model_accepted_bulk,75
S3_PAIR_occ75_f001674.jpg,S3_PAIR_occ75,1674,3,atv_sherp+rc_car+truck_peterbilt,ok,ok,model_accepted_bulk,75
S3_PAIR_occ75_f001680.jpg,S3_PAIR_occ75,1680,3,atv_sherp+rc_car+truck_peterbilt,ok,ok,model_accepted_bulk,75
S3_PAIR_occ75_f001686.jpg,S3_PAIR_occ75,1686,3,atv_sherp+rc_car+truck_peterbilt,ok,ok,model_accepted_bulk,75
S3_PAIR_occ75_f001692.jpg,S3_PAIR_occ75,1692,3,atv_sherp+rc_car+truck_peterbilt,ok,ok,human_confirmed,75
S3_PAIR_occ75_f001698.jpg,S3_PAIR_occ75,1698,3,atv_sherp+rc_car+truck_peterbilt,ok,ok,human_confirmed,75
S3_PAIR_occ75_f001704.jpg,S3_PAIR_occ75,1704,3,atv_sherp+rc_car+truck_peterbilt,ok,ok,model_accepted_bulk,75
S3_PAIR_occ75_f001710.jpg,S3_PAIR_occ75,1710,3,atv_sherp+rc_car+truck_peterbilt,ok,ok,model_accepted_bulk,75
S3_PAIR_occ75_f001716.jpg,S3_PAIR_occ75,1716,3,atv_sherp+rc_car+truck_peterbilt,ok,ok,human_confirmed,75
S3_PAIR_occ75_f001722.jpg,S3_PAIR_occ75,1722,3,atv_sherp+rc_car+truck_peterbilt,ok,ok,human_confirmed,75
S3_PAIR_occ75_f001728.jpg,S3_PAIR_occ75,1728,3,atv_sherp+rc_car+truck_peterbilt,ok,ok,human_confirmed,75
S3_PAIR_occ75_f001734.jpg,S3_PAIR_occ75,1734,3,atv_sherp+rc_car+truck_peterbilt,ok,ok,model_accepted_bulk,75
S3_PAIR_occ75_f001740.jpg,S3_PAIR_occ75,1740,3,atv_sherp+rc_car+truck_peterbilt,ok,ok,human_confirmed,75
S3_PAIR_occ75_f001746.jpg,S3_PAIR_occ75,1746,3,atv_sherp+rc_car+truck_peterbilt,ok,ok,human_confirmed,75
S3_PAIR_occ75_f001752.jpg,S3_PAIR_occ75,1752,3,atv_sherp+rc_car+truck_peterbilt,ok,ok,human_confirmed,75
S3_PAIR_occ75_f001758.jpg,S3_PAIR_occ75,1758,3,atv_sherp+rc_car+truck_peterbilt,ok,ok,human_confirmed,75
S3_PAIR_occ75_f001764.jpg,S3_PAIR_occ75,1764,3,atv_sherp+rc_car+truck_peterbilt,ok,ok,human_confirmed,75
S3_PAIR_occ75_f001770.jpg,S3_PAIR_occ75,1770,3,atv_sherp+rc_car+truck_peterbilt,ok,ok,model_accepted_bulk,75
S3_PAIR_occ75_f001776.jpg,S3_PAIR_occ75,1776,3,atv_sherp+rc_car+truck_peterbilt,ok,ok,model_accepted_bulk,75
S3_PAIR_occ75_f001782.jpg,S3_PAIR_occ75,1782,3,atv_sherp+rc_car+truck_peterbilt,ok,ok,human_confirmed,75
S3_PAIR_occ75_f001788.jpg,S3_PAIR_occ75,1788,3,atv_sherp+rc_car+truck_peterbilt,ok,ok,human_confirmed,75
S3_PAIR_occ75_f001794.jpg,S3_PAIR_occ75,1794,3,atv_sherp+rc_car+truck_peterbilt,ok,ok,model_accepted_bulk,75
S3_PAIR_occ75_f001800.jpg,S3_PAIR_occ75,1800,3,atv_sherp+rc_car+truck_peterbilt,ok,ok,model_accepted_bulk,75
S3_PAIR_occ75_f001806.jpg,S3_PAIR_occ75,1806,3,atv_sherp+rc_car+truck_peterbilt,ok,ok,model_accepted_bulk,75
S3_PAIR_occ75_f001812.jpg,S3_PAIR_occ75,1812,3,atv_sherp+rc_car+truck_peterbilt,ok,ok,model_accepted_bulk,75
S3_PAIR_occ75_f001818.jpg,S3_PAIR_occ75,1818,3,atv_sherp+rc_car+truck_peterbilt,ok,ok,model_accepted_bulk,75
S3_PAIR_occ75_f001824.jpg,S3_PAIR_occ75,1824,3,atv_sherp+rc_car+truck_peterbilt,ok,ok,model_accepted_bulk,75
S3_PAIR_occ75_f001830.jpg,S3_PAIR_occ75,1830,3,atv_sherp+rc_car+truck_peterbilt,ok,ok,model_accepted_bulk,75
S3_PAIR_occ75_f001836.jpg,S3_PAIR_occ75,1836,3,atv_sherp+rc_car+truck_peterbilt,ok,ok,model_accepted_bulk,75
S3_PAIR_occ75_f001842.jpg,S3_PAIR_occ75,1842,3,atv_sherp+rc_car+truck_peterbilt,ok,ok,model_accepted_bulk,75
S3_PAIR_occ75_f001848.jpg,S3_PAIR_occ75,1848,3,atv_sherp+rc_car+truck_peterbilt,ok,ok,human_confirmed,75
S3_PAIR_occ75_f001854.jpg,S3_PAIR_occ75,1854,3,atv_sherp+rc_car+truck_peterbilt,ok,ok,model_accepted_bulk,75
S3_PAIR_occ75_f001860.jpg,S3_PAIR_occ75,1860,3,atv_sherp+rc_car+truck_peterbilt,ok,ok,model_accepted_bulk,75
S3_PAIR_occ75_f001866.jpg,S3_PAIR_occ75,1866,3,atv_sherp+rc_car+truck_peterbilt,ok,ok,model_accepted_bulk,75
S3_PAIR_occ75_f001872.jpg,S3_PAIR_occ75,1872,3,atv_sherp+rc_car+truck_peterbilt,ok,ok,model_accepted_bulk,75
S3_PAIR_occ75_f001878.jpg,S3_PAIR_occ75,1878,3,atv_sherp+rc_car+truck_peterbilt,ok,ok,model_accepted_bulk,75
S3_PAIR_occ75_f001884.jpg,S3_PAIR_occ75,1884,3,atv_sherp+rc_car+truck_peterbilt,ok,ok,model_accepted_bulk,75
S3_PAIR_occ75_f001890.jpg,S3_PAIR_occ75,1890,3,atv_sherp+rc_car+truck_peterbilt,ok,ok,model_accepted_bulk,75
S3_PAIR_occ75_f001896.jpg,S3_PAIR_occ75,1896,3,atv_sherp+rc_car+truck_peterbilt,ok,ok,model_accepted_bulk,75
S3_PAIR_occ75_f001902.jpg,S3_PAIR_occ75,1902,3,atv_sherp+rc_car+truck_peterbilt,ok,ok,human_confirmed,75
S3_PAIR_occ75_f001908.jpg,S3_PAIR_occ75,1908,3,atv_sherp+rc_car+truck_peterbilt,ok,ok,model_accepted_bulk,75
S3_PAIR_occ75_f001914.jpg,S3_PAIR_occ75,1914,3,atv_sherp+rc_car+truck_peterbilt,ok,ok,human_confirmed,75
S3_PAIR_occ75_f001920.jpg,S3_PAIR_occ75,1920,3,atv_sherp+rc_car+truck_peterbilt,ok,ok,model_accepted_bulk,75
S3_PAIR_occ75_f001926.jpg,S3_PAIR_occ75,1926,3,atv_sherp+rc_car+truck_peterbilt,ok,ok,model_accepted_bulk,75
S3_PAIR_occ75_f001932.jpg,S3_PAIR_occ75,1932,3,atv_sherp+rc_car+truck_peterbilt,ok,ok,model_accepted_bulk,75
S3_PAIR_occ75_f001938.jpg,S3_PAIR_occ75,1938,3,atv_sherp+rc_car+truck_peterbilt,ok,ok,human_confirmed,75
S3_PAIR_occ75_f001944.jpg,S3_PAIR_occ75,1944,3,atv_sherp+rc_car+truck_peterbilt,ok,ok,model_accepted_bulk,75
S3_PAIR_occ75_f001950.jpg,S3_PAIR_occ75,1950,3,atv_sherp+rc_car+truck_peterbilt,ok,ok,model_accepted_bulk,75
S3_PAIR_occ75_f001956.jpg,S3_PAIR_occ75,1956,3,atv_sherp+rc_car+truck_peterbilt,ok,ok,model_accepted_bulk,75
S3_PAIR_occ75_f001962.jpg,S3_PAIR_occ75,1962,3,atv_sherp+rc_car+truck_peterbilt,ok,ok,human_confirmed,75
S3_PAIR_occ75_f001968.jpg,S3_PAIR_occ75,1968,3,atv_sherp+rc_car+truck_peterbilt,ok,ok,model_accepted_bulk,75
S3_PAIR_occ75_f001974.jpg,S3_PAIR_occ75,1974,3,atv_sherp+rc_car+truck_peterbilt,ok,ok,model_accepted_bulk,75
S3_PAIR_occ75_f001980.jpg,S3_PAIR_occ75,1980,3,atv_sherp+rc_car+truck_peterbilt,ok,ok,human_confirmed,75
S3_PAIR_occ75_f001986.jpg,S3_PAIR_occ75,1986,3,atv_sherp+rc_car+truck_peterbilt,ok,ok,model_accepted_bulk,75
S3_PAIR_occ75_f001992.jpg,S3_PAIR_occ75,1992,3,atv_sherp+rc_car+truck_peterbilt,ok,ok,model_accepted_bulk,75
S3_PAIR_occ75_f001998.jpg,S3_PAIR_occ75,1998,3,atv_sherp+rc_car+truck_peterbilt,ok,ok,model_accepted_bulk,75
S3_PAIR_occ75_f002004.jpg,S3_PAIR_occ75,2004,3,atv_sherp+rc_car+truck_peterbilt,ok,ok,model_accepted_bulk,75
S3_PAIR_occ75_f002010.jpg,S3_PAIR_occ75,2010,3,atv_sherp+rc_car+truck_peterbilt,ok,ok,model_accepted_bulk,75
S3_PAIR_occ75_f002016.jpg,S3_PAIR_occ75,2016,3,atv_sherp+rc_car+truck_peterbilt,ok,blurry,human_confirmed,75
S3_PAIR_occ75_f002022.jpg,S3_PAIR_occ75,2022,3,atv_sherp+rc_car+truck_peterbilt,ok,ok,model_accepted_bulk,75
S3_PAIR_occ75_f002028.jpg,S3_PAIR_occ75,2028,3,atv_sherp+rc_car+truck_peterbilt,ok,ok,model_accepted_bulk,75
S3_PAIR_occ50_f000000.jpg,S3_PAIR_occ50,0,3,atv_sherp+rc_car+truck_peterbilt,ok,ok,human_confirmed,50
S3_PAIR_occ50_f000006.jpg,S3_PAIR_occ50,6,3,atv_sherp+rc_car+truck_peterbilt,ok,ok,model_accepted_bulk,50
S3_PAIR_occ50_f000012.jpg,S3_PAIR_occ50,12,3,atv_sherp+rc_car+truck_peterbilt,ok,ok,model_accepted_bulk,50
S3_PAIR_occ50_f000018.jpg,S3_PAIR_occ50,18,3,atv_sherp+rc_car+truck_peterbilt,ok,ok,model_accepted_bulk,50
S3_PAIR_occ50_f000024.jpg,S3_PAIR_occ50,24,3,atv_sherp+rc_car+truck_peterbilt,ok,ok,model_accepted_bulk,50
S3_PAIR_occ50_f000030.jpg,S3_PAIR_occ50,30,3,atv_sherp+rc_car+truck_peterbilt,ok,ok,model_accepted_bulk,50
S3_PAIR_occ50_f000036.jpg,S3_PAIR_occ50,36,3,atv_sherp+rc_car+truck_peterbilt,ok,ok,model_accepted_bulk,50
S3_PAIR_occ50_f000042.jpg,S3_PAIR_occ50,42,3,atv_sherp+rc_car+truck_peterbilt,ok,ok,model_accepted_bulk,50
S3_PAIR_occ50_f000048.jpg,S3_PAIR_occ50,48,3,atv_sherp+rc_car+truck_peterbilt,ok,ok,model_accepted_bulk,50
S3_PAIR_occ50_f000054.jpg,S3_PAIR_occ50,54,3,atv_sherp+rc_car+truck_peterbilt,ok,ok,human_confirmed,50
S3_PAIR_occ50_f000060.jpg,S3_PAIR_occ50,60,3,atv_sherp+rc_car+truck_peterbilt,ok,ok,model_accepted_bulk,50
S3_PAIR_occ50_f000066.jpg,S3_PAIR_occ50,66,3,atv_sherp+rc_car+truck_peterbilt,ok,ok,model_accepted_bulk,50
S3_PAIR_occ50_f000072.jpg,S3_PAIR_occ50,72,3,atv_sherp+rc_car+truck_peterbilt,ok,ok,model_accepted_bulk,50
S3_PAIR_occ50_f000078.jpg,S3_PAIR_occ50,78,3,atv_sherp+rc_car+truck_peterbilt,ok,ok,model_accepted_bulk,50
S3_PAIR_occ50_f000084.jpg,S3_PAIR_occ50,84,3,atv_sherp+rc_car+truck_peterbilt,ok,ok,human_confirmed,50
S3_PAIR_occ50_f000090.jpg,S3_PAIR_occ50,90,3,atv_sherp+rc_car+truck_peterbilt,ok,ok,model_accepted_bulk,50
S3_PAIR_occ50_f000096.jpg,S3_PAIR_occ50,96,3,atv_sherp+rc_car+truck_peterbilt,ok,ok,model_accepted_bulk,50
S3_PAIR_occ50_f000102.jpg,S3_PAIR_occ50,102,3,atv_sherp+rc_car+truck_peterbilt,ok,ok,model_accepted_bulk,50
S3_PAIR_occ50_f000108.jpg,S3_PAIR_occ50,108,3,atv_sherp+rc_car+truck_peterbilt,ok,ok,human_confirmed,50
S3_PAIR_occ50_f000114.jpg,S3_PAIR_occ50,114,3,atv_sherp+rc_car+truck_peterbilt,ok,ok,model_accepted_bulk,50
S3_PAIR_occ50_f000120.jpg,S3_PAIR_occ50,120,3,atv_sherp+rc_car+truck_peterbilt,ok,ok,model_accepted_bulk,50
S3_PAIR_occ50_f000126.jpg,S3_PAIR_occ50,126,3,atv_sherp+rc_car+truck_peterbilt,ok,ok,model_accepted_bulk,50
S3_PAIR_occ50_f000132.jpg,S3_PAIR_occ50,132,3,atv_sherp+rc_car+truck_peterbilt,ok,ok,model_accepted_bulk,50
S3_PAIR_occ50_f000138.jpg,S3_PAIR_occ50,138,3,atv_sherp+rc_car+truck_peterbilt,ok,ok,model_accepted_bulk,50
S3_PAIR_occ50_f000144.jpg,S3_PAIR_occ50,144,3,atv_sherp+rc_car+truck_peterbilt,ok,ok,model_accepted_bulk,50
S3_PAIR_occ50_f000150.jpg,S3_PAIR_occ50,150,3,atv_sherp+rc_car+truck_peterbilt,ok,ok,model_accepted_bulk,50
S3_PAIR_occ50_f000156.jpg,S3_PAIR_occ50,156,3,atv_sherp+rc_car+truck_peterbilt,ok,ok,model_accepted_bulk,50
S3_PAIR_occ50_f000162.jpg,S3_PAIR_occ50,162,3,atv_sherp+rc_car+truck_peterbilt,ok,ok,human_confirmed,50
S3_PAIR_occ50_f000168.jpg,S3_PAIR_occ50,168,3,atv_sherp+rc_car+truck_peterbilt,ok,ok,model_accepted_bulk,50
S3_PAIR_occ50_f000174.jpg,S3_PAIR_occ50,174,3,atv_sherp+rc_car+truck_peterbilt,ok,ok,model_accepted_bulk,50
S3_PAIR_occ50_f000180.jpg,S3_PAIR_occ50,180,3,atv_sherp+rc_car+truck_peterbilt,ok,ok,model_accepted_bulk,50
S3_PAIR_occ50_f000186.jpg,S3_PAIR_occ50,186,3,atv_sherp+rc_car+truck_peterbilt,ok,ok,model_accepted_bulk,50
S3_PAIR_occ50_f000192.jpg,S3_PAIR_occ50,192,3,atv_sherp+rc_car+truck_peterbilt,ok,ok,model_accepted_bulk,50
S3_PAIR_occ50_f000198.jpg,S3_PAIR_occ50,198,3,atv_sherp+rc_car+truck_peterbilt,ok,ok,model_accepted_bulk,50
S3_PAIR_occ50_f000204.jpg,S3_PAIR_occ50,204,3,atv_sherp+rc_car+truck_peterbilt,ok,ok,model_accepted_bulk,50
S3_PAIR_occ50_f000210.jpg,S3_PAIR_occ50,210,3,atv_sherp+rc_car+truck_peterbilt,ok,ok,model_accepted_bulk,50
S3_PAIR_occ50_f000216.jpg,S3_PAIR_occ50,216,3,atv_sherp+rc_car+truck_peterbilt,ok,ok,human_confirmed,50
S3_PAIR_occ50_f000222.jpg,S3_PAIR_occ50,222,3,atv_sherp+rc_car+truck_peterbilt,ok,ok,model_accepted_bulk,50
S3_PAIR_occ50_f000228.jpg,S3_PAIR_occ50,228,3,atv_sherp+rc_car+truck_peterbilt,ok,ok,model_accepted_bulk,50
S3_PAIR_occ50_f000234.jpg,S3_PAIR_occ50,234,3,atv_sherp+rc_car+truck_peterbilt,ok,ok,model_accepted_bulk,50
S3_PAIR_occ50_f000240.jpg,S3_PAIR_occ50,240,3,atv_sherp+rc_car+truck_peterbilt,ok,ok,model_accepted_bulk,50
S3_PAIR_occ50_f000246.jpg,S3_PAIR_occ50,246,3,atv_sherp+rc_car+truck_peterbilt,ok,ok,model_accepted_bulk,50
S3_PAIR_occ50_f000252.jpg,S3_PAIR_occ50,252,3,atv_sherp+rc_car+truck_peterbilt,ok,ok,model_accepted_bulk,50
S3_PAIR_occ50_f000258.jpg,S3_PAIR_occ50,258,3,atv_sherp+rc_car+truck_peterbilt,ok,ok,model_accepted_bulk,50
S3_PAIR_occ50_f000264.jpg,S3_PAIR_occ50,264,3,atv_sherp+rc_car+truck_peterbilt,ok,ok,model_accepted_bulk,50
S3_PAIR_occ50_f000270.jpg,S3_PAIR_occ50,270,3,atv_sherp+rc_car+truck_peterbilt,ok,ok,human_confirmed,50
S3_PAIR_occ50_f000276.jpg,S3_PAIR_occ50,276,3,atv_sherp+rc_car+truck_peterbilt,ok,ok,model_accepted_bulk,50
S3_PAIR_occ50_f000282.jpg,S3_PAIR_occ50,282,3,atv_sherp+rc_car+truck_peterbilt,ok,ok,model_accepted_bulk,50
S3_PAIR_occ50_f000288.jpg,S3_PAIR_occ50,288,3,atv_sherp+rc_car+truck_peterbilt,ok,ok,model_accepted_bulk,50
S3_PAIR_occ50_f000294.jpg,S3_PAIR_occ50,294,3,atv_sherp+rc_car+truck_peterbilt,ok,ok,model_accepted_bulk,50
S3_PAIR_occ50_f000300.jpg,S3_PAIR_occ50,300,3,atv_sherp+rc_car+truck_peterbilt,ok,ok,model_accepted_bulk,50
S3_PAIR_occ50_f000306.jpg,S3_PAIR_occ50,306,3,atv_sherp+rc_car+truck_peterbilt,ok,ok,model_accepted_bulk,50
S3_PAIR_occ50_f000312.jpg,S3_PAIR_occ50,312,3,atv_sherp+rc_car+truck_peterbilt,ok,ok,human_confirmed,50
S3_PAIR_occ50_f000318.jpg,S3_PAIR_occ50,318,3,atv_sherp+rc_car+truck_peterbilt,ok,ok,model_accepted_bulk,50
S3_PAIR_occ50_f000324.jpg,S3_PAIR_occ50,324,3,atv_sherp+rc_car+truck_peterbilt,ok,ok,human_confirmed,50
S3_PAIR_occ50_f000330.jpg,S3_PAIR_occ50,330,3,atv_sherp+rc_car+truck_peterbilt,ok,ok,model_accepted_bulk,50
S3_PAIR_occ50_f000336.jpg,S3_PAIR_occ50,336,3,atv_sherp+rc_car+truck_peterbilt,ok,ok,model_accepted_bulk,50
S3_PAIR_occ50_f000342.jpg,S3_PAIR_occ50,342,3,atv_sherp+rc_car+truck_peterbilt,ok,ok,model_accepted_bulk,50
S3_PAIR_occ50_f000348.jpg,S3_PAIR_occ50,348,3,atv_sherp+rc_car+truck_peterbilt,ok,ok,human_confirmed,50
S3_PAIR_occ50_f000354.jpg,S3_PAIR_occ50,354,3,atv_sherp+rc_car+truck_peterbilt,ok,ok,model_accepted_bulk,50
S3_PAIR_occ50_f000360.jpg,S3_PAIR_occ50,360,3,atv_sherp+rc_car+truck_peterbilt,ok,ok,model_accepted_bulk,50
S3_PAIR_occ50_f000366.jpg,S3_PAIR_occ50,366,3,atv_sherp+rc_car+truck_peterbilt,ok,ok,model_accepted_bulk,50
S3_PAIR_occ50_f000372.jpg,S3_PAIR_occ50,372,3,atv_sherp+rc_car+truck_peterbilt,ok,ok,model_accepted_bulk,50
S3_PAIR_occ50_f000378.jpg,S3_PAIR_occ50,378,3,atv_sherp+rc_car+truck_peterbilt,ok,ok,human_confirmed,50
S3_PAIR_occ50_f000384.jpg,S3_PAIR_occ50,384,3,atv_sherp+rc_car+truck_peterbilt,ok,ok,model_accepted_bulk,50
S3_PAIR_occ50_f000390.jpg,S3_PAIR_occ50,390,3,atv_sherp+rc_car+truck_peterbilt,ok,ok,model_accepted_bulk,50
S3_PAIR_occ50_f000396.jpg,S3_PAIR_occ50,396,3,atv_sherp+rc_car+truck_peterbilt,ok,ok,model_accepted_bulk,50
S3_PAIR_occ50_f000402.jpg,S3_PAIR_occ50,402,3,atv_sherp+rc_car+truck_peterbilt,ok,ok,model_accepted_bulk,50
S3_PAIR_occ50_f000408.jpg,S3_PAIR_occ50,408,3,atv_sherp+rc_car+truck_peterbilt,ok,ok,model_accepted_bulk,50
S3_PAIR_occ50_f000414.jpg,S3_PAIR_occ50,414,3,atv_sherp+rc_car+truck_peterbilt,ok,ok,human_confirmed,50
S3_PAIR_occ50_f000420.jpg,S3_PAIR_occ50,420,3,atv_sherp+rc_car+truck_peterbilt,ok,ok,model_accepted_bulk,50
S3_PAIR_occ50_f000426.jpg,S3_PAIR_occ50,426,3,atv_sherp+rc_car+truck_peterbilt,ok,ok,model_accepted_bulk,50
S3_PAIR_occ50_f000432.jpg,S3_PAIR_occ50,432,3,atv_sherp+rc_car+truck_peterbilt,ok,ok,human_confirmed,50
S3_PAIR_occ50_f000438.jpg,S3_PAIR_occ50,438,3,atv_sherp+rc_car+truck_peterbilt,ok,ok,model_accepted_bulk,50
S3_PAIR_occ50_f000444.jpg,S3_PAIR_occ50,444,3,atv_sherp+rc_car+truck_peterbilt,ok,ok,model_accepted_bulk,50
S3_PAIR_occ50_f000450.jpg,S3_PAIR_occ50,450,3,atv_sherp+rc_car+truck_peterbilt,ok,ok,model_accepted_bulk,50
S3_PAIR_occ50_f000456.jpg,S3_PAIR_occ50,456,3,atv_sherp+rc_car+truck_peterbilt,ok,ok,model_accepted_bulk,50
S3_PAIR_occ50_f000462.jpg,S3_PAIR_occ50,462,3,atv_sherp+rc_car+truck_peterbilt,ok,ok,model_accepted_bulk,50
S3_PAIR_occ50_f000468.jpg,S3_PAIR_occ50,468,3,atv_sherp+rc_car+truck_peterbilt,ok,ok,model_accepted_bulk,50
S3_PAIR_occ50_f000474.jpg,S3_PAIR_occ50,474,3,atv_sherp+rc_car+truck_peterbilt,ok,ok,model_accepted_bulk,50
S3_PAIR_occ50_f000480.jpg,S3_PAIR_occ50,480,3,atv_sherp+rc_car+truck_peterbilt,ok,ok,human_confirmed,50
S3_PAIR_occ50_f000486.jpg,S3_PAIR_occ50,486,3,atv_sherp+rc_car+truck_peterbilt,ok,ok,human_confirmed,50
S3_PAIR_occ50_f000492.jpg,S3_PAIR_occ50,492,3,atv_sherp+rc_car+truck_peterbilt,ok,ok,model_accepted_bulk,50
S3_PAIR_occ50_f000498.jpg,S3_PAIR_occ50,498,3,atv_sherp+rc_car+truck_peterbilt,ok,ok,model_accepted_bulk,50
S3_PAIR_occ50_f000504.jpg,S3_PAIR_occ50,504,3,atv_sherp+rc_car+truck_peterbilt,ok,ok,model_accepted_bulk,50
S3_PAIR_occ50_f000510.jpg,S3_PAIR_occ50,510,3,atv_sherp+rc_car+truck_peterbilt,ok,ok,model_accepted_bulk,50
S3_PAIR_occ50_f000516.jpg,S3_PAIR_occ50,516,3,atv_sherp+rc_car+truck_peterbilt,ok,ok,model_accepted_bulk,50
S3_PAIR_occ50_f000522.jpg,S3_PAIR_occ50,522,3,atv_sherp+rc_car+truck_peterbilt,ok,ok,model_accepted_bulk,50
S3_PAIR_occ50_f000528.jpg,S3_PAIR_occ50,528,3,atv_sherp+rc_car+truck_peterbilt,ok,ok,model_accepted_bulk,50
S3_PAIR_occ50_f000534.jpg,S3_PAIR_occ50,534,3,atv_sherp+rc_car+truck_peterbilt,ok,ok,human_confirmed,50
S3_PAIR_occ50_f000540.jpg,S3_PAIR_occ50,540,3,atv_sherp+rc_car+truck_peterbilt,ok,ok,human_confirmed,50
S3_PAIR_occ50_f000546.jpg,S3_PAIR_occ50,546,3,atv_sherp+rc_car+truck_peterbilt,ok,ok,model_accepted_bulk,50
S3_PAIR_occ50_f000552.jpg,S3_PAIR_occ50,552,3,atv_sherp+rc_car+truck_peterbilt,ok,ok,model_accepted_bulk,50
S3_PAIR_occ50_f000558.jpg,S3_PAIR_occ50,558,3,atv_sherp+rc_car+truck_peterbilt,ok,ok,model_accepted_bulk,50
S3_PAIR_occ50_f000564.jpg,S3_PAIR_occ50,564,3,atv_sherp+rc_car+truck_peterbilt,ok,ok,model_accepted_bulk,50
S3_PAIR_occ50_f000570.jpg,S3_PAIR_occ50,570,3,atv_sherp+rc_car+truck_peterbilt,ok,ok,model_accepted_bulk,50
S3_PAIR_occ50_f000576.jpg,S3_PAIR_occ50,576,3,atv_sherp+rc_car+truck_peterbilt,ok,ok,model_accepted_bulk,50
S3_PAIR_occ50_f000582.jpg,S3_PAIR_occ50,582,3,atv_sherp+rc_car+truck_peterbilt,ok,ok,model_accepted_bulk,50
S3_PAIR_occ50_f000588.jpg,S3_PAIR_occ50,588,3,atv_sherp+rc_car+truck_peterbilt,ok,ok,model_accepted_bulk,50
S3_PAIR_occ50_f000594.jpg,S3_PAIR_occ50,594,3,atv_sherp+rc_car+truck_peterbilt,ok,ok,human_confirmed,50
S3_PAIR_occ50_f000600.jpg,S3_PAIR_occ50,600,3,atv_sherp+rc_car+truck_peterbilt,ok,ok,model_accepted_bulk,50
S3_PAIR_occ50_f000606.jpg,S3_PAIR_occ50,606,3,atv_sherp+rc_car+truck_peterbilt,ok,ok,model_accepted_bulk,50
S3_PAIR_occ50_f000612.jpg,S3_PAIR_occ50,612,3,atv_sherp+rc_car+truck_peterbilt,ok,ok,model_accepted_bulk,50
S3_PAIR_occ50_f000618.jpg,S3_PAIR_occ50,618,3,atv_sherp+rc_car+truck_peterbilt,ok,ok,model_accepted_bulk,50
S3_PAIR_occ50_f000624.jpg,S3_PAIR_occ50,624,3,atv_sherp+rc_car+truck_peterbilt,ok,ok,model_accepted_bulk,50
S3_PAIR_occ50_f000630.jpg,S3_PAIR_occ50,630,3,atv_sherp+rc_car+truck_peterbilt,ok,ok,model_accepted_bulk,50
S3_PAIR_occ50_f000636.jpg,S3_PAIR_occ50,636,3,atv_sherp+rc_car+truck_peterbilt,ok,ok,model_accepted_bulk,50
S3_PAIR_occ50_f000642.jpg,S3_PAIR_occ50,642,3,atv_sherp+rc_car+truck_peterbilt,ok,ok,model_accepted_bulk,50
S3_PAIR_occ50_f000648.jpg,S3_PAIR_occ50,648,3,atv_sherp+rc_car+truck_peterbilt,ok,ok,human_confirmed,50
S3_PAIR_occ50_f000654.jpg,S3_PAIR_occ50,654,3,atv_sherp+rc_car+truck_peterbilt,ok,ok,model_accepted_bulk,50
S3_PAIR_occ50_f000660.jpg,S3_PAIR_occ50,660,3,atv_sherp+rc_car+truck_peterbilt,ok,ok,model_accepted_bulk,50
S3_PAIR_occ50_f000666.jpg,S3_PAIR_occ50,666,3,atv_sherp+rc_car+truck_peterbilt,ok,ok,model_accepted_bulk,50
S3_PAIR_occ50_f000672.jpg,S3_PAIR_occ50,672,3,atv_sherp+rc_car+truck_peterbilt,ok,ok,model_accepted_bulk,50
S3_PAIR_occ50_f000678.jpg,S3_PAIR_occ50,678,3,atv_sherp+rc_car+truck_peterbilt,ok,ok,model_accepted_bulk,50
S3_PAIR_occ50_f000684.jpg,S3_PAIR_occ50,684,3,atv_sherp+rc_car+truck_peterbilt,ok,ok,model_accepted_bulk,50
S3_PAIR_occ50_f000690.jpg,S3_PAIR_occ50,690,3,atv_sherp+rc_car+truck_peterbilt,ok,ok,model_accepted_bulk,50
S3_PAIR_occ50_f000696.jpg,S3_PAIR_occ50,696,3,atv_sherp+rc_car+truck_peterbilt,ok,ok,model_accepted_bulk,50
S3_PAIR_occ50_f000702.jpg,S3_PAIR_occ50,702,3,atv_sherp+rc_car+truck_peterbilt,ok,ok,human_confirmed,50
S3_PAIR_occ50_f000708.jpg,S3_PAIR_occ50,708,3,atv_sherp+rc_car+truck_peterbilt,ok,ok,model_accepted_bulk,50
S3_PAIR_occ50_f000714.jpg,S3_PAIR_occ50,714,3,atv_sherp+rc_car+truck_peterbilt,ok,ok,model_accepted_bulk,50
S3_PAIR_occ50_f000720.jpg,S3_PAIR_occ50,720,3,atv_sherp+rc_car+truck_peterbilt,ok,ok,model_accepted_bulk,50
S3_PAIR_occ50_f000726.jpg,S3_PAIR_occ50,726,3,atv_sherp+rc_car+truck_peterbilt,ok,ok,model_accepted_bulk,50
S3_PAIR_occ50_f000732.jpg,S3_PAIR_occ50,732,3,atv_sherp+rc_car+truck_peterbilt,ok,ok,model_accepted_bulk,50
S3_PAIR_occ50_f000738.jpg,S3_PAIR_occ50,738,3,atv_sherp+rc_car+truck_peterbilt,ok,ok,human_confirmed,50
S3_PAIR_occ50_f000744.jpg,S3_PAIR_occ50,744,3,atv_sherp+rc_car+truck_peterbilt,ok,ok,human_confirmed,50
S3_PAIR_occ50_f000750.jpg,S3_PAIR_occ50,750,3,atv_sherp+rc_car+truck_peterbilt,ok,ok,model_accepted_bulk,50
S3_PAIR_occ50_f000756.jpg,S3_PAIR_occ50,756,3,atv_sherp+rc_car+truck_peterbilt,ok,ok,human_confirmed,50
S3_PAIR_occ50_f000762.jpg,S3_PAIR_occ50,762,3,atv_sherp+rc_car+truck_peterbilt,ok,ok,model_accepted_bulk,50
S3_PAIR_occ50_f000768.jpg,S3_PAIR_occ50,768,3,atv_sherp+rc_car+truck_peterbilt,ok,ok,human_confirmed,50
S3_PAIR_occ50_f000774.jpg,S3_PAIR_occ50,774,3,atv_sherp+rc_car+truck_peterbilt,ok,ok,model_accepted_bulk,50
S3_PAIR_occ50_f000780.jpg,S3_PAIR_occ50,780,3,atv_sherp+rc_car+truck_peterbilt,ok,ok,model_accepted_bulk,50
S3_PAIR_occ50_f000786.jpg,S3_PAIR_occ50,786,3,atv_sherp+rc_car+truck_peterbilt,ok,ok,human_confirmed,50
S3_PAIR_occ50_f000792.jpg,S3_PAIR_occ50,792,3,atv_sherp+rc_car+truck_peterbilt,ok,ok,human_confirmed,50
S3_PAIR_occ50_f000798.jpg,S3_PAIR_occ50,798,3,atv_sherp+rc_car+truck_peterbilt,ok,ok,human_confirmed,50
S3_PAIR_occ50_f000804.jpg,S3_PAIR_occ50,804,3,atv_sherp+rc_car+truck_peterbilt,ok,ok,human_confirmed,50
S3_PAIR_occ50_f000810.jpg,S3_PAIR_occ50,810,3,atv_sherp+rc_car+truck_peterbilt,ok,ok,human_confirmed,50
S3_PAIR_occ50_f000816.jpg,S3_PAIR_occ50,816,3,atv_sherp+rc_car+truck_peterbilt,ok,ok,human_confirmed,50
S3_PAIR_occ50_f000822.jpg,S3_PAIR_occ50,822,3,atv_sherp+rc_car+truck_peterbilt,ok,ok,model_accepted_bulk,50
S3_PAIR_occ50_f000828.jpg,S3_PAIR_occ50,828,3,atv_sherp+rc_car+truck_peterbilt,ok,ok,model_accepted_bulk,50
S3_PAIR_occ50_f000834.jpg,S3_PAIR_occ50,834,3,atv_sherp+rc_car+truck_peterbilt,ok,ok,model_accepted_bulk,50
S3_PAIR_occ50_f000840.jpg,S3_PAIR_occ50,840,3,atv_sherp+rc_car+truck_peterbilt,ok,ok,human_confirmed,50
S3_PAIR_occ50_f000846.jpg,S3_PAIR_occ50,846,3,atv_sherp+rc_car+truck_peterbilt,ok,ok,human_confirmed,50
S3_PAIR_occ50_f000852.jpg,S3_PAIR_occ50,852,3,atv_sherp+rc_car+truck_peterbilt,ok,ok,model_accepted_bulk,50
S3_PAIR_occ50_f000858.jpg,S3_PAIR_occ50,858,3,atv_sherp+rc_car+truck_peterbilt,ok,ok,model_accepted_bulk,50
S3_PAIR_occ50_f000864.jpg,S3_PAIR_occ50,864,3,atv_sherp+rc_car+truck_peterbilt,ok,ok,human_confirmed,50
S3_PAIR_occ50_f000870.jpg,S3_PAIR_occ50,870,3,atv_sherp+rc_car+truck_peterbilt,ok,ok,model_accepted_bulk,50
S3_PAIR_occ50_f000876.jpg,S3_PAIR_occ50,876,3,atv_sherp+rc_car+truck_peterbilt,ok,ok,model_accepted_bulk,50
S3_PAIR_occ50_f000882.jpg,S3_PAIR_occ50,882,3,atv_sherp+rc_car+truck_peterbilt,ok,ok,model_accepted_bulk,50
S3_PAIR_occ50_f000888.jpg,S3_PAIR_occ50,888,3,atv_sherp+rc_car+truck_peterbilt,ok,ok,model_accepted_bulk,50
S3_PAIR_occ50_f000894.jpg,S3_PAIR_occ50,894,3,atv_sherp+rc_car+truck_peterbilt,ok,ok,human_confirmed,50
S3_PAIR_occ50_f000900.jpg,S3_PAIR_occ50,900,3,atv_sherp+rc_car+truck_peterbilt,ok,ok,model_accepted_bulk,50
S3_PAIR_occ50_f000906.jpg,S3_PAIR_occ50,906,3,atv_sherp+rc_car+truck_peterbilt,ok,ok,model_accepted_bulk,50
S3_PAIR_occ50_f000912.jpg,S3_PAIR_occ50,912,3,atv_sherp+rc_car+truck_peterbilt,ok,ok,model_accepted_bulk,50
S3_PAIR_occ50_f000918.jpg,S3_PAIR_occ50,918,3,atv_sherp+rc_car+truck_peterbilt,ok,ok,human_confirmed,50
S3_PAIR_occ50_f000924.jpg,S3_PAIR_occ50,924,3,atv_sherp+rc_car+truck_peterbilt,ok,ok,human_confirmed,50
S3_PAIR_occ50_f000930.jpg,S3_PAIR_occ50,930,3,atv_sherp+rc_car+truck_peterbilt,ok,ok,human_confirmed,50
S3_PAIR_occ50_f000936.jpg,S3_PAIR_occ50,936,3,atv_sherp+rc_car+truck_peterbilt,ok,ok,human_confirmed,50
S3_PAIR_occ50_f000942.jpg,S3_PAIR_occ50,942,3,atv_sherp+rc_car+truck_peterbilt,ok,ok,human_confirmed,50
S3_PAIR_occ50_f000948.jpg,S3_PAIR_occ50,948,3,atv_sherp+rc_car+truck_peterbilt,ok,ok,human_confirmed,50
S3_PAIR_occ50_f000954.jpg,S3_PAIR_occ50,954,3,atv_sherp+rc_car+truck_peterbilt,ok,ok,model_accepted_bulk,50
S3_PAIR_occ50_f000960.jpg,S3_PAIR_occ50,960,3,atv_sherp+rc_car+truck_peterbilt,ok,ok,human_confirmed,50
S3_PAIR_occ50_f000966.jpg,S3_PAIR_occ50,966,3,atv_sherp+rc_car+truck_peterbilt,ok,ok,model_accepted_bulk,50
S3_PAIR_occ50_f000972.jpg,S3_PAIR_occ50,972,3,atv_sherp+rc_car+truck_peterbilt,ok,ok,human_confirmed,50
S3_PAIR_occ50_f000978.jpg,S3_PAIR_occ50,978,3,atv_sherp+rc_car+truck_peterbilt,ok,ok,model_accepted_bulk,50
S3_PAIR_occ50_f000984.jpg,S3_PAIR_occ50,984,3,atv_sherp+rc_car+truck_peterbilt,ok,ok,human_confirmed,50
S3_PAIR_occ50_f000990.jpg,S3_PAIR_occ50,990,3,atv_sherp+rc_car+truck_peterbilt,ok,ok,human_confirmed,50
S3_PAIR_occ50_f000996.jpg,S3_PAIR_occ50,996,3,atv_sherp+rc_car+truck_peterbilt,ok,ok,human_confirmed,50
S3_PAIR_occ50_f001002.jpg,S3_PAIR_occ50,1002,3,atv_sherp+rc_car+truck_peterbilt,ok,ok,human_confirmed,50
S3_PAIR_occ50_f001008.jpg,S3_PAIR_occ50,1008,3,atv_sherp+rc_car+truck_peterbilt,ok,ok,human_confirmed,50
S3_PAIR_occ50_f001014.jpg,S3_PAIR_occ50,1014,3,atv_sherp+rc_car+truck_peterbilt,ok,ok,human_confirmed,50
S3_PAIR_occ50_f001020.jpg,S3_PAIR_occ50,1020,3,atv_sherp+rc_car+truck_peterbilt,ok,ok,model_accepted_bulk,50
S3_PAIR_occ50_f001026.jpg,S3_PAIR_occ50,1026,3,atv_sherp+rc_car+truck_peterbilt,ok,ok,human_confirmed,50
S3_PAIR_occ50_f001032.jpg,S3_PAIR_occ50,1032,3,atv_sherp+rc_car+truck_peterbilt,ok,ok,human_confirmed,50
S3_PAIR_occ50_f001038.jpg,S3_PAIR_occ50,1038,3,atv_sherp+rc_car+truck_peterbilt,ok,ok,model_accepted_bulk,50
S3_PAIR_occ50_f001044.jpg,S3_PAIR_occ50,1044,3,atv_sherp+rc_car+truck_peterbilt,ok,ok,model_accepted_bulk,50
S3_PAIR_occ50_f001050.jpg,S3_PAIR_occ50,1050,3,atv_sherp+rc_car+truck_peterbilt,ok,ok,human_confirmed,50
S3_PAIR_occ50_f001056.jpg,S3_PAIR_occ50,1056,3,atv_sherp+rc_car+truck_peterbilt,ok,ok,human_confirmed,50
S3_PAIR_occ50_f001062.jpg,S3_PAIR_occ50,1062,3,atv_sherp+rc_car+truck_peterbilt,ok,ok,model_accepted_bulk,50
S3_PAIR_occ50_f001068.jpg,S3_PAIR_occ50,1068,3,atv_sherp+rc_car+truck_peterbilt,ok,ok,human_confirmed,50
S3_PAIR_occ50_f001074.jpg,S3_PAIR_occ50,1074,3,atv_sherp+rc_car+truck_peterbilt,ok,ok,human_confirmed,50
S3_PAIR_occ50_f001080.jpg,S3_PAIR_occ50,1080,3,atv_sherp+rc_car+truck_peterbilt,ok,ok,human_confirmed,50
S3_PAIR_occ50_f001086.jpg,S3_PAIR_occ50,1086,3,atv_sherp+rc_car+truck_peterbilt,ok,ok,model_accepted_bulk,50
S3_PAIR_occ50_f001092.jpg,S3_PAIR_occ50,1092,3,atv_sherp+rc_car+truck_peterbilt,ok,ok,model_accepted_bulk,50
S3_PAIR_occ50_f001098.jpg,S3_PAIR_occ50,1098,3,atv_sherp+rc_car+truck_peterbilt,ok,ok,model_accepted_bulk,50
S3_PAIR_occ50_f001104.jpg,S3_PAIR_occ50,1104,3,atv_sherp+rc_car+truck_peterbilt,ok,ok,human_confirmed,50
S3_PAIR_occ50_f001110.jpg,S3_PAIR_occ50,1110,3,atv_sherp+rc_car+truck_peterbilt,ok,ok,human_confirmed,50
S3_PAIR_occ50_f001116.jpg,S3_PAIR_occ50,1116,3,atv_sherp+rc_car+truck_peterbilt,ok,ok,model_accepted_bulk,50
S3_PAIR_occ50_f001122.jpg,S3_PAIR_occ50,1122,3,atv_sherp+rc_car+truck_peterbilt,ok,ok,model_accepted_bulk,50
S3_PAIR_occ50_f001128.jpg,S3_PAIR_occ50,1128,3,atv_sherp+rc_car+truck_peterbilt,ok,ok,model_accepted_bulk,50
S3_PAIR_occ50_f001134.jpg,S3_PAIR_occ50,1134,3,atv_sherp+rc_car+truck_peterbilt,ok,ok,human_confirmed,50
S3_PAIR_occ50_f001140.jpg,S3_PAIR_occ50,1140,3,atv_sherp+rc_car+truck_peterbilt,ok,ok,model_accepted_bulk,50
S3_PAIR_occ50_f001146.jpg,S3_PAIR_occ50,1146,3,atv_sherp+rc_car+truck_peterbilt,ok,ok,model_accepted_bulk,50
S3_PAIR_occ50_f001152.jpg,S3_PAIR_occ50,1152,3,atv_sherp+rc_car+truck_peterbilt,ok,ok,model_accepted_bulk,50
S3_PAIR_occ50_f001158.jpg,S3_PAIR_occ50,1158,3,atv_sherp+rc_car+truck_peterbilt,ok,ok,model_accepted_bulk,50
S3_PAIR_occ50_f001164.jpg,S3_PAIR_occ50,1164,3,atv_sherp+rc_car+truck_peterbilt,ok,ok,human_confirmed,50
S3_PAIR_occ50_f001170.jpg,S3_PAIR_occ50,1170,2,atv_sherp+truck_peterbilt,ok,ok,human_confirmed,50
S3_PAIR_occ50_f001176.jpg,S3_PAIR_occ50,1176,2,atv_sherp+truck_peterbilt,ok,ok,human_confirmed,50
S3_PAIR_occ50_f001182.jpg,S3_PAIR_occ50,1182,2,atv_sherp+truck_peterbilt,ok,ok,human_confirmed,50
S3_PAIR_occ50_f001188.jpg,S3_PAIR_occ50,1188,2,atv_sherp+truck_peterbilt,ok,ok,human_confirmed,50
S3_PAIR_occ50_f001194.jpg,S3_PAIR_occ50,1194,3,atv_sherp+rc_car+truck_peterbilt,ok,ok,model_accepted_bulk,50
S3_PAIR_occ50_f001200.jpg,S3_PAIR_occ50,1200,3,atv_sherp+rc_car+truck_peterbilt,ok,ok,human_confirmed,50
S3_PAIR_occ50_f001206.jpg,S3_PAIR_occ50,1206,3,atv_sherp+rc_car+truck_peterbilt,ok,blurry,human_confirmed,50
S3_PAIR_occ50_f001212.jpg,S3_PAIR_occ50,1212,3,atv_sherp+rc_car+truck_peterbilt,ok,ok,human_confirmed,50
S3_PAIR_occ50_f001218.jpg,S3_PAIR_occ50,1218,3,atv_sherp+rc_car+truck_peterbilt,ok,ok,model_accepted_bulk,50
S3_PAIR_occ50_f001224.jpg,S3_PAIR_occ50,1224,3,atv_sherp+rc_car+truck_peterbilt,ok,ok,human_confirmed,50
S3_PAIR_occ50_f001230.jpg,S3_PAIR_occ50,1230,3,atv_sherp+rc_car+truck_peterbilt,ok,ok,human_confirmed,50
S3_PAIR_occ50_f001236.jpg,S3_PAIR_occ50,1236,3,atv_sherp+rc_car+truck_peterbilt,ok,ok,model_accepted_bulk,50
S3_PAIR_occ50_f001242.jpg,S3_PAIR_occ50,1242,3,atv_sherp+rc_car+truck_peterbilt,ok,ok,human_confirmed,50
S3_PAIR_occ50_f001248.jpg,S3_PAIR_occ50,1248,3,atv_sherp+rc_car+truck_peterbilt,ok,ok,human_confirmed,50
S3_PAIR_occ50_f001254.jpg,S3_PAIR_occ50,1254,3,atv_sherp+rc_car+truck_peterbilt,ok,ok,model_accepted_bulk,50
S3_PAIR_occ50_f001260.jpg,S3_PAIR_occ50,1260,3,atv_sherp+rc_car+truck_peterbilt,ok,ok,model_accepted_bulk,50
S3_PAIR_occ50_f001266.jpg,S3_PAIR_occ50,1266,3,atv_sherp+rc_car+truck_peterbilt,ok,ok,model_accepted_bulk,50
S3_PAIR_occ50_f001272.jpg,S3_PAIR_occ50,1272,3,atv_sherp+rc_car+truck_peterbilt,ok,ok,human_confirmed,50
S3_PAIR_occ50_f001278.jpg,S3_PAIR_occ50,1278,3,atv_sherp+rc_car+truck_peterbilt,ok,ok,model_accepted_bulk,50
S3_PAIR_occ50_f001284.jpg,S3_PAIR_occ50,1284,3,atv_sherp+rc_car+truck_peterbilt,ok,ok,human_confirmed,50
S3_PAIR_occ50_f001290.jpg,S3_PAIR_occ50,1290,3,atv_sherp+rc_car+truck_peterbilt,ok,ok,human_confirmed,50
S3_PAIR_occ50_f001296.jpg,S3_PAIR_occ50,1296,3,atv_sherp+rc_car+truck_peterbilt,ok,ok,human_confirmed,50
S3_PAIR_occ50_f001302.jpg,S3_PAIR_occ50,1302,3,atv_sherp+rc_car+truck_peterbilt,ok,ok,model_accepted_bulk,50
S3_PAIR_occ50_f001308.jpg,S3_PAIR_occ50,1308,3,atv_sherp+rc_car+truck_peterbilt,ok,ok,model_accepted_bulk,50
S3_PAIR_occ50_f001314.jpg,S3_PAIR_occ50,1314,3,atv_sherp+rc_car+truck_peterbilt,ok,ok,model_accepted_bulk,50
S3_PAIR_occ50_f001320.jpg,S3_PAIR_occ50,1320,3,atv_sherp+rc_car+truck_peterbilt,ok,ok,human_confirmed,50
S3_PAIR_occ50_f001326.jpg,S3_PAIR_occ50,1326,3,atv_sherp+rc_car+truck_peterbilt,ok,ok,human_confirmed,50
S3_PAIR_occ50_f001332.jpg,S3_PAIR_occ50,1332,3,atv_sherp+rc_car+truck_peterbilt,ok,ok,human_confirmed,50
S3_PAIR_occ50_f001338.jpg,S3_PAIR_occ50,1338,3,atv_sherp+rc_car+truck_peterbilt,ok,ok,model_accepted_bulk,50
S3_PAIR_occ50_f001344.jpg,S3_PAIR_occ50,1344,3,atv_sherp+rc_car+truck_peterbilt,ok,ok,model_accepted_bulk,50
S3_PAIR_occ50_f001350.jpg,S3_PAIR_occ50,1350,3,atv_sherp+rc_car+truck_peterbilt,ok,ok,human_confirmed,50
S3_PAIR_occ50_f001356.jpg,S3_PAIR_occ50,1356,3,atv_sherp+rc_car+truck_peterbilt,ok,ok,model_accepted_bulk,50
S3_PAIR_occ50_f001362.jpg,S3_PAIR_occ50,1362,3,atv_sherp+rc_car+truck_peterbilt,ok,ok,model_accepted_bulk,50
S3_PAIR_occ50_f001368.jpg,S3_PAIR_occ50,1368,3,atv_sherp+rc_car+truck_peterbilt,ok,ok,model_accepted_bulk,50
S3_PAIR_occ50_f001374.jpg,S3_PAIR_occ50,1374,3,atv_sherp+rc_car+truck_peterbilt,ok,blurry,human_confirmed,50
S3_PAIR_occ50_f001380.jpg,S3_PAIR_occ50,1380,3,atv_sherp+rc_car+truck_peterbilt,ok,ok,model_accepted_bulk,50
S3_PAIR_occ50_f001386.jpg,S3_PAIR_occ50,1386,3,atv_sherp+rc_car+truck_peterbilt,ok,ok,model_accepted_bulk,50
S3_PAIR_occ50_f001392.jpg,S3_PAIR_occ50,1392,3,atv_sherp+rc_car+truck_peterbilt,ok,ok,model_accepted_bulk,50
S3_PAIR_occ50_f001398.jpg,S3_PAIR_occ50,1398,3,atv_sherp+rc_car+truck_peterbilt,ok,ok,model_accepted_bulk,50
S3_PAIR_occ50_f001404.jpg,S3_PAIR_occ50,1404,3,atv_sherp+rc_car+truck_peterbilt,ok,ok,human_confirmed,50
S3_PAIR_occ50_f001410.jpg,S3_PAIR_occ50,1410,3,atv_sherp+rc_car+truck_peterbilt,ok,blurry,human_confirmed,50
S3_PAIR_occ50_f001416.jpg,S3_PAIR_occ50,1416,3,atv_sherp+rc_car+truck_peterbilt,ok,ok,model_accepted_bulk,50
S3_PAIR_occ50_f001422.jpg,S3_PAIR_occ50,1422,3,atv_sherp+rc_car+truck_peterbilt,ok,ok,model_accepted_bulk,50
S3_PAIR_occ50_f001428.jpg,S3_PAIR_occ50,1428,3,atv_sherp+rc_car+truck_peterbilt,ok,ok,model_accepted_bulk,50
S3_PAIR_occ50_f001434.jpg,S3_PAIR_occ50,1434,3,atv_sherp+rc_car+truck_peterbilt,ok,ok,model_accepted_bulk,50
S3_PAIR_occ50_f001440.jpg,S3_PAIR_occ50,1440,3,atv_sherp+rc_car+truck_peterbilt,ok,ok,model_accepted_bulk,50
S3_PAIR_occ50_f001446.jpg,S3_PAIR_occ50,1446,3,atv_sherp+rc_car+truck_peterbilt,ok,ok,model_accepted_bulk,50
S3_PAIR_occ50_f001452.jpg,S3_PAIR_occ50,1452,3,atv_sherp+rc_car+truck_peterbilt,ok,ok,model_accepted_bulk,50
S3_PAIR_occ50_f001458.jpg,S3_PAIR_occ50,1458,3,atv_sherp+rc_car+truck_peterbilt,ok,ok,human_confirmed,50
S3_PAIR_occ50_f001464.jpg,S3_PAIR_occ50,1464,3,atv_sherp+rc_car+truck_peterbilt,ok,blurry,human_confirmed,50
S3_PAIR_occ50_f001470.jpg,S3_PAIR_occ50,1470,3,atv_sherp+rc_car+truck_peterbilt,ok,ok,human_confirmed,50
S3_PAIR_occ50_f001476.jpg,S3_PAIR_occ50,1476,3,atv_sherp+rc_car+truck_peterbilt,ok,blurry,human_confirmed,50
S3_PAIR_occ50_f001482.jpg,S3_PAIR_occ50,1482,3,atv_sherp+rc_car+truck_peterbilt,ok,ok,model_accepted_bulk,50
S3_PAIR_occ50_f001488.jpg,S3_PAIR_occ50,1488,3,atv_sherp+rc_car+truck_peterbilt,ok,ok,model_accepted_bulk,50
S3_PAIR_occ50_f001494.jpg,S3_PAIR_occ50,1494,3,atv_sherp+rc_car+truck_peterbilt,ok,ok,model_accepted_bulk,50
S3_PAIR_occ50_f001500.jpg,S3_PAIR_occ50,1500,3,atv_sherp+rc_car+truck_peterbilt,ok,ok,model_accepted_bulk,50
S3_PAIR_occ50_f001506.jpg,S3_PAIR_occ50,1506,3,atv_sherp+rc_car+truck_peterbilt,ok,blurry,human_confirmed,50
S3_PAIR_occ50_f001512.jpg,S3_PAIR_occ50,1512,3,atv_sherp+rc_car+truck_peterbilt,ok,ok,human_confirmed,50
S3_PAIR_occ50_f001518.jpg,S3_PAIR_occ50,1518,3,atv_sherp+rc_car+truck_peterbilt,ok,ok,model_accepted_bulk,50
S3_PAIR_occ50_f001524.jpg,S3_PAIR_occ50,1524,3,atv_sherp+rc_car+truck_peterbilt,ok,ok,model_accepted_bulk,50
S3_PAIR_occ50_f001530.jpg,S3_PAIR_occ50,1530,3,atv_sherp+rc_car+truck_peterbilt,ok,ok,model_accepted_bulk,50
S3_PAIR_occ50_f001536.jpg,S3_PAIR_occ50,1536,3,atv_sherp+rc_car+truck_peterbilt,ok,ok,model_accepted_bulk,50
S3_PAIR_occ50_f001542.jpg,S3_PAIR_occ50,1542,3,atv_sherp+rc_car+truck_peterbilt,ok,ok,model_accepted_bulk,50
S3_PAIR_occ50_f001548.jpg,S3_PAIR_occ50,1548,3,atv_sherp+rc_car+truck_peterbilt,ok,ok,model_accepted_bulk,50
S3_PAIR_occ50_f001554.jpg,S3_PAIR_occ50,1554,3,atv_sherp+rc_car+truck_peterbilt,ok,ok,model_accepted_bulk,50
S3_PAIR_occ50_f001560.jpg,S3_PAIR_occ50,1560,3,atv_sherp+rc_car+truck_peterbilt,ok,ok,model_accepted_bulk,50
S3_PAIR_occ50_f001566.jpg,S3_PAIR_occ50,1566,3,atv_sherp+rc_car+truck_peterbilt,ok,ok,human_confirmed,50
S3_PAIR_occ50_f001572.jpg,S3_PAIR_occ50,1572,3,atv_sherp+rc_car+truck_peterbilt,ok,ok,model_accepted_bulk,50
S3_PAIR_occ50_f001578.jpg,S3_PAIR_occ50,1578,3,atv_sherp+rc_car+truck_peterbilt,ok,ok,model_accepted_bulk,50
S3_PAIR_occ50_f001584.jpg,S3_PAIR_occ50,1584,3,atv_sherp+rc_car+truck_peterbilt,ok,ok,model_accepted_bulk,50
S3_PAIR_occ50_f001590.jpg,S3_PAIR_occ50,1590,3,atv_sherp+rc_car+truck_peterbilt,ok,ok,model_accepted_bulk,50
S3_PAIR_occ50_f001596.jpg,S3_PAIR_occ50,1596,3,atv_sherp+rc_car+truck_peterbilt,ok,ok,human_confirmed,50
S3_PAIR_occ50_f001602.jpg,S3_PAIR_occ50,1602,3,atv_sherp+rc_car+truck_peterbilt,ok,blurry,human_confirmed,50
S3_PAIR_occ50_f001608.jpg,S3_PAIR_occ50,1608,3,atv_sherp+rc_car+truck_peterbilt,ok,ok,human_confirmed,50
S3_PAIR_occ50_f001614.jpg,S3_PAIR_occ50,1614,3,atv_sherp+rc_car+truck_peterbilt,ok,blurry,human_confirmed,50
S3_PAIR_occ50_f001620.jpg,S3_PAIR_occ50,1620,3,atv_sherp+rc_car+truck_peterbilt,ok,blurry,human_confirmed,50
S3_PAIR_occ50_f001626.jpg,S3_PAIR_occ50,1626,3,atv_sherp+rc_car+truck_peterbilt,ok,blurry,human_confirmed,50
S3_PAIR_occ50_f001632.jpg,S3_PAIR_occ50,1632,3,atv_sherp+rc_car+truck_peterbilt,ok,ok,model_accepted_bulk,50
S3_PAIR_occ50_f001638.jpg,S3_PAIR_occ50,1638,3,atv_sherp+rc_car+truck_peterbilt,ok,ok,model_accepted_bulk,50
S3_PAIR_occ50_f001644.jpg,S3_PAIR_occ50,1644,3,atv_sherp+rc_car+truck_peterbilt,ok,ok,model_accepted_bulk,50
S3_PAIR_occ50_f001650.jpg,S3_PAIR_occ50,1650,3,atv_sherp+rc_car+truck_peterbilt,ok,ok,model_accepted_bulk,50
S3_PAIR_occ25_f000000.jpg,S3_PAIR_occ25,0,3,atv_sherp+rc_car+truck_peterbilt,ok,ok,human_confirmed,25
S3_PAIR_occ25_f000006.jpg,S3_PAIR_occ25,6,3,atv_sherp+rc_car+truck_peterbilt,ok,ok,model_accepted_bulk,25
S3_PAIR_occ25_f000012.jpg,S3_PAIR_occ25,12,3,atv_sherp+rc_car+truck_peterbilt,ok,ok,model_accepted_bulk,25
S3_PAIR_occ25_f000018.jpg,S3_PAIR_occ25,18,3,atv_sherp+rc_car+truck_peterbilt,ok,ok,model_accepted_bulk,25
S3_PAIR_occ25_f000024.jpg,S3_PAIR_occ25,24,3,atv_sherp+rc_car+truck_peterbilt,ok,ok,model_accepted_bulk,25
S3_PAIR_occ25_f000030.jpg,S3_PAIR_occ25,30,3,atv_sherp+rc_car+truck_peterbilt,ok,ok,model_accepted_bulk,25
S3_PAIR_occ25_f000036.jpg,S3_PAIR_occ25,36,3,atv_sherp+rc_car+truck_peterbilt,ok,ok,model_accepted_bulk,25
S3_PAIR_occ25_f000042.jpg,S3_PAIR_occ25,42,3,atv_sherp+rc_car+truck_peterbilt,ok,ok,human_confirmed,25
S3_PAIR_occ25_f000048.jpg,S3_PAIR_occ25,48,3,atv_sherp+rc_car+truck_peterbilt,ok,corrupt,human_confirmed,25
S3_PAIR_occ25_f000054.jpg,S3_PAIR_occ25,54,3,atv_sherp+rc_car+truck_peterbilt,ok,corrupt,human_confirmed,25
S3_PAIR_occ25_f000060.jpg,S3_PAIR_occ25,60,3,atv_sherp+rc_car+truck_peterbilt,ok,corrupt,human_confirmed,25
S3_PAIR_occ25_f000066.jpg,S3_PAIR_occ25,66,3,atv_sherp+rc_car+truck_peterbilt,ok,corrupt,human_confirmed,25
S3_PAIR_occ25_f000072.jpg,S3_PAIR_occ25,72,3,atv_sherp+rc_car+truck_peterbilt,ok,ok,model_accepted_bulk,25
S3_PAIR_occ25_f000078.jpg,S3_PAIR_occ25,78,3,atv_sherp+rc_car+truck_peterbilt,ok,ok,model_accepted_bulk,25
S3_PAIR_occ25_f000084.jpg,S3_PAIR_occ25,84,3,atv_sherp+rc_car+truck_peterbilt,ok,ok,human_confirmed,25
S3_PAIR_occ25_f000090.jpg,S3_PAIR_occ25,90,3,atv_sherp+rc_car+truck_peterbilt,ok,ok,model_accepted_bulk,25
S3_PAIR_occ25_f000096.jpg,S3_PAIR_occ25,96,3,atv_sherp+rc_car+truck_peterbilt,ok,ok,model_accepted_bulk,25
S3_PAIR_occ25_f000102.jpg,S3_PAIR_occ25,102,3,atv_sherp+rc_car+truck_peterbilt,ok,ok,human_confirmed,25
S3_PAIR_occ25_f000108.jpg,S3_PAIR_occ25,108,3,atv_sherp+rc_car+truck_peterbilt,ok,ok,model_accepted_bulk,25
S3_PAIR_occ25_f000114.jpg,S3_PAIR_occ25,114,3,atv_sherp+rc_car+truck_peterbilt,ok,ok,model_accepted_bulk,25
S3_PAIR_occ25_f000120.jpg,S3_PAIR_occ25,120,3,atv_sherp+rc_car+truck_peterbilt,ok,ok,model_accepted_bulk,25
S3_PAIR_occ25_f000126.jpg,S3_PAIR_occ25,126,3,atv_sherp+rc_car+truck_peterbilt,ok,ok,human_confirmed,25
S3_PAIR_occ25_f000132.jpg,S3_PAIR_occ25,132,3,atv_sherp+rc_car+truck_peterbilt,ok,ok,model_accepted_bulk,25
S3_PAIR_occ25_f000138.jpg,S3_PAIR_occ25,138,3,atv_sherp+rc_car+truck_peterbilt,ok,ok,model_accepted_bulk,25
S3_PAIR_occ25_f000144.jpg,S3_PAIR_occ25,144,3,atv_sherp+rc_car+truck_peterbilt,ok,ok,model_accepted_bulk,25
S3_PAIR_occ25_f000150.jpg,S3_PAIR_occ25,150,3,atv_sherp+rc_car+truck_peterbilt,ok,ok,model_accepted_bulk,25
S3_PAIR_occ25_f000156.jpg,S3_PAIR_occ25,156,3,atv_sherp+rc_car+truck_peterbilt,ok,ok,model_accepted_bulk,25
S3_PAIR_occ25_f000162.jpg,S3_PAIR_occ25,162,3,atv_sherp+rc_car+truck_peterbilt,ok,ok,model_accepted_bulk,25
S3_PAIR_occ25_f000168.jpg,S3_PAIR_occ25,168,3,atv_sherp+rc_car+truck_peterbilt,ok,ok,human_confirmed,25
S3_PAIR_occ25_f000174.jpg,S3_PAIR_occ25,174,3,atv_sherp+rc_car+truck_peterbilt,ok,ok,model_accepted_bulk,25
S3_PAIR_occ25_f000180.jpg,S3_PAIR_occ25,180,3,atv_sherp+rc_car+truck_peterbilt,ok,ok,model_accepted_bulk,25
S3_PAIR_occ25_f000186.jpg,S3_PAIR_occ25,186,3,atv_sherp+rc_car+truck_peterbilt,ok,ok,model_accepted_bulk,25
S3_PAIR_occ25_f000192.jpg,S3_PAIR_occ25,192,3,atv_sherp+rc_car+truck_peterbilt,ok,ok,model_accepted_bulk,25
S3_PAIR_occ25_f000198.jpg,S3_PAIR_occ25,198,3,atv_sherp+rc_car+truck_peterbilt,ok,ok,model_accepted_bulk,25
S3_PAIR_occ25_f000204.jpg,S3_PAIR_occ25,204,3,atv_sherp+rc_car+truck_peterbilt,ok,ok,model_accepted_bulk,25
S3_PAIR_occ25_f000210.jpg,S3_PAIR_occ25,210,3,atv_sherp+rc_car+truck_peterbilt,ok,ok,human_confirmed,25
S3_PAIR_occ25_f000216.jpg,S3_PAIR_occ25,216,3,atv_sherp+rc_car+truck_peterbilt,ok,ok,model_accepted_bulk,25
S3_PAIR_occ25_f000222.jpg,S3_PAIR_occ25,222,3,atv_sherp+rc_car+truck_peterbilt,ok,ok,model_accepted_bulk,25
S3_PAIR_occ25_f000228.jpg,S3_PAIR_occ25,228,3,atv_sherp+rc_car+truck_peterbilt,ok,ok,model_accepted_bulk,25
S3_PAIR_occ25_f000234.jpg,S3_PAIR_occ25,234,3,atv_sherp+rc_car+truck_peterbilt,ok,ok,model_accepted_bulk,25
S3_PAIR_occ25_f000240.jpg,S3_PAIR_occ25,240,3,atv_sherp+rc_car+truck_peterbilt,ok,ok,model_accepted_bulk,25
S3_PAIR_occ25_f000246.jpg,S3_PAIR_occ25,246,3,atv_sherp+rc_car+truck_peterbilt,ok,ok,model_accepted_bulk,25
S3_PAIR_occ25_f000252.jpg,S3_PAIR_occ25,252,3,atv_sherp+rc_car+truck_peterbilt,ok,ok,human_confirmed,25
S3_PAIR_occ25_f000258.jpg,S3_PAIR_occ25,258,3,atv_sherp+rc_car+truck_peterbilt,ok,ok,model_accepted_bulk,25
S3_PAIR_occ25_f000264.jpg,S3_PAIR_occ25,264,3,atv_sherp+rc_car+truck_peterbilt,ok,ok,model_accepted_bulk,25
S3_PAIR_occ25_f000270.jpg,S3_PAIR_occ25,270,3,atv_sherp+rc_car+truck_peterbilt,ok,ok,model_accepted_bulk,25
S3_PAIR_occ25_f000276.jpg,S3_PAIR_occ25,276,3,atv_sherp+rc_car+truck_peterbilt,ok,ok,model_accepted_bulk,25
S3_PAIR_occ25_f000282.jpg,S3_PAIR_occ25,282,3,atv_sherp+rc_car+truck_peterbilt,ok,ok,model_accepted_bulk,25
S3_PAIR_occ25_f000288.jpg,S3_PAIR_occ25,288,3,atv_sherp+rc_car+truck_peterbilt,ok,ok,model_accepted_bulk,25
S3_PAIR_occ25_f000294.jpg,S3_PAIR_occ25,294,3,atv_sherp+rc_car+truck_peterbilt,ok,ok,human_confirmed,25
S3_PAIR_occ25_f000300.jpg,S3_PAIR_occ25,300,3,atv_sherp+rc_car+truck_peterbilt,ok,ok,model_accepted_bulk,25
S3_PAIR_occ25_f000306.jpg,S3_PAIR_occ25,306,3,atv_sherp+rc_car+truck_peterbilt,ok,ok,model_accepted_bulk,25
S3_PAIR_occ25_f000312.jpg,S3_PAIR_occ25,312,3,atv_sherp+rc_car+truck_peterbilt,ok,ok,model_accepted_bulk,25
S3_PAIR_occ25_f000318.jpg,S3_PAIR_occ25,318,3,atv_sherp+rc_car+truck_peterbilt,ok,ok,model_accepted_bulk,25
S3_PAIR_occ25_f000324.jpg,S3_PAIR_occ25,324,3,atv_sherp+rc_car+truck_peterbilt,ok,ok,model_accepted_bulk,25
S3_PAIR_occ25_f000330.jpg,S3_PAIR_occ25,330,3,atv_sherp+rc_car+truck_peterbilt,ok,ok,model_accepted_bulk,25
S3_PAIR_occ25_f000336.jpg,S3_PAIR_occ25,336,3,atv_sherp+rc_car+truck_peterbilt,ok,ok,human_confirmed,25
S3_PAIR_occ25_f000342.jpg,S3_PAIR_occ25,342,3,atv_sherp+rc_car+truck_peterbilt,ok,ok,model_accepted_bulk,25
S3_PAIR_occ25_f000348.jpg,S3_PAIR_occ25,348,3,atv_sherp+rc_car+truck_peterbilt,ok,ok,model_accepted_bulk,25
S3_PAIR_occ25_f000354.jpg,S3_PAIR_occ25,354,3,atv_sherp+rc_car+truck_peterbilt,ok,ok,model_accepted_bulk,25
S3_PAIR_occ25_f000360.jpg,S3_PAIR_occ25,360,3,atv_sherp+rc_car+truck_peterbilt,ok,ok,model_accepted_bulk,25
S3_PAIR_occ25_f000366.jpg,S3_PAIR_occ25,366,3,atv_sherp+rc_car+truck_peterbilt,ok,ok,model_accepted_bulk,25
S3_PAIR_occ25_f000372.jpg,S3_PAIR_occ25,372,3,atv_sherp+rc_car+truck_peterbilt,ok,ok,model_accepted_bulk,25
S3_PAIR_occ25_f000378.jpg,S3_PAIR_occ25,378,3,atv_sherp+rc_car+truck_peterbilt,ok,ok,human_confirmed,25
S3_PAIR_occ25_f000384.jpg,S3_PAIR_occ25,384,3,atv_sherp+rc_car+truck_peterbilt,ok,ok,model_accepted_bulk,25
S3_PAIR_occ25_f000390.jpg,S3_PAIR_occ25,390,2,atv_sherp+rc_car,ok,ok,human_confirmed,25
S3_PAIR_occ25_f000396.jpg,S3_PAIR_occ25,396,2,atv_sherp+rc_car,ok,ok,human_confirmed,25
S3_PAIR_occ25_f000402.jpg,S3_PAIR_occ25,402,2,atv_sherp+rc_car,ok,ok,human_confirmed,25
S3_PAIR_occ25_f000408.jpg,S3_PAIR_occ25,408,2,atv_sherp+rc_car,ok,ok,human_confirmed,25
S3_PAIR_occ25_f000414.jpg,S3_PAIR_occ25,414,2,atv_sherp+rc_car,ok,ok,human_confirmed,25
S3_PAIR_occ25_f000420.jpg,S3_PAIR_occ25,420,3,atv_sherp+rc_car+truck_peterbilt,ok,ok,human_confirmed,25
S3_PAIR_occ25_f000426.jpg,S3_PAIR_occ25,426,3,atv_sherp+rc_car+truck_peterbilt,ok,ok,model_accepted_bulk,25
S3_PAIR_occ25_f000432.jpg,S3_PAIR_occ25,432,3,atv_sherp+rc_car+truck_peterbilt,ok,ok,model_accepted_bulk,25
S3_PAIR_occ25_f000438.jpg,S3_PAIR_occ25,438,3,atv_sherp+rc_car+truck_peterbilt,ok,ok,model_accepted_bulk,25
S3_PAIR_occ25_f000444.jpg,S3_PAIR_occ25,444,3,atv_sherp+rc_car+truck_peterbilt,ok,ok,model_accepted_bulk,25
S3_PAIR_occ25_f000450.jpg,S3_PAIR_occ25,450,3,atv_sherp+rc_car+truck_peterbilt,ok,ok,model_accepted_bulk,25
S3_PAIR_occ25_f000456.jpg,S3_PAIR_occ25,456,3,atv_sherp+rc_car+truck_peterbilt,ok,ok,model_accepted_bulk,25
S3_PAIR_occ25_f000462.jpg,S3_PAIR_occ25,462,3,atv_sherp+rc_car+truck_peterbilt,ok,ok,human_confirmed,25
S3_PAIR_occ25_f000468.jpg,S3_PAIR_occ25,468,3,atv_sherp+rc_car+truck_peterbilt,ok,ok,model_accepted_bulk,25
S3_PAIR_occ25_f000474.jpg,S3_PAIR_occ25,474,3,atv_sherp+rc_car+truck_peterbilt,ok,ok,model_accepted_bulk,25
S3_PAIR_occ25_f000480.jpg,S3_PAIR_occ25,480,3,atv_sherp+rc_car+truck_peterbilt,ok,ok,model_accepted_bulk,25
S3_PAIR_occ25_f000486.jpg,S3_PAIR_occ25,486,3,atv_sherp+rc_car+truck_peterbilt,ok,ok,human_confirmed,25
S3_PAIR_occ25_f000492.jpg,S3_PAIR_occ25,492,3,atv_sherp+rc_car+truck_peterbilt,ok,ok,model_accepted_bulk,25
S3_PAIR_occ25_f000498.jpg,S3_PAIR_occ25,498,3,atv_sherp+rc_car+truck_peterbilt,ok,ok,model_accepted_bulk,25
S3_PAIR_occ25_f000504.jpg,S3_PAIR_occ25,504,3,atv_sherp+rc_car+truck_peterbilt,ok,ok,human_confirmed,25
S3_PAIR_occ25_f000510.jpg,S3_PAIR_occ25,510,3,atv_sherp+rc_car+truck_peterbilt,ok,ok,model_accepted_bulk,25
S3_PAIR_occ25_f000516.jpg,S3_PAIR_occ25,516,3,atv_sherp+rc_car+truck_peterbilt,ok,ok,model_accepted_bulk,25
S3_PAIR_occ25_f000522.jpg,S3_PAIR_occ25,522,3,atv_sherp+rc_car+truck_peterbilt,ok,ok,model_accepted_bulk,25
S3_PAIR_occ25_f000528.jpg,S3_PAIR_occ25,528,3,atv_sherp+rc_car+truck_peterbilt,ok,ok,model_accepted_bulk,25
S3_PAIR_occ25_f000534.jpg,S3_PAIR_occ25,534,3,atv_sherp+rc_car+truck_peterbilt,ok,ok,model_accepted_bulk,25
S3_PAIR_occ25_f000540.jpg,S3_PAIR_occ25,540,3,atv_sherp+rc_car+truck_peterbilt,ok,ok,model_accepted_bulk,25
S3_PAIR_occ25_f000546.jpg,S3_PAIR_occ25,546,3,atv_sherp+rc_car+truck_peterbilt,ok,ok,human_confirmed,25
S3_PAIR_occ25_f000552.jpg,S3_PAIR_occ25,552,3,atv_sherp+rc_car+truck_peterbilt,ok,ok,model_accepted_bulk,25
S3_PAIR_occ25_f000558.jpg,S3_PAIR_occ25,558,3,atv_sherp+rc_car+truck_peterbilt,ok,ok,model_accepted_bulk,25
S3_PAIR_occ25_f000564.jpg,S3_PAIR_occ25,564,3,atv_sherp+rc_car+truck_peterbilt,ok,ok,model_accepted_bulk,25
S3_PAIR_occ25_f000570.jpg,S3_PAIR_occ25,570,3,atv_sherp+rc_car+truck_peterbilt,ok,ok,human_confirmed,25
S3_PAIR_occ25_f000576.jpg,S3_PAIR_occ25,576,3,atv_sherp+rc_car+truck_peterbilt,ok,ok,human_confirmed,25
S3_PAIR_occ25_f000582.jpg,S3_PAIR_occ25,582,3,atv_sherp+rc_car+truck_peterbilt,ok,ok,human_confirmed,25
S3_PAIR_occ25_f000588.jpg,S3_PAIR_occ25,588,3,atv_sherp+rc_car+truck_peterbilt,ok,ok,human_confirmed,25
S3_PAIR_occ25_f000594.jpg,S3_PAIR_occ25,594,3,atv_sherp+rc_car+truck_peterbilt,ok,ok,human_confirmed,25
S3_PAIR_occ25_f000600.jpg,S3_PAIR_occ25,600,3,atv_sherp+rc_car+truck_peterbilt,ok,ok,model_accepted_bulk,25
S3_PAIR_occ25_f000606.jpg,S3_PAIR_occ25,606,3,atv_sherp+rc_car+truck_peterbilt,ok,ok,human_confirmed,25
S3_PAIR_occ25_f000612.jpg,S3_PAIR_occ25,612,3,atv_sherp+rc_car+truck_peterbilt,ok,ok,human_confirmed,25
S3_PAIR_occ25_f000618.jpg,S3_PAIR_occ25,618,3,atv_sherp+rc_car+truck_peterbilt,ok,ok,human_confirmed,25
S3_PAIR_occ25_f000624.jpg,S3_PAIR_occ25,624,3,atv_sherp+rc_car+truck_peterbilt,ok,ok,model_accepted_bulk,25
S3_PAIR_occ25_f000630.jpg,S3_PAIR_occ25,630,3,atv_sherp+rc_car+truck_peterbilt,ok,ok,human_confirmed,25
S3_PAIR_occ25_f000636.jpg,S3_PAIR_occ25,636,3,atv_sherp+rc_car+truck_peterbilt,ok,ok,model_accepted_bulk,25
S3_PAIR_occ25_f000642.jpg,S3_PAIR_occ25,642,3,atv_sherp+rc_car+truck_peterbilt,ok,ok,model_accepted_bulk,25
S3_PAIR_occ25_f000648.jpg,S3_PAIR_occ25,648,3,atv_sherp+rc_car+truck_peterbilt,ok,ok,human_confirmed,25
S3_PAIR_occ25_f000654.jpg,S3_PAIR_occ25,654,3,atv_sherp+rc_car+truck_peterbilt,ok,ok,human_confirmed,25
S3_PAIR_occ25_f000660.jpg,S3_PAIR_occ25,660,3,atv_sherp+rc_car+truck_peterbilt,ok,ok,human_confirmed,25
S3_PAIR_occ25_f000666.jpg,S3_PAIR_occ25,666,3,atv_sherp+rc_car+truck_peterbilt,ok,ok,human_confirmed,25
S3_PAIR_occ25_f000672.jpg,S3_PAIR_occ25,672,3,atv_sherp+rc_car+truck_peterbilt,ok,ok,human_confirmed,25
S3_PAIR_occ25_f000678.jpg,S3_PAIR_occ25,678,3,atv_sherp+rc_car+truck_peterbilt,ok,ok,human_confirmed,25
S3_PAIR_occ25_f000684.jpg,S3_PAIR_occ25,684,3,atv_sherp+rc_car+truck_peterbilt,ok,ok,model_accepted_bulk,25
S3_PAIR_occ25_f000690.jpg,S3_PAIR_occ25,690,3,atv_sherp+rc_car+truck_peterbilt,ok,ok,model_accepted_bulk,25
S3_PAIR_occ25_f000696.jpg,S3_PAIR_occ25,696,3,atv_sherp+rc_car+truck_peterbilt,ok,ok,model_accepted_bulk,25
S3_PAIR_occ25_f000702.jpg,S3_PAIR_occ25,702,3,atv_sherp+rc_car+truck_peterbilt,ok,ok,model_accepted_bulk,25
S3_PAIR_occ25_f000708.jpg,S3_PAIR_occ25,708,3,atv_sherp+rc_car+truck_peterbilt,ok,ok,model_accepted_bulk,25
S3_PAIR_occ25_f000714.jpg,S3_PAIR_occ25,714,3,atv_sherp+rc_car+truck_peterbilt,ok,ok,human_confirmed,25
S3_PAIR_occ25_f000720.jpg,S3_PAIR_occ25,720,3,atv_sherp+rc_car+truck_peterbilt,ok,ok,human_confirmed,25
S3_PAIR_occ25_f000726.jpg,S3_PAIR_occ25,726,3,atv_sherp+rc_car+truck_peterbilt,ok,ok,human_confirmed,25
S3_PAIR_occ25_f000732.jpg,S3_PAIR_occ25,732,3,atv_sherp+rc_car+truck_peterbilt,ok,ok,model_accepted_bulk,25
S3_PAIR_occ25_f000738.jpg,S3_PAIR_occ25,738,3,atv_sherp+rc_car+truck_peterbilt,ok,ok,model_accepted_bulk,25
S3_PAIR_occ25_f000744.jpg,S3_PAIR_occ25,744,3,atv_sherp+rc_car+truck_peterbilt,ok,ok,model_accepted_bulk,25
S3_PAIR_occ25_f000750.jpg,S3_PAIR_occ25,750,3,atv_sherp+rc_car+truck_peterbilt,ok,ok,model_accepted_bulk,25
S3_PAIR_occ25_f000756.jpg,S3_PAIR_occ25,756,3,atv_sherp+rc_car+truck_peterbilt,ok,ok,human_confirmed,25
S3_PAIR_occ25_f000762.jpg,S3_PAIR_occ25,762,3,atv_sherp+rc_car+truck_peterbilt,ok,ok,model_accepted_bulk,25
S3_PAIR_occ25_f000768.jpg,S3_PAIR_occ25,768,3,atv_sherp+rc_car+truck_peterbilt,ok,ok,model_accepted_bulk,25
S3_PAIR_occ25_f000774.jpg,S3_PAIR_occ25,774,3,atv_sherp+rc_car+truck_peterbilt,ok,ok,human_confirmed,25
S3_PAIR_occ25_f000780.jpg,S3_PAIR_occ25,780,3,atv_sherp+rc_car+truck_peterbilt,ok,ok,human_confirmed,25
S3_PAIR_occ25_f000786.jpg,S3_PAIR_occ25,786,3,atv_sherp+rc_car+truck_peterbilt,ok,ok,human_confirmed,25
S3_PAIR_occ25_f000792.jpg,S3_PAIR_occ25,792,3,atv_sherp+rc_car+truck_peterbilt,ok,ok,human_confirmed,25
S3_PAIR_occ25_f000798.jpg,S3_PAIR_occ25,798,3,atv_sherp+rc_car+truck_peterbilt,ok,ok,human_confirmed,25
S3_PAIR_occ25_f000804.jpg,S3_PAIR_occ25,804,3,atv_sherp+rc_car+truck_peterbilt,ok,ok,human_confirmed,25
S3_PAIR_occ25_f000810.jpg,S3_PAIR_occ25,810,3,atv_sherp+rc_car+truck_peterbilt,ok,ok,model_accepted_bulk,25
S3_PAIR_occ25_f000816.jpg,S3_PAIR_occ25,816,3,atv_sherp+rc_car+truck_peterbilt,ok,ok,human_confirmed,25
S3_PAIR_occ25_f000822.jpg,S3_PAIR_occ25,822,3,atv_sherp+rc_car+truck_peterbilt,ok,ok,model_accepted_bulk,25
S3_PAIR_occ25_f000828.jpg,S3_PAIR_occ25,828,3,atv_sherp+rc_car+truck_peterbilt,ok,ok,model_accepted_bulk,25
S3_PAIR_occ25_f000834.jpg,S3_PAIR_occ25,834,3,atv_sherp+rc_car+truck_peterbilt,ok,ok,human_confirmed,25
S3_PAIR_occ25_f000840.jpg,S3_PAIR_occ25,840,3,atv_sherp+rc_car+truck_peterbilt,ok,ok,human_confirmed,25
S3_PAIR_occ25_f000846.jpg,S3_PAIR_occ25,846,3,atv_sherp+rc_car+truck_peterbilt,ok,ok,human_confirmed,25
S3_PAIR_occ25_f000852.jpg,S3_PAIR_occ25,852,3,atv_sherp+rc_car+truck_peterbilt,ok,ok,human_confirmed,25
S3_PAIR_occ25_f000858.jpg,S3_PAIR_occ25,858,3,atv_sherp+rc_car+truck_peterbilt,ok,ok,human_confirmed,25
S3_PAIR_occ25_f000864.jpg,S3_PAIR_occ25,864,3,atv_sherp+rc_car+truck_peterbilt,ok,ok,human_confirmed,25
S3_PAIR_occ25_f000870.jpg,S3_PAIR_occ25,870,3,atv_sherp+rc_car+truck_peterbilt,ok,ok,human_confirmed,25
S3_PAIR_occ25_f000876.jpg,S3_PAIR_occ25,876,3,atv_sherp+rc_car+truck_peterbilt,ok,ok,model_accepted_bulk,25
S3_PAIR_occ25_f000882.jpg,S3_PAIR_occ25,882,3,atv_sherp+rc_car+truck_peterbilt,ok,ok,human_confirmed,25
S3_PAIR_occ25_f000888.jpg,S3_PAIR_occ25,888,2,atv_sherp+rc_car,ok,ok,human_confirmed,25
S3_PAIR_occ25_f000894.jpg,S3_PAIR_occ25,894,1,rc_car,ok,ok,human_confirmed,25
S3_PAIR_occ25_f000900.jpg,S3_PAIR_occ25,900,1,rc_car,ok,ok,human_confirmed,25
S3_PAIR_occ25_f000906.jpg,S3_PAIR_occ25,906,1,rc_car,ok,ok,human_confirmed,25
S3_PAIR_occ25_f000912.jpg,S3_PAIR_occ25,912,1,rc_car,ok,ok,human_confirmed,25
S3_PAIR_occ25_f000918.jpg,S3_PAIR_occ25,918,2,atv_sherp+rc_car,ok,ok,human_confirmed,25
S3_PAIR_occ25_f000924.jpg,S3_PAIR_occ25,924,2,atv_sherp+rc_car,ok,ok,human_confirmed,25
S3_PAIR_occ25_f000930.jpg,S3_PAIR_occ25,930,2,atv_sherp+rc_car,ok,ok,human_confirmed,25
S3_PAIR_occ25_f000936.jpg,S3_PAIR_occ25,936,2,atv_sherp+rc_car,ok,ok,human_confirmed,25
S3_PAIR_occ25_f000942.jpg,S3_PAIR_occ25,942,3,atv_sherp+rc_car+truck_peterbilt,ok,ok,human_confirmed,25
S3_PAIR_occ25_f000948.jpg,S3_PAIR_occ25,948,3,atv_sherp+rc_car+truck_peterbilt,ok,ok,model_accepted_bulk,25
S3_PAIR_occ25_f000954.jpg,S3_PAIR_occ25,954,3,atv_sherp+rc_car+truck_peterbilt,ok,ok,model_accepted_bulk,25
S3_PAIR_occ25_f000960.jpg,S3_PAIR_occ25,960,3,atv_sherp+rc_car+truck_peterbilt,ok,ok,model_accepted_bulk,25
S3_PAIR_occ25_f000966.jpg,S3_PAIR_occ25,966,3,atv_sherp+rc_car+truck_peterbilt,ok,ok,human_confirmed,25
S3_PAIR_occ25_f000972.jpg,S3_PAIR_occ25,972,3,atv_sherp+rc_car+truck_peterbilt,ok,ok,model_accepted_bulk,25
S3_PAIR_occ25_f000978.jpg,S3_PAIR_occ25,978,3,atv_sherp+rc_car+truck_peterbilt,ok,ok,model_accepted_bulk,25
S3_PAIR_occ25_f000984.jpg,S3_PAIR_occ25,984,3,atv_sherp+rc_car+truck_peterbilt,ok,ok,model_accepted_bulk,25
S3_PAIR_occ25_f000990.jpg,S3_PAIR_occ25,990,3,atv_sherp+rc_car+truck_peterbilt,ok,ok,model_accepted_bulk,25
S3_PAIR_occ25_f000996.jpg,S3_PAIR_occ25,996,3,atv_sherp+rc_car+truck_peterbilt,ok,ok,model_accepted_bulk,25
S3_PAIR_occ25_f001002.jpg,S3_PAIR_occ25,1002,3,atv_sherp+rc_car+truck_peterbilt,ok,ok,model_accepted_bulk,25
S3_PAIR_occ25_f001008.jpg,S3_PAIR_occ25,1008,3,atv_sherp+rc_car+truck_peterbilt,ok,ok,human_confirmed,25
S3_PAIR_occ25_f001014.jpg,S3_PAIR_occ25,1014,3,atv_sherp+rc_car+truck_peterbilt,ok,ok,model_accepted_bulk,25
S3_PAIR_occ25_f001020.jpg,S3_PAIR_occ25,1020,3,atv_sherp+rc_car+truck_peterbilt,ok,ok,model_accepted_bulk,25
S3_PAIR_occ25_f001026.jpg,S3_PAIR_occ25,1026,3,atv_sherp+rc_car+truck_peterbilt,ok,ok,model_accepted_bulk,25
S3_PAIR_occ25_f001032.jpg,S3_PAIR_occ25,1032,3,atv_sherp+rc_car+truck_peterbilt,ok,ok,model_accepted_bulk,25
S3_PAIR_occ25_f001038.jpg,S3_PAIR_occ25,1038,3,atv_sherp+rc_car+truck_peterbilt,ok,ok,model_accepted_bulk,25
S3_PAIR_occ25_f001044.jpg,S3_PAIR_occ25,1044,3,atv_sherp+rc_car+truck_peterbilt,ok,ok,model_accepted_bulk,25
S3_PAIR_occ25_f001050.jpg,S3_PAIR_occ25,1050,3,atv_sherp+rc_car+truck_peterbilt,ok,ok,human_confirmed,25
S3_PAIR_occ25_f001056.jpg,S3_PAIR_occ25,1056,3,atv_sherp+rc_car+truck_peterbilt,ok,ok,model_accepted_bulk,25
S3_PAIR_occ25_f001062.jpg,S3_PAIR_occ25,1062,3,atv_sherp+rc_car+truck_peterbilt,ok,ok,model_accepted_bulk,25
S3_PAIR_occ25_f001068.jpg,S3_PAIR_occ25,1068,3,atv_sherp+rc_car+truck_peterbilt,ok,ok,model_accepted_bulk,25
S3_PAIR_occ25_f001074.jpg,S3_PAIR_occ25,1074,3,atv_sherp+rc_car+truck_peterbilt,ok,ok,model_accepted_bulk,25
S3_PAIR_occ25_f001080.jpg,S3_PAIR_occ25,1080,3,atv_sherp+rc_car+truck_peterbilt,ok,ok,human_confirmed,25
S3_PAIR_occ25_f001086.jpg,S3_PAIR_occ25,1086,3,atv_sherp+rc_car+truck_peterbilt,ok,ok,human_confirmed,25
S3_PAIR_occ25_f001092.jpg,S3_PAIR_occ25,1092,3,atv_sherp+rc_car+truck_peterbilt,ok,ok,human_confirmed,25
S3_PAIR_occ25_f001098.jpg,S3_PAIR_occ25,1098,3,atv_sherp+rc_car+truck_peterbilt,ok,ok,model_accepted_bulk,25
S3_PAIR_occ25_f001104.jpg,S3_PAIR_occ25,1104,3,atv_sherp+rc_car+truck_peterbilt,ok,ok,model_accepted_bulk,25
S3_PAIR_occ25_f001110.jpg,S3_PAIR_occ25,1110,3,atv_sherp+rc_car+truck_peterbilt,ok,ok,model_accepted_bulk,25
S3_PAIR_occ25_f001116.jpg,S3_PAIR_occ25,1116,3,atv_sherp+rc_car+truck_peterbilt,ok,ok,model_accepted_bulk,25
S3_PAIR_occ25_f001122.jpg,S3_PAIR_occ25,1122,3,atv_sherp+rc_car+truck_peterbilt,ok,ok,model_accepted_bulk,25
S3_PAIR_occ25_f001128.jpg,S3_PAIR_occ25,1128,3,atv_sherp+rc_car+truck_peterbilt,ok,ok,model_accepted_bulk,25
S3_PAIR_occ25_f001134.jpg,S3_PAIR_occ25,1134,3,atv_sherp+rc_car+truck_peterbilt,ok,ok,human_confirmed,25
S3_PAIR_occ25_f001140.jpg,S3_PAIR_occ25,1140,3,atv_sherp+rc_car+truck_peterbilt,ok,ok,model_accepted_bulk,25
S3_PAIR_occ25_f001146.jpg,S3_PAIR_occ25,1146,3,atv_sherp+rc_car+truck_peterbilt,ok,ok,model_accepted_bulk,25
S3_PAIR_occ25_f001152.jpg,S3_PAIR_occ25,1152,3,atv_sherp+rc_car+truck_peterbilt,ok,ok,model_accepted_bulk,25
S3_PAIR_occ25_f001158.jpg,S3_PAIR_occ25,1158,3,atv_sherp+rc_car+truck_peterbilt,ok,ok,human_confirmed,25
S3_PAIR_occ25_f001164.jpg,S3_PAIR_occ25,1164,3,atv_sherp+rc_car+truck_peterbilt,ok,ok,model_accepted_bulk,25
S3_PAIR_occ25_f001170.jpg,S3_PAIR_occ25,1170,3,atv_sherp+rc_car+truck_peterbilt,ok,ok,model_accepted_bulk,25
S3_PAIR_occ25_f001176.jpg,S3_PAIR_occ25,1176,3,atv_sherp+rc_car+truck_peterbilt,ok,ok,human_confirmed,25
S3_PAIR_occ25_f001182.jpg,S3_PAIR_occ25,1182,3,atv_sherp+rc_car+truck_peterbilt,ok,ok,model_accepted_bulk,25
S3_PAIR_occ25_f001188.jpg,S3_PAIR_occ25,1188,3,atv_sherp+rc_car+truck_peterbilt,ok,ok,model_accepted_bulk,25
S3_PAIR_occ25_f001194.jpg,S3_PAIR_occ25,1194,3,atv_sherp+rc_car+truck_peterbilt,ok,ok,model_accepted_bulk,25
S3_PAIR_occ25_f001200.jpg,S3_PAIR_occ25,1200,3,atv_sherp+rc_car+truck_peterbilt,ok,ok,model_accepted_bulk,25
S3_PAIR_occ25_f001206.jpg,S3_PAIR_occ25,1206,3,atv_sherp+rc_car+truck_peterbilt,ok,ok,model_accepted_bulk,25
S3_PAIR_occ25_f001212.jpg,S3_PAIR_occ25,1212,3,atv_sherp+rc_car+truck_peterbilt,ok,ok,human_confirmed,25
S3_PAIR_occ25_f001218.jpg,S3_PAIR_occ25,1218,3,atv_sherp+rc_car+truck_peterbilt,ok,ok,human_confirmed,25
S3_PAIR_occ25_f001224.jpg,S3_PAIR_occ25,1224,3,atv_sherp+rc_car+truck_peterbilt,ok,ok,human_confirmed,25
S3_PAIR_occ25_f001230.jpg,S3_PAIR_occ25,1230,3,atv_sherp+rc_car+truck_peterbilt,ok,ok,model_accepted_bulk,25
S3_PAIR_occ25_f001236.jpg,S3_PAIR_occ25,1236,3,atv_sherp+rc_car+truck_peterbilt,ok,ok,model_accepted_bulk,25
S3_PAIR_occ25_f001242.jpg,S3_PAIR_occ25,1242,3,atv_sherp+rc_car+truck_peterbilt,ok,ok,model_accepted_bulk,25
S3_PAIR_occ25_f001248.jpg,S3_PAIR_occ25,1248,3,atv_sherp+rc_car+truck_peterbilt,ok,ok,model_accepted_bulk,25
S3_PAIR_occ25_f001254.jpg,S3_PAIR_occ25,1254,3,atv_sherp+rc_car+truck_peterbilt,ok,ok,model_accepted_bulk,25
S3_PAIR_occ25_f001260.jpg,S3_PAIR_occ25,1260,3,atv_sherp+rc_car+truck_peterbilt,ok,ok,model_accepted_bulk,25
S3_PAIR_occ25_f001266.jpg,S3_PAIR_occ25,1266,3,atv_sherp+rc_car+truck_peterbilt,ok,ok,model_accepted_bulk,25
S3_PAIR_occ25_f001272.jpg,S3_PAIR_occ25,1272,3,atv_sherp+rc_car+truck_peterbilt,ok,ok,model_accepted_bulk,25
S3_PAIR_occ25_f001278.jpg,S3_PAIR_occ25,1278,3,atv_sherp+rc_car+truck_peterbilt,ok,ok,model_accepted_bulk,25
S3_PAIR_occ25_f001284.jpg,S3_PAIR_occ25,1284,3,atv_sherp+rc_car+truck_peterbilt,ok,ok,model_accepted_bulk,25
S3_PAIR_occ25_f001290.jpg,S3_PAIR_occ25,1290,3,atv_sherp+rc_car+truck_peterbilt,ok,ok,model_accepted_bulk,25
S3_PAIR_occ25_f001296.jpg,S3_PAIR_occ25,1296,3,atv_sherp+rc_car+truck_peterbilt,ok,ok,model_accepted_bulk,25
S3_PAIR_occ25_f001302.jpg,S3_PAIR_occ25,1302,3,atv_sherp+rc_car+truck_peterbilt,ok,ok,model_accepted_bulk,25
S3_PAIR_occ25_f001308.jpg,S3_PAIR_occ25,1308,3,atv_sherp+rc_car+truck_peterbilt,ok,ok,model_accepted_bulk,25
S3_PAIR_occ25_f001314.jpg,S3_PAIR_occ25,1314,3,atv_sherp+rc_car+truck_peterbilt,ok,ok,model_accepted_bulk,25
S3_PAIR_occ25_f001320.jpg,S3_PAIR_occ25,1320,3,atv_sherp+rc_car+truck_peterbilt,ok,ok,human_confirmed,25
S3_PAIR_occ25_f001326.jpg,S3_PAIR_occ25,1326,3,atv_sherp+rc_car+truck_peterbilt,ok,ok,model_accepted_bulk,25
S3_PAIR_occ25_f001332.jpg,S3_PAIR_occ25,1332,3,atv_sherp+rc_car+truck_peterbilt,ok,ok,model_accepted_bulk,25
S3_PAIR_occ25_f001338.jpg,S3_PAIR_occ25,1338,3,atv_sherp+rc_car+truck_peterbilt,ok,ok,model_accepted_bulk,25
S3_PAIR_occ25_f001344.jpg,S3_PAIR_occ25,1344,3,atv_sherp+rc_car+truck_peterbilt,ok,ok,model_accepted_bulk,25
S3_PAIR_occ25_f001350.jpg,S3_PAIR_occ25,1350,3,atv_sherp+rc_car+truck_peterbilt,ok,ok,model_accepted_bulk,25
S3_PAIR_occ25_f001356.jpg,S3_PAIR_occ25,1356,3,atv_sherp+rc_car+truck_peterbilt,ok,ok,model_accepted_bulk,25
S3_multitarget_a_f000000.jpg,S3_multitarget_a,0,3,atv_sherp+rc_car+truck_peterbilt,ok,ok,human_confirmed,
S3_multitarget_a_f000005.jpg,S3_multitarget_a,5,3,atv_sherp+rc_car+truck_peterbilt,ok,ok,model_accepted_bulk,
S3_multitarget_a_f000010.jpg,S3_multitarget_a,10,3,atv_sherp+rc_car+truck_peterbilt,ok,ok,model_accepted_bulk,
S3_multitarget_a_f000015.jpg,S3_multitarget_a,15,3,atv_sherp+rc_car+truck_peterbilt,ok,ok,model_accepted_bulk,
S3_multitarget_a_f000020.jpg,S3_multitarget_a,20,3,atv_sherp+rc_car+truck_peterbilt,ok,ok,model_accepted_bulk,
S3_multitarget_a_f000025.jpg,S3_multitarget_a,25,3,atv_sherp+rc_car+truck_peterbilt,ok,ok,human_confirmed,
S3_multitarget_a_f000030.jpg,S3_multitarget_a,30,3,atv_sherp+rc_car+truck_peterbilt,ok,ok,model_accepted_bulk,
S3_multitarget_a_f000035.jpg,S3_multitarget_a,35,3,atv_sherp+rc_car+truck_peterbilt,ok,ok,model_accepted_bulk,
S3_multitarget_a_f000040.jpg,S3_multitarget_a,40,3,atv_sherp+rc_car+truck_peterbilt,ok,ok,model_accepted_bulk,
S3_multitarget_a_f000045.jpg,S3_multitarget_a,45,3,atv_sherp+rc_car+truck_peterbilt,ok,ok,model_accepted_bulk,
S3_multitarget_a_f000050.jpg,S3_multitarget_a,50,3,atv_sherp+rc_car+truck_peterbilt,ok,ok,human_confirmed,
S3_multitarget_a_f000055.jpg,S3_multitarget_a,55,3,atv_sherp+rc_car+truck_peterbilt,ok,ok,model_accepted_bulk,
S3_multitarget_a_f000060.jpg,S3_multitarget_a,60,3,atv_sherp+rc_car+truck_peterbilt,ok,ok,model_accepted_bulk,
S3_multitarget_a_f000065.jpg,S3_multitarget_a,65,3,atv_sherp+rc_car+truck_peterbilt,ok,ok,model_accepted_bulk,
S3_multitarget_a_f000070.jpg,S3_multitarget_a,70,3,atv_sherp+rc_car+truck_peterbilt,ok,ok,model_accepted_bulk,
S3_multitarget_a_f000075.jpg,S3_multitarget_a,75,3,atv_sherp+rc_car+truck_peterbilt,ok,ok,human_confirmed,
S3_multitarget_a_f000080.jpg,S3_multitarget_a,80,3,atv_sherp+rc_car+truck_peterbilt,ok,ok,model_accepted_bulk,
S3_multitarget_a_f000085.jpg,S3_multitarget_a,85,3,atv_sherp+rc_car+truck_peterbilt,ok,ok,model_accepted_bulk,
S3_multitarget_a_f000090.jpg,S3_multitarget_a,90,3,atv_sherp+rc_car+truck_peterbilt,ok,ok,model_accepted_bulk,
S3_multitarget_a_f000095.jpg,S3_multitarget_a,95,3,atv_sherp+rc_car+truck_peterbilt,ok,ok,model_accepted_bulk,
S3_multitarget_a_f000100.jpg,S3_multitarget_a,100,3,atv_sherp+rc_car+truck_peterbilt,ok,ok,human_confirmed,
S3_multitarget_a_f000105.jpg,S3_multitarget_a,105,3,atv_sherp+rc_car+truck_peterbilt,ok,ok,model_accepted_bulk,
S3_multitarget_a_f000110.jpg,S3_multitarget_a,110,3,atv_sherp+rc_car+truck_peterbilt,ok,ok,model_accepted_bulk,
S3_multitarget_a_f000115.jpg,S3_multitarget_a,115,3,atv_sherp+rc_car+truck_peterbilt,ok,ok,model_accepted_bulk,
S3_multitarget_a_f000120.jpg,S3_multitarget_a,120,3,atv_sherp+rc_car+truck_peterbilt,ok,ok,model_accepted_bulk,
S3_multitarget_a_f000125.jpg,S3_multitarget_a,125,3,atv_sherp+rc_car+truck_peterbilt,ok,ok,human_confirmed,
S3_multitarget_a_f000130.jpg,S3_multitarget_a,130,3,atv_sherp+rc_car+truck_peterbilt,ok,ok,model_accepted_bulk,
S3_multitarget_a_f000135.jpg,S3_multitarget_a,135,3,atv_sherp+rc_car+truck_peterbilt,ok,ok,model_accepted_bulk,
S3_multitarget_a_f000140.jpg,S3_multitarget_a,140,3,atv_sherp+rc_car+truck_peterbilt,ok,ok,model_accepted_bulk,
S3_multitarget_a_f000145.jpg,S3_multitarget_a,145,3,atv_sherp+rc_car+truck_peterbilt,ok,ok,model_accepted_bulk,
S3_multitarget_a_f000150.jpg,S3_multitarget_a,150,3,atv_sherp+rc_car+truck_peterbilt,ok,ok,human_confirmed,
S3_multitarget_a_f000155.jpg,S3_multitarget_a,155,3,atv_sherp+rc_car+truck_peterbilt,ok,ok,model_accepted_bulk,
S3_multitarget_a_f000160.jpg,S3_multitarget_a,160,3,atv_sherp+rc_car+truck_peterbilt,ok,ok,model_accepted_bulk,
S3_multitarget_a_f000165.jpg,S3_multitarget_a,165,3,atv_sherp+rc_car+truck_peterbilt,ok,ok,model_accepted_bulk,
S3_multitarget_a_f000170.jpg,S3_multitarget_a,170,3,atv_sherp+rc_car+truck_peterbilt,ok,ok,model_accepted_bulk,
S3_multitarget_a_f000175.jpg,S3_multitarget_a,175,3,atv_sherp+rc_car+truck_peterbilt,ok,ok,human_confirmed,
S3_multitarget_a_f000180.jpg,S3_multitarget_a,180,3,atv_sherp+rc_car+truck_peterbilt,ok,ok,model_accepted_bulk,
S3_multitarget_a_f000185.jpg,S3_multitarget_a,185,3,atv_sherp+rc_car+truck_peterbilt,ok,ok,model_accepted_bulk,
S3_multitarget_a_f000190.jpg,S3_multitarget_a,190,3,atv_sherp+rc_car+truck_peterbilt,ok,ok,model_accepted_bulk,
S3_multitarget_a_f000195.jpg,S3_multitarget_a,195,3,atv_sherp+rc_car+truck_peterbilt,ok,ok,model_accepted_bulk,
S3_multitarget_a_f000200.jpg,S3_multitarget_a,200,3,atv_sherp+rc_car+truck_peterbilt,ok,ok,human_confirmed,
S3_multitarget_a_f000205.jpg,S3_multitarget_a,205,3,atv_sherp+rc_car+truck_peterbilt,ok,ok,model_accepted_bulk,
S3_multitarget_a_f000210.jpg,S3_multitarget_a,210,3,atv_sherp+rc_car+truck_peterbilt,ok,ok,model_accepted_bulk,
S3_multitarget_a_f000215.jpg,S3_multitarget_a,215,3,atv_sherp+rc_car+truck_peterbilt,ok,ok,model_accepted_bulk,
S3_multitarget_a_f000220.jpg,S3_multitarget_a,220,3,atv_sherp+rc_car+truck_peterbilt,ok,ok,model_accepted_bulk,
S3_multitarget_a_f000225.jpg,S3_multitarget_a,225,3,atv_sherp+rc_car+truck_peterbilt,ok,ok,human_confirmed,
S3_multitarget_a_f000230.jpg,S3_multitarget_a,230,3,atv_sherp+rc_car+truck_peterbilt,ok,ok,model_accepted_bulk,
S3_multitarget_a_f000235.jpg,S3_multitarget_a,235,3,atv_sherp+rc_car+truck_peterbilt,ok,ok,model_accepted_bulk,
S3_multitarget_a_f000240.jpg,S3_multitarget_a,240,3,atv_sherp+rc_car+truck_peterbilt,ok,ok,model_accepted_bulk,
S3_multitarget_a_f000245.jpg,S3_multitarget_a,245,3,atv_sherp+rc_car+truck_peterbilt,ok,ok,human_confirmed,
S3_multitarget_a_f000250.jpg,S3_multitarget_a,250,3,atv_sherp+rc_car+truck_peterbilt,ok,ok,human_confirmed,
S3_multitarget_a_f000255.jpg,S3_multitarget_a,255,3,atv_sherp+rc_car+truck_peterbilt,ok,ok,human_confirmed,
S3_multitarget_a_f000260.jpg,S3_multitarget_a,260,3,atv_sherp+rc_car+truck_peterbilt,ok,ok,human_confirmed,
S3_multitarget_a_f000265.jpg,S3_multitarget_a,265,3,atv_sherp+rc_car+truck_peterbilt,ok,ok,human_confirmed,
S3_multitarget_a_f000270.jpg,S3_multitarget_a,270,3,atv_sherp+rc_car+truck_peterbilt,ok,ok,human_confirmed,
S3_multitarget_a_f000275.jpg,S3_multitarget_a,275,3,atv_sherp+rc_car+truck_peterbilt,ok,ok,human_confirmed,
S3_multitarget_a_f000280.jpg,S3_multitarget_a,280,3,atv_sherp+rc_car+truck_peterbilt,ok,ok,human_confirmed,
S3_multitarget_a_f000285.jpg,S3_multitarget_a,285,3,atv_sherp+rc_car+truck_peterbilt,ok,ok,human_confirmed,
S3_multitarget_a_f000290.jpg,S3_multitarget_a,290,3,atv_sherp+rc_car+truck_peterbilt,ok,ok,human_confirmed,
S3_multitarget_a_f000295.jpg,S3_multitarget_a,295,3,atv_sherp+rc_car+truck_peterbilt,ok,ok,human_confirmed,
S3_multitarget_a_f000300.jpg,S3_multitarget_a,300,3,atv_sherp+rc_car+truck_peterbilt,ok,ok,human_confirmed,
S3_multitarget_a_f000305.jpg,S3_multitarget_a,305,3,atv_sherp+rc_car+truck_peterbilt,ok,ok,human_confirmed,
S3_multitarget_a_f000310.jpg,S3_multitarget_a,310,3,atv_sherp+rc_car+truck_peterbilt,ok,ok,human_confirmed,
S3_multitarget_a_f000315.jpg,S3_multitarget_a,315,3,atv_sherp+rc_car+truck_peterbilt,ok,ok,human_confirmed,
S3_multitarget_a_f000320.jpg,S3_multitarget_a,320,3,atv_sherp+rc_car+truck_peterbilt,ok,ok,model_accepted_bulk,
S3_multitarget_a_f000325.jpg,S3_multitarget_a,325,3,atv_sherp+rc_car+truck_peterbilt,ok,ok,human_confirmed,
S3_multitarget_a_f000330.jpg,S3_multitarget_a,330,3,atv_sherp+rc_car+truck_peterbilt,ok,ok,model_accepted_bulk,
S3_multitarget_a_f000335.jpg,S3_multitarget_a,335,3,atv_sherp+rc_car+truck_peterbilt,ok,ok,human_confirmed,
S3_multitarget_a_f000340.jpg,S3_multitarget_a,340,3,atv_sherp+rc_car+truck_peterbilt,ok,ok,model_accepted_bulk,
S3_multitarget_a_f000345.jpg,S3_multitarget_a,345,3,atv_sherp+rc_car+truck_peterbilt,ok,ok,human_confirmed,
S3_multitarget_a_f000350.jpg,S3_multitarget_a,350,3,atv_sherp+rc_car+truck_peterbilt,ok,ok,human_confirmed,
S3_multitarget_a_f000355.jpg,S3_multitarget_a,355,3,atv_sherp+rc_car+truck_peterbilt,ok,ok,human_confirmed,
S3_multitarget_a_f000360.jpg,S3_multitarget_a,360,3,atv_sherp+rc_car+truck_peterbilt,ok,ok,human_confirmed,
S3_multitarget_a_f000365.jpg,S3_multitarget_a,365,3,atv_sherp+rc_car+truck_peterbilt,ok,ok,human_confirmed,
S3_multitarget_a_f000370.jpg,S3_multitarget_a,370,3,atv_sherp+rc_car+truck_peterbilt,ok,ok,human_confirmed,
S3_multitarget_a_f000375.jpg,S3_multitarget_a,375,3,atv_sherp+rc_car+truck_peterbilt,ok,ok,human_confirmed,
S3_multitarget_a_f000380.jpg,S3_multitarget_a,380,3,atv_sherp+rc_car+truck_peterbilt,ok,ok,human_confirmed,
S3_multitarget_a_f000385.jpg,S3_multitarget_a,385,3,atv_sherp+rc_car+truck_peterbilt,ok,ok,human_confirmed,
S3_multitarget_a_f000390.jpg,S3_multitarget_a,390,3,atv_sherp+rc_car+truck_peterbilt,ok,ok,human_confirmed,
S3_multitarget_a_f000395.jpg,S3_multitarget_a,395,3,atv_sherp+rc_car+truck_peterbilt,ok,ok,human_confirmed,
S3_multitarget_a_f000400.jpg,S3_multitarget_a,400,3,atv_sherp+rc_car+truck_peterbilt,ok,ok,human_confirmed,
S3_multitarget_a_f000405.jpg,S3_multitarget_a,405,3,atv_sherp+rc_car+truck_peterbilt,ok,ok,human_confirmed,
S3_multitarget_a_f000410.jpg,S3_multitarget_a,410,3,atv_sherp+rc_car+truck_peterbilt,ok,ok,human_confirmed,
S3_multitarget_a_f000415.jpg,S3_multitarget_a,415,3,atv_sherp+rc_car+truck_peterbilt,ok,ok,human_confirmed,
S3_multitarget_a_f000420.jpg,S3_multitarget_a,420,3,atv_sherp+rc_car+truck_peterbilt,ok,ok,human_confirmed,
S3_multitarget_a_f000425.jpg,S3_multitarget_a,425,3,atv_sherp+rc_car+truck_peterbilt,ok,ok,human_confirmed,
S3_multitarget_a_f000430.jpg,S3_multitarget_a,430,3,atv_sherp+rc_car+truck_peterbilt,ok,ok,human_confirmed,
S3_multitarget_a_f000435.jpg,S3_multitarget_a,435,3,atv_sherp+rc_car+truck_peterbilt,ok,ok,model_accepted_bulk,
S3_multitarget_a_f000440.jpg,S3_multitarget_a,440,3,atv_sherp+rc_car+truck_peterbilt,ok,ok,model_accepted_bulk,
S3_multitarget_a_f000445.jpg,S3_multitarget_a,445,3,atv_sherp+rc_car+truck_peterbilt,ok,ok,model_accepted_bulk,
S3_multitarget_a_f000450.jpg,S3_multitarget_a,450,3,atv_sherp+rc_car+truck_peterbilt,ok,ok,human_confirmed,
S3_multitarget_a_f000455.jpg,S3_multitarget_a,455,3,atv_sherp+rc_car+truck_peterbilt,ok,ok,model_accepted_bulk,
S3_multitarget_a_f000460.jpg,S3_multitarget_a,460,3,atv_sherp+rc_car+truck_peterbilt,ok,ok,model_accepted_bulk,
S3_multitarget_a_f000465.jpg,S3_multitarget_a,465,3,atv_sherp+rc_car+truck_peterbilt,ok,ok,model_accepted_bulk,
S3_multitarget_a_f000470.jpg,S3_multitarget_a,470,3,atv_sherp+rc_car+truck_peterbilt,ok,ok,model_accepted_bulk,
S3_multitarget_a_f000475.jpg,S3_multitarget_a,475,3,atv_sherp+rc_car+truck_peterbilt,ok,ok,human_confirmed,
S3_multitarget_a_f000480.jpg,S3_multitarget_a,480,3,atv_sherp+rc_car+truck_peterbilt,ok,ok,human_confirmed,
S3_multitarget_a_f000485.jpg,S3_multitarget_a,485,3,atv_sherp+rc_car+truck_peterbilt,ok,ok,human_confirmed,
S3_multitarget_a_f000490.jpg,S3_multitarget_a,490,3,atv_sherp+rc_car+truck_peterbilt,ok,ok,human_confirmed,
S3_multitarget_a_f000495.jpg,S3_multitarget_a,495,3,atv_sherp+rc_car+truck_peterbilt,ok,ok,human_confirmed,
S3_multitarget_a_f000500.jpg,S3_multitarget_a,500,3,atv_sherp+rc_car+truck_peterbilt,ok,ok,human_confirmed,
S3_multitarget_a_f000505.jpg,S3_multitarget_a,505,3,atv_sherp+rc_car+truck_peterbilt,ok,ok,human_confirmed,
S3_multitarget_a_f000510.jpg,S3_multitarget_a,510,3,atv_sherp+rc_car+truck_peterbilt,ok,ok,human_confirmed,
S3_multitarget_a_f000515.jpg,S3_multitarget_a,515,3,atv_sherp+rc_car+truck_peterbilt,ok,ok,model_accepted_bulk,
S3_multitarget_a_f000520.jpg,S3_multitarget_a,520,3,atv_sherp+rc_car+truck_peterbilt,ok,ok,human_confirmed,
S3_multitarget_a_f000525.jpg,S3_multitarget_a,525,3,atv_sherp+rc_car+truck_peterbilt,ok,ok,human_confirmed,
S3_multitarget_a_f000530.jpg,S3_multitarget_a,530,3,atv_sherp+rc_car+truck_peterbilt,ok,ok,human_confirmed,
S3_multitarget_a_f000535.jpg,S3_multitarget_a,535,3,atv_sherp+rc_car+truck_peterbilt,ok,ok,human_confirmed,
S3_multitarget_a_f000540.jpg,S3_multitarget_a,540,3,atv_sherp+rc_car+truck_peterbilt,ok,ok,human_confirmed,
S3_multitarget_a_f000545.jpg,S3_multitarget_a,545,3,atv_sherp+rc_car+truck_peterbilt,ok,ok,human_confirmed,
S3_multitarget_a_f000550.jpg,S3_multitarget_a,550,3,atv_sherp+rc_car+truck_peterbilt,ok,ok,human_confirmed,
S3_multitarget_a_f000555.jpg,S3_multitarget_a,555,3,atv_sherp+rc_car+truck_peterbilt,ok,ok,human_confirmed,
S3_multitarget_a_f000560.jpg,S3_multitarget_a,560,3,atv_sherp+rc_car+truck_peterbilt,ok,ok,human_confirmed,
S3_multitarget_a_f000565.jpg,S3_multitarget_a,565,3,atv_sherp+rc_car+truck_peterbilt,ok,ok,human_confirmed,
S3_multitarget_a_f000570.jpg,S3_multitarget_a,570,3,atv_sherp+rc_car+truck_peterbilt,ok,ok,human_confirmed,
S3_multitarget_a_f000575.jpg,S3_multitarget_a,575,3,atv_sherp+rc_car+truck_peterbilt,ok,ok,human_confirmed,
S3_multitarget_a_f000580.jpg,S3_multitarget_a,580,3,atv_sherp+rc_car+truck_peterbilt,ok,ok,human_confirmed,
S3_multitarget_a_f000585.jpg,S3_multitarget_a,585,3,atv_sherp+rc_car+truck_peterbilt,ok,ok,human_confirmed,
S3_multitarget_a_f000590.jpg,S3_multitarget_a,590,3,atv_sherp+rc_car+truck_peterbilt,ok,ok,human_confirmed,
S3_multitarget_a_f000595.jpg,S3_multitarget_a,595,3,atv_sherp+rc_car+truck_peterbilt,ok,ok,human_confirmed,
S3_multitarget_a_f000600.jpg,S3_multitarget_a,600,3,atv_sherp+rc_car+truck_peterbilt,ok,ok,human_confirmed,
S3_multitarget_a_f000605.jpg,S3_multitarget_a,605,3,atv_sherp+rc_car+truck_peterbilt,ok,ok,human_confirmed,
S3_multitarget_a_f000610.jpg,S3_multitarget_a,610,3,atv_sherp+rc_car+truck_peterbilt,ok,ok,human_confirmed,
S3_multitarget_a_f000615.jpg,S3_multitarget_a,615,3,atv_sherp+rc_car+truck_peterbilt,ok,ok,human_confirmed,
S3_multitarget_a_f000620.jpg,S3_multitarget_a,620,3,atv_sherp+rc_car+truck_peterbilt,ok,ok,human_confirmed,
S3_multitarget_a_f000625.jpg,S3_multitarget_a,625,3,atv_sherp+rc_car+truck_peterbilt,ok,ok,human_confirmed,
S3_multitarget_a_f000630.jpg,S3_multitarget_a,630,3,atv_sherp+rc_car+truck_peterbilt,ok,ok,human_confirmed,
S3_multitarget_a_f000635.jpg,S3_multitarget_a,635,3,atv_sherp+rc_car+truck_peterbilt,ok,ok,model_accepted_bulk,
S3_multitarget_a_f000640.jpg,S3_multitarget_a,640,3,atv_sherp+rc_car+truck_peterbilt,ok,ok,model_accepted_bulk,
S3_multitarget_a_f000645.jpg,S3_multitarget_a,645,3,atv_sherp+rc_car+truck_peterbilt,ok,ok,model_accepted_bulk,
S3_multitarget_a_f000650.jpg,S3_multitarget_a,650,3,atv_sherp+rc_car+truck_peterbilt,ok,ok,human_confirmed,
S3_multitarget_a_f000655.jpg,S3_multitarget_a,655,3,atv_sherp+rc_car+truck_peterbilt,ok,ok,model_accepted_bulk,
S3_multitarget_a_f000660.jpg,S3_multitarget_a,660,3,atv_sherp+rc_car+truck_peterbilt,ok,ok,model_accepted_bulk,
S3_multitarget_a_f000665.jpg,S3_multitarget_a,665,3,atv_sherp+rc_car+truck_peterbilt,ok,ok,model_accepted_bulk,
S3_multitarget_a_f000670.jpg,S3_multitarget_a,670,3,atv_sherp+rc_car+truck_peterbilt,ok,ok,model_accepted_bulk,
S3_multitarget_a_f000675.jpg,S3_multitarget_a,675,3,atv_sherp+rc_car+truck_peterbilt,ok,ok,human_confirmed,
S3_multitarget_a_f000680.jpg,S3_multitarget_a,680,3,atv_sherp+rc_car+truck_peterbilt,ok,ok,model_accepted_bulk,
S3_multitarget_a_f000685.jpg,S3_multitarget_a,685,3,atv_sherp+rc_car+truck_peterbilt,ok,blurry,human_confirmed,
S3_multitarget_a_f000690.jpg,S3_multitarget_a,690,3,atv_sherp+rc_car+truck_peterbilt,ok,ok,model_accepted_bulk,
S3_multitarget_a_f000695.jpg,S3_multitarget_a,695,3,atv_sherp+rc_car+truck_peterbilt,ok,ok,human_confirmed,
S3_multitarget_a_f000700.jpg,S3_multitarget_a,700,3,atv_sherp+rc_car+truck_peterbilt,ok,ok,human_confirmed,
S3_multitarget_a_f000705.jpg,S3_multitarget_a,705,3,atv_sherp+rc_car+truck_peterbilt,ok,ok,human_confirmed,
S3_multitarget_a_f000710.jpg,S3_multitarget_a,710,3,atv_sherp+rc_car+truck_peterbilt,ok,ok,human_confirmed,
S3_multitarget_a_f000715.jpg,S3_multitarget_a,715,3,atv_sherp+rc_car+truck_peterbilt,ok,ok,human_confirmed,
S3_multitarget_a_f000720.jpg,S3_multitarget_a,720,3,atv_sherp+rc_car+truck_peterbilt,ok,ok,human_confirmed,
S3_multitarget_a_f000725.jpg,S3_multitarget_a,725,3,atv_sherp+rc_car+truck_peterbilt,ok,ok,human_confirmed,
S3_multitarget_a_f000730.jpg,S3_multitarget_a,730,3,atv_sherp+rc_car+truck_peterbilt,ok,ok,model_accepted_bulk,
S3_multitarget_a_f000735.jpg,S3_multitarget_a,735,3,atv_sherp+rc_car+truck_peterbilt,ok,ok,human_confirmed,
S3_multitarget_a_f000740.jpg,S3_multitarget_a,740,3,atv_sherp+rc_car+truck_peterbilt,ok,ok,human_confirmed,
S3_multitarget_a_f000745.jpg,S3_multitarget_a,745,3,atv_sherp+rc_car+truck_peterbilt,ok,ok,model_accepted_bulk,
S3_multitarget_a_f000750.jpg,S3_multitarget_a,750,3,atv_sherp+rc_car+truck_peterbilt,ok,ok,model_accepted_bulk,
S3_multitarget_a_f000755.jpg,S3_multitarget_a,755,3,atv_sherp+rc_car+truck_peterbilt,ok,ok,human_confirmed,
S3_multitarget_a_f000760.jpg,S3_multitarget_a,760,3,atv_sherp+rc_car+truck_peterbilt,ok,ok,human_confirmed,
S3_multitarget_a_f000765.jpg,S3_multitarget_a,765,3,atv_sherp+rc_car+truck_peterbilt,ok,ok,human_confirmed,
S3_multitarget_a_f000770.jpg,S3_multitarget_a,770,3,atv_sherp+rc_car+truck_peterbilt,ok,ok,human_confirmed,
S3_multitarget_a_f000775.jpg,S3_multitarget_a,775,3,atv_sherp+rc_car+truck_peterbilt,ok,ok,human_confirmed,
S3_multitarget_a_f000780.jpg,S3_multitarget_a,780,3,atv_sherp+rc_car+truck_peterbilt,ok,ok,human_confirmed,
S3_multitarget_a_f000785.jpg,S3_multitarget_a,785,3,atv_sherp+rc_car+truck_peterbilt,ok,ok,human_confirmed,
S3_multitarget_a_f000790.jpg,S3_multitarget_a,790,3,atv_sherp+rc_car+truck_peterbilt,ok,ok,human_confirmed,
S3_multitarget_a_f000795.jpg,S3_multitarget_a,795,3,atv_sherp+rc_car+truck_peterbilt,ok,ok,human_confirmed,
S3_multitarget_a_f000800.jpg,S3_multitarget_a,800,3,atv_sherp+rc_car+truck_peterbilt,ok,ok,human_confirmed,
S3_multitarget_a_f000805.jpg,S3_multitarget_a,805,3,atv_sherp+rc_car+truck_peterbilt,ok,ok,human_confirmed,
S3_multitarget_a_f000810.jpg,S3_multitarget_a,810,3,atv_sherp+rc_car+truck_peterbilt,ok,ok,model_accepted_bulk,
S3_multitarget_a_f000815.jpg,S3_multitarget_a,815,3,atv_sherp+rc_car+truck_peterbilt,ok,ok,model_accepted_bulk,
S3_multitarget_a_f000820.jpg,S3_multitarget_a,820,3,atv_sherp+rc_car+truck_peterbilt,ok,ok,model_accepted_bulk,
S3_multitarget_a_f000825.jpg,S3_multitarget_a,825,3,atv_sherp+rc_car+truck_peterbilt,ok,ok,model_accepted_bulk,
S3_multitarget_a_f000830.jpg,S3_multitarget_a,830,3,atv_sherp+rc_car+truck_peterbilt,ok,ok,model_accepted_bulk,
S3_multitarget_a_f000835.jpg,S3_multitarget_a,835,3,atv_sherp+rc_car+truck_peterbilt,ok,ok,model_accepted_bulk,
S3_multitarget_a_f000840.jpg,S3_multitarget_a,840,3,atv_sherp+rc_car+truck_peterbilt,ok,ok,model_accepted_bulk,
S3_multitarget_a_f000845.jpg,S3_multitarget_a,845,3,atv_sherp+rc_car+truck_peterbilt,ok,ok,model_accepted_bulk,
S3_multitarget_a_f000850.jpg,S3_multitarget_a,850,3,atv_sherp+rc_car+truck_peterbilt,ok,ok,model_accepted_bulk,
S3_multitarget_a_f000855.jpg,S3_multitarget_a,855,3,atv_sherp+rc_car+truck_peterbilt,ok,ok,model_accepted_bulk,
S3_multitarget_a_f000860.jpg,S3_multitarget_a,860,3,atv_sherp+rc_car+truck_peterbilt,ok,ok,model_accepted_bulk,
S3_multitarget_b_f000000.jpg,S3_multitarget_b,0,3,atv_sherp+rc_car+truck_peterbilt,ok,ok,human_confirmed,
S3_multitarget_b_f000005.jpg,S3_multitarget_b,5,3,atv_sherp+rc_car+truck_peterbilt,ok,ok,model_accepted_bulk,
S3_multitarget_b_f000010.jpg,S3_multitarget_b,10,3,atv_sherp+rc_car+truck_peterbilt,ok,ok,model_accepted_bulk,
S3_multitarget_b_f000015.jpg,S3_multitarget_b,15,3,atv_sherp+rc_car+truck_peterbilt,ok,ok,model_accepted_bulk,
S3_multitarget_b_f000020.jpg,S3_multitarget_b,20,3,atv_sherp+rc_car+truck_peterbilt,ok,ok,human_confirmed,
S3_multitarget_b_f000025.jpg,S3_multitarget_b,25,3,atv_sherp+rc_car+truck_peterbilt,ok,ok,model_accepted_bulk,
S3_multitarget_b_f000030.jpg,S3_multitarget_b,30,3,atv_sherp+rc_car+truck_peterbilt,ok,ok,model_accepted_bulk,
S3_multitarget_b_f000035.jpg,S3_multitarget_b,35,3,atv_sherp+rc_car+truck_peterbilt,ok,ok,model_accepted_bulk,
S3_multitarget_b_f000040.jpg,S3_multitarget_b,40,3,atv_sherp+rc_car+truck_peterbilt,ok,ok,human_confirmed,
S3_multitarget_b_f000045.jpg,S3_multitarget_b,45,3,atv_sherp+rc_car+truck_peterbilt,ok,ok,model_accepted_bulk,
S3_multitarget_b_f000050.jpg,S3_multitarget_b,50,3,atv_sherp+rc_car+truck_peterbilt,ok,ok,human_confirmed,
S3_multitarget_b_f000055.jpg,S3_multitarget_b,55,3,atv_sherp+rc_car+truck_peterbilt,ok,ok,model_accepted_bulk,
S3_multitarget_b_f000060.jpg,S3_multitarget_b,60,3,atv_sherp+rc_car+truck_peterbilt,ok,ok,human_confirmed,
S3_multitarget_b_f000065.jpg,S3_multitarget_b,65,3,atv_sherp+rc_car+truck_peterbilt,ok,ok,model_accepted_bulk,
S3_multitarget_b_f000070.jpg,S3_multitarget_b,70,3,atv_sherp+rc_car+truck_peterbilt,ok,ok,model_accepted_bulk,
S3_multitarget_b_f000075.jpg,S3_multitarget_b,75,3,atv_sherp+rc_car+truck_peterbilt,ok,ok,model_accepted_bulk,
S3_multitarget_b_f000080.jpg,S3_multitarget_b,80,3,atv_sherp+rc_car+truck_peterbilt,ok,ok,human_confirmed,
S3_multitarget_b_f000085.jpg,S3_multitarget_b,85,3,atv_sherp+rc_car+truck_peterbilt,ok,ok,human_confirmed,
S3_multitarget_b_f000090.jpg,S3_multitarget_b,90,3,atv_sherp+rc_car+truck_peterbilt,ok,ok,human_confirmed,
S3_multitarget_b_f000095.jpg,S3_multitarget_b,95,3,atv_sherp+rc_car+truck_peterbilt,ok,ok,model_accepted_bulk,
S3_multitarget_b_f000100.jpg,S3_multitarget_b,100,3,atv_sherp+rc_car+truck_peterbilt,ok,ok,human_confirmed,
S3_multitarget_b_f000105.jpg,S3_multitarget_b,105,3,atv_sherp+rc_car+truck_peterbilt,ok,ok,model_accepted_bulk,
S3_multitarget_b_f000110.jpg,S3_multitarget_b,110,3,atv_sherp+rc_car+truck_peterbilt,ok,ok,model_accepted_bulk,
S3_multitarget_b_f000115.jpg,S3_multitarget_b,115,3,atv_sherp+rc_car+truck_peterbilt,ok,ok,human_confirmed,
S3_multitarget_b_f000120.jpg,S3_multitarget_b,120,3,atv_sherp+rc_car+truck_peterbilt,ok,ok,human_confirmed,
S3_multitarget_b_f000125.jpg,S3_multitarget_b,125,3,atv_sherp+rc_car+truck_peterbilt,ok,ok,model_accepted_bulk,
S3_multitarget_b_f000130.jpg,S3_multitarget_b,130,3,atv_sherp+rc_car+truck_peterbilt,ok,ok,model_accepted_bulk,
S3_multitarget_b_f000135.jpg,S3_multitarget_b,135,3,atv_sherp+rc_car+truck_peterbilt,ok,ok,model_accepted_bulk,
S3_multitarget_b_f000140.jpg,S3_multitarget_b,140,3,atv_sherp+rc_car+truck_peterbilt,ok,ok,human_confirmed,
S3_multitarget_b_f000145.jpg,S3_multitarget_b,145,3,atv_sherp+rc_car+truck_peterbilt,ok,ok,model_accepted_bulk,
S3_multitarget_b_f000150.jpg,S3_multitarget_b,150,3,atv_sherp+rc_car+truck_peterbilt,ok,ok,human_confirmed,
S3_multitarget_b_f000155.jpg,S3_multitarget_b,155,3,atv_sherp+rc_car+truck_peterbilt,ok,ok,human_confirmed,
S3_multitarget_b_f000160.jpg,S3_multitarget_b,160,3,atv_sherp+rc_car+truck_peterbilt,ok,ok,human_confirmed,
S3_multitarget_b_f000165.jpg,S3_multitarget_b,165,3,atv_sherp+rc_car+truck_peterbilt,ok,ok,human_confirmed,
S3_multitarget_b_f000170.jpg,S3_multitarget_b,170,3,atv_sherp+rc_car+truck_peterbilt,ok,ok,human_confirmed,
S3_multitarget_b_f000175.jpg,S3_multitarget_b,175,3,atv_sherp+rc_car+truck_peterbilt,ok,ok,human_confirmed,
S3_multitarget_b_f000180.jpg,S3_multitarget_b,180,3,atv_sherp+rc_car+truck_peterbilt,ok,ok,human_confirmed,
S3_multitarget_b_f000185.jpg,S3_multitarget_b,185,3,atv_sherp+rc_car+truck_peterbilt,ok,ok,human_confirmed,
S3_multitarget_b_f000190.jpg,S3_multitarget_b,190,3,atv_sherp+rc_car+truck_peterbilt,ok,ok,human_confirmed,
S3_multitarget_b_f000195.jpg,S3_multitarget_b,195,3,atv_sherp+rc_car+truck_peterbilt,ok,ok,human_confirmed,
S3_multitarget_b_f000200.jpg,S3_multitarget_b,200,3,atv_sherp+rc_car+truck_peterbilt,ok,ok,human_confirmed,
S3_multitarget_b_f000205.jpg,S3_multitarget_b,205,3,atv_sherp+rc_car+truck_peterbilt,ok,ok,human_confirmed,
S3_multitarget_b_f000210.jpg,S3_multitarget_b,210,3,atv_sherp+rc_car+truck_peterbilt,ok,ok,model_accepted_bulk,
S3_multitarget_b_f000215.jpg,S3_multitarget_b,215,3,atv_sherp+rc_car+truck_peterbilt,ok,ok,model_accepted_bulk,
S3_multitarget_b_f000220.jpg,S3_multitarget_b,220,3,atv_sherp+rc_car+truck_peterbilt,ok,ok,human_confirmed,
S3_multitarget_b_f000225.jpg,S3_multitarget_b,225,3,atv_sherp+rc_car+truck_peterbilt,ok,ok,model_accepted_bulk,
S3_multitarget_b_f000230.jpg,S3_multitarget_b,230,3,atv_sherp+rc_car+truck_peterbilt,ok,ok,model_accepted_bulk,
S3_multitarget_b_f000235.jpg,S3_multitarget_b,235,3,atv_sherp+rc_car+truck_peterbilt,ok,ok,model_accepted_bulk,
S3_multitarget_b_f000240.jpg,S3_multitarget_b,240,3,atv_sherp+rc_car+truck_peterbilt,ok,ok,human_confirmed,
S3_multitarget_b_f000245.jpg,S3_multitarget_b,245,3,atv_sherp+rc_car+truck_peterbilt,ok,ok,model_accepted_bulk,
S3_multitarget_b_f000250.jpg,S3_multitarget_b,250,3,atv_sherp+rc_car+truck_peterbilt,ok,ok,model_accepted_bulk,
S3_multitarget_b_f000255.jpg,S3_multitarget_b,255,3,atv_sherp+rc_car+truck_peterbilt,ok,ok,model_accepted_bulk,
S3_multitarget_b_f000260.jpg,S3_multitarget_b,260,3,atv_sherp+rc_car+truck_peterbilt,ok,ok,human_confirmed,
S3_multitarget_b_f000265.jpg,S3_multitarget_b,265,3,atv_sherp+rc_car+truck_peterbilt,ok,ok,model_accepted_bulk,
S3_multitarget_b_f000270.jpg,S3_multitarget_b,270,3,atv_sherp+rc_car+truck_peterbilt,ok,ok,model_accepted_bulk,
S3_multitarget_b_f000275.jpg,S3_multitarget_b,275,3,atv_sherp+rc_car+truck_peterbilt,ok,ok,model_accepted_bulk,
S3_multitarget_b_f000280.jpg,S3_multitarget_b,280,3,atv_sherp+rc_car+truck_peterbilt,ok,ok,human_confirmed,
S3_multitarget_b_f000285.jpg,S3_multitarget_b,285,3,atv_sherp+rc_car+truck_peterbilt,ok,ok,model_accepted_bulk,
S3_multitarget_b_f000290.jpg,S3_multitarget_b,290,3,atv_sherp+rc_car+truck_peterbilt,ok,ok,model_accepted_bulk,
S3_multitarget_b_f000295.jpg,S3_multitarget_b,295,3,atv_sherp+rc_car+truck_peterbilt,ok,ok,model_accepted_bulk,
S3_multitarget_b_f000300.jpg,S3_multitarget_b,300,3,atv_sherp+rc_car+truck_peterbilt,ok,ok,human_confirmed,
S3_multitarget_b_f000305.jpg,S3_multitarget_b,305,3,atv_sherp+rc_car+truck_peterbilt,ok,ok,model_accepted_bulk,
S3_multitarget_b_f000310.jpg,S3_multitarget_b,310,3,atv_sherp+rc_car+truck_peterbilt,ok,ok,model_accepted_bulk,
S3_multitarget_b_f000315.jpg,S3_multitarget_b,315,3,atv_sherp+rc_car+truck_peterbilt,ok,ok,model_accepted_bulk,
S3_multitarget_b_f000320.jpg,S3_multitarget_b,320,3,atv_sherp+rc_car+truck_peterbilt,ok,ok,human_confirmed,
S3_multitarget_b_f000325.jpg,S3_multitarget_b,325,3,atv_sherp+rc_car+truck_peterbilt,ok,ok,model_accepted_bulk,
S3_multitarget_b_f000330.jpg,S3_multitarget_b,330,3,atv_sherp+rc_car+truck_peterbilt,ok,ok,model_accepted_bulk,
S3_multitarget_b_f000335.jpg,S3_multitarget_b,335,3,atv_sherp+rc_car+truck_peterbilt,ok,ok,model_accepted_bulk,
S3_multitarget_b_f000340.jpg,S3_multitarget_b,340,3,atv_sherp+rc_car+truck_peterbilt,ok,ok,human_confirmed,
S3_multitarget_b_f000345.jpg,S3_multitarget_b,345,3,atv_sherp+rc_car+truck_peterbilt,ok,ok,model_accepted_bulk,
S3_multitarget_b_f000350.jpg,S3_multitarget_b,350,3,atv_sherp+rc_car+truck_peterbilt,ok,ok,model_accepted_bulk,
S3_multitarget_b_f000355.jpg,S3_multitarget_b,355,3,atv_sherp+rc_car+truck_peterbilt,ok,ok,model_accepted_bulk,
S3_multitarget_b_f000360.jpg,S3_multitarget_b,360,3,atv_sherp+rc_car+truck_peterbilt,ok,ok,human_confirmed,
S3_multitarget_b_f000365.jpg,S3_multitarget_b,365,3,atv_sherp+rc_car+truck_peterbilt,ok,ok,model_accepted_bulk,
S3_multitarget_b_f000370.jpg,S3_multitarget_b,370,3,atv_sherp+rc_car+truck_peterbilt,ok,ok,model_accepted_bulk,
S3_multitarget_b_f000375.jpg,S3_multitarget_b,375,3,atv_sherp+rc_car+truck_peterbilt,ok,ok,model_accepted_bulk,
S3_multitarget_b_f000380.jpg,S3_multitarget_b,380,3,atv_sherp+rc_car+truck_peterbilt,ok,ok,human_confirmed,
S3_multitarget_b_f000385.jpg,S3_multitarget_b,385,3,atv_sherp+rc_car+truck_peterbilt,ok,ok,model_accepted_bulk,
S3_multitarget_b_f000390.jpg,S3_multitarget_b,390,3,atv_sherp+rc_car+truck_peterbilt,ok,ok,model_accepted_bulk,
S3_multitarget_b_f000395.jpg,S3_multitarget_b,395,3,atv_sherp+rc_car+truck_peterbilt,ok,ok,model_accepted_bulk,
S3_multitarget_b_f000400.jpg,S3_multitarget_b,400,3,atv_sherp+rc_car+truck_peterbilt,ok,ok,human_confirmed,
S3_multitarget_b_f000405.jpg,S3_multitarget_b,405,3,atv_sherp+rc_car+truck_peterbilt,ok,ok,model_accepted_bulk,
S3_multitarget_b_f000410.jpg,S3_multitarget_b,410,3,atv_sherp+rc_car+truck_peterbilt,ok,ok,human_confirmed,
S3_multitarget_b_f000415.jpg,S3_multitarget_b,415,3,atv_sherp+rc_car+truck_peterbilt,ok,ok,model_accepted_bulk,
S3_multitarget_b_f000420.jpg,S3_multitarget_b,420,3,atv_sherp+rc_car+truck_peterbilt,ok,ok,human_confirmed,
S3_multitarget_b_f000425.jpg,S3_multitarget_b,425,3,atv_sherp+rc_car+truck_peterbilt,ok,ok,model_accepted_bulk,
S3_multitarget_b_f000430.jpg,S3_multitarget_b,430,3,atv_sherp+rc_car+truck_peterbilt,ok,ok,human_confirmed,
S3_multitarget_b_f000435.jpg,S3_multitarget_b,435,3,atv_sherp+rc_car+truck_peterbilt,ok,ok,model_accepted_bulk,
S3_multitarget_b_f000440.jpg,S3_multitarget_b,440,3,atv_sherp+rc_car+truck_peterbilt,ok,ok,human_confirmed,
S3_multitarget_b_f000445.jpg,S3_multitarget_b,445,3,atv_sherp+rc_car+truck_peterbilt,ok,ok,model_accepted_bulk,
S3_multitarget_b_f000450.jpg,S3_multitarget_b,450,3,atv_sherp+rc_car+truck_peterbilt,ok,ok,model_accepted_bulk,
S3_multitarget_b_f000455.jpg,S3_multitarget_b,455,3,atv_sherp+rc_car+truck_peterbilt,ok,ok,model_accepted_bulk,
S3_multitarget_b_f000460.jpg,S3_multitarget_b,460,3,atv_sherp+rc_car+truck_peterbilt,ok,ok,human_confirmed,
S3_multitarget_b_f000465.jpg,S3_multitarget_b,465,3,atv_sherp+rc_car+truck_peterbilt,ok,ok,model_accepted_bulk,
S3_multitarget_b_f000470.jpg,S3_multitarget_b,470,3,atv_sherp+rc_car+truck_peterbilt,ok,ok,model_accepted_bulk,
S3_multitarget_b_f000475.jpg,S3_multitarget_b,475,3,atv_sherp+rc_car+truck_peterbilt,ok,ok,model_accepted_bulk,
S3_multitarget_b_f000480.jpg,S3_multitarget_b,480,3,atv_sherp+rc_car+truck_peterbilt,ok,ok,human_confirmed,
S3_multitarget_b_f000485.jpg,S3_multitarget_b,485,3,atv_sherp+rc_car+truck_peterbilt,ok,ok,model_accepted_bulk,
S3_multitarget_b_f000490.jpg,S3_multitarget_b,490,3,atv_sherp+rc_car+truck_peterbilt,ok,ok,model_accepted_bulk,
S3_multitarget_b_f000495.jpg,S3_multitarget_b,495,3,atv_sherp+rc_car+truck_peterbilt,ok,ok,model_accepted_bulk,
S3_multitarget_b_f000500.jpg,S3_multitarget_b,500,3,atv_sherp+rc_car+truck_peterbilt,ok,ok,human_confirmed,
S3_multitarget_b_f000505.jpg,S3_multitarget_b,505,3,atv_sherp+rc_car+truck_peterbilt,ok,ok,model_accepted_bulk,
S3_multitarget_b_f000510.jpg,S3_multitarget_b,510,3,atv_sherp+rc_car+truck_peterbilt,ok,ok,model_accepted_bulk,
S3_multitarget_b_f000515.jpg,S3_multitarget_b,515,3,atv_sherp+rc_car+truck_peterbilt,ok,ok,model_accepted_bulk,
S3_multitarget_b_f000520.jpg,S3_multitarget_b,520,3,atv_sherp+rc_car+truck_peterbilt,ok,ok,human_confirmed,
S3_multitarget_b_f000525.jpg,S3_multitarget_b,525,3,atv_sherp+rc_car+truck_peterbilt,ok,ok,model_accepted_bulk,
S3_multitarget_b_f000530.jpg,S3_multitarget_b,530,3,atv_sherp+rc_car+truck_peterbilt,ok,ok,model_accepted_bulk,
S3_multitarget_b_f000535.jpg,S3_multitarget_b,535,3,atv_sherp+rc_car+truck_peterbilt,ok,ok,model_accepted_bulk,
S3_multitarget_b_f000540.jpg,S3_multitarget_b,540,3,atv_sherp+rc_car+truck_peterbilt,ok,ok,human_confirmed,
S3_multitarget_b_f000545.jpg,S3_multitarget_b,545,3,atv_sherp+rc_car+truck_peterbilt,ok,ok,model_accepted_bulk,
S3_multitarget_b_f000550.jpg,S3_multitarget_b,550,3,atv_sherp+rc_car+truck_peterbilt,ok,ok,model_accepted_bulk,
S3_multitarget_b_f000555.jpg,S3_multitarget_b,555,3,atv_sherp+rc_car+truck_peterbilt,ok,ok,model_accepted_bulk,
S3_multitarget_b_f000560.jpg,S3_multitarget_b,560,3,atv_sherp+rc_car+truck_peterbilt,ok,ok,human_confirmed,
S3_multitarget_b_f000565.jpg,S3_multitarget_b,565,3,atv_sherp+rc_car+truck_peterbilt,ok,ok,model_accepted_bulk,
S3_multitarget_b_f000570.jpg,S3_multitarget_b,570,3,atv_sherp+rc_car+truck_peterbilt,ok,ok,model_accepted_bulk,
S3_multitarget_b_f000575.jpg,S3_multitarget_b,575,3,atv_sherp+rc_car+truck_peterbilt,ok,ok,model_accepted_bulk,
S3_multitarget_b_f000580.jpg,S3_multitarget_b,580,3,atv_sherp+rc_car+truck_peterbilt,ok,ok,human_confirmed,
S3_multitarget_b_f000585.jpg,S3_multitarget_b,585,3,atv_sherp+rc_car+truck_peterbilt,ok,ok,model_accepted_bulk,
S3_multitarget_b_f000590.jpg,S3_multitarget_b,590,3,atv_sherp+rc_car+truck_peterbilt,ok,ok,model_accepted_bulk,
S3_multitarget_b_f000595.jpg,S3_multitarget_b,595,3,atv_sherp+rc_car+truck_peterbilt,ok,ok,model_accepted_bulk,
S3_multitarget_b_f000600.jpg,S3_multitarget_b,600,3,atv_sherp+rc_car+truck_peterbilt,ok,ok,model_accepted_bulk,
S3_multitarget_b_f000605.jpg,S3_multitarget_b,605,3,atv_sherp+rc_car+truck_peterbilt,ok,ok,model_accepted_bulk,
S3_multitarget_b_f000610.jpg,S3_multitarget_b,610,3,atv_sherp+rc_car+truck_peterbilt,ok,ok,model_accepted_bulk,
S3_multitarget_b_f000615.jpg,S3_multitarget_b,615,3,atv_sherp+rc_car+truck_peterbilt,ok,ok,model_accepted_bulk,
S3_multitarget_b_f000620.jpg,S3_multitarget_b,620,3,atv_sherp+rc_car+truck_peterbilt,ok,ok,model_accepted_bulk,
S3_multitarget_b_f000625.jpg,S3_multitarget_b,625,3,atv_sherp+rc_car+truck_peterbilt,ok,ok,model_accepted_bulk,
S3_multitarget_b_f000630.jpg,S3_multitarget_b,630,3,atv_sherp+rc_car+truck_peterbilt,ok,ok,model_accepted_bulk,
S3_multitarget_b_f000635.jpg,S3_multitarget_b,635,3,atv_sherp+rc_car+truck_peterbilt,ok,ok,model_accepted_bulk,
S3_multitarget_b_f000640.jpg,S3_multitarget_b,640,3,atv_sherp+rc_car+truck_peterbilt,ok,ok,model_accepted_bulk,
S3_multitarget_b_f000645.jpg,S3_multitarget_b,645,3,atv_sherp+rc_car+truck_peterbilt,ok,ok,model_accepted_bulk,
S3_multitarget_b_f000650.jpg,S3_multitarget_b,650,3,atv_sherp+rc_car+truck_peterbilt,ok,ok,model_accepted_bulk,
S3_multitarget_b_f000655.jpg,S3_multitarget_b,655,3,atv_sherp+rc_car+truck_peterbilt,ok,ok,model_accepted_bulk,
S3_multitarget_b_f000660.jpg,S3_multitarget_b,660,3,atv_sherp+rc_car+truck_peterbilt,ok,ok,model_accepted_bulk,
