t_rel,lr,fb,ud,yaw,height_cm,yaw_deg
0.196,0,0,0,0,0,-5
0.306,0,0,0,0,0,-5
0.326,0,0,0,0,0,-5
0.341,0,0,0,0,0,-5
0.366,0,0,0,0,0,-5
0.382,0,0,0,0,0,-5
0.398,0,0,0,0,0,-5
0.414,0,0,0,0,0,-5
0.430,0,0,0,0,0,-5
0.446,0,0,0,0,0,-5
0.462,0,0,0,0,0,-5
0.478,0,0,0,0,0,-5
0.493,0,0,0,0,0,-5
0.510,0,0,0,0,0,-5
0.525,0,0,0,0,0,-5
0.541,0,0,0,0,0,-5
0.557,0,0,0,0,0,-5
0.573,0,0,0,0,0,-5
0.589,0,0,0,0,0,-5
0.605,0,0,0,0,0,-5
0.621,0,0,0,0,0,-5
0.637,0,0,0,0,0,-5
0.655,0,0,0,0,0,-5
0.669,0,0,0,0,0,-5
0.685,0,0,0,0,0,-5
0.701,0,0,0,0,0,-5
0.717,0,0,0,0,0,-5
0.733,0,0,0,0,0,-5
0.749,0,0,0,0,0,-5
0.765,0,0,0,0,0,-5
0.781,0,0,0,0,0,-5
0.798,0,0,0,0,0,-5
0.805,0,0,0,0,0,-5
0.813,0,0,0,0,0,-5
0.829,0,0,0,0,0,-5
0.845,0,0,0,0,0,-5
0.861,0,0,0,0,0,-5
0.877,0,0,0,0,0,-5
0.894,0,0,0,0,0,-5
0.909,0,0,0,0,0,-5
0.925,0,0,0,0,0,-5
0.941,0,0,0,0,0,-5
0.957,0,0,0,0,0,-5
0.973,0,0,0,0,0,-5
0.983,0,0,0,0,0,-5
0.997,0,0,0,0,0,-5
1.013,0,0,0,0,0,-5
1.044,0,0,0,0,0,-5
1.060,0,0,0,0,0,-5
1.077,0,0,0,0,0,-5
1.092,0,0,0,0,0,-5
1.108,0,0,0,0,0,-5
1.123,0,0,0,0,0,-5
1.139,0,0,0,0,0,-5
1.163,0,0,0,0,0,-5
1.181,0,0,0,0,0,-5
1.197,0,0,0,0,0,-5
1.210,0,0,0,0,0,-5
1.226,0,0,0,0,0,-5
1.242,0,0,0,0,0,-5
1.258,0,0,0,0,0,-5
1.275,0,0,0,0,0,-5
1.291,0,0,0,0,0,-5
1.309,0,0,0,0,0,-5
1.324,0,0,0,0,0,-5
1.348,0,0,0,0,0,-5
1.363,0,0,0,0,0,-5
1.380,0,0,0,0,0,-5
1.395,0,0,0,0,0,-5
1.412,0,0,0,0,0,-5
1.427,0,0,0,0,0,-5
1.443,0,0,0,0,0,-5
1.459,0,0,0,0,0,-5
1.475,0,0,0,0,0,-5
1.491,0,0,0,0,0,-5
1.508,0,0,0,0,0,-5
1.524,0,0,0,0,0,-5
1.547,0,0,0,0,0,-5
1.561,0,0,0,0,0,-5
1.578,0,0,0,0,0,-5
1.594,0,0,0,0,0,-5
1.610,0,0,0,0,0,-5
1.619,0,0,0,0,0,-5
1.633,0,0,0,0,0,-5
1.659,0,0,0,0,0,-5
1.673,0,0,0,0,0,-5
1.690,0,0,0,0,0,-5
1.706,0,0,0,0,0,-5
1.722,0,0,0,0,0,-5
1.738,0,0,0,0,0,-5
1.754,0,0,0,0,0,-5
1.770,0,0,0,0,0,-5
1.785,0,0,0,0,0,-5
1.802,0,0,0,0,0,-5
1.818,0,0,0,0,0,-5
1.834,0,0,0,0,0,-5
1.850,0,0,0,0,0,-5
1.866,0,0,0,0,0,-5
1.882,0,0,0,0,0,-5
1.898,0,0,0,0,0,-5
1.914,0,0,0,0,0,-5
1.930,0,0,0,0,0,-5
1.946,0,0,0,0,0,-5
1.962,0,0,0,0,0,-5
1.978,0,0,0,0,0,-5
1.993,0,0,0,0,0,-5
2.009,0,0,0,0,0,-5
2.026,0,0,0,0,0,-5
2.043,0,0,0,0,0,-5
2.073,0,0,0,0,0,-5
2.089,0,0,0,0,0,-5
2.105,0,0,0,0,0,-5
2.121,0,0,0,0,0,-5
2.137,0,0,0,0,0,-5
2.153,0,0,0,0,0,-5
2.169,0,0,0,0,0,-5
2.187,0,0,0,0,0,-5
2.201,0,0,0,0,0,-5
2.217,0,0,0,0,0,-5
2.233,0,0,0,0,0,-5
2.249,0,0,0,0,0,-5
2.265,0,0,0,0,0,-5
2.281,0,0,0,0,0,-5
2.297,0,0,0,0,0,-5
2.313,0,0,0,0,0,-5
2.329,0,0,0,0,0,-5
2.345,0,0,0,0,0,-5
2.361,0,0,0,0,0,-5
2.377,0,0,0,0,0,-5
2.393,0,0,0,0,0,-5
2.409,0,0,0,0,0,-5
2.425,0,0,0,0,0,-5
2.441,0,0,0,0,0,-5
2.457,0,0,0,0,0,-5
2.473,0,0,0,0,0,-5
2.489,0,0,0,0,0,-5
2.505,0,0,0,0,0,-5
2.521,0,0,0,0,0,-5
7.752,0,0,0,0,60,-4
7.760,0,0,0,0,60,-4
7.774,0,0,0,0,60,-4
7.790,0,0,0,0,60,-4
7.805,0,0,0,0,60,-4
7.820,0,0,0,0,60,-4
7.836,0,0,0,0,60,-4
7.853,0,0,0,0,60,-4
7.869,0,0,0,0,60,-4
7.885,0,0,0,0,60,-4
7.916,0,0,0,0,60,-4
7.932,0,0,0,0,60,-4
7.947,0,0,0,0,60,-4
7.965,0,0,0,0,60,-4
7.979,0,0,0,0,60,-4
7.995,0,0,0,0,60,-4
8.005,0,0,0,0,60,-4
8.027,0,0,0,0,60,-4
8.042,0,0,0,0,60,-4
8.058,0,0,0,0,60,-4
8.073,0,0,0,0,60,-4
8.089,0,0,0,0,60,-4
8.105,0,0,0,0,60,-4
8.121,0,0,0,0,60,-4
8.137,0,0,0,0,60,-4
8.153,0,0,0,0,60,-4
8.170,0,0,0,0,60,-4
8.185,0,0,0,0,60,-4
8.200,0,0,0,0,60,-4
8.216,0,0,0,0,60,-4
8.232,0,0,0,0,60,-4
8.248,0,0,0,0,60,-4
8.264,0,0,0,0,60,-4
8.280,0,0,0,0,60,-4
8.295,0,0,0,0,60,-4
8.315,0,0,0,0,60,-4
8.327,0,0,0,0,60,-3
8.336,0,0,0,0,60,-3
8.351,0,0,0,0,60,-3
8.360,0,0,0,0,60,-3
8.374,0,0,0,0,60,-3
8.383,0,0,0,0,60,-3
8.391,0,0,0,0,60,-3
8.408,0,0,0,0,60,-3
8.421,0,0,0,0,60,-3
8.433,0,0,0,0,60,-3
8.448,0,0,0,0,60,-3
8.461,0,0,0,0,60,-3
8.489,0,0,0,0,60,-3
8.503,0,0,0,0,60,-3
8.512,0,0,0,0,60,-3
8.521,0,0,0,0,60,-3
8.529,0,0,0,0,60,-3
8.553,0,0,0,0,60,-4
8.568,0,0,0,0,60,-4
8.584,0,0,0,0,60,-4
8.600,0,0,0,0,60,-4
8.616,0,0,0,0,60,-4
8.632,0,0,0,0,60,-4
8.648,0,0,0,0,60,-4
8.663,0,0,0,0,60,-4
8.679,0,0,0,0,60,-4
8.685,0,0,0,0,60,-4
8.700,0,0,0,0,60,-4
8.710,0,0,0,0,60,-4
8.726,0,0,0,0,60,-4
8.742,0,0,0,0,60,-4
8.757,0,0,0,0,60,-4
8.773,0,0,0,0,60,-4
8.789,0,0,0,0,60,-4
8.805,0,0,0,0,60,-4
8.820,0,0,0,0,60,-4
8.836,0,0,0,0,60,-4
8.852,0,0,0,0,60,-4
8.868,0,0,0,0,60,-4
8.884,0,0,0,0,60,-4
8.900,0,0,0,0,60,-4
8.916,0,0,0,0,60,-4
8.932,0,0,0,0,60,-4
8.947,0,0,0,0,60,-4
8.963,0,0,0,0,60,-4
8.979,0,0,0,0,60,-4
8.995,0,0,0,0,60,-4
9.010,0,0,0,0,60,-4
9.026,0,0,0,0,60,-4
9.042,0,0,0,0,60,-4
9.058,0,0,0,0,60,-4
9.075,0,0,0,0,60,-4
9.089,0,0,0,0,60,-4
9.105,0,0,0,0,60,-4
9.121,0,0,0,0,60,-4
9.137,0,0,0,0,60,-4
9.153,0,0,0,0,60,-4
9.168,0,0,0,0,60,-4
9.184,0,0,0,0,60,-4
9.200,0,0,0,0,60,-4
9.216,0,0,0,0,60,-4
9.227,0,0,0,0,60,-4
9.248,0,0,0,0,60,-4
9.264,0,0,0,0,60,-4
9.296,0,0,0,0,60,-4
9.311,0,0,0,0,60,-4
9.327,0,0,0,0,60,-4
9.343,0,0,0,0,60,-4
9.359,0,0,0,0,60,-4
9.375,0,0,0,0,60,-4
9.391,0,0,0,0,60,-4
9.399,0,0,0,0,60,-4
9.422,0,0,0,0,60,-4
9.438,0,0,0,0,60,-3
9.455,0,0,0,0,60,-3
9.471,0,0,0,0,60,-3
9.487,0,0,0,0,60,-3
9.503,0,0,0,0,60,-3
9.519,0,0,0,0,60,-3
9.535,0,0,0,0,60,-3
9.551,0,0,0,0,60,-3
9.566,0,0,0,0,60,-4
9.582,0,0,0,0,60,-4
9.597,0,0,0,0,60,-4
9.613,0,0,0,0,60,-4
9.628,0,0,0,0,60,-4
9.644,0,0,0,0,60,-4
9.660,0,0,0,0,60,-4
9.676,0,0,0,0,60,-4
9.691,0,0,0,0,60,-4
9.707,0,0,0,0,60,-4
9.723,0,0,0,0,60,-4
9.739,0,0,0,0,60,-4
9.755,0,0,0,0,60,-4
9.771,0,0,0,0,60,-4
9.787,0,0,0,0,60,-4
9.803,0,0,0,0,60,-4
9.819,0,0,0,0,60,-4
9.836,0,0,0,0,60,-4
9.867,0,0,0,0,60,-4
9.882,0,0,0,0,60,-4
9.899,0,0,0,0,60,-4
9.914,0,0,0,0,60,-4
9.923,0,0,0,0,60,-4
9.947,0,0,0,0,60,-4
9.962,0,0,0,0,60,-4
9.979,0,0,0,0,60,-4
9.994,0,0,0,0,60,-4
10.010,0,0,0,0,60,-4
10.026,0,0,0,0,60,-4
10.042,0,0,0,0,60,-4
10.052,0,0,0,0,60,-4
10.075,0,0,0,0,60,-4
10.091,0,0,0,0,60,-4
10.106,0,0,0,0,60,-4
10.122,0,0,0,0,60,-4
10.138,0,0,0,0,60,-4
10.154,0,0,0,0,60,-4
10.170,0,0,0,0,60,-4
10.186,0,0,0,0,60,-4
10.202,0,0,0,0,60,-4
10.217,0,0,0,0,60,-4
10.233,0,0,0,0,60,-4
10.249,0,0,0,0,60,-4
10.265,0,0,0,0,60,-4
10.281,0,0,0,0,60,-4
10.309,0,0,0,0,60,-4
10.328,0,0,0,0,60,-4
10.347,0,0,0,0,60,-4
10.360,0,0,0,0,60,-4
10.376,0,0,0,0,60,-4
10.392,0,0,0,0,60,-4
10.407,0,0,0,0,60,-4
10.423,0,0,0,0,60,-4
10.454,0,0,0,0,60,-4
10.472,0,0,0,0,60,-4
10.488,0,0,0,0,60,-4
10.507,0,0,0,0,60,-4
10.519,0,0,0,0,60,-4
10.529,0,0,0,0,60,-4
10.551,0,0,0,0,60,-4
10.572,0,0,0,0,60,-4
10.584,0,0,0,0,60,-4
10.601,0,0,0,0,60,-4
10.611,0,0,0,0,60,-4
10.626,0,0,0,0,60,-4
10.649,0,0,0,0,60,-4
10.666,0,0,0,0,60,-4
10.683,0,0,0,0,60,-4
10.700,0,0,0,0,60,-4
10.716,0,0,0,0,60,-4
10.742,0,0,0,0,60,-4
10.758,0,0,0,0,60,-4
10.775,0,0,0,0,60,-4
10.794,0,0,0,0,60,-4
10.810,0,0,0,0,60,-4
10.829,0,0,0,0,60,-4
10.844,0,0,0,0,60,-4
10.861,0,0,0,0,60,-4
10.877,0,0,0,0,60,-4
10.893,0,0,0,0,60,-4
10.910,0,0,0,0,60,-4
10.918,0,0,0,0,60,-4
10.927,0,0,0,0,60,-4
10.943,0,0,0,0,60,-4
10.959,0,0,0,0,60,-4
10.968,0,0,0,0,60,-4
10.986,0,0,0,0,60,-4
10.997,0,0,0,0,60,-4
11.007,0,0,0,0,60,-4
11.016,0,0,0,0,60,-4
11.028,0,0,0,0,60,-4
11.044,0,0,0,0,60,-4
11.061,0,0,0,0,60,-4
11.081,0,0,0,0,60,-4
11.097,0,0,0,0,60,-4
11.113,0,0,0,0,60,-4
11.131,0,0,0,0,60,-4
11.146,0,0,0,0,60,-4
11.163,0,0,0,0,60,-4
11.179,0,0,0,0,60,-4
11.190,0,0,0,0,60,-4
11.205,0,0,0,0,60,-4
11.221,0,0,0,0,60,-4
11.240,0,0,0,0,60,-4
11.256,0,0,0,0,60,-4
11.264,0,0,0,0,60,-4
11.280,0,0,0,0,60,-4
11.296,0,0,0,0,60,-4
11.312,0,0,0,0,60,-4
11.328,0,0,0,0,60,-4
11.344,0,0,0,0,60,-4
11.360,0,0,0,0,60,-4
11.376,0,0,0,0,60,-4
11.392,0,0,0,0,60,-4
11.409,0,0,0,0,60,-4
11.424,0,0,0,0,60,-4
11.440,0,0,0,0,60,-4
11.456,0,0,0,0,60,-4
11.488,0,0,0,0,60,-4
11.504,0,0,0,0,60,-4
11.520,0,0,0,0,60,-4
11.536,0,0,0,0,60,-4
11.552,0,0,0,0,60,-4
11.568,0,0,0,0,60,-4
11.584,0,0,0,0,60,-4
11.600,0,0,0,0,60,-4
11.616,0,0,0,0,60,-4
11.631,0,0,0,0,60,-4
11.647,0,0,0,0,60,-4
11.663,0,0,0,0,60,-4
11.679,0,0,0,0,60,-4
11.695,0,0,0,0,60,-4
11.704,0,0,0,0,60,-4
11.714,0,0,0,0,60,-4
11.728,0,0,0,0,60,-4
11.736,0,0,0,0,60,-4
11.757,0,0,0,0,60,-4
11.769,0,0,0,0,60,-4
11.785,0,0,0,0,60,-4
11.801,0,0,0,0,60,-4
11.816,0,0,0,0,60,-4
11.835,0,0,0,0,60,-4
11.849,0,0,0,0,60,-4
11.864,0,0,0,0,60,-4
11.880,0,0,0,0,60,-4
11.896,0,0,0,0,60,-4
11.912,0,0,0,0,60,-4
11.928,0,0,0,0,60,-4
11.944,0,0,0,0,60,-4
11.960,0,0,0,0,60,-4
11.976,0,0,0,0,60,-4
11.997,0,0,0,0,60,-4
12.014,0,0,0,0,60,-4
12.030,0,0,0,0,60,-4
12.045,0,0,0,0,60,-4
12.062,0,0,0,0,60,-4
12.080,0,0,0,0,60,-4
12.094,0,0,0,0,60,-4
12.109,0,0,0,0,60,-4
12.126,0,0,0,0,60,-4
12.142,0,0,0,0,60,-4
12.158,0,0,0,0,60,-4
12.174,0,0,0,0,60,-4
12.190,0,0,0,0,60,-4
12.205,0,0,0,0,60,-4
12.223,0,0,0,0,60,-4
12.239,0,0,0,0,60,-4
12.256,0,0,0,0,60,-4
12.263,0,0,0,0,60,-4
12.283,0,0,0,0,60,-4
12.309,0,0,0,0,60,-4
12.358,0,0,0,0,60,-4
12.390,0,0,0,0,60,-4
12.436,0,0,0,0,60,-4
12.468,0,0,0,0,60,-4
12.485,0,0,0,0,60,-4
12.500,0,0,0,0,60,-4
12.540,0,0,0,0,60,-4
12.586,0,0,0,0,60,-4
12.632,0,0,0,0,60,-4
12.674,0,0,0,0,60,-4
12.725,0,0,0,0,60,-4
12.772,0,0,0,0,60,-4
12.812,0,0,0,0,60,-4
12.842,0,0,0,0,60,-4
12.865,0,0,0,0,60,-4
12.908,0,0,0,0,60,-4
12.924,0,0,0,0,60,-4
12.973,0,0,0,0,60,-4
13.018,0,0,0,0,60,-4
13.060,0,0,0,0,60,-4
13.093,0,0,0,0,60,-4
13.138,0,0,0,0,60,-4
13.174,0,0,0,0,60,-3
13.203,0,0,0,0,60,-3
13.267,0,0,0,0,60,-3
13.306,0,0,0,0,60,-3
13.362,0,0,0,0,60,-3
13.413,0,0,0,0,60,-3
13.461,0,0,0,0,60,-3
13.498,0,0,0,0,60,-3
13.542,0,0,0,0,60,-3
13.570,0,0,0,0,60,-3
13.619,0,0,0,0,60,-3
13.668,0,0,0,0,60,-3
13.721,0,0,0,0,60,-3
16.576,0,0,0,0,60,-4
16.592,0,0,0,0,60,-4
16.608,0,0,0,0,60,-4
16.620,0,0,0,0,60,-4
16.642,0,0,0,0,60,-4
16.653,0,0,0,0,60,-4
16.672,0,0,0,0,60,-4
16.688,0,0,0,0,60,-3
16.705,0,0,0,0,60,-3
16.721,0,0,0,0,60,-3
16.737,0,0,0,0,60,-3
16.753,0,0,0,0,60,-3
16.768,0,0,0,0,60,-3
16.784,0,0,0,0,60,-3
16.800,0,0,0,0,60,-4
16.817,0,0,0,0,60,-4
16.832,0,0,0,0,60,-4
16.848,0,0,0,0,60,-4
16.866,0,0,0,0,60,-4
16.879,0,0,0,0,60,-4
16.895,0,0,0,0,60,-4
16.901,0,0,0,0,60,-4
16.927,0,0,0,0,60,-4
16.942,0,0,0,0,60,-4
16.958,0,0,0,0,60,-4
16.974,0,0,0,0,60,-4
16.990,0,0,0,0,60,-4
17.006,0,0,0,0,60,-4
17.023,0,0,0,0,60,-4
17.039,0,0,0,0,60,-4
17.054,0,0,0,0,60,-4
17.070,0,0,0,0,60,-4
17.086,0,0,0,0,60,-4
17.101,0,0,0,0,60,-4
17.117,0,0,0,0,60,-4
17.133,0,0,0,0,60,-4
17.149,0,0,0,0,60,-4
17.166,0,0,0,0,60,-4
17.182,0,0,0,0,60,-4
17.198,0,0,0,0,60,-4
17.214,0,0,0,0,60,-4
17.230,0,0,0,0,60,-4
17.246,0,0,0,0,60,-4
17.261,0,0,0,0,60,-4
17.277,0,0,0,0,60,-4
17.293,0,0,0,0,60,-4
17.309,0,0,0,0,60,-4
17.325,0,0,0,0,60,-4
17.341,0,0,0,0,60,-4
17.358,0,0,0,0,60,-3
17.373,0,0,0,0,60,-3
17.389,0,0,0,0,60,-3
17.406,0,0,0,0,60,-3
17.422,0,0,0,0,60,-3
17.438,0,0,0,0,60,-3
17.454,0,0,0,0,60,-3
17.470,0,0,0,0,60,-3
17.486,0,0,40,0,60,-3
17.502,0,0,40,0,60,-3
17.518,0,0,40,0,60,-3
17.534,0,0,40,0,60,-3
17.550,0,0,40,0,60,-3
17.566,0,0,40,0,60,-3
17.582,0,0,40,0,60,-3
17.598,0,0,40,0,60,-3
17.614,0,0,40,0,60,-3
17.630,0,0,40,0,60,-3
17.646,0,0,40,0,60,-3
17.662,0,0,40,0,60,-3
17.678,0,0,40,0,60,-3
17.694,0,0,40,0,60,-3
17.710,0,0,40,0,60,-4
17.726,0,0,40,0,60,-4
17.742,0,0,40,0,60,-4
17.758,0,0,40,0,60,-4
17.774,0,0,40,0,60,-4
17.791,0,0,40,0,60,-4
17.807,0,0,40,0,60,-4
17.823,0,0,40,0,60,-4
17.839,0,0,40,0,60,-4
17.855,0,0,40,0,60,-4
17.871,0,0,40,0,60,-4
17.887,0,0,40,0,60,-4
17.903,0,0,40,0,60,-4
17.919,0,0,40,0,60,-4
17.935,0,0,40,0,60,-4
17.951,0,0,40,0,60,-4
17.967,0,0,40,0,60,-4
17.982,0,0,40,0,60,-4
17.998,0,0,40,0,60,-4
18.014,0,0,40,0,60,-4
18.031,0,0,40,0,60,-4
18.047,0,0,40,0,60,-4
18.062,0,0,40,0,60,-4
18.078,0,0,40,0,60,-4
18.094,0,0,40,0,60,-4
18.099,0,0,40,0,60,-4
18.110,0,0,40,0,60,-4
18.126,0,0,40,0,60,-4
18.131,0,0,40,0,60,-4
18.159,0,0,40,0,70,-4
18.164,0,0,40,0,70,-4
18.175,0,0,40,0,70,-4
18.191,0,0,40,0,70,-4
18.197,0,0,40,0,70,-4
18.207,0,0,40,0,70,-4
18.218,0,0,40,0,70,-4
18.227,0,0,40,0,70,-4
18.233,0,0,40,0,70,-4
18.250,0,0,40,0,70,-4
18.271,0,0,40,0,70,-4
18.288,0,0,40,0,70,-4
18.292,0,0,40,0,70,-4
18.303,0,0,40,0,70,-4
18.319,0,0,40,0,70,-4
18.329,0,0,40,0,70,-4
18.335,0,0,40,0,70,-4
18.351,0,0,40,0,70,-4
18.367,0,0,40,0,70,-4
18.382,0,0,40,0,70,-4
18.392,0,0,40,0,70,-4
18.414,0,0,40,0,70,-4
18.430,0,0,40,0,70,-4
18.446,0,0,40,0,70,-4
18.462,0,0,40,0,70,-4
18.478,0,0,40,0,80,-4
18.493,0,0,40,0,80,-4
18.509,0,0,40,0,80,-4
18.525,0,0,40,0,80,-4
18.534,0,0,40,0,80,-4
18.557,0,0,40,0,80,-4
18.562,0,0,40,0,80,-4
18.573,0,0,40,0,80,-4
18.589,0,0,40,0,80,-4
18.605,0,0,40,0,80,-4
18.621,0,0,40,0,80,-4
18.627,0,0,40,0,80,-4
18.637,0,0,40,0,80,-4
18.653,0,0,40,0,80,-4
18.658,0,0,40,0,80,-4
18.669,0,0,40,0,80,-4
18.685,0,0,40,0,80,-4
18.690,0,0,40,0,80,-4
18.701,0,0,40,0,80,-4
18.717,0,0,40,0,80,-4
18.725,0,0,40,0,80,-4
18.748,0,0,40,0,80,-4
18.755,0,0,40,0,80,-4
18.764,0,0,40,0,80,-4
18.780,0,0,40,0,80,-4
18.785,0,0,40,0,80,-4
18.813,0,0,40,0,80,-4
18.828,0,0,40,0,90,-4
18.845,0,0,40,0,90,-4
18.861,0,0,40,0,90,-4
18.877,0,0,40,0,90,-4
18.893,0,0,40,0,90,-4
18.925,0,0,40,0,90,-4
18.937,0,0,40,0,90,-4
18.956,0,0,40,0,90,-4
18.973,0,0,40,0,90,-4
18.989,0,0,40,0,90,-4
19.005,0,0,40,0,90,-4
19.020,0,0,40,0,90,-4
19.032,0,0,40,0,90,-4
19.052,0,0,40,0,100,-4
19.068,0,0,40,0,100,-4
19.084,0,0,40,0,100,-4
19.101,0,0,40,0,100,-4
19.117,0,0,40,0,100,-4
19.133,0,0,40,0,100,-4
19.149,0,0,40,0,100,-4
19.158,0,0,40,0,100,-4
19.164,0,0,40,0,100,-4
19.180,0,0,40,0,100,-4
19.186,0,0,40,0,100,-4
19.196,0,0,40,0,100,-4
19.212,0,0,40,0,100,-4
19.217,0,0,40,0,100,-4
19.229,0,0,40,0,100,-4
19.244,0,0,40,0,100,-4
19.249,0,0,40,0,100,-4
19.276,0,0,40,0,100,-4
19.281,0,0,40,0,100,-4
19.308,0,0,40,0,100,-4
19.324,0,0,40,0,100,-4
19.336,0,0,40,0,100,-4
19.356,0,0,40,0,100,-4
19.372,0,0,40,0,110,-4
19.383,0,0,40,0,110,-4
19.404,0,0,40,0,110,-4
19.409,0,0,40,0,110,-4
19.436,0,0,40,0,110,-4
19.451,0,0,40,0,110,-4
19.476,0,0,40,0,110,-3
19.481,0,0,40,0,110,-3
19.508,0,0,40,0,110,-3
19.514,0,0,40,0,110,-3
19.524,0,0,40,0,110,-3
19.540,0,0,40,0,110,-3
19.547,0,0,40,0,110,-3
19.556,0,0,40,0,110,-3
19.571,0,0,40,0,110,-3
19.577,0,0,40,0,110,-3
19.603,0,0,40,0,110,-3
19.608,0,0,40,0,110,-3
19.634,0,0,40,0,110,-3
19.645,0,0,40,0,110,-3
19.653,0,0,40,0,110,-3
19.668,0,0,40,0,110,-3
19.679,0,0,40,0,110,-3
19.691,0,0,40,0,110,-3
19.707,0,0,40,0,120,-3
19.725,0,0,40,0,120,-3
19.739,0,0,40,0,120,-3
19.744,0,0,40,0,120,-3
19.771,0,0,40,0,120,-3
19.780,0,0,40,0,120,-3
19.803,0,0,40,0,120,-3
19.809,0,0,40,0,120,-3
19.819,0,0,40,0,120,-3
19.826,0,0,40,0,120,-3
19.851,0,0,40,0,120,-3
19.867,0,0,40,0,120,-3
19.878,0,0,40,0,120,-3
19.899,0,0,40,0,120,-3
19.904,0,0,40,0,120,-3
19.931,0,0,40,0,120,-4
19.948,0,0,40,0,120,-4
19.963,0,0,40,0,120,-4
19.972,0,0,40,0,120,-4
19.995,0,0,40,0,120,-4
20.011,0,0,40,0,120,-4
20.027,0,0,40,0,120,-4
20.043,0,0,40,0,130,-4
20.059,0,0,40,0,130,-4
20.075,0,0,40,0,130,-4
20.091,0,0,40,0,130,-4
20.107,0,0,40,0,130,-4
20.123,0,0,40,0,130,-4
20.139,0,0,0,0,130,-3
20.152,0,0,0,0,130,-3
20.171,0,0,0,0,130,-3
20.187,0,0,0,0,130,-3
20.203,0,0,0,0,130,-3
20.219,0,-40,0,0,130,-3
20.235,0,-40,0,0,130,-3
20.247,0,-40,0,0,140,-3
20.264,0,-40,0,0,140,-3
20.281,0,-40,0,0,140,-3
20.292,0,-40,0,0,140,-3
20.311,0,-40,0,0,140,-3
20.327,0,-40,0,0,140,-3
20.343,0,-40,0,0,140,-3
20.353,0,-40,0,0,140,-3
20.365,0,-40,0,0,140,-3
20.381,0,-40,0,0,140,-3
20.397,0,-40,0,0,140,-3
20.413,0,-40,0,0,140,-3
20.429,0,-40,0,0,140,-3
20.445,0,-40,0,0,140,-3
20.461,0,-40,0,0,140,-3
20.477,0,-40,0,0,140,-4
20.490,0,-40,0,0,140,-4
20.509,0,-40,0,0,140,-4
20.526,0,-40,0,0,140,-4
20.541,0,-40,0,0,140,-4
20.557,0,-40,0,0,140,-4
20.573,0,-40,0,0,140,-4
20.589,0,-40,0,0,140,-4
20.604,0,-40,0,0,140,-4
20.621,0,-40,0,0,140,-4
20.637,0,-40,0,0,140,-4
20.653,0,-40,0,0,140,-4
20.669,0,-40,0,0,140,-4
20.685,0,-40,0,0,140,-4
20.708,0,-40,0,0,140,-4
20.724,0,-40,0,0,140,-4
20.729,0,-40,0,0,140,-4
20.740,0,-40,0,0,140,-4
20.756,0,-40,0,0,140,-4
20.761,0,-40,0,0,140,-4
20.781,0,-40,0,0,140,-4
20.797,0,-40,0,0,140,-4
20.812,0,-40,0,0,140,-4
20.824,0,-40,0,0,140,-4
20.831,0,-40,0,0,140,-4
20.859,0,-40,0,0,140,-4
20.875,0,-40,0,0,140,-4
20.890,0,-40,0,0,140,-4
20.898,0,-40,0,0,140,-4
20.915,0,-40,0,0,140,-4
20.931,0,-40,0,0,140,-4
20.948,0,-40,0,0,140,-4
20.958,0,-40,0,0,140,-4
20.965,0,-40,0,0,140,-4
20.978,0,-40,0,0,140,-4
20.994,0,-40,0,0,140,-4
21.010,0,-40,0,0,140,-4
21.022,0,-40,0,0,140,-4
21.042,0,-40,0,0,140,-4
21.057,0,-40,0,0,140,-4
21.073,0,-40,0,0,140,-4
21.098,0,-40,0,0,140,-4
21.114,0,-40,0,0,140,-4
21.129,0,-40,0,0,140,-4
21.145,0,-40,0,0,140,-4
21.161,0,-40,0,0,140,-4
21.177,0,-40,0,0,140,-4
21.182,0,-40,0,0,140,-4
21.208,0,-40,0,0,140,-4
21.214,0,-40,0,0,140,-4
21.241,0,-40,0,0,140,-4
21.257,0,-40,0,0,140,-4
21.273,0,-40,0,0,140,-4
21.298,0,-40,0,0,140,-4
21.303,0,-40,0,0,140,-4
21.329,0,-40,0,0,140,-4
21.345,0,-40,0,0,140,-4
21.361,0,-40,0,0,140,-4
21.377,0,-40,0,0,140,-4
21.382,0,-40,0,0,140,-4
21.409,0,-40,0,0,140,-4
21.415,0,-40,0,0,140,-4
21.441,0,-40,0,0,140,-4
21.448,0,-40,0,0,140,-4
21.473,0,-40,0,0,140,-4
21.482,0,-40,0,0,140,-4
21.487,0,-40,0,0,140,-4
21.497,0,-40,0,0,140,-4
21.513,0,-40,0,0,140,-4
21.518,0,-40,0,0,140,-4
21.529,0,-40,0,0,140,-4
21.545,0,-40,0,0,140,-4
21.552,0,-40,0,0,140,-4
21.561,0,-40,0,0,140,-4
21.586,0,-40,0,0,140,-4
21.610,0,-40,0,0,140,-4
21.621,0,-40,0,0,140,-4
21.642,0,-40,0,0,140,-4
21.658,0,-40,0,0,140,-4
21.674,0,-40,0,0,140,-4
21.689,0,-40,0,0,140,-4
21.706,0,-40,0,0,140,-4
21.711,0,-40,0,0,140,-4
21.738,0,-40,0,0,140,-4
21.754,0,-40,0,0,140,-4
21.770,0,-40,0,0,140,-4
21.786,0,-40,0,0,140,-4
21.802,0,-40,0,0,140,-4
21.807,0,-40,0,0,140,-4
21.833,0,-40,0,0,140,-4
21.850,0,-40,0,0,140,-4
21.865,0,-40,0,0,140,-4
21.881,0,-40,0,0,140,-4
21.897,0,-40,0,0,140,-4
21.913,0,-40,0,0,140,-4
21.929,0,-40,0,0,140,-4
21.945,0,-40,0,0,140,-4
21.961,0,-40,0,0,140,-4
21.976,0,-40,0,0,140,-4
21.989,0,-40,0,0,140,-4
22.001,0,-40,0,0,140,-3
22.010,0,-40,0,0,140,-3
22.024,0,-40,0,0,140,-3
22.040,0,-40,0,0,140,-3
22.048,0,-40,0,0,140,-3
22.072,0,-40,0,0,140,-3
22.088,0,-40,0,0,140,-3
22.104,0,-40,0,0,140,-4
22.117,0,-40,0,0,140,-4
22.136,0,-40,0,0,140,-4
22.153,0,-40,0,0,140,-4
22.168,0,-40,0,0,140,-4
22.176,0,-40,0,0,140,-4
22.200,0,-40,0,0,140,-4
22.216,0,-40,0,0,140,-4
22.225,0,-40,0,0,140,-4
22.247,0,-40,0,0,140,-4
22.263,0,-40,0,0,140,-4
22.279,0,-40,0,0,140,-4
22.295,0,-40,0,0,140,-4
22.311,0,-40,0,0,140,-4
22.327,0,-40,0,0,140,-4
22.343,0,-40,0,0,140,-4
22.359,0,-40,0,0,140,-4
22.375,0,-40,0,0,140,-4
22.391,0,-40,0,0,140,-4
22.408,0,-40,0,0,140,-4
22.413,0,-40,0,0,140,-4
22.440,0,-40,0,0,140,-4
22.456,0,-40,0,0,140,-4
22.472,0,-40,0,0,140,-4
22.479,0,-40,0,0,140,-4
22.489,0,-40,0,0,140,-4
22.504,0,-40,0,0,140,-4
22.509,0,-40,0,0,140,-4
22.519,0,-40,0,0,140,-4
22.535,0,-40,0,0,140,-4
22.540,0,-40,0,0,140,-4
22.550,0,-40,0,0,140,-4
22.566,0,-40,0,0,140,-4
22.582,0,-40,0,0,140,-4
22.598,0,-40,0,0,140,-4
22.616,0,-40,0,0,140,-4
22.630,0,-40,0,0,140,-4
22.635,0,-40,0,0,140,-4
22.662,0,-40,0,0,140,-4
22.678,0,-40,0,0,140,-4
22.694,0,-40,0,0,140,-4
22.710,0,-40,0,0,140,-4
22.726,0,-40,0,0,140,-4
22.742,0,-40,0,0,140,-4
22.758,0,-40,0,0,140,-4
22.770,0,-40,0,0,140,-4
22.783,0,-40,0,0,140,-4
22.790,0,-40,0,0,140,-4
22.807,0,-40,0,0,140,-4
22.823,0,-40,0,0,140,-4
22.839,0,-40,0,0,140,-4
22.855,0,-40,0,0,140,-4
22.870,0,-40,0,0,140,-4
22.886,0,-40,0,0,140,-4
22.902,0,-40,0,0,140,-4
22.918,0,-40,0,0,140,-4
22.934,0,-40,0,0,140,-4
22.943,0,-40,0,0,140,-4
22.966,0,-40,0,0,140,-4
22.971,0,-40,0,0,140,-4
22.982,0,-40,0,0,140,-4
22.998,0,-40,0,0,140,-4
23.008,0,-40,0,0,140,-4
23.029,0,-40,0,0,140,-4
23.034,0,-40,0,0,140,-4
23.061,0,-40,0,0,140,-4
23.077,0,-40,0,0,140,-4
23.092,0,-40,0,0,140,-4
23.099,0,-40,0,0,140,-4
23.108,0,-40,0,0,140,-4
23.124,0,0,0,0,140,-4
23.140,0,0,0,0,140,-4
23.156,0,0,0,0,140,-4
23.172,0,0,0,0,140,-4
23.189,0,0,0,0,140,-4
23.205,0,0,0,0,140,-4
23.221,0,0,0,0,140,-4
23.239,0,0,0,0,140,-4
23.253,0,0,0,0,140,-4
23.269,0,0,0,0,140,-4
23.285,0,0,0,0,140,-4
23.301,0,0,0,0,140,-4
23.317,0,0,0,0,140,-4
23.333,0,0,0,0,140,-4
23.348,0,0,0,0,130,-4
23.365,0,0,0,0,130,-4
23.383,0,0,0,0,130,-4
23.397,0,0,0,0,130,-4
23.413,0,0,0,0,130,-4
23.429,0,0,0,0,130,-4
23.445,0,0,0,0,130,-4
23.461,0,0,0,0,130,-4
23.477,0,0,0,0,130,-4
23.493,0,0,0,0,130,-4
23.509,0,0,0,0,130,-4
23.541,0,0,0,0,130,-4
23.557,0,0,0,0,130,-3
23.573,0,0,0,0,130,-3
23.589,0,0,0,0,130,-3
23.605,0,0,0,0,130,-3
23.621,0,0,0,0,130,-3
23.637,0,0,0,0,130,-3
23.653,0,0,0,0,130,-3
23.669,0,0,0,0,130,-3
23.674,0,0,0,0,130,-4
23.702,0,0,0,0,130,-4
23.717,0,0,0,0,130,-4
23.733,0,0,0,0,130,-4
23.749,0,0,0,0,130,-4
23.765,0,0,0,0,130,-4
23.781,0,0,0,0,130,-4
23.796,0,0,0,0,130,-4
23.813,0,0,0,0,130,-4
23.828,0,0,0,0,130,-4
23.845,0,0,0,0,130,-4
23.860,0,0,0,0,130,-4
23.876,0,0,0,0,130,-4
23.892,0,0,0,0,130,-4
23.908,0,0,0,0,130,-4
23.924,0,0,0,0,130,-4
23.940,0,0,0,0,130,-4
23.957,0,0,0,0,130,-4
23.972,0,0,0,0,130,-4
23.988,0,0,0,0,130,-4
24.004,0,0,0,0,140,-4
24.020,0,0,0,0,140,-4
24.036,0,0,0,0,140,-4
24.053,0,0,0,0,140,-4
24.068,0,0,0,0,140,-4
24.085,0,0,0,0,140,-4
24.101,0,0,0,0,140,-4
24.117,0,0,0,0,140,-4
24.133,0,0,0,0,140,-4
24.149,0,0,0,0,140,-4
24.165,0,0,0,0,140,-4
24.181,0,0,0,0,140,-4
24.197,0,0,0,0,140,-4
24.213,0,0,0,0,140,-4
24.229,0,0,0,0,140,-4
24.245,0,0,0,0,140,-4
24.261,0,0,0,0,140,-4
24.277,0,0,0,0,140,-4
24.286,0,-40,0,0,140,-4
24.293,0,-40,0,0,140,-4
24.309,0,-40,0,0,140,-4
24.325,0,-40,0,0,140,-4
24.344,0,-40,0,0,140,-4
24.358,0,-40,0,0,140,-4
24.374,0,-40,0,0,140,-4
24.390,0,-40,0,0,140,-4
24.398,0,-40,0,0,140,-4
24.414,0,-40,0,0,140,-4
24.429,0,-40,0,0,140,-4
24.445,0,-40,0,0,140,-4
24.457,0,-40,0,0,140,-4
24.465,0,-40,0,0,140,-4
24.488,0,-40,0,0,140,-4
24.504,0,-40,0,0,140,-4
24.521,0,-40,0,0,140,-4
24.537,0,-40,0,0,140,-4
24.553,0,-40,0,0,140,-4
24.569,0,-40,0,0,140,-4
24.580,0,-40,0,0,140,-4
24.600,0,-40,0,0,140,-4
24.616,0,-40,0,0,140,-4
24.633,0,-40,0,0,140,-4
24.649,0,-40,0,0,140,-4
24.664,0,-40,0,0,140,-4
24.680,0,-40,0,0,140,-4
24.696,0,-40,0,0,140,-4
24.712,0,-40,0,0,140,-4
24.728,0,-40,0,0,140,-4
24.744,0,-40,0,0,140,-4
24.760,0,-40,0,0,140,-4
24.776,0,-40,0,0,140,-4
24.792,0,-40,0,0,140,-4
24.798,0,-40,0,0,140,-4
24.825,0,-40,0,0,140,-4
24.840,0,-40,0,0,140,-4
24.856,0,-40,0,0,140,-4
24.865,0,-40,0,0,140,-4
24.882,0,-40,0,0,140,-4
24.898,0,-40,0,0,140,-4
24.902,0,-40,0,0,140,-4
24.929,0,-40,0,0,140,-4
24.934,0,-40,0,0,140,-4
24.945,0,-40,0,0,140,-4
24.961,0,-40,0,0,140,-4
24.966,0,-40,0,0,140,-4
24.993,0,-40,0,0,140,-4
25.003,0,-40,0,0,140,-4
25.025,0,-40,0,0,140,-4
25.040,0,-40,0,0,140,-4
25.056,0,-40,0,0,140,-4
25.065,0,-40,0,0,140,-4
25.071,0,-40,0,0,140,-4
25.081,0,-40,0,0,140,-4
25.097,0,-40,0,0,150,-4
25.112,0,-40,0,0,150,-4
25.130,0,-40,0,0,150,-4
25.140,0,-40,0,0,150,-4
25.145,0,-40,0,0,150,-4
25.161,0,-40,0,0,150,-4
25.166,0,-40,0,0,150,-4
25.176,0,-40,0,0,150,-4
25.193,0,-40,0,0,150,-4
25.205,0,-40,0,0,150,-4
25.225,0,-40,0,0,140,-4
25.231,0,-40,0,0,140,-4
25.241,0,-40,0,0,140,-4
25.257,0,-40,0,0,140,-4
25.262,0,-40,0,0,140,-4
25.281,0,-40,0,0,140,-4
25.297,0,-40,0,0,140,-4
25.308,0,-40,0,0,140,-4
25.329,0,-40,0,0,140,-4
25.345,0,-40,0,0,140,-4
25.361,0,-40,0,0,140,-4
25.378,0,-40,0,0,140,-4
25.392,0,-40,0,0,140,-4
25.399,0,-40,0,0,140,-4
25.417,0,-40,0,0,140,-4
25.424,0,-40,0,0,140,-4
25.429,0,-40,0,0,140,-4
25.440,0,-40,0,0,140,-4
25.448,0,-40,0,0,140,-4
25.464,0,-40,0,0,140,-4
25.481,0,-40,0,0,140,-4
25.488,0,-40,0,0,140,-4
25.512,0,0,0,0,140,-4
25.528,0,0,0,0,140,-4
25.544,0,0,0,0,140,-4
25.560,0,0,0,0,140,-4
25.576,0,0,0,0,140,-4
25.592,0,0,0,0,140,-4
25.608,0,0,0,0,140,-4
25.624,0,0,0,0,140,-4
25.635,0,0,0,0,140,-4
25.665,0,0,0,0,140,-4
25.677,0,0,0,0,140,-4
25.693,0,0,0,0,140,-4
25.709,0,0,0,0,140,-4
25.725,0,0,0,0,140,-4
25.741,0,0,0,0,140,-4
25.757,0,0,0,0,140,-4
25.773,0,0,0,0,140,-4
25.789,0,0,0,0,140,-4
25.805,0,0,0,0,140,-4
25.822,0,0,0,0,140,-4
25.838,0,0,0,0,140,-4
25.854,0,0,0,0,140,-4
25.870,0,0,0,0,140,-4
25.886,0,0,0,0,140,-4
25.901,0,0,0,0,140,-4
25.917,0,0,0,0,140,-4
25.933,0,0,0,0,140,-4
25.949,0,0,0,0,140,-4
25.965,0,0,0,0,140,-4
25.977,0,0,0,0,140,-4
25.997,0,0,0,0,140,-4
26.013,0,0,0,0,140,-4
26.028,0,0,0,0,140,-4
26.044,0,0,0,0,140,-4
26.060,0,0,0,0,140,-4
26.076,0,0,0,0,140,-4
26.094,0,0,0,0,140,-4
26.109,0,0,0,0,140,-4
26.125,0,0,0,0,140,-4
26.141,0,0,0,0,140,-4
26.157,0,0,0,0,140,-4
26.173,0,0,0,0,140,-4
26.189,0,0,0,0,140,-4
26.204,0,0,0,0,140,-4
26.220,0,0,0,0,140,-4
26.236,0,0,0,0,140,-4
26.251,0,0,0,0,140,-4
26.268,0,0,0,0,140,-4
26.284,0,0,0,0,140,-4
26.300,0,0,0,0,140,-4
26.316,0,0,0,0,140,-4
26.332,0,0,0,0,140,-4
26.348,0,0,0,0,140,-4
26.364,0,0,0,0,140,-4
26.380,0,0,0,0,140,-4
26.396,0,0,0,0,140,-4
26.412,0,0,0,0,140,-4
26.427,0,0,0,0,140,-4
26.443,0,0,0,0,140,-4
26.459,0,0,0,0,140,-4
26.475,0,0,0,0,140,-4
26.490,0,0,0,0,140,-4
26.506,0,0,0,0,140,-4
26.523,0,0,0,0,140,-4
26.539,0,0,0,0,140,-4
26.555,0,0,0,0,140,-4
26.571,0,0,0,0,140,-4
26.587,0,0,0,0,140,-4
26.603,0,0,0,0,140,-4
26.620,0,0,0,0,140,-4
26.635,0,0,0,0,140,-4
26.652,0,0,0,0,150,-4
26.668,0,0,0,0,150,-4
26.683,0,0,0,0,150,-4
26.699,0,0,0,0,150,-4
26.715,0,0,0,0,150,-4
26.731,0,0,0,0,150,-4
26.747,0,0,0,0,150,-4
26.763,0,0,0,0,150,-4
26.779,0,0,0,0,150,-4
26.795,0,0,0,0,150,-4
26.811,0,0,0,0,150,-4
26.827,0,0,0,0,150,-4
26.831,40,0,0,0,150,-4
26.858,40,0,0,0,150,-4
26.876,40,0,0,0,150,-4
26.890,40,0,0,0,150,-4
26.909,40,0,0,0,150,-4
26.923,40,0,0,0,150,-4
26.939,40,0,0,0,150,-4
26.955,40,0,0,0,150,-4
26.971,40,0,0,0,150,-4
26.987,40,0,0,0,150,-4
27.003,40,0,0,0,150,-4
27.019,40,0,0,0,150,-4
27.034,40,0,0,0,150,-4
27.051,40,0,0,0,150,-4
27.056,40,0,0,0,150,-4
27.083,40,0,0,0,150,-4
27.099,40,0,0,0,150,-4
27.115,40,0,0,0,150,-4
27.131,40,0,0,0,150,-4
27.142,40,0,0,0,150,-4
27.163,40,0,0,0,150,-4
27.179,40,0,0,0,150,-4
27.195,40,0,0,0,150,-3
27.211,40,0,0,0,150,-3
27.227,40,0,0,0,150,-3
27.243,40,0,0,0,150,-3
27.259,40,0,0,0,150,-3
27.274,40,0,0,0,150,-3
27.290,40,0,0,0,150,-3
27.306,40,0,0,0,150,-3
27.322,40,0,0,0,150,-3
27.338,40,0,0,0,150,-3
27.343,40,0,0,0,150,-3
27.354,40,0,0,0,150,-3
27.369,40,0,0,0,150,-3
27.385,40,0,0,0,150,-3
27.401,40,0,0,0,150,-3
27.409,40,0,0,0,150,-3
27.434,40,0,0,0,150,-3
27.450,40,0,0,0,150,-3
27.466,40,0,0,0,150,-3
27.477,0,0,0,0,150,-3
27.498,0,0,0,0,150,-3
27.514,0,0,0,0,150,-3
27.530,0,0,0,0,150,-3
27.547,0,0,0,0,150,-3
27.562,0,0,0,0,150,-3
27.578,0,0,0,0,150,-3
27.594,0,0,0,0,150,-3
27.610,0,0,0,0,150,-3
27.626,0,0,0,0,150,-3
27.642,0,0,0,0,150,-3
27.658,0,0,0,0,150,-3
27.674,0,0,0,0,150,-3
27.690,0,0,0,0,150,-3
27.706,0,0,0,0,150,-3
27.722,0,0,0,0,150,-3
27.739,0,0,0,0,150,-3
27.771,0,0,0,0,150,-4
27.787,0,0,0,0,150,-4
27.803,0,0,0,0,150,-4
27.819,0,0,0,0,150,-4
27.835,0,0,0,0,150,-4
27.851,0,0,0,0,150,-4
27.863,0,0,0,0,150,-4
27.883,0,0,0,0,150,-4
27.899,0,0,0,0,150,-4
27.915,0,0,0,0,150,-4
27.931,0,0,0,0,150,-4
27.947,0,0,0,0,150,-4
27.963,0,0,0,0,150,-4
27.979,0,0,0,0,150,-4
27.995,0,0,0,0,150,-4
28.011,0,0,0,0,150,-4
28.027,0,0,0,0,150,-4
28.043,0,0,0,0,150,-4
28.059,0,0,0,0,150,-4
28.075,0,0,0,0,150,-4
28.091,0,0,0,0,150,-4
28.107,0,0,0,0,150,-4
28.123,0,0,0,0,150,-4
28.143,0,0,0,0,150,-4
28.158,0,0,0,0,150,-4
28.172,0,0,0,0,150,-4
28.186,0,0,0,0,150,-4
28.203,0,0,0,0,150,-4
28.219,0,0,0,0,150,-4
28.237,0,0,0,0,150,-4
28.243,0,0,0,0,150,-4
28.267,0,0,0,0,150,-4
28.279,0,0,0,0,150,-4
28.298,0,0,0,0,150,-4
28.314,0,0,0,0,150,-4
28.330,0,0,0,0,150,-4
28.346,0,0,0,0,150,-4
28.362,0,0,0,0,150,-4
28.394,0,0,0,0,150,-4
28.405,0,0,0,0,150,-4
28.425,0,0,0,0,150,-4
28.430,0,0,0,0,150,-4
28.457,0,0,0,0,150,-4
28.473,0,0,0,0,150,-4
28.486,0,0,0,0,150,-4
28.505,0,0,0,0,150,-4
28.517,0,0,0,0,150,-4
28.537,0,0,0,0,150,-4
28.548,0,0,0,0,150,-4
28.569,0,0,0,0,150,-4
28.583,0,0,0,0,150,-4
28.601,0,0,0,0,150,-4
28.618,0,0,0,0,150,-4
28.634,0,0,0,0,150,-4
28.650,0,0,0,0,150,-4
28.657,0,0,0,0,150,-4
28.681,0,0,0,0,150,-4
28.695,0,0,0,0,150,-4
28.714,0,0,0,0,150,-4
28.727,0,0,0,0,150,-4
28.746,0,0,0,0,150,-4
28.762,0,0,0,0,150,-4
28.778,0,0,0,0,150,-4
28.791,0,0,0,0,150,-4
28.809,0,0,0,0,150,-4
28.825,0,0,0,0,150,-4
28.836,0,0,0,0,150,-4
28.857,0,0,0,0,150,-4
28.873,0,0,0,0,150,-4
28.889,0,0,0,0,150,-4
28.905,0,0,0,0,150,-4
28.922,0,0,0,0,150,-4
28.937,0,0,0,0,150,-4
28.953,0,0,0,0,150,-4
28.969,0,0,0,0,150,-4
28.985,0,0,0,0,150,-4
29.001,0,0,0,0,150,-4
29.017,0,0,0,0,150,-4
29.033,0,0,0,0,150,-4
29.049,0,0,0,0,150,-4
29.065,0,0,0,0,150,-4
29.081,0,0,0,0,150,-4
29.097,0,0,0,0,150,-4
29.113,0,0,0,0,150,-4
29.129,0,0,0,0,150,-4
29.145,0,0,0,0,150,-4
29.162,0,0,0,0,150,-4
29.177,0,0,0,0,150,-4
29.193,0,0,0,0,150,-4
29.209,0,0,0,0,150,-4
29.225,0,0,0,0,150,-4
29.241,0,0,0,0,150,-4
29.257,0,0,0,0,150,-4
29.273,0,0,0,0,150,-4
29.289,0,0,0,0,150,-4
29.305,0,0,0,0,150,-4
29.321,0,0,0,0,150,-4
29.337,0,0,0,0,150,-4
29.353,0,0,0,0,150,-4
29.369,0,0,0,0,150,-4
29.385,0,0,0,0,150,-4
29.401,0,0,0,0,150,-4
29.417,0,0,0,0,150,-4
29.433,0,0,0,0,150,-4
29.449,0,0,0,0,150,-4
29.464,0,0,0,0,150,-4
29.480,0,0,0,0,150,-4
29.512,0,0,0,0,150,-4
29.528,0,0,0,0,150,-4
29.544,0,0,0,0,150,-4
29.560,0,0,0,0,150,-4
29.576,0,0,0,0,150,-4
29.592,0,0,0,0,150,-4
29.608,0,0,0,0,150,-4
29.624,0,0,0,0,150,-4
29.640,0,0,0,0,150,-4
29.656,0,0,0,0,150,-3
29.674,0,0,0,0,150,-3
29.688,0,0,0,0,150,-3
29.704,0,0,0,0,150,-3
29.720,0,0,0,0,150,-3
29.736,0,0,0,0,150,-3
29.752,0,0,0,0,150,-3
29.768,0,0,0,0,150,-3
29.784,0,0,0,0,150,-4
29.800,0,0,0,0,150,-4
29.816,0,0,0,0,150,-4
29.832,0,0,0,0,150,-4
29.848,0,0,0,0,150,-4
29.863,0,0,0,0,150,-4
29.879,0,0,0,0,150,-4
29.896,0,0,0,0,150,-4
29.907,0,0,0,0,150,-4
29.927,0,0,0,0,150,-4
29.943,0,0,0,0,150,-4
29.960,0,0,0,0,150,-4
29.976,0,0,0,0,150,-4
29.993,0,0,0,0,150,-4
30.008,0,0,0,0,150,-4
30.024,0,0,0,0,150,-4
30.040,0,0,0,0,150,-4
30.056,0,0,0,0,150,-4
30.072,0,0,0,0,150,-4
30.088,0,0,0,0,150,-4
30.104,0,0,0,0,150,-4
30.120,0,0,0,0,150,-4
30.136,0,0,0,0,150,-4
30.152,0,0,0,0,150,-4
30.168,0,0,0,0,150,-4
30.184,0,0,0,0,150,-4
30.200,0,0,0,0,150,-4
30.216,0,0,0,0,150,-4
30.232,0,0,0,0,150,-4
30.248,0,0,0,0,150,-4
30.264,0,0,0,0,150,-4
30.282,0,0,0,0,150,-4
30.296,0,0,0,0,150,-4
30.312,0,0,0,0,150,-4
30.323,0,0,0,0,150,-4
30.343,0,0,0,0,150,-4
30.360,0,0,0,0,150,-4
30.375,0,0,0,0,150,-4
30.391,0,0,0,0,150,-4
30.408,0,0,0,0,150,-4
30.424,0,0,0,0,150,-4
30.440,0,0,0,0,150,-4
30.456,0,0,0,0,150,-4
30.472,0,0,0,0,150,-4
30.488,0,0,0,0,150,-4
30.504,0,0,0,0,150,-4
30.520,0,0,0,0,150,-4
30.536,0,0,0,0,150,-4
30.552,0,0,0,0,150,-4
30.568,0,0,0,0,150,-4
30.584,0,0,0,0,150,-4
30.600,0,0,0,0,150,-4
30.605,0,0,0,0,150,-4
30.632,0,0,0,0,150,-4
30.647,0,0,0,0,150,-4
30.663,0,0,0,0,150,-4
30.679,0,0,0,0,150,-4
30.695,0,0,0,0,150,-4
30.711,0,0,0,0,150,-4
30.716,0,0,0,0,150,-4
30.743,0,0,0,0,150,-4
30.759,0,0,0,0,150,-4
30.774,0,0,0,0,150,-4
30.791,0,0,0,0,150,-4
30.807,0,0,0,0,150,-4
30.823,0,0,0,0,150,-4
30.839,0,0,0,0,150,-4
30.855,0,0,0,0,150,-4
30.870,0,0,0,0,150,-4
30.886,0,0,0,0,150,-4
30.902,0,0,0,0,150,-4
30.918,0,0,0,0,150,-4
30.934,0,0,0,0,150,-4
30.951,0,0,0,0,150,-4
30.967,0,0,0,0,150,-4
30.982,0,0,0,0,150,-4
30.998,0,0,0,0,150,-4
31.225,0,0,0,0,150,-4
31.254,0,0,0,0,150,-4
31.270,0,0,0,0,150,-4
31.279,0,0,0,0,150,-4
31.303,0,0,0,0,150,-4
31.318,0,0,0,0,150,-4
31.334,0,0,0,0,150,-4
31.340,0,0,0,0,150,-4
31.365,0,0,0,0,150,-4
31.375,0,0,0,0,150,-4
31.383,0,0,0,0,150,-4
31.398,0,0,0,0,150,-4
31.414,0,0,0,0,150,-4
31.432,0,0,0,0,150,-4
31.446,0,0,0,0,150,-4
31.462,0,0,0,0,150,-4
31.477,0,0,0,0,150,-4
31.494,0,0,0,0,150,-4
31.511,0,0,0,0,150,-4
31.527,0,0,0,0,150,-4
31.543,0,0,0,0,150,-4
31.559,0,0,0,0,150,-4
31.575,0,0,0,0,140,-4
31.591,0,0,0,0,140,-4
31.607,0,0,0,0,140,-4
31.624,0,0,0,0,140,-4
31.640,0,0,0,0,140,-4
31.655,0,0,0,0,140,-4
31.671,0,0,0,0,140,-4
31.687,0,0,0,0,140,-4
31.703,0,0,0,0,140,-4
31.719,0,0,0,0,140,-4
31.735,0,0,0,0,140,-4
31.751,0,0,0,0,140,-4
31.766,0,0,0,0,140,-4
31.782,0,0,0,0,140,-4
31.798,0,0,0,0,140,-4
31.814,0,0,0,0,140,-4
31.830,0,0,0,0,140,-4
31.846,0,0,0,0,140,-4
31.863,0,0,0,0,140,-4
31.872,0,0,0,0,140,-4
31.894,0,0,0,0,140,-4
31.910,0,0,0,0,140,-4
31.926,0,0,0,0,140,-4
31.942,0,0,0,0,140,-4
31.958,0,0,0,0,140,-4
31.974,0,0,0,0,140,-4
31.990,0,0,0,0,140,-4
32.007,0,0,0,0,140,-4
32.031,0,0,0,0,140,-4
32.046,0,0,0,0,140,-4
32.062,0,0,0,0,140,-4
32.078,0,0,0,0,140,-4
32.094,0,0,0,0,140,-4
32.110,0,0,0,0,140,-4
32.126,0,0,0,0,140,-4
32.141,0,0,0,0,140,-4
32.157,0,0,0,0,140,-4
32.169,0,0,0,0,140,-4
32.197,0,0,0,0,140,-4
32.215,0,0,0,0,140,-4
32.229,0,0,0,0,140,-4
32.246,0,0,0,0,140,-4
32.261,0,0,0,0,140,-4
32.277,0,0,0,0,140,-4
32.293,0,0,0,0,140,-4
32.308,0,0,0,0,140,-4
32.324,0,0,0,0,140,-4
32.340,0,0,0,0,140,-4
32.348,0,0,0,0,140,-4
32.364,0,0,0,0,140,-4
32.379,0,0,0,0,140,-4
32.396,0,0,0,0,140,-4
32.411,0,0,0,0,140,-4
32.427,0,0,0,0,140,-4
32.443,0,0,0,0,140,-4
32.459,0,0,0,0,140,-4
32.475,0,0,0,0,140,-4
32.491,0,0,0,0,140,-4
32.507,0,0,0,0,140,-4
32.523,0,0,0,0,140,-4
32.533,0,0,0,0,140,-4
32.547,0,0,0,0,140,-4
32.565,0,0,0,0,140,-4
32.579,0,0,0,0,140,-4
32.595,0,0,0,0,140,-4
32.611,0,0,0,0,140,-4
32.627,0,0,0,0,140,-4
32.643,0,0,0,0,140,-4
32.659,0,0,0,0,140,-4
32.675,0,0,0,0,140,-4
32.698,0,0,0,0,140,-4
32.709,0,0,0,0,140,-4
32.725,0,0,0,0,140,-4
32.741,0,0,0,0,140,-4
32.757,0,0,0,0,140,-4
32.773,0,0,0,0,140,-4
32.789,0,0,0,0,140,-4
32.805,0,0,0,0,140,-4
32.809,0,0,0,0,140,-4
32.836,0,0,0,0,140,-4
32.852,0,0,0,0,140,-4
32.868,0,0,0,0,140,-4
32.884,0,0,0,0,140,-4
32.900,0,0,0,0,140,-4
32.916,0,0,0,0,140,-4
32.932,0,0,0,0,140,-4
32.949,0,0,0,0,140,-4
32.961,0,0,0,0,140,-4
32.980,0,0,0,0,140,-4
32.997,0,0,0,0,140,-4
33.012,0,0,0,0,140,-4
33.028,0,0,0,0,140,-4
33.044,0,0,0,0,140,-4
33.062,0,0,0,0,140,-4
33.076,0,0,0,0,140,-4
33.092,0,0,0,0,140,-4
33.125,0,0,0,0,140,-4
33.141,0,0,0,0,140,-4
33.157,0,0,0,0,140,-4
33.173,0,0,0,0,140,-4
33.189,0,0,0,0,140,-4
33.206,0,0,0,0,140,-4
33.222,0,0,0,0,140,-4
33.238,0,0,0,0,140,-4
33.254,0,0,0,0,140,-4
33.270,0,0,0,0,140,-4
33.287,0,0,0,0,140,-4
33.303,0,0,0,0,140,-4
33.319,0,0,0,0,140,-4
33.335,0,0,0,0,140,-4
33.351,0,0,0,0,140,-4
33.367,0,0,0,0,140,-4
33.383,0,0,0,0,140,-4
33.399,0,0,0,0,140,-4
33.415,0,0,0,0,140,-4
33.431,0,0,0,0,140,-4
33.447,0,0,0,0,140,-4
33.463,0,0,0,0,140,-4
33.479,0,0,0,0,140,-4
33.495,0,0,0,0,140,-4
33.511,0,0,0,0,140,-4
33.527,0,0,0,0,140,-4
33.543,0,0,0,0,140,-4
33.559,0,0,0,0,140,-4
33.575,0,0,0,0,140,-4
33.590,0,0,0,0,140,-4
33.607,0,0,0,0,140,-4
33.624,0,0,0,0,140,-4
33.639,0,0,0,0,140,-4
33.655,0,0,0,0,140,-4
33.687,0,0,0,0,140,-4
33.703,0,0,0,0,140,-4
33.719,0,0,0,0,140,-4
33.735,0,0,0,0,140,-4
33.751,0,0,0,0,140,-4
33.767,0,0,0,0,140,-4
33.784,0,0,0,0,140,-4
33.800,0,0,0,0,140,-4
33.815,0,0,0,0,140,-4
33.831,0,0,0,0,140,-4
33.847,0,0,0,0,140,-4
33.863,0,0,0,0,140,-4
33.879,0,0,0,0,140,-4
33.895,0,0,0,0,140,-4
33.911,0,0,0,0,140,-4
33.927,0,0,0,0,140,-4
33.943,0,0,0,0,140,-4
33.959,0,0,0,0,140,-4
33.975,0,0,0,0,140,-4
33.991,0,0,0,0,140,-4
34.007,0,0,0,0,140,-4
34.023,0,0,0,0,140,-4
34.038,0,0,0,0,140,-4
34.054,0,0,0,0,140,-4
34.070,0,0,0,0,140,-4
34.086,0,0,0,0,140,-4
34.102,0,0,0,0,140,-4
34.118,0,0,0,0,140,-4
34.134,0,0,0,0,140,-4
34.150,0,0,0,0,140,-4
34.166,0,0,0,0,140,-4
34.182,0,0,0,0,140,-4
34.198,0,0,0,0,140,-4
34.214,0,0,0,0,140,-4
34.230,0,0,0,0,140,-4
34.246,0,0,0,0,140,-4
34.262,0,0,0,0,140,-4
34.278,0,0,0,0,140,-4
34.294,0,0,0,0,140,-4
34.310,0,0,0,0,140,-4
34.326,0,0,0,0,140,-4
34.342,0,0,0,0,140,-4
34.358,0,0,0,0,140,-4
34.374,0,0,0,0,140,-4
34.390,0,0,0,0,140,-4
34.406,0,0,0,0,140,-4
34.422,0,0,0,0,140,-4
34.438,0,0,0,0,140,-4
34.453,0,0,0,0,140,-4
34.463,0,0,0,0,140,-4
34.479,0,0,0,0,140,-4
34.495,0,0,0,0,140,-4
34.512,0,0,0,0,140,-4
34.527,0,0,0,0,140,-4
34.543,0,0,0,0,140,-4
34.559,0,0,0,0,140,-4
34.575,0,0,0,0,140,-4
34.591,0,0,0,0,140,-4
34.607,0,0,0,0,140,-4
34.623,0,0,0,0,140,-4
34.639,0,0,0,0,140,-4
34.655,0,0,0,0,140,-4
34.672,0,0,0,0,140,-4
34.695,0,0,0,0,140,-4
34.711,0,0,0,0,140,-4
34.726,0,0,0,0,140,-4
34.742,0,0,0,0,140,-4
34.758,0,0,0,0,140,-4
34.774,0,0,0,0,140,-4
34.790,0,0,0,0,140,-4
34.806,0,0,0,0,140,-4
34.822,0,0,0,0,140,-4
34.838,0,0,0,0,140,-4
34.854,0,0,0,0,140,-4
34.870,0,0,0,0,140,-4
34.886,0,0,0,0,140,-4
34.902,0,0,0,0,140,-4
34.918,0,0,0,0,140,-4
34.934,0,0,0,0,140,-4
34.950,0,0,0,0,140,-4
34.966,0,0,0,0,140,-4
34.981,0,0,0,0,140,-4
34.998,0,0,0,0,140,-4
35.014,0,0,0,0,140,-4
35.030,0,0,0,0,140,-4
35.046,0,0,0,0,140,-4
35.062,0,0,0,0,140,-4
35.071,0,0,0,0,140,-4
35.078,0,0,0,0,140,-4
35.094,0,0,0,0,140,-4
35.102,0,0,0,0,140,-4
35.115,0,0,0,0,140,-4
35.131,0,0,0,0,140,-4
35.147,0,0,0,0,140,-4
35.163,0,0,0,0,140,-4
35.179,0,0,0,0,140,-4
35.195,0,0,0,0,140,-4
35.211,0,0,0,0,140,-4
35.221,0,0,0,0,140,-4
35.230,0,0,0,0,140,-4
35.243,0,0,0,0,140,-4
35.261,0,0,0,0,140,-4
35.277,0,0,0,0,140,-4
35.293,0,0,0,0,140,-4
35.309,0,0,0,0,140,-4
35.325,0,0,0,0,140,-4
35.341,0,0,0,0,140,-4
35.357,0,0,0,0,140,-4
35.373,0,0,0,0,140,-4
35.389,0,0,0,0,140,-4
35.404,0,0,0,0,140,-4
35.421,0,0,0,0,140,-3
35.436,0,0,0,0,140,-3
35.452,0,0,0,0,140,-3
35.468,0,0,0,0,140,-3
35.484,0,0,0,0,140,-3
35.501,0,0,0,0,140,-3
35.517,0,0,0,0,140,-3
35.534,0,0,0,0,140,-3
35.549,0,0,0,0,140,-3
35.565,0,0,0,0,140,-3
35.581,0,0,0,0,140,-3
35.596,0,0,0,0,140,-3
35.612,0,0,0,0,140,-3
35.628,0,0,0,0,140,-3
35.644,0,0,0,0,140,-3
35.660,0,0,0,0,140,-3
35.676,0,0,0,0,140,-3
35.692,0,0,0,0,140,-3
35.708,0,0,0,0,140,-3
35.726,0,0,0,0,140,-3
35.740,0,0,0,0,140,-3
35.756,0,0,0,0,140,-4
35.780,0,0,0,0,140,-4
35.796,0,0,0,0,140,-4
35.812,0,0,0,0,140,-4
35.828,0,0,0,0,140,-4
35.845,0,0,0,0,140,-4
35.861,0,0,0,0,140,-4
35.877,0,0,0,0,140,-4
35.892,0,0,0,0,140,-4
35.908,0,0,0,0,140,-4
35.924,0,0,0,0,140,-4
35.948,0,0,0,0,140,-4
35.965,0,0,0,0,140,-4
35.980,0,0,0,0,140,-3
35.996,0,0,0,0,140,-3
36.012,0,0,0,0,140,-3
36.028,0,0,0,0,140,-3
36.044,0,0,0,0,140,-3
36.057,0,0,0,0,140,-3
36.065,0,0,0,0,140,-3
36.084,0,0,0,0,140,-3
36.091,0,0,0,0,140,-3
36.107,0,0,0,0,140,-3
36.118,0,0,0,0,140,-3
36.131,0,0,0,0,140,-3
36.148,0,0,0,0,140,-3
36.161,0,0,0,0,140,-3
36.179,0,0,0,0,140,-3
36.186,0,0,0,0,140,-3
36.210,0,0,0,0,140,-3
36.226,0,0,0,0,140,-3
36.242,0,0,0,0,140,-3
36.258,0,0,0,0,140,-3
36.275,0,0,0,0,140,-3
36.283,0,0,0,0,140,-3
36.298,0,0,0,0,140,-3
36.314,0,0,0,0,140,-3
36.330,0,0,0,0,140,-3
36.346,0,0,0,0,140,-3
36.358,0,0,0,0,140,-3
36.377,0,0,0,0,140,-3
36.393,0,0,0,0,140,-3
36.403,0,0,0,0,140,-3
36.415,0,0,0,0,140,-3
36.431,0,0,0,0,140,-3
36.444,0,0,0,0,140,-3
36.463,0,0,0,0,140,-3
36.479,0,0,0,0,140,-3
36.495,0,0,0,0,140,-3
36.511,0,0,0,0,140,-4
36.535,0,0,0,0,140,-4
36.540,0,0,0,0,140,-4
36.565,0,0,0,0,140,-4
36.577,0,0,0,0,140,-4
36.597,0,0,0,0,140,-4
36.605,0,0,0,0,140,-4
36.614,0,0,0,0,140,-4
36.630,0,0,0,0,140,-4
36.641,0,0,0,0,140,-4
36.655,0,0,0,0,140,-4
36.671,0,0,0,0,140,-4
36.679,0,0,0,0,140,-4
36.703,0,0,0,0,140,-4
36.708,0,0,0,0,140,-4
36.735,0,0,0,0,140,-4
36.750,0,0,0,0,140,-4
36.766,0,0,0,0,140,-4
36.782,0,0,0,0,140,-4
36.797,0,0,0,0,140,-4
36.813,0,0,0,0,140,-4
36.823,0,0,0,0,140,-3
36.844,0,0,0,0,140,-3
36.860,0,0,0,0,140,-3
36.876,0,0,0,0,140,-3
36.887,0,0,0,0,140,-3
36.908,0,0,0,0,140,-3
36.924,0,0,0,0,140,-3
36.940,0,0,0,0,140,-3
36.956,0,0,0,0,140,-3
36.972,0,0,0,0,140,-3
36.988,0,0,0,0,140,-3
37.003,0,0,0,0,140,-3
37.016,0,0,0,0,140,-3
37.031,0,0,0,0,140,-4
37.045,0,0,0,0,140,-4
37.061,0,0,0,0,140,-4
37.077,0,0,0,0,140,-4
37.093,0,0,0,0,140,-4
37.109,0,0,0,0,140,-4
37.125,0,0,0,0,140,-4
37.135,0,0,0,0,140,-4
37.148,0,0,0,0,140,-4
37.164,0,0,0,0,140,-4
37.188,0,0,0,0,140,-4
37.214,0,0,0,0,140,-4
37.230,0,0,0,0,140,-4
37.248,0,0,0,0,140,-3
37.262,0,0,0,0,140,-3
37.278,0,0,0,0,140,-3
37.294,0,0,0,0,140,-3
37.300,0,0,0,0,140,-3
37.312,0,0,0,0,140,-3
37.325,0,0,0,0,140,-3
37.333,0,0,0,0,140,-3
37.351,0,0,0,0,140,-3
37.366,0,0,0,0,140,-3
37.378,0,0,0,0,140,-3
37.396,0,0,0,0,140,-3
37.412,0,0,0,0,140,-3
37.428,0,0,0,0,140,-3
37.443,0,0,0,0,140,-3
37.456,0,0,0,0,140,-3
37.478,0,0,0,0,140,-3
37.494,0,0,0,0,140,-3
37.510,0,0,0,0,140,-3
37.527,0,0,0,0,140,-3
37.542,0,0,0,0,140,-3
37.558,0,0,0,0,140,-4
37.575,0,0,0,0,140,-4
38.340,0,0,0,0,150,-3
38.371,0,0,0,0,150,-3
38.387,0,0,0,0,150,-3
38.403,0,0,0,0,150,-3
38.419,0,0,0,0,150,-3
38.435,0,0,0,0,150,-3
38.453,0,0,0,0,150,-3
38.467,0,0,0,0,150,-4
38.483,0,0,0,0,150,-4
38.499,0,0,0,0,150,-4
38.514,0,0,0,0,150,-4
38.530,0,0,0,0,150,-4
38.546,0,0,0,0,150,-4
38.571,0,0,0,0,150,-4
38.587,0,0,0,0,150,-4
38.598,0,0,0,0,150,-4
38.615,0,0,0,0,150,-4
38.628,0,0,0,0,150,-4
38.645,0,0,0,0,150,-4
38.662,0,0,0,0,150,-4
38.681,0,0,0,0,150,-4
38.694,0,0,0,0,150,-4
38.710,0,0,0,0,150,-4
38.726,0,0,0,0,150,-4
38.742,0,0,0,0,150,-4
38.758,0,0,0,0,150,-4
38.773,0,0,0,0,150,-4
38.789,0,0,0,0,150,-4
38.805,0,0,0,0,150,-4
38.821,0,0,0,0,150,-4
38.837,0,0,0,0,150,-4
38.853,0,0,0,0,150,-4
38.869,0,0,0,0,150,-4
38.883,0,0,0,0,150,-4
38.898,0,0,0,0,150,-4
38.914,0,0,0,0,150,-4
38.930,0,0,0,0,150,-4
38.946,0,0,0,0,150,-4
38.962,0,0,0,0,150,-4
38.977,0,0,0,0,150,-4
38.993,0,0,0,0,150,-4
39.009,0,0,0,0,150,-4
39.025,0,0,0,0,150,-4
39.041,0,0,0,0,150,-4
39.057,0,0,0,0,150,-4
39.066,0,0,0,0,150,-4
39.081,0,0,0,0,150,-4
39.098,0,0,0,0,150,-4
39.115,0,0,0,0,150,-4
39.131,0,0,0,0,150,-4
39.146,0,0,0,0,150,-4
39.162,0,0,0,0,150,-4
39.178,0,0,0,0,150,-4
39.194,0,0,0,0,150,-4
39.210,0,0,0,0,150,-4
39.226,0,0,0,0,150,-4
39.242,0,0,0,0,150,-4
39.257,0,0,0,0,150,-4
39.266,0,0,0,0,150,-4
39.281,0,0,0,0,150,-4
39.298,0,0,0,0,150,-4
39.313,0,0,0,0,150,-4
39.321,0,0,0,0,150,-4
39.331,0,0,0,0,150,-4
39.347,0,0,0,0,150,-4
39.373,0,0,0,0,150,-4
39.384,0,0,0,0,150,-4
39.416,0,0,0,0,150,-4
39.441,0,0,0,0,150,-4
39.457,0,0,0,0,150,-4
39.481,0,0,0,0,150,-4
39.498,0,0,0,0,150,-4
39.514,0,0,0,0,150,-4
39.523,0,0,0,0,150,-4
39.531,0,0,0,0,150,-4
39.548,0,0,0,0,150,-4
39.565,0,0,0,0,150,-4
39.573,0,0,0,0,150,-4
39.589,0,0,0,0,150,-4
39.598,0,0,0,0,150,-4
39.615,0,0,0,0,150,-4
39.625,0,0,0,0,150,-4
39.647,0,0,0,0,150,-4
39.665,0,0,0,0,150,-4
39.681,0,0,0,0,150,-4
39.699,0,0,0,0,150,-4
39.722,0,0,0,0,150,-4
39.739,0,0,0,0,150,-4
39.748,0,0,0,0,150,-4
39.756,0,0,0,0,150,-4
39.764,0,0,0,0,150,-4
39.781,0,0,0,0,150,-4
39.798,0,0,0,0,150,-4
39.813,0,0,0,0,150,-4
39.831,0,0,0,0,150,-4
39.848,0,0,0,0,150,-4
39.864,0,0,0,0,150,-4
39.881,0,0,0,0,150,-4
39.898,0,0,0,0,150,-4
39.915,0,0,0,0,150,-4
39.930,0,0,0,0,150,-4
39.948,0,0,0,0,150,-4
39.958,0,0,0,0,150,-4
39.966,0,0,0,0,150,-4
39.981,0,0,0,0,150,-4
39.998,0,0,0,0,150,-4
40.011,0,0,0,0,150,-4
40.024,0,0,0,0,150,-4
40.032,0,0,0,0,150,-4
40.057,0,0,0,0,150,-4
40.066,0,0,0,0,150,-4
40.074,0,0,0,0,150,-4
40.082,0,0,0,0,150,-4
40.098,0,0,0,0,150,-4
40.115,0,0,0,0,150,-4
40.131,0,0,0,0,150,-4
40.147,0,0,0,0,150,-4
40.164,0,0,0,0,150,-4
40.181,0,0,0,0,150,-4
40.191,0,0,0,0,150,-4
40.200,0,0,0,0,150,-4
40.217,0,0,0,0,150,-4
40.232,0,0,0,0,150,-4
40.250,0,0,0,0,150,-4
40.266,0,0,0,0,150,-4
40.283,0,0,0,0,150,-4
40.298,0,0,0,0,150,-4
40.308,0,0,0,0,150,-4
40.316,0,0,0,0,150,-4
40.333,0,0,0,0,150,-4
40.358,0,0,0,0,150,-4
40.367,0,0,0,0,150,-4
40.375,0,0,0,0,150,-4
40.391,0,0,0,0,150,-4
40.408,0,0,0,0,150,-4
40.422,0,0,0,0,150,-4
40.433,0,0,0,0,150,-4
40.443,0,0,0,0,150,-4
40.457,0,0,0,0,150,-4
40.476,0,0,0,0,150,-4
40.489,0,0,0,0,150,-4
40.499,0,0,0,0,150,-4
40.515,0,0,0,0,150,-4
40.530,0,0,0,0,150,-4
40.547,0,0,0,0,150,-4
40.565,0,0,0,0,150,-4
40.574,0,0,0,0,150,-4
40.590,0,0,0,0,150,-4
40.606,0,0,0,0,150,-4
40.629,0,0,0,0,150,-4
40.644,0,0,0,0,150,-4
40.665,0,0,0,0,150,-4
40.682,0,0,0,0,150,-4
40.698,0,0,0,0,150,-4
40.715,0,0,0,0,150,-4
40.726,0,0,0,0,150,-4
40.742,0,0,0,0,150,-4
40.758,0,0,0,0,150,-4
40.766,0,0,0,0,150,-4
40.781,0,0,0,0,150,-4
40.798,0,0,0,0,150,-4
40.808,0,0,0,0,150,-4
40.815,0,0,0,0,150,-4
40.825,0,0,0,0,150,-4
40.839,0,0,0,0,150,-4
40.865,0,0,0,0,150,-4
40.881,0,0,0,0,150,-4
40.891,0,0,0,0,150,-4
40.900,0,0,0,0,150,-4
40.915,0,0,0,0,150,-4
40.925,0,0,0,0,150,-4
40.933,0,0,0,0,150,-4
40.950,0,0,0,0,140,-4
40.960,0,0,0,0,140,-4
40.974,0,0,0,0,140,-4
40.992,0,0,0,0,140,-4
41.004,0,0,0,0,140,-4
41.030,0,0,0,0,140,-4
41.046,0,0,0,0,140,-4
41.064,0,0,0,0,140,-4
41.076,0,0,0,0,140,-4
41.088,0,0,0,0,140,-4
41.098,0,0,0,0,140,-4
41.108,0,0,0,0,140,-4
41.116,0,0,0,0,140,-4
41.131,0,0,0,0,140,-4
41.145,0,0,0,0,140,-4
41.159,0,0,0,0,140,-4
41.173,0,0,0,0,140,-4
41.192,0,0,0,0,140,-4
41.201,0,0,0,0,140,-4
41.208,0,0,0,0,140,-4
41.220,0,0,0,0,140,-4
41.236,0,0,0,0,140,-4
41.250,0,0,0,0,140,-4
41.276,0,0,0,0,140,-4
41.298,0,0,0,0,140,-4
41.316,0,0,0,0,140,-4
41.331,0,0,0,0,140,-4
41.348,0,0,0,0,140,-4
41.365,0,0,0,0,140,-4
41.390,0,0,0,0,140,-4
41.399,0,0,0,0,140,-4
41.408,0,0,0,0,140,-4
41.419,0,0,0,0,140,-4
41.426,0,0,0,0,140,-4
41.434,0,0,0,0,140,-4
41.444,0,0,0,0,140,-4
41.454,0,0,0,0,140,-4
41.467,0,0,0,0,140,-4
41.476,0,0,0,0,140,-4
41.492,0,0,0,0,140,-4
41.509,0,0,0,0,140,-4
41.522,0,0,0,0,140,-4
41.532,0,0,0,0,140,-4
41.549,0,0,0,0,140,-4
41.558,0,0,0,0,140,-4
41.572,0,0,0,0,140,-4
41.581,0,0,0,0,140,-4
41.593,0,0,0,0,140,-4
41.605,0,0,0,0,140,-4
41.613,0,0,0,0,140,-4
41.628,0,0,0,0,140,-4
41.647,0,0,0,0,140,-4
41.665,0,0,0,0,140,-4
41.682,0,0,0,0,140,-4
41.691,0,0,0,0,140,-4
41.699,0,0,0,0,140,-4
41.711,0,0,0,0,140,-4
41.725,0,0,0,0,140,-4
41.738,0,0,0,0,140,-4
41.748,0,0,0,0,140,-4
41.760,0,0,0,0,140,-4
41.781,0,0,0,0,140,-4
41.789,0,0,0,0,140,-4
41.802,0,0,0,0,140,-4
41.815,0,0,0,0,140,-4
41.838,0,0,0,0,140,-4
41.852,0,0,0,0,140,-4
41.868,0,0,0,0,140,-4
41.876,0,0,0,0,140,-4
41.898,0,0,0,0,140,-3
41.910,0,0,0,0,140,-3
41.927,0,0,0,0,140,-3
41.942,0,0,0,0,140,-3
41.961,0,0,0,0,140,-3
41.977,0,0,0,0,140,-3
41.992,0,0,0,0,140,-3
42.009,0,0,0,0,140,-3
42.024,0,0,0,0,140,-4
42.040,0,0,0,0,140,-4
42.056,0,0,0,0,140,-4
42.072,0,0,0,0,140,-4
42.088,0,0,0,0,140,-4
42.104,0,0,0,0,140,-4
42.120,0,0,0,0,140,-4
42.136,0,0,0,0,140,-4
42.153,0,0,0,0,140,-4
42.169,0,0,0,0,140,-4
42.185,0,0,0,0,140,-4
42.201,0,0,0,0,140,-4
42.216,0,0,0,0,140,-4
42.233,0,0,0,0,140,-4
42.248,0,0,0,0,140,-4
42.264,0,0,0,0,140,-4
42.280,0,0,0,0,140,-4
42.297,0,0,0,0,140,-4
42.312,0,0,0,0,140,-4
42.329,0,0,0,0,140,-4
42.344,0,0,0,0,140,-4
42.360,0,0,0,0,140,-4
42.376,0,0,0,0,140,-4
42.386,0,0,0,0,140,-4
42.409,0,0,0,0,140,-4
42.426,0,0,0,0,140,-4
42.441,0,0,0,0,140,-4
42.457,0,0,0,0,150,-4
42.473,0,0,0,0,150,-4
42.489,0,0,0,0,150,-4
42.505,0,0,0,0,150,-4
42.521,0,0,0,0,150,-4
42.537,0,0,0,0,150,-4
42.554,0,0,0,0,150,-4
42.569,0,0,0,0,150,-4
42.585,0,0,0,0,150,-4
42.601,0,0,0,0,150,-4
42.617,0,0,0,0,150,-4
42.633,0,0,0,0,150,-4
42.649,0,0,0,0,150,-4
42.665,0,0,0,0,150,-4
42.681,0,0,0,0,150,-4
42.697,0,0,0,0,150,-4
42.713,0,0,0,0,150,-4
42.729,0,0,0,0,150,-4
42.744,0,0,0,0,150,-4
42.760,0,0,0,0,150,-4
42.776,0,0,0,0,150,-4
42.792,0,0,0,0,150,-4
42.810,0,0,0,0,150,-4
42.824,0,0,0,0,150,-4
42.840,0,0,0,0,150,-4
42.856,0,0,0,0,150,-4
42.872,0,0,0,0,150,-4
42.888,0,0,0,0,150,-4
42.903,0,0,0,0,150,-4
42.919,0,0,0,0,150,-4
42.935,0,0,0,0,150,-4
42.951,0,0,0,0,150,-4
42.967,0,0,0,0,150,-4
42.984,0,0,0,0,150,-4
42.999,0,0,0,0,150,-4
43.015,0,0,0,0,150,-4
43.031,0,0,0,0,150,-4
43.047,0,0,0,0,150,-4
43.063,0,0,0,0,150,-4
43.079,0,0,0,0,150,-4
43.095,0,0,0,0,150,-4
43.112,0,0,0,0,150,-4
43.127,0,0,0,0,150,-4
43.143,0,0,0,0,150,-4
43.159,0,0,0,0,150,-4
43.175,0,0,0,0,150,-4
43.193,0,0,0,0,150,-4
43.207,0,0,0,0,150,-4
43.223,0,0,0,0,150,-4
43.239,0,0,0,0,150,-4
43.255,0,0,0,0,150,-4
43.271,0,0,0,0,150,-4
43.287,0,0,0,0,150,-4
43.303,0,0,0,0,150,-4
43.319,0,0,0,0,150,-4
43.324,0,0,0,0,150,-4
43.351,0,0,0,0,150,-4
43.368,0,0,0,0,150,-4
43.383,0,0,0,0,150,-4
43.399,0,0,0,0,150,-4
43.415,0,0,0,0,150,-4
43.431,0,0,0,0,150,-4
43.447,0,0,0,0,150,-4
43.459,0,0,0,0,150,-4
43.479,0,0,0,0,150,-4
43.495,0,0,0,0,150,-4
43.511,0,0,0,0,150,-4
43.526,0,0,0,0,150,-4
43.542,0,0,0,0,150,-4
43.558,0,0,0,0,150,-4
43.574,0,0,0,0,150,-4
43.589,0,0,0,0,150,-4
43.605,0,0,0,0,150,-4
43.621,0,0,0,0,150,-4
43.636,0,0,0,0,150,-4
43.668,0,0,0,0,150,-4
43.683,0,0,0,0,150,-4
43.699,0,0,0,0,150,-4
43.715,0,0,0,0,150,-4
43.731,0,0,0,0,150,-4
43.747,0,0,0,0,150,-4
43.763,0,0,0,0,150,-4
43.779,0,0,0,0,150,-4
43.795,0,0,0,0,140,-4
43.810,0,0,0,0,140,-4
43.826,0,0,0,0,140,-4
43.842,0,0,0,0,140,-4
43.858,0,0,0,0,140,-4
43.874,0,0,0,0,140,-4
43.890,0,0,0,0,140,-4
43.906,0,0,0,0,140,-4
43.922,0,0,0,0,140,-4
43.937,0,0,0,0,140,-4
43.953,0,0,0,0,140,-4
43.969,0,0,0,0,140,-4
43.985,0,0,0,0,140,-4
44.000,0,0,0,0,140,-4
44.016,0,0,0,0,140,-4
44.032,0,0,0,0,140,-4
44.048,0,0,0,0,140,-4
44.064,0,0,0,0,140,-4
44.080,0,0,0,0,140,-4
44.096,0,0,0,0,140,-4
44.111,0,0,0,0,140,-4
44.127,0,0,0,0,140,-4
44.143,0,0,0,0,140,-4
44.159,0,0,0,0,140,-4
44.175,0,0,0,0,140,-4
44.191,0,0,0,0,140,-4
44.207,0,0,0,0,140,-4
44.223,0,0,0,0,140,-4
44.238,0,0,0,0,140,-4
44.254,0,0,0,0,140,-4
44.270,0,0,0,0,140,-4
44.286,0,0,0,0,140,-4
44.302,0,0,0,0,140,-4
44.318,0,0,0,0,140,-4
44.333,0,0,0,0,140,-4
44.349,0,0,0,0,140,-4
44.365,0,0,0,0,140,-4
44.604,0,0,0,0,140,-4
44.621,0,0,0,0,140,-4
44.634,0,0,0,0,140,-4
44.650,0,0,0,0,140,-4
44.666,0,0,0,0,140,-4
44.682,0,0,0,0,140,-4
44.697,0,0,0,0,140,-4
44.714,0,0,0,0,140,-4
44.729,0,0,0,0,140,-4
44.745,0,0,0,0,140,-4
44.760,0,0,0,0,140,-4
44.776,0,0,0,0,140,-4
44.792,0,0,0,0,140,-4
44.808,0,0,0,0,140,-4
44.823,0,0,0,0,140,-4
44.839,0,0,0,0,140,-4
44.854,0,0,0,0,140,-4
44.870,0,0,0,0,140,-4
44.886,0,0,0,0,140,-4
44.902,0,0,0,0,140,-4
44.918,0,0,0,0,140,-4
44.933,0,0,0,0,140,-4
44.949,0,0,0,0,140,-4
44.965,0,0,0,0,140,-4
44.981,0,0,0,0,140,-4
44.998,0,0,0,0,140,-4
45.014,0,0,0,0,140,-4
45.030,0,0,0,0,140,-4
45.045,0,0,0,0,140,-4
45.062,0,0,0,0,140,-4
45.077,0,0,0,0,140,-4
45.092,0,0,0,0,140,-4
45.108,0,0,0,0,140,-4
45.124,0,0,0,0,140,-4
45.139,0,0,0,0,140,-4
45.156,0,0,0,0,140,-4
45.172,0,0,0,0,140,-4
45.187,0,0,0,0,140,-4
45.203,0,0,0,0,140,-4
45.219,0,0,0,0,140,-4
45.235,0,0,0,0,140,-4
45.251,0,0,0,0,140,-4
45.267,0,0,0,0,140,-4
45.282,0,0,0,0,140,-4
45.298,0,0,0,0,140,-4
45.313,0,0,0,0,140,-4
45.345,0,0,0,0,140,-4
45.360,0,0,0,0,140,-4
45.376,0,0,0,0,140,-4
45.392,0,0,0,0,140,-4
45.408,0,0,0,0,140,-4
45.424,0,0,0,0,140,-4
45.440,0,0,0,0,140,-4
45.456,0,0,0,0,140,-3
45.471,0,0,0,0,140,-3
45.487,0,0,0,0,140,-3
45.503,0,0,0,0,140,-3
45.519,0,0,0,0,140,-3
45.534,0,0,0,0,140,-3
45.558,0,0,0,0,140,-3
45.574,0,0,0,0,140,-3
45.590,0,0,0,0,140,-3
45.606,0,0,0,0,140,-3
45.614,0,0,0,0,140,-3
45.624,0,0,0,0,140,-3
45.638,0,0,0,0,140,-3
45.661,0,0,0,0,140,-3
45.679,0,0,0,0,140,-4
45.696,0,0,0,0,140,-4
45.716,0,0,0,0,140,-4
45.728,0,0,0,0,140,-4
45.748,0,0,0,0,140,-4
45.764,0,0,0,0,140,-4
45.772,0,0,0,0,140,-4
45.788,0,0,0,0,140,-4
45.804,0,0,0,0,140,-4
45.820,0,0,0,0,140,-4
45.836,0,0,0,0,140,-4
45.851,0,0,0,0,140,-4
45.867,0,0,0,0,140,-4
45.883,0,0,0,0,140,-4
45.899,0,0,0,0,140,-4
45.915,0,0,0,0,140,-4
45.931,0,0,0,0,140,-4
45.947,0,0,0,0,140,-4
45.962,0,0,0,0,140,-4
45.978,0,0,0,0,140,-4
45.994,0,0,0,0,140,-4
46.010,0,0,0,0,140,-4
46.026,0,0,0,0,140,-4
46.044,0,0,0,0,140,-4
46.058,0,0,0,0,140,-4
46.074,0,0,0,0,140,-4
46.090,0,0,0,0,140,-4
46.106,0,0,0,0,140,-4
46.122,0,0,0,0,140,-4
46.138,0,0,0,0,140,-4
46.154,0,0,0,0,140,-4
46.170,0,0,0,0,140,-4
46.186,0,0,0,0,140,-4
46.202,0,0,0,0,140,-4
46.217,0,0,0,0,140,-4
46.233,0,0,0,0,140,-4
46.249,0,0,0,0,140,-4
46.265,0,0,0,0,140,-4
46.281,0,0,0,0,140,-4
46.297,0,0,0,0,140,-4
46.313,0,0,0,0,140,-4
46.329,0,0,0,0,140,-4
46.344,0,0,0,0,140,-4
46.360,0,0,0,0,140,-4
46.376,0,0,0,0,140,-4
46.392,0,0,0,0,140,-4
46.408,0,0,0,0,140,-4
46.424,0,0,0,0,140,-4
46.441,0,0,0,0,140,-4
46.457,0,0,0,0,140,-4
46.473,0,0,0,0,140,-4
46.489,0,0,0,0,140,-4
46.504,0,0,0,0,140,-4
46.520,0,0,0,0,140,-4
46.536,0,0,0,0,140,-4
46.552,0,0,0,0,140,-4
46.568,0,0,0,0,140,-4
46.584,0,0,0,0,140,-4
46.600,0,0,0,0,140,-4
46.616,0,0,0,0,140,-4
46.632,0,0,0,0,140,-4
46.648,0,0,0,0,150,-4
46.664,0,0,0,0,150,-4
46.680,0,0,0,0,150,-4
46.696,0,0,0,0,150,-4
46.712,0,0,0,0,150,-4
46.728,0,0,0,0,150,-4
46.744,0,0,0,0,150,-4
46.760,0,0,0,0,150,-4
46.776,0,0,0,0,150,-4
46.792,0,0,0,0,150,-4
46.808,0,0,0,0,150,-4
46.824,0,0,0,0,150,-4
46.840,0,0,0,0,150,-4
46.856,0,0,0,0,150,-4
46.871,0,0,0,0,150,-4
46.887,0,0,0,0,150,-4
46.903,0,0,0,0,150,-4
46.919,0,0,0,0,150,-4
46.935,0,0,0,0,150,-4
46.951,0,0,0,0,150,-4
46.967,0,0,0,0,150,-4
46.983,0,0,0,0,150,-4
46.999,0,0,0,0,150,-4
47.015,0,0,0,0,150,-4
47.031,0,0,0,0,150,-4
47.047,0,0,0,0,150,-4
47.063,0,0,0,0,150,-4
47.079,0,0,0,0,150,-4
47.095,0,0,0,0,150,-4
47.111,0,0,0,0,150,-4
47.127,0,0,0,0,150,-4
47.143,0,0,0,0,150,-4
47.159,0,0,0,0,150,-4
47.175,0,0,0,0,150,-4
47.191,0,0,0,0,150,-4
47.207,0,0,0,0,150,-4
47.223,0,0,0,0,150,-4
47.239,0,0,0,0,150,-4
47.255,0,0,0,0,150,-4
47.271,0,0,0,0,150,-4
47.288,0,0,0,0,150,-4
47.303,0,0,0,0,150,-4
47.320,0,0,0,0,150,-4
47.335,0,0,0,0,150,-4
47.351,0,0,0,0,150,-4
47.367,0,0,0,0,150,-4
47.383,0,0,0,0,150,-4
47.400,0,0,0,0,150,-4
47.414,0,0,0,0,150,-4
47.430,0,0,0,0,150,-4
47.446,0,0,0,0,150,-4
47.462,0,0,0,0,150,-4
47.478,0,0,0,0,150,-4
47.494,0,0,0,0,150,-4
47.510,0,0,0,0,150,-4
47.526,0,0,0,0,150,-4
47.542,0,0,0,0,150,-4
47.558,0,0,0,0,150,-4
47.574,0,0,0,0,150,-4
47.590,0,0,0,0,150,-4
47.606,0,0,0,0,150,-4
47.622,0,0,0,0,150,-4
47.637,0,0,0,0,150,-4
47.653,0,0,0,0,150,-4
47.669,0,0,0,0,150,-4
47.685,0,0,0,0,150,-4
47.705,0,0,0,0,150,-4
47.726,0,0,0,0,150,-4
47.742,0,0,0,0,150,-4
47.759,0,0,0,0,150,-4
47.767,0,0,0,0,150,-4
47.775,0,0,0,0,150,-4
47.784,0,0,0,0,150,-4
47.800,0,0,0,0,150,-4
47.816,0,0,0,0,150,-4
47.841,0,0,0,0,150,-4
47.858,0,0,0,0,150,-4
47.874,0,0,0,0,150,-4
47.883,0,0,0,0,150,-4
47.900,0,0,0,0,150,-4
47.923,0,0,0,0,150,-4
47.932,0,0,0,0,150,-4
47.957,0,0,0,0,150,-4
47.982,0,0,0,0,150,-3
47.999,0,0,0,0,150,-3
48.024,0,0,0,0,150,-3
48.041,0,0,0,0,150,-3
48.057,0,0,0,0,150,-3
48.078,0,0,0,0,150,-3
48.092,0,0,0,0,150,-3
48.109,0,0,0,0,150,-4
48.126,0,0,0,0,150,-4
48.143,0,0,0,0,150,-4
48.151,0,0,0,0,150,-4
48.167,0,0,0,0,150,-4
48.193,0,0,0,0,150,-4
48.211,0,0,0,0,150,-4
48.226,0,0,0,0,150,-4
48.243,0,0,0,0,150,-4
48.261,0,0,0,0,150,-4
48.277,0,0,0,0,150,-4
48.293,0,0,0,0,150,-4
48.301,0,0,0,0,150,-4
48.319,0,0,0,0,150,-4
48.333,0,0,0,0,150,-4
48.350,0,0,0,0,150,-4
48.367,0,0,0,0,150,-4
48.375,0,0,0,0,150,-4
48.392,0,0,0,0,150,-4
48.403,0,0,0,0,150,-4
48.423,0,0,0,0,150,-4
48.439,0,0,0,0,150,-4
48.456,0,0,0,0,150,-4
48.473,0,0,0,0,150,-4
48.489,0,0,0,0,150,-4
48.506,0,0,0,0,150,-4
48.515,0,0,0,0,150,-4
48.531,0,0,0,0,150,-4
48.547,0,0,0,0,150,-4
48.563,0,0,0,0,150,-4
48.579,0,0,0,0,150,-4
48.595,0,0,0,0,150,-4
48.611,0,0,0,0,150,-4
48.627,0,0,0,0,150,-4
48.643,0,0,0,0,150,-4
48.664,0,0,0,0,150,-4
48.678,0,0,0,0,150,-4
48.687,0,0,0,0,150,-4
48.696,0,0,0,0,150,-4
48.712,0,0,0,0,150,-4
48.726,0,0,0,0,150,-4
48.738,0,0,0,0,150,-4
48.746,0,0,0,0,150,-4
48.760,0,0,0,0,150,-4
48.774,0,0,0,0,150,-4
48.796,0,0,0,0,150,-4
48.813,0,0,0,0,150,-4
48.832,0,0,0,0,150,-4
48.861,0,0,0,0,150,-4
48.877,0,0,0,0,150,-4
48.882,0,0,0,0,150,-4
48.909,0,0,0,0,150,-4
48.925,0,0,0,0,150,-4
48.941,0,0,0,0,150,-4
48.957,0,0,0,0,150,-4
48.973,0,0,0,0,150,-4
48.989,0,0,0,0,150,-4
49.005,0,0,0,0,150,-4
49.021,0,0,0,0,150,-4
49.037,0,0,0,0,150,-4
49.053,0,0,0,0,150,-4
49.069,0,0,0,0,140,-4
49.085,0,0,0,0,140,-4
49.101,0,0,0,0,140,-4
49.117,0,0,0,0,140,-4
49.133,0,0,0,0,140,-4
49.149,0,0,0,0,140,-4
49.165,0,0,0,0,140,-4
49.181,0,0,0,0,140,-4
49.197,0,0,0,0,140,-4
49.213,0,0,0,0,140,-4
49.229,0,0,0,0,140,-4
49.245,0,0,0,0,140,-4
51.928,0,0,0,0,140,-4
51.960,0,0,0,0,140,-4
51.976,0,0,0,0,140,-4
51.992,0,0,0,0,140,-4
52.008,0,0,0,0,140,-4
52.024,0,0,0,0,140,-4
52.040,0,0,0,0,140,-4
52.056,0,0,0,0,140,-4
52.072,0,0,0,0,140,-3
52.088,0,0,0,0,140,-3
52.104,0,0,0,0,140,-3
52.120,0,0,0,0,140,-3
52.136,0,0,0,0,140,-3
52.152,0,0,0,0,140,-3
52.168,0,0,0,0,140,-3
52.184,0,0,0,0,140,-4
52.200,0,0,0,0,140,-4
52.215,0,0,0,0,140,-4
52.232,0,0,0,0,140,-4
52.247,0,0,0,0,140,-4
52.263,0,0,0,0,140,-4
52.280,0,0,0,0,140,-4
52.295,0,0,0,0,140,-4
52.312,0,0,0,0,140,-4
52.327,0,0,0,0,140,-4
52.343,0,0,0,0,140,-4
52.359,0,0,0,0,140,-4
52.375,0,0,0,0,140,-4
52.391,0,0,0,0,140,-4
52.407,0,0,0,0,140,-4
52.423,0,0,0,0,140,-4
52.439,0,0,0,0,140,-4
52.455,0,0,0,0,140,-4
52.471,0,0,0,0,140,-4
52.487,0,0,0,0,140,-4
52.504,0,0,0,0,140,-4
52.519,0,0,0,0,140,-4
52.536,0,0,0,0,140,-4
52.552,0,0,0,0,140,-4
52.568,0,0,0,0,140,-4
52.584,0,0,0,0,140,-4
52.600,0,0,0,0,140,-4
52.616,0,0,0,0,140,-4
52.632,0,0,0,0,140,-3
52.647,0,0,0,0,140,-3
52.664,0,0,0,0,140,-3
52.680,0,0,0,0,140,-3
52.696,0,0,0,0,140,-3
52.712,0,0,0,0,140,-3
52.728,0,0,0,0,140,-3
52.744,0,0,0,0,140,-3
52.760,0,0,0,0,140,-4
52.776,0,0,0,0,140,-4
52.792,0,0,0,0,140,-4
52.810,0,0,0,0,140,-4
52.824,0,0,0,0,140,-4
52.856,0,0,0,0,140,-4
52.872,0,0,0,0,140,-4
52.888,0,0,0,0,140,-4
52.904,0,0,0,0,140,-4
52.920,0,0,0,0,140,-4
52.938,0,0,0,0,140,-4
52.955,0,0,0,0,140,-4
52.968,0,0,0,0,140,-4
52.984,0,0,0,0,140,-4
53.000,0,0,0,0,140,-4
53.016,0,0,0,0,140,-4
53.032,0,0,0,0,140,-4
53.048,0,0,0,0,140,-4
53.064,0,0,0,0,140,-4
53.080,0,0,0,0,150,-4
53.095,0,0,0,0,150,-4
53.112,0,0,0,0,150,-4
53.128,0,0,0,0,150,-4
53.144,0,0,0,0,150,-4
53.159,0,0,0,0,150,-4
53.175,0,0,0,0,150,-4
53.192,0,0,0,0,150,-4
53.209,0,0,0,0,150,-4
53.223,0,0,0,0,150,-4
53.239,0,0,0,0,150,-4
53.252,0,0,0,0,150,-4
53.267,0,0,0,0,150,-4
53.280,0,0,0,0,150,-4
53.298,0,0,0,0,150,-4
53.315,0,0,0,0,150,-4
53.331,0,0,0,0,150,-4
53.346,0,0,0,0,150,-4
53.363,0,0,0,0,150,-4
53.379,0,0,0,0,150,-4
53.395,0,0,0,0,150,-4
53.411,0,0,0,0,150,-4
53.426,0,0,0,0,150,-4
53.442,0,0,0,0,150,-4
53.459,0,0,0,0,150,-4
53.475,0,0,0,0,150,-4
53.490,0,0,0,0,150,-4
53.506,0,0,0,0,150,-4
53.523,0,0,0,0,150,-4
53.539,0,0,0,0,150,-4
53.555,0,0,0,0,150,-4
53.571,0,0,0,0,150,-4
53.587,0,0,0,0,150,-4
53.603,0,0,0,0,150,-4
53.618,0,0,0,0,150,-4
53.634,0,0,0,0,150,-4
53.650,0,0,0,0,150,-4
53.666,0,0,0,0,150,-4
53.682,0,0,0,0,150,-4
53.698,0,0,0,0,150,-4
53.715,0,0,0,0,150,-4
53.730,0,0,0,0,150,-4
53.746,0,0,0,0,150,-4
53.762,0,0,0,0,150,-4
53.778,0,0,0,0,150,-4
53.794,0,0,0,0,150,-4
53.810,0,0,0,0,150,-4
53.826,0,0,0,0,150,-4
53.842,0,0,0,0,150,-4
53.849,0,0,40,0,150,-4
53.858,0,0,40,0,150,-4
53.874,0,0,40,0,150,-4
53.890,0,0,40,0,150,-4
53.906,0,0,40,0,150,-4
53.922,0,0,40,0,150,-4
53.938,0,0,40,0,150,-4
53.954,0,0,40,0,150,-4
53.970,0,0,40,0,150,-4
53.986,0,0,40,0,150,-4
54.002,0,0,40,0,150,-4
54.018,0,0,40,0,150,-4
54.034,0,0,40,0,150,-4
54.050,0,0,40,0,150,-4
54.066,0,0,40,0,150,-4
54.083,0,0,40,0,150,-4
54.099,0,0,40,0,140,-4
54.114,0,0,40,0,140,-4
54.130,0,0,40,0,140,-4
54.146,0,0,40,0,140,-4
54.163,0,0,40,0,140,-4
54.179,0,0,40,0,140,-4
54.195,0,0,40,0,140,-4
54.211,0,0,40,0,150,-4
54.227,0,0,40,0,150,-4
54.243,0,0,40,0,150,-4
54.259,0,0,40,0,150,-4
54.275,0,0,40,0,150,-4
54.292,0,0,40,0,150,-4
54.307,0,0,40,0,150,-4
54.323,0,0,40,0,150,-3
54.339,0,0,40,0,150,-3
54.355,0,0,40,0,150,-3
54.371,0,0,0,0,150,-3
54.387,0,0,0,0,150,-3
54.403,0,0,0,0,150,-3
54.419,0,0,0,0,150,-3
54.435,0,0,0,0,150,-3
54.452,0,0,0,0,150,-3
54.463,0,0,0,0,150,-3
54.472,0,0,0,0,150,-3
54.497,0,0,0,0,150,-3
54.513,0,0,0,0,150,-3
54.529,0,0,0,0,150,-4
54.545,0,0,0,0,150,-4
54.561,0,0,0,0,150,-4
54.577,0,0,0,0,150,-4
54.593,0,0,0,0,150,-4
54.609,0,0,0,0,150,-4
54.625,0,0,0,0,150,-4
54.641,0,0,0,0,150,-4
54.657,0,0,0,0,150,-4
54.673,0,0,0,0,150,-4
54.689,0,0,0,0,150,-4
54.705,0,0,0,0,150,-4
54.710,0,0,0,0,150,-4
54.737,0,0,0,0,150,-4
54.753,0,0,0,0,150,-4
54.769,0,0,0,0,160,-4
54.785,0,0,0,0,160,-4
54.801,0,0,0,0,160,-4
54.818,0,0,0,0,160,-4
54.833,0,0,0,0,160,-4
54.849,0,0,0,0,160,-4
54.864,0,0,0,0,160,-4
54.880,0,0,0,0,160,-4
54.896,0,0,0,0,160,-4
54.912,0,0,0,0,160,-4
54.928,0,0,0,0,160,-4
54.944,0,0,0,0,160,-4
54.976,0,0,0,0,160,-4
54.992,0,0,0,0,160,-4
55.008,0,0,0,0,160,-4
55.024,0,0,0,0,160,-4
55.040,0,0,0,0,160,-4
55.051,0,0,0,0,160,-4
55.071,0,0,0,0,160,-4
55.088,0,0,0,0,160,-4
55.104,0,0,0,0,160,-4
55.119,0,0,0,0,160,-4
55.135,0,0,0,0,160,-4
55.152,0,0,0,0,160,-4
55.167,0,0,0,0,160,-4
55.183,0,0,0,0,160,-4
55.199,0,0,0,0,160,-4
55.215,0,0,0,0,160,-4
55.231,0,0,0,0,160,-4
55.248,0,0,0,0,160,-4
55.263,0,0,0,0,160,-4
55.279,0,0,0,0,160,-4
55.297,0,0,0,0,160,-4
55.311,0,0,0,0,160,-4
55.327,0,0,0,0,160,-4
55.343,0,0,0,0,160,-4
55.359,0,0,0,0,160,-4
55.375,0,0,0,0,160,-4
55.391,0,0,0,0,160,-4
55.407,0,0,0,0,160,-4
55.423,0,0,0,0,160,-3
55.439,0,0,0,0,160,-3
55.455,0,0,0,0,160,-3
55.470,0,0,0,0,160,-3
55.486,0,0,0,0,160,-3
55.502,0,0,0,0,160,-3
55.507,0,0,0,0,160,-3
55.534,0,0,0,0,160,-3
55.550,0,0,0,0,160,-3
55.566,0,0,0,0,160,-3
55.581,0,0,0,0,160,-3
55.597,0,0,0,0,160,-3
55.615,0,0,0,0,160,-3
55.646,0,0,0,0,160,-3
55.662,0,0,0,0,160,-3
55.678,0,0,0,0,160,-3
55.696,0,0,0,0,160,-3
55.709,0,0,0,0,160,-3
55.726,0,0,0,0,160,-3
55.741,0,0,0,0,160,-3
55.758,0,0,0,0,160,-3
55.774,0,0,0,0,160,-3
55.789,0,0,0,0,160,-3
55.805,0,0,0,0,160,-3
55.821,0,0,0,0,160,-3
55.837,0,0,0,0,160,-3
55.853,0,0,0,0,160,-3
55.869,0,0,0,0,160,-3
55.885,0,0,0,0,160,-3
55.901,0,0,0,0,160,-3
55.917,0,0,0,0,160,-3
55.933,0,0,0,0,160,-3
55.949,0,0,0,0,160,-3
55.965,0,0,0,0,160,-3
55.981,0,0,0,0,160,-3
55.997,0,0,0,0,160,-3
56.011,0,0,0,0,160,-3
56.029,0,0,0,0,160,-3
56.045,0,0,0,0,160,-3
56.061,0,0,0,0,160,-3
56.077,0,0,0,0,160,-3
56.092,0,0,0,0,160,-3
56.108,0,0,0,0,160,-3
56.123,0,0,0,0,160,-3
56.139,0,0,0,0,160,-3
56.155,0,0,0,0,160,-3
56.172,0,0,0,0,160,-3
56.187,0,0,0,0,160,-3
56.203,0,0,0,0,160,-3
56.219,0,0,0,0,160,-3
56.235,0,0,0,0,160,-3
56.251,0,0,0,0,160,-3
56.267,0,0,0,0,160,-3
56.283,0,0,0,0,160,-3
56.299,0,0,0,0,160,-3
56.315,0,0,0,0,160,-3
56.331,0,0,0,0,160,-3
56.346,0,0,0,0,160,-3
56.362,0,0,0,0,160,-3
56.378,0,0,0,0,160,-3
56.394,0,0,0,0,160,-3
56.410,0,0,0,0,160,-3
56.426,0,0,0,0,160,-3
56.442,0,0,0,0,160,-3
56.458,0,0,0,0,160,-3
56.474,0,0,0,0,160,-3
56.489,0,0,0,0,160,-3
56.505,0,0,0,0,160,-3
56.521,0,0,0,0,160,-3
56.537,0,0,0,0,160,-3
56.553,0,0,0,0,160,-3
56.570,0,0,0,0,160,-3
56.585,0,0,0,0,160,-3
56.601,0,0,0,0,160,-3
56.617,0,0,0,0,160,-3
56.633,0,0,0,0,160,-3
56.649,0,0,0,0,160,-3
56.665,0,0,0,0,160,-3
56.681,0,0,0,0,160,-3
56.697,0,0,0,0,160,-3
56.713,0,0,0,0,160,-3
56.730,0,0,0,0,160,-3
56.745,0,0,0,0,160,-3
56.761,0,0,0,0,160,-3
56.777,0,0,0,0,160,-3
56.795,0,0,0,0,160,-3
56.809,0,0,0,0,160,-3
56.825,0,0,0,0,160,-3
56.841,0,0,0,0,160,-3
56.853,0,0,0,0,160,-3
56.862,0,0,0,0,160,-3
56.888,0,0,0,0,160,-3
56.904,0,0,0,0,160,-3
56.920,0,0,0,0,160,-3
56.936,0,0,0,0,160,-3
56.952,0,0,0,0,160,-3
56.968,0,0,0,0,160,-3
56.984,0,0,0,0,160,-3
57.000,0,0,0,0,160,-4
57.016,0,0,0,0,160,-4
57.032,0,0,0,0,160,-4
57.048,0,0,0,0,160,-4
57.064,0,0,0,0,160,-4
57.080,0,0,0,0,160,-4
57.096,0,0,0,0,160,-4
57.112,0,0,0,0,160,-4
57.128,0,0,0,0,160,-4
57.144,0,0,0,0,160,-4
57.160,0,0,0,0,160,-4
57.175,0,0,0,0,160,-4
57.192,0,0,0,0,160,-4
57.208,0,0,0,0,160,-4
57.224,0,0,0,0,160,-3
57.240,0,0,0,0,160,-3
57.251,0,0,0,0,160,-3
57.272,0,0,0,0,160,-3
57.287,0,0,0,0,160,-3
57.303,0,0,0,0,160,-3
57.319,0,0,0,0,160,-3
57.335,0,0,0,0,160,-3
57.351,0,0,0,0,160,-3
57.367,0,0,0,0,160,-3
57.373,0,0,0,0,160,-3
57.399,0,0,0,0,160,-3
57.414,0,0,0,0,160,-3
57.430,0,0,0,0,160,-3
57.447,0,0,0,0,160,-3
57.464,0,0,0,0,160,-3
57.479,0,0,0,0,160,-3
57.495,0,0,0,0,160,-3
57.511,0,0,0,0,160,-3
57.527,0,0,0,0,160,-3
57.543,0,0,0,0,160,-3
57.559,0,0,0,0,160,-3
57.575,0,0,0,0,160,-3
57.590,0,0,0,0,160,-3
57.607,0,0,0,0,160,-3
57.622,0,0,0,0,160,-3
57.638,0,0,0,0,160,-3
57.647,0,0,0,0,160,-3
57.671,0,0,0,0,160,-4
57.686,0,0,0,0,160,-4
57.702,0,0,0,0,160,-4
57.711,0,0,0,0,160,-4
57.735,0,0,0,0,160,-4
57.750,0,0,0,0,160,-4
57.766,0,0,0,0,160,-4
57.782,0,0,0,0,160,-4
57.798,0,0,0,0,160,-4
57.814,0,0,0,0,160,-4
57.830,0,0,0,0,160,-4
57.846,0,0,0,0,160,-4
57.862,0,0,0,0,160,-4
57.873,0,0,0,0,160,-4
57.894,0,0,0,0,160,-4
57.910,0,0,0,0,160,-4
57.926,0,0,0,0,160,-4
57.942,0,0,0,0,160,-4
57.958,0,0,0,0,160,-4
57.963,0,0,0,0,160,-4
57.990,0,0,0,0,160,-4
58.006,0,0,0,0,160,-4
58.022,0,0,0,0,160,-4
58.038,0,0,0,0,160,-4
58.054,0,0,0,0,160,-4
58.070,0,0,0,0,160,-4
58.086,0,0,0,0,160,-4
58.102,0,0,0,0,160,-4
58.118,0,0,0,0,160,-4
58.134,0,0,0,0,160,-4
58.150,0,0,0,0,160,-4
58.166,0,0,0,0,160,-4
58.182,0,0,0,0,160,-4
58.198,0,0,0,0,160,-4
58.213,0,0,0,0,160,-4
58.229,0,0,0,0,160,-4
58.245,0,0,0,0,160,-4
58.261,0,0,0,0,160,-4
58.277,0,0,0,0,160,-4
58.293,0,0,0,0,160,-4
58.309,0,0,0,0,160,-4
58.325,0,0,0,0,160,-4
58.341,0,0,0,0,160,-4
58.357,0,0,0,0,160,-4
58.374,0,0,0,0,160,-4
58.390,0,0,0,0,160,-4
58.406,0,0,0,0,160,-4
58.423,0,0,0,0,160,-4
58.437,0,0,0,0,160,-4
58.454,0,0,0,0,160,-4
60.879,0,0,0,0,160,-4
60.895,0,0,0,0,160,-4
60.911,0,0,0,0,160,-4
60.926,0,0,0,0,160,-4
60.943,0,0,0,0,160,-4
60.959,0,0,0,0,160,-4
60.991,0,0,0,0,160,-4
61.007,0,0,0,0,160,-4
61.023,0,0,0,0,160,-4
61.039,0,0,0,0,160,-4
61.054,0,0,0,0,160,-4
61.070,0,0,0,0,160,-4
61.087,0,0,0,0,160,-4
61.102,0,0,0,0,160,-4
61.119,0,0,0,0,160,-4
61.135,0,0,0,0,160,-4
61.151,0,0,0,0,160,-4
61.167,0,0,0,0,160,-4
61.183,0,0,0,0,160,-4
61.199,0,0,0,0,160,-4
61.215,0,0,0,0,160,-4
61.231,0,0,0,0,160,-4
61.247,0,0,0,0,160,-4
61.263,0,0,0,0,160,-4
61.278,0,0,0,0,160,-4
61.295,0,0,0,0,160,-4
61.311,0,0,0,0,160,-4
61.327,0,0,0,0,160,-4
61.342,0,0,0,0,160,-4
61.358,0,0,0,0,160,-4
61.374,0,0,0,0,160,-4
61.390,0,0,0,0,160,-4
61.406,0,0,0,0,160,-4
61.422,0,0,0,0,160,-4
61.438,0,0,0,0,160,-4
61.454,0,0,0,0,160,-4
61.470,0,0,0,0,160,-4
61.486,0,0,0,0,160,-4
61.502,0,0,0,0,160,-4
61.518,0,0,0,0,160,-4
61.534,0,0,0,0,160,-4
61.549,0,0,0,0,160,-4
61.568,0,0,0,0,160,-4
61.581,0,0,0,0,160,-4
61.597,0,0,0,0,160,-4
61.613,0,0,0,0,160,-4
61.630,0,0,0,0,160,-4
61.645,0,0,0,0,160,-4
61.660,0,0,0,0,160,-4
61.676,0,0,0,0,160,-4
61.692,0,0,0,0,160,-4
61.708,0,0,0,0,160,-4
61.723,0,0,0,0,160,-4
61.739,0,0,0,0,160,-4
61.755,0,0,0,0,160,-4
61.771,0,0,0,0,160,-4
61.787,0,0,0,0,160,-3
61.803,0,0,0,0,160,-3
61.819,0,0,0,0,160,-3
61.834,0,0,0,0,160,-3
61.851,0,0,0,0,160,-3
61.867,0,0,0,0,160,-3
61.883,0,0,0,0,160,-3
61.898,0,0,0,0,160,-3
61.914,0,0,0,0,160,-3
61.930,0,0,0,0,160,-3
61.946,0,0,0,0,160,-3
61.962,0,0,0,0,160,-3
61.977,0,0,0,0,160,-3
61.993,0,0,0,0,160,-3
62.009,0,0,0,0,160,-3
62.024,0,0,0,0,160,-4
62.040,0,0,0,0,160,-4
62.056,0,0,0,0,160,-4
62.060,0,0,40,0,160,-4
62.071,0,0,40,0,160,-4
62.087,0,0,40,0,160,-4
62.103,0,0,40,0,160,-4
62.118,0,0,40,0,160,-4
62.134,0,0,40,0,160,-4
62.150,0,0,40,0,160,-4
62.165,0,0,40,0,160,-4
62.182,0,0,40,0,160,-4
62.197,0,0,40,0,160,-4
62.213,0,0,40,0,160,-4
62.229,0,0,40,0,160,-4
62.245,0,0,40,0,160,-4
62.261,0,0,40,0,160,-4
62.277,0,0,40,0,160,-4
62.293,0,0,40,0,160,-4
62.309,0,0,40,0,160,-4
62.325,0,0,40,0,160,-4
62.341,0,0,40,0,160,-4
62.356,0,0,40,0,160,-4
62.372,0,0,40,0,160,-4
62.388,0,0,40,0,160,-4
62.404,0,0,40,0,160,-4
62.420,0,0,40,0,160,-4
62.436,0,0,40,0,160,-4
62.452,0,0,40,0,160,-4
62.468,0,0,40,0,160,-4
62.484,0,0,40,0,160,-4
62.500,0,0,40,0,160,-4
62.516,0,0,40,0,160,-4
62.532,0,0,40,0,160,-4
62.548,0,0,40,0,160,-4
62.564,0,0,40,0,160,-4
62.576,0,0,40,0,160,-4
62.595,0,0,40,0,160,-4
62.611,0,0,40,0,160,-4
62.627,0,0,40,0,160,-4
62.643,0,0,40,0,160,-4
62.659,0,0,40,0,160,-4
62.675,0,0,40,0,160,-4
62.691,0,0,40,0,160,-4
62.707,0,0,40,0,160,-4
62.718,0,0,40,0,160,-4
62.739,0,0,40,0,160,-4
62.744,0,0,40,0,160,-4
62.755,0,0,40,0,160,-4
62.771,0,0,40,0,160,-4
62.776,0,0,40,0,160,-4
62.787,0,0,40,0,160,-4
62.802,0,0,40,0,160,-4
62.807,0,0,40,0,160,-4
62.818,0,0,40,0,160,-4
62.834,0,0,40,0,160,-4
62.850,0,0,40,0,160,-4
62.866,0,0,40,0,160,-4
62.877,0,0,40,0,160,-4
62.898,0,0,40,0,170,-4
62.903,0,0,40,0,170,-4
62.929,0,0,40,0,170,-4
62.945,0,0,40,0,170,-4
62.961,0,0,40,0,170,-4
62.969,0,0,40,0,170,-4
62.977,0,0,40,0,170,-4
62.994,0,0,40,0,170,-4
63.008,0,0,40,0,170,-3
63.024,0,0,40,0,170,-3
63.041,0,0,40,0,170,-3
63.056,0,0,40,0,170,-3
63.072,0,0,40,0,170,-3
63.077,0,0,40,0,170,-3
63.104,0,0,40,0,170,-3
63.120,0,0,40,0,170,-3
63.136,0,0,40,0,170,-3
63.152,0,0,40,0,170,-3
63.168,0,0,40,0,170,-3
63.173,0,0,40,0,170,-3
63.184,0,0,40,0,170,-3
63.200,0,0,40,0,170,-3
63.211,0,0,40,0,170,-3
63.232,0,0,40,0,170,-3
63.239,0,0,40,0,180,-4
63.248,0,0,40,0,180,-4
63.265,0,0,40,0,180,-4
63.274,0,0,40,0,180,-4
63.296,0,0,40,0,180,-4
63.312,0,0,40,0,180,-4
63.327,0,0,40,0,180,-4
63.338,0,0,40,0,180,-4
63.359,0,0,40,0,180,-4
63.374,0,0,40,0,180,-4
63.390,0,0,40,0,180,-4
63.402,0,0,40,0,180,-4
63.421,0,0,40,0,180,-4
63.437,0,0,40,0,180,-4
63.453,0,0,40,0,180,-4
63.469,0,0,40,0,180,-4
63.485,0,0,40,0,180,-4
63.500,0,0,40,0,180,-4
63.516,0,0,40,0,180,-4
63.532,0,0,40,0,180,-4
63.537,0,0,40,0,180,-4
63.548,0,0,40,0,180,-4
63.564,0,0,40,0,190,-4
63.575,0,0,40,0,190,-4
63.595,0,0,40,0,190,-4
63.600,0,0,40,0,190,-4
63.611,0,0,40,0,190,-4
63.626,0,0,40,0,190,-4
63.631,0,0,40,0,190,-4
63.642,0,0,40,0,190,-4
63.657,0,0,40,0,190,-4
63.673,0,0,40,0,190,-4
63.689,0,0,40,0,190,-4
63.703,0,0,40,0,190,-4
63.721,0,0,40,0,190,-4
63.736,0,0,40,0,190,-4
63.753,0,0,40,0,190,-4
63.761,0,0,40,0,190,-4
63.766,0,0,40,0,190,-4
63.779,0,0,40,0,190,-3
63.794,0,0,40,0,190,-3
63.799,0,0,40,0,190,-3
63.810,0,0,40,0,190,-3
63.833,0,0,40,0,190,-3
63.843,0,0,40,0,190,-3
63.861,0,0,40,0,190,-3
63.878,0,0,40,0,190,-3
63.887,0,0,40,0,190,-3
63.900,0,0,40,0,190,-3
63.919,0,0,40,0,190,-3
63.935,0,0,40,0,190,-3
63.951,0,0,40,0,190,-3
63.967,0,0,40,0,190,-3
63.983,0,0,40,0,190,-3
63.998,0,0,40,0,200,-3
64.014,0,0,40,0,200,-3
64.030,0,0,40,0,200,-3
64.046,0,0,40,0,200,-3
64.062,0,0,40,0,200,-3
64.077,0,0,40,0,200,-3
64.093,0,0,40,0,200,-3
64.109,0,0,40,0,200,-3
64.125,0,0,40,0,200,-3
64.130,0,0,40,0,200,-3
64.141,0,0,40,0,200,-3
64.157,0,0,40,0,200,-3
64.168,0,0,40,0,200,-3
64.188,0,0,40,0,200,-3
64.194,0,0,40,0,200,-3
64.219,0,0,40,0,200,-3
64.224,0,0,40,0,210,-4
64.235,0,0,40,0,210,-4
64.251,0,0,40,0,210,-4
64.267,0,0,40,0,210,-4
64.282,0,0,40,0,210,-4
64.288,0,0,40,0,210,-4
64.315,0,0,40,0,210,-4
64.331,0,0,40,0,210,-4
64.346,0,0,40,0,210,-4
64.362,0,0,40,0,210,-4
64.378,0,0,40,0,210,-4
64.394,0,0,40,0,210,-4
64.409,0,0,40,0,210,-4
64.425,0,0,40,0,210,-4
64.441,0,0,40,0,210,-4
64.465,0,0,40,0,210,-4
64.481,0,0,40,0,210,-4
64.499,0,0,40,0,210,-4
64.512,0,0,40,0,210,-4
64.528,0,0,40,0,210,-4
64.544,0,0,40,0,210,-4
64.560,0,0,40,0,220,-4
64.575,0,0,40,0,220,-4
64.591,0,0,40,0,220,-4
64.607,0,0,40,0,220,-4
64.623,0,0,40,0,220,-4
64.639,0,0,40,0,220,-4
64.654,0,0,40,0,220,-4
64.681,0,0,40,0,220,-4
64.686,0,0,40,0,220,-4
64.695,0,0,40,0,220,-4
64.711,0,0,40,0,220,-4
64.717,0,0,40,0,220,-4
64.743,0,0,40,0,220,-4
64.759,0,0,40,0,220,-4
64.764,0,0,40,0,220,-4
64.791,0,0,40,0,220,-4
64.806,0,0,40,0,220,-4
64.822,0,0,40,0,220,-4
64.838,0,0,40,0,220,-4
64.854,0,0,40,0,220,-4
64.870,0,0,40,0,220,-4
64.886,0,0,40,0,220,-4
64.902,0,0,40,0,220,-4
64.918,0,0,40,0,220,-4
64.933,0,0,40,0,220,-4
64.949,0,0,40,0,220,-4
64.955,0,0,40,0,220,-4
64.965,0,0,40,0,220,-4
64.981,0,0,40,0,230,-3
64.992,0,0,40,0,230,-3
65.012,0,0,40,0,230,-3
65.024,0,0,40,0,230,-3
65.044,0,0,40,0,230,-3
65.060,0,0,40,0,230,-3
65.076,0,0,40,0,230,-3
65.091,0,0,40,0,230,-3
65.107,0,0,40,0,230,-3
65.123,0,0,40,0,230,-3
65.139,0,0,40,0,230,-3
65.144,0,0,40,0,230,-3
65.170,0,0,40,0,230,-3
65.186,0,0,40,0,230,-3
65.202,0,0,40,0,230,-4
65.213,0,0,40,0,230,-4
65.234,0,0,40,0,230,-4
65.250,0,0,40,0,230,-4
65.266,0,0,40,0,230,-4
65.282,0,0,40,0,230,-4
65.287,0,0,40,0,230,-4
65.297,0,0,40,0,230,-4
65.313,0,0,40,0,230,-4
65.329,0,0,40,0,230,-4
65.345,0,0,40,0,230,-4
65.351,0,0,40,0,230,-4
65.361,0,0,40,0,230,-4
65.378,0,0,40,0,230,-4
65.384,0,0,40,0,230,-4
65.392,0,0,40,0,230,-4
65.408,0,0,40,0,230,-4
65.414,0,0,40,0,230,-4
65.424,0,0,40,0,240,-4
65.440,0,0,40,0,240,-4
65.453,0,0,40,0,240,-4
65.472,0,0,40,0,240,-4
65.489,0,0,40,0,240,-4
65.504,0,0,40,0,240,-4
65.520,0,0,40,0,240,-4
65.536,0,0,40,0,240,-3
65.552,0,0,40,0,240,-3
65.568,0,0,40,0,240,-3
65.586,0,0,40,0,240,-3
65.600,0,0,40,0,240,-3
65.617,0,0,40,0,240,-3
65.632,0,0,40,0,240,-3
65.648,0,0,40,0,240,-4
65.664,0,0,40,0,240,-4
65.680,0,0,40,0,240,-4
65.696,0,0,40,0,240,-4
65.712,0,0,40,0,240,-4
65.728,0,0,0,0,240,-4
65.744,0,0,0,0,240,-4
65.760,0,0,0,0,240,-4
65.775,0,0,0,0,240,-4
65.791,0,0,0,0,240,-4
65.807,0,0,0,0,240,-4
65.823,0,0,0,0,240,-4
65.839,0,0,0,0,240,-4
65.849,0,0,0,0,240,-4
65.856,0,0,0,0,240,-4
65.871,0,0,0,0,250,-4
65.887,0,0,0,0,250,-4
65.904,0,0,0,0,250,-4
65.921,0,0,0,0,250,-4
65.938,0,0,0,0,250,-4
65.955,0,0,0,0,250,-4
65.979,0,0,0,0,250,-4
65.994,0,0,0,0,250,-4
66.012,0,0,0,0,250,-4
66.029,0,0,0,0,250,-4
66.044,0,0,0,0,250,-4
66.062,0,0,0,0,250,-4
66.088,0,0,0,0,250,-4
66.104,0,0,0,0,250,-4
66.129,0,0,0,0,250,-4
66.137,0,0,0,0,250,-4
66.154,0,0,0,0,250,-4
66.170,0,0,0,0,250,-4
66.187,0,0,0,0,250,-4
66.203,0,0,0,0,250,-4
66.220,0,0,0,0,250,-4
66.240,0,0,0,0,250,-4
66.264,0,0,0,0,250,-4
66.280,0,0,0,0,250,-4
66.297,0,0,0,0,250,-4
66.313,0,0,0,0,250,-4
66.322,0,0,0,0,250,-4
66.338,0,0,0,0,250,-4
66.363,0,0,0,0,250,-4
66.381,0,0,0,0,250,-4
66.397,0,0,0,0,250,-4
66.415,0,0,0,0,250,-4
66.439,0,0,0,0,250,-4
66.465,0,0,0,0,250,-4
66.490,0,0,0,0,250,-4
66.514,0,0,0,0,250,-4
66.523,0,0,0,0,250,-4
66.531,0,0,0,0,250,-4
66.539,0,0,0,0,250,-4
66.565,0,0,0,0,250,-4
66.581,0,0,0,0,250,-4
66.598,0,0,0,0,250,-4
66.609,0,0,0,0,250,-4
66.628,0,0,0,0,250,-4
66.640,0,0,0,0,250,-4
66.657,0,0,0,0,250,-4
66.673,0,0,0,0,250,-4
66.689,0,0,0,0,250,-4
66.705,0,0,0,0,250,-4
66.721,0,0,0,0,250,-4
66.737,0,0,0,0,250,-4
66.753,0,0,0,0,250,-4
66.769,0,0,0,0,250,-4
66.784,0,0,0,0,250,-4
66.801,0,0,0,0,250,-4
66.816,0,0,0,0,250,-4
68.039,0,0,0,0,250,-4
68.061,0,0,0,0,250,-4
68.077,0,0,0,0,250,-4
68.093,0,0,0,0,250,-3
68.109,0,0,0,0,250,-3
68.125,0,0,0,0,250,-3
68.141,0,0,0,0,250,-3
68.157,0,0,0,0,250,-3
68.173,0,0,0,0,250,-3
68.189,0,0,0,0,250,-3
68.205,0,0,0,0,250,-3
68.221,0,0,0,0,250,-3
68.237,0,0,0,0,250,-3
68.254,0,0,0,0,250,-3
68.269,0,0,0,0,250,-3
68.285,0,0,0,0,250,-3
68.291,0,0,40,0,250,-3
68.316,0,0,40,0,250,-3
68.332,0,0,40,0,250,-3
68.348,0,0,40,0,250,-3
68.364,0,0,40,0,250,-3
68.380,0,0,40,0,250,-3
68.396,0,0,40,0,250,-3
68.411,0,0,40,0,250,-3
68.427,0,0,40,0,250,-3
68.444,0,0,40,0,250,-3
68.460,0,0,40,0,250,-3
68.476,0,0,40,0,250,-3
68.492,0,0,40,0,250,-3
68.508,0,0,40,0,250,-3
68.518,0,0,40,0,250,-3
68.540,0,0,40,0,250,-3
68.556,0,0,40,0,250,-3
68.572,0,0,40,0,250,-3
68.588,0,0,40,0,250,-3
68.604,0,0,40,0,250,-3
68.620,0,0,40,0,250,-3
68.636,0,0,40,0,250,-3
68.652,0,0,40,0,250,-3
68.668,0,0,40,0,250,-3
68.684,0,0,40,0,250,-3
68.700,0,0,40,0,250,-3
68.715,0,0,40,0,250,-3
68.731,0,0,40,0,250,-3
68.747,0,0,40,0,250,-3
68.763,0,0,40,0,250,-4
68.779,0,0,40,0,250,-4
68.795,0,0,40,0,250,-4
68.801,0,0,40,0,250,-4
68.828,0,0,40,0,250,-4
68.844,0,0,40,0,250,-4
68.860,0,0,40,0,250,-4
68.875,0,0,40,0,250,-4
68.891,0,0,40,0,250,-4
68.902,0,0,40,0,250,-4
68.923,0,0,40,0,250,-4
68.939,0,0,40,0,250,-4
68.955,0,0,40,0,250,-4
68.967,0,0,40,0,250,-4
68.978,0,0,40,0,260,-4
68.987,0,0,40,0,260,-4
69.003,0,0,40,0,260,-4
69.019,0,0,40,0,260,-4
69.036,0,0,40,0,260,-4
69.051,0,0,40,0,260,-4
69.067,0,0,40,0,260,-4
69.083,0,0,40,0,260,-4
69.099,0,0,40,0,260,-4
69.114,0,0,40,0,260,-4
69.131,0,0,40,0,260,-4
69.136,0,0,40,0,260,-4
69.146,0,0,40,0,260,-4
69.163,0,0,40,0,260,-4
69.168,0,0,40,0,260,-4
69.179,0,0,40,0,260,-4
69.195,0,0,40,0,260,-4
69.203,0,0,40,0,270,-3
69.226,0,0,40,0,270,-3
69.238,0,0,40,0,270,-3
69.258,0,0,40,0,270,-3
69.263,0,0,40,0,270,-3
69.290,0,0,40,0,270,-3
69.306,0,0,40,0,270,-3
69.322,0,0,40,0,270,-3
69.338,0,0,40,0,270,-3
69.354,0,0,40,0,270,-3
69.359,0,0,40,0,270,-3
69.377,0,0,40,0,270,-3
69.387,0,0,40,0,270,-3
69.403,0,0,40,0,270,-3
69.419,0,0,40,0,270,-3
69.435,0,0,40,0,270,-3
69.451,0,0,40,0,270,-3
69.467,0,0,40,0,270,-3
69.483,0,0,40,0,270,-3
69.499,0,0,40,0,270,-3
69.506,0,0,40,0,270,-3
69.532,0,0,40,0,280,-3
69.541,0,0,40,0,280,-3
69.564,0,0,40,0,280,-3
69.580,0,0,40,0,280,-3
69.596,0,0,40,0,280,-3
69.614,0,0,40,0,280,-3
69.628,0,0,40,0,280,-3
69.644,0,0,40,0,280,-3
69.661,0,0,40,0,280,-3
69.676,0,0,40,0,280,-3
69.692,0,0,40,0,280,-3
69.702,0,0,40,0,280,-3
69.724,0,0,40,0,280,-3
69.730,0,0,40,0,280,-3
69.741,0,0,40,0,280,-3
69.757,0,0,40,0,280,-3
69.762,0,0,40,0,280,-3
69.773,0,0,40,0,280,-3
69.789,0,0,40,0,280,-3
69.795,0,0,40,0,280,-3
69.807,0,0,40,0,280,-3
69.821,0,0,40,0,280,-3
69.828,0,0,40,0,280,-3
69.837,0,0,40,0,280,-3
69.869,0,0,40,0,290,-3
69.885,0,0,40,0,290,-3
69.891,0,0,40,0,290,-3
69.901,0,0,40,0,290,-3
69.916,0,0,40,0,290,-3
69.922,0,0,40,0,290,-3
69.949,0,0,40,0,290,-3
69.964,0,0,40,0,290,-3
69.976,0,0,40,0,290,-3
69.996,0,0,40,0,290,-3
70.012,0,0,40,0,290,-3
70.028,0,0,40,0,290,-3
70.038,0,0,40,0,290,-3
70.060,0,0,40,0,290,-3
70.076,0,0,40,0,290,-3
70.092,0,0,40,0,290,-4
70.110,0,0,40,0,290,-4
70.118,0,0,40,0,290,-4
70.140,0,0,40,0,290,-4
70.156,0,0,40,0,290,-4
70.172,0,0,40,0,290,-4
70.188,0,0,40,0,290,-4
70.193,0,0,40,0,290,-4
70.220,0,0,40,0,290,-3
70.236,0,0,40,0,290,-3
70.253,0,0,40,0,290,-3
70.258,0,0,40,0,290,-3
70.268,0,0,40,0,290,-3
70.285,0,0,40,0,290,-3
70.290,0,0,40,0,290,-3
70.301,0,0,40,0,290,-3
70.316,0,0,40,0,290,-3
70.323,0,0,40,0,300,-3
70.348,0,0,40,0,300,-3
70.353,0,0,40,0,300,-3
70.364,0,0,40,0,300,-3
70.380,0,0,40,0,300,-3
70.396,0,0,40,0,300,-3
70.413,0,0,40,0,300,-3
70.428,0,0,40,0,300,-3
70.445,0,0,40,0,300,-3
70.450,0,0,40,0,300,-3
70.461,0,0,40,0,300,-3
70.477,0,0,40,0,300,-3
70.493,0,0,40,0,300,-3
70.509,0,0,40,0,300,-3
70.521,0,0,40,0,300,-3
70.535,0,0,40,0,300,-3
70.557,0,0,40,0,310,-3
70.573,0,0,40,0,310,-3
70.589,0,0,40,0,310,-3
70.605,0,0,40,0,310,-3
70.619,0,0,40,0,310,-3
70.636,0,0,40,0,310,-3
70.652,0,0,40,0,310,-3
70.668,0,0,40,0,310,-4
70.684,0,0,40,0,310,-4
70.700,0,0,40,0,310,-4
70.717,0,0,40,0,310,-4
70.732,0,0,40,0,310,-4
70.748,0,0,40,0,310,-4
70.761,0,0,40,0,310,-4
70.780,0,0,40,0,310,-4
70.785,0,0,40,0,310,-4
70.795,0,0,40,0,310,-4
70.812,0,0,40,0,310,-4
70.816,0,0,40,0,310,-4
70.827,0,0,40,0,310,-4
70.843,0,0,40,0,310,-4
70.848,0,0,40,0,310,-4
70.859,0,0,40,0,310,-4
70.875,0,0,40,0,310,-4
70.881,0,0,40,0,310,-4
70.906,0,0,40,0,310,-4
70.911,0,0,40,0,310,-4
70.938,0,0,40,0,310,-4
70.944,0,0,40,0,310,-4
70.970,0,0,40,0,310,-4
70.986,0,0,40,0,320,-4
71.003,0,0,40,0,320,-4
71.008,0,0,40,0,320,-4
71.035,0,0,40,0,320,-4
71.050,0,0,40,0,320,-4
71.066,0,0,40,0,320,-4
71.077,0,0,40,0,320,-4
71.098,0,0,0,0,320,-4
71.114,0,0,0,0,320,-4
71.130,0,0,0,0,320,-4
71.146,0,0,0,0,320,-4
71.162,0,0,0,0,320,-4
71.179,0,0,0,0,320,-4
71.194,0,0,0,0,320,-4
71.210,0,0,0,0,320,-4
71.226,0,0,0,0,320,-4
71.242,0,0,0,0,320,-4
71.258,0,0,0,0,320,-4
71.274,0,0,0,0,320,-4
71.290,0,0,0,0,320,-4
71.307,0,0,0,0,320,-4
71.322,0,0,0,0,330,-3
71.337,0,0,0,0,330,-3
71.353,0,0,0,0,330,-3
71.369,0,0,0,0,330,-3
71.385,0,0,0,0,330,-3
71.401,0,0,0,0,330,-3
71.417,0,0,0,0,330,-3
71.433,0,0,0,0,330,-3
71.449,0,0,0,0,330,-3
71.464,0,0,0,0,330,-3
71.481,0,0,0,0,330,-3
71.496,0,0,0,0,330,-3
71.513,0,0,0,0,330,-3
71.529,0,0,0,0,330,-3
71.545,0,0,0,0,330,-3
71.561,0,0,0,0,330,-3
71.577,0,0,0,0,330,-3
71.593,0,0,0,0,330,-3
71.609,0,0,0,0,330,-3
71.625,0,-40,0,0,330,-3
71.641,0,-40,0,0,330,-3
71.666,0,-40,0,0,330,-3
71.682,0,-40,0,0,330,-3
71.697,0,-40,0,0,330,-3
71.714,0,-40,0,0,330,-3
71.729,0,-40,0,0,330,-3
71.745,0,-40,0,0,330,-3
71.756,0,-40,0,0,330,-3
71.766,0,-40,0,0,330,-3
71.774,0,-40,0,0,330,-3
71.790,0,-40,0,0,330,-3
71.807,0,-40,0,0,330,-3
71.830,0,-40,0,0,330,-3
71.845,0,-40,0,0,330,-3
71.861,0,-40,0,0,330,-3
71.877,0,-40,0,0,330,-3
71.893,0,-40,0,0,330,-3
71.909,0,-40,0,0,330,-3
71.925,0,-40,0,0,330,-3
71.942,0,-40,0,0,330,-3
71.957,0,-40,0,0,330,-3
71.973,0,-40,0,0,330,-3
71.990,0,-40,0,0,330,-3
72.005,0,-40,0,0,330,-3
72.021,0,-40,0,0,330,-3
72.038,0,-40,0,0,330,-3
72.054,0,-40,0,0,330,-3
72.072,0,-40,0,0,330,-3
72.085,0,-40,0,0,330,-3
72.101,0,-40,0,0,330,-3
72.117,0,-40,0,0,330,-3
72.133,0,-40,0,0,330,-3
72.149,0,-40,0,0,330,-3
72.165,0,-40,0,0,330,-3
72.170,0,-40,0,0,330,-3
72.181,0,-40,0,0,330,-3
72.197,0,-40,0,0,330,-3
72.208,0,-40,0,0,330,-4
72.229,0,-40,0,0,330,-4
72.235,0,-40,0,0,330,-4
72.245,0,-40,0,0,330,-4
72.261,0,-40,0,0,330,-4
72.266,0,-40,0,0,330,-4
72.279,0,-40,0,0,330,-4
72.293,0,-40,0,0,330,-4
72.300,0,-40,0,0,330,-4
72.325,0,-40,0,0,330,-4
72.333,0,-40,0,0,330,-4
72.350,0,-40,0,0,330,-4
72.364,0,-40,0,0,330,-4
72.375,0,-40,0,0,330,-4
72.396,0,-40,0,0,330,-4
72.401,0,-40,0,0,330,-4
72.413,0,-40,0,0,330,-4
72.428,0,-40,0,0,330,-4
72.435,0,-40,0,0,330,-4
72.460,0,-40,0,0,330,-4
72.466,0,-40,0,0,330,-4
72.476,0,-40,0,0,330,-4
72.492,0,-40,0,0,330,-4
72.497,0,-40,0,0,330,-4
72.509,0,-40,0,0,330,-4
72.524,0,-40,0,0,330,-4
72.530,0,-40,0,0,330,-4
72.548,0,-40,0,0,330,-4
72.564,0,-40,0,0,330,-4
72.580,0,-40,0,0,330,-4
72.596,0,-40,0,0,330,-4
72.612,0,-40,0,0,330,-4
72.628,0,-40,0,0,330,-4
72.632,0,-40,0,0,330,-4
72.643,0,-40,0,0,330,-4
72.659,0,-40,0,0,330,-4
72.666,0,-40,0,0,330,-4
72.691,0,-40,0,0,330,-4
72.697,0,-40,0,0,330,-4
72.707,0,-40,0,0,330,-4
72.731,0,-40,0,0,330,-4
72.747,0,-40,0,0,330,-4
72.763,0,-40,0,0,330,-4
72.779,0,-40,0,0,330,-4
72.795,0,-40,0,0,330,-4
72.811,0,-40,0,0,330,-4
72.827,0,-40,0,0,330,-4
72.843,0,-40,0,0,330,-4
72.859,0,-40,0,0,330,-4
72.875,0,-40,0,0,330,-4
72.883,0,-40,0,0,330,-4
72.899,0,-40,0,0,330,-4
72.910,0,-40,0,0,330,-4
72.931,0,-40,0,0,330,-4
72.947,0,-40,0,0,330,-4
72.952,0,-40,0,0,330,-4
72.965,0,-40,0,0,330,-4
72.979,0,-40,0,0,330,-4
72.989,0,-40,0,0,330,-4
72.995,0,-40,0,0,330,-4
73.006,0,-40,0,0,330,-4
73.015,0,-40,0,0,330,-4
73.020,0,-40,0,0,330,-4
73.047,0,-40,0,0,330,-4
73.063,0,-40,0,0,330,-4
73.080,0,-40,0,0,330,-4
73.096,0,-40,0,0,330,-4
73.111,0,-40,0,0,330,-4
73.127,0,-40,0,0,330,-4
73.143,0,-40,0,0,330,-4
73.159,0,-40,0,0,330,-4
73.175,0,-40,0,0,330,-4
73.191,0,-40,0,0,330,-4
73.207,0,-40,0,0,330,-4
73.223,0,-40,0,0,330,-4
73.228,0,-40,0,0,330,-4
73.257,0,-40,0,0,330,-4
73.261,0,-40,0,0,330,-4
73.272,0,-40,0,0,330,-4
73.288,0,-40,0,0,320,-4
73.301,0,-40,0,0,320,-4
73.317,0,-40,0,0,320,-4
73.333,0,-40,0,0,320,-4
73.348,0,-40,0,0,320,-4
73.353,0,-40,0,0,320,-4
73.363,0,-40,0,0,320,-4
73.379,0,-40,0,0,320,-4
73.395,0,-40,0,0,320,-4
73.411,0,-40,0,0,320,-4
73.419,0,-40,0,0,320,-4
73.442,0,-40,0,0,320,-4
73.447,0,-40,0,0,320,-4
73.474,0,-40,0,0,320,-4
73.490,0,-40,0,0,320,-4
73.506,0,-40,0,0,320,-4
73.522,0,0,0,0,320,-4
73.538,0,0,0,0,320,-4
73.554,0,0,0,0,320,-4
73.570,0,0,0,0,320,-4
73.586,0,0,0,0,320,-4
73.602,0,0,0,0,320,-4
73.618,0,0,0,0,320,-4
73.634,0,0,0,0,320,-4
73.650,0,0,0,0,320,-4
73.666,0,0,0,0,320,-4
73.682,0,0,0,0,320,-4
73.698,0,0,0,0,320,-4
73.714,0,0,0,0,320,-4
73.730,0,0,0,0,320,-4
73.746,0,0,0,0,320,-4
73.762,0,0,0,0,320,-4
73.778,0,0,0,0,320,-4
73.794,0,0,0,0,320,-4
73.810,0,0,0,0,320,-4
73.826,0,0,0,0,320,-4
73.837,0,0,0,0,320,-4
73.858,0,0,0,0,320,-4
73.874,0,0,0,0,320,-4
73.890,0,0,0,0,320,-4
73.908,0,0,0,0,320,-4
73.922,0,0,0,0,320,-4
73.938,0,0,0,0,320,-4
73.953,0,0,0,0,320,-4
73.970,0,0,0,0,320,-4
73.986,0,0,0,0,320,-4
74.002,0,0,0,0,320,-4
74.018,0,0,0,0,320,-4
74.034,0,0,0,0,320,-4
74.050,0,0,0,0,320,-4
74.065,0,0,0,0,330,-4
74.081,0,0,0,0,330,-4
74.097,0,0,0,0,330,-4
74.113,0,0,0,0,330,-4
74.129,0,0,0,0,330,-4
74.145,0,0,0,0,330,-4
74.161,0,0,0,0,330,-4
74.177,0,0,0,0,330,-4
74.193,0,0,0,0,330,-4
74.210,0,0,0,0,330,-4
74.226,0,0,0,0,330,-4
74.242,0,0,0,0,330,-4
74.258,0,0,0,0,330,-4
74.275,0,0,0,0,330,-4
74.293,0,0,0,0,330,-4
74.306,0,0,0,0,330,-4
74.322,0,0,0,0,330,-4
74.336,0,0,0,0,330,-4
74.354,0,0,0,0,330,-4
74.370,0,0,0,0,330,-4
74.386,0,0,0,0,330,-4
74.402,0,0,0,0,330,-4
74.417,0,0,0,0,330,-4
74.433,0,0,0,0,330,-4
74.449,0,0,0,0,330,-4
74.459,0,0,0,0,330,-4
74.476,0,0,0,0,330,-4
74.498,0,0,0,0,330,-4
74.515,0,0,40,0,330,-4
74.530,0,0,40,0,330,-4
74.546,0,0,40,0,330,-4
74.562,0,0,40,0,330,-4
74.578,0,0,40,0,330,-4
74.594,0,0,40,0,330,-4
74.610,0,0,40,0,330,-4
74.626,0,0,40,0,330,-4
74.642,0,0,40,0,330,-4
74.658,0,0,40,0,330,-4
74.683,0,0,40,0,330,-4
74.698,0,0,40,0,330,-4
74.714,0,0,40,0,330,-4
74.730,0,0,40,0,330,-4
74.746,0,0,40,0,330,-4
74.762,0,0,40,0,330,-4
74.778,0,0,40,0,330,-4
74.794,0,0,40,0,330,-4
74.810,0,0,40,0,330,-4
74.826,0,0,40,0,330,-4
74.844,0,0,40,0,330,-4
74.858,0,0,40,0,330,-4
74.874,0,0,40,0,330,-4
74.890,0,0,40,0,330,-4
74.906,0,0,40,0,330,-4
74.922,0,0,40,0,330,-4
74.938,0,0,40,0,330,-4
74.954,0,0,40,0,330,-4
74.970,0,0,40,0,330,-4
74.986,0,0,40,0,330,-4
75.002,0,0,40,0,330,-4
75.019,0,0,40,0,330,-4
75.034,0,0,40,0,330,-4
75.050,0,0,40,0,330,-4
75.064,0,0,40,0,330,-4
75.083,0,0,40,0,330,-4
75.099,0,0,40,0,330,-4
75.111,0,0,40,0,330,-4
75.131,0,0,40,0,330,-4
75.147,0,0,40,0,330,-4
75.163,0,0,40,0,330,-4
75.179,0,0,40,0,330,-4
75.191,0,0,40,0,330,-4
75.211,0,0,40,0,330,-4
75.227,0,0,40,0,330,-4
75.243,0,0,40,0,330,-4
75.260,0,0,40,0,330,-4
75.275,0,0,40,0,330,-4
75.280,0,0,40,0,330,-4
75.307,0,0,40,0,330,-4
75.323,0,0,40,0,330,-4
75.339,0,0,40,0,330,-4
75.355,0,0,40,0,330,-4
75.371,0,0,40,0,330,-4
75.388,0,0,40,0,330,-4
75.404,0,0,40,0,340,-4
75.421,0,0,40,0,340,-4
75.436,0,0,40,0,340,-4
75.452,0,0,40,0,340,-4
75.468,0,0,40,0,340,-4
75.484,0,0,40,0,340,-4
75.493,0,0,40,0,340,-4
75.506,0,0,40,0,340,-4
75.515,0,0,40,0,340,-4
75.520,0,0,40,0,340,-4
75.531,0,0,40,0,340,-4
75.547,0,0,40,0,340,-4
75.553,0,0,40,0,340,-4
75.569,0,0,40,0,340,-4
75.587,0,0,40,0,340,-4
75.603,0,0,40,0,340,-4
75.619,0,0,40,0,340,-4
75.635,0,0,40,0,340,-4
75.651,0,0,40,0,340,-4
75.667,0,0,40,0,340,-4
75.684,0,0,40,0,340,-4
75.699,0,0,40,0,340,-4
75.715,0,0,40,0,340,-4
75.721,0,0,40,0,340,-4
75.731,0,0,40,0,340,-4
75.747,0,0,40,0,350,-4
75.752,0,0,40,0,350,-4
75.763,0,0,40,0,350,-4
75.788,0,0,40,0,350,-4
75.804,0,0,40,0,350,-4
75.820,0,0,40,0,350,-4
75.836,0,0,40,0,350,-4
75.853,0,0,40,0,350,-4
75.868,0,0,40,0,350,-4
75.884,0,0,40,0,350,-4
75.900,0,0,40,0,350,-4
75.916,0,0,40,0,350,-4
75.932,0,0,40,0,350,-4
75.948,0,0,40,0,350,-4
75.964,0,0,40,0,350,-4
75.980,0,0,40,0,350,-4
75.991,0,-40,0,0,350,-4
75.997,0,-40,0,0,350,-4
76.012,0,-40,0,0,350,-4
76.028,0,-40,0,0,350,-4
76.044,0,-40,0,0,350,-4
76.060,0,-40,0,0,350,-4
76.076,0,-40,0,0,360,-4
76.092,0,-40,0,0,360,-4
76.108,0,-40,0,0,360,-4
76.124,0,-40,0,0,360,-4
76.133,0,-40,0,0,360,-4
76.149,0,-40,0,0,360,-4
76.157,0,-40,0,0,360,-4
76.174,0,-40,0,0,370,-4
76.190,0,-40,0,0,370,-4
76.206,0,-40,0,0,370,-4
76.222,0,-40,0,0,370,-4
76.237,0,-40,0,0,370,-4
76.254,0,-40,0,0,370,-4
76.270,0,-40,0,0,370,-4
76.286,0,-40,0,0,370,-4
76.301,0,-40,0,0,370,-4
76.318,0,-40,0,0,370,-4
76.334,0,-40,0,0,370,-4
76.350,0,-40,0,0,370,-4
76.366,0,-40,0,0,370,-4
76.382,0,-40,0,0,370,-4
76.397,0,-40,0,0,370,-4
76.412,0,-40,0,0,370,-4
76.430,0,-40,0,0,370,-4
76.445,0,-40,0,0,370,-4
76.461,0,-40,0,0,370,-4
76.477,0,-40,0,0,370,-4
76.493,0,-40,0,0,370,-4
76.499,0,-40,0,0,370,-4
76.525,0,-40,0,0,370,-4
76.538,0,-40,0,0,370,-4
76.558,0,-40,0,0,370,-4
76.573,0,-40,0,0,370,-4
76.589,0,-40,0,0,370,-4
76.600,0,-40,0,0,370,-4
76.622,0,-40,0,0,370,-4
76.637,0,-40,0,0,370,-4
76.642,0,-40,0,0,370,-4
76.669,0,-40,0,0,370,-4
76.685,0,-40,0,0,370,-4
76.701,0,-40,0,0,370,-4
76.717,0,-40,0,0,370,-4
76.730,0,-40,0,0,370,-4
76.749,0,-40,0,0,370,-4
76.765,0,-40,0,0,370,-4
76.781,0,-40,0,0,370,-4
76.797,0,-40,0,0,370,-4
76.813,0,-40,0,0,370,-4
76.828,0,-40,0,0,370,-4
76.839,0,-40,0,0,370,-4
76.860,0,-40,0,0,370,-4
76.865,0,-40,0,0,370,-4
76.876,0,-40,0,0,370,-4
76.892,0,-40,0,0,370,-4
76.903,0,-40,0,0,370,-4
76.907,0,-40,0,0,370,-4
76.924,0,-40,0,0,370,-4
76.929,0,-40,0,0,370,-4
76.939,0,-40,0,0,370,-4
76.955,0,-40,0,0,370,-4
76.960,0,-40,0,0,370,-4
76.971,0,-40,0,0,370,-4
76.987,0,-40,0,0,370,-4
76.993,0,-40,0,0,370,-4
77.003,0,-40,0,0,370,-4
77.019,0,-40,0,0,370,-4
77.024,0,-40,0,0,370,-4
77.051,0,-40,0,0,370,-4
77.067,0,-40,0,0,370,-4
77.083,0,-40,0,0,370,-4
77.088,0,-40,0,0,370,-4
77.099,0,-40,0,0,370,-4
77.115,0,-40,0,0,370,-4
77.131,0,-40,0,0,370,-4
77.147,0,-40,0,0,370,-4
77.163,0,-40,0,0,370,-4
77.179,0,-40,0,0,370,-4
77.195,0,-40,0,0,370,-4
77.211,0,-40,0,0,370,-4
77.218,0,-40,0,0,370,-4
77.243,0,-40,0,0,370,-4
77.258,0,-40,0,0,370,-4
77.270,0,-40,0,0,370,-4
77.291,0,-40,0,0,360,-4
77.307,0,-40,0,0,360,-4
77.322,0,-40,0,0,360,-4
77.327,0,-40,0,0,360,-4
77.351,0,-40,0,0,360,-4
77.366,0,-40,0,0,360,-4
77.375,0,-40,0,0,360,-4
77.383,0,-40,0,0,360,-4
77.395,0,-40,0,0,360,-4
77.403,0,-40,0,0,360,-4
77.415,0,-40,0,0,360,-4
77.431,0,-40,0,0,360,-4
77.446,0,-40,0,0,360,-4
77.451,0,-40,0,0,360,-4
77.478,0,-40,0,0,360,-4
77.494,0,-40,0,0,360,-4
77.510,0,-40,0,0,360,-4
77.526,0,-40,0,0,360,-4
77.545,0,-40,0,0,360,-4
77.556,0,-40,0,0,360,-4
77.562,0,-40,0,0,360,-4
77.588,0,-40,0,0,360,-4
77.604,0,-40,0,0,360,-4
77.619,0,-40,0,0,360,-4
77.625,0,-40,0,0,360,-4
77.651,0,-40,0,0,360,-4
77.659,0,-40,0,0,360,-4
77.667,0,-40,0,0,360,-4
77.683,0,-40,0,0,360,-4
77.688,0,-40,0,0,360,-4
77.700,0,-40,0,0,360,-4
77.720,0,-40,0,0,360,-4
77.731,0,-40,0,0,360,-3
77.747,0,-40,0,0,360,-3
77.763,0,-40,0,0,360,-3
77.779,0,-40,0,0,360,-3
77.790,0,-40,0,0,360,-3
77.796,0,-40,0,0,360,-3
77.811,0,-40,0,0,360,-3
77.826,0,-40,0,0,360,-3
77.843,0,-40,0,0,360,-4
77.858,0,-40,0,0,360,-4
77.877,0,-40,0,0,360,-4
77.890,0,-40,0,0,360,-4
77.906,0,-40,0,0,360,-4
77.915,0,-40,0,0,360,-4
77.938,0,-40,0,0,360,-4
77.954,0,-40,0,0,370,-4
77.970,0,-40,0,0,370,-4
77.986,0,-40,0,0,370,-4
78.002,0,-40,0,0,370,-4
78.018,0,-40,0,0,370,-4
78.034,0,-40,0,0,370,-4
78.050,0,-40,0,0,370,-4
78.066,0,-40,0,0,370,-4
78.082,0,-40,0,0,370,-4
78.087,0,-40,0,0,370,-4
78.098,0,-40,0,0,370,-4
78.114,0,-40,0,0,370,-4
78.119,0,-40,0,0,370,-4
78.129,0,-40,0,0,370,-4
78.145,0,-40,0,0,370,-4
78.150,0,-40,0,0,370,-4
78.161,0,-40,0,0,370,-4
78.176,0,-40,0,0,370,-3
78.189,0,-40,0,0,370,-3
78.208,0,-40,0,0,370,-3
78.224,0,-40,0,0,370,-3
78.240,0,-40,0,0,370,-3
78.245,0,-40,0,0,370,-3
78.257,0,-40,0,0,370,-3
78.272,0,-40,0,0,370,-3
78.288,0,-40,0,0,370,-3
78.304,0,-40,0,0,370,-3
78.320,0,-40,0,0,370,-3
78.336,0,-40,0,0,370,-3
78.341,0,-40,0,0,370,-3
78.368,0,-40,0,0,370,-3
78.384,0,-40,0,0,370,-3
78.400,0,-40,0,0,370,-3
78.416,0,-40,0,0,370,-3
78.429,0,-40,0,0,370,-3
78.448,0,-40,0,0,370,-3
78.464,0,-40,0,0,370,-3
78.480,0,-40,0,0,370,-3
78.496,0,-40,0,0,370,-3
78.512,0,-40,0,0,370,-4
78.528,0,-40,0,0,370,-4
78.544,0,-40,0,0,370,-4
78.549,0,-40,0,0,370,-4
78.564,0,-40,0,0,370,-4
78.575,0,-40,0,0,370,-4
78.591,0,-40,0,0,370,-4
78.607,0,-40,0,0,370,-4
78.612,0,-40,0,0,370,-4
78.623,0,-40,0,0,370,-4
78.638,0,-40,0,0,370,-4
78.644,0,-40,0,0,370,-4
78.670,0,-40,0,0,370,-4
78.675,0,-40,0,0,370,-4
78.687,0,-40,0,0,370,-4
78.702,0,-40,0,0,370,-4
78.707,0,-40,0,0,370,-4
78.734,0,-40,0,0,370,-4
78.750,0,-40,0,0,370,-4
78.766,0,-40,0,0,370,-4
78.771,0,-40,0,0,370,-4
78.782,0,-40,0,0,370,-4
78.798,0,-40,0,0,370,-4
78.803,0,-40,0,0,370,-4
78.829,0,-40,0,0,370,-4
78.845,0,-40,0,0,370,-4
78.861,0,-40,0,0,370,-4
78.877,0,-40,0,0,370,-4
78.882,0,-40,0,0,370,-4
78.893,0,-40,0,0,370,-4
78.909,0,-40,0,0,370,-4
78.920,0,-40,0,0,370,-4
78.941,0,-40,0,0,370,-4
78.957,0,-40,0,0,370,-4
78.973,0,-40,0,0,370,-4
78.978,0,-40,0,0,370,-4
78.989,0,-40,0,0,370,-4
79.005,0,0,0,0,370,-4
79.021,0,0,0,0,370,-4
79.038,0,0,0,0,370,-4
79.052,0,0,0,0,370,-4
79.068,0,0,0,0,370,-4
79.083,0,0,0,0,370,-4
79.099,0,0,0,0,370,-4
79.115,0,0,0,0,370,-4
79.131,0,0,0,0,370,-4
79.137,0,0,40,0,370,-4
79.147,0,0,40,0,370,-4
79.163,0,0,40,0,370,-4
79.168,0,0,40,0,370,-4
79.195,0,0,40,0,380,-4
79.211,0,0,40,0,380,-4
79.227,0,0,40,0,380,-4
79.243,0,0,40,0,380,-4
79.259,0,0,40,0,380,-4
79.275,0,0,40,0,380,-4
79.291,0,0,40,0,380,-3
79.307,0,0,40,0,380,-3
79.323,0,0,40,0,380,-3
79.339,0,0,40,0,380,-3
79.354,0,0,40,0,380,-3
79.370,0,0,40,0,380,-3
79.387,0,0,40,0,380,-3
79.403,0,0,40,0,380,-3
79.418,0,0,40,0,380,-3
79.434,0,0,40,0,380,-3
79.450,0,0,40,0,380,-3
79.464,0,0,40,0,380,-3
79.474,0,0,40,0,380,-3
79.489,0,0,40,0,380,-3
79.506,0,0,40,0,380,-3
79.522,0,0,40,0,380,-3
79.538,0,0,40,0,380,-3
79.554,0,0,40,0,380,-3
79.570,0,0,40,0,380,-3
79.586,0,0,40,0,380,-3
79.602,0,0,40,0,380,-3
79.618,0,0,40,0,380,-4
79.634,0,0,40,0,380,-4
79.650,0,0,40,0,380,-4
79.666,0,0,40,0,380,-4
79.690,0,0,40,0,380,-4
79.706,0,0,40,0,380,-4
79.717,0,0,40,0,380,-4
79.726,0,0,40,0,380,-4
79.738,0,0,40,0,380,-4
79.754,0,0,40,0,380,-4
79.770,0,0,40,0,380,-4
79.786,0,0,40,0,380,-4
79.802,0,0,40,0,380,-4
79.809,0,0,40,0,380,-4
79.834,0,0,40,0,380,-4
79.839,0,0,40,0,380,-4
79.851,0,0,40,0,380,-4
79.867,0,0,40,0,380,-4
79.872,0,0,40,0,380,-4
79.899,0,0,40,0,380,-4
79.915,0,0,40,0,380,-4
79.931,0,0,40,0,380,-4
79.946,0,0,40,0,380,-4
79.963,0,0,40,0,380,-4
79.978,0,0,40,0,380,-4
79.994,0,0,40,0,380,-4
80.011,0,0,40,0,380,-4
80.016,0,0,40,0,380,-4
80.042,0,0,40,0,380,-4
80.048,0,0,40,0,380,-4
80.058,0,0,40,0,390,-4
80.074,0,0,40,0,390,-4
80.083,0,0,40,0,390,-4
80.106,0,0,40,0,390,-4
80.111,0,0,40,0,390,-4
80.121,0,0,40,0,390,-4
80.138,0,0,40,0,390,-4
80.146,0,0,40,0,390,-4
80.168,0,0,40,0,390,-4
80.177,0,0,40,0,390,-4
80.200,0,0,40,0,390,-4
80.216,0,0,40,0,390,-4
80.232,0,0,40,0,390,-4
80.248,0,0,40,0,390,-4
80.264,0,0,40,0,390,-4
80.280,0,0,40,0,390,-4
80.312,0,0,40,0,390,-4
80.328,0,0,40,0,390,-4
80.344,0,0,40,0,390,-4
80.362,0,0,40,0,390,-4
80.376,0,0,40,0,390,-4
80.392,0,0,40,0,390,-4
80.408,0,0,0,0,400,-4
80.424,0,0,0,0,400,-4
80.441,0,0,0,0,400,-4
80.456,0,-40,0,0,400,-4
80.472,0,-40,0,0,400,-4
80.488,0,-40,0,0,400,-4
80.504,0,-40,0,0,400,-4
80.520,0,-40,0,0,400,-4
80.536,0,-40,0,0,400,-4
80.548,0,-40,0,0,400,-4
80.567,0,-40,0,0,400,-4
80.583,0,-40,0,0,400,-4
80.599,0,-40,0,0,400,-4
80.612,0,-40,0,0,400,-4
80.623,0,-40,0,0,400,-4
80.640,0,-40,0,0,400,-4
80.656,0,-40,0,0,400,-4
80.672,0,-40,0,0,400,-4
80.688,0,-40,0,0,400,-4
80.704,0,-40,0,0,400,-4
80.729,0,-40,0,0,400,-4
80.745,0,-40,0,0,400,-4
80.760,0,-40,0,0,400,-4
80.776,0,-40,0,0,400,-4
80.792,0,-40,0,0,400,-4
80.807,0,-40,0,0,400,-4
80.823,0,-40,0,0,400,-4
80.839,0,-40,0,0,400,-4
80.855,0,-40,0,0,410,-4
80.870,0,-40,0,0,410,-4
80.886,0,-40,0,0,410,-4
80.902,0,-40,0,0,410,-4
80.918,0,-40,0,0,410,-4
80.934,0,-40,0,0,410,-4
80.950,0,-40,0,0,410,-4
80.966,0,-40,0,0,410,-4
80.972,0,-40,0,0,410,-4
80.999,0,-40,0,0,410,-4
81.014,0,-40,0,0,410,-4
81.030,0,-40,0,0,410,-4
81.039,0,-40,0,0,410,-4
81.062,0,-40,0,0,410,-4
81.078,0,-40,0,0,410,-4
81.094,0,-40,0,0,410,-4
81.109,0,-40,0,0,410,-4
81.125,0,-40,0,0,410,-4
81.130,0,-40,0,0,410,-4
81.141,0,-40,0,0,410,-4
81.165,0,-40,0,0,410,-4
81.181,0,-40,0,0,410,-4
81.197,0,-40,0,0,410,-4
81.213,0,-40,0,0,410,-4
81.218,0,-40,0,0,410,-4
81.245,0,-40,0,0,410,-4
81.261,0,-40,0,0,410,-4
81.277,0,-40,0,0,410,-4
81.293,0,-40,0,0,410,-4
81.308,0,-40,0,0,410,-4
81.324,0,-40,0,0,410,-4
81.348,0,-40,0,0,410,-4
81.364,0,-40,0,0,410,-4
81.380,0,-40,0,0,410,-4
81.385,0,-40,0,0,410,-4
81.412,0,-40,0,0,410,-4
81.423,0,-40,0,0,410,-4
81.428,0,-40,0,0,410,-4
81.444,0,-40,0,0,410,-4
81.460,0,-40,0,0,410,-4
81.477,0,-40,0,0,410,-4
81.493,0,-40,0,0,410,-4
81.509,0,-40,0,0,410,-4
81.525,0,-40,0,0,410,-4
81.541,0,-40,0,0,410,-4
81.549,0,-40,0,0,410,-4
81.565,0,-40,0,0,410,-4
81.581,0,-40,0,0,410,-4
81.597,0,-40,0,0,420,-4
81.613,0,-40,0,0,420,-4
81.618,0,-40,0,0,420,-4
81.645,0,-40,0,0,420,-4
81.661,0,-40,0,0,420,-4
81.677,0,-40,0,0,420,-4
81.688,0,-40,0,0,420,-4
81.693,0,-40,0,0,420,-4
81.724,0,-40,0,0,420,-4
81.733,0,-40,0,0,420,-4
81.749,0,-40,0,0,420,-4
81.754,0,-40,0,0,420,-4
81.765,0,-40,0,0,420,-4
81.781,0,-40,0,0,420,-4
81.787,0,-40,0,0,420,-4
81.796,0,-40,0,0,420,-4
81.813,0,-40,0,0,420,-4
81.821,0,-40,0,0,420,-4
81.829,0,-40,0,0,420,-4
81.845,0,-40,0,0,420,-4
81.861,0,-40,0,0,420,-4
81.872,0,-40,0,0,420,-4
81.894,0,-40,0,0,420,-4
81.910,0,-40,0,0,420,-4
81.925,0,-40,0,0,420,-4
81.942,0,-40,0,0,420,-4
81.958,0,-40,0,0,420,-4
81.974,0,-40,0,0,420,-4
81.990,0,-40,0,0,420,-4
82.006,0,-40,0,0,420,-4
82.010,0,-40,0,0,420,-4
82.022,0,-40,0,0,420,-4
82.037,0,-40,0,0,420,-4
82.054,0,-40,0,0,420,-4
82.070,0,-40,0,0,420,-4
82.086,0,-40,0,0,420,-4
82.102,0,-40,0,0,420,-4
82.118,0,-40,0,0,420,-4
82.134,0,-40,0,0,420,-4
82.150,0,-40,0,0,420,-4
82.166,0,0,0,0,420,-4
82.182,0,0,0,0,420,-4
82.198,0,0,0,0,420,-4
82.214,0,0,0,0,420,-4
82.230,0,0,0,0,420,-4
82.246,0,0,0,0,420,-4
82.262,0,0,0,0,420,-4
82.278,0,0,0,0,420,-4
82.295,0,0,0,0,420,-4
82.311,0,0,0,0,420,-4
82.329,0,0,0,0,420,-4
82.342,0,0,0,0,420,-4
82.358,0,0,0,0,420,-4
82.374,0,0,0,0,420,-4
82.390,0,0,0,0,420,-4
82.406,0,0,0,0,420,-4
82.422,0,0,0,0,420,-4
82.438,0,0,0,0,420,-4
82.454,0,0,0,0,420,-4
82.470,0,0,0,0,420,-4
82.486,0,0,0,0,420,-4
82.501,0,0,0,0,420,-3
82.518,0,0,0,0,420,-3
82.534,0,0,0,0,420,-3
82.550,0,0,0,0,420,-3
82.566,0,0,0,0,420,-3
82.582,0,0,0,0,420,-3
82.600,0,0,0,0,420,-3
82.614,0,0,0,0,420,-3
82.630,0,0,0,0,420,-3
82.646,0,0,0,0,420,-3
82.662,0,0,0,0,420,-3
82.678,0,0,0,0,420,-3
82.694,0,0,0,0,420,-3
82.710,0,0,0,0,420,-3
82.726,0,0,0,0,420,-4
82.742,0,0,0,0,420,-4
82.758,0,0,0,0,420,-4
82.774,0,0,0,0,420,-4
82.790,0,0,0,0,420,-4
82.806,0,0,0,0,420,-4
82.822,0,0,0,0,420,-4
82.838,0,0,0,0,420,-4
82.854,0,0,0,0,420,-4
82.870,0,0,0,0,420,-4
82.886,0,0,0,0,420,-4
82.902,0,0,0,0,420,-4
82.918,0,0,0,0,420,-4
82.934,0,0,0,0,420,-4
82.950,0,0,0,0,420,-4
82.965,0,0,0,0,420,-4
82.981,0,0,0,0,420,-4
82.997,0,0,0,0,420,-4
83.013,0,0,0,0,420,-4
83.029,0,0,0,0,420,-4
83.045,0,0,0,0,420,-4
83.061,0,0,0,0,420,-4
83.077,0,0,0,0,420,-4
83.094,0,0,0,0,420,-4
83.109,0,0,0,0,420,-4
83.125,0,0,0,0,420,-4
83.141,0,0,0,0,420,-4
83.157,0,0,0,0,420,-4
83.173,0,0,0,0,430,-4
83.189,0,0,0,0,430,-4
83.205,0,0,0,0,430,-4
83.221,0,0,0,0,430,-4
83.237,0,0,0,0,430,-4
83.253,0,0,0,0,430,-4
83.269,0,0,0,0,430,-4
83.284,0,0,0,0,420,-4
83.301,0,0,0,0,420,-4
83.317,0,0,0,0,420,-4
83.332,0,0,0,0,420,-4
83.349,0,0,0,0,420,-4
83.365,0,0,0,0,420,-4
83.381,0,0,0,0,420,-4
83.397,0,0,0,0,420,-4
83.413,0,0,0,0,420,-4
83.430,0,0,0,0,420,-4
83.436,0,0,40,0,420,-4
83.446,0,0,40,0,420,-4
83.462,0,0,40,0,420,-4
83.478,0,0,40,0,420,-4
83.493,0,0,40,0,420,-4
83.509,0,0,40,0,420,-4
83.525,0,0,40,0,420,-4
83.542,0,0,40,0,420,-4
83.557,0,0,40,0,420,-4
83.574,0,0,40,0,420,-4
83.589,0,0,40,0,420,-4
83.606,0,0,40,0,420,-4
83.622,0,0,40,0,420,-4
83.638,0,0,40,0,420,-4
83.654,0,0,40,0,420,-4
83.669,0,0,40,0,420,-4
83.687,0,0,40,0,420,-4
83.701,0,0,40,0,420,-4
83.717,0,0,40,0,430,-4
83.733,0,0,40,0,430,-4
83.749,0,0,40,0,430,-4
83.765,0,0,40,0,430,-4
83.781,0,0,40,0,430,-4
83.797,0,0,40,0,430,-4
83.813,0,0,40,0,430,-4
83.829,0,0,40,0,430,-4
83.845,0,0,40,0,420,-4
83.861,0,0,40,0,420,-4
83.877,0,0,40,0,420,-4
83.893,0,0,40,0,420,-4
83.909,0,0,40,0,420,-4
83.925,0,0,40,0,420,-4
83.940,0,0,40,0,430,-3
83.946,0,0,40,0,430,-3
83.956,0,0,40,0,430,-3
83.972,0,0,40,0,430,-3
83.983,0,0,40,0,430,-3
84.004,0,0,40,0,430,-3
84.020,0,0,40,0,430,-3
84.036,0,0,40,0,430,-3
84.041,0,0,40,0,430,-3
84.052,0,0,40,0,430,-3
84.068,0,0,40,0,430,-3
84.084,0,0,40,0,430,-3
84.097,0,0,40,0,430,-3
84.116,0,0,40,0,430,-3
84.132,0,0,40,0,430,-3
84.148,0,0,40,0,430,-3
84.164,0,0,40,0,430,-4
84.179,0,0,40,0,430,-4
84.196,0,0,40,0,430,-4
84.212,0,0,40,0,430,-4
84.228,0,0,40,0,430,-4
84.244,0,0,40,0,430,-4
84.249,0,0,40,0,430,-4
84.260,0,0,40,0,430,-4
84.276,0,0,40,0,430,-4
84.281,0,0,40,0,430,-4
84.292,0,0,40,0,430,-4
84.308,0,0,40,0,430,-4
84.314,0,0,40,0,430,-4
84.324,0,0,40,0,430,-4
84.340,0,0,40,0,430,-4
84.345,0,0,40,0,430,-4
84.372,0,0,40,0,430,-4
84.377,0,0,40,0,430,-4
84.391,0,0,40,0,430,-3
84.419,0,0,40,0,430,-3
84.435,0,0,40,0,430,-3
84.441,0,0,40,0,430,-3
84.468,0,0,40,0,430,-3
84.478,0,0,40,0,430,-3
84.499,0,0,40,0,430,-4
84.508,0,0,40,0,430,-4
84.515,0,0,40,0,430,-4
84.530,0,0,40,0,430,-4
84.540,0,0,40,0,430,-4
84.563,0,0,40,0,430,-4
84.578,0,0,40,0,430,-4
84.595,0,0,40,0,430,-4
84.611,0,0,40,0,440,-4
84.627,0,0,40,0,440,-4
84.642,0,0,40,0,440,-4
84.660,0,0,40,0,440,-4
84.672,0,0,40,0,440,-4
84.677,0,0,40,0,440,-4
84.690,0,0,40,0,440,-4
84.706,0,0,40,0,440,-4
84.718,0,0,40,0,440,-4
84.738,0,0,40,0,440,-4
84.744,0,0,40,0,440,-4
84.754,0,0,40,0,440,-4
84.767,0,0,40,0,440,-4
84.772,0,0,40,0,440,-4
84.785,0,0,40,0,440,-4
84.802,0,0,40,0,440,-4
84.807,0,0,40,0,440,-4
84.818,0,0,40,0,440,-4
84.849,0,0,40,0,440,-4
84.860,0,0,40,0,440,-4
84.881,0,0,40,0,440,-4
84.893,0,0,40,0,440,-4
84.913,0,0,40,0,440,-4
84.926,0,0,40,0,440,-4
84.945,0,0,40,0,440,-4
84.961,0,0,40,0,440,-4
84.977,0,0,40,0,440,-4
84.992,0,0,40,0,440,-4
84.997,0,0,40,0,440,-4
85.016,0,0,40,0,440,-4
85.025,0,0,40,0,440,-4
85.042,0,0,40,0,440,-4
85.057,0,0,40,0,440,-4
85.073,0,0,40,0,440,-4
85.089,0,0,40,0,440,-4
85.105,0,0,40,0,440,-4
85.114,0,0,40,0,440,-4
85.137,0,0,40,0,440,-4
85.153,0,0,40,0,440,-4
85.168,0,0,40,0,440,-4
85.184,0,0,40,0,440,-4
85.200,0,0,40,0,440,-4
85.206,0,0,40,0,440,-4
85.217,0,0,40,0,440,-4
85.233,0,0,40,0,440,-4
85.239,0,0,40,0,440,-4
85.249,0,0,40,0,440,-4
85.264,0,0,40,0,440,-4
85.270,0,0,40,0,440,-4
85.288,0,0,40,0,440,-4
85.296,0,0,40,0,440,-4
85.302,0,0,40,0,440,-4
85.327,0,0,40,0,440,-4
85.337,0,0,40,0,440,-4
85.359,0,0,40,0,440,-4
85.375,0,0,40,0,440,-4
85.391,0,0,40,0,450,-4
85.407,0,0,40,0,450,-4
85.419,0,0,40,0,450,-4
85.439,0,0,40,0,450,-4
85.455,0,0,40,0,450,-4
85.470,0,0,40,0,450,-4
85.486,0,0,40,0,450,-4
85.505,0,0,40,0,450,-3
85.518,0,0,40,0,450,-3
85.532,0,0,40,0,450,-3
85.550,0,0,40,0,450,-3
85.566,0,0,40,0,450,-3
85.577,0,0,40,0,450,-3
85.598,0,0,40,0,450,-3
85.609,0,0,40,0,450,-3
85.630,0,0,40,0,450,-3
85.641,0,0,40,0,450,-3
85.662,0,0,40,0,450,-3
85.667,0,0,40,0,450,-3
85.678,0,0,40,0,450,-3
85.694,0,0,40,0,450,-3
85.705,0,0,40,0,450,-3
85.709,0,0,40,0,450,-3
85.725,0,0,40,0,450,-3
85.730,0,0,40,0,460,-3
85.741,0,0,40,0,460,-3
85.757,0,0,40,0,460,-3
85.763,0,0,40,0,460,-3
85.773,0,0,40,0,460,-3
85.789,0,0,40,0,460,-3
85.805,0,0,40,0,460,-3
85.821,0,0,40,0,460,-3
85.828,0,0,40,0,460,-3
85.853,0,0,40,0,460,-3
85.870,0,0,40,0,460,-3
85.885,0,0,40,0,460,-3
85.901,0,0,40,0,460,-3
85.917,0,0,40,0,460,-3
85.933,0,0,40,0,460,-3
85.949,0,0,40,0,460,-4
85.965,0,0,40,0,460,-4
85.981,0,0,40,0,460,-4
85.997,0,0,40,0,460,-4
86.014,0,0,40,0,460,-4
86.030,0,0,40,0,460,-4
86.046,0,0,40,0,460,-4
86.063,0,0,40,0,460,-4
86.094,0,0,40,0,460,-4
86.098,0,0,40,0,460,-4
86.109,0,0,40,0,460,-4
86.125,0,0,40,0,460,-4
86.135,0,0,40,0,460,-4
86.158,0,0,40,0,460,-4
86.163,0,0,40,0,460,-4
86.174,0,0,40,0,460,-4
86.190,0,0,40,0,460,-4
86.195,0,0,40,0,460,-4
86.206,0,0,40,0,460,-4
86.223,0,0,40,0,460,-4
86.227,0,0,40,0,460,-4
86.238,0,0,40,0,460,-4
86.250,0,0,40,0,460,-4
86.269,0,0,40,0,460,-4
86.285,0,0,40,0,460,-4
86.292,0,0,40,0,460,-4
86.301,0,0,40,0,460,-4
86.317,0,0,40,0,460,-4
86.333,0,0,40,0,460,-4
86.344,0,0,40,0,460,-4
86.365,0,0,40,0,460,-4
86.378,0,0,40,0,460,-4
86.397,0,0,40,0,470,-4
86.413,0,0,40,0,470,-4
86.431,0,0,40,0,470,-4
86.444,0,0,40,0,470,-4
86.460,0,0,40,0,470,-4
86.476,0,0,40,0,470,-4
86.492,0,0,0,0,470,-4
86.504,0,0,0,0,470,-4
86.518,0,0,0,0,470,-4
86.539,0,0,40,0,470,-4
86.551,0,0,40,0,470,-4
86.572,0,0,40,0,470,-4
86.577,0,0,40,0,470,-4
86.604,0,0,40,0,470,-4
86.619,0,0,40,0,470,-4
86.635,0,0,40,0,470,-4
86.647,0,0,40,0,470,-4
86.667,0,0,40,0,470,-4
86.683,0,0,40,0,470,-4
86.699,0,0,40,0,470,-4
86.715,0,0,40,0,470,-4
86.731,0,0,40,0,470,-4
86.747,0,0,40,0,470,-4
86.763,0,0,40,0,470,-4
86.779,0,0,40,0,470,-4
86.795,0,0,40,0,470,-4
86.811,0,0,40,0,470,-4
86.827,0,0,40,0,470,-4
86.843,0,0,40,0,470,-4
86.859,0,0,40,0,470,-4
86.874,0,0,40,0,470,-4
86.890,0,0,40,0,470,-4
86.906,0,0,40,0,470,-4
86.923,0,0,40,0,470,-4
86.935,0,0,40,0,470,-4
86.954,0,0,40,0,470,-4
86.970,0,0,40,0,470,-4
86.987,0,0,40,0,470,-4
87.002,0,0,0,0,470,-4
87.018,0,0,0,0,470,-4
87.034,0,0,0,0,470,-4
87.050,0,0,0,0,470,-4
87.066,0,0,0,0,470,-4
87.082,0,0,0,0,480,-4
87.098,0,0,0,0,480,-4
87.103,0,0,0,0,480,-4
87.130,0,0,0,0,480,-4
87.146,0,0,0,0,480,-4
87.162,0,0,0,0,480,-4
87.178,0,0,0,0,480,-4
87.194,0,0,0,0,480,-4
87.210,0,0,0,0,480,-4
87.226,0,0,0,0,480,-4
87.242,0,0,0,0,480,-4
87.258,0,0,0,0,480,-4
87.274,0,0,0,0,480,-4
87.290,0,0,0,0,480,-4
87.306,0,0,0,0,480,-4
87.322,0,0,0,0,480,-4
87.338,0,0,0,0,480,-4
87.354,0,0,0,0,480,-4
87.370,0,0,0,0,480,-4
87.386,0,0,0,0,480,-4
87.402,0,0,0,0,480,-4
87.418,0,0,0,0,480,-4
87.434,0,0,0,0,480,-4
87.450,0,-40,0,0,480,-4
87.466,0,-40,0,0,480,-4
87.482,0,-40,0,0,480,-4
87.499,0,-40,0,0,480,-4
87.516,0,-40,0,0,480,-4
87.531,0,-40,0,0,480,-4
87.547,0,-40,0,0,480,-4
87.558,0,-40,0,0,480,-4
87.578,0,-40,0,0,480,-4
87.594,0,-40,0,0,480,-4
87.616,0,-40,0,0,480,-4
87.633,0,-40,0,0,480,-4
87.649,0,-40,0,0,480,-4
87.657,0,-40,0,0,480,-4
87.673,0,-40,0,0,480,-4
87.689,0,-40,0,0,480,-4
87.704,0,-40,0,0,480,-4
87.721,0,-40,0,0,480,-4
87.727,0,-40,0,0,480,-4
87.753,0,-40,0,0,480,-4
87.769,0,-40,0,0,480,-4
87.784,0,-40,0,0,480,-4
87.800,0,-40,0,0,480,-4
87.816,0,-40,0,0,480,-4
87.834,0,-40,0,0,480,-4
87.848,0,-40,0,0,480,-4
87.864,0,-40,0,0,480,-4
87.881,0,-40,0,0,480,-4
87.897,0,-40,0,0,480,-4
87.913,0,-40,0,0,480,-4
87.929,0,-40,0,0,480,-4
87.945,0,-40,0,0,480,-4
87.961,0,-40,0,0,480,-4
87.977,0,-40,0,0,480,-4
87.993,0,-40,0,0,480,-4
88.009,0,-40,0,0,480,-4
88.025,0,-40,0,0,480,-4
88.041,0,-40,0,0,480,-4
88.050,0,-40,0,0,480,-4
88.058,0,-40,0,0,480,-4
88.064,0,-40,0,0,480,-4
88.081,0,-40,0,0,480,-4
88.096,0,-40,0,0,480,-4
88.113,0,0,0,0,480,-4
88.129,0,0,0,0,480,-4
88.145,0,0,0,0,480,-4
88.161,0,0,0,0,480,-3
88.177,0,0,0,0,480,-3
88.193,0,0,0,0,480,-3
88.209,0,0,0,0,480,-3
88.225,0,0,0,0,480,-3
88.241,0,0,0,0,480,-3
88.250,0,0,0,0,480,-3
88.267,0,0,0,0,480,-3
88.281,0,0,0,0,480,-3
88.297,0,0,0,0,480,-3
88.314,0,0,0,0,480,-3
88.330,0,0,0,0,480,-3
88.346,0,0,0,0,480,-3
88.363,0,0,0,0,480,-3
88.378,0,0,0,0,480,-4
88.394,0,0,0,0,480,-4
88.410,0,0,0,0,480,-4
88.426,0,0,0,0,480,-4
88.442,0,0,0,0,480,-4
88.458,0,0,0,0,480,-4
88.481,0,0,0,0,480,-4
88.497,0,0,0,0,480,-4
88.513,0,0,0,0,480,-4
88.529,0,0,0,0,480,-4
88.545,0,0,0,0,480,-4
88.561,0,0,0,0,480,-4
88.577,0,0,0,0,480,-4
88.593,0,0,0,0,480,-4
88.609,0,0,0,0,480,-4
88.625,0,0,0,0,480,-4
88.648,0,0,0,0,480,-4
88.664,0,0,0,0,480,-4
88.680,0,0,0,0,480,-4
88.696,0,0,0,0,480,-4
88.712,0,0,0,0,480,-4
88.728,0,0,0,0,480,-4
88.745,0,0,0,0,480,-4
88.760,0,0,0,0,480,-4
88.776,0,0,0,0,480,-4
88.792,0,0,0,0,480,-4
88.816,0,0,0,0,490,-4
88.824,0,0,0,0,490,-4
88.833,0,0,0,0,490,-4
88.850,0,0,0,0,490,-4
88.857,0,0,0,0,490,-4
88.873,0,0,0,0,490,-4
88.889,0,0,0,0,490,-4
88.905,0,0,0,0,490,-4
88.920,0,0,0,0,490,-4
88.936,0,0,0,0,490,-4
88.952,0,0,0,0,490,-4
88.968,0,0,0,0,490,-4
88.983,0,0,0,0,490,-4
88.999,0,0,0,0,490,-4
89.017,0,0,0,0,490,-4
89.032,0,0,0,0,490,-4
89.048,0,0,0,0,490,-4
89.064,0,0,0,0,490,-4
89.080,0,0,0,0,490,-4
89.096,0,0,0,0,490,-4
89.112,0,0,0,0,490,-4
89.127,0,0,0,0,490,-4
89.144,0,0,0,0,490,-3
89.160,0,0,0,0,490,-3
89.176,0,0,0,0,490,-3
89.192,0,0,0,0,490,-3
89.208,0,0,0,0,490,-3
89.224,0,0,0,0,490,-3
89.240,0,0,0,0,490,-3
89.256,0,0,0,0,490,-3
89.272,0,0,0,0,490,-3
89.288,0,0,0,0,490,-3
89.305,0,0,0,0,490,-3
89.321,0,0,0,0,490,-3
89.336,0,0,0,0,490,-3
89.353,0,0,0,0,490,-3
89.369,0,0,0,0,490,-4
89.385,0,0,0,0,490,-4
89.401,0,0,0,0,490,-4
89.416,0,0,0,0,490,-4
89.432,0,0,0,0,490,-4
89.448,0,0,0,0,490,-4
89.465,0,0,0,0,490,-4
89.480,0,0,0,0,490,-4
89.496,0,0,0,0,490,-4
89.513,0,0,0,0,490,-4
89.529,0,0,0,0,490,-4
89.545,0,0,0,0,490,-4
89.561,0,0,0,0,490,-4
89.577,0,0,0,0,490,-4
89.592,0,0,0,0,490,-4
89.608,0,0,0,0,490,-4
89.625,0,0,0,0,490,-4
89.641,0,0,0,0,490,-4
89.657,0,0,0,0,490,-4
89.673,0,0,0,0,490,-4
89.689,0,0,0,0,490,-4
89.705,0,0,0,0,490,-4
89.721,0,0,0,0,490,-4
89.737,0,0,0,0,490,-4
89.753,0,0,0,0,490,-4
89.769,0,0,0,0,490,-4
89.785,0,0,0,0,490,-4
89.801,0,0,0,0,490,-4
89.818,0,0,0,0,490,-4
89.835,0,0,0,0,490,-4
89.850,0,0,0,0,490,-4
89.863,0,-40,0,0,490,-4
89.878,0,-40,0,0,490,-4
89.896,0,-40,0,0,490,-4
89.910,0,-40,0,0,490,-4
89.930,0,-40,0,0,490,-4
89.945,0,-40,0,0,490,-4
89.961,0,-40,0,0,490,-4
89.977,0,-40,0,0,490,-4
89.993,0,-40,0,0,490,-4
90.009,0,-40,0,0,490,-4
90.025,0,-40,0,0,490,-4
90.036,0,-40,0,0,490,-4
90.049,0,-40,0,0,490,-4
90.060,0,-40,0,0,490,-4
90.069,0,-40,0,0,490,-4
90.093,0,-40,0,0,490,-4
90.109,0,-40,0,0,490,-4
90.126,0,-40,0,0,490,-4
90.142,0,-40,0,0,490,-4
90.158,0,-40,0,0,490,-4
90.174,0,-40,0,0,490,-4
90.190,0,-40,0,0,490,-4
90.206,0,-40,0,0,490,-4
90.222,0,-40,0,0,490,-4
90.238,0,-40,0,0,490,-4
90.254,0,-40,0,0,490,-4
90.259,0,-40,0,0,490,-4
90.286,0,-40,0,0,490,-4
90.302,0,-40,0,0,490,-4
90.318,0,-40,0,0,490,-4
90.334,0,-40,0,0,490,-4
90.350,0,-40,0,0,490,-4
90.366,0,-40,0,0,490,-4
90.381,0,-40,0,0,490,-4
90.397,0,-40,0,0,490,-4
90.402,0,0,0,0,490,-4
90.429,0,0,0,0,490,-4
90.445,0,0,0,0,490,-4
90.461,0,0,0,0,490,-4
90.477,0,0,0,0,490,-4
90.493,0,0,0,0,490,-4
90.509,0,0,0,0,490,-4
90.525,0,0,0,0,490,-4
90.550,0,0,0,0,490,-4
90.567,0,0,0,0,490,-4
90.582,0,0,0,0,490,-4
90.597,0,0,0,0,490,-4
90.613,0,0,0,0,490,-4
90.629,0,0,0,0,490,-4
90.645,0,0,0,0,490,-4
90.661,0,0,0,0,490,-4
90.678,0,0,0,0,490,-4
90.694,0,0,0,0,490,-4
90.710,0,0,0,0,490,-4
90.726,0,0,0,0,490,-4
90.742,0,0,0,0,490,-4
90.749,0,0,0,0,490,-4
90.766,0,0,0,0,490,-4
90.783,0,0,0,0,490,-4
90.797,0,0,0,0,490,-4
90.813,0,0,0,0,490,-4
90.829,0,0,0,0,490,-4
90.834,0,0,0,0,490,-4
90.861,0,0,0,0,490,-4
90.877,0,0,0,0,490,-4
90.893,0,0,0,0,490,-4
90.909,0,0,0,0,490,-4
90.925,0,0,0,0,490,-4
90.941,0,0,0,0,490,-4
90.965,0,0,0,0,490,-4
90.981,0,0,0,0,490,-4
90.997,0,0,0,0,490,-4
91.013,0,0,0,0,490,-4
91.030,0,0,0,0,490,-4
91.045,0,0,0,0,490,-4
91.057,0,0,0,0,490,-4
91.077,0,0,0,0,490,-4
91.093,0,0,0,0,490,-4
91.109,0,0,0,0,490,-4
91.124,0,0,0,0,490,-4
91.149,0,0,0,0,490,-4
91.165,0,0,0,0,490,-4
91.180,0,0,0,0,490,-4
91.197,0,0,0,0,490,-4
91.213,0,0,0,0,490,-4
91.229,0,0,0,0,490,-4
91.237,0,0,0,0,490,-4
91.253,0,0,0,0,490,-4
91.278,0,0,0,0,490,-4
91.293,0,0,0,0,490,-4
91.310,0,0,0,0,490,-4
91.326,0,0,0,0,490,-4
91.342,0,0,0,0,490,-4
91.357,0,0,0,0,490,-4
91.374,0,0,0,0,490,-4
91.389,0,0,0,0,490,-4
91.405,0,0,0,0,490,-4
91.424,0,0,0,0,490,-4
91.437,0,0,0,0,490,-4
91.453,0,0,0,0,490,-4
91.470,0,0,0,0,490,-4
91.486,0,0,0,0,490,-4
91.502,0,0,0,0,490,-4
91.518,0,0,0,0,490,-4
91.534,0,0,0,0,490,-4
91.550,0,0,0,0,490,-4
91.566,0,0,0,0,490,-4
91.582,0,0,0,0,490,-4
91.598,0,0,0,0,490,-4
91.615,0,0,0,0,490,-4
91.631,0,0,0,0,490,-4
91.647,0,0,0,0,490,-4
91.662,0,0,0,0,490,-4
91.679,0,0,0,0,490,-4
91.694,0,0,0,0,490,-4
91.710,0,0,0,0,490,-4
91.727,0,0,0,0,490,-4
91.742,0,0,0,0,490,-4
91.759,0,0,0,0,490,-4
91.775,0,0,0,0,490,-4
91.791,0,0,0,0,490,-4
91.807,0,0,0,0,490,-4
91.823,0,0,0,0,490,-4
91.839,0,0,0,0,490,-4
91.855,0,0,0,0,490,-4
91.871,0,0,0,0,490,-4
91.886,0,0,0,0,490,-4
91.903,0,0,0,0,490,-4
91.919,0,0,0,0,490,-4
91.934,0,0,0,0,490,-4
91.950,0,0,0,0,490,-4
91.966,0,0,0,0,490,-4
91.982,0,0,0,0,490,-4
91.998,0,0,0,0,490,-4
92.014,0,0,0,0,490,-4
92.030,0,0,0,0,490,-4
92.046,0,0,0,0,490,-4
92.062,0,0,0,0,490,-4
92.079,0,0,0,0,490,-4
92.095,0,0,0,0,490,-4
92.111,0,0,0,0,490,-4
92.126,0,0,0,0,490,-4
92.142,0,0,0,0,490,-4
92.158,0,0,0,0,490,-4
92.174,0,0,0,0,490,-4
92.190,0,0,0,0,490,-4
92.206,0,0,0,0,490,-4
92.222,0,0,0,0,490,-4
92.238,0,0,0,0,490,-4
92.254,0,0,0,0,490,-4
92.270,0,0,0,0,490,-4
92.286,0,0,0,0,490,-4
92.302,0,0,0,0,490,-4
92.317,0,0,40,0,490,-4
92.333,0,0,40,0,490,-4
92.349,0,0,40,0,490,-4
92.365,0,0,40,0,490,-4
92.380,0,0,40,0,490,-4
92.397,0,0,40,0,490,-4
92.413,0,0,40,0,490,-4
92.429,0,0,40,0,490,-4
92.445,0,0,40,0,490,-4
92.461,0,0,40,0,490,-4
92.477,0,0,40,0,490,-4
92.493,0,0,40,0,490,-4
92.509,0,0,40,0,490,-4
92.525,0,0,40,0,490,-4
92.541,0,0,40,0,490,-4
92.557,0,0,40,0,490,-4
92.573,0,0,40,0,490,-4
92.589,0,0,40,0,490,-4
92.605,0,0,40,0,490,-4
92.621,0,0,40,0,490,-4
92.637,0,0,40,0,490,-4
92.653,0,0,40,0,490,-4
92.669,0,0,40,0,490,-4
92.686,0,0,40,0,490,-4
92.701,0,0,40,0,490,-4
92.718,0,0,40,0,490,-4
92.734,0,0,40,0,490,-4
92.750,0,0,40,0,490,-4
92.766,0,0,40,0,490,-4
92.771,0,0,40,0,490,-4
92.798,0,0,40,0,490,-4
92.814,0,0,40,0,490,-4
92.830,0,0,40,0,490,-4
92.846,0,0,40,0,490,-4
92.859,0,0,40,0,490,-4
92.873,0,0,40,0,490,-4
92.893,0,0,40,0,490,-4
92.906,0,0,40,0,490,-4
92.925,0,0,40,0,490,-4
92.941,0,0,40,0,490,-4
92.957,0,0,40,0,490,-4
92.973,0,0,40,0,490,-4
92.983,0,0,40,0,490,-4
93.005,0,0,40,0,490,-4
93.021,0,0,40,0,490,-4
93.037,0,0,40,0,490,-4
93.053,0,0,40,0,490,-4
93.069,0,0,40,0,490,-4
93.085,0,0,40,0,490,-4
93.101,0,0,40,0,490,-4
93.117,0,0,40,0,490,-4
93.127,0,0,40,0,490,-4
93.149,0,0,40,0,490,-4
93.154,0,0,40,0,490,-4
93.165,0,0,40,0,490,-4
93.180,0,0,40,0,490,-4
93.190,0,0,0,0,490,-4
93.197,0,0,0,0,490,-4
93.212,0,0,0,0,490,-4
93.228,0,0,0,0,490,-4
93.244,0,0,0,0,500,-4
93.260,0,0,0,0,500,-4
93.276,0,0,0,0,500,-4
93.292,0,0,0,0,500,-4
93.308,0,0,0,0,500,-4
93.324,0,0,0,0,500,-4
93.340,0,0,0,0,500,-4
93.356,0,0,0,0,500,-4
93.372,0,0,0,0,500,-4
93.388,0,0,0,0,500,-4
93.404,0,0,0,0,500,-4
93.420,0,0,0,0,500,-4
93.436,0,0,0,0,500,-4
93.452,0,0,0,0,500,-4
93.468,0,0,0,0,500,-4
93.484,0,0,0,0,500,-4
93.500,0,0,0,0,500,-4
93.516,0,0,0,0,500,-4
93.532,0,0,0,0,500,-4
93.548,0,0,0,0,500,-4
93.564,0,0,0,0,500,-4
93.580,0,0,0,0,500,-4
93.596,0,0,0,0,500,-4
93.612,0,0,0,0,500,-4
93.628,0,0,0,0,500,-4
93.644,0,0,0,0,500,-4
93.660,0,0,0,0,500,-4
93.676,0,0,0,0,500,-4
93.692,0,0,0,0,500,-4
93.708,0,0,0,0,500,-4
93.723,0,0,0,0,500,-4
93.739,0,0,0,0,500,-4
93.755,0,0,0,0,500,-4
93.772,0,0,0,0,500,-4
93.788,0,0,0,0,500,-4
93.804,0,0,0,0,500,-4
93.820,0,0,0,0,500,-4
93.835,0,0,0,0,500,-4
93.841,0,0,0,0,500,-4
93.868,0,0,0,0,500,-4
93.884,0,0,0,0,500,-4
93.900,0,0,0,0,500,-4
93.916,0,0,0,0,500,-4
93.932,0,0,0,0,500,-4
93.948,0,0,0,0,500,-4
93.964,0,0,0,0,500,-4
93.980,0,0,0,0,500,-4
93.996,0,0,0,0,500,-4
94.012,0,0,0,0,500,-4
94.028,0,0,0,0,500,-4
94.044,0,0,0,0,500,-4
94.060,0,0,0,0,500,-4
94.078,0,0,0,0,500,-4
94.093,0,0,0,0,500,-4
94.108,0,0,0,0,500,-4
94.124,0,0,0,0,500,-4
94.140,0,0,0,0,500,-4
94.156,0,0,0,0,500,-4
94.172,0,0,0,0,500,-4
94.189,0,0,0,0,500,-4
94.205,0,0,0,0,500,-4
94.221,0,0,0,0,500,-4
94.237,0,0,0,0,500,-4
94.253,0,0,0,0,500,-4
94.269,0,0,0,0,500,-4
94.285,0,0,0,0,500,-4
94.303,0,0,0,0,500,-4
94.317,0,0,0,0,500,-4
94.333,0,0,0,0,500,-4
94.348,0,0,0,0,500,-4
94.374,0,0,0,0,500,-3
94.389,0,0,0,0,500,-3
94.397,0,0,0,0,500,-3
94.412,0,0,0,0,500,-3
94.427,0,0,0,0,500,-3
94.440,0,0,0,0,500,-3
94.457,0,0,0,0,500,-3
94.468,0,0,0,0,500,-3
94.483,0,0,0,0,500,-3
94.499,0,0,0,0,500,-3
94.515,0,0,0,0,500,-3
94.546,0,0,0,0,500,-3
94.558,0,0,0,0,500,-3
94.579,0,0,0,0,500,-3
94.594,0,0,0,0,500,-3
94.608,0,0,0,0,500,-3
94.626,0,0,0,0,500,-3
94.639,0,0,0,0,500,-3
94.658,0,0,0,0,500,-3
94.667,0,0,0,0,500,-3
94.684,0,0,0,0,500,-3
94.699,0,0,0,0,500,-3
94.715,0,0,0,0,500,-3
94.731,0,0,0,0,500,-3
94.747,0,0,0,0,500,-3
94.765,0,0,0,0,500,-3
94.779,0,0,0,0,500,-3
94.795,0,0,0,0,500,-3
94.811,0,0,0,0,500,-3
94.827,0,0,0,0,500,-3
94.843,0,0,0,0,500,-3
94.859,0,0,0,0,500,-3
94.876,0,0,0,0,500,-3
94.891,0,0,0,0,500,-3
94.908,0,0,0,0,500,-3
94.924,0,0,0,0,500,-3
94.939,0,0,0,0,500,-3
94.955,0,0,0,0,500,-3
94.971,0,-40,0,0,500,-3
94.990,0,-40,0,0,500,-3
95.015,0,-40,0,0,500,-3
95.031,0,-40,0,0,500,-3
95.047,0,-40,0,0,500,-3
95.063,0,-40,0,0,500,-3
95.080,0,-40,0,0,500,-3
95.096,0,-40,0,0,500,-3
95.105,0,-40,0,0,500,-3
95.117,0,-40,0,0,500,-3
95.125,0,-40,0,0,500,-3
95.141,0,-40,0,0,500,-3
95.165,0,-40,0,0,500,-3
95.181,0,-40,0,0,500,-3
95.197,0,-40,0,0,500,-3
95.212,0,-40,0,0,500,-3
95.228,0,-40,0,0,500,-3
95.244,0,-40,0,0,500,-3
95.260,0,-40,0,0,500,-3
95.276,0,-40,0,0,500,-3
95.293,0,-40,0,0,500,-3
95.309,0,-40,0,0,500,-3
95.325,0,-40,0,0,500,-3
95.341,0,-40,0,0,500,-3
95.357,0,-40,0,0,500,-3
95.373,0,-40,0,0,500,-3
95.389,0,-40,0,0,500,-3
95.405,0,-40,0,0,500,-3
95.421,0,-40,0,0,500,-3
95.437,0,-40,0,0,500,-3
95.453,0,-40,0,0,500,-3
95.469,0,-40,0,0,500,-3
95.485,0,-40,0,0,500,-3
95.501,0,0,0,0,500,-3
95.518,0,0,0,0,500,-3
95.548,0,0,0,0,500,-3
95.564,0,0,0,0,500,-4
95.580,0,0,0,0,500,-4
95.595,0,0,0,0,500,-4
95.611,0,0,0,0,500,-4
95.627,0,0,0,0,500,-4
95.643,0,0,0,0,500,-4
95.659,0,0,0,0,500,-4
95.675,0,0,0,0,500,-4
95.683,0,0,0,0,500,-4
95.700,0,0,0,0,500,-4
95.715,0,0,0,0,500,-4
95.731,0,0,0,0,500,-4
95.747,0,0,0,0,500,-4
95.763,0,0,0,0,500,-4
95.779,0,0,0,0,500,-4
95.795,0,0,0,0,500,-4
95.811,0,0,0,0,500,-4
95.826,0,0,0,0,500,-4
95.843,0,0,0,0,500,-4
95.858,0,0,0,0,500,-4
95.882,0,0,0,0,500,-4
95.899,0,0,0,0,490,-4
95.914,0,0,0,0,490,-4
95.930,0,0,0,0,490,-4
95.946,0,0,0,0,490,-4
95.962,0,0,0,0,490,-4
95.978,0,0,0,0,490,-4
95.994,0,0,0,0,490,-4
96.010,0,0,0,0,500,-4
96.026,0,0,0,0,500,-4
96.043,0,0,0,0,500,-4
96.059,0,0,0,0,500,-4
96.082,0,0,0,0,500,-4
96.100,0,0,0,0,500,-4
96.117,0,0,0,0,500,-4
96.131,0,0,0,0,500,-4
96.147,0,0,0,0,500,-4
96.163,0,0,0,0,500,-4
96.179,0,0,0,0,500,-4
96.195,0,0,0,0,500,-4
96.211,0,0,0,0,500,-4
96.228,0,0,0,0,500,-4
96.244,0,0,0,0,500,-4
96.259,0,0,0,0,500,-4
96.275,0,0,0,0,500,-4
96.284,0,0,0,0,500,-4
96.300,0,0,0,0,500,-4
96.316,0,0,0,0,500,-4
96.329,0,0,0,0,500,-4
96.347,0,0,0,0,500,-4
96.377,0,0,0,0,500,-4
96.393,0,0,0,0,500,-4
96.409,0,0,0,0,500,-4
96.413,0,0,0,0,500,-4
96.441,0,0,0,0,500,-4
96.457,0,0,0,0,500,-4
96.473,0,0,0,0,500,-4
96.489,0,0,0,0,500,-4
96.505,0,0,0,0,500,-4
96.521,0,0,0,0,500,-4
96.537,0,0,0,0,500,-4
96.569,0,0,0,0,500,-4
96.574,0,-40,0,0,500,-4
96.585,0,-40,0,0,500,-4
96.601,0,-40,0,0,500,-4
96.616,0,-40,0,0,500,-4
96.633,0,-40,0,0,500,-4
96.648,0,-40,0,0,500,-4
96.665,0,-40,0,0,500,-4
96.681,0,-40,0,0,500,-4
96.697,0,-40,0,0,500,-4
96.713,0,-40,0,0,500,-4
96.729,0,-40,0,0,500,-4
96.745,0,-40,0,0,500,-4
96.754,0,-40,0,0,500,-4
96.762,0,-40,0,0,500,-4
96.779,0,-40,0,0,500,-4
96.795,0,-40,0,0,500,-4
96.811,0,-40,0,0,500,-4
96.827,0,-40,0,0,500,-4
96.843,0,-40,0,0,500,-4
96.859,0,-40,0,0,500,-4
96.875,0,-40,0,0,500,-4
96.891,0,-40,0,0,500,-4
96.907,0,-40,0,0,500,-4
96.923,0,-40,0,0,500,-4
96.939,0,-40,0,0,500,-4
96.955,0,-40,0,0,500,-4
96.971,0,-40,0,0,510,-4
96.987,0,-40,0,0,510,-4
97.003,0,-40,0,0,510,-4
97.019,0,-40,0,0,510,-4
97.035,0,-40,0,0,510,-4
97.051,0,-40,0,0,510,-4
97.067,0,-40,0,0,510,-4
97.083,0,-40,0,0,500,-4
97.099,0,-40,0,0,500,-4
97.115,0,-40,0,0,500,-4
97.120,0,-40,0,0,500,-4
97.133,0,-40,0,0,500,-4
97.149,0,-40,0,0,500,-4
97.154,0,-40,0,0,500,-4
97.164,0,-40,0,0,500,-4
97.181,0,-40,0,0,500,-4
97.192,0,-40,0,0,500,-4
97.200,0,-40,0,0,500,-4
97.213,0,-40,0,0,500,-4
97.218,0,-40,0,0,500,-4
97.229,0,-40,0,0,500,-4
97.245,0,-40,0,0,500,-4
97.250,0,-40,0,0,500,-4
97.261,0,-40,0,0,500,-4
97.277,0,-40,0,0,500,-4
97.284,0,-40,0,0,500,-4
97.299,0,-40,0,0,500,-4
97.317,0,-40,0,0,500,-4
97.332,0,-40,0,0,500,-4
97.348,0,-40,0,0,500,-4
97.365,0,-40,0,0,500,-4
97.380,0,-40,0,0,500,-4
97.385,0,-40,0,0,500,-4
97.411,0,-40,0,0,500,-4
97.417,0,-40,0,0,500,-4
97.427,0,0,0,0,500,-4
97.443,0,0,0,0,500,-4
97.460,0,0,0,0,500,-4
97.476,0,0,0,0,500,-4
97.492,0,0,0,0,500,-4
97.508,0,0,0,0,500,-4
97.517,0,0,0,0,500,-4
97.533,0,0,0,0,500,-4
97.548,0,0,0,0,500,-4
97.564,0,0,0,0,500,-4
97.580,0,0,0,0,500,-4
97.597,0,0,0,0,500,-4
97.612,0,0,0,0,500,-4
97.628,0,0,0,0,500,-4
97.643,0,0,0,0,500,-4
97.650,0,0,0,0,500,-4
97.675,0,0,0,0,500,-4
97.683,0,0,0,0,500,-4
97.699,0,0,0,0,500,-4
97.715,0,0,0,0,500,-4
97.731,0,0,0,0,500,-4
97.747,0,0,0,0,490,-4
97.763,0,0,0,0,490,-4
97.779,0,0,0,0,490,-4
97.795,0,0,0,0,490,-4
97.811,0,0,0,0,490,-4
97.827,0,0,0,0,490,-4
97.845,0,0,0,0,500,-4
97.858,0,0,0,0,500,-4
97.867,0,0,0,0,500,-4
97.883,0,0,0,0,500,-4
97.898,0,0,0,0,500,-4
97.914,0,0,0,0,500,-4
97.929,0,0,0,0,500,-4
97.945,0,0,0,0,500,-4
97.954,0,0,0,0,500,-4
97.967,0,0,0,0,500,-4
97.984,0,0,0,0,500,-4
97.992,0,0,0,0,500,-4
98.008,0,0,0,0,500,-4
98.024,0,0,0,0,500,-4
98.040,0,0,0,0,500,-4
98.056,0,0,0,0,500,-4
98.072,0,0,0,0,500,-4
98.088,0,0,0,0,500,-4
98.104,0,0,0,0,500,-4
98.121,0,0,0,0,500,-4
98.136,0,0,0,0,500,-4
98.153,0,0,0,0,500,-4
98.169,0,0,0,0,500,-4
98.185,0,0,0,0,500,-4
98.201,0,0,0,0,500,-4
98.217,0,0,0,0,500,-4
98.233,0,0,0,0,500,-4
98.249,0,0,0,0,500,-4
98.265,0,0,0,0,500,-4
98.281,0,0,0,0,500,-4
98.297,0,0,0,0,500,-4
98.313,0,0,0,0,500,-4
98.329,0,0,0,0,500,-4
98.346,0,0,0,0,500,-4
98.362,0,0,0,0,500,-4
98.378,0,0,0,0,500,-4
98.393,0,0,0,0,500,-4
98.409,0,0,0,0,500,-4
98.425,0,0,0,0,500,-4
98.442,0,0,0,0,500,-4
98.457,0,0,0,0,500,-4
98.473,0,0,0,0,500,-4
98.488,0,0,0,0,500,-4
98.505,0,0,0,0,500,-4
98.521,0,0,0,0,500,-4
98.537,0,0,0,0,500,-4
98.553,0,0,0,0,500,-4
98.569,0,0,0,0,500,-4
98.584,0,0,0,0,500,-4
98.600,0,0,0,0,500,-4
98.617,0,0,0,0,500,-4
98.632,0,0,0,0,500,-4
98.648,0,0,0,0,500,-4
98.664,0,0,0,0,500,-4
98.680,0,0,0,0,500,-4
98.695,0,0,0,0,500,-4
98.708,0,0,0,0,500,-4
98.727,0,0,0,0,500,-4
98.743,0,0,0,0,500,-4
98.759,0,0,0,0,500,-4
98.775,0,0,0,0,500,-4
98.791,0,0,0,0,500,-4
98.807,0,0,0,0,500,-4
98.824,0,0,0,0,500,-4
98.839,0,0,0,0,500,-4
98.855,0,0,0,0,500,-4
98.871,0,0,0,0,500,-4
98.887,0,0,0,0,500,-4
98.899,0,0,0,0,500,-4
98.918,0,0,0,0,500,-4
98.934,0,0,0,0,500,-4
98.950,0,0,0,0,500,-4
98.967,0,0,0,0,500,-4
98.982,0,0,0,0,500,-4
98.998,0,0,0,0,500,-4
99.015,0,0,0,0,500,-4
99.046,0,0,0,0,500,-4
99.059,0,0,0,0,500,-4
99.078,0,0,0,0,500,-4
99.094,0,0,0,0,500,-4
99.110,0,0,0,0,500,-4
99.125,0,0,0,0,500,-4
99.142,0,0,0,0,500,-4
99.158,0,0,0,0,500,-4
99.174,0,0,0,0,500,-4
99.189,0,0,0,0,500,-4
99.206,0,0,0,0,500,-4
99.222,0,0,0,0,500,-4
99.238,0,0,0,0,500,-4
99.249,0,0,0,0,500,-4
99.270,0,0,0,0,500,-4
99.286,0,0,0,0,500,-4
99.302,0,0,0,0,500,-4
99.318,0,0,0,0,500,-4
99.335,0,0,0,0,500,-4
99.350,0,0,0,0,500,-4
99.366,0,0,0,0,500,-4
99.381,0,0,0,0,500,-4
99.397,0,0,0,0,500,-4
99.413,0,0,0,0,500,-4
99.429,0,0,0,0,500,-4
99.442,0,0,0,0,500,-4
99.461,0,0,0,0,500,-4
99.477,0,0,0,0,500,-4
99.494,0,0,0,0,500,-4
99.509,0,0,0,0,500,-4
99.525,0,0,0,0,500,-4
99.541,0,0,0,0,500,-4
99.558,0,0,0,0,500,-4
99.573,0,0,0,0,500,-4
99.589,0,0,0,0,500,-4
99.605,0,0,0,0,500,-4
99.621,0,0,0,0,500,-4
99.637,0,0,0,0,500,-4
99.653,0,0,0,0,500,-4
99.669,0,0,0,0,500,-4
99.685,0,0,0,0,500,-4
99.701,0,0,0,0,500,-4
99.717,0,0,0,0,500,-4
99.733,0,0,0,0,500,-4
99.749,0,0,0,0,500,-4
99.765,0,0,0,0,500,-4
99.781,0,0,0,0,500,-4
99.797,0,0,0,0,500,-4
99.813,0,0,0,0,500,-4
99.832,0,0,0,0,500,-4
99.845,0,0,0,0,500,-4
99.850,0,0,0,0,500,-4
99.877,0,0,0,0,500,-4
99.893,0,0,0,0,500,-4
99.909,0,0,0,0,500,-4
99.926,0,0,0,0,500,-4
99.942,0,0,0,0,500,-4
99.957,0,0,0,0,500,-4
99.973,0,0,0,0,500,-4
99.989,0,0,0,0,500,-4
100.005,0,0,0,0,500,-4
100.022,0,0,0,0,500,-4
100.041,0,0,0,0,500,-4
100.069,0,-40,0,0,500,-4
100.085,0,-40,0,0,500,-4
100.099,0,-40,0,0,500,-4
100.115,0,-40,0,0,500,-4
100.131,0,-40,0,0,500,-4
100.147,0,-40,0,0,500,-4
100.163,0,-40,0,0,500,-4
100.179,0,-40,0,0,500,-4
100.195,0,-40,0,0,500,-4
100.205,0,-40,0,0,500,-4
100.217,0,-40,0,0,500,-4
100.225,0,-40,0,0,500,-4
100.241,0,-40,0,0,500,-4
100.265,0,-40,0,0,500,-4
100.281,0,-40,0,0,500,-4
100.297,0,-40,0,0,500,-4
100.313,0,-40,0,0,500,-4
100.329,0,-40,0,0,500,-4
100.345,0,-40,0,0,500,-4
100.361,0,-40,0,0,500,-4
100.377,0,-40,0,0,500,-4
100.393,0,-40,0,0,500,-4
100.409,0,-40,0,0,500,-4
100.425,0,-40,0,0,500,-4
100.441,0,-40,0,0,500,-4
100.457,0,-40,0,0,500,-4
100.473,0,-40,0,0,500,-4
100.489,0,-40,0,0,500,-4
100.505,0,-40,0,0,500,-4
100.521,0,-40,0,0,500,-4
100.537,0,-40,0,0,500,-4
100.553,0,-40,0,0,500,-4
100.569,0,-40,0,0,500,-4
100.578,0,-40,0,0,500,-4
100.600,0,-40,0,0,500,-4
100.606,0,-40,0,0,500,-4
100.618,0,-40,0,0,500,-4
100.633,0,-40,0,0,500,-4
100.638,0,-40,0,0,500,-4
100.648,0,-40,0,0,500,-4
100.664,0,-40,0,0,500,-4
100.669,0,-40,0,0,500,-4
100.695,0,-40,0,0,500,-4
100.711,0,-40,0,0,500,-4
100.724,0,-40,0,0,500,-4
100.733,0,-40,0,0,500,-4
100.743,0,-40,0,0,500,-4
100.759,0,-40,0,0,500,-4
100.775,0,-40,0,0,500,-4
100.785,0,-40,0,0,500,-4
100.799,0,-40,0,0,500,-4
100.809,0,-40,0,0,500,-4
100.831,0,-40,0,0,500,-4
100.836,0,-40,0,0,500,-4
100.847,0,-40,0,0,500,-4
100.862,0,-40,0,0,500,-4
100.871,0,-40,0,0,500,-4
100.895,0,-40,0,0,500,-4
100.899,0,-40,0,0,500,-4
100.911,0,-40,0,0,500,-4
100.927,0,-40,0,0,500,-4
100.933,0,-40,0,0,500,-4
100.944,0,-40,0,0,500,-4
100.957,0,-40,0,0,500,-4
100.966,0,-40,0,0,500,-4
100.975,0,-40,0,0,500,-4
100.983,0,-40,0,0,500,-4
101.000,0,-40,0,0,500,-4
101.011,0,-40,0,0,500,-4
101.033,0,-40,0,0,500,-4
101.049,0,0,0,0,500,-4
101.066,0,0,0,0,500,-4
101.080,0,0,0,0,500,-4
101.098,0,0,0,0,500,-4
101.111,0,0,0,0,500,-4
101.127,0,0,0,0,500,-4
101.143,0,0,0,0,500,-4
101.159,0,0,0,0,500,-4
101.175,0,0,0,0,500,-4
101.183,0,0,0,0,500,-4
101.200,0,0,0,0,500,-4
101.215,0,0,0,0,500,-4
101.231,0,0,0,0,500,-4
101.248,0,0,0,0,500,-4
101.263,0,0,0,0,500,-4
101.280,0,0,0,0,500,-4
101.296,0,0,0,0,500,-4
101.312,0,0,0,0,500,-4
101.328,0,0,0,0,500,-4
101.344,0,0,0,0,500,-4
101.360,0,0,0,0,500,-4
101.376,0,0,0,0,500,-4
101.399,0,0,0,0,500,-3
101.416,0,0,0,0,500,-3
101.432,0,0,0,0,500,-3
101.449,0,0,0,0,500,-3
101.467,0,0,0,0,500,-3
101.482,0,0,0,0,500,-3
101.498,0,0,0,0,500,-3
101.514,0,0,0,0,500,-3
101.530,0,0,0,0,500,-3
101.546,0,0,0,0,500,-3
101.561,0,0,0,0,500,-3
101.573,0,0,0,0,500,-3
101.593,0,0,0,0,500,-3
101.609,0,0,0,0,500,-3
101.625,0,0,0,0,500,-3
101.641,0,0,0,0,500,-3
101.657,0,0,0,0,500,-3
101.673,0,0,0,0,500,-3
101.689,0,0,0,0,500,-3
101.704,0,0,0,0,500,-3
101.710,0,0,0,0,500,-3
101.737,0,0,0,0,500,-3
101.753,0,0,0,0,500,-3
101.769,0,0,0,0,500,-3
101.785,0,0,0,0,500,-3
101.801,0,0,0,0,500,-3
101.817,0,0,0,0,500,-3
101.833,0,0,0,0,500,-4
101.849,0,0,0,0,500,-4
101.865,0,0,0,0,500,-4
101.881,0,0,0,0,500,-4
101.897,0,0,0,0,500,-4
101.913,0,0,0,0,500,-4
101.929,0,0,0,0,500,-4
101.945,0,0,0,0,500,-4
101.961,0,0,0,0,500,-4
101.977,0,0,0,0,500,-4
101.993,0,0,0,0,500,-4
102.009,0,0,0,0,500,-4
102.025,0,0,0,0,500,-4
102.040,0,0,0,0,500,-4
102.056,0,0,0,0,500,-4
102.073,0,0,0,0,500,-4
102.089,0,0,0,0,500,-4
102.104,0,0,0,0,500,-4
102.121,0,0,0,0,500,-4
102.137,0,0,0,0,500,-4
102.153,0,0,0,0,500,-4
102.171,0,0,0,0,500,-4
102.184,0,0,0,0,500,-4
102.201,0,0,0,0,500,-4
102.217,0,0,0,0,500,-4
102.233,0,0,0,0,500,-4
102.249,0,0,0,0,500,-4
102.265,0,0,0,0,500,-4
102.281,0,0,0,0,500,-4
102.297,0,0,0,0,500,-4
102.313,0,0,0,0,500,-4
102.329,0,0,0,0,500,-4
102.345,0,0,0,0,500,-4
102.361,0,0,0,0,500,-4
102.378,0,0,0,0,500,-4
102.409,0,0,0,0,500,-4
102.425,0,0,0,0,500,-4
102.441,0,0,0,0,500,-4
102.457,0,0,0,0,500,-4
102.473,0,0,0,0,500,-4
102.489,0,0,0,0,500,-4
102.505,0,0,0,0,500,-3
102.521,0,0,0,0,500,-3
102.537,0,0,0,0,500,-3
102.554,0,0,0,0,500,-3
102.569,0,0,0,0,500,-3
102.584,0,0,0,0,500,-3
102.601,0,0,0,0,500,-3
102.617,0,0,0,0,500,-3
102.633,0,0,0,0,500,-3
102.648,0,0,0,0,500,-3
102.665,0,0,0,0,500,-3
102.680,0,0,0,0,500,-3
102.696,0,0,0,0,500,-3
102.712,0,0,0,0,500,-4
102.728,0,0,0,0,500,-4
102.744,0,0,0,0,500,-4
102.760,0,0,0,0,500,-4
102.776,0,0,0,0,500,-4
102.792,0,0,0,0,500,-4
102.808,0,0,0,0,500,-4
102.825,0,0,0,0,500,-4
102.836,0,0,0,0,500,-4
102.857,0,0,0,0,500,-4
102.873,0,0,0,0,500,-4
102.889,0,0,0,0,500,-4
102.905,0,0,0,0,500,-4
102.921,0,0,0,0,500,-4
102.937,0,0,0,0,500,-4
102.953,0,0,0,0,500,-4
102.969,0,0,0,0,500,-4
102.985,0,0,0,0,500,-4
103.001,0,0,0,0,500,-4
103.017,0,0,0,0,500,-4
103.033,0,0,0,0,500,-4
103.049,0,0,0,0,500,-4
103.065,0,0,0,0,500,-4
103.081,0,0,0,0,500,-4
103.097,0,0,0,0,500,-4
103.113,0,0,0,0,500,-4
103.129,0,0,0,0,500,-4
103.145,0,0,0,0,500,-4
103.161,0,0,0,0,500,-4
103.177,0,0,0,0,500,-4
103.193,0,0,0,0,500,-4
103.209,0,0,0,0,500,-4
103.225,0,0,0,0,500,-4
103.236,0,0,0,0,500,-4
103.257,0,0,0,0,500,-4
103.273,0,0,0,0,500,-4
103.289,0,0,0,0,500,-4
103.306,0,0,0,0,500,-4
103.316,0,0,0,0,500,-4
103.337,0,0,0,0,500,-4
103.353,0,0,0,0,500,-4
103.370,0,0,0,0,500,-4
103.386,0,0,0,0,500,-3
103.403,0,0,0,0,500,-3
103.418,0,0,0,0,500,-3
103.434,0,0,0,0,500,-3
103.450,0,0,0,0,500,-3
103.466,0,0,0,0,500,-3
103.482,0,0,0,0,500,-3
103.498,0,0,0,0,500,-3
103.514,0,0,0,0,500,-3
103.529,0,0,0,0,500,-3
103.545,0,0,0,0,500,-3
103.561,0,0,0,0,500,-3
103.577,0,0,0,0,500,-3
103.594,0,0,0,0,500,-3
103.609,0,0,0,0,500,-4
103.625,0,0,0,0,500,-4
103.641,0,0,0,0,500,-4
103.657,0,0,0,0,500,-4
103.674,0,0,0,0,500,-4
103.689,0,0,0,0,500,-4
103.705,0,0,0,0,500,-4
103.721,0,0,0,0,500,-4
103.737,0,0,0,0,500,-4
103.753,0,0,0,0,500,-4
103.769,0,0,0,0,500,-4
103.785,0,0,0,0,500,-4
103.801,0,0,0,0,500,-4
103.817,0,0,0,0,500,-4
103.833,0,0,0,0,500,-4
103.849,0,0,0,0,500,-4
103.865,0,0,0,0,500,-4
103.871,0,-40,0,0,500,-4
103.881,0,-40,0,0,500,-4
103.896,0,-40,0,0,500,-4
103.916,0,-40,0,0,500,-4
103.933,0,-40,0,0,500,-4
103.949,0,-40,0,0,500,-4
103.965,0,-40,0,0,500,-4
103.981,0,-40,0,0,500,-4
103.997,0,-40,0,0,500,-4
104.005,0,-40,0,0,500,-4
104.017,0,-40,0,0,500,-4
104.033,0,-40,0,0,500,-4
104.066,0,-40,0,0,500,-4
104.082,0,-40,0,0,500,-4
104.098,0,-40,0,0,500,-4
104.114,0,-40,0,0,500,-4
104.129,0,-40,0,0,500,-4
104.145,0,-40,0,0,500,-4
104.161,0,-40,0,0,500,-4
104.177,0,-40,0,0,500,-4
104.193,0,-40,0,0,500,-4
104.209,0,-40,0,0,500,-4
104.225,0,-40,0,0,500,-4
104.242,0,-40,0,0,500,-4
104.257,0,-40,0,0,500,-4
104.273,0,-40,0,0,500,-4
104.289,0,-40,0,0,500,-4
104.305,0,-40,0,0,500,-4
104.321,0,-40,0,0,500,-4
104.337,0,-40,0,0,500,-4
104.347,0,-40,0,0,500,-4
104.369,0,-40,0,0,500,-4
104.385,0,-40,0,0,500,-4
104.402,0,-40,0,0,500,-4
104.417,0,-40,0,0,500,-4
104.434,0,-40,0,0,500,-4
104.448,0,-40,0,0,500,-4
104.452,0,-40,0,0,500,-4
104.464,0,-40,0,0,500,-4
104.480,0,-40,0,0,500,-4
104.485,0,-40,0,0,500,-4
104.496,0,-40,0,0,500,-4
104.512,0,-40,0,0,500,-4
104.527,0,0,0,0,500,-4
104.545,0,0,0,0,500,-4
104.561,0,0,0,0,500,-4
104.573,0,0,0,0,500,-4
104.583,0,0,0,0,500,-4
104.601,0,0,0,0,500,-4
104.614,0,0,0,0,500,-4
104.627,0,0,0,0,500,-4
104.645,0,0,0,0,500,-4
104.656,0,0,0,0,500,-4
104.677,0,0,0,0,500,-4
104.693,0,0,0,0,500,-4
104.709,0,0,0,0,500,-4
104.725,0,0,0,0,500,-4
104.742,0,0,0,0,500,-4
104.766,0,0,0,0,500,-4
104.782,0,0,0,0,500,-4
104.798,0,0,0,0,500,-4
104.814,0,0,0,0,500,-4
104.830,0,0,0,0,500,-4
104.846,0,0,0,0,500,-4
104.862,0,0,0,0,500,-4
104.879,0,0,0,0,500,-4
104.895,0,0,0,0,500,-4
104.911,0,0,0,0,500,-4
104.926,0,0,0,0,500,-4
104.943,0,0,0,0,500,-4
104.958,0,0,0,0,500,-4
104.983,0,0,0,0,500,-4
104.999,0,0,0,0,500,-4
105.015,0,0,0,0,500,-4
105.030,0,0,0,0,500,-4
105.046,0,0,0,0,500,-4
105.062,0,0,0,0,500,-4
105.078,0,0,0,0,500,-4
105.094,0,0,0,0,500,-4
105.110,0,0,0,0,500,-4
105.126,0,0,0,0,500,-4
105.142,0,0,0,0,500,-4
105.158,0,0,0,0,500,-4
105.183,0,0,0,0,500,-4
105.198,0,0,0,0,500,-4
105.214,0,0,0,0,500,-4
105.231,0,0,0,0,500,-4
105.255,0,0,0,0,500,-4
105.265,0,0,0,0,500,-4
105.288,0,0,0,0,500,-4
105.304,0,0,0,0,500,-4
105.320,0,0,0,0,500,-4
105.336,0,0,0,0,500,-4
105.352,0,0,0,0,500,-4
105.368,0,0,0,0,500,-4
105.384,0,0,0,0,500,-4
105.400,0,0,0,0,500,-4
105.416,0,0,0,0,500,-4
105.432,0,0,0,0,500,-4
105.447,0,0,0,0,500,-4
105.464,0,0,0,0,500,-4
105.479,0,0,0,0,500,-4
105.495,0,0,0,0,500,-4
105.511,0,0,0,0,500,-4
105.527,0,0,0,0,500,-4
105.543,0,0,0,0,500,-4
105.559,0,0,0,0,500,-4
105.575,0,0,0,0,500,-4
105.590,0,0,0,0,500,-4
105.606,0,0,0,0,500,-4
105.622,0,0,0,0,500,-4
105.638,0,0,0,0,500,-4
105.654,0,0,0,0,500,-4
105.669,0,0,0,0,500,-4
105.685,0,0,0,0,500,-4
105.700,0,0,0,0,500,-4
105.716,0,0,0,0,500,-4
105.732,0,0,0,0,500,-4
105.748,0,0,0,0,500,-4
105.764,0,0,0,0,500,-4
105.788,0,0,0,0,500,-4
105.804,0,0,0,0,500,-4
105.820,0,0,0,0,500,-4
105.836,0,0,0,0,500,-4
105.851,0,0,0,0,500,-4
105.868,0,0,0,0,500,-4
105.883,0,0,0,0,500,-4
105.899,0,0,0,0,500,-4
105.915,0,0,0,0,500,-4
105.931,0,0,0,0,500,-4
105.947,0,0,0,0,500,-4
105.963,0,0,0,0,500,-4
105.979,0,0,0,0,500,-4
105.995,0,0,0,0,500,-4
106.011,0,0,0,0,500,-4
106.027,0,0,0,0,500,-4
106.043,0,0,0,0,500,-4
106.059,0,0,0,0,500,-4
106.075,0,0,0,0,500,-4
106.091,0,0,0,0,500,-4
106.107,0,0,0,0,500,-4
106.123,0,0,0,0,500,-4
106.139,0,0,0,0,500,-4
106.155,0,0,0,0,500,-4
106.171,0,0,0,0,500,-4
106.187,0,0,0,0,500,-4
106.203,0,0,0,0,500,-4
106.219,0,0,0,0,500,-4
106.235,0,0,0,0,500,-4
106.251,0,0,0,0,500,-3
106.267,0,0,0,0,500,-3
106.283,0,0,0,0,500,-3
106.299,0,0,0,0,500,-3
106.315,0,0,0,0,500,-3
106.331,0,0,0,0,500,-3
106.347,0,0,0,0,500,-3
106.363,0,0,0,0,500,-3
106.379,0,0,0,0,500,-3
106.395,0,0,0,0,500,-3
106.414,0,0,0,0,500,-3
106.427,0,0,0,0,500,-3
106.443,0,0,0,0,500,-3
106.459,0,0,0,0,500,-3
106.475,0,0,0,0,500,-3
106.492,0,0,0,0,500,-4
106.508,0,0,0,0,500,-4
106.524,0,0,0,0,500,-4
106.540,0,0,0,0,500,-4
106.556,0,0,0,0,500,-4
106.572,0,0,0,0,500,-4
106.588,0,0,0,0,500,-4
106.604,0,0,0,0,500,-4
106.620,0,0,0,0,500,-4
106.636,0,0,0,0,500,-4
106.652,0,0,0,0,500,-4
106.669,0,0,0,0,500,-4
106.684,0,0,0,0,500,-4
106.700,0,0,0,0,500,-4
106.716,0,0,0,0,500,-4
106.734,0,0,0,0,500,-4
106.748,0,0,0,0,500,-4
106.764,0,0,0,0,500,-4
106.781,0,0,0,0,500,-4
106.797,0,0,0,0,500,-4
106.813,0,0,0,0,500,-4
106.829,0,0,0,0,500,-4
106.845,0,0,0,0,500,-4
106.861,0,0,0,0,500,-4
106.877,0,0,0,0,500,-4
106.893,0,0,0,0,500,-4
106.909,0,0,0,0,500,-4
106.925,0,0,0,0,500,-4
106.941,0,0,0,0,500,-4
106.957,0,0,0,0,500,-4
106.973,0,0,0,0,500,-4
106.989,0,0,0,0,500,-4
107.005,0,0,0,0,500,-4
107.021,0,0,0,0,500,-4
107.035,0,0,0,0,500,-4
107.046,0,0,0,0,500,-4
107.068,0,0,0,0,500,-4
107.084,0,0,0,0,500,-4
107.100,0,-40,0,0,500,-4
107.116,0,-40,0,0,500,-4
107.134,0,-40,0,0,500,-4
107.151,0,-40,0,0,500,-4
107.163,0,-40,0,0,500,-4
107.176,0,-40,0,0,500,-4
107.195,0,-40,0,0,500,-4
107.211,0,-40,0,0,500,-4
107.223,0,-40,0,0,500,-4
107.239,0,-40,0,0,500,-4
107.250,0,-40,0,0,500,-4
107.267,0,-40,0,0,500,-4
107.280,0,-40,0,0,500,-4
107.296,0,-40,0,0,500,-4
107.312,0,-40,0,0,500,-4
107.317,0,-40,0,0,500,-4
107.343,0,-40,0,0,500,-4
107.361,0,-40,0,0,500,-4
107.375,0,-40,0,0,500,-4
107.388,0,-40,0,0,500,-4
107.407,0,-40,0,0,500,-4
107.424,0,-40,0,0,500,-4
107.439,0,-40,0,0,500,-4
107.455,0,-40,0,0,500,-4
107.472,0,-40,0,0,500,-4
107.486,0,-40,0,0,500,-4
107.503,0,-40,0,0,500,-4
107.511,0,-40,0,0,500,-4
107.534,0,-40,0,0,500,-4
107.550,0,-40,0,0,500,-4
107.566,0,-40,0,0,500,-4
107.583,0,-40,0,0,500,-4
107.599,0,-40,0,0,500,-4
107.605,0,-40,0,0,500,-4
107.631,0,-40,0,0,500,-4
107.658,0,-40,0,0,500,-4
107.667,0,-40,0,0,500,-4
107.684,0,-40,0,0,500,-4
107.700,0,-40,0,0,500,-4
107.705,0,0,0,0,500,-4
107.730,0,0,0,0,500,-4
107.746,0,0,0,0,500,-4
107.762,0,0,0,0,500,-4
107.778,0,0,0,0,500,-4
107.785,0,0,0,0,500,-4
107.810,0,0,0,0,500,-4
107.826,0,0,0,0,500,-4
107.842,0,0,0,0,500,-4
107.859,0,0,0,0,500,-4
107.867,0,0,0,0,500,-4
107.884,0,0,0,0,500,-4
107.900,0,0,0,0,500,-4
107.915,0,0,0,0,500,-4
107.931,0,0,0,0,500,-4
107.942,0,0,0,0,500,-4
107.963,0,0,0,0,500,-4
107.979,0,0,0,0,500,-4
107.995,0,0,0,0,500,-4
108.011,0,0,0,0,500,-4
108.027,0,0,0,0,500,-4
108.043,0,0,0,0,500,-4
108.059,0,0,0,0,500,-4
108.067,0,0,0,0,500,-4
108.083,0,0,0,0,500,-4
108.099,0,0,0,0,500,-4
108.115,0,0,0,0,500,-4
108.131,0,0,0,0,500,-4
108.147,0,0,0,0,500,-4
108.163,0,0,0,0,500,-4
108.179,0,0,0,0,500,-4
108.195,0,0,0,0,500,-4
108.211,0,0,0,0,500,-4
108.227,0,0,0,0,500,-4
108.243,0,0,0,0,500,-4
108.259,0,0,0,0,500,-4
108.275,0,0,0,0,500,-4
108.284,0,0,0,0,500,-4
108.300,0,0,0,0,500,-4
108.315,0,0,0,0,500,-4
108.331,0,0,0,0,500,-4
108.347,0,0,0,0,500,-4
108.363,0,0,0,0,500,-4
108.379,0,0,0,0,500,-4
108.395,0,0,0,0,500,-4
108.411,0,0,0,0,500,-4
108.427,0,0,0,0,500,-4
108.438,0,0,0,0,500,-4
108.450,0,0,0,0,500,-4
108.465,0,0,0,0,500,-4
108.481,0,0,0,0,500,-4
108.490,0,0,0,0,500,-4
108.507,0,0,0,0,500,-4
108.523,0,0,0,0,500,-4
108.539,0,0,0,0,500,-4
108.556,0,0,0,0,500,-4
108.561,0,0,0,0,500,-4
108.587,0,0,0,0,500,-4
108.604,0,0,0,0,500,-4
108.619,0,0,0,0,500,-4
108.635,0,0,0,0,500,-4
108.651,0,0,0,0,500,-4
108.667,0,0,0,0,500,-4
108.683,0,0,0,0,500,-4
108.699,0,0,0,0,500,-4
108.715,0,0,0,0,500,-4
108.731,0,0,0,0,500,-4
108.747,0,0,0,0,500,-4
108.763,0,0,0,0,500,-4
108.779,0,0,0,0,500,-4
108.794,0,0,0,0,500,-4
108.810,0,0,0,0,500,-4
108.826,0,0,0,0,500,-4
108.842,0,0,0,0,500,-4
108.858,0,0,0,0,500,-4
108.875,0,0,0,0,500,-4
108.890,0,0,0,0,500,-4
108.906,0,0,0,0,500,-4
108.922,0,0,0,0,500,-4
108.938,0,0,0,0,500,-4
108.954,0,0,0,0,500,-4
108.970,0,0,0,0,500,-4
108.986,0,0,0,0,500,-4
109.002,0,0,0,0,500,-4
109.018,0,0,0,0,500,-4
109.034,0,0,0,0,500,-4
109.050,0,0,0,0,500,-4
109.066,0,0,0,0,500,-4
109.082,0,0,0,0,500,-4
109.098,0,0,0,0,500,-4
109.116,0,0,0,0,500,-3
109.130,0,0,0,0,500,-3
109.146,0,0,0,0,500,-3
109.161,0,0,0,0,500,-3
109.177,0,0,0,0,500,-3
109.192,0,0,0,0,500,-3
109.208,0,0,0,0,500,-3
109.224,0,0,0,0,500,-3
109.240,0,0,0,0,500,-3
109.256,0,0,0,0,500,-3
109.272,0,0,0,0,500,-3
109.288,0,0,0,0,500,-3
109.304,0,0,0,0,500,-3
109.320,0,0,0,0,500,-3
109.336,0,0,0,0,500,-3
109.352,0,0,0,0,500,-3
109.357,0,0,0,0,500,-3
109.384,0,0,0,0,500,-3
109.400,0,0,0,0,500,-3
109.416,0,0,0,0,500,-3
109.432,0,0,0,0,500,-3
109.448,0,0,0,0,500,-3
109.456,0,0,0,0,500,-3
109.473,0,0,0,0,500,-3
109.488,0,0,0,0,500,-3
109.504,0,0,0,0,500,-3
109.520,0,0,0,0,500,-3
109.536,0,0,0,0,500,-3
109.552,0,0,0,0,500,-3
109.568,0,0,0,0,500,-4
109.584,0,0,0,0,500,-4
109.600,0,0,0,0,500,-4
109.616,0,0,0,0,500,-4
109.632,0,0,0,0,500,-4
109.648,0,0,0,0,500,-4
109.664,0,0,0,0,500,-4
109.688,0,0,0,0,510,-4
109.704,0,0,0,0,510,-4
109.720,0,0,0,0,510,-4
109.737,0,0,0,0,510,-4
109.753,0,0,0,0,510,-4
109.769,0,0,0,0,500,-4
109.784,0,0,0,0,500,-4
109.803,0,0,0,0,500,-4
109.816,0,0,0,0,500,-4
109.832,0,0,0,0,500,-4
109.848,0,0,0,0,500,-4
109.864,0,0,0,0,500,-4
109.880,0,0,0,0,510,-4
109.896,0,0,0,0,510,-4
109.912,0,0,0,0,510,-4
109.928,0,0,0,0,510,-4
109.944,0,0,0,0,510,-4
109.960,0,0,0,0,510,-4
109.976,0,0,0,0,510,-4
109.992,0,0,0,0,500,-4
110.008,0,0,0,0,500,-4
110.024,0,0,0,0,500,-4
110.040,0,0,0,0,500,-4
110.057,0,0,0,0,500,-4
110.073,0,0,0,0,500,-4
110.088,0,0,0,0,500,-4
110.105,0,0,0,0,500,-4
110.121,0,0,0,0,500,-4
110.136,0,0,0,0,500,-4
110.152,0,0,0,0,500,-4
110.168,0,0,0,0,500,-4
110.184,0,0,0,0,500,-4
110.200,0,0,0,0,500,-4
110.205,0,0,0,0,500,-4
110.233,0,0,0,0,500,-4
110.248,0,0,0,0,500,-4
110.264,0,0,0,0,500,-4
110.280,0,0,0,0,500,-4
110.296,0,0,0,0,500,-4
110.312,0,0,0,0,500,-4
110.330,0,0,0,0,500,-4
110.344,0,0,0,0,500,-4
110.360,0,0,0,0,500,-4
110.376,0,0,0,0,500,-4
110.392,0,0,0,0,500,-4
110.408,0,0,0,0,500,-4
110.424,0,0,0,0,500,-4
110.441,0,0,0,0,500,-4
110.456,0,0,0,0,500,-4
110.468,0,0,0,0,500,-4
110.488,0,0,0,0,500,-4
110.501,0,0,0,0,500,-4
110.514,0,0,0,0,500,-4
110.535,0,0,0,0,500,-4
110.552,0,0,0,0,500,-4
110.567,0,0,0,0,500,-4
110.586,0,0,0,0,500,-4
110.600,0,0,0,0,500,-4
110.616,0,0,0,0,500,-4
110.632,0,0,0,0,500,-4
110.648,0,0,0,0,500,-4
110.670,0,0,0,0,500,-4
110.685,0,0,0,0,500,-4
110.699,0,0,40,0,500,-4
110.712,0,0,40,0,500,-4
110.727,0,0,40,0,500,-4
110.744,0,0,40,0,500,-4
110.761,0,0,40,0,500,-4
110.776,0,0,40,0,500,-4
110.792,0,0,40,0,500,-4
110.806,0,0,40,0,500,-4
110.811,0,0,40,0,500,-4
110.839,0,0,40,0,500,-4
110.855,0,0,40,0,500,-4
110.868,0,0,40,0,500,-4
110.881,0,0,40,0,500,-4
110.903,0,0,40,0,500,-4
110.917,0,0,40,0,500,-4
110.935,0,0,40,0,500,-4
110.947,0,0,40,0,500,-4
110.967,0,0,40,0,500,-4
110.983,0,0,40,0,500,-4
111.015,0,0,40,0,500,-4
111.031,0,0,40,0,500,-4
111.046,0,0,40,0,500,-4
111.062,0,0,40,0,500,-4
111.079,0,0,40,0,500,-4
111.094,0,0,40,0,500,-4
111.111,0,0,40,0,500,-4
111.127,0,0,40,0,500,-4
111.143,0,0,40,0,500,-4
111.158,0,0,40,0,500,-4
111.175,0,0,40,0,500,-4
111.191,0,0,40,0,500,-4
111.207,0,0,40,0,500,-4
111.212,0,0,40,0,500,-4
111.239,0,0,40,0,500,-4
111.244,0,0,40,0,500,-4
111.271,0,0,40,0,500,-4
111.287,0,0,40,0,500,-4
111.292,0,0,40,0,500,-4
111.319,0,0,40,0,500,-4
111.336,0,0,40,0,500,-4
111.353,0,0,40,0,500,-4
111.369,0,0,40,0,500,-4
111.378,0,0,40,0,500,-4
111.384,0,0,40,0,500,-4
111.400,0,0,40,0,500,-4
111.411,0,0,40,0,500,-4
111.432,0,0,40,0,500,-4
111.447,0,0,40,0,500,-4
111.463,0,0,40,0,500,-4
111.479,0,0,40,0,500,-4
111.489,0,0,40,0,500,-4
111.495,0,0,40,0,500,-4
111.511,0,0,40,0,500,-4
111.527,0,0,40,0,500,-4
111.543,0,0,40,0,500,-4
111.554,0,0,40,0,500,-4
111.575,0,0,40,0,510,-4
111.580,0,0,40,0,510,-4
111.591,0,0,40,0,510,-4
111.607,0,0,40,0,510,-4
111.613,0,0,40,0,510,-4
111.624,0,0,40,0,510,-4
111.639,0,0,40,0,510,-4
111.644,0,0,40,0,510,-4
111.655,0,0,40,0,510,-4
111.671,0,0,40,0,510,-4
111.677,0,0,40,0,510,-4
111.703,0,0,40,0,510,-4
111.720,0,0,40,0,510,-4
111.735,0,0,40,0,510,-4
111.751,0,0,40,0,510,-4
111.767,0,0,40,0,510,-4
111.784,0,0,40,0,510,-4
111.800,0,0,40,0,510,-4
111.804,0,0,40,0,510,-4
111.815,0,0,40,0,510,-4
111.831,0,0,40,0,510,-4
111.835,0,0,40,0,510,-4
111.863,0,0,40,0,510,-4
111.868,0,0,40,0,510,-4
111.894,0,0,40,0,510,-4
111.910,0,0,40,0,510,-4
111.925,0,0,40,0,510,-4
111.942,0,0,40,0,510,-4
111.947,0,0,40,0,510,-4
111.958,0,0,40,0,510,-4
111.974,0,0,40,0,510,-4
111.990,0,0,40,0,510,-4
112.006,0,0,40,0,510,-4
112.012,0,0,40,0,510,-4
112.022,0,0,40,0,510,-4
112.038,0,0,40,0,510,-4
112.044,0,0,40,0,510,-4
112.054,0,0,40,0,510,-4
112.070,0,0,40,0,510,-4
112.076,0,0,40,0,510,-4
112.088,0,0,40,0,510,-4
112.102,0,0,40,0,510,-4
112.110,0,0,40,0,510,-4
112.133,0,0,40,0,510,-3
112.142,0,0,40,0,510,-3
112.164,0,0,40,0,510,-3
112.180,0,0,40,0,510,-3
112.196,0,0,40,0,510,-3
112.212,0,0,40,0,510,-3
112.229,0,0,40,0,520,-4
112.245,0,0,40,0,520,-4
112.261,0,0,40,0,520,-4
112.277,0,0,40,0,520,-4
112.293,0,0,40,0,520,-4
112.298,0,0,40,0,520,-4
112.325,0,0,40,0,520,-4
112.342,0,0,40,0,520,-4
112.358,0,0,40,0,520,-4
112.374,0,0,40,0,520,-4
112.389,0,0,40,0,520,-4
112.405,0,0,40,0,520,-4
112.422,0,0,40,0,520,-4
112.439,0,0,40,0,520,-4
112.454,0,0,40,0,520,-4
112.470,0,0,40,0,520,-4
112.485,0,0,40,0,520,-4
112.501,0,0,40,0,520,-4
112.506,0,0,40,0,520,-4
112.517,0,0,40,0,520,-4
112.533,0,0,40,0,520,-4
112.542,0,0,40,0,520,-4
112.548,0,0,40,0,520,-4
112.565,0,0,40,0,520,-4
112.570,0,0,40,0,520,-4
112.581,0,0,40,0,520,-4
112.597,0,0,40,0,520,-4
112.601,0,0,40,0,520,-4
112.629,0,0,40,0,520,-4
112.635,0,0,40,0,520,-4
112.645,0,0,40,0,520,-4
112.661,0,0,40,0,520,-4
112.666,0,0,40,0,520,-4
112.693,0,0,40,0,520,-4
112.709,0,0,40,0,520,-4
112.714,0,0,40,0,520,-4
112.726,0,0,40,0,520,-4
112.738,0,0,40,0,520,-4
112.756,0,0,40,0,520,-4
112.773,0,0,40,0,520,-4
112.789,0,0,40,0,520,-4
112.795,0,0,40,0,520,-4
112.821,0,0,40,0,520,-4
112.837,0,0,40,0,520,-4
112.852,0,0,40,0,520,-4
112.869,0,0,40,0,520,-4
112.885,0,0,40,0,520,-4
112.901,0,0,40,0,520,-4
112.919,0,0,40,0,520,-4
112.933,0,0,40,0,520,-4
112.951,0,0,40,0,520,-4
112.967,0,0,40,0,520,-4
112.980,0,0,40,0,520,-4
112.993,0,0,40,0,520,-4
113.012,0,0,40,0,520,-4
113.028,0,0,40,0,520,-4
113.033,0,0,40,0,520,-4
113.044,0,0,40,0,520,-4
113.060,0,0,40,0,520,-4
113.071,0,0,40,0,520,-4
113.077,0,0,40,0,520,-4
113.093,0,0,40,0,520,-4
113.106,0,0,40,0,520,-4
113.125,0,0,40,0,520,-4
113.130,0,0,40,0,530,-4
113.141,0,0,40,0,530,-4
113.157,0,0,40,0,530,-4
113.162,0,0,40,0,530,-4
113.173,0,0,40,0,530,-4
113.189,0,0,40,0,530,-4
113.196,0,0,40,0,530,-4
113.205,0,0,40,0,530,-4
113.221,0,0,40,0,530,-4
113.237,0,0,40,0,530,-4
113.253,0,0,40,0,530,-4
113.266,0,0,40,0,530,-4
113.278,0,0,40,0,530,-4
113.285,0,0,40,0,530,-4
113.301,0,0,40,0,530,-4
113.313,0,0,40,0,530,-4
113.332,0,0,40,0,530,-4
113.345,0,0,40,0,530,-4
113.364,0,0,40,0,530,-4
113.377,0,0,40,0,530,-4
113.397,0,0,40,0,530,-4
113.413,0,0,40,0,530,-4
113.429,0,0,40,0,530,-4
113.448,0,0,40,0,530,-4
113.461,0,0,40,0,530,-4
113.475,0,0,40,0,530,-4
113.487,0,0,40,0,530,-4
113.493,0,0,40,0,530,-4
113.509,0,0,40,0,530,-4
113.522,0,0,40,0,530,-4
113.527,0,0,40,0,530,-4
113.540,0,0,40,0,530,-4
113.556,0,0,40,0,530,-4
113.561,0,0,40,0,530,-4
113.572,0,0,40,0,530,-4
113.588,0,0,40,0,530,-4
113.592,0,0,40,0,530,-4
113.603,0,0,40,0,530,-4
113.620,0,0,40,0,530,-4
113.624,0,0,40,0,530,-4
113.636,0,0,40,0,530,-4
113.652,0,0,40,0,530,-4
113.657,0,0,40,0,530,-4
113.667,0,0,40,0,530,-4
113.683,0,0,40,0,530,-4
113.693,0,0,40,0,530,-4
113.699,0,0,40,0,530,-4
113.715,0,0,40,0,530,-4
113.720,0,0,40,0,530,-4
113.731,0,0,40,0,530,-4
113.747,0,0,40,0,530,-4
113.762,0,0,40,0,530,-4
113.778,0,0,40,0,530,-4
113.794,0,0,40,0,530,-4
113.810,0,0,40,0,530,-4
113.826,0,0,40,0,530,-4
113.844,0,0,40,0,530,-4
113.858,0,0,40,0,530,-4
113.874,0,0,40,0,530,-4
113.890,0,0,40,0,530,-4
113.906,0,0,40,0,540,-4
113.922,0,0,40,0,540,-4
113.934,0,0,40,0,540,-4
113.953,0,0,40,0,540,-4
113.959,0,0,40,0,540,-4
113.969,0,0,40,0,540,-4
113.985,0,0,40,0,540,-4
113.992,0,0,40,0,540,-4
114.011,0,0,40,0,540,-4
114.033,0,0,40,0,540,-4
114.049,0,0,40,0,540,-4
114.054,0,0,40,0,540,-4
114.065,0,0,40,0,540,-4
114.081,0,0,40,0,540,-4
114.087,0,0,40,0,540,-4
114.097,0,0,40,0,540,-4
114.113,0,0,40,0,540,-4
114.129,0,0,40,0,540,-3
114.147,0,0,40,0,540,-3
114.152,0,0,40,0,540,-3
114.161,0,0,40,0,540,-3
114.176,0,0,40,0,540,-3
114.186,0,0,40,0,540,-3
114.197,0,0,40,0,540,-3
114.225,0,0,40,0,540,-3
114.241,0,0,40,0,540,-4
114.257,0,0,40,0,540,-4
114.273,0,0,40,0,540,-4
114.288,0,0,40,0,540,-4
114.305,0,0,40,0,540,-4
114.322,0,0,40,0,540,-4
114.337,0,0,40,0,540,-4
114.344,0,0,40,0,540,-4
114.369,0,0,40,0,550,-4
114.385,0,0,40,0,550,-4
114.401,0,0,40,0,550,-4
114.417,0,0,40,0,550,-4
114.422,0,0,40,0,550,-4
114.433,0,0,40,0,550,-4
114.449,0,0,40,0,550,-4
114.467,0,0,40,0,550,-4
114.497,0,0,40,0,550,-4
114.511,0,0,40,0,550,-4
114.522,0,0,40,0,550,-4
114.544,0,0,40,0,550,-4
114.549,0,0,40,0,550,-4
114.576,0,0,40,0,550,-4
114.581,0,0,40,0,550,-4
114.608,0,0,40,0,550,-4
114.624,0,0,40,0,550,-4
114.640,0,0,40,0,550,-4
114.649,0,0,40,0,550,-4
114.672,0,0,40,0,550,-4
114.688,0,0,40,0,550,-4
114.704,0,0,40,0,550,-4
114.709,0,0,40,0,550,-4
114.719,0,0,40,0,550,-4
114.735,0,0,40,0,550,-4
114.751,0,0,40,0,550,-4
114.767,0,0,40,0,550,-4
114.772,0,0,40,0,550,-4
114.799,0,0,40,0,550,-4
114.815,0,0,40,0,550,-4
114.831,0,0,40,0,550,-4
114.848,0,0,40,0,550,-4
114.863,0,0,40,0,550,-4
114.879,0,0,40,0,550,-4
114.885,0,0,40,0,550,-4
114.895,0,0,40,0,550,-4
114.911,0,0,40,0,550,-4
114.927,0,0,40,0,550,-4
114.943,0,0,40,0,550,-4
114.959,0,0,40,0,550,-4
114.975,0,0,40,0,550,-4
114.981,0,0,40,0,550,-4
114.992,0,0,40,0,550,-4
115.008,0,0,40,0,550,-4
115.012,0,0,40,0,550,-4
115.024,0,0,40,0,550,-4
115.040,0,0,40,0,550,-4
115.046,0,0,40,0,550,-4
115.056,0,0,40,0,550,-4
115.072,0,0,40,0,550,-4
115.081,0,0,40,0,550,-4
115.088,0,0,40,0,550,-4
115.103,0,0,40,0,550,-4
115.119,0,0,40,0,550,-4
115.135,0,0,40,0,550,-4
115.144,0,0,40,0,550,-4
115.167,0,0,40,0,550,-4
115.183,0,0,40,0,550,-4
115.198,0,0,40,0,550,-4
115.204,0,0,40,0,550,-4
115.230,0,0,40,0,550,-4
115.246,0,0,40,0,550,-4
115.262,0,0,40,0,550,-4
115.266,0,0,40,0,550,-4
115.278,0,0,40,0,550,-4
115.293,0,0,40,0,550,-4
115.310,0,0,40,0,550,-4
115.325,0,0,40,0,550,-4
115.341,0,0,40,0,550,-4
115.346,0,0,40,0,550,-4
115.357,0,0,40,0,550,-4
115.373,0,0,40,0,550,-4
115.389,0,0,40,0,550,-4
115.405,0,0,40,0,550,-4
115.417,0,0,40,0,550,-4
115.429,0,0,40,0,550,-4
115.437,0,0,40,0,550,-4
115.453,0,0,40,0,550,-4
115.470,0,0,40,0,560,-4
115.474,0,0,40,0,560,-4
115.484,0,0,40,0,560,-4
115.501,0,0,40,0,560,-4
115.506,0,0,40,0,560,-4
115.532,0,0,40,0,560,-4
115.548,0,0,40,0,560,-4
115.562,0,0,40,0,560,-4
115.566,0,0,40,0,560,-4
115.581,0,0,40,0,560,-4
115.597,0,0,40,0,560,-4
115.613,0,0,40,0,560,-4
115.629,0,0,40,0,560,-4
115.645,0,0,40,0,560,-4
115.662,0,0,40,0,560,-4
115.678,0,0,40,0,560,-4
115.693,0,0,40,0,560,-4
115.703,0,0,40,0,560,-4
115.725,0,0,40,0,560,-4
115.735,0,0,40,0,560,-4
115.757,0,0,40,0,560,-4
115.773,0,0,40,0,560,-4
115.789,0,0,40,0,560,-4
115.805,0,0,40,0,560,-3
115.812,0,0,40,0,560,-3
115.837,0,0,40,0,560,-3
115.853,0,0,40,0,560,-3
115.869,0,0,40,0,560,-3
115.885,0,0,40,0,560,-3
115.901,0,0,40,0,560,-3
115.917,0,0,40,0,560,-3
115.933,0,0,40,0,560,-3
115.938,0,0,40,0,560,-3
115.948,0,0,40,0,560,-3
115.964,0,0,40,0,560,-3
115.970,0,0,40,0,560,-3
115.980,0,0,40,0,560,-3
115.996,0,0,40,0,560,-3
116.009,0,0,40,0,560,-3
116.028,0,0,40,0,560,-3
116.042,0,0,40,0,560,-3
116.061,0,0,40,0,560,-3
116.074,0,0,40,0,560,-3
116.093,0,0,40,0,560,-3
116.110,0,0,40,0,560,-3
116.125,0,0,40,0,560,-3
116.138,0,0,40,0,560,-3
116.150,0,0,40,0,570,-3
116.157,0,0,40,0,570,-3
116.173,0,0,40,0,570,-3
116.190,0,0,40,0,570,-3
116.207,0,0,40,0,570,-3
116.221,0,0,40,0,570,-3
116.237,0,0,40,0,570,-3
116.250,0,0,40,0,570,-3
116.269,0,0,40,0,570,-3
116.285,0,0,40,0,570,-3
116.300,0,0,40,0,570,-3
116.313,0,0,40,0,570,-3
116.332,0,0,40,0,570,-3
116.349,0,0,40,0,570,-3
116.365,0,0,40,0,570,-4
116.377,0,0,40,0,570,-4
116.396,0,0,40,0,570,-4
116.401,0,0,40,0,570,-4
116.412,0,0,40,0,570,-4
116.430,0,0,40,0,570,-4
116.444,0,0,40,0,570,-4
116.459,0,0,40,0,570,-4
116.464,0,0,40,0,570,-4
116.475,0,0,40,0,570,-4
116.491,0,0,40,0,570,-4
116.496,0,0,40,0,570,-4
116.523,0,0,40,0,570,-4
116.532,0,0,40,0,570,-4
116.555,0,0,40,0,570,-4
116.571,0,0,40,0,570,-4
116.587,0,0,40,0,570,-4
116.603,0,0,40,0,570,-4
116.619,0,0,40,0,570,-4
116.624,0,0,40,0,570,-4
116.651,0,0,40,0,570,-4
116.667,0,0,40,0,570,-4
116.683,0,0,40,0,570,-4
116.699,0,0,40,0,580,-4
116.715,0,0,40,0,580,-4
116.726,0,0,40,0,580,-4
116.747,0,0,40,0,580,-4
116.763,0,0,40,0,580,-4
116.779,0,0,40,0,580,-4
116.794,0,0,40,0,580,-4
116.811,0,0,40,0,580,-4
116.826,0,0,40,0,580,-4
116.843,0,0,40,0,580,-4
116.858,0,0,40,0,580,-4
116.863,0,0,40,0,580,-4
116.891,0,0,40,0,580,-4
116.895,0,0,40,0,580,-4
116.906,0,0,40,0,580,-4
116.922,0,0,40,0,580,-4
116.933,0,0,40,0,580,-4
116.954,0,0,40,0,580,-4
116.959,0,0,40,0,580,-4
116.969,0,0,40,0,580,-4
116.985,0,0,40,0,580,-4
117.001,0,0,40,0,580,-4
117.017,0,0,40,0,580,-4
117.024,0,0,40,0,580,-4
117.033,0,0,40,0,580,-4
117.049,0,0,40,0,580,-4
117.061,0,0,40,0,580,-4
117.080,0,0,40,0,580,-4
117.097,0,0,40,0,580,-4
117.113,0,0,40,0,580,-4
117.128,0,0,40,0,580,-4
117.144,0,0,40,0,580,-4
117.161,0,0,40,0,580,-4
117.177,0,0,40,0,580,-4
117.186,0,0,40,0,580,-4
117.209,0,0,40,0,580,-4
117.214,0,0,40,0,580,-4
117.241,0,0,40,0,580,-4
117.257,0,0,40,0,580,-4
117.272,0,0,40,0,580,-4
117.288,0,0,40,0,580,-4
117.304,0,0,40,0,580,-4
117.320,0,0,40,0,580,-4
117.335,0,0,40,0,580,-4
117.351,0,0,40,0,580,-4
117.356,0,0,40,0,580,-4
117.367,0,0,40,0,590,-4
117.383,0,0,40,0,590,-4
117.388,0,0,40,0,590,-4
117.399,0,0,40,0,590,-4
117.415,0,0,40,0,590,-4
117.424,0,0,40,0,590,-4
117.447,0,0,40,0,590,-4
117.458,0,0,40,0,590,-4
117.462,0,0,40,0,590,-4
117.478,0,0,40,0,590,-4
117.494,0,0,40,0,590,-4
117.510,0,0,40,0,590,-4
117.527,0,0,40,0,590,-4
117.545,0,0,40,0,590,-4
117.554,0,0,40,0,590,-4
117.575,0,0,40,0,590,-4
117.591,0,0,40,0,590,-4
117.606,0,0,40,0,590,-4
117.616,0,0,40,0,590,-4
117.623,0,0,40,0,590,-4
117.639,0,0,40,0,590,-4
117.654,0,0,40,0,590,-4
117.670,0,0,40,0,590,-4
117.686,0,0,40,0,590,-4
117.702,0,0,40,0,590,-3
117.719,0,0,40,0,590,-3
117.733,0,0,40,0,590,-3
117.749,0,0,40,0,590,-3
117.766,0,0,40,0,590,-3
117.781,0,0,40,0,590,-3
117.797,0,0,40,0,590,-3
117.813,0,0,40,0,590,-4
117.819,0,0,40,0,590,-4
117.829,0,0,40,0,590,-4
117.845,0,0,40,0,590,-4
117.854,0,0,40,0,590,-4
117.860,0,0,40,0,590,-4
117.876,0,0,40,0,590,-4
117.888,0,0,40,0,590,-4
117.908,0,0,40,0,590,-4
117.913,0,0,40,0,590,-4
117.939,0,0,40,0,590,-4
117.949,0,0,40,0,590,-4
117.971,0,0,40,0,590,-4
117.977,0,0,40,0,590,-4
117.987,0,0,40,0,590,-4
118.003,0,0,40,0,590,-4
118.019,0,0,40,0,590,-4
118.035,0,0,40,0,590,-4
118.051,0,0,40,0,590,-4
118.067,0,0,40,0,590,-4
118.083,0,0,40,0,590,-4
118.099,0,0,40,0,590,-4
118.115,0,0,40,0,590,-4
118.120,0,0,40,0,590,-4
118.147,0,0,40,0,590,-4
118.153,0,0,40,0,590,-4
118.164,0,0,40,0,590,-4
118.178,0,0,40,0,590,-4
118.194,0,0,40,0,590,-4
118.210,0,0,40,0,590,-4
118.226,0,0,40,0,590,-4
118.243,0,0,40,0,590,-4
118.248,0,0,40,0,590,-4
118.275,0,0,40,0,590,-4
118.280,0,0,40,0,590,-4
118.307,0,0,40,0,590,-4
118.312,0,0,40,0,590,-4
118.340,0,0,40,0,590,-4
118.348,0,0,40,0,590,-4
118.354,0,0,40,0,590,-4
118.370,0,0,40,0,590,-4
118.380,0,0,40,0,590,-4
118.401,0,0,40,0,590,-4
118.417,0,0,40,0,590,-4
118.433,0,0,40,0,590,-4
118.451,0,0,40,0,590,-4
118.465,0,0,40,0,590,-4
118.482,0,0,40,0,590,-4
118.493,0,0,40,0,590,-4
118.513,0,0,40,0,590,-4
118.529,0,0,40,0,590,-4
118.541,0,0,40,0,590,-4
118.561,0,0,40,0,590,-4
118.577,0,0,40,0,590,-4
118.593,0,0,40,0,590,-4
118.609,0,0,40,0,590,-4
118.626,0,0,40,0,590,-4
118.642,0,0,40,0,590,-4
118.657,0,0,40,0,590,-4
118.669,0,0,40,0,590,-4
118.681,0,0,40,0,590,-4
118.689,0,0,40,0,590,-4
118.705,0,0,40,0,590,-4
118.711,0,0,40,0,590,-4
118.721,0,0,40,0,590,-4
118.737,0,0,40,0,590,-4
118.742,0,0,40,0,590,-4
118.753,0,0,40,0,590,-4
118.769,0,0,40,0,590,-4
118.778,0,0,40,0,590,-4
118.785,0,0,40,0,590,-4
118.801,0,0,40,0,590,-4
118.810,0,0,40,0,590,-4
118.833,0,0,40,0,590,-4
118.849,0,0,40,0,590,-4
118.865,0,0,40,0,590,-4
118.871,0,0,40,0,590,-4
118.881,0,0,40,0,590,-4
118.897,0,0,40,0,590,-4
118.909,0,0,40,0,590,-4
118.930,0,0,40,0,590,-4
118.944,0,0,40,0,590,-4
118.961,0,0,40,0,590,-4
118.971,0,0,40,0,590,-4
118.992,0,0,40,0,590,-4
119.007,0,0,40,0,590,-4
119.024,0,0,40,0,590,-4
119.040,0,0,40,0,590,-4
119.049,0,0,40,0,590,-4
119.072,0,0,40,0,590,-4
119.077,0,0,40,0,590,-4
119.105,0,0,40,0,590,-4
119.110,0,0,40,0,590,-4
119.137,0,0,40,0,590,-4
119.152,0,0,40,0,590,-4
119.168,0,0,40,0,590,-4
119.184,0,0,40,0,590,-4
119.200,0,0,40,0,590,-4
119.205,0,0,40,0,590,-4
119.216,0,0,40,0,590,-4
119.232,0,0,40,0,590,-4
119.237,0,0,40,0,590,-4
119.248,0,0,40,0,590,-4
119.263,0,0,40,0,590,-4
119.272,0,0,40,0,590,-4
119.295,0,0,40,0,590,-4
119.305,0,0,40,0,590,-4
119.327,0,0,40,0,590,-4
119.343,0,0,40,0,590,-4
119.359,0,0,40,0,590,-4
119.366,0,0,40,0,590,-4
119.375,0,0,40,0,590,-4
119.391,0,0,40,0,590,-4
119.403,0,0,40,0,590,-4
119.408,0,0,40,0,590,-4
119.423,0,0,40,0,590,-4
119.439,0,0,40,0,590,-4
119.453,0,0,40,0,590,-4
119.472,0,0,40,0,590,-4
119.487,0,0,40,0,590,-4
119.503,0,0,40,0,590,-4
119.508,0,0,40,0,590,-4
119.535,0,0,40,0,590,-4
119.551,0,0,40,0,590,-4
119.567,0,0,40,0,590,-4
119.583,0,0,40,0,590,-4
119.599,0,0,40,0,590,-4
119.610,0,0,40,0,590,-3
119.631,0,0,40,0,590,-3
119.642,0,0,40,0,590,-3
119.663,0,0,40,0,590,-3
119.668,0,0,40,0,590,-3
119.678,0,0,40,0,590,-3
119.689,0,0,40,0,590,-3
119.710,0,0,40,0,590,-4
119.722,0,0,40,0,590,-4
119.742,0,0,40,0,590,-4
119.759,0,0,40,0,590,-4
119.764,0,0,40,0,590,-4
119.775,0,0,40,0,590,-4
119.792,0,0,40,0,590,-4
119.800,0,0,40,0,590,-4
119.823,0,0,40,0,590,-4
119.828,0,0,40,0,590,-4
119.839,0,0,40,0,590,-4
119.855,0,0,40,0,590,-4
119.860,0,0,40,0,590,-4
119.886,0,0,40,0,590,-4
119.902,0,0,40,0,590,-4
119.918,0,0,40,0,590,-4
119.926,0,0,40,0,590,-4
119.950,0,0,40,0,590,-4
119.967,0,0,40,0,590,-4
119.982,0,0,40,0,590,-4
119.998,0,0,40,0,590,-4
120.014,0,0,40,0,590,-4
120.030,0,0,40,0,590,-4
120.036,0,0,40,0,590,-4
120.062,0,0,40,0,590,-4
120.072,0,0,40,0,590,-4
120.094,0,0,40,0,590,-4
120.110,0,0,40,0,590,-4
120.126,0,0,40,0,590,-4
120.143,0,0,40,0,590,-4
120.159,0,0,40,0,590,-4
120.175,0,0,40,0,590,-4
120.191,0,0,40,0,590,-4
120.198,0,0,40,0,590,-4
120.207,0,0,40,0,590,-4
120.222,0,0,40,0,590,-4
120.236,0,0,40,0,590,-4
120.255,0,0,40,0,590,-4
120.260,0,0,40,0,590,-4
120.270,0,0,40,0,590,-4
120.286,0,0,40,0,590,-4
120.291,0,0,40,0,590,-4
120.302,0,0,40,0,590,-4
120.318,0,0,40,0,590,-4
120.323,0,0,40,0,590,-4
120.349,0,0,40,0,590,-4
120.365,0,0,40,0,590,-4
120.381,0,0,40,0,590,-4
120.389,0,0,40,0,590,-4
120.397,0,0,40,0,590,-4
120.413,0,0,40,0,590,-4
120.424,0,0,40,0,590,-4
120.445,0,0,40,0,590,-4
120.461,0,0,40,0,590,-4
120.477,0,0,40,0,590,-4
120.493,0,0,40,0,590,-3
120.509,0,0,40,0,590,-3
120.525,0,0,40,0,590,-3
120.541,0,0,40,0,590,-3
120.557,0,0,40,0,590,-3
120.573,0,0,40,0,590,-3
120.589,0,0,40,0,590,-3
120.605,0,0,40,0,590,-3
120.620,0,0,40,0,590,-4
120.625,0,0,40,0,590,-4
120.636,0,0,40,0,590,-4
120.652,0,0,40,0,590,-4
120.657,0,0,40,0,590,-4
120.668,0,0,40,0,590,-4
120.684,0,0,40,0,590,-4
120.691,0,0,40,0,590,-4
120.700,0,0,40,0,590,-4
120.716,0,0,40,0,590,-4
120.726,0,0,40,0,590,-4
120.732,0,0,40,0,590,-4
120.748,0,0,40,0,590,-4
120.754,0,0,40,0,590,-4
120.780,0,0,40,0,590,-4
120.796,0,0,40,0,590,-4
120.813,0,0,40,0,590,-4
120.819,0,0,40,0,590,-4
120.829,0,0,40,0,590,-4
120.845,0,0,40,0,590,-4
120.861,0,0,40,0,590,-4
120.877,0,0,40,0,590,-4
120.893,0,0,40,0,590,-4
120.909,0,0,40,0,590,-4
120.915,0,0,40,0,590,-4
120.925,0,0,40,0,590,-4
120.941,0,0,40,0,590,-4
120.959,0,0,40,0,590,-4
120.973,0,0,40,0,590,-4
120.989,0,0,40,0,590,-4
121.006,0,0,40,0,590,-4
121.021,0,0,40,0,590,-4
121.037,0,0,40,0,590,-4
121.053,0,0,40,0,590,-4
121.069,0,0,40,0,590,-4
121.085,0,0,40,0,590,-4
121.101,0,0,40,0,590,-4
121.117,0,0,40,0,590,-4
121.133,0,0,40,0,590,-4
121.150,0,0,40,0,590,-4
121.165,0,0,40,0,590,-4
121.181,0,0,40,0,590,-4
121.186,0,0,40,0,590,-4
121.197,0,0,40,0,590,-4
121.213,0,0,40,0,590,-4
121.219,0,0,40,0,590,-4
121.230,0,0,40,0,590,-4
121.245,0,0,40,0,590,-4
121.250,0,0,40,0,590,-4
121.261,0,0,40,0,590,-4
121.277,0,0,40,0,590,-4
121.282,0,0,40,0,590,-4
121.308,0,0,40,0,590,-4
121.313,0,0,40,0,590,-4
121.341,0,0,40,0,590,-4
121.350,0,0,40,0,590,-4
121.359,0,0,40,0,590,-4
121.374,0,0,0,0,590,-4
121.389,0,0,0,0,590,-4
121.405,0,0,0,0,590,-4
121.421,0,0,0,0,590,-4
121.437,0,0,0,0,590,-4
121.453,0,0,0,0,590,-4
121.469,0,0,0,0,590,-4
121.487,0,0,0,0,590,-4
121.499,0,0,0,0,590,-4
121.516,0,0,0,0,580,-3
121.528,0,0,0,0,580,-3
121.548,0,0,0,0,580,-3
121.560,0,0,0,0,580,-3
121.581,0,0,0,0,580,-3
121.596,0,0,0,0,580,-3
121.608,0,0,0,0,580,-3
121.629,0,0,0,0,580,-3
121.644,0,0,0,0,580,-3
121.657,0,0,0,0,580,-3
121.672,0,0,0,0,580,-3
121.692,0,0,0,0,580,-3
121.708,0,0,0,0,580,-3
121.720,0,0,0,0,580,-3
121.740,0,0,0,0,580,-4
121.756,0,0,0,0,580,-4
121.772,0,0,0,0,580,-4
121.785,0,0,0,0,580,-4
121.804,0,0,0,0,580,-4
121.821,0,0,0,0,580,-4
121.837,0,0,0,0,580,-4
121.851,0,0,0,0,570,-4
121.864,0,0,0,0,570,-4
121.885,0,0,0,0,570,-4
121.901,0,0,0,0,570,-4
121.917,0,0,0,0,570,-4
121.933,0,0,0,0,570,-4
121.949,0,0,0,0,570,-4
121.965,0,0,0,0,570,-4
121.981,0,0,0,0,570,-4
121.997,0,0,0,0,570,-4
122.013,0,0,0,0,570,-4
122.029,0,0,0,0,570,-4
122.045,0,0,0,0,570,-4
122.061,0,0,0,0,570,-4
122.072,0,0,0,0,560,-4
122.094,0,0,0,0,560,-4
122.110,0,0,0,0,560,-4
122.126,0,0,0,0,560,-4
122.131,0,0,40,0,560,-4
122.142,0,0,40,0,560,-4
122.158,0,0,40,0,560,-4
122.173,0,0,40,0,560,-4
122.189,0,0,40,0,560,-4
122.205,0,0,40,0,560,-4
122.221,0,0,40,0,560,-4
122.237,0,0,40,0,560,-4
122.253,0,0,40,0,560,-4
122.269,0,0,40,0,560,-4
122.301,0,0,40,0,560,-4
122.317,0,0,40,0,560,-4
122.333,0,0,40,0,560,-4
122.349,0,0,40,0,560,-4
122.359,0,0,40,0,560,-4
122.372,0,0,40,0,560,-4
122.381,0,0,40,0,560,-4
122.397,0,0,40,0,560,-4
122.413,0,0,40,0,560,-4
122.429,0,0,40,0,560,-4
122.446,0,0,40,0,560,-4
122.464,0,0,40,0,560,-4
122.478,0,0,40,0,560,-4
122.494,0,0,40,0,560,-4
122.510,0,0,40,0,560,-4
122.526,0,0,40,0,560,-4
122.542,0,0,40,0,560,-4
122.559,0,0,40,0,560,-4
122.574,0,0,40,0,560,-4
122.591,0,0,40,0,560,-4
122.607,0,0,40,0,560,-4
122.612,0,0,40,0,560,-4
122.639,0,0,40,0,560,-4
122.644,0,0,40,0,560,-4
122.671,0,0,40,0,560,-4
122.681,0,0,40,0,560,-4
122.703,0,0,40,0,560,-4
122.710,0,0,40,0,560,-4
122.719,0,0,40,0,560,-4
122.734,0,0,40,0,560,-4
122.751,0,0,40,0,560,-4
122.767,0,0,40,0,560,-4
122.771,0,0,40,0,560,-4
122.799,0,0,40,0,560,-4
122.804,0,0,40,0,560,-4
122.831,0,0,40,0,560,-4
122.847,0,0,40,0,550,-4
122.863,0,0,40,0,550,-4
122.869,0,0,40,0,550,-4
122.895,0,0,40,0,550,-4
122.901,0,0,40,0,550,-4
122.927,0,0,40,0,550,-4
122.943,0,0,40,0,550,-4
122.959,0,0,40,0,550,-4
122.975,0,0,40,0,550,-4
122.991,0,0,40,0,550,-4
123.007,0,0,40,0,550,-4
123.023,0,0,40,0,550,-4
123.039,0,0,40,0,550,-4
123.055,0,0,40,0,550,-4
123.071,0,0,40,0,550,-4
123.087,0,0,40,0,550,-4
123.103,0,0,40,0,550,-4
123.113,0,0,40,0,550,-4
123.135,0,0,40,0,550,-4
123.143,0,0,40,0,550,-4
123.167,0,0,40,0,550,-4
123.172,0,0,40,0,550,-4
123.184,0,0,40,0,560,-4
123.199,0,0,40,0,560,-4
123.207,0,0,40,0,560,-4
123.230,0,0,40,0,560,-4
123.239,0,0,40,0,560,-4
123.263,0,0,40,0,560,-4
123.279,0,0,40,0,560,-4
123.294,0,0,40,0,560,-4
123.310,0,0,40,0,560,-4
123.325,0,0,40,0,560,-4
123.336,0,0,40,0,560,-4
123.357,0,0,40,0,560,-4
123.372,0,0,40,0,560,-4
123.388,0,0,40,0,560,-4
123.404,0,0,40,0,560,-4
123.410,0,0,40,0,560,-4
123.436,0,0,40,0,560,-4
123.452,0,0,40,0,560,-4
123.468,0,0,40,0,560,-4
123.484,0,0,40,0,560,-4
123.501,0,0,40,0,560,-4
123.510,0,0,40,0,560,-4
123.531,0,0,40,0,560,-4
123.536,0,0,40,0,560,-4
123.547,0,0,40,0,560,-4
123.563,0,0,0,0,560,-4
123.579,0,0,0,0,560,-4
123.595,0,0,0,0,560,-4
123.611,0,0,0,0,560,-4
123.627,0,0,0,0,560,-4
123.642,0,0,0,0,560,-4
123.658,0,0,0,0,560,-4
123.674,0,0,0,0,560,-4
123.690,0,0,0,0,560,-4
123.706,0,0,0,0,560,-4
123.721,0,0,0,0,560,-4
123.737,0,0,0,0,560,-4
123.753,0,0,0,0,560,-4
123.769,0,0,0,0,560,-4
123.785,0,0,0,0,560,-4
123.800,0,0,0,0,560,-4
123.816,0,0,0,0,560,-4
123.832,0,0,0,0,560,-4
123.847,0,0,0,0,560,-4
123.863,0,0,0,0,560,-3
123.880,0,0,0,0,560,-3
123.895,0,0,0,0,560,-3
123.911,0,0,0,0,560,-3
123.927,0,0,0,0,560,-3
123.943,0,0,0,0,560,-3
123.959,0,0,0,0,560,-3
123.975,0,0,0,0,560,-3
123.991,0,0,0,0,560,-3
124.007,0,0,0,0,560,-3
124.022,0,0,0,0,560,-3
124.039,0,0,0,0,560,-3
124.054,0,0,0,0,560,-3
124.070,0,0,0,0,560,-4
124.086,0,0,0,0,560,-4
124.102,0,0,0,0,560,-4
124.113,0,0,0,0,560,-4
124.133,0,0,0,0,560,-4
124.149,0,0,0,0,560,-4
124.165,0,0,0,0,560,-4
124.170,0,0,0,0,560,-4
124.197,0,0,0,0,560,-4
124.213,0,0,0,0,560,-4
124.229,0,0,0,0,560,-4
124.245,0,0,0,0,560,-4
124.260,0,0,0,0,560,-4
124.276,0,0,0,0,560,-4
124.292,0,0,0,0,560,-4
124.308,0,0,0,0,560,-4
124.320,0,0,0,0,560,-4
124.340,0,0,0,0,560,-4
124.356,0,0,0,0,560,-4
124.371,0,0,0,0,560,-4
124.377,0,-40,0,0,560,-4
124.388,0,-40,0,0,560,-4
124.416,0,-40,0,0,560,-4
124.428,0,-40,0,0,560,-4
124.448,0,-40,0,0,560,-4
124.468,0,-40,0,0,560,-4
124.483,0,-40,0,0,560,-4
124.498,0,-40,0,0,560,-4
124.514,0,-40,0,0,560,-4
124.531,0,-40,0,0,560,-3
124.547,0,-40,0,0,560,-3
124.563,0,-40,0,0,560,-3
124.579,0,-40,0,0,560,-3
124.595,0,-40,0,0,560,-3
124.611,0,-40,0,0,560,-3
124.627,0,-40,0,0,560,-3
124.642,0,-40,0,0,560,-3
124.659,0,-40,0,0,560,-3
124.682,0,-40,0,0,560,-3
124.698,0,-40,0,0,560,-3
124.714,0,-40,0,0,560,-3
124.730,0,-40,0,0,560,-3
124.746,0,-40,0,0,560,-4
124.762,0,-40,0,0,560,-4
124.778,0,-40,0,0,560,-4
124.794,0,-40,0,0,560,-4
124.806,0,-40,0,0,560,-4
124.825,0,-40,0,0,560,-4
124.840,0,-40,0,0,560,-4
124.856,0,-40,0,0,560,-4
124.872,0,-40,0,0,560,-4
124.888,0,-40,0,0,560,-4
124.897,0,-40,0,0,560,-4
124.904,0,-40,0,0,560,-4
124.917,0,-40,0,0,560,-4
124.934,0,-40,0,0,560,-4
124.948,0,-40,0,0,560,-4
124.961,0,-40,0,0,560,-4
124.980,0,-40,0,0,560,-4
124.991,0,-40,0,0,560,-4
124.996,0,-40,0,0,560,-4
125.013,0,-40,0,0,560,-4
125.027,0,-40,0,0,560,-4
125.036,0,-40,0,0,560,-4
125.060,0,-40,0,0,560,-4
125.074,0,-40,0,0,560,-4
125.099,0,-40,0,0,560,-4
125.114,0,-40,0,0,560,-4
125.131,0,-40,0,0,560,-4
125.146,0,-40,0,0,560,-4
125.156,0,-40,0,0,560,-4
125.168,0,-40,0,0,560,-4
125.178,0,-40,0,0,560,-4
125.193,0,-40,0,0,560,-4
125.209,0,-40,0,0,560,-4
125.217,0,-40,0,0,560,-4
125.222,0,-40,0,0,560,-4
125.232,0,-40,0,0,560,-4
125.248,0,-40,0,0,560,-4
125.261,0,-40,0,0,560,-4
125.269,0,-40,0,0,560,-4
125.280,0,-40,0,0,560,-4
125.295,0,-40,0,0,560,-4
125.311,0,-40,0,0,560,-4
125.326,0,-40,0,0,560,-4
125.332,0,-40,0,0,560,-4
125.344,0,-40,0,0,560,-4
125.364,0,-40,0,0,560,-4
125.377,0,-40,0,0,560,-4
125.388,0,-40,0,0,560,-4
125.396,0,-40,0,0,560,-4
125.412,0,-40,0,0,560,-4
125.425,0,-40,0,0,560,-4
125.433,0,-40,0,0,560,-4
125.452,0,-40,0,0,560,-4
125.466,0,-40,0,0,560,-4
125.482,0,-40,0,0,560,-4
125.487,0,-40,0,0,560,-4
125.500,0,-40,0,0,560,-4
125.515,0,-40,0,0,560,-4
125.525,0,-40,0,0,560,-4
125.547,0,-40,0,0,560,-4
125.552,0,-40,0,0,560,-4
125.563,0,-40,0,0,560,-4
125.579,0,-40,0,0,560,-4
125.584,0,-40,0,0,560,-4
125.595,0,-40,0,0,560,-4
125.611,0,-40,0,0,560,-4
125.627,0,-40,0,0,560,-4
125.643,0,-40,0,0,560,-4
125.651,0,-40,0,0,560,-4
125.660,0,-40,0,0,560,-4
125.667,0,-40,0,0,560,-4
125.684,0,-40,0,0,560,-4
125.698,0,-40,0,0,560,-4
125.714,0,-40,0,0,560,-4
125.719,0,-40,0,0,560,-4
125.738,0,-40,0,0,560,-4
125.746,0,-40,0,0,560,-4
125.757,0,-40,0,0,560,-4
125.778,0,-40,0,0,560,-4
125.783,0,-40,0,0,560,-4
125.794,0,-40,0,0,560,-4
125.810,0,-40,0,0,560,-4
125.815,0,-40,0,0,560,-4
125.826,0,-40,0,0,560,-4
125.842,0,-40,0,0,560,-4
125.846,0,-40,0,0,560,-4
125.874,0,-40,0,0,560,-4
125.884,0,-40,0,0,560,-4
125.889,0,0,0,0,560,-4
125.906,0,0,0,0,560,-4
125.921,0,0,0,0,560,-4
125.937,0,0,0,0,560,-4
125.953,0,0,0,0,560,-4
125.968,0,0,0,0,560,-4
125.985,0,0,0,0,560,-4
126.000,0,0,0,0,560,-4
126.016,0,0,0,0,560,-4
126.032,0,0,0,0,560,-4
126.048,0,0,0,0,560,-4
126.064,0,0,0,0,560,-4
126.080,0,0,0,0,560,-4
126.095,0,0,0,0,560,-4
126.111,0,0,0,0,560,-4
126.127,0,0,0,0,560,-4
126.137,0,0,0,0,560,-4
126.150,0,0,0,0,560,-4
126.173,0,0,0,0,560,-4
126.189,0,0,0,0,560,-4
126.205,0,0,0,0,560,-4
126.221,0,0,0,0,560,-4
126.237,0,0,0,0,560,-4
126.253,0,0,0,0,560,-4
126.269,0,0,0,0,560,-4
126.285,0,0,0,0,560,-4
126.300,0,0,0,0,560,-4
126.333,0,0,0,0,560,-4
126.348,0,0,0,0,560,-4
126.364,0,0,0,0,560,-4
126.380,0,0,0,0,560,-4
126.396,0,0,0,0,560,-4
126.412,0,0,0,0,560,-4
126.427,0,0,0,0,560,-4
126.443,0,0,0,0,560,-4
126.459,0,0,0,0,560,-4
126.475,0,0,0,0,560,-4
126.491,0,0,0,0,560,-4
126.508,0,0,0,0,560,-4
126.523,0,0,0,0,560,-4
126.539,0,0,0,0,560,-4
126.555,0,0,0,0,560,-4
126.571,0,0,0,0,570,-4
126.587,0,0,0,0,570,-4
126.602,0,0,0,0,570,-4
126.618,0,0,0,0,570,-4
126.634,0,0,0,0,570,-4
126.651,0,0,0,0,570,-4
126.667,0,0,0,0,570,-4
126.682,0,0,0,0,570,-4
126.698,0,0,0,0,560,-4
126.711,0,0,0,0,560,-4
126.724,0,0,0,0,560,-4
126.746,0,0,0,0,560,-4
126.762,0,0,0,0,560,-4
126.779,0,0,0,0,560,-4
126.794,0,0,0,0,560,-4
126.811,0,0,0,0,560,-4
126.827,0,0,0,0,560,-4
126.843,0,0,0,0,560,-4
126.858,0,0,0,0,560,-4
126.874,0,0,0,0,560,-4
126.891,0,0,0,0,560,-4
126.907,0,0,0,0,560,-4
126.923,0,0,0,0,560,-4
126.929,0,0,0,0,560,-4
126.955,0,0,0,0,560,-4
126.970,0,0,0,0,560,-4
126.987,0,0,0,0,560,-4
127.003,0,0,0,0,560,-4
127.019,0,0,0,0,560,-4
127.035,0,0,0,0,560,-4
127.051,0,0,0,0,560,-4
127.066,0,0,0,0,560,-4
127.083,0,0,0,0,560,-4
127.099,0,0,0,0,560,-4
127.116,0,0,0,0,560,-4
127.131,0,0,0,0,560,-4
127.146,0,0,0,0,560,-4
127.161,0,0,0,0,560,-4
127.178,0,0,0,0,560,-4
127.194,0,0,0,0,560,-4
127.210,0,0,0,0,560,-4
127.226,0,0,0,0,560,-4
127.242,0,0,0,0,560,-4
127.260,0,0,0,0,560,-3
127.274,0,0,0,0,560,-3
127.290,0,0,0,0,560,-3
127.307,0,0,0,0,560,-3
127.322,0,0,0,0,560,-3
127.338,0,0,0,0,560,-3
127.357,0,0,0,0,560,-3
127.371,0,0,0,0,560,-3
127.387,0,0,0,0,560,-3
127.403,0,0,0,0,560,-3
127.419,0,0,0,0,560,-3
127.435,0,0,0,0,560,-3
127.451,0,0,0,0,560,-3
127.468,0,0,0,0,560,-4
127.481,0,0,0,0,560,-4
127.494,0,0,0,0,560,-4
127.503,0,0,0,0,560,-4
127.519,0,0,0,0,560,-4
127.527,0,0,0,0,560,-4
127.536,0,0,0,0,560,-4
127.553,0,0,0,0,560,-4
127.570,0,0,0,0,560,-4
127.586,0,0,0,0,560,-4
127.603,0,0,0,0,560,-4
127.619,0,0,0,0,560,-4
127.644,0,0,0,0,560,-4
127.652,0,0,0,0,560,-4
127.669,0,0,0,0,560,-4
127.677,0,0,0,0,560,-4
127.685,0,0,0,0,560,-4
127.699,0,0,0,0,560,-4
127.715,0,0,0,0,560,-4
127.734,0,0,0,0,560,-4
127.749,0,0,0,0,560,-4
127.766,0,0,0,0,560,-4
127.783,0,0,0,0,560,-4
127.791,0,0,0,0,560,-4
127.800,0,0,0,0,560,-4
127.808,0,0,0,0,560,-4
127.827,0,0,0,0,560,-4
127.842,0,0,0,0,560,-4
127.858,0,0,0,0,560,-4
127.877,0,0,0,0,560,-4
127.884,0,0,0,0,560,-4
127.901,0,0,0,0,560,-4
127.918,0,0,0,0,560,-4
127.935,0,0,0,0,560,-4
127.944,0,0,0,0,560,-4
127.967,0,0,0,0,560,-4
127.983,0,0,0,0,560,-4
128.002,0,0,0,0,560,-4
128.017,0,0,0,0,560,-4
128.026,0,0,0,0,560,-4
128.042,0,0,0,0,560,-4
128.059,0,0,0,0,560,-4
128.076,0,0,0,0,560,-4
128.085,0,0,0,0,560,-4
128.098,0,0,0,0,560,-4
128.117,0,0,0,0,560,-4
128.124,0,0,0,0,560,-4
128.141,0,0,0,0,560,-4
128.165,0,0,0,0,560,-4
128.183,0,0,0,0,560,-4
128.200,0,0,0,0,560,-4
128.208,0,0,0,0,560,-4
128.232,0,0,0,0,560,-4
128.248,0,0,0,0,550,-3
128.264,0,0,0,0,550,-3
128.280,0,0,0,0,550,-3
128.296,0,0,0,0,550,-3
128.312,0,0,0,0,550,-3
128.328,0,0,0,0,550,-3
128.344,0,0,0,0,550,-3
128.358,0,0,0,0,550,-3
128.376,0,0,0,0,550,-3
128.392,0,0,0,0,550,-3
128.408,0,0,0,0,550,-3
128.418,0,0,0,0,550,-3
128.439,0,0,0,0,550,-3
128.455,0,0,0,0,550,-3
128.471,0,0,0,0,550,-3
128.488,0,0,0,0,550,-3
128.503,0,0,0,0,550,-3
128.519,0,0,0,0,550,-3
128.535,0,0,0,0,550,-3
128.550,0,0,0,0,550,-3
128.567,0,0,0,0,550,-3
128.582,0,0,0,0,550,-3
128.598,0,0,0,0,550,-3
128.615,0,0,0,0,550,-3
128.631,0,0,0,0,550,-3
128.647,0,0,0,0,550,-3
128.663,0,0,0,0,550,-3
128.679,0,0,0,0,550,-3
128.695,0,0,0,0,550,-3
128.711,0,0,0,0,550,-3
128.727,0,0,0,0,550,-3
128.743,0,0,0,0,550,-3
128.755,0,0,0,0,550,-3
128.774,0,0,0,0,550,-3
128.790,0,0,0,0,550,-3
128.806,0,0,0,0,550,-3
128.822,0,0,0,0,550,-3
128.839,0,0,0,0,550,-3
128.854,0,0,0,0,550,-3
128.870,0,0,0,0,550,-3
128.886,0,0,0,0,550,-3
128.902,0,0,0,0,550,-3
128.919,0,0,0,0,550,-3
128.934,0,0,0,0,550,-3
128.949,0,0,0,0,550,-3
128.966,0,0,0,0,550,-3
128.981,0,0,0,0,550,-3
128.997,0,0,0,0,550,-3
129.013,0,0,0,0,550,-3
129.032,0,0,0,0,550,-3
129.045,0,0,0,0,550,-3
129.060,0,0,0,0,550,-3
129.076,0,0,0,0,550,-3
129.092,0,0,0,0,550,-3
129.108,0,0,0,0,550,-3
129.124,0,0,0,0,550,-3
129.140,0,0,0,0,550,-3
129.156,0,0,0,0,550,-3
129.172,0,0,0,0,550,-3
129.187,0,0,0,0,550,-3
129.203,0,0,0,0,550,-3
129.220,0,0,0,0,550,-3
129.235,0,0,0,0,550,-3
129.251,0,0,0,0,550,-3
129.267,0,0,0,0,550,-3
129.283,0,0,0,0,550,-3
129.299,0,0,0,0,550,-3
129.314,0,0,0,0,550,-3
129.331,0,0,0,0,550,-3
129.347,0,0,0,0,550,-3
129.352,0,0,0,0,550,-3
129.378,0,0,0,0,550,-3
129.395,0,0,0,0,550,-3
129.411,0,0,0,0,550,-3
129.426,0,0,0,0,550,-3
129.443,0,0,0,0,550,-3
129.459,0,0,0,0,550,-3
129.477,0,0,0,0,550,-3
129.492,0,0,0,0,550,-3
129.507,0,0,0,0,550,-3
129.522,0,0,0,0,550,-3
129.531,0,0,0,0,550,-3
129.554,0,0,0,0,550,-3
129.570,0,0,0,0,560,-3
129.574,0,0,0,0,560,-3
129.602,0,0,0,0,560,-3
129.618,0,0,0,0,560,-3
129.634,0,0,0,0,560,-3
129.646,0,0,0,0,560,-3
129.666,0,0,0,0,560,-3
129.682,0,0,0,0,550,-3
129.698,0,0,0,0,550,-3
129.714,0,0,0,0,550,-3
129.730,0,0,0,0,550,-3
129.746,0,0,0,0,550,-3
129.762,0,0,0,0,550,-3
129.778,0,0,0,0,550,-3
129.796,0,0,0,0,550,-3
129.810,0,0,0,0,550,-3
129.826,0,0,0,0,550,-3
129.841,0,0,0,0,550,-3
129.857,0,0,0,0,550,-3
129.873,0,0,0,0,550,-3
129.889,0,0,0,0,550,-3
129.905,0,0,0,0,560,-3
129.922,0,0,0,0,560,-3
129.937,0,0,0,0,560,-3
129.953,0,0,0,0,560,-3
129.959,0,0,0,0,560,-3
129.986,0,0,0,0,560,-3
130.001,0,0,0,0,560,-3
130.018,0,0,0,0,560,-3
130.033,0,0,0,0,560,-3
130.050,0,0,0,0,560,-3
130.066,0,0,0,0,560,-3
130.081,0,0,0,0,560,-3
130.098,0,0,0,0,560,-3
130.113,0,0,0,0,560,-3
130.130,0,0,0,0,560,-3
130.146,0,0,0,0,560,-3
130.161,0,0,0,0,560,-3
130.178,0,0,0,0,560,-3
130.193,0,0,0,0,560,-3
130.209,0,0,0,0,560,-3
130.225,0,0,0,0,560,-3
130.240,0,0,0,0,560,-3
130.247,0,0,0,0,560,-4
130.272,0,0,0,0,560,-4
130.288,0,0,0,0,560,-4
130.304,0,0,0,0,560,-4
130.320,0,0,0,0,560,-4
130.336,0,0,0,0,560,-4
130.352,0,0,0,0,560,-3
130.368,0,0,0,0,560,-3
130.384,0,0,0,0,560,-3
130.400,0,0,0,0,560,-3
130.416,0,0,0,0,560,-3
130.432,0,0,0,0,560,-3
130.448,0,0,0,0,560,-3
130.464,0,0,0,0,560,-3
130.480,0,0,0,0,560,-3
130.496,0,0,0,0,560,-3
130.514,0,0,0,0,560,-3
130.528,0,0,0,0,560,-3
130.544,0,0,0,0,560,-3
130.560,0,0,0,0,560,-3
130.576,0,0,0,0,560,-3
130.592,0,0,0,0,560,-3
130.608,0,0,0,0,560,-3
130.624,0,0,0,0,560,-3
130.642,0,0,0,0,560,-3
130.656,0,0,0,0,560,-3
130.672,0,0,0,0,560,-3
130.688,0,0,0,0,560,-3
130.704,0,0,0,0,560,-3
130.720,0,0,0,0,560,-3
130.736,0,0,0,0,560,-3
130.752,0,0,0,0,560,-3
130.768,0,0,0,0,560,-3
130.786,0,0,0,0,560,-3
130.801,0,0,0,0,560,-3
130.816,0,0,0,0,560,-3
130.831,0,0,0,0,560,-3
130.848,0,0,0,0,560,-3
130.864,0,0,0,0,560,-3
130.880,0,0,0,0,560,-3
130.896,0,0,0,0,560,-3
130.912,0,0,0,0,560,-3
130.928,0,0,0,0,560,-3
130.944,0,0,0,0,560,-3
130.960,0,0,0,0,560,-3
130.977,0,0,0,0,560,-3
130.992,0,0,0,0,560,-3
131.009,0,0,0,0,560,-3
131.025,0,0,0,0,560,-3
131.041,0,0,0,0,560,-3
131.057,0,0,0,0,560,-3
131.073,0,0,0,0,560,-3
131.089,0,0,0,0,560,-3
131.105,0,0,0,0,560,-3
131.121,0,0,0,0,560,-3
131.137,0,0,0,0,560,-3
131.153,0,0,0,0,560,-4
131.169,0,0,0,0,560,-4
131.185,0,0,0,0,560,-4
131.202,0,0,0,0,560,-4
131.217,0,0,0,0,560,-4
131.233,0,0,0,0,560,-4
131.249,0,0,0,0,560,-4
131.265,0,0,0,0,560,-3
131.281,0,0,0,0,560,-3
131.297,0,0,0,0,560,-3
131.313,0,0,0,0,560,-3
131.329,0,0,0,0,560,-3
131.345,0,0,0,0,560,-3
131.361,0,0,0,0,560,-3
131.377,0,0,0,0,560,-3
131.394,0,0,0,0,560,-3
131.409,0,0,0,0,560,-3
131.425,0,0,0,0,560,-3
131.441,0,0,0,0,560,-3
131.457,0,0,0,0,560,-3
131.475,0,0,0,0,560,-3
131.488,0,0,0,0,560,-3
131.505,0,0,0,0,560,-3
131.521,0,0,0,0,560,-3
131.536,0,0,0,0,560,-3
131.552,0,0,0,0,560,-3
131.568,0,0,0,0,560,-3
131.584,0,0,0,0,560,-4
131.600,0,0,0,0,560,-4
131.616,0,0,0,0,560,-4
131.632,0,0,0,0,560,-4
131.648,0,0,0,0,560,-4
131.667,0,0,0,0,560,-4
131.681,0,0,0,0,560,-4
131.696,0,0,0,0,560,-4
131.712,0,0,0,0,560,-4
131.728,0,0,0,0,560,-4
131.744,0,0,0,0,560,-4
131.760,0,0,0,0,560,-4
131.776,0,0,0,0,560,-4
131.792,0,0,0,0,560,-4
131.808,0,0,0,0,560,-4
131.824,0,0,0,0,560,-4
131.840,0,0,0,0,560,-4
131.856,0,0,0,0,560,-4
131.872,0,0,0,0,560,-4
131.888,0,0,0,0,560,-4
131.903,0,0,0,0,560,-4
131.919,0,0,0,0,560,-3
131.935,0,0,0,0,560,-3
131.951,0,0,0,0,560,-3
131.970,0,0,0,0,560,-3
131.983,0,0,0,0,560,-3
131.999,0,0,0,0,560,-3
132.015,0,0,0,0,560,-3
132.031,0,0,0,0,560,-3
132.047,0,0,0,0,560,-3
132.063,0,0,0,0,560,-3
132.079,0,0,0,0,560,-3
132.095,0,0,0,0,560,-3
132.111,0,0,0,0,560,-3
132.127,0,0,0,0,560,-3
132.160,0,0,0,0,560,-3
132.175,0,0,0,0,560,-3
132.192,0,0,0,0,560,-3
132.208,0,0,0,0,560,-3
132.224,0,0,0,0,560,-3
132.240,0,0,0,0,560,-3
132.256,0,0,0,0,560,-3
132.271,0,0,0,0,560,-3
132.287,0,0,0,0,560,-3
132.303,0,0,0,0,560,-3
132.319,0,0,0,0,560,-3
132.335,0,0,0,0,560,-3
132.351,0,0,0,0,560,-3
132.367,0,0,0,0,560,-3
132.383,0,0,0,0,560,-3
132.399,0,0,0,0,560,-3
132.415,0,0,0,0,560,-3
132.431,0,0,0,0,560,-3
132.447,0,0,0,0,560,-3
132.463,0,0,0,0,560,-3
132.479,0,0,0,0,560,-3
132.494,0,0,0,0,560,-3
132.510,0,0,0,0,560,-3
132.526,0,0,0,0,560,-3
132.543,0,0,0,0,560,-3
132.558,0,0,0,0,560,-3
132.574,0,0,0,0,560,-3
132.590,0,0,0,0,560,-3
132.606,0,0,0,0,560,-3
132.622,0,0,0,0,560,-3
132.638,0,0,0,0,560,-3
132.654,0,0,0,0,560,-3
132.671,0,0,0,0,560,-3
132.686,0,0,0,0,560,-3
132.718,0,0,0,0,560,-3
132.734,0,0,0,0,560,-3
132.750,0,0,0,0,560,-3
132.766,0,0,0,0,560,-3
132.782,0,0,0,0,560,-3
132.798,0,0,0,0,560,-3
132.814,0,0,0,0,560,-3
132.830,0,0,0,0,560,-3
132.846,0,0,0,0,560,-3
132.862,0,0,0,0,560,-3
132.877,0,0,0,0,560,-3
132.893,0,0,0,0,560,-3
132.909,0,0,0,0,560,-3
132.927,0,0,0,0,560,-4
132.938,0,0,0,0,560,-4
132.956,0,0,0,0,560,-4
132.971,0,0,0,0,560,-4
132.988,0,0,0,0,560,-4
133.003,0,0,0,0,560,-4
133.009,0,0,0,0,560,-4
133.036,0,0,0,0,560,-4
133.041,0,0,0,0,560,-4
133.067,0,0,0,0,560,-4
133.083,0,0,0,0,560,-4
133.099,0,0,0,0,560,-4
133.115,0,0,0,0,560,-4
133.131,0,0,0,0,560,-4
133.147,0,0,0,0,560,-4
133.163,0,0,0,0,560,-4
133.179,0,0,0,0,560,-4
133.195,0,0,0,0,560,-4
133.211,0,0,0,0,560,-4
133.222,0,0,0,0,560,-4
133.242,0,0,0,0,560,-4
133.258,0,0,0,0,560,-3
133.275,0,0,0,0,560,-3
133.290,0,0,0,0,560,-3
133.307,0,0,0,0,560,-3
133.322,0,0,0,0,560,-3
133.339,0,0,0,0,560,-3
133.354,0,0,0,0,560,-3
133.370,0,0,0,0,560,-3
133.386,0,0,0,0,570,-3
133.402,0,0,0,0,570,-3
133.418,0,0,0,0,570,-3
133.433,0,0,0,0,570,-3
133.450,0,0,0,0,570,-3
133.482,0,0,0,0,570,-3
133.498,0,0,0,0,570,-3
133.514,0,0,0,0,570,-3
133.530,0,0,0,0,570,-3
133.545,0,0,0,0,570,-3
133.561,0,0,0,0,570,-3
133.577,0,0,0,0,570,-3
133.593,0,0,0,0,570,-3
133.609,0,0,0,0,570,-4
133.625,0,0,0,0,570,-4
133.641,0,0,0,0,570,-4
133.657,0,0,0,0,570,-4
133.673,0,0,0,0,570,-4
133.689,0,0,0,0,570,-4
133.705,0,0,0,0,570,-3
133.721,0,0,0,0,570,-3
133.737,0,0,0,0,570,-3
133.753,0,0,0,0,570,-3
133.769,0,0,0,0,570,-3
133.785,0,0,0,0,570,-3
133.801,0,0,0,0,570,-3
133.817,0,0,0,0,570,-3
133.830,0,0,0,0,560,-3
133.849,0,0,0,0,560,-3
133.865,0,0,0,0,560,-3
133.881,0,0,0,0,560,-3
133.897,0,0,0,0,560,-3
133.913,0,0,0,0,560,-3
133.929,0,0,0,0,560,-3
133.945,0,0,0,0,560,-3
133.961,0,0,0,0,560,-3
133.977,0,0,0,0,560,-3
133.993,0,0,0,0,560,-3
134.009,0,0,0,0,560,-3
134.025,0,0,0,0,560,-3
134.042,0,0,0,0,560,-3
134.058,0,0,0,0,560,-3
134.074,0,0,0,0,560,-3
134.089,0,0,0,0,560,-3
134.106,0,0,0,0,560,-3
134.122,0,0,0,0,560,-3
134.138,0,0,0,0,560,-3
134.154,0,0,0,0,560,-3
134.170,0,0,0,0,560,-3
134.186,0,0,0,0,560,-3
134.202,0,0,0,0,560,-3
134.211,0,0,0,0,560,-3
134.233,0,0,0,0,560,-3
134.249,0,0,0,0,560,-3
134.265,0,0,0,0,560,-3
134.281,0,0,0,0,560,-3
134.298,0,0,0,0,560,-3
134.314,0,0,0,0,560,-3
134.330,0,0,0,0,560,-3
134.345,0,0,0,0,560,-3
134.361,0,0,0,0,560,-3
134.378,0,0,0,0,560,-3
134.394,0,0,0,0,560,-3
134.410,0,0,0,0,560,-3
134.426,0,0,0,0,560,-3
134.442,0,0,0,0,560,-3
134.466,0,0,0,0,560,-3
134.481,0,0,0,0,560,-3
134.497,0,0,0,0,560,-3
134.514,0,0,0,0,560,-3
134.530,0,0,0,0,560,-3
134.546,0,0,0,0,560,-3
134.562,0,0,0,0,560,-3
134.578,0,0,0,0,560,-3
134.594,0,0,0,0,560,-3
134.610,0,0,0,0,560,-3
134.625,0,0,0,0,560,-3
134.642,0,0,0,0,560,-3
134.657,0,0,0,0,560,-3
134.682,0,0,0,0,560,-3
134.698,0,0,0,0,550,-3
134.713,0,0,0,0,550,-3
134.729,0,0,0,0,550,-3
134.745,0,0,0,0,550,-3
134.761,0,0,0,0,550,-3
134.777,0,0,0,0,550,-3
134.793,0,0,0,0,550,-3
134.809,0,0,0,0,550,-3
134.826,0,0,0,0,550,-3
134.842,0,0,0,0,550,-3
134.873,0,0,0,0,550,-3
134.889,0,0,0,0,550,-3
134.905,0,0,0,0,550,-3
134.921,0,0,0,0,550,-3
134.937,0,0,0,0,550,-4
