t_rel,lr,fb,ud,yaw,height_cm,yaw_deg
0.127,0,0,0,0,0,0
0.155,0,0,0,0,0,0
0.164,0,0,0,0,0,0
0.172,0,0,0,0,0,0
0.189,0,0,0,0,0,0
0.213,0,0,0,0,0,0
0.229,0,0,0,0,0,0
0.245,0,0,0,0,0,0
0.261,0,0,0,0,0,0
0.277,0,0,0,0,0,0
0.293,0,0,0,0,0,0
0.309,0,0,0,0,0,0
0.325,0,0,0,0,0,0
0.340,0,0,0,0,0,0
0.356,0,0,0,0,0,0
0.372,0,0,0,0,0,0
0.388,0,0,0,0,0,0
0.403,0,0,0,0,0,0
0.419,0,0,0,0,0,0
0.481,0,0,0,0,0,0
0.527,0,0,0,0,0,0
0.543,0,0,0,0,0,0
0.554,0,0,0,0,0,0
0.563,0,0,0,0,0,0
0.580,0,0,0,0,0,0
0.597,0,0,0,0,0,0
0.610,0,0,0,0,0,0
0.626,0,0,0,0,0,0
0.642,0,0,0,0,0,0
0.658,0,0,0,0,0,0
0.670,0,0,0,0,0,0
0.683,0,0,0,0,0,0
0.697,0,0,0,0,0,0
0.706,0,0,0,0,0,0
0.721,0,0,0,0,0,0
0.736,0,0,0,0,0,0
0.754,0,0,0,0,0,0
0.761,0,0,0,0,0,0
0.768,0,0,0,0,0,0
0.784,0,0,0,0,0,0
0.800,0,0,0,0,0,0
0.805,0,0,0,0,0,0
0.834,0,0,0,0,0,0
0.849,0,0,0,0,0,0
0.863,0,0,0,0,0,0
0.879,0,0,0,0,0,0
0.885,0,0,0,0,0,0
0.911,0,0,0,0,0,0
0.927,0,0,0,0,0,0
0.943,0,0,0,0,0,0
0.959,0,0,0,0,0,0
0.975,0,0,0,0,0,0
1.006,0,0,0,0,0,0
1.018,0,0,0,0,0,0
1.041,0,0,0,0,0,0
1.055,0,0,0,0,0,0
1.072,0,0,0,0,0,0
1.087,0,0,0,0,0,0
1.103,0,0,0,0,0,0
1.124,0,0,0,0,0,0
1.148,0,0,0,0,0,0
1.160,0,0,0,0,0,0
1.183,0,0,0,0,0,0
1.199,0,0,0,0,0,0
1.208,0,0,0,0,0,0
1.223,0,0,0,0,0,0
1.239,0,0,0,0,0,0
1.255,0,0,0,0,0,0
1.271,0,0,0,0,0,0
1.287,0,0,0,0,0,0
1.308,0,0,0,0,0,0
1.326,0,0,0,0,0,0
1.350,0,0,0,0,0,0
1.362,0,0,0,0,0,0
1.390,0,0,0,0,0,0
1.405,0,0,0,0,0,0
1.421,0,0,0,0,0,0
1.439,0,0,0,0,0,0
1.457,0,0,0,0,0,0
1.468,0,0,0,0,0,0
1.487,0,0,0,0,0,0
1.501,0,0,0,0,0,0
1.508,0,0,0,0,0,0
1.525,0,0,0,0,0,0
1.540,0,0,0,0,0,0
1.555,0,0,0,0,0,0
1.571,0,0,0,0,0,0
1.587,0,0,0,0,0,0
1.602,0,0,0,0,0,0
1.627,0,0,0,0,0,0
1.646,0,0,0,0,0,0
1.657,0,0,0,0,0,0
1.672,0,0,0,0,0,0
1.688,0,0,0,0,0,0
1.705,0,0,0,0,0,0
1.720,0,0,0,0,0,0
1.736,0,0,0,0,0,0
1.752,0,0,0,0,0,0
1.768,0,0,0,0,0,0
1.784,0,0,0,0,0,0
1.795,0,0,0,0,0,0
1.813,0,0,0,0,0,0
1.839,0,0,0,0,0,0
1.855,0,0,0,0,0,0
1.880,0,0,0,0,0,0
1.897,0,0,0,0,0,0
1.920,0,0,0,0,0,0
1.937,0,0,0,0,0,0
1.952,0,0,0,0,0,0
1.968,0,0,0,0,0,0
1.984,0,0,0,0,0,0
2.000,0,0,0,0,0,0
2.016,0,0,0,0,0,0
2.032,0,0,0,0,0,0
2.049,0,0,0,0,0,0
2.064,0,0,0,0,0,0
2.080,0,0,0,0,0,0
2.096,0,0,0,0,0,0
2.105,0,0,0,0,0,0
2.128,0,0,0,0,0,0
2.144,0,0,0,0,0,0
2.160,0,0,0,0,0,0
2.176,0,0,0,0,0,0
2.192,0,0,0,0,0,0
2.208,0,0,0,0,0,0
2.224,0,0,0,0,0,0
2.240,0,0,0,0,0,0
2.255,0,0,0,0,0,0
2.272,0,0,0,0,0,0
2.287,0,0,0,0,0,0
2.303,0,0,0,0,0,0
2.319,0,0,0,0,0,0
2.335,0,0,0,0,0,0
2.350,0,0,0,0,0,0
2.366,0,0,0,0,0,0
2.382,0,0,0,0,0,0
2.397,0,0,0,0,0,0
2.413,0,0,0,0,0,0
2.429,0,0,0,0,0,0
2.445,0,0,0,0,0,0
2.461,0,0,0,0,0,0
2.477,0,0,0,0,0,0
2.492,0,0,0,0,0,0
2.509,0,0,0,0,0,0
2.525,0,0,0,0,0,0
2.541,0,0,0,0,0,0
2.558,0,0,0,0,0,0
29.715,0,0,0,0,70,-5
29.728,0,0,0,0,70,-5
29.745,0,0,0,0,70,-5
29.758,0,0,0,0,70,-5
29.769,0,0,0,0,70,-5
29.785,0,0,0,0,70,-5
29.797,0,0,0,0,70,-5
29.817,0,0,0,0,70,-5
29.833,0,0,0,0,70,-5
29.849,0,0,0,0,70,-5
29.865,0,0,0,0,70,-5
29.881,0,0,0,0,70,-5
29.895,0,0,0,0,70,-5
29.913,0,0,0,0,70,-5
29.925,0,0,0,0,70,-5
29.945,0,0,0,0,70,-5
29.958,0,0,0,0,70,-5
29.977,0,0,0,0,70,-5
29.992,0,0,0,0,70,-5
30.009,0,0,0,0,70,-5
30.025,0,0,0,0,70,-5
30.041,0,0,0,0,70,-5
30.057,0,0,0,0,70,-5
30.076,0,0,0,0,70,-5
30.104,0,0,0,0,70,-5
30.119,0,0,0,0,70,-5
30.135,0,0,0,0,70,-5
30.151,0,0,0,0,70,-5
30.168,0,0,0,0,70,-5
30.172,0,0,0,0,70,-5
30.191,0,0,0,0,70,-5
30.199,0,0,0,0,70,-5
30.216,0,0,0,0,70,-5
30.232,0,0,0,0,70,-5
30.248,0,0,0,0,70,-5
30.264,0,0,0,0,70,-5
30.281,0,0,0,0,80,-5
30.297,0,0,0,0,80,-5
30.313,0,0,0,0,80,-5
30.329,0,0,0,0,80,-5
30.345,0,0,0,0,80,-5
30.360,0,0,0,0,80,-5
30.377,0,0,0,0,80,-5
30.392,0,0,0,0,80,-5
30.408,0,0,0,0,80,-5
30.424,0,0,0,0,80,-5
30.440,0,0,0,0,80,-5
30.456,0,0,0,0,80,-5
30.472,0,0,0,0,80,-5
30.488,0,0,0,0,80,-5
30.504,0,0,0,0,80,-5
30.510,0,0,0,0,80,-5
30.536,0,0,0,0,80,-5
30.554,0,0,0,0,80,-5
30.568,0,0,0,0,80,-5
30.584,0,0,0,0,80,-5
30.597,0,0,0,0,80,-5
30.606,0,0,0,0,80,-5
30.616,0,0,0,0,80,-5
30.632,0,0,0,0,80,-5
30.648,0,0,0,0,80,-5
30.664,0,0,0,0,80,-5
30.680,0,0,0,0,80,-5
30.696,0,0,0,0,80,-5
30.712,0,0,0,0,80,-5
30.728,0,0,0,0,80,-5
30.744,0,0,0,0,80,-5
30.760,0,0,0,0,80,-5
30.776,0,0,0,0,80,-5
30.792,0,0,0,0,80,-5
30.808,0,0,0,0,80,-5
30.824,0,0,0,0,80,-5
30.840,0,0,0,0,80,-5
30.856,0,0,0,0,80,-5
30.872,0,0,0,0,80,-5
30.888,0,0,0,0,80,-5
30.904,0,0,0,0,80,-5
30.919,0,0,0,0,80,-5
30.935,0,0,0,0,80,-5
30.951,0,0,0,0,80,-5
30.983,0,0,0,0,80,-5
31.000,0,0,0,0,80,-5
31.016,0,0,0,0,80,-5
31.032,0,0,0,0,80,-5
31.048,0,0,0,0,80,-5
31.064,0,0,0,0,80,-5
31.080,0,0,0,0,80,-5
31.089,0,0,0,0,80,-5
31.112,0,0,0,0,80,-5
31.128,0,0,0,0,80,-5
31.144,0,0,0,0,80,-5
31.159,0,0,0,0,80,-5
31.176,0,0,0,0,80,-5
31.192,0,0,0,0,80,-5
31.208,0,0,0,0,80,-5
31.224,0,0,0,0,80,-5
31.240,0,0,0,0,80,-5
31.256,0,0,0,0,80,-5
31.271,0,0,0,0,80,-5
31.288,0,0,0,0,80,-5
31.303,0,0,0,0,80,-5
31.319,0,0,0,0,80,-5
31.335,0,0,0,0,80,-5
31.352,0,0,0,0,80,-5
31.367,0,0,0,0,80,-5
31.383,0,0,0,0,80,-5
31.398,0,0,0,0,80,-5
31.414,0,0,0,0,80,-5
31.430,0,0,0,0,80,-5
31.446,0,0,0,0,80,-5
31.462,0,0,0,0,80,-5
31.478,0,0,0,0,80,-5
31.494,0,0,0,0,80,-5
31.510,0,0,0,0,80,-5
31.526,0,0,0,0,80,-5
31.542,0,0,0,0,80,-5
31.558,0,0,0,0,80,-5
31.575,0,0,0,0,80,-5
31.590,0,0,0,0,80,-5
31.606,0,0,0,0,80,-5
31.623,0,0,0,0,80,-5
31.639,0,0,0,0,80,-5
31.654,0,0,0,0,80,-5
31.670,0,0,0,0,80,-5
31.686,0,0,0,0,80,-5
31.702,0,0,0,0,80,-5
31.718,0,0,0,0,80,-5
31.734,0,0,0,0,80,-5
31.750,0,0,0,0,80,-5
31.766,0,0,0,0,80,-5
31.771,0,0,0,0,80,-5
31.798,0,0,0,0,80,-5
31.814,0,0,0,0,80,-5
31.830,0,0,0,0,80,-5
31.846,0,0,0,0,80,-5
31.862,0,0,0,0,80,-5
31.878,0,0,0,0,80,-5
31.894,0,0,0,0,80,-5
31.910,0,0,0,0,80,-5
31.925,0,0,0,0,80,-5
31.941,0,0,0,0,80,-5
31.957,0,0,0,0,80,-5
31.973,0,0,0,0,80,-5
31.989,0,0,0,0,80,-5
32.005,0,0,0,0,80,-5
32.021,0,0,0,0,80,-5
32.037,0,0,0,0,80,-5
32.053,0,0,0,0,80,-5
32.069,0,0,0,0,80,-5
32.085,0,0,0,0,80,-5
32.101,0,0,0,0,80,-5
32.117,0,0,0,0,80,-5
32.133,0,0,0,0,80,-5
32.149,0,0,0,0,80,-5
32.165,0,0,0,0,80,-5
32.181,0,0,0,0,80,-5
32.196,0,0,0,0,80,-5
32.212,0,0,0,0,80,-5
32.229,0,0,0,0,80,-5
32.245,0,0,0,0,80,-5
32.256,0,0,0,0,80,-5
32.277,0,0,0,0,80,-5
32.293,0,0,0,0,80,-5
32.309,0,0,0,0,80,-5
32.325,0,0,0,0,80,-5
32.340,0,0,0,0,80,-5
32.356,0,0,0,0,80,-5
32.371,0,0,0,0,80,-5
32.387,0,0,0,0,80,-5
32.403,0,0,0,0,80,-5
32.419,0,0,0,0,70,-5
32.435,0,0,0,0,70,-5
32.451,0,0,0,0,70,-5
32.467,0,0,0,0,70,-5
32.483,0,0,0,0,70,-5
32.499,0,0,0,0,70,-5
32.515,0,0,0,0,70,-5
32.531,0,0,0,0,70,-5
32.547,0,0,0,0,70,-5
32.563,0,0,0,0,70,-5
32.579,0,0,0,0,70,-5
32.595,0,0,0,0,70,-5
32.607,0,0,0,0,70,-5
32.627,0,0,0,0,70,-5
32.643,0,0,0,0,70,-5
32.659,0,0,0,0,70,-5
32.675,0,0,0,0,70,-5
32.691,0,0,0,0,70,-5
32.708,0,0,0,0,70,-5
32.723,0,0,0,0,70,-5
32.755,0,0,0,0,70,-5
32.771,0,0,0,0,70,-5
32.787,0,0,0,0,70,-5
32.803,0,0,0,0,70,-5
32.820,0,0,0,0,70,-5
32.835,0,0,0,0,70,-5
32.841,0,0,0,0,70,-5
32.867,0,0,0,0,70,-5
32.883,0,0,0,0,70,-5
32.899,0,0,0,0,70,-5
32.915,0,0,0,0,70,-5
32.932,0,0,0,0,70,-5
32.948,0,0,0,0,70,-5
32.964,0,0,0,0,70,-5
32.979,0,0,0,0,70,-5
32.995,0,0,0,0,70,-5
33.011,0,0,0,0,70,-5
33.027,0,0,0,0,70,-5
33.043,0,0,0,0,70,-5
33.059,0,0,0,0,70,-5
33.075,0,0,0,0,70,-5
33.091,0,0,0,0,70,-5
33.100,0,0,0,0,70,-5
33.123,0,0,0,0,70,-5
33.138,0,0,0,0,70,-5
33.154,0,0,0,0,70,-5
33.171,0,0,0,0,70,-5
33.187,0,0,0,0,70,-5
33.203,0,0,0,0,70,-5
33.219,0,0,0,0,70,-5
33.235,0,0,0,0,70,-5
33.251,0,0,0,0,70,-5
33.267,0,0,0,0,70,-5
33.283,0,0,0,0,70,-5
33.299,0,0,0,0,70,-5
33.315,0,0,0,0,70,-5
33.331,0,0,0,0,70,-5
33.347,0,0,0,0,70,-5
33.363,0,0,0,0,70,-5
33.379,0,0,0,0,70,-5
33.395,0,0,0,0,70,-5
33.411,0,0,0,0,70,-5
33.427,0,0,0,0,70,-5
33.432,0,0,40,0,70,-5
33.444,0,0,40,0,70,-5
33.459,0,0,40,0,70,-5
33.475,0,0,40,0,70,-5
33.490,0,0,40,0,70,-5
33.506,0,0,40,0,70,-5
33.522,0,0,40,0,70,-5
33.538,0,0,40,0,70,-5
33.554,0,0,40,0,70,-5
33.570,0,0,40,0,70,-5
33.601,0,0,40,0,70,-5
33.617,0,0,40,0,70,-5
33.633,0,0,40,0,70,-5
33.648,0,0,40,0,70,-5
33.664,0,0,40,0,70,-5
33.680,0,0,40,0,70,-5
33.696,0,0,40,0,70,-5
33.711,0,0,40,0,70,-5
33.727,0,0,40,0,70,-5
33.733,0,0,40,0,70,-5
33.760,0,0,40,0,70,-5
33.776,0,0,40,0,70,-5
33.792,0,0,40,0,70,-5
33.807,0,0,40,0,70,-5
33.823,0,0,40,0,70,-5
33.839,0,0,40,0,70,-5
33.856,0,0,40,0,70,-5
33.871,0,0,40,0,70,-5
33.887,0,0,40,0,70,-5
33.904,0,0,40,0,70,-5
33.920,0,0,40,0,70,-5
33.936,0,0,40,0,70,-5
33.952,0,0,40,0,70,-5
33.966,0,0,40,0,70,-5
33.985,0,0,40,0,70,-5
33.997,0,0,40,0,70,-5
34.016,0,0,40,0,70,-5
34.032,0,0,40,0,70,-5
34.048,0,0,40,0,70,-5
34.064,0,0,40,0,70,-5
34.080,0,0,40,0,70,-5
34.085,0,0,40,0,80,-5
34.096,0,0,40,0,80,-5
34.112,0,0,40,0,80,-5
34.117,0,0,40,0,80,-5
34.128,0,0,40,0,80,-5
34.144,0,0,40,0,80,-5
34.155,0,0,40,0,80,-5
34.175,0,0,40,0,80,-5
34.180,0,0,40,0,80,-5
34.207,0,0,40,0,80,-5
34.212,0,0,40,0,80,-5
34.223,0,0,40,0,80,-5
34.242,0,0,40,0,80,-5
34.248,0,0,40,0,80,-5
34.255,0,0,40,0,80,-5
34.287,0,0,40,0,80,-5
34.292,0,0,40,0,80,-5
34.319,0,0,40,0,80,-5
34.334,0,0,40,0,80,-5
34.350,0,0,40,0,80,-5
34.362,0,0,40,0,80,-5
34.382,0,0,40,0,80,-5
34.398,0,0,40,0,80,-5
34.407,0,0,40,0,80,-5
34.430,0,0,40,0,90,-5
34.446,0,0,40,0,90,-5
34.462,0,0,40,0,90,-5
34.478,0,0,40,0,90,-5
34.483,0,0,40,0,90,-5
34.510,0,0,40,0,90,-5
34.526,0,0,40,0,90,-5
34.542,0,0,40,0,90,-5
34.546,0,0,40,0,90,-5
34.573,0,0,40,0,90,-5
34.579,0,0,40,0,90,-5
34.589,0,0,40,0,90,-5
34.605,0,0,40,0,90,-5
34.611,0,0,40,0,90,-5
34.621,0,0,40,0,90,-5
34.637,0,0,40,0,90,-5
34.642,0,0,40,0,90,-5
34.653,0,0,40,0,90,-5
34.669,0,0,40,0,90,-5
34.679,0,0,40,0,90,-5
34.701,0,0,40,0,90,-5
34.706,0,0,40,0,90,-5
34.717,0,0,40,0,90,-5
34.734,0,0,40,0,90,-5
34.742,0,0,40,0,90,-5
34.764,0,0,40,0,100,-5
34.771,0,0,40,0,100,-5
34.797,0,0,40,0,100,-5
34.813,0,0,40,0,100,-5
34.829,0,0,40,0,100,-5
34.845,0,0,40,0,100,-5
34.861,0,0,40,0,100,-5
34.870,0,0,40,0,100,-5
34.893,0,0,40,0,100,-5
34.909,0,0,40,0,100,-5
34.925,0,0,40,0,100,-5
34.941,0,0,40,0,100,-5
34.957,0,0,40,0,100,-5
34.973,0,0,40,0,100,-5
34.989,0,0,40,0,100,-5
35.005,0,0,40,0,100,-5
35.010,0,0,40,0,100,-5
35.022,0,0,40,0,100,-5
35.038,0,0,40,0,100,-5
35.053,0,0,40,0,100,-5
35.069,0,0,40,0,100,-5
35.074,0,0,40,0,100,-5
35.101,0,0,40,0,110,-5
35.107,0,0,40,0,110,-5
35.117,0,0,40,0,110,-5
35.134,0,0,40,0,110,-5
35.139,0,0,40,0,110,-5
35.150,0,0,40,0,110,-5
35.166,0,0,40,0,110,-5
35.172,0,0,40,0,110,-5
35.182,0,0,40,0,110,-5
35.198,0,0,40,0,110,-5
35.203,0,0,40,0,110,-5
35.214,0,0,40,0,110,-5
35.230,0,0,40,0,110,-5
35.235,0,0,40,0,110,-5
35.247,0,0,40,0,110,-5
35.262,0,0,40,0,110,-5
35.268,0,0,40,0,110,-5
35.278,0,0,40,0,110,-5
35.294,0,0,40,0,110,-5
35.300,0,0,40,0,110,-5
35.325,0,0,40,0,110,-5
35.335,0,0,40,0,110,-5
35.342,0,0,40,0,110,-5
35.357,0,0,40,0,110,-5
35.373,0,0,40,0,110,-5
35.389,0,0,40,0,110,-5
35.405,0,0,40,0,110,-5
35.422,0,0,40,0,110,-5
35.426,0,0,40,0,120,-5
35.437,0,0,40,0,120,-5
35.453,0,0,40,0,120,-5
35.469,0,0,40,0,120,-5
35.485,0,0,40,0,120,-5
35.501,0,0,40,0,120,-5
35.517,0,0,40,0,120,-5
35.533,0,0,40,0,120,-5
35.549,0,0,40,0,120,-5
35.566,0,0,40,0,120,-5
35.582,0,0,40,0,120,-5
35.597,0,0,40,0,120,-5
35.602,0,0,40,0,120,-5
35.629,0,0,40,0,120,-5
35.634,0,0,40,0,120,-5
35.644,0,0,40,0,120,-5
35.660,0,0,40,0,120,-5
35.672,0,0,40,0,120,-5
35.692,0,0,40,0,120,-5
35.698,0,0,40,0,120,-5
35.708,0,0,40,0,120,-5
35.724,0,0,40,0,120,-5
35.730,0,0,40,0,120,-5
35.740,0,0,40,0,120,-5
35.756,0,0,40,0,120,-5
35.772,0,0,40,0,130,-5
35.784,0,0,40,0,130,-5
35.789,0,0,40,0,130,-5
35.804,0,0,40,0,130,-5
35.820,0,0,40,0,130,-5
35.836,0,0,40,0,130,-5
35.847,0,0,40,0,130,-5
35.868,0,0,40,0,130,-5
35.884,0,0,40,0,130,-5
35.893,0,0,40,0,130,-5
35.916,0,0,40,0,130,-5
35.922,0,0,40,0,130,-5
35.932,0,0,40,0,130,-5
35.949,0,0,40,0,130,-5
35.964,0,0,40,0,130,-5
35.980,0,0,40,0,140,-5
35.996,0,0,40,0,140,-5
36.012,0,0,40,0,140,-5
36.028,0,0,40,0,140,-5
36.044,0,0,40,0,140,-5
36.060,0,0,40,0,140,-5
36.076,0,0,40,0,140,-5
36.092,0,0,40,0,140,-5
36.108,0,0,40,0,140,-5
36.124,0,0,40,0,140,-5
36.129,0,0,40,0,140,-5
36.139,0,0,40,0,140,-5
36.156,0,0,40,0,140,-5
36.167,0,0,40,0,140,-5
36.176,0,0,40,0,140,-5
36.188,0,0,40,0,140,-5
36.192,0,0,40,0,140,-5
36.204,0,0,40,0,140,-5
36.220,0,0,40,0,140,-5
36.225,0,0,40,0,140,-5
36.236,0,0,40,0,140,-5
36.252,0,0,40,0,140,-5
36.258,0,0,40,0,140,-5
36.268,0,0,40,0,140,-5
36.301,0,0,40,0,140,-5
36.312,0,0,40,0,140,-5
36.333,0,0,40,0,150,-5
36.348,0,0,40,0,150,-5
36.364,0,0,40,0,150,-5
36.381,0,0,40,0,150,-5
36.390,0,0,40,0,150,-5
36.412,0,0,40,0,150,-5
36.423,0,0,40,0,150,-5
36.428,0,0,40,0,150,-5
36.444,0,0,40,0,150,-5
36.460,0,0,40,0,150,-5
36.476,0,0,40,0,150,-5
36.482,0,0,40,0,150,-5
36.508,0,0,40,0,150,-5
36.513,0,0,40,0,150,-5
36.540,0,0,40,0,150,-5
36.556,0,0,40,0,150,-5
36.572,0,0,40,0,150,-5
36.579,0,0,40,0,150,-5
36.591,0,0,40,0,150,-5
36.621,0,0,40,0,150,-5
36.637,0,0,40,0,150,-5
36.652,0,0,40,0,150,-5
36.659,0,0,40,0,160,-5
36.668,0,0,40,0,160,-5
36.684,0,0,40,0,160,-5
36.695,0,0,40,0,160,-5
36.716,0,0,40,0,160,-5
36.721,0,0,40,0,160,-5
36.732,0,0,40,0,160,-5
36.748,0,0,40,0,160,-5
36.759,0,0,40,0,160,-5
36.764,0,0,40,0,160,-5
36.780,0,0,40,0,160,-5
36.785,0,0,40,0,160,-5
36.796,0,0,40,0,160,-5
36.811,0,0,40,0,160,-5
36.816,0,0,40,0,160,-5
36.827,0,0,40,0,160,-5
36.843,0,0,40,0,160,-5
36.848,0,0,40,0,160,-5
36.874,0,0,40,0,160,-5
36.890,0,0,40,0,160,-5
36.906,0,0,40,0,160,-5
36.922,0,0,40,0,160,-5
36.935,0,0,40,0,160,-5
36.954,0,0,40,0,160,-5
36.969,0,0,40,0,160,-5
36.984,0,0,40,0,170,-5
36.995,0,0,40,0,170,-5
37.016,0,0,40,0,170,-5
37.032,0,0,40,0,170,-5
37.048,0,0,40,0,170,-5
37.064,0,0,40,0,170,-5
37.080,0,0,40,0,170,-5
37.089,0,0,40,0,170,-5
37.096,0,0,40,0,170,-5
37.112,0,0,40,0,170,-5
37.117,0,0,40,0,170,-5
37.128,0,0,40,0,170,-5
37.144,0,0,40,0,170,-5
37.149,0,0,40,0,170,-5
37.160,0,0,40,0,170,-5
37.176,0,0,40,0,170,-5
37.186,0,0,40,0,170,-5
37.208,0,0,40,0,170,-5
37.213,0,0,40,0,170,-5
37.223,0,0,40,0,170,-5
37.240,0,0,40,0,170,-5
37.245,0,0,40,0,170,-5
37.256,0,0,40,0,170,-5
37.265,0,0,40,0,170,-5
37.288,0,0,40,0,170,-5
37.304,0,0,40,0,170,-5
37.320,0,0,40,0,180,-5
37.331,0,0,40,0,180,-5
37.342,0,0,40,0,180,-5
37.349,0,0,40,0,180,-5
37.368,0,0,40,0,180,-5
37.384,0,0,40,0,180,-5
37.399,0,0,40,0,180,-5
37.415,0,0,40,0,180,-5
37.431,0,0,40,0,180,-5
37.447,0,0,40,0,180,-5
37.463,0,0,40,0,180,-5
37.479,0,0,40,0,180,-5
37.495,0,0,40,0,180,-5
37.507,0,0,40,0,180,-5
37.515,0,0,40,0,180,-5
37.541,0,0,40,0,180,-5
37.547,0,0,40,0,180,-5
37.573,0,0,40,0,180,-5
37.579,0,0,40,0,180,-5
37.589,0,0,40,0,180,-5
37.605,0,0,40,0,180,-5
37.614,0,0,40,0,180,-5
37.621,0,0,40,0,180,-5
37.637,0,0,40,0,180,-5
37.643,0,0,40,0,180,-5
37.669,0,0,40,0,190,-5
37.674,0,0,40,0,190,-5
37.685,0,0,40,0,190,-5
37.701,0,0,40,0,190,-5
37.719,0,0,40,0,190,-5
37.733,0,0,40,0,190,-5
37.744,0,0,40,0,190,-5
37.766,0,0,40,0,190,-5
37.782,0,0,40,0,190,-5
37.798,0,0,40,0,190,-5
37.814,0,0,40,0,190,-5
37.829,0,0,40,0,190,-5
37.842,0,0,40,0,190,-5
37.861,0,0,40,0,190,-5
37.877,0,0,40,0,190,-5
37.886,0,0,40,0,190,-5
37.909,0,0,40,0,190,-5
37.925,0,0,40,0,190,-5
37.941,0,0,40,0,190,-5
37.947,0,0,40,0,190,-5
37.974,0,0,40,0,190,-5
37.990,0,0,40,0,200,-5
38.006,0,0,40,0,200,-5
38.022,0,0,40,0,200,-5
38.038,0,0,40,0,200,-5
38.054,0,0,40,0,200,-5
38.069,0,0,40,0,200,-5
38.076,0,0,40,0,200,-5
38.102,0,0,40,0,200,-5
38.109,0,0,40,0,210,-5
38.134,0,0,40,0,210,-5
38.139,0,0,40,0,210,-5
38.150,0,0,40,0,210,-5
38.166,0,0,40,0,210,-5
38.177,0,0,40,0,210,-5
38.198,0,0,40,0,210,-5
38.203,0,0,40,0,210,-5
38.229,0,0,40,0,210,-5
38.246,0,0,40,0,210,-5
38.251,0,0,40,0,210,-5
38.277,0,0,40,0,210,-5
38.293,0,0,40,0,210,-5
38.309,0,0,40,0,210,-5
38.325,0,0,40,0,210,-5
38.342,0,0,40,0,210,-5
38.353,0,0,40,0,210,-5
38.374,0,0,40,0,210,-5
38.390,0,0,40,0,210,-5
38.405,0,0,40,0,210,-5
38.421,0,0,40,0,210,-5
38.429,0,0,40,0,210,-5
38.438,0,0,40,0,220,-5
38.470,0,0,40,0,220,-5
38.486,0,0,40,0,220,-5
38.502,0,0,40,0,220,-5
38.511,0,0,40,0,220,-5
38.534,0,0,40,0,220,-5
38.550,0,0,40,0,220,-5
38.566,0,0,40,0,220,-5
38.577,0,0,40,0,220,-5
38.599,0,0,40,0,220,-5
38.615,0,0,40,0,220,-5
38.633,0,0,40,0,220,-5
38.644,0,0,40,0,220,-5
38.653,0,0,40,0,220,-5
38.663,0,0,40,0,220,-5
38.668,0,0,40,0,230,-5
38.679,0,0,40,0,230,-5
38.695,0,0,40,0,230,-5
38.700,0,0,40,0,230,-5
38.727,0,0,40,0,230,-5
38.732,0,0,40,0,230,-5
38.743,0,0,40,0,230,-5
38.759,0,0,40,0,230,-5
38.765,0,0,40,0,230,-5
38.775,0,0,40,0,230,-5
38.791,0,0,40,0,230,-5
38.797,0,0,40,0,230,-5
38.809,0,0,40,0,230,-5
38.823,0,0,40,0,230,-5
38.828,0,0,40,0,230,-5
38.847,0,0,40,0,230,-5
38.855,0,0,40,0,230,-5
38.870,0,0,40,0,230,-5
38.887,0,0,40,0,230,-5
38.903,0,0,40,0,230,-5
38.919,0,0,40,0,230,-5
38.930,0,0,40,0,230,-5
38.935,0,0,40,0,230,-5
38.947,0,0,40,0,230,-5
38.967,0,0,40,0,230,-5
38.982,0,0,40,0,230,-5
38.998,0,0,40,0,230,-5
39.016,0,0,40,0,230,-5
39.030,0,0,40,0,230,-5
39.047,0,0,40,0,230,-5
39.062,0,0,40,0,230,-5
39.078,0,0,40,0,230,-5
39.094,0,0,40,0,230,-5
39.101,0,0,40,0,230,-5
39.125,0,0,40,0,240,-5
39.130,0,0,40,0,240,-5
39.142,0,0,40,0,240,-5
39.157,0,0,40,0,240,-5
39.164,0,0,40,0,240,-5
39.173,0,0,40,0,240,-5
39.189,0,0,40,0,240,-5
39.195,0,0,40,0,240,-5
39.205,0,0,40,0,240,-5
39.221,0,0,40,0,240,-5
39.227,0,0,40,0,240,-5
39.240,0,0,40,0,240,-5
39.254,0,0,40,0,240,-5
39.268,0,0,40,0,240,-5
39.286,0,0,40,0,240,-5
39.295,0,0,40,0,240,-5
39.303,0,0,40,0,240,-5
39.317,0,0,40,0,240,-5
39.333,0,0,40,0,240,-5
39.348,0,0,40,0,240,-5
39.364,0,0,40,0,240,-5
39.380,0,0,40,0,240,-5
39.396,0,0,40,0,240,-5
39.412,0,0,40,0,240,-5
39.429,0,0,40,0,240,-5
39.444,0,0,40,0,240,-5
39.460,0,0,40,0,240,-5
39.476,0,0,40,0,240,-5
39.492,0,0,40,0,240,-5
39.508,0,0,40,0,240,-5
39.524,0,0,40,0,240,-5
39.529,0,0,40,0,240,-5
39.556,0,0,40,0,250,-5
39.565,0,0,40,0,250,-5
39.588,0,0,40,0,250,-5
39.592,0,0,40,0,250,-5
39.619,0,0,40,0,250,-5
39.624,0,0,40,0,250,-5
39.651,0,0,40,0,250,-5
39.656,0,0,40,0,250,-5
39.667,0,0,40,0,250,-5
39.683,0,0,40,0,250,-5
39.688,0,0,40,0,250,-5
39.715,0,0,40,0,250,-5
39.731,0,0,40,0,250,-5
39.747,0,0,40,0,250,-5
39.752,0,0,40,0,250,-5
39.779,0,0,40,0,260,-5
39.787,0,0,40,0,260,-5
39.811,0,0,40,0,260,-5
39.821,0,0,40,0,260,-5
39.827,0,0,40,0,260,-5
39.843,0,0,40,0,260,-5
39.859,0,0,40,0,260,-5
39.875,0,0,40,0,260,-5
39.884,0,0,40,0,260,-5
39.906,0,0,40,0,260,-5
39.922,0,0,40,0,260,-5
39.938,0,0,40,0,260,-5
39.954,0,0,40,0,260,-5
39.970,0,0,40,0,260,-5
39.987,0,0,40,0,260,-5
39.998,0,0,40,0,260,-5
40.018,0,0,40,0,260,-5
40.034,0,0,40,0,260,-5
40.050,0,0,40,0,260,-5
40.066,0,0,40,0,260,-5
40.082,0,0,40,0,260,-5
40.087,0,0,40,0,260,-5
40.097,0,0,40,0,260,-5
40.113,0,0,40,0,260,-5
40.121,0,0,40,0,260,-5
40.131,0,0,40,0,260,-5
40.145,0,0,40,0,260,-5
40.161,0,0,40,0,260,-5
40.177,0,0,40,0,260,-5
40.187,0,0,40,0,260,-5
40.209,0,0,40,0,260,-5
40.213,0,0,40,0,260,-5
40.240,0,0,40,0,270,-5
40.251,0,0,40,0,270,-5
40.257,0,0,40,0,270,-5
40.273,0,0,40,0,270,-5
40.289,0,0,40,0,270,-5
40.305,0,0,40,0,270,-5
40.314,0,0,40,0,270,-5
40.337,0,0,40,0,270,-5
40.342,0,0,40,0,270,-5
40.369,0,0,40,0,270,-5
40.380,0,0,40,0,270,-5
40.401,0,0,40,0,270,-5
40.417,0,0,40,0,270,-5
40.428,0,0,40,0,270,-5
40.449,0,0,40,0,270,-5
40.465,0,0,40,0,270,-5
40.481,0,0,40,0,270,-5
40.498,0,0,40,0,270,-5
40.512,0,0,40,0,270,-5
40.517,0,0,40,0,270,-5
40.528,0,0,40,0,270,-5
40.544,0,0,40,0,270,-5
40.552,0,0,40,0,270,-5
40.575,0,0,40,0,280,-5
40.581,0,0,40,0,280,-5
40.592,0,0,40,0,280,-5
40.608,0,0,40,0,280,-5
40.619,0,0,40,0,280,-5
40.640,0,0,40,0,280,-5
40.646,0,0,40,0,280,-5
40.672,0,0,40,0,280,-5
40.682,0,0,40,0,280,-5
40.688,0,0,40,0,280,-5
40.704,0,0,40,0,280,-5
40.709,0,0,40,0,280,-5
40.736,0,0,40,0,280,-5
40.753,0,0,40,0,280,-5
40.769,0,0,40,0,280,-5
40.775,0,0,40,0,280,-5
40.785,0,0,40,0,280,-5
40.801,0,0,40,0,280,-5
40.811,0,0,40,0,280,-5
40.833,0,0,40,0,280,-5
40.849,0,0,40,0,280,-5
40.860,0,0,40,0,280,-5
40.881,0,0,40,0,280,-5
40.897,0,0,40,0,290,-5
40.903,0,0,40,0,290,-5
40.929,0,0,40,0,290,-5
40.946,0,0,40,0,290,-5
40.962,0,0,40,0,290,-5
40.978,0,0,40,0,290,-5
40.994,0,0,40,0,290,-5
40.999,0,0,40,0,290,-5
41.026,0,0,40,0,290,-5
41.041,0,0,40,0,290,-5
41.058,0,0,40,0,290,-5
41.074,0,0,40,0,290,-5
41.090,0,0,40,0,290,-5
41.106,0,0,40,0,290,-5
41.121,0,0,40,0,290,-5
41.137,0,0,40,0,290,-5
41.142,0,0,40,0,290,-5
41.169,0,0,40,0,290,-5
41.180,0,0,40,0,290,-5
41.201,0,0,40,0,290,-5
41.206,0,0,40,0,290,-5
41.217,0,0,40,0,290,-5
41.233,0,0,40,0,290,-5
41.239,0,0,40,0,290,-5
41.249,0,0,40,0,290,-5
41.265,0,0,40,0,290,-5
41.270,0,0,40,0,290,-5
41.281,0,0,40,0,290,-5
41.297,0,0,40,0,290,-5
41.313,0,0,40,0,290,-5
41.324,0,0,40,0,290,-5
41.345,0,0,40,0,300,-5
41.352,0,0,40,0,300,-5
41.377,0,0,40,0,300,-5
41.393,0,0,40,0,300,-5
41.398,0,0,40,0,300,-5
41.425,0,0,40,0,300,-5
41.441,0,0,40,0,300,-5
41.456,0,0,40,0,300,-5
41.472,0,0,40,0,300,-5
41.488,0,0,40,0,300,-5
41.504,0,0,40,0,300,-5
41.521,0,0,40,0,300,-5
41.537,0,0,40,0,300,-5
41.553,0,0,40,0,300,-5
41.569,0,0,40,0,300,-5
41.585,0,0,40,0,300,-5
41.601,0,0,40,0,300,-5
41.617,0,0,40,0,300,-5
41.633,0,0,40,0,300,-5
41.642,0,0,40,0,300,-5
41.665,0,0,40,0,300,-5
41.670,0,0,40,0,300,-5
41.681,0,0,40,0,300,-5
41.697,0,0,40,0,300,-5
41.702,0,0,40,0,300,-5
41.713,0,0,40,0,300,-5
41.729,0,0,40,0,300,-5
41.736,0,0,40,0,300,-5
41.761,0,0,40,0,300,-5
41.766,0,0,40,0,300,-5
41.777,0,0,40,0,300,-5
41.793,0,0,40,0,310,-5
41.810,0,0,40,0,310,-5
41.825,0,0,40,0,310,-5
41.832,0,0,40,0,310,-5
41.841,0,0,40,0,310,-5
41.857,0,0,40,0,310,-5
41.862,0,0,40,0,310,-5
41.889,0,0,40,0,310,-5
41.905,0,0,40,0,310,-5
41.921,0,0,40,0,310,-5
41.930,0,0,40,0,310,-5
41.938,0,0,40,0,310,-5
41.953,0,0,40,0,310,-5
41.968,0,0,40,0,310,-5
41.979,0,0,40,0,310,-5
42.000,0,0,40,0,310,-5
42.015,0,0,40,0,310,-5
42.031,0,0,40,0,310,-5
42.047,0,0,40,0,310,-5
42.060,0,0,40,0,310,-5
42.065,0,0,40,0,310,-5
42.079,0,0,40,0,310,-5
42.095,0,0,0,0,310,-5
42.111,0,0,0,0,310,-5
42.127,0,0,0,0,320,-5
42.143,0,0,0,0,320,-5
42.159,0,0,0,0,320,-5
42.175,0,0,0,0,320,-5
42.191,0,0,0,0,320,-5
42.207,0,0,0,0,320,-5
42.223,0,0,0,0,320,-5
42.239,0,0,0,0,320,-5
42.251,0,0,0,0,320,-5
42.270,0,0,0,0,320,-5
42.286,0,0,0,0,320,-5
42.302,0,0,0,0,320,-5
42.318,0,0,0,0,320,-5
42.334,0,0,0,0,320,-5
42.350,0,0,0,0,320,-5
42.366,0,0,0,0,320,-5
42.382,0,0,0,0,320,-5
42.398,0,0,0,0,320,-5
42.414,0,0,0,0,320,-5
42.430,0,0,0,0,320,-5
42.446,0,0,0,0,320,-5
42.461,0,0,0,0,320,-5
42.477,0,0,0,0,320,-5
42.493,0,0,0,0,320,-5
42.509,0,0,0,0,320,-5
42.525,0,0,0,0,320,-5
42.541,0,0,0,0,320,-5
42.557,0,0,0,0,320,-5
42.572,0,0,0,0,320,-5
42.588,0,0,0,0,320,-5
42.604,0,0,0,0,320,-5
42.619,0,0,0,0,320,-5
42.635,0,0,0,0,320,-5
42.651,0,0,0,0,320,-5
42.667,0,0,0,0,320,-5
42.683,0,0,0,0,320,-5
42.699,0,0,0,0,320,-5
42.715,0,0,0,0,320,-5
42.731,0,0,0,0,320,-5
42.747,0,0,0,0,320,-5
42.763,0,0,0,0,320,-5
42.779,0,0,0,0,320,-5
42.795,0,0,0,0,320,-5
42.810,0,0,0,0,320,-5
42.826,0,0,0,0,320,-5
42.843,0,0,0,0,320,-5
42.860,0,0,0,0,320,-5
42.874,0,0,0,0,320,-5
42.891,0,0,0,0,320,-5
42.906,0,0,0,0,320,-5
42.923,0,0,0,0,320,-5
42.939,0,0,0,0,320,-5
42.954,0,0,0,0,320,-5
42.970,0,0,0,0,320,-5
42.986,0,0,0,0,320,-5
43.002,0,0,0,0,320,-5
43.018,0,0,0,0,320,-5
43.034,0,0,0,0,320,-5
43.050,0,0,0,0,320,-5
43.066,0,0,0,0,320,-5
43.083,0,0,0,0,320,-5
43.094,0,0,0,0,320,-5
43.115,0,0,0,0,320,-5
43.131,0,0,0,0,320,-5
43.136,0,0,0,0,320,-5
43.162,0,0,0,0,320,-5
43.179,0,0,0,0,320,-5
43.194,0,0,0,0,320,-5
43.210,0,0,0,0,320,-5
43.226,0,0,0,0,320,-5
43.242,0,0,0,0,320,-5
43.258,0,0,0,0,320,-5
43.274,0,0,0,0,320,-5
43.290,0,0,0,0,320,-5
43.306,0,0,0,0,320,-5
43.322,0,0,0,0,320,-5
43.334,0,0,0,0,320,-5
43.354,0,0,0,0,310,-5
43.370,0,0,0,0,310,-5
43.386,0,0,0,0,310,-5
43.403,0,0,0,0,310,-5
43.419,0,0,0,0,310,-5
43.435,0,0,0,0,310,-5
43.450,0,0,0,0,310,-5
43.466,0,0,0,0,310,-5
43.482,0,0,0,0,310,-5
43.498,0,0,0,0,310,-5
43.511,0,0,0,0,310,-5
43.529,0,0,0,0,310,-5
43.546,0,0,0,0,310,-5
43.561,0,0,0,0,310,-5
43.578,0,0,0,0,310,-5
43.593,0,0,0,0,310,-5
43.609,0,0,0,0,310,-5
43.625,0,0,0,0,310,-5
43.641,0,0,0,0,310,-5
43.657,0,0,0,0,310,-5
43.673,0,0,0,0,310,-5
43.688,0,0,0,0,310,-5
43.704,0,0,0,0,310,-5
43.718,0,0,0,0,310,-5
43.736,0,0,0,0,310,-5
43.751,0,0,0,0,310,-5
43.768,0,0,0,0,310,-5
43.784,0,0,0,0,310,-5
43.800,0,0,0,0,310,-5
43.816,0,0,0,0,310,-5
43.832,0,0,0,0,310,-5
43.848,0,0,0,0,310,-5
43.864,0,0,0,0,310,-5
43.880,0,0,0,0,310,-5
43.896,0,0,0,0,310,-5
43.913,0,0,0,0,310,-5
43.929,0,0,0,0,310,-5
43.945,0,0,0,0,310,-5
43.961,0,0,0,0,310,-5
43.976,0,0,0,0,310,-5
43.992,0,0,0,0,310,-5
44.008,0,0,0,0,310,-5
44.024,0,0,0,0,310,-5
44.040,0,0,0,0,310,-5
44.056,0,0,0,0,310,-5
44.072,0,-40,0,0,310,-5
44.083,0,-40,0,0,310,-5
44.105,0,-40,0,0,310,-5
44.122,0,-40,0,0,310,-5
44.140,0,-40,0,0,310,-5
44.156,0,-40,0,0,310,-5
44.172,0,-40,0,0,310,-5
44.188,0,-40,0,0,310,-5
44.204,0,-40,0,0,310,-5
44.220,0,-40,0,0,310,-5
44.231,0,-40,0,0,310,-5
44.241,0,-40,0,0,310,-5
44.258,0,-40,0,0,310,-5
44.275,0,-40,0,0,310,-5
44.290,0,-40,0,0,310,-5
44.295,0,-40,0,0,310,-5
44.322,0,-40,0,0,310,-5
44.338,0,-40,0,0,310,-5
44.354,0,-40,0,0,310,-5
44.370,0,-40,0,0,310,-5
44.386,0,-40,0,0,310,-5
44.402,0,-40,0,0,310,-5
44.418,0,-40,0,0,310,-5
44.434,0,-40,0,0,310,-5
44.450,0,-40,0,0,310,-5
44.467,0,-40,0,0,320,-5
44.483,0,-40,0,0,320,-5
44.499,0,-40,0,0,320,-5
44.514,0,-40,0,0,320,-5
44.530,0,-40,0,0,320,-5
44.546,0,-40,0,0,320,-5
44.562,0,-40,0,0,320,-5
44.578,0,-40,0,0,320,-5
44.595,0,-40,0,0,320,-5
44.608,0,-40,0,0,320,-5
44.622,0,-40,0,0,320,-5
44.639,0,-40,0,0,320,-5
44.644,0,-40,0,0,320,-5
44.655,0,-40,0,0,320,-5
44.671,0,-40,0,0,320,-5
44.677,0,-40,0,0,320,-5
44.703,0,-40,0,0,320,-5
44.709,0,-40,0,0,320,-5
44.719,0,-40,0,0,320,-5
44.735,0,-40,0,0,320,-5
44.741,0,-40,0,0,320,-5
44.752,0,-40,0,0,320,-5
44.767,0,-40,0,0,320,-5
44.775,0,-40,0,0,320,-5
44.790,0,-40,0,0,320,-5
44.823,0,-40,0,0,320,-5
44.830,0,-40,0,0,320,-5
44.842,0,-40,0,0,320,-5
44.870,0,-40,0,0,320,-5
44.887,0,-40,0,0,320,-5
44.903,0,-40,0,0,320,-5
44.915,0,-40,0,0,320,-5
44.935,0,-40,0,0,320,-5
44.944,0,-40,0,0,320,-5
44.952,0,-40,0,0,320,-5
44.975,0,-40,0,0,320,-5
44.980,0,-40,0,0,320,-5
45.006,0,-40,0,0,320,-5
45.011,0,-40,0,0,320,-5
45.023,0,0,0,0,320,-5
45.038,0,0,0,0,320,-5
45.054,0,0,0,0,320,-5
45.070,0,0,0,0,320,-5
45.086,0,0,0,0,320,-5
45.102,0,0,0,0,320,-5
45.118,0,0,0,0,320,-5
45.134,0,0,0,0,320,-5
45.142,0,0,0,0,320,-5
45.159,0,0,0,0,320,-5
45.175,0,0,0,0,320,-5
45.188,0,0,0,0,320,-5
45.205,0,0,0,0,320,-5
45.221,0,0,0,0,320,-5
45.237,0,-40,0,0,320,-5
45.253,0,-40,0,0,320,-5
45.265,0,-40,0,0,320,-5
45.277,0,-40,0,0,320,-5
45.291,0,-40,0,0,320,-5
45.307,0,-40,0,0,320,-5
45.323,0,-40,0,0,320,-5
45.338,0,-40,0,0,320,-5
45.348,0,-40,0,0,320,-5
45.358,0,-40,0,0,320,-5
45.375,0,-40,0,0,320,-5
45.391,0,-40,0,0,320,-5
45.407,0,-40,0,0,320,-5
45.423,0,-40,0,0,320,-5
45.434,0,-40,0,0,320,-5
45.455,0,-40,0,0,320,-5
45.471,0,-40,0,0,320,-5
45.489,0,-40,0,0,320,-5
45.519,0,-40,0,0,320,-5
45.530,0,-40,0,0,320,-5
45.551,0,-40,0,0,320,-5
45.569,0,-40,0,0,320,-5
45.586,0,-40,0,0,320,-5
45.600,0,-40,0,0,320,-5
45.614,0,-40,0,0,320,-5
45.630,0,-40,0,0,320,-5
45.644,0,-40,0,0,320,-5
45.662,0,-40,0,0,320,-5
45.678,0,-40,0,0,320,-5
45.694,0,-40,0,0,320,-5
45.709,0,-40,0,0,320,-5
45.725,0,-40,0,0,320,-5
45.740,0,-40,0,0,320,-5
45.753,0,-40,0,0,320,-5
45.773,0,-40,0,0,320,-5
45.778,0,-40,0,0,320,-5
45.788,0,-40,0,0,320,-5
45.806,0,-40,0,0,320,-5
45.822,0,-40,0,0,320,-5
45.828,0,-40,0,0,320,-5
45.852,0,-40,0,0,320,-5
45.868,0,0,0,0,320,-5
45.886,0,0,0,0,320,-5
45.904,0,0,0,0,320,-5
45.919,0,0,0,0,320,-5
45.936,0,0,0,0,320,-5
45.953,0,0,0,0,320,-5
45.968,0,0,0,0,320,-5
45.985,0,0,0,0,320,-5
46.001,0,0,0,0,320,-5
46.010,0,0,0,0,320,-5
46.029,0,0,0,0,320,-5
46.042,0,0,0,0,320,-5
46.062,0,0,0,0,320,-5
46.069,0,0,0,0,320,-5
46.078,0,0,0,0,320,-5
46.092,0,0,0,0,320,-5
46.104,0,0,0,0,320,-5
46.123,0,0,0,0,320,-5
46.139,0,0,0,0,320,-5
46.155,0,0,0,0,320,-5
46.171,0,0,0,0,320,-5
46.187,0,0,0,0,320,-5
46.203,0,0,0,0,320,-5
46.219,0,0,0,0,320,-5
46.235,0,0,0,0,320,-5
46.251,0,0,0,0,320,-5
46.259,0,0,0,0,320,-5
46.276,0,0,0,0,320,-5
46.291,0,0,0,0,320,-5
46.306,0,0,0,0,320,-5
46.325,0,0,0,0,320,-5
46.338,0,0,0,0,320,-5
46.359,0,0,0,0,320,-5
46.370,0,0,0,0,320,-5
46.386,0,0,0,0,320,-5
46.402,0,0,0,0,320,-5
46.418,0,0,0,0,320,-5
46.434,0,0,0,0,320,-5
46.459,0,0,0,0,320,-5
46.476,0,0,0,0,320,-5
46.509,0,0,0,0,320,-5
46.520,0,0,0,0,320,-5
46.536,0,0,0,0,320,-5
46.562,0,-40,0,0,320,-5
46.585,0,-40,0,0,320,-5
46.602,0,-40,0,0,320,-5
46.631,0,-40,0,0,320,-5
46.658,0,-40,0,0,320,-5
46.678,0,-40,0,0,320,-5
46.698,0,-40,0,0,320,-5
46.717,0,-40,0,0,320,-5
46.734,0,-40,0,0,320,-5
46.765,0,-40,0,0,320,-5
46.780,0,-40,0,0,320,-5
46.812,0,-40,0,0,320,-5
46.828,0,-40,0,0,320,-5
46.844,0,-40,0,0,320,-5
46.861,0,-40,0,0,320,-5
46.895,0,-40,0,0,320,-5
46.909,0,-40,0,0,320,-5
46.946,0,-40,0,0,320,-5
46.973,0,-40,0,0,320,-5
46.999,0,-40,0,0,320,-5
47.020,0,-40,0,0,320,-5
47.036,0,-40,0,0,320,-5
47.052,0,-40,0,0,320,-5
47.084,0,-40,0,0,320,-5
47.089,0,-40,0,0,320,-5
47.114,0,-40,0,0,320,-5
47.142,0,-40,0,0,320,-5
47.158,0,-40,0,0,320,-5
47.175,0,-40,0,0,320,-5
47.194,0,-40,0,0,320,-5
47.219,0,0,0,0,320,-5
47.251,0,0,0,0,320,-5
47.275,0,0,0,0,320,-5
47.301,0,0,0,0,320,-5
47.323,0,0,0,0,320,-5
47.346,0,0,0,0,320,-5
47.373,0,0,0,0,320,-5
47.387,0,0,0,0,320,-5
47.412,0,0,0,0,320,-5
47.434,0,0,0,0,320,-5
47.441,0,0,0,0,320,-5
47.457,0,0,0,0,320,-5
47.475,0,0,0,0,330,-5
47.509,0,0,0,0,330,-5
47.537,0,0,0,0,330,-5
47.558,0,0,0,0,330,-5
47.585,0,0,0,0,330,-5
47.601,0,0,0,0,320,-5
47.625,0,0,0,0,320,-5
47.642,0,0,0,0,320,-5
47.658,0,0,0,0,320,-5
47.676,0,0,0,0,320,-5
47.706,0,0,0,0,320,-5
47.720,0,0,0,0,320,-5
47.736,0,0,0,0,320,-5
47.752,0,0,0,0,320,-5
47.775,0,0,0,0,320,-5
47.800,0,0,0,0,320,-5
47.825,0,0,0,0,320,-5
47.841,0,0,0,0,320,-5
47.876,0,0,0,0,320,-5
47.901,0,0,0,0,320,-5
47.921,0,0,0,0,320,-5
47.942,0,0,0,0,320,-5
47.962,0,0,0,0,320,-5
47.978,0,0,0,0,320,-5
47.994,0,0,0,0,320,-5
48.026,0,0,0,0,320,-5
48.049,0,0,0,0,320,-5
48.072,0,0,0,0,320,-5
48.164,0,0,0,0,320,-5
48.309,0,0,0,0,330,-5
48.416,0,0,0,0,330,-5
48.586,0,0,0,0,330,-5
48.713,0,0,0,0,330,-5
48.857,0,0,0,0,330,-5
49.002,0,0,0,0,330,-5
49.147,0,0,0,0,330,-5
49.281,0,0,0,0,330,-5
49.404,0,0,0,0,330,-5
49.565,0,0,0,0,330,-5
49.693,0,0,0,0,320,-5
49.855,0,0,0,0,320,-5
50.016,0,0,0,0,320,-5
50.176,0,0,0,0,310,-5
50.314,0,0,0,0,310,-5
50.449,0,0,0,0,310,-5
50.587,40,0,0,0,320,-5
50.706,40,0,0,0,320,-5
50.836,40,0,0,0,320,-5
50.988,40,0,0,0,330,-4
51.110,40,0,0,0,330,-4
51.223,40,0,0,0,330,-4
51.352,40,0,0,0,340,-5
51.481,40,0,0,0,340,-5
51.561,40,0,0,0,340,-5
51.619,40,0,0,0,340,-5
51.644,40,0,0,0,340,-5
51.692,40,0,0,0,340,-5
51.716,40,0,0,0,340,-5
51.749,40,0,0,0,340,-5
51.773,40,0,0,0,340,-5
51.815,40,0,0,0,330,-5
51.847,40,0,0,0,330,-5
51.881,40,0,0,0,330,-5
51.923,40,0,0,0,330,-5
51.955,40,0,0,0,330,-5
51.998,40,0,0,0,330,-5
52.023,40,0,0,0,330,-5
52.056,40,0,0,0,330,-5
52.081,40,0,0,0,330,-5
52.097,40,0,0,0,330,-5
52.129,40,0,0,0,330,-5
52.161,40,0,0,0,330,-5
52.199,40,0,0,0,330,-5
52.233,40,0,0,0,330,-5
52.277,40,0,0,0,320,-5
52.308,40,0,0,0,320,-5
52.340,0,0,0,0,320,-5
52.379,0,0,0,0,320,-5
52.418,0,0,0,0,320,-5
52.455,0,0,0,0,320,-5
52.494,0,0,0,0,320,-5
52.514,0,0,0,0,320,-5
52.562,0,0,0,0,320,-5
52.595,0,0,0,0,320,-5
52.625,0,0,0,0,320,-5
52.657,0,0,0,0,320,-5
52.689,0,0,0,0,320,-5
52.705,0,0,0,0,320,-5
52.742,0,0,0,0,320,-5
52.785,0,0,0,0,320,-5
52.801,0,0,0,0,320,-5
52.849,0,0,0,0,320,-5
52.885,0,0,0,0,320,-5
52.912,0,0,0,0,320,-5
52.928,0,0,0,0,320,-5
52.968,0,0,0,0,320,-5
53.006,0,0,0,0,320,-5
53.038,0,0,0,0,320,-5
53.071,0,0,0,0,320,-5
53.103,0,0,0,0,320,-5
53.143,0,0,0,0,320,-5
53.172,0,0,0,0,320,-5
53.198,0,0,0,0,320,-5
53.236,0,0,0,0,320,-5
53.264,0,0,0,0,320,-5
53.309,0,0,0,0,320,-5
53.342,0,0,0,0,320,-5
53.383,0,0,0,0,320,-5
53.405,0,0,0,0,320,-5
53.437,0,0,0,0,320,-5
53.487,0,0,0,0,320,-5
53.531,0,0,0,0,320,-5
53.563,0,0,0,0,320,-5
53.599,0,0,0,0,320,-5
53.644,0,0,0,0,320,-5
53.676,0,0,0,-40,320,-5
53.712,0,0,0,-40,320,-5
53.746,0,0,0,-40,320,-5
53.796,0,0,0,-40,320,-5
53.833,0,0,0,-40,320,-5
53.881,0,0,0,-40,320,-5
53.915,0,0,0,-40,320,-5
53.961,0,0,0,-40,320,-5
54.000,0,0,0,-40,320,-5
54.033,0,0,0,-40,320,-8
54.072,0,0,0,-40,320,-8
54.105,0,0,0,-40,320,-8
54.144,0,0,0,-40,320,-11
54.170,0,0,0,-40,320,-11
54.206,0,0,0,-40,320,-11
54.237,0,0,0,-40,320,-11
54.263,0,0,0,-40,320,-13
54.303,0,0,0,-40,320,-13
54.342,0,0,0,-40,320,-13
54.374,0,0,0,-40,320,-16
54.419,0,0,0,-40,320,-16
54.453,0,0,0,0,320,-16
54.489,0,0,0,0,320,-21
54.516,0,0,0,0,320,-21
54.548,0,0,0,0,320,-21
54.580,0,0,0,0,320,-21
54.626,0,0,0,0,320,-21
54.647,0,0,0,0,320,-21
54.674,0,0,0,0,320,-21
54.709,0,0,0,0,320,-24
54.730,0,0,0,0,320,-24
54.754,0,0,0,0,320,-24
54.774,0,0,0,0,320,-24
54.795,0,0,0,0,320,-24
54.818,0,0,0,0,320,-24
54.838,0,0,0,0,320,-24
54.850,0,0,0,0,320,-24
54.865,0,0,0,0,320,-24
54.881,0,0,0,0,320,-24
54.898,0,0,0,0,320,-24
54.913,0,0,0,0,320,-24
54.930,0,0,0,0,320,-24
54.951,0,0,0,0,320,-24
54.962,0,0,0,0,320,-24
54.977,0,0,0,0,320,-24
54.982,0,0,0,0,320,-24
55.009,0,0,0,0,320,-24
55.025,0,0,0,0,320,-25
55.041,0,0,0,0,320,-25
55.048,0,0,0,0,320,-25
55.072,0,0,0,0,320,-25
55.088,0,0,0,0,320,-25
55.104,0,0,0,0,320,-25
55.120,0,0,0,0,320,-25
55.136,0,0,0,0,320,-25
55.152,0,0,0,0,320,-25
55.167,0,0,0,0,320,-25
55.183,0,0,0,0,320,-25
55.199,0,0,0,0,320,-25
55.215,0,0,0,0,320,-25
55.231,0,0,0,0,320,-25
55.247,0,0,0,0,320,-25
55.254,0,0,0,0,320,-25
55.279,0,0,0,0,320,-25
55.284,0,0,0,0,320,-25
55.311,0,0,0,0,320,-25
55.327,0,0,0,0,320,-25
55.343,0,0,0,0,320,-25
55.359,0,0,0,0,330,-25
55.375,0,0,0,0,330,-25
55.391,0,0,0,0,330,-25
55.407,0,0,0,0,330,-25
55.413,0,0,0,0,330,-25
55.427,0,0,0,0,330,-25
55.455,0,0,0,0,330,-25
55.471,0,0,0,0,330,-25
55.487,0,0,0,0,330,-25
55.502,0,0,0,0,330,-25
55.510,0,0,0,0,330,-25
55.534,0,0,0,0,330,-25
55.550,0,0,0,0,330,-25
55.555,40,0,0,0,330,-25
55.571,40,0,0,0,330,-25
55.598,40,0,0,0,340,-25
55.610,40,0,0,0,340,-25
55.629,40,0,0,0,340,-25
55.645,40,0,0,0,340,-25
55.662,40,0,0,0,340,-25
55.678,40,0,0,0,340,-25
55.694,40,0,0,0,340,-25
55.710,40,0,0,0,340,-25
55.716,40,0,0,0,340,-25
55.741,40,0,0,0,340,-25
55.757,40,0,0,0,340,-25
55.773,40,0,0,0,340,-25
55.789,40,0,0,0,340,-25
55.805,40,0,0,0,340,-25
55.821,40,0,0,0,340,-25
55.837,40,0,0,0,340,-25
55.854,40,0,0,0,340,-25
55.870,40,0,0,0,340,-25
55.887,40,0,0,0,340,-25
55.901,40,0,0,0,340,-25
55.918,40,0,0,0,330,-24
55.936,40,0,0,0,330,-24
55.948,40,0,0,0,330,-24
55.964,40,0,0,0,330,-24
55.981,40,0,0,0,330,-24
55.996,40,0,0,0,330,-24
56.012,40,0,0,0,330,-24
56.028,40,0,0,0,330,-24
56.044,40,0,0,0,330,-24
56.060,40,0,0,0,330,-24
56.077,40,0,0,0,330,-24
56.093,40,0,0,0,330,-24
56.109,40,0,0,0,330,-24
56.125,40,0,0,0,330,-24
56.140,40,0,0,0,330,-24
56.148,40,0,0,0,330,-24
56.156,40,0,0,0,330,-24
56.172,40,0,0,0,330,-24
56.188,40,0,0,0,330,-24
56.204,40,0,0,0,330,-24
56.219,40,0,0,0,330,-24
56.236,40,0,0,0,330,-24
56.251,40,0,0,0,330,-24
56.268,40,0,0,0,330,-24
56.273,40,0,0,0,330,-24
56.300,40,0,0,0,330,-24
56.315,40,0,0,0,330,-24
56.331,40,0,0,0,330,-24
56.337,40,0,0,0,330,-24
56.347,40,0,0,0,330,-24
56.365,40,0,0,0,320,-24
56.380,40,0,0,0,320,-24
56.385,40,0,0,0,320,-24
56.395,40,0,0,0,320,-24
56.400,40,0,0,0,320,-24
56.411,40,0,0,0,320,-24
56.417,40,0,0,0,320,-24
56.442,40,0,0,0,320,-24
56.458,40,0,0,0,320,-24
56.474,40,0,0,0,320,-24
56.490,40,0,0,0,320,-24
56.498,40,0,0,0,320,-24
56.517,40,0,0,0,320,-24
56.539,40,0,0,0,320,-24
56.552,40,0,0,0,320,-24
56.570,40,0,0,0,320,-24
56.586,40,0,0,0,320,-24
56.601,40,0,0,0,320,-24
56.615,40,0,0,0,320,-24
56.634,40,0,0,0,320,-24
56.650,40,0,0,0,320,-24
56.655,40,0,0,0,320,-24
56.669,40,0,0,0,320,-24
56.697,40,0,0,0,320,-24
56.713,40,0,0,0,320,-24
56.729,40,0,0,0,320,-24
56.745,40,0,0,0,320,-24
56.761,40,0,0,0,320,-24
56.767,40,0,0,0,320,-24
56.777,40,0,0,0,320,-24
56.792,40,0,0,0,320,-24
56.797,40,0,0,0,320,-24
56.809,40,0,0,0,320,-24
56.824,40,0,0,0,320,-24
56.840,40,0,0,0,320,-24
56.846,40,0,0,0,320,-24
56.856,40,0,0,0,320,-24
56.862,40,0,0,0,320,-24
56.872,40,0,0,0,320,-24
56.892,40,0,0,0,320,-24
56.907,40,0,0,0,320,-24
56.914,40,0,0,0,320,-24
56.936,40,0,0,0,330,-24
56.952,40,0,0,0,330,-24
56.969,40,0,0,0,330,-24
56.983,40,0,0,0,330,-24
56.999,40,0,0,0,330,-24
57.017,40,0,0,0,330,-24
57.033,40,0,0,0,330,-25
57.039,40,0,0,0,330,-25
57.063,40,0,0,0,330,-25
57.079,40,0,0,0,330,-25
57.099,40,0,0,0,330,-25
57.107,40,0,0,0,330,-25
57.129,40,0,0,0,330,-25
57.142,40,0,0,0,330,-25
57.158,40,0,0,0,330,-25
57.166,40,0,0,0,330,-25
57.174,40,0,0,0,330,-25
57.190,40,0,0,0,330,-25
57.212,40,0,0,0,330,-25
57.219,40,0,0,0,330,-25
57.224,40,0,0,0,330,-25
57.238,40,0,0,0,330,-25
57.253,40,0,0,0,330,-25
57.269,40,0,0,0,330,-25
57.285,40,0,0,0,330,-25
57.301,40,0,0,0,330,-25
57.324,40,0,0,0,330,-25
57.329,40,0,0,0,330,-25
57.349,40,0,0,0,330,-25
57.365,40,0,0,0,330,-25
57.393,40,0,0,0,330,-25
57.400,40,0,0,0,330,-25
57.428,40,0,0,0,330,-25
57.451,40,0,0,0,330,-25
57.460,40,0,0,0,330,-25
57.478,40,0,0,0,330,-25
57.492,40,0,0,0,330,-25
57.500,40,0,0,0,330,-25
57.528,40,0,0,0,330,-25
57.562,40,0,0,0,330,-25
57.586,40,0,0,0,330,-25
57.602,40,0,0,0,330,-25
57.632,40,0,0,0,330,-25
57.653,40,0,0,0,330,-25
57.659,40,0,0,0,330,-25
57.678,40,0,0,0,330,-25
57.694,40,0,0,0,330,-25
57.722,40,0,0,0,330,-25
57.745,40,0,0,0,330,-25
57.760,40,0,0,0,330,-25
57.778,40,0,0,0,330,-25
57.802,40,0,0,0,320,-25
57.823,40,0,0,0,320,-25
57.837,40,0,0,0,320,-25
57.854,40,0,0,0,320,-25
57.871,40,0,0,0,320,-25
57.879,40,0,0,0,320,-25
57.893,40,0,0,0,320,-25
57.909,40,0,0,0,320,-25
57.926,40,0,0,0,320,-25
57.931,40,0,0,0,320,-25
57.941,40,0,0,0,320,-25
57.957,40,0,0,0,320,-25
57.973,40,0,0,0,320,-25
57.989,40,0,0,0,320,-25
58.005,40,0,0,0,310,-25
58.021,40,0,0,0,310,-25
58.026,40,0,0,0,310,-25
58.037,40,0,0,0,310,-25
58.053,40,0,0,0,310,-25
58.069,40,0,0,0,310,-25
58.085,40,0,0,0,310,-25
58.101,40,0,0,0,310,-25
58.117,40,0,0,0,310,-25
58.133,40,0,0,0,310,-25
58.149,40,0,0,0,310,-25
58.154,40,0,0,0,310,-25
58.181,40,0,0,0,310,-25
58.186,40,0,0,0,310,-25
58.198,40,0,0,0,310,-25
58.212,40,0,0,0,310,-25
58.220,40,0,0,0,310,-25
58.228,40,0,0,0,310,-25
58.244,40,0,0,0,300,-25
58.249,40,0,0,0,300,-25
58.263,40,0,0,0,300,-25
58.276,40,0,0,0,300,-25
58.292,0,0,0,0,300,-25
58.308,0,0,0,0,300,-25
58.313,0,0,0,0,300,-25
58.340,0,0,0,0,280,-25
58.356,0,0,0,0,280,-25
58.372,0,0,0,0,280,-25
58.389,0,0,0,0,280,-25
58.404,40,0,0,0,280,-25
58.420,40,0,0,0,280,-25
58.436,40,0,0,0,280,-25
58.452,40,0,0,0,280,-25
58.468,40,0,0,0,280,-25
58.484,40,0,0,0,280,-25
58.500,40,0,0,0,280,-25
58.516,40,0,0,0,280,-25
58.532,40,0,0,0,280,-25
58.540,40,0,0,0,280,-25
58.564,40,0,0,0,270,-25
58.581,40,0,0,0,270,-25
58.591,40,0,0,0,270,-25
58.612,40,0,0,0,270,-25
58.617,40,0,0,0,270,-25
58.643,40,0,0,0,270,-25
58.648,40,0,0,0,270,-25
58.675,40,0,0,0,270,-25
58.691,40,0,0,0,270,-25
58.707,40,0,0,0,270,-25
58.723,40,0,0,0,270,-25
58.739,40,0,0,0,270,-25
58.752,40,0,0,0,270,-25
58.771,40,0,0,0,270,-25
58.787,40,0,0,0,270,-25
58.803,40,0,0,0,270,-25
58.819,40,0,0,0,270,-25
58.835,40,0,0,0,270,-25
58.840,40,0,0,0,270,-25
58.867,40,0,0,0,270,-25
58.883,40,0,0,0,270,-25
58.899,40,0,0,0,270,-25
58.915,40,0,0,0,270,-25
58.931,40,0,0,0,270,-25
58.936,40,0,0,0,270,-25
58.949,0,0,0,0,270,-25
58.979,0,0,0,0,270,-25
58.995,0,0,0,0,270,-25
59.012,0,0,0,0,270,-25
59.028,0,0,0,0,270,-25
59.043,0,0,0,0,270,-25
59.060,0,0,0,0,270,-25
59.076,0,0,0,0,270,-25
59.092,0,0,0,0,270,-25
59.107,0,0,0,0,270,-25
59.124,0,0,0,0,280,-25
59.140,0,0,0,0,280,-25
59.156,0,0,0,0,280,-25
59.172,0,0,0,0,280,-25
59.188,0,0,0,0,280,-25
59.204,0,0,0,0,280,-25
59.220,0,0,0,0,280,-25
59.236,0,0,0,0,280,-25
59.252,0,0,0,0,280,-25
59.269,0,0,0,0,280,-25
59.285,0,0,0,0,280,-25
59.300,0,0,0,0,280,-25
59.316,0,0,0,0,280,-25
59.332,0,0,0,0,280,-25
59.348,0,0,0,0,290,-25
59.364,0,0,0,0,290,-25
59.382,0,0,0,0,290,-25
59.396,0,0,0,0,290,-25
59.412,0,0,0,0,290,-25
59.428,0,0,0,0,290,-25
59.444,0,0,0,0,290,-25
59.460,0,0,0,0,300,-25
59.476,0,0,0,0,300,-25
59.492,0,0,0,0,300,-25
59.508,0,0,0,0,300,-25
59.524,0,0,0,0,300,-25
59.540,0,0,0,0,300,-25
59.556,0,0,0,0,300,-25
59.572,0,0,0,0,310,-25
59.588,0,0,0,0,310,-25
59.604,0,0,0,0,310,-25
59.620,0,0,0,0,310,-25
59.636,0,0,0,0,310,-25
59.652,0,0,0,0,310,-25
59.668,0,0,0,0,310,-25
59.684,0,0,0,0,310,-25
59.700,0,0,0,0,320,-25
59.716,0,0,0,0,320,-25
59.732,0,0,0,0,320,-25
59.748,0,0,0,0,320,-25
59.764,0,0,0,0,320,-25
59.770,0,0,0,0,320,-25
59.789,0,0,0,0,320,-25
59.804,0,0,0,0,320,-25
59.819,0,0,0,0,320,-25
59.828,0,0,0,0,320,-25
59.837,0,0,0,0,320,-25
59.853,0,0,0,0,320,-25
59.861,0,0,0,0,320,-25
59.886,0,0,0,0,320,-25
59.894,0,0,0,0,320,-25
59.911,0,0,0,0,330,-25
59.919,0,0,0,0,330,-25
59.935,0,0,0,0,330,-25
59.944,0,0,0,0,330,-25
59.960,0,0,0,0,330,-25
59.969,0,0,0,0,330,-25
59.988,0,0,0,0,330,-25
60.000,0,0,0,0,330,-25
60.017,0,0,0,0,340,-25
60.035,0,0,0,-40,340,-25
60.053,0,0,0,-40,340,-25
60.066,0,0,0,-40,340,-25
60.084,0,0,0,-40,340,-25
60.100,0,0,0,-40,340,-25
60.109,0,0,0,-40,340,-25
60.117,0,0,0,-40,340,-25
60.133,0,0,0,-40,340,-25
60.150,0,0,0,-40,340,-25
60.166,0,0,0,-40,340,-25
60.183,0,0,0,-40,340,-25
60.198,0,0,0,-40,340,-25
60.215,0,0,0,-40,340,-25
60.231,0,0,0,-40,340,-25
60.248,0,0,0,-40,340,-25
60.263,0,0,0,-40,350,-25
60.281,0,0,0,-40,350,-25
60.306,0,0,0,-40,350,-25
60.322,0,0,0,-40,350,-25
60.339,0,0,0,-40,350,-25
60.356,0,0,0,-40,350,-28
60.364,0,0,0,-40,350,-28
60.372,0,0,0,-40,350,-28
60.389,0,0,0,-40,350,-28
60.406,0,0,0,-40,350,-28
60.414,0,0,0,-40,350,-28
60.427,0,0,0,-40,350,-28
60.440,0,0,0,-40,350,-28
60.465,0,0,0,-40,350,-28
60.472,0,0,0,-40,350,-30
60.498,0,0,0,-40,350,-30
60.506,0,0,0,-40,350,-30
60.522,0,0,0,-40,350,-30
60.543,0,0,0,-40,350,-30
60.556,0,0,0,-40,350,-30
60.573,0,0,0,-40,350,-33
60.585,0,0,0,-40,350,-33
60.589,0,0,0,-40,350,-33
60.611,0,0,0,-40,350,-33
60.617,0,0,0,0,350,-33
60.643,0,0,0,0,350,-33
60.660,0,0,0,0,350,-33
60.676,0,0,0,0,350,-35
60.692,0,0,0,0,350,-35
60.708,0,0,0,0,350,-35
60.724,0,0,0,0,350,-35
60.739,0,0,0,0,350,-35
60.755,0,0,0,0,350,-35
60.771,0,0,0,0,350,-35
60.787,0,0,0,0,350,-38
60.803,0,0,0,0,350,-38
60.819,0,0,0,0,350,-38
60.834,0,0,0,0,350,-38
60.850,0,0,0,0,350,-38
60.867,0,0,0,0,350,-38
60.882,0,0,0,0,350,-38
60.898,0,0,0,0,350,-39
60.914,0,0,0,0,350,-39
60.930,0,0,0,0,350,-39
60.946,0,0,0,0,350,-39
60.977,0,0,0,0,350,-39
60.993,0,0,0,0,350,-39
61.008,0,0,0,0,350,-39
61.025,0,0,0,0,340,-39
61.041,0,0,0,0,340,-39
61.057,0,0,0,0,340,-39
61.073,0,0,0,0,340,-39
61.089,0,0,0,0,340,-39
61.105,0,0,0,0,340,-39
61.112,0,-40,0,0,340,-39
61.136,0,-40,0,0,340,-40
61.159,0,-40,0,0,340,-40
61.175,0,-40,0,0,340,-40
61.191,0,-40,0,0,340,-40
61.207,0,-40,0,0,340,-40
61.223,0,-40,0,0,340,-40
61.239,0,-40,0,0,330,-40
61.247,0,-40,0,0,330,-40
61.259,0,-40,0,0,330,-40
61.275,0,-40,0,0,330,-40
61.288,0,-40,0,0,330,-40
61.300,0,-40,0,0,330,-40
61.333,0,-40,0,0,330,-40
61.348,0,-40,0,0,330,-40
61.365,0,-40,0,0,330,-40
61.383,0,-40,0,0,330,-40
61.397,0,-40,0,0,330,-40
61.415,0,-40,0,0,330,-40
61.429,0,-40,0,0,330,-40
61.445,0,-40,0,0,330,-40
61.461,0,-40,0,0,330,-40
61.493,0,-40,0,0,330,-40
61.509,0,-40,0,0,330,-40
61.525,0,-40,0,0,330,-40
61.541,0,-40,0,0,330,-40
61.557,0,-40,0,0,320,-40
61.573,0,-40,0,0,320,-40
61.589,0,-40,0,0,320,-40
61.605,0,-40,0,0,320,-40
61.621,0,-40,0,0,320,-40
61.637,0,-40,0,0,320,-40
61.654,0,-40,0,0,320,-40
61.664,0,-40,0,0,320,-40
61.678,0,-40,0,0,310,-40
61.701,0,-40,0,0,310,-40
61.710,0,-40,0,0,310,-40
61.726,0,-40,0,0,310,-40
61.730,0,-40,0,0,310,-40
61.740,0,-40,0,0,310,-40
61.757,0,-40,0,0,310,-40
61.768,0,-40,0,0,310,-40
61.775,0,-40,0,0,310,-40
61.789,0,-40,0,0,310,-40
61.804,0,-40,0,0,310,-40
61.820,0,-40,0,0,310,-40
61.834,0,-40,0,0,310,-40
61.852,0,-40,0,0,310,-40
61.864,0,-40,0,0,310,-40
61.884,0,-40,0,0,310,-40
61.897,0,-40,0,0,300,-40
61.902,0,-40,0,0,300,-40
61.923,0,-40,0,0,300,-40
61.935,0,-40,0,0,300,-40
61.942,0,-40,0,0,300,-40
61.956,0,0,0,0,300,-40
61.971,0,0,0,0,300,-40
61.987,0,0,0,0,300,-40
62.003,0,0,0,0,300,-40
62.019,0,0,0,0,300,-40
62.035,0,0,0,0,300,-40
62.051,0,0,0,0,300,-40
62.059,0,0,0,0,300,-40
62.076,0,0,0,0,300,-40
62.092,0,0,0,0,300,-40
62.107,0,0,0,0,300,-40
62.119,0,-40,0,0,300,-40
62.132,0,-40,0,0,300,-40
62.140,0,-40,0,0,300,-40
62.156,0,-40,0,0,300,-40
62.172,0,-40,0,0,300,-40
62.188,0,-40,0,0,300,-40
62.204,0,-40,0,0,300,-40
62.225,0,-40,0,0,300,-40
62.234,0,-40,0,0,300,-40
62.249,0,-40,0,0,300,-40
62.267,0,-40,0,0,300,-40
62.282,0,-40,0,0,300,-40
62.298,0,-40,0,0,300,-40
62.314,0,-40,0,0,300,-40
62.324,0,-40,0,0,300,-40
62.346,0,-40,0,0,300,-40
62.362,0,-40,0,0,300,-40
62.378,0,-40,0,0,300,-40
62.394,0,-40,0,0,300,-40
62.410,0,-40,0,0,300,-40
62.426,0,-40,0,0,310,-40
62.441,0,-40,0,0,310,-40
62.457,0,-40,0,0,310,-40
62.473,0,-40,0,0,310,-40
62.488,0,-40,0,0,310,-40
62.519,0,-40,0,0,310,-40
62.535,0,-40,0,0,310,-40
62.551,0,-40,0,0,310,-40
62.567,0,-40,0,0,310,-40
62.583,0,-40,0,0,310,-40
62.599,0,-40,0,0,310,-40
62.615,0,-40,0,0,310,-40
62.631,0,-40,0,0,310,-40
62.637,0,-40,0,0,310,-40
62.649,0,-40,0,0,310,-40
62.674,0,-40,0,0,310,-40
62.686,0,-40,0,0,310,-40
62.704,0,-40,0,0,310,-40
62.721,0,-40,0,0,310,-40
62.737,0,-40,0,0,310,-40
62.753,0,-40,0,0,320,-40
62.765,0,-40,0,0,320,-40
62.784,0,-40,0,0,320,-40
62.789,0,-40,0,0,320,-40
62.802,0,-40,0,0,320,-40
62.809,0,-40,0,0,320,-40
62.825,0,-40,0,0,320,-40
62.830,0,-40,0,0,320,-40
62.849,0,-40,0,0,320,-40
62.857,0,-40,0,0,330,-40
62.872,0,-40,0,0,330,-40
62.888,0,-40,0,0,330,-40
62.905,0,-40,0,0,330,-40
62.920,0,-40,0,0,330,-40
62.934,0,-40,0,0,330,-40
62.946,0,-40,0,0,330,-40
62.968,0,-40,0,0,330,-40
62.975,0,-40,0,0,330,-40
62.992,0,0,0,0,330,-40
63.007,0,0,0,0,330,-40
63.023,0,0,0,0,330,-40
63.039,0,0,0,0,330,-40
63.055,0,0,0,0,330,-40
63.071,0,0,0,0,330,-40
63.087,0,0,0,0,330,-40
63.103,0,0,0,0,330,-40
63.119,0,0,0,0,330,-40
63.135,0,0,0,0,330,-40
63.151,0,0,0,0,330,-40
63.167,0,0,0,0,330,-40
63.192,0,0,0,0,330,-40
63.207,0,0,0,0,330,-40
63.223,0,0,0,0,330,-40
63.238,0,0,0,0,330,-40
63.255,0,0,0,0,330,-40
63.271,0,0,0,0,330,-40
63.287,0,0,0,0,330,-40
63.303,0,0,0,0,330,-40
63.318,0,0,0,0,330,-40
63.334,0,0,0,0,330,-40
63.350,0,0,0,0,330,-40
63.359,0,0,0,0,330,-40
63.375,0,0,0,0,330,-40
63.392,0,0,0,0,330,-40
63.407,0,0,0,0,330,-40
63.419,0,0,0,0,340,-40
63.439,0,0,0,0,340,-40
63.455,0,0,0,0,340,-40
63.463,0,0,0,0,340,-40
63.471,0,0,0,0,340,-40
63.488,0,0,0,0,340,-40
63.505,0,0,0,0,340,-40
63.513,0,0,0,0,340,-40
63.529,0,0,0,0,340,-40
63.545,0,0,0,0,340,-40
63.561,0,0,0,0,340,-40
63.577,0,0,0,0,340,-40
63.593,0,0,0,0,340,-40
63.608,0,0,0,0,340,-40
63.624,0,0,0,0,340,-40
63.640,0,0,0,0,330,-39
63.656,0,0,0,0,330,-39
63.672,0,0,0,0,330,-39
63.688,0,0,0,0,330,-39
63.704,0,0,0,0,330,-39
63.721,0,0,0,0,330,-39
63.735,0,0,0,0,330,-39
63.751,0,0,0,0,330,-39
63.762,0,0,0,0,330,-39
63.783,0,0,0,0,330,-39
63.799,0,0,0,0,330,-39
63.815,0,0,0,0,330,-39
63.831,0,0,0,0,330,-39
63.862,0,0,0,0,330,-39
63.878,0,0,0,0,330,-39
63.895,0,0,0,0,330,-39
63.911,0,0,0,0,330,-39
63.927,0,0,0,0,330,-39
63.943,0,0,0,0,330,-39
63.959,0,0,0,0,330,-39
63.973,0,0,0,0,330,-39
63.991,0,0,0,0,330,-39
64.007,0,0,0,0,330,-39
64.023,0,0,0,0,330,-39
64.039,0,0,0,0,330,-39
64.055,0,0,0,0,330,-39
64.071,0,0,0,0,330,-39
64.087,0,0,0,0,330,-39
64.119,0,0,0,0,330,-39
64.135,0,0,0,0,330,-39
64.151,0,0,0,0,330,-39
64.167,0,0,0,0,330,-39
64.184,0,0,0,0,330,-39
64.199,0,0,0,0,330,-39
64.215,0,0,0,0,330,-39
64.231,0,0,0,0,330,-39
64.247,0,0,0,0,330,-39
64.263,0,0,0,0,330,-39
64.279,0,0,0,0,330,-39
64.295,0,0,0,0,330,-39
64.310,0,0,0,0,320,-39
64.326,0,0,0,0,320,-39
64.342,0,0,0,0,320,-39
64.358,0,0,0,0,320,-39
64.374,0,0,0,0,320,-39
64.390,0,0,0,0,320,-39
64.406,0,0,0,0,320,-39
64.422,0,0,0,0,320,-39
64.437,0,0,0,0,320,-39
64.453,0,0,0,0,320,-39
64.470,0,0,0,0,320,-39
64.485,0,0,0,0,320,-39
64.501,0,0,0,0,320,-39
64.517,0,0,0,0,320,-39
64.533,0,0,0,0,320,-39
64.549,0,0,0,0,320,-39
64.565,0,0,0,0,320,-39
64.581,0,0,0,0,320,-39
64.597,0,0,0,0,320,-39
64.613,0,0,0,0,320,-39
64.629,0,0,0,0,320,-39
64.645,0,0,0,0,310,-39
64.661,0,0,0,0,310,-39
64.677,0,0,0,0,310,-39
64.693,0,0,0,0,310,-39
64.709,0,0,0,0,310,-39
64.724,0,0,0,0,310,-39
64.741,0,0,0,0,310,-39
64.757,0,0,0,0,310,-39
64.773,0,0,0,0,310,-39
64.789,0,0,0,0,310,-39
64.805,0,0,0,0,310,-39
64.821,0,0,0,0,310,-39
64.837,0,0,0,0,310,-39
64.852,0,0,0,0,310,-39
64.865,0,0,0,0,310,-39
64.884,0,0,0,0,310,-39
64.900,0,0,0,0,310,-39
64.916,0,0,0,0,310,-39
64.932,0,0,0,0,310,-39
64.948,0,0,0,0,310,-39
64.964,0,0,0,0,310,-39
64.980,0,0,0,0,310,-39
64.996,0,0,0,0,310,-39
65.012,0,0,0,0,310,-39
65.028,0,0,40,0,310,-39
65.046,0,0,40,0,310,-39
65.059,0,0,40,0,310,-39
65.075,0,0,40,0,310,-39
65.091,0,0,40,0,310,-39
65.107,0,0,40,0,310,-39
65.123,0,0,40,0,310,-39
65.139,0,0,40,0,310,-39
65.155,0,0,40,0,310,-39
65.171,0,0,40,0,310,-39
65.187,0,0,40,0,310,-39
65.203,0,0,40,0,310,-39
65.220,0,0,40,0,310,-39
65.236,0,0,40,0,310,-39
65.252,0,0,40,0,310,-39
65.268,0,0,40,0,310,-39
65.284,0,0,40,0,310,-39
65.300,0,0,40,0,310,-39
65.316,0,0,40,0,310,-39
65.331,0,0,40,0,310,-39
65.347,0,0,40,0,310,-39
65.363,0,0,40,0,310,-39
65.379,0,0,40,0,310,-39
65.395,0,0,40,0,310,-39
65.411,0,0,40,0,310,-39
65.427,0,0,40,0,310,-39
65.443,0,0,40,0,310,-39
65.459,0,0,40,0,310,-39
65.475,0,0,40,0,310,-39
65.491,0,0,40,0,310,-39
65.508,0,0,40,0,310,-39
65.523,0,0,40,0,310,-39
65.540,0,0,40,0,310,-39
65.556,0,0,40,0,310,-39
65.562,0,0,40,0,310,-39
65.574,0,0,40,0,310,-39
65.588,0,0,40,0,310,-39
65.604,0,0,40,0,310,-39
65.620,0,0,40,0,310,-39
65.636,0,0,40,0,310,-39
65.652,0,0,40,0,310,-39
65.668,0,0,40,0,310,-39
65.675,0,0,40,0,310,-39
65.684,0,0,40,0,310,-39
65.700,0,0,40,0,310,-39
65.706,0,0,40,0,310,-39
65.716,0,0,40,0,310,-39
65.732,0,0,40,0,310,-39
65.739,0,0,40,0,310,-39
65.750,0,0,40,0,310,-39
65.780,0,0,40,0,310,-39
65.796,0,0,40,0,310,-39
65.801,0,0,40,0,310,-39
65.814,0,0,40,0,310,-39
65.828,0,0,40,0,310,-39
65.833,0,0,40,0,310,-39
65.844,0,0,40,0,310,-39
65.860,0,0,40,0,310,-39
65.867,0,0,40,0,320,-39
65.876,0,0,40,0,320,-39
65.892,0,0,40,0,320,-39
65.908,0,0,40,0,320,-39
65.924,0,0,40,0,320,-39
65.940,0,0,40,0,320,-39
65.956,0,0,40,0,320,-39
65.961,0,0,40,0,320,-39
65.989,0,0,40,0,320,-39
66.005,0,0,40,0,320,-39
66.021,0,0,40,0,320,-39
66.037,0,0,40,0,320,-39
66.053,0,0,40,0,320,-39
66.070,0,0,40,0,320,-39
66.084,0,0,40,0,320,-39
66.100,0,0,40,0,320,-39
66.116,0,0,40,0,320,-39
66.133,0,0,40,0,320,-39
66.137,0,0,40,0,320,-39
66.164,0,0,40,0,320,-39
66.170,0,0,40,0,320,-39
66.181,0,0,40,0,320,-39
66.197,0,0,40,0,320,-39
66.202,0,0,40,0,320,-39
66.229,0,0,40,0,320,-39
66.234,0,0,40,0,320,-39
66.245,0,0,40,0,320,-39
66.261,0,0,40,0,320,-39
66.265,0,0,40,0,320,-39
66.276,0,0,40,0,320,-39
66.293,0,0,40,0,320,-39
66.298,0,0,40,0,320,-39
66.309,0,0,40,0,320,-39
66.325,0,0,40,0,320,-39
66.330,0,0,40,0,320,-39
66.341,0,0,40,0,320,-39
66.357,0,0,40,0,320,-39
66.362,0,0,40,0,320,-39
66.372,0,0,40,0,320,-39
66.388,0,0,40,0,320,-39
66.394,0,0,40,0,320,-39
66.404,0,0,40,0,320,-39
66.436,0,0,40,0,320,-39
66.441,0,0,40,0,320,-39
66.468,0,0,40,0,320,-39
66.483,0,0,40,0,320,-39
66.488,0,0,40,0,320,-39
66.515,0,0,40,0,320,-39
66.530,0,0,40,0,320,-39
66.546,0,0,40,0,320,-39
66.562,0,0,40,0,320,-39
66.578,0,0,40,0,320,-39
66.594,0,0,40,0,320,-39
66.601,0,0,40,0,320,-39
66.610,0,0,40,0,320,-39
66.626,0,0,40,0,320,-39
66.641,0,0,40,0,320,-39
66.658,0,0,40,0,320,-39
66.662,0,0,40,0,320,-39
66.673,0,0,40,0,320,-39
66.690,0,0,40,0,320,-39
66.695,0,0,40,0,320,-39
66.706,0,0,40,0,320,-39
66.722,0,0,40,0,320,-39
66.726,0,0,40,0,320,-39
66.738,0,0,40,0,320,-39
66.753,0,0,40,0,320,-39
66.758,0,0,40,0,320,-39
66.769,0,0,40,0,320,-39
66.785,0,0,40,0,320,-39
66.801,0,0,40,0,320,-39
66.817,0,0,40,0,320,-39
66.829,0,0,40,0,320,-39
66.849,0,0,40,0,320,-39
66.854,0,0,40,0,320,-39
66.866,0,0,40,0,320,-39
66.881,0,0,40,0,320,-39
66.897,0,0,40,0,320,-39
66.914,0,0,40,0,320,-39
66.924,0,0,40,0,320,-39
66.931,0,0,40,0,320,-39
66.948,0,0,40,0,320,-39
66.957,0,0,40,0,320,-39
66.975,0,0,40,0,310,-39
66.989,0,0,40,0,310,-39
67.005,0,0,40,0,310,-39
67.021,0,0,40,0,310,-39
67.026,0,0,40,0,310,-39
67.037,0,0,40,0,310,-39
67.053,0,0,40,0,310,-39
67.058,0,0,40,0,310,-39
67.069,0,0,40,0,310,-39
67.086,0,0,40,0,310,-39
67.090,0,0,40,0,310,-39
67.101,0,0,40,0,310,-39
67.113,0,0,40,0,310,-39
67.123,0,0,40,0,310,-39
67.129,0,0,40,0,310,-39
67.148,0,0,40,0,310,-39
67.154,0,0,40,0,310,-39
67.164,0,0,40,0,310,-39
67.180,0,0,40,0,310,-39
67.185,0,0,40,0,310,-39
67.212,0,0,40,0,310,-39
67.228,0,0,40,0,310,-39
67.233,0,0,40,0,310,-39
67.247,0,0,40,0,310,-39
67.258,0,0,40,0,310,-39
67.276,0,0,40,0,310,-39
67.292,0,0,40,0,310,-39
67.307,0,0,40,0,300,-39
67.313,0,0,40,0,300,-39
67.340,0,0,40,0,300,-39
67.351,0,0,40,0,300,-39
67.372,0,0,40,0,300,-39
67.388,0,0,40,0,300,-39
67.404,0,0,40,0,300,-39
67.420,0,0,40,0,300,-39
67.436,0,0,40,0,300,-39
67.452,0,0,40,0,300,-39
67.468,0,0,40,0,300,-39
67.484,0,0,40,0,300,-39
67.489,0,0,40,0,300,-39
67.500,0,0,40,0,300,-39
67.516,0,0,40,0,300,-39
67.521,0,0,40,0,300,-39
67.532,0,0,40,0,300,-39
67.548,0,0,40,0,300,-39
67.554,0,0,40,0,300,-39
67.564,0,0,40,0,300,-39
67.580,0,0,40,0,300,-39
67.587,0,0,40,0,300,-39
67.600,0,0,40,0,300,-39
67.628,0,0,40,0,300,-39
67.644,0,0,40,0,300,-39
67.660,0,0,40,0,300,-39
67.676,0,0,40,0,300,-39
67.680,0,0,40,0,300,-39
67.707,0,0,40,0,300,-39
67.712,0,0,40,0,300,-39
67.722,0,0,40,0,300,-39
67.738,0,0,40,0,300,-39
67.754,0,0,40,0,310,-39
67.771,0,0,40,0,310,-39
67.787,0,0,40,0,310,-39
67.804,0,0,40,0,310,-39
67.808,0,0,40,0,310,-39
67.835,0,0,40,0,310,-39
67.851,0,0,40,0,310,-39
67.867,0,0,40,0,310,-39
67.883,0,0,40,0,310,-39
67.900,0,0,40,0,310,-39
67.915,0,0,40,0,310,-39
67.927,0,0,40,0,310,-39
67.947,0,0,40,0,310,-39
67.962,0,0,40,0,310,-39
67.978,0,0,40,0,310,-39
67.983,0,0,40,0,320,-40
67.994,0,0,40,0,320,-40
68.010,0,0,40,0,320,-40
68.021,0,0,40,0,320,-40
68.042,0,0,40,0,320,-40
68.047,0,0,40,0,320,-40
68.058,0,0,40,0,320,-40
68.074,0,0,40,0,320,-40
68.080,0,0,40,0,320,-40
68.090,0,0,40,0,320,-40
68.106,0,0,40,0,320,-40
68.117,0,0,40,0,320,-40
68.123,0,0,40,0,320,-40
68.138,0,0,40,0,320,-40
68.150,0,0,40,0,320,-40
68.170,0,0,40,0,320,-40
68.175,0,0,40,0,320,-40
68.202,0,0,40,0,320,-40
68.218,0,0,40,0,330,-40
68.234,0,0,40,0,330,-40
68.245,0,0,40,0,330,-40
68.266,0,0,40,0,330,-40
68.282,0,0,40,0,330,-40
68.298,0,0,40,0,330,-40
68.314,0,0,40,0,340,-40
68.330,0,0,40,0,340,-40
68.346,0,0,40,0,340,-40
68.362,0,0,40,0,340,-40
68.379,0,0,40,0,340,-40
68.384,0,0,40,0,340,-40
68.409,0,0,40,0,340,-40
68.421,0,0,40,0,340,-40
68.441,0,0,40,0,350,-40
68.446,0,0,40,0,350,-40
68.457,0,0,40,0,350,-40
68.475,0,0,40,0,350,-40
68.484,0,0,40,0,350,-40
68.506,0,0,40,0,350,-40
68.511,0,0,40,0,350,-40
68.521,0,0,40,0,350,-40
68.538,0,0,40,0,360,-40
68.548,0,0,40,0,360,-40
68.569,0,0,40,0,360,-40
68.579,0,0,40,0,360,-40
68.601,0,0,40,0,360,-40
68.617,0,0,40,0,360,-40
68.628,0,0,40,0,360,-40
68.649,0,0,40,0,370,-40
68.660,0,0,40,0,370,-40
68.681,0,0,40,0,370,-40
68.697,0,0,40,0,370,-40
68.713,0,0,40,0,370,-40
68.729,0,0,40,0,370,-40
68.745,0,0,0,0,370,-40
68.762,0,0,0,0,370,-40
68.778,0,0,0,0,370,-40
68.793,0,0,0,0,370,-40
68.809,0,0,0,0,370,-40
68.825,0,0,0,0,370,-40
68.841,0,0,0,0,370,-40
68.858,0,0,0,0,370,-40
68.873,0,0,0,0,370,-40
68.885,0,0,0,0,380,-40
68.905,0,0,0,0,380,-40
68.921,0,0,0,0,380,-40
68.937,0,0,0,0,380,-40
68.953,0,0,0,0,380,-40
68.969,0,0,0,0,380,-40
68.985,0,0,0,0,390,-40
69.001,0,0,0,0,390,-40
69.017,0,0,0,0,390,-40
69.033,0,0,0,0,390,-40
69.049,0,0,0,0,390,-40
69.065,0,0,0,0,390,-40
69.080,0,0,0,0,390,-40
69.096,0,0,0,0,400,-40
69.112,0,0,0,0,400,-40
69.128,0,0,0,0,400,-40
69.144,0,0,0,0,400,-40
69.160,0,0,0,0,400,-40
69.176,0,0,0,0,400,-40
69.193,0,0,0,0,400,-40
69.208,0,0,0,0,400,-40
69.224,0,0,0,0,400,-40
69.240,0,0,0,0,400,-40
69.256,0,0,0,0,400,-40
69.272,0,0,0,0,400,-40
69.288,0,0,0,0,400,-40
69.304,0,0,0,0,400,-40
69.321,0,-40,0,0,410,-40
69.326,0,-40,0,0,410,-40
69.337,0,-40,0,0,410,-40
69.346,0,-40,0,0,410,-40
69.360,0,-40,0,0,410,-40
69.376,0,-40,0,0,410,-40
69.384,0,-40,0,0,410,-40
69.407,0,-40,0,0,410,-40
69.423,0,-40,0,0,410,-40
69.439,0,-40,0,0,420,-40
69.447,0,-40,0,0,420,-40
69.460,0,-40,0,0,420,-40
69.468,0,-40,0,0,420,-40
69.476,0,-40,0,0,420,-40
69.485,0,-40,0,0,420,-40
69.501,0,-40,0,0,420,-40
69.511,0,-40,0,0,420,-40
69.522,0,-40,0,0,420,-40
69.541,0,-40,0,0,420,-40
69.557,0,-40,0,0,420,-40
69.572,0,-40,0,0,420,-40
69.589,0,-40,0,0,420,-40
69.604,0,-40,0,0,420,-40
69.620,0,-40,0,0,420,-40
69.636,0,-40,0,0,420,-40
69.652,0,-40,0,0,420,-40
69.668,0,-40,0,0,420,-40
69.684,0,-40,0,0,420,-40
69.700,0,-40,0,0,420,-40
69.717,0,-40,0,0,420,-40
69.732,0,-40,0,0,420,-40
69.747,0,-40,0,0,420,-40
69.764,0,-40,0,0,420,-40
69.779,0,-40,0,0,420,-40
69.795,0,-40,0,0,420,-40
69.811,0,-40,0,0,420,-40
69.827,0,-40,0,0,420,-40
69.843,0,-40,0,0,420,-40
69.859,0,-40,0,0,420,-40
69.872,0,-40,0,0,420,-40
69.876,0,-40,0,0,420,-40
69.890,0,-40,0,0,420,-40
69.906,0,0,0,0,420,-40
69.921,0,0,0,0,420,-40
69.937,0,0,0,0,420,-40
69.950,0,0,0,0,420,-40
69.969,0,0,0,0,420,-39
69.985,0,0,0,0,420,-39
70.001,0,0,0,0,420,-39
70.017,0,0,0,0,420,-39
70.026,0,-40,0,0,420,-39
70.041,0,-40,0,0,420,-39
70.058,0,-40,0,0,420,-39
70.074,0,-40,0,0,410,-39
70.090,0,-40,0,0,410,-39
70.098,0,-40,0,0,410,-39
70.109,0,-40,0,0,410,-39
70.122,0,-40,0,0,410,-39
70.135,0,-40,0,0,410,-39
70.162,0,-40,0,0,410,-39
70.178,0,-40,0,0,410,-39
70.183,0,-40,0,0,410,-40
70.210,0,-40,0,0,410,-40
70.226,0,-40,0,0,410,-40
70.242,0,-40,0,0,410,-40
70.258,0,-40,0,0,410,-40
70.274,0,-40,0,0,410,-40
70.290,0,-40,0,0,410,-40
70.306,0,-40,0,0,410,-40
70.322,0,-40,0,0,410,-40
70.338,0,-40,0,0,410,-40
70.354,0,-40,0,0,410,-40
70.370,0,-40,0,0,410,-40
70.386,0,0,0,0,410,-40
70.401,0,0,0,0,410,-40
70.417,0,0,0,0,410,-40
70.433,0,0,0,0,410,-40
70.450,0,0,0,0,410,-40
70.465,0,0,0,0,410,-40
70.482,0,0,0,0,410,-40
70.497,0,0,0,0,410,-40
70.513,0,0,0,0,420,-40
70.529,0,0,0,0,420,-40
70.545,0,0,0,0,420,-40
70.562,0,0,0,0,420,-40
70.591,0,0,0,0,420,-40
70.607,0,0,0,0,420,-40
70.619,0,-40,0,0,420,-40
70.626,0,-40,0,0,430,-40
70.639,0,-40,0,0,430,-40
70.659,0,-40,0,0,430,-40
70.675,0,-40,0,0,430,-40
70.691,0,-40,0,0,430,-40
70.708,0,-40,0,0,430,-40
70.723,0,-40,0,0,430,-40
70.739,0,-40,0,0,430,-39
70.755,0,-40,0,0,430,-39
70.771,0,-40,0,0,430,-39
70.787,0,-40,0,0,430,-39
70.803,0,-40,0,0,430,-39
70.819,0,-40,0,0,430,-39
70.835,0,-40,0,0,430,-39
70.850,0,-40,0,0,440,-39
70.866,0,-40,0,0,440,-39
70.882,0,-40,0,0,440,-39
70.898,0,-40,0,0,440,-39
70.914,0,-40,0,0,440,-39
70.929,0,-40,0,0,440,-39
70.945,0,-40,0,0,440,-39
70.961,0,-40,0,0,450,-39
70.977,0,-40,0,0,450,-39
70.993,0,-40,0,0,450,-39
71.009,0,-40,0,0,450,-39
71.025,0,0,0,0,450,-39
71.040,0,0,0,0,450,-39
71.057,0,0,0,0,450,-39
71.073,0,0,0,0,450,-40
71.088,0,0,0,0,450,-40
71.104,0,0,0,0,450,-40
71.120,0,0,0,0,450,-40
71.136,0,0,0,0,450,-40
71.152,0,0,0,0,450,-40
71.168,0,0,0,0,450,-40
71.177,0,0,0,0,460,-40
71.192,0,0,0,0,460,-40
71.208,0,0,0,0,460,-40
71.224,0,0,0,0,460,-40
71.240,0,0,0,0,460,-40
71.256,0,0,0,0,460,-40
71.272,0,0,0,0,460,-40
71.288,0,0,0,0,460,-40
71.303,0,0,0,0,460,-40
71.319,0,0,0,0,460,-40
71.335,0,0,0,0,460,-40
71.351,0,0,0,0,460,-40
71.367,0,0,0,0,460,-40
71.377,0,0,0,0,460,-40
71.391,0,0,0,0,460,-40
71.407,0,0,0,0,460,-40
71.418,0,0,0,0,460,-40
71.440,0,0,0,0,460,-40
71.455,0,0,0,0,460,-40
71.472,0,0,0,0,460,-40
71.488,0,0,0,0,460,-40
71.503,0,0,0,0,470,-40
71.519,0,0,0,0,470,-40
71.535,0,0,0,0,470,-40
71.552,0,0,0,0,470,-40
71.560,0,0,0,0,470,-40
71.576,0,0,0,0,470,-40
71.591,0,0,0,0,470,-40
71.607,0,0,0,0,470,-40
71.623,0,0,0,0,470,-40
71.639,0,0,0,0,470,-40
71.655,0,0,0,0,470,-40
71.671,0,0,0,0,470,-40
71.687,0,0,0,0,470,-40
71.703,0,0,0,0,460,-40
71.719,0,0,0,0,460,-40
71.735,0,0,0,0,460,-40
71.752,0,0,0,0,460,-40
71.774,0,0,0,0,460,-40
71.791,0,0,0,0,460,-40
71.806,0,0,0,0,460,-40
71.811,0,0,0,0,460,-39
71.838,0,0,0,0,460,-39
71.854,0,0,0,0,460,-39
71.870,0,0,0,0,460,-39
71.886,0,0,0,0,460,-39
71.902,0,0,0,0,460,-39
71.918,0,0,0,0,460,-39
71.934,0,0,0,0,460,-40
71.945,0,0,0,0,460,-40
71.974,0,0,0,0,460,-40
71.999,0,0,0,0,460,-40
72.023,0,0,0,0,460,-40
72.039,0,0,0,0,460,-40
72.055,0,0,0,0,460,-40
72.071,0,0,0,0,460,-40
72.087,0,0,0,0,460,-40
72.103,0,0,0,0,460,-40
72.119,0,0,0,0,460,-40
72.135,0,0,0,0,460,-40
72.151,0,0,0,0,450,-40
72.167,0,0,0,0,450,-40
72.183,0,0,0,0,450,-40
72.198,0,0,0,0,450,-40
72.214,0,0,0,0,450,-40
72.230,0,0,0,0,450,-40
72.246,0,0,0,0,440,-40
72.262,0,0,0,0,440,-40
72.278,0,0,0,0,440,-40
72.295,0,0,0,0,440,-40
72.311,0,0,0,0,440,-40
72.327,0,0,0,0,440,-40
72.358,0,0,0,0,440,-40
72.374,0,0,0,0,440,-40
72.390,0,0,0,0,440,-40
72.406,0,0,0,0,440,-40
72.422,0,0,0,0,440,-40
72.438,0,0,0,0,440,-40
72.454,0,0,0,0,440,-40
72.470,0,0,0,0,440,-40
72.483,0,0,0,0,440,-40
72.502,0,0,0,0,440,-40
72.518,0,0,0,0,440,-40
72.534,0,0,0,0,440,-40
72.550,0,0,0,0,440,-40
72.566,0,0,0,0,440,-40
72.582,0,0,0,0,430,-40
72.598,0,0,0,0,430,-40
72.614,0,0,0,0,430,-40
72.630,0,0,0,0,430,-40
72.645,0,0,0,0,430,-40
72.661,0,0,0,0,430,-40
72.677,0,0,0,0,430,-40
72.693,0,0,0,0,430,-40
72.709,0,0,0,0,430,-40
72.725,0,0,0,0,430,-40
72.741,0,0,0,0,430,-40
72.757,0,0,0,0,430,-40
72.773,0,0,0,0,430,-40
72.789,0,0,0,0,430,-40
72.804,0,0,0,0,430,-40
72.821,0,0,0,0,430,-40
72.837,0,0,0,0,430,-40
72.852,0,0,0,0,430,-40
72.884,0,0,0,0,430,-40
72.895,0,0,0,0,430,-40
72.919,0,0,0,0,420,-40
72.932,0,0,0,0,420,-40
72.948,0,0,0,0,420,-40
72.965,0,0,0,0,420,-40
72.981,0,0,0,0,420,-40
72.997,0,0,0,0,420,-40
73.013,0,0,0,0,420,-40
73.029,0,0,0,0,420,-40
73.045,0,0,0,0,420,-40
73.061,0,0,0,0,420,-40
73.077,0,0,0,0,420,-40
73.093,0,0,0,0,420,-40
73.109,0,0,0,0,420,-40
73.125,0,0,0,0,420,-40
73.142,0,0,0,0,420,-39
73.158,0,0,0,0,420,-39
73.174,0,0,0,0,420,-39
73.185,0,0,0,0,420,-39
73.206,0,0,0,0,420,-39
73.222,0,0,0,0,420,-39
73.238,0,0,0,0,420,-39
73.254,0,0,0,0,420,-39
73.270,0,0,0,0,410,-39
73.286,0,0,0,0,410,-39
73.302,0,0,0,0,410,-39
73.317,0,0,0,0,410,-39
73.334,0,0,0,0,410,-39
73.349,0,0,0,0,410,-39
73.365,0,0,0,0,400,-39
73.381,0,0,0,0,400,-39
73.397,0,0,0,0,400,-39
73.413,0,0,0,0,400,-39
73.428,0,0,0,0,400,-39
73.445,0,0,0,0,400,-39
73.461,0,0,0,0,400,-39
73.476,0,0,0,0,400,-39
73.492,0,0,0,0,400,-39
73.508,0,0,0,0,400,-39
73.524,0,0,0,0,400,-39
73.539,0,0,0,0,400,-39
73.555,0,0,0,0,400,-39
73.573,0,0,0,0,400,-39
73.587,0,0,0,0,400,-40
73.602,0,0,0,0,400,-40
73.615,0,0,0,0,400,-40
73.635,0,0,0,0,400,-40
73.651,0,0,0,0,400,-40
73.666,0,0,0,0,400,-40
73.682,0,0,0,0,400,-40
73.698,0,0,0,0,400,-40
73.714,0,0,0,0,400,-40
73.730,0,0,0,0,400,-40
73.746,0,0,0,0,400,-40
73.759,0,0,0,0,400,-40
73.778,0,0,0,0,400,-40
73.794,0,0,0,0,400,-40
73.810,0,0,0,0,400,-40
73.826,0,0,0,0,390,-39
73.842,0,0,0,0,390,-39
73.858,0,0,0,0,390,-39
73.874,0,0,0,0,390,-39
73.890,0,0,0,0,390,-39
73.906,0,0,0,0,390,-39
73.921,0,0,0,0,390,-39
73.937,0,0,0,0,390,-39
73.953,0,0,0,0,390,-39
73.969,0,0,0,0,390,-39
73.985,0,0,0,0,390,-39
74.000,0,0,0,0,390,-39
74.016,0,0,0,0,390,-39
74.033,0,0,0,0,390,-39
74.047,0,0,0,0,390,-39
74.063,0,0,0,0,390,-39
74.079,0,0,0,0,390,-39
74.095,0,0,0,0,390,-39
74.110,0,0,0,0,390,-39
74.126,0,0,0,0,390,-39
74.142,0,0,0,0,390,-39
74.158,0,0,0,0,380,-39
74.174,0,0,0,0,380,-39
74.190,0,0,0,0,380,-39
74.206,0,0,0,0,380,-39
74.223,0,0,0,0,380,-39
74.239,0,0,0,0,380,-39
74.255,0,0,0,0,380,-39
74.271,0,0,0,0,380,-39
74.287,0,0,0,0,380,-39
74.303,0,0,0,0,380,-39
74.319,0,0,0,0,380,-39
74.335,0,0,0,0,380,-39
74.352,40,0,0,0,380,-39
74.357,40,0,0,0,380,-39
74.383,40,0,0,0,370,-39
74.399,40,0,0,0,370,-39
74.415,40,0,0,0,370,-39
74.420,40,0,0,0,370,-39
74.447,40,0,0,0,370,-39
74.463,40,0,0,0,370,-39
74.482,40,0,0,0,370,-39
74.496,40,0,0,0,370,-39
74.527,40,0,0,0,370,-39
74.544,40,0,0,0,370,-39
74.559,40,0,0,0,370,-39
74.575,40,0,0,0,370,-39
74.591,40,0,0,0,370,-39
74.606,40,0,0,0,370,-39
74.622,40,0,0,0,370,-39
74.638,40,0,0,0,370,-39
74.654,40,0,0,0,370,-39
74.675,40,0,0,0,370,-39
74.686,40,0,0,0,370,-39
74.702,40,0,0,0,370,-39
74.718,40,0,0,0,370,-39
74.734,40,0,0,0,370,-39
74.750,40,0,0,0,370,-39
74.766,40,0,0,0,370,-39
74.782,40,0,0,0,370,-39
74.798,40,0,0,0,370,-39
74.814,40,0,0,0,370,-39
74.830,40,0,0,0,370,-40
74.845,40,0,0,0,370,-40
74.861,40,0,0,0,370,-40
74.867,40,0,0,0,370,-40
74.878,40,0,0,0,370,-40
74.893,40,0,0,0,370,-40
74.910,40,0,0,0,370,-40
74.926,40,0,0,0,370,-40
74.932,40,0,0,0,380,-40
74.943,40,0,0,0,380,-40
74.958,40,0,0,0,380,-40
74.963,40,0,0,0,380,-40
74.976,40,0,0,0,380,-40
74.990,40,0,0,0,380,-40
74.995,40,0,0,0,380,-40
75.006,40,0,0,0,380,-40
75.022,40,0,0,0,380,-40
75.027,40,0,0,0,380,-40
75.038,40,0,0,0,380,-40
75.054,40,0,0,0,380,-40
75.059,40,0,0,0,380,-40
75.070,40,0,0,0,380,-40
75.086,40,0,0,0,380,-40
75.091,40,0,0,0,380,-40
75.102,40,0,0,0,380,-40
75.109,40,0,0,0,380,-40
75.133,40,0,0,0,380,-40
75.149,40,0,0,0,390,-40
75.166,40,0,0,0,390,-40
75.181,40,0,0,0,390,-40
75.190,40,0,0,0,390,-40
75.213,40,0,0,0,390,-40
75.224,40,0,0,0,390,-40
75.230,40,0,0,0,390,-40
75.245,40,0,0,0,390,-40
75.260,40,0,0,0,390,-40
75.277,40,0,0,0,390,-40
75.292,40,0,0,0,390,-40
75.304,40,0,0,0,390,-40
75.324,40,0,0,0,390,-40
75.340,40,0,0,0,390,-40
75.356,40,0,0,0,390,-40
75.372,40,0,0,0,390,-40
75.388,40,0,0,0,390,-40
75.392,40,0,0,0,390,-40
75.404,40,0,0,0,390,-40
75.420,40,0,0,0,390,-40
75.431,40,0,0,0,390,-40
75.435,40,0,0,0,390,-40
75.452,40,0,0,0,390,-40
75.456,40,0,0,0,390,-40
75.467,40,0,0,0,390,-40
75.483,40,0,0,0,400,-40
75.489,40,0,0,0,400,-40
75.515,40,0,0,0,400,-40
75.521,40,0,0,0,400,-40
75.547,40,0,0,0,400,-40
75.555,40,0,0,0,400,-40
75.579,40,0,0,0,400,-40
75.595,40,0,0,0,400,-39
75.611,40,0,0,0,400,-39
75.616,40,0,0,0,400,-39
75.643,40,0,0,0,400,-39
75.654,40,0,0,0,400,-39
75.658,40,0,0,0,400,-39
75.674,40,0,0,0,400,-39
75.690,40,0,0,0,400,-39
75.706,40,0,0,0,400,-39
75.721,40,0,0,0,400,-39
75.738,40,0,0,0,400,-39
75.754,40,0,0,0,400,-39
75.770,40,0,0,0,400,-39
75.786,40,0,0,0,400,-39
75.799,40,0,0,0,400,-39
75.805,40,0,0,0,400,-39
75.818,40,0,0,0,400,-39
75.823,40,0,0,0,400,-39
75.834,40,0,0,0,400,-39
75.850,40,0,0,0,400,-39
75.854,40,0,0,0,400,-39
75.866,40,0,0,0,400,-39
75.882,40,0,0,0,400,-39
75.887,40,0,0,0,400,-39
75.898,40,0,0,0,400,-39
75.914,40,0,0,0,400,-39
75.919,40,0,0,0,400,-39
75.946,40,0,0,0,410,-39
75.956,40,0,0,0,410,-39
75.978,40,0,0,0,410,-39
75.984,40,0,0,0,410,-39
76.010,40,0,0,0,410,-39
76.026,40,0,0,0,410,-39
76.042,40,0,0,0,410,-39
76.054,40,0,0,0,410,-39
76.075,40,0,0,0,410,-39
76.091,40,0,0,0,410,-39
76.107,40,0,0,0,410,-39
76.118,40,0,0,0,410,-39
76.139,40,0,0,0,410,-39
76.144,40,0,0,0,410,-39
76.171,40,0,0,0,410,-39
76.188,40,0,0,0,410,-39
76.203,40,0,0,0,410,-39
76.219,40,0,0,0,410,-39
76.236,40,0,0,0,410,-39
76.251,40,0,0,0,410,-39
76.264,40,0,0,0,410,-39
76.270,40,0,0,0,410,-39
76.300,40,0,0,0,410,-39
76.314,40,0,0,0,410,-39
76.330,40,0,0,0,410,-39
76.346,40,0,0,0,410,-39
76.357,40,0,0,0,410,-39
76.377,40,0,0,0,410,-39
76.388,40,0,0,0,410,-39
76.393,40,0,0,0,410,-39
76.409,40,0,0,0,410,-39
76.414,40,0,0,0,410,-39
76.425,40,0,0,0,410,-39
76.441,40,0,0,0,410,-39
76.448,40,0,0,0,410,-39
76.457,40,0,0,0,410,-39
76.473,40,0,0,0,410,-39
76.478,40,0,0,0,410,-39
76.505,40,0,0,0,410,-39
76.521,40,0,0,0,410,-39
76.538,40,0,0,0,410,-39
76.548,40,0,0,0,410,-39
76.558,40,0,0,0,410,-39
76.584,40,0,0,0,410,-39
76.599,40,0,0,0,410,-39
76.615,40,0,0,0,410,-40
76.631,40,0,0,0,410,-40
76.647,40,0,0,0,410,-40
76.657,40,0,0,0,410,-40
76.680,40,0,0,0,410,-40
76.696,40,0,0,0,410,-40
76.711,40,0,0,0,410,-40
76.727,40,0,0,0,410,-40
76.743,40,0,0,0,410,-40
76.748,40,0,0,0,410,-40
76.759,40,0,0,0,410,-40
76.775,40,0,0,0,410,-40
76.780,40,0,0,0,410,-40
76.807,40,0,0,0,410,-40
76.812,40,0,0,0,410,-40
76.823,40,0,0,0,410,-40
76.855,40,0,0,0,410,-40
76.871,40,0,0,0,410,-40
76.876,40,0,0,0,410,-40
76.887,40,0,0,0,410,-40
76.903,40,0,0,0,410,-40
76.919,40,0,0,0,410,-40
76.931,40,0,0,0,410,-40
76.950,40,0,0,0,410,-40
76.966,40,0,0,0,410,-40
76.982,40,0,0,0,410,-40
76.998,40,0,0,0,410,-40
77.014,40,0,0,0,410,-40
77.028,40,0,0,0,410,-40
77.045,40,0,0,0,410,-40
77.058,40,0,0,0,410,-40
77.077,40,0,0,0,410,-40
77.093,40,0,0,0,410,-40
77.108,40,0,0,0,410,-40
77.124,40,0,0,0,410,-40
77.140,40,0,0,0,410,-40
77.156,40,0,0,0,410,-40
77.172,40,0,0,0,410,-39
77.184,40,0,0,0,410,-39
77.204,40,0,0,0,410,-39
77.209,40,0,0,0,410,-39
77.220,40,0,0,0,410,-39
77.236,40,0,0,0,410,-39
77.241,40,0,0,0,410,-39
77.252,40,0,0,0,410,-39
77.269,40,0,0,0,410,-39
77.273,40,0,0,0,410,-39
77.300,40,0,0,0,410,-39
77.316,40,0,0,0,410,-39
77.332,40,0,0,0,410,-39
77.343,40,0,0,0,410,-39
77.365,40,0,0,0,410,-39
77.376,40,0,0,0,410,-39
77.396,40,0,0,0,410,-40
77.412,40,0,0,0,410,-40
77.428,40,0,0,0,410,-40
77.443,40,0,0,0,410,-40
77.454,40,0,0,0,410,-40
77.475,40,0,0,0,410,-40
77.487,40,0,0,0,410,-40
77.506,40,0,0,0,410,-40
77.518,40,0,0,0,410,-40
77.538,40,0,0,0,410,-40
77.553,40,0,0,0,410,-40
77.568,40,0,0,0,410,-40
77.574,40,0,0,0,410,-40
77.594,40,0,0,0,410,-40
77.600,40,0,0,0,410,-40
77.605,40,0,0,0,410,-40
77.616,40,0,0,0,410,-40
77.632,40,0,0,0,410,-40
77.641,40,0,0,0,410,-40
77.664,40,0,0,0,410,-40
77.675,40,0,0,0,410,-40
77.680,40,0,0,0,410,-40
77.695,40,0,0,0,410,-40
77.712,40,0,0,0,410,-40
77.726,40,0,0,0,410,-40
77.743,40,0,0,0,410,-40
77.758,40,0,0,0,410,-40
77.771,40,0,0,0,410,-40
77.783,40,0,0,0,410,-40
77.805,40,0,0,0,410,-40
77.821,40,0,0,0,410,-40
77.837,40,0,0,0,410,-40
77.853,40,0,0,0,410,-40
77.869,40,0,0,0,410,-40
77.885,40,0,0,0,410,-40
77.901,40,0,0,0,410,-40
77.917,40,0,0,0,410,-40
77.929,40,0,0,0,410,-40
77.935,40,0,0,0,420,-40
77.948,40,0,0,0,420,-40
77.965,40,0,0,0,420,-40
77.970,40,0,0,0,420,-40
77.996,40,0,0,0,420,-40
78.002,40,0,0,0,420,-40
78.012,40,0,0,0,420,-40
78.028,40,0,0,0,420,-40
78.033,40,0,0,0,420,-40
78.044,40,0,0,0,420,-40
78.059,40,0,0,0,420,-40
78.073,40,0,0,0,420,-40
78.083,40,0,0,0,420,-40
78.107,40,0,0,0,420,-40
78.123,40,0,0,0,420,-40
78.139,40,0,0,0,420,-40
78.154,40,0,0,0,430,-40
78.168,40,0,0,0,430,-40
78.172,40,0,0,0,430,-40
78.187,40,0,0,0,430,-40
78.203,40,0,0,0,430,-40
78.212,40,0,0,0,430,-40
78.234,40,0,0,0,430,-40
78.246,40,0,0,0,430,-40
78.266,40,0,0,0,430,-40
78.282,40,0,0,0,430,-40
78.297,40,0,0,0,430,-40
78.313,40,0,0,0,430,-40
78.329,40,0,0,0,430,-40
78.345,40,0,0,0,430,-40
78.360,40,0,0,0,430,-40
78.371,40,0,0,0,430,-40
78.386,40,0,0,0,430,-40
78.408,40,0,0,0,430,-40
78.421,40,0,0,0,430,-40
78.440,40,0,0,0,430,-40
78.455,40,0,0,0,430,-40
78.460,40,0,0,0,430,-40
78.471,40,0,0,0,430,-40
78.487,40,0,0,0,430,-40
78.502,40,0,0,0,430,-40
78.514,40,0,0,0,430,-40
78.534,40,0,0,0,430,-40
78.550,40,0,0,0,430,-40
78.563,40,0,0,0,430,-40
78.570,40,0,0,0,430,-40
78.581,40,0,0,0,430,-40
78.593,40,0,0,0,430,-40
78.598,40,0,0,0,440,-40
78.612,40,0,0,0,440,-40
78.628,40,0,0,0,440,-40
78.644,40,0,0,0,440,-40
78.660,40,0,0,0,440,-40
78.673,40,0,0,0,440,-40
78.687,40,0,0,0,440,-40
78.693,40,0,0,0,440,-40
78.706,40,0,0,0,440,-39
78.719,40,0,0,0,440,-39
78.726,40,0,0,0,440,-39
78.738,40,0,0,0,440,-39
78.754,40,0,0,0,440,-39
78.770,40,0,0,0,440,-39
78.785,40,0,0,0,440,-39
78.792,40,0,0,0,440,-39
78.801,40,0,0,0,440,-39
78.817,40,0,0,0,440,-39
78.833,40,0,0,0,440,-39
78.841,40,0,0,0,440,-39
78.854,40,0,0,0,440,-39
78.861,40,0,0,0,440,-39
78.872,40,0,0,0,440,-39
78.887,40,0,0,0,440,-39
78.892,40,0,0,0,440,-39
78.906,40,0,0,0,440,-39
78.923,40,0,0,0,440,-39
78.932,40,0,0,0,440,-39
78.941,40,0,0,0,440,-39
78.957,40,0,0,0,440,-39
78.974,40,0,0,0,440,-39
78.990,40,0,0,0,440,-39
79.014,40,0,0,0,440,-39
79.046,40,0,0,0,440,-39
79.069,40,0,0,0,440,-39
79.074,40,0,0,0,440,-39
79.093,40,0,0,0,440,-39
79.117,40,0,0,0,440,-39
79.139,40,0,0,0,440,-39
79.145,40,0,0,0,440,-39
79.156,40,0,0,0,440,-39
79.172,40,0,0,0,440,-39
79.188,40,0,0,0,440,-39
79.200,40,0,0,0,440,-39
79.219,40,0,0,0,440,-39
79.241,40,0,0,0,440,-39
79.251,40,0,0,0,440,-39
79.257,40,0,0,0,440,-39
79.270,40,0,0,0,440,-39
79.291,40,0,0,0,440,-39
79.316,40,0,0,0,440,-39
79.346,40,0,0,0,440,-39
79.372,40,0,0,0,440,-39
79.380,40,0,0,0,440,-39
79.386,40,0,0,0,440,-39
79.394,40,0,0,0,440,-39
79.411,40,0,0,0,440,-39
79.429,40,0,0,0,440,-39
79.457,40,0,0,0,440,-39
79.473,40,0,0,0,440,-39
79.522,40,0,0,0,440,-39
79.553,40,0,0,0,440,-39
79.580,40,0,0,0,440,-39
79.585,40,0,0,0,440,-39
79.599,40,0,0,0,440,-39
79.617,40,0,0,0,440,-39
79.642,40,0,0,0,440,-39
79.670,40,0,0,0,440,-39
79.698,40,0,0,0,440,-40
79.721,40,0,0,0,440,-40
79.730,40,0,0,0,440,-40
79.756,40,0,0,0,440,-40
79.780,40,0,0,0,440,-40
79.810,40,0,0,0,440,-40
79.820,40,0,0,0,440,-40
79.848,40,0,0,0,440,-40
79.872,40,0,0,0,440,-40
79.883,40,0,0,0,440,-40
79.899,40,0,0,0,440,-40
79.925,40,0,0,0,440,-40
79.950,40,0,0,0,440,-40
79.974,40,0,0,0,440,-40
79.979,40,0,0,0,440,-40
79.994,40,0,0,0,440,-40
80.012,40,0,0,0,440,-40
80.030,40,0,0,0,440,-40
80.038,40,0,0,0,440,-40
80.060,40,0,0,0,440,-40
80.066,40,0,0,0,440,-40
80.073,40,0,0,0,440,-40
80.080,40,0,0,0,440,-40
80.089,40,0,0,0,440,-40
80.114,40,0,0,0,440,-40
80.135,40,0,0,0,440,-40
80.152,40,0,0,0,440,-40
80.168,40,0,0,0,440,-40
80.184,40,0,0,0,440,-40
80.211,40,0,0,0,440,-40
80.236,40,0,0,0,440,-40
80.257,40,0,0,0,440,-40
80.277,40,0,0,0,440,-40
80.286,40,0,0,0,440,-40
80.310,40,0,0,0,440,-40
80.329,40,0,0,0,440,-40
80.336,40,0,0,0,440,-40
80.360,40,0,0,0,440,-40
80.367,40,0,0,0,430,-40
80.374,40,0,0,0,430,-40
80.379,40,0,0,0,430,-40
80.389,40,0,0,0,430,-40
80.405,40,0,0,0,430,-40
80.410,40,0,0,0,430,-40
80.421,40,0,0,0,430,-40
80.437,40,0,0,0,430,-40
80.444,40,0,0,0,430,-40
80.453,40,0,0,0,430,-40
80.475,40,0,0,0,430,-40
80.497,40,0,0,0,430,-40
80.516,40,0,0,0,430,-40
80.541,40,0,0,0,430,-40
80.563,40,0,0,0,430,-40
80.578,40,0,0,0,430,-40
80.594,40,0,0,0,430,-40
80.610,40,0,0,0,430,-40
80.632,40,0,0,0,430,-40
80.642,40,0,0,0,430,-40
80.647,40,0,0,0,430,-40
80.658,40,0,0,0,430,-40
80.673,40,0,0,0,430,-40
80.694,40,0,0,0,430,-40
80.710,40,0,0,0,430,-40
80.722,40,0,0,0,430,-40
80.741,40,0,0,0,430,-40
80.775,40,0,0,0,430,-40
80.798,40,0,0,0,430,-40
80.814,40,0,0,0,430,-40
80.829,40,0,0,0,430,-40
80.845,40,0,0,0,430,-40
80.861,40,0,0,0,430,-40
80.878,40,0,0,0,430,-40
80.894,40,0,0,0,430,-40
80.909,40,0,0,0,430,-40
80.927,40,0,0,0,430,-40
80.950,40,0,0,0,430,-40
80.984,40,0,0,0,430,-40
81.010,40,0,0,0,430,-40
81.035,40,0,0,0,430,-40
81.041,40,0,0,0,430,-40
81.049,40,0,0,0,430,-40
81.059,40,0,0,0,430,-40
81.074,40,0,0,0,430,-40
81.091,40,0,0,0,430,-40
81.105,40,0,0,0,430,-40
81.121,40,0,0,0,430,-40
81.141,40,0,0,0,430,-40
81.172,40,0,0,0,430,-40
81.208,40,0,0,0,430,-40
81.246,40,0,0,0,430,-40
81.286,40,0,0,0,430,-40
81.310,0,0,0,0,430,-40
81.320,0,0,0,0,430,-40
81.341,0,0,0,0,430,-40
81.358,0,0,0,0,430,-40
81.373,0,0,0,0,430,-40
81.389,0,0,0,0,430,-40
81.419,0,0,0,0,430,-40
81.447,0,0,0,0,430,-40
81.471,0,0,0,0,430,-40
81.489,0,0,0,0,430,-40
81.498,0,0,0,0,430,-40
81.514,0,0,0,0,430,-40
81.531,0,0,0,0,430,-40
81.546,0,0,0,0,430,-40
81.557,0,0,0,0,430,-40
81.571,0,0,0,0,430,-40
81.588,0,0,0,0,430,-40
81.608,0,0,0,0,430,-40
81.627,0,0,0,0,430,-40
81.645,0,0,0,0,430,-40
81.662,0,0,0,0,430,-39
81.669,0,0,0,0,430,-39
81.686,0,0,0,0,430,-39
81.702,0,0,0,0,430,-39
81.710,0,0,0,0,430,-39
81.727,0,0,0,0,430,-39
81.743,0,0,0,0,430,-39
81.759,0,0,0,0,430,-39
81.775,0,0,0,0,430,-39
81.790,0,0,0,0,430,-39
81.806,0,0,0,0,430,-39
81.826,0,0,0,-40,430,-39
81.844,0,0,0,-40,430,-39
81.854,0,0,0,-40,430,-39
81.870,0,0,0,-40,430,-39
81.886,0,0,0,-40,430,-39
81.902,0,0,0,-40,430,-39
81.918,0,0,0,-40,430,-39
81.934,0,0,0,-40,430,-39
81.950,0,0,0,-40,430,-39
81.966,0,0,0,-40,430,-39
81.981,0,0,0,-40,430,-39
81.997,0,0,0,-40,430,-39
82.013,0,0,0,-40,430,-39
82.029,0,0,0,-40,430,-39
82.047,0,0,0,-40,430,-39
82.063,0,0,0,-40,430,-39
82.077,0,0,0,-40,430,-39
82.093,0,0,0,-40,430,-39
82.108,0,0,0,-40,430,-39
82.124,0,0,0,-40,430,-39
82.140,0,0,0,-40,430,-39
82.156,0,0,0,-40,430,-39
82.172,0,0,0,-40,430,-39
82.188,0,0,0,-40,430,-39
82.204,0,0,0,-40,430,-39
82.220,0,0,0,-40,430,-39
82.235,0,0,0,-40,430,-39
82.251,0,0,0,-40,430,-39
82.267,0,0,0,-40,430,-39
82.283,0,0,0,-40,430,-39
82.299,0,0,0,-40,430,-39
82.313,0,0,0,-40,430,-39
82.319,0,0,0,-40,430,-41
82.332,0,0,0,-40,430,-41
82.347,0,0,0,-40,430,-41
82.363,0,0,0,-40,430,-41
82.369,0,0,0,-40,430,-41
82.379,0,0,0,-40,430,-41
82.397,0,0,0,-40,430,-41
82.401,0,0,0,-40,430,-41
82.411,0,0,0,-40,430,-41
82.427,0,0,0,-40,430,-41
82.434,0,0,0,-40,430,-41
82.443,0,0,0,-40,430,-41
82.459,0,0,0,-40,430,-41
82.466,0,0,0,-40,430,-41
82.475,0,0,0,-40,430,-41
82.491,0,0,0,-40,430,-41
82.498,0,0,0,-40,430,-41
82.507,0,0,0,-40,430,-41
82.521,0,0,0,-40,430,-41
82.538,0,0,0,-40,430,-41
82.554,0,0,0,-40,430,-41
82.559,0,0,0,-40,430,-41
82.570,0,0,0,-40,430,-41
82.586,0,0,0,-40,430,-41
82.602,0,0,0,-40,430,-41
82.618,0,0,0,-40,430,-41
82.634,0,0,0,0,430,-41
82.650,0,0,0,0,430,-41
82.666,0,0,0,0,430,-41
82.684,0,0,0,0,430,-41
82.698,0,0,0,0,430,-41
82.714,0,0,0,0,430,-41
82.734,0,0,0,0,430,-41
82.747,0,0,0,0,430,-41
82.759,0,0,0,0,430,-41
82.778,0,0,0,0,430,-41
82.796,0,0,0,0,430,-41
82.815,0,0,0,0,430,-41
82.833,0,0,0,0,430,-41
82.843,0,0,0,0,430,-41
82.859,0,0,0,0,430,-41
82.875,0,0,0,0,430,-41
82.891,0,0,0,0,430,-41
82.907,0,0,0,0,430,-41
82.923,0,0,0,0,430,-41
82.939,0,0,0,0,430,-41
82.955,0,0,0,0,430,-41
82.971,0,0,0,0,430,-41
82.987,0,0,0,0,430,-41
83.003,0,0,0,0,430,-41
83.019,0,0,0,0,430,-41
83.038,0,0,0,0,430,-41
83.051,0,0,0,0,430,-41
83.068,0,0,0,0,430,-41
83.099,0,0,0,0,430,-41
83.114,0,0,0,0,430,-41
83.130,0,0,0,0,430,-41
83.146,0,0,0,0,430,-41
83.162,0,0,0,0,430,-41
83.178,0,0,0,0,430,-41
83.194,0,0,0,0,430,-41
83.210,0,0,0,0,430,-41
83.226,0,0,0,0,430,-41
83.243,0,0,0,0,430,-41
83.260,0,0,0,0,430,-41
83.281,0,0,0,0,430,-41
83.290,0,0,0,0,430,-41
83.306,0,0,0,0,430,-41
83.320,40,0,0,0,430,-41
83.338,40,0,0,0,430,-41
83.352,40,0,0,0,430,-41
83.369,40,0,0,0,430,-41
83.384,40,0,0,0,430,-41
83.401,40,0,0,0,430,-41
83.417,40,0,0,0,430,-41
83.440,40,0,0,0,430,-52
83.457,40,0,0,0,430,-52
83.468,40,0,0,0,430,-52
83.481,40,0,0,0,430,-52
83.512,40,0,0,0,430,-52
83.529,40,0,0,0,430,-52
83.544,40,0,0,0,430,-52
83.560,40,0,0,0,430,-52
83.576,40,0,0,0,430,-52
83.592,40,0,0,0,430,-52
83.608,40,0,0,0,430,-52
83.624,40,0,0,0,430,-52
83.640,40,0,0,0,430,-52
83.657,40,0,0,0,430,-52
83.672,40,0,0,0,430,-52
83.677,40,0,0,0,430,-52
83.704,40,0,0,0,430,-52
83.720,40,0,0,0,430,-52
83.736,40,0,0,0,430,-52
83.752,40,0,0,0,430,-52
83.768,40,0,0,0,430,-52
83.784,40,0,0,0,430,-52
83.799,40,0,0,0,430,-52
83.817,40,0,0,0,430,-52
83.832,40,0,0,0,430,-52
83.858,40,0,0,0,430,-52
83.881,40,0,0,0,430,-52
83.908,40,0,0,0,430,-52
83.930,40,0,0,0,430,-52
83.934,40,0,0,0,430,-52
83.956,40,0,0,0,430,-52
83.972,40,0,0,0,430,-52
83.988,40,0,0,0,430,-52
84.003,40,0,0,0,430,-52
84.019,40,0,0,0,430,-52
84.035,40,0,0,0,430,-52
84.055,40,0,0,0,430,-52
84.075,40,0,0,0,430,-52
84.090,40,0,0,0,430,-52
84.097,40,0,0,0,430,-52
84.113,40,0,0,0,430,-52
84.129,40,0,0,0,430,-52
84.145,40,0,0,0,430,-52
84.161,40,0,0,0,430,-52
84.166,40,0,0,0,430,-52
84.177,40,0,0,0,430,-52
84.193,40,0,0,0,430,-52
84.198,40,0,0,0,430,-52
84.211,40,0,0,0,430,-52
84.225,40,0,0,0,430,-52
84.230,40,0,0,0,430,-52
84.250,40,0,0,0,430,-52
84.273,40,0,0,0,430,-52
84.287,40,0,0,0,430,-52
84.305,40,0,0,0,430,-52
84.321,40,0,0,0,430,-52
84.326,40,0,0,0,430,-52
84.339,40,0,0,0,430,-52
84.353,40,0,0,0,430,-52
84.370,40,0,0,0,430,-52
84.385,40,0,0,0,430,-52
84.402,40,0,0,0,430,-52
84.417,40,0,0,0,430,-52
84.433,40,0,0,0,430,-52
84.448,40,0,0,0,430,-52
84.468,40,0,0,0,430,-52
84.486,40,0,0,0,430,-52
84.502,40,0,0,0,430,-52
84.512,40,0,0,0,430,-52
84.537,40,0,0,0,430,-52
84.544,40,0,0,0,420,-52
84.576,40,0,0,0,420,-52
84.592,40,0,0,0,420,-52
84.599,40,0,0,0,420,-52
84.609,40,0,0,0,420,-52
84.624,40,0,0,0,420,-52
84.639,40,0,0,0,420,-52
84.655,40,0,0,0,420,-52
84.671,40,0,0,0,420,-52
84.687,40,0,0,0,420,-52
84.692,40,0,0,0,420,-52
84.709,40,0,0,0,420,-52
84.721,40,0,0,0,420,-52
84.734,40,0,0,0,420,-52
84.750,40,0,0,0,420,-52
84.758,40,0,0,0,420,-52
84.766,40,0,0,0,420,-52
84.781,40,0,0,0,420,-52
84.798,40,0,0,0,420,-52
84.811,40,0,0,0,420,-52
84.830,40,0,0,0,420,-52
84.843,40,0,0,0,420,-52
84.861,40,0,0,0,420,-52
84.878,40,0,0,0,420,-52
84.894,40,0,0,0,420,-52
84.909,40,0,0,0,420,-52
84.916,40,0,0,0,420,-52
84.933,40,0,0,0,420,-52
84.958,40,0,0,0,420,-52
84.973,0,0,0,0,420,-52
84.980,0,0,0,0,420,-52
85.005,0,0,0,0,420,-52
85.021,0,0,0,0,420,-52
85.037,0,0,0,0,420,-52
85.053,0,0,0,0,420,-52
85.059,0,0,0,0,420,-52
85.085,0,0,0,0,420,-52
85.101,0,0,0,0,420,-52
85.117,0,0,0,0,420,-52
85.122,0,40,0,0,420,-52
85.133,0,40,0,0,420,-52
85.149,0,40,0,0,420,-52
85.153,0,40,0,0,420,-52
85.181,0,40,0,0,420,-52
85.186,0,40,0,0,420,-52
85.212,0,40,0,0,420,-52
85.228,0,40,0,0,420,-52
85.244,0,40,0,0,420,-52
85.260,0,40,0,0,420,-52
85.276,0,40,0,0,420,-52
85.292,0,40,0,0,420,-52
85.308,0,40,0,0,420,-52
85.324,0,40,0,0,420,-52
85.357,0,40,0,0,420,-52
85.373,0,40,0,0,420,-52
85.389,0,40,0,0,420,-52
85.405,0,40,0,0,420,-52
85.421,0,40,0,0,420,-52
85.437,0,40,0,0,420,-52
85.453,0,40,0,0,420,-52
85.469,0,40,0,0,420,-52
85.481,0,40,0,0,420,-52
85.502,0,40,0,0,420,-52
85.517,0,40,0,0,420,-52
85.533,0,40,0,0,420,-52
85.546,0,40,0,0,420,-52
85.565,0,40,0,0,410,-52
85.581,0,40,0,0,410,-52
85.597,0,40,0,0,410,-52
85.613,0,40,0,0,410,-52
85.629,0,40,0,0,410,-52
85.635,0,40,0,0,410,-52
85.645,0,40,0,0,410,-52
85.661,0,40,0,0,410,-52
85.667,0,40,0,0,410,-52
85.679,0,40,0,0,410,-52
85.693,0,40,0,0,410,-52
85.709,0,40,0,0,410,-52
85.725,0,40,0,0,410,-52
85.741,0,40,0,0,410,-52
85.759,0,40,0,0,410,-52
85.770,0,40,0,0,410,-52
85.775,0,40,0,0,410,-52
85.781,0,40,0,0,410,-52
85.804,0,40,0,0,410,-52
85.821,0,40,0,0,410,-52
85.830,0,40,0,0,410,-52
85.846,0,0,0,0,410,-52
85.867,0,0,0,0,410,-52
85.883,0,0,0,0,410,-52
85.900,0,0,0,0,410,-52
85.916,0,0,0,0,410,-52
85.932,0,0,0,0,410,-52
85.948,0,0,0,0,410,-52
85.963,0,0,0,0,410,-52
85.975,0,0,0,0,410,-52
85.995,40,0,0,0,410,-52
86.011,40,0,0,0,410,-52
86.023,40,0,0,0,410,-52
86.043,40,0,0,0,410,-52
86.059,40,0,0,0,410,-52
86.075,40,0,0,0,410,-52
86.081,40,0,0,0,410,-52
86.108,40,0,0,0,410,-52
86.123,40,0,0,0,410,-52
86.139,40,0,0,0,410,-52
86.144,40,0,0,0,410,-52
86.171,40,0,0,0,410,-52
86.187,40,0,0,0,410,-52
86.203,40,0,0,0,410,-52
86.219,40,0,0,0,410,-52
86.235,40,0,0,0,410,-52
86.251,40,0,0,0,410,-52
86.267,40,0,0,0,410,-52
86.283,40,0,0,0,410,-52
86.299,40,0,0,0,410,-52
86.314,40,0,0,0,410,-52
86.332,40,0,0,0,410,-52
86.346,40,0,0,0,410,-52
86.362,40,0,0,0,410,-52
86.378,40,0,0,0,410,-52
86.394,40,0,0,0,410,-52
86.410,40,0,0,0,410,-52
86.423,40,0,0,0,410,-52
86.433,40,0,0,0,410,-52
86.447,40,0,0,0,410,-52
86.463,40,0,0,0,410,-52
86.479,40,0,0,0,410,-52
86.484,40,0,0,0,410,-52
86.510,40,0,0,0,410,-52
86.516,40,0,0,0,410,-52
86.543,40,0,0,0,410,-52
86.558,40,0,0,0,410,-52
86.574,40,0,0,0,410,-52
86.584,40,0,0,0,410,-52
86.606,40,0,0,0,410,-52
86.622,40,0,0,0,410,-52
86.638,40,0,0,0,410,-52
86.643,40,0,0,0,410,-52
86.669,40,0,0,0,420,-52
86.685,40,0,0,0,420,-52
86.691,40,0,0,0,420,-52
86.717,40,0,0,0,420,-52
86.733,40,0,0,0,420,-52
86.751,40,0,0,0,420,-52
86.766,40,0,0,0,420,-52
86.777,40,0,0,0,420,-52
86.783,40,0,0,0,420,-52
86.797,40,0,0,0,420,-52
86.803,40,0,0,0,420,-52
86.813,40,0,0,0,420,-52
86.828,40,0,0,0,420,-52
86.833,40,0,0,0,420,-52
86.844,40,0,0,0,420,-52
86.860,40,0,0,0,420,-52
86.874,40,0,0,0,420,-52
86.888,40,0,0,0,430,-52
86.908,40,0,0,0,430,-52
86.913,40,0,0,0,430,-52
86.941,40,0,0,0,430,-52
86.955,40,0,0,0,430,-52
86.968,40,0,0,0,430,-52
86.977,40,0,0,0,430,-52
86.987,40,0,0,0,430,-52
87.003,40,0,0,0,430,-52
87.008,40,0,0,0,430,-52
87.035,40,0,0,0,430,-52
87.051,40,0,0,0,430,-52
87.055,40,0,0,0,430,-52
87.068,40,0,0,0,430,-52
87.083,40,0,0,0,430,-52
87.099,40,0,0,0,430,-52
87.115,40,0,0,0,430,-52
87.131,40,0,0,0,430,-52
87.147,40,0,0,0,430,-52
87.162,40,0,0,0,430,-52
87.178,40,0,0,0,430,-52
87.194,40,0,0,0,430,-52
87.199,40,0,0,0,430,-52
87.212,40,0,0,0,430,-52
87.226,40,0,0,0,430,-52
87.231,40,0,0,0,430,-52
87.242,40,0,0,0,430,-52
87.258,40,0,0,0,430,-52
87.264,40,0,0,0,430,-52
87.284,40,0,0,0,430,-52
87.306,40,0,0,0,430,-52
87.319,40,0,0,0,430,-52
87.325,40,0,0,0,430,-52
87.338,40,0,0,0,430,-52
87.354,40,0,0,0,430,-52
87.363,40,0,0,0,430,-52
87.378,40,0,0,0,430,-52
87.386,40,0,0,0,430,-52
87.402,40,0,0,0,430,-52
87.417,40,0,0,0,430,-52
87.431,40,0,0,0,430,-52
87.436,40,0,0,0,430,-52
87.451,40,0,0,0,430,-52
87.465,40,0,0,0,430,-52
87.481,40,0,0,0,430,-52
87.496,40,0,0,0,430,-52
87.512,40,0,0,0,430,-52
87.521,40,0,0,0,430,-52
87.529,40,0,0,0,430,-52
87.561,40,0,0,0,430,-52
87.577,40,0,0,0,430,-52
87.593,40,0,0,0,430,-52
87.609,40,0,0,0,430,-52
87.625,40,0,0,0,430,-52
87.641,40,0,0,0,430,-52
87.657,40,0,0,0,430,-52
87.673,40,0,0,0,430,-52
87.689,40,0,0,0,430,-52
87.694,40,0,0,0,430,-52
87.705,40,0,0,0,430,-52
87.722,40,0,0,0,430,-52
87.734,40,0,0,0,430,-52
87.740,40,0,0,0,430,-52
87.768,40,0,0,0,430,-52
87.784,40,0,0,0,430,-52
87.789,40,0,0,0,430,-52
87.809,40,0,0,0,430,-52
87.817,40,0,0,0,430,-52
87.821,40,0,0,0,430,-52
87.833,40,0,0,0,430,-52
87.849,40,0,0,0,430,-52
87.865,40,0,0,0,430,-52
87.881,40,0,0,0,430,-52
87.888,40,0,0,0,430,-52
87.897,40,0,0,0,430,-52
87.913,40,0,0,0,430,-52
87.919,40,0,0,0,430,-52
87.945,40,0,0,0,430,-52
87.961,40,0,0,0,430,-52
87.970,40,0,0,0,430,-52
87.980,40,0,0,0,430,-52
87.990,40,0,0,0,430,-52
88.010,40,0,0,0,430,-52
88.017,40,0,0,0,430,-52
88.041,40,0,0,0,430,-52
88.046,40,0,0,0,430,-52
88.058,40,0,0,0,430,-52
88.073,40,0,0,0,430,-52
88.089,40,0,0,0,430,-52
88.105,40,0,0,0,430,-52
88.121,40,0,0,0,430,-52
88.137,40,0,0,0,430,-52
88.153,40,0,0,0,430,-52
88.169,40,0,0,0,430,-52
88.180,40,0,0,0,430,-52
88.201,40,0,0,0,430,-52
88.217,40,0,0,0,430,-52
88.233,40,0,0,0,430,-52
88.248,40,0,0,0,430,-52
88.254,40,0,0,0,430,-52
88.264,40,0,0,0,430,-52
88.280,40,0,0,0,430,-52
88.286,40,0,0,0,430,-52
88.297,40,0,0,0,430,-52
88.313,40,0,0,0,430,-52
88.324,40,0,0,0,430,-52
88.332,40,0,0,0,430,-53
88.360,40,0,0,0,430,-53
88.377,40,0,0,0,430,-53
88.383,40,0,0,0,430,-53
88.392,40,0,0,0,430,-53
88.407,40,0,0,0,430,-53
88.412,40,0,0,0,430,-53
88.422,40,0,0,0,430,-53
88.438,40,0,0,0,430,-53
88.454,40,0,0,0,430,-53
88.470,40,0,0,0,430,-53
88.486,40,0,0,0,430,-53
88.502,40,0,0,0,430,-53
88.518,40,0,0,0,430,-53
88.534,40,0,0,0,430,-53
88.550,40,0,0,0,430,-53
88.556,40,0,0,0,430,-53
88.581,40,0,0,0,430,-53
88.591,40,0,0,0,430,-53
88.613,40,0,0,0,430,-53
88.625,40,0,0,0,430,-53
88.645,40,0,0,0,430,-53
88.650,40,0,0,0,430,-53
88.677,40,0,0,0,430,-53
88.681,40,0,0,0,430,-53
88.692,40,0,0,0,430,-53
88.708,40,0,0,0,430,-53
88.713,40,0,0,0,430,-53
88.741,40,0,0,0,430,-53
88.746,40,0,0,0,430,-53
88.757,40,0,0,0,430,-53
88.773,40,0,0,0,430,-53
88.783,40,0,0,0,430,-53
88.805,40,0,0,0,430,-53
88.810,40,0,0,0,430,-53
88.821,40,0,0,0,430,-53
88.837,40,0,0,0,430,-53
88.849,40,0,0,0,430,-53
88.869,40,0,0,0,430,-53
88.881,40,0,0,0,430,-53
88.901,40,0,0,0,430,-53
88.917,40,0,0,0,430,-53
88.933,40,0,0,0,430,-53
88.943,40,0,0,0,430,-53
88.965,40,0,0,0,430,-53
88.981,40,0,0,0,430,-53
88.997,40,0,0,0,430,-53
89.013,40,0,0,0,430,-53
89.032,40,0,0,0,430,-53
89.045,40,0,0,0,430,-53
89.053,40,0,0,0,430,-53
89.077,40,0,0,0,430,-53
89.093,40,0,0,0,430,-53
89.109,40,0,0,0,430,-53
89.119,40,0,0,0,430,-52
89.141,40,0,0,0,430,-52
89.153,40,0,0,0,430,-52
89.158,40,0,0,0,430,-52
89.173,40,0,0,0,430,-52
89.178,40,0,0,0,430,-52
89.189,40,0,0,0,430,-52
89.205,40,0,0,0,430,-52
89.214,40,0,0,0,430,-52
89.237,40,0,0,0,430,-52
89.242,40,0,0,0,430,-52
89.269,40,0,0,0,430,-52
89.273,40,0,0,0,430,-52
89.285,40,0,0,0,430,-52
89.301,40,0,0,0,430,-52
89.317,40,0,0,0,430,-52
89.322,40,0,0,0,430,-52
89.340,40,0,0,0,430,-52
89.346,40,0,0,0,430,-52
89.365,40,0,0,0,430,-52
89.381,40,0,0,0,430,-52
89.397,40,0,0,0,430,-52
89.408,40,0,0,0,430,-52
89.420,40,0,0,0,430,-52
89.436,40,0,0,0,430,-52
89.441,40,0,0,0,430,-52
89.460,40,0,0,0,430,-52
89.476,40,0,0,0,430,-52
89.492,40,0,0,0,430,-52
89.508,40,0,0,0,430,-52
89.525,40,0,0,0,430,-52
89.541,0,0,0,0,430,-52
89.556,0,0,0,0,430,-52
89.573,0,0,0,0,430,-52
89.588,0,0,0,0,430,-52
89.604,0,0,0,0,430,-52
89.621,0,0,0,0,430,-52
89.651,0,0,0,0,430,-52
89.667,0,0,0,0,430,-52
89.683,0,0,0,0,430,-52
89.699,0,0,0,0,430,-52
89.715,0,0,0,0,430,-52
89.731,0,0,0,0,430,-52
89.747,0,0,0,0,430,-52
89.762,0,0,0,0,430,-52
89.778,0,0,0,0,430,-52
89.794,0,0,0,0,430,-52
89.810,0,0,0,0,430,-52
89.826,0,0,0,0,430,-52
89.842,0,0,0,0,430,-52
89.858,0,0,0,0,430,-52
89.874,0,0,0,0,430,-52
89.890,0,0,0,0,430,-52
89.906,0,0,0,0,430,-52
89.923,0,0,0,0,430,-52
89.940,0,0,0,0,430,-52
89.946,0,0,0,-40,430,-52
89.954,0,0,0,-40,430,-52
89.986,0,0,0,-40,430,-52
90.003,0,0,0,-40,430,-52
90.019,0,0,0,-40,430,-52
90.035,0,0,0,-40,430,-52
90.050,0,0,0,-40,430,-52
90.066,0,0,0,-40,430,-52
90.076,0,0,0,-40,430,-52
90.099,0,0,0,-40,430,-52
90.115,0,0,0,-40,420,-52
90.131,0,0,0,-40,420,-52
90.147,0,0,0,-40,420,-52
90.165,0,0,0,-40,420,-52
90.179,0,0,0,-40,420,-52
90.195,0,0,0,-40,420,-52
90.211,0,0,0,-40,420,-52
90.222,0,0,0,-40,420,-52
90.242,0,0,0,-40,420,-52
90.258,0,0,0,-40,420,-52
90.274,0,0,0,-40,420,-52
90.290,0,0,0,-40,420,-52
90.307,0,0,0,-40,420,-52
90.322,0,0,0,-40,420,-52
90.340,0,0,0,-40,420,-54
90.354,0,0,0,-40,420,-54
90.370,0,0,0,-40,420,-54
90.386,0,0,0,-40,420,-54
90.402,0,0,0,-40,420,-54
90.418,0,0,0,-40,420,-54
90.434,0,0,0,-40,420,-54
90.450,0,0,0,-40,420,-56
90.465,0,0,0,-40,420,-56
90.481,0,0,0,-40,420,-56
90.497,0,0,0,-40,420,-56
90.513,0,0,0,-40,420,-56
90.530,0,0,0,-40,420,-56
90.545,0,0,0,-40,420,-56
90.562,0,0,0,-40,420,-59
90.577,0,0,0,-40,420,-59
90.593,0,0,0,-40,420,-59
90.602,0,0,0,-40,420,-59
90.616,0,0,0,-40,420,-59
90.621,0,0,0,-40,420,-59
90.641,0,0,0,-40,420,-59
90.657,0,0,0,-40,420,-59
90.673,0,0,0,-40,420,-63
90.690,0,0,0,-40,420,-63
90.696,0,0,0,0,420,-63
90.722,0,0,0,0,420,-63
90.738,0,0,0,0,420,-63
90.755,0,0,0,0,420,-63
90.770,0,0,0,0,420,-63
90.787,0,0,0,0,420,-63
90.803,0,0,0,0,420,-63
90.819,0,0,0,0,420,-63
90.835,0,0,0,0,420,-63
90.851,0,0,0,0,420,-63
90.867,0,0,0,0,420,-63
90.899,0,0,0,0,420,-68
90.914,0,0,0,0,420,-68
90.930,0,0,0,0,420,-68
90.946,0,0,0,0,420,-68
90.962,0,0,0,0,420,-68
90.977,0,0,0,0,420,-68
90.993,0,0,0,0,420,-68
91.009,0,0,0,0,420,-69
91.025,0,0,0,0,420,-69
91.042,0,0,0,0,420,-69
91.057,0,0,0,0,420,-69
91.073,0,0,0,0,420,-69
91.089,0,0,0,0,420,-69
91.105,0,0,0,0,420,-69
91.121,0,0,0,0,420,-69
91.137,0,0,0,0,420,-69
91.153,0,0,0,0,420,-69
91.169,0,0,0,0,420,-69
91.185,0,0,0,0,420,-69
91.201,0,0,0,0,420,-69
91.217,0,0,0,0,420,-69
91.230,0,0,0,0,420,-69
91.249,0,0,0,0,420,-69
91.265,0,0,0,0,420,-69
91.281,0,0,0,0,420,-69
91.297,0,0,0,0,420,-69
91.312,0,0,0,0,420,-69
91.328,0,0,0,0,420,-69
91.344,0,0,0,0,420,-69
91.360,0,0,0,0,420,-69
91.376,0,0,0,0,420,-69
91.392,0,0,0,0,420,-69
91.408,0,0,0,0,420,-69
91.423,0,0,0,0,420,-69
91.428,0,0,0,0,420,-69
91.455,0,0,0,0,420,-69
91.471,0,0,0,0,420,-69
91.487,0,0,0,0,420,-69
91.503,0,0,0,0,420,-69
91.519,0,0,0,0,420,-69
91.535,0,0,0,0,420,-69
91.551,0,0,0,0,420,-69
91.583,0,0,0,0,420,-69
91.599,0,0,0,0,420,-69
91.615,0,0,0,0,420,-69
91.631,0,0,0,0,420,-69
91.648,0,0,0,0,420,-69
91.664,0,0,0,0,420,-69
91.680,0,0,0,0,420,-69
91.696,0,0,0,0,420,-69
91.712,0,0,0,0,420,-69
91.728,0,0,0,0,420,-69
91.744,0,0,0,0,420,-69
91.760,0,0,0,0,420,-69
91.776,0,0,0,0,420,-69
91.792,0,0,0,0,420,-69
91.808,0,0,0,0,420,-69
91.824,0,0,0,0,420,-69
91.840,0,0,0,0,420,-69
91.856,0,0,0,0,420,-69
91.872,0,0,0,0,420,-69
91.889,0,0,0,0,420,-69
91.904,0,0,0,0,420,-69
91.920,0,0,0,0,420,-69
91.936,0,0,0,0,420,-69
91.951,0,0,0,0,420,-69
91.967,0,0,0,0,420,-69
91.984,0,0,0,0,420,-69
92.000,0,0,0,0,420,-69
92.016,0,0,0,0,420,-69
92.032,0,0,0,0,420,-69
92.048,0,0,0,0,420,-69
92.064,0,0,0,0,420,-69
92.080,0,0,0,0,420,-69
92.096,0,0,0,0,420,-69
92.112,0,0,0,0,420,-69
92.117,0,0,0,0,420,-69
92.144,0,0,0,0,420,-69
92.159,0,0,0,0,420,-69
92.176,0,0,0,0,420,-69
92.191,0,0,0,0,420,-69
92.207,0,0,0,0,420,-69
92.224,0,0,0,0,420,-69
92.240,0,0,0,0,420,-69
92.256,0,0,0,0,420,-69
92.272,0,0,0,0,420,-69
92.288,0,0,0,0,420,-69
92.299,0,0,0,0,420,-69
92.320,0,0,0,0,420,-69
92.337,0,0,0,0,420,-69
92.353,0,0,0,0,420,-69
92.369,0,0,0,0,420,-69
92.385,0,0,0,0,420,-69
92.401,0,0,0,0,420,-69
92.416,0,0,0,0,420,-69
92.432,0,0,0,0,420,-69
92.449,40,0,0,0,420,-69
92.464,40,0,0,0,420,-69
92.480,40,0,0,0,420,-69
92.496,40,0,0,0,420,-69
92.512,40,0,0,0,420,-69
92.528,40,0,0,0,420,-69
92.544,40,0,0,0,420,-69
92.560,40,0,0,0,420,-69
92.576,40,0,0,0,420,-69
92.591,40,0,0,0,420,-69
92.607,40,0,0,0,420,-69
92.623,40,0,0,0,420,-69
92.639,40,0,0,0,420,-69
92.655,40,0,0,0,420,-69
92.671,40,0,0,0,420,-69
92.687,40,0,0,0,420,-69
92.703,40,0,0,0,420,-69
92.719,40,0,0,0,420,-69
92.735,40,0,0,0,420,-69
92.751,40,0,0,0,420,-69
92.767,40,0,0,0,420,-69
92.783,40,0,0,0,420,-69
92.799,40,0,0,0,420,-69
92.815,40,0,0,0,420,-69
92.832,40,0,0,0,420,-69
92.848,40,0,0,0,420,-69
92.864,40,0,0,0,420,-69
92.880,40,0,0,0,420,-69
92.896,40,0,0,0,420,-69
92.912,40,0,0,0,420,-69
92.928,40,0,0,0,420,-69
92.944,40,0,0,0,420,-69
92.959,40,0,0,0,420,-69
92.976,40,0,0,0,420,-69
92.992,40,0,0,0,420,-69
93.003,40,0,0,0,420,-69
93.024,40,0,0,0,420,-69
93.040,40,0,0,0,420,-69
93.055,40,0,0,0,420,-69
93.060,40,0,0,0,420,-69
93.086,40,0,0,0,420,-69
93.092,40,0,0,0,420,-69
93.104,40,0,0,0,420,-69
93.118,40,0,0,0,420,-69
93.123,40,0,0,0,420,-69
93.134,40,0,0,0,420,-69
93.149,40,0,0,0,420,-69
93.154,40,0,0,0,420,-69
93.165,40,0,0,0,420,-69
93.181,40,0,0,0,420,-69
93.186,40,0,0,0,420,-69
93.198,40,0,0,0,420,-69
93.214,40,0,0,0,420,-69
93.220,40,0,0,0,420,-69
93.230,40,0,0,0,420,-69
93.246,40,0,0,0,420,-69
93.258,40,0,0,0,420,-69
93.278,40,0,0,0,420,-69
93.294,40,0,0,0,420,-69
93.302,40,0,0,0,420,-69
93.311,40,0,0,0,420,-69
93.326,40,0,0,0,420,-69
93.342,40,0,0,0,420,-69
93.353,40,0,0,0,420,-69
93.374,40,0,0,0,420,-69
93.390,40,0,0,0,420,-69
93.406,40,0,0,0,420,-69
93.422,40,0,0,0,420,-69
93.432,40,0,0,0,420,-69
93.453,40,0,0,0,420,-69
93.471,40,0,0,0,420,-69
93.485,40,0,0,0,420,-69
93.501,40,0,0,0,420,-69
93.517,40,0,0,0,420,-69
93.523,40,0,0,0,420,-69
93.533,40,0,0,0,420,-69
93.549,40,0,0,0,420,-69
93.565,40,0,0,0,420,-69
93.581,40,0,0,0,420,-69
93.587,40,0,0,0,420,-69
93.597,40,0,0,0,420,-69
93.613,40,0,0,0,420,-69
93.618,40,0,0,0,420,-69
93.629,40,0,0,0,420,-69
93.645,40,0,0,0,420,-69
93.650,40,0,0,0,420,-69
93.678,40,0,0,0,420,-69
93.683,40,0,0,0,420,-69
93.709,40,0,0,0,430,-69
93.714,40,0,0,0,430,-69
93.741,40,0,0,0,430,-69
93.746,40,0,0,0,430,-69
93.774,40,0,0,0,430,-69
93.783,40,0,0,0,430,-69
93.805,40,0,0,0,430,-69
93.810,40,0,0,0,430,-69
93.820,40,0,0,0,430,-69
93.836,40,0,0,0,430,-69
93.852,40,0,0,0,430,-69
93.868,40,0,0,0,430,-69
93.884,40,0,0,0,430,-69
93.900,40,0,0,0,430,-69
93.916,40,0,0,0,440,-69
93.932,40,0,0,0,440,-69
93.945,0,0,0,0,440,-69
93.966,0,0,0,0,440,-69
93.980,0,0,0,0,440,-69
93.996,0,0,0,0,440,-69
94.012,0,0,0,0,440,-69
94.029,0,0,0,0,440,-69
94.045,0,0,0,0,440,-69
94.061,0,0,0,0,440,-69
94.077,0,0,0,0,440,-69
94.093,0,0,0,0,440,-69
94.109,0,0,0,0,440,-69
94.125,0,0,0,0,440,-69
94.141,0,0,0,0,440,-69
94.157,0,0,0,0,450,-69
94.173,0,0,0,0,450,-69
94.190,0,0,0,0,450,-69
94.205,0,0,0,0,450,-69
94.221,0,0,0,0,450,-69
94.237,0,0,0,0,450,-69
94.253,0,0,0,0,450,-69
94.269,0,0,0,0,450,-69
94.285,0,0,0,0,450,-69
94.301,0,0,0,0,450,-69
94.317,0,0,0,0,450,-69
94.333,0,0,0,0,450,-69
94.349,0,0,0,0,450,-69
94.367,0,0,0,0,450,-69
94.381,0,0,0,0,460,-69
94.397,0,0,0,0,460,-69
94.408,0,0,0,-40,460,-69
94.420,0,0,0,-40,460,-69
94.429,0,0,0,-40,460,-69
94.445,0,0,0,-40,460,-69
94.461,0,0,0,-40,460,-69
94.477,0,0,0,-40,460,-69
94.493,0,0,0,-40,460,-69
94.509,0,0,0,-40,460,-69
94.525,0,0,0,-40,460,-69
94.541,0,0,0,-40,460,-69
94.557,0,0,0,-40,460,-69
94.573,0,0,0,-40,460,-69
94.589,0,0,0,-40,470,-69
94.605,0,0,0,-40,470,-69
94.621,0,0,0,-40,470,-69
94.637,0,0,0,-40,470,-69
94.653,0,0,0,-40,470,-69
94.669,0,0,0,-40,470,-69
94.685,0,0,0,-40,470,-69
94.701,0,0,0,-40,470,-69
94.717,0,0,0,-40,470,-70
94.733,0,0,0,-40,470,-70
94.749,0,0,0,-40,470,-70
94.764,0,0,0,-40,470,-70
94.780,0,0,0,-40,470,-70
94.796,0,0,0,-40,470,-70
94.812,0,0,0,-40,470,-70
94.828,0,0,0,-40,470,-74
94.844,0,0,0,-40,470,-74
94.861,0,0,0,-40,470,-74
94.876,0,0,0,-40,470,-74
94.892,0,0,0,-40,470,-74
94.909,0,0,0,-40,470,-74
94.924,0,0,0,-40,460,-76
94.941,0,0,0,-40,460,-76
94.957,0,0,0,-40,460,-76
94.973,0,0,0,-40,460,-76
94.989,0,0,0,-40,460,-76
95.005,0,0,0,-40,460,-76
95.021,0,0,0,-40,460,-76
95.026,0,0,0,-40,460,-76
95.038,0,0,0,-40,460,-78
95.053,0,0,0,-40,460,-78
95.064,0,0,0,-40,460,-78
95.070,0,0,0,-40,460,-78
95.086,0,0,0,-40,460,-78
95.091,0,0,0,-40,460,-78
95.102,0,0,0,-40,460,-78
95.119,0,0,0,0,460,-78
95.134,0,0,0,0,460,-78
95.150,0,0,0,0,460,-78
95.167,0,0,0,0,460,-78
95.184,0,0,0,0,460,-78
95.198,0,0,0,0,460,-78
95.214,0,0,0,0,460,-78
95.231,0,0,0,0,460,-78
95.246,0,0,0,0,460,-78
95.263,0,0,0,0,440,-83
95.280,0,0,0,0,440,-83
95.295,0,0,0,0,440,-83
95.310,0,0,0,0,440,-83
95.327,0,0,0,0,440,-83
95.343,0,0,0,0,440,-83
95.359,0,0,0,0,440,-83
95.375,0,0,0,0,440,-83
95.392,0,0,0,0,430,-85
95.406,0,0,0,0,430,-85
95.422,0,0,0,0,430,-85
95.438,0,0,0,0,430,-85
95.454,0,0,0,0,430,-85
95.470,0,0,0,0,430,-85
95.486,0,0,0,0,420,-86
95.500,0,0,0,0,420,-86
95.519,0,0,0,0,420,-86
95.535,0,0,0,0,420,-86
95.551,0,0,0,0,420,-86
95.567,0,0,0,0,420,-86
95.583,0,0,0,0,420,-86
95.598,0,0,0,0,420,-86
95.610,0,0,0,0,420,-86
95.630,0,0,0,0,420,-86
95.646,0,0,0,0,420,-86
95.662,0,0,0,0,420,-86
95.678,0,0,0,0,420,-86
95.695,0,0,0,0,420,-86
95.710,0,0,0,0,400,-86
95.726,0,0,0,0,400,-86
95.742,0,0,0,0,400,-86
95.758,0,0,0,0,400,-86
95.774,0,0,0,0,400,-86
95.790,0,0,0,0,400,-86
95.806,0,0,0,0,400,-86
95.822,0,0,0,0,390,-86
95.838,0,0,0,0,390,-86
95.854,0,0,0,0,390,-86
95.870,0,0,0,0,390,-86
95.886,0,0,0,0,390,-86
95.902,0,0,0,0,390,-86
95.918,0,0,0,0,390,-86
95.934,0,0,0,0,390,-86
95.951,0,0,0,0,390,-86
95.967,0,0,0,0,390,-86
95.983,0,0,0,0,390,-86
95.999,0,0,0,0,390,-86
96.015,0,0,0,0,390,-86
96.031,0,0,0,0,390,-86
96.047,0,0,0,0,390,-86
96.063,0,0,0,0,390,-86
96.079,0,0,0,0,390,-86
96.094,0,0,0,0,390,-86
96.110,0,0,0,0,390,-86
96.126,0,0,0,0,390,-86
96.131,0,0,0,0,390,-86
96.158,0,0,0,0,390,-86
96.174,0,0,0,0,390,-86
96.190,0,0,0,0,390,-86
96.206,0,0,0,0,390,-86
96.222,0,0,0,0,390,-86
96.238,0,0,0,0,390,-86
96.254,0,0,0,0,390,-86
96.270,0,0,0,0,390,-86
96.286,0,0,0,0,390,-86
96.302,0,0,0,0,390,-86
96.319,0,0,0,0,390,-86
96.335,0,0,0,0,390,-86
96.351,0,0,0,0,390,-86
96.367,0,0,0,0,390,-86
96.383,0,0,0,0,390,-86
96.398,0,0,0,0,390,-86
96.414,0,0,0,0,390,-86
96.419,0,40,0,0,390,-86
96.430,0,40,0,0,390,-86
96.446,0,40,0,0,390,-86
96.462,0,40,0,0,390,-86
96.474,0,40,0,0,390,-86
96.494,0,40,0,0,390,-86
96.510,0,40,0,0,400,-86
96.526,0,40,0,0,400,-86
96.542,0,40,0,0,400,-86
96.558,0,40,0,0,400,-86
96.574,0,40,0,0,400,-86
96.590,0,40,0,0,400,-86
96.606,0,40,0,0,400,-86
96.611,0,40,0,0,400,-86
96.638,0,40,0,0,400,-86
96.654,0,40,0,0,400,-86
96.670,0,40,0,0,400,-86
96.686,0,40,0,0,400,-86
96.704,0,40,0,0,400,-86
96.733,0,40,0,0,400,-86
96.739,0,40,0,0,400,-86
96.766,0,40,0,0,400,-86
96.781,0,40,0,0,400,-86
96.787,0,40,0,0,400,-86
96.813,0,40,0,0,400,-86
96.829,0,40,0,0,400,-86
96.845,0,40,0,0,400,-86
96.861,0,40,0,0,400,-86
96.880,0,40,0,0,400,-86
96.893,0,40,0,0,400,-86
96.909,0,40,0,0,400,-86
96.925,0,40,0,0,400,-86
96.941,0,40,0,0,410,-86
96.953,0,40,0,0,410,-86
96.973,0,40,0,0,410,-86
96.989,0,40,0,0,410,-86
97.005,0,40,0,0,410,-86
97.018,0,40,0,0,410,-86
97.026,0,40,0,0,410,-86
97.037,0,40,0,0,410,-86
97.042,0,40,0,0,410,-86
97.052,0,40,0,0,410,-86
97.068,0,40,0,0,410,-86
97.074,0,40,0,0,410,-86
97.084,0,40,0,0,410,-86
97.100,0,40,0,0,410,-86
97.114,0,40,0,0,410,-86
97.132,0,40,0,0,410,-86
97.137,0,40,0,0,410,-86
97.164,0,40,0,0,410,-86
97.180,0,40,0,0,410,-86
97.196,0,40,0,0,410,-86
97.202,0,40,0,0,410,-86
97.215,0,40,0,0,410,-86
97.228,0,40,0,0,410,-86
97.239,0,40,0,0,410,-86
97.244,0,40,0,0,410,-86
97.260,0,40,0,0,410,-86
97.275,0,40,0,0,410,-86
97.280,0,40,0,0,420,-86
97.308,0,40,0,0,420,-86
97.324,0,40,0,0,420,-86
97.329,0,40,0,0,420,-86
97.356,0,40,0,0,420,-86
97.360,0,40,0,0,420,-86
97.371,0,40,0,0,420,-86
97.387,0,40,0,0,420,-86
97.404,0,40,0,0,420,-86
97.420,0,40,0,0,420,-86
97.436,0,40,0,0,420,-86
97.452,0,40,0,0,420,-86
97.468,0,40,0,0,420,-86
97.484,0,40,0,0,420,-86
97.500,0,40,0,0,420,-86
97.506,0,40,0,0,420,-86
97.516,0,40,0,0,420,-86
97.532,0,40,0,0,420,-86
97.537,0,40,0,0,420,-86
97.549,0,40,0,0,420,-86
97.564,0,40,0,0,420,-86
97.570,0,40,0,0,420,-86
97.596,0,40,0,0,420,-86
97.602,0,40,0,0,420,-86
97.628,0,40,0,0,420,-86
97.644,0,40,0,0,420,-86
97.660,0,40,0,0,420,-86
97.676,0,40,0,0,420,-86
97.692,0,40,0,0,420,-86
97.698,0,40,0,0,420,-86
97.709,0,40,0,0,420,-86
97.725,0,40,0,0,420,-86
97.731,0,40,0,0,420,-86
97.757,0,40,0,0,420,-86
97.773,0,40,0,0,420,-86
97.783,0,40,0,0,420,-86
97.805,0,40,0,0,420,-86
97.821,0,40,0,0,420,-86
97.837,0,40,0,0,420,-86
97.853,0,0,0,0,420,-86
97.885,0,0,0,0,420,-86
97.901,0,0,0,0,420,-86
97.917,0,0,0,0,420,-86
97.933,0,0,0,0,420,-86
97.949,0,0,0,0,420,-86
97.965,0,0,0,0,420,-86
97.980,0,0,0,0,420,-86
97.997,0,0,0,0,420,-86
98.013,0,0,0,0,420,-86
98.029,0,0,0,0,420,-86
98.045,0,0,0,0,420,-86
98.060,0,0,0,0,420,-86
98.077,0,0,0,0,410,-86
98.093,0,0,0,0,410,-86
98.110,0,0,0,0,410,-86
98.125,0,0,0,0,410,-86
98.141,0,0,0,0,410,-86
98.157,0,0,0,0,410,-86
98.173,0,0,0,0,410,-86
98.189,0,0,0,0,410,-86
98.205,0,0,0,0,410,-86
98.221,0,0,0,0,410,-86
98.237,0,0,0,0,410,-86
98.253,0,0,0,0,410,-86
98.269,0,0,0,0,410,-86
98.286,0,0,0,0,410,-86
98.301,0,0,0,0,410,-86
98.316,0,0,0,0,410,-86
98.332,0,0,0,0,410,-86
98.348,0,0,0,0,410,-86
98.364,0,0,0,0,410,-86
98.380,0,0,0,0,410,-86
98.396,0,0,0,0,410,-86
98.412,0,0,0,0,410,-86
98.428,0,0,0,0,410,-86
98.444,0,0,0,0,410,-86
98.460,0,0,0,0,410,-86
98.468,0,0,0,0,410,-86
98.492,0,0,0,0,410,-86
98.508,0,0,0,0,410,-86
98.524,0,0,0,0,410,-86
98.540,0,0,0,0,410,-86
98.556,0,0,0,0,410,-86
98.572,0,0,0,0,410,-86
98.588,0,0,0,0,410,-86
98.604,0,0,0,0,410,-86
98.620,0,0,0,0,410,-86
98.636,0,0,0,0,410,-86
98.652,0,0,0,0,410,-86
98.668,0,0,0,0,410,-86
98.684,0,0,0,0,410,-86
98.700,0,0,0,0,410,-86
98.711,0,0,0,0,410,-86
98.733,0,0,0,0,410,-86
98.749,0,0,0,0,410,-86
98.764,0,0,0,0,410,-86
98.781,0,0,0,0,410,-86
98.797,0,0,0,0,410,-86
98.813,0,0,0,0,410,-86
98.829,0,0,0,0,410,-86
98.846,0,0,0,0,410,-86
98.861,0,0,0,0,410,-86
98.877,0,0,0,0,410,-86
98.893,0,0,0,0,410,-86
98.909,0,0,0,0,410,-86
98.925,0,0,0,-40,410,-86
98.940,0,0,0,-40,410,-86
98.956,0,0,0,-40,410,-86
98.972,0,0,0,-40,410,-86
98.988,0,0,0,-40,410,-86
99.004,0,0,0,-40,410,-86
99.020,0,0,0,-40,410,-86
99.036,0,0,0,-40,410,-86
99.053,0,0,0,-40,410,-86
99.069,0,0,0,-40,410,-86
99.085,0,0,0,-40,410,-86
99.096,0,0,0,-40,410,-86
99.110,0,0,0,-40,410,-86
99.126,0,0,0,-40,410,-86
99.144,0,0,0,-40,410,-86
99.158,0,0,0,-40,410,-86
99.174,0,0,0,-40,420,-87
99.190,0,0,0,-40,420,-87
99.199,0,0,0,-40,420,-87
99.210,0,0,0,-40,420,-87
99.226,0,0,0,-40,420,-87
99.235,0,0,0,-40,420,-87
99.251,0,0,0,-40,420,-87
99.259,0,0,0,-40,420,-87
99.285,0,0,0,-40,420,-89
99.300,0,0,0,-40,420,-89
99.316,0,0,0,-40,420,-89
99.332,0,0,0,-40,420,-89
99.348,0,0,0,-40,420,-89
99.364,0,0,0,0,420,-89
99.380,0,0,0,0,420,-89
99.396,0,0,0,0,420,-93
99.411,0,0,0,0,420,-93
99.428,0,0,0,0,420,-93
99.443,0,0,0,0,420,-93
99.460,0,0,0,0,420,-93
99.476,0,0,0,0,420,-93
99.492,0,0,0,0,420,-93
99.507,0,0,0,0,420,-93
99.524,0,0,0,0,420,-93
99.540,0,0,0,0,420,-93
99.556,0,0,0,0,420,-93
99.572,0,0,0,0,420,-93
99.588,0,0,0,0,420,-93
99.605,0,0,0,0,420,-93
99.620,0,0,0,0,420,-93
99.636,0,0,0,0,420,-95
99.649,0,0,0,0,420,-95
99.668,0,0,0,0,420,-95
99.677,0,0,0,0,420,-95
99.693,0,0,0,0,420,-95
99.708,0,0,0,0,420,-95
99.725,0,0,0,0,420,-96
99.741,0,0,0,0,420,-96
99.757,0,0,0,0,420,-96
99.773,0,0,0,0,420,-96
99.789,0,0,0,0,420,-96
99.806,0,0,0,0,420,-96
99.821,0,0,0,0,420,-96
99.837,0,0,0,0,420,-96
99.852,0,0,0,0,420,-96
99.868,0,0,0,0,420,-96
99.877,0,0,0,0,420,-96
99.892,0,0,0,0,420,-96
99.908,0,0,0,0,420,-96
99.925,0,0,0,0,420,-96
99.940,0,0,0,0,420,-96
99.955,0,0,0,0,420,-96
99.988,0,0,0,0,420,-96
100.004,0,0,0,0,420,-96
100.019,0,0,0,0,420,-96
100.027,0,0,0,0,420,-96
100.044,0,0,0,0,420,-96
100.060,0,0,0,0,420,-97
100.075,0,0,0,0,420,-97
100.091,0,0,0,0,420,-97
100.107,0,0,0,0,420,-97
100.117,40,0,0,0,420,-97
100.140,40,0,0,0,420,-97
100.156,40,0,0,0,420,-98
100.172,40,0,0,0,420,-98
100.188,40,0,0,0,420,-98
100.204,40,0,0,0,420,-98
100.220,40,0,0,0,420,-98
100.236,40,0,0,0,420,-98
100.252,40,0,0,0,420,-98
100.276,40,0,0,0,420,-98
100.291,40,0,0,0,420,-98
100.308,40,0,0,0,420,-98
100.324,40,0,0,0,420,-98
100.340,40,0,0,0,420,-98
100.356,40,0,0,0,420,-98
100.372,40,0,0,0,420,-98
100.388,40,0,0,0,420,-98
100.404,40,0,0,0,420,-98
100.419,40,0,0,0,420,-98
100.444,40,0,0,0,420,-98
100.459,40,0,0,0,420,-98
100.470,40,0,0,0,420,-98
100.493,40,0,0,0,420,-98
100.509,40,0,0,0,420,-98
100.524,40,0,0,0,420,-98
100.540,40,0,0,0,420,-98
100.545,40,0,0,0,420,-98
100.572,40,0,0,0,420,-98
100.588,40,0,0,0,420,-98
100.604,40,0,0,0,420,-98
100.620,40,0,0,0,420,-98
100.632,40,0,0,0,420,-98
100.652,40,0,0,0,420,-98
100.668,40,0,0,0,420,-98
100.684,40,0,0,0,420,-98
100.700,40,0,0,0,420,-98
100.716,40,0,0,0,420,-98
100.723,40,0,0,0,420,-98
100.748,40,0,0,0,420,-98
100.764,40,0,0,0,420,-98
100.780,40,0,0,0,420,-98
100.796,40,0,0,0,420,-98
100.812,40,0,0,0,420,-98
100.827,40,0,0,0,410,-98
100.838,40,0,0,0,410,-98
100.852,40,0,0,0,410,-98
100.859,40,0,0,0,410,-98
100.875,40,0,0,0,410,-98
100.891,40,0,0,0,410,-98
100.897,40,0,0,0,410,-98
100.907,40,0,0,0,410,-98
100.924,40,0,0,0,410,-98
100.928,40,0,0,0,410,-98
100.955,40,0,0,0,410,-98
100.960,40,0,0,0,410,-98
100.971,40,0,0,0,410,-98
100.987,40,0,0,0,410,-98
101.004,40,0,0,0,410,-98
101.019,40,0,0,0,410,-98
101.024,40,0,0,0,410,-98
101.051,40,0,0,0,420,-98
101.067,40,0,0,0,420,-98
101.083,40,0,0,0,420,-98
101.099,40,0,0,0,420,-98
101.104,40,0,0,0,420,-98
101.131,40,0,0,0,420,-98
101.148,40,0,0,0,420,-98
101.163,40,0,0,0,420,-98
101.179,40,0,0,0,420,-98
101.195,40,0,0,0,420,-98
101.211,40,0,0,0,420,-98
101.226,40,0,0,0,420,-98
101.242,40,0,0,0,420,-98
101.259,40,0,0,0,420,-98
101.275,40,0,0,0,420,-98
101.290,40,0,0,0,420,-98
101.306,40,0,0,0,420,-98
101.322,40,0,0,0,420,-98
101.338,40,0,0,0,420,-98
101.354,40,0,0,0,420,-98
101.359,40,0,0,0,420,-98
101.370,40,0,0,0,420,-98
101.386,40,0,0,0,420,-98
101.392,40,0,0,0,420,-98
101.402,40,0,0,0,420,-98
101.418,40,0,0,0,420,-98
101.425,40,0,0,0,420,-98
101.434,40,0,0,0,420,-98
101.450,40,0,0,0,420,-98
101.466,40,0,0,0,420,-98
101.483,40,0,0,0,420,-98
101.491,40,0,0,0,420,-98
101.514,40,0,0,0,430,-98
101.529,40,0,0,0,430,-98
101.545,40,0,0,0,430,-98
101.561,40,0,0,0,430,-98
101.577,40,0,0,0,430,-98
101.593,40,0,0,0,430,-98
101.608,40,0,0,0,430,-98
101.620,40,0,0,0,430,-98
101.625,40,0,0,0,430,-98
101.640,40,0,0,0,430,-98
101.651,40,0,0,0,430,-98
101.672,40,0,0,0,430,-98
101.688,40,0,0,0,430,-98
101.704,40,0,0,0,430,-98
101.720,40,0,0,0,430,-98
101.736,40,0,0,0,430,-98
101.752,40,0,0,0,430,-98
101.757,40,0,0,0,430,-98
101.785,40,0,0,0,430,-98
101.791,40,0,0,0,430,-98
101.800,40,0,0,0,430,-98
101.816,40,0,0,0,430,-98
101.822,40,0,0,0,430,-98
101.832,40,0,0,0,420,-98
101.848,40,0,0,0,420,-98
101.854,40,0,0,0,420,-98
101.864,40,0,0,0,420,-98
101.880,40,0,0,0,420,-98
101.886,40,0,0,0,420,-98
101.896,40,0,0,0,420,-98
101.912,40,0,0,0,420,-98
101.917,40,0,0,0,420,-98
101.929,40,0,0,0,420,-98
101.960,40,0,0,0,420,-98
101.975,40,0,0,0,420,-98
101.985,40,0,0,0,420,-98
102.007,40,0,0,0,420,-98
102.024,40,0,0,0,420,-98
102.040,40,0,0,0,420,-98
102.052,40,0,0,0,420,-98
102.057,40,0,0,0,420,-98
102.072,40,0,0,0,420,-98
102.088,40,0,0,0,420,-98
102.104,40,0,0,0,420,-98
102.122,40,0,0,0,420,-98
102.136,40,0,0,0,420,-98
102.152,40,0,0,0,420,-98
102.168,40,0,0,0,420,-98
102.184,40,0,0,0,420,-98
102.200,40,0,0,0,420,-98
102.216,40,0,0,0,420,-98
102.232,40,0,0,0,420,-98
102.243,40,0,0,0,420,-98
102.255,40,0,0,0,420,-98
102.264,40,0,0,0,420,-98
102.280,40,0,0,0,420,-98
102.286,40,0,0,0,420,-98
102.296,40,0,0,0,420,-98
102.312,40,0,0,0,420,-98
102.328,40,0,0,0,420,-98
102.344,40,0,0,0,420,-98
102.350,40,0,0,0,420,-98
102.376,40,0,0,0,420,-98
102.382,40,0,0,0,420,-98
102.408,40,0,0,0,420,-98
102.413,40,0,0,0,420,-98
102.439,40,0,0,0,420,-98
102.444,40,0,0,0,420,-98
102.471,40,0,0,0,420,-98
102.476,40,0,0,0,420,-98
102.502,40,0,0,0,420,-98
102.514,40,0,0,0,420,-98
102.534,40,0,0,0,420,-98
102.550,40,0,0,0,420,-98
102.566,40,0,0,0,420,-98
102.582,40,0,0,0,420,-98
102.599,40,0,0,0,420,-98
102.614,40,0,0,0,420,-98
102.626,40,0,0,0,420,-98
102.647,40,0,0,0,420,-98
102.663,40,0,0,0,420,-98
102.679,40,0,0,0,420,-98
102.684,40,0,0,0,420,-98
102.711,40,0,0,0,420,-98
102.727,40,0,0,0,420,-98
102.743,40,0,0,0,420,-98
102.748,40,0,0,0,420,-98
102.768,40,0,0,0,420,-98
102.774,40,0,0,0,420,-98
102.779,40,0,0,0,420,-98
102.790,40,0,0,0,420,-98
102.805,40,0,0,0,420,-98
102.811,40,0,0,0,420,-98
102.838,40,0,0,0,420,-98
102.843,40,0,0,0,420,-98
102.854,40,0,0,0,420,-98
102.870,40,0,0,0,420,-98
102.874,40,0,0,0,420,-98
102.886,40,0,0,0,420,-98
102.902,40,0,0,0,420,-98
102.918,40,0,0,0,420,-98
102.927,40,0,0,0,420,-98
102.936,40,0,0,0,420,-98
102.949,40,0,0,0,420,-98
102.965,40,0,0,0,420,-98
102.974,40,0,0,0,420,-98
102.998,40,0,0,0,420,-98
103.014,40,0,0,0,420,-98
103.030,40,0,0,0,420,-98
103.046,40,0,0,0,420,-98
103.062,40,0,0,0,420,-98
103.073,40,0,0,0,420,-98
103.094,40,0,0,0,420,-98
103.109,40,0,0,0,420,-98
103.125,40,0,0,0,420,-98
103.141,40,0,0,0,420,-98
103.157,40,0,0,0,420,-98
103.173,40,0,0,0,420,-98
103.189,40,0,0,0,420,-98
103.205,40,0,0,0,420,-98
103.221,40,0,0,0,420,-98
103.237,40,0,0,0,420,-98
103.242,40,0,0,0,420,-98
103.256,40,0,0,0,420,-98
103.268,40,0,0,0,420,-98
103.273,40,0,0,0,420,-98
103.286,40,0,0,0,420,-98
103.300,40,0,0,0,420,-98
103.312,40,0,0,0,420,-98
103.332,40,0,0,0,420,-98
103.337,40,0,0,0,420,-98
103.348,40,0,0,0,420,-98
103.363,40,0,0,0,420,-98
103.374,40,0,0,0,420,-98
103.395,40,0,0,0,420,-98
103.402,40,0,0,0,420,-98
103.411,40,0,0,0,420,-98
103.428,40,0,0,0,420,-98
103.432,40,0,0,0,420,-98
103.443,40,0,0,0,420,-98
103.459,40,0,0,0,420,-98
103.475,40,0,0,0,420,-98
103.491,40,0,0,0,420,-98
103.507,40,0,0,0,420,-98
103.520,40,0,0,0,420,-98
103.537,40,0,0,0,420,-98
103.549,40,0,0,0,420,-98
103.569,40,0,0,0,420,-98
103.581,40,0,0,0,420,-98
103.602,40,0,0,0,420,-98
103.614,40,0,0,0,420,-98
103.620,40,0,0,0,430,-98
103.634,40,0,0,0,430,-98
103.650,40,0,0,0,430,-98
103.666,40,0,0,0,430,-98
103.682,40,0,0,0,430,-98
103.698,40,0,0,0,430,-98
103.703,40,0,0,0,430,-98
103.714,40,0,0,0,430,-98
103.730,40,0,0,0,430,-98
103.741,40,0,0,0,430,-98
103.746,40,0,0,0,430,-98
103.762,40,0,0,0,430,-98
103.767,40,0,0,0,430,-98
103.777,40,0,0,0,430,-98
103.793,40,0,0,0,430,-98
103.799,40,0,0,0,430,-98
103.812,40,0,0,0,430,-98
103.825,40,0,0,0,430,-98
103.841,40,0,0,0,430,-98
103.846,40,0,0,0,430,-98
103.873,40,0,0,0,430,-98
103.889,40,0,0,0,430,-98
103.898,40,0,0,0,430,-98
103.921,40,0,0,0,430,-98
103.937,40,0,0,0,430,-98
103.953,40,0,0,0,430,-98
103.963,40,0,0,0,430,-98
103.984,40,0,0,0,430,-98
104.000,40,0,0,0,430,-98
104.016,40,0,0,0,430,-98
104.032,40,0,0,0,430,-98
104.048,40,0,0,0,430,-98
104.064,40,0,0,0,430,-98
104.070,40,0,0,0,430,-98
104.080,40,0,0,0,430,-98
104.095,40,0,0,0,430,-98
104.112,40,0,0,0,430,-98
104.128,40,0,0,0,430,-98
104.133,40,0,0,0,430,-98
104.143,40,0,0,0,430,-98
104.159,40,0,0,0,430,-98
104.164,40,0,0,0,430,-98
104.175,40,0,0,0,430,-98
104.191,40,0,0,0,430,-98
104.197,40,0,0,0,430,-98
104.207,40,0,0,0,430,-98
104.223,40,0,0,0,430,-98
104.229,40,0,0,0,430,-98
104.256,40,0,0,0,430,-98
104.271,40,0,0,0,430,-98
104.287,40,0,0,0,430,-98
104.303,40,0,0,0,430,-98
104.319,40,0,0,0,430,-98
104.329,40,0,0,0,430,-98
104.351,40,0,0,0,430,-98
104.367,40,0,0,0,430,-98
104.383,40,0,0,0,430,-98
104.399,40,0,0,0,430,-98
104.415,40,0,0,0,430,-98
104.431,40,0,0,0,430,-98
104.447,40,0,0,0,430,-98
104.463,40,0,0,0,430,-98
104.479,40,0,0,0,430,-98
104.495,40,0,0,0,430,-98
104.509,40,0,0,0,430,-98
104.526,40,0,0,0,430,-98
104.543,40,0,0,0,430,-98
104.559,40,0,0,0,430,-98
104.576,40,0,0,0,430,-98
104.591,40,0,0,0,430,-98
104.607,40,0,0,0,430,-98
104.623,40,0,0,0,430,-98
104.630,40,0,0,0,430,-98
104.655,40,0,0,0,430,-98
104.660,40,0,0,0,430,-98
104.671,40,0,0,0,430,-98
104.687,40,0,0,0,430,-98
104.692,40,0,0,0,430,-98
104.703,40,0,0,0,430,-98
104.719,40,0,0,0,430,-98
104.723,40,0,0,0,430,-98
104.734,40,0,0,0,430,-98
104.750,40,0,0,0,430,-98
104.756,40,0,0,0,430,-98
104.766,40,0,0,0,430,-98
104.771,40,0,0,0,430,-98
104.798,40,0,0,0,430,-98
104.814,40,0,0,0,430,-98
104.831,40,0,0,0,430,-98
104.836,40,0,0,0,430,-98
104.862,40,0,0,0,430,-98
104.878,40,0,0,0,430,-98
104.894,40,0,0,0,430,-98
104.910,40,0,0,0,430,-98
104.915,40,0,0,0,430,-98
104.925,40,0,0,0,430,-98
104.941,40,0,0,0,430,-98
104.958,40,0,0,0,430,-98
104.973,40,0,0,0,430,-98
104.989,40,0,0,0,430,-98
105.005,40,0,0,0,430,-98
105.010,40,0,0,0,430,-98
105.024,40,0,0,0,430,-98
105.037,40,0,0,0,430,-98
105.054,40,0,0,0,430,-98
105.069,40,0,0,0,430,-98
105.086,40,0,0,0,430,-98
105.091,40,0,0,0,430,-98
105.103,40,0,0,0,430,-98
105.117,40,0,0,0,430,-98
105.127,40,0,0,0,430,-98
105.149,40,0,0,0,430,-98
105.154,40,0,0,0,430,-98
105.181,40,0,0,0,430,-98
105.186,40,0,0,0,430,-98
105.197,40,0,0,0,430,-98
105.213,40,0,0,0,430,-98
105.220,40,0,0,0,430,-98
105.229,40,0,0,0,430,-98
105.245,40,0,0,0,430,-98
105.261,40,0,0,0,430,-98
105.277,40,0,0,0,430,-98
105.283,40,0,0,0,430,-98
105.309,40,0,0,0,430,-98
105.314,40,0,0,0,430,-98
105.341,40,0,0,0,430,-98
105.346,40,0,0,0,430,-98
105.357,40,0,0,0,430,-98
105.373,40,0,0,0,430,-98
105.389,40,0,0,0,430,-98
105.404,40,0,0,0,430,-98
105.416,40,0,0,0,430,-98
105.436,40,0,0,0,430,-98
105.452,40,0,0,0,430,-98
105.468,40,0,0,0,430,-98
105.484,40,0,0,0,430,-98
105.500,40,0,0,0,430,-98
105.516,40,0,0,0,430,-98
105.533,40,0,0,0,430,-98
105.548,40,0,0,0,430,-98
105.553,40,0,0,0,430,-98
105.564,40,0,0,0,430,-98
105.580,40,0,0,0,430,-98
105.585,40,0,0,0,430,-98
105.596,40,0,0,0,430,-98
105.603,40,0,0,0,430,-98
105.616,40,0,0,0,430,-98
105.628,40,0,0,0,430,-98
105.644,40,0,0,0,430,-98
105.649,40,0,0,0,430,-98
105.659,40,0,0,0,430,-98
105.675,40,0,0,0,430,-98
105.680,40,0,0,0,430,-98
105.691,40,0,0,0,430,-98
105.707,40,0,0,0,430,-98
105.713,40,0,0,0,430,-98
105.740,40,0,0,0,430,-98
105.745,40,0,0,0,430,-98
105.755,40,0,0,0,430,-98
105.771,40,0,0,0,430,-98
105.776,40,0,0,0,430,-98
105.786,40,0,0,0,430,-98
105.802,40,0,0,0,430,-98
105.818,40,0,0,0,430,-98
105.834,0,0,0,0,430,-98
105.846,0,0,0,0,430,-98
105.866,0,0,0,0,420,-98
105.882,0,0,0,0,420,-98
105.898,0,0,0,0,420,-98
105.914,0,0,0,0,420,-98
105.930,0,0,0,0,420,-98
105.945,0,0,0,0,420,-98
105.961,0,0,0,0,420,-98
105.978,0,0,0,0,420,-98
105.993,0,0,0,0,420,-98
106.009,0,0,0,0,420,-98
106.025,0,0,0,0,420,-98
106.041,0,0,0,0,420,-98
106.057,0,0,0,0,420,-98
106.073,0,0,0,0,420,-98
106.089,0,0,0,0,420,-98
106.106,0,0,0,0,420,-98
106.122,0,0,0,0,420,-98
106.137,0,0,0,0,420,-98
106.153,0,0,0,0,420,-98
106.169,0,0,0,0,420,-98
106.185,0,0,0,0,420,-98
106.201,0,0,0,0,420,-98
106.217,0,0,0,0,420,-98
106.233,0,0,0,0,420,-98
106.238,0,0,0,-40,420,-98
106.249,0,0,0,-40,420,-98
106.281,0,0,0,-40,420,-98
106.296,0,0,0,-40,420,-98
106.312,0,0,0,-40,410,-98
106.328,0,0,0,-40,410,-98
106.344,0,0,0,-40,410,-98
106.360,0,0,0,-40,410,-98
106.376,0,0,0,-40,410,-98
106.392,0,0,0,-40,410,-98
106.408,0,0,0,-40,410,-98
106.424,0,0,0,-40,410,-98
106.439,0,0,0,-40,410,-98
106.455,0,0,0,-40,410,-98
106.471,0,0,0,-40,410,-98
106.487,0,0,0,-40,410,-98
106.503,0,0,0,-40,410,-98
106.520,0,0,0,-40,410,-98
106.536,0,0,0,-40,410,-98
106.567,0,0,0,-40,410,-98
106.583,0,0,0,-40,410,-98
106.599,0,0,0,-40,410,-98
106.614,0,0,0,-40,410,-98
106.629,0,0,0,-40,410,-103
106.645,0,0,0,-40,410,-103
106.660,0,0,0,-40,410,-103
106.676,0,0,0,-40,410,-103
106.688,0,0,0,-40,410,-103
106.708,0,0,0,-40,410,-103
106.724,0,0,0,-40,410,-103
106.741,0,0,0,-40,410,-106
106.756,0,0,0,-40,410,-106
106.761,0,0,0,-40,410,-106
106.788,0,0,0,-40,410,-106
106.804,0,0,0,0,410,-106
106.820,0,0,0,0,410,-106
106.836,0,0,0,0,410,-106
106.853,0,0,0,0,410,-106
106.867,0,0,0,0,410,-106
106.882,0,0,0,0,410,-106
106.898,0,0,0,0,410,-106
106.918,0,0,0,0,410,-106
106.931,0,0,0,0,410,-106
106.938,0,0,0,0,410,-106
106.965,0,0,0,0,410,-111
106.999,0,0,0,0,410,-111
107.045,0,0,0,0,410,-111
107.071,0,0,0,0,410,-111
107.130,0,0,0,0,410,-113
107.201,0,0,0,0,420,-113
107.280,40,0,0,0,420,-113
107.347,40,0,0,0,420,-114
107.415,40,0,0,0,420,-114
107.469,40,0,0,0,420,-114
107.510,40,0,0,0,420,-114
107.552,40,0,0,0,420,-114
107.608,40,0,0,0,420,-114
107.656,40,0,0,0,420,-114
107.703,40,0,0,0,420,-114
107.738,40,0,0,0,420,-114
107.767,40,0,0,0,430,-114
107.812,40,0,0,0,430,-114
107.847,40,0,0,0,430,-114
107.873,40,0,0,0,430,-114
107.880,40,0,0,0,430,-114
107.907,40,0,0,0,430,-114
107.926,40,0,0,0,430,-114
107.938,40,0,0,0,430,-114
107.963,40,0,0,0,430,-114
107.981,40,0,0,0,430,-114
108.005,40,0,0,0,430,-114
108.021,40,0,0,0,430,-114
108.053,40,0,0,0,430,-114
108.069,40,0,0,0,430,-114
108.085,40,0,0,0,430,-114
108.117,40,0,0,0,430,-114
108.133,40,0,0,0,430,-114
108.142,40,0,0,0,430,-114
108.149,40,0,0,0,430,-114
108.165,40,0,0,0,430,-114
108.181,40,0,0,0,430,-114
108.197,40,0,0,0,430,-114
108.210,40,0,0,0,430,-114
108.229,40,0,0,0,430,-114
108.245,40,0,0,0,430,-114
108.253,40,0,0,0,430,-114
108.267,40,0,0,0,430,-114
108.273,40,0,0,0,430,-114
108.293,40,0,0,0,430,-114
108.301,40,0,0,0,430,-114
108.312,40,0,0,0,430,-114
108.324,40,0,0,0,430,-114
108.340,40,0,0,0,430,-114
108.356,40,0,0,0,430,-114
108.372,40,0,0,0,430,-114
108.388,40,0,0,0,430,-114
108.405,40,0,0,0,430,-114
108.422,40,0,0,0,430,-114
108.435,40,0,0,0,430,-114
108.451,40,0,0,0,430,-114
108.467,40,0,0,0,430,-114
108.474,40,0,0,0,430,-114
108.487,40,0,0,0,430,-114
108.498,40,0,0,0,430,-114
108.503,40,0,0,0,430,-114
108.517,40,0,0,0,430,-114
108.530,40,0,0,0,430,-114
108.539,40,0,0,0,430,-114
108.553,40,0,0,0,430,-114
108.562,40,0,0,0,430,-114
108.578,40,0,0,0,430,-114
108.594,40,0,0,0,430,-114
108.602,40,0,0,0,430,-114
108.622,40,0,0,0,430,-114
108.642,40,0,0,0,430,-114
108.658,40,0,0,0,430,-114
108.673,40,0,0,0,430,-114
108.679,40,0,0,0,430,-114
108.702,40,0,0,0,430,-114
108.716,40,0,0,0,430,-114
108.737,40,0,0,0,430,-114
108.753,40,0,0,0,430,-114
108.768,40,0,0,0,430,-114
108.774,40,0,0,0,430,-114
108.784,40,0,0,0,430,-114
108.800,40,0,0,0,430,-114
108.820,40,0,0,0,430,-114
108.832,40,0,0,0,430,-114
108.848,0,0,0,0,430,-114
108.864,0,0,0,0,420,-114
108.880,0,0,0,0,420,-114
108.896,0,0,0,0,420,-114
108.911,0,0,0,0,420,-114
108.917,0,0,0,0,420,-114
108.943,0,0,0,0,420,-114
108.952,0,40,0,0,420,-114
108.962,0,40,0,0,420,-114
108.975,0,40,0,0,420,-114
108.991,0,40,0,0,420,-114
109.007,0,40,0,0,420,-114
109.012,0,40,0,0,420,-114
109.039,0,40,0,0,420,-114
109.054,0,40,0,0,420,-114
109.070,0,40,0,0,420,-114
109.086,0,40,0,0,420,-114
109.102,0,40,0,0,420,-114
109.106,0,40,0,0,420,-114
109.122,0,40,0,0,420,-114
109.149,0,40,0,0,420,-114
109.167,0,40,0,0,420,-114
109.182,0,40,0,0,420,-114
109.197,0,40,0,0,420,-114
109.213,0,40,0,0,420,-114
109.224,0,40,0,0,420,-114
109.243,0,40,0,0,420,-114
109.259,0,40,0,0,420,-114
109.275,0,40,0,0,420,-114
109.292,0,40,0,0,420,-114
109.302,0,40,0,0,420,-114
109.325,0,40,0,0,410,-114
109.344,0,40,0,0,410,-114
109.365,0,40,0,0,410,-114
109.374,0,40,0,0,410,-114
109.390,0,40,0,0,410,-114
109.409,0,40,0,0,410,-114
109.432,0,40,0,0,410,-114
109.456,0,40,0,0,410,-114
109.473,0,40,0,0,410,-114
109.490,0,40,0,0,410,-114
109.511,0,40,0,0,410,-114
109.530,0,40,0,0,410,-114
109.537,0,40,0,0,410,-114
109.555,0,40,0,0,410,-114
109.571,0,40,0,0,410,-114
109.588,0,40,0,0,410,-114
109.604,0,40,0,0,410,-114
109.621,0,40,0,0,410,-114
109.628,0,40,0,0,410,-114
109.637,0,40,0,0,410,-114
109.653,0,40,0,0,410,-114
109.670,0,40,0,0,410,-114
109.687,0,40,0,0,410,-114
109.693,0,40,0,0,410,-114
109.703,0,40,0,0,410,-114
109.711,0,40,0,0,410,-114
109.727,0,40,0,0,410,-114
109.743,0,40,0,0,410,-114
109.753,0,40,0,0,410,-114
109.772,0,40,0,0,410,-114
109.786,0,40,0,0,410,-114
109.803,0,40,0,0,410,-114
109.820,0,40,0,0,410,-114
109.827,0,40,0,0,410,-114
109.836,0,40,0,0,410,-114
109.851,0,40,0,0,410,-114
109.870,0,40,0,0,410,-114
109.888,0,40,0,0,410,-114
109.904,0,40,0,0,410,-114
109.920,0,40,0,0,410,-114
109.927,0,40,0,0,410,-114
109.941,0,40,0,0,410,-114
109.957,0,40,0,0,410,-114
109.962,0,40,0,0,410,-114
109.976,0,40,0,0,410,-114
109.991,0,40,0,0,410,-114
110.007,0,40,0,0,410,-114
110.017,0,40,0,0,410,-114
110.027,0,40,0,0,410,-114
110.037,0,40,0,0,410,-114
110.051,0,40,0,0,410,-114
110.066,0,40,0,0,410,-114
110.076,0,40,0,0,410,-114
110.085,0,40,0,0,410,-114
110.090,0,40,0,0,410,-114
110.108,0,40,0,0,410,-114
110.125,0,40,0,0,410,-114
110.141,0,40,0,0,410,-114
110.147,0,40,0,0,410,-114
110.173,0,40,0,0,410,-114
110.189,0,40,0,0,410,-114
110.205,0,40,0,0,410,-114
110.222,0,40,0,0,410,-114
110.236,0,40,0,0,410,-114
110.255,0,40,0,0,410,-114
110.273,0,40,0,0,420,-114
110.288,0,40,0,0,420,-114
110.294,0,40,0,0,420,-114
110.315,0,40,0,0,420,-114
110.321,0,40,0,0,420,-114
110.331,0,40,0,0,420,-114
110.347,0,40,0,0,420,-114
110.352,0,40,0,0,420,-114
110.363,0,40,0,0,420,-114
110.381,0,40,0,0,420,-114
110.395,0,40,0,0,420,-114
110.411,0,40,0,0,420,-114
110.427,0,40,0,0,420,-114
110.441,0,40,0,0,420,-114
110.459,0,40,0,0,420,-114
110.475,0,40,0,0,420,-114
110.491,0,40,0,0,420,-114
110.508,0,40,0,0,420,-114
110.523,0,40,0,0,420,-114
110.535,0,40,0,0,420,-114
110.555,0,40,0,0,420,-114
110.571,0,40,0,0,420,-114
110.582,0,40,0,0,420,-114
110.588,0,40,0,0,420,-114
110.603,0,40,0,0,420,-114
110.619,0,40,0,0,420,-114
110.635,0,40,0,0,420,-114
110.651,0,40,0,0,420,-114
110.663,0,40,0,0,420,-114
110.684,0,40,0,0,420,-114
110.689,0,40,0,0,420,-114
110.700,0,40,0,0,420,-114
110.716,0,40,0,0,420,-114
110.720,0,40,0,0,430,-114
110.734,0,40,0,0,430,-114
110.748,0,40,0,0,430,-114
110.753,0,40,0,0,430,-114
110.764,0,40,0,0,430,-114
110.777,0,40,0,0,430,-114
110.784,0,40,0,0,430,-114
110.796,0,40,0,0,430,-114
110.812,0,40,0,0,430,-114
110.828,0,40,0,0,430,-114
110.842,0,40,0,0,430,-114
110.847,0,40,0,0,430,-114
110.876,0,40,0,0,430,-114
110.881,0,40,0,0,430,-114
110.908,0,40,0,0,430,-114
110.913,0,40,0,0,430,-114
110.940,0,40,0,0,430,-114
110.956,0,40,0,0,430,-114
110.972,0,40,0,0,430,-114
110.979,0,40,0,0,430,-114
110.989,0,40,0,0,430,-114
111.004,0,40,0,0,430,-114
111.021,0,40,0,0,430,-114
111.039,0,40,0,0,430,-114
111.055,0,40,0,0,440,-114
111.062,0,40,0,0,440,-114
111.084,0,40,0,0,440,-114
111.089,0,40,0,0,440,-114
111.116,0,40,0,0,440,-114
111.131,0,40,0,0,440,-114
111.147,0,40,0,0,440,-114
111.162,0,40,0,0,440,-114
111.179,0,40,0,0,440,-114
111.184,0,40,0,0,440,-114
111.197,0,40,0,0,440,-114
111.212,0,40,0,0,440,-114
111.217,0,40,0,0,440,-114
111.226,0,40,0,0,440,-114
111.242,0,40,0,0,440,-114
111.247,0,40,0,0,440,-114
111.258,0,40,0,0,440,-114
111.262,0,40,0,0,440,-114
111.290,0,40,0,0,440,-114
111.296,0,40,0,0,440,-114
111.322,0,40,0,0,440,-114
111.338,0,40,0,0,440,-114
111.343,0,40,0,0,440,-114
111.363,0,40,0,0,440,-114
111.385,0,40,0,0,440,-114
111.395,0,40,0,0,440,-114
111.417,0,40,0,0,440,-114
111.424,0,40,0,0,440,-114
111.449,0,40,0,0,440,-114
111.465,0,40,0,0,440,-114
111.481,0,40,0,0,440,-114
111.492,0,40,0,0,440,-114
111.512,0,40,0,0,440,-114
111.524,0,40,0,0,440,-114
111.544,0,40,0,0,440,-114
111.560,0,40,0,0,440,-114
111.576,0,40,0,0,440,-114
111.592,0,40,0,0,440,-114
111.603,0,40,0,0,440,-114
111.609,0,40,0,0,440,-114
111.624,0,40,0,0,440,-114
111.640,0,40,0,0,440,-114
111.650,0,40,0,0,440,-114
111.672,0,40,0,0,440,-114
111.677,0,40,0,0,440,-114
111.703,0,40,0,0,440,-114
111.708,0,40,0,0,440,-114
111.719,0,40,0,0,440,-114
111.735,0,40,0,0,440,-114
111.741,0,40,0,0,440,-114
111.751,0,40,0,0,440,-114
111.767,0,40,0,0,440,-114
111.772,0,40,0,0,440,-114
111.799,0,0,0,0,440,-114
111.815,0,0,0,0,440,-114
111.832,0,0,0,0,430,-114
111.837,0,0,0,0,430,-114
111.863,0,0,0,0,430,-114
111.880,0,0,0,0,430,-114
111.896,0,0,0,0,430,-114
111.912,0,0,0,0,430,-114
111.916,0,0,0,0,430,-114
111.944,0,0,0,0,430,-114
111.960,0,0,0,0,430,-114
111.975,0,0,0,0,430,-114
111.992,0,0,0,0,430,-114
112.008,0,0,0,0,430,-114
112.024,0,0,0,0,430,-114
112.040,0,0,0,0,430,-114
112.057,0,0,0,0,430,-114
112.088,0,0,0,0,430,-114
112.104,0,0,0,0,430,-114
112.122,0,0,0,0,430,-114
112.136,0,0,0,0,430,-114
112.152,0,0,0,0,430,-114
112.168,0,0,0,0,430,-114
112.184,0,0,0,0,430,-114
112.200,0,0,0,0,430,-114
112.216,0,0,0,0,430,-114
112.232,0,0,0,0,430,-114
112.248,0,0,0,0,430,-114
112.264,0,0,0,0,430,-114
112.280,0,0,0,0,430,-114
112.296,0,0,0,0,430,-114
112.312,0,0,0,0,430,-114
112.330,0,0,0,0,430,-114
112.344,0,0,0,0,430,-114
112.360,0,0,0,0,430,-114
112.376,0,0,0,0,430,-114
112.391,0,0,0,0,430,-114
112.407,0,0,0,0,420,-114
112.423,0,0,0,0,420,-114
112.439,0,0,0,0,420,-114
112.456,0,0,0,0,420,-114
112.472,0,0,0,0,420,-114
112.488,0,0,0,0,420,-114
112.504,0,0,0,0,420,-114
112.520,0,0,0,0,420,-114
112.536,0,0,0,0,420,-114
112.568,0,0,0,0,420,-114
112.584,0,0,0,0,420,-114
112.600,0,0,0,0,420,-114
112.616,0,0,0,0,420,-114
112.632,0,0,0,0,420,-114
112.648,0,0,0,0,420,-114
112.665,0,0,0,0,420,-114
112.680,0,0,0,0,420,-114
112.697,0,0,0,0,420,-114
112.713,0,0,0,0,420,-114
112.728,0,0,0,0,420,-114
112.744,0,0,0,0,420,-114
112.760,0,0,0,0,420,-114
112.776,0,0,0,0,420,-114
112.792,0,0,0,0,420,-114
112.808,0,0,0,0,420,-114
112.824,0,0,0,0,420,-114
112.840,0,0,0,0,410,-114
112.856,0,0,0,0,410,-114
112.873,0,0,0,0,410,-114
112.888,0,0,0,0,410,-114
112.904,0,0,0,0,410,-114
112.920,0,0,0,0,410,-114
112.931,0,40,0,0,410,-114
112.953,0,40,0,0,410,-114
112.969,0,40,0,0,410,-114
112.978,0,40,0,0,410,-114
113.001,0,40,0,0,410,-114
113.017,0,40,0,0,410,-114
113.033,0,40,0,0,410,-114
113.049,0,40,0,0,410,-114
113.065,0,40,0,0,410,-114
113.080,0,40,0,0,410,-114
113.098,0,40,0,0,410,-114
113.112,0,40,0,0,410,-114
113.128,0,40,0,0,410,-114
113.144,0,40,0,0,410,-114
113.160,0,40,0,0,410,-114
113.176,0,40,0,0,410,-114
113.192,0,40,0,0,410,-114
113.208,0,40,0,0,410,-114
113.224,0,40,0,0,410,-114
113.240,0,40,0,0,410,-114
113.256,0,40,0,0,410,-114
113.272,0,40,0,0,410,-114
113.288,0,40,0,0,410,-114
113.304,0,40,0,0,410,-114
113.320,0,40,0,0,410,-114
113.336,0,40,0,0,410,-114
113.352,0,40,0,0,410,-114
113.369,0,40,0,0,410,-114
113.383,0,40,0,0,410,-114
113.399,0,40,0,0,420,-114
113.416,0,40,0,0,420,-114
113.428,0,40,0,0,420,-114
113.448,0,40,0,0,420,-114
113.464,0,40,0,0,420,-114
113.480,0,40,0,0,420,-114
113.496,0,40,0,0,420,-114
113.512,0,40,0,0,420,-114
113.527,0,40,0,0,420,-114
113.543,0,40,0,0,420,-114
113.553,0,40,0,0,420,-114
113.576,0,40,0,0,420,-114
113.581,0,40,0,0,420,-114
113.591,0,40,0,0,420,-114
113.607,0,40,0,0,420,-114
113.612,0,40,0,0,420,-114
113.639,0,40,0,0,420,-114
113.655,0,40,0,0,420,-114
113.661,0,40,0,0,420,-114
113.674,0,40,0,0,420,-114
113.704,0,40,0,0,420,-114
113.720,0,40,0,0,420,-114
113.733,0,40,0,0,420,-114
113.752,0,40,0,0,420,-114
113.757,0,40,0,0,420,-114
113.784,0,40,0,0,420,-114
113.800,0,40,0,0,420,-114
113.808,0,40,0,0,420,-114
113.832,0,40,0,0,420,-114
113.848,0,40,0,0,420,-114
113.864,0,40,0,0,420,-114
113.880,0,40,0,0,420,-114
113.896,0,40,0,0,420,-114
113.912,0,40,0,0,420,-114
113.928,0,40,0,0,420,-114
113.944,0,40,0,0,420,-114
113.956,0,40,0,0,420,-114
113.976,0,40,0,0,420,-114
113.992,0,40,0,0,420,-114
114.008,0,40,0,0,420,-114
114.014,0,40,0,0,420,-114
114.040,0,40,0,0,420,-114
114.056,0,40,0,0,420,-114
114.072,0,40,0,0,420,-114
114.077,0,0,0,0,430,-114
114.088,0,0,0,0,430,-114
114.095,40,0,0,0,430,-114
114.104,40,0,0,0,430,-114
114.120,40,0,0,0,430,-114
114.137,40,0,0,0,430,-114
114.147,40,0,0,0,430,-114
114.168,40,0,0,0,430,-114
114.184,40,0,0,0,430,-114
114.200,40,0,0,0,430,-114
114.216,40,0,0,0,430,-114
114.232,40,0,0,0,430,-114
114.248,40,0,0,0,430,-114
114.264,40,0,0,0,430,-114
114.280,40,0,0,0,430,-114
114.296,40,0,0,0,430,-114
114.312,40,0,0,0,430,-114
114.328,40,0,0,0,430,-114
114.344,40,0,0,0,430,-114
114.360,40,0,0,0,430,-114
114.376,40,0,0,0,430,-114
114.392,40,0,0,0,430,-114
114.407,40,0,0,0,420,-114
114.424,40,0,0,0,420,-114
114.440,40,0,0,0,420,-114
114.456,40,0,0,0,420,-114
114.472,40,0,0,0,420,-114
114.484,40,0,0,0,420,-114
114.504,40,0,0,0,420,-114
114.520,40,0,0,0,420,-114
114.536,40,0,0,0,420,-114
114.552,40,0,0,0,420,-114
114.568,40,0,0,0,420,-114
114.584,40,0,0,0,420,-114
114.600,40,0,0,0,420,-114
114.609,40,0,0,0,420,-114
114.632,40,0,0,0,420,-113
114.638,40,0,0,0,420,-113
114.664,40,0,0,0,420,-113
114.680,40,0,0,0,420,-113
114.696,40,0,0,0,420,-113
114.712,40,0,0,0,420,-113
114.724,40,0,0,0,420,-113
114.744,40,0,0,0,420,-113
114.759,40,0,0,0,420,-113
114.775,40,0,0,0,420,-113
114.781,40,0,0,0,420,-113
114.808,40,0,0,0,420,-113
114.814,40,0,0,0,420,-113
114.824,40,0,0,0,420,-113
114.840,40,0,0,0,420,-113
114.857,40,0,0,0,420,-113
114.863,40,0,0,0,420,-113
114.872,40,0,0,0,420,-113
114.888,40,0,0,0,420,-113
114.904,40,0,0,0,420,-113
114.909,40,0,0,0,420,-113
114.920,40,0,0,0,420,-113
114.936,40,0,0,0,420,-113
114.942,40,0,0,0,420,-113
114.969,40,0,0,0,420,-114
114.976,40,0,0,0,420,-114
114.985,40,0,0,0,420,-114
115.001,40,0,0,0,420,-114
115.006,40,0,0,0,420,-114
115.017,40,0,0,0,420,-114
115.032,40,0,0,0,420,-114
115.037,40,0,0,0,420,-114
115.064,40,0,0,0,420,-114
115.080,40,0,0,0,420,-114
115.096,40,0,0,0,420,-114
115.112,40,0,0,0,420,-114
115.128,40,0,0,0,420,-114
115.144,40,0,0,0,420,-114
115.160,40,0,0,0,420,-114
115.166,40,0,0,0,420,-114
115.185,40,0,0,0,420,-114
115.192,40,0,0,0,420,-114
115.208,40,0,0,0,420,-114
115.219,40,0,0,0,420,-114
115.240,40,0,0,0,420,-114
115.256,40,0,0,0,420,-114
115.272,40,0,0,0,420,-114
115.288,40,0,0,0,420,-114
115.304,40,0,0,0,420,-114
115.320,40,0,0,0,420,-114
115.336,40,0,0,0,420,-114
115.351,40,0,0,0,420,-114
115.361,40,0,0,0,420,-114
115.368,40,0,0,0,420,-114
115.385,40,0,0,0,420,-114
115.399,40,0,0,0,420,-114
115.404,40,0,0,0,420,-114
115.415,40,0,0,0,420,-114
115.431,40,0,0,0,420,-114
115.447,40,0,0,0,420,-114
115.462,40,0,0,0,420,-114
115.468,40,0,0,0,420,-114
115.482,40,0,0,0,420,-114
115.494,40,0,0,0,420,-114
115.500,40,0,0,0,420,-114
115.518,40,0,0,0,420,-114
115.526,40,0,0,0,420,-114
115.542,40,0,0,0,420,-114
115.558,40,0,0,0,420,-114
115.574,40,0,0,0,420,-114
115.590,40,0,0,0,420,-114
115.606,40,0,0,0,420,-114
115.622,40,0,0,0,420,-114
115.639,40,0,0,0,420,-114
115.655,40,0,0,0,420,-114
115.665,40,0,0,0,420,-114
115.687,40,0,0,0,420,-114
115.703,40,0,0,0,420,-114
115.719,40,0,0,0,420,-114
115.735,40,0,0,0,420,-114
115.751,40,0,0,0,420,-114
115.767,40,0,0,0,420,-114
115.778,40,0,0,0,420,-114
115.798,40,0,0,0,420,-114
115.804,40,0,0,0,420,-114
115.815,40,0,0,0,420,-114
115.831,40,0,0,0,420,-114
115.836,40,0,0,0,420,-114
115.847,40,0,0,0,420,-114
115.863,40,0,0,0,420,-114
115.868,40,0,0,0,410,-114
115.895,40,0,0,0,410,-114
115.900,40,0,0,0,410,-114
115.911,40,0,0,0,410,-114
115.927,40,0,0,0,410,-114
115.931,40,0,0,0,410,-114
115.943,40,0,0,0,410,-114
115.959,40,0,0,0,410,-114
115.975,40,0,0,0,410,-114
115.991,40,0,0,0,410,-114
116.008,40,0,0,0,410,-114
116.023,40,0,0,0,410,-114
116.039,40,0,0,0,410,-114
116.055,40,0,0,0,410,-114
116.063,40,0,0,0,410,-114
116.071,40,0,0,0,410,-114
116.087,40,0,0,0,410,-114
116.103,40,0,0,0,410,-114
116.119,40,0,0,0,410,-114
116.135,40,0,0,0,410,-114
116.151,40,0,0,0,410,-114
116.167,40,0,0,0,410,-114
116.183,40,0,0,0,410,-114
116.188,40,0,0,0,410,-114
116.215,40,0,0,0,420,-114
116.231,40,0,0,0,420,-114
116.247,40,0,0,0,420,-114
116.263,40,0,0,0,420,-114
116.268,40,0,0,0,420,-114
116.279,40,0,0,0,420,-114
116.295,40,0,0,0,420,-114
116.311,40,0,0,0,420,-114
116.327,40,0,0,0,420,-114
116.343,40,0,0,0,420,-114
116.359,40,0,0,0,420,-114
116.364,40,0,0,0,420,-114
116.377,40,0,0,0,420,-114
116.391,40,0,0,0,420,-114
116.396,40,0,0,0,420,-114
116.407,40,0,0,0,420,-114
116.423,40,0,0,0,420,-114
116.428,40,0,0,0,420,-114
116.439,40,0,0,0,420,-114
116.455,40,0,0,0,420,-114
116.460,40,0,0,0,420,-114
116.471,40,0,0,0,420,-114
116.487,40,0,0,0,420,-114
116.504,40,0,0,0,420,-114
116.513,40,0,0,0,420,-114
116.535,40,0,0,0,420,-114
116.551,40,0,0,0,420,-114
116.567,40,0,0,0,420,-114
116.583,40,0,0,0,420,-114
116.595,40,0,0,0,420,-114
116.615,40,0,0,0,420,-114
116.631,40,0,0,0,420,-114
116.647,40,0,0,0,420,-114
116.659,40,0,0,0,430,-114
116.679,40,0,0,0,430,-114
116.691,40,0,0,0,430,-114
116.711,40,0,0,0,430,-114
116.727,40,0,0,0,430,-114
116.743,40,0,0,0,430,-114
116.759,40,0,0,0,430,-114
116.774,40,0,0,0,430,-114
116.791,40,0,0,0,430,-114
116.796,40,0,0,0,430,-114
116.806,40,0,0,0,430,-114
116.821,40,0,0,0,430,-114
116.839,40,0,0,0,430,-114
116.850,40,0,0,0,430,-114
116.869,40,0,0,0,440,-114
116.885,40,0,0,0,440,-114
116.901,40,0,0,0,440,-114
116.906,40,0,0,0,440,-114
116.933,40,0,0,0,440,-114
116.949,40,0,0,0,440,-114
116.965,40,0,0,0,440,-114
116.982,40,0,0,0,440,-114
116.997,40,0,0,0,440,-114
117.013,40,0,0,0,440,-114
117.018,40,0,0,0,440,-114
117.038,40,0,0,0,440,-114
117.061,40,0,0,0,440,-114
117.076,40,0,0,0,440,-114
117.092,40,0,0,0,440,-114
117.108,40,0,0,0,440,-114
117.120,40,0,0,0,440,-114
117.140,40,0,0,0,440,-114
117.157,40,0,0,0,440,-114
117.173,40,0,0,0,440,-114
117.188,40,0,0,0,440,-114
117.199,40,0,0,0,440,-114
117.206,40,0,0,0,440,-114
117.216,40,0,0,0,440,-114
117.223,40,0,0,0,440,-114
117.236,40,0,0,0,440,-114
117.252,40,0,0,0,440,-114
117.258,40,0,0,0,440,-114
117.268,40,0,0,0,440,-114
117.284,40,0,0,0,440,-114
117.295,40,0,0,0,440,-114
117.299,40,0,0,0,440,-114
117.331,40,0,0,0,440,-114
117.347,40,0,0,0,440,-114
117.353,40,0,0,0,440,-114
117.379,40,0,0,0,440,-114
117.390,40,0,0,0,440,-114
117.410,40,0,0,0,440,-114
117.415,40,0,0,0,440,-114
117.426,40,0,0,0,440,-114
117.442,40,0,0,0,440,-114
117.458,40,0,0,0,440,-114
117.474,40,0,0,0,440,-114
117.490,40,0,0,0,440,-114
117.499,40,0,0,0,440,-114
117.523,40,0,0,0,440,-114
117.539,40,0,0,0,440,-114
117.555,40,0,0,0,440,-114
117.572,40,0,0,0,440,-114
117.586,40,0,0,0,440,-114
117.602,40,0,0,0,440,-114
117.618,40,0,0,0,440,-114
117.634,40,0,0,0,440,-114
117.650,40,0,0,0,440,-114
117.656,40,0,0,0,440,-114
117.682,40,0,0,0,440,-114
117.687,40,0,0,0,440,-114
117.697,40,0,0,0,440,-114
117.714,40,0,0,0,440,-114
117.725,40,0,0,0,440,-114
117.746,40,0,0,0,440,-114
117.751,40,0,0,0,440,-114
117.762,40,0,0,0,440,-113
117.779,40,0,0,0,440,-113
117.788,40,0,0,0,440,-113
117.810,40,0,0,0,440,-113
117.821,40,0,0,0,440,-113
117.828,40,0,0,0,440,-113
117.842,40,0,0,0,440,-113
117.847,40,0,0,0,440,-113
117.858,40,0,0,0,440,-113
117.874,40,0,0,0,440,-114
117.890,40,0,0,0,440,-114
117.906,40,0,0,0,440,-114
117.911,40,0,0,0,440,-114
117.930,40,0,0,0,440,-114
117.938,40,0,0,0,440,-114
117.954,40,0,0,0,440,-114
117.969,40,0,0,0,440,-114
117.985,40,0,0,0,440,-114
118.001,40,0,0,0,440,-114
118.012,40,0,0,0,440,-114
118.032,40,0,0,0,440,-114
118.047,40,0,0,0,440,-114
118.064,40,0,0,0,440,-114
118.079,40,0,0,0,440,-114
118.096,40,0,0,0,430,-114
118.104,40,0,0,0,430,-114
118.110,40,0,0,0,430,-114
118.116,40,0,0,0,430,-114
118.128,40,0,0,0,430,-114
118.142,40,0,0,0,430,-114
118.158,40,0,0,0,430,-114
118.174,40,0,0,0,430,-114
118.194,0,0,0,0,430,-114
118.205,0,0,0,0,430,-114
118.221,0,0,0,0,430,-114
118.236,0,0,0,0,430,-114
118.252,0,0,0,0,430,-114
118.268,0,0,0,0,430,-114
118.284,0,0,0,0,430,-114
118.300,0,0,0,0,430,-114
118.316,0,0,0,0,430,-114
118.332,0,0,0,0,430,-114
118.348,0,0,0,0,430,-114
118.364,0,0,0,0,430,-114
118.380,0,0,0,0,430,-114
118.395,0,0,0,0,430,-114
118.412,0,0,0,0,430,-114
118.429,0,0,0,0,430,-114
118.443,0,0,0,0,430,-114
118.459,0,0,0,0,430,-114
118.475,0,0,0,0,430,-114
118.491,0,0,0,0,430,-114
118.507,0,0,0,0,430,-114
118.523,0,0,0,0,430,-114
118.540,0,0,0,0,430,-114
118.555,0,0,0,0,430,-114
118.571,0,0,0,0,430,-114
118.588,0,0,0,0,430,-114
118.602,0,0,0,0,430,-114
118.618,0,0,0,0,430,-114
118.634,0,0,0,0,430,-114
118.639,0,0,0,0,430,-114
118.666,0,0,0,0,430,-114
118.682,0,0,0,-40,430,-114
118.698,0,0,0,-40,430,-114
118.714,0,0,0,-40,430,-114
118.732,0,0,0,-40,430,-114
118.746,0,0,0,-40,430,-114
118.762,0,0,0,-40,420,-114
118.778,0,0,0,-40,420,-114
118.793,0,0,0,-40,420,-114
118.809,0,0,0,-40,420,-114
118.825,0,0,0,-40,420,-114
118.842,0,0,0,-40,420,-114
118.856,0,0,0,-40,420,-114
118.873,0,0,0,-40,420,-114
118.889,0,0,0,-40,420,-114
118.905,0,0,0,-40,420,-114
118.918,0,0,0,-40,420,-114
118.937,0,0,0,-40,420,-114
118.942,0,0,0,-40,420,-114
118.968,0,0,0,-40,420,-114
118.984,0,0,0,-40,420,-115
119.001,0,0,0,-40,420,-115
119.017,0,0,0,-40,420,-115
119.033,0,0,0,-40,420,-115
119.049,0,0,0,-40,420,-115
119.064,0,0,0,-40,420,-115
119.081,0,0,0,-40,420,-115
119.097,0,0,0,-40,410,-120
119.112,0,0,0,-40,410,-120
119.123,0,0,0,-40,410,-120
119.143,0,0,0,-40,410,-120
119.159,0,0,0,-40,410,-120
119.175,0,0,0,-40,410,-120
119.191,0,0,0,-40,410,-120
119.207,0,0,0,-40,410,-122
119.218,0,0,0,-40,410,-122
119.227,0,0,0,-40,410,-122
119.238,0,0,0,-40,410,-122
119.254,0,0,0,-40,410,-122
119.260,0,0,0,-40,410,-122
119.270,0,0,0,-40,410,-122
119.282,0,0,0,-40,410,-122
119.301,0,0,0,-40,410,-122
119.317,0,0,0,-40,410,-125
119.323,0,0,0,-40,410,-125
119.333,0,0,0,-40,410,-125
119.349,0,0,0,-40,410,-125
119.355,0,0,0,-40,410,-125
119.368,0,0,0,-40,410,-125
119.382,0,0,0,-40,410,-125
119.398,0,0,0,-40,410,-125
119.414,0,0,0,-40,410,-125
119.430,0,0,0,-40,410,-127
119.445,0,0,0,-40,410,-127
119.461,0,0,0,-40,410,-127
119.477,0,0,0,-40,410,-127
119.482,0,0,0,-40,410,-127
119.494,0,0,0,-40,410,-127
119.509,0,0,0,-40,410,-127
119.525,0,0,0,-40,410,-127
119.541,0,0,0,0,410,-130
119.556,0,0,0,0,410,-130
119.570,0,0,0,0,410,-130
119.588,0,0,0,0,410,-130
119.604,0,0,0,0,410,-130
119.621,0,0,0,0,410,-130
119.637,0,0,0,0,410,-130
119.653,0,0,0,0,410,-134
119.667,0,0,0,0,410,-134
119.685,0,0,0,0,410,-134
119.700,0,0,0,0,410,-134
119.707,0,0,0,0,410,-134
119.725,0,0,0,0,410,-134
119.748,0,0,0,0,410,-134
119.761,0,0,0,0,410,-134
119.780,0,0,0,0,410,-134
119.796,0,0,0,0,410,-134
119.812,0,0,0,0,410,-134
119.823,0,0,0,0,410,-134
119.837,0,0,0,0,410,-134
119.859,0,0,0,0,410,-134
119.875,0,0,0,0,410,-134
119.888,0,0,0,0,410,-134
119.906,0,0,0,0,410,-134
119.911,0,0,0,0,410,-134
119.938,0,0,0,0,410,-134
119.955,0,0,0,0,410,-134
119.971,0,0,0,0,410,-134
119.985,0,0,0,0,410,-134
120.002,0,0,0,0,410,-134
120.018,0,0,0,0,410,-134
120.034,0,0,0,0,410,-134
120.049,0,0,0,0,410,-134
120.063,0,0,0,0,410,-134
120.078,0,0,0,0,410,-134
120.097,0,0,0,0,410,-134
120.113,0,0,0,0,410,-134
120.128,0,0,0,0,410,-134
120.144,0,0,0,0,410,-134
120.160,0,0,0,0,410,-134
120.176,0,0,0,0,410,-134
120.181,0,0,0,0,410,-134
120.209,0,0,0,0,410,-134
120.222,0,0,0,0,410,-134
120.241,0,0,0,0,410,-134
120.256,0,0,0,0,410,-134
120.273,0,0,0,0,410,-134
120.289,0,0,0,0,410,-134
120.305,0,0,0,0,410,-134
120.321,0,0,0,0,410,-134
120.337,0,0,0,0,410,-134
120.353,0,0,0,0,410,-134
120.368,0,0,0,0,410,-134
120.384,0,0,0,0,410,-134
120.400,0,0,0,0,410,-134
120.416,0,0,0,0,410,-134
120.431,0,0,0,0,410,-134
120.447,0,0,0,0,420,-134
120.463,0,0,0,0,420,-134
120.479,0,0,0,0,420,-134
120.495,0,0,0,0,420,-134
120.511,0,0,0,0,420,-134
120.516,0,0,0,0,420,-134
120.544,0,0,0,0,420,-134
120.558,0,0,0,0,420,-134
120.574,0,0,0,0,420,-134
120.590,0,0,0,0,420,-134
120.606,0,0,0,0,420,-134
120.623,0,0,0,0,420,-134
120.638,0,0,0,0,420,-134
120.653,0,0,0,0,420,-134
120.669,0,0,0,0,420,-134
120.687,0,0,0,0,420,-134
120.703,0,0,0,0,420,-134
120.717,0,0,0,0,420,-134
120.733,0,0,0,0,420,-134
120.749,0,0,0,0,420,-134
120.764,0,0,0,0,420,-134
120.782,0,0,0,0,420,-134
120.798,0,0,0,0,420,-134
120.822,0,0,0,0,420,-134
120.844,0,0,0,0,420,-134
120.860,0,0,0,0,420,-134
120.876,0,0,0,0,420,-134
120.897,0,0,0,0,420,-134
120.908,0,0,0,0,420,-134
120.926,0,0,0,0,420,-134
120.940,0,0,0,0,420,-134
120.957,0,0,0,0,420,-134
120.972,0,0,0,0,420,-134
120.990,0,0,0,0,420,-134
121.004,0,0,0,0,420,-134
121.020,0,0,0,0,420,-134
121.036,0,0,0,0,420,-134
121.054,0,0,0,0,420,-134
121.069,0,0,0,0,420,-134
121.089,0,0,0,0,420,-134
121.100,0,0,0,0,420,-134
121.117,0,0,0,0,420,-134
121.132,0,0,0,0,420,-134
121.148,0,0,0,0,420,-134
121.167,0,0,0,0,420,-134
121.180,0,0,0,0,420,-134
121.198,0,0,0,0,420,-134
121.211,0,0,0,0,420,-134
121.228,0,0,0,0,420,-134
121.243,0,0,0,0,420,-134
121.259,0,0,0,0,420,-134
121.275,0,0,0,0,420,-134
121.293,0,0,0,0,420,-134
121.307,0,0,0,0,420,-134
121.323,0,0,0,0,420,-134
121.340,0,0,0,0,410,-134
121.356,0,0,0,0,410,-134
121.372,0,0,40,0,410,-134
121.388,0,0,40,0,410,-134
121.404,0,0,40,0,410,-134
121.420,0,0,40,0,410,-134
121.437,0,0,40,0,410,-134
121.453,0,0,40,0,410,-134
121.469,0,0,40,0,410,-134
121.483,0,0,40,0,410,-134
121.497,0,0,40,0,410,-134
121.514,0,0,40,0,410,-134
121.526,0,0,40,0,410,-134
121.546,0,0,40,0,410,-134
121.562,0,0,40,0,410,-134
121.578,0,0,40,0,410,-134
121.594,0,0,40,0,410,-134
121.610,0,0,40,0,410,-134
121.621,0,0,40,0,410,-134
121.642,0,0,40,0,410,-134
121.658,0,0,40,0,410,-134
121.674,0,0,40,0,410,-134
121.690,0,0,40,0,410,-134
121.706,0,0,40,0,410,-134
121.717,0,0,40,0,410,-134
121.738,0,0,40,0,410,-134
121.756,0,0,40,0,410,-134
121.786,0,0,40,0,410,-134
121.791,0,0,40,0,410,-134
121.818,0,0,40,0,410,-134
121.834,0,0,40,0,410,-134
121.850,0,0,40,0,410,-134
121.866,0,0,40,0,410,-134
121.878,0,0,40,0,410,-134
121.892,0,0,40,0,410,-134
121.913,0,0,40,0,410,-134
121.929,0,0,40,0,410,-134
121.942,0,0,40,0,410,-134
121.947,0,0,40,0,410,-134
121.960,0,0,40,0,410,-134
121.977,0,0,40,0,410,-134
121.983,0,0,40,0,410,-134
121.992,0,0,40,0,410,-134
122.009,0,0,40,0,420,-134
122.013,0,0,40,0,420,-134
122.024,0,0,40,0,420,-134
122.040,0,0,40,0,420,-134
122.046,0,0,40,0,420,-134
122.057,0,0,40,0,420,-134
122.073,0,0,40,0,420,-134
122.083,0,0,40,0,420,-134
122.105,0,0,40,0,420,-134
122.111,0,0,40,0,420,-134
122.137,0,0,40,0,420,-134
122.153,0,0,40,0,420,-134
122.168,0,0,40,0,420,-134
122.186,0,0,40,0,420,-134
122.200,0,0,40,0,420,-134
122.205,0,0,40,0,420,-134
122.232,0,0,40,0,420,-134
122.244,0,0,40,0,420,-134
122.249,0,0,40,0,420,-134
122.267,0,0,40,0,420,-134
122.271,0,0,40,0,420,-134
122.297,0,0,40,0,420,-134
122.313,0,0,40,0,420,-134
122.329,0,0,40,0,430,-134
122.336,0,0,40,0,430,-134
122.353,0,0,40,0,430,-134
122.361,0,0,40,0,430,-134
122.377,0,0,40,0,430,-134
122.390,0,0,40,0,430,-134
122.409,0,0,40,0,430,-134
122.421,0,0,40,0,430,-134
122.441,0,0,40,0,430,-134
122.456,0,0,40,0,430,-134
122.472,0,0,40,0,430,-134
122.478,0,0,40,0,430,-134
122.488,0,0,40,0,430,-134
122.504,0,0,40,0,430,-134
122.510,0,0,40,0,430,-134
122.520,0,0,40,0,430,-134
122.536,0,0,40,0,430,-134
122.551,0,0,40,0,440,-135
122.557,0,0,40,0,440,-135
122.576,0,0,40,0,440,-135
122.584,0,0,40,0,440,-135
122.600,0,0,40,0,440,-135
122.616,0,0,40,0,440,-135
122.632,0,0,40,0,440,-135
122.637,0,0,40,0,440,-135
122.664,0,0,40,0,440,-135
122.680,0,0,40,0,440,-134
122.695,0,0,40,0,440,-134
122.701,0,0,40,0,440,-134
122.727,0,0,40,0,440,-134
122.743,0,0,40,0,440,-134
122.758,0,0,40,0,440,-134
122.775,0,0,40,0,450,-134
122.791,0,0,40,0,450,-134
122.807,0,0,40,0,450,-134
122.823,0,0,40,0,450,-134
122.839,0,0,40,0,450,-134
122.852,0,0,40,0,450,-134
122.871,0,0,40,0,450,-134
122.884,0,0,40,0,450,-134
122.903,0,0,40,0,450,-134
122.909,0,0,40,0,450,-134
122.919,0,0,40,0,450,-134
122.935,0,0,40,0,450,-134
122.941,0,0,40,0,450,-134
122.952,0,0,40,0,450,-134
122.968,0,0,40,0,450,-134
122.973,0,0,40,0,450,-134
122.984,0,0,40,0,450,-134
123.000,0,0,40,0,450,-134
123.005,0,0,40,0,460,-134
123.017,0,0,40,0,460,-134
123.033,0,0,0,0,460,-134
123.049,0,0,0,0,460,-134
123.064,0,0,0,0,460,-134
123.080,0,0,0,0,460,-134
123.096,0,0,0,0,460,-134
123.112,0,0,0,0,460,-134
123.128,0,0,0,0,470,-134
123.144,0,0,0,0,470,-134
123.160,0,0,0,0,470,-134
123.176,0,0,0,0,470,-134
123.192,0,0,0,0,470,-134
123.208,0,0,0,0,470,-134
123.224,0,0,0,0,480,-134
123.240,0,0,0,0,480,-134
123.255,0,0,0,0,480,-134
123.272,0,0,0,0,480,-134
123.288,0,0,0,0,480,-134
123.303,0,0,0,0,480,-134
123.319,0,0,0,0,480,-134
123.335,0,0,0,0,480,-134
123.351,0,0,0,0,480,-134
123.367,0,0,0,0,480,-134
123.383,0,0,0,0,480,-134
123.400,0,0,0,0,480,-134
123.415,0,0,0,0,480,-134
123.430,0,0,0,0,480,-134
123.446,0,0,0,0,480,-134
123.459,0,0,0,0,480,-134
123.478,0,0,0,0,480,-134
123.495,0,0,0,0,480,-134
123.510,0,0,0,0,480,-134
123.527,0,0,0,0,480,-134
123.542,0,0,0,0,480,-134
123.559,0,0,0,0,480,-134
123.574,0,0,0,0,490,-134
123.589,0,0,0,0,490,-134
123.606,0,0,0,0,490,-134
123.622,0,0,0,0,490,-134
123.638,0,0,0,0,490,-134
123.654,0,0,0,0,490,-134
123.670,0,0,0,0,490,-134
123.686,0,0,0,0,490,-134
123.702,0,0,0,0,490,-134
123.713,0,0,0,0,490,-134
123.734,0,0,0,0,490,-134
123.750,0,0,0,0,490,-134
123.766,0,0,0,0,490,-134
123.782,0,0,0,0,490,-134
123.798,0,0,0,0,490,-134
123.814,0,0,0,0,490,-134
123.829,0,0,0,0,490,-134
123.845,0,0,0,0,490,-134
123.861,0,0,0,0,490,-134
123.866,0,0,0,0,490,-134
123.892,0,0,0,0,500,-134
123.909,0,0,0,0,500,-134
123.925,0,0,0,0,500,-134
123.940,0,0,0,0,500,-134
123.956,0,0,0,0,500,-134
123.972,0,0,0,0,500,-134
123.988,0,0,0,0,500,-134
124.006,0,0,0,0,500,-134
124.021,0,40,0,0,500,-134
124.031,0,40,0,0,500,-134
124.052,0,40,0,0,500,-134
124.068,0,40,0,0,500,-134
124.084,0,40,0,0,500,-134
124.100,0,40,0,0,500,-134
124.116,0,40,0,0,500,-134
124.132,0,40,0,0,500,-134
124.148,0,40,0,0,500,-134
124.164,0,40,0,0,500,-134
124.179,0,40,0,0,500,-134
124.194,0,40,0,0,500,-134
124.211,0,40,0,0,500,-134
124.227,0,40,0,0,500,-134
124.242,0,40,0,0,500,-134
124.258,0,40,0,0,500,-134
124.289,0,40,0,0,500,-134
124.305,0,40,0,0,500,-134
124.321,0,40,0,0,500,-134
124.337,0,40,0,0,490,-134
124.343,0,40,0,0,490,-134
124.369,0,40,0,0,490,-134
124.375,0,40,0,0,490,-134
124.401,0,40,0,0,490,-134
124.418,0,40,0,0,490,-134
124.434,0,40,0,0,490,-134
124.450,0,40,0,0,490,-134
124.466,0,40,0,0,490,-134
124.482,0,40,0,0,490,-134
124.498,0,40,0,0,490,-134
124.514,0,40,0,0,490,-134
124.530,0,40,0,0,490,-134
124.545,0,40,0,0,490,-134
124.561,0,40,0,0,490,-134
124.568,0,40,0,0,490,-134
124.593,0,40,0,0,490,-134
124.598,0,40,0,0,490,-134
124.609,0,40,0,0,490,-134
124.614,0,40,0,0,490,-134
124.641,0,40,0,0,490,-134
124.657,0,40,0,0,490,-134
124.663,0,40,0,0,490,-134
124.673,0,40,0,0,490,-134
124.689,0,40,0,0,490,-134
124.705,0,40,0,0,490,-134
124.721,0,40,0,0,490,-134
124.738,0,40,0,0,490,-134
124.752,0,40,0,0,490,-134
124.758,0,40,0,0,490,-134
124.785,0,40,0,0,490,-134
124.801,0,40,0,0,490,-134
124.817,0,40,0,0,490,-134
124.827,0,40,0,0,490,-134
124.848,0,40,0,0,490,-134
124.865,0,40,0,0,490,-134
124.880,0,40,0,0,490,-134
124.891,0,40,0,0,490,-134
124.912,0,40,0,0,490,-134
124.928,0,40,0,0,490,-134
124.939,0,40,0,0,490,-134
124.960,0,40,0,0,490,-134
124.976,0,40,0,0,490,-134
124.992,0,40,0,0,490,-134
125.008,0,40,0,0,490,-134
125.029,0,40,0,0,490,-134
125.040,0,40,0,0,490,-134
125.052,0,40,0,0,490,-134
125.058,0,40,0,0,490,-134
125.070,0,40,0,0,490,-134
125.088,0,40,0,0,490,-134
125.093,0,40,0,0,490,-134
125.104,0,40,0,0,490,-134
125.120,0,40,0,0,480,-134
125.125,0,40,0,0,480,-134
125.136,0,40,0,0,480,-134
125.152,0,40,0,0,480,-134
125.158,0,40,0,0,480,-134
125.169,0,40,0,0,480,-134
125.185,0,40,0,0,480,-134
125.194,0,40,0,0,480,-134
125.217,0,40,0,0,480,-134
125.233,0,0,0,0,480,-134
125.248,0,0,0,0,480,-134
125.264,0,0,0,0,480,-134
125.280,0,0,0,0,480,-134
125.296,0,0,0,0,480,-134
125.312,0,0,0,0,480,-134
125.317,0,0,0,0,480,-134
125.344,0,0,0,0,480,-134
125.362,0,0,0,0,480,-134
125.378,0,0,0,0,480,-134
125.392,0,40,0,0,480,-134
125.408,0,40,0,0,480,-134
125.419,0,40,0,0,480,-134
125.440,0,40,0,0,480,-134
125.456,0,40,0,0,480,-134
125.472,0,40,0,0,480,-134
125.488,0,40,0,0,480,-134
125.504,0,40,0,0,480,-134
125.520,0,40,0,0,480,-134
125.536,0,40,0,0,480,-134
125.554,0,40,0,0,480,-134
125.568,0,40,0,0,480,-134
125.578,0,0,0,0,480,-134
125.600,0,0,0,0,480,-134
125.616,0,0,0,0,480,-134
125.631,0,0,0,0,480,-134
125.648,0,0,0,0,480,-134
125.664,0,0,0,0,480,-134
125.680,0,0,0,0,490,-134
125.695,0,0,0,0,490,-134
125.711,0,0,0,0,490,-134
125.727,0,0,0,0,490,-134
125.743,0,0,0,0,490,-134
125.759,0,0,0,0,490,-134
125.775,0,0,0,0,490,-134
125.792,0,0,0,0,490,-134
125.808,0,0,0,0,490,-134
125.824,0,0,0,0,490,-134
125.840,0,0,0,0,490,-134
125.856,0,0,0,0,490,-134
125.871,0,0,0,0,490,-134
125.887,0,0,0,0,490,-134
125.903,0,0,0,0,490,-134
125.919,0,0,0,0,490,-134
125.935,0,0,0,0,490,-134
125.951,0,0,0,0,490,-134
125.967,0,0,0,0,490,-134
125.983,0,0,0,0,490,-134
125.999,0,0,0,0,490,-134
126.012,0,0,0,0,490,-134
126.031,0,0,0,0,490,-134
126.047,0,0,0,0,490,-134
126.063,0,0,0,0,490,-134
126.079,0,0,0,0,490,-134
126.094,0,0,0,0,490,-134
126.110,0,0,0,0,490,-134
126.122,0,0,0,0,490,-134
126.142,0,0,0,0,500,-134
126.151,0,0,0,0,500,-134
126.174,0,0,0,0,500,-134
126.190,0,0,0,0,500,-134
126.206,0,0,0,0,500,-134
126.221,0,0,0,0,500,-134
126.237,0,0,0,0,500,-134
126.252,0,0,0,0,500,-134
126.265,0,0,0,0,500,-134
126.280,0,0,0,0,500,-134
126.300,0,0,0,0,500,-134
126.316,0,0,0,0,500,-134
126.329,0,0,0,0,500,-134
126.348,0,0,0,0,500,-134
126.359,0,0,0,0,500,-134
126.381,0,0,0,0,500,-134
126.395,0,0,0,0,500,-134
126.412,0,0,0,0,500,-134
126.422,0,0,0,0,500,-134
126.444,0,0,0,0,500,-134
126.460,0,0,0,0,500,-134
126.476,0,0,0,0,500,-134
126.492,0,0,0,0,500,-134
126.508,0,0,0,0,500,-134
126.523,0,0,0,0,500,-134
126.540,0,0,0,0,500,-134
126.555,0,0,0,0,500,-134
126.571,0,0,0,0,500,-134
126.587,0,0,0,0,500,-134
126.595,0,0,0,0,500,-134
126.619,0,0,0,0,500,-134
126.635,0,0,0,0,500,-134
126.651,0,0,0,0,500,-134
126.666,0,0,0,0,500,-134
126.681,0,0,0,0,500,-134
126.698,0,0,0,0,500,-134
126.714,0,0,0,0,500,-134
126.730,0,0,0,0,500,-134
126.743,0,0,0,0,500,-134
126.755,0,0,0,0,500,-134
126.762,0,0,0,0,500,-134
126.777,0,0,0,0,500,-134
126.793,0,0,0,0,500,-134
126.809,0,0,0,0,500,-134
126.824,0,0,0,0,500,-134
126.837,0,0,0,0,500,-134
126.851,0,0,0,0,500,-134
126.872,0,0,0,0,500,-134
126.887,0,0,0,0,500,-134
126.903,0,0,0,0,490,-134
126.919,0,0,0,0,490,-134
126.935,0,0,0,0,490,-134
126.951,0,0,0,0,490,-134
126.967,0,0,0,0,490,-134
126.983,0,0,0,0,490,-134
126.999,0,0,0,0,490,-134
127.015,0,0,0,0,490,-134
127.032,0,0,0,0,490,-134
127.045,0,0,0,0,490,-134
127.057,0,0,0,0,490,-134
127.079,0,0,0,0,490,-134
127.089,0,0,0,0,490,-134
127.110,0,0,0,0,490,-134
127.126,0,0,0,0,490,-135
127.143,0,0,0,0,490,-135
127.159,0,0,0,0,490,-135
127.174,0,0,0,0,490,-135
127.191,0,0,0,0,490,-135
127.207,0,0,0,0,490,-135
127.223,0,0,0,0,490,-135
127.237,0,0,0,0,490,-135
127.243,0,0,0,0,490,-134
127.271,0,0,0,0,490,-134
127.285,0,0,0,0,490,-134
127.301,0,0,0,0,490,-134
127.317,0,0,0,0,490,-134
127.333,0,0,0,0,490,-134
127.338,0,0,0,0,490,-134
127.365,0,0,0,0,490,-134
127.380,0,0,0,0,490,-134
127.396,0,0,0,0,490,-134
127.412,0,0,0,0,490,-134
127.434,0,0,0,0,490,-134
127.450,0,0,0,0,490,-134
127.459,0,0,0,0,480,-134
127.475,0,0,0,0,480,-134
127.488,0,0,0,0,480,-134
127.506,0,0,0,0,480,-134
127.522,0,0,0,0,480,-134
127.539,0,0,0,0,480,-134
127.553,0,0,0,0,480,-134
127.569,0,0,0,0,480,-134
127.582,0,0,0,0,480,-134
127.601,0,0,0,0,480,-134
127.617,0,0,0,0,480,-134
127.632,0,0,0,0,480,-134
127.648,0,0,0,0,480,-134
127.660,0,0,0,0,480,-134
127.673,-40,0,0,0,480,-134
127.682,-40,0,0,0,480,-134
127.696,-40,0,0,0,480,-134
127.700,-40,0,0,0,480,-134
127.727,-40,0,0,0,480,-134
127.743,-40,0,0,0,480,-134
127.755,-40,0,0,0,480,-134
127.774,-40,0,0,0,480,-134
127.790,-40,0,0,0,480,-134
127.806,-40,0,0,0,480,-134
127.822,-40,0,0,0,480,-134
127.838,-40,0,0,0,480,-134
127.851,-40,0,0,0,480,-134
127.870,-40,0,0,0,480,-134
127.882,-40,0,0,0,480,-134
127.902,-40,0,0,0,480,-134
127.918,-40,0,0,0,480,-134
127.933,-40,0,0,0,480,-134
127.938,-40,0,0,0,480,-134
127.965,-40,0,0,0,480,-134
127.980,-40,0,0,0,480,-134
127.997,-40,0,0,0,480,-134
128.006,-40,0,0,0,480,-134
128.028,-40,0,0,0,480,-134
128.043,-40,0,0,0,480,-134
128.060,-40,0,0,0,480,-134
128.075,-40,0,0,0,480,-134
128.089,-40,0,0,0,480,-134
128.108,-40,0,0,0,480,-134
128.117,-40,0,0,0,480,-134
128.138,-40,0,0,0,480,-134
128.154,-40,0,0,0,480,-134
128.169,-40,0,0,0,480,-134
128.182,-40,0,0,0,480,-134
128.197,-40,0,0,0,480,-134
128.202,-40,0,0,0,480,-134
128.217,-40,0,0,0,480,-134
128.222,-40,0,0,0,480,-134
128.233,-40,0,0,0,480,-134
128.238,-40,0,0,0,480,-135
128.261,-40,0,0,0,480,-135
128.269,-40,0,0,0,480,-135
128.282,0,0,0,0,480,-135
128.295,0,0,0,0,480,-135
128.311,0,0,0,0,480,-135
128.327,0,0,0,0,480,-135
128.342,0,0,0,0,480,-135
128.358,0,0,0,0,480,-135
128.374,0,0,0,0,480,-135
128.387,0,0,0,0,480,-135
128.405,0,0,0,0,480,-135
128.421,0,0,0,0,480,-135
128.437,0,0,0,0,480,-135
128.453,0,0,0,0,480,-135
128.472,0,0,0,0,480,-134
128.488,0,0,0,0,480,-134
128.500,0,0,0,0,480,-134
128.516,0,0,0,0,480,-134
128.534,0,0,0,0,480,-134
128.547,0,0,0,0,480,-134
128.563,0,0,0,0,480,-134
128.583,0,0,0,0,480,-134
128.595,0,0,0,0,480,-134
128.615,0,0,0,0,480,-134
128.632,0,0,0,0,480,-134
128.654,0,0,0,0,480,-134
128.664,0,0,0,0,480,-134
128.672,40,0,0,0,480,-134
128.681,40,0,0,0,480,-134
128.688,40,0,0,0,480,-134
128.711,40,0,0,0,480,-134
128.728,40,0,0,0,480,-134
128.751,40,0,0,0,480,-134
128.764,40,0,0,0,480,-134
128.781,40,0,0,0,480,-134
128.794,40,0,0,0,480,-134
128.809,40,0,0,0,480,-134
128.833,40,0,0,0,480,-134
128.849,40,0,0,0,480,-134
128.865,40,0,0,0,480,-134
128.881,40,0,0,0,480,-134
128.896,40,0,0,0,490,-134
128.912,40,0,0,0,490,-134
128.926,40,0,0,0,490,-134
128.944,40,0,0,0,490,-134
128.957,40,0,0,0,490,-134
128.976,40,0,0,0,490,-134
128.992,40,0,0,0,490,-134
129.008,40,0,0,0,490,-134
129.024,40,0,0,0,490,-134
129.039,40,0,0,0,490,-134
129.055,40,0,0,0,490,-134
129.072,40,0,0,0,490,-134
129.087,40,0,0,0,490,-134
129.104,40,0,0,0,490,-134
129.120,40,0,0,0,490,-134
129.135,40,0,0,0,490,-134
129.151,40,0,0,0,490,-134
129.167,40,0,0,0,490,-134
129.183,40,0,0,0,490,-134
129.188,40,0,0,0,490,-134
129.199,40,0,0,0,490,-134
129.215,40,0,0,0,490,-134
129.220,40,0,0,0,490,-134
129.231,40,0,0,0,490,-134
129.247,40,0,0,0,490,-134
129.263,40,0,0,0,490,-134
129.268,40,0,0,0,490,-134
129.295,40,0,0,0,490,-134
129.300,40,0,0,0,490,-134
129.326,40,0,0,0,500,-134
129.342,40,0,0,0,500,-134
129.358,40,0,0,0,500,-134
129.374,40,0,0,0,500,-134
129.391,40,0,0,0,500,-134
129.401,40,0,0,0,500,-134
129.416,40,0,0,0,500,-134
129.431,40,0,0,0,500,-134
129.438,40,0,0,0,500,-134
129.454,40,0,0,0,500,-134
129.470,40,0,0,0,500,-134
129.486,40,0,0,0,500,-134
129.491,40,0,0,0,500,-134
129.502,40,0,0,0,500,-134
129.518,40,0,0,0,500,-134
129.535,40,0,0,0,500,-134
129.549,40,0,0,0,500,-134
129.554,40,0,0,0,500,-134
129.565,40,0,0,0,500,-134
129.571,40,0,0,0,500,-134
129.590,40,0,0,0,500,-134
129.597,40,0,0,0,500,-134
129.613,40,0,0,0,500,-134
129.618,40,0,0,0,500,-134
129.628,40,0,0,0,500,-134
129.645,40,0,0,0,500,-134
129.660,40,0,0,0,500,-134
129.667,40,0,0,0,500,-134
129.681,40,0,0,0,500,-134
129.708,40,0,0,0,500,-134
129.713,40,0,0,0,500,-134
129.739,40,0,0,0,500,-134
129.755,40,0,0,0,500,-134
129.771,40,0,0,0,500,-134
129.778,40,0,0,0,500,-134
129.787,40,0,0,0,500,-134
129.802,40,0,0,0,500,-134
129.818,40,0,0,0,500,-134
129.834,40,0,0,0,500,-134
129.849,40,0,0,0,500,-134
129.861,40,0,0,0,500,-134
129.881,40,0,0,0,500,-134
129.886,40,0,0,0,500,-135
129.897,40,0,0,0,500,-135
129.913,40,0,0,0,500,-135
129.923,40,0,0,0,500,-135
129.929,40,0,0,0,500,-135
129.945,40,0,0,0,500,-135
129.950,40,0,0,0,500,-135
129.962,40,0,0,0,500,-135
129.992,40,0,0,0,500,-134
130.005,40,0,0,0,500,-134
130.011,40,0,0,0,500,-134
130.023,40,0,0,0,500,-134
130.039,40,0,0,0,500,-134
130.044,40,0,0,0,500,-134
130.055,40,0,0,0,500,-134
130.070,40,0,0,0,500,-134
130.087,40,0,0,0,500,-134
130.100,40,0,0,0,500,-134
130.118,40,0,0,0,500,-134
130.134,40,0,0,0,500,-134
130.150,40,0,0,0,500,-134
130.166,40,0,0,0,500,-134
130.178,40,0,0,0,500,-134
130.184,40,0,0,0,500,-134
130.198,40,0,0,0,500,-134
130.203,40,0,0,0,500,-134
130.230,40,0,0,0,500,-134
130.246,40,0,0,0,500,-134
130.262,40,0,0,0,500,-134
130.277,40,0,0,0,500,-134
130.285,40,0,0,0,500,-134
130.301,40,0,0,0,500,-134
130.314,40,0,0,0,500,-134
130.321,40,0,0,0,500,-134
130.341,40,0,0,0,500,-134
130.346,40,0,0,0,500,-134
130.357,40,0,0,0,500,-134
130.373,40,0,0,0,500,-134
130.379,40,0,0,0,500,-134
130.405,40,0,0,0,500,-134
130.411,40,0,0,0,500,-134
130.437,40,0,0,0,500,-134
130.442,40,0,0,0,500,-134
130.453,40,0,0,0,500,-134
130.469,40,0,0,0,500,-134
130.480,40,0,0,0,500,-134
130.486,40,0,0,0,500,-134
130.502,40,0,0,0,500,-134
130.507,40,0,0,0,500,-134
130.517,40,0,0,0,500,-134
130.533,40,0,0,0,500,-134
130.549,40,0,0,0,500,-134
130.565,40,0,0,0,500,-134
130.570,40,0,0,0,500,-134
130.582,40,0,0,0,500,-134
130.599,40,0,0,0,500,-134
130.615,40,0,0,0,500,-134
130.630,40,0,0,0,500,-134
130.635,40,0,0,0,500,-134
130.647,40,0,0,0,500,-134
130.662,40,0,0,0,500,-134
130.678,40,0,0,0,490,-134
130.694,40,0,0,0,490,-134
130.710,40,0,0,0,490,-134
130.722,40,0,0,0,490,-134
130.729,40,0,0,0,490,-134
130.750,40,0,0,0,490,-134
130.766,40,0,0,0,490,-134
130.776,40,0,0,0,490,-134
130.785,40,0,0,0,490,-134
130.793,40,0,0,0,490,-134
130.801,40,0,0,0,490,-134
130.814,40,0,0,0,490,-134
130.819,40,0,0,0,490,-134
130.836,40,0,0,0,490,-134
130.842,40,0,0,0,490,-134
130.859,40,0,0,0,490,-134
130.867,40,0,0,0,490,-134
130.875,40,0,0,0,490,-134
130.891,40,0,0,0,490,-134
130.909,40,0,0,0,490,-134
130.925,40,0,0,0,490,-134
130.933,40,0,0,0,490,-134
130.949,40,0,0,0,490,-134
130.964,40,0,0,0,490,-134
130.974,40,0,0,0,490,-134
130.999,40,0,0,0,490,-134
131.010,40,0,0,0,490,-134
131.027,40,0,0,0,490,-134
131.035,40,0,0,0,490,-134
131.060,40,0,0,0,490,-134
131.076,40,0,0,0,490,-134
131.087,40,0,0,0,490,-134
131.110,40,0,0,0,490,-134
131.120,40,0,0,0,490,-134
131.135,40,0,0,0,490,-134
131.145,40,0,0,0,490,-134
131.160,40,0,0,0,490,-134
131.176,40,0,0,0,490,-134
131.185,40,0,0,0,490,-134
131.200,40,0,0,0,490,-134
131.211,40,0,0,0,490,-134
131.227,40,0,0,0,490,-134
131.244,40,0,0,0,490,-134
131.253,40,0,0,0,490,-134
131.269,40,0,0,0,490,-134
131.274,40,0,0,0,490,-134
131.285,40,0,0,0,490,-134
131.295,40,0,0,0,490,-134
131.306,40,0,0,0,490,-134
131.326,40,0,0,0,490,-134
131.334,40,0,0,0,490,-134
131.359,40,0,0,0,490,-134
131.367,40,0,0,0,490,-134
131.372,40,0,0,0,490,-134
131.385,40,0,0,0,490,-134
131.393,40,0,0,0,490,-134
131.406,40,0,0,0,490,-134
131.411,40,0,0,0,490,-134
131.434,40,0,0,0,490,-134
131.442,40,0,0,0,490,-134
131.458,40,0,0,0,490,-134
131.475,40,0,0,0,490,-134
131.491,40,0,0,0,490,-134
131.507,40,0,0,0,490,-134
131.524,40,0,0,0,490,-134
131.540,40,0,0,0,490,-134
131.551,40,0,0,0,490,-134
131.572,40,0,0,0,490,-134
131.588,0,0,0,0,490,-134
131.604,0,0,0,0,490,-134
131.620,0,0,0,0,490,-134
131.636,0,0,0,0,490,-134
131.652,0,0,0,0,490,-135
131.669,0,0,0,0,490,-135
131.685,0,0,0,0,490,-135
131.701,0,0,0,0,490,-135
131.717,0,0,0,0,490,-135
131.732,0,0,0,0,490,-135
131.748,0,0,0,0,490,-134
131.753,0,-40,0,0,490,-134
131.764,0,-40,0,0,490,-134
131.777,0,-40,0,0,490,-134
131.793,0,-40,0,0,490,-134
131.809,0,-40,0,0,490,-134
131.825,0,-40,0,0,490,-134
131.841,0,-40,0,0,490,-134
131.857,0,-40,0,0,490,-134
131.873,0,-40,0,0,490,-134
131.889,0,-40,0,0,490,-134
131.897,0,-40,0,0,490,-134
131.914,0,-40,0,0,490,-134
131.938,0,-40,0,0,490,-134
131.954,0,-40,0,0,490,-134
131.970,0,-40,0,0,490,-134
131.986,0,-40,0,0,490,-134
132.002,0,-40,0,0,490,-134
132.017,0,-40,0,0,490,-134
132.033,0,-40,0,0,490,-134
132.049,0,-40,0,0,490,-134
132.065,0,-40,0,0,490,-134
132.081,0,-40,0,0,490,-134
132.097,0,-40,0,0,490,-134
132.113,0,-40,0,0,490,-134
132.128,0,-40,0,0,490,-134
132.144,0,-40,0,0,490,-134
132.161,0,-40,0,0,490,-134
132.192,0,-40,0,0,490,-134
132.208,0,-40,0,0,490,-134
132.224,0,-40,0,0,490,-134
132.241,0,-40,0,0,490,-134
132.257,0,-40,0,0,490,-134
132.273,0,-40,0,0,490,-134
132.279,0,-40,0,0,490,-134
132.305,0,-40,0,0,490,-134
132.321,0,-40,0,0,490,-134
132.337,0,-40,0,0,490,-134
132.352,0,-40,0,0,490,-134
132.367,0,-40,0,0,490,-134
132.394,0,-40,0,0,490,-134
132.409,0,-40,0,0,500,-134
132.414,0,-40,0,0,500,-134
132.429,0,-40,0,0,500,-134
132.456,0,-40,0,0,500,-134
132.472,0,-40,0,0,500,-134
132.477,0,-40,0,0,500,-134
132.504,0,-40,0,0,500,-134
132.519,0,-40,0,0,500,-134
132.527,0,-40,0,0,500,-134
132.532,0,-40,0,0,500,-134
132.543,0,-40,0,0,500,-134
132.558,0,-40,0,0,500,-134
132.574,0,-40,0,0,500,-134
132.580,0,-40,0,0,500,-134
132.606,0,-40,0,0,500,-134
132.612,0,-40,0,0,500,-134
132.638,0,-40,0,0,500,-134
132.644,0,-40,0,0,500,-134
132.670,0,-40,0,0,500,-134
132.687,0,-40,0,0,500,-134
132.703,0,-40,0,0,500,-134
132.712,0,-40,0,0,500,-134
132.728,0,-40,0,0,500,-134
132.733,0,-40,0,0,500,-134
132.744,0,-40,0,0,500,-134
132.759,0,-40,0,0,500,-134
132.775,0,-40,0,0,500,-134
132.780,0,-40,0,0,500,-134
132.807,0,-40,0,0,500,-134
132.823,0,-40,0,0,500,-134
132.839,0,-40,0,0,500,-134
132.855,0,-40,0,0,500,-134
132.864,0,-40,0,0,500,-134
132.871,0,-40,0,0,500,-134
132.888,0,-40,0,0,500,-134
132.904,0,-40,0,0,500,-134
132.919,0,-40,0,0,500,-134
132.929,0,-40,0,0,500,-134
132.959,0,-40,0,0,500,-134
132.965,0,-40,0,0,500,-134
132.992,0,-40,0,0,500,-134
132.997,0,-40,0,0,500,-134
133.007,0,-40,0,0,500,-134
133.023,0,-40,0,0,500,-134
133.039,0,-40,0,0,500,-134
133.055,0,-40,0,0,500,-134
133.061,0,-40,0,0,500,-134
133.079,0,-40,0,0,500,-134
133.094,0,-40,0,0,500,-134
133.099,0,-40,0,0,500,-134
133.111,0,-40,0,0,500,-134
133.125,0,-40,0,0,500,-134
133.130,0,-40,0,0,500,-134
133.140,0,-40,0,0,500,-134
133.156,0,-40,0,0,490,-134
133.165,0,-40,0,0,490,-134
133.175,0,-40,0,0,490,-134
133.188,0,-40,0,0,490,-134
133.193,0,-40,0,0,490,-134
133.205,0,-40,0,0,490,-134
133.221,0,-40,0,0,490,-134
133.237,0,-40,0,0,490,-134
133.253,0,-40,0,0,490,-134
133.269,0,-40,0,0,490,-134
133.285,0,-40,0,0,490,-134
133.290,0,-40,0,0,490,-134
133.317,0,-40,0,0,490,-134
133.322,0,-40,0,0,490,-134
133.333,0,-40,0,0,490,-134
133.349,0,-40,0,0,490,-134
133.365,0,-40,0,0,490,-134
133.381,0,-40,0,0,490,-134
133.397,0,-40,0,0,490,-134
133.413,0,-40,0,0,490,-134
133.418,0,-40,0,0,490,-134
133.445,0,-40,0,0,490,-134
133.461,0,-40,0,0,490,-134
133.477,0,-40,0,0,490,-134
133.493,0,-40,0,0,490,-134
133.509,0,-40,0,0,490,-134
133.520,0,-40,0,0,490,-134
133.526,0,-40,0,0,490,-134
133.541,0,-40,0,0,490,-134
133.558,0,-40,0,0,490,-134
133.573,0,-40,0,0,490,-134
133.589,0,-40,0,0,490,-134
133.602,0,-40,0,0,490,-134
133.620,0,-40,0,0,490,-134
133.625,0,-40,0,0,490,-134
133.636,0,-40,0,0,490,-134
133.652,0,-40,0,0,490,-134
133.657,0,-40,0,0,490,-134
133.684,0,-40,0,0,490,-134
133.689,0,-40,0,0,490,-134
133.700,0,-40,0,0,490,-134
133.716,0,-40,0,0,490,-134
133.732,0,-40,0,0,490,-134
133.748,0,-40,0,0,490,-134
133.764,0,-40,0,0,490,-134
133.769,0,-40,0,0,490,-134
133.785,0,-40,0,0,490,-134
133.795,0,-40,0,0,490,-134
133.812,0,-40,0,0,490,-134
133.828,0,-40,0,0,490,-134
133.843,0,-40,0,0,490,-134
133.849,0,-40,0,0,490,-134
133.876,0,-40,0,0,490,-134
133.892,0,-40,0,0,490,-134
133.908,0,-40,0,0,490,-134
133.919,0,-40,0,0,490,-134
133.940,0,-40,0,0,490,-134
133.956,0,-40,0,0,490,-134
133.972,0,-40,0,0,490,-134
133.984,0,-40,0,0,490,-134
134.004,0,-40,0,0,490,-134
134.019,0,-40,0,0,490,-134
134.025,0,-40,0,0,490,-134
134.051,0,-40,0,0,490,-134
134.056,0,-40,0,0,490,-134
134.067,0,-40,0,0,490,-134
134.083,0,-40,0,0,490,-134
134.088,0,-40,0,0,490,-134
134.099,0,-40,0,0,490,-134
134.115,0,-40,0,0,490,-134
134.127,0,-40,0,0,490,-134
134.147,0,-40,0,0,490,-134
134.152,0,-40,0,0,490,-134
134.179,0,-40,0,0,490,-134
134.190,0,-40,0,0,490,-134
134.194,0,-40,0,0,490,-134
134.226,0,-40,0,0,490,-134
134.242,0,-40,0,0,490,-134
134.258,0,-40,0,0,490,-134
134.274,0,-40,0,0,500,-134
134.279,0,-40,0,0,500,-134
134.306,0,-40,0,0,500,-134
134.313,0,-40,0,0,500,-134
134.338,0,-40,0,0,500,-134
134.343,0,-40,0,0,500,-134
134.370,0,-40,0,0,500,-134
134.386,0,-40,0,0,500,-134
134.402,0,-40,0,0,500,-134
134.418,0,-40,0,0,500,-134
134.434,0,-40,0,0,500,-134
134.450,0,-40,0,0,500,-134
134.466,0,-40,0,0,500,-134
134.482,0,-40,0,0,500,-134
134.486,0,-40,0,0,500,-134
134.498,0,-40,0,0,500,-134
134.513,0,-40,0,0,500,-134
134.518,0,-40,0,0,500,-134
134.529,0,-40,0,0,500,-134
134.545,0,-40,0,0,500,-134
134.551,0,-40,0,0,500,-134
134.561,0,-40,0,0,500,-134
134.577,0,-40,0,0,500,-134
134.583,0,-40,0,0,500,-134
134.593,0,-40,0,0,500,-134
134.609,0,-40,0,0,500,-134
134.614,0,-40,0,0,500,-134
134.625,0,-40,0,0,500,-134
134.641,0,-40,0,0,500,-134
134.657,0,-40,0,0,500,-134
134.673,0,-40,0,0,500,-134
134.684,0,-40,0,0,500,-134
134.704,0,-40,0,0,500,-134
134.715,0,-40,0,0,500,-134
134.736,0,-40,0,0,500,-134
134.752,0,-40,0,0,500,-134
134.768,0,-40,0,0,500,-134
134.784,0,-40,0,0,500,-134
134.800,0,-40,0,0,500,-134
134.816,0,-40,0,0,500,-134
134.827,0,-40,0,0,500,-134
134.847,0,-40,0,0,500,-134
134.863,0,-40,0,0,500,-134
134.879,0,-40,0,0,500,-134
134.893,0,-40,0,0,500,-134
134.911,0,-40,0,0,500,-134
134.916,0,-40,0,0,500,-134
134.927,0,-40,0,0,500,-134
134.943,0,-40,0,0,500,-134
134.955,0,-40,0,0,500,-133
134.975,0,-40,0,0,500,-133
134.987,0,-40,0,0,500,-133
135.007,0,-40,0,0,500,-133
135.023,0,-40,0,0,500,-133
135.034,0,-40,0,0,500,-133
135.039,0,-40,0,0,500,-133
135.055,0,-40,0,0,500,-133
135.071,0,-40,0,0,500,-134
135.076,0,-40,0,0,500,-134
135.088,0,-40,0,0,500,-134
135.104,0,-40,0,0,500,-134
135.114,0,-40,0,0,500,-134
135.120,0,-40,0,0,500,-134
135.136,0,-40,0,0,500,-134
135.152,0,-40,0,0,500,-134
135.168,0,-40,0,0,500,-134
135.184,0,-40,0,0,500,-134
135.198,0,-40,0,0,500,-134
135.204,0,-40,0,0,500,-134
135.216,0,-40,0,0,500,-134
135.232,0,-40,0,0,500,-134
135.247,0,-40,0,0,500,-134
135.263,0,-40,0,0,500,-134
135.279,0,-40,0,0,500,-134
135.295,0,-40,0,0,500,-134
135.311,0,-40,0,0,500,-134
135.318,0,-40,0,0,500,-134
135.344,0,-40,0,0,500,-134
135.349,0,-40,0,0,500,-134
135.376,0,-40,0,0,500,-134
135.392,0,-40,0,0,500,-134
135.408,0,-40,0,0,500,-134
135.423,0,-40,0,0,500,-134
135.439,0,-40,0,0,500,-134
135.445,0,-40,0,0,500,-134
135.456,0,-40,0,0,500,-134
135.472,0,-40,0,0,500,-134
135.478,0,-40,0,0,500,-134
135.488,0,-40,0,0,500,-134
135.504,0,-40,0,0,500,-134
135.509,0,-40,0,0,500,-134
135.535,0,-40,0,0,500,-134
135.546,0,-40,0,0,500,-134
135.567,0,-40,0,0,500,-134
135.572,0,-40,0,0,500,-134
135.598,0,-40,0,0,500,-134
135.614,0,-40,0,0,490,-134
135.630,0,-40,0,0,490,-134
135.647,0,-40,0,0,490,-134
135.663,0,-40,0,0,490,-134
135.668,0,-40,0,0,490,-134
135.695,0,-40,0,0,490,-134
135.710,0,-40,0,0,490,-134
135.720,0,-40,0,0,490,-134
135.742,0,-40,0,0,490,-134
135.758,0,-40,0,0,490,-134
135.774,0,-40,0,0,490,-134
135.790,0,-40,0,0,490,-134
135.806,0,-40,0,0,490,-134
135.822,0,-40,0,0,490,-134
135.838,0,-40,0,0,490,-134
135.854,0,-40,0,0,490,-134
135.870,0,-40,0,0,490,-134
135.886,0,-40,0,0,490,-134
135.902,0,-40,0,0,490,-134
135.908,0,-40,0,0,490,-134
135.917,0,-40,0,0,490,-134
135.933,0,-40,0,0,490,-134
135.945,0,-40,0,0,490,-134
135.955,0,-40,0,0,490,-134
135.964,0,-40,0,0,490,-134
135.973,0,-40,0,0,490,-134
135.996,0,-40,0,0,490,-134
136.001,0,-40,0,0,490,-134
136.011,0,-40,0,0,490,-134
136.027,0,-40,0,0,490,-134
136.043,0,-40,0,0,490,-134
136.059,0,-40,0,0,490,-134
136.075,0,-40,0,0,490,-134
136.091,0,-40,0,0,490,-134
136.103,0,-40,0,0,490,-134
136.109,0,-40,0,0,490,-134
136.118,0,-40,0,0,490,-134
136.134,0,-40,0,0,490,-134
136.149,0,-40,0,0,490,-134
136.165,0,-40,0,0,490,-134
136.181,0,-40,0,0,490,-134
136.187,0,-40,0,0,490,-134
136.199,0,-40,0,0,490,-134
136.211,0,-40,0,0,490,-134
136.228,0,-40,0,0,490,-134
136.234,0,-40,0,0,490,-134
136.247,0,-40,0,0,490,-134
136.260,0,-40,0,0,490,-134
136.272,0,-40,0,0,490,-134
136.286,0,-40,0,0,490,-134
136.292,0,-40,0,0,490,-134
136.308,0,-40,0,0,490,-134
136.321,0,-40,0,0,490,-134
136.340,0,-40,0,0,490,-134
136.356,0,-40,0,0,490,-134
136.372,0,-40,0,0,490,-134
136.388,0,-40,0,0,490,-134
136.404,0,-40,0,0,490,-134
136.420,0,-40,0,0,490,-134
136.436,0,-40,0,0,490,-134
136.452,0,-40,0,0,490,-134
136.468,0,-40,0,0,490,-134
136.484,0,-40,0,0,490,-134
136.499,0,-40,0,0,490,-134
136.515,0,-40,0,0,500,-134
136.531,0,-40,0,0,500,-134
136.547,0,-40,0,0,500,-134
136.563,0,-40,0,0,500,-134
136.579,0,-40,0,0,500,-134
136.595,0,-40,0,0,500,-134
136.600,0,-40,0,0,500,-134
136.610,0,-40,0,0,510,-134
136.626,0,-40,0,0,510,-134
136.635,0,-40,0,0,510,-134
136.657,0,-40,0,0,510,-134
136.663,0,-40,0,0,510,-134
136.674,0,-40,0,0,510,-134
136.690,0,-40,0,0,510,-134
136.695,0,-40,0,0,510,-134
136.706,0,-40,0,0,510,-134
136.722,0,-40,0,0,510,-133
136.738,0,-40,0,0,510,-133
136.754,0,-40,0,0,510,-133
136.765,0,-40,0,0,510,-133
136.773,0,-40,0,0,510,-133
136.785,0,-40,0,0,510,-133
136.801,0,-40,0,0,510,-133
136.817,0,-40,0,0,510,-133
136.833,0,-40,0,0,510,-133
136.849,0,-40,0,0,510,-133
136.865,0,-40,0,0,510,-133
136.874,0,0,0,0,510,-133
136.897,0,0,0,0,510,-133
136.913,0,0,0,0,510,-133
136.929,0,0,0,0,510,-133
136.945,0,0,0,0,510,-133
136.961,0,40,0,0,520,-134
136.974,0,40,0,0,520,-134
136.987,0,40,0,0,520,-134
137.009,0,40,0,0,520,-134
137.024,0,40,0,0,520,-134
137.040,0,40,0,0,520,-134
137.056,0,40,0,0,530,-134
137.072,0,40,0,0,530,-134
137.088,0,40,0,0,530,-134
137.104,0,40,0,0,530,-134
137.119,0,40,0,0,530,-134
137.135,0,40,0,0,530,-134
137.151,0,40,0,0,530,-134
137.167,0,40,0,0,530,-134
137.182,0,40,0,0,520,-134
137.198,0,40,0,0,520,-134
137.206,0,40,0,0,520,-134
137.221,0,40,0,0,520,-134
137.228,0,40,0,0,520,-134
137.245,0,40,0,0,520,-134
137.275,0,40,0,0,520,-134
137.288,0,40,0,0,520,-134
137.306,0,40,0,0,520,-134
137.322,0,40,0,0,520,-134
137.332,0,40,0,0,520,-134
137.344,0,40,0,0,520,-134
137.360,0,40,0,0,520,-134
137.373,0,40,0,0,520,-134
137.386,0,40,0,0,520,-134
137.400,0,40,0,0,520,-134
137.416,0,40,0,0,520,-134
137.432,0,40,0,0,520,-134
137.448,0,40,0,0,520,-134
137.463,0,40,0,0,520,-134
137.479,0,40,0,0,520,-134
137.484,0,40,0,0,520,-134
137.511,0,40,0,0,520,-134
137.527,0,40,0,0,520,-134
137.543,0,40,0,0,520,-134
137.554,0,40,0,0,520,-134
137.575,0,40,0,0,520,-134
137.584,0,40,0,0,520,-134
137.607,0,40,0,0,510,-134
137.614,0,40,0,0,510,-134
137.639,0,40,0,0,510,-134
137.655,0,40,0,0,510,-134
137.671,0,40,0,0,510,-134
137.676,0,40,0,0,510,-134
137.687,0,40,0,0,510,-134
137.704,0,40,0,0,510,-134
137.716,0,40,0,0,510,-134
137.728,0,40,0,0,510,-134
137.746,0,40,0,0,510,-134
137.751,0,40,0,0,510,-134
137.759,0,40,0,0,510,-134
137.775,0,40,0,0,510,-134
137.791,0,40,0,0,510,-134
137.806,0,40,0,0,510,-134
137.818,0,40,0,0,510,-134
137.838,0,40,0,0,510,-134
137.844,0,40,0,0,510,-134
137.854,0,40,0,0,510,-134
137.870,0,40,0,0,510,-134
137.878,0,40,0,0,510,-134
137.888,0,40,0,0,510,-134
137.909,0,40,0,0,500,-134
137.918,0,40,0,0,500,-134
137.941,0,40,0,0,500,-134
137.957,0,40,0,0,500,-134
137.968,0,40,0,0,500,-134
137.986,0,40,0,0,500,-134
137.991,0,40,0,0,500,-134
138.004,0,40,0,0,500,-134
138.018,0,40,0,0,500,-134
138.036,0,40,0,0,500,-134
138.041,0,40,0,0,500,-134
138.061,0,40,0,0,500,-134
138.077,0,40,0,0,500,-134
138.091,0,40,0,0,500,-134
138.107,0,40,0,0,500,-134
138.119,0,40,0,0,500,-134
138.139,0,40,0,0,490,-134
138.146,0,40,0,0,490,-134
138.154,0,40,0,0,490,-134
138.170,0,0,0,0,490,-134
138.182,0,0,0,0,490,-134
138.195,0,0,0,0,490,-134
138.210,0,0,0,0,490,-134
138.222,0,0,0,0,490,-134
138.242,0,0,0,0,490,-134
138.259,0,0,0,0,490,-134
138.273,0,0,0,0,490,-134
138.288,0,0,0,0,490,-134
138.309,0,0,0,0,490,-134
138.326,0,0,0,0,490,-134
138.345,0,0,0,0,490,-134
138.361,0,0,0,0,490,-134
138.378,0,0,0,0,490,-134
138.392,0,0,0,0,490,-134
138.402,0,0,0,0,490,-134
138.418,0,0,0,0,490,-134
138.433,0,0,0,0,490,-134
138.441,0,0,0,0,490,-134
138.449,0,0,0,0,490,-134
138.464,0,0,0,0,490,-134
138.476,0,0,0,0,490,-134
138.492,0,0,0,0,490,-134
138.505,0,0,0,0,490,-134
138.522,0,0,0,0,490,-134
138.538,0,0,0,0,490,-134
138.547,0,0,0,0,480,-134
138.571,0,0,0,0,480,-134
138.586,0,0,0,0,480,-134
138.602,0,0,0,0,480,-134
138.618,0,0,0,0,480,-134
138.634,0,0,0,0,480,-134
138.649,0,0,0,0,480,-134
138.661,0,0,0,0,480,-134
138.681,0,0,0,0,480,-134
138.697,0,0,0,0,480,-134
138.712,0,0,0,0,480,-134
138.728,0,0,0,0,480,-134
138.744,0,0,0,0,480,-134
138.760,0,0,0,0,480,-134
138.776,0,0,0,0,480,-134
138.792,0,0,0,0,480,-134
138.808,0,0,0,0,480,-134
138.823,0,0,0,0,480,-134
138.839,0,0,0,0,480,-134
138.855,0,0,0,0,480,-134
138.871,0,0,0,0,480,-134
138.887,0,0,0,0,480,-134
138.903,0,0,0,0,480,-134
138.919,0,0,0,0,480,-134
138.935,0,0,0,0,480,-134
138.951,0,0,0,0,480,-134
138.966,0,0,0,0,480,-134
138.982,0,0,0,0,480,-134
138.998,0,0,0,0,480,-134
139.009,0,0,0,0,480,-134
139.024,0,0,0,0,480,-134
139.046,0,0,40,0,480,-134
139.055,0,0,40,0,480,-134
139.078,0,0,40,0,480,-134
139.093,0,0,40,0,480,-134
139.109,0,0,40,0,480,-134
139.126,0,0,40,0,480,-134
139.140,0,0,40,0,480,-134
139.156,0,0,40,0,480,-134
139.171,0,0,40,0,480,-134
139.187,0,0,40,0,480,-134
139.203,0,0,40,0,480,-134
139.219,0,0,40,0,480,-134
139.235,0,0,40,0,480,-134
139.251,0,0,40,0,480,-134
139.267,0,0,40,0,480,-134
139.283,0,0,40,0,480,-134
139.299,0,0,40,0,480,-134
139.315,0,0,40,0,480,-134
139.331,0,0,40,0,480,-134
139.347,0,0,40,0,480,-134
139.363,0,0,40,0,480,-134
139.379,0,0,40,0,480,-134
139.394,0,0,40,0,480,-134
139.410,0,0,40,0,480,-134
139.426,0,0,40,0,480,-134
139.442,0,0,40,0,480,-134
139.458,0,0,40,0,480,-134
139.474,0,0,40,0,480,-134
139.490,0,0,40,0,480,-134
139.506,0,0,40,0,480,-134
139.522,0,0,40,0,480,-134
139.539,0,0,40,0,480,-134
139.554,0,0,40,0,490,-134
139.570,0,0,40,0,490,-134
139.586,0,0,40,0,490,-134
139.602,0,0,40,0,490,-134
139.618,0,0,40,0,490,-134
139.634,0,0,40,0,490,-134
139.649,0,0,40,0,490,-134
139.655,0,0,40,0,490,-134
139.665,0,0,40,0,490,-134
139.681,0,0,40,0,490,-134
139.686,0,0,40,0,490,-134
139.696,0,0,40,0,490,-134
139.712,0,0,40,0,490,-134
139.725,0,0,40,0,490,-134
139.748,0,0,40,0,490,-134
139.760,0,0,40,0,490,-134
139.776,0,0,40,0,490,-134
139.792,0,0,40,0,490,-134
139.808,0,0,40,0,490,-134
139.824,0,0,40,0,490,-134
139.840,0,0,40,0,490,-134
139.855,0,0,40,0,490,-134
139.871,0,0,40,0,490,-134
139.887,0,0,40,0,490,-134
139.903,0,0,40,0,490,-134
139.919,0,0,40,0,490,-134
139.925,0,0,40,0,490,-134
139.941,0,0,40,0,490,-134
139.966,0,0,40,0,490,-134
139.975,0,0,40,0,490,-134
139.988,0,0,40,0,500,-134
139.998,0,0,40,0,500,-134
140.014,0,0,40,0,500,-134
140.029,0,0,40,0,500,-134
140.045,0,0,40,0,500,-134
140.050,0,0,40,0,500,-134
140.061,0,0,40,0,500,-134
140.077,0,0,40,0,500,-134
140.082,0,0,40,0,500,-134
140.093,0,0,40,0,500,-134
140.109,0,0,40,0,500,-134
140.114,0,0,40,0,500,-134
140.124,0,0,40,0,500,-134
140.142,0,0,40,0,500,-134
140.154,0,0,40,0,500,-134
140.168,0,0,40,0,500,-134
140.184,0,0,40,0,500,-134
140.189,0,0,40,0,500,-134
140.203,0,0,40,0,500,-134
140.219,0,0,40,0,500,-134
140.235,0,0,40,0,500,-134
140.251,0,0,40,0,500,-134
140.266,0,0,40,0,500,-134
140.282,0,0,40,0,500,-134
140.298,0,0,40,0,500,-134
140.314,0,0,40,0,500,-134
140.330,0,0,40,0,500,-134
140.346,0,0,40,0,500,-134
140.361,0,0,40,0,500,-134
140.377,0,0,40,0,500,-134
140.393,0,0,40,0,500,-134
140.404,0,0,40,0,500,-134
140.412,0,0,40,0,500,-134
140.425,0,0,40,0,510,-134
140.442,0,0,40,0,510,-134
140.446,0,0,40,0,510,-134
140.457,0,0,40,0,510,-134
140.467,0,0,40,0,510,-134
140.476,0,0,40,0,510,-134
140.490,0,0,40,0,510,-134
140.506,0,0,40,0,510,-134
140.511,0,0,40,0,510,-134
140.524,0,0,40,0,510,-134
140.538,0,0,40,0,510,-134
140.544,0,0,40,0,510,-134
140.554,0,0,40,0,510,-134
140.562,0,0,40,0,510,-134
140.571,0,0,40,0,510,-134
140.588,0,0,40,0,510,-134
140.604,0,0,40,0,510,-134
140.613,0,0,40,0,510,-134
140.636,0,0,40,0,510,-134
140.652,0,0,40,0,510,-134
140.661,0,0,40,0,510,-134
140.678,0,0,40,0,510,-134
140.687,0,0,40,0,510,-134
140.702,0,0,40,0,510,-134
140.719,0,0,40,0,510,-134
140.727,0,0,40,0,510,-134
140.738,0,0,40,0,510,-134
140.747,0,0,40,0,510,-134
140.760,0,0,40,0,510,-134
140.777,0,0,40,0,510,-134
140.786,0,0,40,0,510,-134
140.802,0,0,40,0,510,-134
140.808,0,0,40,0,510,-134
140.820,0,0,40,0,510,-134
140.829,0,0,40,0,510,-134
140.840,0,0,40,0,510,-134
140.844,0,0,40,0,510,-134
140.855,0,0,40,0,510,-134
140.879,0,0,40,0,520,-134
140.894,0,0,40,0,520,-134
140.904,0,0,40,0,520,-134
140.920,0,0,40,0,520,-134
140.929,0,0,40,0,520,-134
140.938,0,0,40,0,520,-134
140.943,0,0,40,0,520,-134
140.957,0,0,40,0,520,-134
140.976,0,0,40,0,520,-134
140.990,0,0,40,0,520,-134
141.009,0,0,40,0,520,-134
141.022,0,0,40,0,520,-134
141.030,0,0,40,0,520,-134
141.038,0,0,40,0,520,-134
141.048,0,0,40,0,520,-134
141.058,0,0,40,0,520,-134
141.076,0,0,40,0,520,-134
141.085,0,0,40,0,520,-134
141.095,0,0,40,0,520,-134
141.102,0,0,40,0,520,-134
141.108,0,0,40,0,520,-134
141.120,0,0,40,0,520,-134
141.136,0,0,40,0,520,-134
141.149,0,0,40,0,520,-134
141.170,0,0,40,0,520,-134
141.184,0,0,40,0,530,-134
141.194,0,0,40,0,530,-134
141.203,0,0,40,0,530,-134
141.220,0,0,40,0,530,-134
141.235,0,0,40,0,530,-134
141.253,0,0,40,0,530,-134
141.277,0,0,40,0,530,-134
141.293,0,0,40,0,530,-134
141.310,0,0,40,0,530,-134
141.325,0,0,40,0,530,-134
141.341,0,0,40,0,530,-134
141.359,0,0,40,0,530,-134
141.373,0,0,40,0,530,-134
141.389,0,0,40,0,530,-134
141.405,0,0,40,0,530,-134
141.419,0,0,40,0,530,-134
141.436,0,0,40,0,530,-134
141.452,0,0,40,0,530,-134
141.468,0,0,40,0,530,-134
141.484,0,0,40,0,530,-134
141.500,0,0,40,0,530,-134
141.517,0,0,40,0,540,-134
141.532,0,0,40,0,540,-134
141.538,0,0,40,0,540,-134
141.549,0,0,40,0,540,-134
141.563,0,0,40,0,540,-134
141.570,0,0,40,0,540,-134
141.579,0,0,40,0,540,-134
141.595,0,0,40,0,540,-134
141.604,0,0,40,0,540,-134
141.612,0,0,40,0,540,-134
141.629,0,0,40,0,540,-134
141.647,0,0,40,0,540,-134
141.659,0,0,40,0,540,-134
141.675,0,0,40,0,540,-134
141.691,0,0,40,0,540,-134
141.707,0,0,40,0,540,-134
141.723,0,0,40,0,540,-134
141.739,0,0,40,0,540,-134
141.754,0,0,40,0,540,-134
141.772,0,0,40,0,540,-134
141.786,0,0,40,0,540,-134
141.796,0,0,40,0,540,-134
141.818,0,0,40,0,540,-134
141.829,0,0,40,0,540,-134
141.850,0,0,40,0,540,-134
141.866,0,0,40,0,550,-134
141.882,0,0,40,0,550,-134
141.898,0,0,40,0,550,-134
141.914,0,0,40,0,550,-134
141.930,0,0,40,0,550,-134
141.947,0,0,40,0,550,-134
141.962,0,0,40,0,550,-134
141.978,0,0,40,0,550,-134
141.993,0,0,40,0,550,-134
142.007,0,0,40,0,550,-134
142.022,0,0,40,0,550,-134
142.029,0,0,40,0,550,-134
142.057,0,0,40,0,550,-134
142.062,0,0,40,0,550,-134
142.073,0,0,40,0,550,-133
142.090,0,0,40,0,550,-133
142.104,0,0,40,0,550,-133
142.120,0,0,40,0,550,-133
142.136,0,0,40,0,550,-133
142.152,0,0,40,0,550,-133
142.168,0,0,40,0,550,-133
142.181,0,0,40,0,550,-133
142.191,0,0,40,0,560,-134
142.200,0,0,40,0,560,-134
142.231,0,0,40,0,560,-134
142.248,0,0,40,0,560,-134
142.263,0,0,40,0,560,-134
142.279,0,0,40,0,560,-134
142.295,0,0,40,0,560,-134
142.312,0,0,40,0,560,-134
142.327,0,0,40,0,560,-134
142.344,0,0,40,0,560,-134
142.359,0,0,40,0,560,-134
142.372,0,0,40,0,560,-134
142.377,0,0,40,0,560,-134
142.406,0,0,40,0,560,-134
142.422,0,0,40,0,560,-134
142.428,0,0,40,0,560,-134
142.438,0,0,40,0,560,-134
142.455,0,0,40,0,560,-134
142.460,0,0,40,0,560,-134
142.471,0,0,40,0,560,-134
142.489,0,0,40,0,560,-134
142.493,0,0,40,0,560,-134
142.503,0,0,40,0,560,-134
142.519,0,0,40,0,560,-134
142.524,0,0,40,0,560,-134
142.535,0,0,40,0,560,-134
142.550,0,0,40,0,560,-134
142.555,0,0,40,0,560,-134
142.582,0,0,40,0,560,-134
142.588,0,0,40,0,560,-134
142.615,0,0,40,0,560,-134
142.630,0,0,40,0,560,-134
142.646,0,0,40,0,560,-134
142.662,0,0,40,0,560,-134
142.679,0,0,40,0,560,-134
142.695,0,0,40,0,560,-134
142.710,0,0,40,0,560,-134
142.726,0,0,40,0,560,-134
142.743,0,0,40,0,560,-134
142.756,0,0,40,0,560,-134
142.774,0,0,40,0,560,-134
142.790,0,0,40,0,560,-134
142.806,0,0,40,0,560,-134
142.821,0,0,40,0,560,-134
142.838,0,0,40,0,560,-134
142.854,0,0,40,0,560,-134
142.859,0,0,40,0,570,-134
142.869,0,0,40,0,570,-134
142.885,0,0,40,0,570,-134
142.890,0,0,40,0,570,-134
142.902,0,0,40,0,570,-134
142.917,0,0,40,0,570,-134
142.923,0,0,40,0,570,-134
142.933,0,0,40,0,570,-134
142.960,0,0,40,0,570,-134
142.981,0,0,40,0,580,-134
142.998,0,0,40,0,580,-134
143.012,0,0,40,0,580,-134
143.018,0,0,40,0,580,-134
143.044,0,0,40,0,580,-134
143.060,0,0,40,0,580,-134
143.076,0,0,40,0,580,-134
143.094,0,0,40,0,580,-134
143.109,0,0,40,0,580,-134
143.125,0,0,40,0,580,-134
143.141,0,0,40,0,580,-134
143.156,0,0,40,0,580,-134
143.173,0,0,40,0,580,-134
143.178,0,0,40,0,580,-134
143.205,0,0,40,0,580,-134
143.221,0,0,40,0,580,-134
143.237,0,0,40,0,580,-134
143.252,0,0,40,0,580,-134
143.265,0,0,40,0,580,-134
143.285,0,0,40,0,580,-134
143.290,0,0,40,0,580,-134
143.301,0,0,40,0,580,-134
143.317,0,0,40,0,580,-134
143.322,0,0,40,0,580,-134
143.348,0,0,40,0,580,-134
143.353,0,0,40,0,580,-134
143.364,0,0,40,0,580,-134
143.380,0,0,40,0,580,-134
143.396,0,0,40,0,580,-134
143.412,0,0,40,0,580,-134
143.421,0,0,40,0,580,-134
143.444,0,0,40,0,580,-134
143.459,0,0,40,0,580,-134
143.476,0,0,40,0,580,-134
143.482,0,0,40,0,580,-134
143.492,0,0,40,0,580,-134
143.507,0,0,40,0,580,-134
143.523,0,0,40,0,590,-134
143.540,0,0,40,0,590,-134
143.556,0,0,40,0,590,-134
143.568,0,0,40,0,590,-134
143.577,0,0,40,0,590,-134
143.588,0,0,40,0,590,-134
143.604,0,0,40,0,590,-134
143.620,0,0,40,0,590,-134
143.636,0,0,40,0,590,-134
143.641,0,0,40,0,590,-134
143.668,0,0,40,0,590,-134
143.684,0,0,40,0,590,-134
143.700,0,0,40,0,590,-134
143.711,0,0,40,0,590,-134
143.733,0,0,40,0,590,-134
143.749,0,0,40,0,590,-134
143.764,0,0,40,0,590,-134
143.780,0,0,40,0,590,-134
143.797,0,0,40,0,590,-134
143.812,0,0,40,0,590,-134
143.818,0,0,40,0,590,-134
143.828,0,0,40,0,590,-134
143.834,0,0,40,0,590,-134
143.848,0,0,40,0,590,-134
143.859,0,0,40,0,590,-134
143.875,0,0,40,0,590,-134
143.880,0,0,40,0,590,-134
143.891,0,0,40,0,590,-134
143.907,0,0,40,0,590,-134
143.912,0,0,40,0,590,-134
143.923,0,0,40,0,590,-134
143.939,0,0,40,0,590,-134
143.948,0,0,40,0,590,-134
143.955,0,0,40,0,590,-134
143.970,0,0,40,0,590,-134
143.987,0,0,40,0,590,-134
144.002,0,0,40,0,590,-134
144.013,0,0,40,0,590,-134
144.034,0,0,40,0,590,-134
144.039,0,0,40,0,590,-134
144.066,0,0,40,0,590,-134
144.071,0,0,40,0,590,-134
144.098,0,0,40,0,600,-134
144.114,0,0,40,0,600,-134
144.130,0,0,40,0,600,-134
144.146,0,0,40,0,600,-134
144.162,0,0,40,0,600,-134
144.179,0,0,40,0,600,-134
144.194,0,0,40,0,600,-134
144.210,0,0,40,0,600,-134
144.215,0,0,40,0,600,-134
144.226,0,0,40,0,600,-134
144.242,0,0,40,0,600,-134
144.253,0,0,40,0,600,-134
144.274,0,0,40,0,600,-134
144.279,0,0,40,0,600,-134
144.289,0,0,40,0,600,-134
144.305,0,0,40,0,600,-134
144.310,0,0,40,0,600,-134
144.337,0,0,40,0,600,-134
144.342,0,0,40,0,600,-134
144.369,0,0,40,0,600,-134
144.380,0,0,40,0,600,-134
144.401,0,0,40,0,600,-134
144.416,0,0,40,0,600,-134
144.428,0,0,40,0,610,-134
144.448,0,0,40,0,610,-134
144.464,0,0,40,0,610,-134
144.480,0,0,40,0,610,-134
144.496,0,0,40,0,610,-134
144.512,0,0,40,0,610,-134
144.528,0,0,0,0,610,-134
144.543,0,0,0,0,610,-134
144.559,0,0,0,0,610,-134
144.575,0,0,0,0,610,-134
144.591,0,0,0,0,610,-134
144.607,0,0,0,0,610,-134
144.623,0,0,0,0,610,-134
144.639,0,0,0,0,610,-134
144.655,0,0,0,0,610,-134
144.671,0,0,0,0,610,-134
144.687,0,0,0,0,610,-134
144.703,0,0,0,0,610,-134
144.719,0,0,0,0,610,-134
144.736,0,0,0,0,610,-134
144.751,0,0,0,0,610,-134
144.767,0,0,0,0,620,-134
144.783,0,0,0,0,620,-134
144.799,0,0,0,0,620,-134
144.804,0,0,0,0,620,-134
144.831,0,0,0,0,620,-134
144.847,0,0,0,0,620,-134
144.862,0,0,0,0,620,-134
144.878,0,0,0,0,620,-134
144.894,0,0,0,0,620,-134
144.910,0,0,0,0,620,-134
144.927,0,0,0,0,620,-134
144.942,0,0,0,0,620,-134
144.958,0,0,0,0,620,-134
144.974,0,0,0,0,620,-134
144.991,0,0,0,0,620,-134
145.007,0,0,0,0,620,-134
145.023,0,0,0,0,620,-134
145.039,0,0,0,0,620,-134
145.055,0,0,0,0,620,-134
145.071,0,0,0,0,620,-134
145.087,0,0,0,0,620,-134
145.103,0,0,0,0,620,-134
145.119,0,0,0,0,620,-134
145.135,0,0,0,0,620,-134
145.153,0,0,0,0,620,-134
145.167,0,0,0,0,620,-134
145.182,0,0,0,0,620,-134
145.198,0,0,0,0,620,-134
145.214,0,0,0,0,620,-134
145.230,0,0,0,0,620,-134
145.239,0,0,0,0,620,-134
145.262,0,0,0,0,620,-134
145.278,0,0,0,0,620,-134
145.294,0,0,0,0,620,-134
145.310,0,0,0,0,620,-134
145.326,0,0,0,0,620,-134
145.342,0,0,0,0,620,-134
145.358,0,0,0,0,620,-134
145.370,0,0,0,0,620,-134
145.376,0,0,0,0,620,-134
145.390,0,0,0,0,620,-134
145.406,0,0,0,0,620,-134
145.422,0,0,0,0,630,-134
145.438,0,0,0,0,630,-134
145.454,0,0,0,0,630,-134
145.470,0,0,0,0,630,-134
145.486,0,0,0,0,630,-134
145.502,0,0,0,0,630,-134
145.518,0,0,0,0,630,-134
145.534,0,0,0,0,630,-134
145.550,0,0,0,0,630,-134
145.566,0,0,0,0,630,-134
145.581,0,0,0,0,630,-134
145.598,0,0,0,0,630,-134
145.614,0,0,0,0,630,-134
145.631,0,0,0,0,630,-134
145.646,0,0,0,0,630,-134
145.662,0,0,0,0,620,-134
145.678,0,0,0,0,620,-134
145.694,0,0,0,0,620,-134
145.709,0,0,0,0,620,-134
145.725,0,0,0,0,620,-134
145.741,0,0,0,0,620,-134
145.758,0,0,0,0,620,-134
145.774,0,0,0,0,630,-134
145.789,0,0,0,0,630,-134
145.821,0,0,0,0,630,-134
145.836,0,0,0,0,630,-134
145.852,0,0,0,0,630,-134
145.868,0,0,0,0,630,-134
145.884,0,0,0,0,630,-134
145.900,0,0,0,0,630,-134
145.916,0,0,0,0,630,-134
145.932,0,0,0,0,630,-134
145.947,0,0,0,0,630,-134
145.963,0,0,0,0,630,-134
145.978,0,0,0,0,620,-134
145.994,0,0,0,0,620,-134
146.010,0,0,0,0,620,-134
146.026,0,0,0,0,620,-134
146.042,0,0,0,0,620,-134
146.058,0,0,0,0,620,-134
146.074,0,0,0,0,620,-134
146.089,0,0,0,0,620,-134
146.094,0,0,0,0,620,-134
146.121,0,0,0,0,620,-134
146.138,0,0,0,0,620,-134
146.153,0,0,0,0,620,-134
146.163,0,0,0,0,620,-134
146.186,0,0,0,0,620,-134
146.202,0,0,0,0,620,-134
146.218,0,0,0,0,620,-134
146.234,0,0,0,0,620,-134
146.241,0,0,0,0,620,-134
146.266,0,0,0,0,620,-134
146.281,0,0,0,0,620,-134
146.298,0,0,0,0,620,-134
146.313,0,0,0,0,620,-134
146.329,0,0,0,0,620,-134
146.345,0,0,0,0,620,-134
146.360,0,0,0,0,620,-134
146.376,0,0,0,0,620,-134
146.393,0,0,0,0,620,-134
146.408,0,0,0,0,620,-134
146.425,0,0,0,0,620,-134
146.441,0,0,0,0,620,-134
146.457,0,0,0,0,620,-134
146.473,0,0,0,0,620,-134
146.489,0,0,0,0,620,-134
146.505,0,0,0,0,620,-134
146.521,0,0,0,0,620,-134
146.537,0,0,0,0,620,-134
146.553,0,0,0,0,620,-134
146.569,0,0,0,0,620,-134
146.585,0,0,0,0,620,-134
146.601,0,0,0,0,620,-134
146.617,0,0,0,0,620,-134
146.633,0,0,0,0,620,-134
146.649,0,0,0,0,620,-134
146.665,0,0,0,0,620,-134
146.675,0,0,0,0,620,-134
146.697,0,0,0,0,620,-134
146.713,0,0,0,0,620,-134
146.729,0,0,0,0,620,-134
146.734,0,0,0,0,620,-134
146.761,0,0,0,0,620,-134
146.777,0,0,0,0,620,-134
146.794,0,0,0,0,620,-134
146.809,0,0,0,0,620,-134
146.825,0,0,0,0,620,-134
146.842,0,0,0,0,620,-134
146.857,0,0,0,0,620,-134
146.873,0,0,0,0,620,-134
146.889,0,0,0,0,630,-134
146.905,0,0,0,0,630,-134
146.921,0,0,0,0,630,-134
146.937,0,0,0,0,630,-134
146.953,0,0,0,0,630,-134
146.969,0,0,0,0,630,-134
146.982,0,0,0,0,630,-134
147.001,0,0,0,0,630,-134
147.017,0,0,0,0,630,-134
147.033,0,0,0,0,630,-134
147.050,0,0,0,0,630,-134
147.066,0,0,0,0,630,-134
147.082,0,0,0,0,630,-134
147.098,0,0,0,0,630,-134
147.118,0,0,0,0,630,-134
147.132,0,0,0,0,630,-134
147.162,0,0,0,0,630,-134
147.178,0,0,0,0,630,-134
147.195,0,0,0,0,630,-134
147.210,0,0,0,0,620,-134
147.227,0,0,0,0,620,-134
147.243,0,0,0,0,620,-134
147.259,0,0,0,0,620,-134
147.275,0,0,0,0,620,-134
147.287,0,0,0,0,620,-134
147.307,0,0,0,0,620,-134
147.323,0,0,0,0,620,-134
147.339,0,0,0,0,620,-134
147.355,0,0,0,0,620,-134
147.366,0,0,0,0,620,-134
147.387,0,0,0,0,620,-134
147.403,0,0,0,0,620,-134
147.419,0,0,0,0,620,-134
147.436,0,0,0,0,620,-134
147.452,0,0,0,0,620,-134
147.468,0,0,0,0,620,-134
147.483,0,0,0,0,620,-134
147.499,0,0,0,0,620,-134
147.516,0,0,0,0,620,-134
147.531,0,0,0,0,620,-134
147.547,0,0,0,0,630,-134
147.552,0,0,0,0,630,-134
147.579,0,0,40,0,630,-134
147.591,0,0,40,0,630,-134
147.611,0,0,40,0,630,-134
147.627,0,0,40,0,630,-134
147.643,0,0,40,0,630,-134
147.659,0,0,40,0,630,-134
147.675,0,0,40,0,630,-134
147.691,0,0,40,0,630,-134
147.707,0,0,40,0,630,-134
147.713,0,0,40,0,630,-134
147.739,0,0,40,0,630,-134
147.755,0,0,40,0,630,-134
147.772,0,0,40,0,630,-134
147.788,0,0,40,0,620,-134
147.798,0,0,40,0,620,-134
147.811,0,0,40,0,620,-134
147.820,0,0,40,0,620,-134
147.836,0,0,40,0,620,-134
147.852,0,0,40,0,620,-134
147.862,0,0,40,0,620,-134
147.884,0,0,40,0,620,-134
147.900,0,0,40,0,620,-134
147.905,0,0,40,0,620,-134
147.932,0,0,40,0,620,-134
147.948,0,0,40,0,620,-134
147.963,0,0,40,0,620,-134
147.980,0,0,40,0,620,-134
147.995,0,0,40,0,620,-133
148.011,0,0,40,0,620,-133
148.027,0,0,40,0,620,-133
148.044,0,0,40,0,620,-133
148.059,0,0,40,0,620,-133
148.075,0,0,40,0,620,-133
148.091,0,0,40,0,620,-133
148.097,0,0,40,0,620,-133
148.107,0,0,40,0,630,-134
148.123,0,0,40,0,630,-134
148.134,0,0,40,0,630,-134
148.139,0,0,40,0,630,-134
148.155,0,0,40,0,630,-134
148.160,0,0,40,0,630,-134
148.171,0,0,40,0,630,-134
148.187,0,0,40,0,630,-134
148.203,0,0,40,0,630,-134
148.219,0,0,40,0,630,-134
148.232,0,0,40,0,630,-134
148.237,0,0,40,0,630,-134
148.251,0,0,40,0,630,-134
148.267,0,0,40,0,630,-134
148.283,0,0,40,0,630,-134
148.299,0,0,40,0,630,-134
148.315,0,0,40,0,630,-134
148.320,0,0,40,0,630,-134
148.332,0,0,40,0,630,-134
148.346,0,0,40,0,630,-134
148.362,0,0,40,0,630,-134
148.379,0,0,40,0,630,-134
148.395,0,0,40,0,630,-134
148.408,0,0,40,0,630,-134
148.414,0,0,40,0,630,-134
148.425,0,0,40,0,630,-134
148.442,0,0,40,0,630,-134
148.458,0,0,40,0,630,-134
148.474,0,0,40,0,630,-134
148.490,0,0,40,0,630,-134
148.495,0,0,40,0,630,-134
148.507,0,0,40,0,630,-134
148.524,0,0,40,0,630,-134
148.538,0,0,40,0,630,-134
148.554,0,0,40,0,630,-134
148.566,0,0,40,0,630,-134
148.576,0,0,40,0,630,-134
148.586,0,0,40,0,630,-134
148.591,0,0,40,0,630,-134
148.602,0,0,40,0,630,-134
148.618,0,0,40,0,630,-134
148.624,0,0,40,0,630,-134
148.634,0,0,40,0,630,-134
148.643,0,0,0,0,630,-134
148.666,0,0,0,0,630,-134
148.683,0,0,0,0,630,-134
148.698,0,0,0,0,630,-134
148.714,0,0,0,0,630,-134
148.730,0,0,0,0,630,-134
148.746,0,0,0,0,630,-134
148.762,0,0,0,0,630,-134
148.778,0,0,0,0,630,-134
148.794,0,0,0,0,640,-134
148.810,0,0,0,0,640,-134
148.826,0,0,0,0,640,-134
148.842,0,0,0,0,640,-134
148.858,0,0,0,0,640,-134
148.875,0,0,0,0,640,-134
148.891,0,0,0,0,640,-134
148.908,0,0,0,0,640,-134
148.922,0,0,0,0,640,-134
148.938,0,0,0,0,640,-134
148.954,0,0,0,0,640,-134
148.972,0,0,0,0,640,-134
148.985,0,0,0,0,640,-134
149.001,0,0,0,0,640,-134
149.017,0,0,0,0,640,-134
149.033,0,0,0,0,640,-134
149.050,0,0,0,0,640,-134
149.065,0,0,0,0,640,-134
149.081,0,0,0,0,640,-134
149.097,0,0,0,0,640,-134
149.113,0,0,0,0,640,-134
149.128,0,0,0,0,640,-134
149.144,0,0,0,0,640,-134
149.160,0,-40,0,0,640,-134
149.176,0,-40,0,0,640,-134
149.192,0,-40,0,0,640,-134
149.200,0,-40,0,0,640,-134
149.213,0,-40,0,0,640,-134
149.227,0,-40,0,0,640,-134
149.243,0,-40,0,0,640,-134
149.259,0,-40,0,0,640,-134
149.275,0,-40,0,0,640,-134
149.291,0,-40,0,0,640,-134
149.311,0,-40,0,0,640,-134
149.328,0,-40,0,0,640,-134
149.344,0,-40,0,0,640,-134
149.361,0,-40,0,0,640,-134
149.377,0,-40,0,0,640,-134
149.393,0,-40,0,0,640,-134
149.409,0,-40,0,0,640,-134
149.425,0,-40,0,0,640,-134
149.441,0,-40,0,0,640,-134
149.457,0,-40,0,0,640,-134
149.473,0,-40,0,0,640,-134
149.489,0,-40,0,0,640,-134
149.505,0,-40,0,0,640,-134
149.521,0,-40,0,0,640,-134
149.540,0,-40,0,0,640,-134
149.552,0,-40,0,0,640,-134
149.569,0,-40,0,0,640,-133
149.585,0,-40,0,0,640,-133
149.601,0,-40,0,0,640,-133
149.617,0,-40,0,0,640,-133
149.633,0,-40,0,0,640,-133
149.649,0,-40,0,0,640,-133
149.664,0,-40,0,0,640,-133
149.673,0,-40,0,0,640,-134
149.687,0,-40,0,0,640,-134
149.703,0,-40,0,0,640,-134
149.714,0,-40,0,0,640,-134
149.721,0,-40,0,0,640,-134
149.744,0,-40,0,0,640,-134
149.751,0,-40,0,0,640,-134
149.776,0,-40,0,0,640,-134
149.781,0,-40,0,0,640,-134
149.807,0,-40,0,0,640,-134
149.823,0,-40,0,0,640,-134
149.839,0,-40,0,0,640,-134
149.845,0,-40,0,0,640,-134
149.871,0,-40,0,0,640,-134
149.878,0,-40,0,0,640,-134
149.896,0,-40,0,0,640,-133
149.912,0,-40,0,0,640,-133
149.927,0,-40,0,0,640,-133
149.942,0,-40,0,0,640,-133
149.959,0,-40,0,0,640,-133
149.975,0,-40,0,0,640,-133
149.991,0,-40,0,0,630,-134
150.002,0,-40,0,0,630,-134
150.022,0,-40,0,0,630,-134
150.033,0,-40,0,0,630,-134
150.044,0,-40,0,0,630,-134
150.054,0,-40,0,0,630,-134
150.069,0,-40,0,0,630,-134
150.078,0,-40,0,0,630,-134
150.094,0,-40,0,0,630,-134
150.111,0,-40,0,0,630,-134
150.116,0,-40,0,0,630,-134
150.142,0,-40,0,0,630,-134
150.158,0,-40,0,0,630,-134
150.174,0,-40,0,0,630,-134
150.190,0,-40,0,0,630,-134
150.206,0,-40,0,0,630,-134
150.222,0,-40,0,0,630,-134
150.239,0,-40,0,0,630,-134
150.254,0,-40,0,0,630,-134
150.270,0,-40,0,0,630,-134
150.278,0,-40,0,0,630,-134
150.293,0,-40,0,0,630,-134
150.301,0,-40,0,0,630,-134
150.312,0,-40,0,0,630,-134
150.325,0,-40,0,0,630,-134
150.341,0,-40,0,0,630,-134
150.358,0,-40,0,0,630,-134
150.373,0,-40,0,0,630,-134
150.386,0,-40,0,0,630,-134
150.397,0,-40,0,0,630,-134
150.420,0,-40,0,0,640,-134
150.437,0,-40,0,0,640,-134
150.444,0,-40,0,0,640,-134
150.461,0,-40,0,0,640,-134
150.477,0,-40,0,0,640,-134
150.489,0,-40,0,0,640,-134
150.508,0,-40,0,0,640,-134
150.515,0,-40,0,0,640,-134
150.541,0,-40,0,0,640,-134
150.556,0,-40,0,0,640,-134
150.573,0,-40,0,0,640,-134
150.589,0,-40,0,0,640,-134
150.605,0,-40,0,0,640,-134
150.621,0,-40,0,0,640,-134
150.636,0,-40,0,0,640,-134
150.652,0,-40,0,0,640,-134
150.669,0,-40,0,0,640,-134
150.684,0,-40,0,0,640,-134
150.700,0,-40,0,0,640,-134
150.716,0,-40,0,0,640,-134
150.732,0,-40,0,0,640,-134
150.748,0,-40,0,0,640,-134
150.764,0,-40,0,0,640,-134
150.777,0,-40,0,0,640,-134
150.796,0,-40,0,0,640,-134
150.809,0,-40,0,0,640,-134
150.816,0,-40,0,0,640,-134
150.827,0,-40,0,0,640,-134
150.832,0,-40,0,0,640,-134
150.843,0,-40,0,0,640,-134
150.859,0,-40,0,0,640,-134
150.865,0,-40,0,0,640,-134
150.875,0,-40,0,0,640,-134
150.891,0,-40,0,0,640,-134
150.896,0,-40,0,0,640,-134
150.907,0,-40,0,0,640,-134
150.923,0,-40,0,0,640,-134
150.930,0,-40,0,0,640,-134
150.939,0,-40,0,0,640,-134
150.955,0,-40,0,0,640,-134
150.960,0,-40,0,0,640,-134
150.972,0,-40,0,0,640,-134
150.987,0,-40,0,0,640,-134
151.003,0,-40,0,0,640,-134
151.019,0,-40,0,0,640,-134
151.030,0,-40,0,0,640,-134
151.051,0,-40,0,0,640,-134
151.067,0,-40,0,0,640,-134
151.083,0,-40,0,0,640,-134
151.098,0,-40,0,0,640,-134
151.114,0,-40,0,0,640,-134
151.130,0,-40,0,0,640,-134
151.147,0,-40,0,0,640,-134
151.162,0,-40,0,0,640,-134
151.180,0,-40,0,0,640,-134
151.194,0,-40,0,0,640,-134
151.205,0,-40,0,0,640,-134
151.217,0,-40,0,0,640,-134
151.226,0,-40,0,0,640,-134
151.231,0,-40,0,0,640,-134
151.242,0,-40,0,0,640,-134
151.258,0,0,0,0,640,-134
151.275,0,0,0,0,640,-134
151.291,0,0,0,0,640,-134
151.307,0,0,0,0,640,-134
151.323,0,0,0,0,640,-134
151.339,0,0,0,0,640,-134
151.355,0,0,0,0,640,-134
151.371,0,0,0,0,640,-134
151.387,0,0,0,0,640,-134
151.403,0,0,0,0,640,-134
151.419,0,0,0,0,640,-134
151.435,0,0,0,0,640,-134
151.451,0,0,0,0,640,-134
151.467,0,0,0,0,640,-134
151.483,0,0,0,0,640,-134
151.499,0,0,0,0,640,-134
151.514,0,0,0,0,640,-134
151.531,0,0,0,0,640,-134
151.547,0,0,0,0,640,-134
151.562,0,0,0,0,640,-134
151.578,0,0,0,0,640,-134
151.594,0,0,0,0,640,-134
151.610,0,0,0,0,640,-134
151.626,0,0,0,0,640,-134
151.642,0,0,0,0,640,-134
151.658,0,0,0,0,640,-134
151.674,0,0,0,0,640,-134
151.684,0,0,0,0,640,-134
151.707,0,0,0,0,640,-134
151.722,0,0,0,0,640,-134
151.739,0,0,0,0,640,-134
151.751,0,0,0,0,640,-134
151.771,0,0,0,0,640,-134
151.787,0,0,0,0,640,-134
151.803,0,0,0,0,640,-134
151.819,0,0,0,0,640,-134
151.835,0,0,0,0,640,-134
151.851,0,0,0,0,640,-134
151.867,0,0,0,0,650,-134
151.882,0,0,0,0,650,-134
151.898,0,0,0,0,650,-134
151.915,0,0,0,0,650,-134
151.931,0,0,0,0,650,-134
151.947,0,0,0,0,650,-134
151.963,0,0,0,0,650,-134
151.979,0,0,0,0,650,-134
151.995,0,0,0,0,650,-135
152.011,0,0,0,0,650,-135
152.026,0,0,40,0,650,-135
152.032,0,0,40,0,650,-135
152.043,0,0,40,0,650,-135
152.058,0,0,40,0,650,-135
152.075,0,0,40,0,650,-135
152.091,0,0,40,0,650,-134
152.106,0,0,40,0,650,-134
152.122,0,0,40,0,650,-134
152.138,0,0,40,0,650,-134
152.154,0,0,40,0,650,-134
152.172,0,0,40,0,650,-134
152.186,0,0,40,0,650,-134
152.218,0,0,40,0,640,-134
152.233,0,0,40,0,640,-134
152.243,0,0,40,0,640,-134
152.265,0,0,40,0,640,-134
152.282,0,0,40,0,640,-134
152.297,0,0,40,0,640,-134
152.314,0,0,40,0,640,-134
152.329,0,0,40,0,640,-134
152.345,0,0,40,0,640,-134
152.361,0,0,40,0,640,-134
152.377,0,0,40,0,640,-134
152.393,0,0,40,0,640,-134
152.397,0,0,40,0,640,-134
152.425,0,0,40,0,650,-134
152.441,0,0,40,0,650,-134
152.458,0,0,40,0,650,-134
152.473,0,0,40,0,650,-134
152.489,0,0,40,0,650,-134
152.506,0,0,40,0,650,-134
152.522,0,0,40,0,650,-134
152.538,0,0,40,0,650,-134
152.543,0,0,40,0,650,-134
152.555,0,0,40,0,650,-134
152.570,0,0,40,0,650,-134
152.575,0,0,40,0,650,-134
152.586,0,0,40,0,650,-134
152.602,0,0,40,0,650,-134
152.607,0,0,40,0,650,-134
152.634,0,0,40,0,650,-134
152.641,0,0,40,0,650,-134
152.666,0,0,40,0,650,-134
152.671,0,0,40,0,650,-134
152.697,0,0,40,0,650,-134
152.703,0,0,40,0,650,-134
152.729,0,0,40,0,650,-134
152.741,0,0,40,0,650,-134
152.745,0,0,40,0,650,-134
152.761,0,0,40,0,650,-134
152.778,0,0,40,0,650,-134
152.793,0,0,40,0,650,-134
152.809,0,0,40,0,650,-134
152.826,0,0,40,0,650,-134
152.841,0,0,40,0,650,-134
152.846,0,0,40,0,650,-134
152.873,0,0,40,0,650,-134
152.889,0,0,40,0,650,-134
152.905,0,0,40,0,650,-134
152.921,0,0,40,0,650,-134
152.953,0,0,40,0,650,-134
152.963,0,0,40,0,650,-134
152.985,0,0,40,0,650,-134
153.001,0,0,40,0,650,-134
153.005,0,0,40,0,650,-134
153.016,0,0,40,0,650,-134
153.033,0,0,40,0,650,-134
153.041,0,0,40,0,650,-134
153.049,0,0,40,0,650,-134
153.065,0,0,40,0,650,-134
153.081,0,0,40,0,650,-134
153.096,0,0,40,0,660,-134
153.106,0,0,40,0,660,-134
153.128,0,0,40,0,660,-134
153.136,0,0,40,0,660,-134
153.146,0,0,40,0,660,-134
153.160,0,0,40,0,660,-134
153.176,0,0,40,0,660,-134
153.192,0,0,40,0,660,-134
153.208,0,0,40,0,660,-134
153.224,0,0,40,0,660,-134
153.229,0,0,40,0,660,-134
153.256,0,0,40,0,660,-134
153.272,0,0,40,0,660,-134
153.284,0,0,40,0,660,-134
153.304,0,0,40,0,660,-134
153.309,0,0,40,0,660,-134
153.320,0,0,40,0,660,-134
153.336,0,0,40,0,660,-134
153.345,0,0,40,0,660,-134
153.368,0,0,40,0,660,-134
153.383,0,0,40,0,660,-134
153.399,0,0,40,0,660,-134
153.408,0,0,40,0,660,-134
153.432,0,0,40,0,660,-134
153.437,0,0,40,0,660,-134
153.448,0,0,40,0,660,-134
153.464,0,0,40,0,660,-134
153.469,0,0,40,0,660,-134
153.496,0,0,40,0,660,-134
153.508,0,0,40,0,660,-134
153.528,0,0,40,0,660,-134
153.532,0,0,40,0,660,-134
153.560,0,0,40,0,670,-134
153.575,0,0,40,0,670,-134
153.587,0,0,40,0,670,-134
153.607,0,0,40,0,670,-134
153.624,0,0,0,0,670,-134
153.640,0,0,0,0,670,-134
153.657,0,0,0,0,670,-134
153.671,0,0,0,0,670,-134
153.687,0,0,0,0,670,-134
153.703,0,0,0,0,670,-134
153.719,0,0,0,0,670,-134
153.735,0,0,0,0,670,-134
153.751,0,0,0,0,670,-134
153.767,0,0,0,0,670,-134
153.783,0,0,0,0,670,-134
153.799,0,0,0,0,670,-134
153.816,0,0,0,0,670,-134
153.831,0,0,0,0,670,-134
153.848,0,0,0,0,670,-134
153.863,0,0,0,0,670,-134
153.879,0,0,0,0,670,-134
153.895,0,0,0,0,670,-134
153.911,0,0,0,0,670,-134
153.927,0,0,0,0,670,-134
153.943,0,0,0,0,670,-134
153.959,0,0,0,0,670,-134
153.976,0,0,0,0,670,-134
153.991,0,0,0,0,670,-134
154.009,0,0,0,0,670,-134
154.024,0,0,0,0,670,-134
154.041,0,0,0,0,670,-134
154.051,0,-40,0,0,670,-134
154.056,0,-40,0,0,670,-134
154.072,0,-40,0,0,670,-134
154.088,0,-40,0,0,670,-134
154.104,0,-40,0,0,670,-134
154.120,0,-40,0,0,670,-134
154.136,0,-40,0,0,670,-134
154.162,0,-40,0,0,670,-134
154.176,0,-40,0,0,670,-134
154.192,0,-40,0,0,670,-134
154.200,0,-40,0,0,670,-134
154.211,0,-40,0,0,670,-134
154.228,0,-40,0,0,670,-134
154.237,0,-40,0,0,670,-134
154.252,0,-40,0,0,670,-134
154.268,0,-40,0,0,670,-134
154.284,0,-40,0,0,670,-134
154.300,0,-40,0,0,670,-134
154.316,0,-40,0,0,670,-134
154.332,0,-40,0,0,670,-134
154.348,0,-40,0,0,670,-134
154.364,0,-40,0,0,670,-134
154.380,0,-40,0,0,670,-134
154.396,0,-40,0,0,670,-134
154.412,0,-40,0,0,670,-134
154.428,0,-40,0,0,680,-134
154.444,0,-40,0,0,680,-134
154.460,0,-40,0,0,680,-134
154.476,0,-40,0,0,680,-134
154.492,0,-40,0,0,680,-134
154.508,0,-40,0,0,680,-134
154.524,0,-40,0,0,680,-134
154.540,0,-40,0,0,680,-134
154.555,0,-40,0,0,670,-134
154.571,0,-40,0,0,670,-134
154.583,0,-40,0,0,670,-134
154.595,0,-40,0,0,670,-134
154.601,0,-40,0,0,670,-134
154.612,0,-40,0,0,670,-134
154.628,0,-40,0,0,670,-134
154.633,0,-40,0,0,670,-134
154.644,0,-40,0,0,670,-134
154.659,0,-40,0,0,670,-134
154.664,0,-40,0,0,670,-134
154.675,0,-40,0,0,670,-134
154.691,0,-40,0,0,670,-134
154.696,0,-40,0,0,670,-134
154.707,0,-40,0,0,670,-134
154.723,0,-40,0,0,670,-134
154.729,0,-40,0,0,670,-134
154.739,0,-40,0,0,670,-134
154.755,0,-40,0,0,670,-134
154.764,0,-40,0,0,670,-134
154.786,0,-40,0,0,670,-134
154.795,0,-40,0,0,670,-134
154.811,0,-40,0,0,670,-134
154.826,0,-40,0,0,670,-134
154.837,0,-40,0,0,670,-134
154.850,0,-40,0,0,670,-134
154.859,0,-40,0,0,670,-134
154.864,0,-40,0,0,670,-134
154.875,0,-40,0,0,670,-134
154.891,0,-40,0,0,670,-134
154.895,0,-40,0,0,670,-134
154.906,0,-40,0,0,670,-134
154.922,0,-40,0,0,670,-134
154.928,0,-40,0,0,670,-134
154.938,0,-40,0,0,670,-134
154.954,0,-40,0,0,670,-134
154.959,0,-40,0,0,670,-134
154.970,0,-40,0,0,670,-134
154.986,0,-40,0,0,670,-134
154.996,0,-40,0,0,670,-134
155.011,0,-40,0,0,670,-134
155.026,0,-40,0,0,670,-134
155.042,0,-40,0,0,670,-134
155.058,0,-40,0,0,670,-134
155.071,0,-40,0,0,670,-134
155.091,0,-40,0,0,670,-134
155.097,0,-40,0,0,670,-134
155.107,0,-40,0,0,670,-134
155.123,0,-40,0,0,670,-134
155.128,0,-40,0,0,670,-134
155.140,0,-40,0,0,670,-134
155.155,0,-40,0,0,670,-134
155.161,0,-40,0,0,670,-134
155.171,0,-40,0,0,670,-134
155.188,0,-40,0,0,670,-134
155.199,0,-40,0,0,670,-134
155.207,0,-40,0,0,670,-134
155.220,0,-40,0,0,670,-134
155.226,0,-40,0,0,670,-134
155.242,0,-40,0,0,670,-134
155.257,0,-40,0,0,670,-134
155.270,0,-40,0,0,670,-134
155.280,0,-40,0,0,670,-134
155.289,0,-40,0,0,670,-134
155.305,0,-40,0,0,670,-134
155.312,0,0,0,0,670,-134
155.337,0,0,0,0,670,-134
155.353,0,0,0,0,670,-134
155.376,0,0,0,0,670,-134
155.382,0,0,0,0,670,-134
155.409,0,0,0,0,680,-134
155.425,0,0,0,0,680,-134
155.433,0,0,0,0,680,-134
155.449,0,0,0,0,680,-134
155.458,0,0,0,0,680,-134
155.474,0,0,0,0,680,-134
155.490,0,0,0,0,680,-134
155.506,0,0,0,0,680,-134
155.511,0,0,0,0,680,-134
155.538,0,0,0,0,680,-134
155.554,0,0,0,0,680,-134
155.570,0,0,0,0,680,-134
155.586,0,0,0,0,680,-134
155.602,0,0,0,0,680,-134
155.618,0,0,0,0,680,-134
155.634,0,0,0,0,680,-134
155.650,0,0,0,0,680,-134
155.667,0,0,0,0,680,-134
155.683,0,0,0,0,680,-134
155.699,0,0,0,0,680,-134
155.708,0,0,0,0,680,-134
155.731,0,0,0,0,680,-134
155.746,0,0,0,0,680,-134
155.763,0,0,0,0,680,-134
155.778,0,0,0,0,680,-134
155.794,0,0,0,0,680,-134
155.810,0,0,0,0,680,-134
155.827,0,0,0,0,680,-134
155.842,0,0,0,0,680,-134
155.859,0,0,0,0,680,-134
155.875,0,0,0,0,680,-134
155.891,0,0,0,0,680,-134
155.897,0,0,40,0,680,-134
155.907,0,0,40,0,680,-134
155.923,0,0,40,0,680,-134
155.939,0,0,40,0,680,-134
155.955,0,0,40,0,680,-134
155.971,0,0,40,0,680,-134
155.987,0,0,40,0,680,-134
156.003,0,0,40,0,680,-134
156.019,0,0,40,0,680,-134
156.036,0,0,40,0,680,-134
156.051,0,0,40,0,680,-134
156.067,0,0,40,0,680,-134
156.083,0,0,40,0,680,-134
156.099,0,0,40,0,680,-134
156.115,0,0,40,0,680,-134
156.132,0,0,40,0,680,-134
156.148,0,0,40,0,680,-134
156.164,0,0,40,0,680,-134
156.180,0,0,40,0,680,-134
156.196,0,0,40,0,680,-134
156.212,0,0,40,0,680,-134
156.227,0,0,40,0,680,-134
156.243,0,0,40,0,680,-134
156.259,0,0,40,0,680,-134
156.275,0,0,40,0,680,-134
156.291,0,0,40,0,680,-134
156.307,0,0,40,0,680,-134
156.316,0,0,40,0,680,-134
156.339,0,0,40,0,680,-134
156.355,0,0,40,0,680,-134
156.371,0,0,40,0,680,-134
156.387,0,0,40,0,680,-134
156.403,0,0,40,0,680,-134
156.408,0,0,40,0,680,-134
156.419,0,0,40,0,680,-134
156.435,0,0,40,0,680,-134
156.450,0,0,40,0,680,-134
156.463,0,0,40,0,680,-134
156.482,0,0,40,0,680,-134
156.495,0,0,40,0,680,-134
156.506,0,0,40,0,680,-134
156.513,0,0,40,0,680,-134
156.530,0,0,40,0,680,-134
156.546,0,0,40,0,680,-134
156.562,0,0,40,0,680,-134
156.578,0,0,40,0,680,-134
156.594,0,0,40,0,680,-134
156.606,0,0,40,0,680,-134
156.613,0,0,40,0,680,-134
156.625,0,0,40,0,680,-134
156.640,0,0,40,0,680,-134
156.656,0,0,40,0,680,-134
156.672,0,0,40,0,680,-134
156.677,0,0,40,0,680,-134
156.688,0,0,40,0,680,-134
156.704,0,0,40,0,680,-134
156.715,0,0,40,0,680,-134
156.736,0,0,40,0,680,-134
156.747,0,0,40,0,680,-134
156.751,0,0,40,0,680,-134
156.763,0,0,40,0,680,-134
156.783,0,0,40,0,680,-134
156.799,0,0,40,0,680,-134
156.804,0,0,40,0,680,-134
156.831,0,0,40,0,680,-134
156.841,0,0,40,0,680,-134
156.854,0,0,40,0,680,-134
156.863,0,0,40,0,680,-134
156.879,0,0,40,0,680,-134
156.891,0,0,40,0,680,-134
156.911,0,0,40,0,680,-134
156.926,0,0,40,0,680,-134
156.943,0,0,40,0,680,-134
156.958,0,0,40,0,690,-134
156.969,0,0,40,0,690,-134
156.991,0,0,40,0,690,-134
157.006,0,0,40,0,690,-134
157.021,0,0,40,0,690,-134
157.037,0,0,40,0,690,-134
157.053,0,0,40,0,690,-134
157.069,0,0,40,0,690,-134
157.085,0,0,40,0,690,-134
157.101,0,0,40,0,690,-134
157.117,0,0,40,0,690,-134
157.133,0,0,40,0,690,-134
157.144,0,0,40,0,690,-134
157.164,0,0,40,0,690,-134
157.170,0,0,40,0,690,-134
157.196,0,0,40,0,690,-134
157.214,0,0,40,0,690,-134
157.228,0,0,40,0,690,-134
157.234,0,0,40,0,690,-134
157.245,0,0,40,0,690,-134
157.259,0,0,40,0,690,-134
157.275,0,0,40,0,690,-134
157.291,0,0,40,0,690,-134
157.307,0,0,40,0,700,-134
157.320,0,0,40,0,700,-134
157.326,0,0,40,0,700,-134
157.337,0,0,40,0,700,-134
157.354,0,0,40,0,700,-134
157.370,0,0,40,0,700,-134
157.386,0,0,40,0,700,-134
157.402,0,0,40,0,700,-134
157.408,0,0,40,0,700,-134
157.434,0,0,40,0,700,-134
157.451,0,0,40,0,700,-134
157.466,0,0,40,0,700,-134
157.482,0,0,40,0,700,-134
157.499,0,0,40,0,700,-134
157.514,0,0,40,0,700,-134
157.530,0,0,40,0,700,-134
157.536,0,0,40,0,700,-134
157.546,0,0,40,0,700,-134
157.561,0,0,40,0,700,-134
157.575,0,0,40,0,700,-134
157.587,0,0,40,0,700,-134
157.594,0,0,40,0,700,-134
157.613,0,0,40,0,700,-134
157.625,0,0,40,0,700,-134
157.630,0,0,40,0,700,-134
157.657,0,0,40,0,700,-134
157.673,0,0,40,0,700,-134
157.688,0,0,40,0,700,-134
157.700,0,0,40,0,700,-134
157.720,0,0,40,0,700,-134
157.736,0,0,40,0,700,-134
157.753,0,0,40,0,700,-134
157.762,0,0,40,0,700,-134
157.784,0,0,40,0,700,-134
157.798,0,0,40,0,700,-134
157.804,0,0,40,0,700,-134
157.817,0,0,40,0,700,-134
157.833,0,0,40,0,700,-134
157.849,0,0,40,0,710,-134
157.865,0,0,40,0,710,-134
157.881,0,0,40,0,710,-134
157.897,0,0,40,0,710,-134
157.909,0,0,40,0,710,-134
157.928,0,0,40,0,710,-134
157.944,0,0,40,0,710,-134
157.962,0,0,40,0,710,-134
157.968,0,0,40,0,710,-134
157.980,0,0,40,0,710,-134
157.992,0,0,40,0,710,-134
157.996,0,0,40,0,710,-134
158.008,0,0,40,0,710,-134
158.024,0,0,40,0,710,-134
158.029,0,0,40,0,710,-134
158.041,0,0,40,0,710,-134
158.056,0,0,40,0,710,-134
158.061,0,0,40,0,710,-134
158.072,0,0,40,0,720,-134
158.089,0,0,40,0,720,-134
158.099,0,0,40,0,720,-134
158.106,0,0,40,0,720,-134
158.135,0,0,40,0,720,-134
158.148,0,0,40,0,720,-134
158.168,0,0,40,0,720,-134
158.184,0,0,40,0,720,-134
158.199,0,0,40,0,720,-134
158.215,0,0,40,0,720,-134
158.231,0,0,40,0,720,-134
158.237,0,0,40,0,720,-134
158.247,0,0,40,0,720,-134
158.260,0,0,40,0,720,-134
158.266,0,0,40,0,720,-134
158.279,0,0,40,0,720,-134
158.295,0,0,40,0,720,-134
158.311,0,0,40,0,720,-134
158.327,0,0,40,0,720,-134
158.343,0,0,40,0,720,-134
158.359,0,0,40,0,720,-134
158.372,0,0,40,0,720,-134
158.391,0,0,40,0,720,-134
158.407,0,0,40,0,720,-134
158.423,0,0,40,0,720,-134
158.429,0,0,40,0,720,-134
158.439,0,0,40,0,720,-134
158.455,0,0,40,0,720,-134
158.466,0,0,40,0,720,-134
158.473,0,0,40,0,720,-134
158.487,0,0,40,0,720,-134
158.492,0,0,40,0,720,-134
158.503,0,0,40,0,720,-134
158.508,0,0,40,0,720,-134
158.535,0,0,40,0,720,-134
158.551,0,0,40,0,720,-134
158.557,0,0,40,0,720,-134
158.567,0,0,40,0,720,-134
158.583,0,0,40,0,720,-134
158.599,0,0,0,0,720,-134
158.615,0,0,0,0,720,-134
158.631,0,0,0,0,720,-134
158.646,0,0,0,0,720,-134
158.662,0,0,0,0,720,-134
158.678,0,0,0,0,720,-134
158.694,0,0,0,0,720,-134
158.711,0,0,0,0,720,-134
158.727,0,0,0,0,720,-134
158.742,0,0,0,0,720,-134
158.758,0,0,0,0,730,-134
158.775,0,0,0,0,730,-134
158.791,0,0,0,0,730,-134
158.807,0,0,0,0,730,-134
158.823,0,0,0,0,730,-134
158.840,0,0,0,0,730,-134
158.855,0,0,0,0,730,-134
158.871,0,0,0,0,730,-134
158.887,0,0,0,0,730,-134
158.903,0,0,0,0,730,-134
158.919,0,0,0,0,730,-134
158.935,0,0,0,0,730,-134
158.951,0,0,0,0,730,-134
158.967,0,0,0,0,730,-134
158.984,0,0,0,0,730,-134
159.000,0,0,0,0,730,-134
159.015,0,0,0,0,730,-134
159.032,0,0,0,0,730,-134
159.048,0,0,0,0,730,-134
159.064,0,-40,0,0,730,-134
159.073,0,-40,0,0,730,-134
159.094,0,-40,0,0,730,-134
159.111,0,-40,0,0,730,-134
159.127,0,-40,0,0,730,-134
159.144,0,-40,0,0,730,-134
159.159,0,-40,0,0,730,-134
159.175,0,-40,0,0,730,-134
159.191,0,-40,0,0,730,-134
159.207,0,-40,0,0,730,-134
159.217,0,-40,0,0,730,-134
159.225,0,-40,0,0,730,-134
159.241,0,-40,0,0,730,-134
159.257,0,-40,0,0,730,-134
159.274,0,-40,0,0,730,-134
159.289,0,-40,0,0,730,-134
159.306,0,-40,0,0,730,-134
159.322,0,-40,0,0,730,-134
159.338,0,-40,0,0,730,-134
159.354,0,-40,0,0,730,-134
159.370,0,-40,0,0,730,-134
159.386,0,-40,0,0,730,-134
159.402,0,-40,0,0,730,-134
159.417,0,-40,0,0,730,-134
159.433,0,-40,0,0,730,-134
159.445,0,-40,0,0,730,-134
159.465,0,-40,0,0,730,-134
159.482,0,-40,0,0,730,-134
159.498,0,-40,0,0,730,-134
159.514,0,-40,0,0,730,-134
159.529,0,-40,0,0,730,-134
159.545,0,-40,0,0,730,-134
159.561,0,-40,0,0,730,-134
159.576,0,-40,0,0,730,-134
159.593,0,-40,0,0,730,-134
159.609,0,-40,0,0,730,-134
159.614,0,-40,0,0,730,-134
159.624,0,-40,0,0,730,-134
159.640,0,-40,0,0,730,-134
159.651,0,-40,0,0,730,-134
159.672,0,-40,0,0,730,-134
159.688,0,-40,0,0,730,-134
159.696,0,-40,0,0,730,-134
159.721,0,-40,0,0,730,-134
159.737,0,-40,0,0,730,-134
159.742,0,-40,0,0,730,-134
159.762,0,-40,0,0,730,-134
159.776,0,-40,0,0,730,-134
159.788,0,-40,0,0,730,-134
159.801,0,-40,0,0,730,-134
159.816,0,-40,0,0,730,-134
159.842,0,-40,0,0,730,-134
159.858,0,-40,0,0,730,-134
159.874,0,-40,0,0,730,-134
159.879,0,-40,0,0,730,-134
159.906,0,-40,0,0,730,-134
159.912,0,-40,0,0,730,-134
159.921,0,-40,0,0,730,-134
159.937,0,-40,0,0,730,-134
159.943,0,-40,0,0,730,-134
159.961,0,-40,0,0,730,-134
159.975,0,-40,0,0,730,-134
159.987,0,-40,0,0,730,-134
160.011,0,-40,0,0,730,-134
160.022,0,-40,0,0,730,-134
160.041,0,-40,0,0,730,-134
160.054,0,-40,0,0,730,-134
160.073,0,-40,0,0,730,-134
160.079,0,-40,0,0,730,-134
160.105,0,-40,0,0,730,-134
160.113,0,-40,0,0,730,-134
160.122,0,-40,0,0,730,-134
160.129,0,-40,0,0,730,-134
160.144,0,-40,0,0,730,-134
160.156,0,-40,0,0,730,-134
160.176,0,-40,0,0,730,-134
160.187,0,-40,0,0,730,-134
160.208,0,-40,0,0,730,-134
160.224,0,-40,0,0,730,-134
160.240,0,-40,0,0,730,-134
160.256,0,-40,0,0,730,-134
160.272,0,-40,0,0,730,-134
160.280,0,-40,0,0,730,-134
160.296,0,-40,0,0,730,-134
160.312,0,-40,0,0,730,-134
160.327,0,-40,0,0,730,-134
160.345,0,-40,0,0,730,-134
160.359,0,-40,0,0,730,-134
160.376,0,-40,0,0,730,-134
160.392,0,-40,0,0,730,-134
160.408,0,-40,0,0,730,-134
160.422,0,-40,0,0,730,-134
160.433,0,-40,0,0,730,-134
160.438,0,-40,0,0,730,-134
160.458,0,-40,0,0,730,-134
160.473,0,-40,0,0,730,-134
160.484,0,-40,0,0,730,-134
160.505,0,-40,0,0,730,-134
160.521,0,-40,0,0,730,-134
160.537,0,-40,0,0,730,-134
160.553,0,-40,0,0,730,-134
160.569,0,-40,0,0,730,-134
160.585,0,-40,0,0,730,-134
160.601,0,-40,0,0,730,-134
160.606,0,-40,0,0,730,-134
160.617,0,-40,0,0,730,-134
160.634,0,-40,0,0,730,-134
160.642,0,-40,0,0,730,-134
160.665,0,-40,0,0,730,-134
160.677,0,-40,0,0,730,-134
160.697,0,-40,0,0,730,-134
160.712,0,0,0,0,730,-134
160.728,0,0,0,0,730,-134
160.744,0,0,0,0,740,-134
160.760,0,0,0,0,740,-134
160.776,0,0,0,0,740,-134
160.792,0,0,0,0,740,-134
160.808,0,0,0,0,740,-134
160.824,0,0,0,0,740,-134
160.841,0,0,0,0,740,-134
160.857,0,0,0,0,740,-134
160.874,0,0,0,0,740,-134
160.888,0,0,0,0,740,-134
160.904,0,0,0,0,740,-134
160.920,0,0,0,0,740,-134
160.936,0,0,0,0,740,-134
160.952,0,0,0,0,740,-134
160.968,0,0,0,0,740,-134
160.983,0,0,0,0,740,-134
160.999,0,0,0,0,740,-134
161.009,0,0,0,0,740,-134
161.031,0,0,0,0,740,-134
161.047,0,0,0,0,740,-134
161.063,0,0,0,0,740,-134
161.079,0,0,0,0,740,-134
161.095,0,0,0,0,740,-134
161.113,0,0,0,0,740,-134
161.127,0,0,0,0,740,-134
161.159,0,0,0,0,740,-134
161.175,0,0,0,0,740,-134
161.186,0,0,0,0,740,-134
161.208,0,0,0,0,740,-134
161.223,0,0,0,0,740,-134
161.234,0,0,0,0,740,-134
161.241,0,0,0,0,740,-134
161.257,0,0,0,0,740,-134
161.272,0,0,0,0,740,-134
161.288,0,0,0,0,740,-134
161.303,0,0,0,0,740,-134
161.320,0,0,0,0,740,-134
161.336,0,0,0,0,740,-134
161.352,0,0,0,0,740,-134
161.367,0,0,0,0,740,-134
161.383,0,0,0,0,740,-134
161.400,0,0,0,0,740,-134
161.416,0,0,0,0,740,-134
161.431,0,0,0,0,740,-134
161.447,0,0,0,0,740,-134
161.463,0,0,0,0,740,-134
161.479,0,0,0,0,740,-134
161.495,0,0,0,0,740,-134
161.511,0,0,0,0,740,-134
161.527,0,0,0,0,740,-134
161.542,0,0,0,0,740,-134
161.559,0,0,0,0,740,-134
161.575,0,0,0,0,740,-134
161.591,0,0,0,0,740,-134
161.607,0,0,0,0,740,-134
161.623,0,0,0,0,740,-134
161.639,0,0,0,0,740,-134
161.655,0,0,0,0,740,-134
161.671,0,0,0,0,740,-134
161.687,0,0,0,0,740,-134
161.703,0,0,0,0,740,-134
161.719,0,0,0,0,740,-134
161.734,0,0,0,0,740,-134
161.750,0,0,0,0,740,-134
161.766,0,0,0,0,740,-134
161.782,0,0,0,0,740,-134
161.798,0,0,0,0,740,-134
161.814,0,0,0,0,740,-134
161.830,0,0,0,0,740,-134
161.846,0,0,0,0,740,-134
161.862,0,0,0,0,740,-134
161.878,0,0,0,0,740,-134
161.894,0,0,0,0,740,-134
161.910,0,0,0,0,740,-134
161.926,0,0,0,0,740,-134
161.942,0,0,0,0,740,-134
161.958,0,0,0,0,740,-134
161.974,0,0,0,0,740,-134
161.990,0,0,0,0,740,-134
162.007,0,0,0,0,740,-134
162.022,0,0,0,0,740,-134
162.037,0,0,0,0,740,-134
162.054,0,0,0,0,740,-134
162.069,0,0,0,0,740,-134
162.085,0,0,0,0,740,-134
162.101,0,0,0,0,740,-134
162.118,0,0,0,0,740,-134
162.134,0,0,0,0,740,-134
162.150,0,0,0,0,740,-134
162.154,0,0,0,0,740,-134
162.181,0,0,0,0,740,-134
162.197,0,0,0,0,740,-134
162.214,0,0,0,0,740,-134
162.230,0,0,0,0,740,-134
162.245,0,0,0,0,740,-134
162.262,0,0,0,0,740,-134
162.278,0,0,0,0,740,-134
162.294,0,0,0,0,740,-134
162.310,0,0,0,0,740,-134
162.326,0,0,0,0,740,-134
162.342,0,0,0,0,740,-134
162.358,0,0,0,0,740,-134
162.374,0,0,0,0,740,-134
162.391,0,0,0,0,740,-134
162.407,0,0,0,0,740,-134
162.422,0,0,0,0,740,-135
162.438,0,0,0,0,740,-135
162.454,0,0,0,0,740,-135
162.470,0,0,0,0,740,-135
162.486,0,0,0,0,740,-135
162.503,0,0,0,0,740,-135
162.519,0,0,0,0,740,-135
162.535,0,0,0,0,740,-134
162.550,0,0,0,0,740,-134
162.566,0,0,0,0,740,-134
162.582,0,0,0,0,740,-134
162.598,0,0,0,0,740,-134
162.614,0,0,0,0,740,-134
162.629,0,0,0,0,740,-134
162.646,0,0,0,0,740,-134
162.662,0,0,0,0,740,-134
162.678,0,0,0,0,740,-134
162.693,0,0,0,0,740,-134
162.710,0,0,0,0,740,-134
162.726,0,0,0,0,740,-134
162.742,0,0,0,0,740,-134
162.758,0,0,0,0,740,-134
162.774,0,0,0,0,740,-134
162.790,0,0,0,0,740,-134
162.806,0,0,0,0,740,-134
162.822,0,0,0,0,740,-134
162.838,0,0,0,0,740,-134
162.854,0,0,0,0,740,-134
162.871,0,0,0,0,740,-134
162.886,0,0,0,0,740,-134
162.903,0,0,0,0,740,-134
162.921,0,0,0,0,740,-134
162.925,0,0,40,0,740,-134
162.935,0,0,40,0,740,-134
162.951,0,0,40,0,740,-134
162.966,0,0,40,0,740,-134
162.982,0,0,40,0,740,-134
162.998,0,0,40,0,740,-134
163.014,0,0,40,0,740,-134
163.031,0,0,40,0,740,-134
163.046,0,0,40,0,740,-134
163.062,0,0,40,0,740,-134
163.078,0,0,40,0,740,-134
163.094,0,0,40,0,740,-134
163.110,0,0,40,0,740,-134
163.126,0,0,40,0,740,-134
163.143,0,0,40,0,740,-134
163.159,0,0,40,0,740,-134
163.174,0,0,40,0,740,-134
163.190,0,0,40,0,740,-134
163.206,0,0,40,0,740,-134
163.223,0,0,40,0,740,-134
163.238,0,0,40,0,740,-134
163.254,0,0,40,0,740,-134
163.270,0,0,40,0,740,-134
163.287,0,0,40,0,740,-134
163.303,0,0,40,0,740,-134
163.319,0,0,40,0,740,-134
163.335,0,0,40,0,740,-134
163.346,0,0,40,0,740,-134
163.367,0,0,40,0,740,-134
163.383,0,0,40,0,740,-134
163.398,0,0,40,0,740,-134
163.414,0,0,40,0,740,-134
163.430,0,0,40,0,740,-134
163.446,0,0,40,0,740,-134
163.462,0,0,40,0,740,-134
163.476,0,0,40,0,740,-134
163.494,0,0,40,0,740,-134
163.510,0,0,40,0,740,-134
163.521,0,0,40,0,740,-134
163.542,0,0,40,0,740,-134
163.558,0,0,40,0,740,-134
163.574,0,0,40,0,740,-134
163.590,0,0,40,0,740,-134
163.602,0,0,40,0,740,-134
163.622,0,0,40,0,740,-134
163.632,0,0,40,0,740,-134
163.644,0,0,40,0,750,-134
163.654,0,0,40,0,750,-134
163.670,0,0,40,0,750,-134
163.686,0,0,40,0,750,-134
163.701,0,0,40,0,750,-134
163.707,0,0,40,0,750,-134
163.733,0,0,40,0,750,-134
163.744,0,0,40,0,750,-134
163.750,0,0,40,0,750,-134
163.765,0,0,40,0,750,-134
163.776,0,0,40,0,750,-134
163.797,0,0,40,0,750,-134
163.802,0,0,40,0,750,-134
163.829,0,0,40,0,750,-134
163.835,0,0,40,0,750,-134
163.845,0,0,40,0,750,-134
163.861,0,0,40,0,750,-134
163.876,0,0,40,0,750,-134
163.892,0,0,40,0,750,-134
163.909,0,0,40,0,750,-134
163.924,0,0,40,0,750,-134
163.941,0,0,40,0,750,-134
163.959,0,0,40,0,750,-134
163.972,0,0,40,0,750,-134
163.989,0,0,40,0,750,-134
164.005,0,0,40,0,750,-134
164.019,0,0,40,0,750,-134
164.036,0,0,40,0,750,-134
164.052,0,0,40,0,750,-134
164.069,0,0,40,0,750,-134
164.085,0,0,40,0,750,-134
164.098,0,0,40,0,750,-134
164.103,0,0,40,0,750,-134
164.119,0,0,40,0,750,-134
164.133,0,0,40,0,750,-134
164.147,0,0,40,0,750,-134
164.165,0,0,40,0,750,-134
164.180,0,0,40,0,750,-134
164.197,0,0,40,0,750,-134
164.202,0,0,40,0,760,-134
164.215,0,0,40,0,760,-134
164.229,0,0,40,0,760,-134
164.235,0,0,40,0,760,-134
164.249,0,0,40,0,760,-134
164.261,0,0,40,0,760,-134
164.266,0,0,40,0,760,-134
164.277,0,0,40,0,760,-134
164.293,0,0,40,0,760,-134
164.298,0,0,40,0,760,-134
164.325,0,0,40,0,760,-134
164.331,0,0,40,0,760,-134
164.341,0,0,40,0,760,-134
164.358,0,0,40,0,760,-134
164.363,0,0,40,0,760,-134
164.374,0,0,40,0,760,-134
164.390,0,0,40,0,760,-134
164.396,0,0,40,0,760,-134
164.406,0,0,40,0,760,-134
164.422,0,0,40,0,760,-134
164.429,0,0,40,0,760,-134
164.438,0,0,40,0,760,-134
164.454,0,0,40,0,760,-134
164.470,0,0,40,0,760,-134
164.486,0,0,40,0,760,-134
164.502,0,0,40,0,760,-134
164.519,0,0,40,0,760,-134
164.530,0,0,40,0,760,-134
164.536,0,0,40,0,770,-134
164.551,0,0,40,0,770,-134
164.567,0,0,40,0,770,-134
164.583,0,0,40,0,770,-134
164.599,0,0,40,0,770,-134
164.616,0,0,40,0,770,-134
164.621,0,0,40,0,770,-134
164.631,0,0,40,0,770,-134
164.647,0,0,40,0,770,-134
164.663,0,0,40,0,770,-134
164.679,0,0,40,0,770,-134
164.695,0,0,0,0,770,-134
164.706,0,0,0,0,770,-134
164.727,0,0,0,0,770,-134
164.743,0,0,0,0,770,-134
164.759,0,0,0,0,770,-134
164.775,0,0,0,0,770,-134
164.791,0,0,0,0,770,-134
164.807,0,0,0,0,770,-134
164.823,0,0,0,0,770,-134
164.839,0,0,0,0,770,-134
164.855,0,0,0,0,770,-134
164.871,0,0,0,0,770,-134
164.887,0,0,0,0,770,-134
164.903,0,0,0,0,770,-134
164.919,0,0,0,0,770,-134
164.935,0,0,0,0,770,-134
164.951,0,0,0,0,770,-134
164.967,0,0,0,0,770,-134
164.983,0,0,0,0,770,-134
164.999,0,0,0,0,770,-134
165.014,0,0,0,0,770,-134
165.030,0,0,0,0,770,-134
165.046,0,0,0,0,770,-134
165.062,0,0,0,0,770,-134
165.078,0,0,0,0,770,-134
165.095,0,0,0,0,770,-134
165.110,0,0,0,0,770,-134
165.127,0,0,0,0,770,-134
165.143,0,0,0,0,770,-134
165.161,0,0,0,0,770,-134
165.175,0,0,0,0,770,-134
165.190,0,0,0,0,770,-134
165.207,0,0,0,0,770,-134
165.223,0,0,0,0,770,-134
165.238,0,0,0,0,770,-134
165.254,0,0,0,0,770,-134
165.270,0,0,0,0,770,-134
165.287,0,0,0,0,770,-134
165.302,0,0,0,0,770,-134
165.318,0,0,0,0,770,-134
165.335,0,0,0,0,770,-134
165.350,0,0,0,0,770,-134
165.366,0,0,0,0,770,-134
165.382,0,0,0,0,770,-134
165.398,0,0,0,0,770,-134
165.414,0,0,0,0,770,-134
165.430,0,0,0,0,770,-134
165.441,0,0,0,0,770,-134
165.461,0,0,0,0,770,-134
165.477,0,0,0,0,770,-134
165.494,0,0,0,0,770,-134
165.509,0,0,0,0,770,-134
165.525,0,0,0,0,770,-134
165.541,0,0,0,0,770,-134
165.557,0,0,0,0,770,-134
165.573,0,0,0,0,770,-134
165.589,0,0,0,0,770,-134
165.605,0,0,0,0,770,-134
165.620,0,0,0,0,770,-134
165.636,0,0,0,0,770,-134
165.652,0,0,0,0,770,-134
165.668,0,0,0,0,770,-134
165.684,0,0,0,0,770,-134
165.701,0,0,0,0,770,-134
165.717,0,0,0,0,770,-134
165.732,0,0,0,0,770,-134
165.742,0,0,0,0,770,-134
165.764,0,0,0,0,770,-134
165.780,0,0,0,0,770,-134
165.796,0,0,0,0,770,-134
165.812,0,0,0,0,770,-134
165.827,0,0,0,0,770,-134
165.844,0,0,0,0,770,-134
165.860,0,0,0,0,770,-134
165.875,0,0,0,0,770,-134
165.892,0,0,0,0,770,-134
165.907,0,0,0,0,770,-134
165.923,0,0,0,0,770,-134
165.939,0,0,0,0,770,-134
165.955,0,0,0,0,770,-134
165.972,0,0,0,0,770,-134
165.987,0,0,0,0,770,-134
166.002,0,0,0,0,760,-134
166.018,0,0,0,0,760,-134
166.035,0,0,0,0,760,-134
166.051,0,0,0,0,760,-134
166.067,0,0,0,0,760,-134
166.083,0,0,0,0,760,-134
166.099,0,0,0,0,760,-134
166.115,0,0,0,0,760,-134
166.131,0,0,0,0,760,-134
166.146,0,0,0,0,760,-134
166.162,0,0,0,0,760,-134
166.178,0,0,0,0,760,-134
166.194,0,0,0,0,760,-134
166.210,0,0,0,0,760,-134
166.226,0,0,0,0,760,-134
166.242,0,0,0,0,760,-134
166.258,0,0,0,0,760,-134
166.274,0,0,0,0,760,-134
166.290,0,0,0,0,760,-134
166.305,0,0,0,0,760,-134
166.321,0,0,0,0,760,-134
166.337,0,0,0,0,760,-134
166.353,0,0,0,0,760,-134
166.368,0,0,0,0,760,-134
166.384,0,0,0,0,760,-134
166.401,0,0,0,0,760,-134
166.416,0,0,0,0,760,-134
166.432,0,0,0,0,760,-134
166.449,0,0,0,0,760,-134
166.464,0,0,0,0,760,-134
166.480,0,0,0,0,760,-134
166.497,0,0,0,0,760,-134
166.512,0,0,0,0,760,-134
166.529,0,0,0,0,760,-134
166.544,0,0,0,0,760,-134
166.563,0,0,0,0,760,-134
166.577,0,0,0,0,760,-134
166.593,0,0,0,0,760,-134
166.609,0,0,0,0,760,-134
166.625,0,0,0,0,760,-134
166.642,0,0,0,0,760,-134
166.657,0,0,0,0,760,-134
166.673,0,0,0,0,770,-134
166.689,0,0,0,0,770,-134
166.706,0,0,0,0,770,-134
166.722,0,0,0,0,770,-134
166.738,0,0,0,0,770,-134
166.754,0,0,0,0,770,-134
166.770,0,0,0,0,770,-134
166.785,0,0,0,0,770,-134
166.801,0,0,0,0,770,-134
166.817,0,0,0,0,770,-134
166.833,0,0,0,0,770,-134
166.849,0,0,0,0,770,-134
166.864,0,0,0,0,770,-134
166.880,0,0,0,0,770,-134
166.896,0,0,0,0,770,-134
166.912,0,0,0,0,770,-134
166.928,0,0,0,0,770,-134
166.944,0,0,0,0,770,-134
166.960,0,0,0,0,770,-134
166.976,0,0,0,0,770,-134
166.992,0,0,0,0,770,-134
167.007,0,0,0,0,770,-134
167.023,0,0,0,0,770,-134
167.039,0,0,0,0,770,-134
167.055,0,0,0,0,770,-134
167.071,0,0,0,0,770,-134
167.087,0,0,0,0,770,-134
167.104,0,0,0,0,770,-134
167.120,0,0,0,0,770,-134
167.136,0,0,0,0,770,-134
167.152,0,0,0,0,770,-134
167.168,0,0,0,0,770,-134
167.184,0,0,0,0,770,-134
167.200,0,0,0,0,770,-134
167.216,0,0,0,0,770,-134
167.232,0,0,0,0,770,-134
167.248,0,0,0,0,770,-134
167.264,0,0,0,0,770,-134
167.280,0,0,0,0,770,-134
167.296,0,0,0,0,770,-134
167.312,0,0,0,0,770,-134
167.328,0,0,0,0,770,-134
167.344,0,0,0,0,770,-134
167.360,0,0,0,0,770,-134
167.376,0,0,0,0,770,-134
167.392,0,0,0,0,770,-134
167.408,0,0,0,0,770,-134
167.424,0,0,0,0,770,-134
167.440,0,0,0,0,770,-134
167.456,0,0,0,0,770,-134
167.472,0,0,0,0,770,-134
167.488,0,0,0,0,770,-134
167.504,0,0,0,0,770,-134
167.519,0,0,0,0,770,-134
167.535,0,0,0,0,770,-134
167.551,0,0,0,0,770,-134
167.568,0,0,0,0,770,-134
167.583,0,0,0,0,770,-134
167.599,0,0,0,0,770,-134
167.615,0,0,0,0,770,-134
167.633,0,0,0,0,770,-134
167.648,0,0,0,0,770,-134
167.664,0,0,0,0,770,-134
167.680,0,0,0,0,770,-134
167.696,0,0,0,0,770,-134
167.727,0,0,0,0,770,-134
167.743,0,0,0,0,770,-134
167.759,0,0,0,0,770,-134
167.775,0,0,0,0,770,-134
167.792,0,0,0,0,770,-134
167.807,0,0,0,0,770,-134
167.823,0,0,0,0,770,-134
167.839,0,0,0,0,770,-134
167.855,0,0,0,0,770,-134
167.872,0,0,0,0,770,-134
167.887,0,0,0,0,770,-134
167.904,0,0,0,0,770,-134
167.909,0,-40,0,0,770,-134
167.922,0,-40,0,0,770,-134
167.936,0,-40,0,0,770,-134
167.952,0,-40,0,0,770,-134
167.960,0,-40,0,0,770,-134
167.976,0,-40,0,0,770,-134
167.992,0,-40,0,0,770,-134
168.008,0,-40,0,0,770,-134
168.025,0,-40,0,0,770,-134
168.040,0,-40,0,0,770,-134
168.056,0,-40,0,0,770,-134
168.071,0,-40,0,0,770,-134
168.088,0,-40,0,0,770,-134
168.104,0,-40,0,0,770,-134
168.120,0,-40,0,0,770,-134
168.136,0,-40,0,0,770,-134
168.152,0,-40,0,0,770,-134
168.168,0,-40,0,0,770,-134
168.184,0,-40,0,0,770,-134
168.200,0,-40,0,0,770,-134
168.216,0,-40,0,0,770,-134
168.232,0,-40,0,0,770,-134
168.248,0,-40,0,0,770,-134
168.264,0,-40,0,0,770,-134
168.279,0,-40,0,0,770,-134
168.295,0,-40,0,0,770,-134
168.311,0,-40,0,0,770,-134
168.327,0,-40,0,0,770,-134
168.343,0,-40,0,0,770,-133
168.359,0,-40,0,0,770,-133
168.374,0,-40,0,0,770,-133
168.390,0,-40,0,0,770,-133
168.406,0,-40,0,0,770,-133
168.422,0,-40,0,0,770,-133
168.427,0,-40,0,0,770,-133
168.438,0,-40,0,0,770,-134
168.454,0,-40,0,0,770,-134
168.460,0,-40,0,0,770,-134
168.478,0,-40,0,0,770,-134
168.496,0,-40,0,0,770,-134
168.500,0,-40,0,0,770,-134
168.526,0,-40,0,0,770,-134
168.543,0,-40,0,0,770,-134
168.559,0,-40,0,0,770,-134
168.575,0,-40,0,0,770,-134
168.591,0,-40,0,0,770,-134
168.607,0,-40,0,0,770,-134
168.623,0,-40,0,0,770,-134
168.635,0,-40,0,0,770,-134
168.655,0,-40,0,0,770,-134
168.660,0,-40,0,0,770,-134
168.671,0,-40,0,0,770,-134
168.687,0,-40,0,0,770,-134
168.692,0,-40,0,0,770,-134
168.712,0,-40,0,0,770,-134
168.717,0,-40,0,0,770,-134
168.729,0,-40,0,0,770,-134
168.743,0,-40,0,0,770,-134
168.755,0,-40,0,0,770,-134
168.762,0,-40,0,0,770,-134
168.775,0,-40,0,0,770,-134
168.791,0,-40,0,0,770,-134
168.802,0,-40,0,0,770,-134
168.823,0,-40,0,0,770,-134
168.839,0,-40,0,0,770,-134
168.855,0,-40,0,0,770,-134
168.861,0,-40,0,0,770,-134
168.872,0,-40,0,0,770,-134
168.887,0,-40,0,0,770,-134
168.895,0,-40,0,0,770,-134
168.912,0,-40,0,0,770,-134
168.927,0,-40,0,0,770,-134
168.943,0,-40,0,0,770,-134
168.959,0,-40,0,0,770,-134
168.975,0,-40,0,0,780,-134
168.992,0,-40,0,0,780,-134
169.007,0,-40,0,0,780,-134
169.017,0,-40,0,0,780,-134
169.025,0,-40,0,0,780,-134
169.039,0,-40,0,0,780,-134
169.055,0,-40,0,0,780,-134
169.071,0,-40,0,0,780,-134
169.079,0,-40,0,0,780,-134
169.095,0,-40,0,0,780,-134
169.111,0,-40,0,0,780,-134
169.126,0,-40,0,0,780,-134
169.142,0,-40,0,0,780,-134
169.155,0,-40,0,0,780,-134
169.175,0,-40,0,0,780,-134
169.191,0,-40,0,0,780,-134
169.207,0,-40,0,0,780,-134
169.223,0,-40,0,0,780,-134
169.238,0,-40,0,0,780,-134
169.246,0,-40,0,0,780,-134
169.264,0,-40,0,0,780,-134
169.279,0,0,0,0,780,-134
169.295,0,0,0,0,780,-134
169.311,0,0,0,0,780,-134
169.327,0,0,0,0,780,-134
169.343,0,0,0,0,780,-134
169.359,0,0,0,0,780,-134
169.375,0,0,0,0,780,-134
169.391,0,0,0,0,780,-134
169.407,0,0,0,0,780,-134
169.423,0,0,0,0,780,-134
169.439,0,0,0,0,780,-134
169.455,0,0,0,0,780,-134
169.471,0,0,0,0,780,-134
169.487,0,0,0,0,780,-134
169.504,0,0,0,0,780,-134
169.520,0,0,0,0,780,-134
169.536,0,0,0,0,780,-134
169.552,0,0,0,0,780,-134
169.568,0,0,0,0,780,-134
169.584,0,0,0,0,780,-134
169.600,0,0,0,0,780,-134
169.616,0,0,0,0,780,-134
169.632,0,0,0,0,780,-134
169.648,0,0,0,0,780,-134
169.664,0,0,0,0,780,-134
169.680,0,0,0,0,780,-134
169.696,0,0,0,0,780,-134
169.712,0,0,0,0,780,-134
169.727,0,0,0,0,780,-134
169.744,0,0,0,0,780,-134
169.760,0,0,0,0,780,-134
169.771,0,0,0,0,780,-134
169.792,0,0,0,0,780,-134
169.808,0,0,0,0,780,-134
169.824,0,0,0,0,780,-134
169.840,0,0,0,0,780,-134
169.856,0,0,0,0,780,-134
169.872,0,0,0,0,780,-134
169.888,0,0,0,0,780,-134
169.905,0,0,0,0,780,-134
169.921,0,0,0,0,780,-134
169.937,0,0,0,0,780,-134
169.953,0,0,0,0,780,-134
169.969,0,0,0,0,780,-134
169.985,0,0,0,0,780,-134
170.001,0,0,0,0,780,-134
170.018,0,0,0,0,780,-134
170.033,0,0,0,0,780,-134
170.049,0,0,0,0,780,-134
170.064,0,0,0,0,780,-134
170.081,0,0,0,0,780,-134
170.097,0,0,0,0,780,-134
170.112,0,0,0,0,780,-134
170.128,0,0,0,0,780,-134
170.144,0,0,0,0,780,-134
170.160,0,0,0,0,780,-134
170.176,0,0,0,0,780,-134
170.192,0,0,0,0,780,-134
170.208,0,0,0,0,780,-134
170.224,0,0,0,0,780,-134
170.240,0,0,0,0,780,-134
170.256,0,0,0,0,780,-134
170.272,0,0,0,0,780,-134
170.287,0,0,0,0,780,-134
170.300,0,0,0,0,780,-134
170.319,0,0,0,0,780,-134
170.335,0,0,0,0,780,-134
170.351,0,0,0,0,780,-134
170.367,0,0,0,0,780,-134
170.382,0,0,0,0,780,-134
170.398,0,0,0,0,780,-134
170.414,0,0,0,0,780,-134
170.431,0,0,0,0,780,-134
170.447,0,0,0,0,780,-134
170.463,0,0,0,0,780,-134
170.479,0,0,0,0,780,-134
170.495,0,0,0,0,780,-134
170.511,0,0,0,0,780,-134
170.527,0,0,0,0,780,-134
170.543,0,0,0,0,780,-134
170.559,0,0,0,0,780,-134
170.575,0,0,0,0,780,-134
170.591,0,0,0,0,780,-134
170.607,0,0,0,0,780,-134
170.623,0,0,0,0,780,-134
170.639,0,0,0,0,780,-134
170.655,0,0,0,0,780,-134
170.671,0,0,0,0,780,-134
170.687,0,0,0,0,780,-134
170.703,0,0,0,0,780,-134
170.719,0,0,0,0,780,-134
170.735,0,0,0,0,780,-134
170.751,0,0,0,0,780,-134
170.767,0,0,0,0,780,-134
170.783,0,0,0,0,780,-134
170.799,0,0,0,0,780,-134
170.815,0,0,0,0,780,-134
170.831,0,0,0,0,780,-134
170.848,0,0,0,0,780,-134
170.864,0,0,0,0,780,-134
170.880,0,0,0,0,780,-134
170.896,0,0,0,0,780,-134
170.909,0,0,0,0,780,-134
170.928,0,0,0,0,780,-134
170.944,0,0,0,0,780,-134
170.959,0,0,0,0,780,-134
170.975,0,0,0,0,780,-134
170.991,0,0,0,0,780,-134
171.008,0,0,0,0,780,-134
171.023,0,0,0,0,780,-134
171.040,0,0,0,0,780,-134
171.055,0,0,0,0,780,-134
171.071,0,0,0,0,780,-134
171.087,0,0,0,0,780,-134
171.103,0,0,0,0,770,-134
171.119,0,0,0,0,770,-134
171.135,0,0,0,0,770,-134
171.151,0,0,0,0,770,-134
171.167,0,0,0,0,770,-134
171.177,0,0,0,0,770,-134
171.199,0,0,0,0,770,-134
171.215,0,0,0,0,770,-134
171.231,0,0,0,0,770,-134
171.247,0,0,0,0,770,-134
171.263,0,0,0,0,770,-134
171.279,0,0,0,0,770,-134
171.295,0,0,0,0,770,-134
171.310,0,0,0,0,770,-134
171.326,0,0,0,0,770,-134
171.342,0,0,0,0,770,-134
171.353,0,0,0,0,770,-134
171.373,0,0,0,0,770,-134
171.389,0,0,0,0,770,-134
171.406,0,0,0,0,770,-134
171.422,0,0,0,0,770,-134
171.437,0,0,0,0,770,-134
171.454,0,0,0,0,770,-134
171.470,0,0,0,0,770,-134
171.475,0,0,0,0,770,-134
171.502,0,0,0,0,770,-134
171.518,0,0,0,0,770,-134
171.534,0,0,0,0,770,-134
171.550,0,0,-40,0,770,-134
171.563,0,0,-40,0,770,-134
171.582,0,0,-40,0,770,-134
171.598,0,0,-40,0,770,-134
171.614,0,0,-40,0,770,-134
171.630,0,0,-40,0,770,-134
171.648,0,0,-40,0,770,-134
171.662,0,0,-40,0,770,-134
171.678,0,0,-40,0,770,-134
171.693,0,0,-40,0,770,-134
171.709,0,0,-40,0,770,-134
171.729,0,0,-40,0,770,-134
171.756,0,0,-40,0,770,-134
171.772,0,0,-40,0,770,-134
171.788,0,0,-40,0,770,-134
171.805,0,0,-40,0,770,-134
171.821,0,0,-40,0,770,-134
171.836,0,0,-40,0,770,-134
171.852,0,0,-40,0,770,-134
171.870,0,0,-40,0,770,-134
171.884,0,0,-40,0,770,-134
171.901,0,0,-40,0,770,-134
171.917,0,0,-40,0,770,-134
171.933,0,0,-40,0,770,-134
171.948,0,0,-40,0,770,-134
171.953,0,0,-40,0,770,-134
171.980,0,0,-40,0,770,-134
171.996,0,0,-40,0,770,-134
172.012,0,0,-40,0,770,-134
172.028,0,0,-40,0,770,-134
172.044,0,0,-40,0,770,-134
172.060,0,0,-40,0,770,-134
172.065,0,0,-40,0,770,-134
172.092,0,0,-40,0,770,-134
172.097,0,0,-40,0,770,-134
172.108,0,0,-40,0,770,-134
172.124,0,0,-40,0,770,-134
172.129,0,0,-40,0,770,-134
172.140,0,0,-40,0,770,-134
172.156,0,0,-40,0,770,-134
172.161,0,0,-40,0,770,-134
172.173,0,0,-40,0,770,-134
172.187,0,0,-40,0,770,-134
172.203,0,0,-40,0,770,-134
172.219,0,0,-40,0,770,-134
172.238,0,0,-40,0,770,-134
172.251,0,0,-40,0,770,-134
172.266,0,0,-40,0,770,-134
172.277,0,0,-40,0,770,-134
172.300,0,0,-40,0,770,-134
172.315,0,0,-40,0,770,-134
172.331,0,0,-40,0,770,-134
172.347,0,0,-40,0,770,-134
172.363,0,0,-40,0,770,-134
172.375,0,0,-40,0,770,-134
172.395,0,0,-40,0,770,-134
172.410,0,0,-40,0,770,-134
172.426,0,0,-40,0,770,-134
172.442,0,0,-40,0,770,-134
172.458,0,0,-40,0,770,-134
172.474,0,0,-40,0,770,-134
172.489,0,0,-40,0,770,-134
172.495,0,0,-40,0,770,-134
172.521,0,0,-40,0,770,-134
172.526,0,0,-40,0,770,-134
172.537,0,0,-40,0,770,-134
172.553,0,0,-40,0,770,-134
172.559,0,0,-40,0,770,-134
172.569,0,0,-40,0,770,-134
172.585,0,0,-40,0,770,-134
172.601,0,0,-40,0,770,-134
172.617,0,0,-40,0,770,-134
172.623,0,0,-40,0,770,-134
172.633,0,0,-40,0,770,-134
172.649,0,0,-40,0,760,-134
172.662,0,0,-40,0,760,-134
172.681,0,0,-40,0,760,-134
172.691,0,0,-40,0,760,-134
172.696,0,0,-40,0,760,-134
172.712,0,0,-40,0,760,-134
172.729,0,0,-40,0,760,-134
172.740,0,0,-40,0,760,-134
172.759,0,0,-40,0,760,-134
172.776,0,0,-40,0,760,-134
172.792,0,0,-40,0,760,-134
172.808,0,0,-40,0,760,-134
172.814,0,0,-40,0,760,-134
172.827,0,0,-40,0,760,-134
172.847,0,0,-40,0,760,-134
172.856,0,0,-40,0,760,-134
172.871,0,0,-40,0,760,-134
172.888,0,0,-40,0,760,-134
172.903,0,0,-40,0,760,-134
172.919,0,0,-40,0,760,-134
172.925,0,0,-40,0,760,-134
172.936,0,0,-40,0,760,-134
172.951,0,0,-40,0,760,-134
172.956,0,0,-40,0,760,-134
172.967,0,0,-40,0,760,-134
172.983,0,0,-40,0,760,-134
172.992,0,0,-40,0,760,-134
173.001,0,0,-40,0,760,-134
173.030,0,0,-40,0,760,-134
173.046,0,0,-40,0,760,-134
173.062,0,0,-40,0,760,-134
173.074,0,0,-40,0,760,-134
173.084,0,0,-40,0,760,-134
173.094,0,0,-40,0,760,-134
173.110,0,0,-40,0,750,-134
173.121,0,0,-40,0,750,-134
173.142,0,0,-40,0,750,-134
173.158,0,0,-40,0,750,-134
173.174,0,0,-40,0,750,-134
173.179,0,0,-40,0,750,-134
173.205,0,0,-40,0,750,-134
173.217,0,0,-40,0,750,-134
173.237,0,0,-40,0,750,-134
173.253,0,0,-40,0,750,-134
173.271,0,0,-40,0,750,-134
173.285,0,0,-40,0,750,-134
173.290,0,0,-40,0,750,-134
173.316,0,0,-40,0,750,-134
173.325,0,0,-40,0,750,-134
173.348,0,0,-40,0,750,-134
173.358,0,0,-40,0,750,-134
173.365,0,0,-40,0,750,-134
173.379,0,0,-40,0,750,-134
173.386,0,0,-40,0,750,-134
173.395,0,0,-40,0,750,-134
173.411,0,0,-40,0,750,-134
173.417,0,0,-40,0,750,-134
173.427,0,0,-40,0,750,-134
173.443,0,0,-40,0,750,-134
173.459,0,0,-40,0,750,-134
173.475,0,0,-40,0,750,-134
173.480,0,0,-40,0,750,-134
173.491,0,0,-40,0,750,-134
173.507,0,0,-40,0,750,-134
173.515,0,0,-40,0,750,-134
173.539,0,0,-40,0,750,-134
173.544,0,0,-40,0,750,-134
173.555,0,0,-40,0,750,-134
173.571,0,0,-40,0,750,-134
173.587,0,0,-40,0,750,-134
173.592,0,0,-40,0,750,-134
173.619,0,0,-40,0,750,-134
173.626,0,0,-40,0,750,-134
173.651,0,0,-40,0,750,-134
173.667,0,0,-40,0,750,-134
173.683,0,0,-40,0,750,-134
173.699,0,0,-40,0,750,-134
173.707,0,0,-40,0,750,-134
173.716,0,0,-40,0,750,-134
173.731,0,0,-40,0,750,-134
173.746,0,0,-40,0,750,-134
173.762,0,0,-40,0,740,-134
173.778,0,0,-40,0,740,-134
173.783,0,0,-40,0,740,-134
173.794,0,0,-40,0,740,-134
173.811,0,0,-40,0,740,-134
173.816,0,0,-40,0,740,-134
173.828,0,0,-40,0,740,-134
173.842,0,0,-40,0,740,-134
173.847,0,0,-40,0,740,-134
173.858,0,0,-40,0,740,-134
173.874,0,0,-40,0,740,-134
173.890,0,0,-40,0,740,-134
173.901,0,0,0,0,740,-134
173.914,0,0,0,0,740,-134
173.922,0,0,0,0,740,-134
173.938,0,0,0,0,740,-134
173.954,0,0,0,0,740,-134
173.970,0,0,0,0,740,-134
173.986,0,0,0,0,740,-134
174.002,0,0,0,0,740,-134
174.018,0,0,0,0,740,-134
174.034,0,0,0,0,740,-134
174.050,0,0,0,0,740,-134
174.066,0,0,0,0,740,-134
174.082,0,0,0,0,740,-134
174.098,0,0,0,0,740,-134
174.113,0,0,0,0,740,-134
174.129,0,0,0,0,740,-134
174.135,0,0,0,0,740,-134
174.161,0,0,0,0,740,-134
174.177,0,0,0,0,740,-134
174.193,0,0,0,0,740,-134
174.209,0,0,0,0,740,-134
174.225,0,0,0,0,740,-134
174.241,0,0,0,0,740,-134
174.257,0,0,0,0,740,-134
174.273,0,0,0,0,740,-134
174.289,0,0,0,0,740,-134
174.305,0,0,0,0,740,-134
174.321,0,0,0,0,740,-134
174.337,0,0,0,0,740,-134
174.354,0,0,0,0,740,-134
174.370,0,0,0,0,740,-134
174.386,0,0,0,0,740,-134
174.402,0,0,0,0,740,-134
174.418,0,0,0,0,740,-134
174.450,0,0,0,0,740,-134
174.466,0,0,0,0,740,-134
174.482,0,0,0,0,740,-134
174.498,0,0,0,0,740,-134
174.514,0,0,0,0,740,-134
174.530,0,0,0,0,740,-134
174.545,0,0,0,0,740,-134
174.562,0,0,0,0,740,-134
174.578,0,0,0,0,740,-134
174.596,0,0,0,0,740,-134
174.610,0,0,0,0,740,-134
174.626,0,0,0,0,740,-134
174.642,0,-40,0,0,740,-134
174.653,0,-40,0,0,740,-134
174.674,0,-40,0,0,740,-134
174.690,0,-40,0,0,740,-134
174.706,0,-40,0,0,740,-134
174.722,0,-40,0,0,740,-134
174.738,0,-40,0,0,740,-134
174.754,0,-40,0,0,740,-134
174.762,0,-40,0,0,740,-134
174.778,0,-40,0,0,740,-134
174.795,0,-40,0,0,740,-134
174.811,0,-40,0,0,740,-134
174.820,0,-40,0,0,740,-134
174.839,0,-40,0,0,740,-134
174.860,0,-40,0,0,740,-134
174.876,0,-40,0,0,740,-134
174.892,0,-40,0,0,740,-134
174.908,0,-40,0,0,740,-134
174.923,0,-40,0,0,740,-134
174.939,0,-40,0,0,740,-134
174.955,0,-40,0,0,740,-134
174.971,0,-40,0,0,740,-134
174.987,0,-40,0,0,740,-134
175.003,0,-40,0,0,740,-134
175.019,0,-40,0,0,740,-134
175.035,0,-40,0,0,740,-134
175.046,0,-40,0,0,740,-134
175.067,0,-40,0,0,740,-134
175.083,0,-40,0,0,740,-134
175.099,0,-40,0,0,740,-134
175.115,0,-40,0,0,740,-134
175.132,0,-40,0,0,740,-134
175.147,0,-40,0,0,740,-134
175.152,0,-40,0,0,740,-134
175.165,0,-40,0,0,740,-134
175.170,0,-40,0,0,740,-134
175.182,0,-40,0,0,740,-134
175.195,0,-40,0,0,740,-134
175.211,0,-40,0,0,740,-134
175.221,0,-40,0,0,740,-134
175.243,0,-40,0,0,740,-134
175.249,0,-40,0,0,740,-134
175.259,0,-40,0,0,740,-134
175.275,0,-40,0,0,740,-134
175.286,0,-40,0,0,740,-134
175.307,0,-40,0,0,740,-134
175.313,0,-40,0,0,740,-134
175.323,0,-40,0,0,740,-134
175.339,0,-40,0,0,740,-134
175.346,0,-40,0,0,740,-134
175.357,0,-40,0,0,740,-134
175.371,0,-40,0,0,740,-134
175.383,0,-40,0,0,740,-134
175.403,0,-40,0,0,740,-134
175.412,0,-40,0,0,740,-134
175.430,0,-40,0,0,740,-134
175.445,0,-40,0,0,740,-134
175.460,0,-40,0,0,740,-134
175.471,0,-40,0,0,740,-134
175.477,0,-40,0,0,740,-134
175.492,0,-40,0,0,740,-134
175.508,0,-40,0,0,740,-134
175.514,0,-40,0,0,740,-134
175.524,0,-40,0,0,740,-134
175.541,0,-40,0,0,740,-134
175.546,0,-40,0,0,740,-134
175.557,0,-40,0,0,740,-134
175.572,0,-40,0,0,740,-134
175.579,0,-40,0,0,740,-134
175.588,0,-40,0,0,740,-134
175.604,0,-40,0,0,740,-134
175.619,0,-40,0,0,740,-134
175.634,0,-40,0,0,740,-134
175.645,0,-40,0,0,740,-134
175.650,0,-40,0,0,740,-134
175.660,0,-40,0,0,740,-134
175.675,0,-40,0,0,740,-134
175.691,0,-40,0,0,740,-134
175.708,0,-40,0,0,740,-134
175.713,0,-40,0,0,740,-134
175.723,0,-40,0,0,740,-134
175.739,0,-40,0,0,740,-134
175.745,0,-40,0,0,740,-134
175.755,0,-40,0,0,740,-134
175.771,0,-40,0,0,740,-134
175.776,0,-40,0,0,740,-134
175.787,0,-40,0,0,740,-134
175.795,0,-40,0,0,740,-134
175.812,0,-40,0,0,740,-134
175.827,0,-40,0,0,740,-134
175.843,0,-40,0,0,740,-134
175.859,0,-40,0,0,740,-134
175.875,0,-40,0,0,740,-134
175.891,0,-40,0,0,740,-134
175.907,0,-40,0,0,740,-134
175.924,0,-40,0,0,740,-134
175.940,0,-40,0,0,740,-134
175.956,0,-40,0,0,740,-134
175.979,0,-40,0,0,740,-134
175.995,0,-40,0,0,740,-134
176.008,0,-40,0,0,740,-134
176.027,0,-40,0,0,740,-134
176.043,0,-40,0,0,740,-134
176.059,0,-40,0,0,740,-134
176.074,0,-40,0,0,730,-134
176.090,0,-40,0,0,730,-134
176.106,0,-40,0,0,730,-134
176.117,0,0,0,0,730,-134
176.138,0,0,0,0,730,-134
176.154,0,0,0,0,730,-134
176.170,0,0,0,0,730,-134
176.177,0,0,0,0,730,-134
176.202,0,0,0,0,730,-134
176.218,0,0,0,0,730,-134
176.234,0,0,0,0,730,-134
176.250,0,0,0,0,730,-134
176.266,0,0,0,0,730,-134
176.282,0,0,0,0,730,-134
176.298,0,0,0,0,730,-134
176.314,0,0,0,0,730,-134
176.330,0,0,0,0,730,-134
176.346,0,0,0,0,730,-134
176.362,0,0,0,0,730,-134
176.377,0,0,0,0,730,-134
176.393,0,0,0,0,730,-134
176.409,0,0,0,0,730,-134
176.414,0,0,0,0,720,-134
176.441,0,0,0,0,720,-134
176.457,0,0,0,0,720,-134
176.473,0,0,0,0,720,-134
176.489,0,0,0,0,720,-134
176.505,0,0,0,0,720,-134
176.520,0,0,0,0,720,-134
176.537,0,0,0,0,720,-134
176.552,0,0,0,0,720,-134
176.568,0,0,0,0,720,-134
176.584,0,0,0,0,720,-134
176.600,0,0,0,0,720,-134
176.616,0,0,0,0,720,-134
176.632,0,0,0,0,720,-134
176.648,0,0,0,0,710,-134
176.664,0,0,0,0,710,-134
176.680,0,0,0,0,710,-134
176.696,0,0,0,0,710,-134
176.712,0,0,0,0,710,-134
176.728,0,0,0,0,710,-134
176.744,0,0,0,0,710,-134
176.760,0,0,0,0,700,-134
176.776,0,0,0,0,700,-134
176.792,0,0,0,0,700,-134
176.808,0,0,0,0,700,-134
176.815,0,0,0,0,700,-134
176.840,0,0,0,0,700,-134
176.856,0,0,0,0,700,-134
176.872,0,0,0,0,700,-135
176.887,0,0,0,0,700,-135
176.903,0,0,0,0,700,-135
176.920,0,0,0,0,700,-135
176.936,0,0,0,0,700,-135
176.947,0,0,0,0,700,-135
176.968,0,0,0,0,700,-135
176.984,0,0,0,0,700,-134
177.000,0,0,0,0,700,-134
177.015,0,0,0,0,700,-134
177.032,0,0,0,0,700,-134
177.047,0,0,0,0,700,-134
177.062,0,0,0,0,700,-134
177.078,0,0,0,0,700,-134
177.094,0,0,0,0,700,-134
177.110,0,0,0,0,700,-134
177.126,0,0,0,0,700,-134
177.141,0,0,0,0,700,-134
177.157,0,0,0,0,700,-134
177.174,0,0,0,0,700,-134
177.189,0,0,0,0,690,-134
177.205,0,0,0,0,690,-134
177.221,0,0,0,0,690,-134
177.237,0,0,0,0,690,-134
177.252,0,0,0,0,690,-134
177.269,0,0,0,0,690,-134
177.285,0,0,0,0,690,-134
177.300,0,0,0,0,700,-134
177.316,0,0,0,0,700,-134
177.332,0,0,0,0,700,-134
177.349,0,0,0,0,700,-134
177.365,0,0,0,0,700,-134
177.381,0,0,0,0,700,-134
177.397,0,0,0,0,700,-134
177.413,0,0,0,0,700,-134
177.428,0,0,0,0,700,-134
177.444,0,0,0,0,700,-134
177.462,0,0,0,0,700,-134
177.472,0,0,0,0,700,-134
177.492,0,0,0,0,700,-134
177.508,0,0,0,0,700,-134
177.524,0,0,0,0,700,-134
177.540,0,0,0,0,700,-134
177.556,0,0,0,0,700,-134
177.573,0,0,0,0,700,-134
177.589,0,0,0,0,700,-134
177.604,0,0,0,0,700,-134
177.621,0,0,0,0,700,-134
177.637,0,0,0,0,700,-134
177.653,0,0,0,0,700,-134
177.669,0,0,0,0,700,-134
177.685,0,0,0,0,700,-134
177.701,0,0,0,0,700,-134
177.717,0,0,0,0,700,-134
177.733,0,0,0,0,700,-134
177.744,0,0,0,0,700,-134
177.765,0,0,0,0,710,-134
177.776,0,0,0,0,710,-134
177.797,0,0,0,0,710,-134
177.813,0,0,0,0,710,-134
177.828,0,0,0,0,710,-134
177.844,0,0,0,0,710,-134
177.860,0,0,0,0,710,-134
177.876,0,0,0,0,710,-134
177.892,0,0,0,0,710,-134
177.908,0,0,0,0,710,-134
177.924,0,0,0,0,710,-134
177.940,0,0,0,0,710,-134
177.956,0,0,0,0,710,-134
177.972,0,0,0,0,710,-134
177.988,0,0,0,0,710,-134
178.004,0,0,0,0,710,-134
178.020,0,0,0,0,710,-134
178.036,0,0,0,0,710,-134
178.052,0,0,0,0,710,-134
178.068,0,0,0,0,710,-134
178.084,0,0,0,0,720,-134
178.100,0,0,0,0,720,-134
178.117,0,0,0,0,720,-134
178.133,0,0,0,0,720,-134
178.149,0,0,0,0,720,-134
178.165,0,0,0,0,720,-134
178.180,0,0,0,0,720,-134
178.196,0,0,0,0,720,-134
178.212,0,0,0,0,720,-134
178.228,0,0,0,0,720,-134
178.244,0,0,0,0,720,-134
178.260,0,0,0,0,720,-134
178.276,0,0,0,0,720,-134
178.292,0,0,0,0,720,-134
178.308,0,0,0,0,720,-134
178.324,0,0,0,0,720,-134
178.341,0,0,0,0,720,-134
178.355,0,0,0,0,720,-134
178.372,0,0,0,0,720,-134
178.387,0,0,0,0,720,-134
178.403,0,0,0,0,720,-134
178.419,0,0,0,0,720,-134
178.435,0,0,0,0,730,-134
178.451,0,0,0,0,730,-134
178.467,0,0,0,0,730,-134
178.483,0,0,0,0,730,-134
178.501,0,0,0,0,730,-134
178.516,0,0,0,0,730,-134
178.532,0,0,0,0,730,-134
178.548,0,0,0,0,730,-134
178.564,0,0,0,0,730,-134
178.580,0,0,0,0,730,-134
178.596,0,0,0,0,730,-134
178.612,0,0,0,0,730,-134
178.627,0,0,0,0,730,-134
178.644,0,0,0,0,730,-134
178.660,0,0,0,0,730,-134
178.676,0,0,0,0,730,-134
178.691,0,0,0,0,730,-134
178.707,0,0,0,0,730,-134
178.723,0,0,0,0,730,-134
178.741,0,0,0,0,730,-134
178.755,0,0,0,0,740,-134
178.771,0,0,0,0,740,-134
178.788,0,0,0,0,740,-134
178.804,0,0,0,0,740,-134
178.820,0,0,0,0,740,-134
178.836,0,0,0,0,740,-134
178.852,0,0,0,0,740,-134
178.867,0,0,0,0,740,-134
178.872,0,0,0,0,740,-134
178.900,0,0,0,0,740,-134
178.916,0,0,0,0,740,-134
178.931,0,0,0,0,740,-134
178.936,0,0,0,0,740,-134
178.963,0,0,0,0,740,-134
178.979,0,0,0,0,740,-134
178.995,0,0,0,0,740,-134
179.011,0,0,0,0,740,-134
179.027,0,0,0,0,740,-134
179.059,0,0,0,0,740,-134
179.075,0,0,0,0,740,-134
179.086,0,0,0,0,740,-134
179.107,0,0,0,0,740,-134
179.123,0,0,0,0,740,-134
179.139,0,0,0,0,740,-134
179.155,0,0,0,0,740,-134
179.171,0,0,0,0,740,-134
179.187,0,0,0,0,740,-134
179.198,0,0,0,0,740,-134
179.212,0,0,0,0,740,-134
179.227,0,0,0,0,740,-134
179.245,0,0,0,0,740,-134
179.259,0,0,0,0,740,-134
179.275,0,0,0,0,740,-134
179.291,0,0,0,0,740,-134
179.299,0,0,0,0,740,-134
179.312,0,0,0,0,740,-134
179.323,0,0,0,0,740,-134
179.340,0,0,0,0,740,-134
179.356,0,0,0,0,740,-134
179.381,0,0,0,0,740,-134
179.397,0,0,0,0,740,-134
179.413,0,0,0,0,740,-134
179.429,0,0,0,0,740,-134
179.445,0,0,0,0,740,-134
179.460,0,0,0,0,740,-134
179.476,0,0,0,0,740,-134
179.492,0,0,0,0,740,-134
179.509,0,0,0,0,740,-134
179.525,0,0,0,0,740,-134
179.541,0,0,0,0,740,-134
179.556,0,0,0,0,740,-134
179.568,0,0,0,0,740,-134
179.589,0,0,0,0,740,-134
179.605,0,0,0,0,740,-134
179.620,0,0,0,0,740,-134
179.636,0,0,0,0,740,-134
179.653,0,0,0,0,740,-134
179.668,0,0,0,0,740,-134
179.684,0,0,0,0,740,-134
179.701,0,0,0,0,740,-134
179.713,0,0,0,0,740,-134
179.728,0,0,0,0,740,-134
179.743,0,0,0,0,740,-134
179.759,0,0,0,0,740,-134
179.766,0,0,0,0,740,-134
179.792,0,0,0,0,740,-134
179.807,0,0,0,0,740,-134
179.818,0,0,0,0,740,-134
179.839,0,0,0,0,740,-134
179.855,0,0,0,0,740,-134
179.871,0,0,0,0,740,-134
179.887,0,0,0,0,740,-134
179.896,0,0,0,0,740,-134
179.911,0,0,0,0,740,-134
179.928,0,0,0,0,740,-134
179.958,0,0,0,0,740,-134
179.974,0,0,0,0,740,-134
179.990,0,0,0,0,740,-134
180.001,0,0,0,0,740,-134
180.022,0,0,0,0,740,-134
180.038,0,0,0,0,740,-134
180.054,0,0,0,0,740,-134
180.070,0,0,0,0,740,-134
180.095,0,0,0,0,740,-134
180.110,0,0,0,0,740,-134
180.126,0,0,0,0,740,-134
180.142,0,0,0,0,740,-134
180.158,0,0,0,0,740,-134
180.174,0,0,0,0,740,-134
180.191,0,0,0,0,740,-134
180.206,0,0,0,0,740,-134
180.222,0,0,0,0,740,-134
180.238,0,0,0,0,740,-134
180.254,0,0,0,0,740,-134
180.262,0,0,0,0,740,-134
180.279,0,0,0,0,740,-134
180.309,0,0,0,0,740,-134
180.325,0,0,0,0,740,-134
180.341,0,0,0,0,740,-134
180.357,0,0,0,0,740,-134
180.373,0,0,0,0,740,-134
180.389,0,0,0,0,740,-134
180.405,0,0,0,0,740,-134
180.421,0,0,0,0,740,-134
180.437,0,0,0,0,740,-134
180.445,0,0,0,0,740,-134
180.461,0,0,0,0,740,-134
180.477,0,0,0,0,740,-134
180.492,0,0,0,0,740,-134
180.508,0,0,0,0,740,-134
180.525,0,0,0,0,740,-134
180.542,0,0,0,0,740,-134
180.557,0,0,0,0,740,-134
180.576,0,0,0,0,740,-134
180.606,0,0,0,0,750,-134
180.621,0,0,0,0,750,-134
180.638,0,0,0,0,750,-134
180.642,0,0,0,0,750,-134
180.670,0,0,0,0,750,-134
180.681,0,0,0,0,750,-134
180.701,0,0,0,0,750,-134
180.705,0,0,0,0,750,-134
180.733,0,0,0,0,750,-134
180.748,0,0,0,0,750,-134
180.764,0,0,0,0,750,-134
180.781,0,0,0,0,750,-134
180.796,0,0,0,0,750,-134
180.812,0,0,0,0,750,-134
180.828,0,0,0,0,750,-134
180.844,0,0,0,0,750,-134
180.860,0,0,0,0,750,-134
180.876,0,0,0,0,750,-134
180.892,0,0,0,0,750,-134
180.908,0,0,0,0,750,-134
180.923,0,0,0,0,750,-134
180.940,0,0,0,0,750,-134
180.956,0,0,0,0,750,-134
180.972,0,0,0,0,750,-134
181.004,0,0,0,0,750,-134
181.020,0,0,0,0,750,-134
181.036,0,0,0,0,750,-134
181.052,0,0,0,0,750,-134
181.068,0,0,0,0,750,-134
181.085,0,0,0,0,750,-134
181.101,0,0,0,0,750,-134
181.116,0,0,0,0,750,-134
181.132,0,0,0,0,750,-134
181.148,0,0,0,0,750,-134
181.164,0,0,0,0,750,-134
181.180,0,0,0,0,750,-134
181.196,0,0,0,0,750,-134
181.212,0,0,0,0,750,-134
181.228,0,0,0,0,750,-134
181.244,0,0,0,0,750,-134
181.256,0,0,0,0,750,-134
181.276,0,0,0,0,750,-134
181.292,0,0,0,0,750,-134
181.308,0,0,0,0,750,-134
181.324,0,0,0,0,750,-134
181.340,0,0,0,0,750,-134
181.356,0,0,0,0,750,-134
181.372,0,0,0,0,750,-134
181.388,0,0,0,0,750,-134
181.404,0,0,0,0,750,-134
181.420,0,0,0,0,750,-134
181.437,0,0,0,0,750,-134
181.452,0,0,0,0,750,-134
181.469,0,0,0,0,750,-134
181.485,0,0,0,0,750,-134
181.500,0,0,0,0,750,-134
181.517,0,0,0,0,750,-134
181.532,0,0,0,0,750,-134
181.549,0,0,0,0,750,-134
181.564,0,0,0,0,750,-134
181.580,0,0,0,0,750,-134
181.596,0,0,0,0,750,-134
181.608,0,0,0,0,750,-134
181.628,0,0,0,0,750,-134
181.644,0,0,0,0,750,-134
181.660,0,0,0,0,750,-134
181.676,0,0,0,0,750,-134
181.692,0,0,0,0,750,-134
181.708,0,0,0,0,750,-134
181.724,0,0,0,0,750,-134
181.741,0,0,0,0,750,-134
181.757,0,0,0,0,750,-134
181.773,0,0,0,0,750,-134
181.789,0,0,0,0,750,-134
181.805,0,0,0,0,750,-134
181.821,0,0,0,0,750,-134
181.838,0,0,0,0,750,-134
181.853,0,0,0,0,750,-134
181.866,0,0,0,0,750,-134
181.884,0,0,0,0,750,-134
181.900,0,0,0,0,750,-134
181.916,0,0,0,0,750,-134
181.932,0,0,0,0,750,-134
181.944,0,0,0,0,750,-134
181.964,0,0,0,0,750,-134
181.980,0,0,0,0,750,-134
181.995,0,0,0,0,750,-134
182.011,0,0,0,0,750,-134
182.043,0,0,0,0,750,-134
182.060,0,0,0,0,750,-134
182.076,0,0,0,0,750,-134
182.092,0,0,0,0,750,-134
182.108,0,0,0,0,750,-134
182.124,0,0,0,0,750,-134
182.140,0,0,0,0,750,-134
182.155,0,0,0,0,750,-134
182.171,0,0,0,0,750,-134
182.187,0,0,0,0,750,-134
182.203,0,0,0,0,750,-134
182.219,0,0,0,0,750,-134
182.235,0,0,0,0,750,-134
182.251,0,0,0,0,750,-134
182.267,0,0,0,0,750,-134
182.283,0,0,0,0,750,-134
182.299,0,0,0,0,750,-134
182.315,0,0,0,0,750,-134
182.330,0,0,0,0,750,-134
182.347,0,0,0,0,750,-134
182.362,0,0,0,0,750,-134
182.378,0,0,0,0,750,-134
182.394,0,0,0,0,750,-134
182.410,0,0,0,0,750,-134
182.426,0,0,0,0,750,-134
182.442,0,0,0,0,750,-134
182.458,0,0,0,0,750,-134
182.474,0,0,0,0,750,-134
182.490,0,0,0,0,750,-134
182.506,0,0,0,0,750,-134
182.521,0,0,0,0,750,-134
182.537,0,0,0,0,750,-134
182.554,0,0,0,0,750,-134
182.570,0,0,0,0,750,-134
182.586,0,0,0,0,750,-134
182.602,0,0,0,0,750,-134
182.618,0,0,0,0,750,-134
182.634,0,0,0,0,750,-134
182.650,0,0,0,0,750,-134
182.666,0,0,0,0,750,-134
182.682,0,0,0,0,750,-134
182.698,0,0,0,0,750,-134
182.714,0,0,0,0,750,-134
182.725,0,0,0,0,750,-134
182.746,0,0,0,0,750,-134
182.764,0,0,0,0,750,-134
182.778,0,0,0,0,750,-134
182.794,0,0,0,0,750,-134
182.810,0,0,0,0,750,-134
182.826,0,0,0,0,750,-134
182.844,0,0,0,0,750,-134
182.874,0,0,0,0,750,-134
182.890,0,0,0,0,750,-134
182.905,0,0,0,0,750,-134
182.922,0,0,0,0,750,-134
182.938,0,0,0,0,750,-134
182.954,0,0,0,0,750,-134
182.971,0,0,0,0,750,-134
182.986,0,0,0,0,750,-134
183.002,0,0,0,0,750,-134
183.018,0,0,0,0,750,-134
183.034,0,0,0,0,750,-134
183.066,0,0,0,0,750,-134
183.081,0,0,0,0,740,-134
183.097,0,0,0,0,740,-134
183.103,0,0,-40,0,740,-134
183.113,0,0,-40,0,740,-134
183.129,0,0,-40,0,740,-134
183.142,0,0,-40,0,740,-134
183.160,0,0,-40,0,740,-134
183.171,0,0,-40,0,740,-134
183.192,0,0,-40,0,740,-134
183.208,0,0,-40,0,740,-134
183.224,0,0,-40,0,740,-134
183.240,0,0,-40,0,740,-134
183.256,0,0,-40,0,740,-134
183.272,0,0,-40,0,740,-134
183.289,0,0,-40,0,740,-134
183.305,0,0,-40,0,740,-134
183.321,0,0,-40,0,740,-134
183.333,0,0,-40,0,740,-134
183.353,0,0,-40,0,740,-134
183.368,0,0,-40,0,740,-134
183.384,0,0,-40,0,740,-134
183.400,0,0,-40,0,740,-134
183.416,0,0,-40,0,740,-134
183.432,0,0,-40,0,740,-134
183.448,0,0,-40,0,740,-134
183.464,0,0,-40,0,740,-134
183.479,0,0,-40,0,740,-134
183.495,0,0,-40,0,740,-134
183.511,0,0,-40,0,740,-134
183.522,0,0,-40,0,740,-134
183.543,0,0,-40,0,740,-134
183.559,0,0,-40,0,740,-134
183.575,0,0,-40,0,740,-134
183.591,0,0,-40,0,740,-134
183.607,0,0,-40,0,740,-134
183.623,0,0,-40,0,740,-134
183.639,0,0,-40,0,740,-134
183.644,0,0,-40,0,740,-134
183.655,0,0,-40,0,740,-134
183.671,0,0,-40,0,740,-134
183.682,0,0,-40,0,740,-134
183.687,0,0,-40,0,740,-134
183.703,0,0,-40,0,740,-134
183.715,0,0,-40,0,740,-134
183.735,0,0,-40,0,740,-134
183.741,0,0,-40,0,740,-134
183.751,0,0,-40,0,740,-134
183.767,0,0,-40,0,740,-134
183.772,0,0,-40,0,740,-134
183.799,0,0,-40,0,740,-134
183.815,0,0,-40,0,740,-134
183.832,0,0,-40,0,740,-134
183.847,0,0,-40,0,740,-134
183.863,0,0,-40,0,740,-134
183.876,0,0,-40,0,740,-134
183.883,0,0,-40,0,740,-134
183.895,0,0,-40,0,740,-134
183.911,0,0,-40,0,740,-134
183.916,0,0,-40,0,740,-134
183.927,0,0,-40,0,740,-134
183.944,0,0,-40,0,740,-134
183.949,0,0,-40,0,740,-134
183.960,0,0,-40,0,730,-134
183.976,0,0,-40,0,730,-134
183.981,0,0,-40,0,730,-134
183.992,0,0,-40,0,730,-134
184.008,0,0,-40,0,730,-134
184.013,0,0,-40,0,730,-134
184.027,0,0,-40,0,730,-134
184.039,0,0,-40,0,730,-134
184.046,0,0,-40,0,730,-134
184.055,0,0,-40,0,730,-134
184.071,0,0,-40,0,730,-134
184.077,0,0,-40,0,730,-134
184.088,0,0,-40,0,730,-134
184.104,0,0,-40,0,730,-134
184.108,0,0,-40,0,730,-134
184.121,0,0,-40,0,730,-134
184.135,0,0,-40,0,730,-134
184.152,0,0,-40,0,730,-134
184.168,0,0,-40,0,730,-134
184.173,0,0,-40,0,730,-134
184.200,0,0,-40,0,730,-134
184.216,0,0,-40,0,730,-134
184.232,0,0,-40,0,730,-134
184.243,0,0,-40,0,730,-134
184.254,0,0,-40,0,730,-134
184.264,0,0,-40,0,730,-134
184.275,0,0,-40,0,730,-134
184.296,0,0,-40,0,730,-134
184.312,0,0,-40,0,730,-134
184.328,0,0,-40,0,730,-134
184.343,0,0,-40,0,730,-134
184.359,0,0,-40,0,730,-134
184.375,0,0,-40,0,730,-134
184.391,0,0,-40,0,730,-134
184.407,0,0,-40,0,730,-134
184.422,0,0,-40,0,730,-134
184.428,0,0,-40,0,730,-134
184.454,0,0,-40,0,730,-134
184.470,0,0,-40,0,730,-134
184.476,0,0,-40,0,730,-134
184.502,0,0,-40,0,730,-134
184.518,0,0,-40,0,720,-134
184.534,0,0,-40,0,720,-134
184.539,0,0,-40,0,720,-134
184.550,0,0,-40,0,720,-134
184.581,0,0,-40,0,720,-134
184.586,0,0,-40,0,720,-134
184.614,0,0,-40,0,720,-134
184.629,0,0,-40,0,720,-134
184.646,0,0,-40,0,720,-134
184.662,0,0,-40,0,720,-134
184.671,0,0,-40,0,720,-134
184.694,0,0,-40,0,720,-134
184.710,0,0,-40,0,720,-134
184.726,0,0,-40,0,720,-134
184.736,0,0,-40,0,720,-134
184.750,0,0,-40,0,720,-134
184.758,0,0,-40,0,720,-134
184.774,0,0,-40,0,720,-134
184.786,0,0,-40,0,720,-134
184.805,0,0,-40,0,720,-134
184.821,0,0,-40,0,720,-134
184.838,0,0,-40,0,720,-134
184.854,0,0,-40,0,720,-134
184.870,0,0,-40,0,720,-134
184.881,0,0,-40,0,720,-134
184.901,0,0,-40,0,720,-134
184.917,0,0,-40,0,720,-134
184.933,0,0,-40,0,720,-134
184.945,0,0,-40,0,720,-134
184.964,0,0,-40,0,720,-134
184.980,0,0,-40,0,720,-134
184.996,0,0,-40,0,720,-134
185.002,0,0,-40,0,720,-134
185.012,0,0,-40,0,720,-134
185.028,0,0,-40,0,720,-134
185.034,0,0,-40,0,720,-134
185.045,0,0,-40,0,720,-134
185.061,0,0,-40,0,720,-134
185.065,0,0,-40,0,720,-134
185.080,0,0,-40,0,720,-135
185.107,0,0,-40,0,720,-135
185.119,0,0,-40,0,720,-135
185.140,0,0,-40,0,720,-135
185.156,0,0,-40,0,720,-135
185.164,0,0,-40,0,720,-135
185.180,0,0,-40,0,720,-135
185.188,0,0,-40,0,720,-135
185.204,0,0,-40,0,720,-135
185.220,0,0,-40,0,720,-135
185.236,0,0,-40,0,720,-135
185.245,0,0,-40,0,720,-135
185.268,0,0,-40,0,720,-135
185.284,0,0,-40,0,720,-135
185.300,0,0,-40,0,710,-134
185.316,0,0,-40,0,710,-134
185.331,0,0,-40,0,710,-134
185.337,0,0,-40,0,710,-134
185.347,0,0,-40,0,710,-134
185.364,0,0,-40,0,710,-134
185.369,0,0,-40,0,710,-134
185.395,0,0,-40,0,710,-134
185.400,0,0,-40,0,710,-134
185.427,0,0,-40,0,710,-134
185.432,0,0,-40,0,710,-134
185.443,0,0,-40,0,710,-134
185.459,0,0,-40,0,710,-134
185.466,0,0,-40,0,710,-134
185.476,0,0,-40,0,710,-134
185.492,0,0,-40,0,710,-134
185.497,0,0,-40,0,710,-134
185.512,0,0,-40,0,710,-134
185.524,0,0,-40,0,710,-134
185.540,0,0,-40,0,710,-134
185.546,0,0,-40,0,710,-134
185.572,0,0,-40,0,710,-134
185.588,0,0,-40,0,710,-134
185.595,0,0,-40,0,710,-134
185.609,0,0,-40,0,710,-134
185.621,0,0,-40,0,710,-134
185.636,0,0,-40,0,710,-134
185.652,0,0,-40,0,710,-134
185.668,0,0,-40,0,710,-134
185.684,0,0,-40,0,710,-134
185.700,0,0,-40,0,710,-134
185.716,0,0,-40,0,710,-134
185.733,0,0,-40,0,710,-134
185.749,0,0,-40,0,700,-134
185.765,0,0,-40,0,700,-134
185.782,0,0,-40,0,700,-134
185.797,0,0,-40,0,700,-134
185.812,0,0,-40,0,700,-134
185.828,0,0,-40,0,700,-134
185.844,0,0,-40,0,700,-134
185.860,0,0,-40,0,700,-134
185.876,0,0,-40,0,700,-134
185.892,0,0,-40,0,700,-134
185.908,0,0,-40,0,700,-134
185.919,0,0,-40,0,700,-134
185.940,0,0,-40,0,700,-134
185.956,0,0,-40,0,700,-134
185.964,0,0,-40,0,700,-134
185.972,0,0,-40,0,700,-134
185.988,0,0,-40,0,700,-134
185.995,0,0,-40,0,700,-134
186.004,0,0,-40,0,700,-134
186.021,0,0,-40,0,700,-134
186.036,0,0,-40,0,700,-134
186.046,0,0,-40,0,700,-134
186.068,0,0,-40,0,700,-134
186.079,0,0,-40,0,700,-134
186.100,0,0,-40,0,700,-134
186.112,0,0,-40,0,700,-134
186.132,0,0,-40,0,700,-134
186.149,0,0,-40,0,700,-134
186.165,0,0,-40,0,700,-134
186.171,0,0,-40,0,700,-134
186.197,0,0,-40,0,690,-134
186.212,0,0,-40,0,690,-134
186.225,0,0,-40,0,690,-134
186.244,0,0,-40,0,690,-134
186.260,0,0,-40,0,690,-134
186.276,0,0,-40,0,690,-134
186.292,0,0,-40,0,690,-134
186.308,0,0,-40,0,690,-134
186.321,0,0,-40,0,690,-134
186.326,0,0,-40,0,690,-134
186.340,0,0,-40,0,690,-134
186.353,0,0,-40,0,690,-134
186.358,0,0,-40,0,690,-134
186.372,0,0,-40,0,690,-134
186.390,0,0,-40,0,690,-134
186.406,0,0,-40,0,690,-134
186.420,0,0,-40,0,690,-134
186.425,0,0,-40,0,690,-134
186.436,0,0,-40,0,690,-134
186.452,0,0,-40,0,690,-134
186.457,0,0,-40,0,690,-134
186.468,0,0,-40,0,690,-134
186.481,0,0,-40,0,690,-134
186.500,0,0,-40,0,690,-134
186.513,0,0,-40,0,690,-134
186.531,0,0,-40,0,680,-134
186.544,0,0,-40,0,680,-134
186.563,0,0,-40,0,680,-134
186.579,0,0,-40,0,680,-134
186.596,0,0,-40,0,680,-134
186.611,0,0,-40,0,680,-134
186.627,0,0,-40,0,680,-134
186.643,0,0,-40,0,680,-134
186.659,0,0,-40,0,680,-134
186.673,0,0,-40,0,680,-134
186.686,0,0,-40,0,680,-134
186.707,0,0,-40,0,680,-134
186.723,0,0,-40,0,680,-134
186.739,0,0,-40,0,680,-134
186.753,0,0,-40,0,680,-134
186.772,0,0,-40,0,680,-134
186.788,0,0,-40,0,680,-134
186.803,0,0,-40,0,680,-134
186.817,0,0,-40,0,680,-134
186.829,0,0,-40,0,680,-134
186.852,0,0,-40,0,680,-134
186.868,0,0,-40,0,670,-134
186.883,0,0,-40,0,670,-134
186.900,0,0,-40,0,670,-134
186.916,0,0,-40,0,670,-134
186.921,0,0,-40,0,670,-134
186.932,0,0,-40,0,670,-134
186.948,0,0,-40,0,670,-134
186.954,0,0,-40,0,670,-134
186.963,0,0,-40,0,670,-134
186.979,0,0,-40,0,670,-134
186.985,0,0,-40,0,670,-134
186.995,0,0,-40,0,670,-134
187.000,0,0,-40,0,670,-134
187.019,0,0,-40,0,670,-134
187.027,0,0,-40,0,670,-134
187.043,0,0,-40,0,670,-134
187.048,0,0,-40,0,670,-134
187.075,0,0,-40,0,670,-134
187.080,0,0,-40,0,670,-134
187.107,0,0,-40,0,670,-134
187.123,0,0,-40,0,670,-134
187.137,0,0,-40,0,670,-134
187.148,0,0,-40,0,670,-134
187.154,0,0,-40,0,670,-134
187.170,0,0,-40,0,670,-134
187.186,0,0,-40,0,670,-134
187.198,0,0,-40,0,670,-134
187.218,0,0,-40,0,670,-134
187.234,0,0,-40,0,670,-134
187.246,0,0,-40,0,670,-134
187.266,0,0,-40,0,670,-134
187.282,0,0,-40,0,670,-134
187.298,0,0,-40,0,670,-134
187.315,0,0,-40,0,670,-134
187.328,0,0,-40,0,670,-134
187.346,0,0,-40,0,670,-134
187.362,0,0,-40,0,670,-134
187.379,0,0,-40,0,670,-134
187.384,0,0,-40,0,670,-134
187.411,0,0,-40,0,670,-134
187.417,0,0,-40,0,670,-134
187.443,0,0,-40,0,670,-134
187.448,0,0,-40,0,670,-134
187.459,0,0,-40,0,670,-134
187.475,0,0,-40,0,670,-134
187.480,0,0,-40,0,670,-134
187.491,0,0,-40,0,670,-134
187.507,0,0,-40,0,670,-134
187.512,0,0,-40,0,670,-134
187.540,0,0,-40,0,670,-134
187.550,0,0,-40,0,670,-134
187.570,0,0,-40,0,670,-134
187.587,0,0,-40,0,670,-134
187.602,0,0,-40,0,670,-134
187.618,0,0,-40,0,670,-134
187.624,0,0,-40,0,670,-134
187.636,0,0,-40,0,670,-134
187.665,0,0,-40,0,660,-134
187.676,0,0,-40,0,660,-134
187.698,0,0,-40,0,660,-134
187.707,0,0,-40,0,660,-134
187.728,0,0,-40,0,660,-134
187.744,0,0,-40,0,660,-134
187.754,0,0,-40,0,660,-134
187.776,0,0,-40,0,660,-134
187.782,0,0,-40,0,660,-134
187.792,0,0,-40,0,660,-134
187.809,0,0,-40,0,660,-134
187.819,0,0,-40,0,660,-134
187.840,0,0,-40,0,660,-134
187.846,0,0,-40,0,660,-134
187.856,0,0,-40,0,660,-134
187.873,0,0,-40,0,660,-134
187.885,0,0,-40,0,660,-134
187.890,0,0,-40,0,660,-134
187.910,0,0,-40,0,660,-134
187.920,0,0,-40,0,660,-134
187.936,0,0,-40,0,660,-134
187.941,0,0,-40,0,660,-134
187.951,0,0,-40,0,660,-134
187.967,0,0,-40,0,660,-134
187.972,0,0,-40,0,660,-134
187.999,0,0,-40,0,660,-134
188.015,0,0,-40,0,660,-134
188.027,0,0,-40,0,660,-134
188.047,0,0,-40,0,660,-134
188.062,0,0,-40,0,660,-134
188.068,0,0,-40,0,660,-134
188.095,0,0,-40,0,660,-134
188.111,0,0,-40,0,650,-134
188.127,0,0,-40,0,650,-134
188.143,0,0,-40,0,650,-134
188.159,0,0,-40,0,650,-134
188.171,0,0,-40,0,650,-134
188.183,0,0,-40,0,650,-134
188.191,0,0,-40,0,650,-134
188.207,0,0,-40,0,650,-134
188.219,0,0,-40,0,650,-134
188.240,0,0,-40,0,650,-134
188.256,0,0,-40,0,650,-134
188.272,0,0,-40,0,650,-134
188.288,0,0,-40,0,650,-134
188.304,0,0,-40,0,650,-134
188.309,0,0,-40,0,650,-134
188.320,0,0,-40,0,650,-134
188.336,0,0,-40,0,640,-134
188.340,0,0,-40,0,640,-134
188.367,0,0,-40,0,640,-134
188.378,0,0,-40,0,640,-134
188.399,0,0,-40,0,640,-134
188.404,0,0,-40,0,640,-134
188.415,0,0,-40,0,640,-134
188.432,0,0,0,0,640,-134
188.449,0,0,0,0,640,-134
188.467,0,0,0,0,640,-134
188.479,0,0,0,0,640,-134
188.495,0,0,0,0,640,-134
188.511,0,0,0,0,640,-134
188.527,0,0,0,0,640,-134
188.543,0,0,0,0,640,-134
188.559,0,0,0,0,640,-134
188.575,0,0,0,0,640,-134
188.591,0,0,0,0,640,-134
188.606,0,0,0,0,640,-134
188.623,0,0,0,0,640,-134
188.639,0,0,0,0,640,-134
188.652,0,0,0,0,640,-134
188.671,0,0,0,0,630,-134
188.687,0,0,0,0,630,-134
188.703,0,0,0,0,630,-134
188.718,0,0,0,0,630,-134
188.735,0,0,0,0,630,-134
188.751,0,0,0,0,630,-134
188.767,0,0,0,0,630,-134
188.783,0,0,0,0,630,-134
188.799,0,0,0,0,630,-134
188.815,0,0,0,0,630,-134
188.831,0,0,0,0,630,-134
188.847,0,0,0,0,630,-134
188.863,0,0,0,0,630,-134
188.894,0,0,0,0,630,-134
188.912,0,0,0,0,630,-134
188.923,0,0,0,0,630,-134
188.942,0,0,0,0,630,-134
188.954,0,0,0,0,630,-134
188.975,0,0,0,0,630,-134
188.991,0,0,0,0,620,-134
189.003,0,0,0,0,620,-134
189.023,0,0,0,0,620,-134
189.039,0,0,0,0,620,-134
189.054,0,0,0,0,620,-134
189.070,0,0,0,0,620,-134
189.086,0,0,0,0,620,-134
189.102,0,0,0,0,620,-134
189.120,0,0,0,0,620,-134
189.133,0,0,0,0,620,-134
189.149,0,0,0,0,620,-134
189.165,0,0,0,0,620,-134
189.181,0,0,0,0,620,-134
189.197,0,0,0,0,620,-134
189.202,40,0,0,0,620,-134
189.213,40,0,0,0,620,-134
189.229,40,0,0,0,620,-134
189.245,40,0,0,0,620,-134
189.261,40,0,0,0,620,-134
189.277,40,0,0,0,620,-134
189.293,40,0,0,0,620,-134
189.309,40,0,0,0,620,-134
189.325,40,0,0,0,620,-134
189.341,40,0,0,0,620,-134
189.357,40,0,0,0,620,-134
189.373,40,0,0,0,620,-134
189.389,40,0,0,0,620,-134
189.395,40,0,0,0,620,-134
189.425,40,0,0,0,620,-134
189.436,40,0,0,0,620,-134
189.452,40,0,0,0,620,-134
189.468,40,0,0,0,620,-134
189.484,40,0,0,0,620,-134
189.500,40,0,0,0,620,-134
189.516,40,0,0,0,620,-134
189.532,40,0,0,0,620,-134
189.548,40,0,0,0,620,-134
189.564,40,0,0,0,610,-134
189.580,40,0,0,0,610,-134
189.596,40,0,0,0,610,-134
189.611,40,0,0,0,610,-134
189.627,40,0,0,0,610,-134
189.644,40,0,0,0,610,-134
189.660,40,0,0,0,610,-134
189.670,40,0,0,0,610,-134
189.692,40,0,0,0,610,-134
189.708,40,0,0,0,610,-134
189.713,40,0,0,0,610,-134
189.724,40,0,0,0,610,-134
189.740,40,0,0,0,610,-134
189.747,40,0,0,0,610,-134
189.772,40,0,0,0,610,-134
189.787,40,0,0,0,610,-134
189.803,40,0,0,0,610,-134
189.814,0,0,0,0,610,-134
189.835,0,0,0,0,610,-134
189.852,0,0,0,0,610,-134
189.867,0,0,0,0,610,-134
189.883,0,0,0,0,610,-134
189.895,0,0,0,0,600,-134
189.915,0,0,0,0,600,-134
189.931,0,0,0,0,600,-134
189.947,-40,0,0,0,600,-134
189.963,-40,0,0,0,600,-134
189.979,-40,0,0,0,600,-134
189.995,-40,0,0,0,600,-134
190.011,-40,0,0,0,600,-134
190.027,-40,0,0,0,600,-134
190.043,-40,0,0,0,600,-134
190.059,-40,0,0,0,600,-134
190.075,-40,0,0,0,600,-134
190.091,-40,0,0,0,600,-134
190.107,-40,0,0,0,600,-134
190.123,-40,0,0,0,600,-134
190.128,-40,0,0,0,600,-134
190.146,-40,0,0,0,600,-134
190.155,-40,0,0,0,600,-134
190.171,-40,0,0,0,600,-134
190.187,-40,0,0,0,600,-134
190.203,-40,0,0,0,600,-134
190.219,-40,0,0,0,600,-134
190.235,-40,0,0,0,600,-134
190.251,-40,0,0,0,600,-134
190.269,-40,0,0,0,600,-134
190.299,-40,0,0,0,600,-134
190.314,-40,0,0,0,600,-134
190.331,-40,0,0,0,600,-134
190.347,-40,0,0,0,600,-134
190.363,-40,0,0,0,600,-134
190.379,-40,0,0,0,600,-134
190.395,-40,0,0,0,600,-134
190.411,-40,0,0,0,600,-134
190.426,-40,0,0,0,600,-134
190.442,-40,0,0,0,600,-134
190.459,-40,0,0,0,610,-134
190.474,-40,0,0,0,610,-134
190.490,-40,0,0,0,610,-134
190.495,-40,0,0,0,610,-134
190.506,-40,0,0,0,610,-134
190.522,-40,0,0,0,610,-134
190.534,-40,0,0,0,610,-134
190.538,-40,0,0,0,610,-134
190.554,-40,0,0,0,610,-134
190.560,-40,0,0,0,610,-134
190.571,-40,0,0,0,610,-134
190.587,-40,0,0,0,610,-134
190.592,-40,0,0,0,610,-134
190.603,-40,0,0,0,610,-134
190.619,-40,0,0,0,610,-134
190.628,-40,0,0,0,610,-134
190.642,-40,0,0,0,610,-134
190.651,-40,0,0,0,610,-134
190.668,-40,0,0,0,620,-134
190.684,-40,0,0,0,620,-134
190.689,-40,0,0,0,620,-134
190.700,-40,0,0,0,620,-134
190.716,-40,0,0,0,620,-134
190.722,-40,0,0,0,620,-134
190.732,-40,0,0,0,620,-134
190.748,-40,0,0,0,620,-134
190.754,-40,0,0,0,620,-134
190.768,-40,0,0,0,620,-134
190.795,-40,0,0,0,620,-134
190.811,-40,0,0,0,620,-134
190.827,-40,0,0,0,620,-134
190.843,-40,0,0,0,620,-134
190.860,-40,0,0,0,620,-134
190.874,-40,0,0,0,620,-134
190.890,-40,0,0,0,630,-134
190.906,-40,0,0,0,630,-134
190.922,-40,0,0,0,630,-134
190.938,-40,0,0,0,630,-134
190.953,-40,0,0,0,630,-134
190.969,-40,0,0,0,630,-134
190.985,-40,0,0,0,630,-134
190.990,-40,0,0,0,630,-134
191.001,-40,0,0,0,630,-134
191.017,-40,0,0,0,630,-134
191.021,-40,0,0,0,630,-134
191.033,-40,0,0,0,630,-134
191.049,-40,0,0,0,630,-134
191.054,-40,0,0,0,630,-134
191.064,-40,0,0,0,630,-134
191.080,-40,0,0,0,630,-134
191.086,-40,0,0,0,630,-134
191.097,-40,0,0,0,630,-134
191.113,-40,0,0,0,630,-134
191.129,-40,0,0,0,630,-134
191.145,-40,0,0,0,630,-134
191.150,-40,0,0,0,630,-134
191.161,-40,0,0,0,630,-134
191.176,-40,0,0,0,630,-134
191.192,-40,0,0,0,630,-134
191.204,-40,0,0,0,630,-134
191.224,-40,0,0,0,630,-134
191.240,-40,0,0,0,630,-134
191.245,-40,0,0,0,630,-134
191.271,-40,0,0,0,630,-134
191.283,-40,0,0,0,630,-134
191.303,-40,0,0,0,630,-134
191.319,-40,0,0,0,630,-134
191.335,-40,0,0,0,630,-134
191.346,-40,0,0,0,630,-134
191.351,-40,0,0,0,630,-134
191.367,-40,0,0,0,630,-134
191.383,-40,0,0,0,630,-134
191.388,-40,0,0,0,630,-134
191.414,-40,0,0,0,630,-134
191.420,-40,0,0,0,630,-134
191.446,-40,0,0,0,630,-134
191.451,-40,0,0,0,630,-134
191.461,-40,0,0,0,630,-134
191.477,-40,0,0,0,630,-134
191.493,-40,0,0,0,630,-134
191.507,-40,0,0,0,630,-134
191.512,-40,0,0,0,630,-134
191.523,-40,0,0,0,630,-134
191.542,-40,0,0,0,630,-134
191.546,-40,0,0,0,630,-134
191.573,-40,0,0,0,620,-134
191.582,-40,0,0,0,620,-134
191.604,-40,0,0,0,620,-134
191.620,-40,0,0,0,620,-134
191.632,-40,0,0,0,620,-134
191.653,-40,0,0,0,620,-134
191.664,-40,0,0,0,620,-134
191.686,-40,0,0,0,620,-134
191.690,-40,0,0,0,620,-134
191.717,-40,0,0,0,620,-134
191.733,-40,0,0,0,620,-134
191.749,-40,0,0,0,620,-134
191.765,-40,0,0,0,620,-134
191.781,-40,0,0,0,610,-134
191.797,-40,0,0,0,610,-134
191.803,-40,0,0,0,610,-134
191.829,-40,0,0,0,610,-134
191.845,-40,0,0,0,610,-134
191.850,-40,0,0,0,610,-134
191.862,-40,0,0,0,610,-134
191.877,-40,0,0,0,610,-134
191.893,-40,0,0,0,600,-134
191.909,-40,0,0,0,600,-134
191.915,-40,0,0,0,600,-134
191.925,-40,0,0,0,600,-134
191.941,-40,0,0,0,600,-134
191.946,-40,0,0,0,600,-134
191.957,-40,0,0,0,600,-134
191.973,-40,0,0,0,600,-134
191.979,-40,0,0,0,600,-134
191.991,-40,0,0,0,600,-134
192.005,-40,0,0,0,600,-134
192.010,-40,0,0,0,600,-134
192.021,-40,0,0,0,600,-134
192.034,-40,0,0,0,600,-134
192.043,-40,0,0,0,600,-134
192.053,-40,0,0,0,600,-134
192.069,-40,0,0,0,600,-134
192.080,-40,0,0,0,600,-134
192.101,-40,0,0,0,600,-134
192.117,-40,0,0,0,590,-134
192.135,-40,0,0,0,590,-134
192.146,-40,0,0,0,590,-134
192.165,-40,0,0,0,590,-134
192.175,-40,0,0,0,590,-134
192.197,-40,0,0,0,590,-134
192.213,-40,0,0,0,590,-134
192.229,-40,0,0,0,590,-134
192.245,-40,0,0,0,590,-134
192.262,-40,0,0,0,590,-134
192.280,-40,0,0,0,590,-134
192.293,-40,0,0,0,590,-134
192.309,-40,0,0,0,590,-134
192.320,-40,0,0,0,590,-134
192.341,-40,0,0,0,590,-134
192.356,-40,0,0,0,590,-134
192.372,-40,0,0,0,590,-134
192.377,-40,0,0,0,590,-134
192.404,-40,0,0,0,590,-134
192.409,-40,0,0,0,590,-134
192.420,-40,0,0,0,590,-134
192.435,-40,0,0,0,590,-134
192.440,-40,0,0,0,590,-134
192.451,-40,0,0,0,580,-134
192.467,-40,0,0,0,580,-134
192.476,-40,0,0,0,580,-134
192.499,-40,0,0,0,580,-134
192.503,-40,0,0,0,580,-134
192.514,-40,0,0,0,580,-134
192.530,-40,0,0,0,580,-134
192.546,-40,0,0,0,580,-134
192.559,-40,0,0,0,580,-134
192.578,-40,0,0,0,580,-134
192.594,-40,0,0,0,580,-134
192.610,-40,0,0,0,580,-134
192.627,-40,0,0,0,580,-134
192.643,-40,0,0,0,580,-134
192.658,-40,0,0,0,580,-134
192.674,-40,0,0,0,590,-134
192.690,-40,0,0,0,590,-134
192.706,-40,0,0,0,590,-134
192.722,-40,0,0,0,590,-134
192.738,-40,0,0,0,590,-134
192.754,-40,0,0,0,590,-134
192.770,-40,0,0,0,590,-134
192.780,-40,0,0,0,590,-134
192.801,-40,0,0,0,590,-134
192.806,-40,0,0,0,590,-134
192.833,-40,0,0,0,590,-134
192.838,-40,0,0,0,590,-134
192.849,-40,0,0,0,590,-134
192.865,-40,0,0,0,590,-134
192.877,-40,0,0,0,590,-134
192.899,-40,0,0,0,590,-134
192.906,-40,0,0,0,590,-134
192.914,-40,0,0,0,590,-134
192.920,-40,0,0,0,590,-134
192.945,-40,0,0,0,590,-134
192.950,-40,0,0,0,590,-134
192.977,-40,0,0,0,590,-134
192.993,-40,0,0,0,590,-134
193.009,-40,0,0,0,590,-134
193.025,-40,0,0,0,590,-134
193.041,-40,0,0,0,590,-134
193.057,-40,0,0,0,590,-134
193.073,-40,0,0,0,590,-134
193.085,-40,0,0,0,590,-134
193.105,-40,0,0,0,590,-134
193.121,-40,0,0,0,590,-134
193.137,-40,0,0,0,590,-134
193.148,-40,0,0,0,590,-134
193.169,-40,0,0,0,590,-134
193.185,-40,0,0,0,590,-134
193.201,-40,0,0,0,590,-134
193.206,-40,0,0,0,590,-134
193.216,-40,0,0,0,590,-134
193.232,-40,0,0,0,590,-134
193.238,-40,0,0,0,590,-134
193.248,-40,0,0,0,590,-134
193.264,-40,0,0,0,590,-134
193.269,-40,0,0,0,590,-134
193.280,-40,0,0,0,590,-134
193.296,-40,0,0,0,590,-134
193.305,-40,0,0,0,590,-134
193.327,-40,0,0,0,590,-134
193.336,-40,0,0,0,590,-134
193.359,-40,0,0,0,590,-134
193.365,-40,0,0,0,590,-134
193.381,-40,0,0,0,590,-134
193.391,-40,0,0,0,590,-134
193.407,-40,0,0,0,590,-134
193.420,-40,0,0,0,590,-134
193.440,-40,0,0,0,590,-134
193.456,-40,0,0,0,590,-134
193.471,-40,0,0,0,590,-134
193.487,-40,0,0,0,590,-134
193.503,-40,0,0,0,590,-134
193.520,-40,0,0,0,590,-134
193.536,-40,0,0,0,590,-134
193.552,-40,0,0,0,590,-134
193.558,-40,0,0,0,590,-134
193.584,-40,0,0,0,590,-134
193.596,-40,0,0,0,590,-134
193.616,-40,0,0,0,590,-134
193.633,-40,0,0,0,590,-134
193.643,-40,0,0,0,590,-134
193.664,-40,0,0,0,590,-134
193.681,-40,0,0,0,590,-134
193.695,-40,0,0,0,590,-134
193.706,-40,0,0,0,590,-134
193.711,-40,0,0,0,590,-134
193.726,-40,0,0,0,590,-134
193.732,-40,0,0,0,590,-134
193.742,-40,0,0,0,590,-134
193.758,-40,0,0,0,590,-134
193.765,-40,0,0,0,590,-134
193.774,-40,0,0,0,590,-134
193.790,-40,0,0,0,590,-134
193.796,-40,0,0,0,590,-134
193.806,-40,0,0,0,590,-134
193.822,-40,0,0,0,590,-134
193.835,-40,0,0,0,590,-134
193.854,-40,0,0,0,590,-134
193.870,-40,0,0,0,590,-134
193.886,-40,0,0,0,590,-134
193.899,-40,0,0,0,590,-134
193.907,-40,0,0,0,600,-134
193.933,-40,0,0,0,600,-134
193.949,-40,0,0,0,600,-134
193.965,-40,0,0,0,600,-134
193.981,-40,0,0,0,600,-134
193.991,-40,0,0,0,600,-134
193.997,-40,0,0,0,600,-134
194.010,-40,0,0,0,600,-134
194.028,-40,0,0,0,610,-134
194.041,-40,0,0,0,610,-134
194.061,-40,0,0,0,610,-134
194.078,-40,0,0,0,610,-134
194.093,-40,0,0,0,610,-134
194.107,-40,0,0,0,610,-134
194.120,-40,0,0,0,610,-134
194.125,-40,0,0,0,610,-134
194.140,-40,0,0,0,610,-134
194.156,-40,0,0,0,610,-134
194.162,-40,0,0,0,610,-134
194.172,-40,0,0,0,610,-134
194.188,-40,0,0,0,610,-134
194.200,-40,0,0,0,610,-134
194.212,-40,0,0,0,610,-134
194.221,-40,0,0,0,610,-134
194.226,-40,0,0,0,610,-134
194.236,-40,0,0,0,620,-134
194.252,-40,0,0,0,620,-134
194.268,-40,0,0,0,620,-134
194.281,-40,0,0,0,620,-134
194.300,-40,0,0,0,620,-134
194.311,-40,0,0,0,620,-134
194.332,-40,0,0,0,620,-134
194.347,-40,0,0,0,620,-134
194.352,-40,0,0,0,620,-134
194.378,-40,0,0,0,620,-134
194.390,-40,0,0,0,620,-134
194.411,-40,0,0,0,620,-134
194.427,-40,0,0,0,620,-134
194.443,-40,0,0,0,620,-134
194.449,-40,0,0,0,620,-134
194.474,-40,0,0,0,630,-134
194.486,-40,0,0,0,630,-134
194.491,-40,0,0,0,630,-134
194.507,-40,0,0,0,630,-134
194.523,-40,0,0,0,630,-134
194.539,-40,0,0,0,630,-134
194.555,-40,0,0,0,630,-134
194.571,-40,0,0,0,630,-134
194.587,-40,0,0,0,630,-134
194.603,-40,0,0,0,630,-134
194.619,-40,0,0,0,630,-134
194.623,-40,0,0,0,630,-134
194.635,-40,0,0,0,630,-134
194.650,-40,0,0,0,630,-134
194.655,-40,0,0,0,630,-134
194.666,-40,0,0,0,630,-134
194.684,-40,0,0,0,640,-134
194.688,-40,0,0,0,640,-134
194.698,-40,0,0,0,640,-134
194.715,-40,0,0,0,640,-134
194.719,-40,0,0,0,640,-134
194.746,-40,0,0,0,640,-134
194.762,-40,0,0,0,640,-134
194.778,-40,0,0,0,640,-134
194.794,-40,0,0,0,640,-134
194.810,-40,0,0,0,640,-134
194.826,-40,0,0,0,640,-134
194.842,-40,0,0,0,640,-134
194.850,-40,0,0,0,640,-134
194.859,-40,0,0,0,640,-134
194.875,-40,0,0,0,640,-134
194.891,-40,0,0,0,640,-134
194.910,-40,0,0,0,640,-134
194.922,-40,0,0,0,640,-134
194.926,-40,0,0,0,640,-134
194.938,-40,0,0,0,640,-134
194.954,-40,0,0,0,640,-134
194.969,-40,0,0,0,640,-134
194.985,-40,0,0,0,640,-134
195.001,-40,0,0,0,640,-134
195.017,-40,0,0,0,640,-134
195.022,-40,0,0,0,640,-134
195.049,-40,0,0,0,640,-134
195.055,-40,0,0,0,640,-134
195.065,-40,0,0,0,640,-134
195.081,-40,0,0,0,640,-134
195.086,-40,0,0,0,640,-134
195.113,-40,0,0,0,640,-134
195.125,-40,0,0,0,640,-134
195.130,-40,0,0,0,650,-134
195.145,-40,0,0,0,650,-134
195.160,-40,0,0,0,650,-134
195.176,-40,0,0,0,650,-134
195.182,-40,0,0,0,650,-134
195.192,-40,0,0,0,650,-134
195.208,-40,0,0,0,650,-134
195.214,-40,0,0,0,650,-134
195.240,-40,0,0,0,650,-134
195.245,-40,0,0,0,650,-134
195.272,-40,0,0,0,650,-134
195.288,-40,0,0,0,650,-134
195.304,-40,0,0,0,650,-134
195.320,-40,0,0,0,650,-134
195.336,-40,0,0,0,650,-134
195.349,-40,0,0,0,650,-134
195.363,-40,0,0,0,650,-134
195.372,-40,0,0,0,650,-134
195.383,-40,0,0,0,650,-134
195.399,-40,0,0,0,650,-134
195.405,-40,0,0,0,650,-134
195.418,-40,0,0,0,650,-134
195.447,-40,0,0,0,650,-134
195.463,-40,0,0,0,650,-134
195.478,-40,0,0,0,650,-134
195.496,-40,0,0,0,650,-134
195.526,-40,0,0,0,650,-134
195.538,-40,0,0,0,650,-134
195.544,-40,0,0,0,650,-134
195.557,-40,0,0,0,650,-134
195.573,-40,0,0,0,650,-134
195.584,-40,0,0,0,650,-134
195.589,-40,0,0,0,650,-134
195.605,-40,0,0,0,650,-134
195.610,-40,0,0,0,650,-134
195.637,-40,0,0,0,650,-134
195.649,-40,0,0,0,650,-134
195.654,-40,0,0,0,650,-134
195.668,-40,0,0,0,650,-134
195.675,-40,0,0,0,650,-134
195.685,-40,0,0,0,650,-134
195.700,-40,0,0,0,650,-134
195.715,-40,0,0,0,650,-134
195.731,-40,0,0,0,650,-134
195.736,-40,0,0,0,650,-134
195.751,-40,0,0,0,650,-134
195.762,-40,0,0,0,650,-134
195.777,-40,0,0,0,650,-134
195.789,-40,0,0,0,650,-134
195.809,-40,0,0,0,650,-134
195.814,-40,0,0,0,650,-134
195.825,-40,0,0,0,650,-134
195.857,-40,0,0,0,650,-134
195.873,-40,0,0,0,650,-134
195.878,-40,0,0,0,650,-134
195.894,-40,0,0,0,650,-134
195.904,-40,0,0,0,650,-134
195.909,-40,0,0,0,660,-134
195.919,-40,0,0,0,660,-134
195.935,-40,0,0,0,660,-134
195.951,-40,0,0,0,660,-134
195.967,-40,0,0,0,660,-134
195.972,-40,0,0,0,660,-134
195.985,-40,0,0,0,660,-134
195.999,-40,0,0,0,660,-134
196.015,-40,0,0,0,660,-134
196.027,-40,0,0,0,660,-134
196.046,-40,0,0,0,660,-134
196.062,-40,0,0,0,660,-134
196.078,-40,0,0,0,660,-134
196.095,-40,0,0,0,660,-134
196.111,-40,0,0,0,660,-134
196.126,-40,0,0,0,660,-134
196.142,-40,0,0,0,660,-134
196.158,-40,0,0,0,660,-134
196.174,-40,0,0,0,660,-134
196.194,-40,0,0,0,660,-134
196.209,-40,0,0,0,660,-134
196.221,-40,0,0,0,660,-134
196.237,-40,0,0,0,660,-134
196.247,-40,0,0,0,660,-134
196.254,-40,0,0,0,660,-134
196.268,-40,0,0,0,660,-134
196.274,-40,0,0,0,660,-134
196.288,-40,0,0,0,660,-134
196.300,-40,0,0,0,660,-134
196.316,-40,0,0,0,660,-134
196.332,-40,0,0,0,660,-134
196.344,-40,0,0,0,660,-134
196.363,-40,0,0,0,660,-134
196.379,-40,0,0,0,660,-134
196.395,-40,0,0,0,660,-134
196.410,-40,0,0,0,660,-134
196.421,-40,0,0,0,660,-134
196.443,-40,0,0,0,660,-134
196.458,-40,0,0,0,660,-134
196.474,-40,0,0,0,660,-134
196.479,-40,0,0,0,660,-134
196.506,-40,0,0,0,660,-134
196.512,-40,0,0,0,660,-134
196.538,-40,0,0,0,660,-134
196.553,-40,0,0,0,660,-134
196.569,-40,0,0,0,660,-134
196.585,0,0,0,0,660,-134
196.600,0,0,0,0,660,-134
196.617,0,0,0,0,660,-134
196.627,0,0,0,0,660,-134
196.648,0,0,0,0,660,-134
196.664,0,0,0,0,660,-134
196.679,0,0,0,0,660,-134
196.694,0,0,0,0,660,-134
196.711,0,0,0,0,660,-134
196.729,0,0,0,0,660,-134
196.743,0,40,0,0,660,-134
196.770,0,40,0,0,660,-134
196.795,0,40,0,0,660,-134
196.835,0,40,0,0,660,-134
196.870,0,40,0,0,660,-134
196.886,0,40,0,0,660,-134
196.923,0,40,0,0,660,-134
196.984,0,40,0,0,660,-134
197.030,0,40,0,0,650,-135
197.082,0,40,0,0,650,-135
197.137,0,40,0,0,650,-135
197.185,0,40,0,0,650,-135
197.236,0,40,0,0,650,-135
197.294,0,40,0,0,650,-135
197.356,0,40,0,0,650,-134
197.406,0,40,0,0,650,-134
197.456,0,40,0,0,650,-134
197.524,0,40,0,0,650,-134
197.576,0,40,0,0,650,-134
197.632,0,40,0,0,650,-134
197.687,0,40,0,0,650,-134
197.734,0,40,0,0,650,-134
197.782,0,40,0,0,650,-134
197.817,0,40,0,0,640,-134
197.861,0,40,0,0,640,-134
197.896,0,40,0,0,640,-134
197.933,0,40,0,0,640,-134
197.972,0,40,0,0,640,-134
198.006,0,40,0,0,640,-135
198.056,0,40,0,0,640,-135
198.087,0,40,0,0,640,-135
198.134,0,40,0,0,640,-135
198.164,0,40,0,0,640,-135
198.212,0,40,0,0,640,-135
198.245,0,40,0,0,640,-135
198.291,0,40,0,0,640,-135
198.333,0,40,0,0,640,-135
198.372,0,40,0,0,630,-135
198.472,0,40,0,0,630,-135
198.584,0,40,0,0,630,-134
198.698,0,40,0,0,630,-134
198.797,0,40,0,0,620,-134
198.926,0,40,0,0,620,-134
199.076,0,40,0,0,620,-134
199.183,0,40,0,0,620,-134
199.344,0,40,0,0,610,-134
199.477,0,40,0,0,610,-134
199.632,0,40,0,0,610,-134
199.779,0,40,0,0,610,-134
199.922,0,40,0,0,610,-134
200.082,0,40,0,0,620,-134
200.195,0,40,0,0,620,-134
200.372,0,40,0,0,620,-134
200.517,0,40,0,0,620,-134
200.694,0,40,0,0,620,-134
200.822,0,40,0,0,630,-134
200.935,0,40,0,0,630,-134
201.096,0,40,0,0,640,-134
201.208,0,40,0,0,650,-134
201.321,0,40,0,0,650,-134
201.498,0,40,0,0,650,-134
201.627,0,40,0,0,660,-134
201.725,0,40,0,0,660,-134
201.852,0,40,0,0,660,-134
201.948,0,40,0,0,660,-134
202.012,0,40,0,0,650,-134
202.062,0,40,0,0,650,-134
202.092,0,40,0,0,650,-134
202.123,0,40,0,0,650,-134
202.155,0,40,0,0,650,-134
202.190,0,40,0,0,640,-134
202.219,0,40,0,0,640,-134
202.251,0,40,0,0,640,-134
202.292,0,40,0,0,640,-134
202.337,0,40,0,0,640,-134
202.370,0,40,0,0,640,-134
202.396,0,40,0,0,640,-134
202.435,0,40,0,0,630,-134
202.475,0,40,0,0,630,-134
202.505,0,40,0,0,630,-134
202.545,0,40,0,0,630,-134
202.578,0,40,0,0,630,-134
202.616,0,40,0,0,630,-134
202.663,0,40,0,0,630,-134
202.697,0,40,0,0,630,-134
202.741,0,40,0,0,630,-134
202.783,0,40,0,0,630,-134
202.812,0,40,0,0,630,-134
202.868,0,40,0,0,630,-134
202.909,0,40,0,0,630,-134
202.956,0,40,0,0,630,-134
202.995,0,40,0,0,630,-134
203.027,0,40,0,0,630,-134
203.078,0,40,0,0,630,-134
203.122,0,40,0,0,630,-134
203.158,0,40,0,0,630,-134
203.205,0,40,0,0,630,-134
203.253,0,40,0,0,630,-134
203.291,0,40,0,0,630,-134
203.342,0,40,0,0,630,-134
203.386,0,0,0,0,630,-134
203.423,0,0,0,0,630,-134
203.475,0,0,0,0,630,-134
203.520,0,0,0,0,630,-134
203.566,0,0,0,0,630,-134
203.608,0,0,0,0,630,-134
203.655,0,0,0,0,640,-134
203.703,0,0,0,0,640,-134
203.749,0,0,0,0,640,-134
203.798,0,0,0,0,640,-134
203.851,0,0,0,0,640,-134
203.908,0,0,0,0,640,-134
203.953,0,0,0,0,640,-134
203.994,0,0,0,0,640,-134
204.057,0,0,0,0,640,-134
204.092,0,0,0,0,630,-134
204.142,0,0,0,0,630,-134
204.180,0,0,0,0,630,-134
204.226,0,0,0,0,630,-134
204.276,0,0,0,0,630,-134
204.324,0,0,0,0,620,-134
204.368,0,0,0,0,620,-134
204.417,0,40,0,0,620,-134
204.453,0,40,0,0,620,-134
204.508,0,40,0,0,620,-134
204.548,0,40,0,0,610,-134
204.596,0,40,0,0,610,-134
204.650,0,40,0,0,610,-134
204.695,0,40,0,0,610,-134
204.739,0,40,0,0,600,-134
204.793,0,40,0,0,600,-134
204.877,0,40,0,0,600,-134
204.944,0,40,0,0,600,-134
204.998,0,0,0,0,590,-134
205.062,0,0,0,0,590,-134
205.104,0,0,0,0,590,-134
205.143,0,0,0,0,590,-134
205.186,0,0,0,0,590,-134
205.213,0,0,0,0,590,-134
205.255,0,0,0,0,590,-134
205.286,0,0,0,0,590,-134
205.324,0,0,0,0,580,-134
205.365,0,0,0,0,580,-134
205.401,0,0,0,0,580,-134
205.422,0,0,0,0,580,-134
205.447,0,0,0,0,580,-134
205.479,0,0,0,0,580,-134
205.494,0,0,0,0,580,-134
205.526,0,40,0,0,580,-134
205.553,0,40,0,0,580,-134
205.576,0,40,0,0,580,-134
205.594,0,40,0,0,580,-134
205.622,0,40,0,0,580,-134
205.653,0,40,0,0,570,-134
205.681,0,40,0,0,570,-134
205.706,0,40,0,0,570,-134
205.732,0,40,0,0,570,-134
205.762,0,40,0,0,570,-134
205.790,0,40,0,0,570,-134
205.813,0,40,0,0,570,-134
205.832,0,40,0,0,570,-134
205.844,0,40,0,0,570,-134
205.878,0,40,0,0,570,-134
205.897,0,40,0,0,570,-134
205.933,0,40,0,0,570,-134
205.938,0,40,0,0,570,-134
205.972,0,40,0,0,570,-134
205.995,0,40,0,0,570,-134
206.018,0,40,0,0,570,-134
206.044,0,40,0,0,570,-134
206.066,0,40,0,0,570,-134
206.082,0,40,0,0,570,-134
206.098,0,40,0,0,570,-134
206.129,0,40,0,0,570,-134
206.153,0,40,0,0,570,-134
206.178,0,40,0,0,570,-134
206.201,0,40,0,0,570,-134
206.224,0,40,0,0,570,-134
206.242,0,40,0,0,570,-134
206.256,0,40,0,0,570,-134
206.288,0,40,0,0,570,-134
206.305,0,40,0,0,570,-134
206.330,0,40,0,0,570,-134
206.351,0,40,0,0,570,-134
206.372,0,40,0,0,570,-134
206.395,0,40,0,0,570,-134
206.414,0,40,0,0,570,-134
206.442,0,40,0,0,570,-134
206.462,0,40,0,0,570,-134
206.486,0,40,0,0,570,-134
206.509,0,40,0,0,570,-134
206.529,0,40,0,0,580,-134
206.556,0,40,0,0,580,-134
206.573,0,40,0,0,580,-134
206.602,0,40,0,0,580,-134
206.630,0,40,0,0,580,-134
206.654,0,40,0,0,580,-134
206.665,0,40,0,0,580,-134
206.697,0,40,0,0,580,-134
206.712,0,40,0,0,580,-134
206.744,0,40,0,0,580,-134
206.761,0,40,0,0,580,-134
206.781,0,40,0,0,580,-134
206.791,0,40,0,0,580,-134
206.807,0,40,0,0,580,-134
206.822,0,40,0,0,580,-134
206.831,0,40,0,0,580,-134
206.838,0,40,0,0,580,-134
206.854,0,40,0,0,580,-134
206.870,0,40,0,0,580,-134
206.889,0,40,0,0,580,-134
206.902,0,40,0,0,580,-134
206.918,0,40,0,0,580,-134
206.923,0,40,0,0,580,-134
206.939,0,40,0,0,580,-134
206.949,0,40,0,0,580,-134
206.965,0,40,0,0,580,-134
206.981,0,40,0,0,580,-134
206.988,0,40,0,0,580,-134
206.999,0,40,0,0,580,-134
207.016,0,40,0,0,580,-134
207.022,0,40,0,0,580,-134
207.044,0,40,0,0,580,-134
207.060,0,40,0,0,580,-134
207.075,0,40,0,0,580,-134
207.091,0,40,0,0,580,-134
207.115,0,0,0,0,580,-134
207.130,0,0,0,0,580,-134
207.152,0,0,0,0,580,-134
207.171,0,0,0,0,580,-134
207.187,0,0,0,0,580,-134
207.202,0,0,0,0,590,-134
207.220,0,0,0,0,590,-134
207.234,0,0,0,0,590,-134
207.250,0,0,0,0,590,-134
207.265,0,0,0,0,590,-134
207.286,0,0,0,0,590,-134
207.304,0,0,0,0,590,-134
207.322,0,0,0,0,590,-134
207.329,0,0,0,0,590,-134
207.345,0,0,0,0,590,-134
207.357,0,0,0,0,590,-134
207.370,0,0,0,0,590,-134
207.386,0,0,0,0,590,-134
207.402,0,0,0,0,600,-134
207.427,0,0,0,0,600,-134
207.446,0,0,0,0,600,-134
207.460,0,0,0,0,600,-134
207.485,0,0,0,0,600,-134
207.497,0,0,0,0,600,-134
207.516,0,0,0,0,600,-134
207.538,0,0,0,0,600,-134
207.550,0,0,0,0,600,-134
207.566,0,0,0,0,600,-134
207.576,0,0,0,0,600,-134
207.591,0,0,0,0,600,-134
207.608,0,0,0,0,600,-134
207.624,0,0,0,0,610,-134
207.633,0,0,0,0,610,-134
207.649,0,0,0,0,610,-134
207.657,0,0,0,0,610,-134
207.665,0,0,0,0,610,-134
207.685,0,0,0,0,610,-134
207.701,0,0,0,0,610,-134
207.722,0,0,0,0,610,-134
207.741,0,0,0,0,610,-134
207.759,0,0,0,0,610,-134
207.763,0,0,40,0,610,-134
207.775,0,0,40,0,610,-134
207.786,0,0,40,0,610,-134
207.802,0,0,40,0,610,-134
207.810,0,0,40,0,610,-134
207.826,0,0,40,0,610,-134
207.846,0,0,40,0,620,-134
207.858,0,0,40,0,620,-134
207.866,0,0,40,0,620,-134
207.885,0,0,40,0,620,-134
207.906,0,0,40,0,620,-134
207.922,0,0,40,0,620,-134
207.939,0,0,40,0,620,-134
207.963,0,0,40,0,620,-134
207.980,0,0,40,0,620,-134
207.998,0,0,40,0,620,-134
208.020,0,0,40,0,620,-134
208.036,0,0,40,0,620,-134
208.053,0,0,40,0,620,-134
208.070,0,0,40,0,620,-134
208.086,0,0,40,0,620,-134
208.102,0,0,40,0,620,-134
208.120,0,0,40,0,620,-134
208.135,0,0,40,0,620,-134
208.151,0,0,40,0,620,-134
208.167,0,0,40,0,620,-134
208.185,0,0,40,0,620,-134
208.199,0,0,40,0,620,-134
208.215,0,0,40,0,620,-134
208.231,0,0,40,0,620,-134
208.246,0,0,40,0,620,-134
208.271,0,0,40,0,620,-134
208.286,0,0,40,0,630,-134
208.291,0,0,40,0,630,-134
208.309,0,0,40,0,630,-134
208.314,0,0,40,0,630,-134
208.325,0,0,40,0,630,-134
208.341,0,0,40,0,630,-134
208.346,0,0,40,0,630,-134
208.360,0,0,40,0,630,-134
208.388,0,0,40,0,630,-134
208.404,0,0,40,0,630,-134
208.409,0,0,40,0,630,-134
208.422,0,0,40,0,630,-134
208.436,0,0,40,0,630,-134
208.452,0,0,40,0,630,-134
208.468,0,0,40,0,630,-134
208.483,0,0,40,0,630,-134
208.498,0,0,40,0,630,-134
208.510,0,0,40,0,630,-134
208.520,0,0,40,0,630,-134
208.531,0,0,40,0,630,-134
208.546,0,0,40,0,630,-134
208.563,0,0,40,0,630,-134
208.574,0,0,40,0,630,-134
208.585,0,0,40,0,630,-134
208.594,0,0,40,0,630,-134
208.610,0,0,40,0,640,-134
208.626,0,0,40,0,640,-134
208.642,0,0,40,0,640,-134
208.653,0,0,40,0,640,-134
208.660,0,0,40,0,640,-134
208.668,0,0,40,0,640,-134
208.677,0,0,40,0,640,-134
208.690,0,0,40,0,640,-134
208.705,0,0,40,0,640,-134
208.709,0,0,40,0,640,-134
208.720,0,0,40,0,640,-134
208.736,0,0,40,0,640,-134
208.741,0,0,40,0,640,-134
208.752,0,0,40,0,640,-134
208.768,0,0,40,0,640,-134
208.773,0,0,40,0,640,-134
208.784,0,0,40,0,640,-134
208.800,0,0,40,0,640,-134
208.805,0,0,40,0,640,-134
208.832,0,0,40,0,650,-134
208.847,0,0,40,0,650,-134
208.852,0,0,40,0,650,-134
208.879,0,0,40,0,650,-134
208.895,0,0,40,0,650,-134
208.912,0,0,40,0,650,-134
208.927,0,0,40,0,650,-134
208.935,0,0,40,0,650,-134
208.946,0,0,40,0,650,-134
208.974,0,0,40,0,650,-134
208.980,0,0,40,0,650,-134
209.005,0,0,40,0,650,-134
209.021,0,0,40,0,650,-134
209.030,0,0,40,0,650,-134
209.045,0,0,40,0,650,-134
209.053,0,0,40,0,650,-134
209.069,0,0,40,0,660,-134
209.082,0,0,40,0,660,-134
209.090,0,0,40,0,660,-134
209.101,0,0,40,0,660,-134
209.115,0,0,40,0,660,-134
209.120,0,0,40,0,660,-134
209.131,0,0,40,0,660,-134
209.137,0,0,40,0,660,-134
209.149,0,0,40,0,660,-134
209.163,0,0,40,0,660,-134
209.179,0,0,40,0,660,-134
209.194,0,0,40,0,660,-134
209.210,0,0,40,0,660,-134
209.223,0,0,40,0,660,-134
209.241,0,0,40,0,660,-134
209.258,0,0,40,0,660,-134
209.270,0,0,40,0,660,-134
209.289,0,0,40,0,660,-134
209.305,0,0,40,0,660,-134
209.322,0,0,40,0,660,-134
209.337,0,0,40,0,660,-134
209.347,0,0,40,0,660,-134
209.369,0,0,40,0,660,-134
209.380,0,0,40,0,660,-134
209.400,0,0,40,0,670,-134
209.406,0,0,40,0,670,-134
209.416,0,0,40,0,670,-134
209.432,0,0,40,0,670,-134
209.437,0,0,40,0,670,-134
209.449,0,0,40,0,670,-134
209.463,0,0,40,0,670,-134
209.475,0,0,40,0,670,-134
209.480,0,0,40,0,670,-134
209.495,0,0,40,0,670,-134
209.511,0,0,40,0,670,-134
209.526,0,0,40,0,670,-134
209.535,0,0,40,0,670,-134
209.543,0,0,40,0,670,-134
209.559,0,0,40,0,670,-134
209.572,0,0,40,0,670,-134
209.577,0,0,40,0,670,-134
209.591,0,0,40,0,670,-134
209.606,0,0,40,0,670,-134
209.622,0,0,40,0,670,-134
209.638,0,0,40,0,670,-134
209.643,0,0,40,0,670,-134
209.669,0,0,40,0,670,-134
209.681,0,0,40,0,670,-134
209.701,0,0,40,0,670,-134
209.716,0,0,40,0,680,-134
209.733,0,0,40,0,680,-134
209.748,0,0,40,0,680,-134
209.762,0,0,40,0,680,-134
209.773,0,0,40,0,680,-134
209.780,0,0,40,0,680,-134
209.796,0,0,40,0,680,-134
209.802,0,0,40,0,680,-134
209.812,0,0,40,0,680,-134
209.828,0,0,40,0,680,-134
209.841,0,0,40,0,680,-134
209.846,0,0,40,0,680,-134
209.859,0,0,40,0,680,-134
209.865,0,0,40,0,680,-134
209.876,0,0,40,0,680,-134
209.891,0,0,40,0,680,-134
209.907,0,0,40,0,680,-134
209.923,0,0,40,0,680,-134
209.938,0,0,40,0,680,-134
209.954,0,0,40,0,680,-134
209.970,0,0,40,0,680,-134
209.987,0,0,40,0,680,-134
210.002,0,0,40,0,680,-134
210.022,0,0,40,0,680,-134
210.036,0,0,40,0,680,-134
210.043,0,0,40,0,680,-134
210.050,0,0,40,0,680,-134
210.066,0,0,40,0,680,-134
210.072,0,0,40,0,680,-134
210.097,0,0,40,0,680,-134
210.113,0,0,40,0,680,-134
210.129,0,0,40,0,680,-134
210.135,0,0,40,0,680,-134
210.161,0,0,40,0,680,-134
210.167,0,0,40,0,690,-134
210.177,0,0,40,0,690,-134
210.192,0,0,40,0,690,-134
210.197,0,0,40,0,690,-134
210.208,0,0,40,0,690,-134
210.224,0,0,40,0,690,-134
210.229,0,0,40,0,690,-134
210.242,0,0,40,0,690,-134
210.256,0,0,40,0,690,-134
210.262,0,0,40,0,690,-134
210.271,0,0,40,0,690,-134
210.288,0,0,40,0,690,-134
210.299,0,0,40,0,690,-134
210.304,0,0,40,0,690,-134
210.320,0,0,40,0,690,-134
210.335,0,0,40,0,690,-134
210.351,0,0,40,0,690,-134
210.367,0,0,40,0,690,-134
210.382,0,0,40,0,690,-134
210.400,0,0,40,0,690,-134
210.415,0,0,40,0,690,-134
210.429,0,0,40,0,690,-134
210.433,0,0,40,0,690,-134
210.447,0,0,40,0,690,-134
210.462,0,0,40,0,690,-134
210.473,0,0,40,0,690,-134
210.494,0,0,40,0,700,-134
210.510,0,0,40,0,700,-134
210.525,0,0,40,0,700,-134
210.541,0,0,40,0,700,-134
210.557,0,0,40,0,700,-134
210.569,0,0,40,0,700,-134
210.588,0,0,40,0,700,-134
210.593,0,0,40,0,700,-134
210.604,0,0,40,0,700,-134
210.620,0,0,40,0,700,-134
210.625,0,0,40,0,700,-134
210.637,0,0,40,0,700,-134
210.651,0,0,40,0,700,-134
210.656,0,0,40,0,700,-134
210.667,0,0,40,0,700,-134
210.682,0,0,40,0,700,-134
210.698,0,0,40,0,700,-134
210.703,0,0,40,0,700,-134
210.730,0,0,40,0,700,-134
210.746,0,0,40,0,700,-134
210.757,0,0,40,0,700,-134
210.762,0,0,40,0,700,-134
210.777,0,0,40,0,700,-134
210.793,0,0,40,0,700,-134
210.800,0,0,40,0,700,-134
210.824,0,0,40,0,710,-134
210.840,0,0,40,0,710,-134
210.846,0,0,40,0,710,-134
210.857,0,0,40,0,710,-134
210.872,0,0,40,0,710,-134
210.888,0,0,40,0,710,-134
210.903,0,0,40,0,710,-134
210.919,0,0,40,0,710,-134
210.924,0,0,40,0,710,-134
210.944,0,0,40,0,710,-134
210.951,0,0,40,0,710,-134
210.957,0,0,40,0,710,-134
210.967,0,0,40,0,710,-134
210.979,0,0,40,0,710,-134
210.998,0,0,40,0,710,-134
211.010,0,0,40,0,710,-134
211.030,0,0,40,0,710,-134
211.046,0,0,40,0,710,-134
211.062,0,0,40,0,710,-134
211.078,0,0,40,0,710,-134
211.093,0,0,40,0,710,-134
211.107,0,0,40,0,710,-134
211.125,0,0,40,0,710,-134
211.141,0,0,40,0,710,-134
211.156,0,0,40,0,710,-134
211.171,0,0,40,0,710,-134
211.188,0,0,40,0,710,-134
211.204,0,0,40,0,710,-134
211.220,0,0,40,0,710,-134
211.236,0,0,40,0,710,-134
211.267,0,0,40,0,710,-134
211.283,0,0,40,0,710,-134
211.295,0,0,40,0,710,-134
211.315,0,0,40,0,710,-134
211.320,0,0,40,0,710,-134
211.325,0,0,40,0,710,-134
211.345,0,0,40,0,710,-134
211.358,0,0,40,0,710,-134
211.365,0,0,40,0,710,-134
211.376,0,0,40,0,720,-134
211.392,0,0,40,0,720,-134
211.408,0,0,40,0,720,-134
211.413,0,0,40,0,720,-134
211.434,0,0,40,0,720,-134
211.455,0,0,40,0,720,-134
211.471,0,0,40,0,720,-134
211.479,0,0,40,0,720,-134
211.490,0,0,40,0,720,-134
211.503,0,0,40,0,720,-134
211.508,0,0,40,0,720,-134
211.535,0,0,40,0,720,-134
211.551,0,0,40,0,720,-134
211.567,0,0,40,0,720,-134
211.583,0,0,40,0,720,-134
211.598,0,0,40,0,730,-134
211.614,0,0,40,0,730,-134
211.621,0,0,40,0,730,-134
211.646,0,0,40,0,730,-134
211.654,0,0,40,0,730,-134
211.662,0,0,40,0,730,-134
211.678,0,0,40,0,730,-134
211.683,0,0,40,0,730,-134
211.694,0,0,40,0,730,-134
211.710,0,0,40,0,730,-134
211.721,0,0,40,0,730,-134
211.727,0,0,40,0,730,-134
211.740,0,0,40,0,730,-134
211.757,0,0,40,0,730,-134
211.773,0,0,40,0,730,-134
211.789,0,0,40,0,730,-134
211.804,0,0,40,0,730,-134
211.820,0,0,40,0,730,-134
211.836,0,0,40,0,730,-134
211.841,0,0,40,0,730,-134
211.868,0,0,40,0,730,-134
211.873,0,0,40,0,730,-134
211.900,0,0,40,0,730,-134
211.916,0,0,40,0,730,-134
211.921,0,0,40,0,730,-134
211.948,0,0,40,0,730,-134
211.964,0,0,40,0,730,-134
211.980,0,0,40,0,730,-134
211.996,0,0,40,0,730,-134
212.012,0,0,40,0,730,-134
212.018,0,0,40,0,730,-134
212.044,0,0,40,0,740,-134
212.050,0,0,40,0,740,-134
212.076,0,0,40,0,740,-134
212.082,0,0,40,0,740,-134
212.108,0,0,40,0,740,-134
212.112,0,0,40,0,740,-134
212.124,0,0,40,0,740,-134
212.139,0,0,40,0,740,-134
212.144,0,0,40,0,740,-134
212.155,0,0,40,0,740,-134
212.171,0,0,40,0,740,-134
212.177,0,0,40,0,740,-134
212.188,0,0,40,0,740,-134
212.203,0,0,40,0,740,-134
212.208,0,0,40,0,740,-134
212.234,0,0,40,0,740,-134
212.246,0,0,40,0,740,-134
212.251,0,0,40,0,740,-134
212.266,0,0,40,0,740,-134
212.282,0,0,40,0,740,-134
212.294,0,0,40,0,740,-134
212.315,0,0,40,0,740,-134
212.330,0,0,40,0,740,-134
212.340,0,0,40,0,740,-134
212.347,0,0,40,0,740,-134
212.361,0,0,40,0,740,-134
212.378,0,0,40,0,750,-134
212.383,0,0,40,0,750,-134
212.410,0,0,40,0,750,-134
212.426,0,0,40,0,750,-134
212.442,0,0,40,0,750,-134
212.458,0,0,40,0,750,-134
212.474,0,0,40,0,750,-134
212.479,0,0,40,0,750,-134
212.490,0,0,40,0,750,-134
212.506,0,0,40,0,750,-134
212.510,0,0,40,0,750,-134
212.522,0,0,40,0,750,-134
212.538,0,0,40,0,750,-134
212.549,0,0,40,0,750,-134
212.570,0,0,40,0,750,-134
212.581,0,0,40,0,750,-134
212.586,0,0,40,0,750,-134
212.601,0,0,40,0,750,-134
212.606,0,0,40,0,750,-134
212.617,0,0,40,0,750,-134
212.633,0,0,40,0,750,-134
212.637,0,0,40,0,750,-134
212.649,0,0,40,0,750,-134
212.664,0,0,40,0,750,-134
212.680,0,0,40,0,750,-134
212.696,0,0,40,0,750,-134
212.701,0,0,40,0,750,-134
212.727,0,0,40,0,750,-134
212.743,0,0,40,0,750,-134
212.759,0,0,40,0,750,-134
212.775,0,0,40,0,750,-134
212.790,0,0,0,0,750,-134
212.806,0,0,0,0,750,-134
212.823,0,0,0,0,750,-134
212.839,0,0,0,0,750,-134
212.855,0,0,0,0,750,-134
212.871,0,0,0,0,750,-134
212.887,0,0,0,0,750,-134
212.903,0,0,0,0,750,-134
212.918,0,0,0,0,750,-134
212.934,0,0,0,0,750,-134
212.950,0,0,0,0,750,-134
212.960,0,0,0,0,750,-134
212.981,0,0,0,0,750,-134
212.998,0,0,0,0,750,-134
213.013,0,0,0,0,750,-134
213.029,0,0,0,0,750,-134
213.045,0,0,0,0,750,-134
213.061,0,0,0,0,750,-134
213.076,0,0,0,0,750,-134
213.092,0,0,0,0,750,-134
213.108,0,0,0,0,750,-134
213.124,0,0,0,0,750,-134
213.140,0,0,0,0,750,-134
213.156,0,0,0,0,760,-134
213.161,0,0,0,0,760,-134
213.188,0,0,0,0,760,-134
213.204,0,0,0,0,760,-134
213.220,0,0,0,0,760,-134
213.236,0,0,0,0,760,-134
213.252,0,0,0,0,760,-134
213.257,0,0,0,0,760,-134
213.284,0,0,0,0,750,-134
213.300,0,0,0,0,750,-134
213.305,0,-40,0,0,750,-134
213.332,0,-40,0,0,750,-134
213.354,0,-40,0,0,750,-134
213.365,0,-40,0,0,750,-134
213.379,0,-40,0,0,760,-134
213.384,0,-40,0,0,760,-134
213.411,0,-40,0,0,760,-134
213.427,0,-40,0,0,760,-134
213.443,0,-40,0,0,760,-134
213.454,0,-40,0,0,760,-134
213.462,0,-40,0,0,760,-134
213.479,0,-40,0,0,760,-134
213.504,0,-40,0,0,760,-134
213.527,0,-40,0,0,760,-134
213.544,0,-40,0,0,760,-134
213.559,0,-40,0,0,760,-134
213.575,0,-40,0,0,760,-134
213.591,0,-40,0,0,760,-134
213.607,0,-40,0,0,760,-134
213.623,0,-40,0,0,760,-134
213.639,0,-40,0,0,760,-134
213.655,0,-40,0,0,760,-134
213.671,0,-40,0,0,760,-134
213.687,0,-40,0,0,760,-134
213.702,0,-40,0,0,760,-134
213.718,0,-40,0,0,760,-134
213.734,0,-40,0,0,760,-134
213.750,0,-40,0,0,760,-134
213.766,0,-40,0,0,760,-134
213.783,0,-40,0,0,760,-134
213.799,0,-40,0,0,760,-134
213.814,0,-40,0,0,760,-134
213.820,0,-40,0,0,760,-134
213.848,0,-40,0,0,760,-134
213.863,0,-40,0,0,760,-134
213.879,0,-40,0,0,760,-134
213.884,0,-40,0,0,760,-134
213.911,0,-40,0,0,760,-134
213.916,0,-40,0,0,760,-134
213.929,0,-40,0,0,760,-133
213.942,0,-40,0,0,760,-133
213.958,0,-40,0,0,760,-133
213.975,0,-40,0,0,760,-133
213.991,0,-40,0,0,760,-133
213.996,0,-40,0,0,760,-133
214.007,0,-40,0,0,760,-133
214.023,0,-40,0,0,760,-133
214.039,0,-40,0,0,760,-134
214.055,0,-40,0,0,760,-134
214.060,0,-40,0,0,760,-134
214.079,0,-40,0,0,760,-134
214.084,0,-40,0,0,760,-134
214.096,0,-40,0,0,760,-134
214.110,0,-40,0,0,760,-134
214.126,0,-40,0,0,760,-134
214.142,0,-40,0,0,760,-134
214.159,0,-40,0,0,760,-134
214.174,0,-40,0,0,760,-134
214.191,0,-40,0,0,760,-134
214.197,0,0,0,0,760,-134
214.213,0,0,0,0,760,-134
214.238,0,0,0,0,760,-134
214.247,0,0,0,0,760,-134
214.262,0,0,0,0,760,-134
214.278,0,0,0,0,760,-134
214.294,0,0,0,0,760,-134
214.310,0,0,0,0,760,-134
214.326,0,0,0,0,760,-134
214.342,0,0,0,0,760,-134
214.358,0,0,0,0,760,-134
214.374,0,0,0,0,760,-134
214.390,0,0,0,0,760,-134
214.407,0,0,0,0,760,-134
214.422,0,0,0,0,760,-134
214.446,0,0,0,0,760,-134
214.463,0,0,0,0,760,-134
214.478,0,0,0,0,760,-134
214.483,0,0,0,0,760,-134
214.509,0,0,0,0,760,-134
214.526,0,0,0,0,760,-134
214.541,0,0,0,0,760,-134
214.557,0,0,0,0,760,-134
214.573,0,0,0,0,760,-134
214.590,0,0,0,0,760,-134
214.606,0,0,0,0,760,-134
214.622,0,0,0,0,760,-134
214.630,0,0,0,0,760,-134
214.646,0,0,0,0,760,-134
214.662,0,0,0,0,760,-134
214.680,0,0,0,0,760,-134
214.695,0,40,0,0,760,-134
214.710,0,40,0,0,760,-134
214.726,0,40,0,0,760,-134
214.742,0,40,0,0,760,-134
214.759,0,40,0,0,760,-134
214.774,0,40,0,0,760,-134
214.790,0,40,0,0,760,-134
214.807,0,40,0,0,760,-134
214.823,0,40,0,0,760,-134
214.839,0,40,0,0,760,-134
214.855,0,40,0,0,760,-134
214.871,0,40,0,0,760,-134
214.887,0,40,0,0,760,-134
214.903,0,40,0,0,770,-134
214.919,0,40,0,0,770,-134
214.935,0,40,0,0,770,-134
214.950,0,40,0,0,770,-134
214.966,0,40,0,0,770,-134
214.982,0,40,0,0,770,-134
214.998,0,40,0,0,770,-134
215.009,0,40,0,0,770,-134
215.030,0,40,0,0,770,-134
215.046,0,40,0,0,770,-134
215.062,0,40,0,0,770,-134
215.078,0,40,0,0,770,-134
215.094,0,40,0,0,770,-134
215.110,0,40,0,0,770,-134
215.126,0,40,0,0,770,-134
215.143,0,40,0,0,770,-134
215.159,0,40,0,0,770,-134
215.174,0,40,0,0,770,-134
215.190,0,40,0,0,770,-134
215.206,0,0,0,0,770,-134
215.222,0,0,0,0,770,-134
215.238,0,0,0,0,770,-134
215.254,0,0,0,0,770,-134
215.270,0,0,0,0,770,-134
215.286,0,0,0,0,770,-134
215.302,0,0,0,0,770,-134
215.310,0,0,0,0,770,-134
215.334,0,0,0,0,770,-134
215.350,0,0,0,0,770,-134
215.366,0,0,0,0,770,-134
215.382,0,0,0,0,770,-134
215.398,0,0,0,0,770,-134
215.414,0,0,0,0,770,-134
215.430,0,0,0,0,770,-134
215.446,0,0,0,0,770,-134
215.462,0,0,0,0,770,-134
215.478,0,0,0,0,770,-134
215.483,0,0,0,0,770,-134
215.510,0,0,0,0,770,-134
215.526,0,0,0,0,770,-134
215.542,0,0,0,0,770,-134
215.558,0,0,0,0,770,-134
215.574,0,0,0,0,770,-134
215.590,0,0,0,0,770,-134
215.606,0,0,0,0,770,-134
215.622,0,0,0,0,770,-134
215.638,0,0,0,0,770,-134
215.654,0,0,0,0,770,-134
215.670,0,0,0,0,770,-134
215.686,0,0,0,0,770,-134
215.703,0,0,0,0,770,-134
215.718,0,0,0,0,770,-134
215.734,0,0,0,0,770,-134
215.750,0,0,0,0,770,-134
215.766,0,0,0,0,770,-134
215.782,0,0,0,0,770,-134
215.798,0,0,0,0,770,-134
215.814,0,0,0,0,770,-134
215.830,0,0,0,0,770,-134
215.847,0,0,0,0,770,-134
215.863,0,0,0,0,770,-134
215.879,0,0,0,0,770,-134
215.895,0,0,0,0,770,-134
215.911,0,0,0,0,770,-134
215.927,0,0,0,0,770,-134
215.932,0,0,0,0,770,-134
215.959,0,0,0,0,770,-134
215.975,0,0,0,0,770,-134
215.991,0,0,0,0,770,-134
216.007,0,0,0,0,770,-134
216.023,0,0,0,0,770,-134
216.040,0,0,0,0,770,-134
216.055,0,0,0,0,770,-134
216.071,0,0,0,0,770,-134
216.087,0,0,0,0,770,-134
216.103,0,0,0,0,770,-134
216.119,0,0,0,0,770,-134
216.135,0,0,0,0,770,-134
216.151,0,0,0,0,770,-134
216.167,0,0,0,0,770,-134
216.183,0,0,0,0,770,-134
216.199,0,0,0,0,770,-134
216.215,0,0,0,0,770,-134
216.232,0,0,0,0,770,-134
216.248,0,0,0,0,770,-134
216.264,0,0,0,0,770,-134
216.280,0,0,0,0,770,-134
216.296,0,0,0,0,770,-134
216.312,0,0,0,0,770,-134
216.328,0,0,0,0,770,-134
216.343,0,0,0,0,770,-134
216.359,0,0,0,0,770,-134
216.375,0,0,0,0,770,-134
216.391,0,0,0,0,770,-134
216.407,0,0,0,0,770,-134
216.413,0,0,40,0,770,-134
216.439,0,0,40,0,770,-134
216.455,0,0,40,0,770,-134
216.472,0,0,40,0,770,-134
216.488,0,0,40,0,770,-134
216.504,0,0,40,0,770,-134
216.520,0,0,40,0,770,-134
216.536,0,0,40,0,770,-134
216.551,0,0,40,0,770,-134
216.567,0,0,40,0,770,-134
216.583,0,0,40,0,770,-134
216.600,0,0,40,0,770,-134
216.615,0,0,40,0,770,-134
216.632,0,0,40,0,770,-134
216.648,0,0,40,0,770,-134
216.664,0,0,40,0,770,-134
216.680,0,0,40,0,770,-134
216.696,0,0,40,0,770,-134
216.712,0,0,40,0,770,-134
216.728,0,0,40,0,770,-134
216.744,0,0,40,0,770,-134
216.760,0,0,0,0,770,-134
216.776,0,0,0,0,770,-134
216.792,0,0,0,0,770,-134
216.807,0,0,0,0,770,-134
216.823,0,0,0,0,770,-134
216.839,0,0,0,0,770,-134
216.856,0,0,0,0,770,-134
216.872,0,0,0,0,770,-134
216.888,0,0,0,0,770,-134
216.904,0,0,0,0,770,-134
216.913,0,0,0,0,770,-134
216.935,0,0,0,0,770,-134
216.951,0,0,0,0,770,-134
216.967,0,0,0,0,770,-134
216.983,0,0,0,0,770,-134
217.000,0,0,0,0,770,-134
217.015,0,0,0,0,770,-134
217.032,0,0,0,0,770,-134
217.047,0,0,0,0,770,-134
217.064,0,0,0,0,770,-134
217.068,0,0,0,0,770,-134
217.095,0,0,0,0,770,-134
217.111,0,0,0,0,770,-134
217.127,0,0,0,0,770,-134
217.144,0,0,0,0,770,-134
217.159,0,0,0,0,780,-134
217.175,0,0,0,0,780,-134
217.191,0,0,0,0,780,-134
217.207,0,0,0,0,780,-134
217.224,0,0,0,0,780,-134
217.239,0,0,0,0,780,-134
217.248,0,0,0,0,780,-134
217.271,0,0,0,0,780,-134
217.287,0,0,0,0,780,-134
217.303,0,0,0,0,780,-134
217.319,0,0,0,0,780,-134
217.335,0,0,0,0,780,-134
217.340,0,0,0,0,780,-134
217.367,0,0,0,0,780,-134
217.382,0,0,0,0,780,-134
217.398,0,0,0,0,780,-134
217.404,0,0,0,0,780,-134
217.430,0,0,0,0,780,-134
217.446,0,0,0,0,780,-134
217.462,0,0,0,0,780,-134
217.479,0,0,0,0,780,-134
217.483,0,-40,0,0,780,-134
217.494,0,-40,0,0,780,-134
217.510,0,-40,0,0,780,-134
217.520,0,-40,0,0,780,-134
217.529,0,-40,0,0,780,-134
217.546,0,-40,0,0,780,-134
217.561,0,-40,0,0,780,-134
217.578,0,-40,0,0,780,-134
217.594,0,-40,0,0,780,-134
217.610,0,-40,0,0,780,-134
217.619,0,-40,0,0,780,-134
217.629,0,-40,0,0,780,-134
217.638,0,-40,0,0,780,-134
217.663,0,-40,0,0,780,-134
217.678,0,-40,0,0,780,-134
217.694,0,-40,0,0,780,-134
217.710,0,-40,0,0,780,-134
217.726,0,-40,0,0,780,-134
217.742,0,-40,0,0,780,-134
217.758,0,-40,0,0,780,-134
217.774,0,-40,0,0,780,-134
217.790,0,-40,0,0,780,-134
217.806,0,-40,0,0,780,-134
217.822,0,-40,0,0,780,-134
217.838,0,-40,0,0,780,-134
217.854,0,-40,0,0,780,-134
217.859,0,-40,0,0,780,-134
217.886,0,-40,0,0,780,-134
217.902,0,-40,0,0,780,-134
217.918,0,-40,0,0,780,-134
217.935,0,-40,0,0,780,-134
217.950,0,-40,0,0,780,-134
217.955,0,-40,0,0,780,-134
217.969,0,-40,0,0,780,-134
217.997,0,-40,0,0,780,-134
218.002,0,-40,0,0,780,-134
218.014,0,-40,0,0,780,-134
218.029,0,-40,0,0,780,-134
218.035,0,-40,0,0,780,-134
218.045,0,-40,0,0,780,-134
218.061,0,-40,0,0,780,-134
218.077,0,-40,0,0,780,-134
218.082,0,-40,0,0,780,-134
218.109,0,-40,0,0,780,-134
218.125,0,-40,0,0,780,-134
218.131,0,-40,0,0,780,-134
218.153,0,-40,0,0,780,-134
218.173,0,0,0,0,780,-134
218.186,0,0,0,0,780,-134
218.197,0,0,0,0,780,-134
218.213,0,0,0,0,780,-134
218.229,0,0,0,0,780,-134
218.245,0,0,0,0,780,-134
218.261,0,0,0,0,780,-134
218.277,0,0,0,0,780,-134
218.293,0,0,0,0,780,-134
218.309,0,0,0,0,780,-134
218.325,0,0,0,0,780,-134
218.341,0,0,0,0,780,-134
218.357,0,0,0,0,780,-134
218.362,0,-40,0,0,780,-134
218.373,0,-40,0,0,780,-134
218.386,0,-40,0,0,780,-134
218.396,0,-40,0,0,780,-134
218.413,0,-40,0,0,780,-134
218.428,0,-40,0,0,780,-134
218.434,0,-40,0,0,780,-134
218.455,0,-40,0,0,780,-134
218.469,0,-40,0,0,780,-134
218.479,0,-40,0,0,780,-134
218.494,0,-40,0,0,780,-134
218.510,0,-40,0,0,780,-134
218.526,0,-40,0,0,780,-134
218.542,0,-40,0,0,780,-134
218.547,0,0,0,0,780,-134
218.559,0,0,0,0,780,-134
218.590,0,0,0,0,780,-134
218.606,0,0,0,0,780,-134
218.622,0,0,0,0,780,-134
218.638,0,0,0,0,780,-134
218.654,0,0,0,0,780,-134
218.670,0,0,0,0,780,-134
218.686,0,0,0,0,780,-134
218.702,0,0,0,0,780,-134
218.718,0,0,0,0,780,-134
218.734,0,0,0,0,780,-134
218.750,0,0,0,0,780,-134
218.766,0,0,0,0,780,-134
218.782,0,0,0,0,780,-134
218.799,0,0,0,0,780,-134
218.815,0,0,0,0,780,-134
218.831,0,0,0,0,780,-134
218.847,0,0,0,0,780,-134
218.863,0,0,0,0,780,-134
218.879,0,0,0,0,780,-134
218.895,0,0,0,0,780,-134
218.904,0,0,0,0,780,-134
218.918,0,0,0,0,780,-134
218.928,0,0,0,0,780,-134
218.944,0,0,0,0,780,-134
218.949,0,0,0,0,780,-134
218.976,0,0,0,0,780,-134
218.992,0,0,0,0,780,-134
219.007,0,0,0,0,780,-134
219.023,0,0,0,0,780,-134
219.040,0,0,0,0,780,-134
219.055,0,0,0,0,780,-134
219.072,0,0,0,0,780,-134
219.095,0,0,0,0,780,-134
219.111,0,0,0,0,780,-134
219.127,0,0,0,0,780,-134
219.143,0,0,0,0,780,-134
219.159,0,0,0,0,780,-134
219.175,0,0,0,0,780,-134
219.190,0,0,0,0,780,-134
219.206,0,0,0,0,780,-134
219.222,0,0,0,0,780,-134
219.238,0,0,0,0,780,-134
219.263,0,0,0,0,780,-134
219.278,0,0,0,0,780,-134
219.296,0,0,0,0,780,-134
219.310,0,0,0,0,780,-134
219.326,0,0,0,0,780,-134
219.342,0,0,0,0,780,-134
219.358,0,0,0,0,780,-134
219.374,0,0,0,0,780,-134
219.390,0,0,0,0,780,-134
219.406,0,0,0,0,780,-134
219.422,0,0,0,0,780,-134
219.438,0,0,0,0,780,-134
219.446,0,0,0,0,780,-134
219.462,0,0,0,0,780,-134
219.478,0,0,0,0,780,-134
219.494,0,0,0,0,780,-134
219.510,0,0,0,0,780,-134
219.526,0,0,0,0,780,-134
219.542,0,0,0,0,780,-134
219.558,0,0,0,0,780,-134
219.563,0,0,0,0,780,-134
219.590,0,0,0,0,780,-134
219.606,0,0,0,0,780,-134
219.622,0,0,0,0,780,-134
219.630,0,0,0,0,780,-134
219.646,0,0,0,0,780,-134
219.663,0,0,0,0,790,-134
219.677,0,0,0,0,790,-134
219.682,0,0,0,0,790,-134
219.709,0,0,0,0,790,-134
219.725,0,0,0,0,790,-134
219.733,0,0,0,0,790,-134
219.747,0,0,0,0,790,-134
219.755,0,0,0,0,790,-134
219.771,0,0,0,0,790,-134
219.796,0,0,0,0,790,-134
219.812,0,0,0,0,790,-134
219.827,0,0,0,0,790,-134
219.843,0,0,0,0,790,-134
219.859,0,0,0,0,790,-134
219.876,0,0,0,0,790,-134
219.892,0,0,0,0,790,-134
219.907,0,0,0,0,790,-134
219.920,0,0,0,0,790,-134
219.939,0,0,0,0,790,-134
219.954,0,0,0,0,790,-134
219.971,0,0,0,0,790,-134
219.987,0,0,0,0,790,-134
220.003,0,0,0,0,790,-134
220.019,0,0,0,0,790,-134
220.035,0,0,0,0,790,-134
220.051,0,0,0,0,790,-134
220.067,0,0,0,0,790,-134
220.083,0,0,0,0,790,-134
220.099,0,0,0,0,790,-134
220.115,0,0,0,0,790,-134
220.131,0,0,0,0,790,-134
220.136,0,0,0,0,790,-134
220.163,0,0,0,0,790,-134
220.179,0,0,0,0,790,-134
220.196,0,0,0,0,780,-134
220.211,0,0,0,0,780,-134
220.227,0,0,0,0,780,-134
220.242,0,0,0,0,780,-134
220.258,0,0,0,0,780,-134
220.274,0,0,0,0,780,-134
220.290,0,0,0,0,780,-134
220.306,0,0,0,0,790,-134
220.321,0,0,0,0,790,-134
220.338,0,0,0,0,790,-134
220.354,0,0,0,0,790,-134
220.370,0,0,0,0,790,-134
220.386,0,0,0,0,790,-134
220.402,0,0,0,0,790,-134
220.418,0,0,0,0,790,-134
220.434,0,0,0,0,790,-134
220.450,0,0,0,0,790,-134
220.466,0,0,0,0,790,-134
220.482,0,0,0,0,790,-134
220.497,0,0,0,0,790,-134
220.513,0,0,0,0,790,-134
220.529,0,0,0,0,790,-134
220.545,0,0,0,0,790,-134
220.561,0,0,0,0,790,-134
220.566,-40,0,0,0,790,-134
220.593,-40,0,0,0,790,-134
220.609,-40,0,0,0,790,-134
220.625,-40,0,0,0,790,-134
220.641,-40,0,0,0,790,-134
220.657,-40,0,0,0,790,-134
220.673,-40,0,0,0,790,-134
220.688,-40,0,0,0,790,-134
220.704,-40,0,0,0,790,-134
220.720,-40,0,0,0,790,-134
220.736,-40,0,0,0,790,-134
220.752,-40,0,0,0,790,-134
220.768,-40,0,0,0,790,-134
220.784,-40,0,0,0,790,-134
220.801,-40,0,0,0,790,-134
220.817,-40,0,0,0,790,-134
220.833,-40,0,0,0,790,-134
220.849,-40,0,0,0,790,-134
220.865,-40,0,0,0,790,-134
220.881,-40,0,0,0,790,-134
220.897,-40,0,0,0,790,-134
220.913,-40,0,0,0,790,-134
220.929,-40,0,0,0,790,-134
220.945,-40,0,0,0,790,-134
220.961,-40,0,0,0,790,-134
220.977,-40,0,0,0,790,-134
220.992,-40,0,0,0,790,-134
221.008,-40,0,0,0,790,-134
221.024,-40,0,0,0,790,-134
221.040,-40,0,0,0,790,-134
221.056,-40,0,0,0,790,-134
221.072,-40,0,0,0,790,-134
221.077,-40,0,0,0,790,-134
221.088,-40,0,0,0,790,-134
221.104,-40,0,0,0,790,-134
221.109,-40,0,0,0,790,-134
221.136,-40,0,0,0,790,-134
221.152,-40,0,0,0,790,-134
221.157,-40,0,0,0,790,-134
221.185,-40,0,0,0,790,-134
221.200,-40,0,0,0,790,-134
221.217,-40,0,0,0,790,-134
221.224,-40,0,0,0,790,-134
221.248,-40,0,0,0,790,-134
221.254,-40,0,0,0,790,-134
221.280,-40,0,0,0,790,-134
221.296,-40,0,0,0,790,-134
221.312,-40,0,0,0,790,-134
221.328,-40,0,0,0,790,-134
221.345,-40,0,0,0,790,-134
221.349,-40,0,0,0,790,-134
221.377,-40,0,0,0,790,-134
221.382,-40,0,0,0,790,-134
221.393,-40,0,0,0,790,-134
221.409,-40,0,0,0,790,-134
221.414,-40,0,0,0,790,-134
221.425,-40,0,0,0,790,-134
221.440,-40,0,0,0,790,-134
221.445,-40,0,0,0,790,-134
221.456,-40,0,0,0,790,-134
221.472,-40,0,0,0,790,-134
221.488,-40,0,0,0,790,-134
221.505,-40,0,0,0,790,-134
221.510,-40,0,0,0,790,-134
221.520,-40,0,0,0,790,-134
221.535,-40,0,0,0,790,-134
221.540,-40,0,0,0,790,-134
221.551,-40,0,0,0,790,-134
221.567,-40,0,0,0,790,-134
221.573,-40,0,0,0,790,-134
221.599,-40,0,0,0,790,-134
221.615,-40,0,0,0,790,-134
221.632,-40,0,0,0,790,-134
221.647,-40,0,0,0,790,-134
221.652,-40,0,0,0,790,-134
221.679,-40,0,0,0,790,-134
221.694,-40,0,0,0,790,-134
221.711,-40,0,0,0,790,-134
221.727,-40,0,0,0,790,-134
221.743,-40,0,0,0,790,-134
221.759,-40,0,0,0,790,-134
221.775,-40,0,0,0,790,-134
221.791,-40,0,0,0,790,-134
221.807,-40,0,0,0,790,-134
221.812,-40,0,0,0,790,-134
221.823,-40,0,0,0,790,-134
221.839,-40,0,0,0,790,-134
221.844,-40,0,0,0,790,-134
221.855,-40,0,0,0,790,-134
221.871,-40,0,0,0,790,-134
221.878,-40,0,0,0,790,-134
221.887,-40,0,0,0,790,-134
221.903,-40,0,0,0,790,-134
221.914,-40,0,0,0,790,-134
221.919,-40,0,0,0,790,-134
221.926,-40,0,0,0,790,-134
221.951,-40,0,0,0,790,-134
221.967,-40,0,0,0,790,-134
221.972,-40,0,0,0,790,-134
221.998,-40,0,0,0,790,-134
222.003,-40,0,0,0,790,-134
222.030,-40,0,0,0,790,-134
222.035,-40,0,0,0,790,-134
222.062,-40,0,0,0,790,-134
222.070,-40,0,0,0,790,-134
222.079,-40,0,0,0,790,-134
222.095,-40,0,0,0,790,-134
222.110,-40,0,0,0,790,-134
222.126,-40,0,0,0,790,-134
222.142,-40,0,0,0,790,-134
222.153,-40,0,0,0,790,-134
222.173,-40,0,0,0,790,-134
222.190,-40,0,0,0,790,-134
222.206,-40,0,0,0,790,-134
222.222,-40,0,0,0,790,-134
222.238,-40,0,0,0,790,-134
222.254,-40,0,0,0,790,-134
222.270,-40,0,0,0,790,-134
222.275,-40,0,0,0,790,-134
222.302,-40,0,0,0,790,-134
222.307,-40,0,0,0,790,-134
222.318,-40,0,0,0,790,-134
222.334,-40,0,0,0,790,-134
222.339,-40,0,0,0,790,-134
222.365,-40,0,0,0,790,-134
222.370,-40,0,0,0,790,-134
222.381,-40,0,0,0,790,-134
222.397,-40,0,0,0,790,-134
222.414,-40,0,0,0,790,-134
222.430,-40,0,0,0,790,-134
222.446,-40,0,0,0,790,-134
222.462,-40,0,0,0,790,-134
222.467,-40,0,0,0,790,-134
222.493,-40,0,0,0,790,-134
222.509,-40,0,0,0,790,-134
222.525,-40,0,0,0,790,-134
222.530,-40,0,0,0,790,-134
222.557,-40,0,0,0,790,-134
222.573,-40,0,0,0,790,-134
222.578,-40,0,0,0,790,-134
222.605,-40,0,0,0,790,-134
222.620,-40,0,0,0,790,-134
222.636,-40,0,0,0,790,-134
222.652,-40,0,0,0,790,-134
222.669,-40,0,0,0,790,-134
222.676,-40,0,0,0,790,-134
222.701,-40,0,0,0,790,-134
222.706,-40,0,0,0,790,-134
222.717,-40,0,0,0,790,-134
222.732,-40,0,0,0,790,-134
222.745,-40,0,0,0,790,-134
222.764,-40,0,0,0,790,-134
222.780,-40,0,0,0,790,-134
222.796,-40,0,0,0,790,-134
222.804,-40,0,0,0,790,-134
222.813,-40,0,0,0,790,-134
222.828,-40,0,0,0,790,-134
222.833,-40,0,0,0,790,-134
222.860,-40,0,0,0,790,-134
222.865,-40,0,0,0,790,-134
222.877,-40,0,0,0,790,-134
222.892,-40,0,0,0,790,-134
222.908,-40,0,0,0,790,-134
222.924,-40,0,0,0,790,-134
222.940,-40,0,0,0,790,-134
222.956,-40,0,0,0,790,-134
222.972,-40,0,0,0,790,-134
222.988,-40,0,0,0,790,-134
223.004,-40,0,0,0,790,-134
223.020,-40,0,0,0,790,-134
223.036,-40,0,0,0,790,-134
223.052,-40,0,0,0,790,-134
223.068,-40,0,0,0,790,-134
223.084,-40,0,0,0,790,-134
223.096,-40,0,0,0,790,-134
223.115,-40,0,0,0,790,-134
223.131,-40,0,0,0,790,-134
223.148,-40,0,0,0,790,-134
223.164,-40,0,0,0,790,-134
223.168,-40,0,0,0,790,-134
223.196,-40,0,0,0,790,-134
223.209,-40,0,0,0,790,-134
223.230,-40,0,0,0,790,-134
223.234,-40,0,0,0,790,-134
223.244,-40,0,0,0,790,-134
223.260,-40,0,0,0,790,-134
223.264,-40,0,0,0,790,-134
223.275,-40,0,0,0,790,-134
223.292,-40,0,0,0,790,-134
223.297,-40,0,0,0,790,-134
223.308,-40,0,0,0,790,-134
223.324,-40,0,0,0,790,-134
223.329,-40,0,0,0,790,-134
223.356,-40,0,0,0,790,-134
223.361,-40,0,0,0,790,-134
223.372,-40,0,0,0,790,-134
223.388,-40,0,0,0,790,-134
223.393,-40,0,0,0,790,-134
223.403,-40,0,0,0,790,-134
223.411,0,0,0,0,790,-134
223.435,0,0,0,0,790,-134
223.451,0,0,0,0,790,-134
223.467,0,0,0,0,790,-134
223.483,0,0,0,0,790,-134
223.499,0,0,0,0,790,-134
223.515,0,0,0,0,790,-134
223.531,0,0,0,0,790,-134
223.547,0,0,0,0,790,-134
223.563,0,0,0,0,790,-134
223.579,0,0,0,0,790,-134
223.595,0,0,0,0,790,-134
223.610,0,0,0,0,790,-134
223.627,0,0,0,0,790,-134
223.642,0,0,0,0,790,-134
223.658,0,0,0,0,790,-134
223.674,0,0,0,0,790,-134
223.691,0,0,0,0,790,-134
223.707,0,0,0,0,790,-134
223.723,0,0,0,0,790,-134
223.739,0,0,0,0,790,-134
223.755,0,0,0,0,790,-134
223.771,0,0,0,0,790,-134
223.787,0,0,0,0,790,-134
223.803,0,0,0,0,790,-134
223.819,0,0,0,0,790,-134
223.835,0,0,0,0,790,-134
223.851,0,0,0,0,790,-134
223.867,0,0,0,0,790,-134
223.883,0,0,0,0,790,-134
223.899,0,0,0,0,790,-134
223.916,0,0,0,0,790,-134
223.932,0,0,0,0,790,-134
223.948,0,0,0,0,790,-134
223.964,0,0,0,0,790,-134
223.980,0,0,0,0,790,-134
223.996,0,0,0,0,790,-134
224.012,0,0,0,0,790,-134
224.030,0,0,0,0,790,-134
224.035,0,0,0,0,790,-134
224.060,0,0,0,0,790,-134
224.076,0,0,0,0,790,-134
224.092,0,0,0,0,790,-134
224.108,0,0,0,0,790,-134
224.113,0,0,0,0,790,-134
224.140,0,0,0,0,790,-134
224.155,0,0,0,0,790,-134
224.171,0,0,0,0,790,-134
224.187,0,0,0,0,790,-134
224.198,0,0,0,0,790,-134
224.219,0,0,0,0,790,-134
224.235,0,0,0,0,790,-134
224.251,0,0,0,0,790,-134
224.267,0,0,0,0,790,-134
224.283,0,0,0,0,790,-134
224.299,0,0,0,0,790,-134
224.315,0,0,0,0,790,-134
224.331,0,0,0,0,790,-134
224.347,0,0,0,0,790,-134
224.363,0,0,0,0,790,-134
224.375,0,0,0,0,790,-134
224.395,0,0,0,0,790,-134
224.410,0,0,0,0,790,-134
224.427,0,0,0,0,790,-134
224.442,0,0,0,0,790,-134
224.459,0,0,0,0,790,-134
224.475,0,0,0,0,790,-134
224.492,0,0,0,0,790,-134
224.507,0,0,0,0,790,-134
224.523,0,0,0,0,790,-134
224.538,0,0,0,0,790,-134
224.554,0,0,0,0,790,-134
224.570,0,0,0,0,790,-134
224.586,0,0,0,0,790,-134
224.602,0,0,0,0,790,-134
224.618,0,0,0,0,790,-134
224.634,0,0,0,0,790,-134
224.650,0,0,0,0,790,-134
224.666,0,0,0,0,790,-134
224.682,0,0,0,0,790,-134
224.698,0,0,0,0,790,-134
224.714,0,0,0,0,790,-134
224.730,0,0,0,0,790,-134
224.743,0,0,0,0,790,-134
224.762,0,0,0,0,790,-134
224.778,0,0,0,0,790,-134
224.794,0,0,0,0,780,-134
224.810,0,0,0,0,780,-134
224.826,0,0,0,0,780,-134
224.838,0,0,0,0,780,-134
224.858,0,0,0,0,780,-134
224.874,0,0,0,0,780,-134
224.890,0,0,0,0,780,-134
224.906,0,0,0,0,780,-134
224.922,0,0,0,0,780,-134
224.938,0,0,0,0,780,-134
224.954,0,0,0,0,780,-134
224.970,0,0,0,0,780,-134
224.986,0,0,0,0,780,-134
225.002,0,0,0,0,780,-134
225.019,0,0,0,0,780,-134
225.034,0,0,0,0,780,-134
225.050,0,0,0,0,780,-134
225.066,0,0,0,0,780,-134
225.082,0,0,0,0,780,-134
225.098,0,0,0,0,780,-134
225.114,0,0,0,0,780,-134
225.130,0,0,0,0,780,-134
225.145,0,0,0,0,780,-134
225.161,0,0,0,0,780,-134
225.178,0,0,0,0,780,-134
225.194,0,0,0,0,780,-134
225.210,0,0,0,0,780,-134
225.226,0,0,0,0,780,-134
225.241,0,0,0,0,780,-134
225.258,0,0,0,0,780,-134
225.273,0,0,0,0,780,-134
225.289,0,0,0,0,780,-134
225.305,0,0,0,40,780,-134
225.321,0,0,0,40,780,-134
225.337,0,0,0,40,780,-134
225.353,0,0,0,40,780,-134
225.370,0,0,0,40,780,-134
225.386,0,0,0,40,780,-134
225.402,0,0,0,40,780,-134
225.418,0,0,0,40,780,-134
225.433,0,0,0,40,780,-134
225.449,0,0,0,40,780,-134
225.465,0,0,0,40,780,-134
225.482,0,0,0,40,780,-134
225.498,0,0,0,40,780,-134
225.514,0,0,0,40,780,-134
225.530,0,0,0,40,780,-134
225.546,0,0,0,40,780,-134
225.562,0,0,0,40,780,-133
225.578,0,0,0,40,780,-133
225.594,0,0,0,40,780,-133
225.610,0,0,0,40,780,-133
225.626,0,0,0,40,780,-133
225.642,0,0,0,40,780,-133
225.658,0,0,0,40,780,-133
225.674,0,0,0,40,780,-133
225.690,0,0,0,40,780,-128
225.706,0,0,0,40,780,-128
225.711,0,0,0,40,780,-128
225.738,0,0,0,40,780,-128
225.754,0,0,0,40,780,-128
225.770,0,0,0,40,780,-128
225.786,0,0,0,40,780,-128
225.802,0,0,0,40,780,-125
225.818,0,0,0,40,780,-125
225.824,0,0,0,40,780,-125
225.834,0,0,0,40,780,-125
225.850,0,0,0,0,780,-125
225.866,0,0,0,0,780,-125
225.882,0,0,0,0,780,-125
225.898,0,0,0,0,780,-125
225.913,0,0,0,0,770,-123
225.929,0,0,0,0,770,-123
225.945,0,0,0,0,770,-123
225.961,0,0,0,0,770,-123
225.977,0,0,0,0,770,-123
225.993,0,0,0,0,770,-123
226.009,0,0,0,0,770,-123
226.025,0,0,0,0,770,-121
226.041,0,0,0,40,770,-121
226.054,0,0,0,40,770,-121
226.073,0,0,0,40,770,-121
226.089,0,0,0,40,770,-121
226.105,0,0,0,40,770,-121
226.121,0,0,0,40,770,-121
226.137,0,0,0,40,770,-121
226.152,0,0,0,40,770,-121
226.169,0,0,0,40,770,-121
226.184,0,0,0,40,770,-121
226.200,0,0,0,40,770,-121
226.216,0,0,0,40,770,-121
226.232,0,0,0,40,770,-121
226.248,0,0,0,40,770,-121
226.264,0,0,0,40,770,-121
226.276,0,0,0,40,770,-121
226.296,0,0,0,40,770,-121
226.312,0,0,0,40,770,-121
226.328,0,0,0,40,770,-121
226.344,0,0,0,40,770,-121
226.359,0,0,0,0,760,-119
226.375,0,0,0,0,760,-119
226.392,0,0,0,0,760,-119
226.408,0,0,0,0,760,-119
226.423,0,0,0,0,760,-119
226.440,0,0,0,0,760,-119
226.455,0,0,0,0,760,-119
226.471,0,0,0,0,760,-116
226.487,0,0,0,0,760,-116
226.503,0,0,0,0,760,-116
226.509,0,0,0,0,760,-116
226.536,0,0,0,0,760,-116
226.550,0,0,0,0,760,-116
226.566,0,0,0,0,750,-114
226.582,0,0,0,0,750,-114
226.598,0,0,0,0,750,-114
226.614,0,0,0,0,750,-114
226.630,0,0,0,0,750,-114
226.646,0,0,0,0,750,-114
226.662,0,0,0,0,750,-114
226.674,0,0,0,0,750,-114
226.694,0,0,0,0,750,-114
226.710,0,0,0,0,750,-114
226.726,0,0,0,0,750,-114
226.741,0,0,0,0,750,-114
226.757,0,0,0,0,750,-114
226.762,0,0,0,0,750,-114
226.789,0,0,0,0,750,-114
226.805,0,0,0,0,740,-113
226.821,0,0,0,0,740,-113
226.836,0,0,0,0,740,-113
226.852,0,0,0,0,740,-113
226.868,0,0,0,0,740,-113
226.884,0,0,0,0,740,-113
226.900,0,0,0,0,740,-113
226.916,0,0,0,0,740,-113
226.932,0,0,0,0,740,-113
226.949,0,0,0,0,740,-113
226.964,0,0,0,0,740,-113
226.980,0,0,0,0,740,-113
226.995,0,0,0,0,740,-113
227.011,0,0,0,0,730,-112
227.027,0,0,0,0,730,-112
227.043,0,0,0,0,730,-112
227.059,0,0,0,0,730,-112
227.074,0,0,0,0,730,-112
227.090,0,0,0,0,730,-112
227.106,0,0,0,0,730,-112
227.121,0,0,0,0,730,-112
227.137,0,0,0,0,730,-112
227.153,0,0,0,0,730,-112
227.169,0,0,0,0,730,-112
227.185,0,0,0,0,730,-112
227.201,0,0,0,0,730,-112
227.217,0,0,0,0,730,-112
227.233,0,0,0,0,720,-112
227.248,0,0,0,0,720,-112
227.265,0,0,0,0,720,-112
227.281,0,0,0,0,720,-112
227.296,0,0,0,0,720,-112
227.312,0,0,0,0,720,-112
227.328,0,0,0,0,720,-112
227.344,0,0,0,0,720,-112
227.360,0,0,0,0,720,-112
227.376,0,0,0,0,720,-112
227.392,0,0,0,0,720,-112
227.408,0,0,0,0,720,-112
227.424,0,0,0,0,720,-112
227.440,0,0,0,0,720,-112
227.457,0,0,0,0,720,-112
227.472,0,0,0,0,720,-112
227.488,0,0,0,0,720,-112
227.503,0,0,0,0,720,-112
227.508,0,0,0,0,720,-112
227.535,0,0,0,0,720,-112
227.551,0,0,0,0,720,-112
227.567,0,0,0,0,720,-112
227.582,0,0,0,0,710,-112
227.598,0,0,0,0,710,-112
227.614,0,0,0,0,710,-112
227.630,0,0,0,0,710,-112
227.638,0,0,0,0,710,-112
227.663,0,0,0,0,710,-112
227.678,0,0,0,0,710,-112
227.694,0,0,0,0,710,-112
227.710,0,0,0,0,710,-112
227.726,0,0,0,0,710,-112
227.742,0,0,0,0,710,-112
227.758,0,0,0,0,710,-112
227.774,0,0,0,0,710,-112
227.790,0,0,0,0,710,-112
227.806,0,0,0,0,700,-112
227.822,0,0,0,0,700,-112
227.838,0,0,0,0,700,-112
227.854,0,0,0,0,700,-112
227.870,0,0,0,0,700,-112
227.886,0,0,0,0,700,-112
227.902,0,0,0,0,700,-112
227.918,0,0,0,0,700,-112
227.934,0,0,0,0,700,-112
227.949,0,0,0,0,700,-112
227.981,0,0,0,0,700,-112
227.986,0,0,0,0,700,-112
228.000,0,0,0,0,700,-112
228.028,0,0,0,0,700,-112
228.044,0,0,0,0,700,-112
228.060,0,0,0,0,700,-112
228.076,0,0,0,0,700,-112
228.092,0,0,0,0,700,-112
228.108,0,0,0,0,700,-112
228.125,0,0,0,0,690,-112
228.141,0,0,0,0,690,-112
228.157,0,0,0,0,690,-112
228.172,0,0,0,0,690,-112
228.188,0,0,0,0,690,-112
228.204,0,0,0,0,690,-112
228.221,0,0,0,0,690,-112
228.236,0,0,0,0,690,-112
228.268,0,0,0,0,680,-112
228.284,0,0,0,0,680,-112
228.299,0,0,0,0,680,-112
228.315,0,0,0,0,680,-112
228.331,0,0,0,0,680,-112
228.347,0,0,0,0,680,-112
228.363,0,0,0,0,680,-112
228.379,0,0,0,0,680,-112
228.395,0,0,0,0,680,-112
228.403,0,0,0,0,680,-112
228.427,0,0,0,0,680,-112
228.443,0,0,0,0,680,-112
228.459,0,0,0,0,680,-112
228.475,0,0,0,0,680,-112
228.491,0,0,0,0,680,-112
228.506,0,0,0,0,680,-112
228.523,0,0,0,0,680,-112
228.538,0,0,0,0,680,-112
228.554,0,0,0,0,680,-112
228.570,0,0,0,0,680,-112
228.586,0,0,0,0,670,-112
228.602,0,0,0,0,670,-112
228.618,0,0,0,0,670,-112
228.650,0,0,0,0,670,-112
228.665,0,0,0,0,670,-112
228.681,0,0,0,0,660,-112
228.697,0,0,0,0,660,-112
228.713,0,0,0,0,660,-112
228.729,0,0,0,0,660,-112
228.745,0,0,0,0,660,-112
228.761,0,0,0,0,660,-112
228.777,0,0,0,0,660,-112
228.793,0,0,0,0,650,-112
228.809,0,0,0,0,650,-112
228.824,0,0,0,0,650,-112
228.840,0,0,0,0,650,-112
228.856,0,0,0,0,650,-112
228.872,0,0,0,0,650,-112
228.888,0,0,0,0,650,-112
228.904,0,0,0,0,640,-112
228.920,0,0,0,0,640,-112
228.936,0,0,0,0,640,-112
228.952,0,0,0,0,640,-112
228.968,0,0,0,0,640,-112
228.984,0,0,0,0,640,-112
229.000,0,0,0,0,640,-112
229.016,0,0,0,0,630,-112
229.032,0,0,0,0,630,-112
229.047,0,0,0,0,630,-112
229.059,0,0,0,0,630,-112
229.079,0,0,0,0,630,-112
229.095,0,0,0,0,630,-112
229.111,0,0,0,0,630,-112
229.127,0,0,0,0,620,-112
229.143,0,0,0,0,620,-112
229.159,0,0,0,0,620,-112
229.175,0,0,0,0,620,-112
229.191,0,0,0,0,620,-112
229.203,0,0,0,0,620,-112
229.211,0,0,0,0,620,-112
229.223,0,0,0,0,620,-112
229.239,0,0,0,0,620,-112
229.254,0,0,0,0,590,-112
229.270,0,0,0,0,590,-112
229.286,0,0,0,0,590,-112
229.302,0,0,0,0,590,-112
229.318,0,0,0,0,590,-112
229.334,0,0,0,0,590,-112
229.349,0,0,0,0,590,-112
229.365,0,0,0,0,590,-112
229.381,0,0,0,0,590,-112
229.397,0,0,0,0,590,-112
229.413,0,0,0,0,590,-112
229.429,0,0,0,0,590,-112
229.445,0,0,0,0,590,-112
229.461,0,0,0,0,590,-112
229.476,0,0,0,0,560,-112
229.492,0,0,0,0,560,-112
229.508,0,0,0,0,560,-112
229.524,0,0,0,0,560,-112
229.532,0,0,0,0,560,-112
229.555,0,0,0,0,560,-112
229.571,0,0,0,0,550,-112
229.587,0,0,0,0,550,-112
229.602,0,0,0,0,550,-112
229.618,0,0,0,0,550,-112
229.634,0,0,0,0,550,-112
229.650,0,0,0,0,550,-112
229.666,0,0,0,0,550,-112
229.683,0,0,0,0,530,-112
229.698,0,0,0,0,530,-112
229.714,0,0,0,0,530,-112
229.730,0,0,0,0,530,-112
229.746,0,0,0,0,530,-112
229.762,0,0,0,0,530,-112
229.778,0,0,0,0,530,-112
229.794,0,0,0,0,510,-112
229.809,0,0,0,0,510,-112
229.825,0,0,0,0,510,-112
229.840,0,0,0,0,510,-112
229.856,0,0,0,0,510,-112
229.872,0,0,0,0,510,-112
229.888,0,0,0,0,510,-112
229.904,0,0,0,0,480,-112
229.915,0,0,0,0,480,-112
229.936,0,0,0,0,480,-112
229.952,0,0,0,0,480,-112
229.967,0,0,0,0,480,-112
229.983,0,0,0,0,480,-112
229.999,0,0,0,0,480,-112
230.015,0,0,0,0,480,-112
230.028,0,0,0,0,480,-112
230.047,0,0,0,0,480,-112
230.063,0,0,0,0,480,-112
230.078,0,0,0,0,480,-112
230.094,0,0,0,0,480,-112
230.110,0,0,0,0,480,-112
230.126,0,0,0,0,470,-112
230.142,0,0,0,0,470,-112
230.158,0,0,0,0,470,-112
230.174,0,0,0,0,470,-112
230.190,0,0,0,0,470,-112
230.205,0,0,0,0,470,-112
230.221,0,0,0,0,470,-112
230.237,0,0,0,0,430,-112
230.252,0,0,0,0,430,-112
230.268,0,0,0,0,430,-112
230.284,0,0,0,0,430,-112
230.299,0,0,0,0,430,-112
230.315,0,0,0,0,430,-112
230.331,0,0,0,0,430,-112
230.340,0,0,0,0,430,-112
230.363,0,0,0,0,420,-112
230.369,0,0,0,0,420,-112
230.394,0,0,0,0,420,-112
230.410,0,0,0,0,420,-112
230.425,0,0,0,0,420,-112
230.441,0,0,0,0,420,-112
230.457,0,0,0,0,400,-111
230.473,0,0,0,0,400,-111
230.489,0,0,0,0,400,-111
230.505,0,0,0,0,400,-111
230.521,0,0,0,0,400,-111
230.537,0,0,0,0,400,-111
230.553,0,0,0,0,400,-111
230.564,0,0,0,0,400,-111
230.585,0,0,0,0,380,-112
230.600,0,0,0,0,380,-112
230.617,0,0,0,0,380,-112
230.633,0,0,0,0,380,-112
230.640,0,0,0,0,380,-112
230.666,0,0,0,0,380,-112
230.680,0,0,0,0,360,-112
230.696,0,0,0,0,360,-112
230.712,0,0,0,0,360,-112
230.728,0,0,0,0,360,-112
230.740,0,0,0,0,360,-112
230.760,0,0,0,0,360,-112
230.776,0,0,0,0,360,-112
230.792,0,0,0,0,340,-112
230.808,0,0,0,0,340,-112
230.824,0,0,0,0,340,-112
230.840,0,0,0,0,340,-112
230.856,0,0,0,0,340,-112
230.872,0,0,0,0,340,-112
230.888,0,0,0,0,340,-112
230.904,0,0,0,0,340,-112
230.920,0,0,0,0,330,-112
230.939,0,0,0,0,330,-112
230.955,0,0,0,0,330,-112
230.971,0,0,0,0,330,-112
230.984,0,0,0,0,330,-112
231.002,0,0,0,0,330,-112
231.018,0,0,0,0,310,-112
231.034,0,0,0,0,310,-112
231.050,0,0,0,0,310,-112
231.066,0,0,0,0,310,-112
231.081,0,0,0,0,310,-112
231.097,0,0,0,0,310,-112
231.112,0,0,0,0,310,-112
231.128,0,0,0,0,280,-112
231.141,0,0,0,0,280,-112
231.160,0,0,0,0,280,-112
231.175,0,0,0,0,280,-112
231.191,0,0,0,0,280,-112
231.207,0,0,0,0,280,-112
231.223,0,0,0,0,280,-112
231.239,0,0,0,0,270,-112
231.255,0,0,0,0,270,-112
231.271,0,0,0,0,270,-112
231.287,0,0,0,0,270,-112
231.303,0,0,0,0,270,-112
231.318,0,0,0,0,270,-112
231.334,0,0,0,0,270,-112
231.350,0,0,0,0,270,-112
231.366,0,0,0,0,270,-112
231.376,0,0,0,0,270,-112
231.398,0,0,0,0,270,-112
231.414,0,0,0,0,270,-112
231.430,0,0,0,0,270,-112
231.446,0,0,0,0,270,-112
231.462,0,0,0,0,260,-111
231.477,0,0,0,0,260,-111
231.488,0,0,0,0,260,-111
231.509,0,0,0,0,260,-111
231.525,0,0,0,0,260,-111
231.541,0,0,0,0,260,-111
231.558,0,0,0,0,260,-111
231.574,0,0,0,0,250,-111
231.605,0,0,0,0,250,-111
231.642,0,0,0,0,250,-111
231.683,0,0,0,0,250,-111
231.740,0,0,0,0,250,-111
231.782,0,0,0,0,250,-111
231.830,0,0,0,0,240,-111
231.855,0,0,0,0,240,-111
231.877,0,0,0,0,240,-111
231.895,0,0,0,0,240,-111
231.917,0,0,0,0,240,-111
231.930,0,0,0,0,240,-111
231.944,0,0,0,0,240,-111
231.974,0,0,0,0,240,-111
231.998,0,0,0,0,240,-111
232.021,0,0,0,0,240,-111
232.034,0,0,0,0,240,-111
232.050,0,0,0,0,240,-111
232.067,0,0,0,0,240,-111
232.082,0,0,0,0,240,-111
232.107,0,0,0,0,240,-112
232.123,0,0,0,0,240,-112
232.140,0,0,0,0,240,-112
232.154,0,0,0,0,240,-112
232.170,0,0,0,0,240,-112
232.186,0,0,0,0,240,-112
232.202,0,0,0,0,240,-112
232.217,0,0,0,0,240,-112
232.233,0,0,0,0,240,-112
232.249,0,0,0,0,240,-112
232.265,0,0,0,0,240,-112
232.281,0,0,0,0,240,-112
232.297,0,0,0,0,240,-112
232.311,0,0,0,0,240,-112
232.328,0,0,0,0,240,-112
232.343,0,0,0,0,240,-112
232.359,0,0,0,0,240,-112
232.374,0,0,0,0,240,-112
232.384,0,0,0,0,240,-112
232.400,0,0,0,0,240,-112
232.413,0,0,0,0,240,-112
232.425,0,0,0,0,240,-112
232.453,0,0,0,0,240,-112
232.469,0,0,0,0,240,-112
232.482,0,0,0,0,240,-112
232.500,0,0,0,0,240,-112
232.516,0,0,0,0,240,-112
232.532,0,0,0,0,240,-112
232.548,0,0,0,0,240,-112
232.566,0,0,0,0,240,-112
232.579,0,0,0,0,240,-112
232.595,0,0,0,0,240,-112
232.611,0,0,0,0,240,-112
232.616,0,0,0,0,240,-112
232.643,0,0,0,0,240,-112
232.648,0,0,0,0,240,-112
232.675,0,0,0,0,240,-112
232.690,0,0,0,0,240,-112
232.707,0,0,0,0,240,-112
232.722,0,0,0,0,240,-112
232.737,0,0,0,0,240,-112
232.749,0,0,0,0,240,-112
232.769,0,0,0,0,240,-112
232.785,0,0,0,0,240,-112
232.803,0,0,0,0,240,-112
232.817,0,0,0,0,240,-112
232.831,0,0,0,0,240,-112
232.848,0,0,0,0,240,-112
232.864,0,0,0,0,240,-112
232.879,0,0,0,0,240,-112
232.895,0,0,0,0,240,-112
232.911,0,0,0,0,240,-112
232.927,0,0,0,0,240,-112
232.944,0,0,0,0,240,-112
232.960,0,0,0,0,240,-112
232.976,0,0,0,0,240,-112
232.981,0,0,0,0,240,-112
232.996,0,0,0,0,240,-112
233.011,0,0,0,0,240,-112
233.039,0,0,0,0,240,-112
233.044,0,0,0,0,240,-112
233.070,0,0,0,0,240,-112
233.086,0,0,0,0,240,-112
233.091,0,0,0,0,240,-112
233.117,0,0,0,0,240,-112
233.133,0,0,0,0,240,-112
233.147,0,0,0,0,240,-112
233.165,0,0,0,0,240,-112
233.176,0,0,0,0,240,-112
233.196,0,0,0,0,240,-112
233.212,0,0,0,0,240,-112
233.230,0,0,0,0,240,-112
233.244,0,0,0,0,240,-112
233.260,0,0,0,0,240,-112
233.276,0,0,0,0,240,-112
233.292,0,0,0,0,240,-112
233.308,0,0,0,0,240,-112
233.323,0,0,0,0,240,-112
233.341,0,0,0,0,240,-112
233.355,0,0,0,0,240,-112
233.369,0,0,0,0,240,-112
233.387,0,0,0,0,240,-112
233.403,0,0,0,0,240,-112
233.421,0,40,0,0,240,-112
233.437,0,40,0,0,240,-112
233.450,0,40,0,0,240,-112
233.468,0,40,0,0,240,-112
233.474,0,40,0,0,240,-112
233.498,0,40,0,0,240,-112
233.513,0,40,0,0,240,-112
233.529,0,40,0,0,240,-112
233.560,0,40,0,0,240,-112
233.576,0,40,0,0,240,-112
233.592,0,40,0,0,240,-112
233.608,0,40,0,0,240,-112
233.624,0,40,0,0,240,-112
233.640,0,40,0,0,240,-112
233.651,0,40,0,0,240,-112
233.671,0,40,0,0,240,-112
233.686,0,40,0,0,240,-112
233.705,0,40,0,0,240,-112
233.719,0,40,0,0,240,-112
233.735,0,40,0,0,240,-112
233.749,0,40,0,0,240,-112
233.761,0,40,0,0,240,-112
233.782,0,40,0,0,240,-112
233.798,0,40,0,0,240,-112
233.808,0,40,0,0,240,-112
233.830,0,40,0,0,240,-112
233.846,0,40,0,0,240,-112
233.862,0,40,0,0,240,-112
233.878,0,40,0,0,240,-112
233.895,0,40,0,0,240,-112
233.909,0,40,0,0,240,-112
233.924,0,40,0,0,240,-112
233.942,0,40,0,0,240,-112
233.950,0,40,0,0,240,-112
233.963,0,40,0,0,240,-112
233.973,0,40,0,0,240,-112
233.977,0,40,0,0,240,-112
233.994,0,40,0,0,240,-112
234.007,0,0,0,0,240,-112
234.023,0,0,0,0,240,-112
234.037,0,0,0,0,240,-112
234.057,0,0,0,0,240,-112
234.070,0,0,0,0,240,-112
234.091,0,0,0,0,240,-112
234.104,0,0,0,0,240,-112
234.112,0,0,0,0,240,-112
234.127,0,0,0,0,240,-112
234.143,0,0,0,0,240,-112
234.159,0,0,0,0,240,-112
234.176,0,0,0,0,240,-112
234.192,0,0,0,0,240,-112
234.209,0,0,0,0,240,-112
234.229,0,0,0,0,240,-112
234.250,0,0,0,0,240,-112
234.258,0,0,0,0,240,-112
234.274,0,0,0,0,240,-112
234.291,0,0,0,0,240,-112
234.306,0,0,0,0,240,-112
234.323,0,0,0,0,240,-112
234.338,0,0,0,0,240,-112
234.351,0,0,0,0,240,-112
234.364,0,0,0,0,240,-112
234.381,0,0,0,0,240,-112
234.395,0,0,0,0,240,-112
234.406,0,0,0,0,240,-112
234.422,0,0,0,0,240,-112
234.439,0,0,0,0,240,-112
234.454,0,0,0,0,240,-112
234.470,0,0,0,0,240,-112
234.487,0,0,0,0,240,-112
234.508,0,0,0,0,240,-112
234.527,0,0,0,0,240,-112
234.535,0,0,0,0,240,-112
234.546,0,0,0,0,240,-112
234.560,0,0,0,0,240,-112
234.577,0,0,0,0,240,-112
234.596,0,0,0,0,240,-112
234.609,0,0,0,0,240,-112
234.625,0,0,0,0,240,-112
234.642,0,0,0,0,240,-112
234.658,0,0,0,0,240,-112
234.674,0,0,0,0,240,-112
234.700,0,0,0,0,240,-112
234.717,0,0,0,0,240,-112
234.731,0,0,0,0,240,-112
234.741,0,0,0,0,240,-112
234.753,0,0,0,0,240,-112
234.775,0,0,0,0,240,-112
234.791,0,0,0,0,240,-112
234.815,0,0,0,0,240,-112
234.831,0,0,0,0,240,-112
234.847,0,0,0,0,240,-112
234.863,0,0,0,0,240,-112
234.879,0,0,0,0,240,-112
234.894,0,0,0,0,240,-112
234.910,0,0,0,0,240,-112
234.921,0,0,0,0,240,-112
234.943,0,0,0,0,240,-112
234.958,0,0,0,0,240,-112
234.974,0,0,0,0,240,-112
234.990,0,0,0,0,240,-112
235.006,0,0,0,0,240,-112
235.022,0,0,0,0,240,-112
235.038,0,0,0,0,240,-112
235.054,0,0,0,0,240,-112
235.070,0,0,0,0,240,-112
235.086,0,0,0,0,240,-112
235.102,0,0,0,0,240,-111
235.118,0,0,0,0,240,-111
235.133,0,0,0,0,240,-111
235.149,0,0,0,0,240,-111
235.165,0,0,0,0,240,-111
235.181,0,0,0,0,240,-111
235.197,0,0,0,0,240,-111
235.213,0,0,0,0,240,-111
235.229,0,0,0,0,240,-111
235.245,0,0,0,0,240,-111
235.261,0,0,0,0,240,-111
235.277,0,0,0,0,240,-111
235.293,0,0,0,0,240,-111
235.309,0,0,0,0,240,-111
235.325,0,0,0,0,240,-111
235.341,0,0,0,0,240,-111
235.357,0,0,0,0,240,-111
235.373,0,0,0,0,240,-111
235.389,0,0,0,0,240,-111
235.405,0,0,0,0,240,-111
235.421,0,0,0,0,240,-111
235.437,0,0,0,0,240,-111
235.453,0,0,0,0,240,-111
235.469,0,0,0,0,240,-111
235.485,0,0,0,0,240,-111
235.502,0,0,0,0,240,-111
235.517,0,0,0,0,240,-111
235.533,0,0,0,0,230,-111
235.549,0,0,0,0,230,-111
235.565,0,0,0,0,230,-111
235.581,0,0,0,0,230,-111
235.597,0,0,0,0,230,-111
235.613,0,0,0,0,230,-111
235.628,0,0,0,0,230,-111
235.645,0,0,0,0,230,-112
235.660,0,0,0,0,230,-112
235.676,0,0,0,0,230,-112
235.692,0,0,0,0,230,-112
235.708,0,0,0,0,230,-112
235.726,0,0,0,0,230,-112
235.740,0,0,0,0,230,-112
235.756,0,0,0,0,230,-112
235.772,0,0,0,0,230,-112
235.788,0,0,0,0,230,-112
235.805,0,0,0,0,230,-112
235.820,0,0,0,0,230,-112
235.836,0,0,0,0,230,-112
