t_rel,lr,fb,ud,yaw,height_cm,yaw_deg
0.175,0,0,0,0,0,1
0.261,0,0,0,0,0,1
0.277,0,0,0,0,0,1
0.291,0,0,0,0,0,1
0.305,0,0,0,0,0,1
0.315,0,0,0,0,0,1
0.345,0,0,0,0,0,1
0.361,0,0,0,0,0,1
0.365,0,0,0,0,0,1
0.379,0,0,0,0,0,1
0.392,0,0,0,0,0,1
0.410,0,0,0,0,0,1
0.424,0,0,0,0,0,1
0.440,0,0,0,0,0,1
0.456,0,0,0,0,0,1
0.472,0,0,0,0,0,1
0.488,0,0,0,0,0,1
0.504,0,0,0,0,0,1
0.519,0,0,0,0,0,1
0.535,0,0,0,0,0,1
0.551,0,0,0,0,0,1
0.567,0,0,0,0,0,1
0.583,0,0,0,0,0,1
0.599,0,0,0,0,0,1
0.616,0,0,0,0,0,1
0.631,0,0,0,0,0,1
0.647,0,0,0,0,0,1
0.663,0,0,0,0,0,1
0.679,0,0,0,0,0,1
0.695,0,0,0,0,0,1
0.710,0,0,0,0,0,1
0.728,0,0,0,0,0,1
0.744,0,0,0,0,0,1
0.759,0,0,0,0,0,1
0.774,0,0,0,0,0,1
0.790,0,0,0,0,0,1
0.799,0,0,0,0,0,1
0.816,0,0,0,0,0,1
0.823,0,0,0,0,0,1
0.847,0,0,0,0,0,1
0.852,0,0,0,0,0,1
0.878,0,0,0,0,0,1
0.894,0,0,0,0,0,1
0.910,0,0,0,0,0,1
0.926,0,0,0,0,0,1
0.944,0,0,0,0,0,1
0.958,0,0,0,0,0,1
0.974,0,0,0,0,0,1
0.983,0,0,0,0,0,1
0.998,0,0,0,0,0,1
1.014,0,0,0,0,0,1
1.030,0,0,0,0,0,1
1.046,0,0,0,0,0,1
1.062,0,0,0,0,0,1
1.077,0,0,0,0,0,1
1.093,0,0,0,0,0,1
1.109,0,0,0,0,0,1
1.125,0,0,0,0,0,1
1.141,0,0,0,0,0,1
1.151,0,0,0,0,0,1
1.165,0,0,0,0,0,1
1.181,0,0,0,0,0,1
1.197,0,0,0,0,0,1
1.215,0,0,0,0,0,1
1.229,0,0,0,0,0,1
1.245,0,0,0,0,0,1
1.261,0,0,0,0,0,1
1.277,0,0,0,0,0,1
1.294,0,0,0,0,0,1
1.310,0,0,0,0,0,1
1.316,0,0,0,0,0,1
1.326,0,0,0,0,0,1
1.342,0,0,0,0,0,1
1.358,0,0,0,0,0,1
1.366,0,0,0,0,0,1
1.383,0,0,0,0,0,1
1.399,0,0,0,0,0,1
1.416,0,0,0,0,0,1
1.430,0,0,0,0,0,1
1.447,0,0,0,0,0,1
1.463,0,0,0,0,0,1
1.478,0,0,0,0,0,1
1.494,0,0,0,0,0,1
1.511,0,0,0,0,0,1
1.527,0,0,0,0,0,1
1.545,0,0,0,0,0,1
1.554,0,0,0,0,0,1
1.566,0,0,0,0,0,1
1.576,0,0,0,0,0,1
1.592,0,0,0,0,0,1
1.607,0,0,0,0,0,1
1.625,0,0,0,0,0,1
1.640,0,0,0,0,0,1
1.656,0,0,0,0,0,1
1.672,0,0,0,0,0,1
1.688,0,0,0,0,0,1
1.702,0,0,0,0,0,1
1.720,0,0,0,0,0,1
1.738,0,0,0,0,0,1
1.752,0,0,0,0,0,1
1.768,0,0,0,0,0,1
1.784,0,0,0,0,0,1
1.794,0,0,0,0,0,1
1.816,0,0,0,0,0,1
1.832,0,0,0,0,0,1
1.847,0,0,0,0,0,1
1.863,0,0,0,0,0,1
1.879,0,0,0,0,0,1
1.895,0,0,0,0,0,1
1.911,0,0,0,0,0,1
1.928,0,0,0,0,0,1
1.943,0,0,0,0,0,1
1.959,0,0,0,0,0,1
1.975,0,0,0,0,0,1
1.991,0,0,0,0,0,1
2.007,0,0,0,0,0,1
2.023,0,0,0,0,0,1
2.040,0,0,0,0,0,1
2.055,0,0,0,0,0,1
2.070,0,0,0,0,0,1
2.086,0,0,0,0,0,1
2.102,0,0,0,0,0,1
2.117,0,0,0,0,0,1
2.134,0,0,0,0,0,1
2.357,0,0,0,0,0,1
2.373,0,0,0,0,0,1
2.386,0,0,0,0,0,1
2.405,0,0,0,0,0,1
2.421,0,0,0,0,0,1
2.437,0,0,0,0,0,1
2.453,0,0,0,0,0,1
2.471,0,0,0,0,0,1
2.487,0,0,0,0,0,1
2.501,0,0,0,0,0,1
2.517,0,0,0,0,0,1
2.533,0,0,0,0,0,1
7.384,0,0,0,0,80,0
7.404,0,0,0,0,80,0
7.420,0,0,0,0,80,0
7.436,0,0,0,0,80,0
7.451,0,0,0,0,80,0
7.467,0,0,0,0,80,0
7.483,0,0,0,0,80,0
7.499,0,0,0,0,80,0
7.516,0,0,0,0,80,0
7.531,0,0,0,0,80,0
7.546,0,0,0,0,80,0
7.562,0,0,0,0,70,0
7.578,0,0,0,0,70,0
7.596,0,0,0,0,70,0
7.625,0,0,0,0,70,0
7.641,0,0,0,0,70,0
7.656,0,0,0,0,70,0
7.672,0,0,0,0,70,0
7.689,0,0,0,0,70,0
7.704,0,0,0,0,70,0
7.720,0,0,0,0,70,0
7.736,0,0,0,0,70,0
7.751,0,0,0,0,70,0
7.767,0,0,0,0,70,0
7.783,0,0,0,0,70,0
7.787,0,0,0,0,70,0
7.814,0,0,0,0,70,0
7.830,0,0,0,0,70,0
7.846,0,0,0,0,70,0
7.862,0,0,0,0,70,0
7.878,0,0,0,0,70,0
7.893,0,0,0,0,70,0
7.910,0,0,0,0,70,0
7.926,0,0,0,0,70,0
7.942,0,0,0,0,70,0
7.958,0,0,0,0,70,0
7.973,0,0,0,0,70,0
7.989,0,0,0,0,70,1
8.005,0,0,0,0,70,1
8.021,0,0,0,0,70,1
8.037,0,0,0,0,70,1
8.052,0,0,0,0,70,1
8.068,0,0,0,0,70,1
8.084,0,0,0,0,70,1
8.100,0,0,0,0,70,1
8.131,0,0,0,0,70,1
8.147,0,0,0,0,70,1
8.163,0,0,0,0,70,1
8.172,0,0,0,0,70,1
8.196,0,0,0,0,70,1
8.212,0,0,0,0,70,0
8.228,0,0,0,0,70,0
8.244,0,0,0,0,70,0
8.260,0,0,0,0,70,0
8.276,0,0,0,0,70,0
8.292,0,0,0,0,70,0
8.308,0,0,0,0,70,0
8.324,0,0,0,0,70,0
8.340,0,0,0,0,70,0
8.345,0,0,0,0,70,0
8.369,0,0,0,0,70,0
8.388,0,0,0,0,70,0
8.404,0,0,0,0,70,0
8.419,0,0,0,0,70,0
8.436,0,0,0,0,70,0
8.452,0,0,0,0,70,0
8.468,0,0,0,0,70,0
8.484,0,0,0,0,70,0
8.500,0,0,0,0,70,0
8.516,0,0,40,0,70,0
8.523,0,0,40,0,70,0
8.548,0,0,40,0,70,0
8.564,0,0,40,0,70,0
8.580,0,0,40,0,70,0
8.596,0,0,40,0,70,0
8.612,0,0,40,0,70,0
8.628,0,0,40,0,70,0
8.644,0,0,40,0,70,0
8.655,0,0,40,0,70,0
8.675,0,0,40,0,70,1
8.692,0,0,40,0,70,1
8.708,0,0,40,0,70,1
8.723,0,0,40,0,70,1
8.739,0,0,40,0,70,1
8.755,0,0,40,0,70,1
8.771,0,0,40,0,70,1
8.786,0,0,40,0,70,1
8.802,0,0,40,0,70,1
8.818,0,0,40,0,70,1
8.834,0,0,40,0,70,1
8.850,0,0,40,0,70,1
8.866,0,0,40,0,70,1
8.882,0,0,40,0,70,0
8.898,0,0,40,0,70,0
8.914,0,0,40,0,70,0
8.930,0,0,40,0,70,0
8.946,0,0,40,0,70,0
8.963,0,0,40,0,70,0
8.979,0,0,40,0,70,0
8.995,0,0,40,0,70,0
9.011,0,0,40,0,80,0
9.016,0,0,40,0,80,0
9.043,0,0,40,0,80,0
9.058,0,0,40,0,80,0
9.074,0,0,40,0,80,0
9.090,0,0,40,0,80,0
9.095,0,0,40,0,80,0
9.108,0,0,40,0,80,0
9.138,0,0,40,0,80,0
9.153,0,0,40,0,80,0
9.169,0,0,40,0,80,0
9.174,0,0,40,0,80,0
9.201,0,0,40,0,80,0
9.217,0,0,40,0,80,0
9.222,0,0,40,0,80,0
9.233,0,0,40,0,80,0
9.249,0,0,40,0,80,0
9.265,0,0,40,0,80,0
9.280,0,0,40,0,80,0
9.296,0,0,40,0,80,0
9.312,0,0,40,0,80,0
9.328,0,0,40,0,80,0
9.344,0,0,40,0,80,0
9.360,0,0,40,0,80,0
9.370,0,0,40,0,80,0
9.392,0,0,40,0,80,0
9.397,0,0,40,0,80,0
9.408,0,0,40,0,80,0
9.424,0,0,40,0,80,0
9.429,0,0,40,0,80,0
9.439,0,0,40,0,80,0
9.455,0,0,40,0,80,0
9.460,0,0,40,0,80,0
9.471,0,0,40,0,80,0
9.487,0,0,40,0,80,0
9.492,0,0,40,0,80,0
9.518,0,0,40,0,80,0
9.528,0,0,40,0,80,0
9.549,0,0,40,0,80,0
9.558,0,0,40,0,90,0
9.565,0,0,40,0,90,0
9.580,0,0,40,0,90,0
9.596,0,0,40,0,90,0
9.608,0,0,40,0,90,0
9.623,0,0,40,0,90,0
9.644,0,0,40,0,90,0
9.660,0,0,40,0,90,0
9.676,0,0,40,0,90,0
9.692,0,0,40,0,90,0
9.708,0,0,40,0,90,0
9.723,0,0,40,0,90,0
9.739,0,0,40,0,90,0
9.755,0,0,40,0,90,0
9.768,0,0,40,0,90,0
9.786,0,0,40,0,90,0
9.791,0,0,40,0,90,0
9.802,0,0,40,0,90,0
9.818,0,0,40,0,90,0
9.824,0,0,40,0,90,0
9.834,0,0,40,0,90,0
9.850,0,0,40,0,90,0
9.855,0,0,40,0,90,0
9.866,0,0,40,0,90,0
9.882,0,0,40,0,90,0
9.891,0,0,40,0,100,1
9.913,0,0,40,0,100,1
9.929,0,0,40,0,100,1
9.935,0,0,40,0,100,1
9.954,0,0,40,0,100,1
9.961,0,0,40,0,100,1
9.977,0,0,40,0,100,1
9.993,0,0,40,0,100,1
10.009,0,0,40,0,100,1
10.017,0,0,40,0,100,1
10.041,0,0,40,0,100,1
10.056,0,0,40,0,100,1
10.072,0,0,40,0,100,1
10.088,0,0,40,0,100,1
10.104,0,0,40,0,110,0
10.120,0,0,40,0,110,0
10.136,0,0,40,0,110,0
10.152,0,0,40,0,110,0
10.160,0,0,40,0,110,0
10.183,0,0,40,0,110,0
10.189,0,0,40,0,110,0
10.199,0,0,40,0,110,0
10.215,0,0,40,0,110,0
10.224,0,0,40,0,110,0
10.247,0,0,40,0,110,0
10.252,0,0,40,0,110,0
10.263,0,0,40,0,110,0
10.290,0,0,40,0,110,0
10.309,0,0,40,0,110,0
10.325,0,0,40,0,110,1
10.337,0,0,40,0,110,1
10.351,0,0,40,0,110,1
10.357,0,0,40,0,110,1
10.373,0,0,40,0,110,1
10.388,0,0,40,0,110,1
10.398,0,0,40,0,110,1
10.420,0,0,40,0,110,1
10.429,0,0,40,0,110,1
10.452,0,0,40,0,120,1
10.465,0,0,40,0,120,1
10.482,0,0,40,0,120,1
10.487,0,0,40,0,120,1
10.498,0,0,40,0,120,1
10.514,0,0,40,0,120,1
10.525,0,0,40,0,120,1
10.546,0,0,40,0,120,1
10.551,0,0,40,0,120,1
10.562,0,0,40,0,120,1
10.578,0,0,40,0,120,1
10.583,0,0,40,0,120,1
10.593,0,0,40,0,120,1
10.609,0,0,40,0,120,1
10.614,0,0,40,0,120,1
10.625,0,0,40,0,120,1
10.641,0,0,40,0,120,1
10.653,0,0,40,0,120,1
10.673,0,0,40,0,120,0
10.692,0,0,40,0,120,0
10.702,0,0,40,0,120,0
10.721,0,0,40,0,120,0
10.737,0,0,40,0,120,0
10.752,0,0,40,0,120,0
10.768,0,0,40,0,130,0
10.773,0,0,40,0,130,0
10.784,0,0,40,0,130,0
10.800,0,0,40,0,130,0
10.816,0,0,40,0,130,0
10.831,0,0,40,0,130,0
10.847,0,0,40,0,130,0
10.860,0,0,40,0,130,0
10.878,0,0,40,0,130,0
10.883,0,0,40,0,130,0
10.910,0,0,40,0,130,0
10.915,0,0,40,0,130,0
10.926,0,0,40,0,130,0
10.940,0,0,40,0,130,0
10.945,0,0,40,0,130,0
10.974,0,0,40,0,130,0
10.979,0,0,40,0,130,0
10.991,0,0,40,0,130,0
11.005,0,0,40,0,130,0
11.019,0,0,40,0,130,0
11.029,0,0,40,0,130,0
11.037,0,0,40,0,130,0
11.053,0,0,40,0,130,0
11.065,0,0,40,0,130,0
11.085,0,0,40,0,130,0
11.098,0,0,40,0,130,0
11.117,0,0,40,0,140,0
11.132,0,0,40,0,140,0
11.145,0,0,40,0,140,0
11.154,0,0,40,0,140,0
11.168,0,0,40,0,140,0
11.180,0,0,40,0,140,0
11.196,0,0,40,0,140,0
11.212,0,0,40,0,140,0
11.227,0,0,40,0,140,0
11.244,0,0,40,0,140,0
11.262,0,0,40,0,140,0
11.275,0,0,40,0,140,0
11.291,0,0,40,0,140,0
11.307,0,0,40,0,140,0
11.324,0,0,40,0,140,0
11.339,0,0,40,0,140,0
11.345,0,0,40,0,140,0
11.355,0,0,40,0,140,0
11.370,0,0,40,0,140,0
11.384,0,0,40,0,140,0
11.390,0,0,40,0,140,0
11.404,0,0,40,0,140,0
11.409,0,0,40,0,140,0
11.428,0,0,40,0,150,0
11.445,0,0,40,0,150,0
11.461,0,0,40,0,150,0
11.479,0,0,40,0,150,0
11.493,0,0,40,0,150,0
11.511,0,0,40,0,150,0
11.520,0,0,40,0,150,0
11.535,0,0,40,0,150,0
11.549,0,0,40,0,160,0
11.561,0,0,40,0,160,0
11.575,0,0,40,0,160,0
11.591,0,0,40,0,160,0
11.606,0,0,40,0,160,0
11.622,0,0,40,0,160,0
11.638,0,0,40,0,160,0
11.654,0,0,40,0,160,0
11.670,0,0,40,0,160,0
11.686,0,0,40,0,160,0
11.702,0,0,40,0,160,0
11.707,0,0,40,0,160,0
11.733,0,0,40,0,160,0
11.749,0,0,40,0,160,0
11.766,0,0,40,0,160,0
11.772,0,0,40,0,160,0
11.798,0,0,40,0,160,0
11.802,0,0,40,0,160,0
11.830,0,0,40,0,160,0
11.845,0,0,40,0,160,0
11.857,0,0,40,0,160,0
11.877,0,0,40,0,170,0
11.889,0,0,40,0,170,0
11.908,0,0,40,0,170,0
11.924,0,0,40,0,170,0
11.940,0,0,40,0,170,0
11.956,0,0,40,0,170,0
11.972,0,0,40,0,170,0
11.988,0,0,40,0,170,0
12.004,0,0,40,0,170,0
12.036,0,0,40,0,170,0
12.052,0,0,40,0,170,0
12.068,0,0,40,0,170,0
12.083,0,0,40,0,180,0
12.088,0,0,40,0,180,0
12.115,0,0,40,0,180,0
12.130,0,0,40,0,180,0
12.136,0,0,40,0,180,0
12.146,0,0,40,0,180,0
12.162,0,0,40,0,180,0
12.167,0,0,40,0,180,0
12.179,0,0,40,0,180,0
12.194,0,0,40,0,180,1
12.199,0,0,40,0,180,1
12.210,0,0,40,0,180,1
12.225,0,0,40,0,180,1
12.230,0,0,40,0,180,1
12.257,0,0,40,0,180,1
12.273,0,0,40,0,180,1
12.285,0,0,40,0,180,1
12.297,0,0,40,0,180,1
12.307,0,0,40,0,180,1
12.321,0,0,40,0,180,1
12.337,0,0,40,0,180,1
12.353,0,0,40,0,180,1
12.358,0,0,40,0,180,1
12.385,0,0,40,0,180,1
12.390,0,0,40,0,180,1
12.417,0,0,40,0,180,1
12.428,0,0,40,0,190,1
12.449,0,0,40,0,190,1
12.464,0,0,40,0,190,1
12.478,0,0,40,0,190,1
12.496,0,0,40,0,190,1
12.512,0,0,40,0,190,1
12.527,0,0,40,0,190,1
12.532,0,0,40,0,190,1
12.543,0,0,40,0,190,1
12.559,0,0,40,0,190,1
12.568,0,0,40,0,190,1
12.592,0,0,40,0,190,1
12.597,0,0,40,0,190,1
12.608,0,0,40,0,190,1
12.639,0,0,40,0,190,1
12.655,0,0,40,0,190,1
12.659,0,0,40,0,190,1
12.686,0,0,40,0,190,1
12.702,0,0,40,0,190,1
12.718,0,0,40,0,190,1
12.723,0,0,40,0,190,1
12.734,0,0,40,0,190,1
12.750,0,0,40,0,190,1
12.766,0,0,40,0,200,1
12.782,0,0,40,0,200,1
12.794,0,0,40,0,200,1
12.806,0,0,40,0,200,1
12.830,0,0,40,0,200,1
12.846,0,0,40,0,200,1
12.851,0,0,40,0,200,1
12.877,0,0,40,0,200,0
12.893,0,0,40,0,200,0
12.909,0,0,40,0,200,0
12.924,0,0,40,0,200,0
12.929,0,0,40,0,200,0
12.940,0,0,40,0,200,0
12.956,0,0,40,0,200,0
12.961,0,0,40,0,200,0
12.971,0,0,40,0,200,0
12.987,0,0,40,0,200,0
12.993,0,0,40,0,200,0
13.003,0,0,40,0,200,0
13.035,0,0,40,0,200,0
13.051,0,0,40,0,200,0
13.058,0,0,40,0,200,0
13.082,0,0,40,0,210,1
13.098,0,0,40,0,210,1
13.104,0,0,40,0,210,1
13.122,0,0,40,0,210,1
13.130,0,0,40,0,210,1
13.146,0,0,40,0,210,1
13.162,0,0,40,0,210,1
13.178,0,0,40,0,210,1
13.185,0,0,40,0,210,1
13.210,0,0,40,0,210,1
13.215,0,0,40,0,210,1
13.228,0,0,40,0,210,1
13.242,0,0,40,0,210,1
13.248,0,0,40,0,210,1
13.260,0,0,40,0,210,1
13.275,0,0,40,0,210,1
13.291,0,0,40,0,210,1
13.299,0,0,40,0,210,1
13.322,0,0,40,0,220,1
13.338,0,0,40,0,220,1
13.355,0,0,40,0,220,1
13.360,0,0,40,0,220,1
13.387,0,0,40,0,220,1
13.392,0,0,40,0,220,1
13.403,0,0,40,0,220,1
13.419,0,0,40,0,220,1
13.424,0,0,40,0,230,0
13.435,0,0,40,0,230,0
13.451,0,0,40,0,230,0
13.456,0,0,40,0,230,0
13.467,0,0,40,0,230,0
13.475,0,0,40,0,230,0
13.488,0,0,40,0,230,0
13.507,0,0,40,0,230,0
13.524,0,0,40,0,230,0
13.533,0,0,40,0,230,0
13.556,0,0,40,0,230,0
13.574,0,0,40,0,230,0
13.583,0,0,40,0,230,0
13.588,0,0,40,0,230,0
13.602,0,0,40,0,230,0
13.618,0,0,40,0,230,0
13.632,0,0,40,0,230,0
13.640,0,0,40,0,230,0
13.650,0,0,40,0,230,0
13.665,0,0,40,0,230,0
13.681,0,0,40,0,230,0
13.686,0,0,40,0,230,0
13.698,0,0,40,0,230,0
13.715,0,0,40,0,230,0
13.724,0,0,40,0,230,0
13.736,0,0,40,0,230,0
13.758,0,0,40,0,240,1
13.774,0,0,40,0,240,1
13.785,0,0,40,0,240,1
13.808,0,0,40,0,240,1
13.824,0,0,40,0,240,1
13.840,0,0,40,0,240,1
13.853,0,0,40,0,240,1
13.866,0,0,40,0,240,1
13.883,0,0,40,0,240,1
13.899,0,0,40,0,240,1
13.913,0,0,40,0,240,1
13.918,0,0,40,0,240,1
13.929,0,0,40,0,240,1
13.955,0,0,40,0,250,1
13.981,0,0,40,0,250,1
13.986,0,0,40,0,250,1
13.996,0,0,40,0,250,1
14.021,0,0,40,0,250,1
14.038,0,0,40,0,250,1
14.046,0,0,40,0,260,1
14.065,0,0,40,0,260,1
14.082,0,0,40,0,260,1
14.099,0,0,40,0,260,1
14.115,0,0,40,0,260,1
14.126,0,0,40,0,260,1
14.140,0,0,40,0,260,1
14.148,0,0,40,0,260,1
14.156,0,0,40,0,260,1
14.165,0,0,40,0,260,1
14.174,0,0,40,0,260,1
14.183,0,0,40,0,260,1
14.209,0,0,40,0,260,1
14.214,0,0,40,0,260,1
14.223,0,0,40,0,260,1
14.232,0,0,40,0,260,1
14.241,0,0,40,0,260,1
14.257,0,0,40,0,260,1
14.274,0,0,40,0,260,1
14.279,0,0,40,0,260,1
14.290,0,0,40,0,260,1
14.306,0,0,40,0,260,1
14.317,0,0,40,0,260,1
14.324,0,0,40,0,260,1
14.338,0,0,40,0,260,1
14.348,0,0,40,0,260,1
14.370,0,0,40,0,270,1
14.389,0,0,40,0,270,1
14.402,0,0,40,0,270,1
14.407,0,0,40,0,270,1
14.434,0,0,40,0,270,1
14.450,0,0,40,0,270,1
14.466,0,0,40,0,270,1
14.477,0,0,40,0,270,1
14.484,0,0,40,0,270,1
14.498,0,0,40,0,270,1
14.514,0,0,40,0,270,1
14.531,0,0,40,0,270,1
14.545,0,0,40,0,270,1
14.561,0,0,40,0,270,1
14.577,0,0,40,0,270,1
14.593,0,0,40,0,270,1
14.609,0,0,40,0,270,1
14.620,0,0,40,0,270,1
14.640,0,0,40,0,270,1
14.646,0,0,40,0,270,1
14.672,0,0,40,0,270,1
14.677,0,0,40,0,270,1
14.689,0,0,40,0,270,1
14.704,0,0,40,0,270,1
14.711,0,0,40,0,270,1
14.720,0,0,40,0,270,1
14.736,0,0,40,0,270,1
14.748,0,0,40,0,270,1
14.768,0,0,40,0,270,1
14.773,0,0,40,0,270,1
14.784,0,0,40,0,270,1
14.800,0,0,40,0,270,1
14.816,0,0,40,0,270,0
14.832,0,0,40,0,270,0
14.848,0,0,40,0,270,0
14.864,0,0,40,0,270,0
14.879,0,0,40,0,270,0
14.892,0,0,40,0,270,0
14.911,0,0,40,0,270,0
14.928,0,0,40,0,270,0
14.944,0,0,40,0,270,0
14.957,0,0,40,0,270,0
14.976,0,0,40,0,270,0
14.981,0,0,40,0,270,0
15.008,0,0,40,0,270,0
15.024,0,0,40,0,270,0
15.040,0,0,40,0,270,0
15.052,0,0,40,0,270,0
15.072,0,0,40,0,270,0
15.088,0,0,40,0,270,0
15.104,0,0,40,0,270,0
15.120,0,0,40,0,270,0
15.136,0,0,40,0,270,0
15.141,0,0,40,0,270,0
15.153,0,0,40,0,270,0
15.168,0,0,40,0,270,0
15.180,0,0,40,0,270,0
15.200,0,0,40,0,270,0
15.205,0,0,40,0,270,0
15.216,0,0,40,0,270,0
15.232,0,0,40,0,270,0
15.245,0,0,40,0,270,0
15.256,0,0,40,0,270,0
15.264,0,0,40,0,270,0
15.269,0,0,40,0,270,0
15.280,0,0,40,0,270,0
15.296,0,0,40,0,270,0
15.301,0,0,40,0,270,0
15.312,0,0,40,0,270,0
15.328,0,0,40,0,270,0
15.344,0,0,40,0,270,0
15.354,0,0,40,0,270,0
15.376,0,0,40,0,280,0
15.392,0,0,40,0,280,0
15.408,0,0,40,0,280,0
15.424,0,0,40,0,280,0
15.440,0,0,40,0,280,0
15.456,0,0,40,0,280,0
15.472,0,0,40,0,280,0
15.488,0,0,40,0,280,0
15.504,0,0,40,0,280,0
15.519,0,0,40,0,280,0
15.535,0,0,40,0,280,0
15.550,0,0,40,0,280,0
15.566,0,0,40,0,280,0
15.582,0,0,40,0,280,0
15.598,0,0,40,0,280,0
15.604,0,0,40,0,280,0
15.614,0,0,40,0,280,0
15.630,0,0,40,0,280,0
15.636,0,0,40,0,280,0
15.646,0,0,40,0,280,0
15.662,0,0,40,0,280,0
15.666,0,0,40,0,280,0
15.678,0,0,40,0,280,0
15.698,0,0,40,0,280,0
15.710,0,0,40,0,280,0
15.726,0,0,40,0,280,0
15.731,0,0,40,0,280,0
15.742,0,0,40,0,280,0
15.758,0,0,40,0,280,0
15.763,0,0,40,0,280,0
15.774,0,0,40,0,280,0
15.790,0,0,40,0,280,0
15.806,0,0,40,0,280,0
15.822,0,0,40,0,280,0
15.838,0,0,40,0,290,0
15.854,0,0,40,0,290,0
15.860,0,0,40,0,290,0
15.886,0,0,40,0,290,0
15.891,0,0,40,0,290,0
15.918,0,0,40,0,290,0
15.923,0,0,40,0,290,0
15.951,0,0,40,0,290,1
15.967,0,0,40,0,290,1
15.983,0,0,40,0,290,1
15.988,0,0,40,0,290,1
16.015,0,0,40,0,290,1
16.030,0,0,40,0,290,1
16.046,0,0,40,0,290,1
16.062,0,0,40,0,290,1
16.078,0,0,40,0,290,1
16.094,0,0,40,0,290,1
16.110,0,0,40,0,290,1
16.126,0,0,40,0,290,1
16.142,0,0,40,0,290,1
16.158,0,0,40,0,290,1
16.167,0,0,40,0,290,0
16.182,0,0,40,0,290,0
16.190,0,0,40,0,290,0
16.195,0,0,40,0,290,0
16.206,0,0,40,0,290,0
16.222,0,0,40,0,290,0
16.233,0,0,40,0,290,0
16.238,0,0,40,0,290,0
16.254,0,0,40,0,290,0
16.259,0,0,40,0,290,0
16.270,0,0,40,0,300,0
16.286,0,0,40,0,300,0
16.292,0,0,40,0,300,0
16.318,0,0,40,0,300,0
16.329,0,0,40,0,300,0
16.350,0,0,40,0,300,0
16.363,0,0,40,0,300,0
16.381,0,0,40,0,300,0
16.387,0,0,40,0,300,0
16.413,0,0,40,0,300,0
16.422,0,0,40,0,300,0
16.447,0,0,40,0,300,0
16.462,0,0,40,0,300,0
16.477,0,0,40,0,300,0
16.493,0,0,40,0,300,0
16.498,0,0,40,0,300,0
16.525,0,0,40,0,300,0
16.530,0,0,40,0,300,0
16.556,0,0,40,0,300,0
16.561,0,0,40,0,300,0
16.572,0,0,40,0,300,0
16.588,0,0,40,0,300,0
16.603,0,0,40,0,300,0
16.616,0,0,40,0,300,1
16.637,0,0,40,0,300,1
16.652,0,0,40,0,300,1
16.667,0,0,40,0,300,1
16.684,0,0,40,0,300,1
16.689,0,0,40,0,300,1
16.716,0,0,40,0,300,1
16.721,0,0,40,0,300,1
16.733,0,0,40,0,300,1
16.748,0,0,40,0,300,1
16.753,0,0,40,0,300,1
16.780,0,0,40,0,300,1
16.796,0,0,40,0,300,1
16.812,0,0,40,0,300,1
16.823,0,0,40,0,300,1
16.844,0,0,40,0,310,1
16.860,0,0,40,0,310,1
16.876,0,0,40,0,310,1
16.882,0,0,40,0,310,1
16.908,0,0,40,0,310,1
16.914,0,0,40,0,310,1
16.925,0,0,40,0,310,1
16.940,0,0,40,0,310,1
16.955,0,0,40,0,310,1
16.972,0,0,40,0,310,1
16.988,0,0,40,0,310,1
17.003,0,0,40,0,310,1
17.020,0,0,40,0,310,1
17.035,0,0,40,0,310,1
17.051,0,0,40,0,310,1
17.067,0,0,40,0,310,1
17.082,0,0,40,0,310,1
17.088,0,0,40,0,310,1
17.099,0,0,40,0,310,1
17.115,0,0,40,0,310,1
17.120,0,0,40,0,310,1
17.147,0,0,40,0,310,1
17.152,0,0,40,0,310,1
17.163,0,0,40,0,310,1
17.179,0,0,40,0,310,1
17.184,0,0,40,0,310,1
17.212,0,0,40,0,310,1
17.217,0,0,40,0,310,1
17.227,0,0,40,0,310,1
17.244,0,0,40,0,310,1
17.248,0,0,40,0,310,1
17.276,0,0,40,0,310,1
17.292,0,0,40,0,320,1
17.308,0,0,40,0,320,1
17.323,0,0,40,0,320,1
17.338,0,0,40,0,320,1
17.355,0,0,40,0,320,1
17.370,0,0,40,0,320,1
17.386,0,0,40,0,320,1
17.402,0,0,40,0,320,1
17.418,0,0,40,0,320,1
17.434,0,0,40,0,320,1
17.450,0,0,40,0,320,1
17.466,0,0,40,0,320,1
17.482,0,0,40,0,320,1
17.498,0,0,40,0,330,1
17.513,0,0,40,0,330,1
17.518,0,0,40,0,330,1
17.529,0,0,40,0,330,1
17.545,0,0,40,0,330,1
17.557,0,0,40,0,330,1
17.562,0,0,40,0,330,1
17.578,0,0,40,0,330,1
17.584,0,0,40,0,330,1
17.595,0,0,40,0,330,1
17.625,0,0,40,0,330,1
17.638,0,0,40,0,330,1
17.656,0,0,40,0,330,1
17.661,0,0,40,0,330,1
17.689,0,0,40,0,330,1
17.707,0,0,40,0,330,1
17.711,0,0,40,0,330,1
17.737,0,0,40,0,340,1
17.753,0,0,40,0,340,1
17.768,0,0,40,0,340,1
17.785,0,0,40,0,340,1
17.800,0,0,40,0,340,1
17.816,0,0,40,0,340,1
17.822,0,0,40,0,340,1
17.849,0,0,40,0,340,1
17.864,0,0,40,0,340,1
17.880,0,0,40,0,340,1
17.896,0,0,40,0,340,1
17.910,0,0,40,0,340,1
17.928,0,0,40,0,340,1
17.944,0,0,40,0,340,1
17.949,0,0,40,0,340,1
17.960,0,0,40,0,340,1
17.976,0,0,40,0,340,1
17.987,0,0,40,0,340,1
18.007,0,0,40,0,340,1
18.012,0,0,40,0,340,1
18.023,0,0,40,0,340,1
18.040,0,0,40,0,340,1
18.052,0,0,40,0,340,1
18.072,0,0,40,0,340,0
18.077,0,0,40,0,340,0
18.088,0,0,40,0,340,0
18.103,0,0,40,0,340,0
18.115,0,0,40,0,340,0
18.120,0,0,40,0,340,0
18.135,0,0,40,0,340,0
18.140,0,0,40,0,340,0
18.151,0,0,40,0,340,0
18.167,0,0,40,0,350,0
18.183,0,0,40,0,350,0
18.199,0,0,40,0,350,0
18.215,0,0,40,0,350,0
18.231,0,0,40,0,350,0
18.246,0,0,40,0,350,0
18.258,0,0,40,0,350,0
18.278,0,0,40,0,350,0
18.293,0,0,40,0,350,0
18.309,0,0,40,0,350,0
18.325,0,0,40,0,350,0
18.341,0,0,40,0,350,0
18.347,0,0,40,0,350,0
18.373,0,0,40,0,350,0
18.386,0,0,40,0,350,0
18.405,0,0,40,0,350,0
18.421,0,0,40,0,350,0
18.437,0,0,40,0,350,0
18.448,0,0,40,0,350,0
18.469,0,0,40,0,350,0
18.474,0,0,40,0,350,0
18.486,0,0,40,0,350,0
18.501,0,0,40,0,350,0
18.507,0,0,40,0,350,0
18.517,0,0,40,0,350,0
18.533,0,0,40,0,350,0
18.538,0,0,40,0,350,0
18.565,0,0,40,0,350,0
18.570,0,0,40,0,350,0
18.581,0,0,40,0,350,0
18.597,0,0,40,0,350,0
18.603,0,0,40,0,350,0
18.629,0,0,40,0,350,1
18.645,0,0,40,0,350,1
18.661,0,0,40,0,350,1
18.673,0,0,40,0,350,1
18.678,0,0,40,0,350,1
18.694,0,0,40,0,350,1
18.699,0,0,40,0,350,1
18.725,0,0,40,0,350,1
18.741,0,0,40,0,350,1
18.757,0,0,40,0,350,1
18.773,0,0,40,0,350,1
18.789,0,0,40,0,350,1
18.805,0,0,40,0,350,1
18.821,0,0,40,0,350,1
18.837,0,0,40,0,360,1
18.853,0,0,40,0,360,1
18.859,0,0,40,0,360,1
18.885,0,0,40,0,360,1
18.901,0,0,40,0,360,1
18.913,0,0,40,0,360,1
18.933,0,0,40,0,360,1
18.938,0,0,40,0,360,1
18.964,0,0,40,0,360,1
18.969,0,0,40,0,360,1
18.974,0,0,40,0,360,1
18.994,0,0,40,0,360,1
19.009,0,0,40,0,360,1
19.025,0,0,40,0,360,1
19.030,0,0,40,0,360,1
19.047,0,0,40,0,360,1
19.057,0,0,40,0,360,1
19.074,0,0,40,0,360,1
19.089,0,0,40,0,360,1
19.105,0,0,40,0,360,1
19.121,0,0,40,0,360,1
19.137,0,0,40,0,360,1
19.153,0,0,40,0,360,1
19.162,0,0,40,0,360,1
19.171,0,0,40,0,360,1
19.184,0,0,40,0,360,1
19.200,0,0,40,0,360,1
19.217,0,0,40,0,360,1
19.232,0,0,40,0,360,1
19.249,0,0,40,0,360,1
19.265,0,0,40,0,360,1
19.278,0,0,40,0,360,1
19.296,0,0,40,0,370,1
19.312,0,0,40,0,370,1
19.328,0,0,40,0,370,1
19.334,0,0,40,0,370,1
19.344,0,0,40,0,370,1
19.360,0,0,40,0,370,1
19.366,0,0,40,0,370,1
19.376,0,0,40,0,370,1
19.393,0,0,40,0,370,1
19.398,0,0,40,0,370,1
19.408,0,0,40,0,370,1
19.424,0,0,40,0,370,1
19.429,0,0,40,0,370,1
19.441,0,0,40,0,370,1
19.456,0,0,40,0,370,1
19.462,0,0,40,0,370,1
19.487,0,0,40,0,370,1
19.492,0,0,40,0,370,1
19.519,0,0,40,0,380,1
19.525,0,0,40,0,380,1
19.551,0,0,40,0,380,1
19.562,0,0,40,0,380,1
19.584,0,0,40,0,380,1
19.591,0,0,40,0,380,1
19.616,0,0,40,0,380,1
19.621,0,0,40,0,380,1
19.648,0,0,40,0,380,1
19.659,0,0,40,0,380,1
19.680,0,0,40,0,380,1
19.696,0,0,40,0,380,1
19.711,0,0,40,0,380,1
19.727,0,0,40,0,380,1
19.743,0,0,40,0,380,1
19.759,0,0,40,0,380,1
19.775,0,0,40,0,380,1
19.791,0,0,40,0,380,1
19.807,0,0,40,0,380,1
19.823,0,0,40,0,380,1
19.834,0,0,40,0,380,1
19.855,0,0,40,0,390,1
19.861,0,0,40,0,390,1
19.888,0,0,40,0,390,1
19.893,0,0,40,0,390,1
19.904,0,0,40,0,390,1
19.919,0,0,40,0,390,1
19.931,0,0,40,0,390,1
19.942,0,0,40,0,390,1
19.957,0,0,40,0,390,1
19.967,0,0,40,0,390,1
19.983,0,0,40,0,390,1
19.990,0,0,40,0,390,1
20.001,0,0,40,0,390,1
20.014,0,0,40,0,390,1
20.031,0,0,40,0,390,1
20.047,0,0,40,0,390,1
20.052,0,0,40,0,390,1
20.063,0,0,40,0,390,1
20.079,0,0,40,0,390,1
20.090,0,0,40,0,390,1
20.111,0,0,40,0,390,1
20.127,0,0,40,0,390,1
20.138,0,0,40,0,390,1
20.143,0,0,40,0,390,1
20.155,0,0,40,0,390,1
20.174,0,0,40,0,390,1
20.190,0,0,40,0,390,1
20.207,0,0,40,0,390,1
20.222,0,0,40,0,390,1
20.238,0,0,40,0,390,1
20.256,0,0,40,0,390,1
20.261,0,0,40,0,390,1
20.269,0,0,40,0,390,1
20.286,0,0,40,0,400,1
20.295,0,0,40,0,400,1
20.318,0,0,40,0,400,1
20.323,0,0,40,0,400,1
20.334,0,0,40,0,400,1
20.350,0,0,40,0,400,1
20.356,0,0,40,0,400,1
20.366,0,0,40,0,400,1
20.384,0,0,40,0,400,1
20.388,0,0,40,0,400,1
20.397,0,0,40,0,400,1
20.413,0,0,40,0,400,1
20.425,0,0,40,0,400,1
20.432,0,0,40,0,400,1
20.444,0,0,40,0,400,1
20.455,0,0,40,0,400,1
20.461,0,0,40,0,400,1
20.477,0,0,40,0,400,1
20.482,0,0,40,0,400,1
20.508,0,0,40,0,400,1
20.525,0,0,40,0,400,1
20.541,0,0,40,0,400,1
20.557,0,0,40,0,400,1
20.567,0,0,40,0,400,1
20.589,0,0,40,0,400,1
20.598,0,0,40,0,400,1
20.621,0,0,40,0,410,0
20.636,0,0,40,0,410,0
20.653,0,0,40,0,410,0
20.669,0,0,40,0,410,0
20.685,0,0,40,0,410,0
20.701,0,0,40,0,410,0
20.717,0,0,40,0,410,0
20.733,0,0,40,0,410,1
20.749,0,0,40,0,410,1
20.753,0,0,40,0,410,1
20.764,0,0,40,0,410,1
20.779,0,0,40,0,410,1
20.792,0,0,40,0,410,1
20.798,0,0,40,0,410,1
20.811,0,0,40,0,410,1
20.817,0,0,40,0,410,1
20.828,0,0,40,0,410,1
20.844,0,0,40,0,410,1
20.850,0,0,40,0,410,1
20.860,0,0,40,0,410,1
20.875,0,0,40,0,410,1
20.880,0,0,40,0,410,1
20.894,0,0,40,0,410,1
20.907,0,0,40,0,410,1
20.912,0,0,40,0,410,1
20.924,0,0,40,0,410,1
20.939,0,0,40,0,410,1
20.955,0,0,40,0,420,1
20.971,0,0,40,0,420,1
20.976,0,0,40,0,420,1
21.002,0,0,40,0,420,1
21.018,0,0,40,0,420,1
21.034,0,0,40,0,420,1
21.039,0,0,40,0,420,1
21.051,0,0,40,0,420,1
21.065,0,0,40,0,420,1
21.081,0,0,40,0,420,1
21.097,0,0,40,0,420,1
21.113,0,0,40,0,420,1
21.129,0,0,40,0,420,1
21.146,0,0,40,0,420,1
21.161,0,0,40,0,420,1
21.177,0,0,40,0,420,1
21.191,0,0,40,0,420,1
21.209,0,0,40,0,420,1
21.220,0,0,40,0,420,1
21.225,0,0,40,0,420,1
21.241,0,0,40,0,420,1
21.246,0,0,40,0,420,1
21.257,0,0,40,0,420,1
21.273,0,0,40,0,420,1
21.280,0,0,40,0,420,1
21.289,0,0,40,0,430,1
21.321,0,0,40,0,430,1
21.337,0,0,40,0,430,1
21.353,0,0,40,0,430,1
21.369,0,0,40,0,430,1
21.386,0,0,40,0,430,1
21.404,0,0,40,0,430,1
21.414,0,0,40,0,430,1
21.434,0,0,40,0,430,1
21.450,0,0,40,0,430,1
21.466,0,0,40,0,430,1
21.482,0,0,40,0,430,1
21.498,0,0,40,0,430,1
21.509,0,0,40,0,430,1
21.530,0,0,40,0,430,1
21.546,0,0,40,0,430,1
21.562,0,0,40,0,430,1
21.578,0,0,40,0,430,1
21.594,0,0,40,0,430,1
21.610,0,0,40,0,430,1
21.619,0,0,40,0,430,1
21.642,0,0,40,0,440,1
21.654,0,0,40,0,440,1
21.674,0,0,40,0,440,1
21.680,0,0,40,0,440,1
21.706,0,0,40,0,440,1
21.711,0,0,40,0,440,1
21.722,0,0,40,0,440,1
21.738,0,0,40,0,440,1
21.743,0,0,40,0,440,1
21.770,0,0,40,0,440,1
21.775,0,0,40,0,440,1
21.803,0,0,40,0,440,1
21.808,0,0,40,0,440,1
21.834,0,0,40,0,440,1
21.850,0,0,40,0,440,1
21.863,0,0,40,0,440,1
21.882,0,0,40,0,440,1
21.898,0,0,40,0,440,1
21.904,0,0,40,0,440,1
21.914,0,0,40,0,440,1
21.930,0,0,40,0,440,1
21.946,0,0,40,0,440,1
21.962,0,0,40,0,440,1
21.978,0,0,40,0,440,1
21.983,0,0,40,0,440,1
22.002,0,0,40,0,440,1
22.014,0,0,40,0,440,1
22.025,0,0,40,0,440,1
22.041,0,0,40,0,440,1
22.057,0,0,40,0,440,1
22.074,0,0,40,0,440,1
22.090,0,0,40,0,440,1
22.102,0,0,40,0,440,1
22.122,0,0,40,0,440,1
22.138,0,0,40,0,440,1
22.154,0,0,40,0,440,1
22.170,0,0,40,0,440,1
22.186,0,0,40,0,440,1
22.202,0,0,40,0,440,1
22.218,0,0,40,0,440,1
22.234,0,0,40,0,440,1
22.250,0,0,40,0,440,1
22.266,0,0,40,0,440,1
22.271,0,0,40,0,440,1
22.282,0,0,40,0,440,1
22.298,0,0,40,0,440,1
22.303,0,0,40,0,440,0
22.330,0,0,40,0,440,0
22.335,0,0,40,0,440,0
22.346,0,0,40,0,440,0
22.362,0,0,40,0,440,0
22.367,0,0,40,0,440,0
22.378,0,0,40,0,440,0
22.394,0,0,40,0,440,0
22.410,0,0,40,0,440,0
22.417,0,0,40,0,440,0
22.429,0,0,40,0,440,0
22.459,0,0,40,0,440,0
22.475,0,0,40,0,440,0
22.491,0,0,40,0,440,0
22.500,0,0,40,0,440,0
22.506,0,0,40,0,440,0
22.522,0,0,40,0,440,0
22.538,0,0,40,0,450,0
22.554,0,0,40,0,450,0
22.570,0,0,40,0,450,0
22.586,0,0,40,0,450,0
22.603,0,0,40,0,450,0
22.618,0,0,40,0,450,0
22.634,0,0,40,0,450,0
22.650,0,0,40,0,450,0
22.666,0,0,40,0,450,0
22.682,0,0,40,0,450,0
22.698,0,0,40,0,450,0
22.714,0,0,40,0,450,0
22.730,0,0,40,0,450,0
22.746,0,0,40,0,460,0
22.762,0,0,40,0,460,0
22.767,0,0,40,0,460,0
22.778,0,0,40,0,460,0
22.794,0,0,40,0,460,0
22.799,0,0,40,0,460,0
22.811,0,0,40,0,460,0
22.827,0,0,40,0,460,0
22.832,0,0,40,0,460,0
22.858,0,0,40,0,460,0
22.868,0,0,40,0,460,0
22.891,0,0,40,0,460,0
22.896,0,0,40,0,460,0
22.907,0,0,40,0,460,0
22.922,0,0,40,0,460,0
22.929,0,0,40,0,460,0
22.939,0,0,40,0,460,0
22.955,0,0,40,0,460,0
22.971,0,0,40,0,460,0
22.982,0,0,40,0,460,0
23.003,0,0,40,0,460,0
23.019,0,0,40,0,460,0
23.037,0,0,40,0,460,0
23.050,0,0,40,0,460,0
23.060,0,0,40,0,460,0
23.082,0,0,40,0,470,0
23.098,0,0,40,0,470,0
23.114,0,0,40,0,470,0
23.119,0,0,40,0,470,0
23.147,0,0,40,0,470,0
23.158,0,0,40,0,470,0
23.180,0,0,40,0,470,0
23.195,0,0,40,0,470,0
23.211,0,0,40,0,470,0
23.227,0,0,40,0,470,0
23.240,0,0,40,0,470,0
23.259,0,0,40,0,470,0
23.275,0,0,40,0,470,0
23.290,0,0,40,0,470,0
23.296,0,0,40,0,470,0
23.322,0,0,40,0,480,0
23.328,0,0,40,0,480,0
23.354,0,0,40,0,480,0
23.364,0,0,40,0,480,0
23.386,0,0,40,0,480,0
23.402,0,0,40,0,480,0
23.418,0,0,40,0,480,0
23.429,0,0,40,0,480,0
23.450,0,0,40,0,480,0
23.457,0,0,40,0,480,0
23.482,0,0,40,0,480,0
23.498,0,0,40,0,480,0
23.514,0,0,40,0,480,0
23.530,0,0,40,0,480,0
23.546,0,0,40,0,480,0
23.556,0,0,40,0,480,0
23.578,0,0,40,0,480,0
23.594,0,0,40,0,480,0
23.600,0,0,40,0,480,0
23.625,0,0,40,0,480,0
23.641,0,0,40,0,480,0
23.657,0,0,40,0,480,0
23.669,0,0,40,0,480,0
23.689,0,0,40,0,480,0
23.698,0,0,40,0,480,0
23.722,0,0,40,0,480,0
23.738,0,0,40,0,480,0
23.754,0,0,40,0,480,0
23.766,0,0,40,0,480,0
23.786,0,0,40,0,480,0
23.797,0,0,40,0,480,0
23.802,0,0,40,0,480,0
23.818,0,0,40,0,480,0
23.823,0,0,40,0,480,0
23.834,0,0,40,0,480,0
23.850,0,0,40,0,480,0
23.855,0,0,40,0,480,0
23.882,0,0,40,0,470,0
23.887,0,0,40,0,470,0
23.898,0,0,40,0,470,0
23.914,0,0,40,0,470,0
23.930,0,0,40,0,470,0
23.943,0,0,40,0,470,0
23.962,0,0,40,0,470,0
23.978,0,0,40,0,470,0
23.989,0,0,40,0,470,0
24.010,0,0,40,0,470,0
24.026,0,0,40,0,470,0
24.042,0,0,40,0,470,0
24.047,0,0,40,0,470,0
24.059,0,0,40,0,470,0
24.073,0,0,40,0,470,0
24.089,0,0,40,0,470,0
24.101,0,0,40,0,470,0
24.121,0,0,40,0,470,0
24.137,0,0,40,0,470,0
24.153,0,0,40,0,470,0
24.169,0,0,40,0,470,0
24.175,0,0,40,0,470,0
24.201,0,0,40,0,470,0
24.217,0,0,40,0,470,0
24.233,0,0,40,0,470,0
24.249,0,0,40,0,470,0
24.265,0,0,40,0,470,0
24.281,0,0,40,0,470,0
24.286,0,0,40,0,470,0
24.313,0,0,40,0,470,0
24.318,0,0,40,0,480,0
24.329,0,0,40,0,480,0
24.345,0,0,40,0,480,0
24.350,0,0,40,0,480,0
24.376,0,0,40,0,480,0
24.386,0,0,40,0,480,0
24.408,0,0,40,0,480,0
24.424,0,0,40,0,480,0
24.441,0,0,40,0,480,0
24.447,0,0,40,0,480,0
24.456,0,0,40,0,480,0
24.472,0,0,40,0,480,0
24.480,0,0,40,0,480,0
24.489,0,0,40,0,480,0
24.504,0,0,40,0,480,0
24.514,0,0,40,0,480,0
24.521,0,0,40,0,480,0
24.537,0,0,40,0,480,0
24.553,0,0,40,0,490,0
24.569,0,0,40,0,490,0
24.585,0,0,40,0,490,0
24.597,0,0,40,0,490,0
24.617,0,0,40,0,490,0
24.633,0,0,40,0,490,0
24.649,0,0,40,0,490,0
24.665,0,0,40,0,490,0
24.681,0,0,40,0,490,0
24.696,0,0,40,0,490,0
24.712,0,0,40,0,490,0
24.728,0,0,40,0,490,0
24.744,0,0,40,0,490,0
24.749,0,0,40,0,490,0
24.760,0,0,40,0,490,0
24.776,0,0,40,0,490,0
24.787,0,0,40,0,490,0
24.809,0,0,40,0,490,0
24.820,0,0,40,0,490,0
24.825,0,0,40,0,490,0
24.841,0,0,40,0,490,0
24.846,0,0,40,0,490,0
24.857,0,0,40,0,490,0
24.873,0,0,40,0,500,0
24.880,0,0,40,0,500,0
24.905,0,0,40,0,500,0
24.916,0,0,40,0,500,0
24.937,0,0,40,0,500,0
24.943,0,0,40,0,500,0
24.953,0,0,40,0,500,0
24.969,0,0,40,0,500,0
24.986,0,0,40,0,510,0
25.001,0,0,40,0,510,0
25.018,0,0,40,0,510,0
25.034,0,0,40,0,510,0
25.050,0,0,40,0,510,0
25.066,0,0,40,0,510,0
25.082,0,0,40,0,510,0
25.098,0,0,40,0,510,0
25.106,0,0,40,0,510,0
25.130,0,0,40,0,510,0
25.146,0,0,40,0,510,0
25.151,0,0,40,0,510,0
25.179,0,0,40,0,510,0
25.195,0,0,0,0,510,0
25.210,0,0,0,0,510,0
25.222,0,0,0,0,520,0
25.243,0,0,0,0,520,0
25.259,0,0,0,0,520,0
25.275,0,0,0,0,520,0
25.291,0,0,0,0,520,0
25.307,0,0,0,0,520,0
25.323,0,0,0,0,520,0
25.339,0,0,0,0,520,0
25.355,0,0,0,0,520,0
25.371,0,0,0,0,520,0
25.387,0,0,0,0,520,0
25.403,0,0,0,0,520,0
25.419,0,0,0,0,520,0
25.435,0,0,0,0,520,1
25.451,0,0,0,0,520,1
25.467,0,0,0,0,520,1
25.482,0,0,0,0,520,1
25.498,0,0,0,0,520,1
25.515,0,0,0,0,520,1
25.519,0,0,0,0,520,1
25.546,0,0,0,0,520,1
25.562,0,0,0,0,520,1
25.579,0,0,0,0,520,1
25.594,0,0,0,0,520,1
25.610,0,0,0,0,520,1
25.626,0,0,0,0,520,1
25.642,0,0,0,0,520,1
25.658,0,0,0,0,520,1
25.674,0,0,0,0,520,1
25.690,0,0,0,0,520,1
25.706,0,0,0,0,520,1
25.722,0,0,0,0,520,1
25.738,0,0,0,0,520,1
25.754,0,0,0,0,520,1
25.773,0,0,0,0,520,1
25.786,0,0,0,0,510,1
25.802,0,0,0,0,510,1
25.819,0,0,0,0,510,1
25.834,0,0,0,0,510,1
25.850,0,0,0,0,510,1
25.866,0,0,0,0,510,1
25.882,0,0,0,0,510,1
25.898,0,0,0,0,510,1
25.915,0,0,0,0,510,1
25.930,0,0,0,0,510,1
25.947,0,0,0,0,510,1
25.964,0,0,0,0,510,1
25.981,0,0,0,0,510,1
25.995,0,0,0,0,500,1
26.011,0,0,0,0,500,1
26.026,0,0,0,0,500,1
26.041,0,0,0,0,500,1
26.056,0,0,0,0,500,1
26.072,0,0,0,0,500,1
26.088,0,0,0,0,500,1
26.104,0,0,0,0,500,1
26.120,0,0,0,0,510,1
26.126,0,0,0,0,510,1
26.151,0,0,0,0,510,1
26.167,0,0,0,0,510,1
26.183,0,0,0,0,510,1
26.194,0,0,0,0,510,1
26.215,0,0,0,0,510,1
26.232,0,0,0,0,510,1
26.247,0,0,0,0,510,1
26.263,0,0,0,0,510,1
26.278,0,0,0,0,510,1
26.294,0,0,0,0,510,1
26.311,0,0,0,0,510,1
26.327,0,0,0,0,510,1
26.343,0,0,0,0,520,1
26.356,0,0,0,0,520,1
26.375,0,0,0,0,520,1
26.391,0,0,0,0,520,1
26.407,0,0,0,0,520,1
26.423,0,0,0,0,520,1
26.439,0,0,0,0,520,1
26.455,0,0,0,0,520,1
26.471,0,0,0,0,520,1
26.488,0,0,0,0,520,1
26.504,0,0,0,0,520,1
26.520,0,0,0,0,520,1
26.536,0,0,0,0,520,1
26.552,0,0,0,0,520,1
26.557,0,0,0,0,520,1
26.584,0,0,0,0,520,1
26.601,0,0,0,0,520,1
26.617,0,0,0,0,520,1
26.633,0,0,0,0,520,1
26.649,0,0,0,0,520,1
26.665,0,0,0,0,520,1
26.681,0,0,0,0,520,1
26.697,0,0,0,0,520,1
26.713,0,0,0,0,520,1
26.729,0,0,0,0,520,1
26.745,0,0,0,0,520,1
26.761,0,0,0,0,520,1
26.777,0,0,0,0,520,1
26.796,0,0,0,0,520,1
26.810,0,0,0,0,520,1
26.825,0,0,0,0,520,1
26.842,0,0,0,0,520,1
26.858,0,0,0,0,520,1
26.874,0,0,0,0,520,1
26.890,0,0,0,0,520,1
26.905,0,0,0,0,520,1
26.922,0,0,0,0,520,1
26.938,0,0,0,0,520,1
26.954,0,0,0,0,520,1
26.967,0,0,0,0,520,1
26.986,0,0,0,0,520,1
27.002,0,0,0,0,530,1
27.018,0,0,0,0,530,1
27.034,0,0,0,0,530,1
27.050,0,0,0,0,530,1
27.066,0,0,0,0,530,1
27.082,0,0,0,0,530,1
27.098,0,0,0,0,530,1
27.114,0,0,0,0,530,1
27.131,0,0,0,0,530,1
27.147,0,0,0,0,530,1
27.163,0,0,0,0,530,1
27.179,0,0,0,0,530,1
27.195,0,0,0,0,530,1
27.210,0,0,0,0,530,1
27.227,0,0,0,0,530,1
27.243,0,0,0,0,530,1
27.259,0,0,0,0,530,1
27.275,0,0,0,0,530,1
27.291,0,0,0,0,530,1
27.306,0,0,0,0,530,1
27.323,0,0,0,0,530,1
27.338,0,0,0,0,530,1
27.354,0,0,0,0,530,1
27.359,0,0,0,0,530,1
27.386,0,0,0,0,530,1
27.396,0,0,0,0,530,1
27.418,0,0,0,0,530,1
27.424,-40,0,0,0,530,1
27.434,-40,0,0,0,530,1
27.450,-40,0,0,0,530,1
27.466,-40,0,0,0,530,1
27.482,-40,0,0,0,530,1
27.498,-40,0,0,0,530,1
27.515,-40,0,0,0,530,1
27.531,-40,0,0,0,530,1
27.547,-40,0,0,0,530,1
27.563,-40,0,0,0,530,1
27.579,-40,0,0,0,530,1
27.595,-40,0,0,0,530,1
27.611,-40,0,0,0,530,1
27.627,-40,0,0,0,530,1
27.643,-40,0,0,0,530,1
27.659,-40,0,0,0,530,1
27.675,-40,0,0,0,530,1
27.691,-40,0,0,0,530,1
27.707,-40,0,0,0,530,1
27.723,-40,0,0,0,530,1
27.738,-40,0,0,0,530,1
27.754,-40,0,0,0,530,1
27.770,-40,0,0,0,530,1
27.786,-40,0,0,0,530,0
27.802,-40,0,0,0,530,0
27.820,-40,0,0,0,530,0
27.834,-40,0,0,0,530,0
27.849,-40,0,0,0,530,0
27.866,-40,0,0,0,530,0
27.881,-40,0,0,0,530,0
27.897,-40,0,0,0,530,0
27.913,-40,0,0,0,520,0
27.929,-40,0,0,0,520,0
27.945,-40,0,0,0,520,0
27.961,-40,0,0,0,520,0
27.974,-40,0,0,0,520,0
27.979,-40,0,0,0,520,0
27.993,-40,0,0,0,520,0
28.009,-40,0,0,0,510,0
28.025,-40,0,0,0,510,0
28.036,-40,0,0,0,510,0
28.057,-40,0,0,0,510,0
28.062,-40,0,0,0,510,0
28.074,-40,0,0,0,510,0
28.090,-40,0,0,0,510,0
28.106,-40,0,0,0,510,0
28.111,-40,0,0,0,510,0
28.138,-40,0,0,0,490,0
28.154,-40,0,0,0,490,0
28.170,-40,0,0,0,490,0
28.185,-40,0,0,0,490,0
28.202,-40,0,0,0,490,0
28.217,-40,0,0,0,490,0
28.233,-40,0,0,0,490,0
28.245,-40,0,0,0,490,0
28.265,-40,0,0,0,490,0
28.270,-40,0,0,0,490,0
28.281,-40,0,0,0,490,0
28.298,-40,0,0,0,490,0
28.302,-40,0,0,0,490,0
28.314,-40,0,0,0,490,0
28.330,-40,0,0,0,490,0
28.335,-40,0,0,0,490,0
28.345,-40,0,0,0,490,0
28.362,-40,0,0,0,490,0
28.367,-40,0,0,0,490,0
28.394,-40,0,0,0,490,0
28.410,-40,0,0,0,490,0
28.417,-40,0,0,0,490,0
28.427,-40,0,0,0,490,0
28.442,-40,0,0,0,490,0
28.447,-40,0,0,0,490,0
28.474,-40,0,0,0,490,0
28.479,-40,0,0,0,490,0
28.506,-40,0,0,0,490,0
28.522,-40,0,0,0,490,0
28.534,-40,0,0,0,490,0
28.554,-40,0,0,0,490,0
28.570,-40,0,0,0,500,0
28.586,-40,0,0,0,500,0
28.599,-40,0,0,0,500,0
28.604,-40,0,0,0,500,0
28.633,-40,0,0,0,500,0
28.649,-40,0,0,0,500,0
28.665,-40,0,0,0,500,0
28.681,-40,0,0,0,500,0
28.697,-40,0,0,0,500,0
28.713,-40,0,0,0,500,0
28.729,-40,0,0,0,500,0
28.733,-40,0,0,0,500,0
28.745,-40,0,0,0,500,0
28.761,-40,0,0,0,500,0
28.767,-40,0,0,0,500,0
28.777,-40,0,0,0,500,0
28.793,-40,0,0,0,500,0
28.798,-40,0,0,0,510,0
28.825,-40,0,0,0,510,0
28.831,-40,0,0,0,510,0
28.841,-40,0,0,0,510,0
28.857,-40,0,0,0,510,0
28.867,-40,0,0,0,510,0
28.881,-40,0,0,0,510,0
28.905,-40,0,0,0,520,0
28.921,-40,0,0,0,520,0
28.937,-40,0,0,0,520,0
28.953,-40,0,0,0,520,0
28.962,-40,0,0,0,520,0
28.984,-40,0,0,0,520,0
28.994,-40,0,0,0,520,0
29.000,-40,0,0,0,520,0
29.016,-40,0,0,0,520,0
29.027,-40,0,0,0,530,0
29.032,-40,0,0,0,530,0
29.048,-40,0,0,0,530,0
29.064,-40,0,0,0,530,0
29.076,-40,0,0,0,530,0
29.096,-40,0,0,0,530,0
29.112,-40,0,0,0,530,0
29.128,-40,0,0,0,540,0
29.144,-40,0,0,0,540,0
29.160,-40,0,0,0,540,0
29.178,-40,0,0,0,540,0
29.192,-40,0,0,0,540,0
29.208,-40,0,0,0,540,0
29.224,-40,0,0,0,540,0
29.230,-40,0,0,0,540,0
29.240,-40,0,0,0,540,0
29.256,-40,0,0,0,540,0
29.267,-40,0,0,0,540,0
29.272,-40,0,0,0,540,0
29.288,-40,0,0,0,540,0
29.294,-40,0,0,0,540,0
29.304,-40,0,0,0,540,0
29.320,-40,0,0,0,540,0
29.331,-40,0,0,0,540,0
29.352,-40,0,0,0,540,0
29.368,-40,0,0,0,540,0
29.384,-40,0,0,0,540,0
29.395,-40,0,0,0,540,0
29.416,-40,0,0,0,540,0
29.432,-40,0,0,0,540,0
29.441,-40,0,0,0,540,0
29.464,-40,0,0,0,540,0
29.480,-40,0,0,0,540,0
29.485,-40,0,0,0,540,0
29.496,-40,0,0,0,540,0
29.512,-40,0,0,0,540,0
29.528,-40,0,0,0,540,0
29.544,-40,0,0,0,540,0
29.560,-40,0,0,0,540,0
29.576,-40,0,0,0,540,0
29.592,-40,0,0,0,540,0
29.605,-40,0,0,0,540,0
29.624,-40,0,0,0,540,0
29.640,-40,0,0,0,540,0
29.656,-40,0,0,0,540,0
29.661,-40,0,0,0,540,0
29.687,-40,0,0,0,530,0
29.693,-40,0,0,0,530,0
29.719,-40,0,0,0,530,0
29.735,-40,0,0,0,530,0
29.751,-40,0,0,0,530,0
29.755,-40,0,0,0,530,0
29.767,-40,0,0,0,530,0
29.783,-40,0,0,0,530,0
29.788,-40,0,0,0,530,0
29.799,-40,0,0,0,520,1
29.818,-40,0,0,0,520,1
29.828,-40,0,0,0,520,1
29.834,-40,0,0,0,520,1
29.847,-40,0,0,0,520,1
29.852,-40,0,0,0,520,1
29.862,-40,0,0,0,520,1
29.878,-40,0,0,0,520,1
29.884,-40,0,0,0,520,1
29.911,-40,0,0,0,520,1
29.922,-40,0,0,0,520,1
29.942,-40,0,0,0,520,1
29.958,-40,0,0,0,520,1
29.970,-40,0,0,0,520,1
29.990,-40,0,0,0,520,1
30.007,-40,0,0,0,520,1
30.023,-40,0,0,0,510,1
30.039,-40,0,0,0,510,1
30.051,-40,0,0,0,510,1
30.071,-40,0,0,0,510,1
30.083,-40,0,0,0,510,1
30.102,-40,0,0,0,510,1
30.118,-40,0,0,0,510,1
30.134,-40,0,0,0,510,1
30.150,-40,0,0,0,510,1
30.160,-40,0,0,0,510,1
30.181,-40,0,0,0,510,1
30.187,-40,0,0,0,510,1
30.197,-40,0,0,0,510,1
30.213,-40,0,0,0,510,1
30.218,-40,0,0,0,510,1
30.245,-40,0,0,0,500,1
30.249,-40,0,0,0,500,1
30.260,-40,0,0,0,500,1
30.277,-40,0,0,0,500,1
30.283,-40,0,0,0,500,1
30.308,0,0,0,0,500,1
30.325,0,0,0,0,500,1
30.340,0,0,0,0,500,1
30.357,0,0,0,0,500,1
30.372,0,0,0,0,500,1
30.388,0,0,0,0,500,1
30.405,0,0,0,0,500,1
30.420,0,0,0,0,500,1
30.436,0,0,0,0,500,1
30.453,0,0,0,0,500,1
30.468,0,0,0,0,500,1
30.484,0,0,0,0,500,1
30.500,0,0,0,0,500,1
30.516,0,0,0,0,500,1
30.538,0,0,0,0,500,1
30.548,0,0,0,0,500,1
30.564,0,0,0,0,500,1
30.582,0,0,0,0,500,1
30.611,0,0,0,0,490,1
30.624,0,0,0,0,490,1
30.643,0,0,0,0,490,1
30.659,0,0,0,0,490,1
30.675,0,0,0,0,490,1
30.691,0,0,0,0,490,1
30.707,0,0,0,0,490,1
30.723,0,0,0,0,490,1
30.739,0,0,0,0,490,1
30.755,0,0,0,0,490,1
30.769,0,0,0,0,490,1
30.787,0,0,0,0,490,1
30.798,0,0,0,0,490,1
30.819,0,0,0,0,490,1
30.835,0,0,0,0,490,1
30.851,0,0,0,0,490,1
30.867,0,0,0,0,490,1
30.883,0,0,0,0,490,1
30.898,0,0,0,0,490,1
30.914,0,0,0,0,490,1
30.930,0,0,0,0,490,1
30.947,0,0,0,0,490,1
30.962,0,0,0,0,490,1
30.978,0,0,0,0,490,1
30.994,0,0,0,0,490,1
31.012,0,0,0,0,490,1
31.027,0,0,0,0,490,1
31.041,0,0,0,0,490,1
31.058,0,0,0,0,490,1
31.073,0,0,0,0,490,1
31.090,0,0,0,0,490,1
31.094,0,0,0,40,490,1
31.122,0,0,0,40,490,1
31.137,0,0,0,40,500,1
31.143,0,0,0,40,500,1
31.169,0,0,0,40,500,1
31.185,0,0,0,40,500,1
31.201,0,0,0,40,500,1
31.217,0,0,0,40,500,1
31.233,0,0,0,40,500,1
31.249,0,0,0,40,500,1
31.265,0,0,0,40,500,1
31.281,0,0,0,40,500,1
31.297,0,0,0,40,500,1
31.313,0,0,0,40,500,1
31.329,0,0,0,40,500,1
31.345,0,0,0,40,500,1
31.350,0,0,0,40,500,1
31.377,0,0,0,40,500,2
31.393,0,0,0,40,500,2
31.409,0,0,0,40,500,2
31.425,0,0,0,40,500,2
31.441,0,0,0,40,500,2
31.457,0,0,0,40,500,2
31.473,0,0,0,40,500,2
31.489,0,0,0,40,500,4
31.505,0,0,0,40,500,4
31.521,0,0,0,40,500,4
31.537,0,0,0,40,500,4
31.553,0,0,0,40,500,4
31.569,0,0,0,40,500,4
31.585,0,0,0,40,500,4
31.601,0,0,0,40,510,9
31.617,0,0,0,40,510,9
31.633,0,0,0,40,510,9
31.640,0,0,0,40,510,9
31.651,0,0,0,40,510,9
31.664,0,0,0,40,510,9
31.680,0,0,0,40,510,9
31.697,0,0,0,40,510,9
31.713,0,0,0,40,510,12
31.728,0,0,0,40,510,12
31.744,0,0,0,40,510,12
31.760,0,0,0,40,510,12
31.777,0,0,0,40,510,12
31.792,0,0,0,40,510,12
31.808,0,0,0,40,510,14
31.824,0,0,0,40,510,14
31.840,0,0,0,40,510,14
31.845,0,0,0,40,510,14
31.856,0,0,0,40,510,14
31.872,0,0,0,40,510,14
31.877,0,0,0,40,510,14
31.887,0,0,0,40,510,14
31.904,0,0,0,40,510,14
31.909,0,0,0,40,510,14
31.920,0,0,0,40,510,16
31.936,0,0,0,0,510,16
31.952,0,0,0,0,510,16
31.968,0,0,0,0,510,16
31.984,0,0,0,0,510,16
32.000,0,0,0,0,510,16
32.016,0,0,0,0,510,16
32.032,0,0,0,0,510,16
32.048,0,0,0,0,520,19
32.064,0,0,0,0,520,19
32.079,0,0,0,0,520,19
32.095,0,0,0,0,520,19
32.111,0,0,0,0,520,19
32.127,0,0,0,0,520,19
32.143,0,0,0,0,520,19
32.159,0,0,0,0,520,21
32.175,0,0,0,0,520,21
32.191,0,0,0,0,520,21
32.207,0,0,0,0,520,21
32.223,0,0,0,0,520,21
32.240,0,0,0,0,520,21
32.255,0,0,0,0,520,22
32.266,0,0,0,0,520,22
32.287,0,0,0,0,520,22
32.296,0,0,0,0,520,22
32.320,0,0,0,0,520,22
32.335,0,0,0,0,520,22
32.351,0,0,0,0,520,22
32.366,0,0,0,0,520,22
32.382,0,0,0,0,520,23
32.398,0,0,0,0,520,23
32.415,0,0,0,0,520,23
32.430,0,0,0,0,520,23
32.447,0,0,0,0,520,23
32.463,0,0,0,0,520,23
32.479,0,0,0,0,520,23
32.495,0,0,0,0,520,23
32.513,0,0,0,0,520,23
32.527,0,0,0,0,520,23
32.558,0,0,0,0,520,23
32.574,0,0,0,0,520,23
32.590,0,0,0,0,520,24
32.606,0,0,0,0,520,24
32.622,0,0,0,0,520,24
32.638,0,0,0,0,520,24
32.651,0,0,0,0,520,24
32.670,0,0,0,0,520,24
32.686,0,0,0,0,520,24
32.702,0,0,0,0,520,24
32.718,0,0,0,0,520,24
32.735,0,0,0,0,520,24
32.750,0,0,0,0,520,24
32.766,0,0,0,0,520,24
32.782,0,0,0,0,520,24
32.793,0,0,0,0,520,24
32.814,0,0,0,0,520,24
32.829,0,0,0,0,520,25
32.845,0,0,0,0,520,25
32.861,0,0,0,0,520,25
32.876,0,0,0,0,520,25
32.892,0,0,0,0,520,25
32.908,0,0,0,0,520,25
32.924,0,0,0,0,520,26
32.940,0,0,0,0,520,26
32.956,0,0,0,0,520,26
32.975,0,0,0,0,520,26
32.989,0,0,0,0,520,26
33.001,0,0,0,0,520,26
33.021,0,0,0,0,520,26
33.036,0,0,0,0,520,26
33.053,0,0,0,0,520,26
33.069,0,0,0,0,520,26
33.084,0,0,0,0,520,26
33.100,0,0,0,0,520,26
33.116,0,0,0,0,520,26
33.133,0,0,0,0,520,26
33.148,0,0,0,0,520,26
33.164,0,0,0,0,520,27
33.180,0,0,0,0,520,27
33.191,0,0,0,0,520,27
33.212,0,0,0,0,520,27
33.228,0,0,0,0,520,27
33.237,0,-40,0,0,520,27
33.260,0,-40,0,0,520,27
33.277,0,-40,0,0,520,27
33.292,0,-40,0,0,520,27
33.301,0,-40,0,0,520,27
33.316,0,-40,0,0,520,27
33.332,0,-40,0,0,520,27
33.348,0,-40,0,0,520,27
33.364,0,-40,0,0,520,27
33.380,0,-40,0,0,520,27
33.387,0,-40,0,0,520,27
33.405,0,-40,0,0,520,27
33.422,0,-40,0,0,520,27
33.437,0,-40,0,0,520,27
33.462,0,-40,0,0,520,27
33.478,0,-40,0,0,520,27
33.494,0,-40,0,0,520,27
33.510,0,-40,0,0,520,27
33.526,0,-40,0,0,520,27
33.542,0,-40,0,0,520,27
33.559,0,-40,0,0,520,27
33.575,0,-40,0,0,520,27
33.591,0,-40,0,0,520,27
33.623,0,-40,0,0,520,27
33.639,0,-40,0,0,520,27
33.656,0,-40,0,0,520,27
33.672,0,-40,0,0,520,27
33.687,0,-40,0,0,520,27
33.703,0,-40,0,0,520,27
33.719,0,-40,0,0,520,27
33.736,0,-40,0,0,520,27
33.752,0,-40,0,0,520,27
33.768,0,-40,0,0,520,27
33.781,0,-40,0,0,520,27
33.786,0,-40,0,0,520,27
33.814,0,-40,0,0,520,27
33.819,0,-40,0,0,520,27
33.846,0,-40,0,0,520,27
33.862,0,-40,0,0,520,27
33.867,0,-40,0,0,520,27
33.885,0,-40,0,0,520,27
33.910,0,-40,0,0,520,27
33.916,0,-40,0,0,520,27
33.934,0,-40,0,0,520,27
33.950,0,-40,0,0,520,27
33.955,0,-40,0,0,520,27
33.981,0,-40,0,0,520,27
33.998,0,-40,0,0,520,27
34.007,0,-40,0,0,520,27
34.031,0,-40,0,0,520,27
34.046,0,-40,0,0,520,27
34.061,0,-40,0,0,520,27
34.077,0,-40,0,0,520,27
34.092,0,-40,0,0,520,27
34.105,0,-40,0,0,520,27
34.117,0,-40,0,0,520,27
34.134,0,-40,0,0,520,27
34.149,0,-40,0,0,520,27
34.165,0,-40,0,0,520,27
34.181,0,-40,0,0,520,27
34.186,0,0,0,0,520,27
34.213,0,0,0,0,520,27
34.229,0,0,0,0,520,27
34.245,0,0,0,0,520,27
34.261,0,0,0,0,520,27
34.274,0,0,0,0,520,27
34.294,0,0,0,0,520,27
34.309,0,0,0,0,520,27
34.333,0,0,0,0,520,27
34.349,0,0,0,0,520,27
34.365,0,0,0,0,520,27
34.381,0,0,0,0,520,27
34.397,0,0,0,0,520,27
34.412,0,0,0,0,520,27
34.428,0,0,0,0,520,27
34.444,0,0,0,0,520,27
34.460,0,0,0,0,520,27
34.476,0,0,0,0,520,27
34.492,0,0,0,0,520,27
34.500,0,0,0,0,520,27
34.515,0,0,0,0,520,27
34.531,0,0,0,0,520,27
34.563,0,0,0,0,520,27
34.579,0,0,0,0,520,27
34.587,0,0,0,0,520,27
34.603,0,0,0,0,520,27
34.625,0,0,0,0,520,27
34.644,0,0,0,0,520,27
34.660,0,0,0,0,520,27
34.676,0,0,0,0,520,27
34.692,0,0,0,0,520,27
34.707,0,0,0,0,520,27
34.723,0,0,0,0,520,27
34.739,0,0,0,0,520,27
34.754,0,0,0,0,520,27
34.771,0,0,0,0,520,27
34.787,0,0,0,0,520,27
34.803,0,0,0,0,520,27
34.819,0,0,0,0,520,27
34.835,0,0,0,0,520,27
34.851,0,0,0,0,520,27
34.867,0,0,0,0,520,27
34.883,0,0,0,0,520,27
34.899,0,0,0,0,520,27
34.915,0,0,0,0,520,27
34.931,0,0,0,0,520,27
34.947,0,0,0,0,520,27
34.963,0,0,0,0,520,27
34.979,0,0,0,0,520,27
34.995,0,0,0,0,520,27
35.013,0,0,0,0,520,27
35.027,0,0,0,0,520,27
35.043,0,0,0,0,520,27
35.054,0,0,0,0,520,27
35.074,0,0,0,0,520,27
35.090,0,0,0,0,520,27
35.106,0,0,0,0,520,27
35.122,0,0,0,0,520,27
35.138,0,0,0,0,520,27
35.153,0,0,0,0,520,27
35.169,0,0,0,0,520,27
35.185,0,0,0,0,520,27
35.201,0,0,0,0,520,27
35.216,0,0,0,0,520,27
35.232,0,0,0,0,520,27
35.248,0,0,0,0,520,27
35.264,0,0,0,0,520,27
35.280,0,0,0,0,520,27
35.296,0,0,0,0,520,27
35.313,0,0,0,0,520,27
35.328,0,0,0,0,520,27
35.344,0,0,0,0,520,27
35.360,0,0,0,0,520,27
35.376,0,0,0,0,520,27
35.392,0,0,0,0,520,27
35.408,0,0,0,0,520,27
35.424,0,0,0,0,520,27
35.440,0,0,0,0,520,27
35.456,0,0,0,0,520,27
35.472,0,0,0,0,520,27
35.503,0,0,0,0,520,27
35.519,0,0,0,0,520,27
35.535,0,0,0,0,520,27
35.551,0,0,0,0,520,27
35.567,0,0,0,0,520,27
35.583,0,0,0,0,520,27
35.599,0,0,0,0,520,27
35.615,0,0,0,0,520,27
35.631,0,0,0,0,520,27
35.647,0,0,0,0,520,27
35.663,0,0,0,0,520,27
35.679,0,0,0,0,520,27
35.695,0,0,0,0,520,27
35.711,0,0,0,0,520,27
35.727,0,0,0,0,520,27
35.744,0,0,0,0,520,27
35.760,0,0,0,0,520,27
35.775,0,0,0,0,520,27
35.791,0,0,0,0,520,27
35.808,0,0,0,0,520,27
35.824,0,0,0,0,520,27
35.842,0,0,0,0,520,27
35.872,0,0,0,0,520,27
35.888,0,0,0,0,520,27
35.904,0,0,0,0,520,27
35.920,0,0,0,0,520,27
35.936,0,0,0,0,520,27
35.952,0,0,0,0,520,27
35.968,0,0,0,0,520,27
35.983,0,0,0,0,520,27
35.999,0,0,0,0,520,27
36.015,0,0,0,0,520,27
36.031,0,0,0,0,520,27
36.048,0,0,0,0,520,27
36.064,0,0,0,0,520,27
36.080,0,0,0,0,520,27
36.096,0,0,0,0,520,27
36.111,0,0,0,0,520,27
36.127,0,0,0,0,520,27
36.143,0,0,0,0,520,27
36.159,0,0,0,0,520,27
36.175,0,0,0,0,520,27
36.191,0,0,0,0,520,27
36.207,0,0,0,0,520,27
36.223,0,0,0,0,520,27
36.239,0,0,0,0,510,27
36.255,0,0,0,0,510,27
36.271,0,0,0,0,510,27
36.287,0,0,0,0,510,27
36.303,0,0,0,0,510,27
36.319,0,0,0,0,510,27
36.335,0,0,0,0,510,27
36.351,0,0,0,0,510,27
36.367,0,0,0,0,510,27
36.383,0,0,0,0,510,27
36.399,0,0,0,0,510,27
36.415,0,0,0,0,510,27
36.431,0,0,0,0,510,27
36.436,0,0,0,0,510,27
36.454,0,0,0,0,510,27
36.462,0,0,0,0,510,27
36.478,0,0,0,0,510,27
36.490,0,0,0,40,510,27
36.494,0,0,0,40,510,27
36.510,0,0,0,40,510,27
36.526,0,0,0,40,510,27
36.543,0,0,0,40,510,27
36.559,0,0,0,40,510,27
36.574,0,0,0,40,510,27
36.590,0,0,0,40,510,27
36.606,0,0,0,40,510,27
36.622,0,0,0,40,510,27
36.638,0,0,0,40,510,27
36.654,0,0,0,40,510,27
36.672,0,0,0,40,510,27
36.686,0,0,0,40,510,27
36.693,0,0,0,40,510,27
36.718,0,0,0,40,510,27
36.734,0,0,0,40,510,27
36.750,0,0,0,40,510,27
36.766,0,0,0,40,510,27
36.782,0,0,0,40,510,27
36.798,0,0,0,40,510,28
36.814,0,0,0,40,510,28
36.829,0,0,0,40,510,28
36.846,0,0,0,40,510,28
36.862,0,0,0,40,510,28
36.878,0,0,0,40,510,28
36.893,0,0,0,40,510,28
36.909,0,0,0,40,510,30
36.926,0,0,0,40,510,30
36.942,0,0,0,40,510,30
36.958,0,0,0,40,510,30
36.973,0,0,0,40,510,30
36.989,0,0,0,40,510,30
37.007,0,0,0,40,510,30
37.021,0,0,0,40,510,34
37.037,0,0,0,40,510,34
37.053,0,0,0,40,510,34
37.069,0,0,0,40,510,34
37.085,0,0,0,40,510,34
37.101,0,0,0,40,510,34
37.117,0,0,0,40,510,34
37.133,0,0,0,40,510,37
37.149,0,0,0,40,510,37
37.158,0,0,0,40,510,37
37.181,0,0,0,40,510,37
37.197,0,0,0,40,510,37
37.213,0,0,0,40,510,37
37.230,0,0,0,40,510,37
37.245,0,0,0,40,510,37
37.261,0,0,0,40,510,40
37.273,0,0,0,40,510,40
37.293,0,0,0,40,510,40
37.298,0,0,0,40,510,40
37.309,0,0,0,40,510,40
37.325,0,0,0,40,510,40
37.330,0,0,0,40,510,40
37.341,0,0,0,40,510,40
37.357,0,0,0,40,510,40
37.363,0,0,0,40,510,43
37.373,0,0,0,40,510,43
37.390,0,0,0,40,510,43
37.394,0,0,0,40,510,43
37.406,0,0,0,40,510,43
37.422,0,0,0,40,510,43
37.428,0,0,0,40,510,43
37.437,0,0,0,40,510,43
37.453,0,0,0,40,510,43
37.462,0,0,0,40,510,43
37.484,0,0,0,40,510,45
37.489,0,0,0,40,510,45
37.499,0,0,0,40,510,45
37.515,0,0,0,40,510,45
37.524,0,0,0,40,510,45
37.533,0,0,0,40,510,45
37.547,0,0,0,40,510,45
37.563,0,0,0,40,510,45
37.579,0,0,0,40,510,48
37.591,0,0,0,0,510,48
37.611,0,0,0,0,510,48
37.627,0,0,0,0,510,48
37.643,0,0,0,0,510,48
37.659,0,0,0,0,510,48
37.675,0,0,0,0,510,48
37.691,0,0,0,0,510,51
37.707,0,0,0,0,510,51
37.723,0,0,0,0,510,51
37.739,0,0,0,0,510,51
37.749,0,0,0,0,510,51
37.771,0,0,0,0,510,51
37.787,0,0,0,0,510,51
37.803,0,0,0,0,510,51
37.819,0,0,0,0,510,53
37.835,0,0,0,0,510,53
37.851,0,0,0,0,510,53
37.867,0,0,0,0,510,53
37.898,0,0,0,0,510,53
37.914,0,0,0,0,510,53
37.929,0,0,0,0,510,54
37.945,0,0,0,0,510,54
37.962,0,0,0,0,510,54
37.978,0,0,0,0,510,54
37.994,0,0,0,0,510,54
38.009,0,0,0,0,510,54
38.025,0,0,0,0,510,54
38.041,0,0,0,0,510,54
38.057,0,0,0,0,510,54
38.073,0,0,0,0,510,54
38.089,0,0,0,0,510,54
38.105,0,0,0,0,510,54
38.121,0,0,0,0,510,54
38.137,0,0,0,0,510,54
38.153,0,0,0,0,510,54
38.169,0,0,0,0,510,54
38.185,0,0,0,0,510,54
38.201,0,0,0,0,510,54
38.217,0,0,0,0,510,54
38.233,0,0,0,0,510,54
38.249,0,0,0,0,510,54
38.265,0,0,0,0,510,54
38.281,0,0,0,0,510,54
38.298,0,0,0,0,510,54
38.314,0,0,0,0,510,54
38.330,0,0,0,0,510,54
38.345,0,0,0,0,510,54
38.361,0,0,0,0,510,54
38.377,0,0,0,0,510,54
38.393,0,0,0,0,510,54
38.410,0,0,0,0,510,54
38.426,0,0,0,0,510,54
38.441,0,0,0,0,510,54
38.457,0,0,0,0,510,54
38.474,0,0,0,0,510,54
38.490,0,0,0,0,500,54
38.506,0,0,0,0,500,54
38.519,0,0,0,0,500,54
38.538,0,0,0,0,500,54
38.554,0,0,0,0,500,54
38.570,0,0,0,0,500,54
38.584,0,0,0,0,500,54
38.602,0,0,0,0,500,54
38.619,0,0,0,0,500,54
38.633,0,0,0,0,500,54
38.649,0,0,0,0,500,54
38.662,0,0,0,0,500,54
38.681,0,0,0,0,500,54
38.694,0,0,0,0,500,54
38.713,0,0,0,0,500,54
38.725,0,0,0,0,500,54
38.745,0,0,0,0,500,54
38.761,0,0,0,0,500,54
38.777,0,0,0,0,500,54
38.793,0,0,0,0,500,54
38.809,0,0,0,0,500,54
38.814,0,0,0,0,500,54
38.841,0,0,0,0,500,54
38.857,0,0,0,0,500,54
38.873,0,0,0,0,500,54
38.889,0,0,0,0,500,54
38.905,0,0,0,0,500,54
38.921,0,0,0,0,500,54
38.937,0,0,0,0,500,54
38.953,0,0,0,0,500,54
38.969,0,0,0,0,500,54
38.985,0,0,0,0,500,54
39.001,0,0,0,0,500,54
39.017,0,0,0,0,500,54
39.033,0,0,0,0,500,54
39.045,0,0,0,0,500,54
39.065,0,0,0,0,500,54
39.081,0,0,0,0,500,54
39.097,0,0,0,0,500,54
39.113,0,0,0,0,500,54
39.129,0,0,0,0,500,54
39.145,0,0,0,0,500,54
39.161,0,0,0,0,500,54
39.177,0,0,0,0,500,54
39.193,0,0,0,0,500,54
39.209,0,0,0,0,500,54
39.225,0,0,0,0,500,54
39.241,0,0,0,0,500,54
39.257,0,0,0,0,500,54
39.273,0,0,0,0,500,54
39.289,0,0,0,0,500,54
39.306,0,0,0,0,500,54
39.322,0,0,0,0,500,54
39.338,0,0,0,0,500,54
39.354,0,0,0,0,500,54
39.370,0,0,0,0,500,54
39.386,0,0,0,0,500,54
39.402,0,0,0,0,500,54
39.418,0,0,0,0,500,54
39.434,0,0,0,0,500,54
39.450,0,0,0,0,500,54
39.466,0,0,0,0,500,54
39.482,0,0,0,0,500,54
39.499,0,0,0,0,500,54
39.516,0,0,0,0,500,54
39.530,0,0,0,0,500,54
39.546,0,0,0,0,500,54
39.562,0,0,0,0,500,54
39.578,0,0,0,0,500,54
39.594,0,0,0,0,500,54
39.611,0,0,0,0,500,54
39.626,0,0,0,0,500,54
39.642,0,0,0,0,500,54
39.655,0,0,0,0,500,54
39.673,0,0,0,0,500,54
39.689,0,0,0,0,500,54
39.705,0,0,0,0,500,54
39.721,0,0,0,0,500,54
39.737,0,0,0,0,500,54
39.753,0,0,0,0,500,54
39.769,0,0,0,0,500,54
39.785,0,0,0,0,500,54
39.801,0,0,0,0,500,54
39.817,0,0,0,0,500,54
39.832,0,0,0,0,500,54
39.848,0,0,0,0,500,54
39.864,0,0,0,0,500,54
39.880,0,0,0,0,500,54
39.896,0,0,0,0,500,54
39.913,0,0,0,0,500,54
39.929,0,0,0,0,500,54
39.945,0,0,0,0,500,54
39.977,0,0,0,0,500,54
39.992,0,0,0,0,500,54
40.008,0,0,0,0,500,54
40.024,0,0,0,0,500,54
40.029,0,0,0,0,500,54
40.056,0,0,0,0,500,54
40.072,0,0,0,0,500,54
40.089,0,0,0,0,500,54
40.104,0,0,0,0,500,54
40.121,0,0,0,0,500,54
40.136,0,0,0,0,500,54
40.152,0,0,0,0,500,54
40.168,0,0,0,0,500,54
40.184,0,0,0,0,500,54
40.200,0,0,0,0,500,54
40.216,0,0,0,0,500,54
40.232,0,0,0,0,500,54
40.248,0,0,0,0,500,54
40.264,0,0,0,0,500,54
40.280,0,0,0,0,500,54
40.296,0,0,0,0,500,54
40.312,0,0,0,0,500,54
40.327,0,0,0,0,500,54
40.343,0,0,0,0,500,54
40.359,0,0,0,0,500,54
40.374,0,0,0,0,500,54
40.390,0,0,0,0,500,54
40.407,0,0,0,0,500,54
40.438,0,0,0,0,500,54
40.454,0,0,0,0,500,54
40.470,0,0,0,0,500,54
40.485,0,0,0,0,500,54
40.501,0,0,0,0,500,54
40.517,0,0,0,0,500,54
40.533,0,0,0,0,500,54
40.549,0,0,0,0,500,54
40.558,0,0,0,0,500,54
40.576,0,0,0,0,500,54
40.597,0,0,0,0,500,54
40.613,0,0,0,0,500,54
40.629,0,0,0,0,500,54
40.645,0,0,0,0,500,54
40.661,0,0,0,0,500,54
40.677,0,0,0,0,500,54
40.692,0,0,0,0,500,54
40.708,0,0,0,0,510,54
40.724,0,0,0,0,510,54
40.739,-40,0,0,0,510,54
40.755,-40,0,0,0,510,54
40.770,-40,0,0,0,510,54
40.786,-40,0,0,0,510,54
40.802,-40,0,0,0,510,54
40.818,-40,0,0,0,510,54
40.834,-40,0,0,0,510,54
40.850,-40,0,0,0,510,54
40.855,-40,0,0,0,510,54
40.882,-40,0,0,0,510,54
40.891,-40,0,0,0,510,54
40.915,-40,0,0,0,510,54
40.930,-40,0,0,0,500,54
40.946,-40,0,0,0,500,54
40.962,-40,0,0,0,500,54
40.978,-40,0,0,0,500,54
40.994,-40,0,0,0,500,54
41.009,-40,0,0,0,500,54
41.025,-40,0,0,0,500,54
41.041,-40,0,0,0,500,54
41.057,-40,0,0,0,500,54
41.072,-40,0,0,0,500,54
41.090,-40,0,0,0,500,54
41.104,-40,0,0,0,500,54
41.119,-40,0,0,0,500,54
41.135,-40,0,0,0,500,54
41.151,-40,0,0,0,500,54
41.167,-40,0,0,0,500,54
41.183,-40,0,0,0,500,54
41.199,-40,0,0,0,500,54
41.215,-40,0,0,0,500,54
41.231,-40,0,0,0,500,54
41.247,-40,0,0,0,500,54
41.260,-40,0,0,0,500,54
41.273,-40,0,0,0,500,54
41.295,-40,0,0,0,500,54
41.310,-40,0,0,0,500,54
41.326,-40,0,0,0,500,54
41.342,-40,0,0,0,500,54
41.347,-40,0,0,0,500,54
41.373,-40,0,0,0,500,54
41.378,-40,0,0,0,490,54
41.405,-40,0,0,0,490,54
41.421,-40,0,0,0,490,54
41.437,-40,0,0,0,490,54
41.452,-40,0,0,0,490,54
41.468,-40,0,0,0,490,54
41.484,-40,0,0,0,490,54
41.489,-40,0,0,0,490,54
41.500,-40,0,0,0,490,54
41.516,-40,0,0,0,490,54
41.525,-40,0,0,0,490,54
41.532,-40,0,0,0,490,54
41.547,-40,0,0,0,490,54
41.556,-40,0,0,0,490,54
41.563,-40,0,0,0,490,54
41.579,-40,0,0,0,490,54
41.588,-40,0,0,0,490,54
41.602,-40,0,0,0,490,54
41.610,-40,0,0,0,490,54
41.626,-40,0,0,0,490,54
41.642,-40,0,0,0,490,54
41.657,-40,0,0,0,490,54
41.673,-40,0,0,0,490,54
41.677,-40,0,0,0,490,54
41.703,-40,0,0,0,490,54
41.719,-40,0,0,0,490,54
41.735,-40,0,0,0,490,54
41.751,-40,0,0,0,490,54
41.767,-40,0,0,0,490,54
41.782,-40,0,0,0,490,54
41.790,-40,0,0,0,490,54
41.814,-40,0,0,0,490,54
41.819,-40,0,0,0,490,54
41.830,-40,0,0,0,490,54
41.846,-40,0,0,0,490,54
41.857,-40,0,0,0,490,54
41.863,-40,0,0,0,490,54
41.878,-40,0,0,0,490,54
41.883,-40,0,0,0,490,54
41.894,-40,0,0,0,490,54
41.910,-40,0,0,0,490,54
41.920,-40,0,0,0,490,54
41.942,-40,0,0,0,490,54
41.947,-40,0,0,0,490,54
41.957,-40,0,0,0,490,54
41.972,-40,0,0,0,490,54
41.984,-40,0,0,0,490,54
42.004,-40,0,0,0,490,54
42.019,-40,0,0,0,490,54
42.035,-40,0,0,0,500,54
42.042,-40,0,0,0,500,54
42.066,-40,0,0,0,500,54
42.082,-40,0,0,0,500,54
42.100,-40,0,0,0,500,54
42.114,-40,0,0,0,500,54
42.122,-40,0,0,0,500,54
42.146,-40,0,0,0,500,54
42.157,-40,0,0,0,500,54
42.178,-40,0,0,0,500,54
42.183,-40,0,0,0,500,54
42.194,-40,0,0,0,500,54
42.210,-40,0,0,0,500,54
42.215,-40,0,0,0,500,54
42.226,-40,0,0,0,500,54
42.241,-40,0,0,0,500,54
42.247,-40,0,0,0,500,54
42.257,-40,0,0,0,510,54
42.273,-40,0,0,0,510,54
42.286,-40,0,0,0,510,54
42.300,-40,0,0,0,510,54
42.322,-40,0,0,0,510,54
42.326,-40,0,0,0,510,54
42.352,-40,0,0,0,510,54
42.368,-40,0,0,0,520,54
42.373,-40,0,0,0,520,54
42.387,-40,0,0,0,520,54
42.400,-40,0,0,0,520,54
42.416,-40,0,0,0,520,54
42.430,-40,0,0,0,520,54
42.448,-40,0,0,0,520,54
42.463,-40,0,0,0,520,54
42.479,-40,0,0,0,520,54
42.494,-40,0,0,0,520,54
42.511,-40,0,0,0,520,54
42.525,-40,0,0,0,520,54
42.541,-40,0,0,0,520,54
42.546,-40,0,0,0,520,54
42.559,-40,0,0,0,520,54
42.569,-40,0,0,0,520,54
42.577,-40,0,0,0,520,54
42.595,-40,0,0,0,520,54
42.609,-40,0,0,0,520,54
42.619,-40,0,0,0,520,54
42.629,-40,0,0,0,520,54
42.643,-40,0,0,0,520,54
42.660,-40,0,0,0,520,54
42.684,-40,0,0,0,520,54
42.695,-40,0,0,0,520,54
42.715,-40,0,0,0,530,54
42.723,-40,0,0,0,530,54
42.747,-40,0,0,0,530,54
42.763,-40,0,0,0,530,54
42.778,-40,0,0,0,530,54
42.794,-40,0,0,0,530,54
42.810,-40,0,0,0,530,54
42.816,-40,0,0,0,530,54
42.842,-40,0,0,0,530,54
42.860,-40,0,0,0,530,54
42.871,-40,0,0,0,530,54
42.890,-40,0,0,0,530,54
42.906,-40,0,0,0,530,54
42.922,-40,0,0,0,530,54
42.938,-40,0,0,0,530,54
42.947,-40,0,0,0,530,54
42.970,-40,0,0,0,530,54
42.975,-40,0,0,0,530,54
42.985,-40,0,0,0,530,54
43.001,-40,0,0,0,530,54
43.006,-40,0,0,0,530,54
43.017,-40,0,0,0,530,54
43.032,-40,0,0,0,530,54
43.037,-40,0,0,0,530,54
43.047,-40,0,0,0,530,54
43.059,-40,0,0,0,530,54
43.080,0,0,0,0,530,54
43.096,0,0,0,0,530,54
43.107,0,0,0,0,530,54
43.127,0,0,0,0,530,54
43.143,0,0,0,0,530,54
43.159,0,0,0,0,530,54
43.174,0,0,0,0,530,54
43.185,0,0,0,0,530,54
43.206,0,0,0,0,530,54
43.223,0,0,0,0,530,54
43.239,0,0,0,0,530,54
43.255,0,0,0,0,530,54
43.271,0,0,0,0,530,54
43.287,0,0,0,0,530,54
43.302,0,0,0,0,530,54
43.318,0,0,0,0,530,54
43.334,0,0,0,0,530,54
43.350,0,0,0,0,530,54
43.366,0,0,0,0,530,54
43.381,0,0,0,0,530,54
43.398,0,0,0,0,530,54
43.413,0,0,0,0,530,54
43.429,0,0,0,0,530,54
43.439,0,0,0,0,530,54
43.461,0,0,0,0,530,54
43.477,0,0,0,0,520,54
43.493,0,0,0,0,520,54
43.509,0,0,0,0,520,54
43.522,0,0,0,0,520,54
43.540,0,0,0,0,520,54
43.556,0,0,0,0,520,54
43.572,0,0,0,0,520,54
43.588,0,0,0,0,520,54
43.604,0,0,0,0,520,54
43.620,0,0,0,0,520,54
43.636,0,0,0,0,520,54
43.651,0,0,0,0,520,54
43.663,0,0,0,0,520,54
43.683,0,0,0,0,520,54
43.699,0,0,0,0,520,54
43.715,0,0,0,0,520,54
43.731,0,0,0,0,520,54
43.747,0,0,0,0,520,54
43.762,0,0,0,0,520,54
43.779,0,0,0,0,520,54
43.795,0,0,0,0,520,54
43.811,0,0,0,0,520,54
43.827,0,0,0,0,520,54
43.839,0,0,0,0,520,54
43.858,0,0,0,0,520,54
43.863,-40,0,0,0,520,54
43.874,-40,0,0,0,520,54
43.893,-40,0,0,0,520,54
43.906,-40,0,0,0,520,54
43.922,-40,0,0,0,520,54
43.938,-40,0,0,0,520,54
43.954,-40,0,0,0,520,54
43.970,-40,0,0,0,520,54
43.986,-40,0,0,0,520,54
44.002,-40,0,0,0,520,54
44.017,-40,0,0,0,520,54
44.032,-40,0,0,0,520,54
44.048,-40,0,0,0,520,54
44.064,-40,0,0,0,520,54
44.080,-40,0,0,0,520,54
44.096,-40,0,0,0,520,54
44.121,-40,0,0,0,520,54
44.137,0,0,0,0,520,54
44.159,0,0,0,0,520,54
44.175,0,0,0,0,520,54
44.191,0,0,0,0,520,54
44.207,0,0,0,0,520,54
44.223,0,0,0,0,520,54
44.239,0,0,0,0,520,54
44.254,0,0,0,0,520,54
44.270,0,0,0,0,520,54
44.286,0,0,0,0,520,54
44.302,0,0,0,0,520,54
44.318,0,0,0,0,520,54
44.334,0,0,0,0,520,54
44.350,0,0,0,0,520,54
44.366,0,0,0,0,520,54
44.382,0,0,0,0,520,54
44.398,0,0,0,0,520,54
44.414,0,0,0,0,520,54
44.430,0,0,0,0,520,54
44.446,0,0,0,0,520,54
44.451,0,0,0,0,520,54
44.478,0,0,0,0,520,54
44.494,0,0,0,0,520,54
44.510,0,0,0,0,520,54
44.527,0,0,0,0,520,54
44.543,0,0,0,0,520,54
44.559,0,0,0,0,520,54
44.575,0,0,0,0,520,54
44.591,0,0,0,0,520,54
44.601,0,0,0,0,520,54
44.623,0,0,0,0,520,54
44.640,0,0,0,0,520,54
44.656,0,0,0,0,520,54
44.664,0,0,0,0,520,54
44.688,0,0,0,0,520,54
44.705,0,0,0,0,520,54
44.723,0,0,0,0,520,54
44.737,0,0,0,0,520,54
44.763,0,0,0,0,520,54
44.788,0,0,0,0,520,54
44.812,0,0,0,0,520,54
44.829,0,0,0,0,520,54
44.846,0,0,0,0,520,54
44.864,0,0,0,0,520,54
44.880,0,0,0,0,520,54
44.896,0,0,0,0,520,54
44.905,0,0,0,0,520,54
44.914,0,0,0,0,520,54
44.923,0,0,0,0,520,54
44.939,0,0,0,0,520,54
44.956,0,0,0,0,520,54
44.973,0,0,0,0,520,54
44.991,0,0,0,0,520,54
45.008,0,0,0,0,520,54
45.030,0,0,0,0,520,54
45.037,0,0,0,0,520,54
45.046,0,0,0,0,520,54
45.070,0,0,0,0,520,54
45.094,0,0,0,0,520,54
45.111,0,0,0,0,520,54
45.127,0,0,0,0,520,54
45.142,0,0,0,0,520,54
45.160,0,0,0,0,520,54
45.177,0,0,0,0,520,54
45.193,0,0,0,0,520,54
45.210,0,0,0,0,520,54
45.219,0,0,0,0,520,54
45.232,0,0,0,0,520,54
45.248,0,0,0,0,520,54
45.264,0,0,0,0,520,54
45.281,0,0,0,0,520,54
45.296,0,0,0,0,520,54
45.306,0,0,0,0,520,54
45.314,0,0,0,0,520,54
45.331,0,0,0,0,520,54
45.347,0,0,0,0,520,54
45.357,0,0,0,0,520,54
45.373,0,0,0,0,520,54
45.383,0,0,0,0,520,54
45.408,0,0,0,0,520,54
45.424,0,0,0,0,520,54
45.440,0,0,0,0,520,54
45.456,0,0,0,0,520,54
45.474,0,0,0,0,520,54
45.488,0,0,0,0,520,54
45.504,0,0,0,0,520,54
45.520,0,0,0,0,520,54
45.537,0,0,0,0,520,54
45.552,0,0,0,0,520,54
45.568,0,0,0,0,520,54
45.584,0,0,0,0,520,54
45.600,0,0,0,0,520,54
45.616,0,0,0,0,520,54
45.632,0,0,0,0,520,54
45.648,0,0,0,0,520,54
45.664,0,0,0,0,520,54
45.680,0,0,0,0,520,54
45.696,0,0,0,0,520,54
45.712,0,0,0,0,520,54
45.728,0,0,0,0,520,54
45.744,0,0,0,0,520,54
45.760,0,0,0,0,520,54
45.776,0,0,0,0,520,54
45.792,0,0,0,0,520,54
45.807,0,0,0,0,520,54
45.823,0,0,0,0,520,54
45.839,0,0,0,0,520,54
45.858,0,0,0,0,520,54
45.872,0,0,0,0,520,54
45.888,0,0,0,0,520,54
45.904,0,0,0,0,520,54
45.920,0,0,0,0,520,54
45.936,0,0,0,0,510,54
45.952,0,0,0,0,510,54
45.968,0,0,0,0,510,54
45.984,0,0,0,0,510,54
45.995,0,0,0,0,510,54
46.015,0,0,0,0,510,54
46.032,0,0,0,0,510,54
46.047,0,0,0,0,510,54
46.063,0,0,0,0,510,54
46.079,0,0,0,0,510,54
46.111,0,0,0,0,510,54
46.128,0,0,0,0,510,54
46.142,0,0,0,0,510,54
46.158,0,0,0,0,510,54
46.174,0,0,0,0,510,54
46.190,0,0,0,0,510,54
46.205,0,0,0,0,510,54
46.221,0,0,0,0,510,54
46.237,0,0,0,0,510,54
46.253,0,0,0,0,510,54
46.269,0,0,0,0,510,54
46.285,0,0,0,0,510,54
46.301,0,0,0,0,510,54
46.317,0,0,0,0,510,54
46.333,0,0,0,0,510,54
46.349,0,0,0,0,510,54
46.365,0,0,0,0,510,54
46.381,0,0,0,0,500,54
46.397,0,0,0,0,500,54
46.412,0,0,0,0,500,54
46.443,0,0,0,0,500,54
46.459,0,0,0,0,500,54
46.475,0,0,0,0,500,54
46.491,0,0,0,0,500,54
46.508,0,0,0,0,500,54
46.524,0,0,0,0,500,54
46.540,0,0,0,0,500,54
46.556,0,0,0,0,500,54
46.574,0,0,0,0,500,54
46.592,0,0,0,0,500,54
46.604,0,0,0,0,500,54
46.620,0,0,0,0,500,54
46.635,0,0,0,0,500,54
46.651,0,0,0,0,500,54
46.668,0,0,0,0,500,54
46.683,0,0,0,0,500,54
46.700,0,0,0,0,500,54
46.715,0,0,0,0,490,54
46.730,0,0,0,0,490,54
46.747,0,0,0,0,490,54
46.763,0,0,0,0,490,54
46.778,0,0,0,0,490,54
46.794,0,0,0,0,490,54
46.810,0,0,0,0,490,54
46.826,0,0,0,0,490,54
46.831,-40,0,0,0,490,54
46.842,-40,0,0,0,490,54
46.858,-40,0,0,0,490,54
46.874,-40,0,0,0,490,54
46.890,-40,0,0,0,490,54
46.906,-40,0,0,0,490,54
46.918,-40,0,0,0,490,54
46.938,-40,0,0,0,490,54
46.954,-40,0,0,0,490,54
46.969,-40,0,0,0,490,54
46.985,-40,0,0,0,490,54
47.001,-40,0,0,0,490,54
47.017,-40,0,0,0,490,54
47.033,-40,0,0,0,490,54
47.049,-40,0,0,0,490,54
47.060,-40,0,0,0,490,54
47.081,-40,0,0,0,490,54
47.097,-40,0,0,0,490,54
47.113,-40,0,0,0,490,54
47.129,-40,0,0,0,490,54
47.145,-40,0,0,0,490,54
47.161,-40,0,0,0,490,54
47.176,-40,0,0,0,490,54
47.193,-40,0,0,0,490,54
47.208,-40,0,0,0,490,54
47.213,-40,0,0,0,490,54
47.240,-40,0,0,0,490,54
47.256,-40,0,0,0,490,54
47.272,-40,0,0,0,490,54
47.288,-40,0,0,0,490,54
47.304,-40,0,0,0,490,54
47.320,-40,0,0,0,490,54
47.336,-40,0,0,0,490,54
47.352,-40,0,0,0,490,54
47.368,-40,0,0,0,490,54
47.384,-40,0,0,0,490,54
47.400,-40,0,0,0,490,54
47.416,-40,0,0,0,490,54
47.432,-40,0,0,0,490,54
47.448,-40,0,0,0,490,54
47.465,-40,0,0,0,490,54
47.480,-40,0,0,0,490,54
47.496,-40,0,0,0,490,54
47.502,-40,0,0,0,490,54
47.514,-40,0,0,0,490,54
47.528,-40,0,0,0,490,54
47.544,-40,0,0,0,490,54
47.560,-40,0,0,0,490,54
47.577,-40,0,0,0,490,54
47.593,-40,0,0,0,490,54
47.609,-40,0,0,0,490,54
47.625,-40,0,0,0,490,54
47.637,-40,0,0,0,490,54
47.642,-40,0,0,0,490,54
47.656,-40,0,0,0,490,54
47.672,-40,0,0,0,490,54
47.678,-40,0,0,0,490,54
47.690,-40,0,0,0,490,54
47.705,-40,0,0,0,490,54
47.709,-40,0,0,0,500,54
47.736,-40,0,0,0,500,54
47.752,-40,0,0,0,500,54
47.769,-40,0,0,0,500,54
47.775,-40,0,0,0,500,54
47.784,-40,0,0,0,500,54
47.800,-40,0,0,0,500,54
47.811,-40,0,0,0,500,54
47.815,-40,0,0,0,500,54
47.833,-40,0,0,0,500,54
47.847,-40,0,0,0,500,54
47.863,-40,0,0,0,500,54
47.880,-40,0,0,0,500,54
47.895,-40,0,0,0,500,54
47.911,-40,0,0,0,500,54
47.927,-40,0,0,0,500,54
47.932,-40,0,0,0,500,54
47.959,-40,0,0,0,500,54
47.975,-40,0,0,0,500,54
47.991,-40,0,0,0,500,54
48.003,-40,0,0,0,500,54
48.023,-40,0,0,0,500,54
48.039,-40,0,0,0,500,54
48.045,-40,0,0,0,500,54
48.071,-40,0,0,0,500,54
48.087,-40,0,0,0,500,54
48.103,-40,0,0,0,500,54
48.108,-40,0,0,0,500,54
48.135,-40,0,0,0,500,54
48.143,-40,0,0,0,500,54
48.167,-40,0,0,0,500,54
48.172,-40,0,0,0,500,54
48.183,-40,0,0,0,500,54
48.199,-40,0,0,0,500,54
48.204,-40,0,0,0,500,54
48.215,-40,0,0,0,500,54
48.231,-40,0,0,0,500,54
48.236,-40,0,0,0,500,54
48.263,-40,0,0,0,500,54
48.268,-40,0,0,0,500,54
48.279,-40,0,0,0,500,54
48.297,-40,0,0,0,500,54
48.307,-40,0,0,0,500,54
48.327,-40,0,0,0,500,54
48.332,-40,0,0,0,500,54
48.345,-40,0,0,0,500,54
48.359,-40,0,0,0,500,54
48.375,-40,0,0,0,510,53
48.390,-40,0,0,0,510,53
48.407,-40,0,0,0,510,53
48.423,-40,0,0,0,510,53
48.428,-40,0,0,0,510,53
48.455,-40,0,0,0,510,53
48.460,-40,0,0,0,510,53
48.474,-40,0,0,0,510,53
48.503,-40,0,0,0,510,53
48.519,-40,0,0,0,510,53
48.535,-40,0,0,0,510,53
48.541,-40,0,0,0,510,53
48.567,-40,0,0,0,510,53
48.573,-40,0,0,0,510,53
48.599,-40,0,0,0,510,53
48.615,-40,0,0,0,520,54
48.631,-40,0,0,0,520,54
48.636,-40,0,0,0,520,54
48.647,-40,0,0,0,520,54
48.663,-40,0,0,0,520,54
48.668,-40,0,0,0,520,54
48.679,-40,0,0,0,520,54
48.695,0,0,0,0,520,54
48.711,0,0,0,0,520,54
48.727,0,0,0,0,520,54
48.742,0,0,0,0,520,54
48.758,0,0,0,0,520,54
48.774,0,0,0,0,520,54
48.790,0,0,0,0,520,54
48.806,0,0,0,0,520,54
48.822,0,0,0,0,520,54
48.838,0,0,0,0,520,54
48.854,0,0,0,0,520,54
48.870,0,0,0,0,520,54
48.886,0,0,0,0,520,54
48.902,0,0,0,0,520,54
48.918,0,0,0,0,520,54
48.934,0,0,0,0,520,54
48.950,0,0,0,0,530,54
48.966,0,0,0,0,530,54
48.982,0,0,0,0,530,54
48.998,0,0,0,0,530,54
49.014,0,0,0,0,530,54
49.032,0,0,0,0,530,54
49.046,0,0,0,0,530,54
49.062,0,0,0,0,530,54
49.078,0,0,0,0,530,54
49.095,0,0,0,0,530,54
49.111,0,0,0,0,530,54
49.127,0,0,0,0,530,54
49.145,0,0,0,0,530,54
49.159,0,0,0,0,530,54
49.175,0,0,0,0,530,54
49.191,0,0,0,0,530,54
49.207,0,0,0,0,530,54
49.224,0,0,0,0,530,54
49.239,0,0,0,0,530,54
49.255,0,0,0,0,530,54
49.271,0,0,0,0,530,54
49.288,0,0,0,0,530,54
49.300,0,0,0,0,530,54
49.319,0,0,0,0,530,54
49.335,0,0,0,0,530,54
49.351,0,0,0,0,530,54
49.368,0,0,0,0,530,54
49.383,0,0,0,0,530,54
49.388,0,0,0,0,520,54
49.415,0,0,0,0,520,54
49.431,0,0,0,0,520,54
49.447,0,0,0,0,520,54
49.464,0,0,0,0,520,54
49.480,0,0,0,0,520,54
49.495,0,0,0,0,520,54
49.511,0,0,0,0,520,54
49.528,0,0,0,0,520,54
49.546,0,0,0,0,520,54
49.560,0,0,0,0,520,54
49.576,0,0,0,0,520,54
49.592,0,0,0,0,520,54
49.596,0,0,0,0,520,54
49.624,0,0,0,0,510,54
49.640,0,0,0,0,510,54
49.656,0,0,0,0,510,54
49.672,0,0,0,0,510,54
49.688,0,0,0,0,510,54
49.704,0,0,0,0,510,54
49.719,0,0,0,0,500,54
49.735,0,0,0,0,500,54
49.751,0,0,0,0,500,54
49.766,0,0,0,0,500,54
49.783,0,0,0,0,500,54
49.799,0,0,0,0,500,54
49.815,0,0,0,0,500,54
49.831,0,0,0,0,500,54
49.848,0,0,0,0,500,54
49.863,0,0,0,0,500,54
49.879,0,0,0,0,500,54
49.895,0,0,0,0,500,54
49.911,0,0,0,0,500,54
49.927,0,0,0,0,500,54
49.943,0,0,0,0,500,54
49.959,0,0,0,0,500,54
49.975,0,0,0,0,500,54
49.991,0,0,0,0,500,54
50.007,0,0,0,0,500,54
50.023,0,0,0,0,500,54
50.039,0,0,0,0,500,54
50.055,0,0,0,0,500,54
50.071,0,0,0,0,500,54
50.087,0,0,0,0,500,54
50.103,0,0,0,0,500,54
50.118,0,0,0,0,500,54
50.134,0,0,0,0,500,54
50.150,0,0,0,0,500,54
50.166,0,0,0,0,500,54
50.182,0,0,0,0,500,54
50.193,0,0,0,0,500,54
50.215,0,0,0,0,500,54
50.230,0,0,0,0,500,54
50.247,0,0,0,0,500,54
50.263,0,0,0,0,500,54
50.279,0,0,0,0,500,54
50.295,0,0,0,0,500,54
50.311,0,0,0,0,500,54
50.327,0,0,0,0,500,54
50.343,0,0,0,0,500,54
50.359,0,0,0,0,500,54
50.375,0,0,0,0,500,54
50.391,0,0,0,0,500,54
50.407,0,0,0,0,500,54
50.423,0,0,0,0,500,54
50.439,0,0,0,0,500,54
50.455,0,0,0,0,500,54
50.471,0,0,0,0,500,54
50.487,0,0,0,0,500,54
50.503,0,0,0,0,500,54
50.519,0,0,0,0,500,54
50.534,0,0,0,0,500,54
50.550,0,0,0,0,500,54
50.566,0,0,0,0,500,54
50.581,0,0,0,0,500,54
50.598,0,0,0,0,500,54
50.613,0,0,0,0,500,54
50.629,0,0,0,0,500,54
50.645,0,0,0,0,500,54
50.661,0,0,0,0,500,54
50.678,0,0,0,0,500,54
50.694,0,0,0,0,500,54
50.710,0,0,0,0,500,54
50.717,0,0,0,0,500,54
50.742,0,0,0,0,500,54
50.757,0,0,0,0,500,54
50.773,0,0,0,0,500,54
50.789,0,0,0,0,500,54
50.805,0,0,0,0,500,54
50.821,0,0,0,0,500,54
50.837,0,0,0,0,500,54
50.855,0,0,0,0,500,54
50.869,0,0,0,0,500,54
50.886,0,0,0,0,500,54
50.897,0,0,0,0,500,54
50.918,0,0,0,0,500,54
50.934,0,0,0,0,500,54
50.950,0,0,0,0,500,54
50.966,0,0,0,0,500,54
50.984,0,0,0,0,500,54
50.998,0,0,0,0,500,54
51.009,0,0,0,0,500,54
51.030,0,0,0,0,500,54
51.046,0,0,0,0,500,54
51.062,0,0,0,0,500,54
51.078,0,0,0,0,500,54
51.094,0,0,0,0,500,54
51.110,0,0,0,0,500,54
51.126,0,0,0,0,500,54
51.141,0,0,0,0,500,54
51.157,0,0,0,0,500,54
51.173,0,0,0,0,510,54
51.190,0,0,0,0,510,54
51.206,0,0,0,0,510,54
51.221,0,0,0,0,510,54
51.237,0,0,0,0,510,54
51.253,0,0,0,0,510,54
51.269,0,0,0,0,510,54
51.285,0,0,0,0,510,54
51.302,0,0,0,0,510,54
51.318,0,0,0,0,510,54
51.334,0,0,0,0,510,54
51.350,0,0,0,0,510,54
51.366,0,0,0,0,510,54
51.382,0,0,0,0,510,54
51.398,0,0,0,0,510,54
51.414,0,0,0,0,510,54
51.427,0,0,0,0,510,54
51.446,0,0,0,0,510,54
51.461,0,0,0,0,510,54
51.477,0,0,0,0,510,54
51.491,0,0,0,0,510,54
51.510,0,0,0,0,510,54
51.523,0,0,0,0,510,54
51.541,0,0,0,0,510,54
51.554,0,0,0,0,510,54
51.573,0,0,0,0,510,54
51.589,0,0,0,0,510,54
51.610,0,0,0,0,510,54
51.624,0,0,0,0,510,54
51.637,0,0,0,0,510,54
51.649,0,0,0,0,510,54
51.669,0,0,0,0,510,54
51.686,0,0,0,0,510,54
51.702,0,0,0,0,510,54
51.718,0,0,0,0,510,54
51.733,0,0,0,0,510,54
51.750,0,0,0,0,510,54
51.765,0,0,0,0,510,54
51.781,0,0,0,0,510,54
51.797,0,0,0,0,510,54
51.813,0,0,0,0,510,54
51.828,0,0,0,0,510,54
51.845,0,0,0,0,510,54
51.861,0,0,0,0,510,54
51.877,0,0,0,0,510,54
51.893,0,0,0,0,510,54
51.908,0,0,0,0,510,54
51.924,0,0,0,0,510,54
51.940,0,0,0,0,510,54
51.956,0,0,0,0,510,54
51.972,0,0,0,0,510,54
51.982,0,0,0,0,510,54
52.004,0,0,0,0,510,54
52.020,0,0,0,0,510,54
52.035,0,0,0,0,510,54
52.052,0,0,0,0,510,54
52.067,0,0,0,0,510,54
52.082,0,0,0,0,510,54
52.090,0,0,0,0,510,54
52.105,0,0,0,0,510,54
52.121,0,0,0,0,510,54
52.137,0,0,0,0,510,54
52.153,0,0,0,0,510,54
52.169,0,0,0,0,510,54
52.185,0,0,0,0,510,54
52.201,0,0,0,0,510,54
52.217,0,0,0,0,510,54
52.233,0,0,0,0,510,54
52.249,0,0,0,0,510,54
52.261,0,0,0,0,510,54
52.281,0,0,0,0,510,54
52.297,0,0,0,0,510,54
52.312,0,0,0,0,510,54
52.328,0,0,0,0,510,54
52.345,0,0,0,0,510,54
52.361,0,0,0,0,510,54
52.377,0,0,0,0,510,54
52.393,0,0,0,0,510,54
52.425,0,0,0,0,510,54
52.441,0,0,0,0,510,54
52.456,0,0,0,0,510,54
52.473,0,0,0,0,510,54
52.489,0,0,0,0,510,54
52.505,0,0,0,0,510,54
52.521,0,0,0,0,510,54
52.537,0,0,0,0,510,54
52.553,0,0,0,0,510,54
52.569,0,0,0,0,510,54
52.585,0,0,0,0,510,54
52.601,0,0,0,0,510,54
52.617,0,0,0,0,510,54
52.633,0,0,0,0,510,54
52.649,0,0,0,0,510,54
52.665,0,0,0,0,510,54
52.670,-40,0,0,0,510,54
52.681,-40,0,0,0,510,54
52.697,-40,0,0,0,510,54
52.714,-40,0,0,0,510,54
52.729,-40,0,0,0,510,54
52.745,-40,0,0,0,510,54
52.762,-40,0,0,0,510,54
52.778,-40,0,0,0,510,54
52.794,-40,0,0,0,510,54
52.810,-40,0,0,0,510,54
52.826,-40,0,0,0,510,54
52.841,-40,0,0,0,510,54
52.857,-40,0,0,0,510,54
52.873,-40,0,0,0,510,54
52.889,-40,0,0,0,510,54
52.905,-40,0,0,0,510,54
52.921,-40,0,0,0,510,54
52.937,-40,0,0,0,510,54
52.953,-40,0,0,0,510,54
52.971,-40,0,0,0,510,54
52.985,-40,0,0,0,510,54
53.001,-40,0,0,0,510,54
53.017,-40,0,0,0,510,54
53.032,-40,0,0,0,510,54
53.048,-40,0,0,0,510,54
53.064,-40,0,0,0,510,54
53.080,-40,0,0,0,510,54
53.096,-40,0,0,0,510,54
53.112,-40,0,0,0,510,54
53.128,-40,0,0,0,510,54
53.138,-40,0,0,0,510,54
53.160,-40,0,0,0,510,54
53.176,-40,0,0,0,510,54
53.184,-40,0,0,0,520,54
53.193,-40,0,0,0,520,54
53.208,-40,0,0,0,520,54
53.213,-40,0,0,0,520,54
53.240,-40,0,0,0,520,54
53.245,-40,0,0,0,520,54
53.272,-40,0,0,0,520,54
53.288,-40,0,0,0,520,54
53.293,-40,0,0,0,520,54
53.319,-40,0,0,0,520,54
53.325,-40,0,0,0,520,54
53.352,-40,0,0,0,520,54
53.367,-40,0,0,0,520,54
53.383,-40,0,0,0,520,54
53.399,-40,0,0,0,530,54
53.415,-40,0,0,0,530,54
53.431,-40,0,0,0,530,54
53.446,-40,0,0,0,530,54
53.453,-40,0,0,0,530,54
53.463,-40,0,0,0,530,54
53.479,-40,0,0,0,530,54
53.485,-40,0,0,0,530,54
53.510,-40,0,0,0,530,54
53.516,-40,0,0,0,530,54
53.526,-40,0,0,0,530,54
53.542,-40,0,0,0,530,54
53.553,-40,0,0,0,530,54
53.574,-40,0,0,0,530,54
53.579,-40,0,0,0,530,54
53.590,-40,0,0,0,530,54
53.606,-40,0,0,0,530,54
53.611,-40,0,0,0,530,54
53.622,-40,0,0,0,530,54
53.638,-40,0,0,0,530,54
53.656,-40,0,0,0,530,54
53.670,-40,0,0,0,530,54
53.680,-40,0,0,0,530,54
53.701,-40,0,0,0,530,54
53.717,-40,0,0,0,530,54
53.733,-40,0,0,0,530,54
53.745,-40,0,0,0,530,54
53.754,-40,0,0,0,530,54
53.765,-40,0,0,0,530,54
53.781,-40,0,0,0,530,54
53.797,-40,0,0,0,530,54
53.813,-40,0,0,0,530,54
53.828,-40,0,0,0,530,54
53.834,-40,0,0,0,530,54
53.860,-40,0,0,0,530,54
53.876,-40,0,0,0,530,54
53.889,-40,0,0,0,530,54
53.908,-40,0,0,0,530,54
53.914,-40,0,0,0,530,54
53.940,-40,0,0,0,530,54
53.946,-40,0,0,0,530,54
53.956,-40,0,0,0,530,54
53.972,-40,0,0,0,530,54
53.984,-40,0,0,0,530,54
53.996,-40,0,0,0,530,54
54.004,-40,0,0,0,530,54
54.009,-40,0,0,0,530,54
54.036,-40,0,0,0,530,54
54.052,-40,0,0,0,530,54
54.068,-40,0,0,0,520,54
54.073,-40,0,0,0,520,54
54.083,-40,0,0,0,520,54
54.099,-40,0,0,0,520,54
54.115,-40,0,0,0,520,54
54.131,-40,0,0,0,520,54
54.137,-40,0,0,0,520,54
54.163,-40,0,0,0,520,54
54.180,-40,0,0,0,520,54
54.196,-40,0,0,0,520,54
54.212,-40,0,0,0,520,54
54.228,-40,0,0,0,520,54
54.244,-40,0,0,0,520,54
54.261,-40,0,0,0,520,54
54.277,-40,0,0,0,520,54
54.293,-40,0,0,0,520,54
54.297,-40,0,0,0,520,54
54.309,-40,0,0,0,520,54
54.316,-40,0,0,0,520,54
54.340,-40,0,0,0,520,54
54.356,-40,0,0,0,520,54
54.371,-40,0,0,0,520,54
54.388,-40,0,0,0,520,54
54.403,-40,0,0,0,520,54
54.409,-40,0,0,0,510,54
54.419,-40,0,0,0,510,54
54.435,-40,0,0,0,510,54
54.440,-40,0,0,0,510,54
54.468,-40,0,0,0,510,54
54.473,-40,0,0,0,510,54
54.500,-40,0,0,0,510,54
54.516,-40,0,0,0,510,54
54.532,-40,0,0,0,510,54
54.538,-40,0,0,0,510,54
54.548,-40,0,0,0,510,54
54.565,-40,0,0,0,510,54
54.571,-40,0,0,0,510,54
54.595,-40,0,0,0,510,54
54.600,-40,0,0,0,510,54
54.628,-40,0,0,0,510,54
54.646,-40,0,0,0,510,54
54.660,-40,0,0,0,510,54
54.676,-40,0,0,0,510,54
54.687,-40,0,0,0,510,54
54.708,-40,0,0,0,510,54
54.724,-40,0,0,0,510,54
54.736,-40,0,0,0,510,54
54.756,-40,0,0,0,500,54
54.761,-40,0,0,0,500,54
54.772,-40,0,0,0,500,54
54.788,-40,0,0,0,500,54
54.803,-40,0,0,0,500,54
54.819,-40,0,0,0,500,54
54.835,-40,0,0,0,500,54
54.847,-40,0,0,0,500,54
54.867,-40,0,0,0,500,54
54.872,-40,0,0,0,500,54
54.882,-40,0,0,0,500,54
54.898,-40,0,0,0,500,54
54.904,-40,0,0,0,500,54
54.914,-40,0,0,0,500,54
54.930,-40,0,0,0,500,54
54.937,-40,0,0,0,500,54
54.946,-40,0,0,0,500,54
54.962,-40,0,0,0,500,54
54.974,-40,0,0,0,500,54
54.994,-40,0,0,0,500,54
55.000,-40,0,0,0,500,54
55.012,-40,0,0,0,500,54
55.026,-40,0,0,0,500,54
55.031,-40,0,0,0,500,54
55.042,-40,0,0,0,500,54
55.058,-40,0,0,0,500,54
55.074,-40,0,0,0,500,54
55.090,-40,0,0,0,500,54
55.102,-40,0,0,0,500,54
55.108,-40,0,0,0,500,54
55.123,-40,0,0,0,500,54
55.139,-40,0,0,0,500,54
55.144,-40,0,0,0,500,54
55.171,-40,0,0,0,500,54
55.176,-40,0,0,0,500,54
55.203,-40,0,0,0,500,54
55.219,-40,0,0,0,500,54
55.224,-40,0,0,0,500,54
55.251,-40,0,0,0,500,54
55.267,-40,0,0,0,500,54
55.283,-40,0,0,0,500,54
55.299,-40,0,0,0,500,54
55.305,-40,0,0,0,500,54
55.331,-40,0,0,0,500,54
55.347,-40,0,0,0,500,54
55.363,-40,0,0,0,500,54
55.379,-40,0,0,0,500,54
55.411,-40,0,0,0,500,54
55.427,-40,0,0,0,500,54
55.435,-40,0,0,0,500,54
55.443,-40,0,0,0,500,54
55.459,-40,0,0,0,500,54
55.468,-40,0,0,0,500,54
55.491,-40,0,0,0,500,54
55.496,-40,0,0,0,500,54
55.507,-40,0,0,0,500,54
55.523,-40,0,0,0,510,54
55.528,-40,0,0,0,510,54
55.539,-40,0,0,0,510,54
55.555,-40,0,0,0,510,54
55.571,-40,0,0,0,510,54
55.587,-40,0,0,0,510,54
55.603,-40,0,0,0,510,54
55.619,-40,0,0,0,510,54
55.630,-40,0,0,0,510,54
55.651,-40,0,0,0,510,54
55.667,-40,0,0,0,510,54
55.685,-40,0,0,0,510,54
55.701,-40,0,0,0,510,54
55.714,-40,0,0,0,510,54
55.728,-40,0,0,0,510,54
55.743,-40,0,0,0,510,54
55.758,-40,0,0,0,510,54
55.779,-40,0,0,0,510,54
55.795,-40,0,0,0,510,54
55.811,-40,0,0,0,510,54
55.823,-40,0,0,0,510,54
55.843,-40,0,0,0,510,54
55.859,-40,0,0,0,510,54
55.875,-40,0,0,0,510,54
55.890,-40,0,0,0,510,54
55.903,-40,0,0,0,510,54
55.923,-40,0,0,0,510,54
55.937,-40,0,0,0,510,54
55.944,-40,0,0,0,510,54
55.956,-40,0,0,0,510,54
55.962,-40,0,0,0,510,54
55.971,-40,0,0,0,520,54
55.986,-40,0,0,0,520,54
55.992,-40,0,0,0,520,54
56.003,-40,0,0,0,520,54
56.018,-40,0,0,0,520,54
56.033,-40,0,0,0,520,54
56.047,-40,0,0,0,520,54
56.066,-40,0,0,0,520,54
56.080,-40,0,0,0,520,54
56.090,-40,0,0,0,530,54
56.095,-40,0,0,0,530,54
56.114,-40,0,0,0,530,54
56.130,-40,0,0,0,530,54
56.146,-40,0,0,0,530,54
56.151,-40,0,0,0,530,54
56.162,-40,0,0,0,530,54
56.178,-40,0,0,0,530,54
56.194,-40,0,0,0,530,54
56.200,-40,0,0,0,530,54
56.226,-40,0,0,0,530,54
56.242,-40,0,0,0,530,54
56.258,-40,0,0,0,530,54
56.274,-40,0,0,0,530,54
56.291,-40,0,0,0,530,54
56.307,-40,0,0,0,530,54
56.323,-40,0,0,0,530,54
56.328,-40,0,0,0,530,54
56.354,-40,0,0,0,530,54
56.360,-40,0,0,0,530,54
56.386,-40,0,0,0,530,54
56.391,0,0,0,0,530,54
56.419,0,0,0,0,530,54
56.424,0,0,0,0,530,53
56.451,0,0,0,0,530,53
56.467,0,0,0,0,530,53
56.483,0,0,0,0,530,53
56.499,0,0,0,0,530,53
56.515,0,0,0,0,530,53
56.531,0,0,0,0,520,53
56.547,0,0,0,0,520,53
56.563,0,0,0,0,520,53
56.579,0,0,0,0,520,53
56.595,0,0,0,0,520,53
56.611,0,0,0,0,520,53
56.626,0,0,0,0,520,53
56.643,0,0,0,0,520,53
56.659,0,0,0,0,520,53
56.675,0,0,0,0,520,53
56.691,0,0,0,0,520,53
56.707,0,0,0,0,520,53
56.723,0,0,0,0,520,53
56.739,0,0,0,0,520,53
56.755,0,0,0,0,510,53
56.771,0,0,0,0,510,53
56.787,0,0,0,0,510,53
56.803,0,0,0,0,510,53
56.819,0,0,0,0,510,53
56.835,0,0,0,0,510,53
56.851,0,0,0,0,510,53
56.867,0,0,0,0,510,53
56.883,0,0,0,0,510,54
56.901,0,0,0,0,510,54
56.915,0,0,0,0,510,54
56.931,0,0,0,0,510,54
56.947,0,0,0,0,510,54
56.963,0,0,0,0,510,54
56.979,0,0,0,0,510,54
56.995,0,0,0,0,510,54
57.011,0,0,0,0,510,54
57.027,0,0,0,0,510,54
57.044,0,0,0,0,510,54
57.059,0,0,0,0,510,54
57.075,0,0,0,0,510,54
57.092,0,0,0,0,510,54
57.108,0,0,0,0,510,54
57.123,0,0,0,0,510,54
57.139,0,0,0,0,510,54
57.155,0,0,0,0,510,54
57.171,0,0,0,0,510,54
57.187,0,0,0,0,510,54
57.203,0,0,0,0,510,54
57.219,0,0,0,0,510,54
57.235,0,0,0,0,510,54
57.251,0,0,0,0,510,54
57.267,0,0,0,0,510,54
57.283,0,0,0,0,510,54
57.299,0,0,0,0,510,54
57.315,0,0,0,0,510,54
57.331,0,0,0,0,510,54
57.347,0,0,0,0,510,54
57.363,0,0,0,0,510,54
57.379,0,0,0,0,510,54
57.394,0,0,0,0,510,54
57.410,0,0,0,0,510,54
57.427,0,0,0,0,500,54
57.442,0,0,0,0,500,54
57.458,0,0,0,0,500,54
57.474,0,0,0,0,500,54
57.490,0,0,0,0,500,54
57.495,0,0,0,0,500,54
57.522,0,0,0,0,500,54
57.533,0,0,0,0,500,54
57.554,0,0,0,0,500,54
57.570,0,0,0,0,500,54
57.585,0,0,0,0,500,54
57.595,0,0,0,0,500,54
57.617,0,0,0,0,500,54
57.633,0,0,0,0,500,54
57.649,0,0,0,0,500,54
57.667,0,0,0,0,500,54
57.681,0,0,0,0,500,54
57.697,0,0,0,0,500,54
57.713,0,0,0,0,500,54
57.729,0,0,0,0,500,54
57.745,0,0,0,0,500,54
57.757,0,0,0,0,500,54
57.777,0,0,0,0,500,54
57.793,0,0,0,0,500,54
57.807,0,0,0,0,500,54
57.825,0,0,0,0,500,54
57.841,0,0,0,0,500,54
57.857,0,0,0,40,500,54
57.873,0,0,0,40,500,54
57.889,0,0,0,40,500,54
57.905,0,0,0,40,500,54
57.921,0,0,0,40,500,54
57.937,0,0,0,40,500,54
57.953,0,0,0,40,500,54
57.969,0,0,0,40,500,54
57.985,0,0,0,40,500,54
58.001,0,0,0,40,500,53
58.017,0,0,0,40,500,53
58.033,0,0,0,40,500,53
58.049,0,0,0,40,500,53
58.065,0,0,0,40,500,53
58.081,0,0,0,40,500,53
58.096,0,0,0,40,500,53
58.112,0,0,0,40,500,55
58.128,0,0,0,40,500,55
58.144,0,0,0,40,500,55
58.160,0,0,0,40,500,55
58.176,0,0,0,40,500,55
58.192,0,0,0,40,500,55
58.208,0,0,0,40,500,55
58.227,0,0,0,40,500,56
58.241,0,0,0,40,500,56
58.257,0,0,0,40,500,56
58.273,0,0,0,40,500,56
58.289,0,0,0,40,500,56
58.300,0,0,0,40,500,56
58.321,0,0,0,40,500,58
58.326,0,0,0,40,500,58
58.353,0,0,0,40,500,58
58.369,0,0,0,40,500,58
58.385,0,0,0,40,500,58
58.401,0,0,0,40,500,58
58.417,0,0,0,40,500,58
58.433,0,0,0,40,500,60
58.449,0,0,0,40,500,60
58.461,0,0,0,0,500,60
58.481,0,0,0,0,500,60
58.497,0,0,0,0,500,60
58.513,0,0,0,0,500,60
58.529,0,0,0,0,500,60
58.545,0,0,0,0,500,60
58.561,0,0,0,0,500,63
58.577,0,0,0,0,500,63
58.592,0,0,0,0,500,63
58.606,0,0,0,0,500,63
58.624,0,0,0,0,500,63
58.640,0,0,0,0,500,63
58.656,0,0,0,0,500,65
58.672,0,0,0,0,500,65
58.688,0,0,0,0,500,65
58.704,0,0,0,0,500,65
58.720,0,0,0,0,500,65
58.736,0,0,0,0,500,65
58.751,0,0,0,0,500,65
58.768,0,0,0,0,500,66
58.784,0,0,0,0,500,66
58.800,0,0,0,0,500,66
58.815,0,0,0,0,500,66
58.832,0,0,0,0,500,66
58.847,0,0,0,0,500,66
58.863,0,0,0,0,500,66
58.879,0,0,0,0,500,66
58.896,0,0,0,0,510,68
58.911,0,0,0,0,510,68
58.917,0,0,0,0,510,68
58.944,0,0,0,0,510,68
58.960,0,0,0,0,510,68
58.976,0,0,0,0,510,68
58.991,0,0,0,0,510,69
59.007,0,0,0,0,510,69
59.024,0,0,0,0,510,69
59.039,0,0,0,0,510,69
59.055,0,0,0,0,510,69
59.071,0,0,0,0,510,69
59.087,0,0,0,0,510,69
59.103,0,0,0,0,510,69
59.120,0,0,0,0,510,70
59.136,0,0,0,0,510,70
59.152,0,0,0,0,510,70
59.175,0,0,0,0,510,70
59.199,0,0,0,0,510,70
59.215,0,0,0,0,510,70
59.232,0,0,0,0,520,71
59.247,0,0,0,0,520,71
59.264,0,0,0,0,520,71
59.279,0,0,0,0,520,71
59.295,0,0,0,0,520,71
59.312,0,0,0,0,520,71
59.327,0,0,0,0,520,71
59.343,0,0,0,0,520,71
59.359,0,0,0,0,520,71
59.375,0,0,0,0,520,71
59.391,0,0,0,0,520,71
59.407,0,0,0,0,520,71
59.423,0,0,0,0,520,71
59.439,0,0,0,0,520,71
59.455,0,0,0,0,520,72
59.471,0,0,0,0,520,72
59.487,0,0,0,0,520,72
59.503,0,0,0,0,520,72
59.519,0,0,0,0,520,72
59.537,0,0,0,0,520,72
59.553,0,0,0,0,520,72
59.567,0,0,0,0,520,72
59.584,0,0,0,0,520,72
59.600,0,0,0,0,520,72
59.616,0,0,0,0,520,72
59.632,0,0,0,0,520,72
59.648,0,0,0,0,520,72
59.664,0,0,0,0,520,72
59.680,0,0,0,0,520,74
59.696,0,0,0,0,520,74
59.712,0,0,0,0,520,74
59.728,0,0,0,0,520,74
59.743,0,0,0,0,520,74
59.759,0,0,0,0,520,74
59.775,0,0,0,0,520,75
59.792,0,0,0,0,520,75
59.807,0,0,0,0,520,75
59.824,0,0,0,0,520,75
59.840,0,0,0,0,520,75
59.856,0,0,0,0,520,75
59.872,0,0,0,0,520,75
59.888,0,0,0,0,520,75
59.904,0,0,0,0,520,75
59.919,0,0,0,0,520,75
59.936,0,0,0,0,520,75
59.945,0,0,0,0,520,75
59.967,0,0,0,0,520,75
59.983,0,0,0,0,520,75
60.000,0,0,0,0,520,75
60.016,-40,0,0,0,520,75
60.029,-40,0,0,0,520,75
60.048,-40,0,0,0,520,75
60.064,-40,0,0,0,520,75
60.080,-40,0,0,0,520,75
60.096,-40,0,0,0,520,75
60.112,-40,0,0,0,520,75
60.128,-40,0,0,0,520,75
60.144,-40,0,0,0,520,75
60.160,-40,0,0,0,520,75
60.176,-40,0,0,0,520,75
60.192,-40,0,0,0,520,75
60.208,-40,0,0,0,520,75
60.224,-40,0,0,0,520,75
60.240,-40,0,0,0,520,75
60.256,-40,0,0,0,520,75
60.272,-40,0,0,0,520,75
60.288,-40,0,0,0,520,75
60.304,-40,0,0,0,520,75
60.320,-40,0,0,0,520,75
60.336,-40,0,0,0,520,75
60.352,-40,0,0,0,520,75
60.368,-40,0,0,0,520,75
60.384,-40,0,0,0,520,75
60.401,-40,0,0,0,520,75
60.415,-40,0,0,0,520,75
60.432,-40,0,0,0,520,75
60.447,-40,0,0,0,520,75
60.463,-40,0,0,0,520,75
60.479,-40,0,0,0,520,75
60.495,-40,0,0,0,520,75
60.511,-40,0,0,0,520,75
60.520,-40,0,0,0,520,75
60.527,-40,0,0,0,520,75
60.543,-40,0,0,0,520,75
60.559,-40,0,0,0,520,75
60.575,-40,0,0,0,520,75
60.590,-40,0,0,0,520,75
60.606,-40,0,0,0,520,75
60.622,-40,0,0,0,520,75
60.626,-40,0,0,0,520,75
60.638,-40,0,0,0,520,75
60.654,-40,0,0,0,520,75
60.659,-40,0,0,0,520,75
60.669,-40,0,0,0,520,75
60.685,-40,0,0,0,520,75
60.690,-40,0,0,0,520,75
60.701,-40,0,0,0,520,75
60.717,-40,0,0,0,520,75
60.722,-40,0,0,0,520,75
60.737,-40,0,0,0,520,75
60.752,-40,0,0,0,520,75
60.765,-40,0,0,0,520,75
60.781,-40,0,0,0,520,74
60.797,-40,0,0,0,520,74
60.812,-40,0,0,0,520,74
60.825,-40,0,0,0,520,74
60.833,-40,0,0,0,520,74
60.844,-40,0,0,0,520,74
60.860,-40,0,0,0,520,74
60.876,-40,0,0,0,520,74
60.891,-40,0,0,0,520,74
60.903,-40,0,0,0,520,74
60.919,-40,0,0,0,520,74
60.939,-40,0,0,0,520,74
60.951,-40,0,0,0,520,74
60.971,-40,0,0,0,520,74
60.986,-40,0,0,0,520,74
60.996,-40,0,0,0,520,74
61.018,-40,0,0,0,520,74
61.023,-40,0,0,0,520,74
61.036,-40,0,0,0,520,74
61.049,-40,0,0,0,520,74
61.055,-40,0,0,0,520,74
61.065,-40,0,0,0,520,74
61.081,-40,0,0,0,520,74
61.086,-40,0,0,0,520,74
61.096,-40,0,0,0,520,74
61.110,-40,0,0,0,520,74
61.123,-40,0,0,0,520,74
61.128,-40,0,0,0,520,74
61.144,-40,0,0,0,520,74
61.149,-40,0,0,0,520,74
61.160,-40,0,0,0,520,74
61.176,-40,0,0,0,520,74
61.192,-40,0,0,0,520,74
61.207,-40,0,0,0,520,74
61.223,-40,0,0,0,520,74
61.239,-40,0,0,0,520,74
61.256,-40,0,0,0,520,74
61.269,-40,0,0,0,520,74
61.281,-40,0,0,0,520,74
61.298,-40,0,0,0,520,74
61.319,-40,0,0,0,520,74
61.335,-40,0,0,0,520,74
61.351,-40,0,0,0,520,74
61.366,-40,0,0,0,520,74
61.382,-40,0,0,0,520,74
61.393,-40,0,0,0,520,74
61.412,-40,0,0,0,520,74
61.418,-40,0,0,0,520,74
61.428,-40,0,0,0,520,74
61.443,-40,0,0,0,520,74
61.453,-40,0,0,0,520,74
61.459,-40,0,0,0,520,74
61.475,-40,0,0,0,520,74
61.491,-40,0,0,0,520,74
61.507,-40,0,0,0,520,74
61.523,-40,0,0,0,520,74
61.536,-40,0,0,0,520,74
61.540,-40,0,0,0,520,74
61.554,-40,0,0,0,510,74
61.570,-40,0,0,0,510,74
61.575,-40,0,0,0,510,74
61.595,-40,0,0,0,510,74
61.602,-40,0,0,0,510,74
61.618,-40,0,0,0,510,74
61.634,-40,0,0,0,510,74
61.649,-40,0,0,0,510,74
61.666,-40,0,0,0,510,74
61.674,-40,0,0,0,510,74
61.697,-40,0,0,0,510,74
61.712,-40,0,0,0,510,74
61.726,-40,0,0,0,510,74
61.744,-40,0,0,0,510,74
61.749,-40,0,0,0,510,74
61.761,-40,0,0,0,510,74
61.776,-40,0,0,0,510,74
61.786,-40,0,0,0,510,74
61.792,-40,0,0,0,510,74
61.807,-40,0,0,0,510,74
61.817,-40,0,0,0,510,74
61.839,-40,0,0,0,510,74
61.855,-40,0,0,0,510,74
61.871,-40,0,0,0,510,74
61.875,-40,0,0,0,510,74
61.886,-40,0,0,0,510,74
61.899,-40,0,0,0,510,74
61.907,-40,0,0,0,510,74
61.934,-40,0,0,0,510,74
61.950,-40,0,0,0,510,74
61.963,-40,0,0,0,510,74
61.982,-40,0,0,0,510,74
61.998,-40,0,0,0,510,74
62.013,-40,0,0,0,510,74
62.029,-40,0,0,0,510,74
62.046,-40,0,0,0,510,74
62.059,-40,0,0,0,510,74
62.078,-40,0,0,0,510,74
62.094,-40,0,0,0,510,74
62.110,-40,0,0,0,500,74
62.126,-40,0,0,0,500,74
62.139,-40,0,0,0,500,74
62.152,-40,0,0,0,500,74
62.174,-40,0,0,0,500,74
62.190,-40,0,0,0,500,74
62.205,-40,0,0,0,500,74
62.217,-40,0,0,0,500,74
62.223,-40,0,0,0,500,74
62.237,-40,0,0,0,500,74
62.243,-40,0,0,0,500,74
62.253,-40,0,0,0,500,74
62.268,-40,0,0,0,500,74
62.274,-40,0,0,0,500,74
62.300,-40,0,0,0,500,74
62.315,-40,0,0,0,500,74
62.329,-40,0,0,0,500,74
62.345,-40,0,0,0,500,74
62.349,-40,0,0,0,500,74
62.363,-40,0,0,0,500,74
62.378,-40,0,0,0,500,74
62.393,-40,0,0,0,500,74
62.407,-40,0,0,0,500,74
62.426,-40,0,0,0,500,74
62.441,-40,0,0,0,500,74
62.448,-40,0,0,0,500,74
62.468,-40,0,0,0,500,74
62.474,-40,0,0,0,500,74
62.489,-40,0,0,0,500,74
62.505,-40,0,0,0,500,74
62.521,-40,0,0,0,500,74
62.554,-40,0,0,0,500,74
62.568,-40,0,0,0,500,74
62.574,-40,0,0,0,500,74
62.600,-40,0,0,0,500,74
62.605,-40,0,0,0,500,74
62.616,-40,0,0,0,500,74
62.632,-40,0,0,0,500,74
62.648,-40,0,0,0,500,74
62.662,-40,0,0,0,500,74
62.680,-40,0,0,0,500,74
62.696,-40,0,0,0,500,74
62.710,-40,0,0,0,500,74
62.725,-40,0,0,0,500,74
62.737,-40,0,0,0,500,74
62.753,-40,0,0,0,500,74
62.770,-40,0,0,0,500,74
62.788,-40,0,0,0,500,74
62.802,-40,0,0,0,500,74
62.809,-40,0,0,0,500,74
62.818,-40,0,0,0,500,74
62.831,-40,0,0,0,500,74
62.836,-40,0,0,0,500,74
62.845,-40,0,0,0,500,74
62.861,-40,0,0,0,500,74
62.878,-40,0,0,0,500,74
62.901,-40,0,0,0,500,74
62.907,-40,0,0,0,500,74
62.917,-40,0,0,0,500,74
62.933,-40,0,0,0,500,74
62.949,-40,0,0,0,500,74
62.965,-40,0,0,0,500,74
62.976,-40,0,0,0,500,74
62.989,-40,0,0,0,500,74
62.997,-40,0,0,0,500,74
63.002,-40,0,0,0,500,74
63.013,-40,0,0,0,500,74
63.025,-40,0,0,0,500,74
63.044,-40,0,0,0,500,74
63.060,-40,0,0,0,500,74
63.076,-40,0,0,0,500,74
63.088,-40,0,0,0,500,74
63.108,-40,0,0,0,500,74
63.125,-40,0,0,0,500,74
63.139,-40,0,0,0,500,74
63.155,-40,0,0,0,500,74
63.165,-40,0,0,0,500,74
63.187,0,0,0,0,500,74
63.205,0,0,0,0,500,74
63.219,0,0,0,0,500,74
63.234,0,0,0,0,500,74
63.239,0,40,0,0,500,74
63.266,0,40,0,0,500,74
63.282,0,40,0,0,500,74
63.298,0,40,0,0,500,74
63.314,0,40,0,0,500,74
63.330,0,40,0,0,500,74
63.346,0,40,0,0,500,74
63.358,0,40,0,0,500,74
63.378,0,40,0,0,500,74
63.394,0,40,0,0,500,74
63.410,0,40,0,0,500,74
63.426,0,40,0,0,500,74
63.442,0,40,0,0,500,74
63.458,0,40,0,0,500,74
63.474,0,40,0,0,500,74
63.490,0,40,0,0,500,74
63.506,0,40,0,0,500,74
63.522,0,40,0,0,500,74
63.537,0,40,0,0,490,74
63.553,0,40,0,0,490,74
63.557,0,40,0,0,490,74
63.585,0,40,0,0,490,74
63.601,0,40,0,0,490,74
63.617,0,40,0,0,490,74
63.633,0,40,0,0,490,74
63.649,0,40,0,0,490,74
63.656,0,40,0,0,490,74
63.680,0,40,0,0,490,74
63.696,0,40,0,0,490,74
63.712,0,40,0,0,490,74
63.728,0,40,0,0,490,74
63.744,0,40,0,0,490,74
63.749,0,40,0,0,490,74
63.760,0,40,0,0,490,74
63.776,0,40,0,0,490,74
63.793,0,40,0,0,490,74
63.804,0,40,0,0,490,74
63.824,0,40,0,0,490,74
63.833,0,40,0,0,490,74
63.855,0,40,0,0,490,74
63.867,0,40,0,0,490,74
63.887,0,40,0,0,490,74
63.903,0,40,0,0,490,74
63.919,0,40,0,0,490,74
63.924,0,40,0,0,490,74
63.935,0,40,0,0,490,74
63.950,0,40,0,0,490,74
63.955,0,40,0,0,490,74
63.966,0,40,0,0,490,74
63.982,0,40,0,0,490,74
63.988,0,40,0,0,490,74
63.998,0,40,0,0,490,74
64.014,0,40,0,0,490,74
64.025,0,40,0,0,490,74
64.030,0,40,0,0,490,74
64.045,0,40,0,0,490,74
64.062,0,40,0,0,490,74
64.078,0,40,0,0,490,74
64.083,0,40,0,0,490,74
64.093,0,40,0,0,490,74
64.109,0,40,0,0,490,74
64.122,0,40,0,0,490,74
64.134,0,40,0,0,490,74
64.156,0,40,0,0,490,74
64.172,0,40,0,0,490,74
64.188,0,40,0,0,490,74
64.197,0,40,0,0,490,74
64.221,0,40,0,0,490,74
64.237,0,40,0,0,490,74
64.252,0,40,0,0,490,74
64.270,0,40,0,0,490,74
64.284,0,40,0,0,490,74
64.300,0,40,0,0,490,74
64.316,0,40,0,0,490,74
64.332,0,40,0,0,490,74
64.348,0,40,0,0,490,74
64.364,0,40,0,0,490,74
64.380,0,40,0,0,490,74
64.387,0,40,0,0,490,74
64.396,0,40,0,0,490,74
64.412,0,40,0,0,490,74
64.418,0,40,0,0,490,74
64.430,0,40,0,0,490,74
64.448,0,40,0,0,490,74
64.459,0,40,0,0,490,74
64.475,0,40,0,0,490,74
64.491,0,40,0,0,490,74
64.508,0,40,0,0,490,74
64.523,0,40,0,0,490,74
64.528,0,40,0,0,490,74
64.555,0,40,0,0,490,74
64.571,0,40,0,0,490,74
64.587,0,40,0,0,490,74
64.603,0,40,0,0,490,74
64.615,0,40,0,0,490,74
64.635,0,40,0,0,490,74
64.651,0,40,0,0,490,74
64.659,0,40,0,0,490,74
64.683,0,40,0,0,490,74
64.699,0,40,0,0,490,74
64.715,0,40,0,0,490,74
64.732,0,40,0,0,490,74
64.747,0,40,0,0,490,74
64.763,0,40,0,0,490,74
64.777,0,40,0,0,490,75
64.782,0,40,0,0,490,75
64.796,0,40,0,0,490,75
64.811,0,40,0,0,490,75
64.820,0,40,0,0,490,75
64.830,0,40,0,0,490,75
64.844,0,40,0,0,490,75
64.859,0,40,0,0,490,75
64.871,0,40,0,0,490,74
64.879,0,40,0,0,490,74
64.895,0,40,0,0,490,74
64.909,0,40,0,0,490,74
64.926,0,40,0,0,490,74
64.942,0,40,0,0,490,74
64.959,0,40,0,0,490,74
64.976,0,40,0,0,490,74
64.981,0,40,0,0,490,74
64.993,0,40,0,0,490,74
65.008,0,40,0,0,490,74
65.026,0,40,0,0,490,74
65.042,0,40,0,0,490,74
65.058,0,40,0,0,490,74
65.075,0,40,0,0,490,74
65.083,0,40,0,0,490,74
65.100,0,40,0,0,490,74
65.108,0,40,0,0,490,74
65.119,0,40,0,0,490,74
65.134,0,40,0,0,490,74
65.149,0,40,0,0,490,74
65.166,0,40,0,0,490,74
65.181,0,0,0,0,490,74
65.201,0,0,0,0,500,74
65.209,0,0,0,0,500,74
65.233,0,0,0,0,500,74
65.241,0,0,0,0,500,74
65.262,0,0,0,0,500,74
65.279,0,0,0,0,500,74
65.296,0,0,0,0,500,75
65.313,0,0,0,0,500,75
65.329,0,0,0,0,500,75
65.346,0,0,0,0,500,75
65.364,0,0,0,0,500,75
65.380,0,0,0,0,500,75
65.397,0,0,0,0,500,75
65.414,0,0,0,0,500,75
65.422,0,0,0,0,500,75
65.430,0,0,0,0,500,75
65.447,0,0,0,0,500,75
65.467,0,0,0,0,500,75
65.483,0,0,0,0,500,75
65.500,0,0,0,0,500,75
65.517,0,0,0,0,500,75
65.534,0,0,0,0,500,75
65.559,0,0,0,0,500,75
65.575,0,0,0,0,500,75
65.592,0,0,0,0,500,75
65.609,0,0,0,0,500,75
65.634,0,0,0,0,510,75
65.650,0,0,0,0,510,75
65.662,0,0,0,0,510,75
65.682,0,0,0,0,510,75
65.698,0,0,0,0,510,75
65.714,0,0,0,0,510,75
65.730,0,0,0,0,520,75
65.746,0,0,0,0,520,75
65.763,0,0,0,0,520,75
65.778,0,0,0,0,520,75
65.794,0,0,-40,0,520,75
65.799,0,0,-40,0,520,75
65.826,0,0,-40,0,530,75
65.842,0,0,-40,0,530,75
65.858,0,0,-40,0,530,75
65.874,0,0,-40,0,530,75
65.890,0,0,-40,0,530,75
65.907,0,0,-40,0,530,75
65.923,0,0,-40,0,530,75
65.939,0,0,-40,0,530,75
65.955,0,0,-40,0,540,74
65.971,0,0,-40,0,540,74
65.987,0,0,-40,0,540,74
66.003,0,0,-40,0,540,74
66.018,0,0,-40,0,540,74
66.035,0,0,-40,0,540,74
66.051,0,0,-40,0,550,74
66.067,0,0,-40,0,550,74
66.083,0,0,-40,0,550,74
66.101,0,0,-40,0,550,74
66.115,0,0,-40,0,550,74
66.131,0,0,-40,0,550,74
66.147,0,0,-40,0,550,74
66.163,0,0,-40,0,560,74
66.179,0,0,-40,0,560,74
66.195,0,0,-40,0,560,74
66.211,0,0,-40,0,560,74
66.227,0,0,-40,0,560,74
66.243,0,0,-40,0,560,74
66.259,0,0,-40,0,560,74
66.275,0,0,-40,0,560,74
66.291,0,0,-40,0,560,74
66.309,0,0,-40,0,560,74
66.315,0,0,-40,0,560,74
66.339,0,0,-40,0,560,74
66.344,0,0,-40,0,560,74
66.355,0,0,-40,0,560,74
66.371,0,0,-40,0,560,74
66.387,0,0,-40,0,560,74
66.403,0,0,-40,0,560,74
66.409,0,0,-40,0,560,74
66.421,0,0,-40,0,560,74
66.437,0,0,-40,0,560,74
66.448,0,0,-40,0,560,74
66.456,0,0,-40,0,560,74
66.468,0,0,-40,0,560,74
66.484,0,0,-40,0,560,74
66.500,0,0,-40,0,560,74
66.516,0,0,-40,0,570,74
66.532,0,0,-40,0,570,74
66.544,0,0,-40,0,570,74
66.554,0,0,-40,0,570,74
66.565,0,0,-40,0,570,74
66.581,0,0,-40,0,570,74
66.597,0,0,-40,0,570,74
66.606,0,0,-40,0,570,74
66.629,0,0,-40,0,570,74
66.645,0,0,-40,0,570,74
66.661,0,0,-40,0,570,74
66.677,0,0,-40,0,570,74
66.692,0,0,-40,0,570,74
66.705,0,0,-40,0,570,74
66.723,0,0,-40,0,570,74
66.737,0,0,-40,0,570,74
66.741,0,0,-40,0,570,74
66.755,0,0,-40,0,570,74
66.771,0,0,-40,0,570,74
66.788,0,0,-40,0,570,74
66.803,0,0,-40,0,570,74
66.809,0,0,-40,0,570,74
66.819,0,0,-40,0,570,74
66.835,0,0,-40,0,570,74
66.841,0,0,-40,0,570,74
66.852,0,0,-40,0,570,74
66.868,0,0,-40,0,570,74
66.873,0,0,-40,0,570,74
66.900,0,0,-40,0,570,74
66.907,0,0,-40,0,570,74
66.932,0,0,-40,0,570,74
66.937,0,0,-40,0,570,74
66.947,0,0,-40,0,560,74
66.964,0,0,-40,0,560,74
66.980,0,0,-40,0,560,74
66.985,0,0,-40,0,560,74
67.012,0,0,-40,0,560,74
67.028,0,0,-40,0,560,74
67.044,0,0,-40,0,560,74
67.060,0,0,-40,0,560,74
67.067,0,0,-40,0,560,74
67.078,0,0,-40,0,560,74
67.092,0,0,-40,0,560,74
67.108,0,0,-40,0,560,74
67.124,0,0,-40,0,560,74
67.140,0,0,-40,0,560,74
67.156,0,0,-40,0,560,74
67.172,0,0,-40,0,560,74
67.178,0,0,-40,0,560,74
67.204,0,0,-40,0,560,74
67.220,0,0,-40,0,560,74
67.237,0,0,-40,0,560,74
67.252,0,0,-40,0,560,74
67.268,0,0,-40,0,560,74
67.284,0,0,-40,0,560,74
67.300,0,0,-40,0,560,74
67.313,0,0,-40,0,560,74
67.332,0,0,-40,0,560,74
67.338,0,0,-40,0,560,74
67.365,0,0,-40,0,560,74
67.370,0,0,-40,0,560,74
67.380,0,0,-40,0,560,74
67.396,0,0,-40,0,560,74
67.401,0,0,-40,0,560,74
67.412,0,0,-40,0,560,74
67.429,0,0,-40,0,560,74
67.434,0,0,-40,0,560,74
67.445,0,0,-40,0,560,74
67.461,0,0,-40,0,560,74
67.482,0,0,-40,0,560,74
67.497,0,0,-40,0,560,74
67.508,0,0,-40,0,550,75
67.524,0,0,-40,0,550,75
67.540,0,0,-40,0,550,75
67.556,0,0,-40,0,550,75
67.572,0,0,-40,0,550,75
67.588,0,0,-40,0,550,75
67.593,0,0,-40,0,550,75
67.619,0,0,-40,0,550,75
67.636,0,0,-40,0,550,75
67.652,0,0,-40,0,550,75
67.668,0,0,-40,0,550,75
67.684,0,0,-40,0,550,75
67.700,0,0,-40,0,550,75
67.716,0,0,-40,0,550,75
67.732,0,0,-40,0,550,75
67.743,0,0,-40,0,550,75
67.751,0,0,-40,0,550,75
67.765,0,0,-40,0,550,75
67.780,0,0,-40,0,550,75
67.795,0,0,-40,0,550,75
67.800,0,0,-40,0,550,75
67.811,0,0,-40,0,550,75
67.827,0,0,-40,0,550,75
67.831,0,0,-40,0,550,75
67.843,0,0,-40,0,540,74
67.858,0,0,-40,0,540,74
67.864,0,0,-40,0,540,74
67.879,0,0,-40,0,540,74
67.905,0,0,-40,0,540,74
67.911,0,0,-40,0,540,74
67.936,0,0,-40,0,540,74
67.952,0,0,-40,0,540,74
67.957,0,0,-40,0,540,74
67.984,0,0,-40,0,540,74
67.989,0,0,-40,0,540,74
68.000,0,0,-40,0,540,74
68.016,0,0,-40,0,540,74
68.032,0,0,-40,0,540,74
68.048,0,0,-40,0,540,74
68.064,0,0,-40,0,530,74
68.080,0,0,-40,0,530,74
68.096,0,0,-40,0,530,74
68.112,0,0,-40,0,530,74
68.143,0,0,-40,0,530,74
68.159,0,0,-40,0,530,74
68.171,0,0,-40,0,530,74
68.184,0,0,-40,0,530,74
68.206,0,0,-40,0,530,74
68.215,0,0,-40,0,530,74
68.238,0,0,-40,0,530,74
68.255,0,0,-40,0,530,74
68.260,0,0,-40,0,530,74
68.271,0,0,-40,0,530,74
68.287,0,0,-40,0,530,74
68.292,0,0,-40,0,530,74
68.319,0,0,-40,0,530,74
68.324,0,0,-40,0,530,74
68.335,0,0,-40,0,530,74
68.350,0,0,-40,0,530,74
68.366,0,0,-40,0,530,74
68.382,0,0,-40,0,530,74
68.400,0,0,-40,0,520,74
68.430,0,0,-40,0,520,74
68.446,0,0,-40,0,520,74
68.462,0,0,-40,0,520,74
68.494,0,0,-40,0,520,74
68.507,0,0,-40,0,520,74
68.526,0,0,-40,0,520,74
68.542,0,0,-40,0,520,74
68.558,0,0,-40,0,520,74
68.576,0,0,0,0,520,74
68.590,0,0,0,0,520,74
68.606,0,0,0,0,520,74
68.637,0,0,0,0,510,74
68.642,0,0,0,0,510,74
68.669,0,0,0,0,510,74
68.685,0,0,0,0,510,74
68.702,0,0,0,0,510,74
68.717,0,0,0,0,510,74
68.733,0,0,0,0,510,74
68.749,0,0,0,0,510,74
68.766,0,0,0,0,510,74
68.781,0,0,0,0,510,74
68.797,0,0,0,0,510,74
68.813,0,0,0,0,510,74
68.829,0,0,0,0,510,74
68.845,0,0,0,0,510,74
68.861,0,0,0,0,500,74
68.877,0,0,0,0,500,74
68.893,0,0,0,0,500,74
68.909,0,0,0,0,500,74
68.925,0,0,0,0,500,74
68.941,0,0,0,0,500,74
68.957,0,0,0,0,500,74
68.975,0,0,0,0,500,74
68.989,0,0,0,0,500,74
69.021,0,0,0,0,500,74
69.037,0,0,0,0,500,74
69.053,0,0,0,0,500,74
69.069,0,0,0,0,490,74
69.085,0,0,0,0,490,74
69.101,0,0,0,0,490,74
69.106,0,0,0,0,490,74
69.133,0,0,0,0,490,74
69.149,0,0,0,0,490,74
69.165,0,0,0,0,490,74
69.181,0,0,0,0,490,74
69.197,0,0,0,0,490,74
69.213,0,0,0,0,490,74
69.218,0,40,0,0,490,74
69.245,0,40,0,0,490,74
69.261,0,40,0,0,490,74
69.277,0,40,0,0,490,74
69.293,0,40,0,0,490,74
69.309,0,40,0,0,490,74
69.324,0,40,0,0,490,74
69.335,0,40,0,0,490,74
69.355,0,40,0,0,490,74
69.372,0,40,0,0,490,74
69.388,0,40,0,0,490,74
69.398,0,40,0,0,490,74
69.420,0,40,0,0,480,74
69.435,0,40,0,0,480,74
69.452,0,40,0,0,480,74
69.468,0,40,0,0,480,74
69.483,0,40,0,0,480,74
69.499,0,40,0,0,480,74
69.515,0,40,0,0,480,74
69.531,0,40,0,0,480,74
69.547,0,40,0,0,480,74
69.557,0,40,0,0,480,74
69.579,0,40,0,0,480,74
69.595,0,40,0,0,480,74
69.611,0,40,0,0,480,74
69.627,0,40,0,0,480,74
69.643,0,40,0,0,480,74
69.659,0,40,0,0,480,74
69.674,0,40,0,0,480,74
69.690,0,40,0,0,480,74
69.705,0,40,0,0,480,74
69.721,0,40,0,0,480,74
69.737,0,40,0,0,480,74
69.749,0,40,0,0,480,74
69.769,0,40,0,0,480,74
69.785,0,40,0,0,480,74
69.800,0,40,0,0,480,74
69.816,0,40,0,0,480,74
69.832,0,40,0,0,480,74
69.847,0,40,0,0,470,74
69.863,0,40,0,0,470,74
69.876,0,40,0,0,470,74
69.895,0,40,0,0,470,74
69.911,0,40,0,0,470,74
69.927,0,40,0,0,470,74
69.932,0,40,0,0,470,74
69.943,0,40,0,0,470,74
69.959,0,40,0,0,470,74
69.965,0,40,0,0,470,74
69.975,0,40,0,0,470,74
69.991,0,40,0,0,470,74
69.996,0,40,0,0,470,74
70.007,0,40,0,0,470,74
70.022,0,40,0,0,470,74
70.038,0,40,0,0,470,74
70.054,0,40,0,0,470,74
70.059,0,40,0,0,470,74
70.070,0,40,0,0,470,75
70.086,0,40,0,0,470,75
70.102,0,40,0,0,470,75
70.113,0,0,0,0,470,75
70.134,0,0,0,0,470,75
70.150,0,0,0,0,470,75
70.165,0,0,0,0,470,75
70.181,0,0,0,0,470,75
70.197,0,0,0,0,470,75
70.228,0,0,0,0,470,75
70.244,0,0,0,0,470,75
70.260,0,0,0,0,470,75
70.275,0,0,0,0,470,75
70.291,0,0,0,0,470,75
70.307,0,0,0,0,470,75
70.311,-40,0,0,0,470,75
70.334,-40,0,0,0,470,75
70.349,-40,0,0,0,470,75
70.362,-40,0,0,0,470,75
70.380,-40,0,0,0,470,75
70.396,-40,0,0,0,470,75
70.412,-40,0,0,0,470,75
70.428,-40,0,0,0,470,75
70.443,-40,0,0,0,470,75
70.459,-40,0,0,0,470,75
70.475,-40,0,0,0,470,75
70.506,-40,0,0,0,470,75
70.522,-40,0,0,0,470,75
70.533,-40,0,0,0,470,75
70.554,-40,0,0,0,470,75
70.570,-40,0,0,0,470,75
70.586,-40,0,0,0,470,75
70.602,-40,0,0,0,470,75
70.618,-40,0,0,0,470,75
70.633,-40,0,0,0,470,75
70.649,-40,0,0,0,470,75
70.665,-40,0,0,0,470,75
70.681,-40,0,0,0,470,75
70.697,-40,0,0,0,470,75
70.713,-40,0,0,0,470,75
70.729,-40,0,0,0,470,75
70.743,-40,0,0,0,470,74
70.760,-40,0,0,0,470,74
70.776,-40,0,0,0,470,74
70.793,-40,0,0,0,470,74
70.811,-40,0,0,0,470,74
70.840,-40,0,0,0,470,74
70.854,-40,0,0,0,470,74
70.871,-40,0,0,0,470,74
70.887,-40,0,0,0,470,74
70.898,-40,0,0,0,470,74
70.904,-40,0,0,0,470,74
70.918,-40,0,0,0,470,74
70.934,-40,0,0,0,470,74
70.950,-40,0,0,0,470,74
70.960,-40,0,0,0,470,74
70.982,-40,0,0,0,470,74
70.997,-40,0,0,0,470,74
71.013,-40,0,0,0,470,74
71.030,-40,0,0,0,470,74
71.045,-40,0,0,0,470,74
71.060,-40,0,0,0,470,74
71.066,-40,0,0,0,470,74
71.092,-40,0,0,0,470,74
71.108,-40,0,0,0,470,74
71.124,-40,0,0,0,470,74
71.139,-40,0,0,0,470,74
71.155,-40,0,0,0,470,74
71.166,-40,0,0,0,470,74
71.173,-40,0,0,0,480,74
71.182,-40,0,0,0,480,74
71.203,-40,0,0,0,480,74
71.219,-40,0,0,0,480,74
71.223,-40,0,0,0,480,74
71.235,-40,0,0,0,480,74
71.251,-40,0,0,0,480,74
71.255,-40,0,0,0,480,74
71.283,-40,0,0,0,480,74
71.294,-40,0,0,0,480,74
71.301,-40,0,0,0,480,74
71.314,-40,0,0,0,480,74
71.327,-40,0,0,0,480,74
71.332,-40,0,0,0,480,74
71.345,-40,0,0,0,480,74
71.361,-40,0,0,0,480,74
71.377,-40,0,0,0,480,74
71.389,-40,0,0,0,480,74
71.394,-40,0,0,0,480,74
71.409,-40,0,0,0,480,74
71.424,-40,0,0,0,480,74
71.440,-40,0,0,0,480,74
71.452,-40,0,0,0,480,74
71.457,-40,0,0,0,480,74
71.472,-40,0,0,0,480,74
71.484,-40,0,0,0,480,74
71.489,-40,0,0,0,480,74
71.503,-40,0,0,0,480,74
71.518,-40,0,0,0,480,74
71.523,-40,0,0,0,480,74
71.534,-40,0,0,0,480,74
71.550,-40,0,0,0,480,74
71.563,-40,0,0,0,480,74
71.568,-40,0,0,0,480,74
71.598,-40,0,0,0,480,74
71.611,-40,0,0,0,480,74
71.629,-40,0,0,0,480,75
71.645,-40,0,0,0,480,75
71.659,-40,0,0,0,480,75
71.664,-40,0,0,0,480,75
71.676,-40,0,0,0,480,75
71.694,-40,0,0,0,480,75
71.700,-40,0,0,0,480,75
71.709,-40,0,0,0,480,75
71.724,-40,0,0,0,480,75
71.732,-40,0,0,0,480,75
71.740,-40,0,0,0,480,75
71.756,-40,0,0,0,480,75
71.773,-40,0,0,0,480,75
71.787,-40,0,0,0,480,75
71.802,-40,0,0,0,480,75
71.818,-40,0,0,0,480,75
71.834,-40,0,0,0,480,74
71.851,-40,0,0,0,480,74
71.866,-40,0,0,0,480,74
71.872,-40,0,0,0,480,74
71.882,-40,0,0,0,480,74
71.889,-40,0,0,0,480,74
71.903,-40,0,0,0,480,74
71.918,-40,0,0,0,480,74
71.923,-40,0,0,0,480,74
71.947,-40,0,0,0,480,74
71.952,-40,0,0,0,480,74
71.963,-40,0,0,0,480,74
71.979,-40,0,0,0,480,74
71.984,-40,0,0,0,480,74
72.006,-40,0,0,0,480,74
72.017,-40,0,0,0,480,74
72.023,-40,0,0,0,480,74
72.039,-40,0,0,0,480,74
72.050,-40,0,0,0,480,74
72.064,-40,0,0,0,480,74
72.080,-40,0,0,0,480,74
72.085,-40,0,0,0,480,74
72.101,-40,0,0,0,480,74
72.112,-40,0,0,0,480,74
72.128,-40,0,0,0,480,74
72.144,-40,0,0,0,480,74
72.148,-40,0,0,0,480,74
72.159,-40,0,0,0,480,74
72.175,-40,0,0,0,480,74
72.187,-40,0,0,0,480,74
72.207,-40,0,0,0,480,74
72.216,0,0,0,0,480,74
72.239,0,0,0,0,480,74
72.255,0,0,0,0,480,74
72.271,0,0,0,0,480,74
72.287,0,0,0,0,480,74
72.302,0,0,0,0,480,74
72.318,0,0,0,0,480,74
72.334,0,0,0,0,480,74
72.350,0,0,0,0,480,74
72.366,0,0,0,0,480,74
72.382,0,0,0,0,480,74
72.398,0,0,0,0,480,74
72.414,0,0,0,0,480,74
72.430,0,0,0,0,480,74
72.446,0,0,0,0,480,74
72.461,0,0,0,0,480,74
72.477,0,0,0,0,480,74
72.493,0,0,0,0,480,74
72.509,0,0,0,0,480,74
72.525,0,0,0,0,480,74
72.541,0,0,0,0,480,74
72.557,0,0,0,0,480,74
72.572,0,0,0,0,480,74
72.588,0,0,0,0,480,74
72.604,0,0,0,0,480,74
72.620,0,0,0,0,480,74
72.636,0,0,0,0,480,74
72.651,0,0,0,0,480,74
72.667,0,0,0,0,480,74
72.683,0,0,0,0,480,74
72.699,0,0,0,0,480,74
72.715,0,0,0,0,480,74
72.731,0,0,0,0,480,74
72.747,0,0,0,0,480,74
72.763,0,0,0,0,480,74
72.779,0,0,0,0,480,74
72.794,0,0,0,0,480,74
72.810,0,0,0,0,480,74
72.826,0,0,0,0,480,74
72.842,0,0,0,0,480,74
72.857,0,0,0,0,480,74
72.874,0,0,0,0,480,74
72.889,0,0,0,0,480,74
72.906,0,0,0,0,480,74
72.921,0,0,0,0,480,74
72.937,0,0,0,0,480,74
72.948,0,0,0,0,480,74
72.970,0,0,0,0,480,74
72.986,0,0,0,0,480,74
72.996,0,0,0,0,480,74
73.018,0,0,0,0,480,74
73.033,0,0,0,0,480,74
73.049,0,0,0,0,480,74
73.065,0,0,0,0,480,74
73.070,0,0,0,0,480,74
73.097,0,0,0,0,480,74
73.112,0,0,0,0,480,74
73.128,0,0,0,0,480,74
73.144,0,0,0,0,480,74
73.160,0,0,0,0,480,74
73.176,0,0,0,0,480,74
73.192,0,0,0,0,480,74
73.208,0,0,0,0,480,74
73.223,0,0,0,0,480,74
73.239,0,0,0,0,480,74
73.255,0,0,0,0,480,74
73.272,0,0,0,0,480,74
73.287,0,0,0,0,480,74
73.303,0,0,0,0,480,74
73.319,0,0,0,0,480,74
73.331,0,0,0,0,480,74
73.351,0,0,0,0,480,74
73.366,0,0,0,0,480,74
73.377,0,0,0,0,480,74
73.392,0,0,0,0,480,74
73.398,0,0,0,0,480,74
73.414,0,0,0,0,480,74
73.431,0,0,0,0,480,74
73.447,0,0,0,0,480,74
73.462,0,0,0,0,480,74
73.478,0,0,0,0,480,74
73.494,0,0,0,0,480,74
73.510,0,0,0,0,480,74
73.526,0,0,0,0,480,74
73.541,0,0,0,0,480,74
73.557,0,0,0,0,480,74
73.573,0,0,0,0,480,74
73.589,0,0,0,0,480,74
73.599,0,0,0,0,480,74
73.621,0,0,0,0,480,74
73.637,0,0,0,0,480,74
73.652,0,0,0,0,480,74
73.668,0,0,0,0,480,74
73.684,0,0,0,0,480,74
73.700,0,0,0,0,480,74
73.716,0,0,0,0,480,75
73.732,0,0,0,0,480,75
73.748,0,0,0,0,480,75
73.764,0,0,0,0,480,75
73.780,0,0,0,0,480,75
73.796,0,0,0,0,480,75
73.811,0,0,0,0,480,75
73.828,0,0,0,0,480,75
73.843,0,0,0,0,480,75
73.875,0,0,0,0,480,75
73.885,0,0,0,0,480,75
73.907,0,0,0,0,480,75
73.923,0,0,0,0,480,75
73.939,0,0,0,0,480,75
73.954,0,0,0,0,480,75
73.970,-40,0,0,0,480,75
73.986,-40,0,0,0,480,75
73.995,-40,0,0,0,480,75
74.006,-40,0,0,0,480,75
74.019,-40,0,0,0,480,75
74.034,-40,0,0,0,480,75
74.050,-40,0,0,0,480,75
74.076,-40,0,0,0,480,75
74.093,-40,0,0,0,480,75
74.109,-40,0,0,0,480,75
74.126,-40,0,0,0,480,75
74.135,-40,0,0,0,480,75
74.150,-40,0,0,0,480,74
74.167,-40,0,0,0,480,74
74.184,-40,0,0,0,480,74
74.199,-40,0,0,0,480,74
74.208,-40,0,0,0,480,74
74.225,-40,0,0,0,480,74
74.242,-40,0,0,0,480,74
74.259,-40,0,0,0,480,74
74.275,-40,0,0,0,480,74
74.291,-40,0,0,0,480,74
74.309,-40,0,0,0,480,74
74.325,-40,0,0,0,480,74
74.342,-40,0,0,0,480,74
74.359,-40,0,0,0,480,74
74.384,-40,0,0,0,480,74
74.401,-40,0,0,0,480,74
74.409,-40,0,0,0,480,74
74.425,-40,0,0,0,480,74
74.442,-40,0,0,0,480,74
74.458,-40,0,0,0,480,74
74.467,-40,0,0,0,480,74
74.475,-40,0,0,0,480,74
74.480,-40,0,0,0,480,74
74.493,-40,0,0,0,480,74
74.510,-40,0,0,0,480,74
74.528,-40,0,0,0,480,74
74.534,-40,0,0,0,480,74
74.560,-40,0,0,0,480,74
74.576,-40,0,0,0,480,74
74.582,-40,0,0,0,480,74
74.593,-40,0,0,0,480,74
74.600,-40,0,0,0,480,74
74.616,-40,0,0,0,480,74
74.635,-40,0,0,0,480,74
74.648,-40,0,0,0,480,74
74.665,-40,0,0,0,480,74
74.674,-40,0,0,0,480,74
74.686,-40,0,0,0,480,74
74.700,-40,0,0,0,480,74
74.717,-40,0,0,0,480,74
74.735,-40,0,0,0,480,74
74.760,-40,0,0,0,480,74
74.775,-40,0,0,0,480,74
74.793,0,0,0,0,490,74
74.808,0,0,0,0,490,74
74.824,0,0,0,0,490,74
74.841,0,0,0,0,490,74
74.856,0,0,0,0,490,74
74.871,0,0,0,0,490,74
74.887,0,0,0,0,490,74
74.903,0,0,0,0,490,74
74.919,0,0,0,0,490,74
74.935,0,0,0,0,490,74
74.951,0,0,0,0,490,74
74.966,0,0,0,0,490,74
74.982,0,0,0,0,490,74
74.998,0,0,0,0,490,74
75.014,0,0,0,0,490,74
75.030,0,0,0,0,490,74
75.046,0,0,0,0,490,74
75.062,0,0,0,0,490,74
75.078,0,0,0,0,490,74
75.094,0,0,0,0,490,74
75.110,0,0,0,0,490,74
75.126,0,0,0,0,490,74
75.144,0,0,0,0,490,74
75.158,0,0,0,0,490,74
75.175,0,0,0,0,490,74
75.190,0,0,0,0,490,74
75.206,0,0,0,0,490,74
75.222,0,0,0,0,490,74
75.238,0,0,0,0,490,74
75.254,0,0,0,0,490,74
75.270,0,0,0,0,490,74
75.286,0,0,0,0,490,74
75.291,0,0,0,0,490,74
75.318,0,0,0,0,490,74
75.323,0,-40,0,0,490,74
75.339,0,-40,0,0,490,74
75.360,0,-40,0,0,480,74
75.369,0,-40,0,0,480,74
75.385,0,-40,0,0,480,74
75.402,0,-40,0,0,480,74
75.418,0,-40,0,0,480,74
75.432,0,-40,0,0,480,74
75.448,0,-40,0,0,480,74
75.467,0,-40,0,0,480,74
75.486,0,-40,0,0,480,74
75.501,0,-40,0,0,480,74
75.510,0,-40,0,0,480,74
75.526,0,-40,0,0,480,74
75.543,0,-40,0,0,480,74
75.558,0,-40,0,0,480,74
75.574,0,-40,0,0,480,74
75.589,0,-40,0,0,480,74
75.605,0,-40,0,0,480,74
75.623,0,-40,0,0,480,74
75.638,0,-40,0,0,480,74
75.654,0,-40,0,0,480,74
75.678,0,-40,0,0,480,74
75.685,0,-40,0,0,480,74
75.714,0,-40,0,0,480,74
75.736,0,-40,0,0,480,74
75.749,0,-40,0,0,480,74
75.765,0,-40,0,0,480,74
75.788,0,-40,0,0,480,75
75.813,0,-40,0,0,480,75
75.829,0,-40,0,0,480,75
75.848,0,-40,0,0,480,75
75.868,0,-40,0,0,480,75
75.877,0,-40,0,0,480,75
75.893,0,-40,0,0,480,75
75.911,0,-40,0,0,480,75
75.923,0,-40,0,0,480,75
75.948,0,-40,0,0,480,75
75.968,0,-40,0,0,480,75
75.975,0,-40,0,0,480,75
75.996,0,-40,0,0,480,74
76.012,0,-40,0,0,480,74
76.028,0,-40,0,0,480,74
76.044,0,-40,0,0,480,74
76.060,0,0,0,0,480,74
76.081,0,0,0,0,480,74
76.101,0,0,0,0,490,74
76.116,0,0,0,0,490,74
76.136,0,0,0,0,490,74
76.147,0,0,0,0,490,74
76.167,0,0,0,0,490,74
76.179,0,0,0,0,490,74
76.195,0,0,0,0,490,74
76.211,0,0,0,0,490,74
76.227,0,0,0,0,490,74
76.243,0,0,0,0,490,74
76.251,0,0,0,0,490,74
76.269,0,0,0,0,490,74
76.285,0,0,0,0,490,74
76.302,0,0,0,0,490,74
76.314,0,0,0,0,490,74
76.330,0,0,0,0,490,74
76.346,0,0,0,0,490,74
76.362,0,0,0,0,490,74
76.378,0,0,0,0,490,74
76.394,0,0,0,0,490,74
76.410,0,0,0,0,490,74
76.419,0,0,0,0,490,74
76.434,0,0,0,0,490,74
76.453,0,0,0,0,490,74
76.468,0,0,0,0,490,74
76.482,0,0,0,0,490,74
76.498,0,0,0,0,490,74
76.514,0,0,0,0,490,74
76.530,0,0,0,0,490,74
76.545,0,0,0,0,490,74
76.562,0,0,0,0,490,74
76.577,0,0,0,0,490,74
76.593,0,0,0,0,490,74
76.602,0,0,0,0,490,74
76.617,0,0,0,0,490,74
76.634,0,0,0,0,490,74
76.649,0,0,0,0,490,74
76.665,0,0,0,0,490,74
76.673,0,0,0,0,490,74
76.681,0,0,0,0,490,74
76.698,0,0,0,0,490,74
76.714,0,0,0,0,490,74
76.730,0,0,0,0,490,74
76.746,0,0,0,0,490,74
76.751,0,0,0,0,490,74
76.778,0,0,0,0,490,74
76.794,0,0,0,0,490,74
76.810,0,0,0,0,490,74
76.826,0,0,0,0,490,74
76.842,0,0,0,0,490,74
76.858,0,0,0,0,490,75
76.874,0,0,0,0,490,75
76.890,0,0,0,0,490,75
76.906,0,0,0,0,490,75
76.911,0,0,0,0,490,75
76.939,0,0,0,0,490,75
76.954,0,0,0,0,490,75
76.970,0,0,0,0,490,75
76.986,0,0,0,0,490,75
77.002,0,0,0,0,490,75
77.018,0,0,0,0,490,75
77.034,0,0,0,0,490,75
77.050,0,0,0,0,490,75
77.066,0,0,0,0,490,75
77.082,0,0,0,0,490,75
77.098,0,0,0,0,490,75
77.113,0,0,0,0,490,75
77.130,0,0,0,0,490,75
77.145,0,0,0,0,490,75
77.162,0,0,0,0,490,75
77.177,0,0,0,0,490,75
77.193,0,0,0,0,490,75
77.209,0,0,0,0,490,75
77.225,0,0,0,0,490,75
77.241,0,0,0,0,490,75
77.257,0,0,0,0,490,75
77.273,0,0,0,0,490,75
77.289,0,0,0,0,490,75
77.306,0,0,0,0,490,75
77.320,0,0,0,0,490,75
77.336,0,0,0,0,490,75
77.352,0,0,0,0,490,75
77.369,0,0,0,0,490,75
77.384,0,0,0,0,490,75
77.400,0,0,0,0,490,75
77.416,0,0,0,0,490,75
77.432,0,0,0,0,490,75
77.448,0,0,0,0,490,75
77.464,0,0,0,0,490,75
77.480,0,0,0,0,490,75
77.496,0,0,0,0,490,75
77.512,0,0,0,0,490,75
77.528,0,0,0,0,490,75
77.544,0,0,0,0,490,75
77.561,0,0,0,0,490,75
77.577,0,0,0,0,490,75
77.593,0,0,0,0,490,75
77.606,0,0,0,0,490,75
77.625,0,0,0,0,490,75
77.641,0,0,0,0,490,75
77.657,0,0,0,0,490,75
77.673,0,0,0,0,490,75
77.689,0,0,0,0,490,75
77.706,0,0,0,0,490,75
77.722,0,0,0,0,490,75
77.738,0,0,0,0,490,75
77.744,0,0,0,0,490,75
77.770,0,0,0,0,490,75
77.786,0,0,0,0,490,75
77.802,0,0,0,0,490,75
77.818,0,0,0,0,490,75
77.834,0,0,0,0,490,75
77.850,0,0,0,0,490,75
77.866,0,0,0,0,490,74
77.882,0,0,0,0,490,74
77.898,0,0,0,0,490,74
77.914,0,0,0,0,490,74
77.929,0,0,0,0,490,74
77.945,0,0,0,0,490,74
77.962,0,0,0,0,490,74
77.978,0,0,0,0,490,74
77.993,0,0,0,0,490,74
78.009,0,0,0,0,490,74
78.018,0,0,0,0,490,74
78.042,0,0,0,0,490,74
78.052,0,0,0,0,490,74
78.073,0,0,0,0,490,74
78.089,0,0,0,0,490,74
78.105,0,0,0,0,490,74
78.118,0,0,0,0,490,74
78.137,0,0,0,0,490,74
78.155,0,0,0,0,490,74
78.185,0,0,0,0,490,74
78.201,0,0,0,0,480,74
78.217,0,0,0,0,480,74
78.231,0,0,0,0,480,74
78.249,0,0,0,0,480,74
78.254,0,0,0,0,480,74
78.281,0,0,0,0,480,74
78.286,0,0,0,0,480,74
78.313,0,0,0,0,480,74
78.330,0,0,0,0,480,74
78.346,0,0,0,0,480,74
78.363,0,0,0,0,480,74
78.379,0,0,0,0,480,74
78.395,0,0,0,0,480,74
78.410,0,0,0,0,480,74
78.415,0,0,0,0,480,74
78.443,0,0,0,0,480,74
78.459,0,0,0,0,480,74
78.475,0,0,0,0,480,74
78.491,0,0,0,0,480,74
78.507,0,0,0,0,480,74
78.523,0,0,0,0,480,74
78.540,0,0,0,0,480,74
78.554,0,0,0,0,480,74
78.566,0,0,0,0,480,74
78.573,0,0,0,0,480,74
78.597,0,0,0,0,480,74
78.618,0,0,0,0,480,74
78.634,0,0,0,0,480,74
78.650,0,0,0,0,480,74
78.666,0,0,0,0,480,74
78.681,0,0,0,0,480,74
78.697,0,0,0,0,480,74
78.713,0,0,0,0,480,74
78.729,0,0,0,0,480,74
78.745,0,0,0,0,480,74
78.761,0,0,0,0,480,74
78.777,0,0,0,0,480,74
78.793,0,40,0,0,480,74
78.809,0,40,0,0,480,74
78.825,0,40,0,0,480,74
78.842,0,40,0,0,480,74
78.857,0,40,0,0,480,74
78.873,0,40,0,0,480,74
78.878,0,40,0,0,480,74
78.905,0,40,0,0,480,74
78.921,0,40,0,0,480,74
78.937,0,40,0,0,480,74
78.953,0,40,0,0,480,74
78.969,0,40,0,0,480,74
78.985,0,40,0,0,480,74
79.001,0,40,0,0,480,74
79.017,0,40,0,0,480,74
79.033,0,40,0,0,480,74
79.049,0,40,0,0,480,74
79.058,0,40,0,0,480,74
79.081,0,40,0,0,480,74
79.097,0,40,0,0,480,74
79.113,0,40,0,0,480,74
79.129,0,40,0,0,480,74
79.161,0,40,0,0,480,74
79.177,0,40,0,0,480,74
79.193,0,40,0,0,480,74
79.209,0,40,0,0,480,74
79.225,0,40,0,0,480,74
79.241,0,40,0,0,480,74
79.257,0,40,0,0,480,74
79.274,0,40,0,0,480,74
79.279,0,40,0,0,480,74
79.304,0,40,0,0,480,74
79.321,0,40,0,0,480,74
79.337,0,40,0,0,480,74
79.349,0,40,0,0,480,74
79.369,0,40,0,0,480,74
79.385,0,40,0,0,480,74
79.401,0,40,0,0,480,74
79.406,0,40,0,0,480,74
79.417,0,40,0,0,480,74
79.433,0,40,0,0,480,74
79.437,0,40,0,0,480,74
79.448,0,40,0,0,480,74
79.466,0,40,0,0,480,74
79.480,0,40,0,0,480,74
79.497,0,40,0,0,480,74
79.512,0,40,0,0,480,74
79.518,0,40,0,0,480,74
79.543,0,40,0,0,480,74
79.560,0,40,0,0,480,74
79.573,0,40,0,0,480,74
79.579,0,40,0,0,480,74
79.592,0,40,0,0,480,74
79.608,0,40,0,0,480,74
79.619,0,40,0,0,480,74
79.640,0,40,0,0,480,74
79.656,0,40,0,0,480,74
79.671,0,40,0,0,480,74
79.687,0,40,0,0,480,74
79.703,0,40,0,0,480,74
79.719,0,40,0,0,480,74
79.733,0,40,0,0,480,74
79.738,0,40,0,0,480,74
79.751,0,40,0,0,480,74
79.767,0,40,0,0,480,74
79.782,0,40,0,0,480,74
79.793,0,40,0,0,480,74
79.813,0,40,0,0,480,74
79.819,0,40,0,0,480,74
79.834,0,40,0,0,480,74
79.845,0,40,0,0,480,74
79.861,0,40,0,0,480,74
79.867,0,40,0,0,480,74
79.879,0,40,0,0,480,74
79.895,0,40,0,0,480,74
79.899,0,40,0,0,480,74
79.908,0,40,0,0,480,74
79.924,0,40,0,0,480,74
79.929,0,40,0,0,480,74
79.939,0,40,0,0,480,74
79.956,0,40,0,0,480,74
79.961,0,40,0,0,480,74
79.972,0,0,0,0,480,74
79.988,0,0,0,0,480,74
80.003,0,0,0,0,480,74
80.009,0,0,0,0,480,74
80.025,0,0,0,0,480,74
80.050,0,0,0,0,480,74
80.066,0,0,0,0,480,74
80.082,0,0,0,0,480,74
80.098,0,0,0,0,480,74
80.103,-40,0,0,0,480,74
80.130,-40,0,0,0,480,74
80.146,-40,0,0,0,480,74
80.162,-40,0,0,0,480,74
80.178,-40,0,0,0,480,74
80.194,-40,0,0,0,480,74
80.210,-40,0,0,0,480,74
80.226,-40,0,0,0,480,74
80.258,-40,0,0,0,480,74
80.274,-40,0,0,0,480,74
80.287,-40,0,0,0,480,74
80.307,-40,0,0,0,480,74
80.322,-40,0,0,0,480,74
80.338,-40,0,0,0,480,74
80.354,-40,0,0,0,480,74
80.370,-40,0,0,0,480,74
80.386,-40,0,0,0,480,74
80.402,-40,0,0,0,480,74
80.418,-40,0,0,0,480,74
80.434,-40,0,0,0,480,74
80.449,-40,0,0,0,480,74
80.466,-40,0,0,0,480,74
80.481,-40,0,0,0,480,74
80.492,-40,0,0,0,480,74
80.513,-40,0,0,0,480,74
80.529,-40,0,0,0,480,74
80.544,-40,0,0,0,480,74
80.560,-40,0,0,0,480,74
80.576,-40,0,0,0,480,74
80.592,-40,0,0,0,480,74
80.608,-40,0,0,0,480,74
80.624,-40,0,0,0,480,74
80.640,-40,0,0,0,480,74
80.656,-40,0,0,0,480,74
80.661,-40,0,0,0,480,74
80.673,-40,0,0,0,480,74
80.688,-40,0,0,0,480,74
80.693,-40,0,0,0,480,74
80.704,-40,0,0,0,480,74
80.720,-40,0,0,0,480,74
80.725,-40,0,0,0,480,74
80.736,-40,0,0,0,480,74
80.752,-40,0,0,0,480,74
80.758,-40,0,0,0,480,74
80.768,-40,0,0,0,480,74
80.784,-40,0,0,0,480,74
80.794,-40,0,0,0,480,74
80.801,-40,0,0,0,480,74
80.817,-40,0,0,0,480,74
80.822,-40,0,0,0,480,74
80.849,-40,0,0,0,480,74
80.854,-40,0,0,0,480,74
80.866,-40,0,0,0,480,74
80.881,-40,0,0,0,480,74
80.892,-40,0,0,0,480,74
80.912,-40,0,0,0,480,74
80.923,-40,0,0,0,480,74
80.929,-40,0,0,0,480,74
80.944,-40,0,0,0,480,74
80.951,-40,0,0,0,480,74
80.976,-40,0,0,0,480,74
80.992,-40,0,0,0,480,74
81.008,-40,0,0,0,480,74
81.024,-40,0,0,0,480,74
81.033,-40,0,0,0,480,74
81.056,-40,0,0,0,480,74
81.072,-40,0,0,0,480,74
81.088,-40,0,0,0,480,74
81.104,-40,0,0,0,480,74
81.116,-40,0,0,0,480,74
81.122,-40,0,0,0,480,74
81.136,-40,0,0,0,480,74
81.152,-40,0,0,0,480,74
81.168,-40,0,0,0,480,74
81.185,-40,0,0,0,480,74
81.189,-40,0,0,0,480,74
81.200,-40,0,0,0,480,74
81.216,-40,0,0,0,480,74
81.221,-40,0,0,0,480,74
81.232,-40,0,0,0,480,74
81.248,-40,0,0,0,480,74
81.253,-40,0,0,0,480,74
81.264,-40,0,0,0,480,74
81.280,0,0,0,0,480,74
81.296,0,0,0,0,480,74
81.312,0,0,0,0,480,74
81.328,0,0,0,0,480,74
81.345,0,0,0,0,480,74
81.360,0,0,0,0,480,74
81.376,0,0,0,0,480,74
81.392,0,0,0,0,480,74
81.407,0,0,0,0,480,74
81.420,0,40,0,0,480,74
81.425,0,40,0,0,480,74
81.439,0,40,0,0,480,74
81.455,0,40,0,0,480,74
81.471,0,40,0,0,480,74
81.487,0,40,0,0,480,74
81.503,0,40,0,0,480,74
81.519,0,40,0,0,480,74
81.535,0,40,0,0,480,74
81.550,0,40,0,0,480,74
81.566,0,40,0,0,480,74
81.582,0,40,0,0,480,74
81.598,0,40,0,0,480,74
81.614,0,40,0,0,480,74
81.630,0,40,0,0,480,74
81.646,0,40,0,0,480,74
81.662,0,40,0,0,480,74
81.678,0,40,0,0,480,74
81.694,0,40,0,0,480,74
81.705,0,40,0,0,480,74
81.726,0,40,0,0,480,74
81.758,0,40,0,0,480,74
81.774,0,40,0,0,470,74
81.790,0,40,0,0,470,74
81.806,0,40,0,0,470,74
81.822,0,40,0,0,470,74
81.838,0,40,0,0,470,74
81.854,0,40,0,0,470,74
81.870,0,40,0,0,470,74
81.886,0,40,0,0,470,74
81.902,0,40,0,0,470,74
81.918,0,40,0,0,470,74
81.934,0,40,0,0,470,74
81.950,0,40,0,0,470,74
81.966,0,40,0,0,470,74
81.982,0,40,0,0,470,74
81.998,0,40,0,0,470,74
82.015,0,40,0,0,470,74
82.030,0,40,0,0,470,74
82.043,0,40,0,0,470,74
82.062,0,40,0,0,470,74
82.067,0,40,0,0,470,74
82.078,0,40,0,0,470,74
82.094,0,40,0,0,470,74
82.099,0,40,0,0,470,74
82.110,0,40,0,0,470,74
82.126,0,40,0,0,470,74
82.142,0,40,0,0,470,74
82.158,0,40,0,0,470,74
82.174,0,40,0,0,470,74
82.190,0,40,0,0,470,74
82.207,0,40,0,0,470,74
82.222,0,40,0,0,470,74
82.238,0,40,0,0,470,74
82.254,0,40,0,0,470,74
82.270,0,40,0,0,470,74
82.286,0,40,0,0,470,74
82.301,0,40,0,0,470,74
82.317,0,40,0,0,470,74
82.333,0,40,0,0,470,74
82.349,0,40,0,0,470,74
82.365,0,40,0,0,470,74
82.381,0,40,0,0,470,74
82.397,0,40,0,0,470,74
82.413,0,40,0,0,470,74
82.428,0,0,0,0,470,74
82.445,0,0,0,0,470,74
82.459,0,0,0,0,470,74
82.475,0,0,0,0,470,74
82.491,0,0,0,0,470,74
82.507,0,0,0,0,470,74
82.523,0,0,0,0,470,74
82.539,0,0,0,0,470,74
82.555,0,0,0,0,470,74
82.571,0,0,0,0,470,74
82.587,0,0,0,0,470,74
82.602,0,0,0,0,470,74
82.618,0,0,0,0,470,74
82.634,0,0,0,0,470,74
82.650,0,0,0,0,470,74
82.666,0,0,0,0,470,74
82.683,0,0,0,0,470,74
82.699,0,0,0,0,470,74
82.714,0,0,0,0,470,74
82.730,0,0,0,0,470,74
82.746,0,0,0,0,470,74
82.762,0,0,0,0,470,74
82.778,0,0,0,0,480,75
82.794,0,0,0,0,480,75
82.810,0,0,0,0,480,75
82.826,0,0,0,0,480,75
82.842,0,0,0,0,480,75
82.859,0,0,0,0,480,75
82.874,0,0,0,0,480,75
82.890,0,0,0,0,480,75
82.906,0,0,0,0,480,75
82.922,0,0,0,0,480,75
82.938,0,0,0,0,480,75
82.954,0,0,0,0,480,75
82.970,0,0,0,0,480,75
82.986,0,0,0,0,480,75
83.002,0,0,0,0,480,75
83.017,0,0,0,0,480,75
83.033,0,0,0,0,480,75
83.042,0,0,0,0,480,75
83.065,0,0,0,0,480,75
83.081,0,0,0,0,480,75
83.097,0,0,0,0,480,75
83.113,0,0,0,0,480,75
83.129,0,0,0,0,480,75
83.145,0,0,0,0,480,75
83.161,0,0,0,0,480,75
83.177,0,0,0,0,480,75
83.193,0,0,0,0,480,75
83.209,0,0,0,0,480,75
83.225,0,0,0,0,480,74
83.241,0,0,0,0,480,74
83.257,0,0,0,0,480,74
83.273,0,0,0,0,480,74
83.289,0,0,0,0,480,74
83.305,0,0,0,0,480,74
83.321,0,0,0,0,480,74
83.337,0,0,0,0,480,74
83.353,0,0,0,0,480,74
83.369,0,0,0,0,480,74
83.385,0,0,0,0,480,74
83.390,0,0,0,0,480,74
83.417,0,0,0,0,480,74
83.433,0,0,0,0,480,74
83.449,0,0,0,0,480,74
83.471,0,0,0,0,480,74
83.497,0,0,-40,0,480,74
83.513,0,0,-40,0,480,74
83.529,0,0,-40,0,480,74
83.545,0,0,-40,0,480,74
83.560,0,0,-40,0,480,74
83.576,0,0,-40,0,480,74
83.592,0,0,-40,0,480,74
83.608,0,0,-40,0,480,74
83.625,0,0,-40,0,480,74
83.641,0,0,-40,0,480,74
83.658,0,0,-40,0,480,74
83.673,0,0,-40,0,480,74
83.689,0,0,-40,0,480,74
83.705,0,0,-40,0,480,74
83.721,0,0,-40,0,480,74
83.737,0,0,-40,0,480,74
83.753,0,0,-40,0,480,74
83.768,0,0,-40,0,480,74
83.785,0,0,-40,0,480,74
83.801,0,0,-40,0,480,74
83.817,0,0,-40,0,480,74
83.833,0,0,-40,0,480,74
83.849,0,0,-40,0,480,74
83.866,0,0,-40,0,480,74
83.881,0,0,-40,0,480,74
83.897,0,0,-40,0,480,74
83.913,0,0,-40,0,480,74
83.929,0,0,-40,0,480,74
83.945,0,0,-40,0,480,74
83.961,0,0,-40,0,480,74
83.977,0,0,-40,0,480,74
83.993,0,0,-40,0,480,74
84.009,0,0,-40,0,480,74
84.025,0,0,-40,0,480,74
84.041,0,0,-40,0,480,74
84.057,0,0,-40,0,480,74
84.073,0,0,-40,0,480,74
84.084,0,0,-40,0,480,74
84.104,0,0,-40,0,480,74
84.120,0,0,-40,0,480,74
84.136,0,0,-40,0,480,74
84.152,0,0,-40,0,480,74
84.168,0,0,-40,0,480,74
84.184,0,0,-40,0,480,74
84.200,0,0,-40,0,480,74
84.205,0,0,-40,0,480,74
84.216,0,0,-40,0,480,74
84.232,0,0,-40,0,480,74
84.237,0,0,-40,0,480,74
84.248,0,0,-40,0,480,74
84.264,0,0,-40,0,480,74
84.269,0,0,-40,0,480,74
84.280,0,0,-40,0,480,74
84.296,0,0,-40,0,480,74
84.302,0,0,-40,0,480,74
84.311,0,0,-40,0,480,74
84.327,0,0,-40,0,480,74
84.334,0,0,-40,0,480,74
84.344,0,0,-40,0,480,74
84.360,0,0,-40,0,480,74
84.376,0,0,-40,0,480,74
84.394,0,0,-40,0,480,74
84.399,0,0,-40,0,480,74
84.408,0,0,-40,0,480,74
84.424,0,0,-40,0,480,74
84.433,0,0,-40,0,480,74
84.449,0,0,-40,0,480,74
84.472,0,0,-40,0,480,74
84.487,0,0,-40,0,480,74
84.503,0,0,-40,0,480,74
84.519,0,0,-40,0,480,74
84.535,0,0,-40,0,480,74
84.551,0,0,-40,0,480,74
84.567,0,0,-40,0,480,74
84.582,0,0,-40,0,480,74
84.600,0,0,-40,0,480,74
84.614,0,0,-40,0,480,74
84.631,0,0,-40,0,480,74
84.636,0,0,-40,0,480,74
84.662,0,0,-40,0,480,74
84.667,0,0,-40,0,480,74
84.678,0,0,-40,0,470,74
84.694,0,0,-40,0,470,74
84.699,0,0,-40,0,470,74
84.709,0,0,-40,0,470,74
84.725,0,0,-40,0,470,74
84.741,0,0,-40,0,470,74
84.758,0,0,-40,0,470,74
84.764,0,0,-40,0,470,74
84.773,0,0,-40,0,470,74
84.789,0,0,-40,0,470,74
84.805,0,0,-40,0,470,74
84.819,0,0,-40,0,470,74
84.831,0,0,-40,0,470,74
84.852,0,0,-40,0,470,74
84.868,0,0,-40,0,470,74
84.884,0,0,-40,0,470,74
84.900,0,0,-40,0,470,74
84.916,0,0,-40,0,470,74
84.936,0,0,-40,0,470,74
84.949,0,0,-40,0,470,74
84.965,0,0,-40,0,470,74
84.981,0,0,-40,0,470,74
84.997,0,0,-40,0,470,74
85.013,0,0,-40,0,460,74
85.030,0,0,-40,0,460,74
85.042,0,0,-40,0,460,74
85.060,0,0,-40,0,460,74
85.065,0,0,-40,0,460,74
85.076,0,0,-40,0,460,74
85.092,0,0,-40,0,460,74
85.098,0,0,-40,0,460,74
85.108,0,0,-40,0,460,74
85.124,0,0,-40,0,460,74
85.129,0,0,-40,0,460,74
85.140,0,0,-40,0,460,74
85.156,0,0,-40,0,460,74
85.161,0,0,-40,0,460,74
85.171,0,0,-40,0,460,74
85.187,0,0,-40,0,460,74
85.193,0,0,-40,0,460,74
85.204,0,0,-40,0,460,74
85.219,0,0,-40,0,460,74
85.229,0,0,-40,0,460,74
85.255,0,0,-40,0,460,74
85.266,0,0,-40,0,460,74
85.271,0,0,-40,0,460,74
85.282,0,0,-40,0,460,74
85.298,0,0,-40,0,460,74
85.314,0,0,-40,0,460,74
85.330,0,0,-40,0,460,74
85.346,0,0,-40,0,460,74
85.362,0,0,-40,0,460,74
85.378,0,0,-40,0,460,74
85.394,0,0,-40,0,460,74
85.409,0,0,-40,0,460,74
85.425,0,0,-40,0,460,74
85.442,0,0,-40,0,460,74
85.458,0,0,-40,0,460,74
85.473,0,0,-40,0,460,74
85.491,0,0,-40,0,460,74
85.507,0,0,-40,0,460,74
85.511,0,0,-40,0,460,74
85.525,0,0,-40,0,460,74
85.537,0,0,-40,0,460,74
85.553,0,0,-40,0,460,74
85.559,0,0,-40,0,460,74
85.569,0,0,-40,0,460,74
85.587,0,0,-40,0,460,74
85.592,0,0,-40,0,460,74
85.601,0,0,-40,0,460,74
85.617,0,0,-40,0,460,74
85.623,0,0,-40,0,460,74
85.633,0,0,-40,0,460,74
85.649,0,0,-40,0,460,74
85.665,0,0,-40,0,460,74
85.681,0,0,-40,0,460,74
85.696,0,0,-40,0,460,74
85.713,0,0,-40,0,460,74
85.729,0,0,-40,0,460,74
85.743,0,0,-40,0,460,74
85.748,0,0,-40,0,460,74
85.776,0,0,-40,0,460,74
85.792,0,0,-40,0,450,74
85.809,0,0,-40,0,450,74
85.824,0,0,-40,0,450,74
85.840,0,0,-40,0,450,74
85.857,0,0,-40,0,450,74
85.872,0,0,-40,0,450,74
85.889,0,0,-40,0,450,74
85.904,0,0,-40,0,450,74
85.921,0,0,-40,0,450,74
85.926,0,0,-40,0,450,74
85.938,0,0,-40,0,450,74
85.952,0,0,-40,0,450,74
85.958,0,0,-40,0,450,74
85.972,0,0,-40,0,450,74
85.986,0,0,-40,0,450,74
86.000,0,0,-40,0,450,74
86.009,0,0,-40,0,450,74
86.018,0,0,-40,0,440,74
86.032,0,0,-40,0,440,74
86.048,0,0,-40,0,440,74
86.053,0,0,-40,0,440,74
86.064,0,0,-40,0,440,74
86.080,0,0,-40,0,440,74
86.085,0,0,-40,0,440,74
86.098,0,0,-40,0,440,74
86.112,0,0,-40,0,440,74
86.118,0,0,-40,0,440,74
86.130,0,0,-40,0,440,74
86.145,0,0,-40,0,440,74
86.161,0,0,-40,0,440,74
86.179,0,0,-40,0,440,74
86.185,0,0,-40,0,440,74
86.193,0,0,-40,0,440,74
86.209,0,0,-40,0,440,74
86.225,0,0,-40,0,440,74
86.240,0,0,-40,0,440,74
86.256,0,0,-40,0,440,74
86.272,0,0,-40,0,440,74
86.277,0,0,-40,0,440,74
86.304,0,0,-40,0,440,74
86.321,0,0,-40,0,440,74
86.339,0,0,-40,0,440,74
86.353,0,0,-40,0,440,74
86.371,0,0,-40,0,440,74
86.387,0,0,-40,0,440,74
86.400,0,0,-40,0,440,74
86.416,0,0,-40,0,440,74
86.433,0,0,-40,0,440,74
86.449,0,0,-40,0,440,74
86.463,0,0,-40,0,440,74
86.481,0,0,-40,0,440,74
86.486,0,0,-40,0,440,74
86.496,0,0,-40,0,440,74
86.513,0,0,-40,0,440,74
86.518,0,0,-40,0,440,74
86.529,0,0,-40,0,440,74
86.545,0,0,-40,0,440,74
86.551,0,0,-40,0,440,74
86.561,0,0,-40,0,440,74
86.576,0,0,-40,0,440,74
86.582,0,0,-40,0,440,74
86.592,0,0,-40,0,440,74
86.608,0,0,-40,0,440,74
86.624,0,0,-40,0,440,74
86.641,0,0,-40,0,440,74
86.656,0,0,-40,0,440,74
86.662,0,0,-40,0,440,74
86.688,0,0,-40,0,440,74
86.704,0,0,-40,0,440,74
86.720,0,0,-40,0,440,74
86.736,0,0,-40,0,440,74
86.752,0,0,-40,0,440,74
86.768,0,0,-40,0,440,74
86.785,0,0,-40,0,440,74
86.800,0,0,-40,0,440,74
86.816,0,0,-40,0,440,74
86.832,0,0,-40,0,440,74
86.848,0,0,-40,0,440,74
86.864,0,0,-40,0,440,74
86.880,0,0,-40,0,440,74
86.892,0,0,-40,0,440,74
86.913,0,0,-40,0,440,74
86.928,0,0,-40,0,440,74
86.944,0,0,-40,0,440,74
86.950,0,0,-40,0,440,74
86.960,0,0,-40,0,440,74
86.976,0,0,-40,0,440,74
86.981,0,0,-40,0,440,74
86.992,0,0,-40,0,440,74
87.008,0,0,-40,0,440,74
87.014,0,0,-40,0,440,74
87.024,0,0,-40,0,420,74
87.049,0,0,-40,0,420,74
87.071,0,0,-40,0,420,74
87.087,0,0,-40,0,420,74
87.104,0,0,-40,0,420,74
87.119,0,0,-40,0,420,74
87.135,0,0,-40,0,420,74
87.153,0,0,-40,0,420,74
87.170,0,0,-40,0,420,74
87.184,0,0,-40,0,420,74
87.200,0,0,-40,0,420,74
87.215,0,0,-40,0,420,74
87.231,0,0,-40,0,420,74
87.236,0,0,-40,0,420,74
87.262,0,0,-40,0,410,75
87.274,0,0,-40,0,410,75
87.280,0,0,-40,0,410,75
87.294,0,0,-40,0,410,75
87.310,0,0,-40,0,410,75
87.315,0,0,-40,0,410,75
87.326,0,0,-40,0,410,75
87.342,0,0,-40,0,410,75
87.358,0,0,-40,0,410,75
87.375,0,0,-40,0,410,75
87.379,0,0,-40,0,410,75
87.390,0,0,-40,0,410,75
87.406,0,0,-40,0,410,75
87.420,0,0,-40,0,410,75
87.433,0,0,-40,0,410,75
87.446,0,0,-40,0,410,75
87.469,0,0,-40,0,410,75
87.474,0,0,-40,0,400,75
87.485,0,0,-40,0,400,75
87.501,0,0,-40,0,400,75
87.517,0,0,-40,0,400,75
87.534,0,0,-40,0,400,75
87.550,0,0,-40,0,400,75
87.566,0,0,-40,0,400,75
87.582,0,0,-40,0,400,75
87.597,0,0,-40,0,400,75
87.608,0,0,-40,0,400,75
87.629,0,0,-40,0,400,75
87.640,0,0,-40,0,400,75
87.662,0,0,-40,0,400,75
87.677,0,0,-40,0,400,75
87.693,0,0,-40,0,400,75
87.710,0,0,-40,0,400,75
87.726,0,0,-40,0,400,75
87.741,0,0,-40,0,400,75
87.757,0,0,-40,0,400,75
87.773,0,0,-40,0,400,75
87.788,0,0,-40,0,400,75
87.806,0,0,-40,0,390,75
87.817,0,0,-40,0,390,75
87.835,0,0,-40,0,390,75
87.840,0,0,-40,0,390,75
87.851,0,0,-40,0,390,75
87.869,0,0,-40,0,390,75
87.876,0,0,-40,0,390,75
87.885,0,0,-40,0,390,75
87.899,0,0,-40,0,390,75
87.915,0,0,-40,0,390,75
87.932,0,0,-40,0,390,75
87.937,0,0,-40,0,390,75
87.947,0,0,-40,0,390,75
87.963,0,0,-40,0,390,75
87.980,0,0,-40,0,390,75
87.996,0,0,-40,0,390,75
88.008,0,0,-40,0,390,75
88.028,0,0,-40,0,390,75
88.044,0,0,-40,0,380,75
88.060,0,0,-40,0,380,75
88.076,0,0,-40,0,380,75
88.092,0,0,-40,0,380,75
88.110,0,0,-40,0,380,75
88.124,0,0,-40,0,380,75
88.140,0,0,-40,0,380,75
88.156,0,0,-40,0,380,75
88.172,0,0,-40,0,380,75
88.188,0,0,-40,0,380,75
88.204,0,0,-40,0,380,75
88.215,0,0,-40,0,380,75
88.235,0,0,-40,0,380,75
88.251,0,0,-40,0,380,74
88.267,0,0,-40,0,380,74
88.272,0,0,-40,0,380,74
88.299,0,0,-40,0,380,74
88.304,0,0,-40,0,380,74
88.315,0,0,-40,0,380,74
88.332,0,0,-40,0,380,74
88.337,0,0,-40,0,380,74
88.348,0,0,-40,0,380,74
88.364,0,0,-40,0,380,74
88.377,0,0,-40,0,370,74
88.396,0,0,-40,0,370,74
88.401,0,0,-40,0,370,74
88.412,0,0,-40,0,370,74
88.428,0,0,0,0,370,74
88.444,0,0,0,0,370,74
88.461,0,0,0,0,370,74
88.477,0,0,0,0,370,75
88.493,0,0,0,0,370,75
88.509,0,0,0,0,370,75
88.525,0,0,0,0,370,75
88.541,0,0,0,0,370,75
88.557,0,0,0,0,370,75
88.572,0,0,0,0,370,75
88.588,0,0,0,0,360,75
88.604,0,0,0,0,360,75
88.620,0,0,0,0,360,75
88.636,0,0,0,0,360,75
88.652,0,0,0,0,360,75
88.668,0,0,0,0,360,75
88.684,0,0,0,0,360,75
88.700,0,0,0,0,360,75
88.716,0,0,0,0,360,75
88.732,0,0,0,0,360,75
88.748,0,0,0,0,360,75
88.764,0,0,0,0,360,75
88.779,0,0,0,0,360,75
88.796,0,0,0,0,360,75
88.812,0,0,0,0,360,75
88.828,0,0,0,0,360,75
88.844,0,0,0,0,360,75
88.860,0,0,0,0,360,75
88.876,0,0,0,0,360,75
88.892,0,0,0,0,360,75
88.924,0,0,0,0,360,75
88.940,0,0,0,0,350,74
88.956,0,0,0,0,350,74
88.972,0,0,0,0,350,74
88.988,0,0,0,0,350,74
89.004,0,0,0,0,350,74
89.020,0,0,0,0,350,74
89.036,0,0,0,0,350,74
89.051,0,0,0,0,350,74
89.067,0,0,0,0,350,74
89.083,0,0,0,0,350,74
89.099,0,0,0,0,350,74
89.115,0,0,0,0,350,74
89.131,0,0,0,0,350,74
89.147,0,0,0,0,350,74
89.163,0,0,0,0,350,74
89.178,0,0,0,0,350,74
89.194,0,0,0,0,350,74
89.210,0,0,0,0,350,74
89.226,0,0,0,0,350,74
89.242,0,0,0,0,350,74
89.258,0,0,0,0,350,74
89.274,0,0,0,0,350,74
89.290,0,0,0,0,350,74
89.295,-40,0,0,0,350,74
89.306,-40,0,0,0,350,74
89.322,-40,0,0,0,350,74
89.338,-40,0,0,0,350,74
89.354,-40,0,0,0,350,74
89.370,-40,0,0,0,350,74
89.386,-40,0,0,0,350,74
89.402,-40,0,0,0,350,74
89.418,-40,0,0,0,350,74
89.435,-40,0,0,0,350,74
89.451,-40,0,0,0,350,74
89.467,-40,0,0,0,350,74
89.483,-40,0,0,0,350,74
89.498,-40,0,0,0,350,74
89.514,-40,0,0,0,350,74
89.530,-40,0,0,0,350,74
89.546,-40,0,0,0,350,74
89.562,-40,0,0,0,350,74
89.579,-40,0,0,0,350,74
89.594,-40,0,0,0,350,74
89.610,-40,0,0,0,350,74
89.626,-40,0,0,0,350,74
89.642,-40,0,0,0,350,74
89.658,-40,0,0,0,350,74
89.674,-40,0,0,0,350,74
89.690,-40,0,0,0,350,74
89.695,-40,0,0,0,350,74
89.722,-40,0,0,0,350,74
89.753,-40,0,0,0,350,74
89.769,-40,0,0,0,350,74
89.785,-40,0,0,0,350,74
89.801,-40,0,0,0,350,74
89.806,-40,0,0,0,350,74
89.833,-40,0,0,0,350,74
89.849,-40,0,0,0,350,74
89.865,-40,0,0,0,350,74
89.881,-40,0,0,0,350,74
89.897,-40,0,0,0,350,74
89.902,-40,0,0,0,350,74
89.920,-40,0,0,0,350,74
89.929,-40,0,0,0,350,74
89.944,-40,0,0,0,350,74
89.961,-40,0,0,0,350,74
89.976,-40,0,0,0,350,74
89.992,-40,0,0,0,350,74
90.002,-40,0,0,0,350,74
90.025,-40,0,0,0,350,74
90.040,-40,0,0,0,350,74
90.056,-40,0,0,0,350,74
90.072,-40,0,0,0,350,74
90.080,-40,0,0,0,350,74
90.103,-40,0,0,0,350,74
90.116,-40,0,0,0,350,74
90.136,-40,0,0,0,350,74
90.141,-40,0,0,0,350,74
90.151,-40,0,0,0,350,74
90.167,-40,0,0,0,350,74
90.174,-40,0,0,0,350,74
90.183,-40,0,0,0,350,74
90.199,-40,0,0,0,350,74
90.208,-40,0,0,0,350,74
90.217,-40,0,0,0,350,74
90.231,-40,0,0,0,350,74
90.247,-40,0,0,0,350,74
90.263,-40,0,0,0,350,74
90.281,-40,0,0,0,350,74
90.295,-40,0,0,0,350,74
90.311,-40,0,0,0,350,74
90.327,-40,0,0,0,350,74
90.336,-40,0,0,0,350,74
90.359,-40,0,0,0,350,74
90.377,-40,0,0,0,350,74
90.392,-40,0,0,0,350,74
90.398,-40,0,0,0,350,74
90.410,-40,0,0,0,350,74
90.440,-40,0,0,0,350,74
90.456,-40,0,0,0,350,74
90.472,-40,0,0,0,350,74
90.488,-40,0,0,0,350,74
90.503,-40,0,0,0,350,74
90.512,-40,0,0,0,350,74
90.535,-40,0,0,0,350,74
90.540,-40,0,0,0,350,74
90.551,-40,0,0,0,350,74
90.567,-40,0,0,0,350,74
90.583,-40,0,0,0,350,74
90.599,-40,0,0,0,350,74
90.604,-40,0,0,0,350,74
90.615,-40,0,0,0,350,74
90.631,-40,0,0,0,350,74
90.636,-40,0,0,0,350,74
90.647,-40,0,0,0,350,74
90.663,-40,0,0,0,350,74
90.668,-40,0,0,0,350,74
90.679,-40,0,0,0,350,74
90.695,-40,0,0,0,350,74
90.699,-40,0,0,0,350,74
90.711,-40,0,0,0,350,74
90.729,-40,0,0,0,350,74
90.740,-40,0,0,0,350,74
90.759,-40,0,0,0,350,74
90.763,-40,0,0,0,350,74
90.790,-40,0,0,0,350,74
90.806,-40,0,0,0,350,74
90.822,-40,0,0,0,350,74
90.838,-40,0,0,0,350,74
90.854,-40,0,0,0,350,74
90.870,-40,0,0,0,350,74
90.882,-40,0,0,0,350,74
90.902,-40,0,0,0,350,74
90.918,-40,0,0,0,350,74
90.934,-40,0,0,0,350,74
90.950,-40,0,0,0,350,74
90.966,-40,0,0,0,350,74
90.982,-40,0,0,0,350,74
90.998,-40,0,0,0,350,74
91.004,-40,0,0,0,350,74
91.014,-40,0,0,0,350,74
91.030,-40,0,0,0,350,74
91.046,-40,0,0,0,350,74
91.062,-40,0,0,0,350,74
91.067,-40,0,0,0,350,74
91.078,-40,0,0,0,350,74
91.094,-40,0,0,0,350,74
91.099,-40,0,0,0,350,74
91.110,-40,0,0,0,350,74
91.126,-40,0,0,0,350,74
91.131,-40,0,0,0,350,74
91.158,-40,0,0,0,350,74
91.163,-40,0,0,0,350,74
91.190,-40,0,0,0,350,74
91.206,-40,0,0,0,350,74
91.222,-40,0,0,0,350,74
91.238,-40,0,0,0,350,74
91.254,-40,0,0,0,350,74
91.270,-40,0,0,0,350,74
91.285,-40,0,0,0,350,74
91.301,-40,0,0,0,350,74
91.317,0,0,0,0,350,74
91.333,0,0,0,0,350,74
91.349,0,0,0,0,350,74
91.365,0,0,0,0,350,74
91.381,0,0,0,0,350,74
91.396,0,0,0,0,350,74
91.413,0,0,0,0,350,74
91.429,0,0,0,0,350,74
91.445,0,0,0,0,350,74
91.461,0,0,0,0,350,74
91.477,0,0,0,0,350,74
91.493,0,0,0,0,350,74
91.509,0,0,0,0,350,74
91.525,0,0,0,0,350,74
91.541,0,0,0,0,350,74
91.556,0,0,0,0,350,74
91.572,0,0,0,0,350,74
91.588,0,0,0,0,350,74
91.604,0,0,0,0,350,74
91.620,0,0,0,0,350,74
91.636,0,0,0,0,350,74
91.652,0,0,0,0,350,74
91.668,0,0,0,0,350,74
91.684,0,0,0,0,350,74
91.700,0,0,0,0,350,74
91.716,0,0,0,0,350,74
91.732,0,0,0,0,350,74
91.740,0,0,0,0,350,74
91.764,0,0,0,0,350,74
91.780,0,0,0,0,350,74
91.796,0,0,0,0,350,74
91.812,0,0,0,0,350,74
91.828,0,0,0,0,350,74
91.844,0,0,0,0,350,74
91.860,0,0,0,0,350,74
91.876,0,0,0,0,350,74
91.892,0,0,0,0,350,74
91.908,0,0,0,0,350,74
91.924,0,0,0,0,350,74
91.940,0,0,0,0,350,74
91.956,0,0,0,0,350,74
91.972,0,0,0,0,350,74
91.988,0,0,0,0,350,74
92.004,0,0,0,0,350,74
92.020,0,0,0,0,350,74
92.036,0,0,0,0,350,74
92.052,0,0,0,0,350,74
92.068,0,0,0,0,350,74
92.084,0,0,0,0,350,74
92.100,0,0,0,0,350,74
92.115,0,0,0,0,350,74
92.131,0,0,0,0,350,74
92.148,0,0,0,0,350,74
92.163,0,0,0,0,350,74
92.180,0,0,0,0,340,74
92.196,0,0,0,0,340,74
92.212,0,0,0,0,340,74
92.227,0,0,0,0,340,74
92.243,0,0,0,0,340,74
92.262,0,0,0,0,340,74
92.275,0,0,0,0,340,74
92.291,0,0,0,0,340,74
92.308,0,0,0,0,340,74
92.324,0,0,0,0,340,74
92.340,0,0,0,0,340,74
92.356,0,0,0,0,340,74
92.372,0,0,0,0,340,74
92.389,0,0,0,0,340,74
92.404,0,0,0,0,340,74
92.420,0,0,0,0,340,74
92.435,0,0,0,0,340,74
92.451,0,0,0,0,340,74
92.467,0,0,0,0,340,74
92.483,0,0,0,0,340,74
92.499,0,0,0,0,340,74
92.515,0,0,0,0,340,74
92.532,0,0,0,0,340,74
92.548,0,0,0,0,340,74
92.564,0,0,0,0,340,74
92.580,0,0,0,0,340,74
92.596,0,0,0,0,340,74
92.612,0,0,0,0,340,74
92.628,0,0,0,0,340,74
92.642,0,0,0,40,340,74
92.655,0,0,0,40,340,74
92.675,0,0,0,40,340,74
92.691,0,0,0,40,340,74
92.707,0,0,0,40,340,74
92.723,0,0,0,40,340,74
92.739,0,0,0,40,340,74
92.755,0,0,0,40,340,74
92.771,0,0,0,40,340,74
92.788,0,0,0,40,340,74
92.803,0,0,0,40,340,74
92.818,0,0,0,40,340,74
92.834,0,0,0,40,340,74
92.851,0,0,0,40,340,74
92.866,0,0,0,40,340,74
92.882,0,0,0,40,340,74
92.898,0,0,0,40,340,74
92.914,0,0,0,40,340,74
92.929,0,0,0,40,340,74
92.945,0,0,0,40,340,76
92.961,0,0,0,40,340,76
92.977,0,0,0,40,340,76
92.993,0,0,0,40,340,76
93.010,0,0,0,40,340,76
93.026,0,0,0,40,340,76
93.042,0,0,0,40,340,76
93.049,0,0,0,40,340,76
93.074,0,0,0,40,340,79
93.089,0,0,0,40,340,79
93.105,0,0,0,40,340,79
93.121,0,0,0,40,340,79
93.137,0,0,0,40,340,79
93.154,0,0,0,40,340,79
93.169,0,0,0,40,340,79
93.185,0,0,0,40,340,79
93.201,0,0,0,40,340,79
93.217,0,0,0,40,340,79
93.233,0,0,0,40,340,79
93.240,0,0,0,40,340,79
93.265,0,0,0,40,340,79
93.281,0,0,0,40,340,83
93.297,0,0,0,40,340,83
93.313,0,0,0,40,340,83
93.329,0,0,0,40,340,83
93.345,0,0,0,40,340,83
93.351,0,0,0,40,340,83
93.377,0,0,0,40,340,83
93.393,0,0,0,40,340,86
93.409,0,0,0,40,340,86
93.416,0,0,0,40,340,86
93.441,0,0,0,40,340,86
93.446,0,0,0,40,340,86
93.458,0,0,0,40,340,86
93.473,0,0,0,40,340,86
93.478,0,0,0,40,340,86
93.489,0,0,0,40,340,86
93.505,0,0,0,40,340,86
93.509,0,0,0,40,350,88
93.537,0,0,0,40,350,88
93.553,0,0,0,0,350,88
93.569,0,0,0,0,350,88
93.585,0,0,0,0,350,88
93.601,0,0,0,0,350,88
93.617,0,0,0,0,350,91
93.633,0,0,0,0,350,91
93.649,0,0,0,0,350,91
93.665,0,0,0,0,350,91
93.681,0,0,0,0,350,91
93.697,0,0,0,0,350,91
93.713,0,0,0,0,350,91
93.729,0,0,0,0,350,91
93.745,0,0,0,0,350,93
93.761,0,0,0,0,350,93
93.771,0,0,0,0,350,93
93.792,0,0,0,0,350,93
93.808,0,0,0,0,350,93
93.824,0,0,0,0,350,93
93.840,0,0,0,0,360,96
93.857,0,0,0,0,360,96
93.872,0,0,0,0,360,96
93.889,0,0,0,0,360,96
93.905,0,0,0,0,360,96
93.920,0,0,0,0,360,96
93.936,0,0,0,0,360,96
93.952,0,0,0,0,360,96
93.968,0,0,0,0,360,96
93.984,0,0,0,0,360,96
94.000,0,0,0,0,360,96
94.029,0,0,0,0,360,96
94.049,0,0,0,0,360,96
94.064,0,0,0,0,360,96
94.080,0,0,0,0,360,96
94.095,0,0,0,0,360,96
94.111,0,0,0,0,360,96
94.127,0,0,0,0,360,96
94.143,0,0,0,0,360,96
94.159,0,0,0,0,360,96
94.175,0,0,0,0,360,97
94.191,-40,0,0,0,360,97
94.207,-40,0,0,0,360,97
94.223,-40,0,0,0,360,97
94.239,-40,0,0,0,360,97
94.255,-40,0,0,0,360,97
94.270,-40,0,0,0,360,97
94.286,-40,0,0,0,370,97
94.302,-40,0,0,0,370,97
94.318,-40,0,0,0,370,97
94.334,-40,0,0,0,370,97
94.351,-40,0,0,0,370,97
94.367,-40,0,0,0,370,97
94.383,-40,0,0,0,370,97
94.399,-40,0,0,0,370,97
94.415,-40,0,0,0,370,97
94.431,-40,0,0,0,370,97
94.447,-40,0,0,0,370,97
94.463,-40,0,0,0,370,97
94.479,-40,0,0,0,370,97
94.495,-40,0,0,0,370,97
94.511,-40,0,0,0,370,97
94.527,-40,0,0,0,370,97
94.543,-40,0,0,0,370,97
94.559,-40,0,0,0,370,97
94.575,-40,0,0,0,370,97
94.591,-40,0,0,0,370,97
94.607,-40,0,0,0,370,97
94.623,-40,0,0,0,370,97
94.639,-40,0,0,0,370,97
94.655,-40,0,0,0,370,97
94.660,-40,0,0,0,370,97
94.687,-40,0,0,0,370,97
94.703,-40,0,0,0,370,97
94.718,-40,0,0,0,370,97
94.734,-40,0,0,0,380,97
94.751,-40,0,0,0,380,97
94.766,-40,0,0,0,380,97
94.772,-40,0,0,0,380,97
94.782,-40,0,0,0,380,97
94.798,-40,0,0,0,380,97
94.803,-40,0,0,0,380,97
94.815,-40,0,0,0,380,97
94.831,-40,0,0,0,380,97
94.837,-40,0,0,0,380,97
94.849,-40,0,0,0,380,97
94.878,-40,0,0,0,380,97
94.883,-40,0,0,0,380,97
94.910,-40,0,0,0,380,97
94.927,-40,0,0,0,380,97
94.942,-40,0,0,0,380,97
94.958,-40,0,0,0,380,97
94.963,-40,0,0,0,380,97
94.990,-40,0,0,0,380,97
95.006,-40,0,0,0,380,97
95.022,-40,0,0,0,380,97
95.038,-40,0,0,0,380,97
95.049,-40,0,0,0,380,97
95.072,-40,0,0,0,380,97
95.077,-40,0,0,0,380,97
95.103,-40,0,0,0,380,97
95.118,-40,0,0,0,380,97
95.135,-40,0,0,0,380,97
95.150,-40,0,0,0,380,97
95.163,-40,0,0,0,380,97
95.183,-40,0,0,0,380,97
95.198,-40,0,0,0,380,97
95.204,-40,0,0,0,380,97
95.214,-40,0,0,0,380,97
95.230,-40,0,0,0,380,97
95.235,-40,0,0,0,380,97
95.262,-40,0,0,0,380,97
95.267,-40,0,0,0,380,97
95.278,-40,0,0,0,380,97
95.294,-40,0,0,0,380,97
95.299,-40,0,0,0,380,97
95.312,-40,0,0,0,380,97
95.326,-40,0,0,0,380,97
95.338,-40,0,0,0,380,97
95.358,-40,0,0,0,380,97
95.363,-40,0,0,0,380,97
95.374,-40,0,0,0,380,97
95.390,-40,0,0,0,380,97
95.396,-40,0,0,0,380,97
95.406,-40,0,0,0,380,97
95.422,-40,0,0,0,380,97
95.427,-40,0,0,0,380,97
95.445,-40,0,0,0,380,97
95.454,-40,0,0,0,380,97
95.470,-40,0,0,0,380,97
95.486,-40,0,0,0,380,97
95.502,-40,0,0,0,380,97
95.518,-40,0,0,0,380,97
95.523,-40,0,0,0,380,97
95.535,-40,0,0,0,380,97
95.565,-40,0,0,0,380,97
95.581,-40,0,0,0,380,97
95.594,-40,0,0,0,380,97
95.606,-40,0,0,0,380,97
95.613,-40,0,0,0,380,97
95.630,-40,0,0,0,380,97
95.646,-40,0,0,0,380,97
95.662,-40,0,0,0,380,97
95.678,-40,0,0,0,380,97
95.694,-40,0,0,0,380,97
95.699,-40,0,0,0,380,97
95.710,-40,0,0,0,380,97
95.726,-40,0,0,0,380,97
95.742,-40,0,0,0,370,97
95.758,-40,0,0,0,370,97
95.764,-40,0,0,0,370,97
95.790,-40,0,0,0,370,97
95.802,-40,0,0,0,370,97
95.814,-40,0,0,0,370,97
95.822,-40,0,0,0,370,97
95.827,-40,0,0,0,370,97
95.839,-40,0,0,0,370,97
95.854,-40,0,0,0,370,97
95.859,-40,0,0,0,370,97
95.870,-40,0,0,0,370,97
95.885,-40,0,0,0,370,97
95.891,-40,0,0,0,370,97
95.901,-40,0,0,0,370,97
95.917,-40,0,0,0,370,97
95.933,-40,0,0,0,370,97
95.949,-40,0,0,0,370,97
95.957,-40,0,0,0,370,97
95.981,0,0,0,0,360,97
95.997,0,0,0,0,360,97
96.013,0,0,0,0,360,97
96.029,0,0,0,0,360,97
96.044,0,0,0,0,360,97
96.060,0,0,0,0,360,97
96.077,0,0,0,0,360,97
96.093,0,0,0,0,360,97
96.109,0,0,0,0,360,97
96.125,0,0,0,0,360,97
96.141,0,0,0,0,360,97
96.157,0,0,0,0,360,97
96.172,0,0,0,0,360,97
96.188,0,0,0,0,360,97
96.204,0,0,0,0,360,97
96.220,0,0,0,0,360,97
96.236,0,40,0,0,360,97
96.252,0,40,0,0,360,97
96.268,0,40,0,0,360,97
96.286,0,40,0,0,360,97
96.301,0,40,0,0,350,97
96.316,0,40,0,0,350,97
96.332,0,40,0,0,350,97
96.364,0,40,0,0,350,97
96.376,0,40,0,0,350,97
96.396,0,40,0,0,350,97
96.412,0,40,0,0,350,97
96.428,0,40,0,0,350,97
96.444,0,40,0,0,350,97
96.460,0,40,0,0,350,97
96.476,0,40,0,0,350,97
96.492,0,40,0,0,350,97
96.508,0,40,0,0,350,97
96.524,0,40,0,0,340,97
96.540,0,40,0,0,340,97
96.555,0,40,0,0,340,97
96.571,0,40,0,0,340,97
96.587,0,40,0,0,340,97
96.603,0,40,0,0,340,97
96.619,0,40,0,0,340,97
96.635,0,40,0,0,340,97
96.651,0,40,0,0,340,97
96.664,0,40,0,0,340,97
96.683,0,40,0,0,340,97
96.699,0,40,0,0,340,97
96.714,0,40,0,0,340,97
96.727,0,40,0,0,340,97
96.747,0,40,0,0,340,97
96.763,0,40,0,0,340,97
96.779,0,40,0,0,340,97
96.791,0,40,0,0,340,97
96.811,0,40,0,0,340,97
96.827,0,40,0,0,340,97
96.843,0,40,0,0,340,97
96.859,0,40,0,0,340,97
96.877,0,40,0,0,340,97
96.891,0,40,0,0,340,97
96.907,0,40,0,0,340,97
96.912,0,40,0,0,340,97
96.923,0,40,0,0,340,97
96.939,0,40,0,0,340,97
96.945,0,40,0,0,340,97
96.955,0,40,0,0,340,97
96.973,0,40,0,0,340,97
96.977,0,40,0,0,340,97
96.994,0,40,0,0,340,97
97.007,0,40,0,0,340,97
97.018,0,40,0,0,340,97
97.031,0,40,0,0,340,97
97.050,0,40,0,0,340,97
97.066,0,40,0,0,340,97
97.082,0,40,0,0,340,97
97.099,0,40,0,0,340,97
97.115,0,40,0,0,340,97
97.128,0,40,0,0,340,97
97.146,0,40,0,0,340,97
97.163,0,40,0,0,340,97
97.178,0,40,0,0,340,97
97.195,0,40,0,0,340,97
97.212,0,40,0,0,340,97
97.227,0,40,0,0,340,97
97.244,0,40,0,0,340,97
97.259,0,40,0,0,340,97
97.275,0,40,0,0,340,97
97.291,0,40,0,0,340,97
97.307,0,40,0,0,340,97
97.323,0,40,0,0,340,97
97.338,0,40,0,0,340,97
97.354,0,40,0,0,340,97
97.370,0,40,0,0,340,97
97.375,0,40,0,0,340,97
97.386,0,40,0,0,340,97
97.402,0,40,0,0,340,97
97.407,0,40,0,0,340,97
97.418,0,40,0,0,340,97
97.434,0,40,0,0,340,97
97.441,0,40,0,0,340,97
97.450,0,40,0,0,340,97
97.467,0,40,0,0,340,97
97.475,0,40,0,0,340,97
97.499,0,40,0,0,340,97
97.504,0,40,0,0,340,97
97.531,0,40,0,0,350,97
97.547,0,40,0,0,350,97
97.563,0,40,0,0,350,97
97.569,0,40,0,0,350,97
97.579,0,40,0,0,350,97
97.595,0,40,0,0,350,97
97.607,0,40,0,0,350,97
97.613,0,40,0,0,350,97
97.627,0,40,0,0,350,97
97.643,0,40,0,0,350,97
97.654,0,40,0,0,350,97
97.675,0,40,0,0,350,97
97.691,0,40,0,0,350,97
97.703,0,40,0,0,350,97
97.723,0,40,0,0,350,97
97.740,0,40,0,0,350,97
97.756,0,40,0,0,350,97
97.773,0,40,0,0,350,97
97.788,0,40,0,0,350,97
97.804,0,40,0,0,350,97
97.820,0,40,0,0,350,97
97.836,0,40,0,0,350,97
97.852,0,40,0,0,350,97
97.868,0,40,0,0,360,97
97.879,0,40,0,0,360,97
97.900,0,40,0,0,360,97
97.906,0,40,0,0,360,97
97.932,0,40,0,0,360,97
97.937,0,40,0,0,360,97
97.948,0,40,0,0,360,97
97.964,0,40,0,0,360,97
97.975,0,40,0,0,360,97
97.996,0,40,0,0,360,97
98.004,0,40,0,0,360,97
98.028,0,40,0,0,360,97
98.033,0,40,0,0,360,97
98.044,0,40,0,0,360,97
98.060,0,40,0,0,360,97
98.068,0,40,0,0,360,97
98.076,0,40,0,0,360,97
98.092,0,40,0,0,360,97
98.104,0,40,0,0,360,97
98.115,0,40,0,0,360,97
98.124,0,40,0,0,360,97
98.140,0,40,0,0,360,97
98.149,0,40,0,0,360,97
98.172,0,40,0,0,360,97
98.188,0,40,0,0,360,97
98.194,0,40,0,0,360,97
98.210,0,40,0,0,360,97
98.220,0,40,0,0,360,97
98.236,0,40,0,0,360,97
98.253,0,40,0,0,360,97
98.258,0,40,0,0,360,97
98.285,0,40,0,0,360,97
98.290,0,40,0,0,360,97
98.317,0,40,0,0,360,97
98.329,0,40,0,0,360,97
98.349,0,40,0,0,360,97
98.365,0,40,0,0,360,97
98.381,0,40,0,0,360,97
98.397,0,40,0,0,360,97
98.413,0,40,0,0,360,97
98.429,0,40,0,0,360,97
98.437,0,40,0,0,360,97
98.461,0,40,0,0,360,97
98.466,0,40,0,0,360,97
98.477,0,40,0,0,360,97
98.493,0,40,0,0,360,97
98.505,0,40,0,0,360,97
98.525,0,40,0,0,360,97
98.531,0,40,0,0,360,97
98.541,0,40,0,0,360,97
98.557,0,40,0,0,360,97
98.564,0,40,0,0,360,97
98.576,0,40,0,0,360,97
98.589,0,40,0,0,360,97
98.605,0,40,0,0,360,97
98.618,0,40,0,0,360,97
98.636,0,40,0,0,360,97
98.652,0,40,0,0,360,97
98.668,0,40,0,0,360,97
98.675,0,40,0,0,360,97
98.699,0,40,0,0,360,97
98.716,0,40,0,0,360,97
98.720,0,40,0,0,360,97
98.732,0,40,0,0,360,97
98.748,0,40,0,0,360,97
98.764,0,40,0,0,360,97
98.779,0,40,0,0,360,97
98.796,0,40,0,0,360,97
98.812,0,40,0,0,360,97
98.828,0,40,0,0,360,97
98.832,0,40,0,0,360,97
98.844,0,40,0,0,360,97
98.860,0,40,0,0,360,97
98.876,0,40,0,0,360,97
98.893,0,40,0,0,360,97
98.908,0,40,0,0,360,97
98.924,0,40,0,0,360,97
98.933,0,40,0,0,360,97
98.956,0,40,0,0,360,97
98.962,0,40,0,0,360,97
98.972,0,40,0,0,360,97
99.004,0,40,0,0,360,97
99.015,0,40,0,0,360,97
99.036,0,40,0,0,360,97
99.052,0,40,0,0,360,97
99.068,0,40,0,0,360,97
99.084,0,40,0,0,360,97
99.100,0,40,0,0,360,97
99.105,0,40,0,0,360,97
99.121,0,40,0,0,360,97
99.132,0,40,0,0,360,97
99.148,0,40,0,0,360,97
99.153,0,40,0,0,360,97
99.180,0,40,0,0,360,97
99.196,0,40,0,0,360,97
99.212,0,40,0,0,350,97
99.217,0,40,0,0,350,97
99.230,0,40,0,0,350,97
99.244,0,40,0,0,350,97
99.249,0,40,0,0,350,97
99.276,0,40,0,0,350,97
99.292,0,40,0,0,350,97
99.308,0,40,0,0,350,97
99.324,0,40,0,0,350,97
99.340,0,40,0,0,350,97
99.355,0,40,0,0,350,97
99.372,0,40,0,0,350,97
99.387,0,40,0,0,350,97
99.393,0,40,0,0,350,97
99.405,0,40,0,0,350,97
99.419,0,40,0,0,350,97
99.424,0,40,0,0,350,97
99.436,0,40,0,0,350,97
99.451,0,40,0,0,350,97
99.456,0,40,0,0,350,97
99.467,0,40,0,0,350,97
99.483,0,40,0,0,350,97
99.489,0,40,0,0,350,97
99.499,0,40,0,0,350,97
99.515,0,40,0,0,350,97
99.520,0,40,0,0,350,97
99.547,0,40,0,0,340,97
99.553,0,40,0,0,340,97
99.579,0,40,0,0,340,97
99.584,0,40,0,0,340,97
99.611,0,40,0,0,340,97
99.627,0,40,0,0,340,97
99.643,0,40,0,0,340,97
99.659,0,40,0,0,340,97
99.675,0,40,0,0,340,97
99.688,0,40,0,0,340,97
99.707,0,40,0,0,340,97
99.723,0,40,0,0,340,97
99.738,0,40,0,0,340,97
99.755,0,40,0,0,340,97
99.770,0,40,0,0,340,97
99.786,0,40,0,0,340,97
99.802,0,40,0,0,340,97
99.818,0,40,0,0,340,97
99.823,0,40,0,0,340,97
99.850,0,40,0,0,340,97
99.854,0,40,0,0,340,97
99.881,0,40,0,0,340,97
99.891,0,40,0,0,340,97
99.914,0,40,0,0,340,97
99.919,0,40,0,0,340,97
99.930,0,40,0,0,340,97
99.946,0,40,0,0,340,97
99.951,0,40,0,0,340,97
99.978,0,40,0,0,340,97
99.983,0,40,0,0,340,97
99.994,0,40,0,0,340,97
100.010,0,40,0,0,340,97
100.015,0,40,0,0,340,97
100.026,0,40,0,0,340,97
100.042,0,40,0,0,340,97
100.047,0,40,0,0,340,97
100.074,0,40,0,0,340,97
100.091,0,40,0,0,340,97
100.108,0,40,0,0,340,97
100.123,0,40,0,0,340,97
100.139,0,40,0,0,340,97
100.145,0,40,0,0,340,97
100.171,0,40,0,0,340,97
100.187,0,0,0,0,340,97
100.201,0,0,0,0,340,97
100.218,0,0,0,0,340,97
100.234,0,0,0,0,340,97
100.250,0,0,0,0,340,97
100.266,0,0,0,0,340,97
100.283,0,0,0,0,340,97
100.299,0,0,0,0,340,97
100.315,0,0,0,0,340,97
100.320,-40,0,0,0,340,97
100.331,-40,0,0,0,340,97
100.347,-40,0,0,0,340,97
100.363,-40,0,0,0,340,97
100.379,-40,0,0,0,340,97
100.395,-40,0,0,0,340,97
100.411,-40,0,0,0,340,97
100.427,-40,0,0,0,340,97
100.443,-40,0,0,0,340,97
100.459,-40,0,0,0,340,97
100.476,-40,0,0,0,340,97
100.492,-40,0,0,0,340,97
100.509,-40,0,0,0,340,97
100.524,-40,0,0,0,340,97
100.540,-40,0,0,0,340,97
100.552,-40,0,0,0,340,97
100.572,-40,0,0,0,340,97
100.588,-40,0,0,0,340,97
100.604,-40,0,0,0,340,97
100.620,-40,0,0,0,340,97
100.636,-40,0,0,0,340,97
100.652,-40,0,0,0,340,97
100.668,-40,0,0,0,350,97
100.684,-40,0,0,0,350,97
100.700,-40,0,0,0,350,97
100.716,-40,0,0,0,350,97
100.732,-40,0,0,0,350,97
100.747,-40,0,0,0,350,97
100.764,-40,0,0,0,350,97
100.780,-40,0,0,0,350,97
100.796,-40,0,0,0,350,97
100.812,-40,0,0,0,350,97
100.828,-40,0,0,0,350,97
100.844,-40,0,0,0,350,97
100.860,-40,0,0,0,350,97
100.865,-40,0,0,0,350,97
100.892,-40,0,0,0,350,97
100.909,-40,0,0,0,350,97
100.924,-40,0,0,0,350,97
100.941,-40,0,0,0,350,97
100.957,-40,0,0,0,350,97
100.973,-40,0,0,0,350,97
100.989,-40,0,0,0,350,97
101.001,-40,0,0,0,350,97
101.020,-40,0,0,0,350,97
101.036,-40,0,0,0,350,97
101.052,-40,0,0,0,350,97
101.068,-40,0,0,0,350,97
101.084,-40,0,0,0,350,97
101.100,-40,0,0,0,350,97
101.116,-40,0,0,0,350,97
101.132,-40,0,0,0,350,97
101.138,-40,0,0,0,350,97
101.156,-40,0,0,0,350,97
101.164,-40,0,0,0,350,97
101.169,-40,0,0,0,350,97
101.195,-40,0,0,0,350,97
101.201,-40,0,0,0,350,97
101.211,-40,0,0,0,350,97
101.227,-40,0,0,0,350,97
101.232,-40,0,0,0,350,97
101.243,-40,0,0,0,350,97
101.259,-40,0,0,0,350,97
101.275,-40,0,0,0,350,97
101.291,-40,0,0,0,350,97
101.307,-40,0,0,0,350,97
101.324,-40,0,0,0,350,97
101.330,-40,0,0,0,350,97
101.340,-40,0,0,0,350,97
101.355,-40,0,0,0,350,97
101.361,-40,0,0,0,350,97
101.387,-40,0,0,0,350,97
101.395,-40,0,0,0,350,97
101.403,-40,0,0,0,350,97
101.419,-40,0,0,0,350,97
101.424,-40,0,0,0,350,97
101.451,-40,0,0,0,350,97
101.467,-40,0,0,0,350,97
101.483,-40,0,0,0,350,97
101.499,-40,0,0,0,350,97
101.515,-40,0,0,0,350,97
101.531,-40,0,0,0,350,97
101.547,-40,0,0,0,350,97
101.563,0,0,0,0,350,97
101.572,0,40,0,0,350,97
101.595,0,40,0,0,350,97
101.612,0,40,0,0,350,97
101.628,0,40,0,0,350,97
101.644,0,40,0,0,350,97
101.660,0,40,0,0,350,97
101.676,0,40,0,0,350,97
101.692,0,40,0,0,350,97
101.708,0,40,0,0,350,97
101.724,0,40,0,0,350,97
101.740,0,40,0,0,350,97
101.756,0,40,0,0,350,97
101.772,0,40,0,0,350,97
101.788,0,40,0,0,350,97
101.804,0,40,0,0,360,97
101.820,0,40,0,0,360,97
101.836,0,40,0,0,360,97
101.852,0,40,0,0,360,97
101.868,0,40,0,0,360,97
101.884,0,40,0,0,360,97
101.899,0,40,0,0,360,97
101.915,0,40,0,0,360,97
101.931,0,40,0,0,360,97
101.947,0,40,0,0,360,97
101.963,0,40,0,0,360,97
101.980,0,40,0,0,360,97
101.996,0,40,0,0,360,97
102.013,0,40,0,0,360,97
102.028,0,40,0,0,360,97
102.044,0,40,0,0,360,97
102.060,0,40,0,0,360,97
102.076,0,40,0,0,360,97
102.092,0,40,0,0,360,97
102.108,0,40,0,0,360,97
102.124,0,40,0,0,360,97
102.142,0,40,0,0,360,97
102.156,0,40,0,0,360,97
102.172,0,40,0,0,360,97
102.177,0,40,0,0,360,97
102.204,0,40,0,0,360,97
102.220,0,40,0,0,360,97
102.236,0,40,0,0,360,97
102.252,0,40,0,0,360,97
102.268,0,40,0,0,360,97
102.284,0,40,0,0,360,97
102.300,0,40,0,0,360,97
102.316,0,40,0,0,360,97
102.331,0,40,0,0,360,97
102.347,0,40,0,0,350,97
102.358,0,40,0,0,350,97
102.379,0,40,0,0,350,97
102.395,0,40,0,0,350,97
102.411,0,40,0,0,350,97
102.418,0,40,0,0,350,97
102.427,0,40,0,0,350,97
102.448,0,40,0,0,350,97
102.458,0,40,0,0,350,97
102.475,0,40,0,0,350,97
102.485,0,40,0,0,350,97
102.506,0,40,0,0,350,97
102.517,0,40,0,0,350,97
102.538,0,40,0,0,350,97
102.554,0,40,0,0,350,97
102.570,0,40,0,0,350,97
102.586,0,40,0,0,350,97
102.602,0,40,0,0,350,97
102.607,0,40,0,0,350,97
102.634,0,40,0,0,350,97
102.651,0,40,0,0,350,97
102.666,0,40,0,0,350,97
102.671,0,40,0,0,350,97
102.698,0,40,0,0,350,97
102.714,0,40,0,0,350,97
102.729,0,40,0,0,350,97
102.745,0,40,0,0,350,97
102.751,0,40,0,0,350,97
102.761,0,40,0,0,350,97
102.786,0,40,0,0,350,97
102.793,0,40,0,0,350,97
102.808,0,40,0,0,350,97
102.819,0,40,0,0,350,97
102.841,0,40,0,0,350,97
102.846,0,40,0,0,350,97
102.857,0,40,0,0,350,97
102.872,0,40,0,0,350,97
102.878,0,40,0,0,350,97
102.888,0,40,0,0,350,97
102.903,0,40,0,0,350,97
102.916,0,40,0,0,350,97
102.921,0,40,0,0,350,97
102.937,0,40,0,0,350,97
102.942,0,40,0,0,350,97
102.953,0,40,0,0,350,97
102.969,0,40,0,0,350,97
102.981,0,40,0,0,350,97
102.985,0,40,0,0,350,97
103.000,0,0,0,0,350,97
103.016,0,0,0,0,350,97
103.032,0,0,0,0,350,97
103.048,0,0,0,0,350,97
103.064,0,0,0,0,350,97
103.080,0,0,0,0,350,97
103.096,0,0,0,0,350,97
103.128,0,0,0,0,350,97
103.140,0,0,0,0,350,97
103.159,0,0,0,0,350,97
103.176,0,0,0,0,350,97
103.191,0,0,0,0,350,97
103.207,0,0,0,0,350,97
103.220,0,0,0,0,350,97
103.238,0,0,0,0,350,97
103.254,0,0,0,0,350,97
103.270,0,0,0,0,350,97
103.286,0,0,0,0,350,97
103.297,0,0,0,0,350,97
103.318,0,0,0,0,350,97
103.331,0,0,0,0,350,97
103.351,0,0,0,0,350,97
103.363,0,0,0,0,350,97
103.381,0,0,0,0,350,97
103.397,0,0,0,0,350,97
103.410,0,0,0,0,350,97
103.428,0,0,0,0,350,97
103.443,0,0,0,0,350,97
103.459,0,0,0,0,350,97
103.475,0,0,0,0,350,97
103.491,0,0,0,0,350,97
103.507,0,0,0,0,350,97
103.523,0,0,0,0,350,97
103.539,0,0,0,0,350,97
103.554,0,0,0,0,350,97
103.570,0,0,0,0,350,97
103.602,0,0,0,0,350,97
103.617,0,0,0,0,350,97
103.633,0,0,0,0,350,97
103.649,0,0,0,0,350,97
103.665,0,0,0,0,350,97
103.671,0,0,0,40,350,97
103.681,0,0,0,40,360,97
103.697,0,0,0,40,360,97
103.713,0,0,0,40,360,97
103.729,0,0,0,40,360,97
103.745,0,0,0,40,360,97
103.761,0,0,0,40,360,97
103.777,0,0,0,40,360,97
103.792,0,0,0,40,360,97
103.808,0,0,0,40,360,97
103.825,0,0,0,40,360,97
103.840,0,0,0,40,360,97
103.856,0,0,0,40,360,97
103.872,0,0,0,40,360,97
103.877,0,0,0,40,360,97
103.904,0,0,0,40,360,97
103.920,0,0,0,40,360,97
103.936,0,0,0,40,360,97
103.952,0,0,0,40,360,97
103.968,0,0,0,40,360,97
103.984,0,0,0,40,360,97
104.000,0,0,0,40,360,97
104.013,0,0,0,40,360,97
104.025,0,0,0,40,360,101
104.047,0,0,0,40,360,101
104.058,0,0,0,40,360,101
104.079,0,0,0,40,360,101
104.092,0,0,0,40,360,101
104.111,0,0,0,40,360,101
104.127,0,0,0,40,360,101
104.158,0,0,0,40,360,101
104.174,0,0,0,40,360,101
104.190,0,0,0,40,360,101
104.202,0,0,0,40,360,101
104.208,0,0,0,40,360,101
104.221,0,0,0,40,360,101
104.237,0,0,0,40,360,101
104.243,0,0,0,40,350,106
104.268,0,0,0,40,350,106
104.284,0,0,0,40,350,106
104.301,0,0,0,40,350,106
104.317,0,0,0,40,350,106
104.331,0,0,0,40,350,106
104.350,0,0,0,40,350,109
104.360,0,0,0,40,350,109
104.381,0,0,0,40,350,109
104.386,0,0,0,40,350,109
104.412,0,0,0,40,350,109
104.428,0,0,0,40,350,109
104.444,0,0,0,40,350,109
104.449,0,0,0,40,350,109
104.461,0,0,0,40,350,111
104.475,0,0,0,40,350,111
104.482,0,0,0,40,350,111
104.491,0,0,0,40,350,111
104.507,0,0,0,40,350,111
104.512,0,0,0,40,350,111
104.523,0,0,0,40,350,111
104.538,0,0,0,40,350,111
104.552,0,0,0,40,350,111
104.557,0,0,0,40,350,111
104.570,0,0,0,40,350,111
104.586,0,0,0,40,350,114
104.602,0,0,0,40,350,114
104.618,0,0,0,40,350,114
104.634,0,0,0,40,350,114
104.639,0,0,0,40,350,114
104.665,0,0,0,40,350,114
104.680,0,0,0,40,350,114
104.696,0,0,0,40,350,114
104.712,0,0,0,40,350,114
104.722,0,0,0,40,350,114
104.745,0,0,0,40,350,114
104.753,0,0,0,40,350,114
104.776,0,0,0,40,350,114
104.781,0,0,0,40,350,114
104.791,0,0,0,40,350,119
104.807,0,0,0,40,350,119
104.813,0,0,0,40,350,119
104.825,0,0,0,40,350,119
104.839,0,0,0,40,350,119
104.845,0,0,0,40,350,119
104.859,0,0,0,40,350,119
104.870,0,0,0,40,350,119
104.876,0,0,0,40,350,119
104.886,0,0,0,40,350,119
104.902,0,0,0,40,350,119
104.908,0,0,0,40,350,121
104.918,0,0,0,40,350,121
104.934,0,0,0,40,350,121
104.948,0,0,0,40,350,121
104.952,0,0,0,40,350,121
104.966,0,0,0,40,350,121
104.982,0,0,0,40,350,121
104.994,0,0,0,40,350,121
105.014,0,0,0,40,350,123
105.029,0,0,0,40,350,123
105.047,0,0,0,40,350,123
105.061,0,0,0,40,350,123
105.077,0,0,0,40,350,123
105.090,0,0,0,40,350,123
105.109,0,0,0,40,350,123
105.124,0,0,0,40,350,126
105.140,0,0,0,40,350,126
105.155,0,0,0,40,350,126
105.164,0,0,0,40,350,126
105.173,0,0,0,40,350,126
105.187,0,0,0,40,350,126
105.196,0,0,0,40,350,126
105.206,0,0,0,40,350,126
105.216,0,0,0,40,350,126
105.230,0,0,0,40,350,130
105.245,0,0,0,40,350,130
105.256,0,0,0,40,350,130
105.271,0,0,0,40,350,130
105.276,0,0,0,40,350,130
105.288,0,0,0,40,350,130
105.296,0,0,0,40,350,130
105.312,0,0,0,40,350,130
105.323,0,0,0,40,350,130
105.336,0,0,0,40,350,130
105.341,0,0,0,40,350,132
105.368,0,0,0,40,350,132
105.373,0,0,0,40,350,132
105.383,0,0,0,40,350,132
105.400,0,0,0,40,350,132
105.409,0,0,0,40,350,132
105.432,0,0,0,40,350,132
105.437,0,0,0,40,350,132
105.448,0,0,0,40,350,134
105.464,0,0,0,40,350,134
105.469,0,0,0,40,350,134
105.486,0,0,0,40,350,134
105.496,0,0,0,40,350,134
105.512,0,0,0,40,350,134
105.528,0,0,0,40,350,134
105.544,0,0,0,40,350,134
105.556,0,0,0,40,350,134
105.575,0,0,0,40,350,136
105.585,0,0,0,40,350,136
105.607,0,0,0,40,350,136
105.623,0,0,0,40,350,136
105.639,0,0,0,40,350,136
105.655,0,0,0,40,350,136
105.670,0,0,0,40,350,139
105.685,0,0,0,40,350,139
105.701,0,0,0,0,350,139
105.716,0,0,0,0,350,139
105.732,0,0,0,0,350,139
105.748,0,0,0,0,350,139
105.764,0,0,0,0,350,139
105.780,0,0,0,0,350,139
105.796,0,0,0,0,350,139
105.812,0,0,0,0,350,139
105.828,0,0,0,0,350,139
105.843,0,0,0,0,350,139
105.859,0,0,0,0,350,139
105.875,0,0,0,0,350,139
105.891,0,0,0,0,350,144
105.907,0,0,0,0,350,144
105.924,0,0,0,0,350,144
105.939,0,0,0,0,350,144
105.954,0,0,0,0,350,144
105.970,0,0,0,0,350,144
105.986,0,0,0,0,350,144
106.002,0,0,0,0,350,145
106.018,0,0,0,0,350,145
106.034,0,0,0,0,350,145
106.050,0,0,0,0,350,145
106.066,0,0,0,0,350,145
106.082,0,0,0,0,350,145
106.098,0,0,0,0,350,145
106.113,0,0,0,0,350,146
106.129,0,0,0,0,350,146
106.144,0,0,0,0,350,146
106.160,0,0,0,0,350,146
106.176,0,0,0,0,350,146
106.186,-40,0,0,0,350,146
106.207,-40,0,0,0,350,146
106.223,-40,0,0,0,350,146
106.255,0,0,0,0,350,146
106.265,0,0,0,0,350,146
106.287,-40,0,0,0,350,146
106.300,-40,0,0,0,350,146
106.319,-40,0,0,0,350,146
106.335,-40,0,0,0,350,146
106.350,-40,0,0,0,350,145
106.366,-40,0,0,0,350,145
106.382,-40,0,0,0,350,145
106.398,-40,0,0,0,350,145
106.414,-40,0,0,0,350,145
106.430,-40,0,0,0,350,145
106.446,-40,0,0,0,350,145
106.462,-40,0,0,0,350,145
106.478,-40,0,0,0,350,145
106.495,-40,0,0,0,350,145
106.510,-40,0,0,0,350,145
106.526,-40,0,0,0,350,145
106.541,-40,0,0,0,350,145
106.557,-40,0,0,0,350,145
106.573,-40,0,0,0,350,145
106.589,-40,0,0,0,350,145
106.605,-40,0,0,0,350,145
106.621,-40,0,0,0,350,145
106.636,-40,0,0,0,350,145
106.652,-40,0,0,0,350,145
106.668,-40,0,0,0,350,145
106.684,-40,0,0,0,350,145
106.699,-40,0,0,0,350,145
106.715,-40,0,0,0,350,145
106.731,-40,0,0,0,350,145
106.747,-40,0,0,0,350,145
106.763,-40,0,0,0,350,145
106.780,-40,0,0,0,350,145
106.795,-40,0,0,0,350,145
106.811,-40,0,0,0,350,145
106.816,-40,0,0,0,350,145
106.843,-40,0,0,0,350,145
106.859,-40,0,0,0,350,145
106.875,-40,0,0,0,350,145
106.882,-40,0,0,0,350,145
106.892,-40,0,0,0,350,145
106.907,-40,0,0,0,350,145
106.924,-40,0,0,0,350,145
106.939,-40,0,0,0,350,145
106.955,-40,0,0,0,350,145
106.960,-40,0,0,0,350,145
106.971,-40,0,0,0,350,145
106.987,-40,0,0,0,350,145
106.993,-40,0,0,0,350,145
107.003,-40,0,0,0,350,145
107.019,-40,0,0,0,350,145
107.027,-40,0,0,0,350,145
107.039,-40,0,0,0,350,145
107.067,-40,0,0,0,350,145
107.078,-40,0,0,0,350,145
107.098,-40,0,0,0,350,145
107.114,-40,0,0,0,350,145
107.121,-40,0,0,0,350,145
107.130,-40,0,0,0,350,145
107.146,-40,0,0,0,350,145
107.162,-40,0,0,0,350,145
107.178,-40,0,0,0,350,145
107.185,-40,0,0,0,350,145
107.198,-40,0,0,0,350,145
107.225,-40,0,0,0,350,146
107.242,-40,0,0,0,350,146
107.254,-40,0,0,0,350,146
107.260,-40,0,0,0,350,146
107.276,-40,0,0,0,350,146
107.284,-40,0,0,0,350,146
107.293,-40,0,0,0,350,146
107.301,-40,0,0,0,350,146
107.310,-40,0,0,0,350,146
107.320,-40,0,0,0,350,146
107.334,-40,0,0,0,350,146
107.343,-40,0,0,0,350,146
107.359,-40,0,0,0,350,146
107.367,-40,0,0,0,350,146
107.384,-40,0,0,0,350,146
107.401,-40,0,0,0,350,146
107.409,-40,0,0,0,350,146
107.427,-40,0,0,0,350,146
107.442,-40,0,0,0,350,146
107.450,-40,0,0,0,350,146
107.459,-40,0,0,0,350,146
107.475,-40,0,0,0,350,146
107.483,-40,0,0,0,350,146
107.494,-40,0,0,0,350,146
107.508,-40,0,0,0,350,146
107.519,-40,0,0,0,350,146
107.533,-40,0,0,0,350,146
107.542,-40,0,0,0,350,146
107.550,-40,0,0,0,350,146
107.558,-40,0,0,0,350,146
107.574,-40,0,0,0,350,146
107.585,-40,0,0,0,350,146
107.608,-40,0,0,0,350,146
107.624,-40,0,0,0,350,146
107.641,-40,0,0,0,350,146
107.657,-40,0,0,0,350,146
107.674,-40,0,0,0,350,146
107.689,-40,0,0,0,350,146
107.706,-40,0,0,0,350,146
107.714,-40,0,0,0,350,146
107.747,-40,0,0,0,350,146
107.755,-40,0,0,0,350,146
107.772,-40,0,0,0,350,146
107.783,-40,0,0,0,360,146
107.798,-40,0,0,0,360,146
107.814,-40,0,0,0,360,146
107.823,-40,0,0,0,360,146
107.848,-40,0,0,0,360,146
107.854,-40,0,0,0,360,146
107.863,-40,0,0,0,360,146
107.873,-40,0,0,0,360,146
107.891,-40,0,0,0,360,146
107.914,-40,0,0,0,360,146
107.929,-40,0,0,0,360,146
107.947,-40,0,0,0,360,146
107.964,-40,0,0,0,360,146
107.985,-40,0,0,0,360,146
108.001,-40,0,0,0,360,146
108.014,-40,0,0,0,360,146
108.018,-40,0,0,0,360,146
108.027,-40,0,0,0,360,146
108.044,-40,0,0,0,360,146
108.053,-40,0,0,0,360,146
108.068,-40,0,0,0,360,146
108.083,-40,0,0,0,360,146
108.100,-40,0,0,0,360,146
108.117,-40,0,0,0,350,146
108.132,-40,0,0,0,350,146
108.147,-40,0,0,0,350,146
108.163,-40,0,0,0,350,146
108.179,-40,0,0,0,350,146
108.187,-40,0,0,0,350,146
108.211,-40,0,0,0,350,146
108.224,-40,0,0,0,350,146
108.243,-40,0,0,0,350,146
108.249,-40,0,0,0,350,146
108.276,-40,0,0,0,350,146
108.281,-40,0,0,0,350,146
108.292,-40,0,0,0,350,146
108.308,-40,0,0,0,350,146
108.319,-40,0,0,0,350,146
108.324,-40,0,0,0,350,146
108.339,-40,0,0,0,350,146
108.345,-40,0,0,0,350,146
108.371,-40,0,0,0,350,146
108.387,-40,0,0,0,350,146
108.405,-40,0,0,0,350,146
108.410,-40,0,0,0,350,146
108.421,-40,0,0,0,350,146
108.451,-40,0,0,0,350,146
108.467,-40,0,0,0,350,146
108.483,-40,0,0,0,350,146
108.493,-40,0,0,0,350,146
108.515,-40,0,0,0,350,146
108.532,-40,0,0,0,350,146
108.547,-40,0,0,0,350,146
108.552,-40,0,0,0,350,146
108.578,-40,0,0,0,350,146
108.594,-40,0,0,0,350,146
108.610,-40,0,0,0,350,146
108.626,-40,0,0,0,350,146
108.642,-40,0,0,0,350,146
108.647,-40,0,0,0,350,146
108.674,-40,0,0,0,350,146
108.690,-40,0,0,0,350,146
108.706,-40,0,0,0,350,146
108.712,-40,0,0,0,350,146
108.722,-40,0,0,0,350,146
108.739,-40,0,0,0,350,146
108.744,-40,0,0,0,350,146
108.755,-40,0,0,0,350,146
108.770,-40,0,0,0,350,146
108.776,-40,0,0,0,350,146
108.786,-40,0,0,0,350,146
108.802,-40,0,0,0,350,146
108.807,-40,0,0,0,350,146
108.818,-40,0,0,0,350,146
108.834,-40,0,0,0,350,146
108.840,-40,0,0,0,350,146
108.850,-40,0,0,0,350,146
108.866,-40,0,0,0,350,146
108.878,-40,0,0,0,350,146
108.885,-40,0,0,0,350,146
108.898,-40,0,0,0,350,146
108.904,-40,0,0,0,350,146
108.914,-40,0,0,0,350,146
108.931,-40,0,0,0,350,146
108.936,-40,0,0,0,350,146
108.948,-40,0,0,0,350,146
108.963,-40,0,0,0,350,146
108.979,-40,0,0,0,350,146
108.990,-40,0,0,0,350,146
109.011,-40,0,0,0,350,146
109.027,-40,0,0,0,350,146
109.038,-40,0,0,0,350,146
109.043,-40,0,0,0,350,146
109.060,-40,0,0,0,350,146
109.075,-40,0,0,0,350,146
109.091,-40,0,0,0,350,146
109.107,-40,0,0,0,350,146
109.123,-40,0,0,0,350,146
109.135,-40,0,0,0,350,146
109.156,-40,0,0,0,350,146
109.171,-40,0,0,0,350,146
109.187,-40,0,0,0,350,146
109.203,-40,0,0,0,350,146
109.214,-40,0,0,0,350,146
109.235,-40,0,0,0,350,145
109.240,-40,0,0,0,350,145
109.251,-40,0,0,0,350,145
109.267,-40,0,0,0,350,145
109.271,-40,0,0,0,350,145
109.298,-40,0,0,0,350,145
109.303,-40,0,0,0,350,145
109.314,-40,0,0,0,350,145
109.330,-40,0,0,0,350,145
109.335,-40,0,0,0,350,145
109.362,-40,0,0,0,340,145
109.367,-40,0,0,0,340,145
109.378,-40,0,0,0,340,145
109.394,-40,0,0,0,340,145
109.406,-40,0,0,0,340,145
109.411,-40,0,0,0,340,145
109.426,-40,0,0,0,340,145
109.437,-40,0,0,0,340,145
109.458,-40,0,0,0,350,146
109.474,-40,0,0,0,350,146
109.490,-40,0,0,0,350,146
109.506,-40,0,0,0,350,146
109.522,-40,0,0,0,350,146
109.538,-40,0,0,0,350,146
109.554,-40,0,0,0,350,146
109.570,-40,0,0,0,350,146
109.586,-40,0,0,0,350,146
109.602,-40,0,0,0,350,146
109.618,-40,0,0,0,350,146
109.634,-40,0,0,0,350,146
109.650,-40,0,0,0,350,146
109.666,-40,0,0,0,350,146
109.682,-40,0,0,0,340,146
109.699,-40,0,0,0,340,146
109.715,-40,0,0,0,340,146
109.731,-40,0,0,0,340,146
109.735,-40,0,0,0,340,146
109.746,-40,0,0,0,340,146
109.762,-40,0,0,0,340,146
109.767,-40,0,0,0,340,146
109.778,-40,0,0,0,340,146
109.794,-40,0,0,0,340,146
109.799,-40,0,0,0,340,146
109.810,-40,0,0,0,340,146
109.826,-40,0,0,0,340,146
109.831,-40,0,0,0,340,146
109.842,-40,0,0,0,340,146
109.858,-40,0,0,0,340,146
109.865,-40,0,0,0,340,146
109.874,-40,0,0,0,340,146
109.890,-40,0,0,0,340,146
109.906,-40,0,0,0,340,145
109.917,-40,0,0,0,340,145
109.940,-40,0,0,0,340,145
109.954,-40,0,0,0,340,145
109.970,-40,0,0,0,340,145
109.976,-40,0,0,0,340,145
110.002,-40,0,0,0,340,145
110.018,-40,0,0,0,340,145
110.034,-40,0,0,0,340,145
110.050,-40,0,0,0,340,145
110.055,-40,0,0,0,340,145
110.082,-40,0,0,0,340,145
110.088,-40,0,0,0,340,145
110.115,-40,0,0,0,340,145
110.131,-40,0,0,0,340,145
110.147,-40,0,0,0,340,145
110.152,-40,0,0,0,340,145
110.164,-40,0,0,0,340,145
110.179,-40,0,0,0,340,145
110.195,-40,0,0,0,340,145
110.211,-40,0,0,0,340,145
110.227,-40,0,0,0,340,145
110.237,-40,0,0,0,340,145
110.259,-40,0,0,0,340,145
110.264,-40,0,0,0,340,145
110.275,-40,0,0,0,340,145
110.291,-40,0,0,0,340,145
110.296,-40,0,0,0,340,145
110.307,-40,0,0,0,340,145
110.323,-40,0,0,0,340,145
110.339,-40,0,0,0,340,145
110.355,-40,0,0,0,340,145
110.371,-40,0,0,0,340,145
110.387,-40,0,0,0,340,145
110.398,-40,0,0,0,340,145
110.419,-40,0,0,0,340,145
110.431,-40,0,0,0,340,145
110.451,-40,0,0,0,340,145
110.469,-40,0,0,0,330,145
110.483,-40,0,0,0,330,145
110.499,-40,0,0,0,330,145
110.515,-40,0,0,0,330,145
110.526,-40,0,0,0,330,145
110.547,-40,0,0,0,330,145
110.563,-40,0,0,0,330,145
110.579,-40,0,0,0,330,145
110.595,-40,0,0,0,330,145
110.607,-40,0,0,0,330,145
110.627,-40,0,0,0,330,145
110.644,-40,0,0,0,330,145
110.659,-40,0,0,0,330,145
110.669,-40,0,0,0,330,145
110.692,-40,0,0,0,330,145
110.697,-40,0,0,0,320,145
110.707,-40,0,0,0,320,145
110.723,-40,0,0,0,320,145
110.730,-40,0,0,0,320,145
110.755,-40,0,0,0,320,145
110.760,-40,0,0,0,320,145
110.771,-40,0,0,0,320,145
110.789,-40,0,0,0,320,145
110.794,-40,0,0,0,320,145
110.810,-40,0,0,0,320,145
110.818,-40,0,0,0,320,145
110.828,-40,0,0,0,320,145
110.850,-40,0,0,0,320,145
110.855,-40,0,0,0,320,145
110.866,-40,0,0,0,320,145
110.881,-40,0,0,0,320,145
110.894,-40,0,0,0,320,145
110.907,-40,0,0,0,320,145
110.915,-40,0,0,0,320,145
110.923,-40,0,0,0,320,145
110.930,-40,0,0,0,320,145
110.945,-40,0,0,0,320,145
110.950,-40,0,0,0,320,145
110.977,-40,0,0,0,320,145
110.993,-40,0,0,0,320,145
111.009,-40,0,0,0,320,145
111.015,-40,0,0,0,320,145
111.041,-40,0,0,0,320,146
111.057,-40,0,0,0,320,146
111.062,-40,0,0,0,320,146
111.089,-40,0,0,0,320,146
111.105,-40,0,0,0,320,146
111.120,-40,0,0,0,320,146
111.136,-40,0,0,0,320,146
111.152,-40,0,0,0,320,146
111.168,-40,0,0,0,320,146
111.184,-40,0,0,0,320,146
111.191,-40,0,0,0,320,146
111.203,-40,0,0,0,320,146
111.216,-40,0,0,0,320,146
111.232,-40,0,0,0,320,146
111.248,-40,0,0,0,320,146
111.261,-40,0,0,0,320,146
111.280,-40,0,0,0,320,146
111.296,-40,0,0,0,320,146
111.312,-40,0,0,0,320,146
111.323,-40,0,0,0,320,146
111.344,-40,0,0,0,320,146
111.361,-40,0,0,0,320,146
111.376,-40,0,0,0,320,146
111.381,-40,0,0,0,320,146
111.394,-40,0,0,0,320,146
111.408,-40,0,0,0,320,146
111.417,-40,0,0,0,320,146
111.425,-40,0,0,0,320,146
111.439,-40,0,0,0,320,146
111.450,-40,0,0,0,320,146
111.455,-40,0,0,0,320,146
111.471,-40,0,0,0,320,146
111.487,-40,0,0,0,330,146
111.503,-40,0,0,0,330,146
111.519,-40,0,0,0,330,146
111.535,-40,0,0,0,330,146
111.551,-40,0,0,0,330,146
111.563,-40,0,0,0,330,146
111.582,-40,0,0,0,330,146
111.591,-40,0,0,0,330,146
111.614,-40,0,0,0,330,146
111.619,-40,0,0,0,330,146
111.631,-40,0,0,0,330,146
111.646,-40,0,0,0,330,146
111.656,-40,0,0,0,330,146
111.678,-40,0,0,0,330,146
111.684,-40,0,0,0,330,146
111.695,-40,0,0,0,340,146
111.711,-40,0,0,0,340,146
111.716,-40,0,0,0,340,146
111.727,-40,0,0,0,340,146
111.743,-40,0,0,0,340,146
111.751,-40,0,0,0,340,146
111.776,-40,0,0,0,340,146
111.781,-40,0,0,0,340,146
111.792,-40,0,0,0,340,146
111.808,-40,0,0,0,340,146
111.813,-40,0,0,0,340,146
111.840,-40,0,0,0,340,146
111.845,-40,0,0,0,340,146
111.872,-40,0,0,0,340,146
111.877,-40,0,0,0,340,146
111.890,-40,0,0,0,340,146
111.904,-40,0,0,0,340,146
111.915,-40,0,0,0,340,146
111.919,-40,0,0,0,340,146
111.935,-40,0,0,0,340,146
111.947,-40,0,0,0,340,146
111.967,-40,0,0,0,340,146
111.983,-40,0,0,0,340,146
111.999,-40,0,0,0,340,146
112.014,-40,0,0,0,340,146
112.026,0,0,0,0,340,146
112.047,0,0,0,0,350,147
112.063,0,0,0,0,350,147
112.079,0,0,0,0,350,147
112.095,0,0,0,0,350,147
112.111,0,0,0,0,350,147
112.127,0,0,0,0,350,147
112.143,0,0,0,0,350,147
112.159,0,0,0,0,350,144
112.174,0,0,0,0,350,144
112.190,0,0,0,0,350,144
112.204,0,0,0,0,350,144
112.221,0,0,0,0,350,144
112.237,0,0,0,0,350,144
112.252,0,0,0,0,340,126
112.268,0,0,0,0,340,126
112.284,0,0,0,0,340,126
112.300,0,0,0,0,340,126
112.316,0,0,0,0,340,126
112.332,0,0,0,0,340,126
112.348,0,0,0,0,340,126
112.365,0,0,0,0,340,111
112.381,0,0,0,0,340,111
112.397,0,0,0,0,340,111
112.413,0,0,0,0,340,111
112.429,0,0,0,0,340,111
112.445,0,0,0,0,340,111
112.461,0,0,0,0,340,111
112.477,0,0,0,0,330,100
112.493,0,0,0,0,330,100
112.510,0,0,0,0,330,100
112.526,0,0,0,0,330,100
112.541,0,0,0,0,330,100
112.557,0,0,0,0,330,100
112.573,0,0,0,0,330,100
112.589,0,0,0,0,320,86
112.605,0,0,0,0,320,86
112.621,0,0,0,0,320,86
112.637,0,0,0,0,320,86
112.653,0,0,0,0,320,86
112.669,0,0,0,0,320,86
112.685,0,0,0,0,320,86
112.701,0,0,0,0,320,86
112.717,0,0,0,0,290,11
112.732,0,0,0,0,290,11
112.747,0,0,0,0,290,11
112.763,0,0,0,0,290,11
112.779,0,0,0,0,290,11
112.795,0,0,0,0,290,11
112.811,0,0,0,0,290,11
112.822,0,0,0,0,290,11
112.834,0,0,0,0,290,11
112.859,0,0,0,0,290,11
112.875,0,0,0,0,290,11
112.891,0,0,0,0,290,11
112.907,0,0,0,0,290,11
112.923,0,0,0,0,290,11
112.939,0,0,0,0,310,-150
112.950,0,0,0,0,310,-150
112.971,0,0,0,0,310,-150
112.976,0,0,0,0,310,-150
113.002,0,0,0,0,310,-150
113.019,0,0,0,0,310,-150
113.035,0,0,0,0,310,-150
113.051,0,0,0,0,280,143
113.067,0,0,0,0,280,143
113.082,0,0,0,0,280,143
113.099,0,0,0,0,280,143
113.115,0,0,0,0,280,143
113.131,0,0,0,0,280,143
113.149,0,0,0,0,280,143
113.163,0,0,0,0,240,117
113.179,0,0,0,0,240,117
113.195,0,0,0,0,240,117
113.211,0,0,0,0,240,117
113.227,0,0,0,0,240,117
113.243,0,0,0,0,240,117
113.259,0,0,0,0,240,117
113.275,0,0,0,0,190,97
113.291,0,0,0,0,190,97
113.307,0,0,0,0,190,97
113.323,0,0,0,0,190,97
113.339,0,0,0,0,190,97
113.355,0,0,0,0,190,97
113.370,0,0,0,0,130,61
113.386,0,0,0,0,130,61
113.402,0,0,0,0,130,61
113.418,0,0,0,0,130,61
113.434,0,0,0,0,130,61
113.451,0,0,0,0,130,61
113.467,0,0,0,0,130,61
113.483,0,0,0,0,130,61
113.501,0,0,0,0,130,61
113.517,0,0,0,0,130,61
113.533,0,0,0,0,130,61
113.547,0,0,0,0,130,61
113.567,0,0,0,0,130,61
113.579,0,0,0,0,130,61
113.596,0,0,0,0,130,61
113.613,0,0,0,0,130,61
113.629,0,0,0,0,130,61
113.647,0,0,0,0,130,61
113.659,0,0,0,0,130,61
113.675,0,0,0,0,130,61
113.691,0,0,0,0,130,61
113.709,0,0,0,0,130,61
113.723,0,0,0,0,130,61
113.739,0,0,0,0,130,61
113.755,0,0,0,0,130,61
113.771,0,0,0,0,130,61
113.787,0,0,0,0,130,61
113.803,0,0,0,0,130,61
113.822,0,0,0,0,130,61
113.838,0,0,0,0,130,61
113.854,0,0,0,0,130,61
113.868,0,0,0,0,130,61
113.884,0,0,0,0,130,61
113.901,0,0,0,0,130,61
113.917,0,0,0,0,130,61
113.935,0,0,0,0,130,61
113.952,0,0,0,0,130,61
113.964,0,0,0,0,130,61
113.980,0,0,0,0,130,61
113.996,0,0,0,0,130,61
114.014,0,0,0,0,130,61
114.030,0,0,0,0,130,61
114.044,0,0,0,0,130,61
114.060,0,0,0,0,130,61
114.077,0,0,0,0,130,61
114.092,0,0,0,0,130,61
114.109,0,0,0,0,130,61
114.124,0,0,0,0,130,61
114.140,0,0,0,0,130,61
114.156,0,0,0,0,130,61
114.172,0,0,0,0,130,61
114.189,0,0,0,0,130,61
114.204,0,0,0,0,130,61
114.220,0,0,0,0,130,61
114.239,0,0,0,0,130,61
114.254,0,0,0,0,130,61
114.268,0,0,0,0,130,61
114.284,0,0,0,0,130,61
114.302,0,0,0,0,130,61
114.316,0,0,0,0,130,61
114.334,0,0,0,0,130,61
114.351,0,0,0,0,130,61
114.365,0,0,0,0,130,61
114.381,0,0,0,0,130,61
114.397,0,0,0,0,130,61
114.413,0,0,0,0,130,61
114.429,0,0,0,0,130,61
114.445,0,0,0,0,130,61
114.460,0,0,0,0,130,61
114.477,0,0,0,0,130,61
114.493,0,0,0,0,130,61
114.509,0,0,0,0,130,61
114.527,0,0,0,0,130,61
114.543,0,0,0,0,130,61
114.557,0,0,0,0,130,61
114.576,0,0,0,0,130,61
114.589,0,0,0,0,130,61
114.605,0,0,0,0,130,61
114.621,0,0,0,0,130,61
114.637,0,0,0,0,130,61
114.655,0,0,0,0,130,61
114.669,0,0,0,0,130,61
114.688,0,0,0,0,130,61
114.701,0,0,0,0,130,61
114.717,0,0,0,0,130,61
114.733,0,0,0,0,130,61
114.749,0,0,0,0,130,61
114.765,0,0,0,0,130,61
114.783,0,0,0,0,130,61
114.799,0,0,0,0,130,61
114.813,0,0,0,0,130,61
114.831,0,0,0,0,130,61
114.847,0,0,0,0,130,61
114.863,0,0,0,0,130,61
114.877,0,0,0,0,130,61
114.895,0,0,0,0,130,61
114.912,0,0,0,0,130,61
114.928,0,0,0,0,130,61
114.942,0,0,0,0,130,61
114.960,0,0,0,0,130,61
114.974,0,0,0,0,130,61
114.990,0,0,0,0,130,61
115.006,0,0,0,0,130,61
115.022,0,0,0,0,130,61
115.040,0,0,0,0,130,61
115.054,0,0,0,0,130,61
115.071,0,0,0,0,130,61
115.089,0,0,0,0,130,61
115.105,0,0,0,0,130,61
115.121,0,0,0,0,130,61
115.135,0,0,0,0,130,61
115.151,0,0,0,0,130,61
115.170,0,0,0,0,130,61
115.184,0,0,0,0,130,61
115.202,0,0,0,0,130,61
115.217,0,0,0,0,130,61
115.234,0,0,0,0,130,61
115.247,0,0,0,0,130,61
115.263,0,0,0,0,130,61
115.284,0,0,0,0,130,61
115.296,0,0,0,0,130,61
115.314,0,0,0,0,130,61
115.332,0,0,0,0,130,61
115.344,0,0,0,0,130,61
115.360,0,0,0,0,130,61
115.376,0,0,0,0,130,61
115.392,0,0,0,0,130,61
115.408,0,0,0,0,130,61
115.424,0,0,0,0,130,61
115.443,0,0,0,0,130,61
115.457,0,0,0,0,130,61
115.475,0,0,0,0,130,61
115.491,0,0,0,0,130,61
115.507,0,0,0,0,130,61
115.521,0,0,0,0,130,61
115.537,0,0,0,0,130,61
115.555,0,0,0,0,130,61
115.569,0,0,0,0,130,61
115.588,0,0,0,0,130,61
115.604,0,0,0,0,130,61
115.618,0,0,0,0,130,61
115.636,0,0,0,0,130,61
115.650,0,0,0,0,130,61
115.669,0,0,0,0,130,61
115.682,0,0,0,0,130,61
115.698,0,0,0,0,130,61
115.714,0,0,0,0,130,61
115.732,0,0,0,0,130,61
115.746,0,0,0,0,130,61
115.763,0,0,0,0,130,61
115.780,0,0,0,0,130,61
115.794,0,0,0,0,130,61
115.810,0,0,0,0,130,61
115.826,0,0,0,0,130,61
115.842,0,0,0,0,130,61
115.858,0,0,0,0,130,61
115.876,0,0,0,0,130,61
115.892,0,0,0,0,130,61
115.908,0,0,0,0,130,61
115.922,0,0,0,0,130,61
115.940,0,0,0,0,130,61
115.956,0,0,0,0,130,61
115.970,0,0,0,0,130,61
115.985,0,0,0,0,130,61
116.001,0,0,0,0,130,61
116.017,0,0,0,0,130,61
116.033,0,0,0,0,130,61
116.049,0,0,0,0,130,61
116.065,0,0,0,0,130,61
116.080,0,0,0,0,130,61
116.097,0,0,0,0,130,61
116.113,0,0,0,0,130,61
116.129,0,0,0,0,130,61
116.144,0,0,0,0,130,61
116.159,0,0,0,0,130,61
116.175,0,0,0,0,130,61
116.191,0,0,0,0,130,61
116.207,0,0,0,0,130,61
116.223,0,0,0,0,130,61
116.241,0,0,0,0,130,61
116.257,0,0,0,0,130,61
116.274,0,0,0,0,130,61
116.290,0,0,0,0,130,61
116.306,0,0,0,0,130,61
116.320,0,0,0,0,130,61
116.336,0,0,0,0,130,61
116.354,0,0,0,0,130,61
116.368,0,0,0,0,130,61
116.386,0,0,0,0,130,61
116.402,0,0,0,0,130,61
116.417,0,0,0,0,130,61
116.435,0,0,0,0,130,61
116.448,0,0,0,0,130,61
116.464,0,0,0,0,130,61
116.482,0,0,0,0,130,61
116.496,0,0,0,0,130,61
116.512,0,0,0,0,130,61
116.528,0,0,0,0,130,61
116.544,0,0,0,0,130,61
116.562,0,0,0,0,130,61
116.578,0,0,0,0,130,61
116.594,0,0,0,0,130,61
116.608,0,0,0,0,130,61
116.626,0,0,0,0,130,61
116.640,0,0,0,0,130,61
116.656,0,0,0,0,130,61
116.674,0,0,0,0,130,61
116.689,0,0,0,0,130,61
116.705,0,0,0,0,130,61
116.723,0,0,0,0,130,61
116.739,0,0,0,0,130,61
116.755,0,0,0,0,130,61
116.769,0,0,0,0,130,61
116.787,0,0,0,0,130,61
116.801,0,0,0,0,130,61
116.819,0,0,0,0,130,61
116.835,0,0,0,0,130,61
116.849,0,0,0,0,130,61
116.865,0,0,0,0,130,61
116.881,0,0,0,0,130,61
116.897,0,0,0,0,130,61
116.913,0,0,0,0,130,61
116.929,0,0,0,0,130,61
116.945,0,0,0,0,130,61
116.964,0,0,0,0,130,61
116.979,0,0,0,0,130,61
116.997,0,0,0,0,130,61
117.009,0,0,0,0,130,61
117.025,0,0,0,0,130,61
117.042,0,0,0,0,130,61
117.058,0,0,0,0,130,61
117.074,0,0,0,0,130,61
117.091,0,0,0,0,130,61
117.107,0,0,0,0,130,61
117.121,0,0,0,0,130,61
117.137,0,0,0,0,130,61
117.155,0,0,0,0,130,61
117.169,0,0,0,0,130,61
117.188,0,0,0,0,130,61
117.204,0,0,0,0,130,61
117.218,0,0,0,0,130,61
117.234,0,0,0,0,130,61
117.251,0,0,0,0,130,61
117.269,0,0,0,0,130,61
117.283,0,0,0,0,130,61
117.301,0,0,0,0,130,61
117.317,0,0,0,0,130,61
117.333,0,0,0,0,130,61
117.349,0,0,0,0,130,61
117.363,0,0,0,0,130,61
117.379,0,0,0,0,130,61
117.395,0,0,0,0,130,61
117.415,0,0,0,0,130,61
117.427,0,0,0,0,130,61
117.445,0,0,0,0,130,61
117.459,0,0,0,0,130,61
117.474,0,0,0,0,130,61
117.489,0,0,0,0,130,61
117.504,0,0,0,0,130,61
117.520,0,0,0,0,130,61
117.536,0,0,0,0,130,61
117.555,0,0,0,0,130,61
117.571,0,0,0,0,130,61
117.587,0,0,0,0,130,61
117.601,0,0,0,0,130,61
117.617,0,0,0,0,130,61
117.636,0,0,0,0,130,61
117.653,0,0,0,0,130,61
117.669,0,0,0,0,130,61
117.684,0,0,0,0,130,61
117.698,0,0,0,0,130,61
117.716,0,0,0,0,130,61
117.734,0,0,0,0,130,61
117.747,0,0,0,0,130,61
117.762,0,0,0,0,130,61
117.778,0,0,0,0,130,61
117.796,0,0,0,0,130,61
117.812,0,0,0,0,130,61
117.828,0,0,0,0,130,61
117.842,0,0,0,0,130,61
117.858,0,0,0,0,130,61
117.874,0,0,0,0,130,61
117.890,0,0,0,0,130,61
117.908,0,0,0,0,130,61
117.922,0,0,0,0,130,61
117.938,0,0,0,0,130,61
117.954,0,0,0,0,130,61
117.972,0,0,0,0,130,61
117.988,0,0,0,0,130,61
118.004,0,0,0,0,130,61
118.020,0,0,0,0,130,61
118.036,0,0,0,0,130,61
118.050,0,0,0,0,130,61
118.068,0,0,0,0,130,61
118.084,0,0,0,0,130,61
118.098,0,0,0,0,130,61
118.116,0,0,0,0,130,61
118.131,0,0,0,0,130,61
118.147,0,0,0,0,130,61
118.163,0,0,0,0,130,61
118.178,0,0,0,0,130,61
118.195,0,0,0,0,130,61
118.212,0,0,0,0,130,61
118.225,0,0,0,0,130,61
118.241,0,0,0,0,130,61
118.257,0,0,0,0,130,61
118.274,0,0,0,0,130,61
118.292,0,0,0,0,130,61
118.308,0,0,0,0,130,61
118.324,0,0,0,0,130,61
118.339,0,0,0,0,130,61
118.355,0,0,0,0,130,61
118.371,0,0,0,0,130,61
118.387,0,0,0,0,130,61
118.405,0,0,0,0,130,61
118.421,0,0,0,0,130,61
118.437,0,0,0,0,130,61
118.451,0,0,0,0,130,61
118.468,0,0,0,0,130,61
118.485,0,0,0,0,130,61
118.502,0,0,0,0,130,61
118.516,0,0,0,0,130,61
118.532,0,0,0,0,130,61
118.548,0,0,0,0,130,61
118.564,0,0,0,0,130,61
118.582,0,0,0,0,130,61
118.598,0,0,0,0,130,61
118.612,0,0,0,0,130,61
118.628,0,0,0,0,130,61
118.644,0,0,0,0,130,61
118.660,0,0,0,0,130,61
118.676,0,0,0,0,130,61
118.697,0,0,0,0,130,61
118.709,0,0,0,0,130,61
118.727,0,0,0,0,130,61
118.743,0,0,0,0,130,61
118.759,0,0,0,0,130,61
118.774,0,0,0,0,130,61
118.790,0,0,0,0,130,61
118.808,0,0,0,0,130,61
118.823,0,0,0,0,130,61
118.840,0,0,0,0,130,61
118.854,0,0,0,0,130,61
118.872,0,0,0,0,130,61
118.886,0,0,0,0,130,61
118.904,0,0,0,0,130,61
118.920,0,0,0,0,130,61
118.934,0,0,0,0,130,61
118.950,0,0,0,0,130,61
118.967,0,0,0,0,130,61
118.983,0,0,0,0,130,61
119.000,0,0,0,0,130,61
119.016,0,0,0,0,130,61
119.032,0,0,0,0,130,61
119.046,0,0,0,0,130,61
119.062,0,0,0,0,130,61
119.080,0,0,0,0,130,61
119.096,0,0,0,0,130,61
119.111,0,0,0,0,130,61
119.131,0,0,0,0,130,61
119.142,0,0,0,0,130,61
119.159,0,0,0,0,130,61
119.173,0,0,0,0,130,61
119.189,0,0,0,0,130,61
119.205,0,0,0,0,130,61
119.221,0,0,0,0,130,61
119.238,0,0,0,0,130,61
119.254,0,0,0,0,130,61
119.270,0,0,0,0,130,61
119.286,0,0,0,0,130,61
119.304,0,0,0,0,130,61
119.320,0,0,0,0,130,61
119.334,0,0,0,0,130,61
119.353,0,0,0,0,130,61
119.368,0,0,0,0,130,61
119.386,0,0,0,0,130,61
119.399,0,0,0,0,130,61
119.416,0,0,0,0,130,61
119.432,0,0,0,0,130,61
119.448,0,0,0,0,130,61
119.464,0,0,0,0,130,61
119.478,0,0,0,0,130,61
119.496,0,0,0,0,130,61
119.512,0,0,0,0,130,61
119.527,0,0,0,0,130,61
119.542,0,0,0,0,130,61
119.561,0,0,0,0,130,61
119.575,0,0,0,0,130,61
119.592,0,0,0,0,130,61
119.610,0,0,0,0,130,61
119.624,0,0,0,0,130,61
119.642,0,0,0,0,130,61
119.657,0,0,0,0,130,61
119.672,0,0,0,0,130,61
119.688,0,0,0,0,130,61
119.708,0,0,0,0,130,61
119.720,0,0,0,0,130,61
119.738,0,0,0,0,130,61
119.754,0,0,0,0,130,61
119.770,0,0,0,0,130,61
119.786,0,0,0,0,130,61
119.800,0,0,0,0,130,61
119.816,0,0,0,0,130,61
119.835,0,0,0,0,130,61
119.851,0,0,0,0,130,61
119.865,0,0,0,0,130,61
119.883,0,0,0,0,130,61
119.897,0,0,0,0,130,61
119.913,0,0,0,0,130,61
119.931,0,0,0,0,130,61
119.945,0,0,0,0,130,61
119.963,0,0,0,0,130,61
119.978,0,0,0,0,130,61
119.996,0,0,0,0,130,61
120.011,0,0,0,0,130,61
120.028,0,0,0,0,130,61
120.042,0,0,0,0,130,61
120.060,0,0,0,0,130,61
120.074,0,0,0,0,130,61
120.092,0,0,0,0,130,61
120.108,0,0,0,0,130,61
120.122,0,0,0,0,130,61
120.140,0,0,0,0,130,61
120.156,0,0,0,0,130,61
120.170,0,0,0,0,130,61
120.187,0,0,0,0,130,61
120.204,0,0,0,0,130,61
120.221,0,0,0,0,130,61
120.236,0,0,0,0,130,61
120.254,0,0,0,0,130,61
120.266,0,0,0,0,130,61
120.282,0,0,0,0,130,61
120.298,0,0,0,0,130,61
120.315,0,0,0,0,130,61
120.333,0,0,0,0,130,61
120.347,0,0,0,0,130,61
120.366,0,0,0,0,130,61
120.382,0,0,0,0,130,61
120.397,0,0,0,0,130,61
120.415,0,0,0,0,130,61
120.429,0,0,0,0,130,61
120.443,0,0,0,0,130,61
120.459,0,0,0,0,130,61
120.475,0,0,0,0,130,61
120.492,0,0,0,0,130,61
120.508,0,0,0,0,130,61
120.524,0,0,0,0,130,61
120.540,0,0,0,0,130,61
120.556,0,0,0,0,130,61
120.572,0,0,0,0,130,61
120.591,0,0,0,0,130,61
120.604,0,0,0,0,130,61
120.621,0,0,0,0,130,61
120.637,0,0,0,0,130,61
120.653,0,0,0,0,130,61
120.669,0,0,0,0,130,61
120.685,0,0,0,0,130,61
120.701,0,0,0,0,130,61
120.719,0,0,0,0,130,61
120.733,0,0,0,0,130,61
120.749,0,0,0,0,130,61
120.765,0,0,0,0,130,61
120.781,0,0,0,0,130,61
120.797,0,0,0,0,130,61
120.813,0,0,0,0,130,61
120.829,0,0,0,0,130,61
120.848,0,0,0,0,130,61
120.864,0,0,0,0,130,61
120.880,0,0,0,0,130,61
120.898,0,0,0,0,130,61
120.912,0,0,0,0,130,61
120.926,0,0,0,0,130,61
120.942,0,0,0,0,130,61
120.960,0,0,0,0,130,61
120.976,0,0,0,0,130,61
120.990,0,0,0,0,130,61
121.006,0,0,0,0,130,61
121.022,0,0,0,0,130,61
121.040,0,0,0,0,130,61
121.056,0,0,0,0,130,61
121.071,0,0,0,0,130,61
121.089,0,0,0,0,130,61
121.102,0,0,0,0,130,61
121.121,0,0,0,0,130,61
121.137,0,0,0,0,130,61
121.153,0,0,0,0,130,61
121.169,0,0,0,0,130,61
121.185,0,0,0,0,130,61
121.201,0,0,0,0,130,61
121.217,0,0,0,0,130,61
121.231,0,0,0,0,130,61
121.249,0,0,0,0,130,61
121.262,0,0,0,0,130,61
121.278,0,0,0,0,130,61
121.296,0,0,0,0,130,61
121.315,0,0,0,0,130,61
121.329,0,0,0,0,130,61
121.343,0,0,0,0,130,61
121.359,0,0,0,0,130,61
121.375,0,0,0,0,130,61
121.393,0,0,0,0,130,61
121.407,0,0,0,0,130,61
121.425,0,0,0,0,130,61
121.438,0,0,0,0,130,61
121.459,0,0,0,0,130,61
121.471,0,0,0,0,130,61
121.487,0,0,0,0,130,61
121.503,0,0,0,0,130,61
121.519,0,0,0,0,130,61
121.537,0,0,0,0,130,61
121.554,0,0,0,0,130,61
121.570,0,0,0,0,130,61
121.585,0,0,0,0,130,61
121.600,0,0,0,0,130,61
121.618,0,0,0,0,130,61
121.635,0,0,0,0,130,61
121.648,0,0,0,0,130,61
121.665,0,0,0,0,130,61
121.684,0,0,0,0,130,61
121.698,0,0,0,0,130,61
121.715,0,0,0,0,130,61
121.731,0,0,0,0,130,61
121.745,0,0,0,0,130,61
121.761,0,0,0,0,130,61
121.779,0,0,0,0,130,61
121.793,0,0,0,0,130,61
121.809,0,0,0,0,130,61
121.826,0,0,0,0,130,61
121.844,0,0,0,0,130,61
121.862,0,0,0,0,130,61
121.874,0,0,0,0,130,61
121.891,0,0,0,0,130,61
121.907,0,0,0,0,130,61
121.923,0,0,0,0,130,61
121.941,0,0,0,0,130,61
121.955,0,0,0,0,130,61
121.973,0,0,0,0,130,61
121.987,0,0,0,0,130,61
122.003,0,0,0,0,130,61
122.021,0,0,0,0,130,61
122.037,0,0,0,0,130,61
122.052,0,0,0,0,130,61
122.068,0,0,0,0,130,61
122.086,0,0,0,0,130,61
122.100,0,0,0,0,130,61
122.118,0,0,0,0,130,61
122.132,0,0,0,0,130,61
122.148,0,0,0,0,130,61
122.164,0,0,0,0,130,61
122.184,0,0,0,0,130,61
122.198,0,0,0,0,130,61
122.212,0,0,0,0,130,61
122.229,0,0,0,0,130,61
122.244,0,0,0,0,130,61
122.260,0,0,0,0,130,61
122.276,0,0,0,0,130,61
122.294,0,0,0,0,130,61
122.310,0,0,0,0,130,61
122.325,0,0,0,0,130,61
122.340,0,0,0,0,130,61
122.359,0,0,0,0,130,61
122.375,0,0,0,0,130,61
122.391,0,0,0,0,130,61
122.407,0,0,0,0,130,61
122.422,0,0,0,0,130,61
122.439,0,0,0,0,130,61
122.455,0,0,0,0,130,61
122.473,0,0,0,0,130,61
122.487,0,0,0,0,130,61
122.502,0,0,0,0,130,61
122.520,0,0,0,0,130,61
122.536,0,0,0,0,130,61
122.552,0,0,0,0,130,61
122.568,0,0,0,0,130,61
122.584,0,0,0,0,130,61
122.600,0,0,0,0,130,61
122.614,0,0,0,0,130,61
122.630,0,0,0,0,130,61
122.650,0,0,0,0,130,61
122.663,0,0,0,0,130,61
122.678,0,0,0,0,130,61
122.694,0,0,0,0,130,61
122.714,0,0,0,0,130,61
122.728,0,0,0,0,130,61
122.745,0,0,0,0,130,61
122.758,0,0,0,0,130,61
122.777,0,0,0,0,130,61
122.791,0,0,0,0,130,61
122.809,0,0,0,0,130,61
122.823,0,0,0,0,130,61
122.839,0,0,0,0,130,61
122.857,0,0,0,0,130,61
122.875,0,0,0,0,130,61
122.888,0,0,0,0,130,61
122.906,0,0,0,0,130,61
122.924,0,0,0,0,130,61
122.938,0,0,0,0,130,61
122.952,0,0,0,0,130,61
122.972,0,0,0,0,130,61
122.987,0,0,0,0,130,61
123.003,0,0,0,0,130,61
123.017,0,0,0,0,130,61
123.037,0,0,0,0,130,61
123.049,0,0,0,0,130,61
123.067,0,0,0,0,130,61
123.081,0,0,0,0,130,61
