t_rel,lr,fb,ud,yaw,height_cm,yaw_deg
0.158,0,0,0,0,0,0
0.249,0,0,0,0,0,0
0.275,0,0,0,0,0,0
0.291,0,0,0,0,0,0
0.306,0,0,0,0,0,0
0.322,0,0,0,0,0,0
0.338,0,0,0,0,0,0
0.350,0,0,0,0,0,0
0.370,0,0,0,0,0,0
0.386,0,0,0,0,0,0
0.402,0,0,0,0,0,0
0.417,0,0,0,0,0,0
0.434,0,0,0,0,0,0
0.450,0,0,0,0,0,0
0.465,0,0,0,0,0,0
0.481,0,0,0,0,0,0
0.497,0,0,0,0,0,0
0.513,0,0,0,0,0,0
0.529,0,0,0,0,0,0
0.545,0,0,0,0,0,0
0.561,0,0,0,0,0,0
0.577,0,0,0,0,0,0
0.593,0,0,0,0,0,0
0.609,0,0,0,0,0,0
0.624,0,0,0,0,0,0
0.641,0,0,0,0,0,0
0.656,0,0,0,0,0,0
0.672,0,0,0,0,0,0
0.688,0,0,0,0,0,0
0.704,0,0,0,0,0,0
0.719,0,0,0,0,0,0
0.735,0,0,0,0,0,0
0.751,0,0,0,0,0,0
0.761,0,0,0,0,0,0
0.776,0,0,0,0,0,0
0.791,0,0,0,0,0,0
0.807,0,0,0,0,0,0
0.823,0,0,0,0,0,0
0.840,0,0,0,0,0,0
0.856,0,0,0,0,0,0
0.872,0,0,0,0,0,0
0.888,0,0,0,0,0,0
0.904,0,0,0,0,0,0
0.920,0,0,0,0,0,0
0.936,0,0,0,0,0,0
0.952,0,0,0,0,0,0
0.968,0,0,0,0,0,0
0.984,0,0,0,0,0,0
0.992,0,0,0,0,0,0
1.009,0,0,0,0,0,0
1.023,0,0,0,0,0,0
1.040,0,0,0,0,0,0
1.055,0,0,0,0,0,0
1.064,0,0,0,0,0,0
1.076,0,0,0,0,0,0
1.087,0,0,0,0,0,0
1.103,0,0,0,0,0,0
1.120,0,0,0,0,0,0
1.136,0,0,0,0,0,0
1.152,0,0,0,0,0,0
1.168,0,0,0,0,0,0
1.184,0,0,0,0,0,0
1.192,0,0,0,0,0,0
1.210,0,0,0,0,0,0
1.224,0,0,0,0,0,0
1.239,0,0,0,0,0,0
1.255,0,0,0,0,0,0
1.271,0,0,0,0,0,0
1.276,0,0,0,0,0,0
1.303,0,0,0,0,0,0
1.319,0,0,0,0,0,0
1.335,0,0,0,0,0,0
1.347,0,0,0,0,0,0
1.359,0,0,0,0,0,0
1.365,0,0,0,0,0,0
1.392,0,0,0,0,0,0
1.406,0,0,0,0,0,0
1.423,0,0,0,0,0,0
1.438,0,0,0,0,0,0
1.450,0,0,0,0,0,0
1.470,0,0,0,0,0,0
1.487,0,0,0,0,0,0
1.503,0,0,0,0,0,0
1.521,0,0,0,0,0,0
1.537,0,0,0,0,0,0
1.558,0,0,0,0,0,0
1.574,0,0,0,0,0,0
1.589,0,0,0,0,0,0
1.598,0,0,0,0,0,0
1.614,0,0,0,0,0,0
1.631,0,0,0,0,0,0
1.639,0,0,0,0,0,0
1.655,0,0,0,0,0,0
1.660,0,0,0,0,0,0
1.672,0,0,0,0,0,0
1.688,0,0,0,0,0,0
1.704,0,0,0,0,0,0
1.720,0,0,0,0,0,0
1.737,0,0,0,0,0,0
1.749,0,0,0,0,0,0
1.768,0,0,0,0,0,0
1.784,0,0,0,0,0,0
1.800,0,0,0,0,0,0
1.816,0,0,0,0,0,0
1.827,0,0,0,0,0,0
1.834,0,0,0,0,0,0
1.848,0,0,0,0,0,0
1.864,0,0,0,0,0,0
1.880,0,0,0,0,0,0
1.889,0,0,0,0,0,0
1.897,0,0,0,0,0,0
1.912,0,0,0,0,0,0
1.928,0,0,0,0,0,0
1.944,0,0,0,0,0,0
1.959,0,0,0,0,0,0
1.975,0,0,0,0,0,0
1.991,0,0,0,0,0,0
2.008,0,0,0,0,0,0
2.023,0,0,0,0,0,0
2.039,0,0,0,0,0,0
2.055,0,0,0,0,0,0
2.071,0,0,0,0,0,0
2.086,0,0,0,0,0,0
2.103,0,0,0,0,0,0
2.119,0,0,0,0,0,0
2.134,0,0,0,0,0,0
2.151,0,0,0,0,0,0
2.166,0,0,0,0,0,0
2.182,0,0,0,0,0,0
2.198,0,0,0,0,0,0
2.209,0,0,0,0,0,0
2.230,0,0,0,0,0,0
2.246,0,0,0,0,0,0
2.251,0,0,0,0,0,0
2.266,0,0,0,0,0,0
2.278,0,0,0,0,0,0
2.294,0,0,0,0,0,0
2.310,0,0,0,0,0,0
2.326,0,0,0,0,0,0
2.341,0,0,0,0,0,0
2.357,0,0,0,0,0,0
2.368,0,0,0,0,0,0
2.377,0,0,0,0,0,0
2.393,0,0,0,0,0,0
2.405,0,0,0,0,0,0
2.420,0,0,0,0,0,0
2.436,0,0,0,0,0,0
2.452,0,0,0,0,0,0
2.468,0,0,0,0,0,0
2.484,0,0,0,0,0,0
2.500,0,0,0,0,0,0
2.516,0,0,0,0,0,0
2.532,0,0,0,0,0,0
2.548,0,0,0,0,0,0
2.563,0,0,0,0,0,0
2.580,0,0,0,0,0,0
2.595,0,0,0,0,0,0
2.819,0,0,0,0,0,0
2.835,0,0,0,0,0,0
2.853,0,0,0,0,0,0
2.866,0,0,0,0,0,0
2.882,0,0,0,0,0,0
2.898,0,0,0,0,0,0
2.914,0,0,0,0,0,0
2.931,0,0,0,0,0,0
2.947,0,0,0,0,0,0
2.963,0,0,0,0,0,0
2.978,0,0,0,0,0,0
2.994,0,0,0,0,0,0
3.011,0,0,0,0,0,0
3.026,0,0,0,0,0,0
3.042,0,0,0,0,0,0
3.058,0,0,0,0,0,0
3.074,0,0,0,0,0,0
3.090,0,0,0,0,0,0
3.107,0,0,0,0,0,0
3.123,0,0,0,0,0,0
3.138,0,0,0,0,0,0
3.156,0,0,0,0,0,0
3.170,0,0,0,0,0,0
3.186,0,0,0,0,0,0
3.202,0,0,0,0,0,0
3.217,0,0,0,0,0,0
3.233,0,0,0,0,0,0
3.250,0,0,0,0,0,0
3.266,0,0,0,0,0,0
3.281,0,0,0,0,0,0
3.298,0,0,0,0,0,0
3.314,0,0,0,0,0,0
3.330,0,0,0,0,0,0
3.346,0,0,0,0,0,0
3.362,0,0,0,0,0,0
3.382,0,0,0,0,0,0
3.394,0,0,0,0,0,0
3.402,0,0,0,0,0,0
3.426,0,0,0,0,0,0
3.441,0,0,0,0,0,0
3.458,0,0,0,0,0,0
3.474,0,0,0,0,0,0
3.490,0,0,0,0,0,0
3.506,0,0,0,0,0,0
3.515,0,0,0,0,0,0
3.523,0,0,0,0,0,0
3.534,0,0,0,0,0,0
3.556,0,0,0,0,0,0
3.571,0,0,0,0,0,0
3.587,0,0,0,0,0,0
3.603,0,0,0,0,0,0
3.619,0,0,0,0,0,0
3.635,0,0,0,0,0,0
3.651,0,0,0,0,0,0
3.667,0,0,0,0,0,0
3.683,0,0,0,0,0,0
3.699,0,0,0,0,0,0
3.715,0,0,0,0,0,0
3.731,0,0,0,0,0,0
3.747,0,0,0,0,0,0
3.763,0,0,0,0,0,0
3.778,0,0,0,0,0,0
3.794,0,0,0,0,0,0
3.810,0,0,0,0,0,0
3.826,0,0,0,0,0,0
3.842,0,0,0,0,0,0
3.858,0,0,0,0,0,0
3.874,0,0,0,0,0,0
3.890,0,0,0,0,0,0
3.907,0,0,0,0,0,0
3.922,0,0,0,0,0,0
3.938,0,0,0,0,0,0
3.954,0,0,0,0,0,0
3.971,0,0,0,0,0,0
3.985,0,0,0,0,0,0
4.001,0,0,0,0,0,0
4.018,0,0,0,0,0,0
4.034,0,0,0,0,0,0
4.042,0,0,0,0,0,0
4.059,0,0,0,0,0,0
4.075,0,0,0,0,0,0
4.090,0,0,0,0,0,0
4.106,0,0,0,0,0,0
4.122,0,0,0,0,0,0
4.138,0,0,0,0,0,0
4.154,0,0,0,0,0,0
4.169,0,0,0,0,0,0
4.185,0,0,0,0,0,0
4.202,0,0,0,0,0,0
4.209,0,0,0,0,0,0
4.216,0,0,0,0,0,0
4.241,0,0,0,0,0,0
4.257,0,0,0,0,0,0
4.275,0,0,0,0,0,0
4.284,0,0,0,0,10,0
4.305,0,0,0,0,10,0
4.321,0,0,0,0,10,0
4.337,0,0,0,0,10,0
4.353,0,0,0,0,10,0
4.369,0,0,0,0,10,0
4.386,0,0,0,0,10,0
4.402,0,0,0,0,10,0
4.418,0,0,0,0,10,0
4.442,0,0,0,0,10,0
4.458,0,0,0,0,10,0
4.473,0,0,0,0,10,0
4.490,0,0,0,0,10,0
4.506,0,0,0,0,20,0
4.525,0,0,0,0,20,0
4.554,0,0,0,0,20,0
4.570,0,0,0,0,20,0
4.586,0,0,0,0,20,0
4.601,0,0,0,0,30,0
4.617,0,0,0,0,30,0
4.626,0,0,0,0,30,0
4.641,0,0,0,0,30,0
4.657,0,0,0,0,30,0
4.673,0,0,0,0,30,0
4.689,0,0,0,0,30,0
4.705,0,0,0,0,40,0
4.721,0,0,0,0,40,0
4.731,0,0,0,0,40,0
4.746,0,0,0,0,40,0
4.755,0,0,0,0,40,0
4.771,0,0,0,0,40,0
4.787,0,0,0,0,40,0
4.803,0,0,0,0,40,0
4.819,0,0,0,0,40,0
4.835,0,0,0,0,40,0
4.851,0,0,0,0,40,0
4.867,0,0,0,0,40,0
4.883,0,0,0,0,40,0
4.899,0,0,0,0,40,0
4.915,0,0,0,0,40,0
4.930,0,0,0,0,50,0
4.946,0,0,0,0,50,0
4.962,0,0,0,0,50,0
4.978,0,0,0,0,50,0
4.994,0,0,0,0,50,0
5.010,0,0,0,0,50,0
5.026,0,0,0,0,50,0
5.042,0,0,0,0,50,0
5.057,0,0,0,0,50,0
5.073,0,0,0,0,50,0
5.089,0,0,0,0,50,0
5.106,0,0,0,0,50,0
5.122,0,0,0,0,50,0
5.140,0,0,0,0,50,0
5.154,0,0,0,0,50,0
5.177,0,0,0,0,50,0
5.190,0,0,0,0,50,0
5.201,0,0,0,0,50,0
5.233,0,0,0,0,50,0
5.249,0,0,0,0,50,0
5.266,0,0,0,0,50,0
5.281,0,0,0,0,60,0
5.297,0,0,0,0,60,0
5.313,0,0,0,0,60,0
5.328,0,0,0,0,60,0
5.345,0,0,0,0,60,0
5.360,0,0,0,0,60,0
5.376,0,0,0,0,60,0
5.392,0,0,0,0,60,0
5.408,0,0,0,0,60,0
5.424,0,0,0,0,60,0
5.440,0,0,0,0,60,0
5.456,0,0,0,0,60,0
5.472,0,0,0,0,60,0
5.489,0,0,0,0,60,0
5.505,0,0,0,0,60,0
5.521,0,0,0,0,60,0
5.537,0,0,0,0,60,0
5.553,0,0,0,0,60,0
5.569,0,0,0,0,60,0
5.585,0,0,0,0,60,0
5.601,0,0,0,0,60,0
5.617,0,0,0,0,60,0
5.633,0,0,0,0,60,0
5.649,0,0,0,0,60,0
5.665,0,0,0,0,60,0
5.681,0,0,0,0,60,0
5.697,0,0,0,0,60,0
5.713,0,0,0,0,70,0
5.729,0,0,0,0,70,0
5.745,0,0,0,0,70,0
5.761,0,0,0,0,70,0
5.777,0,0,0,0,70,0
5.793,0,0,0,0,70,0
5.809,0,0,0,0,70,0
5.825,0,0,0,0,70,0
5.841,0,0,0,0,70,0
5.856,0,0,0,0,70,0
5.861,0,0,0,0,70,0
5.888,0,0,0,0,70,0
5.904,0,0,0,0,70,0
5.920,0,0,0,0,70,0
5.936,0,0,0,0,70,0
5.952,0,0,0,0,70,0
5.968,0,0,0,0,70,0
5.984,0,0,0,0,70,0
6.001,0,0,0,0,70,0
6.016,0,0,0,0,70,0
6.032,0,0,0,0,70,0
6.036,0,0,0,0,70,0
6.064,0,0,0,0,70,0
6.080,0,0,0,0,70,0
6.095,0,0,0,0,70,0
6.111,0,0,0,0,70,0
6.128,0,0,0,0,70,0
6.143,0,0,0,0,70,0
6.158,0,0,0,0,70,0
6.176,0,0,0,0,70,0
6.190,0,0,0,0,70,0
6.206,0,0,0,0,70,0
6.222,0,0,0,0,70,0
6.238,0,0,0,0,70,0
6.255,0,0,0,0,70,0
6.270,0,0,0,0,70,0
6.286,0,0,0,0,70,0
6.302,0,0,0,0,70,0
6.318,0,0,0,0,70,0
6.334,0,0,0,0,70,0
6.350,0,0,0,0,70,0
6.366,0,0,0,0,70,0
6.383,0,0,0,0,70,0
6.398,0,0,0,0,70,0
6.414,0,0,0,0,70,0
6.430,0,0,0,0,70,0
6.445,0,0,0,0,70,0
6.461,0,0,0,0,70,0
6.478,0,0,0,0,70,0
6.493,0,0,0,0,70,0
6.509,0,0,0,0,70,0
6.525,0,0,0,0,70,0
6.541,0,0,0,0,70,0
6.556,0,0,0,0,70,0
6.572,0,0,0,0,70,0
6.588,0,0,0,0,70,0
6.604,0,0,0,0,70,0
6.620,0,0,0,0,70,0
6.636,0,0,0,0,70,0
6.652,0,0,0,0,70,0
6.667,0,0,0,0,70,0
6.684,0,0,0,0,70,0
6.700,0,0,0,0,70,0
6.716,0,0,0,0,70,0
6.732,0,0,0,0,70,0
6.748,0,0,0,0,70,0
6.763,0,0,0,0,70,0
6.779,0,0,0,0,70,0
6.795,0,0,0,0,70,0
6.811,0,0,0,0,70,0
6.828,0,0,0,0,70,0
6.843,0,0,0,0,70,0
6.859,0,0,0,0,70,0
6.875,0,0,0,0,70,0
6.891,0,0,0,0,70,0
6.907,0,0,0,0,70,0
6.924,0,0,0,0,70,0
6.939,0,0,0,0,70,0
6.955,0,0,0,0,70,0
6.971,0,0,0,0,70,0
6.987,0,0,0,0,70,0
7.003,0,0,0,0,70,0
7.019,0,0,0,0,70,0
7.035,0,0,0,0,70,0
7.052,0,0,0,0,70,0
7.068,0,0,0,0,70,0
7.083,0,0,0,0,70,0
7.094,0,0,0,0,70,0
7.116,0,0,0,0,70,0
7.132,0,0,0,0,70,0
7.147,0,0,0,0,70,0
7.164,0,0,0,0,70,0
7.179,0,0,0,0,70,0
7.195,0,0,0,0,70,0
7.211,0,0,0,0,70,0
7.227,0,0,0,0,70,0
7.244,0,0,0,0,70,0
7.261,0,0,0,0,70,0
7.275,0,0,0,0,70,0
7.291,0,0,0,0,70,0
7.307,0,0,0,0,70,0
7.325,0,0,0,0,70,0
7.339,0,0,0,0,70,0
7.355,0,0,0,0,70,0
7.371,0,0,0,0,70,0
7.387,0,0,0,0,70,0
7.403,0,0,0,0,70,0
7.419,0,0,0,0,70,0
7.435,0,0,0,0,70,0
7.451,0,0,0,0,70,0
7.467,0,0,0,0,70,0
7.484,0,0,0,0,70,0
7.500,0,0,0,0,70,0
7.515,0,0,0,0,70,0
7.531,0,0,0,0,70,0
7.547,0,0,0,0,70,0
7.563,0,0,0,0,70,0
7.581,0,0,0,0,70,0
7.596,0,0,0,0,70,0
7.612,0,0,0,0,70,0
7.627,0,0,0,0,70,0
7.659,0,0,0,0,70,0
7.675,0,0,0,0,70,0
7.691,0,0,0,0,70,0
7.707,0,0,0,0,70,0
7.723,0,0,0,0,60,0
7.739,0,0,0,0,60,0
7.754,0,0,0,0,60,0
7.770,0,0,0,0,60,0
7.786,0,0,0,0,60,0
7.802,0,0,0,0,60,0
7.818,0,0,0,0,60,0
7.836,0,0,0,0,60,0
7.852,0,0,0,0,60,0
7.866,0,0,0,0,60,0
7.882,0,0,0,0,60,0
7.899,0,0,0,0,60,0
7.911,0,0,0,0,60,0
7.929,0,0,0,0,60,0
7.944,0,0,0,0,70,0
7.960,0,0,0,0,70,0
7.976,0,0,0,0,70,0
7.989,0,0,0,0,70,0
8.008,0,0,0,0,70,0
8.024,0,0,0,0,70,0
8.029,0,-40,0,0,70,0
8.040,0,-40,0,0,70,0
8.055,0,-40,0,0,70,0
8.077,0,-40,0,0,70,0
8.091,0,-40,0,0,70,0
8.107,0,-40,0,0,70,0
8.123,0,-40,0,0,70,0
8.140,0,-40,0,0,70,0
8.155,0,-40,0,0,70,0
8.171,0,-40,0,0,70,0
8.187,0,-40,0,0,70,0
8.212,0,-40,0,0,70,0
8.228,0,-40,0,0,70,0
8.251,0,-40,0,0,70,0
8.267,0,-40,0,0,70,0
8.283,0,-40,0,0,70,0
8.298,0,-40,0,0,70,0
8.312,0,-40,0,0,70,0
8.330,0,-40,0,0,70,0
8.346,0,-40,0,0,70,0
8.362,0,-40,0,0,70,0
8.378,0,-40,0,0,70,0
8.398,0,-40,0,0,70,0
8.410,0,-40,0,0,70,0
8.426,0,-40,0,0,70,0
8.442,0,-40,0,0,70,0
8.458,0,-40,0,0,70,0
8.474,0,-40,0,0,70,0
8.489,0,-40,0,0,70,0
8.505,0,-40,0,0,70,0
8.522,0,-40,0,0,70,0
8.537,0,-40,0,0,70,0
8.543,0,-40,0,0,70,0
8.554,0,-40,0,0,70,0
8.570,0,-40,0,0,70,0
8.576,0,-40,0,0,70,0
8.587,0,-40,0,0,70,0
8.601,0,-40,0,0,60,0
8.609,0,-40,0,0,60,0
8.625,0,-40,0,0,60,0
8.641,0,-40,0,0,60,0
8.657,0,-40,0,0,60,0
8.673,0,-40,0,0,60,0
8.689,0,-40,0,0,60,0
8.705,0,-40,0,0,60,0
8.721,0,-40,0,0,60,0
8.737,0,-40,0,0,60,0
8.753,0,-40,0,0,60,0
8.769,0,-40,0,0,60,0
8.775,0,-40,0,0,60,0
8.785,0,-40,0,0,60,0
8.801,0,-40,0,0,60,0
8.805,0,-40,0,0,60,0
8.817,0,-40,0,0,60,0
8.826,0,-40,0,0,60,0
8.842,0,-40,0,0,60,0
8.857,0,-40,0,0,60,0
8.873,0,-40,0,0,60,0
8.883,0,-40,0,0,60,0
8.905,0,-40,0,0,60,0
8.921,0,-40,0,0,60,0
8.937,0,-40,0,0,60,0
8.947,0,-40,0,0,60,0
8.969,0,-40,0,0,60,0
8.985,0,-40,0,0,60,0
9.001,0,-40,0,0,60,0
9.007,0,-40,0,0,60,0
9.017,0,-40,0,0,60,0
9.026,0,-40,0,0,60,0
9.030,0,-40,0,0,60,0
9.057,0,-40,0,0,60,0
9.073,0,-40,0,0,60,0
9.078,0,-40,0,0,60,0
9.105,0,-40,0,0,60,0
9.121,0,-40,0,0,60,0
9.137,0,-40,0,0,70,0
9.153,0,-40,0,0,70,0
9.168,0,-40,0,0,70,0
9.184,0,-40,0,0,70,0
9.201,0,-40,0,0,70,0
9.209,0,-40,0,0,70,0
9.225,0,-40,0,0,70,0
9.233,0,-40,0,0,70,0
9.256,0,-40,0,0,70,0
9.272,0,-40,0,0,70,0
9.289,0,-40,0,0,70,0
9.305,0,-40,0,0,70,0
9.321,0,-40,0,0,70,0
9.337,0,-40,0,0,70,0
9.343,0,-40,0,0,70,0
9.369,0,-40,0,0,70,0
9.383,0,-40,0,0,70,0
9.399,0,-40,0,0,70,0
9.416,0,-40,0,0,70,0
9.430,0,-40,0,0,70,0
9.442,0,-40,0,0,70,0
9.455,0,-40,0,0,70,0
9.471,0,-40,0,0,70,0
9.487,0,-40,0,0,70,0
9.503,0,-40,0,0,70,0
9.519,0,-40,0,0,70,0
9.535,0,-40,0,0,70,0
9.551,0,-40,0,0,70,0
9.558,0,-40,0,0,70,0
9.583,0,-40,0,0,70,0
9.599,0,-40,0,0,70,0
9.603,0,-40,0,0,70,0
9.630,0,-40,0,0,70,0
9.646,0,-40,0,0,70,0
9.663,0,-40,0,0,70,0
9.678,0,-40,0,0,70,0
9.694,0,-40,0,0,70,0
9.699,0,-40,0,0,70,0
9.710,0,-40,0,0,70,0
9.725,0,-40,0,0,70,0
9.731,0,-40,0,0,70,0
9.741,0,-40,0,0,70,0
9.757,0,-40,0,0,70,0
9.762,0,-40,0,0,70,0
9.773,0,-40,0,0,70,0
9.789,0,-40,0,0,70,0
9.794,0,-40,0,0,70,0
9.805,0,-40,0,0,70,0
9.821,0,-40,0,0,70,0
9.826,0,-40,0,0,70,0
9.853,0,-40,0,0,70,0
9.858,0,-40,0,0,70,0
9.885,0,-40,0,0,70,0
9.900,0,-40,0,0,70,0
9.916,0,-40,0,0,70,0
9.925,0,-40,0,0,70,0
9.949,0,-40,0,0,70,0
9.960,0,-40,0,0,70,0
9.971,0,-40,0,0,70,0
9.981,0,-40,0,0,70,0
9.996,0,-40,0,0,70,0
10.007,0,-40,0,0,70,0
10.028,0,-40,0,0,70,0
10.044,0,-40,0,0,70,0
10.060,0,-40,0,0,70,0
10.076,0,-40,0,0,70,0
10.087,0,-40,0,0,70,0
10.092,0,-40,0,0,70,0
10.108,0,-40,0,0,70,0
10.124,0,-40,0,0,70,0
10.140,0,-40,0,0,70,0
10.156,0,-40,0,0,70,0
10.161,0,-40,0,0,70,0
10.188,0,-40,0,0,70,0
10.197,0,-40,0,0,70,0
10.203,0,-40,0,0,70,0
10.219,0,-40,0,0,70,0
10.224,0,-40,0,0,70,0
10.236,0,-40,0,0,70,0
10.250,0,-40,0,0,70,0
10.256,0,-40,0,0,70,0
10.266,0,-40,0,0,70,0
10.282,0,-40,0,0,70,0
10.298,0,-40,0,0,70,0
10.314,0,-40,0,0,70,0
10.331,0,-40,0,0,70,0
10.346,0,-40,0,0,60,0
10.358,0,-40,0,0,60,0
10.378,0,-40,0,0,60,0
10.393,0,-40,0,0,60,0
10.409,0,-40,0,0,60,0
10.420,0,-40,0,0,60,0
10.440,0,-40,0,0,60,0
10.453,0,-40,0,0,60,0
10.472,0,-40,0,0,60,0
10.488,0,-40,0,0,60,0
10.504,0,-40,0,0,60,0
10.520,0,-40,0,0,60,0
10.532,0,-40,0,0,60,0
10.551,0,-40,0,0,60,0
10.568,0,-40,0,0,60,0
10.584,0,-40,0,0,60,0
10.589,0,-40,0,0,60,0
10.600,0,-40,0,0,60,0
10.616,0,-40,0,0,60,0
10.621,0,-40,0,0,60,0
10.632,0,-40,0,0,60,0
10.648,0,-40,0,0,60,0
10.652,0,-40,0,0,60,0
10.670,0,-40,0,0,60,0
10.696,0,-40,0,0,60,0
10.712,0,-40,0,0,60,0
10.716,0,-40,0,0,60,0
10.744,0,-40,0,0,60,0
10.754,0,-40,0,0,60,0
10.760,0,-40,0,0,60,0
10.776,0,-40,0,0,60,0
10.781,0,-40,0,0,60,0
10.807,0,-40,0,0,60,0
10.823,0,-40,0,0,60,0
10.833,0,-40,0,0,60,0
10.855,0,-40,0,0,60,0
10.871,0,-40,0,0,60,0
10.876,0,-40,0,0,60,0
10.903,0,-40,0,0,60,0
10.920,0,-40,0,0,60,0
10.935,0,-40,0,0,60,0
10.952,0,-40,0,0,60,0
10.968,0,-40,0,0,60,0
10.984,0,-40,0,0,60,0
11.000,0,-40,0,0,60,0
11.016,0,-40,0,0,60,0
11.022,0,-40,0,0,60,0
11.048,0,-40,0,0,60,0
11.064,0,-40,0,0,60,0
11.080,0,-40,0,0,60,0
11.096,0,-40,0,0,60,0
11.112,0,-40,0,0,60,0
11.118,0,-40,0,0,60,0
11.128,0,-40,0,0,60,0
11.144,0,-40,0,0,60,0
11.149,0,-40,0,0,60,0
11.176,0,-40,0,0,60,0
11.186,0,-40,0,0,60,0
11.208,0,-40,0,0,60,0
11.217,0,-40,0,0,60,0
11.239,0,-40,0,0,60,0
11.245,0,-40,0,0,60,0
11.255,0,-40,0,0,60,0
11.271,0,-40,0,0,60,0
11.281,0,-40,0,0,60,0
11.303,0,0,0,0,60,0
11.320,0,0,0,0,60,0
11.335,0,0,0,0,60,0
11.352,0,0,0,0,60,0
11.367,0,0,0,0,60,0
11.383,0,0,0,0,60,0
11.399,0,0,0,0,60,0
11.415,0,0,0,0,60,0
11.431,0,0,0,0,60,0
11.447,0,0,0,0,60,0
11.463,0,0,0,0,60,0
11.479,0,0,0,0,60,0
11.495,0,0,0,0,60,0
11.511,0,0,0,0,60,0
11.527,0,0,0,0,60,0
11.543,0,0,0,0,60,0
11.559,0,0,0,0,60,0
11.575,0,0,0,0,60,0
11.593,0,0,0,0,60,0
11.607,0,0,0,0,60,0
11.616,0,0,0,0,60,0
11.638,0,0,0,0,60,0
11.654,0,0,0,0,60,0
11.670,0,0,0,0,60,0
11.686,0,0,0,0,60,0
11.702,0,0,0,0,60,0
11.718,0,0,0,0,60,0
11.735,0,0,0,0,60,0
11.751,0,0,0,0,60,0
11.766,0,0,0,0,60,0
11.782,0,0,0,0,60,0
11.798,0,0,0,0,60,0
11.814,0,0,0,0,60,0
11.830,0,0,0,0,60,0
11.846,0,0,0,0,60,0
11.862,0,0,0,0,60,0
11.878,0,0,0,0,60,0
11.894,0,0,0,0,60,0
11.910,0,0,0,0,60,0
11.926,0,0,0,0,60,0
11.942,0,0,0,0,60,0
11.958,0,0,0,0,60,0
11.973,0,0,0,0,60,0
11.990,0,0,0,0,60,0
12.005,0,0,0,0,60,0
12.022,0,0,0,0,60,0
12.038,0,0,40,0,60,0
12.054,0,0,40,0,60,0
12.070,0,0,40,0,60,0
12.086,0,0,40,0,60,0
12.102,0,0,40,0,60,0
12.117,0,0,40,0,60,0
12.133,0,0,40,0,60,0
12.149,0,0,40,0,60,0
12.165,0,0,40,0,60,0
12.181,0,0,40,0,60,0
12.197,0,0,40,0,60,0
12.213,0,0,40,0,60,0
12.229,0,0,40,0,60,0
12.245,0,0,40,0,60,0
12.261,0,0,40,0,60,0
12.277,0,0,40,0,60,0
12.293,0,0,40,0,60,0
12.309,0,0,40,0,60,0
12.325,0,0,40,0,60,0
12.341,0,0,40,0,60,0
12.357,0,0,40,0,60,0
12.373,0,0,40,0,60,0
12.389,0,0,40,0,60,0
12.405,0,0,40,0,60,0
12.421,0,0,40,0,60,0
12.437,0,0,40,0,60,0
12.453,0,0,40,0,60,0
12.469,0,0,40,0,70,0
12.485,0,0,40,0,70,0
12.501,0,0,40,0,70,0
12.533,0,0,40,0,70,0
12.543,0,0,40,0,70,0
12.549,0,0,40,0,70,0
12.565,0,0,40,0,70,0
12.581,0,0,40,0,70,0
12.586,0,0,40,0,70,0
12.612,0,0,40,0,70,0
12.628,0,0,40,0,70,0
12.637,0,0,40,0,70,0
12.644,0,0,40,0,70,0
12.660,0,0,40,0,70,0
12.676,0,0,40,0,70,0
12.692,0,0,40,0,70,0
12.708,0,0,40,0,70,0
12.723,0,0,40,0,70,0
12.740,0,0,40,0,70,0
12.755,0,0,40,0,70,0
12.771,0,0,40,0,70,0
12.776,0,0,40,0,70,0
12.803,0,0,40,0,80,0
12.813,0,0,40,0,80,0
12.835,0,0,40,0,80,0
12.841,0,0,40,0,80,0
12.852,0,0,40,0,80,0
12.868,0,0,40,0,80,0
12.873,0,0,40,0,80,0
12.884,0,0,40,0,80,0
12.899,0,0,40,0,80,0
12.906,0,0,40,0,80,0
12.921,0,0,40,0,80,0
12.931,0,0,40,0,80,0
12.938,0,0,40,0,80,0
12.964,0,0,40,0,80,0
12.979,0,0,40,0,80,0
12.995,0,0,40,0,80,0
13.011,0,0,40,0,80,0
13.027,0,0,40,0,80,0
13.043,0,0,40,0,80,0
13.059,0,0,40,0,80,0
13.064,0,0,40,0,80,0
13.091,0,0,40,0,80,0
13.098,0,0,40,0,80,0
13.123,0,0,40,0,80,0
13.139,0,0,40,0,80,0
13.155,0,0,40,0,80,0
13.173,0,0,40,0,80,0
13.187,0,0,40,0,80,0
13.191,0,0,40,0,80,0
13.203,0,0,40,0,80,0
13.214,0,0,40,0,80,0
13.235,0,0,40,0,80,0
13.252,0,0,40,0,90,0
13.266,0,0,40,0,90,0
13.282,0,0,40,0,90,0
13.298,0,0,40,0,90,0
13.303,0,0,40,0,90,0
13.314,0,0,40,0,90,0
13.330,0,0,40,0,90,0
13.335,0,0,40,0,90,0
13.362,0,0,40,0,90,0
13.368,0,0,40,0,90,0
13.378,0,0,40,0,90,0
13.394,0,0,40,0,90,0
13.403,0,0,40,0,90,0
13.410,0,0,40,0,90,0
13.426,0,0,40,0,90,0
13.431,0,0,40,0,90,0
13.459,0,0,40,0,90,0
13.475,0,0,40,0,90,0
13.491,0,0,40,0,90,0
13.507,0,0,40,0,90,0
13.523,0,0,40,0,90,0
13.534,0,0,40,0,90,0
13.555,0,0,40,0,90,0
13.571,0,0,40,0,90,0
13.582,0,0,40,0,90,0
13.603,0,0,40,0,100,0
13.616,0,0,40,0,100,0
13.635,0,0,40,0,100,0
13.653,0,0,40,0,100,0
13.664,0,0,40,0,100,0
13.672,0,0,40,0,100,0
13.699,0,0,40,0,100,0
13.715,0,0,40,0,100,0
13.731,0,0,40,0,100,0
13.747,0,0,40,0,100,0
13.763,0,0,40,0,100,0
13.779,0,0,40,0,100,0
13.795,0,0,40,0,100,0
13.811,0,0,40,0,100,0
13.827,0,0,40,0,100,0
13.832,0,0,40,0,100,0
13.843,0,0,40,0,100,0
13.858,0,0,40,0,100,0
13.864,0,0,40,0,100,0
13.874,0,0,40,0,100,0
13.891,0,0,40,0,100,0
13.896,0,0,40,0,100,0
13.923,0,0,40,0,100,0
13.935,0,0,40,0,110,0
13.955,0,0,40,0,110,0
13.960,0,0,40,0,110,0
13.971,0,0,40,0,110,0
13.983,0,0,40,0,110,0
14.002,0,0,40,0,110,0
14.019,0,0,40,0,110,0
14.034,0,0,40,0,110,0
14.050,0,0,40,0,110,0
14.062,0,0,40,0,110,0
14.082,0,0,40,0,110,0
14.098,0,0,40,0,110,0
14.115,0,0,40,0,110,0
14.130,0,0,40,0,110,0
14.147,0,0,40,0,110,0
14.154,0,0,40,0,110,0
14.164,0,0,40,0,110,0
14.170,0,0,40,0,110,0
14.194,0,0,40,0,110,0
14.210,0,0,40,0,110,0
14.227,0,0,40,0,110,0
14.242,0,0,40,0,110,0
14.260,0,0,40,0,120,0
14.274,0,0,40,0,120,0
14.290,0,0,40,0,120,0
14.306,0,0,40,0,120,0
14.321,0,0,40,0,120,0
14.326,0,0,40,0,120,0
14.337,0,0,40,0,120,0
14.353,0,0,40,0,120,0
14.358,0,0,40,0,120,0
14.369,0,0,40,0,120,0
14.385,0,0,40,0,120,0
14.391,0,0,40,0,120,0
14.401,0,0,40,0,120,0
14.417,0,0,40,0,120,0
14.427,0,0,40,0,120,0
14.449,0,0,40,0,120,0
14.454,0,0,40,0,120,0
14.480,0,0,40,0,120,0
14.485,0,0,40,0,120,0
14.497,0,0,40,0,120,0
14.513,0,0,40,0,120,0
14.529,0,0,40,0,120,0
14.545,0,0,40,0,120,0
14.558,0,0,40,0,120,0
14.577,0,0,40,0,120,0
14.593,0,0,0,0,120,0
14.609,0,0,0,0,120,0
14.625,0,0,0,0,120,0
14.641,0,0,0,0,120,0
14.656,0,0,0,0,120,0
14.672,0,0,0,0,120,0
14.688,0,0,0,0,120,0
14.704,0,0,0,0,120,0
14.720,0,0,0,0,130,0
14.736,0,0,0,0,130,0
14.752,0,0,0,0,130,0
14.768,0,0,0,0,130,0
14.784,0,0,0,0,130,0
14.800,0,0,0,0,130,0
14.816,0,0,0,0,130,0
14.832,0,0,0,0,130,0
14.848,0,0,0,0,130,0
14.864,0,0,0,0,130,0
14.880,0,0,0,0,130,0
14.896,0,0,0,0,130,0
14.911,0,0,0,0,130,0
14.927,0,0,0,0,130,0
14.943,0,0,0,0,130,0
14.959,0,0,0,0,130,0
14.975,0,0,0,0,130,0
14.991,0,0,0,0,130,0
15.004,0,0,0,0,130,0
15.009,0,0,0,0,130,0
15.023,0,0,0,0,130,0
15.039,0,0,0,0,140,0
15.055,0,0,0,0,140,0
15.059,0,0,0,0,140,0
15.086,0,0,0,0,140,0
15.102,0,0,0,0,140,0
15.118,0,0,0,0,140,0
15.134,0,0,0,0,140,0
15.150,0,0,0,0,140,0
15.166,0,0,0,0,140,0
15.181,0,0,0,0,140,0
15.198,0,0,0,0,140,0
15.213,0,0,0,0,140,0
15.229,0,0,0,0,140,0
15.245,0,0,0,0,140,0
15.260,0,0,0,0,140,0
15.276,0,0,0,0,140,0
15.293,0,0,0,0,140,0
15.308,0,0,0,0,140,0
15.323,0,0,0,0,140,0
15.339,0,0,0,0,140,0
15.356,0,0,0,0,140,0
15.371,0,0,0,0,140,0
15.387,0,0,0,0,140,0
15.403,0,0,0,0,140,0
15.419,0,0,0,0,140,0
15.434,0,0,0,0,140,0
15.451,0,0,0,0,140,0
15.467,0,0,0,0,140,0
15.482,0,0,0,0,140,0
15.498,0,0,0,0,140,0
15.514,0,0,0,0,140,0
15.530,0,0,0,0,140,0
15.546,0,0,0,0,140,0
15.561,0,0,0,0,140,0
15.577,0,0,0,0,140,0
15.593,0,0,0,0,140,0
15.609,0,0,0,0,140,0
15.625,0,0,0,0,140,0
15.642,0,0,0,0,140,0
15.657,0,0,0,0,140,0
15.673,0,0,0,0,140,0
15.690,0,0,0,0,140,0
15.705,0,0,0,0,140,0
15.721,0,0,0,0,140,0
15.736,0,0,0,0,140,0
15.752,0,0,0,0,140,0
15.768,0,0,0,0,140,0
15.783,0,0,0,0,140,0
15.799,0,0,0,0,140,0
15.815,0,0,0,0,140,0
15.832,0,0,0,0,140,0
15.848,0,0,0,0,140,0
15.864,0,0,0,0,140,0
15.880,0,0,0,0,140,0
15.895,0,0,0,0,140,0
15.907,0,0,0,0,140,0
15.927,0,0,0,0,140,0
15.942,0,0,0,0,140,0
15.958,0,0,0,0,140,0
15.974,0,0,0,0,140,0
15.990,0,0,0,0,140,0
16.006,0,0,0,0,140,0
16.022,0,0,0,0,140,0
16.040,0,0,0,0,140,0
16.053,0,0,0,0,140,0
16.084,0,-40,0,0,140,0
16.097,0,-40,0,0,140,0
16.117,0,-40,0,0,140,0
16.141,0,-40,0,0,140,0
16.157,0,-40,0,0,140,0
16.172,0,-40,0,0,140,0
16.188,0,-40,0,0,140,0
16.204,0,-40,0,0,140,0
16.220,0,-40,0,0,140,0
16.236,0,-40,0,0,140,0
16.258,0,-40,0,0,140,0
16.275,0,-40,0,0,140,0
16.285,0,-40,0,0,140,0
16.308,0,-40,0,0,140,0
16.324,0,-40,0,0,140,0
16.340,0,-40,0,0,140,0
16.356,0,-40,0,0,140,0
16.371,0,-40,0,0,140,0
16.387,0,-40,0,0,140,0
16.403,0,-40,0,0,140,0
16.419,0,-40,0,0,140,0
16.435,0,-40,0,0,140,0
16.451,0,-40,0,0,140,0
16.466,0,-40,0,0,140,0
16.479,0,-40,0,0,140,0
16.497,0,-40,0,0,140,0
16.513,0,-40,0,0,140,0
16.529,0,-40,0,0,140,0
16.545,0,-40,0,0,140,0
16.560,0,-40,0,0,140,0
16.576,0,-40,0,0,140,0
16.592,0,-40,0,0,140,0
16.607,0,-40,0,0,140,0
16.613,0,-40,0,0,140,0
16.634,0,-40,0,0,140,0
16.655,0,-40,0,0,140,0
16.672,0,-40,0,0,140,0
16.687,0,-40,0,0,140,0
16.703,0,-40,0,0,140,0
16.717,0,-40,0,0,140,0
16.722,0,-40,0,0,140,0
16.734,0,-40,0,0,140,0
16.743,0,-40,0,0,140,0
16.758,0,-40,0,0,140,0
16.774,0,-40,0,0,140,0
16.787,0,-40,0,0,140,0
16.793,0,-40,0,0,140,0
16.806,0,-40,0,0,140,0
16.822,0,-40,0,0,140,0
16.838,0,-40,0,0,140,0
16.853,0,-40,0,0,140,0
16.869,0,-40,0,0,140,0
16.885,0,-40,0,0,140,0
16.901,0,-40,0,0,140,0
16.917,0,-40,0,0,140,0
16.933,0,-40,0,0,140,0
16.947,0,-40,0,0,140,0
16.954,0,-40,0,0,140,0
16.973,0,-40,0,0,140,0
16.987,0,-40,0,0,140,0
16.993,0,-40,0,0,140,0
17.006,0,-40,0,0,140,0
17.020,0,-40,0,0,140,0
17.028,0,-40,0,0,140,0
17.036,0,-40,0,0,140,0
17.045,0,-40,0,0,140,0
17.052,0,-40,0,0,140,0
17.063,0,-40,0,0,140,0
17.071,0,-40,0,0,140,0
17.085,0,-40,0,0,140,0
17.105,0,-40,0,0,140,0
17.120,0,-40,0,0,140,0
17.124,0,-40,0,0,140,0
17.137,0,-40,0,0,140,0
17.153,0,-40,0,0,140,0
17.166,0,-40,0,0,140,0
17.175,0,-40,0,0,140,0
17.189,0,-40,0,0,140,0
17.197,0,-40,0,0,140,0
17.226,0,-40,0,0,140,0
17.237,0,-40,0,0,140,0
17.257,0,-40,0,0,140,0
17.273,0,-40,0,0,140,0
17.289,0,-40,0,0,140,0
17.305,0,-40,0,0,140,0
17.321,0,-40,0,0,140,0
17.352,0,-40,0,0,140,0
17.368,0,-40,0,0,140,0
17.376,0,-40,0,0,140,0
17.388,0,-40,0,0,140,0
17.407,0,-40,0,0,140,0
17.419,0,-40,0,0,140,0
17.426,0,-40,0,0,140,0
17.439,0,-40,0,0,140,0
17.452,0,-40,0,0,140,0
17.464,0,-40,0,0,140,0
17.489,0,-40,0,0,140,0
17.505,0,-40,0,0,140,0
17.517,0,-40,0,0,140,0
17.537,0,-40,0,0,140,0
17.553,0,-40,0,0,140,0
17.569,0,-40,0,0,140,0
17.578,0,-40,0,0,140,0
17.600,0,-40,0,0,140,0
17.617,0,-40,0,0,140,0
17.632,0,-40,0,0,140,0
17.649,0,-40,0,0,140,0
17.664,0,-40,0,0,140,0
17.680,0,-40,0,0,140,0
17.696,0,-40,0,0,140,0
17.712,0,-40,0,0,140,0
17.727,0,-40,0,0,140,0
17.740,0,-40,0,0,140,0
17.759,0,-40,0,0,140,0
17.775,0,-40,0,0,140,0
17.791,0,-40,0,0,140,0
17.807,0,-40,0,0,140,0
17.812,0,-40,0,0,140,0
17.823,0,-40,0,0,140,0
17.839,0,-40,0,0,140,0
17.844,0,-40,0,0,140,0
17.871,0,-40,0,0,140,0
17.875,0,-40,0,0,140,0
17.887,0,-40,0,0,140,0
17.903,0,-40,0,0,140,0
17.907,0,-40,0,0,140,0
17.918,0,-40,0,0,140,0
17.934,0,-40,0,0,140,0
17.949,0,-40,0,0,140,0
17.965,0,-40,0,0,140,0
17.981,0,-40,0,0,140,0
17.997,0,-40,0,0,140,0
18.013,0,0,0,0,140,0
18.025,0,0,0,0,140,0
18.044,0,0,0,0,140,0
18.060,0,0,0,0,140,0
18.076,0,0,0,0,140,0
18.092,0,0,0,0,140,0
18.124,0,0,0,0,140,0
18.140,0,0,0,0,140,0
18.155,0,0,0,0,140,0
18.166,0,0,0,0,140,0
18.187,0,0,0,0,140,0
18.203,0,0,0,0,140,0
18.219,0,0,0,0,140,0
18.235,0,0,0,0,140,0
18.251,0,0,0,0,140,0
18.267,0,0,0,0,140,0
18.283,0,0,0,0,140,0
18.299,0,0,0,0,140,0
18.315,0,0,0,0,140,0
18.331,0,0,0,0,140,0
18.347,0,0,0,0,140,0
18.363,0,0,0,0,140,0
18.379,0,0,0,0,140,0
18.395,0,0,0,0,140,0
18.410,0,0,0,0,140,0
18.426,0,0,0,0,140,0
18.442,0,0,0,0,140,0
18.458,0,0,0,0,140,0
18.474,0,0,0,0,140,0
18.490,0,0,0,0,140,0
18.506,0,0,0,0,140,0
18.521,0,0,0,0,140,0
18.537,0,0,0,0,140,0
18.553,0,0,0,0,140,0
18.569,0,0,0,0,140,0
18.585,0,0,0,0,140,0
18.600,0,0,0,0,140,0
18.616,0,0,0,0,140,0
18.632,0,0,0,0,140,0
18.648,0,0,0,0,140,0
18.664,0,0,0,0,140,0
18.680,0,0,0,0,140,0
18.696,0,0,0,0,140,0
18.712,0,0,0,0,140,0
18.728,0,0,0,0,140,0
18.744,0,0,0,0,140,0
18.760,0,0,0,0,140,0
18.776,0,0,0,0,140,0
18.792,0,0,0,0,140,0
18.808,0,0,0,0,140,0
18.825,0,0,0,0,140,0
18.841,0,0,0,0,140,0
18.857,0,0,0,0,140,0
18.873,0,0,0,0,140,0
18.889,0,0,0,0,140,0
18.905,0,0,0,0,140,0
18.921,0,0,0,0,140,0
18.937,0,0,0,0,140,0
18.953,0,0,0,0,140,0
18.969,0,0,0,0,140,0
18.985,0,0,0,0,140,0
19.001,0,0,0,0,140,0
19.017,0,0,0,0,140,0
19.033,0,0,0,0,140,0
19.049,0,0,40,0,140,0
19.065,0,0,40,0,140,0
19.081,0,0,40,0,140,0
19.097,0,0,40,0,140,0
19.113,0,0,40,0,140,0
19.129,0,0,40,0,140,0
19.145,0,0,40,0,140,0
19.153,0,0,40,0,140,0
19.163,0,0,40,0,140,0
19.177,0,0,40,0,140,0
19.203,0,0,40,0,140,0
19.218,0,0,40,0,140,0
19.227,0,0,40,0,140,0
19.239,0,0,40,0,140,0
19.268,0,0,40,0,140,0
19.284,0,0,40,0,140,0
19.301,0,0,40,0,140,0
19.326,0,0,40,0,140,0
19.351,0,0,40,0,140,0
19.376,0,0,40,0,140,0
19.393,0,0,40,0,140,0
19.406,0,0,40,0,140,0
19.422,0,0,40,0,140,0
19.439,0,0,40,0,140,0
19.456,0,0,40,0,140,0
19.467,0,0,40,0,140,0
19.480,0,0,40,0,140,0
19.492,0,0,40,0,140,0
19.506,0,0,40,0,140,0
19.522,0,0,40,0,140,0
19.531,0,0,40,0,140,0
19.539,0,0,40,0,140,0
19.555,0,0,40,0,140,0
19.567,0,0,40,0,140,0
19.580,0,0,40,0,140,0
19.590,0,0,40,0,140,0
19.605,0,0,40,0,140,0
19.621,0,0,40,0,140,0
19.638,0,0,40,0,140,0
19.654,0,0,40,0,140,0
19.662,0,0,40,0,140,0
19.687,0,0,40,0,140,0
19.692,0,0,40,0,140,0
19.703,0,0,40,0,140,0
19.712,0,0,40,0,140,0
19.722,0,0,40,0,140,0
19.737,0,0,40,0,140,0
19.745,0,0,40,0,140,0
19.762,0,0,40,0,140,0
19.780,0,0,40,0,140,0
19.789,0,0,40,0,140,0
19.796,0,0,40,0,140,0
19.811,0,0,40,0,140,0
19.820,0,0,40,0,140,0
19.828,0,0,40,0,140,0
19.838,0,0,40,0,140,0
19.853,0,0,40,0,140,0
19.869,0,0,40,0,140,0
19.895,0,0,40,0,140,0
19.903,0,0,40,0,140,0
19.925,0,0,40,0,140,0
19.942,0,0,40,0,140,0
19.951,0,0,40,0,140,0
19.958,0,0,40,0,140,0
19.974,0,0,40,0,150,0
19.990,0,0,40,0,150,0
20.006,0,0,40,0,150,0
20.022,0,0,40,0,150,0
20.038,0,0,40,0,150,0
20.054,0,0,40,0,150,0
20.070,0,0,40,0,150,0
20.086,0,0,40,0,150,0
20.101,0,0,40,0,150,0
20.117,0,0,40,0,150,0
20.133,0,0,40,0,150,0
20.149,0,0,40,0,150,0
20.165,0,0,40,0,150,0
20.181,0,0,40,0,150,0
20.197,0,0,40,0,150,0
20.213,0,0,40,0,150,0
20.225,0,0,40,0,150,0
20.245,0,0,40,0,150,0
20.250,0,0,40,0,150,0
20.261,0,0,40,0,150,0
20.277,0,0,40,0,150,0
20.281,0,0,40,0,150,0
20.308,0,0,40,0,160,0
20.318,0,0,40,0,160,0
20.340,0,0,40,0,160,0
20.356,0,0,40,0,160,0
20.372,0,0,40,0,160,0
20.388,0,0,40,0,160,0
20.399,0,0,40,0,160,0
20.420,0,0,40,0,160,0
20.431,0,0,40,0,160,0
20.451,0,0,40,0,160,0
20.466,0,0,40,0,160,0
20.483,0,0,40,0,160,0
20.494,0,0,40,0,160,0
20.515,0,0,40,0,160,0
20.531,0,0,40,0,160,0
20.547,0,0,40,0,160,0
20.563,0,0,40,0,160,0
20.579,0,0,40,0,160,0
20.595,0,0,40,0,160,0
20.610,0,0,40,0,160,0
20.620,0,0,40,0,160,0
20.629,0,0,40,0,170,0
20.643,0,0,40,0,170,0
20.647,0,0,40,0,170,0
20.658,0,0,40,0,170,0
20.675,0,0,40,0,170,0
20.682,0,0,40,0,170,0
20.691,0,0,40,0,170,0
20.706,0,0,40,0,170,0
20.712,0,0,40,0,170,0
20.727,0,0,40,0,170,0
20.739,0,0,40,0,170,0
20.755,0,0,40,0,170,0
20.771,0,0,40,0,170,0
20.775,0,0,40,0,170,0
20.787,0,0,40,0,170,0
20.818,0,0,40,0,170,0
20.830,0,0,40,0,170,0
20.850,0,0,40,0,170,0
20.866,0,0,40,0,170,0
20.871,0,0,40,0,170,0
20.898,0,0,40,0,170,0
20.914,0,0,40,0,170,0
20.930,0,0,40,0,170,0
20.935,0,0,40,0,170,0
20.962,0,0,40,0,170,0
20.977,0,0,40,0,180,0
20.993,0,0,40,0,180,0
21.002,0,0,40,0,180,0
21.025,0,0,40,0,180,0
21.041,0,0,40,0,180,0
21.057,0,0,40,0,180,0
21.072,0,0,40,0,180,0
21.077,0,0,40,0,180,0
21.104,0,0,40,0,180,0
21.110,0,0,40,0,180,0
21.121,0,0,40,0,180,0
21.136,0,0,40,0,180,0
21.142,0,0,40,0,180,0
21.152,0,0,40,0,180,0
21.168,0,0,40,0,180,0
21.173,0,0,40,0,180,0
21.184,0,0,40,0,180,0
21.200,0,0,40,0,180,0
21.205,0,0,40,0,180,0
21.222,0,0,40,0,180,0
21.232,0,0,40,0,180,0
21.237,0,0,40,0,180,0
21.248,0,0,40,0,180,0
21.265,0,0,40,0,180,0
21.281,0,0,40,0,180,0
21.297,0,0,40,0,190,0
21.312,0,0,40,0,190,0
21.328,0,0,40,0,190,0
21.333,0,0,40,0,190,0
21.348,0,0,40,0,190,0
21.360,0,0,40,0,190,0
21.376,0,0,40,0,190,0
21.392,0,0,40,0,190,0
21.408,0,0,40,0,190,0
21.424,0,0,0,0,190,0
21.440,0,0,0,0,190,0
21.456,0,0,0,0,190,0
21.472,0,0,0,0,190,0
21.488,0,0,0,0,190,0
21.504,0,0,0,0,190,0
21.520,0,0,0,0,190,0
21.536,0,0,0,0,190,0
21.552,0,0,0,0,190,0
21.565,0,0,0,0,190,0
21.584,0,0,0,0,190,0
21.589,0,0,0,0,190,0
21.616,0,0,0,0,190,0
21.632,0,0,0,0,200,0
21.649,0,0,0,0,200,0
21.665,0,0,0,0,200,0
21.680,0,0,0,0,200,0
21.696,0,0,0,0,200,0
21.712,0,0,0,0,200,0
21.728,0,0,0,0,200,0
21.744,0,0,0,0,200,0
21.760,0,0,0,0,200,0
21.776,0,0,0,0,200,0
21.792,0,0,0,0,200,0
21.808,0,0,0,0,200,0
21.823,0,0,0,0,200,0
21.839,0,0,0,0,200,0
21.855,0,0,0,0,200,0
21.871,0,0,0,0,200,0
21.887,0,0,0,0,200,0
21.903,0,0,0,0,200,0
21.919,0,0,0,0,200,0
21.936,0,0,0,0,200,0
21.952,0,0,0,0,200,0
21.967,0,0,0,0,200,0
21.983,0,0,0,0,200,0
21.999,0,0,0,0,200,0
22.015,0,0,0,0,200,0
22.031,0,0,0,0,200,0
22.036,0,-40,0,0,200,0
22.064,0,-40,0,0,200,0
22.075,0,-40,0,0,200,0
22.094,0,-40,0,0,210,0
22.110,0,-40,0,0,210,0
22.126,0,-40,0,0,210,0
22.142,0,-40,0,0,210,0
22.157,0,-40,0,0,210,0
22.173,0,-40,0,0,210,0
22.189,0,-40,0,0,210,0
22.205,0,-40,0,0,210,0
22.230,0,-40,0,0,210,0
22.254,0,-40,0,0,210,0
22.270,0,-40,0,0,210,0
22.302,0,-40,0,0,210,0
22.318,0,-40,0,0,210,0
22.334,0,-40,0,0,210,0
22.348,0,-40,0,0,210,0
22.353,0,-40,0,0,210,0
22.381,0,-40,0,0,210,0
22.397,0,-40,0,0,210,0
22.413,0,-40,0,0,210,0
22.429,0,-40,0,0,210,0
22.445,0,-40,0,0,210,0
22.461,0,-40,0,0,210,0
22.477,0,-40,0,0,210,0
22.493,0,-40,0,0,210,0
22.525,0,-40,0,0,210,0
22.541,0,-40,0,0,210,0
22.557,0,-40,0,0,210,0
22.573,0,-40,0,0,210,0
22.589,0,-40,0,0,210,0
22.605,0,-40,0,0,210,0
22.620,0,-40,0,0,210,0
22.627,0,-40,0,0,210,0
22.652,0,-40,0,0,210,0
22.662,0,-40,0,0,210,0
22.685,0,-40,0,0,210,0
22.694,0,-40,0,0,210,0
22.710,0,-40,0,0,210,0
22.714,0,-40,0,0,210,0
22.741,0,-40,0,0,210,0
22.757,0,-40,0,0,210,0
22.773,0,-40,0,0,210,0
22.789,0,-40,0,0,210,0
22.795,0,-40,0,0,210,0
22.821,0,-40,0,0,210,0
22.837,0,-40,0,0,210,0
22.853,0,-40,0,0,200,0
22.869,0,-40,0,0,200,0
22.885,0,-40,0,0,200,0
22.890,0,-40,0,0,200,0
22.909,0,-40,0,0,200,0
22.920,0,-40,0,0,200,0
22.932,0,-40,0,0,200,0
22.957,0,-40,0,0,200,0
22.973,0,-40,0,0,200,0
22.978,0,-40,0,0,200,0
23.005,0,-40,0,0,200,0
23.021,0,-40,0,0,200,0
23.037,0,-40,0,0,200,0
23.047,0,-40,0,0,200,0
23.062,0,-40,0,0,200,0
23.085,0,-40,0,0,200,0
23.102,0,-40,0,0,200,0
23.109,0,-40,0,0,200,0
23.114,0,-40,0,0,200,0
23.141,0,-40,0,0,200,0
23.146,0,-40,0,0,200,0
23.173,0,-40,0,0,200,0
23.178,0,-40,0,0,200,0
23.205,0,-40,0,0,200,0
23.221,0,-40,0,0,200,0
23.237,0,-40,0,0,200,0
23.242,0,-40,0,0,200,0
23.269,0,-40,0,0,200,0
23.276,0,-40,0,0,200,0
23.288,0,-40,0,0,200,0
23.301,0,-40,0,0,200,0
23.317,0,-40,0,0,200,0
23.326,0,-40,0,0,200,0
23.341,0,-40,0,0,200,0
23.346,0,-40,0,0,200,0
23.357,0,-40,0,0,200,0
23.374,0,-40,0,0,200,0
23.380,0,-40,0,0,200,0
23.400,0,-40,0,0,200,0
23.417,0,-40,0,0,200,0
23.441,0,-40,0,0,200,0
23.446,0,-40,0,0,200,0
23.457,0,-40,0,0,200,0
23.473,0,-40,0,0,200,0
23.478,0,-40,0,0,200,0
23.505,0,-40,0,0,200,0
23.512,0,-40,0,0,200,0
23.521,0,-40,0,0,200,0
23.537,0,-40,0,0,200,0
23.542,0,-40,0,0,200,0
23.569,0,-40,0,0,200,0
23.581,0,-40,0,0,200,0
23.601,0,-40,0,0,200,0
23.617,0,-40,0,0,200,0
23.634,0,-40,0,0,200,0
23.649,0,-40,0,0,200,0
23.665,0,-40,0,0,200,0
23.671,0,-40,0,0,200,0
23.697,0,-40,0,0,200,0
23.713,0,-40,0,0,200,0
23.729,0,-40,0,0,200,0
23.745,0,-40,0,0,200,0
23.761,0,-40,0,0,200,0
23.777,0,-40,0,0,200,0
23.793,0,-40,0,0,200,0
23.809,0,-40,0,0,200,0
23.825,0,-40,0,0,200,0
23.841,0,-40,0,0,200,0
23.846,0,-40,0,0,200,0
23.873,0,-40,0,0,200,0
23.878,0,-40,0,0,200,0
23.905,0,-40,0,0,200,0
23.910,0,-40,0,0,200,0
23.937,0,-40,0,0,200,0
23.942,0,-40,0,0,200,0
23.952,0,-40,0,0,200,0
23.968,0,-40,0,0,200,0
23.977,0,-40,0,0,200,0
24.000,0,-40,0,0,200,0
24.006,0,-40,0,0,200,0
24.032,0,-40,0,0,200,0
24.049,0,-40,0,0,200,0
24.065,0,-40,0,0,200,0
24.072,0,-40,0,0,200,0
24.097,0,-40,0,0,200,0
24.102,0,-40,0,0,200,0
24.129,0,-40,0,0,200,0
24.144,0,-40,0,0,200,0
24.155,0,-40,0,0,200,0
24.176,0,-40,0,0,200,0
24.192,0,-40,0,0,200,0
24.208,0,-40,0,0,200,0
24.224,0,-40,0,0,200,0
24.240,0,-40,0,0,200,0
24.256,0,-40,0,0,200,0
24.272,0,-40,0,0,200,0
24.284,0,-40,0,0,200,0
24.304,0,-40,0,0,200,0
24.314,0,-40,0,0,200,0
24.321,0,-40,0,0,200,0
24.336,0,-40,0,0,200,0
24.347,0,-40,0,0,200,0
24.368,0,-40,0,0,200,0
24.373,0,-40,0,0,200,0
24.384,0,-40,0,0,200,0
24.400,0,-40,0,0,200,0
24.405,0,-40,0,0,200,0
24.432,0,-40,0,0,200,0
24.437,0,-40,0,0,200,0
24.448,0,-40,0,0,200,0
24.464,0,-40,0,0,200,0
24.468,0,-40,0,0,200,0
24.480,0,-40,0,0,200,0
24.495,0,-40,0,0,200,0
24.511,0,-40,0,0,200,0
24.527,0,-40,0,0,200,0
24.538,0,-40,0,0,200,0
24.559,0,-40,0,0,200,0
24.575,0,-40,0,0,200,0
24.591,0,-40,0,0,200,0
24.606,0,-40,0,0,200,0
24.623,0,-40,0,0,200,0
24.637,0,-40,0,0,200,0
24.643,0,-40,0,0,200,0
24.657,0,-40,0,0,200,0
24.666,0,-40,0,0,200,0
24.671,0,-40,0,0,200,0
24.682,0,-40,0,0,200,0
24.698,0,-40,0,0,200,0
24.703,0,-40,0,0,200,0
24.730,0,-40,0,0,200,0
24.735,0,-40,0,0,200,0
24.746,0,-40,0,0,200,0
24.757,0,-40,0,0,200,0
24.778,0,-40,0,0,200,0
24.793,0,-40,0,0,200,0
24.799,0,-40,0,0,200,0
24.809,0,-40,0,0,200,0
24.825,0,-40,0,0,200,0
24.841,0,-40,0,0,200,0
24.857,0,-40,0,0,200,0
24.873,0,-40,0,0,200,0
24.889,0,-40,0,0,200,0
24.896,0,-40,0,0,200,0
24.921,0,-40,0,0,200,0
24.937,0,-40,0,0,200,0
24.953,0,-40,0,0,200,0
24.969,0,-40,0,0,200,0
24.985,0,-40,0,0,200,0
25.001,0,-40,0,0,200,0
25.013,0,-40,0,0,200,0
25.032,0,-40,0,0,200,0
25.048,0,-40,0,0,200,0
25.064,0,-40,0,0,210,0
25.080,0,-40,0,0,210,0
25.096,0,-40,0,0,210,0
25.112,0,-40,0,0,210,0
25.128,0,-40,0,0,210,0
25.132,0,-40,0,0,210,0
25.159,0,-40,0,0,210,0
25.164,0,-40,0,0,210,0
25.175,0,-40,0,0,210,0
25.191,0,-40,0,0,210,0
25.196,0,-40,0,0,210,0
25.207,0,-40,0,0,210,0
25.224,0,-40,0,0,210,0
25.229,0,-40,0,0,210,0
25.239,0,-40,0,0,210,0
25.255,0,-40,0,0,210,0
25.260,0,-40,0,0,210,0
25.287,0,-40,0,0,210,0
25.304,0,-40,0,0,210,0
25.318,0,-40,0,0,210,0
25.334,0,-40,0,0,210,0
25.350,0,-40,0,0,210,0
25.366,0,-40,0,0,210,0
25.383,0,-40,0,0,210,0
25.393,0,-40,0,0,210,0
25.398,0,-40,0,0,210,0
25.411,0,0,0,0,210,0
25.430,0,0,0,0,210,0
25.446,0,0,0,0,210,0
25.462,0,0,0,0,210,0
25.478,0,0,0,0,210,0
25.494,0,0,0,0,210,0
25.510,0,0,0,0,210,0
25.526,0,0,0,0,210,0
25.542,0,0,0,0,210,0
25.558,0,0,0,0,210,0
25.573,0,0,0,0,210,0
25.589,0,0,0,0,210,0
25.604,0,0,0,0,210,0
25.620,0,0,0,0,210,0
25.637,0,0,0,0,210,0
25.653,0,0,0,0,210,0
25.669,0,0,0,0,210,0
25.685,0,0,0,0,210,0
25.716,0,0,0,0,210,0
25.732,0,0,0,0,210,0
25.748,0,0,0,0,210,0
25.764,0,0,0,0,210,0
25.780,0,0,0,0,210,0
25.797,0,0,0,0,210,0
25.813,0,0,0,0,210,0
25.829,0,0,0,0,210,0
25.845,0,0,0,0,210,0
25.861,0,0,0,0,210,0
25.878,0,0,0,0,210,0
25.893,0,0,0,0,210,0
25.909,0,0,0,0,210,0
25.925,0,0,0,0,210,0
25.941,0,0,40,0,210,0
25.956,0,0,40,0,210,0
25.973,0,0,40,0,210,0
25.989,0,0,40,0,210,0
26.004,0,0,40,0,210,0
26.020,0,0,40,0,210,0
26.036,0,0,40,0,210,0
26.052,0,0,40,0,210,0
26.068,0,0,40,0,210,0
26.082,0,0,40,0,210,0
26.100,0,0,40,0,210,0
26.116,0,0,40,0,210,0
26.132,0,0,40,0,210,0
26.148,0,0,40,0,210,0
26.164,0,0,40,0,210,0
26.180,0,0,40,0,210,0
26.196,0,0,40,0,210,0
26.212,0,0,40,0,210,0
26.228,0,0,40,0,210,0
26.244,0,0,40,0,210,0
26.260,0,0,40,0,210,0
26.276,0,0,40,0,210,0
26.292,0,0,40,0,200,0
26.308,0,0,40,0,200,0
26.324,0,0,40,0,200,0
26.340,0,0,40,0,200,0
26.357,0,0,40,0,200,0
26.374,0,0,40,0,200,0
26.388,0,0,40,0,200,0
26.404,0,0,40,0,200,0
26.420,0,0,40,0,200,0
26.433,0,0,40,0,200,0
26.451,0,0,40,0,200,0
26.468,0,0,40,0,200,0
26.483,0,0,40,0,200,0
26.495,0,0,40,0,200,0
26.517,0,0,40,0,200,0
26.529,0,0,40,0,200,0
26.547,0,0,40,0,200,0
26.563,0,0,40,0,200,0
26.579,0,0,40,0,200,0
26.590,0,0,40,0,200,0
26.595,0,0,40,0,200,0
26.611,0,0,40,0,200,0
26.616,0,0,40,0,200,0
26.627,0,0,40,0,210,0
26.643,0,0,40,0,210,0
26.654,0,0,40,0,210,0
26.675,0,0,40,0,210,0
26.681,0,0,40,0,210,0
26.693,0,0,40,0,210,0
26.707,0,0,40,0,210,0
26.712,0,0,40,0,210,0
26.723,0,0,40,0,210,0
26.739,0,0,40,0,210,0
26.744,0,0,40,0,210,0
26.771,0,0,40,0,210,0
26.776,0,0,40,0,210,0
26.803,0,0,40,0,210,0
26.809,0,0,40,0,210,0
26.819,0,0,40,0,210,0
26.835,0,0,40,0,210,0
26.846,0,0,40,0,210,0
26.851,0,0,40,0,210,0
26.867,0,0,40,0,210,0
26.883,0,0,40,0,210,0
26.898,0,0,40,0,210,0
26.904,0,0,40,0,210,0
26.931,0,0,40,0,210,0
26.946,0,0,40,0,210,0
26.962,0,0,40,0,210,0
26.978,0,0,40,0,210,0
26.994,0,0,40,0,210,0
27.010,0,0,40,0,210,0
27.027,0,0,40,0,210,0
27.043,0,0,40,0,210,0
27.059,0,0,40,0,210,0
27.074,0,0,40,0,210,0
27.085,0,0,40,0,220,0
27.106,0,0,40,0,220,0
27.111,0,0,40,0,220,0
27.122,0,0,40,0,220,0
27.138,0,0,40,0,220,0
27.144,0,0,40,0,220,0
27.154,0,0,40,0,220,0
27.169,0,0,40,0,220,0
27.175,0,0,40,0,220,0
27.185,0,0,40,0,220,0
27.201,0,0,40,0,220,0
27.213,0,0,40,0,220,0
27.233,0,0,40,0,220,0
27.249,0,0,40,0,220,0
27.265,0,0,40,0,220,0
27.275,0,0,40,0,220,0
27.297,0,0,40,0,220,0
27.312,0,0,40,0,230,0
27.328,0,0,40,0,230,0
27.344,0,0,40,0,230,0
27.360,0,0,40,0,230,0
27.376,0,0,40,0,230,0
27.392,0,0,40,0,230,0
27.408,0,0,40,0,230,0
27.424,0,0,40,0,230,0
27.440,0,0,40,0,230,0
27.455,0,0,40,0,230,0
27.472,0,0,40,0,230,0
27.488,0,0,40,0,230,0
27.504,0,0,40,0,230,0
27.520,0,0,40,0,240,0
27.535,0,0,40,0,240,0
27.540,0,0,40,0,240,0
27.567,0,0,40,0,240,0
27.578,0,0,40,0,240,0
27.599,0,0,40,0,240,0
27.604,0,0,40,0,240,0
27.631,0,0,40,0,240,0
27.642,0,0,40,0,240,0
27.662,0,0,40,0,240,0
27.674,0,0,40,0,240,0
27.679,0,0,40,0,240,0
27.694,0,0,40,0,240,0
27.710,0,0,40,0,240,0
27.726,0,0,40,0,240,0
27.742,0,0,40,0,240,0
27.759,0,0,40,0,240,0
27.774,0,0,40,0,240,0
27.789,0,0,40,0,240,0
27.806,0,0,40,0,240,0
27.821,0,0,40,0,240,0
27.833,0,0,40,0,240,0
27.849,0,0,40,0,240,0
27.870,0,0,40,0,250,0
27.885,0,0,40,0,250,0
27.901,0,0,40,0,250,0
27.917,0,0,40,0,250,0
27.933,0,0,40,0,250,0
27.949,0,0,40,0,250,0
27.965,0,0,40,0,250,0
27.981,0,0,40,0,250,0
27.997,0,0,40,0,250,0
28.002,0,0,40,0,250,0
28.012,0,0,40,0,250,0
28.029,0,0,40,0,250,0
28.034,0,0,40,0,250,0
28.045,0,0,40,0,250,0
28.061,0,0,40,0,250,0
28.066,0,0,40,0,250,0
28.093,0,0,40,0,260,0
28.097,0,0,40,0,260,0
28.125,0,0,40,0,260,0
28.141,0,0,40,0,260,0
28.157,0,0,40,0,260,0
28.173,0,0,40,0,260,0
28.190,0,0,40,0,260,0
28.201,0,0,40,0,260,0
28.222,0,0,40,0,260,0
28.227,0,0,40,0,260,0
28.238,0,0,40,0,260,0
28.254,0,0,40,0,260,0
28.270,0,0,40,0,260,0
28.286,0,0,40,0,260,0
28.302,0,0,40,0,260,0
28.318,0,0,40,0,260,0
28.334,0,0,40,0,260,0
28.351,0,0,40,0,260,0
28.365,0,0,40,0,260,0
28.381,0,0,40,0,260,0
28.397,0,0,40,0,260,0
28.403,0,0,40,0,260,0
28.429,0,0,40,0,270,0
28.445,0,0,40,0,270,0
28.461,0,0,40,0,270,0
28.476,0,0,40,0,270,0
28.493,0,0,40,0,270,0
28.497,0,0,40,0,270,0
28.509,0,0,40,0,270,0
28.526,0,0,40,0,270,0
28.531,0,0,40,0,270,0
28.541,0,0,40,0,270,0
28.557,0,0,40,0,270,0
28.564,0,0,40,0,270,0
28.575,0,0,40,0,270,0
28.589,0,0,40,0,270,0
28.598,0,0,40,0,270,0
28.621,0,0,40,0,270,0
28.637,0,0,40,0,270,0
28.653,0,0,40,0,270,0
28.658,0,0,40,0,270,0
28.669,0,0,40,0,270,0
28.685,0,0,40,0,270,0
28.697,0,0,40,0,270,0
28.716,0,0,40,0,270,0
28.731,0,0,40,0,270,0
28.743,0,0,40,0,270,0
28.763,0,0,40,0,280,0
28.778,0,0,40,0,280,0
28.791,0,0,40,0,280,0
28.810,0,0,40,0,280,0
28.826,0,0,40,0,280,0
28.842,0,0,40,0,280,0
28.860,0,0,40,0,280,0
28.871,0,0,40,0,280,0
28.890,0,0,40,0,280,0
28.906,0,0,40,0,280,0
28.922,0,0,40,0,280,0
28.934,0,0,40,0,280,0
28.955,0,0,40,0,280,0
28.959,0,0,40,0,280,0
28.971,0,0,40,0,280,0
28.987,0,0,40,0,280,0
28.994,0,0,40,0,280,0
29.018,0,0,40,0,280,0
29.023,0,0,40,0,280,0
29.034,0,0,40,0,280,0
29.049,0,0,40,0,280,0
29.054,0,0,40,0,280,0
29.065,0,0,40,0,280,0
29.082,0,0,40,0,280,0
29.088,0,0,40,0,280,0
29.098,0,0,40,0,280,0
29.114,0,0,40,0,280,0
29.118,0,0,40,0,280,0
29.145,0,0,40,0,280,0
29.161,0,0,40,0,280,0
29.177,0,0,40,0,280,0
29.193,0,0,40,0,290,0
29.209,0,0,40,0,290,0
29.226,0,0,40,0,290,0
29.241,0,0,40,0,290,0
29.257,0,0,40,0,290,0
29.273,0,0,40,0,290,0
29.289,0,0,40,0,290,0
29.305,0,0,40,0,290,0
29.317,0,0,40,0,290,0
29.337,0,0,40,0,290,0
29.353,0,0,40,0,290,0
29.369,0,0,40,0,290,0
29.385,0,0,40,0,290,0
29.401,0,0,40,0,290,0
29.417,0,0,40,0,290,0
29.423,0,0,40,0,290,0
29.433,0,0,40,0,290,0
29.449,0,0,40,0,290,0
29.455,0,0,40,0,290,0
29.465,0,0,40,0,290,0
29.481,0,0,40,0,290,0
29.492,0,0,40,0,290,0
29.497,0,0,40,0,290,0
29.512,0,0,40,0,290,0
29.517,0,0,40,0,290,0
29.528,0,0,40,0,290,0
29.544,0,0,40,0,290,0
29.549,0,0,40,0,290,0
29.560,0,0,40,0,290,0
29.576,0,0,40,0,290,0
29.592,0,0,40,0,290,0
29.609,0,0,40,0,290,0
29.617,0,0,40,0,290,0
29.641,0,0,40,0,290,0
29.657,0,0,40,0,300,0
29.672,0,0,40,0,300,0
29.680,0,0,40,0,300,0
29.704,0,0,40,0,300,0
29.709,0,0,40,0,300,0
29.720,0,0,40,0,300,0
29.736,0,0,40,0,300,0
29.754,0,0,40,0,300,0
29.760,0,0,40,0,300,0
29.783,0,0,40,0,300,0
29.793,0,0,40,0,300,0
29.811,0,0,0,0,300,0
29.831,0,0,0,0,300,0
29.847,0,0,0,0,300,0
29.863,0,0,0,0,300,0
29.880,0,0,0,0,300,0
29.895,0,0,0,0,300,0
29.911,0,0,0,0,300,0
29.927,0,0,0,0,300,0
29.943,0,0,0,0,300,0
29.958,0,0,0,0,300,0
29.974,0,0,0,0,310,0
29.991,0,0,0,0,310,0
30.007,0,0,0,0,310,0
30.023,0,0,0,0,310,0
30.039,0,0,0,0,310,0
30.055,0,0,0,0,310,0
30.071,0,0,0,0,310,0
30.087,0,0,0,0,310,0
30.103,0,0,0,0,310,0
30.119,0,0,0,0,310,0
30.135,0,0,0,0,310,0
30.151,0,0,0,0,310,0
30.167,0,0,0,0,310,0
30.183,0,0,0,0,310,0
30.199,0,0,0,0,310,0
30.215,0,0,0,0,320,0
30.232,0,0,0,0,320,0
30.243,0,0,0,0,320,0
30.263,0,0,0,0,320,0
30.279,0,0,0,0,320,0
30.295,0,0,0,0,320,0
30.311,0,0,0,0,320,0
30.327,0,0,0,0,320,0
30.343,0,0,0,0,320,0
30.359,0,0,0,0,320,0
30.375,0,0,0,0,320,0
30.391,0,0,0,0,320,0
30.396,0,0,0,0,320,0
30.422,0,0,0,0,320,0
30.439,0,0,0,0,320,0
30.455,0,0,0,0,320,0
30.470,0,0,0,0,320,0
30.487,0,0,0,0,320,0
30.502,0,0,0,0,320,0
30.518,0,0,0,0,320,0
30.534,0,0,0,0,320,0
30.550,0,0,0,0,320,0
30.566,0,0,0,0,320,0
30.582,0,0,0,0,320,0
30.598,0,0,0,0,320,0
30.614,0,0,0,0,320,0
30.630,0,0,0,0,320,0
30.646,0,0,0,0,320,0
30.662,0,0,0,0,320,0
30.678,0,0,0,0,320,0
30.694,0,0,0,0,320,0
30.710,0,0,0,0,320,0
30.726,0,0,0,0,320,0
30.742,0,0,0,0,320,0
30.759,0,0,0,0,320,0
30.774,0,0,0,0,320,0
30.790,0,0,0,0,320,0
30.806,0,0,0,0,320,0
30.822,0,0,0,0,320,0
30.838,0,0,0,0,320,0
30.854,0,0,0,0,320,0
30.870,0,0,0,0,320,0
30.886,0,0,0,0,310,0
30.901,0,0,0,0,310,0
30.917,0,0,0,0,310,0
30.933,0,0,0,0,310,0
30.949,0,0,0,0,310,0
30.964,0,0,0,0,310,0
30.981,0,0,0,0,310,0
30.997,0,0,0,0,310,0
31.013,0,0,0,0,310,0
31.029,0,0,0,0,310,0
31.045,0,0,0,0,310,0
31.061,0,0,0,0,310,0
31.077,0,0,0,0,310,0
31.093,0,0,0,0,310,0
31.109,0,0,0,0,310,0
31.124,0,0,0,0,310,0
31.142,0,0,0,0,310,0
31.157,0,0,0,0,310,0
31.173,0,0,0,0,310,0
31.189,0,0,0,0,310,0
31.205,0,0,0,0,310,0
31.221,0,0,0,0,310,0
31.237,0,0,0,0,310,0
31.253,0,0,0,0,310,0
31.269,0,0,0,0,310,0
31.285,0,0,0,0,310,0
31.301,0,0,0,0,310,0
31.318,0,0,0,0,310,0
31.334,0,0,0,0,310,0
31.350,0,0,0,0,310,0
31.366,0,0,0,0,310,0
31.382,0,0,0,0,310,0
31.400,0,0,0,0,310,0
31.414,0,0,0,0,310,0
31.419,0,0,0,0,310,0
31.445,0,0,0,0,310,0
31.461,0,0,0,0,310,0
31.477,0,0,0,0,310,0
31.493,0,0,0,0,310,0
31.510,0,0,0,0,310,0
31.525,0,0,0,0,310,0
31.541,0,0,0,0,310,0
31.557,0,0,0,0,310,0
31.573,0,0,0,0,310,0
31.589,0,0,0,0,310,0
31.605,0,0,0,0,310,0
31.621,0,0,0,0,310,0
31.637,0,0,0,0,310,0
31.654,0,0,0,0,310,0
31.668,0,0,0,0,310,0
31.684,0,0,0,0,310,0
31.700,0,0,0,0,310,0
31.716,0,0,0,0,310,0
31.732,0,0,0,0,310,0
31.737,0,0,0,0,310,0
31.764,0,0,0,0,310,0
31.780,0,0,0,0,310,0
31.796,0,0,0,0,310,0
31.812,0,0,0,0,310,0
31.827,0,0,0,0,310,0
31.843,0,0,0,0,310,0
31.859,0,0,0,0,310,0
31.875,0,0,0,0,310,0
31.891,0,0,0,0,310,0
31.907,0,0,0,0,310,0
31.923,0,0,0,0,310,0
31.939,0,0,0,0,310,0
31.955,0,0,0,0,310,0
31.971,0,0,0,0,310,0
31.988,0,0,0,0,320,0
32.004,0,0,0,0,320,0
32.020,0,0,0,0,320,0
32.036,0,0,0,0,320,0
32.052,0,0,0,0,320,0
32.068,0,0,0,0,320,0
32.083,0,0,0,0,320,0
32.099,0,0,0,0,320,0
32.115,0,0,0,0,320,0
32.132,0,0,0,0,320,0
32.147,0,0,0,0,320,0
32.163,0,0,0,0,320,0
32.179,0,0,0,0,320,0
32.190,0,0,0,0,320,0
32.211,0,0,0,0,320,0
32.227,0,0,0,0,320,0
32.243,0,0,0,0,320,0
32.259,0,0,0,0,320,0
32.275,0,0,0,0,320,0
32.291,0,0,0,0,320,0
32.307,0,0,0,0,320,0
32.323,0,0,0,0,320,0
32.339,0,0,0,0,320,0
32.355,0,0,0,0,320,0
32.371,0,0,0,0,320,0
32.387,0,0,0,0,320,0
32.403,0,0,0,0,320,0
32.419,0,0,0,0,320,0
32.437,0,0,0,0,320,0
32.451,0,0,0,0,320,0
32.467,0,0,0,0,320,0
32.482,0,0,0,0,320,0
32.499,0,0,0,0,320,0
32.514,0,0,0,0,320,0
32.519,0,0,0,0,320,0
32.546,0,0,0,0,320,0
32.562,0,0,0,0,320,0
32.578,0,0,0,0,320,0
32.594,0,0,0,0,320,0
32.610,0,0,0,0,320,0
32.626,0,0,0,0,320,0
32.643,0,0,0,0,320,0
32.659,0,0,0,0,320,0
32.674,0,0,0,0,320,0
32.690,0,0,0,0,320,0
32.706,0,0,0,0,320,0
32.722,0,0,0,0,320,0
32.738,0,0,0,0,320,0
32.753,0,0,0,0,320,0
32.770,0,0,0,0,320,0
32.786,0,0,0,0,320,0
32.802,0,0,0,0,320,0
32.818,0,0,0,0,320,0
32.834,0,0,0,0,320,0
32.850,0,0,0,0,320,0
32.866,0,0,0,0,320,0
32.882,0,0,0,0,320,0
32.914,0,0,0,0,320,0
32.930,0,0,0,0,320,0
32.946,0,0,0,0,320,0
32.962,0,0,0,0,320,0
32.978,0,0,0,0,320,0
32.994,0,0,0,0,320,0
33.010,0,0,0,0,320,0
33.026,0,0,0,0,320,0
33.042,0,0,0,0,320,0
33.058,0,0,0,0,320,0
33.074,0,0,0,0,320,0
33.090,0,0,0,0,320,0
33.106,0,0,0,0,320,0
33.122,0,0,0,0,320,0
33.138,0,0,0,0,320,0
33.153,0,0,0,0,320,0
33.169,0,0,0,0,320,0
33.185,0,0,0,0,320,0
33.201,0,0,0,0,320,0
33.217,0,0,0,0,320,0
33.233,0,0,0,0,310,0
33.249,0,0,0,0,310,0
33.265,0,0,0,0,310,0
33.281,0,0,0,0,310,0
33.297,0,0,0,0,310,0
33.303,0,0,0,0,310,0
33.329,0,0,0,0,310,0
33.345,0,0,0,0,310,0
33.362,0,0,0,0,310,0
33.376,0,0,0,0,310,0
33.392,0,0,0,0,310,0
33.409,0,0,0,0,310,0
33.425,0,0,0,0,310,0
33.441,0,0,0,0,310,0
33.457,0,0,0,0,310,0
33.473,0,0,0,0,310,0
33.489,0,0,0,0,310,0
33.505,0,0,0,0,310,0
33.521,0,0,0,0,310,0
33.537,0,0,0,0,310,0
33.555,0,0,0,0,310,0
33.569,0,0,0,0,310,0
33.586,0,0,0,0,310,0
33.603,0,0,0,0,310,0
33.617,0,0,0,0,310,0
33.649,0,0,0,0,310,0
33.665,0,0,0,0,310,0
33.681,0,0,0,0,310,0
33.697,0,0,0,0,310,0
33.713,0,0,0,0,310,0
33.729,0,0,0,0,310,0
33.745,0,0,0,0,310,0
33.761,0,0,0,0,310,0
33.777,0,0,0,0,310,0
33.793,0,0,0,0,310,0
33.809,0,0,0,0,310,0
33.825,0,0,0,0,310,0
33.841,0,0,0,0,310,0
33.857,0,0,0,0,310,0
33.873,0,0,0,0,310,0
33.889,0,0,0,0,310,0
33.905,0,0,0,0,310,0
33.921,0,0,0,0,310,0
33.937,0,0,0,0,310,0
33.953,0,0,0,0,310,0
33.970,0,0,0,0,310,0
33.985,0,0,0,0,310,0
34.001,0,0,0,0,310,0
34.017,0,0,0,0,310,0
34.033,0,0,0,0,310,0
34.049,0,0,0,0,310,0
34.065,0,0,0,0,310,0
34.080,0,0,0,0,310,0
34.096,0,0,0,0,310,0
34.112,0,0,0,0,310,0
34.128,0,0,0,0,320,0
34.144,0,0,0,0,320,0
34.161,0,0,0,0,320,0
34.175,0,0,0,0,320,0
34.192,0,0,0,0,320,0
34.208,0,0,0,0,320,0
34.224,0,0,0,0,320,0
34.240,0,0,0,0,320,0
34.256,0,0,0,0,320,0
34.272,0,0,0,0,320,0
34.290,0,0,0,0,320,0
34.304,0,0,0,0,320,0
34.318,0,0,0,0,320,0
34.336,0,0,0,0,320,0
34.352,0,0,0,0,320,0
34.368,0,0,0,0,320,0
34.384,0,0,0,0,320,0
34.400,0,0,0,0,320,0
34.416,0,0,0,0,320,0
34.431,0,0,0,0,320,0
34.447,0,0,0,0,320,0
34.462,0,0,0,0,320,0
34.478,0,0,0,0,320,0
34.495,0,0,0,0,320,0
34.511,0,0,0,0,320,0
34.527,0,0,0,0,320,0
34.543,0,0,0,0,320,0
34.559,0,0,0,0,320,0
34.576,0,0,0,0,320,0
34.591,0,0,0,0,320,0
34.607,0,0,0,0,320,0
34.623,0,0,0,0,320,0
34.639,0,0,0,0,320,0
34.655,0,0,0,0,320,0
34.671,0,0,0,0,320,0
34.687,0,0,0,0,320,0
34.703,0,0,0,0,320,0
34.719,0,0,0,0,320,0
34.735,0,0,0,0,320,0
34.751,0,0,0,0,320,0
34.767,0,0,0,0,320,0
34.783,0,0,0,0,320,0
34.799,0,0,40,0,320,0
34.815,0,0,40,0,320,0
34.831,0,0,40,0,320,0
34.847,0,0,40,0,320,0
34.863,0,0,40,0,320,0
34.878,0,0,40,0,320,0
34.895,0,0,40,0,320,0
34.911,0,0,40,0,320,0
34.927,0,0,40,0,320,0
34.943,0,0,40,0,320,0
34.959,0,0,40,0,320,0
34.975,0,0,40,0,320,0
34.991,0,0,40,0,320,0
35.007,0,0,40,0,320,0
35.023,0,0,40,0,320,0
35.039,0,0,40,0,320,0
35.055,0,0,40,0,320,0
35.071,0,0,40,0,320,0
35.087,0,0,40,0,320,0
35.103,0,0,40,0,320,0
35.120,0,0,40,0,320,0
35.136,0,0,40,0,320,0
35.152,0,0,40,0,320,0
35.168,0,0,40,0,320,0
35.184,0,0,40,0,320,0
35.199,0,0,40,0,320,0
35.215,0,0,40,0,320,0
35.232,0,0,40,0,320,0
35.248,0,0,40,0,320,0
35.264,0,0,40,0,320,0
35.280,0,0,40,0,320,0
35.296,0,0,40,0,320,0
35.312,0,0,40,0,320,0
35.330,0,0,40,0,320,0
35.346,0,0,40,0,320,0
35.358,0,0,40,0,320,0
35.375,0,0,40,0,320,0
35.386,0,0,40,0,320,0
35.391,0,0,40,0,320,0
35.407,0,0,40,0,320,0
35.412,0,0,40,0,320,0
35.423,0,0,40,0,320,0
35.439,0,0,40,0,320,0
35.444,0,0,40,0,320,0
35.455,0,0,40,0,320,0
35.471,0,0,40,0,320,0
35.477,0,0,40,0,320,0
35.503,0,0,40,0,320,0
35.509,0,0,40,0,320,0
35.520,0,0,40,0,320,0
35.536,0,0,40,0,320,0
35.542,0,0,40,0,320,0
35.552,0,0,40,0,320,0
35.568,0,0,40,0,330,0
35.584,0,0,40,0,330,0
35.600,0,0,40,0,330,0
35.616,0,0,40,0,330,0
35.632,0,0,40,0,330,0
35.648,0,0,40,0,330,0
35.663,0,0,40,0,330,0
35.675,0,0,40,0,330,0
35.696,0,0,40,0,330,0
35.712,0,0,40,0,330,0
35.727,0,0,40,0,330,0
35.743,0,0,40,0,330,0
35.760,0,0,40,0,330,0
35.776,0,0,40,0,330,0
35.792,0,0,40,0,330,0
35.807,0,0,40,0,330,0
35.823,0,0,40,0,330,0
35.839,0,0,40,0,330,0
35.844,0,0,40,0,330,0
35.855,0,0,40,0,330,0
35.871,0,0,40,0,330,0
35.876,0,0,40,0,330,0
35.887,0,0,40,0,330,0
35.903,0,0,40,0,340,0
35.914,0,0,40,0,340,0
35.935,0,0,40,0,340,0
35.940,0,0,40,0,340,0
35.951,0,0,40,0,340,0
35.968,0,0,40,0,340,0
35.972,0,0,40,0,340,0
35.983,0,0,40,0,340,0
36.000,0,0,40,0,340,0
36.006,0,0,40,0,340,0
36.016,0,0,40,0,340,0
36.031,0,0,40,0,340,0
36.036,0,0,40,0,340,0
36.063,0,0,40,0,340,0
36.069,0,0,40,0,340,0
36.094,0,0,40,0,340,0
36.110,0,0,40,0,340,0
36.128,0,0,40,0,350,0
36.136,0,0,40,0,350,0
36.143,0,0,40,0,350,0
36.158,0,0,40,0,350,0
36.169,0,0,40,0,350,0
36.190,0,0,40,0,350,0
36.206,0,0,40,0,350,0
36.222,0,0,40,0,350,0
36.238,0,0,40,0,350,0
36.254,0,0,40,0,350,0
36.270,0,0,40,0,350,0
36.285,0,0,40,0,350,0
36.302,0,0,40,0,350,0
36.307,0,0,40,0,350,0
36.317,0,0,40,0,350,0
36.334,0,0,40,0,350,0
36.343,0,0,40,0,350,0
36.364,0,0,40,0,350,0
36.377,0,0,40,0,350,0
36.396,0,0,40,0,350,0
36.401,0,0,40,0,350,0
36.413,0,0,40,0,350,0
36.429,0,0,40,0,350,0
36.434,0,0,40,0,350,0
36.445,0,0,40,0,350,0
36.460,0,0,40,0,350,0
36.466,0,0,40,0,360,0
36.492,0,0,40,0,360,0
36.508,0,0,40,0,360,0
36.524,0,0,40,0,360,0
36.529,0,0,40,0,360,0
36.556,0,0,40,0,360,0
36.574,0,0,40,0,360,0
36.588,0,0,40,0,360,0
36.604,0,0,40,0,360,0
36.619,0,0,40,0,360,0
36.635,0,0,40,0,360,0
36.651,0,0,40,0,360,0
36.667,0,0,40,0,360,0
36.672,0,0,40,0,360,0
36.699,0,0,40,0,370,0
36.712,0,0,40,0,370,0
36.731,0,0,40,0,370,0
36.737,0,0,40,0,370,0
36.747,0,0,40,0,370,0
36.763,0,0,40,0,370,0
36.773,0,0,40,0,370,0
36.795,0,0,40,0,370,0
36.809,0,0,40,0,380,0
36.826,0,0,40,0,380,0
36.832,0,0,40,0,380,0
36.842,0,0,40,0,380,0
36.859,0,0,40,0,380,0
36.864,0,0,40,0,380,0
36.876,0,0,40,0,380,0
36.890,0,0,40,0,380,0
36.906,0,0,40,0,380,0
36.922,0,0,40,0,380,0
36.938,0,0,40,0,380,0
36.954,0,0,40,0,380,0
36.969,0,0,40,0,380,0
36.976,0,0,40,0,380,0
37.002,0,0,40,0,380,0
37.017,0,0,40,0,380,0
37.033,0,0,40,0,380,0
37.049,0,0,40,0,380,0
37.054,0,0,40,0,380,0
37.081,0,0,40,0,380,0
37.098,0,0,40,0,380,0
37.114,0,0,40,0,380,0
37.129,0,0,40,0,380,0
37.145,0,0,40,0,380,0
37.162,0,0,40,0,380,0
37.178,0,0,40,0,380,0
37.194,0,0,40,0,380,0
37.210,0,0,40,0,380,0
37.226,0,0,40,0,380,0
37.231,0,0,40,0,380,0
37.242,0,0,40,0,380,0
37.258,0,0,40,0,380,0
37.262,0,0,40,0,380,0
37.274,0,0,40,0,380,0
37.290,0,0,40,0,380,0
37.295,0,0,40,0,380,0
37.306,0,0,40,0,380,0
37.322,0,0,40,0,380,0
37.327,0,0,40,0,380,0
37.338,0,0,40,0,380,0
37.354,0,0,40,0,380,0
37.360,0,0,40,0,380,0
37.370,0,0,40,0,380,0
37.386,0,0,40,0,380,0
37.401,0,0,40,0,380,0
37.418,0,0,40,0,380,0
37.433,0,0,40,0,380,0
37.449,0,0,40,0,380,0
37.467,0,0,40,0,390,0
37.481,0,0,40,0,390,0
37.492,0,0,40,0,390,0
37.499,0,0,40,0,390,0
37.528,0,0,40,0,390,0
37.538,0,0,40,0,390,0
37.560,0,0,40,0,390,0
37.576,0,0,40,0,390,0
37.591,0,0,40,0,390,0
37.608,0,0,40,0,390,0
37.623,0,0,40,0,390,0
37.639,0,0,40,0,390,0
37.655,0,0,40,0,390,0
37.662,0,0,40,0,390,0
37.671,0,0,40,0,390,0
37.687,0,0,40,0,390,0
37.692,0,0,40,0,390,0
37.719,0,0,40,0,390,0
37.724,0,0,40,0,390,0
37.735,0,0,40,0,390,0
37.751,0,0,40,0,390,0
37.756,0,0,40,0,390,0
37.767,0,0,40,0,390,0
37.783,0,0,40,0,390,0
37.792,0,0,40,0,390,0
37.815,0,0,40,0,390,0
37.831,0,0,40,0,390,0
37.847,0,0,40,0,390,0
37.864,0,0,40,0,390,0
37.880,0,0,40,0,390,0
37.892,0,0,0,0,390,0
37.911,0,0,0,0,390,0
37.927,0,0,0,0,390,0
37.943,0,0,0,0,390,0
37.959,0,0,0,0,390,0
37.975,0,0,0,0,390,0
37.991,0,0,0,0,390,0
38.008,0,0,0,0,390,0
38.023,0,0,0,0,390,0
38.040,0,0,0,0,390,0
38.056,0,0,0,0,390,0
38.072,0,0,0,0,390,0
38.088,0,0,0,0,390,0
38.104,0,0,0,0,390,0
38.120,0,0,0,0,390,0
38.138,0,0,0,0,390,0
38.152,0,0,0,0,390,0
38.168,0,0,0,0,390,0
38.184,0,0,0,0,390,0
38.200,0,0,0,0,390,0
38.216,0,0,0,0,390,0
38.232,0,0,0,0,390,0
38.248,0,0,0,0,390,0
38.264,0,0,0,0,390,0
38.280,0,0,0,0,390,0
38.296,0,0,0,0,390,0
38.312,0,0,0,0,390,0
38.328,0,0,0,0,390,0
38.344,0,0,0,0,390,0
38.360,0,0,0,0,400,0
38.376,0,0,0,0,400,0
38.392,0,0,0,0,400,0
38.408,0,0,0,0,400,0
38.424,0,0,0,0,400,0
38.440,0,0,0,0,400,0
38.456,0,0,0,0,400,0
38.472,0,0,0,0,400,0
38.487,0,0,0,0,400,0
38.503,0,0,0,0,400,0
38.519,0,0,0,0,400,0
38.535,0,0,0,0,400,0
38.551,0,0,0,0,400,0
38.567,0,0,0,0,400,0
38.582,0,0,0,0,400,0
38.598,0,0,0,0,400,0
38.605,0,0,0,0,400,0
38.630,0,0,0,0,400,0
38.646,0,0,0,0,400,0
38.662,0,0,0,0,400,0
38.679,0,0,0,0,400,0
38.694,0,0,0,0,400,0
38.711,0,0,0,0,400,0
38.727,0,0,0,0,400,0
38.743,0,0,0,0,400,0
38.759,0,0,0,0,400,0
38.775,0,0,0,0,400,0
38.791,0,0,0,0,400,0
38.807,0,0,0,0,400,0
38.823,0,0,0,0,400,0
38.839,0,0,0,0,400,0
38.856,0,0,0,0,400,0
38.872,0,0,0,0,400,0
38.888,0,0,0,0,400,0
38.903,0,0,0,0,400,0
38.919,0,0,0,0,400,0
38.951,0,0,0,0,400,0
38.967,0,0,0,0,400,0
38.983,0,0,0,0,400,0
38.998,0,0,0,0,400,0
39.014,0,0,0,0,400,0
39.030,0,0,0,0,400,0
39.036,0,0,0,0,400,0
39.062,0,0,0,0,400,0
39.078,0,0,0,0,400,0
39.094,0,0,0,0,400,0
39.110,0,0,0,0,400,0
39.126,0,0,0,0,400,0
39.158,0,0,0,0,400,0
39.174,0,0,0,0,400,0
39.190,0,0,0,0,400,0
39.206,0,0,0,0,400,0
39.222,0,0,0,0,400,0
39.239,0,0,0,0,400,0
39.254,0,0,0,0,400,0
39.270,0,0,0,0,400,0
39.287,0,0,0,0,400,0
39.302,0,0,0,0,400,0
39.318,0,0,0,0,400,0
39.334,0,0,0,0,400,0
39.350,0,0,0,0,400,0
39.366,0,0,0,0,400,0
39.382,0,0,0,0,400,0
39.398,0,0,0,0,400,0
39.407,0,0,0,0,400,0
39.430,0,0,0,0,400,0
39.446,0,0,0,0,400,0
39.462,0,0,0,0,400,0
39.478,0,0,0,0,400,0
39.494,0,0,0,0,400,0
39.510,0,0,0,0,400,0
39.526,0,0,0,0,400,0
39.542,0,0,0,0,400,0
39.558,0,0,0,0,400,0
39.574,0,0,0,0,400,0
39.590,0,0,0,0,400,0
39.606,0,0,0,0,400,0
39.622,0,0,0,0,400,0
39.638,0,0,0,0,400,0
39.653,0,0,0,0,400,0
39.669,0,0,0,0,400,0
39.685,0,0,0,0,400,0
39.702,0,0,0,0,400,0
39.717,0,0,0,0,390,0
39.733,0,0,0,0,390,0
39.749,0,0,0,0,390,0
39.765,0,0,0,0,390,0
39.780,0,0,0,0,390,0
39.796,0,0,0,0,390,0
39.812,0,0,0,0,390,0
39.828,0,0,0,0,390,0
39.844,0,0,0,0,390,0
39.860,0,0,0,0,390,0
39.876,0,0,0,0,390,0
39.892,0,0,0,0,390,0
39.908,0,0,0,0,390,0
39.924,0,0,0,0,390,0
39.940,0,0,0,0,390,0
39.956,0,0,0,0,390,0
39.972,0,0,0,0,390,0
39.988,0,0,0,0,390,0
40.004,0,0,0,0,390,0
40.020,0,0,0,0,390,0
40.036,0,0,0,0,390,0
40.052,0,0,0,0,390,0
40.068,0,0,0,0,390,0
40.084,0,0,0,0,390,0
40.100,0,0,0,0,390,0
40.116,0,0,0,0,390,0
40.132,0,0,0,0,390,0
40.148,0,0,0,0,390,0
40.165,0,0,0,0,390,0
40.180,0,0,0,0,390,0
40.197,0,0,0,0,390,0
40.214,0,0,0,0,390,0
40.229,0,0,0,0,390,0
40.244,0,0,0,0,390,0
40.259,0,0,0,0,390,0
40.273,0,0,0,0,390,0
40.287,0,0,0,0,390,0
40.308,0,0,0,0,390,0
40.321,0,0,0,0,390,0
40.339,0,0,0,0,390,0
40.353,0,0,0,0,390,0
40.371,0,0,0,0,400,0
40.388,0,0,0,0,400,0
40.403,0,0,0,0,400,0
40.419,0,0,0,0,400,0
40.435,0,0,0,0,400,0
40.452,0,0,0,0,400,0
40.465,0,0,0,0,400,0
40.482,0,0,0,0,400,0
40.497,0,0,0,0,400,0
40.514,0,0,0,0,400,0
40.530,0,0,0,0,400,0
40.547,0,0,0,0,400,0
40.562,0,0,0,0,400,0
40.596,0,0,0,0,400,0
40.607,0,0,0,0,400,0
40.626,0,0,0,0,400,0
40.639,0,0,0,0,400,0
40.651,0,0,0,0,400,0
40.660,0,0,0,0,400,0
40.674,0,0,0,0,400,0
40.690,0,0,0,0,400,0
40.706,0,0,0,0,400,0
40.722,0,0,0,0,400,0
40.733,0,0,0,0,400,0
40.754,0,0,0,0,400,0
40.770,0,0,0,0,400,0
40.786,0,0,0,0,400,0
40.802,0,0,0,0,400,0
40.818,0,0,0,0,400,0
40.834,0,0,0,0,400,0
40.850,0,0,0,0,400,0
40.865,0,0,0,0,400,0
40.882,0,0,0,0,400,0
40.898,0,0,0,0,400,0
40.914,0,0,0,0,400,0
40.930,0,0,0,0,400,0
40.946,0,0,0,0,400,0
40.962,0,0,0,0,400,0
40.978,0,0,0,0,400,0
40.994,0,0,0,0,400,0
41.010,0,0,0,0,400,0
41.026,0,0,0,0,400,0
41.042,0,0,0,0,400,0
41.058,0,0,0,0,400,0
41.073,0,0,0,0,400,0
41.090,0,0,0,0,400,0
41.106,0,0,0,0,400,0
41.122,0,0,0,0,400,0
41.138,0,0,0,0,400,0
41.154,0,0,0,0,400,0
41.170,0,0,0,0,410,0
41.186,0,0,0,0,410,0
41.202,0,0,0,0,410,0
41.220,0,0,0,0,410,0
41.234,0,0,0,0,410,0
41.250,0,0,0,0,410,0
41.266,0,0,0,0,410,0
41.281,0,0,0,0,410,0
41.313,0,0,0,0,410,0
41.329,0,0,0,0,410,0
41.345,0,0,0,0,410,0
41.361,0,0,0,0,410,0
41.377,0,0,0,0,410,0
41.393,0,0,0,0,410,0
41.409,0,0,0,0,410,0
41.425,0,0,0,0,410,0
41.441,-40,0,0,0,410,0
41.457,-40,0,0,0,410,0
41.473,-40,0,0,0,410,0
41.488,-40,0,0,0,410,0
41.504,-40,0,0,0,400,0
41.520,-40,0,0,0,400,0
41.536,-40,0,0,0,400,0
41.554,-40,0,0,0,400,0
41.568,-40,0,0,0,400,0
41.586,-40,0,0,0,400,0
41.602,-40,0,0,0,400,0
41.616,-40,0,0,0,400,0
41.634,-40,0,0,0,400,0
41.648,-40,0,0,0,400,0
41.664,-40,0,0,0,400,0
41.679,-40,0,0,0,400,0
41.695,-40,0,0,0,400,0
41.711,-40,0,0,0,400,0
41.729,-40,0,0,0,400,0
41.743,-40,0,0,0,400,0
41.760,-40,0,0,0,400,0
41.776,-40,0,0,0,400,0
41.792,-40,0,0,0,400,0
41.808,-40,0,0,0,400,0
41.823,-40,0,0,0,400,0
41.839,-40,0,0,0,400,0
41.855,-40,0,0,0,400,0
41.873,-40,0,0,0,400,0
41.903,-40,0,0,0,400,0
41.919,-40,0,0,0,400,0
41.935,-40,0,0,0,400,0
41.951,-40,0,0,0,400,0
41.957,-40,0,0,0,400,0
41.967,-40,0,0,0,400,0
41.983,-40,0,0,0,400,0
41.990,-40,0,0,0,400,0
42.001,-40,0,0,0,400,0
42.016,-40,0,0,0,400,0
42.022,-40,0,0,0,400,0
42.031,-40,0,0,0,400,0
42.049,-40,0,0,0,400,0
42.055,-40,0,0,0,400,0
42.063,-40,0,0,0,400,0
42.079,-40,0,0,0,400,0
42.093,-40,0,0,0,400,0
42.108,-40,0,0,0,400,0
42.116,-40,0,0,0,400,0
42.142,-40,0,0,0,400,0
42.147,-40,0,0,0,400,0
42.159,-40,0,0,0,400,0
42.174,-40,0,0,0,400,0
42.190,-40,0,0,0,400,0
42.207,-40,0,0,0,400,0
42.222,-40,0,0,0,400,0
42.238,-40,0,0,0,400,0
42.254,-40,0,0,0,400,0
42.270,-40,0,0,0,400,0
42.288,-40,0,0,0,400,0
42.303,-40,0,0,0,400,0
42.319,-40,0,0,0,400,0
42.332,-40,0,0,0,400,0
42.364,-40,0,0,0,400,0
42.380,-40,0,0,0,400,0
42.384,-40,0,0,0,400,0
42.396,-40,0,0,0,400,0
42.411,-40,0,0,0,400,0
42.417,-40,0,0,0,400,0
42.427,-40,0,0,0,400,0
42.444,-40,0,0,0,400,0
42.449,-40,0,0,0,400,0
42.462,-40,0,0,0,400,0
42.476,-40,0,0,0,400,0
42.481,-40,0,0,0,400,0
42.492,-40,0,0,0,400,0
42.510,-40,0,0,0,400,0
42.526,-40,0,0,0,400,0
42.540,-40,0,0,0,400,0
42.555,-40,0,0,0,400,0
42.560,-40,0,0,0,400,0
42.583,-40,0,0,0,400,0
42.603,-40,0,0,0,400,0
42.619,-40,0,0,0,400,0
42.635,-40,0,0,0,400,0
42.651,-40,0,0,0,400,0
42.667,-40,0,0,0,400,0
42.683,-40,0,0,0,400,0
42.699,-40,0,0,0,400,0
42.715,-40,0,0,0,400,0
42.731,-40,0,0,0,400,0
42.747,-40,0,0,0,400,0
42.763,-40,0,0,0,400,0
42.781,-40,0,0,0,400,0
42.797,-40,0,0,0,400,0
42.811,-40,0,0,0,400,0
42.826,-40,0,0,0,400,0
42.849,-40,0,0,0,400,0
42.862,-40,0,0,0,400,0
42.890,-40,0,0,0,400,0
42.906,-40,0,0,0,400,0
42.911,-40,0,0,0,400,0
42.922,-40,0,0,0,400,0
42.939,-40,0,0,0,400,0
42.953,-40,0,0,0,400,0
42.969,-40,0,0,0,400,0
42.985,-40,0,0,0,400,0
43.002,-40,0,0,0,400,0
43.017,-40,0,0,0,400,0
43.033,-40,0,0,0,400,0
43.049,-40,0,0,0,400,0
43.065,-40,0,0,0,400,0
43.070,-40,0,0,0,400,0
43.097,-40,0,0,0,400,0
43.110,-40,0,0,0,400,0
43.128,-40,0,0,0,400,0
43.144,-40,0,0,0,400,0
43.160,-40,0,0,0,400,0
43.176,-40,0,0,0,400,0
43.193,-40,0,0,0,400,0
43.207,-40,0,0,0,400,0
43.213,-40,0,0,0,400,0
43.224,-40,0,0,0,400,0
43.239,-40,0,0,0,400,0
43.245,-40,0,0,0,400,0
43.256,-40,0,0,0,400,0
43.272,-40,0,0,0,400,0
43.277,-40,0,0,0,400,0
43.288,-40,0,0,0,400,0
43.304,-40,0,0,0,400,0
43.309,-40,0,0,0,400,0
43.320,-40,0,0,0,400,0
43.336,-40,0,0,0,400,0
43.351,-40,0,0,0,400,0
43.368,-40,0,0,0,400,0
43.372,-40,0,0,0,400,0
43.400,-40,0,0,0,400,0
43.415,-40,0,0,0,400,0
43.431,-40,0,0,0,400,0
43.449,-40,0,0,0,400,0
43.465,-40,0,0,0,400,0
43.479,-40,0,0,0,400,0
43.495,-40,0,0,0,400,0
43.513,-40,0,0,0,400,0
43.528,-40,0,0,0,400,0
43.539,-40,0,0,0,400,0
43.559,-40,0,0,0,400,0
43.564,-40,0,0,0,400,0
43.591,-40,0,0,0,400,0
43.607,-40,0,0,0,400,0
43.623,-40,0,0,0,400,0
43.639,-40,0,0,0,400,0
43.655,-40,0,0,0,400,0
43.671,-40,0,0,0,400,0
43.676,-40,0,0,0,400,0
43.687,-40,0,0,0,400,0
43.703,-40,0,0,0,400,0
43.718,-40,0,0,0,400,0
43.735,-40,0,0,0,400,0
43.740,-40,0,0,0,400,0
43.751,-40,0,0,0,400,0
43.766,-40,0,0,0,400,0
43.771,-40,0,0,0,400,0
43.782,-40,0,0,0,400,0
43.798,-40,0,0,0,400,0
43.803,-40,0,0,0,400,0
43.814,-40,0,0,0,400,0
43.830,-40,0,0,0,400,0
43.837,-40,0,0,0,400,0
43.846,-40,0,0,0,400,0
43.862,-40,0,0,0,400,0
43.878,-40,0,0,0,400,0
43.894,-40,0,0,0,400,0
43.909,-40,0,0,0,400,0
43.925,-40,0,0,0,400,0
43.938,-40,0,0,0,400,0
43.945,-40,0,0,0,400,0
43.973,-40,0,0,0,400,0
43.988,-40,0,0,0,400,0
44.004,-40,0,0,0,400,0
44.021,-40,0,0,0,400,0
44.036,-40,0,0,0,400,0
44.054,-40,0,0,0,400,0
44.068,-40,0,0,0,400,0
44.086,-40,0,0,0,400,0
44.100,0,0,0,0,400,0
44.116,0,0,0,0,400,0
44.133,0,0,0,0,400,0
44.148,0,0,0,0,400,0
44.164,0,0,0,0,400,0
44.180,0,0,0,0,400,0
44.195,0,0,0,0,400,0
44.211,0,0,0,0,400,0
44.227,0,0,0,0,400,0
44.243,0,0,0,0,400,0
44.260,0,0,0,0,400,0
44.275,0,0,0,0,400,0
44.291,0,0,0,0,400,0
44.308,0,0,0,0,400,0
44.322,0,0,0,0,400,0
44.338,0,0,0,0,400,0
44.354,0,0,0,0,400,0
44.370,0,0,0,0,400,0
44.386,0,0,0,0,400,0
44.402,0,0,0,0,400,0
44.418,0,0,0,0,400,0
44.434,0,0,0,0,400,0
44.450,0,0,0,0,400,0
44.466,0,0,0,0,400,0
44.482,0,0,0,0,400,0
44.498,0,0,0,0,400,0
44.514,0,0,0,0,400,0
44.530,0,0,0,0,400,0
44.546,0,0,0,0,400,0
44.562,0,0,0,0,400,0
44.578,0,0,0,0,400,0
44.594,0,0,0,0,400,0
44.610,0,0,0,0,400,0
44.626,0,0,0,0,400,0
44.642,0,0,0,0,400,0
44.658,0,0,0,0,400,0
44.674,0,0,0,0,400,0
44.690,0,0,0,0,400,0
44.706,0,0,0,0,400,0
44.722,0,0,0,0,410,0
44.753,0,0,0,0,410,0
44.764,0,0,0,0,410,0
44.784,0,0,0,0,410,0
44.801,0,0,0,0,410,0
44.817,0,0,0,0,410,0
44.833,0,0,0,0,410,0
44.849,0,0,0,0,410,0
44.865,0,0,0,0,410,0
44.881,0,0,0,0,410,0
44.896,0,0,0,0,410,0
44.913,0,0,0,0,410,0
44.928,0,0,0,0,410,0
44.944,0,0,0,0,410,0
44.960,0,0,0,0,410,0
44.976,0,0,0,0,410,0
44.992,0,0,0,0,410,0
45.008,0,0,0,0,410,0
45.024,0,0,0,0,410,0
45.040,0,0,0,0,410,0
45.051,0,0,0,0,410,0
45.071,0,0,0,0,410,0
45.087,0,0,0,0,410,0
45.103,0,0,0,0,410,0
45.118,0,0,0,0,410,0
45.134,0,0,0,0,410,0
45.150,0,0,0,0,410,0
45.166,0,0,0,0,410,0
45.182,0,0,0,0,410,0
45.198,0,0,0,0,410,0
45.214,0,0,0,0,410,0
45.230,0,0,0,0,410,0
45.246,0,0,0,0,410,0
45.262,0,0,0,0,410,0
45.278,0,0,0,0,410,0
45.294,0,0,0,0,410,0
45.310,0,0,0,0,410,0
45.326,0,0,0,0,410,0
45.342,0,0,0,0,410,0
45.357,0,0,0,0,410,0
45.374,0,0,0,0,410,0
45.389,0,0,0,0,410,0
45.405,0,0,0,0,400,0
45.421,0,0,0,0,400,0
45.437,0,0,0,0,400,0
45.453,0,0,0,0,400,0
45.469,0,0,0,0,400,0
45.485,0,0,0,0,400,0
45.501,0,0,0,0,400,0
45.517,0,0,0,0,400,0
45.533,0,0,0,0,400,0
45.549,0,0,0,0,400,0
45.565,0,0,0,0,400,0
45.581,0,0,0,0,400,0
45.597,0,0,0,0,400,0
45.613,0,0,0,0,400,0
45.629,0,0,0,0,400,0
45.645,0,0,0,0,400,0
45.661,0,0,0,0,400,0
45.677,0,0,0,0,400,0
45.693,0,0,0,0,400,0
45.709,0,0,0,0,400,0
45.725,0,0,0,0,400,0
45.740,0,0,0,0,400,0
45.756,0,0,0,0,400,0
45.772,0,0,0,0,400,0
45.788,0,0,0,0,400,0
45.796,0,0,0,0,400,0
45.820,0,0,0,0,400,0
45.836,0,0,0,0,400,0
45.853,0,0,0,0,400,0
45.868,0,0,0,0,400,0
45.884,0,0,0,0,400,0
45.900,0,0,0,0,400,0
45.905,0,0,0,40,400,0
45.916,0,0,0,40,400,0
45.932,0,0,0,40,400,0
45.948,0,0,0,40,400,0
45.964,0,0,0,40,400,0
45.980,0,0,0,40,400,0
45.996,0,0,0,40,400,0
46.012,0,0,0,40,400,0
46.028,0,0,0,40,400,0
46.044,0,0,0,40,400,0
46.060,0,0,0,40,400,0
46.076,0,0,0,40,400,0
46.092,0,0,0,40,400,0
46.108,0,0,0,40,400,0
46.124,0,0,0,40,400,0
46.140,0,0,0,40,400,0
46.156,0,0,0,40,400,0
46.172,0,0,0,40,400,0
46.188,0,0,0,40,400,0
46.200,0,0,0,40,400,0
46.220,0,0,0,40,400,0
46.236,0,0,0,40,400,0
46.252,0,0,0,40,400,0
46.268,0,0,0,40,400,0
46.284,0,0,0,40,400,5
46.300,0,0,0,40,400,5
46.316,0,0,0,40,400,5
46.332,0,0,0,40,400,5
46.348,0,0,0,40,400,5
46.363,0,0,0,40,400,5
46.379,0,0,0,40,400,5
46.395,0,0,0,40,400,5
46.411,0,0,0,40,400,8
46.427,0,0,0,40,400,8
46.443,0,0,0,40,400,8
46.449,0,0,0,40,400,8
46.460,0,0,0,40,400,8
46.476,0,0,0,40,400,8
46.492,0,0,0,40,400,8
46.508,0,0,0,40,400,11
46.524,0,0,0,40,400,11
46.539,0,0,0,40,400,11
46.555,0,0,0,40,400,11
46.571,0,0,0,40,400,11
46.587,0,0,0,40,400,11
46.592,0,0,0,40,400,11
46.603,0,0,0,40,400,11
46.619,0,0,0,0,400,13
46.635,0,0,0,0,400,13
46.651,0,0,0,0,400,13
46.667,0,0,0,0,400,13
46.683,0,0,0,0,400,13
46.699,0,0,0,0,400,13
46.715,0,0,0,0,400,13
46.731,0,0,0,0,400,13
46.747,0,0,0,0,400,16
46.762,0,0,0,0,400,16
46.778,0,0,0,0,400,16
46.794,0,0,0,0,400,16
46.810,0,0,0,0,400,16
46.826,0,0,0,0,400,16
46.842,0,0,0,0,400,18
46.858,0,0,0,0,400,18
46.874,0,0,0,0,400,18
46.890,0,0,0,0,400,18
46.906,0,0,0,0,400,18
46.923,0,0,0,0,400,18
46.939,0,0,0,0,400,18
46.955,0,0,0,0,400,18
46.971,0,0,0,0,400,18
46.987,0,0,0,0,400,18
47.003,0,0,0,0,400,18
47.019,0,0,0,0,400,18
47.035,0,0,0,0,400,18
47.051,0,0,0,0,400,18
47.067,0,0,0,0,400,18
47.083,0,0,0,0,400,18
47.099,0,0,0,0,400,18
47.115,0,0,0,0,400,18
47.131,0,0,0,0,400,18
47.147,0,0,0,0,400,18
47.163,0,0,0,0,400,18
47.179,0,0,0,0,400,18
47.195,0,0,0,0,400,18
47.210,0,0,0,0,400,18
47.226,0,0,0,0,400,18
47.242,0,0,0,0,400,18
47.258,0,0,0,0,400,18
47.274,0,0,0,0,400,18
47.290,-40,0,0,0,400,18
47.306,-40,0,0,0,400,18
47.322,-40,0,0,0,400,18
47.338,-40,0,0,0,400,18
47.354,-40,0,0,0,400,18
47.370,-40,0,0,0,400,18
47.386,-40,0,0,0,400,18
47.402,-40,0,0,0,410,18
47.418,-40,0,0,0,410,18
47.434,-40,0,0,0,410,18
47.450,-40,0,0,0,410,18
47.466,-40,0,0,0,410,18
47.482,-40,0,0,0,410,18
47.498,-40,0,0,0,410,18
47.514,-40,0,0,0,410,18
47.529,-40,0,0,0,410,18
47.545,-40,0,0,0,410,18
47.561,-40,0,0,0,410,18
47.577,-40,0,0,0,410,18
47.593,-40,0,0,0,410,18
47.608,-40,0,0,0,410,18
47.624,-40,0,0,0,410,18
47.640,-40,0,0,0,410,18
47.656,-40,0,0,0,410,18
47.672,-40,0,0,0,410,18
47.690,-40,0,0,0,410,18
47.704,-40,0,0,0,410,18
47.720,-40,0,0,0,410,18
47.737,-40,0,0,0,410,18
47.752,-40,0,0,0,410,18
47.769,-40,0,0,0,410,18
47.785,-40,0,0,0,410,18
47.801,-40,0,0,0,410,18
47.817,-40,0,0,0,410,18
47.832,-40,0,0,0,410,18
47.849,-40,0,0,0,410,18
47.864,-40,0,0,0,410,18
47.870,-40,0,0,0,410,18
47.881,-40,0,0,0,410,18
47.897,-40,0,0,0,410,18
47.902,-40,0,0,0,410,18
47.913,-40,0,0,0,410,18
47.929,-40,0,0,0,410,18
47.934,-40,0,0,0,410,18
47.945,-40,0,0,0,410,18
47.961,-40,0,0,0,410,18
47.966,-40,0,0,0,410,18
47.977,-40,0,0,0,410,18
47.993,-40,0,0,0,410,18
47.999,-40,0,0,0,410,18
48.009,-40,0,0,0,410,18
48.025,-40,0,0,0,410,18
48.030,-40,0,0,0,410,18
48.056,-40,0,0,0,410,18
48.061,-40,0,0,0,410,18
48.088,-40,0,0,0,410,18
48.104,-40,0,0,0,410,18
48.120,-40,0,0,0,410,18
48.135,-40,0,0,0,410,18
48.151,-40,0,0,0,410,18
48.167,-40,0,0,0,410,18
48.185,-40,0,0,0,410,18
48.200,-40,0,0,0,410,18
48.211,-40,0,0,0,410,18
48.232,-40,0,0,0,410,18
48.248,-40,0,0,0,410,18
48.264,-40,0,0,0,410,18
48.280,-40,0,0,0,410,18
48.295,-40,0,0,0,400,18
48.312,-40,0,0,0,400,18
48.328,-40,0,0,0,400,18
48.337,-40,0,0,0,400,18
48.360,-40,0,0,0,400,18
48.364,-40,0,0,0,400,18
48.375,-40,0,0,0,400,18
48.391,-40,0,0,0,400,18
48.397,-40,0,0,0,400,18
48.407,-40,0,0,0,400,18
48.423,-40,0,0,0,400,18
48.428,-40,0,0,0,400,18
48.439,-40,0,0,0,400,18
48.455,-40,0,0,0,400,18
48.462,-40,0,0,0,400,18
48.487,-40,0,0,0,400,18
48.503,-40,0,0,0,400,18
48.519,-40,0,0,0,400,18
48.535,-40,0,0,0,400,18
48.551,-40,0,0,0,400,18
48.567,-40,0,0,0,400,18
48.583,-40,0,0,0,400,18
48.588,-40,0,0,0,400,18
48.599,-40,0,0,0,400,18
48.616,-40,0,0,0,400,18
48.630,-40,0,0,0,400,18
48.646,-40,0,0,0,400,18
48.658,-40,0,0,0,400,18
48.677,-40,0,0,0,400,18
48.693,-40,0,0,0,400,18
48.709,-40,0,0,0,400,18
48.726,-40,0,0,0,400,18
48.742,-40,0,0,0,400,18
48.757,-40,0,0,0,400,18
48.768,-40,0,0,0,400,18
48.789,-40,0,0,0,400,18
48.794,-40,0,0,0,400,18
48.805,-40,0,0,0,400,18
48.820,-40,0,0,0,400,18
48.825,-40,0,0,0,400,18
48.852,-40,0,0,0,400,18
48.862,-40,0,0,0,400,18
48.884,-40,0,0,0,400,18
48.889,-40,0,0,0,400,18
48.900,-40,0,0,0,400,18
48.915,-40,0,0,0,400,18
48.931,-40,0,0,0,400,18
48.947,-40,0,0,0,400,18
48.959,-40,0,0,0,400,18
48.979,0,0,0,0,400,18
48.995,0,0,0,0,400,18
49.011,0,0,0,0,400,18
49.027,0,0,0,0,400,18
49.043,0,0,0,0,400,18
49.059,0,0,0,0,400,18
49.074,0,0,0,0,400,18
49.090,0,0,0,0,400,18
49.106,0,0,0,0,400,18
49.122,0,0,0,0,400,18
49.137,0,0,0,0,400,18
49.151,0,0,0,0,400,18
49.169,0,0,0,0,400,18
49.185,0,0,0,0,400,18
49.201,0,0,0,0,400,18
49.217,0,0,0,0,400,18
49.233,0,0,0,0,400,18
49.248,0,0,0,0,400,18
49.264,0,0,0,0,400,18
49.279,0,0,0,0,400,18
49.295,0,0,0,0,400,18
49.311,0,0,0,0,400,18
49.327,0,0,0,0,400,18
49.343,0,0,0,0,400,18
49.359,0,0,0,0,400,18
49.375,0,0,0,0,400,18
49.392,0,0,0,0,400,18
49.407,0,0,0,0,400,18
49.423,0,0,0,0,400,18
49.439,0,0,0,0,400,18
49.455,0,0,0,0,400,18
49.470,0,0,0,0,400,18
49.486,0,0,0,0,400,18
49.503,0,0,0,0,400,18
49.519,0,0,0,0,400,18
49.534,0,0,0,0,400,18
49.550,0,0,0,0,400,18
49.566,0,0,0,0,400,18
49.582,0,0,0,0,400,18
49.597,0,0,0,0,400,18
49.613,0,0,0,0,400,18
49.629,0,0,0,0,400,18
49.645,0,0,0,0,400,18
49.660,0,0,0,0,400,18
49.676,0,0,0,0,400,18
49.692,0,0,0,0,400,18
49.708,0,0,0,0,400,18
49.724,0,0,0,40,400,18
49.739,0,0,0,40,400,18
49.755,0,0,0,40,400,18
49.772,0,0,0,40,400,18
49.787,0,0,0,40,400,18
49.798,0,0,0,40,400,18
49.816,0,0,0,40,400,18
49.834,0,0,0,40,400,18
49.850,0,0,0,40,400,18
49.866,0,0,0,40,400,18
49.881,0,0,0,40,400,18
49.895,0,0,0,40,400,18
49.913,0,0,0,40,400,18
49.929,0,0,0,40,400,18
49.945,0,0,0,40,400,18
49.961,0,0,0,40,400,18
49.977,0,0,0,40,400,20
49.990,0,0,0,40,400,20
50.008,0,0,0,40,400,20
50.020,0,0,0,40,400,20
50.039,0,0,0,40,400,20
50.055,0,0,0,40,400,20
50.070,0,0,0,40,400,20
50.086,0,0,0,40,400,20
50.106,0,0,0,40,400,20
50.122,0,0,0,40,400,20
50.132,0,0,0,40,400,20
50.148,0,0,0,40,400,20
50.161,0,0,0,40,400,20
50.177,0,0,0,40,400,20
50.190,0,0,0,40,400,23
50.202,0,0,0,40,400,23
50.215,0,0,0,40,400,23
50.235,0,0,0,40,400,23
50.248,0,0,0,40,400,23
50.254,0,0,0,40,400,23
50.270,0,0,0,0,400,23
50.287,0,0,0,0,400,23
50.310,0,0,0,0,410,28
50.326,0,0,0,0,410,28
50.342,0,0,0,0,410,28
50.358,0,0,0,0,410,28
50.374,0,0,0,0,410,28
50.390,0,0,0,0,410,28
50.405,0,0,0,0,410,30
50.421,0,0,0,0,410,30
50.437,0,0,0,0,410,30
50.453,0,0,0,0,410,30
50.468,0,0,0,0,410,30
50.485,0,0,0,0,410,30
50.500,0,0,0,0,410,31
50.516,0,0,0,0,410,31
50.533,0,0,0,0,410,31
50.548,0,0,0,0,410,31
50.564,0,0,0,0,410,31
50.580,0,0,0,0,410,31
50.596,0,0,0,0,410,31
50.612,0,0,0,0,410,31
50.627,0,0,0,0,410,31
50.643,0,0,0,0,410,31
50.660,0,0,0,0,410,31
50.675,0,0,0,0,410,31
50.691,0,0,0,0,410,31
50.707,0,0,0,0,410,31
50.723,0,0,0,0,410,31
50.738,0,0,0,0,410,32
50.754,0,0,0,0,410,32
50.770,0,0,0,0,410,32
50.785,0,0,0,0,410,32
50.802,0,0,0,0,410,32
50.817,0,0,0,0,410,32
50.834,-40,0,0,0,410,32
50.849,-40,0,0,0,410,32
50.865,-40,0,0,0,410,32
50.872,-40,0,0,0,410,32
50.897,-40,0,0,0,410,32
50.913,-40,0,0,0,410,32
50.929,-40,0,0,0,410,32
50.944,-40,0,0,0,410,32
50.961,-40,0,0,0,410,32
50.976,-40,0,0,0,410,32
50.988,-40,0,0,0,410,32
51.008,-40,0,0,0,410,32
51.024,-40,0,0,0,410,32
51.039,-40,0,0,0,410,32
51.055,-40,0,0,0,410,32
51.072,-40,0,0,0,410,32
51.087,-40,0,0,0,410,32
51.103,-40,0,0,0,410,32
51.119,-40,0,0,0,410,32
51.135,-40,0,0,0,410,32
51.151,-40,0,0,0,410,32
51.167,-40,0,0,0,410,32
51.182,-40,0,0,0,410,32
51.198,-40,0,0,0,410,32
51.203,-40,0,0,0,410,32
51.230,-40,0,0,0,410,32
51.246,-40,0,0,0,410,32
51.262,-40,0,0,0,410,32
51.278,-40,0,0,0,410,32
51.294,-40,0,0,0,410,31
51.310,-40,0,0,0,410,31
51.325,-40,0,0,0,410,31
51.341,-40,0,0,0,410,31
51.354,-40,0,0,0,410,31
51.373,-40,0,0,0,410,31
51.378,-40,0,0,0,410,31
51.389,-40,0,0,0,410,31
51.407,-40,0,0,0,410,31
51.417,-40,0,0,0,410,31
51.436,-40,0,0,0,410,31
51.441,-40,0,0,0,410,31
51.451,-40,0,0,0,410,31
51.467,-40,0,0,0,410,31
51.475,-40,0,0,0,410,31
51.499,-40,0,0,0,410,31
51.515,-40,0,0,0,410,31
51.520,-40,0,0,0,410,31
51.546,-40,0,0,0,410,31
51.563,-40,0,0,0,410,31
51.578,-40,0,0,0,410,31
51.595,-40,0,0,0,410,31
51.606,-40,0,0,0,410,31
51.627,-40,0,0,0,410,31
51.642,-40,0,0,0,410,31
51.658,-40,0,0,0,410,31
51.675,-40,0,0,0,410,31
51.691,-40,0,0,0,410,31
51.708,-40,0,0,0,410,31
51.723,-40,0,0,0,410,31
51.739,-40,0,0,0,410,31
51.755,-40,0,0,0,410,31
51.771,-40,0,0,0,410,31
51.776,-40,0,0,0,410,31
51.787,-40,0,0,0,410,31
51.803,-40,0,0,0,410,31
51.809,-40,0,0,0,410,31
51.819,-40,0,0,0,410,31
51.835,-40,0,0,0,410,31
51.844,-40,0,0,0,410,31
51.859,-40,0,0,0,410,31
51.867,-40,0,0,0,410,31
51.883,-40,0,0,0,410,31
51.899,-40,0,0,0,410,31
51.915,-40,0,0,0,410,31
51.931,-40,0,0,0,410,31
51.943,-40,0,0,0,410,31
51.963,-40,0,0,0,400,31
51.968,-40,0,0,0,400,31
51.979,-40,0,0,0,400,31
51.997,-40,0,0,0,400,31
52.001,-40,0,0,0,400,31
52.027,-40,0,0,0,400,31
52.035,-40,0,0,0,400,31
52.044,-40,0,0,0,400,31
52.059,-40,0,0,0,400,31
52.075,-40,0,0,0,400,31
52.091,-40,0,0,0,400,31
52.107,-40,0,0,0,400,31
52.123,-40,0,0,0,400,31
52.139,-40,0,0,0,400,31
52.150,-40,0,0,0,400,31
52.170,-40,0,0,0,400,31
52.187,-40,0,0,0,400,31
52.202,-40,0,0,0,400,31
52.218,-40,0,0,0,400,31
52.235,-40,0,0,0,400,31
52.247,-40,0,0,0,400,31
52.267,-40,0,0,0,400,31
52.283,-40,0,0,0,400,32
52.299,-40,0,0,0,400,32
52.307,-40,0,0,0,400,32
52.315,-40,0,0,0,400,32
52.323,-40,0,0,0,400,32
52.331,-40,0,0,0,400,32
52.336,-40,0,0,0,400,32
52.356,-40,0,0,0,400,32
52.365,-40,0,0,0,400,32
52.381,-40,0,0,0,400,32
52.398,-40,0,0,0,400,32
52.407,-40,0,0,0,400,32
52.430,-40,0,0,0,400,32
52.438,-40,0,0,0,400,32
52.463,-40,0,0,0,400,32
52.471,-40,0,0,0,400,32
52.481,-40,0,0,0,400,32
52.488,-40,0,0,0,400,32
52.496,-40,0,0,0,400,32
52.501,-40,0,0,0,400,32
52.514,-40,0,0,0,400,31
52.539,-40,0,0,0,400,31
52.556,-40,0,0,0,400,31
52.572,-40,0,0,0,400,31
52.589,-40,0,0,0,400,31
52.597,-40,0,0,0,400,31
52.614,-40,0,0,0,400,31
52.626,-40,0,0,0,400,31
52.631,-40,0,0,0,400,31
52.651,-40,0,0,0,400,31
52.670,-40,0,0,0,400,31
52.683,-40,0,0,0,400,31
52.701,-40,0,0,0,400,31
52.717,-40,0,0,0,400,31
52.734,-40,0,0,0,400,31
52.750,-40,0,0,0,400,31
52.759,-40,0,0,0,400,31
52.785,-40,0,0,0,400,31
52.794,-40,0,0,0,400,31
52.799,-40,0,0,0,400,31
52.818,0,0,0,0,400,31
52.833,0,0,0,0,400,31
52.849,0,0,0,0,400,31
52.860,0,0,0,0,400,31
52.882,0,0,0,0,400,31
52.891,0,0,0,0,400,31
52.900,0,0,0,0,400,31
52.913,0,0,0,0,400,31
52.927,0,0,0,0,400,31
52.952,0,0,0,0,400,31
52.968,0,0,0,0,400,31
52.990,0,0,0,0,400,31
53.007,0,0,0,0,400,31
53.023,0,0,0,0,400,31
53.041,0,0,0,0,400,31
53.064,0,0,0,0,400,31
53.080,0,0,0,0,400,31
53.097,0,0,0,0,400,31
53.113,0,0,0,0,400,31
53.129,0,0,0,0,400,31
53.146,0,0,0,0,400,31
53.176,0,0,0,0,400,31
53.192,0,0,0,0,400,31
53.208,0,0,0,0,400,31
53.224,0,0,0,0,400,31
53.240,0,0,0,0,400,31
53.257,0,0,0,0,400,32
53.273,0,0,0,0,400,32
53.289,0,0,0,0,400,32
53.305,0,0,0,0,400,32
53.321,0,0,0,0,400,32
53.338,0,0,0,0,400,32
53.353,0,0,0,40,400,32
53.369,0,0,0,40,390,32
53.385,0,0,0,40,390,32
53.401,0,0,0,40,390,32
53.417,0,0,0,40,390,32
53.432,0,0,0,40,390,32
53.449,0,0,0,40,390,32
53.465,0,0,0,40,390,32
53.480,0,0,0,40,390,32
53.496,0,0,0,40,390,32
53.509,0,0,0,40,390,32
53.528,0,0,0,40,390,32
53.544,0,0,0,40,390,32
53.560,0,0,0,40,390,32
53.592,0,0,0,40,390,32
53.608,0,0,0,40,390,32
53.624,0,0,0,40,390,32
53.640,0,0,0,40,390,32
53.655,0,0,0,40,390,32
53.671,0,0,0,40,390,32
53.687,0,0,0,40,390,32
53.703,0,0,0,40,390,32
53.719,0,0,0,40,390,32
53.735,0,0,0,40,390,32
53.751,0,0,0,40,390,32
53.767,0,0,0,40,390,32
53.783,0,0,0,40,390,32
53.799,0,0,0,40,390,32
53.815,0,0,0,40,390,32
53.831,0,0,0,40,400,37
53.847,0,0,0,40,400,37
53.863,0,0,0,40,400,37
53.880,0,0,0,0,400,37
53.895,0,0,0,0,400,37
53.911,0,0,0,0,400,37
53.927,0,0,0,0,400,39
53.943,0,0,0,0,400,39
53.959,0,0,0,0,400,39
53.975,0,0,0,0,400,39
53.991,0,0,0,0,400,39
54.007,0,0,0,0,400,39
54.023,0,0,0,0,400,39
54.039,0,0,0,0,400,39
54.055,0,0,0,0,400,42
54.071,0,0,0,0,400,42
54.087,0,0,0,0,400,42
54.103,0,0,0,0,400,42
54.119,0,0,0,0,400,42
54.135,0,0,0,0,400,42
54.151,0,0,0,0,400,42
54.168,0,0,0,0,400,43
54.173,0,0,0,0,400,43
54.199,0,0,0,0,400,43
54.215,0,0,0,0,400,43
54.230,0,0,0,0,400,43
54.247,0,0,0,0,400,43
54.262,0,0,0,0,400,43
54.278,0,0,0,0,400,43
54.294,0,0,0,0,400,43
54.310,0,0,0,0,400,43
54.326,0,0,0,0,400,43
54.339,-40,0,0,0,400,43
54.358,-40,0,0,0,400,43
54.376,-40,0,0,0,400,43
54.390,-40,0,0,0,400,43
54.406,-40,0,0,0,400,43
54.422,-40,0,0,0,400,43
54.438,-40,0,0,0,400,43
54.458,-40,0,0,0,400,43
54.470,-40,0,0,0,400,43
54.485,-40,0,0,0,400,43
54.502,-40,0,0,0,400,43
54.518,-40,0,0,0,400,43
54.534,-40,0,0,0,400,43
54.550,-40,0,0,0,400,43
54.566,-40,0,0,0,400,43
54.581,-40,0,0,0,400,43
54.597,-40,0,0,0,400,43
54.613,-40,0,0,0,400,43
54.629,-40,0,0,0,400,43
54.645,-40,0,0,0,400,43
54.661,-40,0,0,0,400,43
54.677,-40,0,0,0,400,43
54.693,-40,0,0,0,400,43
54.709,-40,0,0,0,400,43
54.725,-40,0,0,0,400,43
54.741,-40,0,0,0,400,43
54.759,-40,0,0,0,400,43
54.772,-40,0,0,0,400,43
54.788,-40,0,0,0,400,43
54.804,-40,0,0,0,400,43
54.820,-40,0,0,0,400,43
54.836,-40,0,0,0,400,43
54.845,-40,0,0,0,400,43
54.868,-40,0,0,0,400,43
54.885,-40,0,0,0,400,43
54.900,-40,0,0,0,400,43
54.916,-40,0,0,0,400,43
54.932,-40,0,0,0,400,43
54.948,-40,0,0,0,400,43
54.964,-40,0,0,0,400,43
54.980,-40,0,0,0,400,43
54.996,-40,0,0,0,400,43
55.012,-40,0,0,0,400,43
55.018,-40,0,0,0,400,43
55.028,-40,0,0,0,400,43
55.043,-40,0,0,0,400,43
55.049,-40,0,0,0,400,43
55.059,-40,0,0,0,400,43
55.076,-40,0,0,0,400,43
55.082,-40,0,0,0,400,43
55.092,-40,0,0,0,400,43
55.107,-40,0,0,0,400,43
55.113,-40,0,0,0,400,43
55.139,-40,0,0,0,400,43
55.157,-40,0,0,0,400,43
55.187,-40,0,0,0,400,43
55.203,-40,0,0,0,400,43
55.219,-40,0,0,0,400,43
55.235,-40,0,0,0,400,43
55.243,-40,0,0,0,400,43
55.267,-40,0,0,0,400,43
55.282,-40,0,0,0,400,43
55.296,-40,0,0,0,400,43
55.314,-40,0,0,0,400,43
55.330,-40,0,0,0,400,43
55.343,-40,0,0,0,400,43
55.362,-40,0,0,0,400,43
55.379,-40,0,0,0,400,43
55.394,-40,0,0,0,400,43
55.409,-40,0,0,0,400,43
55.425,-40,0,0,0,400,43
55.441,-40,0,0,0,400,43
55.457,-40,0,0,0,400,43
55.473,-40,0,0,0,400,43
55.485,-40,0,0,0,400,43
55.505,-40,0,0,0,400,43
55.510,-40,0,0,0,400,43
55.536,-40,0,0,0,400,43
55.543,-40,0,0,0,400,43
55.553,-40,0,0,0,400,43
55.568,-40,0,0,0,400,43
55.579,-40,0,0,0,400,43
55.600,-40,0,0,0,400,43
55.616,-40,0,0,0,400,43
55.649,-40,0,0,0,400,43
55.654,-40,0,0,0,400,43
55.672,-40,0,0,0,400,43
55.680,-40,0,0,0,400,43
55.696,-40,0,0,0,400,43
55.701,-40,0,0,0,400,43
55.728,-40,0,0,0,400,43
55.743,-40,0,0,0,400,43
55.759,-40,0,0,0,400,43
55.775,-40,0,0,0,400,43
55.791,-40,0,0,0,400,43
55.807,-40,0,0,0,400,43
55.823,-40,0,0,0,400,43
55.839,-40,0,0,0,400,43
55.850,-40,0,0,0,400,43
55.855,-40,0,0,0,400,43
55.871,-40,0,0,0,400,43
55.887,-40,0,0,0,400,43
55.903,-40,0,0,0,400,43
55.909,-40,0,0,0,400,43
55.919,-40,0,0,0,400,43
55.935,-40,0,0,0,400,43
55.944,-40,0,0,0,400,43
55.959,-40,0,0,0,400,43
55.967,-40,0,0,0,400,43
55.978,-40,0,0,0,400,43
55.999,-40,0,0,0,400,43
56.004,-40,0,0,0,400,43
56.015,-40,0,0,0,400,43
56.031,-40,0,0,0,400,43
56.047,-40,0,0,0,400,43
56.063,-40,0,0,0,400,43
56.078,-40,0,0,0,400,43
56.094,-40,0,0,0,400,43
56.100,-40,0,0,0,400,43
56.126,-40,0,0,0,400,43
56.137,-40,0,0,0,400,43
56.142,-40,0,0,0,400,43
56.158,-40,0,0,0,400,43
56.174,-40,0,0,0,400,43
56.190,-40,0,0,0,400,43
56.206,-40,0,0,0,400,43
56.238,-40,0,0,0,400,43
56.255,-40,0,0,0,400,43
56.270,-40,0,0,0,400,43
56.286,-40,0,0,0,400,43
56.303,-40,0,0,0,400,43
56.308,-40,0,0,0,400,43
56.319,-40,0,0,0,400,43
56.335,-40,0,0,0,400,43
56.344,-40,0,0,0,400,43
56.367,-40,0,0,0,400,43
56.372,-40,0,0,0,400,43
56.383,-40,0,0,0,400,43
56.399,-40,0,0,0,400,43
56.404,-40,0,0,0,400,43
56.415,-40,0,0,0,400,43
56.431,-40,0,0,0,400,43
56.437,-40,0,0,0,400,43
56.446,-40,0,0,0,400,43
56.463,-40,0,0,0,400,43
56.468,-40,0,0,0,400,43
56.478,-40,0,0,0,400,43
56.495,-40,0,0,0,400,43
56.510,-40,0,0,0,400,43
56.524,-40,0,0,0,400,43
56.543,-40,0,0,0,400,43
56.558,-40,0,0,0,400,43
56.574,-40,0,0,0,400,43
56.590,-40,0,0,0,400,43
56.605,-40,0,0,0,400,43
56.621,-40,0,0,0,400,43
56.637,-40,0,0,0,400,43
56.653,-40,0,0,0,400,43
56.658,-40,0,0,0,400,43
56.670,-40,0,0,0,400,43
56.700,-40,0,0,0,400,43
56.716,0,0,0,0,400,43
56.732,0,0,0,0,400,43
56.748,0,0,0,0,400,43
56.764,0,0,0,0,400,43
56.780,0,0,0,0,400,43
56.796,0,0,0,0,400,43
56.812,0,0,0,0,400,43
56.824,0,0,0,0,400,43
56.844,0,0,0,0,400,43
56.860,0,0,0,0,400,43
56.876,0,0,0,0,400,43
56.892,0,0,0,0,400,43
56.908,0,0,0,0,400,43
56.924,0,0,0,0,400,43
56.940,0,0,0,0,400,43
56.956,0,0,0,0,400,43
56.972,0,0,0,0,400,43
56.988,0,0,0,0,400,43
57.004,0,0,0,0,400,43
57.020,0,0,0,0,400,43
57.036,0,0,0,0,400,43
57.053,0,0,0,0,400,43
57.068,0,0,0,0,400,43
57.084,0,0,0,0,400,43
57.100,0,0,0,0,400,43
57.115,0,0,0,0,400,43
57.131,0,0,0,0,400,43
57.147,0,0,0,0,400,43
57.163,0,0,0,0,400,43
57.179,0,0,0,0,400,43
57.195,0,0,0,0,400,43
57.211,0,0,0,0,400,43
57.227,0,0,0,0,400,43
57.242,0,0,0,0,400,43
57.259,0,0,0,0,400,43
57.275,0,0,0,0,400,43
57.291,0,0,0,0,400,43
57.307,0,0,0,0,400,43
57.323,0,0,0,0,400,43
57.338,0,0,0,0,400,43
57.350,0,0,0,0,400,43
57.370,0,0,0,0,400,43
57.386,0,0,0,0,400,43
57.402,0,0,0,0,400,43
57.418,0,0,0,0,400,43
57.434,0,0,0,0,400,43
57.450,0,0,0,0,400,43
57.467,0,0,0,0,400,43
57.482,0,0,0,0,400,43
57.498,0,0,0,0,400,43
57.514,0,0,0,0,400,43
57.530,0,0,0,0,400,43
57.546,0,0,0,0,400,43
57.562,0,0,0,0,400,43
57.578,0,0,0,0,400,43
57.594,0,0,0,0,400,43
57.610,0,0,0,0,400,43
57.626,0,0,0,0,400,43
57.642,0,40,0,0,400,43
57.658,0,40,0,0,400,43
57.673,0,40,0,0,400,43
57.690,0,40,0,0,400,43
57.706,0,40,0,0,400,43
57.721,0,40,0,0,400,43
57.738,0,40,0,0,400,43
57.765,0,40,0,0,400,43
57.781,0,40,0,0,400,43
57.797,0,40,0,0,400,43
57.813,0,40,0,0,400,43
57.829,0,40,0,0,400,43
57.844,0,40,0,0,400,43
57.863,0,40,0,0,400,43
57.877,0,40,0,0,400,43
57.893,0,40,0,0,400,43
57.909,0,40,0,0,400,43
57.925,0,40,0,0,400,43
57.941,0,40,0,0,400,43
57.957,0,40,0,0,400,43
57.973,0,40,0,0,400,43
57.989,0,40,0,0,400,43
58.005,0,40,0,0,400,43
58.021,0,40,0,0,400,43
58.037,0,40,0,0,400,43
58.053,0,40,0,0,400,43
58.069,0,40,0,0,410,43
58.085,0,40,0,0,410,43
58.101,0,40,0,0,410,43
58.117,0,40,0,0,410,43
58.133,0,40,0,0,410,43
58.150,0,40,0,0,410,43
58.156,0,40,0,0,410,43
58.166,0,40,0,0,410,43
58.182,0,40,0,0,410,43
58.186,0,40,0,0,410,43
58.197,0,40,0,0,410,43
58.212,0,40,0,0,410,43
58.229,0,40,0,0,410,43
58.245,0,40,0,0,410,43
58.256,0,40,0,0,410,43
58.276,0,40,0,0,410,43
58.292,0,40,0,0,410,43
58.309,0,40,0,0,410,43
58.315,0,40,0,0,410,43
58.325,0,40,0,0,410,43
58.341,0,40,0,0,410,43
58.356,0,40,0,0,410,43
58.372,0,40,0,0,410,43
58.389,0,40,0,0,410,43
58.404,0,40,0,0,410,43
58.420,0,40,0,0,410,43
58.437,0,40,0,0,410,43
58.468,0,40,0,0,410,43
58.473,0,40,0,0,410,43
58.500,0,40,0,0,410,43
58.516,0,40,0,0,410,43
58.521,0,40,0,0,410,43
58.532,0,40,0,0,410,43
58.549,0,40,0,0,410,43
58.554,0,40,0,0,410,43
58.566,0,40,0,0,410,43
58.580,0,40,0,0,410,43
58.592,0,40,0,0,410,43
58.612,0,40,0,0,410,43
58.628,0,40,0,0,410,43
58.644,0,40,0,0,410,43
58.660,0,40,0,0,410,43
58.676,0,40,0,0,410,43
58.681,0,40,0,0,410,43
58.708,0,40,0,0,410,43
58.724,0,40,0,0,410,43
58.736,0,0,0,0,410,43
58.755,0,0,0,0,410,43
58.772,0,0,0,0,410,43
58.788,0,0,0,0,410,43
58.804,0,0,0,0,410,43
58.820,0,0,0,0,410,43
58.837,0,0,0,0,410,43
58.852,0,0,0,0,410,43
58.868,0,0,0,0,410,43
58.883,0,0,0,0,410,43
58.899,0,0,0,0,410,43
58.915,0,0,0,0,410,43
58.931,0,0,0,0,410,43
58.942,0,0,0,0,410,43
58.963,0,0,0,0,410,43
58.980,0,0,0,0,410,43
58.995,0,0,0,0,410,43
59.011,0,0,0,0,410,43
59.027,0,0,0,0,410,43
59.043,0,0,0,0,410,43
59.059,0,0,0,0,410,43
59.075,0,0,0,0,410,43
59.091,0,0,0,0,410,43
59.107,0,0,0,0,410,43
59.123,0,0,0,0,410,43
59.139,0,0,0,0,410,43
59.156,0,0,0,0,410,43
59.172,0,0,0,0,410,43
59.188,0,0,0,0,410,43
59.204,0,0,0,0,410,43
59.220,0,0,0,0,410,43
59.236,0,0,0,0,410,43
59.251,0,0,0,0,410,43
59.267,0,0,0,0,410,43
59.283,0,0,0,0,410,43
59.300,0,0,0,0,410,43
59.315,0,0,0,0,410,43
59.331,0,0,0,0,410,43
59.347,0,0,0,0,410,43
59.363,0,0,0,0,410,43
59.379,0,0,0,0,410,43
59.395,0,0,0,0,410,43
59.411,0,0,0,0,410,43
59.427,0,0,0,0,410,43
59.443,0,0,0,0,410,43
59.459,0,0,0,0,410,43
59.475,0,0,0,0,410,43
59.493,0,0,0,0,410,43
59.507,0,0,0,0,410,43
59.523,0,0,0,0,410,43
59.539,0,0,0,0,410,43
59.555,0,0,0,0,410,43
59.571,0,0,0,0,410,43
59.587,0,0,0,0,410,43
59.598,0,0,0,0,410,43
59.619,0,0,0,0,410,43
59.635,0,0,0,0,400,43
59.651,0,0,0,0,400,43
59.667,0,0,0,0,400,43
59.683,0,0,0,0,400,43
59.701,0,0,0,0,400,43
59.716,0,0,0,0,400,43
59.732,0,0,0,0,400,43
59.748,0,0,0,0,400,43
59.763,0,0,0,0,400,43
59.780,0,0,0,0,400,43
59.795,0,0,0,0,400,43
59.811,0,0,0,0,400,43
59.827,0,0,0,0,400,43
59.843,0,0,0,0,400,43
59.859,0,0,0,0,400,43
59.875,0,0,0,0,400,43
59.891,0,0,0,0,400,43
59.907,0,0,0,0,400,43
59.924,0,0,0,0,400,43
59.940,0,0,0,0,400,43
59.956,0,0,0,0,400,43
59.972,0,0,0,0,400,43
59.988,0,0,0,0,400,43
60.004,0,0,0,0,400,43
60.020,0,0,0,0,400,43
60.036,0,0,0,0,400,43
60.052,0,0,0,0,400,43
60.071,0,0,0,0,400,43
60.084,0,0,0,0,400,43
60.102,0,0,0,0,400,43
60.117,0,0,0,0,400,43
60.148,0,0,0,0,400,43
60.158,0,0,0,0,400,43
60.180,0,0,0,0,400,43
60.196,0,0,0,0,400,43
60.211,0,0,0,0,400,43
60.227,0,0,0,0,400,43
60.243,0,0,0,0,400,43
60.259,0,0,0,0,400,43
60.276,0,0,0,0,400,43
60.291,0,0,0,0,400,43
60.323,0,0,0,0,400,43
60.339,0,0,0,0,400,43
60.355,0,0,0,0,400,43
60.371,0,0,0,0,400,43
60.387,0,0,0,0,400,43
60.403,0,0,0,0,400,43
60.419,0,0,0,0,400,43
60.435,0,0,0,0,400,43
60.451,0,0,0,0,400,43
60.467,0,0,0,0,400,43
60.483,0,0,0,0,400,43
60.499,0,0,0,0,400,43
60.504,0,0,0,0,400,43
60.531,0,0,0,0,400,43
60.547,0,0,0,0,400,43
60.563,0,0,0,0,400,43
60.579,0,0,0,0,400,43
60.595,0,0,0,0,400,43
60.611,0,0,0,0,400,43
60.627,0,0,0,0,400,43
60.643,0,0,0,0,400,43
60.660,0,0,0,0,400,43
60.674,0,0,0,0,400,43
60.690,0,0,0,0,400,43
60.706,0,0,0,0,400,43
60.723,0,0,0,0,400,43
60.738,0,0,0,0,400,43
60.754,0,0,0,0,400,43
60.770,0,0,0,0,400,43
60.787,0,0,0,0,400,43
60.802,0,0,0,0,400,43
60.818,0,0,0,0,400,43
60.831,0,0,0,0,400,43
60.851,0,0,0,0,400,43
60.867,0,0,0,0,400,43
60.883,0,0,0,0,400,43
60.888,0,0,0,40,400,43
60.899,0,0,0,40,400,43
60.915,0,0,0,40,400,43
60.931,0,0,0,40,400,43
60.947,0,0,0,40,400,43
60.963,0,0,0,40,400,43
60.979,0,0,0,40,400,43
60.995,0,0,0,40,400,43
61.011,0,0,0,40,400,43
61.027,0,0,0,40,400,43
61.043,0,0,0,40,400,43
61.059,0,0,0,40,400,43
61.077,0,0,0,40,400,44
61.091,0,0,0,40,400,44
61.107,0,0,0,40,400,44
61.122,0,0,0,40,400,44
61.138,0,0,0,40,400,44
61.154,0,0,0,40,400,44
61.170,0,0,0,40,400,44
61.186,0,0,0,40,400,44
61.202,0,0,0,40,400,46
61.218,0,0,0,40,400,46
61.234,0,0,0,40,400,46
61.250,0,0,0,40,400,46
61.266,0,0,0,40,400,46
61.282,0,0,0,40,400,46
61.298,0,0,0,40,400,49
61.309,0,0,0,40,400,49
61.330,0,0,0,40,400,49
61.343,0,0,0,40,400,49
61.362,0,0,0,40,400,49
61.379,0,0,0,40,400,49
61.394,0,0,0,40,400,49
61.410,0,0,0,40,400,51
61.426,0,0,0,0,400,51
61.442,0,0,0,0,400,51
61.458,0,0,0,0,400,51
61.474,0,0,0,0,400,51
61.490,0,0,0,0,400,51
61.506,0,0,0,0,400,51
61.521,0,0,0,0,400,54
61.538,0,0,0,0,400,54
61.554,0,0,0,0,400,54
61.570,0,0,0,0,400,54
61.586,0,0,0,0,400,54
61.602,0,0,0,0,400,54
61.618,0,0,0,0,400,54
61.634,0,0,0,0,400,54
61.650,0,0,0,0,400,57
61.662,0,0,0,0,400,57
61.682,0,0,0,0,400,57
61.698,0,0,0,0,400,57
61.714,0,0,0,0,400,57
61.730,0,0,0,0,400,57
61.746,0,0,0,0,400,57
61.761,0,0,0,0,400,57
61.777,0,0,0,0,400,57
61.794,0,0,0,0,400,57
61.810,0,0,0,0,400,57
61.826,0,0,0,0,400,57
61.858,0,0,0,0,400,57
61.873,0,0,0,0,400,58
61.889,0,0,0,0,400,58
61.905,0,0,0,0,400,58
61.921,0,0,0,0,400,58
61.937,0,0,0,0,400,58
61.953,0,0,0,0,400,58
61.969,0,0,0,0,400,59
61.985,0,0,0,0,400,59
62.002,0,0,0,0,400,59
62.017,0,0,0,0,400,59
62.034,0,0,0,0,400,59
62.046,0,0,0,0,400,59
62.065,0,0,0,0,400,59
62.081,0,0,0,0,400,59
62.097,0,0,0,0,400,59
62.114,0,0,0,0,400,59
62.130,0,0,0,0,400,59
62.145,0,0,0,0,400,59
62.161,0,0,0,0,400,59
62.175,0,0,0,0,400,59
62.186,0,0,0,0,400,59
62.209,0,0,0,0,400,60
62.222,0,0,0,0,400,60
62.242,0,0,0,0,400,60
62.258,0,0,0,0,400,60
62.278,0,0,0,0,400,60
62.290,0,0,0,0,400,60
62.302,0,0,0,0,400,60
62.322,0,0,0,0,400,60
62.334,0,0,0,0,400,60
62.349,0,0,0,0,400,60
62.370,0,0,0,0,400,60
62.382,0,0,0,0,400,60
62.402,0,0,0,0,400,60
62.420,0,0,0,0,400,61
62.435,0,0,0,0,400,61
62.452,-40,0,0,0,400,61
62.466,-40,0,0,0,400,61
62.481,-40,0,0,0,400,61
62.494,-40,0,0,0,400,61
62.514,-40,0,0,0,400,61
62.530,-40,0,0,0,400,61
62.545,-40,0,0,0,400,61
62.561,-40,0,0,0,400,61
62.577,-40,0,0,0,400,61
62.593,-40,0,0,0,400,61
62.608,-40,0,0,0,400,61
62.624,-40,0,0,0,400,61
62.640,-40,0,0,0,400,61
62.656,-40,0,0,0,400,62
62.673,-40,0,0,0,400,62
62.688,-40,0,0,0,400,62
62.704,-40,0,0,0,400,62
62.720,-40,0,0,0,400,62
62.736,-40,0,0,0,400,62
62.752,-40,0,0,0,400,62
62.768,-40,0,0,0,400,62
62.779,-40,0,0,0,400,62
62.800,-40,0,0,0,400,62
62.816,-40,0,0,0,400,62
62.832,-40,0,0,0,400,62
62.849,-40,0,0,0,400,62
62.864,-40,0,0,0,400,62
62.880,-40,0,0,0,400,62
62.896,-40,0,0,0,400,62
62.912,-40,0,0,0,400,62
62.928,-40,0,0,0,400,62
62.944,-40,0,0,0,400,62
62.960,-40,0,0,0,400,62
62.976,-40,0,0,0,400,62
62.991,-40,0,0,0,400,62
63.007,-40,0,0,0,400,62
63.023,-40,0,0,0,400,62
63.039,-40,0,0,0,400,62
63.055,-40,0,0,0,400,62
63.061,-40,0,0,0,400,62
63.071,-40,0,0,0,400,62
63.087,-40,0,0,0,400,62
63.093,-40,0,0,0,400,62
63.103,-40,0,0,0,400,62
63.119,-40,0,0,0,400,62
63.124,-40,0,0,0,400,62
63.135,-40,0,0,0,400,62
63.151,-40,0,0,0,400,62
63.167,-40,0,0,0,400,62
63.180,-40,0,0,0,400,62
63.199,-40,0,0,0,400,62
63.215,-40,0,0,0,410,62
63.231,-40,0,0,0,410,62
63.247,-40,0,0,0,410,62
63.263,-40,0,0,0,410,62
63.278,-40,0,0,0,410,62
63.294,-40,0,0,0,410,62
63.310,-40,0,0,0,410,62
63.326,-40,0,0,0,410,62
63.342,-40,0,0,0,410,62
63.358,-40,0,0,0,410,62
63.374,-40,0,0,0,410,62
63.389,-40,0,0,0,410,62
63.396,-40,0,0,0,410,62
63.406,-40,0,0,0,410,62
63.413,-40,0,0,0,410,62
63.438,-40,0,0,0,410,62
63.454,-40,0,0,0,410,62
63.460,-40,0,0,0,410,62
63.470,-40,0,0,0,410,62
63.485,-40,0,0,0,410,62
63.502,-40,0,0,0,410,62
63.519,-40,0,0,0,410,62
63.524,-40,0,0,0,410,62
63.534,-40,0,0,0,410,62
63.550,-40,0,0,0,410,62
63.555,-40,0,0,0,410,62
63.566,-40,0,0,0,410,62
63.582,-40,0,0,0,410,62
63.588,-40,0,0,0,410,62
63.598,-40,0,0,0,410,62
63.614,-40,0,0,0,410,62
63.630,-40,0,0,0,410,62
63.646,-40,0,0,0,410,62
63.652,-40,0,0,0,410,62
63.662,-40,0,0,0,410,62
63.678,-40,0,0,0,410,62
63.694,0,0,0,0,410,62
63.710,0,0,0,0,410,62
63.725,0,0,0,0,410,62
63.741,0,0,0,0,410,62
63.760,0,0,0,0,410,62
63.773,0,0,0,0,410,62
63.789,0,0,0,0,410,62
63.805,0,0,0,0,410,62
63.821,0,0,0,0,410,62
63.837,0,-40,0,0,410,62
63.853,0,-40,0,0,410,62
63.861,0,-40,0,0,410,62
63.877,0,-40,0,0,410,62
63.892,0,-40,0,0,410,62
63.908,0,-40,0,0,410,62
63.919,0,-40,0,0,410,62
63.940,0,-40,0,0,410,62
63.956,0,-40,0,0,410,62
63.965,0,-40,0,0,400,62
63.977,0,-40,0,0,400,62
63.993,0,-40,0,0,400,62
64.010,0,-40,0,0,400,62
64.027,0,-40,0,0,400,62
64.051,0,-40,0,0,400,62
64.067,0,-40,0,0,400,62
64.083,0,-40,0,0,400,62
64.099,0,-40,0,0,400,62
64.115,0,-40,0,0,400,62
64.131,0,-40,0,0,400,62
64.147,0,-40,0,0,400,62
64.163,0,-40,0,0,400,62
64.179,0,-40,0,0,400,62
64.195,0,-40,0,0,400,62
64.211,0,-40,0,0,400,62
64.227,0,-40,0,0,400,62
64.243,0,-40,0,0,400,62
64.259,0,-40,0,0,400,62
64.274,0,-40,0,0,400,62
64.290,0,-40,0,0,400,62
64.306,0,-40,0,0,400,62
64.323,0,-40,0,0,400,62
64.339,0,-40,0,0,400,62
64.355,0,-40,0,0,400,62
64.367,0,-40,0,0,400,62
64.387,0,-40,0,0,400,62
64.403,0,-40,0,0,400,62
64.419,0,-40,0,0,400,62
64.444,0,-40,0,0,400,62
64.449,0,-40,0,0,400,62
64.460,0,-40,0,0,400,62
64.475,0,-40,0,0,400,62
64.492,0,-40,0,0,400,62
64.507,0,-40,0,0,400,62
64.523,0,-40,0,0,400,62
64.528,0,-40,0,0,400,62
64.544,0,-40,0,0,400,62
64.555,0,-40,0,0,400,62
64.571,0,-40,0,0,400,62
64.587,0,-40,0,0,400,62
64.594,0,-40,0,0,400,62
64.619,0,-40,0,0,400,62
64.626,0,-40,0,0,400,62
64.643,0,-40,0,0,400,62
64.648,0,-40,0,0,400,62
64.660,0,-40,0,0,400,62
64.673,0,-40,0,0,400,62
64.679,0,-40,0,0,400,62
64.690,0,-40,0,0,400,62
64.706,0,0,0,0,400,62
64.722,0,0,0,0,400,62
64.732,0,0,0,0,400,62
64.754,0,0,0,0,400,62
64.770,0,0,0,0,400,62
64.786,0,0,0,0,400,62
64.802,0,0,0,0,400,62
64.810,0,0,0,0,400,62
64.826,0,0,0,0,400,62
64.842,0,0,0,0,400,62
64.858,0,0,0,0,400,62
64.874,0,0,0,0,400,62
64.880,0,0,0,0,400,62
64.906,0,0,0,0,400,62
64.922,0,0,0,0,400,62
64.938,0,0,0,0,400,62
64.954,0,0,0,0,400,62
64.970,0,0,0,0,400,62
64.986,0,0,0,0,400,62
65.002,0,0,0,0,400,62
65.010,0,0,0,0,400,62
65.026,0,0,0,0,400,62
65.041,0,0,0,0,400,62
65.057,0,0,0,0,400,62
65.073,0,0,0,0,400,62
65.089,0,0,0,0,400,62
65.105,0,0,0,0,400,62
65.121,0,0,0,0,400,62
65.137,0,0,0,0,400,62
65.153,0,0,0,0,400,62
65.169,0,0,0,0,400,62
65.192,-40,0,0,0,400,62
65.201,-40,0,0,0,400,62
65.217,-40,0,0,0,400,62
65.241,-40,0,0,0,400,62
65.257,-40,0,0,0,400,62
65.274,-40,0,0,0,400,62
65.290,-40,0,0,0,400,62
65.305,-40,0,0,0,400,62
65.322,-40,0,0,0,400,62
65.338,-40,0,0,0,400,62
65.354,-40,0,0,0,400,62
65.370,-40,0,0,0,400,62
65.381,-40,0,0,0,400,62
65.402,-40,0,0,0,400,62
65.418,-40,0,0,0,400,62
65.434,-40,0,0,0,400,62
65.450,-40,0,0,0,400,62
65.466,-40,0,0,0,400,62
65.482,-40,0,0,0,400,62
65.498,-40,0,0,0,400,62
65.514,-40,0,0,0,400,62
65.546,-40,0,0,0,400,62
65.562,-40,0,0,0,400,62
65.578,-40,0,0,0,400,62
65.594,-40,0,0,0,400,62
65.603,0,0,0,0,400,62
65.626,0,0,0,0,400,62
65.642,0,0,0,0,400,62
65.658,0,0,0,0,400,62
65.674,0,0,0,0,400,62
65.690,0,0,0,0,400,62
65.706,0,0,0,0,400,62
65.722,0,0,0,0,400,62
65.738,0,0,0,0,400,62
65.754,0,0,0,0,400,62
65.770,0,0,0,0,400,62
65.786,0,0,0,0,400,62
65.802,0,0,0,0,400,62
65.818,0,0,0,0,400,62
65.834,0,0,0,0,400,62
65.839,-40,0,0,0,400,62
65.866,-40,0,0,0,400,62
65.882,-40,0,0,0,400,62
65.898,-40,0,0,0,400,62
65.913,-40,0,0,0,400,62
65.928,-40,0,0,0,400,62
65.946,-40,0,0,0,400,62
65.961,-40,0,0,0,400,62
65.977,-40,0,0,0,400,62
65.993,-40,0,0,0,400,62
66.009,-40,0,0,0,400,62
66.025,-40,0,0,0,400,62
66.041,-40,0,0,0,400,62
66.057,-40,0,0,0,400,62
66.073,-40,0,0,0,400,62
66.089,-40,0,0,0,400,62
66.105,-40,0,0,0,400,62
66.121,-40,0,0,0,400,62
66.137,-40,0,0,0,400,62
66.153,-40,0,0,0,410,62
66.169,-40,0,0,0,410,62
66.185,-40,0,0,0,410,62
66.203,-40,0,0,0,410,62
66.217,-40,0,0,0,410,62
66.233,-40,0,0,0,410,62
66.249,-40,0,0,0,410,62
66.265,-40,0,0,0,410,62
66.281,-40,0,0,0,410,62
66.298,-40,0,0,0,410,62
66.314,-40,0,0,0,410,62
66.330,-40,0,0,0,410,62
66.347,-40,0,0,0,410,62
66.361,-40,0,0,0,410,62
66.377,-40,0,0,0,410,62
66.393,-40,0,0,0,410,62
66.409,-40,0,0,0,410,62
66.426,-40,0,0,0,410,62
66.441,-40,0,0,0,410,62
66.457,-40,0,0,0,410,62
66.473,-40,0,0,0,410,62
66.484,-40,0,0,0,410,62
66.505,-40,0,0,0,410,62
66.521,-40,0,0,0,410,62
66.537,-40,0,0,0,410,62
66.553,-40,0,0,0,410,62
66.560,-40,0,0,0,410,62
66.585,-40,0,0,0,410,62
66.601,-40,0,0,0,410,62
66.616,-40,0,0,0,410,62
66.633,-40,0,0,0,410,62
66.649,-40,0,0,0,410,62
66.654,-40,0,0,0,410,62
66.665,-40,0,0,0,410,62
66.681,-40,0,0,0,410,62
66.686,-40,0,0,0,410,62
66.697,-40,0,0,0,410,62
66.712,-40,0,0,0,410,62
66.719,-40,0,0,0,410,62
66.729,-40,0,0,0,410,62
66.744,-40,0,0,0,410,62
66.752,-40,0,0,0,410,62
66.760,-40,0,0,0,410,62
66.776,-40,0,0,0,410,62
66.785,-40,0,0,0,410,62
66.809,-40,0,0,0,410,62
66.814,-40,0,0,0,410,62
66.840,-40,0,0,0,410,62
66.857,-40,0,0,0,410,62
66.873,-40,0,0,0,410,62
66.878,-40,0,0,0,410,62
66.905,-40,0,0,0,410,62
66.921,-40,0,0,0,410,62
66.939,-40,0,0,0,410,62
66.944,-40,0,0,0,410,62
66.968,-40,0,0,0,410,62
66.981,-40,0,0,0,410,62
67.000,-40,0,0,0,410,62
67.016,-40,0,0,0,410,62
67.031,-40,0,0,0,410,62
67.047,-40,0,0,0,410,62
67.063,-40,0,0,0,410,62
67.079,-40,0,0,0,410,62
67.089,-40,0,0,0,410,62
67.094,-40,0,0,0,410,62
67.110,-40,0,0,0,410,62
67.114,-40,0,0,0,410,62
67.141,-40,0,0,0,410,62
67.147,-40,0,0,0,410,62
67.173,-40,0,0,0,410,62
67.179,-40,0,0,0,410,62
67.204,-40,0,0,0,410,62
67.210,-40,0,0,0,410,62
67.237,-40,0,0,0,410,62
67.253,-40,0,0,0,410,62
67.269,-40,0,0,0,400,62
67.285,-40,0,0,0,400,62
67.301,-40,0,0,0,400,62
67.306,-40,0,0,0,400,62
67.333,-40,0,0,0,400,62
67.349,-40,0,0,0,400,62
67.364,-40,0,0,0,400,62
67.368,-40,0,0,0,400,62
67.380,-40,0,0,0,400,62
67.397,-40,0,0,0,400,62
67.402,-40,0,0,0,400,62
67.429,-40,0,0,0,400,62
67.434,-40,0,0,0,400,62
67.445,-40,0,0,0,400,62
67.463,-40,0,0,0,400,62
67.479,-40,0,0,0,400,62
67.493,-40,0,0,0,410,62
67.509,-40,0,0,0,410,62
67.526,-40,0,0,0,410,62
67.541,-40,0,0,0,410,62
67.553,-40,0,0,0,410,62
67.574,-40,0,0,0,410,62
67.584,-40,0,0,0,410,62
67.605,-40,0,0,0,410,62
67.610,-40,0,0,0,410,62
67.621,-40,0,0,0,410,62
67.637,-40,0,0,0,410,62
67.642,-40,0,0,0,410,62
67.653,-40,0,0,0,410,62
67.669,-40,0,0,0,410,62
67.673,-40,0,0,0,410,62
67.685,-40,0,0,0,410,62
67.701,-40,0,0,0,410,62
67.708,-40,0,0,0,410,62
67.720,-40,0,0,0,410,62
67.749,0,0,0,0,410,62
67.760,0,0,0,0,410,62
67.780,0,0,0,0,410,62
67.796,0,0,0,0,410,62
67.812,0,0,0,0,410,62
67.828,0,0,0,0,410,62
67.844,0,0,0,0,410,62
67.860,0,0,0,0,410,62
67.876,0,0,0,0,410,62
67.892,0,0,0,0,410,62
67.908,0,0,0,0,410,62
67.924,0,0,0,0,410,62
67.940,0,0,0,0,410,62
67.956,0,0,0,0,410,62
67.972,0,0,0,0,410,62
67.988,0,0,0,0,410,62
68.004,0,0,0,0,410,62
68.020,0,0,0,0,410,62
68.036,0,0,0,0,410,62
68.052,0,0,0,0,410,62
68.068,0,0,0,0,410,62
68.083,0,0,0,0,410,62
68.099,0,0,0,0,410,62
68.115,0,0,0,0,410,62
68.131,0,0,0,0,410,62
68.147,0,0,0,0,410,62
68.163,0,0,0,0,410,62
68.179,0,0,0,0,410,62
68.195,0,0,0,0,410,62
68.210,0,0,0,0,410,62
68.226,0,0,0,0,410,62
68.242,0,0,0,0,410,62
68.258,0,0,0,0,410,62
68.274,0,0,0,0,410,62
68.290,0,0,0,0,400,62
68.306,0,0,0,0,400,62
68.322,0,0,0,0,400,62
68.338,0,0,0,0,400,62
68.354,0,0,0,0,400,62
68.370,0,0,0,0,400,62
68.386,0,0,0,0,400,62
68.402,0,0,0,0,400,62
68.418,0,0,0,0,400,62
68.434,0,0,0,0,400,62
68.450,0,0,0,0,400,62
68.466,0,0,0,0,400,62
68.483,0,0,0,0,400,62
68.498,0,0,0,0,400,62
68.514,0,0,0,0,400,62
68.530,0,0,0,0,400,62
68.546,0,0,0,0,400,62
68.562,0,0,0,0,400,62
68.578,0,0,0,0,400,62
68.594,0,0,0,0,400,62
68.610,0,0,0,0,400,62
68.626,0,0,0,0,400,62
68.642,0,0,0,0,400,62
68.647,0,0,0,0,400,62
68.674,0,0,0,0,400,62
68.690,0,0,0,0,400,62
68.706,0,0,0,0,400,62
68.722,0,0,0,0,400,62
68.738,0,0,0,0,400,62
68.754,0,0,0,0,400,62
68.770,0,0,0,0,400,62
68.786,0,0,0,0,400,62
68.802,0,0,0,0,400,62
68.818,0,0,0,0,400,62
68.834,0,0,0,0,400,62
68.850,0,0,0,0,390,62
68.866,0,0,0,0,390,62
68.882,0,0,0,0,390,62
68.898,0,0,0,0,390,62
68.916,0,0,0,0,390,62
68.930,0,0,0,0,390,62
68.943,0,0,0,0,390,62
68.954,0,0,0,0,390,62
68.962,0,0,0,0,390,62
68.978,0,0,0,0,390,62
68.992,0,0,0,0,390,62
69.004,0,0,0,0,390,62
69.026,0,0,0,0,390,62
69.039,0,0,0,0,390,62
69.057,0,0,0,0,390,62
69.073,0,0,0,0,390,62
69.089,0,0,0,0,390,62
69.105,0,0,0,0,390,62
69.122,0,0,0,0,390,62
69.135,0,0,0,0,390,62
69.148,0,0,0,0,390,62
69.170,0,0,0,0,390,62
69.182,0,0,0,0,400,62
69.201,0,0,0,0,400,62
69.217,0,0,0,0,400,62
69.233,0,0,0,0,400,62
69.245,0,0,0,0,400,62
69.265,0,0,0,0,400,62
69.278,0,0,0,0,400,62
69.297,0,0,0,0,400,62
69.313,0,0,0,0,400,62
69.327,0,0,0,0,400,62
69.345,0,0,0,0,400,62
69.361,0,0,0,0,400,62
69.376,0,0,0,0,400,62
69.392,0,0,0,0,400,62
69.408,0,0,0,0,400,62
69.424,0,0,0,0,400,62
69.441,0,0,0,0,400,62
69.456,0,0,0,0,400,62
69.472,0,0,0,0,400,62
69.488,0,0,0,0,400,62
69.504,0,0,0,0,400,62
69.520,0,0,0,0,400,62
69.536,0,0,0,0,400,62
69.552,0,0,0,0,400,62
69.568,0,0,0,0,400,62
69.583,0,0,0,0,400,62
69.599,0,0,0,0,400,62
69.615,0,0,0,0,400,62
69.631,0,0,0,0,400,62
69.647,0,0,0,0,400,62
69.663,0,0,0,0,400,62
69.680,0,0,0,0,400,62
69.695,0,0,0,0,400,62
69.712,0,0,0,0,400,62
69.729,0,0,0,0,400,62
69.743,0,0,0,0,400,62
69.759,0,0,0,0,400,62
69.775,0,0,0,0,400,62
69.788,0,0,0,0,400,62
69.807,0,0,0,0,400,62
69.823,0,0,0,0,400,62
69.839,0,0,0,0,400,62
69.855,0,0,0,0,400,62
69.871,0,0,0,0,400,62
69.887,0,0,0,0,400,62
69.903,0,0,0,0,400,62
69.919,0,0,0,0,400,62
69.935,0,0,0,0,400,62
69.953,0,0,0,0,400,62
69.967,0,0,0,0,400,62
69.982,0,0,0,0,400,62
69.989,0,0,0,0,400,62
70.014,0,0,0,0,400,62
70.030,0,0,0,0,400,62
70.046,0,0,0,0,400,62
70.062,0,0,0,0,400,62
70.073,0,40,0,0,410,62
70.094,0,40,0,0,410,62
70.110,0,40,0,0,410,62
70.125,0,40,0,0,410,62
70.142,0,40,0,0,410,62
70.158,0,40,0,0,410,62
70.174,0,40,0,0,410,62
70.189,0,40,0,0,410,62
70.208,0,40,0,0,410,62
70.222,0,40,0,0,410,62
70.234,0,40,0,0,410,62
70.253,0,40,0,0,410,62
70.258,0,40,0,0,410,62
70.285,0,40,0,0,410,62
70.301,0,40,0,0,410,62
70.317,0,40,0,0,410,62
70.333,0,40,0,0,410,62
70.349,0,40,0,0,410,62
70.365,0,40,0,0,410,62
70.381,0,40,0,0,410,62
70.397,0,40,0,0,410,62
70.413,0,40,0,0,410,62
70.429,0,40,0,0,410,62
70.445,0,40,0,0,410,62
70.461,0,40,0,0,410,62
70.477,0,40,0,0,410,62
70.493,0,40,0,0,410,62
70.511,0,40,0,0,410,62
70.524,0,40,0,0,410,62
70.541,0,40,0,0,410,62
70.557,0,40,0,0,410,62
70.562,0,40,0,0,410,62
70.589,0,40,0,0,410,62
70.605,0,40,0,0,410,62
70.621,0,40,0,0,410,62
70.636,0,40,0,0,410,62
70.653,0,40,0,0,410,62
70.668,0,40,0,0,410,62
70.684,0,40,0,0,410,62
70.689,0,40,0,0,410,62
70.700,0,40,0,0,410,62
70.716,0,40,0,0,410,62
70.721,0,40,0,0,410,62
70.732,0,40,0,0,410,62
70.748,0,40,0,0,410,62
70.754,0,40,0,0,410,62
70.780,0,40,0,0,410,62
70.789,0,40,0,0,410,62
70.812,0,40,0,0,410,62
70.817,0,40,0,0,410,62
70.843,0,40,0,0,410,62
70.849,0,40,0,0,410,62
70.860,0,40,0,0,410,62
70.876,0,40,0,0,410,62
70.887,0,40,0,0,410,62
70.892,0,40,0,0,410,62
70.908,0,40,0,0,410,62
70.912,0,40,0,0,410,62
70.939,0,40,0,0,410,62
70.955,0,40,0,0,410,62
70.971,0,40,0,0,410,62
70.987,0,40,0,0,410,62
71.003,0,40,0,0,410,62
71.019,0,40,0,0,410,62
71.031,0,40,0,0,410,62
71.041,0,40,0,0,410,62
71.067,0,40,0,0,410,62
71.079,0,40,0,0,410,62
71.085,0,40,0,0,410,62
71.098,0,40,0,0,410,62
71.114,0,40,0,0,410,62
71.119,0,40,0,0,410,62
71.131,0,40,0,0,410,62
71.147,0,40,0,0,410,62
71.151,0,40,0,0,410,62
71.162,0,40,0,0,410,62
71.178,0,40,0,0,410,62
71.184,0,40,0,0,410,62
71.194,0,40,0,0,410,62
71.210,0,40,0,0,410,62
71.226,0,40,0,0,410,62
71.242,0,40,0,0,410,62
71.258,0,40,0,0,410,62
71.274,0,40,0,0,410,62
71.279,0,40,0,0,410,62
71.306,0,40,0,0,410,62
71.322,0,40,0,0,410,62
71.327,0,0,0,0,410,62
71.354,0,0,0,0,410,62
71.370,0,0,0,0,410,62
71.385,0,0,0,0,410,62
71.401,0,0,0,0,410,62
71.417,0,0,0,0,410,62
71.434,0,0,0,0,410,62
71.450,0,0,0,0,410,62
71.466,0,0,0,0,410,62
71.482,0,0,0,0,410,62
71.498,0,0,0,0,410,62
71.514,0,0,0,0,410,62
71.530,0,0,0,0,410,62
71.546,0,0,0,0,410,62
71.562,0,0,0,0,410,62
71.578,0,0,0,0,410,62
71.593,0,0,0,0,410,62
71.610,0,0,0,0,410,62
71.626,0,0,0,0,410,62
71.642,0,0,0,0,410,62
71.658,0,0,0,0,410,62
71.674,0,0,0,0,410,62
71.690,0,0,0,0,410,62
71.706,0,0,0,0,410,62
71.722,0,0,0,0,410,62
71.738,0,0,0,0,410,62
71.754,0,0,0,0,410,62
71.770,0,0,0,0,410,62
71.786,0,0,0,0,410,62
71.802,0,0,0,0,410,62
71.818,0,0,0,0,410,62
71.834,0,0,0,0,410,62
71.850,0,0,0,0,410,62
71.866,0,0,0,0,410,62
71.882,0,0,0,0,410,62
71.898,0,0,0,0,410,62
71.914,0,0,0,0,410,62
71.931,0,0,0,0,410,62
71.947,0,0,0,0,410,62
71.963,0,0,0,0,410,62
71.979,0,0,0,0,410,62
71.995,0,0,0,0,410,62
72.011,0,0,0,0,410,62
72.027,0,0,0,0,410,62
72.043,0,0,0,0,410,62
72.059,0,0,0,0,410,62
72.075,0,0,0,0,410,62
72.091,0,0,0,0,410,62
72.107,0,0,0,0,410,62
72.123,0,0,0,0,410,62
72.139,0,0,0,0,410,62
72.155,0,0,0,0,410,62
72.171,0,0,0,0,410,62
72.188,0,0,0,0,410,62
72.203,0,0,0,0,410,62
72.219,0,0,0,0,410,62
72.235,0,0,0,0,410,62
72.251,0,0,0,0,410,62
72.267,0,0,0,0,410,62
72.283,0,0,0,0,410,62
72.299,0,0,0,0,410,62
72.315,0,0,0,0,410,62
72.332,0,0,0,0,410,62
72.348,0,0,0,0,410,62
72.363,0,0,0,0,410,62
72.380,0,0,0,0,410,62
72.395,0,0,0,0,410,62
72.410,0,0,0,0,410,62
72.428,0,0,0,0,410,62
72.442,0,0,0,0,410,62
72.456,0,0,0,0,410,62
72.475,0,0,0,0,410,62
72.491,0,0,0,0,410,62
72.507,0,0,0,0,410,62
72.526,0,0,0,0,400,62
72.538,0,0,0,0,400,62
72.552,0,0,0,0,400,62
72.570,0,0,0,0,400,62
72.587,0,0,0,0,400,62
72.602,0,0,0,0,400,62
72.616,0,0,0,0,400,62
72.629,0,0,0,0,400,62
72.645,0,0,0,0,400,62
72.665,0,0,0,0,400,62
72.677,0,0,0,0,400,62
72.697,0,0,0,0,400,62
72.713,0,0,0,0,400,62
72.725,0,0,0,0,400,62
72.745,0,0,0,0,400,62
72.761,0,0,0,0,400,62
72.777,0,0,0,0,400,62
72.793,0,0,0,0,400,62
72.809,0,0,0,0,400,62
72.825,0,0,0,0,400,62
72.841,0,0,0,0,400,62
72.853,0,0,0,0,400,62
72.873,0,0,0,0,400,62
72.889,0,0,0,0,400,62
72.905,0,0,0,0,400,62
72.921,0,0,0,0,400,62
72.937,0,0,0,0,400,62
72.953,0,0,0,0,400,62
72.969,0,0,0,0,400,62
72.985,0,0,0,0,400,62
73.000,0,0,0,0,400,62
73.016,0,0,0,0,400,62
73.032,0,0,0,0,400,62
73.048,0,0,0,0,400,62
73.064,0,0,0,0,400,62
73.080,0,0,0,0,400,62
73.096,0,0,0,0,400,62
73.112,0,0,0,0,400,62
73.128,0,0,0,0,400,62
73.144,0,0,0,0,400,62
73.160,0,0,0,0,400,62
73.176,0,0,0,0,400,62
73.191,0,0,0,0,400,62
73.207,0,0,0,0,400,62
73.223,0,0,0,0,400,62
73.240,0,0,0,0,400,62
73.256,0,0,0,0,400,62
73.260,0,40,0,0,400,62
73.272,0,40,0,0,400,62
73.289,0,40,0,0,400,62
73.304,0,40,0,0,400,62
73.320,0,40,0,0,400,62
73.336,0,40,0,0,400,62
73.352,0,40,0,0,400,62
73.368,0,40,0,0,400,62
73.384,0,40,0,0,400,62
73.400,0,40,0,0,400,62
73.416,0,40,0,0,400,62
73.432,0,40,0,0,400,62
73.448,0,40,0,0,400,62
73.464,0,40,0,0,400,62
73.480,0,40,0,0,400,62
73.496,0,40,0,0,400,62
73.514,0,40,0,0,400,62
73.529,0,40,0,0,400,62
73.545,0,40,0,0,400,62
73.560,0,40,0,0,400,62
73.576,0,40,0,0,400,62
73.593,0,40,0,0,400,62
73.608,0,40,0,0,400,62
73.625,0,40,0,0,400,62
73.641,0,40,0,0,400,62
73.657,0,40,0,0,400,62
73.673,0,40,0,0,400,62
73.689,0,40,0,0,400,62
73.705,0,40,0,0,400,62
73.720,0,40,0,0,400,62
73.736,0,40,0,0,400,62
73.752,0,40,0,0,400,62
73.768,0,40,0,0,400,62
73.785,0,40,0,0,400,62
73.800,0,40,0,0,400,62
73.811,0,40,0,0,400,62
73.832,0,40,0,0,400,62
73.838,0,40,0,0,400,62
73.848,0,40,0,0,400,62
73.863,0,40,0,0,400,62
73.869,0,40,0,0,400,62
73.895,0,40,0,0,400,62
73.906,0,40,0,0,400,62
73.927,0,40,0,0,400,62
73.944,0,40,0,0,400,62
73.960,0,40,0,0,400,62
73.975,0,40,0,0,400,62
73.992,0,40,0,0,400,62
74.007,0,40,0,0,400,62
74.024,0,40,0,0,400,62
74.040,0,40,0,0,400,62
74.056,0,40,0,0,400,62
74.072,0,40,0,0,400,62
74.088,0,40,0,0,400,62
74.105,0,40,0,0,400,62
74.120,0,40,0,0,400,62
74.136,0,40,0,0,400,62
74.148,0,0,0,0,400,62
74.168,0,0,0,0,400,62
74.184,0,0,0,0,400,62
74.200,0,0,0,0,400,62
74.216,0,0,0,0,400,62
74.232,0,0,0,0,400,62
74.249,0,0,0,0,400,62
74.264,0,0,0,0,400,62
74.280,0,0,0,0,400,62
74.296,0,0,0,0,400,62
74.313,0,0,0,0,400,62
74.328,0,0,0,0,400,62
74.346,0,0,0,0,400,62
74.360,0,0,0,0,400,62
74.376,-40,0,0,0,400,62
74.392,-40,0,0,0,400,62
74.407,-40,0,0,0,400,62
74.423,-40,0,0,0,400,62
74.438,-40,0,0,0,400,62
74.455,-40,0,0,0,400,62
74.471,-40,0,0,0,400,62
74.487,-40,0,0,0,400,62
74.503,-40,0,0,0,400,62
74.518,-40,0,0,0,400,62
74.534,-40,0,0,0,400,62
74.550,-40,0,0,0,400,62
74.566,-40,0,0,0,400,62
74.581,-40,0,0,0,400,62
74.597,-40,0,0,0,400,62
74.613,-40,0,0,0,400,62
74.629,-40,0,0,0,400,62
74.645,-40,0,0,0,400,62
74.661,-40,0,0,0,400,62
74.677,-40,0,0,0,400,62
74.693,-40,0,0,0,400,62
74.709,-40,0,0,0,400,62
74.725,-40,0,0,0,400,62
74.741,-40,0,0,0,400,62
74.757,-40,0,0,0,400,61
74.773,-40,0,0,0,400,61
74.788,-40,0,0,0,400,61
74.804,-40,0,0,0,400,61
74.820,-40,0,0,0,400,61
74.836,-40,0,0,0,400,61
74.852,-40,0,0,0,400,61
74.868,-40,0,0,0,400,61
74.885,-40,0,0,0,400,61
74.895,-40,0,0,0,400,61
74.901,-40,0,0,0,400,61
74.916,-40,0,0,0,400,61
74.921,-40,0,0,0,400,61
74.948,-40,0,0,0,400,61
74.953,-40,0,0,0,400,61
74.980,-40,0,0,0,400,61
74.996,-40,0,0,0,400,61
75.012,-40,0,0,0,400,61
75.028,-40,0,0,0,400,61
75.044,-40,0,0,0,400,61
75.049,-40,0,0,0,400,61
75.075,-40,0,0,0,400,61
75.086,-40,0,0,0,400,61
75.107,-40,0,0,0,400,61
75.123,-40,0,0,0,400,61
75.139,-40,0,0,0,400,61
75.155,-40,0,0,0,400,61
75.171,-40,0,0,0,400,61
75.187,-40,0,0,0,400,61
75.194,-40,0,0,0,400,61
75.218,-40,0,0,0,400,62
75.234,-40,0,0,0,400,62
75.251,-40,0,0,0,400,62
75.256,-40,0,0,0,400,62
75.266,-40,0,0,0,400,62
75.283,-40,0,0,0,400,62
75.287,-40,0,0,0,400,62
75.298,-40,0,0,0,400,62
75.314,-40,0,0,0,400,62
75.321,-40,0,0,0,400,62
75.330,-40,0,0,0,400,62
75.346,-40,0,0,0,400,62
75.351,-40,0,0,0,400,62
75.364,-40,0,0,0,400,62
75.378,-40,0,0,0,400,62
75.395,-40,0,0,0,400,62
75.410,-40,0,0,0,400,62
75.426,-40,0,0,0,400,62
75.442,-40,0,0,0,400,62
75.460,-40,0,0,0,400,62
75.474,-40,0,0,0,400,62
75.490,-40,0,0,0,400,62
75.505,-40,0,0,0,400,62
75.510,-40,0,0,0,400,62
75.539,-40,0,0,0,400,62
75.553,-40,0,0,0,400,62
75.569,-40,0,0,0,400,62
75.585,-40,0,0,0,400,62
75.601,-40,0,0,0,400,62
75.617,-40,0,0,0,400,62
75.633,-40,0,0,0,400,62
75.649,-40,0,0,0,400,62
75.667,-40,0,0,0,400,62
75.681,-40,0,0,0,400,62
75.686,-40,0,0,0,400,62
75.714,-40,0,0,0,400,62
75.719,-40,0,0,0,400,62
75.729,-40,0,0,0,400,62
75.746,-40,0,0,0,400,62
75.752,-40,0,0,0,400,62
75.762,-40,0,0,0,400,62
75.778,-40,0,0,0,400,62
75.787,-40,0,0,0,400,62
75.809,-40,0,0,0,400,62
75.814,-40,0,0,0,400,62
75.841,-40,0,0,0,400,62
75.846,-40,0,0,0,400,62
75.872,-40,0,0,0,400,62
75.888,-40,0,0,0,400,62
75.904,-40,0,0,0,400,62
75.909,-40,0,0,0,400,62
75.936,-40,0,0,0,400,62
75.952,-40,0,0,0,400,62
75.969,-40,0,0,0,400,62
75.979,-40,0,0,0,400,62
75.984,-40,0,0,0,400,62
76.000,-40,0,0,0,400,62
76.016,-40,0,0,0,400,62
76.032,-40,0,0,0,400,62
76.048,-40,0,0,0,400,62
76.060,-40,0,0,0,400,62
76.080,-40,0,0,0,400,62
76.086,-40,0,0,0,400,62
76.111,-40,0,0,0,400,62
76.120,-40,0,0,0,400,62
76.143,-40,0,0,0,400,62
76.159,-40,0,0,0,400,62
76.175,-40,0,0,0,400,62
76.191,-40,0,0,0,400,62
76.207,-40,0,0,0,400,62
76.219,-40,0,0,0,400,62
76.224,-40,0,0,0,400,62
76.239,-40,0,0,0,400,62
76.244,-40,0,0,0,400,62
76.254,-40,0,0,0,400,62
76.270,-40,0,0,0,400,62
76.280,-40,0,0,0,400,62
76.302,-40,0,0,0,400,62
76.308,-40,0,0,0,400,62
76.334,-40,0,0,0,400,62
76.350,-40,0,0,0,400,62
76.366,-40,0,0,0,400,62
76.382,-40,0,0,0,400,62
76.397,-40,0,0,0,400,62
76.407,-40,0,0,0,400,62
76.414,-40,0,0,0,400,62
76.428,-40,0,0,0,400,62
76.444,-40,0,0,0,400,62
76.460,-40,0,0,0,400,62
76.476,-40,0,0,0,400,62
76.492,-40,0,0,0,400,62
76.507,-40,0,0,0,400,62
76.523,-40,0,0,0,400,62
76.538,-40,0,0,0,400,62
76.544,-40,0,0,0,400,62
76.554,-40,0,0,0,400,62
76.571,-40,0,0,0,400,62
76.575,-40,0,0,0,400,62
76.588,-40,0,0,0,400,62
76.602,-40,0,0,0,400,62
76.606,-40,0,0,0,400,62
76.618,-40,0,0,0,400,62
76.633,-40,0,0,0,400,62
76.649,-40,0,0,0,400,62
76.665,-40,0,0,0,400,62
76.680,-40,0,0,0,400,62
76.696,-40,0,0,0,400,62
76.707,-40,0,0,0,400,62
76.727,-40,0,0,0,400,62
76.737,-40,0,0,0,400,62
76.759,-40,0,0,0,400,62
76.775,-40,0,0,0,400,62
76.790,-40,0,0,0,400,62
76.807,-40,0,0,0,400,62
76.822,-40,0,0,0,400,62
76.838,-40,0,0,0,400,62
76.849,-40,0,0,0,400,62
76.871,-40,0,0,0,400,62
76.886,-40,0,0,0,400,62
76.902,-40,0,0,0,400,62
76.912,-40,0,0,0,400,62
76.933,-40,0,0,0,400,62
76.944,-40,0,0,0,400,62
76.949,-40,0,0,0,400,62
76.965,-40,0,0,0,400,62
76.971,-40,0,0,0,400,62
76.981,-40,0,0,0,400,62
76.997,-40,0,0,0,400,62
77.013,-40,0,0,0,400,62
77.028,-40,0,0,0,400,62
77.044,-40,0,0,0,400,62
77.060,-40,0,0,0,400,62
77.074,-40,0,0,0,400,62
77.092,-40,0,0,0,400,62
77.108,-40,0,0,0,400,62
77.113,-40,0,0,0,400,62
77.139,-40,0,0,0,400,62
77.155,-40,0,0,0,400,62
77.171,-40,0,0,0,400,62
77.187,-40,0,0,0,400,62
77.194,-40,0,0,0,400,62
77.219,-40,0,0,0,400,62
77.235,-40,0,0,0,400,62
77.240,-40,0,0,0,400,62
77.267,-40,0,0,0,400,62
77.283,-40,0,0,0,400,62
77.299,-40,0,0,0,400,62
77.314,-40,0,0,0,400,62
77.325,-40,0,0,0,400,62
77.333,-40,0,0,0,400,62
77.348,-40,0,0,0,400,62
77.362,-40,0,0,0,400,62
77.378,-40,0,0,0,400,62
77.394,-40,0,0,0,400,62
77.399,-40,0,0,0,400,62
77.410,-40,0,0,0,400,62
77.425,-40,0,0,0,400,62
77.441,-40,0,0,0,400,62
77.456,-40,0,0,0,400,62
77.472,-40,0,0,0,400,62
77.488,-40,0,0,0,400,62
77.504,-40,0,0,0,400,62
77.520,-40,0,0,0,400,62
77.536,-40,0,0,0,400,62
77.567,-40,0,0,0,400,62
77.582,-40,0,0,0,400,62
77.598,-40,0,0,0,400,62
77.614,-40,0,0,0,400,62
77.630,-40,0,0,0,400,62
77.641,-40,0,0,0,400,62
77.662,-40,0,0,0,400,62
77.667,-40,0,0,0,400,62
77.694,-40,0,0,0,400,62
77.700,-40,0,0,0,400,62
77.710,-40,0,0,0,400,62
77.726,-40,0,0,0,400,62
77.731,-40,0,0,0,400,62
77.742,-40,0,0,0,400,62
77.758,-40,0,0,0,400,62
77.764,-40,0,0,0,400,62
77.774,-40,0,0,0,400,62
77.790,-40,0,0,0,400,62
77.806,-40,0,0,0,400,62
77.822,-40,0,0,0,400,62
77.837,-40,0,0,0,400,62
77.853,-40,0,0,0,400,62
77.869,-40,0,0,0,400,62
77.885,-40,0,0,0,400,62
77.901,-40,0,0,0,400,62
77.918,-40,0,0,0,400,62
77.929,-40,0,0,0,400,62
77.942,-40,0,0,0,400,62
77.964,-40,0,0,0,400,62
77.976,-40,0,0,0,400,62
77.995,-40,0,0,0,400,62
78.008,-40,0,0,0,400,62
78.027,-40,0,0,0,400,62
78.040,-40,0,0,0,400,62
78.059,-40,0,0,0,400,62
78.064,-40,0,0,0,400,62
78.075,-40,0,0,0,400,62
78.084,-40,0,0,0,400,62
78.106,-40,0,0,0,400,62
78.122,-40,0,0,0,400,62
78.128,-40,0,0,0,400,62
78.138,-40,0,0,0,400,62
78.154,-40,0,0,0,400,62
78.163,-40,0,0,0,400,62
78.182,-40,0,0,0,400,62
78.202,-40,0,0,0,400,62
78.214,-40,0,0,0,400,62
78.233,-40,0,0,0,400,62
78.249,-40,0,0,0,400,62
78.265,-40,0,0,0,400,62
78.282,-40,0,0,0,400,62
78.299,-40,0,0,0,400,62
78.305,-40,0,0,0,400,62
78.328,-40,0,0,0,400,62
78.342,-40,0,0,0,400,62
78.360,-40,0,0,0,400,62
78.376,-40,0,0,0,400,62
78.393,-40,0,0,0,400,62
78.411,-40,0,0,0,400,62
78.425,-40,0,0,0,400,62
78.433,-40,0,0,0,400,62
78.448,-40,0,0,0,400,62
78.463,-40,0,0,0,400,62
78.480,-40,0,0,0,400,62
78.491,-40,0,0,0,400,62
78.512,-40,0,0,0,400,62
78.517,-40,0,0,0,400,62
78.529,-40,0,0,0,400,62
78.543,-40,0,0,0,400,62
78.549,-40,0,0,0,400,62
78.560,-40,0,0,0,400,62
78.575,-40,0,0,0,400,62
78.588,-40,0,0,0,400,62
78.607,-40,0,0,0,400,62
78.623,-40,0,0,0,400,62
78.639,-40,0,0,0,400,62
78.654,-40,0,0,0,400,62
78.659,-40,0,0,0,400,62
78.670,-40,0,0,0,400,62
78.686,-40,0,0,0,400,62
78.691,-40,0,0,0,400,62
78.703,-40,0,0,0,400,62
78.717,-40,0,0,0,400,62
78.726,-40,0,0,0,400,62
78.744,-40,0,0,0,400,62
78.764,-40,0,0,0,400,62
78.770,-40,0,0,0,400,62
78.796,-40,0,0,0,400,62
78.811,-40,0,0,0,400,62
78.827,-40,0,0,0,400,62
78.840,-40,0,0,0,400,62
78.859,-40,0,0,0,400,62
78.875,-40,0,0,0,400,62
78.884,-40,0,0,0,400,62
78.906,-40,0,0,0,400,62
78.922,-40,0,0,0,400,62
78.938,-40,0,0,0,400,62
78.953,-40,0,0,0,400,62
78.967,-40,0,0,0,400,62
78.986,-40,0,0,0,400,62
79.002,-40,0,0,0,400,62
79.017,-40,0,0,0,400,62
79.033,-40,0,0,0,400,62
79.049,-40,0,0,0,400,62
79.053,-40,0,0,0,400,62
79.064,-40,0,0,0,400,62
79.080,-40,0,0,0,400,62
79.085,-40,0,0,0,400,62
79.096,-40,0,0,0,400,62
79.112,-40,0,0,0,400,62
79.117,-40,0,0,0,400,62
79.127,-40,0,0,0,400,62
79.143,-40,0,0,0,400,62
79.159,-40,0,0,0,400,62
79.175,-40,0,0,0,400,62
79.180,-40,0,0,0,400,62
79.207,-40,0,0,0,400,62
79.223,-40,0,0,0,400,62
79.239,-40,0,0,0,400,62
79.255,-40,0,0,0,400,62
79.272,-40,0,0,0,400,62
79.287,-40,0,0,0,400,62
79.300,-40,0,0,0,400,62
79.318,-40,0,0,0,400,62
79.334,-40,0,0,0,400,62
79.345,-40,0,0,0,400,62
79.351,-40,0,0,0,400,62
79.366,-40,0,0,0,400,62
79.382,-40,0,0,0,400,62
79.398,-40,0,0,0,400,62
79.414,-40,0,0,0,390,62
79.429,-40,0,0,0,390,62
79.445,-40,0,0,0,390,62
79.450,-40,0,0,0,390,62
79.465,-40,0,0,0,390,62
79.493,-40,0,0,0,390,62
79.504,-40,0,0,0,390,62
79.525,-40,0,0,0,390,62
79.541,-40,0,0,0,390,62
79.552,-40,0,0,0,390,62
79.572,-40,0,0,0,390,62
79.577,-40,0,0,0,390,62
79.604,-40,0,0,0,390,62
79.620,-40,0,0,0,390,62
79.636,-40,0,0,0,390,62
79.652,-40,0,0,0,390,62
79.668,-40,0,0,0,390,62
79.673,-40,0,0,0,390,62
79.689,-40,0,0,0,390,62
79.701,-40,0,0,0,390,62
79.711,-40,0,0,0,390,62
79.717,-40,0,0,0,390,62
79.732,-40,0,0,0,390,62
79.738,-40,0,0,0,390,62
79.764,-40,0,0,0,390,62
79.780,-40,0,0,0,390,62
79.796,-40,0,0,0,390,62
79.811,-40,0,0,0,390,62
79.816,-40,0,0,0,390,62
79.827,-40,0,0,0,390,62
79.843,-40,0,0,0,390,62
79.850,-40,0,0,0,390,62
79.859,-40,0,0,0,390,62
79.875,-40,0,0,0,390,62
79.881,-40,0,0,0,390,62
79.891,-40,0,0,0,390,62
79.907,-40,0,0,0,390,62
79.912,-40,0,0,0,390,62
79.938,-40,0,0,0,390,62
79.954,-40,0,0,0,390,62
79.970,-40,0,0,0,390,62
79.975,-40,0,0,0,390,62
80.002,-40,0,0,0,390,62
80.011,-40,0,0,0,390,62
80.034,-40,0,0,0,390,62
80.050,-40,0,0,0,390,62
80.066,-40,0,0,0,390,62
80.082,-40,0,0,0,390,62
80.097,0,0,0,0,390,62
80.113,0,0,0,0,390,62
80.130,0,0,0,0,390,62
80.146,0,0,0,0,390,62
80.162,0,0,0,0,390,62
80.178,0,0,0,0,390,62
80.194,0,0,0,0,390,62
80.210,0,0,0,0,390,62
80.226,0,0,0,0,390,62
80.242,0,0,0,0,390,62
80.259,0,0,0,0,390,62
80.275,0,0,0,0,390,62
80.290,0,0,0,0,390,62
80.306,0,0,0,0,390,62
80.322,0,0,0,0,390,62
80.338,0,0,0,0,390,62
80.354,0,0,0,0,390,62
80.370,0,0,0,0,390,62
80.375,0,0,0,0,390,62
80.402,0,0,0,0,390,62
80.418,0,0,0,0,400,62
80.433,0,0,0,0,400,62
80.451,0,0,0,0,400,62
80.467,0,0,0,0,400,62
80.484,0,0,0,0,400,62
80.509,0,0,0,0,400,62
80.525,0,0,0,0,400,62
80.542,0,0,0,0,400,62
80.559,0,0,0,0,400,62
80.575,0,0,0,0,400,62
80.592,0,0,0,0,400,62
80.600,0,0,0,0,400,62
80.608,0,0,0,0,400,62
80.614,0,40,0,0,400,62
80.631,0,40,0,0,400,62
80.644,0,40,0,0,400,62
80.660,0,40,0,0,400,62
80.676,0,40,0,0,400,62
80.693,0,40,0,0,400,62
80.709,0,40,0,0,400,62
80.718,0,40,0,0,400,62
80.737,0,40,0,0,400,62
80.755,0,40,0,0,400,62
80.772,0,40,0,0,400,62
80.788,0,40,0,0,400,62
80.797,0,40,0,0,400,62
80.822,0,40,0,0,400,62
80.830,0,40,0,0,400,62
80.847,0,40,0,0,400,62
80.857,0,40,0,0,400,62
80.874,0,40,0,0,400,62
80.890,0,40,0,0,400,62
80.898,0,40,0,0,400,62
80.913,0,40,0,0,400,62
80.934,0,40,0,0,400,62
80.943,0,40,0,0,400,62
80.960,0,40,0,0,400,62
80.977,0,40,0,0,400,62
80.994,0,40,0,0,400,62
81.010,0,40,0,0,400,62
81.020,0,40,0,0,400,62
81.028,0,40,0,0,400,62
81.045,0,40,0,0,400,62
81.053,0,40,0,0,400,62
81.070,0,40,0,0,410,62
81.087,0,40,0,0,410,62
81.109,0,40,0,0,410,62
81.126,0,40,0,0,410,62
81.131,0,40,0,0,410,62
81.141,0,40,0,0,410,62
81.161,0,40,0,0,410,62
81.167,0,40,0,0,410,62
81.191,0,40,0,0,410,62
81.197,0,40,0,0,410,62
81.207,0,40,0,0,410,62
81.224,0,40,0,0,410,62
81.237,0,40,0,0,410,62
81.248,0,40,0,0,410,62
81.264,0,40,0,0,410,62
81.280,0,40,0,0,410,62
81.296,0,40,0,0,410,62
81.312,0,40,0,0,410,62
81.328,0,40,0,0,410,62
81.360,0,40,0,0,410,62
81.376,0,40,0,0,410,62
81.389,0,40,0,0,410,62
81.400,0,40,0,0,410,62
81.424,0,40,0,0,410,62
81.429,0,40,0,0,410,62
81.440,0,40,0,0,410,62
81.455,0,40,0,0,410,62
81.461,0,40,0,0,410,62
81.488,0,40,0,0,410,62
81.494,0,40,0,0,410,62
81.503,0,40,0,0,410,62
81.519,0,40,0,0,410,62
81.531,0,40,0,0,410,62
81.551,0,40,0,0,410,62
81.567,0,40,0,0,410,62
81.583,0,40,0,0,410,62
81.594,0,40,0,0,410,62
81.616,0,40,0,0,410,62
81.632,0,40,0,0,410,62
81.647,0,40,0,0,410,62
81.663,0,40,0,0,410,62
81.679,0,40,0,0,410,62
81.695,0,40,0,0,410,62
81.711,0,40,0,0,410,62
81.727,0,40,0,0,410,62
81.743,0,40,0,0,410,62
81.759,0,40,0,0,410,62
81.775,0,40,0,0,410,62
81.791,0,40,0,0,410,62
81.807,0,40,0,0,410,62
81.823,0,40,0,0,410,62
81.839,0,40,0,0,410,62
81.855,0,40,0,0,410,62
81.866,0,40,0,0,410,62
81.887,0,40,0,0,410,62
81.891,0,40,0,0,410,62
81.903,0,40,0,0,410,62
81.919,0,40,0,0,410,62
81.924,0,40,0,0,410,62
81.935,0,40,0,0,410,62
81.951,0,40,0,0,400,62
81.957,0,40,0,0,400,62
81.967,0,40,0,0,400,62
81.983,0,40,0,0,400,62
81.989,0,40,0,0,400,62
81.999,0,40,0,0,400,62
82.015,0,40,0,0,400,62
82.027,0,40,0,0,400,62
82.047,0,0,0,0,400,62
82.063,0,0,0,0,400,62
82.079,0,0,0,0,400,62
82.095,0,0,0,0,400,62
82.111,0,0,0,0,400,62
82.127,0,0,0,0,400,62
82.143,0,0,0,0,400,62
82.159,0,0,0,0,400,62
82.175,0,0,0,0,400,62
82.191,0,0,0,0,400,62
82.208,0,0,0,0,400,62
82.223,0,0,0,0,400,62
82.239,0,0,0,0,400,62
82.257,0,0,0,0,400,62
82.271,0,0,0,0,400,62
82.287,0,0,0,0,400,62
82.303,0,0,0,0,400,62
82.319,0,0,0,0,400,62
82.336,0,0,0,0,400,62
82.352,0,0,0,0,400,62
82.368,0,0,0,0,400,62
82.384,0,0,0,0,400,62
82.400,0,0,0,0,400,62
82.416,0,0,0,0,400,62
82.432,0,0,0,0,400,62
82.448,0,0,0,0,400,62
82.464,0,0,0,0,400,62
82.482,0,0,0,0,400,62
82.498,0,0,0,0,400,62
82.512,0,0,0,0,400,62
82.528,0,0,0,0,400,62
82.543,0,0,0,0,400,62
82.559,0,0,0,0,400,62
82.575,0,0,0,0,400,62
82.591,0,0,0,0,400,62
82.607,0,0,0,0,400,62
82.623,0,0,0,0,400,62
82.639,0,0,0,0,400,62
82.655,0,0,0,0,400,62
82.670,0,0,0,0,400,62
82.687,0,0,0,0,400,62
82.702,0,0,0,0,400,62
82.718,0,0,0,0,400,62
82.734,0,0,0,0,400,62
82.750,0,0,0,0,400,62
82.766,0,0,0,0,400,62
82.782,0,0,0,0,400,62
82.797,0,0,0,0,400,62
82.813,0,0,0,0,400,62
82.829,0,0,0,0,400,62
82.845,0,0,0,0,400,62
82.861,0,0,0,0,400,62
82.877,0,0,0,0,400,62
82.892,0,0,0,0,400,62
82.908,0,0,0,0,400,62
82.921,0,0,0,0,400,62
82.940,0,0,0,0,400,62
82.956,0,0,0,0,400,62
82.972,0,0,0,0,400,62
82.988,0,0,0,0,400,62
83.005,0,0,0,0,400,62
83.021,0,0,0,0,400,62
83.037,0,0,0,0,400,62
83.054,0,0,0,0,400,62
83.069,0,0,0,0,400,62
83.080,0,0,0,40,400,62
83.086,0,0,0,40,400,62
83.101,0,0,0,40,400,62
83.117,0,0,0,40,400,62
83.133,0,0,0,40,400,62
83.149,0,0,0,40,400,62
83.165,0,0,0,40,400,62
83.181,0,0,0,40,400,62
83.197,0,0,0,40,400,62
83.213,0,0,0,40,400,62
83.230,0,0,0,40,400,62
83.245,0,0,0,40,400,62
83.261,0,0,0,40,400,62
83.277,0,0,0,40,400,62
83.293,0,0,0,40,400,63
83.309,0,0,0,40,400,63
83.325,0,0,0,40,400,63
83.341,0,0,0,40,400,63
83.357,0,0,0,40,400,63
83.372,0,0,0,40,400,63
83.389,0,0,0,40,400,63
83.404,0,0,0,40,400,63
83.411,0,0,0,40,400,65
83.436,0,0,0,40,400,65
83.452,0,0,0,40,400,65
83.468,0,0,0,40,400,65
83.484,0,0,0,40,400,65
83.500,0,0,0,40,400,65
83.516,0,0,0,40,400,67
83.532,0,0,0,40,400,67
83.548,0,0,0,40,400,67
83.564,0,0,0,40,400,67
83.580,0,0,0,40,400,67
83.591,0,0,0,40,400,67
83.612,0,0,0,40,400,67
83.628,0,0,0,40,400,70
83.644,0,0,0,40,400,70
83.656,0,0,0,40,400,70
83.661,0,0,0,40,400,70
83.677,0,0,0,40,400,70
83.681,0,0,0,40,400,70
83.695,0,0,0,40,400,70
83.709,0,0,0,40,400,70
83.727,0,0,0,40,400,70
83.733,0,0,0,40,400,70
83.741,0,0,0,40,400,72
83.757,0,0,0,40,400,72
83.773,0,0,0,40,400,72
83.789,0,0,0,40,400,72
83.804,0,0,0,40,400,72
83.820,0,0,0,40,400,72
83.837,0,0,0,40,400,72
83.852,0,0,0,40,400,72
83.858,0,0,0,40,400,76
83.884,0,0,0,40,400,76
83.889,0,0,0,40,400,76
83.899,0,0,0,40,400,76
83.916,0,0,0,40,400,76
83.920,0,0,0,40,400,76
83.931,0,0,0,40,400,76
83.948,0,0,0,40,400,76
83.954,0,0,0,40,400,76
83.964,0,0,0,40,400,76
83.980,0,0,0,40,400,76
83.996,0,0,0,40,400,76
84.012,0,0,0,40,400,76
84.025,0,0,0,40,400,76
84.044,0,0,0,40,400,76
84.050,0,0,0,40,400,76
84.061,0,0,0,40,400,76
84.076,0,0,0,40,400,81
84.081,0,0,0,40,400,81
84.091,0,0,0,40,400,81
84.107,0,0,0,40,400,81
84.118,0,0,0,40,400,81
84.140,0,0,0,40,400,81
84.156,0,0,0,40,400,81
84.172,0,0,0,40,400,81
84.188,0,0,0,40,400,83
84.204,0,0,0,40,400,83
84.209,0,0,0,40,400,83
84.236,0,0,0,40,400,83
84.252,0,0,0,40,400,83
84.269,0,0,0,40,400,83
84.285,0,0,0,40,400,83
84.301,0,0,0,40,400,86
84.317,0,0,0,40,400,86
84.333,0,0,0,40,400,86
84.349,0,0,0,40,400,86
84.354,0,0,0,40,400,86
84.365,0,0,0,40,400,86
84.381,0,0,0,40,400,86
84.386,0,0,0,40,400,86
84.397,0,0,0,40,400,86
84.413,0,0,0,40,400,86
84.419,0,0,0,40,400,88
84.429,0,0,0,40,400,88
84.445,0,0,0,40,400,88
84.450,0,0,0,40,400,88
84.461,0,0,0,40,400,88
84.477,0,0,0,40,400,88
84.482,0,0,0,40,400,88
84.509,0,0,0,40,400,88
84.514,0,0,0,40,400,88
84.527,0,0,0,40,400,91
84.541,0,0,0,40,400,91
84.557,0,0,0,40,400,91
84.573,0,0,0,40,400,91
84.581,0,0,0,40,400,91
84.605,0,0,0,40,400,91
84.621,0,0,0,0,400,91
84.637,0,0,0,0,400,93
84.653,0,0,0,0,400,93
84.669,0,0,0,0,400,93
84.685,0,0,0,0,400,93
84.701,0,0,0,0,400,93
84.716,0,0,0,0,400,93
84.733,0,0,0,0,400,93
84.749,0,0,0,0,400,93
84.765,0,0,0,0,400,95
84.781,0,0,0,0,400,95
84.798,0,0,0,0,400,95
84.813,0,0,0,0,400,95
84.829,0,0,0,0,400,95
84.845,0,0,0,0,400,95
84.860,0,0,0,0,400,95
84.876,0,0,0,0,400,98
84.892,0,0,0,0,400,98
84.908,0,0,0,0,400,98
84.924,0,0,0,0,400,98
84.940,0,0,0,0,400,98
84.956,0,0,0,0,400,98
84.972,0,0,0,0,400,98
84.988,0,0,0,0,400,98
85.004,0,0,0,0,400,98
85.020,0,0,0,0,400,98
85.036,0,0,0,0,400,98
85.052,0,0,0,0,400,98
85.068,0,0,0,0,400,98
85.085,0,0,0,0,400,98
85.101,0,0,0,0,400,98
85.117,0,0,0,0,400,98
85.133,0,0,0,0,400,98
85.149,0,0,0,0,400,98
85.164,0,0,0,0,400,98
85.181,0,0,0,0,400,98
85.197,0,0,0,0,400,99
85.213,0,0,0,0,400,99
85.228,0,0,0,0,400,99
85.244,0,0,0,0,400,99
85.260,0,0,0,0,400,99
85.276,0,0,0,0,400,99
85.290,0,0,0,0,400,99
85.308,0,0,0,0,400,99
85.324,0,0,0,0,400,99
85.340,0,0,0,0,400,99
85.356,0,0,0,0,400,99
85.372,0,0,0,0,400,99
85.388,0,0,0,0,400,99
85.404,0,0,0,0,400,99
85.420,0,0,0,0,400,99
85.453,0,0,0,0,400,99
85.468,0,0,0,0,400,99
85.484,0,0,0,0,400,99
85.500,0,0,0,0,400,99
85.516,0,0,0,0,400,99
85.532,0,0,0,0,410,99
85.548,0,0,0,0,410,99
85.564,0,0,0,0,410,99
85.580,0,0,0,0,410,99
85.596,0,0,0,0,410,99
85.613,0,0,0,0,410,99
85.628,0,0,0,0,410,99
85.644,0,0,0,0,410,99
85.660,0,0,0,0,410,99
85.677,0,0,0,0,410,99
85.692,0,0,0,0,410,99
85.707,0,0,0,0,410,99
85.724,0,0,0,0,410,99
85.739,0,0,0,0,410,99
85.755,0,0,0,0,410,99
85.772,0,0,0,0,410,99
85.787,0,0,0,0,410,99
85.804,0,0,0,0,410,99
85.822,0,0,0,0,410,99
85.851,0,0,0,0,410,99
85.868,0,-40,0,0,410,99
85.884,0,-40,0,0,410,99
85.910,0,-40,0,0,410,99
85.926,0,-40,0,0,410,99
85.939,0,-40,0,0,410,99
85.957,0,-40,0,0,410,99
85.971,0,-40,0,0,410,99
85.987,0,-40,0,0,410,99
85.996,0,-40,0,0,410,99
86.011,0,-40,0,0,410,99
86.027,0,-40,0,0,410,99
86.040,0,-40,0,0,410,99
86.051,0,-40,0,0,410,99
86.068,0,-40,0,0,410,99
86.084,0,-40,0,0,410,99
86.099,0,-40,0,0,410,99
86.115,0,-40,0,0,410,99
86.131,0,-40,0,0,410,99
86.147,0,-40,0,0,410,99
86.163,0,-40,0,0,410,99
86.178,0,-40,0,0,410,99
86.192,0,-40,0,0,410,99
86.210,0,-40,0,0,410,99
86.225,0,-40,0,0,410,99
86.241,0,-40,0,0,410,99
86.257,0,-40,0,0,410,99
86.272,0,-40,0,0,410,99
86.288,0,-40,0,0,410,99
86.305,0,-40,0,0,410,99
86.321,0,-40,0,0,410,99
86.337,0,-40,0,0,410,99
86.353,0,-40,0,0,410,99
86.369,0,-40,0,0,410,99
86.374,0,-40,0,0,410,99
86.401,0,-40,0,0,410,99
86.428,0,-40,0,0,410,99
86.443,0,-40,0,0,410,99
86.448,0,-40,0,0,410,99
86.475,0,-40,0,0,410,99
86.491,0,-40,0,0,410,99
86.507,0,-40,0,0,410,99
86.520,0,-40,0,0,410,99
86.539,0,-40,0,0,410,99
86.545,0,-40,0,0,410,99
86.556,0,-40,0,0,410,99
86.571,0,-40,0,0,410,99
86.577,0,-40,0,0,410,99
86.588,0,-40,0,0,410,99
86.603,0,-40,0,0,410,99
86.611,0,-40,0,0,410,99
86.617,0,-40,0,0,410,99
86.627,0,-40,0,0,410,99
86.642,0,-40,0,0,410,98
86.652,0,-40,0,0,410,98
86.675,0,-40,0,0,410,98
86.680,0,-40,0,0,410,98
86.691,0,-40,0,0,410,98
86.706,0,-40,0,0,410,98
86.722,0,-40,0,0,410,98
86.738,0,-40,0,0,410,98
86.754,0,-40,0,0,410,99
86.770,0,-40,0,0,410,99
86.777,0,-40,0,0,410,99
86.786,0,-40,0,0,410,99
86.795,0,-40,0,0,410,99
86.810,0,-40,0,0,410,99
86.815,0,-40,0,0,410,99
86.826,0,-40,0,0,410,99
86.841,0,-40,0,0,410,99
86.846,0,-40,0,0,410,99
86.857,0,-40,0,0,410,99
86.874,0,-40,0,0,410,99
86.882,0,-40,0,0,410,99
86.889,0,-40,0,0,410,99
86.905,0,-40,0,0,410,99
86.911,0,-40,0,0,410,99
86.921,0,-40,0,0,410,99
86.933,0,-40,0,0,410,99
86.949,0,-40,0,0,410,99
86.955,0,0,0,0,410,99
86.970,0,0,0,0,410,99
86.986,0,0,0,0,410,99
87.010,0,0,0,0,410,99
87.026,0,0,0,0,410,99
87.041,0,0,0,0,410,99
87.058,0,0,0,0,410,99
87.073,0,0,0,0,410,99
87.089,0,0,0,0,410,99
87.106,0,0,0,0,410,99
87.122,0,0,0,0,410,99
87.138,0,0,0,0,410,99
87.154,0,0,0,0,410,99
87.170,0,0,0,0,410,99
87.194,0,0,0,0,410,98
87.210,0,0,0,0,410,98
87.226,0,0,0,0,410,98
87.250,0,0,0,0,410,98
87.267,0,0,0,0,410,98
87.282,0,0,0,0,410,98
87.298,0,0,0,0,410,99
87.314,0,0,0,0,410,99
87.330,0,0,0,0,410,99
87.346,0,0,0,0,410,99
87.362,0,0,0,0,410,99
87.378,0,0,0,0,410,99
87.393,0,0,0,0,410,99
87.409,0,0,0,0,410,99
87.425,0,0,0,0,410,99
87.441,0,0,0,0,410,99
87.457,0,0,0,0,410,99
87.473,0,0,0,0,410,99
87.505,0,0,0,0,410,99
87.521,0,0,0,0,410,99
87.537,0,0,0,0,410,99
87.543,0,0,0,0,410,99
87.569,0,0,0,0,410,99
87.586,0,0,0,0,410,99
87.602,0,0,0,0,410,99
87.618,0,0,0,0,410,99
87.634,0,0,0,0,410,99
87.650,0,0,0,0,410,99
87.665,0,0,0,0,410,99
87.681,0,0,0,0,410,99
87.697,0,0,0,0,410,99
87.713,0,0,0,0,410,99
87.729,0,0,0,0,410,99
87.745,0,0,0,0,400,99
87.761,0,0,0,0,400,99
87.777,0,0,0,0,400,99
87.793,0,0,0,0,400,99
87.809,0,0,0,0,400,99
87.825,0,0,0,0,400,99
87.841,0,0,0,0,400,99
87.857,0,0,0,0,400,99
87.873,0,0,0,0,400,99
87.889,0,0,0,0,400,99
87.906,0,0,0,0,400,99
87.921,0,0,0,0,400,99
87.937,0,0,0,0,400,99
87.953,0,40,0,0,400,99
87.970,0,40,0,0,400,99
87.985,0,40,0,0,400,99
88.002,0,40,0,0,400,99
88.018,0,40,0,0,400,99
88.033,0,40,0,0,400,99
88.049,0,40,0,0,400,99
88.065,0,40,0,0,410,99
88.080,0,40,0,0,410,99
88.095,0,40,0,0,410,99
88.111,0,40,0,0,410,99
88.127,0,40,0,0,410,99
88.143,0,40,0,0,410,99
88.160,0,40,0,0,410,99
88.175,0,40,0,0,410,99
88.191,0,40,0,0,410,99
88.207,0,40,0,0,410,99
88.223,0,40,0,0,410,99
88.239,0,40,0,0,410,99
88.255,0,40,0,0,410,99
88.271,0,40,0,0,410,99
88.287,0,40,0,0,410,99
88.303,0,40,0,0,410,99
88.320,0,40,0,0,410,99
88.336,0,40,0,0,410,99
88.352,0,40,0,0,410,99
88.368,0,40,0,0,410,99
88.373,0,40,0,0,410,99
88.400,0,40,0,0,410,99
88.416,0,40,0,0,410,99
88.431,0,40,0,0,410,99
88.447,0,40,0,0,410,99
88.464,0,40,0,0,410,99
88.469,0,40,0,0,410,99
88.480,0,40,0,0,410,99
88.496,0,40,0,0,410,99
88.500,0,40,0,0,410,99
88.512,0,40,0,0,410,99
88.528,0,40,0,0,410,99
88.545,0,40,0,0,410,99
88.559,0,40,0,0,410,99
88.566,0,40,0,0,410,99
88.575,0,40,0,0,410,99
88.591,0,40,0,0,410,99
88.603,0,40,0,0,410,99
88.623,0,40,0,0,410,99
88.634,0,40,0,0,410,99
88.655,0,40,0,0,410,99
88.671,0,40,0,0,410,99
88.687,0,40,0,0,410,99
88.703,0,40,0,0,410,99
88.719,0,40,0,0,410,99
88.734,0,0,0,0,410,99
88.750,0,0,0,0,410,99
88.767,0,0,0,0,410,99
88.778,0,0,0,0,410,99
88.799,0,0,0,0,410,99
88.814,0,0,0,0,410,99
88.830,0,0,0,0,410,99
88.846,0,0,0,0,410,99
88.862,0,0,0,0,410,99
88.878,0,0,0,0,410,99
88.894,0,0,0,0,410,99
88.910,0,0,0,0,410,99
88.926,0,0,0,0,410,99
88.943,0,0,0,0,410,99
88.958,0,0,0,0,410,99
88.973,0,0,0,0,410,99
88.990,0,0,0,0,410,99
89.006,0,0,0,0,410,99
89.022,0,0,0,0,410,99
89.038,0,0,0,0,410,99
89.054,0,0,0,0,410,99
89.072,0,0,0,0,410,99
89.101,0,0,0,0,410,98
89.117,0,0,0,0,410,98
89.133,0,0,0,0,410,98
89.149,0,0,0,0,410,98
89.165,0,0,0,0,410,98
89.182,0,0,0,0,410,98
89.197,0,0,0,0,410,98
89.214,0,0,0,0,410,98
89.229,0,0,0,0,410,98
89.246,0,0,0,0,410,98
89.261,0,0,0,0,410,98
89.277,0,0,0,0,410,98
89.294,0,0,0,0,410,98
89.309,0,0,0,0,410,98
89.325,0,0,0,0,410,98
89.341,0,0,0,0,410,98
89.357,0,0,0,0,410,98
89.373,0,0,0,0,410,98
89.389,0,0,0,0,410,98
89.405,0,0,0,0,410,99
89.421,0,0,0,0,410,99
89.436,0,0,0,0,410,99
89.452,0,0,0,0,410,99
89.467,0,0,0,0,410,99
89.483,0,0,0,0,410,99
89.489,0,40,0,0,410,99
89.499,0,40,0,0,410,99
89.516,0,40,0,0,410,99
89.532,0,40,0,0,410,99
89.548,0,40,0,0,410,99
89.564,0,40,0,0,410,99
89.580,0,40,0,0,410,99
89.596,0,40,0,0,410,99
89.612,0,40,0,0,410,99
89.628,0,40,0,0,410,99
89.644,0,40,0,0,400,99
89.660,0,40,0,0,400,99
89.676,0,40,0,0,400,99
89.692,0,40,0,0,400,99
89.708,0,40,0,0,400,99
89.723,0,40,0,0,400,99
89.739,0,40,0,0,400,99
89.755,0,40,0,0,400,99
89.771,0,40,0,0,400,99
89.787,0,40,0,0,400,99
89.803,0,40,0,0,400,99
89.819,0,40,0,0,400,99
89.835,0,40,0,0,400,99
89.850,0,40,0,0,400,99
89.867,0,40,0,0,400,99
89.883,0,40,0,0,400,99
89.901,0,40,0,0,400,99
89.914,0,40,0,0,400,99
89.930,0,40,0,0,400,99
89.946,0,40,0,0,400,99
89.962,0,40,0,0,400,99
89.978,0,40,0,0,400,99
89.994,0,40,0,0,400,99
90.010,0,40,0,0,400,99
90.026,0,40,0,0,400,99
90.037,0,40,0,0,400,99
90.058,0,40,0,0,400,99
90.073,0,40,0,0,400,99
90.089,0,40,0,0,400,99
90.105,0,40,0,0,400,99
90.110,0,40,0,0,400,99
90.121,0,40,0,0,400,99
90.137,0,40,0,0,400,99
90.153,0,40,0,0,400,99
90.169,0,40,0,0,400,99
90.185,0,40,0,0,400,99
90.201,0,40,0,0,400,99
90.206,0,40,0,0,400,99
90.233,0,0,0,0,400,99
90.248,0,0,0,0,400,99
90.264,0,0,0,0,400,99
90.280,0,0,0,0,400,99
90.296,0,0,0,0,400,99
90.312,0,0,0,0,400,99
90.328,0,0,0,0,400,99
90.344,0,0,0,0,400,99
90.360,0,0,0,0,400,99
90.376,0,0,0,0,400,99
90.392,0,0,0,0,400,99
90.408,0,0,0,0,400,99
90.423,0,0,0,0,400,99
90.439,0,0,0,0,400,99
90.455,0,0,0,0,400,99
90.471,0,0,0,0,400,99
90.487,0,0,0,0,400,99
90.503,0,0,0,0,400,99
90.519,0,0,0,0,400,99
90.535,0,0,0,0,400,99
90.552,0,0,0,0,400,99
90.568,0,0,0,0,400,99
90.584,0,0,0,0,400,99
90.600,0,0,0,40,400,99
90.616,0,0,0,40,400,99
90.632,0,0,0,40,400,99
90.648,0,0,0,40,400,99
90.664,0,0,0,40,400,99
90.680,0,0,0,40,400,99
90.696,0,0,0,40,400,99
90.711,0,0,0,40,400,99
90.728,0,0,0,40,400,99
90.743,0,0,0,40,400,99
90.759,0,0,0,40,400,99
90.775,0,0,0,40,400,99
90.792,0,0,0,40,400,99
90.807,0,0,0,40,400,99
90.823,0,0,0,40,400,99
90.839,0,0,0,40,400,99
90.855,0,0,0,40,400,99
90.871,0,0,0,40,400,99
90.883,0,0,0,40,400,99
90.903,0,0,0,40,400,99
90.919,0,0,0,40,400,99
90.935,0,0,0,40,400,99
90.952,0,0,0,40,400,99
90.967,0,0,0,40,400,99
90.984,0,0,0,40,400,101
90.999,0,0,0,40,400,101
91.016,0,0,0,40,400,101
91.032,0,0,0,40,400,101
91.048,0,0,0,40,400,101
91.064,0,0,0,40,400,101
91.080,0,0,0,40,400,103
91.096,0,0,0,40,400,103
91.112,0,0,0,40,400,103
91.128,0,0,0,40,400,103
91.144,0,0,0,40,400,103
91.160,0,0,0,40,400,103
91.165,0,0,0,40,400,103
91.182,0,0,0,40,400,103
91.192,0,0,0,40,400,105
91.208,0,0,0,40,400,105
91.224,0,0,0,40,400,105
91.240,0,0,0,40,400,105
91.256,0,0,0,40,400,105
91.272,0,0,0,40,400,105
91.284,0,0,0,40,400,105
91.305,0,0,0,40,400,110
91.321,0,0,0,40,400,110
91.337,0,0,0,40,400,110
91.353,0,0,0,40,400,110
91.368,0,0,0,40,400,110
91.373,0,0,0,40,400,110
91.384,0,0,0,40,400,110
91.400,0,0,0,40,400,110
91.406,0,0,0,40,400,110
91.416,0,0,0,40,400,110
91.432,0,0,0,40,400,112
91.441,0,0,0,40,400,112
91.448,0,0,0,40,400,112
91.464,0,0,0,40,400,112
91.479,0,0,0,40,400,112
91.495,0,0,0,40,400,112
91.506,0,0,0,40,400,112
91.527,0,0,0,40,400,112
91.543,0,0,0,40,400,115
91.560,0,0,0,40,400,115
91.575,0,0,0,40,400,115
91.591,0,0,0,40,400,115
91.608,0,0,0,0,400,115
91.623,0,0,0,0,400,115
91.636,0,0,0,0,400,115
91.656,0,0,0,0,400,117
91.672,0,0,0,0,400,117
91.688,0,0,0,0,400,117
91.704,0,0,0,0,400,117
91.720,0,0,0,0,400,117
91.731,0,0,0,0,400,117
91.752,0,0,0,0,400,117
91.769,0,0,0,0,400,120
91.785,0,0,0,0,400,120
91.801,0,0,0,0,400,120
91.817,0,0,0,0,400,120
91.833,0,0,0,0,400,120
91.849,0,0,0,0,400,120
91.865,0,0,0,0,400,120
91.881,0,0,0,0,400,122
91.897,0,0,0,0,400,122
91.913,0,0,0,0,400,122
91.929,0,0,0,0,400,122
91.945,0,0,0,0,400,122
91.961,0,0,0,0,400,122
91.972,0,0,0,0,400,122
91.992,0,0,0,0,400,122
92.008,0,0,0,0,400,122
92.024,0,0,0,0,400,122
92.040,0,0,0,0,400,122
92.056,0,0,0,0,400,122
92.072,0,0,0,0,400,122
92.088,0,0,0,0,400,122
92.104,0,0,0,0,400,122
92.120,0,0,0,0,400,122
92.136,0,0,0,0,400,122
92.152,0,0,0,0,400,122
92.168,0,0,0,0,400,122
92.184,0,0,0,0,400,122
92.200,0,0,0,0,400,122
92.216,0,0,0,0,400,122
92.232,0,0,0,0,400,122
92.248,0,0,0,0,400,122
92.264,0,0,0,0,400,122
92.280,0,0,0,0,400,122
92.295,0,0,0,0,400,122
92.311,0,0,0,0,400,122
92.327,0,0,0,0,400,122
92.343,0,0,0,0,400,122
92.359,0,0,0,0,400,122
92.375,0,0,0,0,400,122
92.391,0,0,0,0,400,122
92.408,0,0,0,0,400,122
92.424,0,0,0,0,400,122
92.440,0,0,0,0,400,122
92.456,0,0,0,0,400,122
92.472,0,0,0,0,400,122
92.488,0,0,0,0,400,122
92.504,0,0,0,0,400,122
92.521,0,0,0,0,400,122
92.536,0,0,0,0,400,122
92.552,0,0,0,0,400,122
92.568,0,0,0,0,400,122
92.600,0,0,0,0,400,122
92.616,0,0,0,0,400,122
92.632,0,0,0,0,400,122
92.647,0,0,0,0,400,122
92.664,0,0,0,0,400,122
92.679,0,0,0,0,400,122
92.695,0,0,0,0,400,122
92.707,0,0,0,0,400,122
92.727,0,0,0,0,400,122
92.743,0,0,0,0,400,122
92.759,0,0,0,0,400,122
92.775,0,0,0,0,400,122
92.791,0,0,0,0,400,122
92.807,0,0,0,0,400,122
92.823,0,0,0,0,400,122
92.839,0,0,0,0,400,122
92.855,0,0,0,0,400,122
92.871,0,0,0,0,400,122
92.888,0,0,0,0,400,122
92.903,0,0,0,0,400,122
92.918,0,0,0,0,400,122
92.935,0,0,0,0,400,122
92.951,0,0,0,0,400,122
92.967,0,0,0,0,400,122
92.983,0,0,0,0,400,122
92.999,0,0,0,0,400,122
93.015,0,0,0,0,400,122
93.031,0,0,0,0,400,122
93.046,0,0,0,0,400,122
93.062,0,0,0,0,400,122
93.078,0,0,0,0,400,122
93.094,0,0,0,0,400,122
93.110,0,0,0,0,400,122
93.126,0,0,0,0,400,122
93.142,0,0,0,0,400,122
93.157,0,0,0,0,400,122
93.173,0,0,0,0,400,122
93.189,0,0,0,0,400,122
93.205,0,0,0,0,410,122
93.221,0,0,0,0,410,122
93.237,0,0,0,0,410,122
93.253,0,0,0,0,410,122
93.269,0,0,0,0,410,122
93.285,0,0,0,0,410,122
93.301,0,0,0,0,410,122
93.314,0,0,0,0,410,122
93.333,0,0,0,0,410,122
93.349,0,0,0,0,410,122
93.365,0,0,0,0,410,122
93.382,0,0,0,0,410,122
93.397,0,0,0,0,410,122
93.402,0,0,0,-40,410,122
93.413,0,0,0,-40,410,122
93.429,0,0,0,-40,410,122
93.445,0,0,0,-40,410,122
93.460,0,0,0,-40,410,122
93.476,0,0,0,-40,410,122
93.492,0,0,0,-40,410,122
93.509,0,0,0,-40,410,122
93.525,0,0,0,-40,410,122
93.541,0,0,0,-40,410,122
93.556,0,0,0,-40,410,122
93.572,0,0,0,-40,410,122
93.588,0,0,0,-40,410,122
93.604,0,0,0,-40,410,122
93.620,0,0,0,-40,410,122
93.637,0,0,0,-40,410,122
93.654,0,0,0,-40,410,122
93.668,0,0,0,-40,410,122
93.684,0,0,0,-40,410,122
93.699,0,0,0,-40,410,122
93.705,0,0,0,-40,410,122
93.731,0,0,0,-40,410,122
93.747,0,0,0,-40,410,122
93.764,0,0,0,-40,410,122
93.780,0,0,0,-40,410,119
93.796,0,0,0,-40,410,119
93.812,0,0,0,-40,410,119
93.828,0,0,0,-40,410,119
93.843,0,0,0,-40,410,119
93.860,0,0,0,-40,410,119
93.877,0,0,0,-40,400,117
93.892,0,0,0,-40,400,117
93.907,0,0,0,-40,400,117
93.918,0,0,0,-40,400,117
93.924,0,0,0,-40,400,117
93.939,0,0,0,-40,400,117
93.955,0,0,0,-40,400,117
93.971,0,0,0,-40,400,117
93.987,0,0,0,-40,400,115
94.003,0,0,0,-40,400,115
94.019,0,0,0,-40,400,115
94.035,0,0,0,-40,400,115
94.046,0,0,0,0,400,115
94.068,0,0,0,0,400,115
94.084,0,0,0,0,400,115
94.100,0,0,0,0,400,112
94.116,0,0,0,0,400,112
94.132,0,0,0,0,400,112
94.148,0,0,0,0,400,112
94.164,0,0,0,0,400,112
94.180,0,0,0,0,400,112
94.196,0,0,0,0,400,112
94.211,0,0,0,0,400,107
94.227,0,0,0,0,400,107
94.243,0,0,0,0,400,107
94.259,0,0,0,0,400,107
94.275,0,0,0,0,400,107
94.291,0,0,0,0,400,107
94.307,0,0,0,0,400,107
94.323,0,0,0,0,400,107
94.339,0,0,0,0,400,107
94.355,0,0,0,0,400,107
94.371,0,0,0,0,400,107
94.387,0,0,0,0,400,107
94.403,0,0,0,0,400,107
94.419,0,0,0,0,400,107
94.436,0,0,0,0,400,107
94.451,0,0,0,0,400,107
94.467,0,0,0,0,400,107
94.483,0,0,0,0,400,107
94.499,0,0,0,0,400,107
94.515,0,0,0,0,400,107
94.531,0,0,0,0,400,107
94.547,0,0,0,0,400,107
94.563,0,0,0,0,400,107
94.579,-40,0,0,0,400,107
94.595,-40,0,0,0,400,107
94.611,-40,0,0,0,400,107
94.627,-40,0,0,0,400,107
94.643,-40,0,0,0,400,107
94.659,-40,0,0,0,400,107
94.674,-40,0,0,0,400,107
94.690,-40,0,0,0,400,107
94.706,-40,0,0,0,400,107
94.722,-40,0,0,0,400,107
94.738,-40,0,0,0,400,107
94.755,-40,0,0,0,400,107
94.771,-40,0,0,0,400,107
94.786,-40,0,0,0,400,107
94.802,-40,0,0,0,400,107
94.818,-40,0,0,0,400,107
94.834,-40,0,0,0,400,107
94.851,-40,0,0,0,400,107
94.866,-40,0,0,0,400,107
94.882,-40,0,0,0,400,107
94.899,-40,0,0,0,400,107
94.914,-40,0,0,0,400,107
94.931,-40,0,0,0,400,107
94.946,-40,0,0,0,400,107
94.963,-40,0,0,0,400,107
94.979,-40,0,0,0,400,107
94.995,-40,0,0,0,400,107
95.011,-40,0,0,0,400,107
95.027,-40,0,0,0,400,107
95.043,-40,0,0,0,400,107
95.059,-40,0,0,0,400,107
95.075,-40,0,0,0,400,107
95.091,-40,0,0,0,400,107
95.097,-40,0,0,0,400,107
95.107,-40,0,0,0,400,107
95.123,-40,0,0,0,400,107
95.136,-40,0,0,0,400,107
95.155,-40,0,0,0,400,107
95.171,-40,0,0,0,400,107
95.177,-40,0,0,0,400,107
95.204,-40,0,0,0,400,107
95.219,-40,0,0,0,400,107
95.235,-40,0,0,0,400,107
95.268,-40,0,0,0,400,107
95.283,-40,0,0,0,400,107
95.299,-40,0,0,0,400,107
95.315,-40,0,0,0,400,107
95.331,-40,0,0,0,400,107
95.347,-40,0,0,0,400,107
95.352,-40,0,0,0,400,107
95.379,-40,0,0,0,400,107
95.395,-40,0,0,0,400,107
95.411,-40,0,0,0,400,107
95.427,-40,0,0,0,400,107
95.442,-40,0,0,0,400,107
95.458,-40,0,0,0,400,107
95.463,-40,0,0,0,400,107
95.474,-40,0,0,0,400,107
95.490,-40,0,0,0,400,107
95.500,-40,0,0,0,400,107
95.522,-40,0,0,0,400,107
95.527,-40,0,0,0,400,107
95.538,-40,0,0,0,400,107
95.553,-40,0,0,0,400,107
95.560,-40,0,0,0,400,107
95.586,-40,0,0,0,400,107
95.591,-40,0,0,0,400,107
95.601,-40,0,0,0,400,107
95.617,-40,0,0,0,400,107
95.633,-40,0,0,0,400,107
95.649,-40,0,0,0,400,107
95.665,-40,0,0,0,400,107
95.681,-40,0,0,0,400,107
95.697,-40,0,0,0,400,107
95.713,-40,0,0,0,400,107
95.729,-40,0,0,0,400,107
95.745,-40,0,0,0,400,107
95.756,-40,0,0,0,400,107
95.777,-40,0,0,0,400,107
95.783,-40,0,0,0,400,107
95.809,-40,0,0,0,400,107
95.825,-40,0,0,0,400,107
95.841,-40,0,0,0,400,107
95.857,-40,0,0,0,400,107
95.873,-40,0,0,0,400,107
95.890,-40,0,0,0,400,107
95.906,-40,0,0,0,400,107
95.921,-40,0,0,0,400,107
95.937,-40,0,0,0,400,107
95.953,-40,0,0,0,400,107
95.958,-40,0,0,0,400,107
95.969,-40,0,0,0,400,107
95.985,-40,0,0,0,400,107
95.990,-40,0,0,0,400,107
96.001,-40,0,0,0,400,107
96.017,-40,0,0,0,400,107
96.023,-40,0,0,0,400,107
96.033,-40,0,0,0,400,107
96.049,0,0,0,0,400,107
96.065,0,0,0,0,400,107
96.070,0,0,0,0,400,107
96.097,0,0,0,0,400,107
96.113,0,0,0,0,400,107
96.128,0,40,0,0,400,107
96.144,0,40,0,0,400,107
96.160,0,40,0,0,400,107
96.176,0,40,0,0,400,107
96.192,0,40,0,0,400,107
96.208,0,40,0,0,400,107
96.225,0,40,0,0,400,107
96.240,0,40,0,0,400,107
96.256,0,40,0,0,400,107
96.272,0,40,0,0,400,107
96.288,0,40,0,0,400,107
96.304,0,40,0,0,400,107
96.321,0,40,0,0,400,107
96.337,0,40,0,0,400,107
96.353,0,40,0,0,400,107
96.369,0,40,0,0,400,107
96.385,0,40,0,0,400,107
96.400,0,40,0,0,400,107
96.416,0,40,0,0,400,107
96.432,0,40,0,0,400,107
96.448,0,40,0,0,400,107
96.466,0,40,0,0,400,107
96.480,0,40,0,0,400,107
96.495,0,40,0,0,400,107
96.511,0,40,0,0,400,107
96.527,0,40,0,0,400,107
96.543,0,40,0,0,400,107
96.559,0,40,0,0,400,107
96.575,0,40,0,0,400,107
96.591,0,40,0,0,400,107
96.607,0,40,0,0,400,107
96.623,0,40,0,0,400,107
96.639,0,40,0,0,400,107
96.655,0,40,0,0,400,107
96.673,0,40,0,0,400,107
96.687,0,40,0,0,400,107
96.703,0,40,0,0,400,107
96.712,0,40,0,0,400,107
96.735,0,40,0,0,400,107
96.752,0,40,0,0,400,107
96.769,0,40,0,0,400,107
96.779,0,40,0,0,400,107
96.798,0,40,0,0,400,107
96.814,0,40,0,0,400,107
96.830,0,40,0,0,400,107
96.836,0,40,0,0,400,107
96.846,0,40,0,0,400,107
96.862,0,40,0,0,400,107
96.880,0,40,0,0,400,107
96.884,0,40,0,0,400,107
96.894,0,40,0,0,400,107
96.899,0,40,0,0,400,107
96.910,0,40,0,0,400,107
96.926,0,40,0,0,400,107
96.941,0,40,0,0,400,107
96.954,0,40,0,0,400,107
96.973,0,40,0,0,400,107
96.989,0,40,0,0,400,107
96.994,0,40,0,0,400,107
97.021,0,40,0,0,390,107
97.037,0,40,0,0,390,107
97.053,0,40,0,0,390,107
97.069,0,40,0,0,390,107
97.085,0,40,0,0,390,107
97.101,0,40,0,0,390,107
97.117,0,40,0,0,390,107
97.133,0,40,0,0,390,107
97.150,0,40,0,0,390,107
97.166,0,40,0,0,390,107
97.171,0,40,0,0,390,107
97.182,0,40,0,0,390,107
97.198,0,40,0,0,390,107
97.211,0,40,0,0,390,107
97.230,0,0,0,0,390,107
97.246,0,0,0,0,390,107
97.262,0,0,0,0,390,107
97.277,-40,0,0,0,390,107
97.293,-40,0,0,0,390,107
97.309,-40,0,0,0,390,107
97.326,-40,0,0,0,390,107
97.342,-40,0,0,0,390,107
97.358,-40,0,0,0,390,107
97.374,-40,0,0,0,390,107
97.390,-40,0,0,0,390,107
97.406,-40,0,0,0,390,107
97.422,-40,0,0,0,390,107
97.438,-40,0,0,0,390,107
97.453,-40,0,0,0,390,107
97.470,-40,0,0,0,400,107
97.485,-40,0,0,0,400,107
97.501,-40,0,0,0,400,107
97.517,-40,0,0,0,400,107
97.533,-40,0,0,0,400,107
97.550,-40,0,0,0,400,107
97.581,-40,0,0,0,400,107
97.597,-40,0,0,0,400,107
97.613,-40,0,0,0,400,107
97.629,-40,0,0,0,400,107
97.645,-40,0,0,0,400,107
97.661,-40,0,0,0,400,107
97.677,-40,0,0,0,400,107
97.693,-40,0,0,0,400,107
97.709,-40,0,0,0,400,107
97.725,-40,0,0,0,400,107
97.741,-40,0,0,0,400,107
97.757,-40,0,0,0,400,107
97.773,-40,0,0,0,400,107
97.784,-40,0,0,0,400,107
97.788,-40,0,0,0,400,107
97.804,-40,0,0,0,400,107
97.810,-40,0,0,0,400,107
97.836,-40,0,0,0,400,107
97.852,-40,0,0,0,400,107
97.868,-40,0,0,0,400,107
97.884,-40,0,0,0,400,107
97.900,-40,0,0,0,400,107
97.916,-40,0,0,0,400,107
97.921,-40,0,0,0,400,107
97.949,-40,0,0,0,400,107
97.964,-40,0,0,0,400,107
97.970,-40,0,0,0,400,107
97.981,-40,0,0,0,400,107
97.995,-40,0,0,0,400,107
98.011,-40,0,0,0,400,107
98.017,-40,0,0,0,400,107
98.027,-40,0,0,0,400,107
98.043,-40,0,0,0,400,107
98.055,-40,0,0,0,400,107
98.075,-40,0,0,0,400,107
98.079,-40,0,0,0,400,107
98.091,-40,0,0,0,400,107
98.107,-40,0,0,0,400,107
98.113,-40,0,0,0,400,107
98.123,-40,0,0,0,400,107
98.139,-40,0,0,0,400,107
98.145,-40,0,0,0,400,107
98.155,-40,0,0,0,400,107
98.171,-40,0,0,0,400,107
98.178,-40,0,0,0,400,107
98.189,-40,0,0,0,400,107
98.219,-40,0,0,0,400,107
98.235,-40,0,0,0,400,107
98.251,-40,0,0,0,400,107
98.268,-40,0,0,0,400,107
98.277,-40,0,0,0,400,107
98.299,-40,0,0,0,400,107
98.310,0,0,0,0,400,107
98.331,0,0,0,0,400,107
98.346,0,0,0,0,400,107
98.363,0,0,0,0,400,107
98.379,0,0,0,0,400,107
98.395,0,0,0,0,400,107
98.411,0,0,0,0,400,107
98.427,0,0,0,0,400,107
98.443,0,0,0,0,400,107
98.459,0,0,0,0,400,107
98.475,0,0,0,0,400,107
98.493,0,0,0,0,400,107
98.507,0,0,0,0,400,107
98.523,0,0,0,0,400,107
98.539,0,0,0,0,400,107
98.556,0,0,0,0,400,107
98.571,0,0,0,0,400,107
98.578,0,-40,0,0,400,107
98.595,0,-40,0,0,400,107
98.613,0,-40,0,0,400,107
98.628,0,-40,0,0,400,107
98.643,0,-40,0,0,400,107
98.659,0,-40,0,0,400,107
98.675,0,-40,0,0,400,107
98.691,0,-40,0,0,400,107
98.700,0,-40,0,0,400,107
98.711,0,-40,0,0,400,107
98.727,0,-40,0,0,400,107
98.744,0,-40,0,0,400,107
98.760,0,-40,0,0,400,107
98.776,0,-40,0,0,400,107
98.792,0,-40,0,0,400,107
98.808,0,-40,0,0,400,107
98.823,0,-40,0,0,400,107
98.841,0,-40,0,0,400,107
98.855,0,-40,0,0,400,107
98.871,0,-40,0,0,400,107
98.887,0,-40,0,0,410,107
98.903,0,-40,0,0,410,107
98.919,0,-40,0,0,410,107
98.935,0,-40,0,0,410,107
98.952,0,-40,0,0,410,107
98.968,0,-40,0,0,410,107
98.983,0,-40,0,0,410,107
98.999,0,-40,0,0,410,107
99.015,0,-40,0,0,410,107
99.029,0,-40,0,0,410,107
99.046,0,-40,0,0,410,107
99.062,0,-40,0,0,410,107
99.078,0,-40,0,0,410,107
99.095,0,-40,0,0,410,107
99.107,0,-40,0,0,410,107
99.113,0,-40,0,0,400,107
99.141,0,-40,0,0,400,107
99.147,0,-40,0,0,400,107
99.160,0,-40,0,0,400,107
99.174,0,-40,0,0,400,107
99.189,0,-40,0,0,400,107
99.205,0,-40,0,0,400,107
99.221,0,-40,0,0,400,107
99.237,0,-40,0,0,400,107
99.253,0,-40,0,0,400,107
99.261,0,-40,0,0,400,107
99.277,0,-40,0,0,400,107
99.282,0,-40,0,0,400,107
99.294,0,-40,0,0,400,107
99.309,0,-40,0,0,400,107
99.325,0,0,0,0,400,107
99.341,0,0,0,0,400,107
99.357,0,0,0,0,400,107
99.373,0,0,0,0,400,107
99.389,0,0,0,0,400,107
99.405,0,0,0,0,400,107
99.421,0,0,0,0,400,107
99.433,0,0,0,0,400,107
99.453,0,0,0,0,400,107
99.461,0,0,0,0,400,107
99.477,0,0,0,0,400,107
99.493,0,0,0,0,400,107
99.509,0,0,0,0,400,107
99.525,0,0,0,0,400,107
99.541,0,0,0,0,400,107
99.557,0,0,0,0,400,107
99.573,0,0,0,0,400,107
99.588,0,0,0,0,400,107
99.604,0,0,0,0,400,107
99.620,0,0,0,0,400,107
99.636,0,0,0,0,400,107
99.644,0,0,0,0,400,107
99.660,0,0,0,0,400,107
99.677,0,0,0,0,400,107
99.692,0,0,0,0,400,107
99.708,0,0,0,0,400,107
99.724,0,0,0,0,400,107
99.740,0,0,0,0,400,107
99.751,0,0,0,0,400,107
99.771,0,0,0,0,400,107
99.787,0,0,0,0,400,107
99.793,0,40,0,0,400,107
99.810,0,40,0,0,400,107
99.827,0,40,0,0,400,107
99.842,0,40,0,0,400,107
99.858,0,40,0,0,400,107
99.874,0,40,0,0,400,107
99.890,0,40,0,0,400,107
99.907,0,40,0,0,400,107
99.923,0,40,0,0,400,107
99.937,0,40,0,0,400,107
99.954,0,40,0,0,400,107
99.970,0,40,0,0,400,107
99.986,0,40,0,0,400,107
100.002,0,40,0,0,400,107
100.018,0,40,0,0,400,107
100.033,0,40,0,0,400,107
100.049,0,40,0,0,400,107
100.065,0,40,0,0,400,107
100.081,0,40,0,0,400,107
100.097,0,40,0,0,400,107
100.113,0,40,0,0,400,107
100.129,0,40,0,0,400,107
100.145,0,40,0,0,400,107
100.161,0,40,0,0,400,107
100.177,0,40,0,0,400,107
100.193,0,40,0,0,400,107
100.209,0,40,0,0,400,107
100.225,0,40,0,0,400,107
100.240,0,40,0,0,400,107
100.256,0,40,0,0,400,107
100.273,0,40,0,0,400,107
100.278,0,40,0,0,400,107
100.304,0,40,0,0,400,107
100.309,0,40,0,0,400,107
100.320,0,40,0,0,400,107
100.337,0,40,0,0,400,107
100.342,0,40,0,0,400,107
100.368,0,40,0,0,400,107
100.373,0,40,0,0,400,107
100.384,0,40,0,0,400,107
100.400,0,40,0,0,400,107
100.405,0,40,0,0,400,107
100.433,0,40,0,0,400,107
100.438,0,40,0,0,400,107
100.449,0,40,0,0,400,107
100.465,0,40,0,0,400,107
100.470,0,40,0,0,400,107
100.497,0,40,0,0,400,107
100.502,0,40,0,0,400,107
100.513,0,40,0,0,400,107
100.528,0,40,0,0,400,107
100.544,0,40,0,0,400,107
100.561,0,40,0,0,400,107
100.576,0,40,0,0,400,107
100.588,0,40,0,0,400,107
100.608,0,40,0,0,400,107
100.624,0,40,0,0,400,107
100.640,0,40,0,0,400,107
100.656,0,40,0,0,400,107
100.660,0,40,0,0,400,107
100.680,0,40,0,0,400,107
100.688,0,40,0,0,400,107
100.704,0,40,0,0,400,107
100.720,0,40,0,0,400,107
100.736,0,40,0,0,400,107
100.752,0,40,0,0,400,107
100.768,0,40,0,0,400,107
100.784,0,40,0,0,400,107
100.800,0,40,0,0,400,107
100.811,0,40,0,0,400,107
100.832,0,40,0,0,400,107
100.837,0,40,0,0,400,107
100.863,0,40,0,0,400,107
100.869,0,40,0,0,400,107
100.895,0,40,0,0,400,107
100.900,0,40,0,0,400,107
100.912,0,40,0,0,400,107
100.928,0,40,0,0,400,107
100.944,0,40,0,0,400,107
100.959,0,40,0,0,400,107
100.976,0,40,0,0,400,107
100.992,0,40,0,0,400,107
100.998,0,40,0,0,400,107
101.007,0,40,0,0,400,107
101.023,0,40,0,0,400,107
101.028,0,40,0,0,400,107
101.055,0,40,0,0,400,107
101.071,0,40,0,0,400,107
101.087,0,40,0,0,400,107
101.103,0,40,0,0,400,107
101.119,0,40,0,0,400,107
101.135,0,40,0,0,400,107
101.151,0,40,0,0,400,107
101.167,0,40,0,0,400,107
101.183,0,40,0,0,400,107
101.199,0,40,0,0,400,107
101.212,0,40,0,0,400,107
101.231,0,40,0,0,400,107
101.247,0,40,0,0,400,107
101.263,0,40,0,0,400,107
101.279,0,40,0,0,400,107
101.295,0,40,0,0,400,107
101.300,0,40,0,0,400,107
101.311,0,40,0,0,400,107
101.327,0,40,0,0,400,107
101.331,0,40,0,0,400,107
101.358,0,40,0,0,400,107
101.364,0,40,0,0,400,107
101.374,0,40,0,0,400,107
101.390,0,40,0,0,400,107
101.399,0,40,0,0,400,107
101.422,0,40,0,0,400,107
101.438,0,40,0,0,400,107
101.454,0,40,0,0,400,107
101.465,0,40,0,0,400,107
101.487,0,40,0,0,400,107
101.503,0,40,0,0,400,107
101.519,0,40,0,0,400,107
101.535,0,0,0,0,410,107
101.551,0,0,0,0,410,107
101.566,0,0,0,0,410,107
101.582,0,0,0,0,410,107
101.599,0,0,0,0,410,107
101.615,0,0,0,0,410,107
101.631,0,0,0,0,410,107
101.647,0,0,0,0,410,107
101.663,0,0,0,0,410,107
101.679,-40,0,0,0,410,107
101.695,-40,0,0,0,410,107
101.711,-40,0,0,0,410,107
101.728,-40,0,0,0,410,107
101.759,-40,0,0,0,410,107
101.775,-40,0,0,0,410,107
101.791,-40,0,0,0,410,107
101.807,-40,0,0,0,410,107
101.823,-40,0,0,0,410,107
101.839,-40,0,0,0,410,107
101.854,-40,0,0,0,410,107
101.870,-40,0,0,0,410,107
101.886,-40,0,0,0,410,107
101.902,-40,0,0,0,410,107
101.918,-40,0,0,0,410,107
101.934,-40,0,0,0,410,107
101.950,-40,0,0,0,410,107
101.966,-40,0,0,0,410,107
101.982,-40,0,0,0,410,107
101.997,-40,0,0,0,410,107
102.013,-40,0,0,0,410,107
102.030,-40,0,0,0,410,107
102.045,-40,0,0,0,410,107
102.061,-40,0,0,0,410,107
102.077,-40,0,0,0,410,107
102.093,-40,0,0,0,410,107
102.109,-40,0,0,0,410,107
102.125,-40,0,0,0,410,107
102.141,-40,0,0,0,410,107
102.157,-40,0,0,0,410,107
102.173,-40,0,0,0,410,107
102.178,-40,0,0,0,410,107
102.190,-40,0,0,0,410,107
102.205,-40,0,0,0,410,107
102.221,-40,0,0,0,410,107
102.226,-40,0,0,0,410,107
102.237,-40,0,0,0,410,107
102.253,-40,0,0,0,410,107
102.258,-40,0,0,0,410,107
102.269,-40,0,0,0,410,107
102.285,-40,0,0,0,410,107
102.291,-40,0,0,0,410,107
102.317,-40,0,0,0,410,107
102.327,-40,0,0,0,410,107
102.341,-40,0,0,0,410,107
102.349,-40,0,0,0,410,107
102.365,-40,0,0,0,410,107
102.381,-40,0,0,0,410,107
102.387,-40,0,0,0,410,107
102.397,-40,0,0,0,410,107
102.413,-40,0,0,0,410,107
102.429,-40,0,0,0,410,107
102.445,-40,0,0,0,410,107
102.450,-40,0,0,0,410,107
102.476,-40,0,0,0,410,107
102.481,-40,0,0,0,410,107
102.508,-40,0,0,0,410,107
102.514,-40,0,0,0,410,107
102.541,-40,0,0,0,410,107
102.558,-40,0,0,0,410,107
102.573,-40,0,0,0,410,107
102.582,-40,0,0,0,410,107
102.605,-40,0,0,0,410,107
102.621,-40,0,0,0,410,107
102.632,-40,0,0,0,410,107
102.653,-40,0,0,0,410,107
102.669,-40,0,0,0,410,107
102.685,-40,0,0,0,410,107
102.691,-40,0,0,0,410,107
102.701,-40,0,0,0,410,107
102.717,-40,0,0,0,410,107
102.726,-40,0,0,0,410,107
102.749,-40,0,0,0,410,107
102.755,-40,0,0,0,410,107
102.766,-40,0,0,0,410,107
102.781,-40,0,0,0,410,107
102.786,-40,0,0,0,410,107
102.797,-40,0,0,0,410,107
102.813,-40,0,0,0,410,107
102.818,-40,0,0,0,410,107
102.829,-40,0,0,0,410,107
102.845,-40,0,0,0,410,107
102.850,-40,0,0,0,410,107
102.861,-40,0,0,0,410,107
102.881,-40,0,0,0,410,107
102.886,-40,0,0,0,410,107
102.893,-40,0,0,0,410,107
102.909,-40,0,0,0,410,107
102.920,-40,0,0,0,410,107
102.927,-40,0,0,0,410,107
102.940,-40,0,0,0,410,107
102.956,-40,0,0,0,410,107
102.972,-40,0,0,0,410,107
102.976,-40,0,0,0,410,107
103.003,-40,0,0,0,410,107
103.019,-40,0,0,0,410,107
103.035,-40,0,0,0,410,107
103.051,-40,0,0,0,410,107
103.067,-40,0,0,0,410,107
103.083,-40,0,0,0,410,107
103.099,-40,0,0,0,410,107
103.115,-40,0,0,0,410,107
103.131,-40,0,0,0,410,107
103.146,-40,0,0,0,410,107
103.151,-40,0,0,0,410,107
103.177,-40,0,0,0,410,107
103.182,-40,0,0,0,410,107
103.194,-40,0,0,0,410,107
103.209,-40,0,0,0,410,107
103.214,-40,0,0,0,410,107
103.241,-40,0,0,0,410,107
103.246,-40,0,0,0,410,107
103.273,-40,0,0,0,410,107
103.290,-40,0,0,0,410,107
103.306,-40,0,0,0,410,107
103.311,-40,0,0,0,410,107
103.337,-40,0,0,0,410,107
103.342,-40,0,0,0,410,107
103.370,-40,0,0,0,410,107
103.386,-40,0,0,0,410,107
103.402,-40,0,0,0,410,107
103.407,-40,0,0,0,410,107
103.434,-40,0,0,0,410,107
103.450,-40,0,0,0,410,107
103.465,-40,0,0,0,410,107
103.474,-40,0,0,0,410,107
103.498,-40,0,0,0,410,107
103.513,-40,0,0,0,410,107
103.519,-40,0,0,0,410,107
103.545,-40,0,0,0,410,107
103.561,-40,0,0,0,410,107
103.577,-40,0,0,0,410,107
103.592,-40,0,0,0,410,107
103.608,-40,0,0,0,410,107
103.613,-40,0,0,0,410,107
103.624,-40,0,0,0,410,107
103.640,-40,0,0,0,410,107
103.645,-40,0,0,0,410,107
103.656,-40,0,0,0,410,107
103.672,-40,0,0,0,410,107
103.677,-40,0,0,0,410,107
103.688,-40,0,0,0,410,107
103.704,-40,0,0,0,410,107
103.710,-40,0,0,0,410,107
103.720,-40,0,0,0,410,107
103.736,-40,0,0,0,410,107
103.754,-40,0,0,0,410,107
103.768,-40,0,0,0,410,107
103.774,-40,0,0,0,410,107
103.784,-40,0,0,0,410,107
103.801,-40,0,0,0,410,107
103.816,-40,0,0,0,410,107
103.832,-40,0,0,0,410,107
103.848,-40,0,0,0,410,107
103.864,-40,0,0,0,410,107
103.880,-40,0,0,0,410,107
103.896,-40,0,0,0,410,107
103.913,-40,0,0,0,410,107
103.928,-40,0,0,0,410,107
103.945,-40,0,0,0,410,107
103.961,-40,0,0,0,410,107
103.976,-40,0,0,0,410,107
103.992,-40,0,0,0,410,107
104.007,-40,0,0,0,410,107
104.024,-40,0,0,0,410,107
104.040,-40,0,0,0,410,107
104.056,-40,0,0,0,410,107
104.071,-40,0,0,0,410,107
104.088,-40,0,0,0,410,107
104.105,-40,0,0,0,410,107
104.110,-40,0,0,0,410,107
104.120,-40,0,0,0,410,107
104.135,-40,0,0,0,410,107
104.140,-40,0,0,0,410,107
104.151,-40,0,0,0,410,107
104.169,-40,0,0,0,410,107
104.173,-40,0,0,0,410,107
104.183,-40,0,0,0,410,107
104.198,-40,0,0,0,410,107
104.214,-40,0,0,0,410,107
104.230,-40,0,0,0,410,107
104.246,-40,0,0,0,410,107
104.261,-40,0,0,0,410,107
104.278,-40,0,0,0,410,107
104.295,-40,0,0,0,410,107
104.312,-40,0,0,0,410,107
104.326,-40,0,0,0,410,107
104.342,-40,0,0,0,410,107
104.358,-40,0,0,0,410,107
104.374,-40,0,0,0,410,107
104.390,-40,0,0,0,410,107
104.406,-40,0,0,0,410,107
104.422,-40,0,0,0,410,107
104.439,-40,0,0,0,410,107
104.453,-40,0,0,0,410,107
104.469,-40,0,0,0,410,107
104.485,-40,0,0,0,410,107
104.501,-40,0,0,0,410,107
104.506,-40,0,0,0,410,107
104.517,-40,0,0,0,410,107
104.533,-40,0,0,0,410,107
104.538,-40,0,0,0,410,107
104.549,-40,0,0,0,410,107
104.565,-40,0,0,0,410,107
104.570,-40,0,0,0,410,107
104.597,-40,0,0,0,410,107
104.602,-40,0,0,0,410,107
104.613,-40,0,0,0,410,107
104.629,-40,0,0,0,410,107
104.634,-40,0,0,0,410,107
104.645,-40,0,0,0,410,107
104.663,-40,0,0,0,410,107
104.670,-40,0,0,0,410,107
104.692,-40,0,0,0,410,107
104.708,-40,0,0,0,410,107
104.724,-40,0,0,0,410,107
104.739,-40,0,0,0,410,107
104.755,-40,0,0,0,410,107
104.771,-40,0,0,0,410,107
104.787,-40,0,0,0,410,107
104.803,-40,0,0,0,410,107
104.819,-40,0,0,0,410,107
104.835,-40,0,0,0,410,107
104.851,-40,0,0,0,410,107
104.867,-40,0,0,0,410,107
104.879,-40,0,0,0,410,107
104.899,-40,0,0,0,410,107
104.914,-40,0,0,0,410,107
104.930,-40,0,0,0,410,107
104.935,-40,0,0,0,410,107
104.962,-40,0,0,0,410,107
104.967,-40,0,0,0,410,107
104.986,-40,0,0,0,410,107
104.993,-40,0,0,0,410,107
104.999,-40,0,0,0,410,107
105.009,-40,0,0,0,410,107
105.026,-40,0,0,0,410,107
105.042,-40,0,0,0,410,107
105.057,0,0,0,0,410,107
105.073,0,0,0,0,410,107
105.089,0,0,0,0,410,107
105.105,0,0,0,0,410,107
105.121,0,0,0,0,410,107
105.137,0,0,0,0,410,107
105.153,0,0,0,0,410,107
105.158,0,0,0,0,410,107
105.185,0,0,0,0,410,107
105.201,0,0,0,0,410,107
105.216,0,0,0,0,410,107
105.232,0,0,0,0,410,107
105.248,0,0,0,0,410,107
105.264,0,0,0,0,410,107
105.280,0,0,0,0,410,107
105.296,0,0,0,0,410,107
105.311,0,0,0,0,410,107
105.327,0,0,0,0,410,107
105.343,0,0,0,0,410,107
105.359,0,0,0,0,410,107
105.376,0,0,0,0,410,107
105.392,0,0,0,0,410,107
105.408,0,0,0,0,410,107
105.424,0,0,0,0,410,107
105.440,0,0,0,0,410,107
105.456,0,0,0,0,410,107
105.471,0,0,0,0,410,107
105.487,0,0,0,0,410,107
105.495,0,0,0,0,410,107
105.519,0,0,0,0,410,107
105.536,0,0,0,0,410,107
105.550,0,0,0,0,410,107
105.566,0,0,0,0,410,107
105.582,0,0,0,0,410,107
105.598,0,0,0,0,410,107
105.614,0,0,0,0,410,107
105.630,0,0,0,0,410,107
105.646,0,0,0,0,410,107
105.662,0,0,0,0,410,107
105.677,0,0,0,0,410,107
105.693,0,0,0,0,410,107
105.710,0,0,0,0,410,107
105.726,0,0,0,0,410,107
105.731,0,40,0,0,410,107
105.742,0,40,0,0,410,107
105.758,0,40,0,0,410,107
105.774,0,40,0,0,400,107
105.790,0,40,0,0,400,107
105.823,0,40,0,0,400,107
105.839,0,40,0,0,400,107
105.855,0,40,0,0,400,107
105.871,0,40,0,0,400,107
105.887,0,40,0,0,400,107
105.903,0,40,0,0,400,107
105.919,0,40,0,0,400,107
105.935,0,40,0,0,400,107
105.951,0,40,0,0,400,107
105.967,0,40,0,0,400,107
105.983,0,40,0,0,400,107
105.999,0,40,0,0,400,107
106.016,0,40,0,0,400,107
106.031,0,40,0,0,400,107
106.047,0,40,0,0,400,107
106.063,0,40,0,0,400,107
106.079,0,40,0,0,400,107
106.095,0,40,0,0,400,107
106.111,0,40,0,0,400,107
106.126,0,40,0,0,400,107
106.142,0,40,0,0,400,107
106.157,0,40,0,0,400,107
106.173,0,40,0,0,400,107
106.189,0,40,0,0,400,107
106.205,0,40,0,0,400,107
106.221,0,40,0,0,400,107
106.237,0,40,0,0,400,107
106.253,0,40,0,0,400,107
106.269,0,40,0,0,400,107
106.280,0,40,0,0,400,107
106.301,0,40,0,0,400,107
106.312,0,40,0,0,400,107
106.333,0,40,0,0,390,107
106.338,0,40,0,0,390,107
106.365,0,40,0,0,390,107
106.380,0,40,0,0,390,107
106.396,0,40,0,0,390,107
106.411,0,40,0,0,390,107
106.416,0,0,0,0,390,107
106.443,0,0,0,0,390,107
106.459,0,0,0,0,390,107
106.474,0,0,0,0,390,107
106.490,0,0,0,0,390,107
106.506,0,0,0,0,390,107
106.523,0,0,0,0,390,107
106.535,0,0,0,0,390,107
106.554,0,0,0,0,390,107
106.570,0,0,0,0,390,107
106.602,0,0,0,0,390,107
106.617,0,0,0,0,390,107
106.633,0,0,0,0,390,107
106.649,0,0,0,0,390,107
106.665,0,0,0,0,390,107
106.681,0,0,0,0,390,107
106.697,0,0,0,0,390,107
106.712,0,0,0,0,390,107
106.728,0,0,0,0,390,107
106.744,0,0,0,0,390,107
106.760,0,0,0,0,390,107
106.776,0,0,0,0,390,107
106.792,0,0,0,0,390,107
106.807,0,0,0,0,390,107
106.823,0,0,0,0,390,107
106.839,0,0,0,0,390,107
106.855,0,0,0,0,390,107
106.871,0,0,0,0,390,107
106.886,0,0,0,0,400,107
106.897,0,0,0,0,400,107
106.917,0,0,0,0,400,107
106.933,0,0,0,0,400,107
106.949,0,0,0,0,400,107
106.965,0,0,0,0,400,107
106.981,0,0,0,0,400,107
106.996,0,0,0,0,400,107
107.012,0,0,0,0,400,107
107.029,0,0,0,0,400,107
107.044,0,0,0,0,400,107
107.060,0,0,0,0,400,107
107.076,0,0,0,0,400,107
107.092,0,0,0,0,400,107
107.108,0,0,0,0,400,107
107.124,0,0,0,0,400,107
107.136,0,0,0,0,400,107
107.156,0,0,0,0,400,107
107.171,0,0,0,0,400,107
107.187,0,0,0,0,400,107
107.203,0,0,0,0,400,107
107.219,0,0,0,0,400,107
107.235,0,0,0,0,400,107
107.251,0,0,0,0,400,107
107.267,0,0,0,0,400,107
107.282,0,0,0,0,400,107
107.298,0,0,0,0,400,107
107.315,0,0,0,0,400,107
107.330,0,0,0,0,400,107
107.345,0,0,0,0,400,107
107.361,0,0,0,0,400,107
107.377,0,0,0,0,400,107
107.394,0,0,0,0,400,107
107.409,0,0,0,0,400,107
107.425,0,0,0,0,400,107
107.440,0,0,0,0,400,107
107.456,0,0,0,0,400,107
107.471,0,0,0,0,400,107
107.482,0,0,0,0,400,107
107.504,0,0,0,0,400,107
107.520,0,0,0,0,400,107
107.535,0,0,0,0,400,107
107.551,0,0,0,0,400,107
107.569,0,0,0,0,400,107
107.583,0,0,0,0,400,107
107.599,0,0,0,0,400,107
107.615,0,0,0,0,400,107
107.630,0,0,0,0,400,107
107.646,0,0,0,0,400,107
107.662,0,0,0,0,400,107
107.677,0,0,0,0,400,107
107.688,0,0,0,0,400,107
107.709,0,0,0,0,400,107
107.724,0,0,0,0,400,107
107.740,0,0,0,0,400,107
107.756,0,0,0,0,400,107
107.772,0,0,0,0,400,107
107.788,0,0,0,0,400,107
107.803,0,0,0,0,400,107
107.819,0,0,0,0,400,107
107.835,0,0,0,0,400,107
107.851,0,0,0,0,400,107
107.867,0,0,0,0,400,107
107.883,0,0,0,0,400,107
107.899,0,0,0,0,400,107
107.915,0,0,0,0,400,107
107.930,0,0,0,0,400,107
107.946,0,0,0,0,400,107
107.962,0,0,0,0,400,107
107.978,0,0,0,0,400,107
107.994,0,0,0,0,400,107
108.025,0,0,0,0,400,107
108.041,0,0,0,0,400,107
108.057,0,0,0,0,400,107
108.073,0,0,0,0,400,107
108.085,0,0,0,0,400,107
108.105,0,0,0,0,400,107
108.121,0,0,0,0,400,107
108.126,0,0,0,0,400,107
108.153,0,0,0,0,400,107
108.169,0,0,0,0,400,107
108.185,0,0,0,0,400,107
108.201,0,0,0,0,400,107
108.217,0,0,0,0,400,107
108.233,0,0,0,0,400,107
108.249,0,0,0,0,400,107
108.264,0,0,0,0,400,107
108.280,0,0,0,0,400,107
108.296,0,0,0,0,400,107
108.311,0,0,0,0,400,107
108.322,0,0,0,0,400,107
108.340,0,0,0,0,400,107
108.359,0,0,0,0,400,107
108.373,0,0,0,0,400,107
108.390,0,0,0,0,400,107
108.406,0,0,0,0,400,107
108.422,0,0,0,0,400,107
108.438,0,0,0,0,400,107
108.454,0,0,0,0,400,107
108.484,0,0,0,0,400,107
108.499,0,0,0,0,400,107
108.516,0,0,0,0,400,107
108.532,0,0,0,0,400,107
108.549,0,0,0,0,400,107
108.561,0,0,0,0,400,107
108.576,0,0,0,0,400,107
108.590,0,0,0,0,400,107
108.610,0,0,0,0,400,107
108.619,0,0,0,0,400,107
108.629,0,0,0,0,400,107
108.643,0,0,0,0,400,107
108.661,0,0,0,0,400,107
108.685,0,0,0,0,400,107
108.701,0,0,0,0,400,107
108.711,0,0,0,0,400,107
108.733,0,0,0,0,400,107
108.749,0,0,0,0,400,107
108.764,0,0,0,0,400,107
108.780,0,0,0,0,400,107
108.796,0,0,0,0,400,107
108.812,0,0,0,0,400,107
108.828,0,0,0,0,400,107
108.844,0,0,0,0,400,107
108.860,0,0,0,0,400,107
108.876,0,0,0,0,400,107
108.892,0,0,0,0,400,107
108.904,0,0,0,0,400,107
108.924,0,0,0,0,400,107
108.940,0,0,0,0,400,107
108.956,0,0,0,0,400,107
108.972,0,0,0,0,400,107
108.988,0,0,0,0,400,107
109.004,0,0,0,0,400,107
109.020,0,0,0,0,400,107
109.033,0,0,0,0,400,107
109.038,0,0,0,0,400,107
109.067,0,0,0,0,400,107
109.083,0,0,0,0,400,107
109.099,0,0,0,0,400,107
109.115,0,0,0,0,400,107
109.131,0,0,0,0,400,107
109.147,0,0,0,0,400,107
109.163,0,0,0,0,400,107
109.178,0,0,0,0,400,107
109.194,0,0,0,0,400,107
109.210,0,0,0,0,400,107
109.226,0,0,0,0,400,107
109.242,0,0,0,0,400,107
109.258,0,0,0,0,400,107
109.273,0,0,0,0,400,107
109.289,0,0,0,0,400,107
109.305,0,0,0,0,400,107
109.321,0,0,0,0,400,107
109.337,0,0,0,0,400,107
109.353,0,0,0,0,400,107
109.369,0,0,0,0,400,107
109.385,0,0,0,0,400,107
109.400,0,0,0,0,400,107
109.416,0,0,0,0,400,107
109.432,0,0,0,0,400,107
109.448,0,0,0,0,400,107
109.453,0,0,0,0,400,107
109.481,0,0,0,0,400,107
109.496,0,0,0,0,400,107
109.511,0,0,0,0,400,107
109.527,0,0,0,0,400,107
109.543,0,0,0,0,400,107
109.559,0,0,0,0,400,107
109.575,0,0,0,0,400,107
109.591,0,0,0,0,400,107
109.607,0,0,0,0,400,107
109.622,0,0,0,0,400,107
109.639,0,0,0,0,400,107
109.649,0,0,0,0,400,107
109.671,0,0,0,0,400,107
109.687,0,0,0,0,400,107
109.702,0,0,0,0,400,107
109.718,0,0,0,0,400,107
109.734,0,0,0,0,400,107
109.750,0,0,0,0,400,107
109.767,0,0,0,0,400,107
109.782,0,0,0,0,400,107
109.813,0,0,0,0,400,107
109.845,0,0,0,0,400,107
109.856,0,0,0,0,400,107
109.876,0,0,0,0,400,107
109.892,0,0,0,0,400,107
109.908,0,0,0,0,400,107
109.927,0,0,0,0,400,107
109.941,0,0,0,0,400,107
109.956,0,0,0,0,400,107
109.961,0,0,0,0,400,107
109.988,0,0,0,0,400,107
110.019,0,0,0,0,400,107
110.035,0,0,0,0,400,107
110.051,0,0,0,0,400,107
110.067,0,0,0,0,400,107
110.086,0,0,0,0,400,107
110.099,0,0,0,0,400,107
110.115,0,0,0,0,400,107
110.131,0,0,0,0,400,107
110.163,0,0,0,0,400,107
110.179,0,0,0,0,400,107
110.195,0,0,0,0,400,107
110.211,0,0,0,0,400,107
110.227,0,0,0,0,400,107
110.243,0,0,0,0,400,107
110.259,0,0,0,0,400,107
110.274,0,0,0,0,400,107
110.291,0,0,0,0,400,107
110.307,0,0,0,0,400,107
110.323,0,0,0,0,400,107
110.339,0,0,0,0,400,107
110.355,0,0,0,0,400,107
110.371,0,0,0,0,400,107
110.387,0,0,0,0,400,107
110.403,0,0,0,0,400,107
110.419,0,0,0,0,400,107
110.435,0,0,0,0,400,107
110.451,0,0,0,0,400,107
110.466,0,0,0,0,400,107
110.483,0,0,0,0,400,107
110.499,0,0,0,0,400,107
110.515,0,0,0,0,400,107
110.531,0,0,0,0,400,107
110.547,0,0,0,0,400,107
110.563,0,0,0,0,400,107
110.580,0,0,0,0,400,107
110.594,0,0,0,0,400,107
110.612,0,0,0,0,400,107
110.627,0,0,0,0,400,107
110.646,0,0,0,0,400,107
110.660,0,0,0,0,400,107
110.676,0,0,0,0,400,107
110.692,0,0,0,0,400,107
110.701,0,0,0,0,400,107
110.720,0,0,0,0,400,107
110.730,0,0,0,0,400,107
110.742,0,0,0,0,400,107
110.759,0,0,0,0,400,107
110.768,0,0,0,0,400,107
110.776,0,0,0,0,400,107
110.793,0,0,0,0,400,107
110.810,0,0,0,0,400,107
110.826,0,0,0,0,400,107
110.843,0,0,0,0,400,107
110.860,0,0,0,0,400,107
110.877,0,0,0,0,400,107
110.894,0,0,0,0,400,107
110.910,0,0,0,0,400,107
110.927,0,0,0,0,400,107
110.935,0,0,0,0,400,107
110.960,0,0,0,0,400,107
110.975,0,0,0,0,400,107
110.988,0,0,0,0,400,107
111.001,0,0,0,0,400,107
111.025,0,0,0,0,400,107
111.034,0,0,0,0,400,107
111.051,0,0,0,0,400,107
111.075,0,0,0,0,400,107
111.093,0,0,0,0,400,107
111.108,0,0,0,0,400,107
111.127,0,0,0,0,400,107
111.144,0,0,0,0,400,107
111.161,0,0,0,0,400,107
111.168,0,0,0,0,400,107
111.186,0,0,0,0,400,107
111.193,0,0,0,0,400,107
111.210,0,0,0,0,400,107
111.227,0,0,0,0,400,107
111.243,0,0,0,0,400,107
111.262,0,0,0,0,400,107
111.276,0,0,0,0,400,107
111.293,0,0,0,0,400,107
111.310,0,0,0,0,400,107
111.332,0,0,0,0,400,107
111.347,0,0,0,0,400,107
111.369,0,0,0,0,400,107
111.385,0,0,0,0,400,107
111.403,0,0,0,0,400,107
111.419,0,0,0,0,400,107
111.427,0,0,0,0,400,107
111.435,0,0,0,0,400,107
111.451,0,0,0,0,400,107
111.481,0,0,0,0,400,107
111.498,0,0,0,0,400,107
111.515,0,0,0,0,400,107
111.531,0,0,0,0,400,107
111.547,0,0,0,0,400,107
111.563,0,0,0,0,400,107
111.578,0,0,0,0,400,107
111.594,0,0,0,0,400,107
111.611,0,0,0,0,400,107
111.628,0,0,0,0,400,107
111.642,0,0,0,0,400,107
111.660,0,0,0,0,400,107
111.676,0,0,0,0,400,107
111.690,0,0,0,0,400,107
111.708,0,0,0,0,400,107
111.722,0,0,0,0,400,107
111.738,0,0,0,0,400,107
111.753,0,0,0,0,400,107
111.769,0,0,0,0,400,107
111.785,0,0,0,0,400,107
111.801,0,0,0,0,400,107
111.818,0,0,0,0,400,107
111.834,0,0,0,0,400,107
111.851,0,0,0,0,400,107
111.867,0,0,0,0,400,107
111.887,0,0,0,0,400,107
111.897,0,0,0,0,400,107
111.913,0,0,0,0,400,107
111.928,0,0,0,0,400,107
111.945,0,0,0,0,400,107
111.963,0,0,0,0,400,107
111.978,0,0,0,0,400,107
111.993,0,0,0,0,400,107
112.009,0,0,0,0,400,107
112.024,0,0,0,0,400,107
112.040,0,0,0,0,400,107
112.056,0,0,0,0,400,107
112.072,0,0,0,0,400,107
112.088,0,0,0,0,400,107
112.103,0,0,0,0,400,107
112.120,0,0,0,0,400,107
112.136,0,0,0,0,400,107
112.154,0,0,0,0,400,107
112.168,0,0,0,0,400,107
112.184,0,0,0,0,400,107
112.199,0,0,0,0,400,107
112.215,0,0,0,0,400,107
112.231,0,0,0,0,400,107
112.248,0,0,0,0,400,107
112.272,0,0,0,0,400,107
112.290,0,0,-40,0,400,107
112.297,0,0,-40,0,400,107
112.325,0,0,-40,0,400,107
112.344,0,0,-40,0,400,107
112.367,0,0,-40,0,400,107
112.375,0,0,-40,0,400,107
112.391,0,0,-40,0,400,107
112.406,0,0,-40,0,400,107
112.424,0,0,-40,0,400,107
112.438,0,0,-40,0,400,107
112.460,0,0,-40,0,400,107
112.490,0,0,-40,0,400,107
112.513,0,0,-40,0,400,107
112.535,0,0,-40,0,400,107
112.548,0,0,-40,0,400,107
112.571,0,0,-40,0,400,107
112.597,0,0,-40,0,400,107
112.617,0,0,-40,0,400,107
112.627,0,0,-40,0,400,107
112.643,0,0,-40,0,400,107
112.659,0,0,-40,0,400,107
112.675,0,0,-40,0,400,107
112.693,0,0,-40,0,400,107
112.707,0,0,-40,0,400,107
112.723,0,0,-40,0,400,107
112.742,0,0,-40,0,400,107
112.756,0,0,-40,0,400,107
112.770,0,0,-40,0,400,107
112.786,0,0,-40,0,400,107
112.804,0,0,-40,0,400,107
112.818,0,0,-40,0,400,107
112.839,0,0,-40,0,400,107
112.857,0,0,-40,0,400,107
112.862,0,0,-40,0,400,107
112.883,0,0,-40,0,400,107
112.898,0,0,-40,0,400,107
112.906,0,0,-40,0,400,107
112.925,0,0,-40,0,400,107
112.932,0,0,-40,0,400,107
112.952,0,0,-40,0,400,107
112.958,0,0,-40,0,400,107
112.978,0,0,-40,0,400,107
112.994,0,0,-40,0,400,107
113.003,0,0,-40,0,400,107
113.010,0,0,-40,0,400,107
113.025,0,0,-40,0,400,107
113.046,0,0,-40,0,400,107
113.058,0,0,-40,0,400,107
113.067,0,0,-40,0,400,107
113.090,0,0,-40,0,400,107
113.106,0,0,-40,0,400,107
113.122,0,0,-40,0,400,107
113.138,0,0,-40,0,400,107
113.153,0,0,-40,0,400,107
113.160,0,0,-40,0,400,107
113.185,0,0,-40,0,400,107
113.201,0,0,-40,0,390,107
113.210,0,0,-40,0,390,107
113.225,0,0,-40,0,390,107
113.233,0,0,-40,0,390,107
113.249,0,0,-40,0,390,107
113.254,0,0,-40,0,390,107
113.265,0,0,-40,0,390,107
113.284,0,0,-40,0,390,107
113.299,0,0,-40,0,390,107
113.305,0,0,-40,0,390,107
113.313,0,0,-40,0,390,107
113.329,0,0,-40,0,390,107
113.345,0,0,-40,0,390,107
113.364,0,0,-40,0,390,107
113.377,0,0,-40,0,390,107
113.393,0,0,-40,0,390,107
113.411,0,0,-40,0,390,107
113.425,0,0,-40,0,390,107
113.442,0,0,-40,0,390,107
113.457,0,0,-40,0,390,107
113.463,0,0,-40,0,390,107
113.472,0,0,-40,0,390,107
113.487,0,0,-40,0,390,107
113.504,0,0,-40,0,390,107
113.520,0,0,-40,0,390,107
113.524,0,0,-40,0,390,107
113.536,0,0,-40,0,390,107
113.552,0,0,-40,0,380,107
113.568,0,0,-40,0,380,107
113.585,0,0,-40,0,380,107
113.601,0,0,-40,0,380,107
113.616,0,0,-40,0,380,107
113.622,0,0,-40,0,380,107
113.632,0,0,-40,0,380,107
113.648,0,0,-40,0,380,107
113.664,0,0,-40,0,380,107
113.668,0,0,-40,0,380,107
113.696,0,0,-40,0,380,107
113.712,0,0,-40,0,380,107
113.717,0,0,-40,0,380,107
113.727,0,0,-40,0,380,107
113.743,0,0,-40,0,380,107
113.749,0,0,-40,0,380,107
113.764,0,0,-40,0,380,107
113.775,0,0,-40,0,380,107
113.790,0,0,-40,0,380,107
113.798,0,0,-40,0,380,107
113.812,0,0,-40,0,380,107
113.818,0,0,-40,0,380,107
113.839,0,0,-40,0,380,107
113.855,0,0,-40,0,380,107
113.871,0,0,-40,0,380,107
113.887,0,0,-40,0,380,107
113.904,0,0,-40,0,380,107
113.909,0,0,-40,0,380,107
113.923,0,0,-40,0,380,107
113.934,0,0,-40,0,380,107
113.951,0,0,-40,0,380,107
113.969,0,0,-40,0,380,107
113.982,0,0,-40,0,370,107
113.989,0,0,-40,0,370,107
113.998,0,0,-40,0,370,107
114.003,0,0,-40,0,370,107
114.019,0,0,-40,0,370,107
114.029,0,0,-40,0,370,107
114.044,0,0,-40,0,370,107
114.060,0,0,-40,0,370,107
114.076,0,0,-40,0,370,107
114.086,0,0,-40,0,370,107
114.096,0,0,-40,0,370,107
114.108,0,0,-40,0,370,107
114.113,0,0,-40,0,370,107
114.127,0,0,-40,0,370,107
114.140,0,0,-40,0,370,107
114.156,0,0,-40,0,370,107
114.172,0,0,-40,0,370,107
114.186,0,0,-40,0,370,107
114.192,0,0,-40,0,370,107
114.204,0,0,-40,0,360,107
114.221,0,0,-40,0,360,107
114.225,0,0,-40,0,360,107
114.236,0,0,-40,0,360,107
114.246,0,0,-40,0,360,107
114.255,0,0,-40,0,360,107
114.268,0,0,-40,0,360,107
114.283,0,0,-40,0,360,107
114.299,0,0,-40,0,360,107
114.313,0,0,-40,0,360,107
114.318,0,0,-40,0,360,107
114.331,0,0,-40,0,360,107
114.347,0,0,-40,0,360,107
114.363,0,0,-40,0,360,107
114.379,0,0,-40,0,360,107
114.395,0,0,-40,0,360,107
114.411,0,0,-40,0,360,107
114.427,0,0,-40,0,360,107
114.443,0,0,-40,0,360,107
114.459,0,0,-40,0,360,107
114.475,0,0,-40,0,360,107
114.480,0,0,-40,0,360,107
114.491,0,0,-40,0,360,107
114.507,0,0,-40,0,360,107
114.512,0,0,-40,0,360,107
114.523,0,0,-40,0,360,107
114.539,0,0,-40,0,360,107
114.545,0,0,-40,0,360,107
114.555,0,0,-40,0,360,107
114.587,0,0,-40,0,360,107
114.592,0,0,-40,0,360,107
114.619,0,0,-40,0,360,107
114.635,0,0,-40,0,360,107
114.651,0,0,-40,0,350,107
114.666,0,0,-40,0,350,107
114.683,0,0,-40,0,350,107
114.694,0,0,-40,0,350,107
114.714,0,0,-40,0,350,107
114.730,0,0,0,0,350,107
114.746,0,0,0,0,350,107
114.762,0,0,0,0,350,107
114.777,0,0,0,0,350,107
114.793,0,0,0,0,350,107
114.809,0,0,0,0,350,107
114.825,0,0,0,0,350,107
114.841,0,0,0,0,350,107
114.857,0,0,0,0,350,107
114.875,0,0,0,0,350,107
114.889,0,0,0,0,350,107
114.905,0,0,0,0,350,107
114.921,0,0,0,0,350,107
114.936,0,0,0,0,350,107
114.953,0,0,0,0,350,107
114.970,0,0,0,0,350,107
114.987,0,0,0,0,350,107
115.001,0,0,0,0,350,107
115.016,0,0,0,0,350,107
115.033,0,0,0,0,350,107
115.050,0,0,0,0,350,107
115.064,0,0,0,0,350,107
115.080,0,0,0,0,350,107
115.096,0,0,0,0,350,107
115.112,0,0,0,0,340,107
115.128,0,0,0,0,340,107
115.144,0,0,0,0,340,107
115.160,0,0,0,0,340,107
115.176,0,0,0,0,340,107
115.194,0,0,0,0,340,107
115.208,0,0,0,0,340,107
115.224,0,0,0,0,340,107
115.240,0,0,0,0,340,107
115.255,0,0,0,0,340,107
115.271,0,0,0,0,340,107
115.287,0,0,0,0,340,107
115.304,0,0,0,0,340,107
115.320,0,0,0,0,340,107
115.336,0,0,0,0,340,107
115.352,0,0,0,0,340,107
115.368,0,0,0,0,340,107
115.384,0,0,0,0,340,107
115.400,0,0,0,0,340,107
115.416,0,0,0,0,340,107
115.432,0,0,0,0,340,107
115.448,0,0,0,0,340,107
115.464,0,0,0,0,340,107
115.479,0,0,0,0,340,107
115.495,0,0,0,0,340,107
115.511,0,0,0,0,340,107
115.527,0,0,0,0,340,107
115.543,0,0,0,0,340,107
115.559,0,0,0,0,340,107
115.575,0,0,0,0,340,107
115.592,0,0,0,0,340,107
115.607,0,0,0,0,340,107
115.623,0,0,0,0,340,107
115.639,0,0,0,0,340,107
115.655,0,0,0,0,340,107
115.671,0,0,0,0,340,107
115.689,0,0,0,0,340,107
115.703,0,0,0,0,340,107
115.719,0,0,0,0,340,107
115.735,0,0,0,0,340,107
115.751,0,0,0,0,340,107
115.767,0,0,0,0,340,107
115.783,0,0,0,0,340,107
115.800,0,0,0,0,340,107
115.816,0,0,0,0,340,107
115.832,0,0,0,0,340,107
115.848,0,0,0,0,340,107
115.864,0,0,0,0,340,107
115.880,0,0,0,0,340,107
115.896,0,0,0,0,340,107
115.911,0,0,0,0,340,107
115.927,0,0,0,0,340,107
115.943,0,0,0,0,340,107
115.959,0,0,0,0,340,107
115.975,0,0,0,0,340,107
115.992,0,0,0,0,340,107
116.008,0,0,0,0,340,107
116.024,0,0,0,0,340,107
116.039,0,0,0,0,340,107
116.055,0,0,0,0,340,107
116.071,0,0,0,0,340,107
116.087,0,0,0,0,340,107
116.103,0,0,0,0,340,107
116.119,0,0,0,0,340,107
116.128,0,0,0,40,340,107
116.144,0,0,0,40,340,107
116.166,0,0,0,40,340,107
116.182,0,0,0,40,340,107
116.198,0,0,0,40,340,107
116.215,0,0,0,40,340,107
116.230,0,0,0,40,340,107
116.246,0,0,0,40,340,107
116.262,0,0,0,40,340,107
116.278,0,0,0,40,340,107
116.294,0,0,0,40,340,107
116.310,0,0,0,40,340,107
116.326,0,0,0,40,340,107
116.342,0,0,0,40,340,107
116.358,0,0,0,40,340,107
116.389,0,0,0,40,340,107
116.396,0,0,0,40,340,107
116.421,0,0,0,40,340,107
116.437,0,0,0,40,340,107
116.453,0,0,0,40,340,109
116.469,0,0,0,40,340,109
116.485,0,0,0,40,340,109
116.501,0,0,0,40,340,109
116.517,0,0,0,40,340,109
116.533,0,0,0,40,340,109
116.551,0,0,0,40,340,109
116.565,0,0,0,40,340,111
116.581,0,0,0,40,340,111
116.597,0,0,0,40,340,111
116.613,0,0,0,40,340,111
116.629,0,0,0,40,340,111
116.645,0,0,0,40,340,111
116.661,0,0,0,40,340,111
116.677,0,0,0,40,340,113
116.692,0,0,0,40,340,113
116.709,0,0,0,40,340,113
116.725,0,0,0,40,340,113
116.741,0,0,0,40,340,113
116.757,0,0,0,40,340,113
116.772,0,0,0,40,340,116
116.788,0,0,0,40,340,116
116.804,0,0,0,40,340,116
116.820,0,0,0,40,340,116
116.836,0,0,0,40,340,116
116.847,0,0,0,40,340,116
116.868,0,0,0,40,340,116
116.874,0,0,0,40,340,116
116.900,0,0,0,40,340,118
116.906,0,0,0,40,340,118
116.917,0,0,0,40,340,118
116.932,0,0,0,40,340,118
116.938,0,0,0,40,340,118
116.948,0,0,0,40,340,118
116.964,0,0,0,40,340,118
116.969,0,0,0,0,340,118
116.980,0,0,0,0,340,118
116.995,0,0,0,0,340,118
117.011,0,0,0,0,340,120
117.027,0,0,0,0,340,120
117.043,0,0,0,0,340,120
117.060,0,0,0,0,340,120
117.075,0,0,0,0,340,120
117.091,0,0,0,0,340,120
117.107,0,0,0,0,340,122
117.123,0,0,0,0,340,122
117.139,0,0,0,0,340,122
117.156,0,0,0,0,340,122
117.171,0,0,0,0,340,122
117.188,0,0,0,0,340,122
117.204,0,0,0,0,340,122
117.220,0,0,0,0,340,122
117.236,0,0,0,0,340,122
117.252,0,0,0,0,340,122
117.268,0,0,0,0,340,122
117.284,0,0,0,0,340,122
117.300,0,0,0,0,340,122
117.318,0,0,0,0,340,122
117.332,0,0,0,0,340,122
117.348,0,0,0,0,340,124
117.364,0,0,0,0,340,124
117.380,0,0,0,0,340,124
117.396,0,0,0,0,340,124
117.412,0,0,0,0,340,124
117.428,0,0,0,0,340,124
117.444,0,0,0,0,340,127
117.460,0,0,0,0,340,127
117.476,0,0,0,0,340,127
117.492,0,0,0,0,340,127
117.508,0,0,0,0,340,127
117.524,0,0,0,0,340,127
117.536,0,0,0,0,340,127
117.556,0,0,0,0,340,127
117.571,0,0,0,0,340,127
117.587,0,0,0,0,340,127
117.604,0,0,0,0,340,127
117.620,0,0,0,0,340,127
117.636,0,0,0,0,340,127
117.652,0,0,0,0,340,127
117.684,0,0,0,0,340,127
117.700,0,0,0,0,340,127
117.715,0,0,0,0,340,127
117.732,0,0,0,0,340,127
117.747,0,0,0,0,340,127
117.763,0,0,0,0,340,127
117.779,0,0,0,0,340,127
117.795,0,0,0,0,340,127
117.811,0,0,0,0,340,127
117.827,0,0,0,0,340,127
117.842,0,0,0,0,340,127
117.861,0,0,0,0,340,127
117.875,0,0,0,0,340,127
117.891,0,0,0,0,340,127
117.907,0,0,0,0,340,127
117.924,0,0,0,0,340,127
117.939,0,0,0,0,340,127
117.954,0,0,0,0,340,127
117.970,0,0,0,0,340,127
117.987,0,0,0,0,340,127
118.003,0,0,0,0,340,127
118.019,0,0,0,0,340,127
118.035,0,0,0,0,340,127
118.051,0,0,0,0,340,127
118.066,0,0,0,0,340,127
118.071,0,0,0,0,340,127
118.099,0,0,0,0,340,127
118.114,0,0,0,0,340,127
118.131,0,0,0,0,340,127
118.146,0,0,0,0,340,127
118.160,0,0,0,0,340,127
118.176,0,0,0,0,340,127
118.192,0,0,0,0,340,127
118.210,0,0,0,0,340,127
118.226,0,0,0,0,340,127
118.240,0,0,0,0,340,127
118.256,0,0,0,0,340,127
118.274,0,0,0,0,340,127
118.289,0,0,0,0,340,127
118.303,0,0,0,0,340,127
118.319,0,0,0,0,340,127
118.335,0,0,0,0,340,127
118.350,0,0,0,0,340,127
118.366,0,0,0,0,340,127
118.380,0,0,0,0,340,127
118.398,0,0,0,0,340,127
118.414,0,0,0,0,340,127
118.430,0,0,0,0,340,127
118.446,0,0,0,0,340,127
118.462,0,0,0,0,340,127
118.478,0,0,0,0,340,127
118.494,0,0,0,0,340,127
118.510,0,0,0,0,340,127
118.526,0,0,0,0,340,127
118.542,0,0,0,0,340,127
118.558,0,0,0,0,340,127
118.573,0,0,0,0,340,127
118.590,0,0,0,0,340,127
118.606,0,0,0,0,340,127
118.622,0,0,0,0,340,127
118.637,0,0,0,0,340,127
118.653,0,0,0,0,340,127
118.669,0,0,0,0,340,127
118.685,0,0,0,0,340,127
118.701,0,0,0,0,340,127
118.716,0,0,0,0,340,127
118.732,0,0,0,0,340,127
118.749,0,0,0,0,340,127
118.765,0,0,0,0,340,127
118.781,0,0,0,0,340,127
118.796,0,0,0,0,340,127
118.812,0,0,0,0,340,127
118.828,0,0,0,0,340,127
118.844,0,0,0,0,340,127
118.860,0,0,0,0,340,127
118.876,0,0,0,0,340,127
118.893,0,0,0,0,340,127
118.909,0,0,0,0,340,127
118.925,0,0,0,0,340,127
118.941,0,0,0,0,340,127
118.956,0,0,0,0,340,127
118.972,0,0,0,0,340,127
118.989,0,0,0,0,340,127
119.005,0,0,0,0,340,127
119.020,0,0,0,0,340,127
119.036,0,0,0,0,340,127
119.053,0,0,0,0,340,127
119.069,0,0,0,0,340,127
119.085,0,0,0,0,340,127
119.101,0,0,0,0,340,127
119.118,0,0,0,0,340,127
119.132,0,0,0,0,340,127
119.148,0,0,0,0,340,127
119.164,0,0,0,0,340,127
119.180,0,0,0,0,340,127
119.196,0,0,0,0,340,127
119.227,0,0,0,0,340,127
119.244,0,0,0,0,340,127
119.260,0,0,0,0,340,127
119.275,0,0,0,0,340,127
119.291,0,0,0,0,340,127
119.307,0,0,0,0,340,127
119.323,0,0,0,0,340,127
119.339,0,0,0,0,340,127
119.356,0,0,0,0,340,127
119.372,0,0,0,0,340,127
119.388,0,0,0,0,340,127
119.404,0,0,0,0,340,127
119.419,0,0,0,0,340,127
119.435,0,0,0,0,340,127
119.451,0,0,0,0,340,127
119.467,0,0,0,0,340,127
119.483,0,0,0,0,340,127
119.499,0,0,0,0,340,127
119.503,0,0,0,0,340,127
119.531,0,0,0,0,340,127
119.547,0,0,0,0,340,127
119.563,0,0,0,0,340,127
119.579,0,0,0,0,340,127
119.595,0,0,0,0,340,127
119.612,0,0,0,0,340,127
119.628,0,0,0,0,340,127
119.644,0,0,0,0,340,127
119.659,0,0,0,0,340,127
119.676,0,0,0,0,340,127
119.692,0,0,0,0,340,127
119.708,0,0,0,0,340,127
119.723,0,0,0,0,340,127
119.739,0,0,0,0,340,127
119.755,0,0,0,0,340,127
119.774,0,0,0,0,340,127
119.787,0,0,0,0,340,127
119.803,0,0,0,0,340,127
119.819,0,0,0,0,340,127
119.835,0,0,0,0,340,127
119.851,0,0,0,0,340,127
119.867,0,0,0,0,340,127
119.883,0,0,0,0,340,127
119.899,0,0,0,0,340,127
119.911,0,0,0,0,340,127
119.931,0,0,0,0,340,127
119.936,0,0,0,0,340,127
119.963,0,0,0,0,340,127
119.979,-40,0,0,0,340,127
119.994,-40,0,0,0,340,127
120.010,-40,0,0,0,340,127
120.026,-40,0,0,0,340,127
120.042,-40,0,0,0,340,127
120.058,-40,0,0,0,340,127
120.074,-40,0,0,0,340,127
120.090,-40,0,0,0,340,127
120.106,-40,0,0,0,340,127
120.122,-40,0,0,0,340,127
120.138,-40,0,0,0,340,127
120.154,-40,0,0,0,340,127
120.170,-40,0,0,0,340,127
120.186,-40,0,0,0,340,127
120.202,-40,0,0,0,340,127
120.219,-40,0,0,0,340,127
120.235,-40,0,0,0,340,127
120.251,-40,0,0,0,340,127
120.267,-40,0,0,0,340,127
120.283,-40,0,0,0,340,127
120.299,-40,0,0,0,340,127
120.315,-40,0,0,0,340,127
120.331,-40,0,0,0,340,127
120.347,-40,0,0,0,340,128
120.363,-40,0,0,0,340,128
120.379,-40,0,0,0,340,128
120.395,-40,0,0,0,340,128
120.411,-40,0,0,0,340,128
120.427,-40,0,0,0,340,128
120.443,-40,0,0,0,340,128
120.459,-40,0,0,0,340,128
120.475,-40,0,0,0,340,128
120.491,-40,0,0,0,340,128
120.496,-40,0,0,0,340,128
120.507,-40,0,0,0,340,128
120.524,-40,0,0,0,340,128
120.530,-40,0,0,0,340,128
120.540,-40,0,0,0,340,128
120.556,-40,0,0,0,340,128
120.561,-40,0,0,0,340,128
120.571,-40,0,0,0,340,128
120.587,-40,0,0,0,340,128
120.592,-40,0,0,0,340,128
120.619,-40,0,0,0,340,128
120.635,-40,0,0,0,340,128
120.651,-40,0,0,0,340,128
120.667,-40,0,0,0,340,128
120.685,-40,0,0,0,340,128
120.691,-40,0,0,0,340,127
120.699,-40,0,0,0,340,127
120.715,-40,0,0,0,340,127
120.730,-40,0,0,0,340,127
120.746,-40,0,0,0,340,127
120.762,-40,0,0,0,340,127
120.778,-40,0,0,0,340,127
120.794,-40,0,0,0,340,127
120.810,-40,0,0,0,340,127
120.826,-40,0,0,0,340,127
120.842,-40,0,0,0,340,127
120.858,-40,0,0,0,340,127
120.868,-40,0,0,0,340,127
120.890,-40,0,0,0,340,127
120.902,-40,0,0,0,340,127
120.922,-40,0,0,0,340,127
120.928,-40,0,0,0,340,127
120.937,0,0,0,0,340,127
120.953,0,0,0,0,340,127
120.969,0,0,0,0,340,127
120.985,0,0,0,0,340,127
121.001,0,0,0,0,340,127
121.017,0,0,0,0,340,127
121.034,0,0,0,0,340,127
121.049,0,0,0,0,340,127
121.066,0,0,0,0,340,127
121.081,0,0,0,0,340,127
121.097,0,0,0,0,340,127
121.113,0,0,0,0,340,127
121.130,0,0,0,0,340,127
121.146,0,0,0,0,340,127
121.162,0,0,0,0,340,127
121.178,0,0,0,0,340,127
121.194,0,0,0,0,340,127
121.200,-40,0,0,0,340,127
121.212,-40,0,0,0,340,127
121.228,-40,0,0,0,340,127
121.239,-40,0,0,0,340,127
121.257,-40,0,0,0,340,127
121.273,-40,0,0,0,340,127
121.289,-40,0,0,0,340,127
121.305,-40,0,0,0,340,127
121.321,-40,0,0,0,340,127
121.337,-40,0,0,0,340,127
121.353,-40,0,0,0,340,127
121.369,-40,0,0,0,340,128
121.385,-40,0,0,0,340,128
121.401,-40,0,0,0,340,128
121.417,-40,0,0,0,340,128
121.433,-40,0,0,0,340,128
121.449,-40,0,0,0,340,128
121.464,-40,0,0,0,340,128
121.480,-40,0,0,0,340,128
121.496,-40,0,0,0,340,128
121.513,-40,0,0,0,340,128
121.529,-40,0,0,0,340,128
121.545,-40,0,0,0,340,128
121.561,-40,0,0,0,340,128
121.577,-40,0,0,0,340,127
121.593,-40,0,0,0,340,127
121.609,-40,0,0,0,340,127
121.625,-40,0,0,0,340,127
121.641,-40,0,0,0,340,127
121.657,-40,0,0,0,340,127
121.673,-40,0,0,0,340,127
121.691,-40,0,0,0,340,127
121.705,0,0,0,0,340,127
121.721,0,0,0,0,340,127
121.737,0,0,0,0,340,127
121.753,0,0,0,0,340,127
121.769,0,0,0,0,340,127
121.785,0,0,0,0,340,127
121.801,0,0,0,0,340,127
121.808,0,0,0,0,340,127
121.833,0,0,0,0,340,127
121.849,0,0,0,0,340,127
121.865,0,0,0,0,340,127
121.881,0,0,0,0,340,127
121.896,0,0,0,0,340,127
121.913,0,0,0,0,340,127
121.929,0,0,0,0,340,127
121.944,0,0,0,0,340,127
121.960,0,0,0,0,340,127
121.976,0,0,0,0,340,127
121.992,0,0,0,0,340,127
122.009,0,0,0,0,340,127
122.025,0,0,0,0,340,127
122.041,0,0,0,0,340,127
122.056,0,0,0,0,340,127
122.073,0,0,0,0,340,127
122.089,0,0,0,0,340,127
122.104,0,0,0,0,340,127
122.121,0,0,0,0,340,127
122.137,0,0,0,0,340,127
122.153,0,0,0,0,340,127
122.169,0,0,0,0,340,127
122.185,0,0,0,0,340,127
122.201,0,0,0,0,340,127
122.211,0,0,0,0,340,127
122.233,0,0,0,0,340,127
122.249,0,0,0,0,340,127
122.265,0,0,0,0,340,127
122.276,0,0,0,0,340,127
122.297,0,0,0,0,340,127
122.313,0,0,0,0,340,127
122.328,0,0,0,0,340,127
122.344,0,0,0,0,340,127
122.360,0,0,0,0,340,127
122.376,0,0,0,0,340,127
122.392,0,0,0,0,340,127
122.408,0,0,0,0,340,127
122.423,0,0,0,0,340,127
122.440,0,0,0,0,340,127
122.455,0,0,0,0,340,127
122.471,0,0,0,0,340,127
122.488,0,0,0,0,340,127
122.503,0,0,0,0,340,127
122.519,0,0,0,0,340,127
122.537,0,0,0,0,340,127
122.550,0,0,0,0,340,127
122.565,0,0,0,0,340,127
122.579,0,0,0,0,340,127
122.597,0,0,0,0,340,128
122.613,0,0,0,0,340,128
122.630,0,0,0,0,340,128
122.645,0,0,0,0,340,128
122.661,0,0,0,0,340,128
122.678,0,0,0,0,340,128
122.693,0,0,0,0,340,128
122.710,0,0,0,0,340,128
122.723,0,0,0,0,340,128
122.737,0,0,0,0,340,128
122.757,0,0,0,0,340,128
122.773,0,0,0,0,340,128
122.789,0,0,0,0,340,128
122.803,0,0,0,0,340,128
122.822,0,0,0,0,340,128
122.838,0,0,0,0,340,128
122.850,0,0,0,0,340,128
122.869,0,0,0,0,340,128
122.881,0,0,0,0,340,128
122.901,0,0,0,0,340,128
122.918,0,0,0,0,340,127
122.934,0,0,0,0,340,127
122.950,0,0,0,0,340,127
122.968,0,0,0,0,340,127
122.982,0,0,0,0,340,127
122.998,0,0,0,0,340,127
123.011,0,0,0,0,340,127
123.029,0,0,0,0,340,127
123.046,0,0,0,0,340,127
123.062,0,0,0,0,340,127
123.078,0,0,0,0,340,127
123.092,0,0,0,0,340,127
123.104,0,0,0,0,340,127
123.126,0,0,0,0,340,127
123.141,0,0,0,0,340,127
123.157,0,0,0,0,340,127
123.173,0,0,0,0,340,127
123.185,0,0,0,0,340,127
123.205,0,0,0,0,340,127
123.221,0,0,0,0,340,127
123.237,0,0,0,0,340,127
123.253,0,0,0,0,340,127
123.269,0,0,0,0,340,127
123.285,0,0,0,0,340,127
123.300,0,0,0,0,340,127
123.317,0,0,0,0,340,127
123.332,0,0,0,0,340,127
123.338,0,0,0,0,340,127
123.364,0,0,0,0,340,127
123.380,0,0,0,0,340,127
123.396,0,0,0,0,340,127
123.402,0,0,0,0,340,127
123.428,0,0,0,0,340,127
123.444,0,0,0,0,340,127
123.461,0,0,0,0,340,127
123.476,0,0,0,0,340,127
123.492,0,0,0,0,340,127
123.508,0,0,0,0,340,127
123.524,0,0,0,0,340,127
123.540,0,0,0,0,340,127
123.556,0,0,0,40,340,127
123.562,0,0,0,40,340,127
123.572,0,0,0,40,340,127
123.588,0,0,0,40,340,127
123.604,0,0,0,40,340,127
123.620,0,0,0,40,340,127
123.636,0,0,0,40,340,127
123.652,0,0,0,40,340,127
123.668,0,0,0,40,340,127
123.684,0,0,0,40,340,127
123.700,0,0,0,40,340,127
123.716,0,0,0,40,340,127
123.732,0,0,0,40,340,127
123.747,0,0,0,40,340,127
123.763,0,0,0,40,340,127
123.779,0,0,0,40,340,127
123.795,0,0,0,40,340,127
123.811,0,0,0,40,340,127
123.827,0,0,0,40,340,128
123.843,0,0,0,40,340,128
123.859,0,0,0,40,340,128
123.875,0,0,0,40,340,128
123.891,0,0,0,40,340,128
123.907,0,0,0,40,340,128
123.923,0,0,0,40,340,131
123.939,0,0,0,40,340,131
123.955,0,0,0,40,340,131
123.972,0,0,0,40,340,131
123.987,0,0,0,40,340,131
124.004,0,0,0,40,340,131
124.020,0,0,0,40,340,131
124.036,0,0,0,40,340,131
124.052,0,0,0,40,340,133
124.068,0,0,0,40,340,133
124.084,0,0,0,40,340,133
124.100,0,0,0,40,340,133
124.106,0,0,0,40,340,133
124.116,0,0,0,40,340,133
124.132,0,0,0,40,340,133
124.137,0,0,0,40,340,133
124.148,0,0,0,40,340,135
124.164,0,0,0,40,340,135
124.180,0,0,0,40,340,135
124.196,0,0,0,40,340,135
124.201,0,0,0,40,340,135
124.227,0,0,0,40,340,135
124.232,0,0,0,40,340,135
124.259,0,0,0,40,340,137
124.275,0,0,0,40,340,137
124.282,0,0,0,40,340,137
124.307,0,0,0,40,340,137
124.323,0,0,0,40,340,137
124.329,0,0,0,40,340,137
124.340,0,0,0,40,340,137
124.355,0,0,0,0,340,137
124.371,0,0,0,0,340,137
124.387,0,0,0,0,340,142
124.403,0,0,0,0,340,142
124.419,0,0,0,0,340,142
124.435,0,0,0,0,340,142
124.451,0,0,0,0,340,142
124.467,0,0,0,0,340,142
124.482,0,0,0,0,340,142
124.498,0,0,0,0,340,142
124.514,0,0,0,0,340,142
124.529,0,0,0,0,340,142
124.545,0,0,0,0,340,142
124.561,0,0,0,0,340,142
124.576,0,0,0,0,340,142
124.592,0,0,0,0,340,145
124.608,0,0,0,0,340,145
124.624,0,0,0,0,340,145
124.640,0,0,0,0,340,145
124.656,0,0,0,0,340,145
124.673,0,0,0,0,340,145
124.688,0,0,0,0,340,145
124.704,0,0,0,0,340,145
124.720,0,0,0,0,340,146
124.736,0,0,0,0,340,146
124.753,0,0,0,0,340,146
124.769,0,0,0,0,340,146
124.785,0,0,0,0,340,146
124.801,0,0,0,0,340,146
124.817,0,0,0,0,340,146
124.835,0,0,0,0,340,146
124.849,0,0,0,0,340,146
124.864,0,0,0,0,340,146
124.880,0,0,0,0,340,146
124.897,0,0,0,0,340,146
124.912,0,0,0,0,340,146
124.930,0,0,0,0,340,146
124.944,0,0,0,0,340,146
124.960,0,0,0,0,340,146
124.976,0,0,0,0,340,146
124.992,0,0,0,0,340,146
125.008,0,0,0,0,340,146
125.025,0,0,0,0,340,146
125.040,0,0,0,0,340,146
125.056,0,0,0,0,340,146
125.072,0,0,0,0,340,146
125.089,0,0,0,0,340,146
125.104,0,0,0,0,340,146
125.121,0,0,0,0,340,146
125.136,0,0,0,0,340,146
125.152,0,0,0,0,340,146
125.168,0,0,0,0,340,147
125.185,0,0,0,0,340,147
125.203,0,0,0,0,340,147
125.213,0,0,0,0,340,147
125.233,0,0,0,0,340,147
125.249,0,0,0,0,340,147
125.265,0,0,0,0,340,147
125.281,0,0,0,0,340,147
125.296,0,0,0,0,340,147
125.312,0,0,0,0,340,147
125.329,0,0,0,0,340,147
125.344,0,0,0,0,340,147
125.360,0,0,0,0,340,147
125.376,0,0,0,0,340,147
125.392,0,0,0,0,340,147
125.408,0,0,0,0,340,147
125.424,0,0,0,0,340,147
125.440,0,0,0,0,340,147
125.456,0,0,0,0,340,147
125.472,0,0,0,0,340,147
125.490,0,0,0,0,340,147
125.504,0,0,0,0,340,147
125.520,0,0,0,0,340,147
125.536,0,0,0,0,340,147
125.553,0,0,0,0,340,147
125.568,0,0,0,0,340,147
125.584,0,0,0,0,340,147
125.600,0,0,0,0,340,147
125.617,0,0,0,0,340,147
125.632,0,0,0,0,340,147
125.648,0,0,0,0,340,147
125.665,0,0,0,0,340,147
125.673,0,0,0,0,340,147
125.697,0,0,0,0,340,147
125.713,0,0,0,0,340,147
125.729,0,0,0,0,340,147
125.744,0,0,0,0,340,147
125.760,0,0,0,0,340,147
125.776,0,0,0,0,340,147
125.792,0,0,0,0,340,147
125.808,0,0,0,0,340,147
125.824,0,0,0,0,340,147
125.840,0,0,0,0,340,147
125.856,0,0,0,0,340,147
125.872,0,0,0,0,340,147
125.888,0,0,0,0,340,147
125.904,0,0,0,0,340,147
125.921,0,0,0,0,340,147
125.936,0,0,0,0,340,147
125.953,0,0,0,0,340,147
125.969,0,0,0,0,340,147
125.985,0,0,0,0,340,147
126.001,0,0,0,0,340,147
126.016,0,0,0,0,340,147
126.032,0,0,0,0,340,147
126.048,0,0,0,0,340,147
126.064,0,0,0,0,340,147
126.080,0,0,0,0,340,147
126.096,0,0,0,0,340,147
126.111,0,0,0,0,340,147
126.127,0,0,0,0,340,147
126.143,0,0,0,0,340,147
126.159,0,0,0,0,340,147
126.175,0,0,0,0,340,147
126.191,0,0,0,0,340,147
126.207,0,0,0,0,340,147
126.223,0,0,0,0,340,147
126.239,0,0,0,0,340,147
126.255,0,0,0,0,340,147
126.271,0,0,0,0,340,147
126.287,0,0,0,0,340,147
126.303,0,0,0,0,340,147
126.319,0,0,0,0,340,147
126.335,-40,0,0,0,340,147
126.351,-40,0,0,0,340,147
126.367,-40,0,0,0,340,147
126.383,-40,0,0,0,340,147
126.389,-40,0,0,0,340,147
126.415,-40,0,0,0,340,147
126.431,-40,0,0,0,340,147
126.447,-40,0,0,0,340,147
126.463,-40,0,0,0,340,147
126.479,-40,0,0,0,340,147
126.495,-40,0,0,0,340,147
126.511,-40,0,0,0,340,147
126.527,-40,0,0,0,340,147
126.543,-40,0,0,0,340,147
126.559,-40,0,0,0,340,147
126.575,-40,0,0,0,340,147
126.591,-40,0,0,0,340,147
126.607,-40,0,0,0,340,147
126.622,-40,0,0,0,340,147
126.638,-40,0,0,0,340,147
126.654,-40,0,0,0,340,147
126.670,-40,0,0,0,340,147
126.686,-40,0,0,0,340,147
126.702,-40,0,0,0,340,147
126.718,-40,0,0,0,340,147
126.750,-40,0,0,0,340,147
126.766,-40,0,0,0,340,147
126.783,-40,0,0,0,340,147
126.799,-40,0,0,0,340,147
126.815,-40,0,0,0,340,147
126.832,-40,0,0,0,340,147
126.847,-40,0,0,0,340,147
126.863,-40,0,0,0,340,147
126.869,-40,0,0,0,340,147
126.894,-40,0,0,0,340,147
126.910,-40,0,0,0,340,147
126.926,-40,0,0,0,340,147
126.942,-40,0,0,0,340,147
126.948,-40,0,0,0,340,147
126.958,-40,0,0,0,340,147
126.974,-40,0,0,0,340,147
126.979,-40,0,0,0,340,147
126.989,-40,0,0,0,340,147
127.005,-40,0,0,0,340,147
127.011,-40,0,0,0,340,147
127.021,-40,0,0,0,340,147
127.037,-40,0,0,0,340,147
127.048,-40,0,0,0,340,147
127.055,-40,0,0,0,340,147
127.070,-40,0,0,0,340,147
127.086,-40,0,0,0,340,147
127.102,-40,0,0,0,340,147
127.106,-40,0,0,0,340,147
127.117,-40,0,0,0,340,147
127.134,-40,0,0,0,340,147
127.149,-40,0,0,0,340,147
127.166,-40,0,0,0,340,147
127.175,-40,0,0,0,340,147
127.197,-40,0,0,0,340,147
127.208,-40,0,0,0,340,147
127.230,-40,0,0,0,340,147
127.246,-40,0,0,0,340,147
127.262,-40,0,0,0,340,147
127.278,-40,0,0,0,340,147
127.294,-40,0,0,0,340,147
127.305,-40,0,0,0,340,147
127.324,-40,0,0,0,340,147
127.340,-40,0,0,0,340,147
127.356,-40,0,0,0,340,147
127.372,-40,0,0,0,340,147
127.377,-40,0,0,0,340,147
127.387,-40,0,0,0,340,147
127.404,-40,0,0,0,340,147
127.408,-40,0,0,0,340,147
127.435,-40,0,0,0,340,147
127.439,-40,0,0,0,340,147
127.451,-40,0,0,0,340,147
127.467,-40,0,0,0,340,147
127.477,-40,0,0,0,340,147
127.483,-40,0,0,0,340,147
127.499,-40,0,0,0,340,147
127.511,-40,0,0,0,340,147
127.532,-40,0,0,0,340,147
127.547,-40,0,0,0,340,147
127.566,-40,0,0,0,340,147
127.580,-40,0,0,0,340,147
127.596,-40,0,0,0,340,147
127.607,-40,0,0,0,340,147
127.621,-40,0,0,0,340,147
127.628,-40,0,0,0,340,147
127.644,-40,0,0,0,340,147
127.660,-40,0,0,0,340,147
127.665,-40,0,0,0,340,147
127.691,-40,0,0,0,340,147
127.708,-40,0,0,0,340,147
127.725,-40,0,0,0,340,147
127.740,-40,0,0,0,340,147
127.756,-40,0,0,0,340,147
127.771,-40,0,0,0,340,147
127.787,-40,0,0,0,340,147
127.803,-40,0,0,0,340,147
127.808,-40,0,0,0,340,147
127.820,-40,0,0,0,340,147
127.836,-40,0,0,0,340,147
127.852,-40,0,0,0,340,147
127.868,-40,0,0,0,340,147
127.873,-40,0,0,0,340,147
127.884,-40,0,0,0,340,147
127.900,-40,0,0,0,340,147
127.904,-40,0,0,0,340,147
127.931,-40,0,0,0,340,147
127.936,-40,0,0,0,340,147
127.947,-40,0,0,0,340,147
127.963,-40,0,0,0,340,147
127.969,-40,0,0,0,340,147
127.979,-40,0,0,0,340,147
127.995,-40,0,0,0,340,147
128.001,-40,0,0,0,340,147
128.027,-40,0,0,0,340,147
128.043,-40,0,0,0,340,147
128.059,-40,0,0,0,340,147
128.067,-40,0,0,0,340,147
128.075,-40,0,0,0,340,147
128.081,-40,0,0,0,340,147
128.094,-40,0,0,0,340,147
128.123,-40,0,0,0,340,147
128.139,-40,0,0,0,340,147
128.155,-40,0,0,0,340,147
128.171,-40,0,0,0,340,147
128.187,-40,0,0,0,340,147
128.205,-40,0,0,0,340,147
128.219,-40,0,0,0,340,147
128.235,-40,0,0,0,340,147
128.251,-40,0,0,0,340,147
128.262,-40,0,0,0,340,147
128.268,-40,0,0,0,340,147
128.283,-40,0,0,0,340,147
128.299,-40,0,0,0,340,147
128.315,-40,0,0,0,340,147
128.330,-40,0,0,0,340,147
128.340,-40,0,0,0,340,147
128.363,-40,0,0,0,340,147
128.368,-40,0,0,0,340,147
128.394,-40,0,0,0,340,147
128.400,-40,0,0,0,340,147
128.410,-40,0,0,0,340,147
128.427,-40,0,0,0,340,147
128.432,-40,0,0,0,340,147
128.458,-40,0,0,0,340,147
128.475,-40,0,0,0,340,147
128.491,-40,0,0,0,340,147
128.507,-40,0,0,0,340,147
128.523,-40,0,0,0,340,147
128.529,-40,0,0,0,340,147
128.555,-40,0,0,0,340,147
128.571,-40,0,0,0,340,147
128.582,-40,0,0,0,340,147
128.593,-40,0,0,0,340,147
128.599,-40,0,0,0,340,147
128.619,-40,0,0,0,340,147
128.635,-40,0,0,0,340,147
128.652,-40,0,0,0,340,147
128.662,-40,0,0,0,340,147
128.682,-40,0,0,0,340,147
128.698,-40,0,0,0,340,147
128.703,-40,0,0,0,340,147
128.730,-40,0,0,0,340,147
128.746,-40,0,0,0,340,147
128.763,-40,0,0,0,340,147
128.773,-40,0,0,0,340,147
128.795,-40,0,0,0,340,147
128.800,-40,0,0,0,340,147
128.811,-40,0,0,0,340,147
128.827,-40,0,0,0,340,147
128.835,-40,0,0,0,340,147
128.858,-40,0,0,0,340,147
128.863,-40,0,0,0,340,147
128.874,-40,0,0,0,340,147
128.890,-40,0,0,0,340,147
128.896,-40,0,0,0,340,147
128.922,-40,0,0,0,340,147
128.938,-40,0,0,0,340,147
128.954,-40,0,0,0,340,147
128.970,-40,0,0,0,340,147
128.986,-40,0,0,0,340,147
128.992,-40,0,0,0,340,147
129.002,-40,0,0,0,340,147
129.017,-40,0,0,0,340,147
129.030,-40,0,0,0,340,147
129.041,-40,0,0,0,340,147
129.050,-40,0,0,0,340,147
129.066,-40,0,0,0,340,147
129.082,-40,0,0,0,340,147
129.098,-40,0,0,0,340,147
129.115,-40,0,0,0,340,147
129.120,-40,0,0,0,340,147
129.131,-40,0,0,0,340,147
129.146,-40,0,0,0,340,147
129.162,-40,0,0,0,340,147
129.178,-40,0,0,0,340,147
129.194,-40,0,0,0,340,147
129.211,-40,0,0,0,340,147
129.226,-40,0,0,0,340,147
129.242,-40,0,0,0,340,147
129.258,-40,0,0,0,340,147
129.263,-40,0,0,0,340,147
129.282,-40,0,0,0,340,147
129.290,-40,0,0,0,340,147
129.295,-40,0,0,0,340,147
129.322,-40,0,0,0,340,147
129.327,-40,0,0,0,340,147
129.338,-40,0,0,0,340,147
129.354,-40,0,0,0,340,147
129.360,-40,0,0,0,340,147
129.370,-40,0,0,0,340,147
129.386,-40,0,0,0,340,147
129.391,-40,0,0,0,340,147
129.402,-40,0,0,0,340,147
129.418,-40,0,0,0,340,147
129.434,-40,0,0,0,340,147
129.445,-40,0,0,0,340,147
129.466,-40,0,0,0,340,147
129.483,-40,0,0,0,340,147
129.498,-40,0,0,0,340,147
129.515,-40,0,0,0,340,147
129.521,-40,0,0,0,340,147
129.546,-40,0,0,0,340,147
129.555,-40,0,0,0,340,147
129.563,-40,0,0,0,340,147
129.578,-40,0,0,0,340,147
129.589,-40,0,0,0,340,147
129.595,-40,0,0,0,340,147
129.610,-40,0,0,0,340,147
129.626,-40,0,0,0,340,147
129.641,-40,0,0,0,340,147
129.657,-40,0,0,0,340,147
129.666,-40,0,0,0,340,147
129.689,-40,0,0,0,340,147
129.700,-40,0,0,0,340,147
129.721,-40,0,0,0,340,147
129.737,-40,0,0,0,340,147
129.753,-40,0,0,0,340,148
129.758,-40,0,0,0,340,148
129.769,-40,0,0,0,340,148
129.785,-40,0,0,0,340,148
129.792,-40,0,0,0,340,148
129.801,-40,0,0,0,340,148
129.817,-40,0,0,0,340,148
129.822,-40,0,0,0,340,148
129.850,-40,0,0,0,340,148
129.858,-40,0,0,0,340,148
129.865,-40,0,0,0,340,148
129.881,-40,0,0,0,340,148
129.890,-40,0,0,0,340,148
129.914,-40,0,0,0,340,148
129.929,-40,0,0,0,340,148
129.945,-40,0,0,0,340,148
129.950,-40,0,0,0,340,148
129.977,-40,0,0,0,340,148
129.993,-40,0,0,0,340,148
130.009,-40,0,0,0,340,148
130.025,-40,0,0,0,340,148
130.041,-40,0,0,0,340,148
130.057,-40,0,0,0,340,148
130.061,-40,0,0,0,340,148
130.089,-40,0,0,0,340,148
130.105,-40,0,0,0,340,148
130.120,-40,0,0,0,340,148
130.136,-40,0,0,0,340,148
130.152,-40,0,0,0,340,148
130.169,-40,0,0,0,340,148
130.186,-40,0,0,0,340,148
130.201,-40,0,0,0,340,148
130.217,-40,0,0,0,340,148
130.233,-40,0,0,0,340,148
130.248,-40,0,0,0,340,148
130.255,-40,0,0,0,340,148
130.264,-40,0,0,0,340,148
130.280,-40,0,0,0,340,148
130.285,-40,0,0,0,340,148
130.296,-40,0,0,0,340,148
130.312,-40,0,0,0,340,148
130.318,-40,0,0,0,340,148
130.344,-40,0,0,0,340,148
130.357,-40,0,0,0,340,148
130.376,-40,0,0,0,340,148
130.392,-40,0,0,0,340,148
130.408,-40,0,0,0,340,148
130.415,-40,0,0,0,340,148
130.424,-40,0,0,0,340,148
130.440,-40,0,0,0,340,148
130.445,-40,0,0,0,340,148
130.472,-40,0,0,0,340,148
130.485,-40,0,0,0,340,148
130.504,-40,0,0,0,340,148
130.522,-40,0,0,0,340,147
130.536,-40,0,0,0,340,147
130.552,-40,0,0,0,340,147
130.567,-40,0,0,0,340,147
130.573,-40,0,0,0,340,147
130.591,-40,0,0,0,340,147
130.600,-40,0,0,0,340,147
130.615,-40,0,0,0,340,147
130.627,-40,0,0,0,340,147
130.647,-40,0,0,0,340,147
130.663,-40,0,0,0,340,147
130.679,-40,0,0,0,340,147
130.685,-40,0,0,0,340,147
130.695,-40,0,0,0,340,147
130.711,-40,0,0,0,340,147
130.716,-40,0,0,0,340,147
130.743,-40,0,0,0,330,147
130.749,-40,0,0,0,330,147
130.759,-40,0,0,0,330,147
130.775,-40,0,0,0,330,147
130.782,-40,0,0,0,330,147
130.806,-40,0,0,0,330,147
130.822,-40,0,0,0,330,147
130.839,-40,0,0,0,330,147
130.844,-40,0,0,0,330,147
130.871,-40,0,0,0,330,147
130.876,-40,0,0,0,330,147
130.903,-40,0,0,0,330,147
130.920,-40,0,0,0,330,147
130.936,-40,0,0,0,330,147
130.953,-40,0,0,0,330,147
130.970,-40,0,0,0,330,147
130.984,-40,0,0,0,330,147
130.989,-40,0,0,0,330,147
131.016,-40,0,0,0,330,147
131.032,-40,0,0,0,330,147
131.048,-40,0,0,0,330,147
131.064,-40,0,0,0,330,147
131.079,-40,0,0,0,330,147
131.095,-40,0,0,0,330,147
131.111,-40,0,0,0,330,147
131.127,-40,0,0,0,330,147
131.143,-40,0,0,0,330,147
131.159,-40,0,0,0,330,147
131.176,-40,0,0,0,330,147
131.192,-40,0,0,0,330,147
131.207,-40,0,0,0,330,147
131.213,-40,0,0,0,330,147
131.223,-40,0,0,0,330,147
131.240,-40,0,0,0,330,147
131.246,-40,0,0,0,330,147
131.256,-40,0,0,0,330,147
131.272,-40,0,0,0,330,147
131.277,-40,0,0,0,330,147
131.288,-40,0,0,0,330,147
131.303,-40,0,0,0,330,147
131.320,-40,0,0,0,330,147
131.337,-40,0,0,0,330,147
131.341,-40,0,0,0,330,147
131.352,-40,0,0,0,330,147
131.368,-40,0,0,0,330,147
131.374,-40,0,0,0,330,147
131.384,-40,0,0,0,330,147
131.400,-40,0,0,0,330,147
131.406,-40,0,0,0,330,147
131.420,-40,0,0,0,330,147
131.448,-40,0,0,0,330,147
131.456,-40,0,0,0,330,147
131.466,-40,0,0,0,330,147
131.480,-40,0,0,0,330,147
131.496,-40,0,0,0,330,147
131.501,-40,0,0,0,330,147
131.527,-40,0,0,0,340,147
131.544,-40,0,0,0,340,147
131.563,-40,0,0,0,340,147
131.576,-40,0,0,0,340,147
131.592,-40,0,0,0,340,147
131.608,-40,0,0,0,340,147
131.624,-40,0,0,0,340,147
131.640,-40,0,0,0,340,147
131.656,-40,0,0,0,340,147
131.672,-40,0,0,0,340,147
131.677,-40,0,0,0,340,147
131.688,-40,0,0,0,340,147
131.703,-40,0,0,0,340,147
131.720,-40,0,0,0,340,147
131.735,-40,0,0,0,340,147
131.740,-40,0,0,0,340,147
131.751,-40,0,0,0,340,147
131.767,-40,0,0,0,340,147
131.771,-40,0,0,0,340,147
131.799,-40,0,0,0,340,147
131.804,-40,0,0,0,340,147
131.831,-40,0,0,0,340,147
131.841,-40,0,0,0,340,147
131.862,-40,0,0,0,340,147
131.870,-40,0,0,0,340,147
131.879,-40,0,0,0,340,147
131.894,-40,0,0,0,340,147
131.903,-40,0,0,0,340,147
131.910,-40,0,0,0,340,147
131.926,-40,0,0,0,340,147
131.942,-40,0,0,0,340,147
131.958,-40,0,0,0,340,147
131.963,-40,0,0,0,340,147
131.990,-40,0,0,0,340,147
132.005,-40,0,0,0,340,147
132.021,-40,0,0,0,340,147
132.038,-40,0,0,0,340,147
132.054,-40,0,0,0,340,147
132.069,-40,0,0,0,340,147
132.086,-40,0,0,0,340,147
132.102,-40,0,0,0,340,147
132.118,-40,0,0,0,340,147
132.134,-40,0,0,0,340,147
132.139,-40,0,0,0,340,147
132.166,-40,0,0,0,340,147
132.171,-40,0,0,0,340,147
132.182,-40,0,0,0,340,147
132.198,-40,0,0,0,340,147
132.209,-40,0,0,0,340,147
132.229,-40,0,0,0,340,147
132.245,-40,0,0,0,340,147
132.264,-40,0,0,0,340,147
132.274,-40,0,0,0,340,147
132.280,-40,0,0,0,340,147
132.293,-40,0,0,0,340,147
132.309,-40,0,0,0,340,147
132.322,-40,0,0,0,340,147
132.341,-40,0,0,0,340,147
132.356,-40,0,0,0,340,147
132.371,-40,0,0,0,340,147
132.382,-40,0,0,0,340,147
132.405,-40,0,0,0,340,147
132.421,-40,0,0,0,350,147
132.434,-40,0,0,0,350,147
132.446,-40,0,0,0,350,147
132.453,-40,0,0,0,350,147
132.469,-40,0,0,0,350,147
132.485,-40,0,0,0,350,147
132.498,-40,0,0,0,350,147
132.511,0,0,0,0,350,147
132.533,0,0,0,0,350,147
132.546,0,0,0,0,350,147
132.565,0,0,0,0,350,147
132.580,0,0,0,0,350,147
132.593,0,0,0,0,350,147
132.604,0,0,0,0,350,147
132.612,0,0,0,0,350,147
132.628,0,0,0,0,350,147
132.644,0,0,0,0,350,147
132.660,0,0,0,0,350,147
132.676,0,0,0,0,350,147
132.692,0,0,0,0,350,147
132.709,0,0,0,0,350,147
132.724,0,0,0,0,350,147
132.739,0,0,0,0,350,147
132.756,0,0,0,0,350,147
132.771,0,0,0,0,360,148
132.787,0,0,0,0,360,148
132.803,0,0,0,0,360,148
132.820,0,0,0,0,360,148
132.836,0,0,0,0,360,148
132.841,-40,0,0,0,360,148
132.867,-40,0,0,0,360,148
132.872,-40,0,0,0,360,148
132.900,-40,0,0,0,360,148
132.916,-40,0,0,0,360,148
132.931,-40,0,0,0,360,148
132.947,-40,0,0,0,360,148
132.962,-40,0,0,0,360,148
132.978,-40,0,0,0,360,148
133.010,-40,0,0,0,360,148
133.027,-40,0,0,0,360,148
133.043,-40,0,0,0,360,148
133.059,-40,0,0,0,360,148
133.075,-40,0,0,0,360,148
133.092,-40,0,0,0,360,148
133.108,-40,0,0,0,360,148
133.124,-40,0,0,0,360,148
133.140,-40,0,0,0,360,148
133.156,-40,0,0,0,360,148
133.172,-40,0,0,0,360,148
133.188,-40,0,0,0,360,148
133.205,-40,0,0,0,360,148
133.220,-40,0,0,0,360,148
133.236,-40,0,0,0,360,148
133.252,-40,0,0,0,360,148
133.268,-40,0,0,0,360,148
133.285,0,0,0,0,360,148
133.300,0,0,0,0,360,148
133.316,0,0,0,0,360,148
133.332,0,0,0,0,360,148
133.348,0,0,0,0,360,148
133.364,0,0,0,0,360,148
133.379,0,0,0,0,360,148
133.396,0,0,0,0,360,148
133.412,0,0,0,0,360,148
133.428,0,0,0,0,360,148
133.446,0,0,0,0,350,148
133.459,0,0,0,0,350,148
133.475,0,0,0,0,350,148
133.491,0,0,0,0,350,148
133.507,0,0,0,0,350,148
133.522,0,0,0,0,350,148
133.538,0,0,0,0,350,148
133.570,-40,0,0,0,350,148
133.579,-40,0,0,0,350,148
133.602,-40,0,0,0,350,148
133.618,-40,0,0,0,350,148
133.634,-40,0,0,0,350,148
133.650,-40,0,0,0,350,148
133.666,-40,0,0,0,350,148
133.683,-40,0,0,0,350,148
133.699,-40,0,0,0,350,148
133.715,-40,0,0,0,350,148
133.731,-40,0,0,0,350,148
133.746,-40,0,0,0,350,148
133.762,-40,0,0,0,350,147
133.778,-40,0,0,0,350,147
133.794,-40,0,0,0,350,147
133.810,-40,0,0,0,350,147
133.826,-40,0,0,0,350,147
133.843,-40,0,0,0,350,147
133.858,-40,0,0,0,350,147
133.874,-40,0,0,0,350,147
133.890,-40,0,0,0,350,147
133.907,-40,0,0,0,350,147
133.922,-40,0,0,0,350,147
133.938,-40,0,0,0,350,147
133.953,-40,0,0,0,350,147
133.969,-40,0,0,0,350,147
133.985,-40,0,0,0,350,147
134.017,-40,0,0,0,340,147
134.033,-40,0,0,0,340,147
134.049,-40,0,0,0,340,147
134.065,-40,0,0,0,340,147
134.081,-40,0,0,0,340,147
134.086,-40,0,0,0,340,147
134.097,-40,0,0,0,340,147
134.113,-40,0,0,0,340,147
134.119,-40,0,0,0,340,147
134.145,-40,0,0,0,340,147
134.161,-40,0,0,0,340,147
134.177,-40,0,0,0,340,147
134.192,-40,0,0,0,340,147
134.208,-40,0,0,0,340,147
134.224,-40,0,0,0,340,147
134.229,-40,0,0,0,340,147
134.247,-40,0,0,0,340,147
134.272,-40,0,0,0,340,147
134.282,-40,0,0,0,340,147
134.304,-40,0,0,0,340,147
134.320,-40,0,0,0,340,147
134.336,-40,0,0,0,340,147
134.352,-40,0,0,0,340,147
134.368,-40,0,0,0,340,147
134.373,-40,0,0,0,340,147
134.385,-40,0,0,0,340,147
134.400,-40,0,0,0,340,147
134.416,-40,0,0,0,340,147
134.421,-40,0,0,0,340,147
134.432,-40,0,0,0,340,147
134.448,-40,0,0,0,340,147
134.453,-40,0,0,0,340,147
134.464,-40,0,0,0,340,147
134.479,-40,0,0,0,340,147
134.484,-40,0,0,0,340,147
134.495,-40,0,0,0,340,147
134.511,-40,0,0,0,340,147
134.517,-40,0,0,0,340,147
134.529,-40,0,0,0,340,147
134.543,-40,0,0,0,340,147
134.555,-40,0,0,0,340,147
134.560,-40,0,0,0,340,147
134.590,-40,0,0,0,340,147
134.606,-40,0,0,0,340,147
134.623,-40,0,0,0,340,147
134.639,-40,0,0,0,340,147
134.655,-40,0,0,0,340,147
134.671,-40,0,0,0,340,147
134.687,-40,0,0,0,340,147
134.703,-40,0,0,0,340,147
134.719,-40,0,0,0,340,147
134.737,-40,0,0,0,340,147
134.750,-40,0,0,0,340,147
134.767,-40,0,0,0,340,147
134.775,-40,0,0,0,340,147
134.799,-40,0,0,0,340,147
134.815,-40,0,0,0,340,147
134.831,-40,0,0,0,340,147
134.847,-40,0,0,0,340,147
134.863,-40,0,0,0,340,147
134.878,-40,0,0,0,340,147
134.883,-40,0,0,0,340,147
134.910,-40,0,0,0,340,147
134.916,-40,0,0,0,340,147
134.943,-40,0,0,0,340,147
134.948,-40,0,0,0,340,147
134.959,-40,0,0,0,340,147
134.976,-40,0,0,0,340,147
134.980,-40,0,0,0,340,147
134.991,-40,0,0,0,340,147
135.007,-40,0,0,0,340,147
135.016,-40,0,0,0,340,147
135.022,-40,0,0,0,340,147
135.038,-40,0,0,0,340,147
135.054,-40,0,0,0,340,147
135.070,-40,0,0,0,340,147
135.080,-40,0,0,0,340,147
135.086,-40,0,0,0,340,147
135.102,-40,0,0,0,340,147
135.118,-40,0,0,0,340,147
135.135,-40,0,0,0,340,147
135.150,-40,0,0,0,340,147
135.161,-40,0,0,0,340,147
135.181,-40,0,0,0,340,147
135.195,-40,0,0,0,340,147
135.206,-40,0,0,0,340,147
135.212,-40,0,0,0,340,147
135.229,-40,0,0,0,340,147
135.245,-40,0,0,0,340,147
135.260,-40,0,0,0,340,147
135.276,-40,0,0,0,340,147
135.292,-40,0,0,0,340,147
135.308,-40,0,0,0,340,147
135.313,-40,0,0,0,340,147
135.324,-40,0,0,0,340,148
135.340,-40,0,0,0,340,148
135.345,-40,0,0,0,340,148
135.356,-40,0,0,0,340,148
135.372,-40,0,0,0,340,148
135.384,-40,0,0,0,340,148
135.388,-40,0,0,0,340,148
135.419,-40,0,0,0,340,148
135.435,-40,0,0,0,340,148
135.441,-40,0,0,0,340,148
135.451,-40,0,0,0,340,148
135.462,-40,0,0,0,340,148
135.474,-40,0,0,0,340,148
135.478,-40,0,0,0,340,148
135.499,-40,0,0,0,340,148
135.511,-40,0,0,0,340,148
135.530,-40,0,0,0,340,148
135.547,-40,0,0,0,340,147
135.561,-40,0,0,0,340,147
135.575,-40,0,0,0,340,147
135.587,-40,0,0,0,340,147
135.609,-40,0,0,0,340,147
135.625,-40,0,0,0,340,147
135.641,-40,0,0,0,340,147
135.657,-40,0,0,0,340,147
135.673,-40,0,0,0,340,147
135.690,-40,0,0,0,340,147
135.706,-40,0,0,0,340,147
135.721,-40,0,0,0,340,147
135.737,-40,0,0,0,340,147
135.743,-40,0,0,0,340,147
135.768,-40,0,0,0,340,148
135.780,-40,0,0,0,340,148
135.800,-40,0,0,0,340,148
135.805,-40,0,0,0,340,148
135.816,-40,0,0,0,340,148
135.831,-40,0,0,0,340,148
135.847,-40,0,0,0,340,148
135.864,-40,0,0,0,340,148
135.869,-40,0,0,0,340,148
135.896,-40,0,0,0,340,148
135.900,-40,0,0,0,340,148
135.927,-40,0,0,0,340,148
135.942,-40,0,0,0,340,148
135.958,-40,0,0,0,340,148
135.974,-40,0,0,0,340,148
135.990,-40,0,0,0,340,148
136.006,-40,0,0,0,340,148
136.018,-40,0,0,0,340,148
136.038,-40,0,0,0,340,148
136.054,-40,0,0,0,340,148
136.070,-40,0,0,0,340,148
136.086,-40,0,0,0,340,148
136.102,-40,0,0,0,340,148
136.107,-40,0,0,0,340,148
136.118,-40,0,0,0,340,148
136.134,-40,0,0,0,340,148
136.139,-40,0,0,0,340,148
136.150,-40,0,0,0,340,148
136.166,-40,0,0,0,340,148
136.171,-40,0,0,0,340,148
136.198,-40,0,0,0,340,148
136.203,-40,0,0,0,340,148
136.216,-40,0,0,0,340,148
136.229,-40,0,0,0,340,148
136.245,-40,0,0,0,340,148
136.261,-40,0,0,0,340,148
136.270,-40,0,0,0,340,148
136.293,-40,0,0,0,340,148
136.298,-40,0,0,0,340,148
136.309,-40,0,0,0,340,148
136.325,-40,0,0,0,340,148
136.333,-40,0,0,0,340,148
136.340,-40,0,0,0,340,148
136.356,-40,0,0,0,340,148
136.373,-40,0,0,0,340,148
136.389,-40,0,0,0,340,148
136.405,-40,0,0,0,340,148
136.416,-40,0,0,0,340,148
136.437,-40,0,0,0,340,148
136.453,-40,0,0,0,330,147
136.469,-40,0,0,0,330,147
136.485,-40,0,0,0,330,147
136.501,-40,0,0,0,330,147
136.517,-40,0,0,0,330,147
136.532,-40,0,0,0,330,147
136.541,-40,0,0,0,330,147
136.565,-40,0,0,0,330,147
136.571,0,0,0,0,330,147
136.597,0,0,0,0,330,147
136.613,0,0,0,0,330,147
136.629,0,0,0,0,330,147
136.645,0,0,0,0,330,147
136.661,0,0,0,0,330,147
136.677,0,0,0,0,330,147
136.693,0,0,0,0,330,147
136.709,0,0,0,0,330,147
136.725,0,0,0,0,330,147
136.741,0,0,0,0,330,147
136.757,0,0,0,0,330,147
136.773,0,0,0,0,330,147
136.788,0,0,0,0,330,147
136.804,0,0,0,0,330,147
136.820,0,0,0,0,330,147
136.836,0,0,0,0,330,147
136.852,0,0,0,0,330,147
136.868,0,0,0,0,330,147
136.883,0,0,0,0,330,147
136.899,0,0,0,0,330,147
136.915,0,0,0,0,330,147
136.931,0,0,0,0,330,147
136.947,0,0,0,0,330,147
136.963,0,0,0,0,330,147
136.979,0,0,0,0,330,147
136.995,0,0,0,0,330,148
137.006,0,0,0,0,330,148
137.026,0,0,0,0,330,148
137.031,0,0,0,0,330,148
137.058,0,0,0,0,330,148
137.074,0,0,0,0,330,148
137.090,0,0,0,0,330,148
137.106,0,0,0,40,330,148
137.121,0,0,0,40,330,148
137.137,0,0,0,40,330,148
137.153,0,0,0,40,330,148
137.169,0,0,0,40,330,148
137.185,0,0,0,40,330,148
137.201,0,0,0,40,330,148
137.206,0,0,0,40,330,148
137.233,0,0,0,40,330,147
137.249,0,0,0,40,330,147
137.265,0,0,0,40,330,147
137.281,0,0,0,40,330,147
137.297,0,0,0,40,330,147
137.313,0,0,0,40,330,147
137.325,0,0,0,40,330,147
137.340,0,0,0,40,330,148
137.359,0,0,0,40,330,148
137.375,0,0,0,40,330,148
137.391,0,0,0,40,330,148
137.403,0,0,0,40,330,148
137.423,0,0,0,40,330,148
137.439,0,0,0,40,330,148
137.454,0,0,0,40,330,150
137.470,0,0,0,40,330,150
137.486,0,0,0,40,330,150
137.502,0,0,0,40,330,150
137.518,0,0,0,40,330,150
137.534,0,0,0,40,330,150
137.549,0,0,0,40,330,152
137.565,0,0,0,40,330,152
137.581,0,0,0,40,330,152
137.597,0,0,0,40,330,152
137.613,0,0,0,40,330,152
137.618,0,0,0,40,330,152
137.628,0,0,0,40,330,152
137.644,0,0,0,40,330,152
137.660,0,0,0,40,330,154
137.675,0,0,0,40,330,154
137.691,0,0,0,40,330,154
137.707,0,0,0,40,330,154
137.723,0,0,0,40,330,154
137.739,0,0,0,40,330,154
137.751,0,0,0,40,330,154
137.755,0,0,0,40,330,154
137.771,0,0,0,40,340,156
137.787,0,0,0,40,340,156
137.803,0,0,0,40,340,156
137.816,0,0,0,40,340,156
137.820,0,0,0,40,340,156
137.835,0,0,0,40,340,156
137.846,0,0,0,40,340,156
137.851,0,0,0,40,340,156
137.866,0,0,0,40,340,156
137.882,0,0,0,40,340,158
137.898,0,0,0,40,340,158
137.903,0,0,0,40,340,158
137.930,0,0,0,40,340,158
137.946,0,0,0,40,340,158
137.955,0,0,0,40,340,158
137.978,0,0,0,40,340,158
137.983,0,0,0,40,340,158
137.994,0,0,0,40,340,160
138.010,0,0,0,40,340,160
138.014,0,0,0,40,340,160
138.032,0,0,0,40,340,160
138.047,0,0,0,40,340,160
138.051,0,0,0,40,340,160
138.057,0,0,0,40,340,160
138.073,0,0,0,40,340,160
138.089,0,0,0,40,340,160
138.106,0,0,0,40,340,162
138.122,0,0,0,40,340,162
138.138,0,0,0,40,340,162
138.150,0,0,0,40,340,162
138.159,0,0,0,40,340,162
138.169,0,0,0,40,340,162
138.185,0,0,0,40,340,162
138.196,0,0,0,40,340,162
138.216,0,0,0,40,340,167
138.232,0,0,0,40,340,167
138.247,0,0,0,40,340,167
138.263,0,0,0,40,340,167
138.279,0,0,0,40,340,167
138.284,0,0,0,40,340,167
138.294,0,0,0,40,340,167
138.310,0,0,0,40,340,167
138.316,0,0,0,40,340,167
138.326,0,0,0,40,340,167
138.342,0,0,0,40,340,169
138.347,0,0,0,40,340,169
138.361,0,0,0,40,340,169
138.374,0,0,0,40,340,169
138.378,0,0,0,40,340,169
138.390,0,0,0,40,340,169
138.405,0,0,0,40,340,169
138.421,0,0,0,40,340,169
138.436,0,0,0,40,340,171
138.449,0,0,0,40,340,171
138.455,0,0,0,40,340,171
138.472,0,0,0,40,340,171
138.479,0,0,0,40,340,171
138.500,0,0,0,40,340,171
138.516,0,0,0,40,340,171
138.532,0,0,0,40,340,171
138.543,0,0,0,0,340,171
138.558,0,0,0,0,340,173
138.578,0,0,0,0,340,173
138.594,0,0,0,0,340,173
138.610,0,0,0,0,340,173
138.626,0,0,0,0,340,173
138.642,0,0,0,0,340,173
138.659,0,0,0,0,340,178
138.671,0,0,0,0,340,178
138.689,0,0,0,0,340,178
138.705,0,0,0,0,340,178
138.721,0,0,0,0,340,178
138.736,0,0,0,0,340,178
138.754,0,0,0,0,340,178
138.770,0,0,0,0,340,178
138.784,0,0,0,0,340,178
138.795,0,0,0,0,340,178
138.815,0,0,0,0,340,178
138.831,0,0,0,0,340,178
138.844,0,0,0,0,340,178
138.856,0,0,0,0,340,178
138.880,0,0,0,0,340,179
138.896,0,0,0,0,340,179
138.912,0,0,0,0,340,179
138.922,0,0,0,0,340,179
138.937,0,0,0,0,340,179
138.955,0,0,0,0,340,179
138.976,0,0,0,0,340,179
138.992,0,0,0,0,340,179
139.008,-40,0,0,0,340,179
139.024,-40,0,0,0,340,179
139.040,-40,0,0,0,340,179
139.053,-40,0,0,0,340,179
139.072,-40,0,0,0,340,179
139.088,-40,0,0,0,340,179
139.104,-40,0,0,0,340,179
139.120,-40,0,0,0,340,179
139.136,-40,0,0,0,340,179
139.140,-40,0,0,0,340,179
139.168,-40,0,0,0,340,179
139.183,-40,0,0,0,340,179
139.199,-40,0,0,0,340,178
139.215,-40,0,0,0,340,178
139.231,-40,0,0,0,340,178
139.247,-40,0,0,0,340,178
139.263,-40,0,0,0,340,178
139.279,-40,0,0,0,340,178
139.295,-40,0,0,0,340,178
139.310,-40,0,0,0,340,178
139.326,-40,0,0,0,340,178
139.341,-40,0,0,0,340,178
139.357,-40,0,0,0,340,178
139.373,-40,0,0,0,340,178
139.389,-40,0,0,0,340,178
139.405,-40,0,0,0,340,178
139.421,-40,0,0,0,340,178
139.437,-40,0,0,0,340,178
139.453,-40,0,0,0,340,178
139.469,-40,0,0,0,340,178
139.485,-40,0,0,0,340,178
139.517,-40,0,0,0,340,178
139.531,-40,0,0,0,340,178
139.549,-40,0,0,0,340,178
139.554,-40,0,0,0,340,178
139.565,-40,0,0,0,340,178
139.581,-40,0,0,0,340,178
139.586,-40,0,0,0,340,178
139.596,-40,0,0,0,340,178
139.612,-40,0,0,0,340,178
139.622,-40,0,0,0,340,178
139.627,-40,0,0,0,340,178
139.643,-40,0,0,0,340,179
139.650,-40,0,0,0,340,179
139.659,-40,0,0,0,340,179
139.669,-40,0,0,0,340,179
139.691,-40,0,0,0,340,179
139.707,-40,0,0,0,340,179
139.718,-40,0,0,0,340,179
139.723,-40,0,0,0,340,179
139.739,-40,0,0,0,340,179
139.750,-40,0,0,0,340,179
139.770,-40,0,0,0,340,179
139.781,-40,0,0,0,340,179
139.802,-40,0,0,0,340,179
139.816,-40,0,0,0,340,179
139.834,-40,0,0,0,340,179
139.850,-40,0,0,0,340,179
139.866,-40,0,0,0,340,179
139.882,-40,0,0,0,340,179
139.891,-40,0,0,0,340,179
139.914,-40,0,0,0,340,179
139.931,-40,0,0,0,340,179
139.946,-40,0,0,0,340,179
139.960,-40,0,0,0,340,179
139.978,-40,0,0,0,340,179
139.987,-40,0,0,0,340,179
139.995,-40,0,0,0,340,179
140.010,-40,0,0,0,340,179
140.015,-40,0,0,0,340,179
140.025,-40,0,0,0,340,179
140.041,-40,0,0,0,340,179
140.046,-40,0,0,0,340,179
140.057,-40,0,0,0,340,179
140.073,-40,0,0,0,340,179
140.079,-40,0,0,0,340,179
140.090,-40,0,0,0,340,179
140.105,-40,0,0,0,340,179
140.111,-40,0,0,0,340,179
140.137,-40,0,0,0,340,179
140.153,-40,0,0,0,340,179
140.162,-40,0,0,0,340,179
140.177,-40,0,0,0,340,179
140.199,-40,0,0,0,340,179
140.211,-40,0,0,0,340,179
140.232,-40,0,0,0,340,179
140.248,-40,0,0,0,340,179
140.264,-40,0,0,0,340,179
140.280,-40,0,0,0,340,179
140.296,-40,0,0,0,340,179
140.311,-40,0,0,0,340,179
140.327,-40,0,0,0,340,179
140.343,-40,0,0,0,340,179
140.359,-40,0,0,0,340,179
140.375,-40,0,0,0,340,179
140.381,-40,0,0,0,340,179
140.391,-40,0,0,0,340,179
140.407,-40,0,0,0,340,179
140.412,-40,0,0,0,340,179
140.423,-40,0,0,0,340,179
140.439,-40,0,0,0,340,179
140.445,-40,0,0,0,340,179
140.455,-40,0,0,0,340,179
140.471,-40,0,0,0,340,179
140.480,-40,0,0,0,340,179
140.495,-40,0,0,0,340,179
140.506,-40,0,0,0,340,179
140.513,-40,0,0,0,340,179
140.535,-40,0,0,0,350,179
140.552,-40,0,0,0,350,179
140.567,-40,0,0,0,350,179
140.583,-40,0,0,0,350,179
140.588,-40,0,0,0,350,179
140.615,-40,0,0,0,350,179
140.630,-40,0,0,0,350,179
140.636,-40,0,0,0,350,179
140.662,-40,0,0,0,350,179
140.678,-40,0,0,0,350,179
140.696,-40,0,0,0,350,179
140.710,-40,0,0,0,350,179
140.725,-40,0,0,0,350,179
140.742,-40,0,0,0,350,179
140.758,-40,0,0,0,350,179
140.764,-40,0,0,0,350,179
140.775,-40,0,0,0,350,179
140.790,-40,0,0,0,350,179
140.806,-40,0,0,0,350,179
140.822,-40,0,0,0,350,179
140.838,-40,0,0,0,350,179
140.843,-40,0,0,0,350,179
140.854,-40,0,0,0,350,179
140.872,-40,0,0,0,350,179
140.878,-40,0,0,0,350,179
140.886,-40,0,0,0,350,179
140.895,-40,0,0,0,350,179
140.903,-40,0,0,0,350,179
140.936,-40,0,0,0,350,179
140.942,-40,0,0,0,350,179
140.961,-40,0,0,0,350,179
140.969,-40,0,0,0,350,179
140.986,-40,0,0,0,350,179
141.003,-40,0,0,0,350,179
141.008,-40,0,0,0,350,179
141.023,-40,0,0,0,350,179
141.035,-40,0,0,0,350,179
141.040,-40,0,0,0,350,179
141.062,-40,0,0,0,350,179
141.076,-40,0,0,0,350,179
141.087,-40,0,0,0,350,179
141.111,-40,0,0,0,350,179
141.128,-40,0,0,0,350,179
141.136,-40,0,0,0,350,179
141.145,-40,0,0,0,350,179
141.153,-40,0,0,0,350,179
141.161,-40,0,0,0,350,179
141.170,-40,0,0,0,350,179
141.189,-40,0,0,0,350,179
141.206,-40,0,0,0,340,179
141.214,-40,0,0,0,340,179
141.231,-40,0,0,0,340,179
141.241,-40,0,0,0,340,179
141.247,-40,0,0,0,340,179
141.256,-40,0,0,0,340,179
141.272,-40,0,0,0,340,179
141.290,-40,0,0,0,340,179
141.297,-40,0,0,0,340,179
141.314,-40,0,0,0,340,179
141.330,-40,0,0,0,340,179
141.339,-40,0,0,0,340,179
141.355,-40,0,0,0,340,179
141.363,-40,0,0,0,340,179
141.373,-40,0,0,0,340,179
141.388,-40,0,0,0,340,179
141.405,-40,0,0,0,340,179
141.427,-40,0,0,0,340,179
141.442,-40,0,0,0,340,179
141.467,-40,0,0,0,340,179
141.474,-40,0,0,0,340,179
141.483,-40,0,0,0,340,179
141.492,-40,0,0,0,340,179
141.501,-40,0,0,0,340,179
141.524,-40,0,0,0,340,179
141.532,-40,0,0,0,340,179
141.541,0,0,0,0,340,179
141.549,0,0,0,0,340,179
141.557,0,0,0,0,340,179
141.578,0,0,0,0,340,179
141.587,0,0,0,0,340,179
141.604,0,0,0,0,340,179
141.613,0,0,0,0,340,179
141.637,0,0,0,0,340,179
141.652,0,0,0,0,340,179
141.661,0,0,0,0,340,179
141.670,0,0,0,0,340,179
141.678,0,0,0,0,340,179
141.702,0,0,0,0,340,179
141.708,0,0,0,0,340,179
141.734,0,0,0,0,340,179
141.750,0,0,0,0,340,179
141.766,0,0,0,0,340,179
141.783,0,0,0,0,340,179
141.799,0,0,0,0,340,179
141.815,0,0,0,0,340,179
141.830,0,0,0,0,340,179
141.847,0,0,0,0,340,179
141.862,0,0,0,0,340,179
141.878,0,0,0,0,340,179
141.894,0,0,0,0,340,179
141.910,0,0,0,0,340,179
141.926,0,0,0,0,340,179
141.942,0,0,0,0,340,179
141.958,0,0,0,0,340,179
141.974,0,0,0,0,340,179
141.990,0,0,0,0,340,179
142.006,0,0,0,0,340,179
142.022,0,0,0,0,340,179
142.038,0,0,0,0,340,179
142.054,0,0,0,0,340,179
142.070,0,0,0,0,340,179
142.086,0,0,0,0,340,179
142.102,0,0,0,0,340,179
142.118,0,0,0,0,340,179
142.134,0,0,0,0,340,179
142.150,0,0,0,0,340,179
142.167,0,0,0,0,340,179
142.183,0,0,0,0,340,179
142.198,0,0,0,0,340,179
142.214,0,0,0,0,340,179
142.230,0,0,0,0,340,179
142.246,0,0,0,0,340,179
142.263,0,0,0,0,340,179
142.278,0,0,0,0,340,179
142.294,0,0,0,0,340,179
142.310,0,0,0,0,340,179
142.317,-40,0,0,0,340,179
142.326,-40,0,0,0,340,179
142.343,-40,0,0,0,340,179
142.359,-40,0,0,0,340,179
142.375,-40,0,0,0,340,179
142.391,-40,0,0,0,340,179
142.406,-40,0,0,0,340,178
142.423,-40,0,0,0,340,178
142.438,-40,0,0,0,340,178
142.455,-40,0,0,0,340,178
142.471,-40,0,0,0,340,178
142.486,-40,0,0,0,340,178
142.503,-40,0,0,0,340,178
142.519,-40,0,0,0,340,178
142.550,-40,0,0,0,340,178
142.566,-40,0,0,0,340,178
142.572,-40,0,0,0,340,178
142.598,-40,0,0,0,340,178
142.614,-40,0,0,0,330,178
142.630,-40,0,0,0,330,178
142.646,-40,0,0,0,330,178
142.662,-40,0,0,0,330,178
142.678,-40,0,0,0,330,178
142.694,-40,0,0,0,330,178
142.709,-40,0,0,0,330,178
142.725,-40,0,0,0,330,178
142.742,-40,0,0,0,330,178
142.759,-40,0,0,0,330,178
142.774,-40,0,0,0,330,178
142.790,-40,0,0,0,330,178
142.806,-40,0,0,0,330,178
142.822,-40,0,0,0,330,178
142.828,-40,0,0,0,330,178
142.838,-40,0,0,0,330,178
142.854,-40,0,0,0,330,178
142.859,-40,0,0,0,330,178
142.870,-40,0,0,0,330,178
142.886,-40,0,0,0,330,178
142.892,-40,0,0,0,330,178
142.904,-40,0,0,0,330,178
142.918,-40,0,0,0,330,178
142.923,-40,0,0,0,330,178
142.950,-40,0,0,0,330,178
142.956,-40,0,0,0,330,178
142.965,-40,0,0,0,330,178
142.981,-40,0,0,0,330,178
142.997,-40,0,0,0,330,178
143.014,-40,0,0,0,330,178
143.029,-40,0,0,0,330,178
143.045,-40,0,0,0,330,178
143.056,-40,0,0,0,330,178
143.076,-40,0,0,0,340,178
143.093,-40,0,0,0,340,178
143.109,-40,0,0,0,340,178
143.124,-40,0,0,0,340,178
143.140,-40,0,0,0,340,178
143.156,-40,0,0,0,340,178
143.171,-40,0,0,0,340,178
143.187,-40,0,0,0,340,178
143.203,-40,0,0,0,340,178
143.220,-40,0,0,0,340,178
143.235,-40,0,0,0,340,178
143.251,-40,0,0,0,340,178
143.256,-40,0,0,0,340,178
143.267,-40,0,0,0,340,178
143.283,-40,0,0,0,340,178
143.289,-40,0,0,0,340,178
143.299,-40,0,0,0,340,178
143.315,-40,0,0,0,340,178
143.331,-40,0,0,0,340,178
143.347,-40,0,0,0,340,178
143.362,-40,0,0,0,340,178
143.375,-40,0,0,0,340,178
143.394,-40,0,0,0,340,178
143.405,-40,0,0,0,340,178
143.427,-40,0,0,0,340,178
143.442,-40,0,0,0,340,178
143.454,-40,0,0,0,340,178
143.460,-40,0,0,0,340,178
143.490,-40,0,0,0,340,178
143.506,-40,0,0,0,340,178
143.517,-40,0,0,0,340,178
143.538,-40,0,0,0,340,178
143.554,-40,0,0,0,340,178
143.570,-40,0,0,0,340,178
143.586,-40,0,0,0,340,178
143.602,-40,0,0,0,340,178
143.618,-40,0,0,0,340,178
143.634,-40,0,0,0,340,178
143.650,-40,0,0,0,340,178
143.666,-40,0,0,0,340,178
143.682,-40,0,0,0,340,178
143.687,-40,0,0,0,340,178
143.714,-40,0,0,0,340,178
143.720,-40,0,0,0,340,178
143.730,-40,0,0,0,350,178
143.746,-40,0,0,0,350,178
143.753,-40,0,0,0,350,178
143.762,-40,0,0,0,350,178
143.778,-40,0,0,0,350,178
143.794,-40,0,0,0,350,178
143.810,-40,0,0,0,350,178
143.819,-40,0,0,0,350,178
143.827,-40,0,0,0,350,178
143.841,-40,0,0,0,350,178
143.857,-40,0,0,0,350,178
143.873,-40,0,0,0,350,178
143.889,-40,0,0,0,350,178
143.905,-40,0,0,0,350,178
143.921,-40,0,0,0,350,178
143.936,-40,0,0,0,350,178
143.953,-40,0,0,0,350,178
143.969,-40,0,0,0,350,178
143.985,-40,0,0,0,350,178
144.001,-40,0,0,0,350,178
144.017,-40,0,0,0,350,178
144.033,-40,0,0,0,350,178
144.049,-40,0,0,0,350,178
144.062,-40,0,0,0,350,178
144.080,-40,0,0,0,360,178
144.096,-40,0,0,0,360,178
144.112,-40,0,0,0,360,178
144.118,-40,0,0,0,360,178
144.128,-40,0,0,0,360,178
144.144,-40,0,0,0,360,178
144.149,-40,0,0,0,360,178
144.176,-40,0,0,0,360,178
144.192,-40,0,0,0,360,178
144.208,-40,0,0,0,360,178
144.213,-40,0,0,0,360,178
144.224,-40,0,0,0,360,178
144.240,-40,0,0,0,360,178
144.246,-40,0,0,0,360,178
144.256,-40,0,0,0,360,178
144.272,-40,0,0,0,360,178
144.283,-40,0,0,0,360,178
144.288,-40,0,0,0,360,178
144.304,-40,0,0,0,360,178
144.321,-40,0,0,0,360,178
144.337,-40,0,0,0,360,178
144.353,-40,0,0,0,360,178
144.369,-40,0,0,0,360,178
144.385,-40,0,0,0,360,178
144.401,-40,0,0,0,360,178
144.406,-40,0,0,0,360,178
144.433,-40,0,0,0,360,178
144.437,-40,0,0,0,360,178
144.465,-40,0,0,0,360,178
144.480,-40,0,0,0,360,178
144.496,-40,0,0,0,360,178
144.513,-40,0,0,0,360,178
144.529,-40,0,0,0,360,178
144.534,-40,0,0,0,360,178
144.545,-40,0,0,0,360,178
144.561,-40,0,0,0,360,178
144.578,-40,0,0,0,360,178
144.589,-40,0,0,0,360,178
144.609,-40,0,0,0,360,178
144.614,-40,0,0,0,360,178
144.625,-40,0,0,0,360,178
144.641,-40,0,0,0,360,178
144.647,-40,0,0,0,360,178
144.657,-40,0,0,0,360,178
144.673,-40,0,0,0,360,178
144.678,-40,0,0,0,360,178
144.705,-40,0,0,0,360,178
144.717,-40,0,0,0,360,178
144.737,-40,0,0,0,360,178
144.743,-40,0,0,0,360,178
144.753,-40,0,0,0,360,178
144.769,-40,0,0,0,360,178
144.778,-40,0,0,0,360,178
144.801,-40,0,0,0,360,178
144.806,-40,0,0,0,360,178
144.817,-40,0,0,0,360,178
144.833,-40,0,0,0,360,178
144.848,-40,0,0,0,360,179
144.865,-40,0,0,0,360,179
144.881,-40,0,0,0,360,179
144.897,-40,0,0,0,360,179
144.907,-40,0,0,0,360,179
144.928,-40,0,0,0,360,179
144.944,-40,0,0,0,360,179
144.960,-40,0,0,0,360,179
144.977,-40,0,0,0,350,179
144.993,-40,0,0,0,350,179
145.009,-40,0,0,0,350,179
145.025,-40,0,0,0,350,179
145.036,-40,0,0,0,350,179
145.043,-40,0,0,0,350,179
145.057,-40,0,0,0,350,179
145.072,-40,0,0,0,350,179
145.077,-40,0,0,0,350,178
145.105,-40,0,0,0,350,178
145.115,-40,0,0,0,350,178
145.138,-40,0,0,0,350,178
145.147,-40,0,0,0,350,178
145.170,-40,0,0,0,350,178
145.175,-40,0,0,0,350,178
145.188,-40,0,0,0,340,178
145.202,-40,0,0,0,340,178
145.207,-40,0,0,0,340,178
145.234,-40,0,0,0,340,178
145.239,-40,0,0,0,340,178
145.250,-40,0,0,0,340,178
145.266,-40,0,0,0,340,178
145.273,-40,0,0,0,340,178
145.282,-40,0,0,0,340,178
145.298,-40,0,0,0,340,178
145.304,-40,0,0,0,340,178
145.330,-40,0,0,0,340,178
145.336,-40,0,0,0,340,178
145.362,-40,0,0,0,340,178
145.377,-40,0,0,0,340,178
145.394,-40,0,0,0,340,178
145.399,-40,0,0,0,340,178
145.425,-40,0,0,0,340,178
145.439,-40,0,0,0,340,178
145.457,-40,0,0,0,340,178
145.463,-40,0,0,0,340,178
145.489,-40,0,0,0,340,178
145.505,-40,0,0,0,340,178
145.521,-40,0,0,0,340,178
145.537,-40,0,0,0,340,178
145.553,-40,0,0,0,340,178
145.570,-40,0,0,0,340,178
145.585,-40,0,0,0,340,178
145.603,-40,0,0,0,340,178
145.608,-40,0,0,0,340,178
145.617,-40,0,0,0,340,178
145.633,-40,0,0,0,340,178
145.644,-40,0,0,0,340,178
145.665,-40,0,0,0,340,178
145.674,-40,0,0,0,340,178
145.681,-40,0,0,0,340,178
145.697,-40,0,0,0,340,178
145.713,-40,0,0,0,340,178
145.729,-40,0,0,0,340,178
145.734,-40,0,0,0,340,178
145.761,-40,0,0,0,340,178
145.772,-40,0,0,0,340,178
145.777,-40,0,0,0,340,178
145.793,-40,0,0,0,340,178
145.809,-40,0,0,0,340,178
145.825,-40,0,0,0,340,178
145.831,-40,0,0,0,340,178
145.857,-40,0,0,0,340,178
145.863,-40,0,0,0,340,178
145.890,-40,0,0,0,340,178
145.906,-40,0,0,0,340,178
145.922,-40,0,0,0,340,178
145.946,-40,0,0,0,340,178
145.958,-40,0,0,0,340,178
145.970,-40,0,0,0,350,178
145.987,-40,0,0,0,350,178
146.003,-40,0,0,0,350,178
146.019,-40,0,0,0,350,178
146.035,-40,0,0,0,350,178
146.051,-40,0,0,0,350,178
146.067,-40,0,0,0,350,178
146.083,-40,0,0,0,350,178
146.099,-40,0,0,0,350,178
146.115,-40,0,0,0,350,178
146.131,0,0,0,0,350,178
146.147,0,0,0,0,350,178
146.162,0,0,0,0,350,178
146.178,0,0,0,0,350,178
146.194,0,0,0,0,350,178
146.210,0,0,0,0,350,178
146.226,0,0,0,0,350,178
146.243,0,0,0,0,350,178
146.259,0,0,0,0,350,178
146.275,0,0,0,0,350,178
146.291,0,0,0,0,350,178
146.307,0,0,0,0,350,178
146.323,0,0,0,0,350,179
146.339,0,0,0,0,350,179
146.355,0,0,0,0,350,179
146.371,0,0,0,0,350,179
146.387,0,0,0,0,350,179
146.403,0,0,0,0,350,179
146.419,0,0,0,0,350,179
146.433,0,0,0,0,350,179
146.447,0,0,0,0,350,179
146.478,0,0,0,0,350,179
146.494,0,0,0,0,350,179
146.510,0,0,0,0,350,179
146.526,0,0,0,0,350,179
146.541,0,0,0,0,350,179
146.557,0,0,0,0,350,179
146.573,0,0,0,0,350,179
146.590,0,0,0,0,350,179
146.605,0,0,0,0,350,179
146.621,0,0,0,40,350,179
146.637,0,0,0,40,350,179
146.653,0,0,0,40,350,179
146.669,0,0,0,40,350,179
146.686,0,0,0,40,350,179
146.701,0,0,0,40,350,179
146.719,0,0,0,40,350,179
146.734,0,0,0,40,350,179
146.745,0,0,0,40,350,179
146.765,0,0,0,40,350,179
146.781,0,0,0,40,350,179
146.797,0,0,0,40,350,179
146.813,0,0,0,40,350,179
146.829,0,0,0,40,350,179
146.845,0,0,0,40,350,179
146.861,0,0,0,40,350,179
146.878,0,0,0,40,350,179
146.894,0,0,0,40,350,179
146.910,0,0,0,40,350,179
146.926,0,0,0,40,350,179
146.941,0,0,0,40,350,179
146.957,0,0,0,40,350,179
146.973,0,0,0,40,340,-175
146.990,0,0,0,40,340,-175
147.006,0,0,0,40,340,-175
147.022,0,0,0,40,340,-175
147.038,0,0,0,40,340,-175
147.054,0,0,0,40,340,-175
147.070,0,0,0,40,340,-175
147.085,0,0,0,40,340,-175
147.102,0,0,0,40,340,-172
147.118,0,0,0,40,340,-172
147.135,0,0,0,40,340,-172
147.150,0,0,0,40,340,-172
147.166,0,0,0,40,340,-172
147.178,0,0,0,40,340,-172
147.200,0,0,0,40,330,-169
147.214,0,0,0,40,330,-169
147.230,0,0,0,40,330,-169
147.247,0,0,0,40,330,-169
147.262,0,0,0,40,330,-169
147.275,0,0,0,40,330,-169
147.294,0,0,0,40,330,-169
147.305,0,0,0,40,330,-169
147.325,0,0,0,40,320,-166
147.330,0,0,0,40,320,-166
147.341,0,0,0,40,320,-166
147.357,0,0,0,40,320,-166
147.362,0,0,0,40,320,-166
147.372,0,0,0,40,320,-166
147.385,0,0,0,40,320,-166
147.395,0,0,0,40,320,-166
147.401,0,0,0,40,320,-166
147.420,0,0,0,40,320,-166
147.426,0,0,0,40,320,-164
147.436,0,0,0,40,320,-164
147.452,0,0,0,40,320,-164
147.457,0,0,0,40,320,-164
147.476,0,0,0,40,320,-164
147.484,0,0,0,40,320,-164
147.500,0,0,0,40,320,-164
147.516,0,0,0,40,320,-164
147.531,0,0,0,40,310,-162
147.547,0,0,0,40,310,-162
147.563,0,0,0,40,310,-162
147.579,0,0,0,40,310,-162
147.588,0,0,0,40,310,-162
147.595,0,0,0,40,310,-162
147.611,0,0,0,40,310,-162
147.626,0,0,0,40,310,-162
147.639,0,0,0,40,310,-162
147.658,0,0,0,40,310,-160
147.673,0,0,0,40,310,-160
147.689,0,0,0,40,310,-160
147.705,0,0,0,40,310,-160
147.721,0,0,0,40,310,-160
147.725,0,0,0,40,310,-160
147.736,0,0,0,40,310,-160
147.752,0,0,0,40,310,-160
147.757,0,0,0,40,310,-158
147.768,0,0,0,40,310,-158
147.784,0,0,0,40,310,-158
147.788,0,0,0,40,310,-158
147.799,0,0,0,40,310,-158
147.815,0,0,0,0,310,-158
147.830,0,0,0,0,310,-158
147.845,0,0,0,0,310,-158
147.861,0,0,0,0,310,-158
147.876,0,0,0,0,310,-154
147.888,0,0,0,0,310,-154
147.908,0,0,0,0,310,-154
147.924,0,0,0,0,310,-154
147.940,0,0,0,0,310,-154
147.956,0,0,0,0,310,-154
147.972,0,0,0,0,310,-154
147.987,0,0,0,0,320,-153
148.003,0,0,0,0,320,-153
148.019,0,0,0,0,320,-153
148.035,0,0,0,0,320,-153
148.051,0,0,0,0,320,-153
148.067,0,0,0,0,320,-153
148.083,0,0,0,0,320,-153
148.099,0,0,0,0,320,-153
148.115,0,0,0,0,320,-153
148.130,0,0,0,0,320,-153
148.146,0,0,0,0,320,-153
148.162,0,0,0,0,320,-153
148.178,0,0,0,0,320,-153
148.194,0,0,0,0,320,-154
148.210,0,0,0,0,320,-154
148.226,0,0,0,0,320,-154
148.242,0,0,0,0,320,-154
148.258,0,0,0,0,320,-154
148.273,0,0,0,0,320,-154
148.289,0,0,0,0,320,-154
148.305,0,0,0,0,330,-154
148.321,0,0,0,0,330,-154
148.337,0,0,0,0,330,-154
148.351,0,0,0,0,330,-154
148.368,0,0,0,0,330,-154
148.384,0,0,0,0,330,-154
148.400,0,0,0,0,330,-154
148.417,0,0,0,0,330,-154
148.433,0,0,0,0,330,-154
148.449,0,0,0,0,330,-154
148.465,0,0,0,0,330,-154
148.481,0,0,0,0,330,-154
148.497,0,0,0,0,330,-154
148.508,0,0,0,0,330,-154
148.527,0,0,0,0,330,-154
148.544,0,0,0,0,330,-154
148.560,0,0,0,0,330,-154
148.576,0,0,0,0,330,-154
148.591,0,0,0,0,330,-154
148.607,0,0,0,0,330,-154
148.623,0,0,0,0,330,-154
148.639,0,0,0,0,330,-154
148.655,0,0,0,0,340,-154
148.671,0,0,0,0,340,-154
148.688,0,0,0,0,340,-154
148.703,0,0,0,0,340,-154
148.719,0,0,0,0,340,-154
148.735,0,0,0,0,340,-154
148.751,0,0,0,0,340,-154
148.768,0,0,0,0,340,-154
148.782,0,0,0,0,340,-154
148.799,0,0,0,0,340,-154
148.814,0,0,0,0,340,-154
148.830,0,0,0,0,340,-154
148.846,0,0,0,0,340,-154
148.862,0,0,0,0,340,-154
148.879,0,0,0,0,340,-154
148.895,0,0,0,0,340,-154
148.910,0,0,0,0,340,-154
148.926,0,0,0,0,340,-154
148.942,0,0,0,0,340,-154
148.958,0,0,0,0,340,-154
148.974,0,0,0,0,340,-154
148.990,0,0,0,0,340,-154
149.006,0,0,0,0,340,-154
149.022,0,0,0,0,340,-154
149.038,0,0,0,0,340,-154
149.049,0,0,0,0,340,-154
149.069,0,0,0,0,340,-154
149.085,0,0,0,0,340,-154
149.102,0,0,0,0,340,-154
149.117,0,0,0,0,340,-154
149.133,0,0,0,0,340,-154
149.144,0,0,0,0,340,-154
149.165,0,0,0,0,340,-154
149.181,0,0,0,0,340,-154
149.197,0,0,0,0,340,-154
149.213,0,0,0,0,340,-154
149.229,0,0,0,0,340,-154
149.240,0,0,0,0,340,-154
149.262,0,0,0,0,340,-154
149.280,0,0,0,0,340,-154
149.293,0,0,0,0,340,-154
149.309,0,0,0,0,340,-154
149.325,0,0,0,0,340,-154
149.341,0,0,0,0,340,-154
149.357,0,0,0,0,340,-154
149.373,0,0,0,0,340,-154
149.389,0,0,0,0,340,-154
149.405,0,0,0,0,340,-154
149.421,0,0,0,0,340,-154
149.437,0,0,0,0,340,-154
149.453,0,0,0,0,340,-154
149.469,0,0,0,0,340,-154
149.485,0,0,0,0,340,-154
149.501,0,0,0,0,340,-154
149.506,0,0,0,0,340,-154
149.533,0,0,0,0,340,-154
149.549,0,0,0,0,340,-154
149.565,0,0,0,0,340,-154
149.581,0,0,0,0,340,-154
149.597,0,0,0,0,340,-154
149.613,0,0,0,0,340,-154
149.629,0,0,0,0,340,-154
149.645,0,0,0,0,340,-154
149.661,0,0,0,0,340,-154
149.677,0,0,0,0,340,-154
149.693,0,0,0,0,340,-154
149.712,0,0,0,0,340,-154
149.725,0,0,0,0,340,-154
149.741,0,0,0,0,340,-154
149.757,0,0,0,0,340,-154
149.773,0,0,0,0,340,-154
149.789,0,0,0,0,340,-154
149.805,0,0,0,0,340,-154
149.821,0,0,0,0,340,-154
149.837,0,0,0,0,340,-154
149.853,0,0,0,0,340,-154
149.869,0,0,0,0,340,-154
149.885,0,0,0,0,340,-154
149.901,0,0,0,0,340,-154
149.917,0,0,0,0,340,-154
149.933,0,0,0,0,340,-154
149.949,0,0,0,0,340,-154
149.954,0,0,0,40,340,-154
149.965,0,0,0,40,340,-154
149.981,0,0,0,40,340,-154
149.997,0,0,0,40,340,-154
150.013,0,0,0,40,340,-154
150.029,0,0,0,40,340,-154
150.045,0,0,0,40,340,-154
150.061,0,0,0,40,340,-154
150.077,0,0,0,40,340,-154
150.093,0,0,0,40,340,-154
150.109,0,0,0,40,340,-154
150.125,0,0,0,40,340,-154
150.141,0,0,0,40,340,-154
150.157,0,0,0,40,340,-154
150.173,0,0,0,40,340,-154
150.189,0,0,0,40,340,-154
150.205,0,0,0,40,340,-154
150.221,0,0,0,40,340,-154
150.237,0,0,0,40,340,-154
150.253,0,0,0,40,340,-154
150.268,0,0,0,40,340,-154
150.285,0,0,0,40,340,-154
150.301,0,0,0,40,340,-154
150.317,0,0,0,40,340,-154
150.332,0,0,0,40,340,-150
150.348,0,0,0,40,340,-150
150.364,0,0,0,40,340,-150
150.380,0,0,0,40,340,-150
150.395,0,0,0,40,340,-150
150.411,0,0,0,40,340,-150
150.427,0,0,0,40,340,-150
150.443,0,0,0,40,340,-148
150.459,0,0,0,40,340,-148
150.475,0,0,0,40,340,-148
150.485,0,0,0,40,340,-148
150.507,0,0,0,40,340,-148
150.524,0,0,0,40,340,-148
150.540,0,0,0,40,340,-145
150.545,0,0,0,40,340,-145
150.572,0,0,0,40,340,-145
150.588,0,0,0,40,340,-145
150.604,0,0,0,40,340,-145
150.621,0,0,0,40,340,-145
150.633,0,0,0,40,340,-145
150.652,0,0,0,40,340,-145
150.657,0,0,0,40,340,-143
150.668,0,0,0,40,340,-143
150.680,0,0,0,40,340,-143
150.700,0,0,0,40,340,-143
150.705,0,0,0,40,340,-143
150.715,0,0,0,40,340,-143
150.731,0,0,0,40,340,-143
150.736,0,0,0,40,340,-143
150.763,0,0,0,40,340,-140
150.769,0,0,0,40,340,-140
150.779,0,0,0,40,340,-140
150.795,0,0,0,40,340,-140
150.805,0,0,0,40,340,-140
150.827,0,0,0,40,340,-140
150.832,0,0,0,40,340,-140
150.843,0,0,0,40,340,-140
150.859,0,0,0,40,340,-140
150.876,0,0,0,40,340,-138
150.891,0,0,0,40,340,-138
150.907,0,0,0,40,340,-138
150.920,0,0,0,40,340,-138
150.933,0,0,0,40,340,-138
150.954,0,0,0,40,340,-138
150.960,0,0,0,40,340,-138
150.987,0,0,0,40,340,-138
151.001,0,0,0,40,340,-135
151.017,0,0,0,40,340,-135
151.033,0,0,0,40,340,-135
151.049,0,0,0,40,340,-135
151.065,0,0,0,40,340,-135
151.080,0,0,0,40,340,-135
151.096,0,0,0,40,340,-130
151.102,0,0,0,40,340,-130
151.128,0,0,0,40,340,-130
151.134,0,0,0,40,340,-130
151.144,0,0,0,40,340,-130
151.160,0,0,0,40,340,-130
151.166,0,0,0,40,340,-130
151.192,0,0,0,40,340,-130
151.198,0,0,0,40,340,-130
151.208,0,0,0,40,340,-128
151.224,0,0,0,40,340,-128
151.229,0,0,0,40,340,-128
151.239,0,0,0,40,340,-128
151.255,0,0,0,40,340,-128
151.271,0,0,0,0,340,-128
151.288,0,0,0,0,340,-128
151.303,0,0,0,0,340,-128
151.319,0,0,0,0,340,-126
151.336,0,0,0,0,340,-126
151.351,0,0,0,0,340,-126
151.367,0,0,0,0,340,-126
151.384,0,0,0,0,340,-126
151.399,0,0,0,0,340,-126
151.415,0,0,0,0,340,-126
151.431,0,0,0,0,340,-126
151.443,0,0,0,0,340,-126
151.464,0,0,0,0,340,-126
151.479,0,0,0,0,340,-126
151.495,0,0,0,0,340,-126
151.511,0,0,0,0,340,-126
151.527,0,0,0,0,340,-126
151.543,0,0,0,0,340,-126
151.575,0,0,0,0,340,-123
151.581,0,0,0,0,340,-123
151.607,0,0,0,0,340,-123
151.623,0,0,0,0,340,-123
151.639,0,0,0,0,340,-123
151.655,0,0,0,0,340,-123
151.671,0,0,0,0,340,-123
151.687,0,0,0,0,340,-123
151.703,0,0,0,0,340,-123
151.719,0,0,0,0,340,-123
151.735,0,0,0,0,340,-123
151.740,0,0,0,0,340,-123
151.767,0,0,0,0,340,-123
151.783,0,0,0,0,340,-123
151.799,0,0,0,0,340,-123
151.815,0,0,0,0,340,-123
151.831,0,0,0,0,340,-123
151.847,0,0,0,0,340,-123
151.879,0,0,0,0,340,-123
151.895,0,0,0,0,340,-123
151.911,0,0,0,0,340,-123
151.925,0,0,0,0,340,-123
151.942,0,0,0,0,340,-123
151.958,0,0,0,0,340,-123
151.974,0,0,0,0,340,-123
151.991,0,0,0,0,340,-123
152.006,0,0,0,0,340,-123
152.022,0,0,0,0,340,-123
152.038,0,0,0,0,340,-123
152.054,0,0,0,0,340,-123
152.070,0,0,0,0,340,-123
152.086,0,0,0,0,340,-123
152.102,0,0,0,0,340,-123
152.118,0,0,0,0,340,-123
152.134,0,0,0,0,340,-123
152.150,0,0,0,0,340,-123
152.166,0,0,0,0,340,-123
152.182,0,0,0,0,340,-123
152.198,0,0,0,0,340,-123
152.213,0,0,0,0,340,-123
152.229,0,0,0,0,340,-123
152.245,0,0,0,0,340,-123
152.261,0,0,0,0,340,-123
152.278,0,0,0,0,340,-123
152.293,0,0,0,0,340,-123
152.298,-40,0,0,0,340,-123
152.309,-40,0,0,0,340,-123
152.325,-40,0,0,0,340,-123
152.342,-40,0,0,0,340,-123
152.358,-40,0,0,0,340,-123
152.374,-40,0,0,0,340,-123
152.390,-40,0,0,0,340,-123
152.405,-40,0,0,0,340,-123
152.421,-40,0,0,0,340,-123
152.437,-40,0,0,0,340,-123
152.453,-40,0,0,0,340,-122
152.468,-40,0,0,0,340,-122
152.484,-40,0,0,0,340,-122
152.500,-40,0,0,0,340,-122
152.516,-40,0,0,0,340,-122
152.531,-40,0,0,0,340,-122
152.547,-40,0,0,0,340,-122
152.563,-40,0,0,0,340,-122
152.579,-40,0,0,0,340,-122
152.595,-40,0,0,0,340,-122
152.611,-40,0,0,0,340,-122
152.626,-40,0,0,0,340,-122
152.642,-40,0,0,0,340,-122
152.658,-40,0,0,0,340,-122
152.674,-40,0,0,0,340,-122
152.691,-40,0,0,0,340,-122
152.706,-40,0,0,0,340,-122
152.723,-40,0,0,0,340,-122
152.739,-40,0,0,0,340,-122
152.755,-40,0,0,0,340,-122
152.770,-40,0,0,0,340,-122
152.786,-40,0,0,0,340,-122
152.802,-40,0,0,0,340,-122
152.817,-40,0,0,0,340,-122
152.822,-40,0,0,0,340,-122
152.834,-40,0,0,0,340,-122
152.850,-40,0,0,0,340,-122
152.855,-40,0,0,0,340,-122
152.866,-40,0,0,0,340,-122
152.881,-40,0,0,0,340,-122
152.887,-40,0,0,0,340,-122
152.898,-40,0,0,0,340,-122
152.914,-40,0,0,0,340,-122
152.919,-40,0,0,0,340,-122
152.930,-40,0,0,0,340,-122
152.946,-40,0,0,0,340,-122
152.962,-40,0,0,0,340,-122
152.978,-40,0,0,0,340,-122
152.985,-40,0,0,0,340,-122
152.994,-40,0,0,0,340,-122
153.010,-40,0,0,0,340,-122
153.015,-40,0,0,0,340,-122
153.042,-40,0,0,0,340,-122
153.047,-40,0,0,0,340,-122
153.060,-40,0,0,0,340,-122
153.075,-40,0,0,0,340,-122
153.091,-40,0,0,0,340,-122
153.106,-40,0,0,0,340,-122
153.122,-40,0,0,0,340,-122
153.138,-40,0,0,0,340,-122
153.154,-40,0,0,0,340,-122
153.170,-40,0,0,0,340,-122
153.186,-40,0,0,0,340,-122
153.202,-40,0,0,0,340,-122
153.218,-40,0,0,0,340,-122
153.234,-40,0,0,0,340,-122
153.250,-40,0,0,0,340,-122
153.257,-40,0,0,0,340,-122
153.272,-40,0,0,0,340,-122
153.282,-40,0,0,0,340,-122
153.287,-40,0,0,0,340,-122
153.314,-40,0,0,0,340,-122
153.319,-40,0,0,0,340,-122
153.330,-40,0,0,0,340,-122
153.346,-40,0,0,0,340,-122
153.353,-40,0,0,0,340,-122
153.362,-40,0,0,0,340,-122
153.377,-40,0,0,0,340,-122
153.382,-40,0,0,0,340,-122
153.393,-40,0,0,0,340,-122
153.409,-40,0,0,0,340,-122
153.425,-40,0,0,0,340,-122
153.441,-40,0,0,0,340,-122
153.457,-40,0,0,0,340,-122
153.473,-40,0,0,0,340,-122
153.490,-40,0,0,0,340,-122
153.505,-40,0,0,0,340,-122
153.512,-40,0,0,0,340,-122
153.537,-40,0,0,0,340,-122
153.553,-40,0,0,0,340,-122
153.568,-40,0,0,0,340,-122
153.586,-40,0,0,0,340,-122
153.601,-40,0,0,0,340,-122
153.618,-40,0,0,0,340,-122
153.633,-40,0,0,0,340,-122
153.650,-40,0,0,0,340,-122
153.666,-40,0,0,0,340,-123
153.682,-40,0,0,0,340,-123
153.699,-40,0,0,0,340,-123
153.715,-40,0,0,0,340,-123
153.729,-40,0,0,0,340,-123
153.745,-40,0,0,0,340,-123
153.758,-40,0,0,0,340,-123
153.779,-40,0,0,0,340,-123
153.784,-40,0,0,0,340,-123
153.793,-40,0,0,0,340,-123
153.809,-40,0,0,0,340,-123
153.814,-40,0,0,0,340,-123
153.825,-40,0,0,0,340,-123
153.841,-40,0,0,0,340,-123
153.856,-40,0,0,0,340,-123
153.872,-40,0,0,0,340,-123
153.877,-40,0,0,0,340,-123
153.888,-40,0,0,0,340,-122
153.904,-40,0,0,0,340,-122
153.910,-40,0,0,0,340,-122
153.937,-40,0,0,0,340,-122
153.948,-40,0,0,0,340,-122
153.969,-40,0,0,0,340,-122
153.985,-40,0,0,0,340,-122
154.000,-40,0,0,0,340,-122
154.006,-40,0,0,0,340,-122
154.033,-40,0,0,0,340,-122
154.038,-40,0,0,0,340,-122
154.065,-40,0,0,0,340,-122
154.081,-40,0,0,0,340,-122
154.098,-40,0,0,0,340,-122
154.113,-40,0,0,0,340,-122
154.129,-40,0,0,0,340,-122
154.142,-40,0,0,0,340,-122
154.160,-40,0,0,0,340,-122
154.176,-40,0,0,0,340,-122
154.182,-40,0,0,0,340,-122
154.208,-40,0,0,0,340,-122
154.213,-40,0,0,0,340,-122
154.224,-40,0,0,0,340,-122
154.240,-40,0,0,0,340,-122
154.245,-40,0,0,0,340,-122
154.256,-40,0,0,0,340,-122
154.272,-40,0,0,0,340,-122
154.278,-40,0,0,0,340,-122
154.288,-40,0,0,0,340,-122
154.304,-40,0,0,0,340,-122
154.314,-40,0,0,0,340,-122
154.320,-40,0,0,0,340,-122
154.336,-40,0,0,0,350,-122
154.341,-40,0,0,0,350,-122
154.352,-40,0,0,0,350,-122
154.368,-40,0,0,0,350,-122
154.384,-40,0,0,0,350,-122
154.400,-40,0,0,0,350,-122
154.416,-40,0,0,0,350,-122
154.432,-40,0,0,0,350,-122
154.436,-40,0,0,0,350,-122
154.464,-40,0,0,0,350,-122
154.479,-40,0,0,0,350,-122
154.492,-40,0,0,0,350,-122
154.511,-40,0,0,0,350,-122
154.528,-40,0,0,0,350,-122
154.543,-40,0,0,0,350,-122
154.559,-40,0,0,0,350,-122
154.575,-40,0,0,0,350,-122
154.591,-40,0,0,0,350,-122
154.607,-40,0,0,0,350,-122
154.623,-40,0,0,0,350,-122
154.639,-40,0,0,0,350,-122
154.655,-40,0,0,0,350,-122
154.671,-40,0,0,0,350,-122
154.676,-40,0,0,0,350,-122
154.703,-40,0,0,0,350,-122
154.709,-40,0,0,0,350,-122
154.719,-40,0,0,0,350,-122
154.736,-40,0,0,0,350,-122
154.741,-40,0,0,0,350,-122
154.753,-40,0,0,0,350,-122
154.767,-40,0,0,0,350,-122
154.783,-40,0,0,0,350,-122
154.799,-40,0,0,0,350,-122
154.809,-40,0,0,0,350,-122
154.831,-40,0,0,0,350,-122
154.836,-40,0,0,0,350,-122
154.847,-40,0,0,0,350,-122
154.863,-40,0,0,0,350,-122
154.873,-40,0,0,0,350,-122
154.896,-40,0,0,0,350,-122
154.911,-40,0,0,0,350,-123
154.918,-40,0,0,0,350,-123
154.943,-40,0,0,0,350,-123
154.959,-40,0,0,0,350,-123
154.975,-40,0,0,0,350,-123
154.991,-40,0,0,0,350,-123
155.008,-40,0,0,0,350,-123
155.025,-40,0,0,0,350,-123
155.040,-40,0,0,0,350,-123
155.055,-40,0,0,0,350,-123
155.068,-40,0,0,0,350,-123
155.088,-40,0,0,0,350,-123
155.104,-40,0,0,0,350,-123
155.110,-40,0,0,0,350,-123
155.137,-40,0,0,0,350,-123
155.152,-40,0,0,0,350,-123
155.169,-40,0,0,0,350,-123
155.185,-40,0,0,0,350,-123
155.201,-40,0,0,0,350,-123
155.206,-40,0,0,0,350,-123
155.217,-40,0,0,0,350,-123
155.233,-40,0,0,0,350,-123
155.239,-40,0,0,0,350,-123
155.266,-40,0,0,0,350,-123
155.271,-40,0,0,0,350,-123
155.281,-40,0,0,0,350,-123
155.298,-40,0,0,0,350,-123
155.307,-40,0,0,0,350,-123
155.313,-40,0,0,0,350,-123
155.329,-40,0,0,0,350,-123
155.334,-40,0,0,0,350,-123
155.345,-40,0,0,0,350,-123
155.361,-40,0,0,0,350,-123
155.367,-40,0,0,0,350,-123
155.393,-40,0,0,0,350,-123
155.398,-40,0,0,0,350,-123
155.409,-40,0,0,0,350,-123
155.425,-40,0,0,0,350,-123
155.441,-40,0,0,0,350,-123
155.457,-40,0,0,0,350,-123
155.462,-40,0,0,0,350,-122
155.474,-40,0,0,0,350,-122
155.490,-40,0,0,0,350,-122
155.506,-40,0,0,0,350,-122
155.522,-40,0,0,0,350,-122
155.538,-40,0,0,0,350,-122
155.553,-40,0,0,0,350,-122
155.558,-40,0,0,0,350,-122
155.586,-40,0,0,0,350,-122
155.602,-40,0,0,0,350,-122
155.618,-40,0,0,0,350,-122
155.634,-40,0,0,0,350,-122
155.650,-40,0,0,0,350,-122
155.666,-40,0,0,0,350,-122
155.682,-40,0,0,0,350,-122
155.698,-40,0,0,0,350,-122
155.714,-40,0,0,0,350,-122
155.730,-40,0,0,0,350,-122
155.739,-40,0,0,0,350,-122
155.761,-40,0,0,0,350,-122
155.769,-40,0,0,0,350,-122
155.793,-40,0,0,0,350,-122
155.805,-40,0,0,0,340,-122
155.826,-40,0,0,0,340,-122
155.841,-40,0,0,0,340,-122
155.858,-40,0,0,0,340,-122
155.874,-40,0,0,0,340,-122
155.890,-40,0,0,0,340,-122
155.905,-40,0,0,0,340,-122
155.921,-40,0,0,0,340,-122
155.932,-40,0,0,0,340,-122
155.953,-40,0,0,0,340,-122
155.969,-40,0,0,0,340,-122
155.985,-40,0,0,0,340,-122
156.001,-40,0,0,0,340,-122
156.016,-40,0,0,0,340,-122
156.032,-40,0,0,0,340,-122
156.048,-40,0,0,0,340,-122
156.064,-40,0,0,0,340,-122
156.079,-40,0,0,0,340,-122
156.095,-40,0,0,0,340,-122
156.111,-40,0,0,0,340,-122
156.127,-40,0,0,0,340,-122
156.133,-40,0,0,0,340,-122
156.143,-40,0,0,0,340,-122
156.159,-40,0,0,0,340,-122
156.170,-40,0,0,0,340,-122
156.175,-40,0,0,0,340,-122
156.191,-40,0,0,0,340,-122
156.206,-40,0,0,0,340,-122
156.223,-40,0,0,0,340,-122
156.233,-40,0,0,0,340,-122
156.254,-40,0,0,0,340,-122
156.260,-40,0,0,0,340,-122
156.270,-40,0,0,0,340,-122
156.286,-40,0,0,0,340,-122
156.302,-40,0,0,0,340,-122
156.318,-40,0,0,0,340,-122
156.334,-40,0,0,0,340,-122
156.350,-40,0,0,0,340,-122
156.359,-40,0,0,0,340,-122
156.382,-40,0,0,0,340,-122
156.399,-40,0,0,0,340,-122
156.414,-40,0,0,0,340,-122
156.430,-40,0,0,0,340,-122
156.446,-40,0,0,0,340,-122
156.462,-40,0,0,0,340,-122
156.479,-40,0,0,0,340,-122
156.489,-40,0,0,0,340,-122
156.494,-40,0,0,0,340,-122
156.510,-40,0,0,0,340,-122
156.526,-40,0,0,0,340,-122
156.537,-40,0,0,0,340,-122
156.558,-40,0,0,0,340,-122
156.564,-40,0,0,0,340,-122
156.574,-40,0,0,0,340,-122
156.591,-40,0,0,0,340,-122
156.595,-40,0,0,0,340,-122
156.606,-40,0,0,0,340,-122
156.622,-40,0,0,0,340,-122
156.628,-40,0,0,0,340,-122
156.638,-40,0,0,0,340,-122
156.654,-40,0,0,0,340,-122
156.664,-40,0,0,0,340,-122
156.687,-40,0,0,0,340,-122
156.693,-40,0,0,0,340,-122
156.703,-40,0,0,0,340,-122
156.719,-40,0,0,0,340,-122
156.723,-40,0,0,0,340,-122
156.735,-40,0,0,0,340,-122
156.751,-40,0,0,0,340,-122
156.756,-40,0,0,0,340,-122
156.768,-40,0,0,0,340,-122
156.782,-40,0,0,0,340,-122
156.789,-40,0,0,0,340,-122
156.815,-40,0,0,0,340,-122
156.831,-40,0,0,0,340,-122
156.847,-40,0,0,0,340,-122
156.863,-40,0,0,0,340,-122
156.879,-40,0,0,0,340,-122
156.890,-40,0,0,0,340,-122
156.910,-40,0,0,0,340,-122
156.927,-40,0,0,0,340,-122
156.942,-40,0,0,0,340,-122
156.958,-40,0,0,0,340,-122
156.974,-40,0,0,0,340,-122
156.990,-40,0,0,0,340,-122
157.000,-40,0,0,0,340,-122
157.022,-40,0,0,0,340,-122
157.038,-40,0,0,0,340,-122
157.054,-40,0,0,0,340,-122
157.069,-40,0,0,0,340,-122
157.082,-40,0,0,0,340,-122
157.087,-40,0,0,0,340,-122
157.102,-40,0,0,0,340,-122
157.117,-40,0,0,0,340,-122
157.123,-40,0,0,0,340,-122
157.133,-40,0,0,0,340,-122
157.149,-40,0,0,0,340,-122
157.155,-40,0,0,0,340,-122
157.182,-40,0,0,0,340,-122
157.191,-40,0,0,0,340,-122
157.213,-40,0,0,0,340,-122
157.229,-40,0,0,0,340,-122
157.245,-40,0,0,0,340,-122
157.261,-40,0,0,0,340,-122
157.277,-40,0,0,0,340,-122
157.293,-40,0,0,0,340,-122
157.309,-40,0,0,0,340,-122
157.325,-40,0,0,0,340,-122
157.341,-40,0,0,0,340,-122
157.346,-40,0,0,0,340,-122
157.373,-40,0,0,0,340,-122
157.389,-40,0,0,0,340,-122
157.405,-40,0,0,0,340,-122
157.421,-40,0,0,0,340,-122
157.437,-40,0,0,0,340,-122
157.454,-40,0,0,0,340,-122
157.469,-40,0,0,0,340,-122
157.485,-40,0,0,0,340,-122
157.492,-40,0,0,0,340,-122
157.507,-40,0,0,0,340,-122
157.517,-40,0,0,0,340,-122
157.533,-40,0,0,0,340,-122
157.549,-40,0,0,0,340,-122
157.555,-40,0,0,0,340,-122
157.565,-40,0,0,0,340,-122
157.578,-40,0,0,0,340,-122
157.584,-40,0,0,0,340,-122
157.596,-40,0,0,0,340,-122
157.612,-40,0,0,0,340,-122
157.617,-40,0,0,0,340,-122
157.628,-40,0,0,0,340,-122
157.644,-40,0,0,0,340,-122
157.648,-40,0,0,0,340,-122
157.675,-40,0,0,0,340,-122
157.691,-40,0,0,0,340,-122
157.707,-40,0,0,0,340,-122
157.716,-40,0,0,0,340,-122
157.723,-40,0,0,0,340,-122
157.739,-40,0,0,0,340,-122
157.755,-40,0,0,0,340,-122
157.771,-40,0,0,0,340,-122
157.780,-40,0,0,0,340,-122
157.790,-40,0,0,0,340,-122
157.819,-40,0,0,0,340,-122
157.835,-40,0,0,0,340,-122
157.851,-40,0,0,0,340,-122
157.869,-40,0,0,0,340,-122
157.880,-40,0,0,0,340,-122
157.899,-40,0,0,0,340,-122
157.915,-40,0,0,0,340,-122
157.931,-40,0,0,0,340,-122
157.947,-40,0,0,0,340,-122
157.952,-40,0,0,0,340,-122
157.963,-40,0,0,0,340,-122
157.979,-40,0,0,0,340,-122
157.987,-40,0,0,0,340,-122
157.995,-40,0,0,0,340,-122
158.011,-40,0,0,0,340,-122
158.025,-40,0,0,0,340,-122
158.043,-40,0,0,0,340,-122
158.048,-40,0,0,0,340,-122
158.059,-40,0,0,0,340,-122
158.075,-40,0,0,0,340,-122
158.091,-40,0,0,0,340,-122
158.106,-40,0,0,0,340,-122
158.111,-40,0,0,0,340,-122
158.138,-40,0,0,0,340,-123
158.150,-40,0,0,0,340,-123
158.171,-40,0,0,0,340,-123
158.187,-40,0,0,0,340,-123
158.198,-40,0,0,0,340,-123
158.218,-40,0,0,0,340,-123
158.234,-40,0,0,0,340,-123
158.244,-40,0,0,0,340,-123
158.267,-40,0,0,0,340,-123
158.283,-40,0,0,0,340,-123
158.293,-40,0,0,0,340,-123
158.315,-40,0,0,0,340,-123
158.331,-40,0,0,0,340,-123
158.347,-40,0,0,0,340,-123
158.363,-40,0,0,0,340,-123
158.379,-40,0,0,0,340,-123
158.392,-40,0,0,0,340,-123
158.411,-40,0,0,0,340,-123
158.416,-40,0,0,0,340,-123
158.427,-40,0,0,0,340,-123
158.443,-40,0,0,0,340,-123
158.448,-40,0,0,0,340,-123
158.459,-40,0,0,0,340,-123
158.475,-40,0,0,0,340,-123
158.482,-40,0,0,0,340,-123
158.491,-40,0,0,0,340,-123
158.507,-40,0,0,0,340,-123
158.516,-40,0,0,0,340,-123
158.538,-40,0,0,0,340,-123
158.550,-40,0,0,0,340,-123
158.555,-40,0,0,0,340,-123
158.570,-40,0,0,0,340,-123
158.577,-40,0,0,0,340,-123
158.588,-40,0,0,0,330,-123
158.602,-40,0,0,0,330,-123
158.618,-40,0,0,0,330,-123
158.634,-40,0,0,0,330,-123
158.639,-40,0,0,0,330,-123
158.666,-40,0,0,0,330,-123
158.682,-40,0,0,0,330,-123
158.698,-40,0,0,0,330,-123
158.707,-40,0,0,0,330,-123
158.725,-40,0,0,0,330,-123
158.746,-40,0,0,0,330,-123
158.762,-40,0,0,0,330,-123
158.779,-40,0,0,0,330,-123
158.796,-40,0,0,0,330,-123
158.804,-40,0,0,0,330,-123
158.826,-40,0,0,0,330,-123
158.842,-40,0,0,0,330,-123
158.858,-40,0,0,0,330,-123
158.874,-40,0,0,0,330,-123
158.880,-40,0,0,0,330,-123
158.890,-40,0,0,0,330,-123
158.906,-40,0,0,0,330,-123
158.912,-40,0,0,0,330,-123
158.922,-40,0,0,0,330,-123
158.938,-40,0,0,0,330,-123
158.950,-40,0,0,0,330,-123
158.970,-40,0,0,0,330,-123
158.975,-40,0,0,0,330,-123
158.986,-40,0,0,0,330,-123
159.002,-40,0,0,0,330,-123
159.007,-40,0,0,0,330,-123
159.034,-40,0,0,0,320,-123
159.046,-40,0,0,0,320,-123
159.066,-40,0,0,0,320,-123
159.071,-40,0,0,0,320,-123
159.098,-40,0,0,0,320,-123
159.114,-40,0,0,0,320,-123
159.130,-40,0,0,0,320,-123
159.137,-40,0,0,0,320,-123
159.162,-40,0,0,0,320,-123
159.178,-40,0,0,0,320,-123
159.189,-40,0,0,0,320,-123
159.210,-40,0,0,0,320,-123
159.222,-40,0,0,0,320,-123
159.242,-40,0,0,0,320,-123
159.258,-40,0,0,0,320,-123
159.275,-40,0,0,0,320,-123
159.291,-40,0,0,0,320,-123
159.302,-40,0,0,0,320,-123
159.323,-40,0,0,0,320,-123
159.339,-40,0,0,0,320,-123
159.355,-40,0,0,0,320,-123
159.371,-40,0,0,0,320,-123
159.387,-40,0,0,0,320,-123
159.403,-40,0,0,0,320,-123
159.408,-40,0,0,0,320,-123
159.419,-40,0,0,0,320,-123
159.435,-40,0,0,0,320,-123
159.443,-40,0,0,0,320,-123
159.467,-40,0,0,0,320,-123
159.472,-40,0,0,0,320,-123
159.483,-40,0,0,0,320,-123
159.499,-40,0,0,0,320,-123
159.508,-40,0,0,0,320,-123
159.531,-40,0,0,0,320,-123
159.537,-40,0,0,0,320,-123
159.547,-40,0,0,0,320,-123
159.563,-40,0,0,0,320,-123
159.568,-40,0,0,0,320,-123
159.579,-40,0,0,0,320,-123
159.595,-40,0,0,0,320,-123
159.603,-40,0,0,0,330,-122
159.611,-40,0,0,0,330,-122
159.629,-40,0,0,0,330,-122
159.634,-40,0,0,0,330,-122
159.651,-40,0,0,0,330,-122
159.658,-40,0,0,0,330,-122
159.669,-40,0,0,0,330,-122
159.690,-40,0,0,0,330,-122
159.706,-40,0,0,0,330,-122
159.722,-40,0,0,0,330,-122
159.739,-40,0,0,0,330,-122
159.754,-40,0,0,0,330,-122
159.769,-40,0,0,0,330,-122
159.785,-40,0,0,0,330,-122
159.801,-40,0,0,0,330,-122
159.833,-40,0,0,0,330,-122
159.839,-40,0,0,0,330,-122
159.850,-40,0,0,0,330,-122
159.865,-40,0,0,0,330,-122
159.870,-40,0,0,0,330,-122
159.896,-40,0,0,0,330,-122
159.901,-40,0,0,0,330,-122
159.912,-40,0,0,0,330,-122
159.928,-40,0,0,0,340,-122
159.940,-40,0,0,0,340,-122
159.960,-40,0,0,0,340,-122
159.971,-40,0,0,0,340,-122
159.992,-40,0,0,0,340,-122
160.008,-40,0,0,0,340,-122
160.024,-40,0,0,0,340,-122
160.040,-40,0,0,0,340,-122
160.056,-40,0,0,0,340,-122
160.073,-40,0,0,0,340,-122
160.088,-40,0,0,0,340,-122
160.104,-40,0,0,0,340,-122
160.112,-40,0,0,0,340,-122
160.136,-40,0,0,0,340,-122
160.141,-40,0,0,0,340,-122
160.168,-40,0,0,0,350,-122
160.184,-40,0,0,0,350,-122
160.200,-40,0,0,0,350,-122
160.216,-40,0,0,0,350,-122
160.231,-40,0,0,0,350,-122
160.242,-40,0,0,0,350,-122
160.264,-40,0,0,0,350,-122
160.269,-40,0,0,0,350,-122
160.279,-40,0,0,0,350,-122
160.295,-40,0,0,0,350,-122
160.300,-40,0,0,0,350,-122
160.311,-40,0,0,0,350,-122
160.327,-40,0,0,0,350,-122
160.335,-40,0,0,0,350,-122
160.343,-40,0,0,0,350,-122
160.359,-40,0,0,0,350,-122
160.364,-40,0,0,0,350,-122
160.391,-40,0,0,0,350,-122
160.396,-40,0,0,0,350,-122
160.422,-40,0,0,0,350,-122
160.439,-40,0,0,0,350,-122
160.456,-40,0,0,0,350,-122
160.461,-40,0,0,0,350,-122
160.474,-40,0,0,0,350,-122
160.502,-40,0,0,0,350,-122
160.518,-40,0,0,0,350,-122
160.534,-40,0,0,0,350,-122
160.550,-40,0,0,0,350,-122
160.561,-40,0,0,0,350,-122
160.566,-40,0,0,0,350,-122
160.582,-40,0,0,0,350,-122
160.592,-40,0,0,0,350,-122
160.613,-40,0,0,0,350,-122
160.629,-40,0,0,0,350,-122
160.645,-40,0,0,0,350,-122
160.661,-40,0,0,0,350,-122
160.667,-40,0,0,0,350,-122
160.693,-40,0,0,0,350,-122
160.699,-40,0,0,0,350,-122
160.710,-40,0,0,0,360,-122
160.725,-40,0,0,0,360,-122
160.731,-40,0,0,0,360,-122
160.758,-40,0,0,0,360,-122
160.764,-40,0,0,0,360,-122
160.789,-40,0,0,0,360,-122
160.794,-40,0,0,0,360,-122
160.805,-40,0,0,0,360,-122
160.821,-40,0,0,0,360,-122
160.828,-40,0,0,0,360,-122
160.837,-40,0,0,0,360,-122
160.854,-40,0,0,0,360,-122
160.865,-40,0,0,0,360,-122
160.871,-40,0,0,0,360,-122
160.886,-40,0,0,0,360,-122
160.902,-40,0,0,0,360,-122
160.907,-40,0,0,0,360,-122
160.934,-40,0,0,0,360,-122
160.950,-40,0,0,0,360,-122
160.966,-40,0,0,0,360,-122
160.982,-40,0,0,0,360,-122
160.987,-40,0,0,0,360,-122
161.014,-40,0,0,0,360,-122
161.023,-40,0,0,0,360,-122
161.046,-40,0,0,0,360,-122
161.057,-40,0,0,0,360,-123
161.078,-40,0,0,0,360,-123
161.095,-40,0,0,0,360,-123
161.110,-40,0,0,0,360,-123
161.126,-40,0,0,0,360,-123
161.143,-40,0,0,0,360,-123
161.158,-40,0,0,0,360,-123
161.190,-40,0,0,0,360,-123
161.195,-40,0,0,0,360,-123
161.222,-40,0,0,0,360,-123
161.227,-40,0,0,0,360,-123
161.238,-40,0,0,0,360,-123
161.244,-40,0,0,0,360,-123
161.256,-40,0,0,0,360,-123
161.265,-40,0,0,0,360,-123
161.286,-40,0,0,0,360,-123
161.295,-40,0,0,0,360,-123
161.317,-40,0,0,0,360,-123
161.333,-40,0,0,0,360,-123
161.349,-40,0,0,0,360,-123
161.365,-40,0,0,0,360,-123
161.381,-40,0,0,0,360,-123
161.397,-40,0,0,0,360,-123
161.413,-40,0,0,0,360,-123
161.429,-40,0,0,0,360,-123
161.445,-40,0,0,0,360,-123
161.461,-40,0,0,0,360,-123
161.477,-40,0,0,0,360,-123
161.482,-40,0,0,0,360,-123
161.509,-40,0,0,0,360,-123
161.516,-40,0,0,0,360,-123
161.540,-40,0,0,0,360,-123
161.556,-40,0,0,0,360,-123
161.572,-40,0,0,0,360,-123
161.588,-40,0,0,0,360,-123
161.599,-40,0,0,0,360,-123
161.620,-40,0,0,0,350,-123
161.636,-40,0,0,0,350,-123
161.653,-40,0,0,0,350,-123
161.658,-40,0,0,0,350,-123
161.668,-40,0,0,0,350,-123
161.684,-40,0,0,0,350,-123
161.694,-40,0,0,0,350,-123
161.717,-40,0,0,0,350,-123
161.722,-40,0,0,0,350,-123
161.733,-40,0,0,0,350,-123
161.749,-40,0,0,0,350,-123
161.755,-40,0,0,0,350,-123
161.765,-40,0,0,0,350,-123
161.780,-40,0,0,0,350,-123
161.791,-40,0,0,0,350,-123
161.813,-40,0,0,0,350,-123
161.829,-40,0,0,0,350,-122
161.845,-40,0,0,0,350,-122
161.861,-40,0,0,0,350,-122
161.877,-40,0,0,0,350,-122
161.894,-40,0,0,0,350,-122
161.910,-40,0,0,0,350,-122
161.917,-40,0,0,0,350,-122
161.928,-40,0,0,0,350,-122
161.942,-40,0,0,0,350,-122
161.957,-40,0,0,0,350,-122
161.973,-40,0,0,0,350,-122
161.989,-40,0,0,0,350,-122
162.005,-40,0,0,0,350,-122
162.017,-40,0,0,0,350,-122
162.037,-40,0,0,0,350,-122
162.053,-40,0,0,0,350,-122
162.069,-40,0,0,0,350,-122
162.085,-40,0,0,0,350,-122
162.100,-40,0,0,0,350,-122
162.116,-40,0,0,0,350,-122
162.132,-40,0,0,0,350,-122
162.148,-40,0,0,0,350,-122
162.153,-40,0,0,0,350,-122
162.166,-40,0,0,0,350,-122
162.180,-40,0,0,0,350,-122
162.186,-40,0,0,0,350,-122
162.196,-40,0,0,0,350,-122
162.214,-40,0,0,0,350,-122
162.228,-40,0,0,0,350,-122
162.244,-40,0,0,0,350,-122
162.248,-40,0,0,0,350,-122
162.260,-40,0,0,0,350,-122
162.276,-40,0,0,0,350,-122
162.292,-40,0,0,0,340,-122
162.308,-40,0,0,0,340,-122
162.319,-40,0,0,0,340,-122
162.324,-40,0,0,0,340,-122
162.340,-40,0,0,0,340,-122
162.356,-40,0,0,0,340,-122
162.372,-40,0,0,0,340,-122
162.388,-40,0,0,0,340,-122
162.404,-40,0,0,0,340,-122
162.410,-40,0,0,0,340,-122
162.435,-40,0,0,0,340,-122
162.440,-40,0,0,0,340,-122
162.468,-40,0,0,0,340,-122
162.483,-40,0,0,0,340,-122
162.499,-40,0,0,0,340,-122
162.515,-40,0,0,0,340,-122
162.531,-40,0,0,0,340,-122
162.548,-40,0,0,0,340,-122
162.564,-40,0,0,0,340,-122
162.580,-40,0,0,0,340,-122
162.591,-40,0,0,0,340,-122
162.611,-40,0,0,0,340,-122
162.617,-40,0,0,0,340,-122
162.627,-40,0,0,0,340,-122
162.643,-40,0,0,0,340,-122
162.648,-40,0,0,0,340,-122
162.660,-40,0,0,0,340,-122
162.677,-40,0,0,0,340,-122
162.682,-40,0,0,0,340,-122
162.691,-40,0,0,0,340,-122
162.707,-40,0,0,0,340,-122
162.712,-40,0,0,0,340,-122
162.726,-40,0,0,0,340,-122
162.738,-40,0,0,0,340,-122
162.754,-40,0,0,0,340,-122
162.771,-40,0,0,0,340,-122
162.779,-40,0,0,0,340,-122
162.802,-40,0,0,0,340,-122
162.813,-40,0,0,0,340,-122
162.819,-40,0,0,0,340,-122
162.835,-40,0,0,0,340,-122
162.851,-40,0,0,0,340,-122
162.867,-40,0,0,0,340,-122
162.882,-40,0,0,0,340,-122
162.899,-40,0,0,0,340,-122
162.908,-40,0,0,0,340,-122
162.931,-40,0,0,0,340,-122
162.943,-40,0,0,0,340,-122
162.963,-40,0,0,0,330,-122
162.979,-40,0,0,0,330,-122
162.995,-40,0,0,0,330,-122
163.011,-40,0,0,0,330,-122
163.027,-40,0,0,0,330,-122
163.043,-40,0,0,0,330,-122
163.060,-40,0,0,0,330,-122
163.075,-40,0,0,0,330,-122
163.091,-40,0,0,0,330,-122
163.107,-40,0,0,0,330,-122
163.113,-40,0,0,0,330,-122
163.123,-40,0,0,0,330,-122
163.139,-40,0,0,0,330,-122
163.150,-40,0,0,0,330,-122
163.171,-40,0,0,0,330,-122
163.176,-40,0,0,0,330,-122
163.187,-40,0,0,0,330,-122
163.203,-40,0,0,0,330,-122
163.208,-40,0,0,0,330,-122
163.236,-40,0,0,0,330,-122
163.241,-40,0,0,0,330,-122
163.268,-40,0,0,0,330,-122
163.273,-40,0,0,0,330,-122
163.300,-40,0,0,0,330,-122
163.318,-40,0,0,0,330,-122
163.332,-40,0,0,0,330,-122
163.337,-40,0,0,0,330,-122
163.364,-40,0,0,0,330,-122
163.380,-40,0,0,0,330,-122
163.396,-40,0,0,0,330,-123
163.407,-40,0,0,0,330,-123
163.411,-40,0,0,0,330,-123
163.427,-40,0,0,0,330,-123
163.432,-40,0,0,0,330,-123
163.460,-40,0,0,0,330,-123
163.476,-40,0,0,0,330,-123
163.492,-40,0,0,0,330,-123
163.508,-40,0,0,0,330,-123
163.524,-40,0,0,0,330,-123
163.540,-40,0,0,0,330,-123
163.545,-40,0,0,0,330,-123
163.572,-40,0,0,0,330,-123
163.583,-40,0,0,0,330,-123
163.595,-40,0,0,0,330,-123
163.604,-40,0,0,0,330,-123
163.609,-40,0,0,0,330,-123
163.620,-40,0,0,0,330,-123
163.636,-40,0,0,0,330,-123
163.642,-40,0,0,0,330,-123
163.652,-40,0,0,0,330,-123
163.669,-40,0,0,0,330,-123
163.681,-40,0,0,0,330,-123
163.685,-40,0,0,0,330,-123
163.700,-40,0,0,0,330,-123
163.705,-40,0,0,0,330,-123
163.716,-40,0,0,0,330,-123
163.732,-40,0,0,0,330,-123
163.743,-40,0,0,0,330,-123
163.749,-40,0,0,0,330,-123
163.764,-40,0,0,0,330,-123
163.781,-40,0,0,0,330,-123
163.796,-40,0,0,0,330,-123
163.804,-40,0,0,0,330,-123
163.828,-40,0,0,0,330,-123
163.844,-40,0,0,0,330,-123
163.859,-40,0,0,0,330,-123
163.869,-40,0,0,0,330,-123
163.875,-40,0,0,0,330,-123
163.891,-40,0,0,0,330,-123
163.908,-40,0,0,0,330,-123
163.913,-40,0,0,0,330,-123
163.938,-40,0,0,0,330,-123
163.954,-40,0,0,0,340,-123
163.970,-40,0,0,0,340,-123
163.986,-40,0,0,0,340,-123
164.002,-40,0,0,0,340,-123
164.008,-40,0,0,0,340,-123
164.018,-40,0,0,0,340,-123
164.034,-40,0,0,0,340,-123
164.039,-40,0,0,0,340,-123
164.066,-40,0,0,0,340,-123
164.071,-40,0,0,0,340,-123
164.083,-40,0,0,0,340,-123
164.098,-40,0,0,0,340,-123
164.102,-40,0,0,0,340,-123
164.130,-40,0,0,0,340,-123
164.135,-40,0,0,0,340,-123
164.146,-40,0,0,0,340,-123
164.162,-40,0,0,0,340,-123
164.167,-40,0,0,0,340,-123
164.178,-40,0,0,0,340,-123
164.194,-40,0,0,0,340,-123
164.199,-40,0,0,0,340,-123
164.210,-40,0,0,0,340,-123
164.226,-40,0,0,0,340,-123
164.237,-40,0,0,0,340,-123
164.260,-40,0,0,0,340,-123
164.273,-40,0,0,0,340,-123
164.277,-40,0,0,0,340,-123
164.290,-40,0,0,0,340,-123
164.306,-40,0,0,0,340,-123
164.323,-40,0,0,0,340,-123
164.339,-40,0,0,0,340,-123
164.350,-40,0,0,0,340,-123
164.371,-40,0,0,0,340,-123
164.387,-40,0,0,0,340,-123
164.403,-40,0,0,0,340,-123
164.419,-40,0,0,0,340,-123
164.434,-40,0,0,0,340,-123
164.450,-40,0,0,0,340,-123
164.467,-40,0,0,0,340,-123
164.478,-40,0,0,0,340,-123
164.499,-40,0,0,0,340,-123
164.515,-40,0,0,0,340,-123
164.531,-40,0,0,0,340,-123
164.547,-40,0,0,0,340,-123
164.563,-40,0,0,0,340,-123
164.568,-40,0,0,0,340,-123
164.595,-40,0,0,0,340,-123
164.599,-40,0,0,0,340,-123
164.611,-40,0,0,0,340,-123
164.627,-40,0,0,0,340,-123
164.632,-40,0,0,0,340,-123
164.642,-40,0,0,0,340,-123
164.659,-40,0,0,0,340,-123
164.664,-40,0,0,0,340,-123
164.675,-40,0,0,0,340,-123
164.690,-40,0,0,0,340,-123
164.696,-40,0,0,0,340,-123
164.706,-40,0,0,0,340,-123
164.722,-40,0,0,0,340,-123
164.738,-40,0,0,0,340,-123
164.754,-40,0,0,0,340,-123
164.770,-40,0,0,0,340,-123
164.786,-40,0,0,0,340,-123
164.802,-40,0,0,0,340,-123
164.814,-40,0,0,0,340,-123
164.834,-40,0,0,0,340,-123
164.846,-40,0,0,0,340,-123
164.865,-40,0,0,0,340,-123
164.879,-40,0,0,0,340,-123
164.897,-40,0,0,0,340,-123
164.913,-40,0,0,0,340,-123
164.929,-40,0,0,0,340,-123
164.945,-40,0,0,0,340,-123
164.960,-40,0,0,0,340,-123
164.973,-40,0,0,0,340,-122
164.986,-40,0,0,0,340,-122
165.006,-40,0,0,0,340,-122
165.022,-40,0,0,0,340,-122
165.038,-40,0,0,0,340,-122
165.053,-40,0,0,0,340,-122
165.063,-40,0,0,0,340,-122
165.085,-40,0,0,0,340,-122
165.101,-40,0,0,0,340,-122
165.118,-40,0,0,0,340,-122
165.132,-40,0,0,0,340,-122
165.150,-40,0,0,0,340,-122
165.156,-40,0,0,0,340,-122
165.180,-40,0,0,0,340,-122
165.195,-40,0,0,0,340,-122
165.200,-40,0,0,0,340,-122
165.227,-40,0,0,0,340,-122
165.245,-40,0,0,0,340,-122
165.259,-40,0,0,0,340,-122
165.277,-40,0,0,0,340,-122
165.293,-40,0,0,0,340,-122
165.297,-40,0,0,0,340,-122
165.323,-40,0,0,0,340,-122
165.328,-40,0,0,0,340,-122
165.338,-40,0,0,0,340,-122
165.354,-40,0,0,0,340,-122
165.360,-40,0,0,0,340,-122
165.370,-40,0,0,0,340,-122
165.386,-40,0,0,0,340,-122
165.391,-40,0,0,0,340,-122
165.418,-40,0,0,0,340,-122
165.434,-40,0,0,0,340,-122
165.450,-40,0,0,0,340,-122
165.466,-40,0,0,0,340,-122
165.482,-40,0,0,0,340,-122
165.498,-40,0,0,0,340,-122
165.510,-40,0,0,0,340,-122
165.530,-40,0,0,0,340,-122
165.546,-40,0,0,0,340,-122
165.562,-40,0,0,0,340,-122
165.577,-40,0,0,0,340,-122
165.593,-40,0,0,0,340,-122
165.609,-40,0,0,0,340,-122
165.626,-40,0,0,0,340,-122
165.641,-40,0,0,0,340,-122
165.657,-40,0,0,0,340,-122
165.673,-40,0,0,0,340,-122
165.689,-40,0,0,0,340,-122
165.705,-40,0,0,0,340,-122
165.721,-40,0,0,0,340,-122
165.726,-40,0,0,0,340,-122
165.737,-40,0,0,0,340,-122
165.753,-40,0,0,0,340,-122
165.764,-40,0,0,0,340,-122
165.784,-40,0,0,0,340,-122
165.789,-40,0,0,0,340,-122
165.802,-40,0,0,0,340,-122
165.816,-40,0,0,0,340,-122
165.837,-40,0,0,0,340,-122
165.848,-40,0,0,0,340,-122
165.859,-40,0,0,0,340,-122
165.870,-40,0,0,0,340,-122
165.879,-40,0,0,0,340,-122
165.895,-40,0,0,0,340,-122
165.910,-40,0,0,0,340,-122
165.923,-40,0,0,0,340,-122
165.943,-40,0,0,0,340,-122
165.960,-40,0,0,0,340,-122
165.976,-40,0,0,0,340,-122
165.984,-40,0,0,0,340,-122
166.008,-40,0,0,0,340,-122
166.013,-40,0,0,0,340,-122
166.040,-40,0,0,0,340,-122
166.049,-40,0,0,0,340,-122
166.072,-40,0,0,0,340,-122
166.087,-40,0,0,0,340,-122
166.104,-40,0,0,0,340,-122
166.119,-40,0,0,0,340,-122
166.135,-40,0,0,0,340,-122
166.151,-40,0,0,0,340,-122
166.162,-40,0,0,0,340,-122
166.166,-40,0,0,0,340,-122
166.178,-40,0,0,0,340,-122
166.198,-40,0,0,0,330,-122
166.214,-40,0,0,0,330,-122
166.225,-40,0,0,0,330,-122
166.247,-40,0,0,0,330,-122
166.251,-40,0,0,0,330,-122
166.263,-40,0,0,0,330,-122
166.270,-40,0,0,0,330,-122
166.295,-40,0,0,0,330,-122
166.311,-40,0,0,0,330,-122
166.328,-40,0,0,0,330,-122
166.333,-40,0,0,0,330,-122
166.359,-40,0,0,0,330,-122
166.375,-40,0,0,0,330,-122
166.391,-40,0,0,0,330,-122
166.397,-40,0,0,0,330,-122
166.424,-40,0,0,0,330,-122
166.447,-40,0,0,0,330,-122
166.454,-40,0,0,0,330,-122
166.470,-40,0,0,0,330,-122
166.483,-40,0,0,0,330,-122
166.487,-40,0,0,0,330,-122
166.502,-40,0,0,0,330,-122
166.518,-40,0,0,0,330,-122
166.534,-40,0,0,0,330,-122
166.550,-40,0,0,0,330,-122
166.566,-40,0,0,0,330,-122
166.581,-40,0,0,0,330,-122
166.586,-40,0,0,0,330,-122
166.597,-40,0,0,0,330,-122
166.613,-40,0,0,0,330,-122
166.618,-40,0,0,0,330,-122
166.629,-40,0,0,0,330,-122
166.645,-40,0,0,0,330,-122
166.651,-40,0,0,0,330,-122
166.661,-40,0,0,0,330,-122
166.677,-40,0,0,0,330,-122
166.682,-40,0,0,0,330,-122
166.693,-40,0,0,0,330,-122
166.709,-40,0,0,0,330,-122
166.725,-40,0,0,0,330,-122
166.741,-40,0,0,0,330,-123
166.757,-40,0,0,0,330,-123
166.773,-40,0,0,0,330,-123
166.782,-40,0,0,0,330,-123
166.805,-40,0,0,0,330,-123
166.816,-40,0,0,0,330,-123
166.822,-40,0,0,0,330,-123
166.853,-40,0,0,0,340,-123
166.870,-40,0,0,0,340,-123
166.885,-40,0,0,0,340,-123
166.901,-40,0,0,0,340,-123
166.906,-40,0,0,0,340,-123
166.933,-40,0,0,0,340,-123
166.949,-40,0,0,0,340,-123
166.965,-40,0,0,0,340,-123
166.981,-40,0,0,0,340,-123
166.987,-40,0,0,0,340,-123
166.999,-40,0,0,0,340,-123
167.013,-40,0,0,0,340,-123
167.018,-40,0,0,0,340,-123
167.029,-40,0,0,0,340,-123
167.045,-40,0,0,0,340,-123
167.061,-40,0,0,0,340,-123
167.076,-40,0,0,0,340,-123
167.083,-40,0,0,0,340,-123
167.092,-40,0,0,0,340,-123
167.108,-40,0,0,0,340,-123
167.113,-40,0,0,0,340,-123
167.124,-40,0,0,0,340,-123
167.129,-40,0,0,0,340,-123
167.157,-40,0,0,0,340,-123
167.173,-40,0,0,0,340,-123
167.179,-40,0,0,0,340,-123
167.189,-40,0,0,0,340,-123
167.205,-40,0,0,0,340,-123
167.209,-40,0,0,0,340,-123
167.236,-40,0,0,0,340,-123
167.242,-40,0,0,0,340,-123
167.268,-40,0,0,0,340,-123
167.284,-40,0,0,0,340,-123
167.300,-40,0,0,0,340,-123
167.316,-40,0,0,0,340,-123
167.334,-40,0,0,0,340,-123
167.341,-40,0,0,0,340,-123
167.363,-40,0,0,0,340,-123
167.379,-40,0,0,0,340,-123
167.395,-40,0,0,0,340,-123
167.411,-40,0,0,0,340,-122
167.427,-40,0,0,0,340,-122
167.443,-40,0,0,0,340,-122
167.458,-40,0,0,0,340,-122
167.475,-40,0,0,0,340,-122
167.480,-40,0,0,0,340,-122
167.490,-40,0,0,0,340,-122
167.507,-40,0,0,0,340,-122
167.519,-40,0,0,0,340,-122
167.524,-40,0,0,0,340,-122
167.538,-40,0,0,0,340,-122
167.543,-40,0,0,0,340,-122
167.555,-40,0,0,0,340,-122
167.570,-40,0,0,0,340,-122
167.579,-40,0,0,0,340,-122
167.603,-40,0,0,0,340,-122
167.608,-40,0,0,0,340,-122
167.619,-40,0,0,0,340,-122
167.635,-40,0,0,0,340,-122
167.647,-40,0,0,0,340,-122
167.668,-40,0,0,0,340,-122
167.685,-40,0,0,0,340,-122
167.698,-40,0,0,0,340,-122
167.709,-40,0,0,0,340,-122
167.731,-40,0,0,0,340,-122
167.736,-40,0,0,0,340,-122
167.762,-40,0,0,0,340,-122
167.773,-40,0,0,0,340,-122
167.795,-40,0,0,0,340,-122
167.804,-40,0,0,0,340,-122
167.826,-40,0,0,0,340,-122
167.842,-40,0,0,0,340,-122
167.858,-40,0,0,0,340,-122
167.875,-40,0,0,0,340,-122
167.890,-40,0,0,0,340,-122
167.906,-40,0,0,0,340,-122
167.922,-40,0,0,0,340,-122
167.938,-40,0,0,0,340,-122
167.943,-40,0,0,0,340,-122
167.953,-40,0,0,0,340,-122
167.969,-40,0,0,0,340,-122
167.974,-40,0,0,0,340,-122
167.986,-40,0,0,0,340,-122
168.001,-40,0,0,0,340,-122
168.010,-40,0,0,0,340,-122
168.017,-40,0,0,0,340,-122
168.032,-40,0,0,0,340,-122
168.037,-40,0,0,0,340,-122
168.048,-40,0,0,0,340,-122
168.064,-40,0,0,0,340,-122
168.071,-40,0,0,0,340,-122
168.081,-40,0,0,0,340,-122
168.096,-40,0,0,0,340,-122
168.111,-40,0,0,0,340,-122
168.127,-40,0,0,0,340,-122
168.142,-40,0,0,0,340,-122
168.158,-40,0,0,0,340,-122
168.174,-40,0,0,0,340,-122
168.190,-40,0,0,0,340,-122
168.203,-40,0,0,0,340,-122
168.222,-40,0,0,0,340,-122
168.238,-40,0,0,0,340,-122
168.254,-40,0,0,0,340,-122
168.269,-40,0,0,0,340,-122
168.285,-40,0,0,0,340,-122
168.301,-40,0,0,0,340,-122
168.306,-40,0,0,0,340,-122
168.317,-40,0,0,0,340,-122
168.333,-40,0,0,0,340,-122
168.344,-40,0,0,0,340,-122
168.353,-40,0,0,0,340,-122
168.365,-40,0,0,0,340,-122
168.376,-40,0,0,0,340,-122
168.381,-40,0,0,0,340,-122
168.397,-40,0,0,0,340,-122
168.413,-40,0,0,0,340,-122
168.426,-40,0,0,0,340,-122
168.444,-40,0,0,0,340,-122
168.460,-40,0,0,0,340,-122
168.471,-40,0,0,0,340,-122
168.492,-40,0,0,0,340,-122
168.508,-40,0,0,0,340,-122
168.527,-40,0,0,0,340,-122
168.540,-40,0,0,0,340,-122
168.555,-40,0,0,0,340,-122
168.566,-40,0,0,0,340,-122
168.582,-40,0,0,0,340,-122
168.603,-40,0,0,0,340,-122
168.619,-40,0,0,0,340,-122
168.634,-40,0,0,0,340,-122
168.649,-40,0,0,0,340,-122
168.665,-40,0,0,0,340,-122
168.676,-40,0,0,0,340,-122
168.682,-40,0,0,0,340,-122
168.697,-40,0,0,0,340,-122
168.703,-40,0,0,0,340,-122
168.713,-40,0,0,0,340,-122
168.745,-40,0,0,0,340,-122
168.759,-40,0,0,0,340,-122
168.770,-40,0,0,0,340,-122
168.793,-40,0,0,0,340,-122
168.808,-40,0,0,0,340,-122
168.824,-40,0,0,0,340,-122
168.840,-40,0,0,0,340,-122
168.852,-40,0,0,0,340,-122
168.872,-40,0,0,0,340,-122
168.883,-40,0,0,0,340,-122
168.903,-40,0,0,0,340,-122
168.914,-40,0,0,0,340,-122
168.935,-40,0,0,0,340,-122
168.950,-40,0,0,0,340,-122
168.967,-40,0,0,0,350,-122
168.982,-40,0,0,0,350,-122
168.997,-40,0,0,0,350,-122
169.002,-40,0,0,0,350,-122
169.013,-40,0,0,0,350,-122
169.029,-40,0,0,0,350,-122
169.040,-40,0,0,0,350,-122
169.060,-40,0,0,0,350,-122
169.065,-40,0,0,0,350,-122
169.076,-40,0,0,0,350,-122
169.093,-40,0,0,0,350,-122
169.097,-40,0,0,0,350,-122
169.108,-40,0,0,0,350,-122
169.124,-40,0,0,0,350,-122
169.140,-40,0,0,0,350,-122
169.156,-40,0,0,0,350,-122
169.168,-40,0,0,0,350,-122
169.176,-40,0,0,0,350,-122
169.188,-40,0,0,0,350,-122
169.201,-40,0,0,0,350,-122
169.208,-40,0,0,0,350,-122
169.219,-40,0,0,0,350,-122
169.235,-40,0,0,0,350,-122
169.251,-40,0,0,0,350,-122
169.262,-40,0,0,0,350,-122
169.283,-40,0,0,0,350,-122
169.292,-40,0,0,0,350,-122
169.314,-40,0,0,0,350,-122
169.330,-40,0,0,0,350,-122
169.345,-40,0,0,0,350,-122
169.361,-40,0,0,0,350,-122
169.368,-40,0,0,0,350,-122
169.392,-40,0,0,0,350,-122
169.397,-40,0,0,0,350,-122
169.408,-40,0,0,0,350,-122
169.424,-40,0,0,0,350,-122
169.429,-40,0,0,0,350,-122
169.456,-40,0,0,0,350,-122
169.461,-40,0,0,0,350,-122
169.472,-40,0,0,0,350,-122
169.488,-40,0,0,0,350,-122
169.504,-40,0,0,0,350,-122
169.520,-40,0,0,0,350,-122
169.536,-40,0,0,0,350,-122
169.551,-40,0,0,0,350,-122
169.567,-40,0,0,0,350,-122
169.579,-40,0,0,0,350,-122
169.599,-40,0,0,0,350,-122
169.614,-40,0,0,0,350,-122
169.630,-40,0,0,0,350,-122
169.646,-40,0,0,0,350,-122
169.662,-40,0,0,0,350,-122
169.675,-40,0,0,0,350,-122
169.693,-40,0,0,0,350,-122
169.698,-40,0,0,0,350,-122
169.711,-40,0,0,0,350,-122
169.726,-40,0,0,0,350,-122
169.737,-40,0,0,0,350,-122
169.743,-40,0,0,0,350,-122
169.756,-40,0,0,0,350,-122
169.761,-40,0,0,0,350,-122
169.772,-40,0,0,0,350,-122
169.788,-40,0,0,0,350,-122
169.799,-40,0,0,0,350,-122
169.820,-40,0,0,0,350,-122
169.829,-40,0,0,0,350,-122
169.847,-40,0,0,0,350,-122
169.868,-40,0,0,0,350,-122
169.884,-40,0,0,0,350,-122
169.889,-40,0,0,0,350,-122
169.899,-40,0,0,0,350,-122
169.915,-40,0,0,0,350,-122
169.928,-40,0,0,0,350,-122
169.934,-40,0,0,0,350,-122
169.946,-40,0,0,0,350,-122
169.963,-40,0,0,0,350,-122
169.977,-40,0,0,0,350,-122
169.993,-40,0,0,0,350,-122
170.009,-40,0,0,0,350,-122
170.021,-40,0,0,0,350,-122
170.026,-40,0,0,0,350,-122
170.040,-40,0,0,0,350,-122
170.050,-40,0,0,0,350,-122
170.068,-40,0,0,0,350,-123
170.076,-40,0,0,0,350,-123
170.087,-40,0,0,0,350,-123
170.092,-40,0,0,0,350,-123
170.102,-40,0,0,0,350,-123
170.118,-40,0,0,0,350,-123
170.123,-40,0,0,0,350,-123
170.136,-40,0,0,0,350,-123
170.151,-40,0,0,0,350,-123
170.156,-40,0,0,0,350,-123
170.168,-40,0,0,0,350,-123
170.182,-40,0,0,0,350,-123
170.199,-40,0,0,0,350,-123
170.214,-40,0,0,0,350,-123
170.230,-40,0,0,0,350,-123
170.246,-40,0,0,0,350,-123
170.251,-40,0,0,0,350,-123
170.278,-40,0,0,0,350,-123
170.294,-40,0,0,0,340,-122
170.310,-40,0,0,0,340,-122
170.322,-40,0,0,0,340,-122
170.342,-40,0,0,0,340,-122
170.357,-40,0,0,0,340,-122
170.373,-40,0,0,0,340,-122
170.387,-40,0,0,0,340,-122
170.404,-40,0,0,0,340,-122
170.420,-40,0,0,0,340,-122
170.425,-40,0,0,0,340,-122
170.436,-40,0,0,0,340,-122
170.452,-40,0,0,0,340,-122
170.457,-40,0,0,0,340,-122
170.467,-40,0,0,0,340,-122
170.483,-40,0,0,0,340,-122
170.488,-40,0,0,0,340,-122
170.499,0,0,0,0,340,-122
170.515,0,0,0,0,340,-122
170.530,0,0,0,0,340,-122
170.546,0,0,0,0,340,-122
170.562,0,0,0,0,340,-122
170.578,0,0,0,0,340,-122
170.594,0,0,0,0,340,-122
170.610,0,0,0,0,340,-122
170.626,0,0,0,0,340,-122
170.641,0,0,0,0,340,-122
170.657,0,0,0,0,340,-122
170.673,0,0,0,0,340,-122
170.689,0,0,0,0,340,-122
170.704,0,0,0,0,340,-122
170.720,0,0,0,0,340,-122
170.736,0,0,0,0,340,-122
170.752,0,0,0,0,340,-122
170.767,0,0,0,0,340,-122
170.783,0,0,0,0,340,-122
170.788,0,0,0,0,340,-122
170.815,0,0,0,0,340,-122
170.831,0,0,0,0,340,-122
170.846,0,0,0,0,340,-122
170.862,0,0,0,0,340,-122
170.877,0,0,0,0,340,-122
170.893,0,0,0,0,340,-122
170.909,0,0,0,0,340,-122
170.925,0,0,0,0,340,-122
170.941,0,0,0,0,340,-122
170.957,0,0,0,0,340,-122
170.973,0,0,0,0,340,-122
170.988,0,0,0,0,340,-122
171.004,0,0,0,0,340,-122
171.020,0,0,0,0,340,-122
171.036,0,0,0,0,340,-122
171.052,0,0,0,0,340,-122
171.068,0,0,0,0,340,-122
171.084,0,0,0,0,340,-122
171.097,0,0,0,0,340,-122
171.116,0,0,0,0,340,-122
171.131,0,0,0,0,340,-122
171.147,0,0,0,0,340,-122
171.162,0,0,0,0,340,-122
171.168,0,0,0,0,340,-122
171.194,0,0,0,0,340,-122
171.210,0,0,0,0,340,-122
171.226,0,0,0,0,340,-122
171.242,0,0,0,0,340,-122
171.258,0,0,0,0,340,-122
171.273,0,0,0,0,340,-122
171.289,0,0,0,0,340,-122
171.305,0,0,0,0,340,-122
171.321,0,0,0,0,340,-122
171.336,0,0,0,40,340,-122
171.352,0,0,0,40,340,-122
171.368,0,0,0,40,340,-122
171.373,0,0,0,40,340,-122
171.400,0,0,0,40,340,-122
171.415,0,0,0,40,340,-122
171.432,0,0,0,40,340,-122
171.447,0,0,0,40,340,-122
171.460,0,0,0,40,340,-122
171.479,0,0,0,40,340,-122
171.495,0,0,0,40,340,-122
171.511,0,0,0,40,340,-122
171.527,0,0,0,40,340,-123
171.543,0,0,0,40,340,-123
171.559,0,0,0,40,340,-123
171.575,0,0,0,40,340,-123
171.591,0,0,0,40,340,-123
171.607,0,0,0,40,340,-123
171.622,0,0,0,40,340,-123
171.639,0,0,0,40,340,-121
171.655,0,0,0,40,340,-121
171.671,0,0,0,40,340,-121
171.687,0,0,0,40,340,-121
171.703,0,0,0,40,340,-121
171.719,0,0,0,40,340,-121
171.735,0,0,0,40,340,-121
171.751,0,0,0,40,340,-119
171.768,0,0,0,40,340,-119
171.784,0,0,0,40,340,-119
171.801,0,0,0,40,340,-119
171.816,0,0,0,40,340,-119
171.832,0,0,0,40,340,-119
171.847,0,0,0,40,340,-119
171.853,0,0,0,40,340,-115
171.863,0,0,0,40,340,-115
171.879,0,0,0,40,340,-115
171.885,0,0,0,40,340,-115
171.895,0,0,0,40,340,-115
171.913,0,0,0,40,340,-115
171.922,0,0,0,40,340,-115
171.929,0,0,0,40,340,-115
171.944,0,0,0,40,340,-115
171.949,0,0,0,40,340,-115
171.961,0,0,0,40,340,-112
171.976,0,0,0,40,340,-112
171.992,0,0,0,40,340,-112
172.008,0,0,0,40,340,-112
172.014,0,0,0,40,340,-112
172.024,0,0,0,40,340,-112
172.041,0,0,0,40,340,-112
172.048,0,0,0,40,340,-112
172.072,0,0,0,40,340,-112
172.088,0,0,0,40,340,-110
172.105,0,0,0,40,340,-110
172.113,0,0,0,40,340,-110
172.131,0,0,0,40,340,-110
172.146,0,0,0,40,340,-110
172.157,0,0,0,40,340,-110
172.171,0,0,0,40,340,-110
172.188,0,0,0,40,340,-108
172.204,0,0,0,40,340,-108
172.213,0,0,0,40,340,-108
172.222,0,0,0,40,340,-108
172.237,0,0,0,40,340,-108
172.253,0,0,0,40,340,-108
172.270,0,0,0,40,340,-108
172.286,0,0,0,40,340,-108
172.303,0,0,0,40,340,-105
172.311,0,0,0,40,340,-105
172.327,0,0,0,40,340,-105
172.346,0,0,0,40,340,-105
172.351,0,0,0,40,340,-105
172.363,0,0,0,40,340,-105
172.380,0,0,0,40,340,-105
172.397,0,0,0,40,340,-105
172.413,0,0,0,40,340,-103
172.430,0,0,0,40,340,-103
172.447,0,0,0,40,340,-103
172.463,0,0,0,40,340,-103
172.479,0,0,0,40,340,-103
172.496,0,0,0,40,340,-103
172.507,0,0,0,40,340,-103
172.519,0,0,0,40,340,-101
172.540,0,0,0,40,340,-101
172.548,0,0,0,40,340,-101
172.556,0,0,0,40,340,-101
172.573,0,0,0,40,340,-101
172.584,0,0,0,40,340,-101
172.588,0,0,0,40,340,-101
172.598,0,0,0,40,340,-101
172.607,0,0,0,40,340,-101
172.612,0,0,0,40,340,-101
172.624,0,0,0,40,340,-101
172.643,0,0,0,40,340,-99
172.648,0,0,0,40,340,-99
172.661,0,0,0,40,340,-99
172.677,0,0,0,40,340,-99
172.681,0,0,0,40,340,-99
172.695,0,0,0,40,340,-99
172.710,0,0,0,40,340,-99
172.723,0,0,0,40,340,-99
172.734,0,0,0,40,340,-99
172.740,0,0,0,40,340,-97
172.749,0,0,0,40,340,-97
172.755,0,0,0,40,340,-97
172.773,0,0,0,40,340,-97
172.778,0,0,0,40,340,-97
172.790,0,0,0,40,340,-97
172.807,0,0,0,40,340,-97
172.813,0,0,0,40,340,-97
172.823,0,0,0,40,340,-97
172.842,0,0,0,40,340,-97
172.848,0,0,0,40,340,-94
172.862,0,0,0,0,340,-94
172.877,0,0,0,0,340,-94
172.890,0,0,0,0,340,-94
172.915,0,0,0,0,340,-94
172.931,0,0,0,0,340,-94
172.947,0,0,0,0,340,-94
172.963,0,0,0,0,340,-92
172.981,0,0,0,0,340,-92
172.995,0,0,0,0,340,-92
173.011,0,0,0,0,340,-92
173.027,0,0,0,0,340,-92
173.043,0,0,0,0,340,-92
173.059,0,0,0,0,340,-90
173.075,0,0,0,0,340,-90
173.091,0,0,0,0,340,-90
173.106,0,0,0,0,340,-90
173.122,0,0,0,0,340,-90
173.138,0,0,0,0,340,-90
173.154,0,0,0,0,340,-90
173.170,0,0,0,0,340,-90
173.186,0,0,0,0,340,-90
173.202,0,0,0,0,340,-90
173.218,0,0,0,0,340,-90
173.234,0,0,0,0,340,-90
173.250,0,0,0,0,340,-90
173.266,0,0,0,0,340,-90
173.282,0,0,0,0,340,-90
173.298,0,0,0,0,340,-90
173.314,0,0,0,0,340,-90
173.330,0,0,0,0,340,-90
173.346,0,0,0,0,340,-90
173.362,0,0,0,0,340,-90
173.378,0,0,0,0,340,-90
173.394,0,0,0,0,340,-89
173.410,0,0,0,0,340,-89
173.426,0,0,0,0,340,-89
173.442,0,0,0,0,340,-89
173.458,0,0,0,0,340,-89
173.474,0,0,0,0,340,-89
173.490,0,0,0,0,340,-89
173.506,0,0,0,0,340,-89
173.522,0,0,0,0,340,-89
173.539,0,0,0,0,340,-89
173.554,0,0,0,0,340,-89
173.570,0,0,0,0,340,-89
173.586,0,0,0,0,340,-89
173.597,0,0,0,0,340,-89
173.618,0,0,0,0,340,-89
173.634,0,0,0,0,340,-89
173.650,0,0,0,0,340,-89
173.667,0,0,0,0,340,-89
173.682,0,0,0,0,340,-89
173.698,0,0,0,0,340,-89
173.715,0,0,0,0,340,-89
173.730,0,0,0,0,340,-89
173.746,0,0,0,0,340,-89
173.762,0,0,0,0,340,-89
173.792,0,0,0,0,340,-89
173.808,0,0,0,0,340,-89
173.824,0,0,0,0,340,-89
173.840,0,0,0,0,340,-89
173.851,0,0,0,0,340,-90
173.873,0,0,0,0,340,-90
173.888,0,0,0,0,340,-90
173.904,0,0,0,0,340,-90
173.920,0,0,0,0,340,-90
173.936,0,0,0,0,340,-90
173.952,0,0,0,0,340,-90
173.968,0,0,0,0,340,-90
173.983,0,0,0,0,340,-90
173.999,0,0,0,0,340,-90
174.015,0,0,0,0,340,-90
174.032,0,0,0,0,340,-90
174.047,0,0,0,0,340,-90
174.062,0,0,0,0,340,-90
174.079,0,0,0,0,340,-90
174.095,0,0,0,0,340,-90
174.111,0,0,0,0,340,-90
174.127,0,0,0,0,340,-90
174.143,0,0,0,0,340,-90
174.158,0,0,0,0,340,-90
174.174,0,0,0,0,340,-90
174.191,0,0,0,0,340,-90
174.206,0,0,0,0,340,-90
174.222,0,0,0,0,340,-90
174.239,0,0,0,0,340,-90
174.255,0,0,0,0,340,-90
174.271,0,0,0,0,340,-90
174.287,0,0,0,0,340,-90
174.303,0,0,0,0,340,-90
174.319,0,0,0,0,340,-90
174.335,0,0,0,0,340,-90
174.351,0,0,0,0,340,-90
174.367,0,0,0,0,340,-90
174.383,0,0,0,0,340,-90
174.398,0,0,0,0,340,-90
174.415,0,0,0,0,340,-90
174.431,0,0,0,0,340,-90
174.447,0,0,0,0,340,-90
174.463,0,0,0,0,340,-90
174.479,0,0,0,0,340,-90
174.495,0,0,0,0,340,-90
174.511,0,0,0,0,340,-90
174.527,0,0,0,0,340,-90
174.543,0,0,0,0,340,-90
174.559,0,0,0,0,340,-90
174.575,0,0,0,0,340,-90
174.591,0,0,0,0,340,-90
174.606,0,0,0,0,340,-90
174.622,0,0,0,0,340,-90
174.639,0,0,0,0,340,-90
174.654,0,0,0,0,340,-90
174.670,0,0,0,0,340,-90
174.687,0,0,0,0,340,-90
174.702,0,0,0,0,340,-90
174.718,0,0,0,0,340,-90
174.734,0,0,0,0,340,-90
174.751,0,0,0,0,340,-90
174.766,0,0,0,0,340,-90
174.782,-40,0,0,0,340,-90
174.798,-40,0,0,0,340,-90
174.814,-40,0,0,0,340,-90
174.829,-40,0,0,0,340,-90
174.845,-40,0,0,0,340,-90
174.861,-40,0,0,0,340,-90
174.877,-40,0,0,0,340,-90
174.892,-40,0,0,0,340,-90
174.909,-40,0,0,0,340,-90
174.925,-40,0,0,0,340,-90
174.957,-40,0,0,0,340,-90
174.973,-40,0,0,0,340,-90
174.990,-40,0,0,0,340,-90
175.005,-40,0,0,0,340,-90
175.021,-40,0,0,0,340,-90
175.036,-40,0,0,0,340,-90
175.052,-40,0,0,0,340,-90
175.068,-40,0,0,0,340,-90
175.084,-40,0,0,0,340,-90
175.101,-40,0,0,0,340,-90
175.117,-40,0,0,0,340,-90
175.133,-40,0,0,0,340,-90
175.149,-40,0,0,0,340,-90
175.166,-40,0,0,0,340,-90
175.181,-40,0,0,0,340,-89
175.198,-40,0,0,0,340,-89
175.213,-40,0,0,0,340,-89
175.229,-40,0,0,0,340,-89
175.245,-40,0,0,0,340,-89
175.261,-40,0,0,0,340,-89
175.277,-40,0,0,0,340,-89
175.293,-40,0,0,0,340,-89
175.308,-40,0,0,0,340,-89
175.324,-40,0,0,0,340,-89
175.335,-40,0,0,0,340,-89
175.357,-40,0,0,0,340,-89
175.373,-40,0,0,0,340,-89
175.389,-40,0,0,0,340,-89
175.405,-40,0,0,0,340,-89
175.421,-40,0,0,0,340,-89
175.437,-40,0,0,0,340,-89
175.453,-40,0,0,0,340,-89
175.466,-40,0,0,0,340,-89
175.485,-40,0,0,0,340,-89
175.490,-40,0,0,0,340,-89
175.501,-40,0,0,0,340,-89
175.517,-40,0,0,0,340,-89
175.522,-40,0,0,0,340,-89
175.549,-40,0,0,0,340,-89
175.554,-40,0,0,0,340,-89
175.565,-40,0,0,0,340,-89
175.581,-40,0,0,0,340,-89
175.586,-40,0,0,0,340,-89
175.597,-40,0,0,0,340,-89
175.611,-40,0,0,0,340,-89
175.629,-40,0,0,0,340,-89
175.639,-40,0,0,0,340,-89
175.661,-40,0,0,0,340,-89
175.677,-40,0,0,0,340,-89
175.693,-40,0,0,0,340,-89
175.700,-40,0,0,0,340,-89
175.710,-40,0,0,0,340,-89
175.725,-40,0,0,0,340,-89
175.741,-40,0,0,0,340,-89
175.757,-40,0,0,0,340,-89
175.768,-40,0,0,0,340,-89
175.789,-40,0,0,0,340,-89
175.805,-40,0,0,0,340,-89
175.821,-40,0,0,0,340,-89
175.852,-40,0,0,0,340,-89
175.869,-40,0,0,0,340,-89
175.884,-40,0,0,0,340,-89
175.900,-40,0,0,0,340,-89
175.917,-40,0,0,0,340,-89
175.932,-40,0,0,0,340,-89
175.948,-40,0,0,0,340,-89
175.953,-40,0,0,0,340,-89
175.966,-40,0,0,0,340,-89
175.980,-40,0,0,0,340,-89
175.985,-40,0,0,0,340,-89
175.996,-40,0,0,0,340,-89
176.007,-40,0,0,0,340,-89
176.028,-40,0,0,0,340,-89
176.040,-40,0,0,0,340,-89
176.060,-40,0,0,0,340,-89
176.076,-40,0,0,0,340,-89
176.081,-40,0,0,0,340,-89
176.092,-40,0,0,0,340,-89
176.108,-40,0,0,0,340,-89
176.124,-40,0,0,0,340,-89
176.140,-40,0,0,0,340,-89
176.151,-40,0,0,0,340,-89
176.156,-40,0,0,0,340,-89
176.172,-40,0,0,0,340,-89
176.188,-40,0,0,0,340,-89
176.204,-40,0,0,0,340,-89
176.220,-40,0,0,0,340,-89
176.236,-40,0,0,0,340,-89
176.246,-40,0,0,0,340,-89
176.261,-40,0,0,0,340,-89
176.283,-40,0,0,0,340,-89
176.299,-40,0,0,0,340,-89
176.316,-40,0,0,0,340,-89
176.334,-40,0,0,0,340,-89
176.348,-40,0,0,0,340,-89
176.362,-40,0,0,0,340,-89
176.381,-40,0,0,0,340,-89
176.397,-40,0,0,0,340,-89
176.413,-40,0,0,0,340,-89
176.429,-40,0,0,0,340,-89
176.445,-40,0,0,0,340,-89
176.463,-40,0,0,0,340,-89
176.474,-40,0,0,0,340,-89
176.480,-40,0,0,0,340,-89
176.494,-40,0,0,0,340,-89
176.510,-40,0,0,0,340,-89
176.515,-40,0,0,0,340,-89
176.525,-40,0,0,0,340,-89
176.541,-40,0,0,0,340,-89
176.547,-40,0,0,0,340,-89
176.557,-40,0,0,0,340,-89
176.573,-40,0,0,0,340,-89
176.589,-40,0,0,0,340,-89
176.605,-40,0,0,0,340,-89
176.621,-40,0,0,0,340,-89
176.637,-40,0,0,0,340,-89
176.643,-40,0,0,0,340,-89
176.653,-40,0,0,0,340,-89
176.669,-40,0,0,0,340,-89
176.685,-40,0,0,0,340,-89
176.701,-40,0,0,0,340,-89
176.717,-40,0,0,0,340,-89
176.729,-40,0,0,0,340,-89
176.749,-40,0,0,0,340,-89
176.765,-40,0,0,0,340,-89
176.781,-40,0,0,0,340,-89
176.792,-40,0,0,0,340,-89
176.814,-40,0,0,0,340,-89
176.829,-40,0,0,0,340,-89
176.844,-40,0,0,0,340,-89
176.860,-40,0,0,0,340,-89
176.876,-40,0,0,0,340,-89
176.892,-40,0,0,0,340,-89
176.909,-40,0,0,0,340,-89
176.921,-40,0,0,0,340,-89
176.941,-40,0,0,0,340,-89
176.945,-40,0,0,0,340,-89
176.973,-40,0,0,0,340,-89
176.978,-40,0,0,0,340,-89
176.989,-40,0,0,0,340,-89
177.004,-40,0,0,0,340,-89
177.009,-40,0,0,0,340,-89
177.020,-40,0,0,0,340,-89
177.036,-40,0,0,0,340,-89
177.047,-40,0,0,0,340,-89
177.054,-40,0,0,0,340,-89
177.069,-40,0,0,0,340,-89
177.073,-40,0,0,0,340,-89
177.084,-40,0,0,0,340,-89
177.101,-40,0,0,0,340,-89
177.118,-40,0,0,0,340,-89
177.133,-40,0,0,0,340,-89
177.140,-40,0,0,0,340,-89
177.155,-40,0,0,0,340,-89
177.180,-40,0,0,0,340,-89
177.196,-40,0,0,0,340,-89
177.207,-40,0,0,0,340,-89
177.228,-40,0,0,0,340,-89
177.244,-40,0,0,0,340,-89
177.260,-40,0,0,0,340,-89
177.276,-40,0,0,0,340,-89
177.292,-40,0,0,0,340,-89
177.308,-40,0,0,0,340,-89
177.324,-40,0,0,0,340,-89
177.340,-40,0,0,0,340,-89
177.355,-40,0,0,0,340,-89
177.371,-40,0,0,0,340,-89
177.376,-40,0,0,0,340,-89
177.387,-40,0,0,0,340,-89
177.403,-40,0,0,0,340,-89
177.408,-40,0,0,0,340,-89
177.419,-40,0,0,0,340,-89
177.435,-40,0,0,0,340,-89
177.441,-40,0,0,0,340,-89
177.451,-40,0,0,0,340,-89
177.467,-40,0,0,0,340,-89
177.472,-40,0,0,0,340,-89
177.499,-40,0,0,0,340,-89
177.504,-40,0,0,0,340,-89
177.515,-40,0,0,0,340,-89
177.531,-40,0,0,0,340,-89
177.536,-40,0,0,0,340,-89
177.563,-40,0,0,0,340,-89
177.568,-40,0,0,0,340,-89
177.585,-40,0,0,0,340,-89
177.594,-40,0,0,0,340,-89
177.610,-40,0,0,0,340,-89
177.626,-40,0,0,0,340,-89
177.642,-40,0,0,0,340,-89
177.654,-40,0,0,0,340,-89
177.674,-40,0,0,0,340,-89
177.690,-40,0,0,0,340,-89
177.706,-40,0,0,0,340,-89
177.722,-40,0,0,0,340,-89
177.728,-40,0,0,0,340,-89
177.756,-40,0,0,0,340,-89
177.772,-40,0,0,0,340,-89
177.787,-40,0,0,0,340,-89
177.794,-40,0,0,0,340,-89
177.803,-40,0,0,0,340,-89
177.819,-40,0,0,0,340,-89
177.835,-40,0,0,0,340,-89
177.851,-40,0,0,0,340,-89
177.867,-40,0,0,0,340,-89
177.879,-40,0,0,0,340,-90
177.884,-40,0,0,0,340,-90
177.899,-40,0,0,0,340,-90
177.915,-40,0,0,0,340,-90
177.931,-40,0,0,0,340,-90
177.937,-40,0,0,0,340,-90
177.947,-40,0,0,0,340,-90
177.963,-40,0,0,0,340,-90
177.974,-40,0,0,0,340,-90
177.981,-40,0,0,0,340,-89
177.995,-40,0,0,0,340,-89
178.000,-40,0,0,0,340,-89
178.011,-40,0,0,0,340,-89
178.027,-40,0,0,0,340,-89
178.043,-40,0,0,0,340,-89
178.059,-40,0,0,0,340,-89
178.066,-40,0,0,0,340,-89
178.075,-40,0,0,0,340,-89
178.091,-40,0,0,0,340,-89
178.097,-40,0,0,0,340,-89
178.124,-40,0,0,0,340,-89
178.140,-40,0,0,0,340,-89
178.156,-40,0,0,0,340,-89
178.161,-40,0,0,0,340,-89
178.172,-40,0,0,0,340,-89
178.188,-40,0,0,0,340,-89
178.204,-40,0,0,0,340,-89
178.220,-40,0,0,0,340,-89
178.225,-40,0,0,0,340,-89
178.251,-40,0,0,0,340,-89
178.267,-40,0,0,0,340,-89
178.283,-40,0,0,0,340,-89
178.299,-40,0,0,0,340,-89
178.315,-40,0,0,0,340,-89
178.331,-40,0,0,0,340,-89
178.347,-40,0,0,0,340,-89
178.362,-40,0,0,0,340,-89
178.368,-40,0,0,0,340,-89
178.379,-40,0,0,0,340,-89
178.395,-40,0,0,0,340,-89
178.406,-40,0,0,0,340,-89
178.427,-40,0,0,0,340,-89
178.435,-40,0,0,0,340,-89
178.444,-40,0,0,0,340,-89
178.459,-40,0,0,0,340,-89
178.463,-40,0,0,0,340,-89
178.475,-40,0,0,0,340,-89
178.491,-40,0,0,0,340,-89
178.497,-40,0,0,0,340,-89
178.523,-40,0,0,0,340,-89
178.528,-40,0,0,0,340,-89
178.539,-40,0,0,0,340,-89
178.555,-40,0,0,0,340,-89
178.571,-40,0,0,0,340,-89
178.587,-40,0,0,0,340,-89
178.591,-40,0,0,0,340,-89
178.619,-40,0,0,0,340,-89
178.635,-40,0,0,0,340,-89
178.652,-40,0,0,0,340,-89
178.667,-40,0,0,0,340,-89
178.683,-40,0,0,0,340,-89
178.699,-40,0,0,0,340,-89
178.710,-40,0,0,0,340,-89
178.731,-40,0,0,0,340,-89
178.747,-40,0,0,0,340,-89
178.763,-40,0,0,0,340,-89
178.779,-40,0,0,0,340,-89
178.795,-40,0,0,0,340,-89
178.806,-40,0,0,0,340,-89
178.826,-40,0,0,0,340,-89
178.837,-40,0,0,0,340,-89
178.843,-40,0,0,0,340,-89
178.858,-40,0,0,0,340,-89
178.863,-40,0,0,0,340,-89
178.874,-40,0,0,0,340,-89
178.889,-40,0,0,0,340,-89
178.894,-40,0,0,0,340,-89
178.922,-40,0,0,0,340,-89
178.927,-40,0,0,0,340,-89
178.938,-40,0,0,0,340,-89
178.954,-40,0,0,0,340,-89
178.970,-40,0,0,0,340,-89
178.986,-40,0,0,0,340,-89
178.992,-40,0,0,0,340,-89
179.017,-40,0,0,0,340,-89
179.026,0,0,0,0,340,-89
179.050,0,0,0,0,340,-89
179.066,0,0,0,0,340,-89
179.074,0,0,0,0,340,-89
179.097,0,0,0,0,340,-89
179.113,0,0,0,0,340,-89
179.129,0,0,0,0,340,-89
179.145,0,0,0,0,340,-89
179.162,0,0,0,0,340,-89
179.177,0,0,0,0,340,-89
179.193,0,0,0,0,340,-89
179.209,0,0,0,0,340,-89
179.224,0,0,0,0,340,-89
179.240,0,0,0,0,340,-89
179.257,0,0,0,0,340,-89
179.273,0,0,0,0,340,-89
179.289,0,0,0,0,340,-89
179.305,0,0,0,0,340,-89
179.323,0,0,0,0,340,-89
179.353,0,0,0,0,340,-89
179.368,0,0,0,0,340,-89
179.374,0,0,0,0,340,-89
179.400,0,0,0,0,340,-89
179.406,0,0,0,0,340,-89
179.432,0,0,0,0,340,-89
179.448,0,0,0,0,340,-90
179.464,0,0,0,0,340,-90
179.480,0,0,0,0,340,-90
179.493,0,0,0,0,340,-90
179.505,0,0,0,0,340,-90
179.525,0,0,0,0,340,-90
179.542,0,0,0,0,340,-90
179.555,0,0,0,0,340,-90
179.571,0,0,0,0,340,-90
179.587,0,0,0,0,340,-90
179.603,0,0,0,0,340,-90
179.618,0,0,0,0,340,-90
179.634,0,0,0,0,340,-90
179.650,0,0,0,0,340,-90
179.666,0,0,0,0,340,-90
179.682,0,0,0,0,340,-90
179.698,0,0,0,0,340,-90
179.714,0,0,0,0,340,-90
179.730,0,0,0,0,340,-90
179.746,0,0,0,0,340,-90
179.764,0,0,0,0,340,-90
179.778,0,0,0,0,340,-90
179.794,0,0,0,0,340,-90
179.810,0,0,0,0,340,-90
179.827,0,0,0,0,340,-90
179.842,0,0,0,0,340,-90
179.858,0,0,0,0,340,-90
179.875,0,0,0,0,340,-90
179.891,0,0,0,0,340,-90
179.906,0,0,0,0,340,-90
179.922,0,0,0,0,340,-90
179.938,0,0,0,0,340,-90
179.954,0,0,0,0,340,-90
179.971,0,0,0,0,340,-90
179.987,0,0,0,0,340,-90
180.003,0,0,0,0,340,-90
180.015,0,0,0,0,340,-90
180.035,0,0,0,0,340,-90
180.041,0,0,0,0,340,-90
180.067,0,0,0,0,340,-90
180.083,0,0,0,0,340,-90
180.099,0,0,40,0,340,-89
180.115,0,0,40,0,340,-89
180.131,0,0,40,0,340,-89
180.147,0,0,40,0,340,-89
180.163,0,0,40,0,340,-89
180.179,0,0,40,0,340,-89
180.195,0,0,40,0,340,-89
180.206,0,0,40,0,340,-89
180.227,0,0,40,0,340,-89
180.243,0,0,40,0,340,-89
180.259,0,0,40,0,340,-89
180.275,0,0,40,0,340,-89
180.291,0,0,40,0,340,-89
180.307,0,0,40,0,340,-89
180.324,0,0,40,0,340,-90
180.340,0,0,40,0,340,-90
180.356,0,0,40,0,340,-90
180.372,0,0,40,0,340,-90
180.388,0,0,40,0,340,-90
180.403,0,0,40,0,340,-90
180.419,0,0,40,0,340,-90
180.436,0,0,40,0,340,-90
180.467,0,0,40,0,340,-90
180.483,0,0,40,0,340,-90
180.501,0,0,40,0,340,-90
180.515,0,0,40,0,340,-90
180.531,0,0,40,0,340,-90
180.546,0,0,40,0,340,-90
180.562,0,0,40,0,340,-90
180.578,0,0,40,0,340,-90
180.594,0,0,40,0,340,-90
180.610,0,0,40,0,340,-90
180.627,0,0,40,0,340,-90
180.642,0,0,40,0,340,-90
180.658,0,0,40,0,340,-90
180.674,0,0,40,0,340,-90
180.690,0,0,40,0,340,-90
180.706,0,0,40,0,340,-90
180.716,0,0,40,0,340,-90
180.738,0,0,40,0,340,-90
180.743,0,0,40,0,340,-90
180.754,0,0,40,0,340,-90
180.770,0,0,40,0,340,-90
180.775,0,0,40,0,340,-90
180.786,0,0,40,0,340,-90
180.802,0,0,40,0,340,-90
180.810,0,0,40,0,340,-90
180.834,0,0,40,0,340,-90
180.843,0,0,40,0,340,-90
180.866,0,0,40,0,340,-90
180.871,0,0,40,0,340,-90
180.882,0,0,40,0,350,-89
180.898,0,0,40,0,350,-89
180.903,0,0,40,0,350,-89
180.929,0,0,40,0,350,-89
180.946,0,0,40,0,350,-89
180.954,0,0,40,0,350,-89
180.978,0,0,40,0,350,-89
180.994,0,0,40,0,350,-89
181.010,0,0,40,0,350,-89
181.026,0,0,40,0,350,-89
181.037,0,0,40,0,350,-89
181.057,0,0,40,0,350,-89
181.068,0,0,40,0,350,-89
181.089,0,0,40,0,350,-89
181.105,0,0,40,0,350,-89
181.121,0,0,40,0,350,-89
181.137,0,0,40,0,350,-89
181.153,0,0,40,0,350,-89
181.169,0,0,40,0,350,-89
181.174,0,0,40,0,350,-89
181.185,0,0,40,0,350,-89
181.201,0,0,40,0,350,-89
181.206,0,0,40,0,350,-89
181.217,0,0,40,0,360,-89
181.233,0,0,40,0,360,-89
181.239,0,0,40,0,360,-89
181.249,0,0,40,0,360,-89
181.265,0,0,40,0,360,-89
181.276,0,0,40,0,360,-89
181.282,0,0,40,0,360,-89
181.296,0,0,40,0,360,-89
181.301,0,0,40,0,360,-89
181.312,0,0,40,0,360,-89
181.328,0,0,40,0,360,-89
181.340,0,0,40,0,360,-89
181.344,0,0,40,0,360,-89
181.360,0,0,40,0,360,-89
181.376,0,0,40,0,360,-89
181.388,0,0,40,0,360,-89
181.396,0,0,40,0,360,-89
181.424,0,0,40,0,360,-89
181.440,0,0,40,0,360,-89
181.452,0,0,40,0,360,-89
181.472,0,0,40,0,360,-89
181.488,0,0,40,0,360,-89
181.503,0,0,40,0,360,-89
181.519,0,0,40,0,360,-89
181.536,0,0,40,0,360,-89
181.552,0,0,40,0,370,-89
181.568,0,0,40,0,370,-89
181.576,0,0,40,0,370,-89
181.600,0,0,40,0,370,-89
181.616,0,0,40,0,370,-89
181.632,0,0,40,0,370,-89
181.648,0,0,40,0,370,-89
181.664,0,0,40,0,370,-89
181.673,0,0,40,0,370,-89
181.681,0,0,40,0,370,-89
181.697,0,0,40,0,370,-89
181.708,0,0,40,0,370,-89
181.713,0,0,40,0,370,-89
181.729,0,0,40,0,370,-89
181.734,0,0,40,0,370,-89
181.745,0,0,40,0,370,-89
181.761,0,0,40,0,370,-89
181.768,0,0,40,0,370,-89
181.776,0,0,40,0,370,-89
181.792,0,0,40,0,370,-89
181.798,0,0,40,0,370,-89
181.808,0,0,40,0,370,-89
181.824,0,0,40,0,370,-89
181.831,0,0,40,0,370,-89
181.843,0,0,40,0,370,-89
181.856,0,0,40,0,370,-89
181.872,0,0,40,0,370,-89
181.883,0,0,40,0,370,-89
181.904,0,0,40,0,380,-89
181.920,0,0,40,0,380,-89
181.927,0,0,40,0,380,-89
181.942,0,0,40,0,380,-89
181.952,0,0,40,0,380,-89
181.968,0,0,40,0,380,-89
181.977,0,0,40,0,380,-89
182.000,0,0,40,0,380,-89
182.016,0,0,40,0,380,-89
182.031,0,0,40,0,380,-89
182.047,0,0,40,0,380,-89
182.063,0,0,40,0,380,-89
182.079,0,0,40,0,380,-89
182.095,0,0,40,0,380,-89
182.111,0,0,40,0,380,-89
182.127,0,0,40,0,380,-89
182.132,0,0,40,0,380,-89
182.158,0,0,40,0,380,-89
182.163,0,0,40,0,380,-89
182.190,0,0,40,0,380,-89
182.195,0,0,40,0,380,-89
182.206,0,0,40,0,380,-89
182.222,0,0,40,0,380,-89
182.228,0,0,40,0,380,-89
182.238,0,0,40,0,380,-89
182.254,0,0,40,0,380,-89
182.261,0,0,40,0,380,-89
182.286,0,0,40,0,380,-89
182.291,0,0,40,0,380,-89
182.317,0,0,40,0,380,-89
182.323,0,0,40,0,380,-89
182.350,0,0,40,0,390,-90
182.366,0,0,40,0,390,-90
182.382,0,0,40,0,390,-90
182.398,0,0,40,0,390,-90
182.414,0,0,40,0,390,-90
182.432,0,0,40,0,390,-90
182.446,0,0,40,0,390,-90
182.462,0,0,40,0,390,-90
182.478,0,0,40,0,390,-90
182.490,0,0,40,0,390,-90
182.495,0,0,40,0,390,-90
182.510,0,0,40,0,390,-90
182.526,0,0,40,0,390,-90
182.542,0,0,40,0,390,-90
182.558,0,0,40,0,390,-90
182.574,0,0,40,0,390,-90
182.589,0,0,40,0,390,-90
182.597,0,0,40,0,390,-90
182.606,0,0,40,0,390,-90
182.622,0,0,40,0,390,-90
182.627,0,0,40,0,390,-90
182.638,0,0,40,0,390,-90
182.654,0,0,40,0,390,-90
182.659,0,0,40,0,390,-90
182.669,0,0,40,0,390,-90
182.685,0,0,40,0,390,-90
182.701,0,0,40,0,390,-90
182.717,0,0,40,0,390,-90
182.733,0,0,40,0,390,-90
182.745,0,0,40,0,390,-90
182.765,0,0,40,0,390,-90
182.781,0,0,40,0,400,-90
182.790,0,0,40,0,400,-90
182.813,0,0,40,0,400,-90
182.829,0,0,40,0,400,-90
182.845,0,0,40,0,400,-90
182.861,0,0,40,0,400,-90
182.872,0,0,40,0,400,-90
182.893,0,0,40,0,400,-89
182.909,0,0,40,0,400,-89
182.925,0,0,40,0,400,-89
182.941,0,0,40,0,400,-89
182.957,0,0,40,0,400,-89
182.973,0,0,40,0,400,-89
182.991,0,0,40,0,400,-89
183.006,0,0,40,0,400,-89
183.022,0,0,40,0,400,-89
183.026,0,0,40,0,400,-89
183.037,0,0,40,0,400,-89
183.053,0,0,40,0,400,-89
183.066,0,0,40,0,400,-89
183.086,0,0,40,0,400,-89
183.091,0,0,40,0,400,-89
183.102,0,0,40,0,400,-89
183.118,0,0,40,0,410,-90
183.123,0,0,40,0,410,-90
183.134,0,0,40,0,410,-90
183.150,0,0,40,0,410,-90
183.158,0,0,40,0,410,-90
183.166,0,0,40,0,410,-90
183.182,0,0,40,0,410,-90
183.188,0,0,40,0,410,-90
183.214,0,0,40,0,410,-90
183.220,0,0,40,0,410,-90
183.230,0,0,40,0,410,-90
183.247,0,0,40,0,410,-90
183.257,0,0,40,0,410,-90
183.279,0,0,40,0,410,-90
183.295,0,0,40,0,410,-90
183.311,0,0,40,0,410,-90
183.320,0,0,40,0,410,-90
183.343,0,0,40,0,410,-90
183.359,0,0,40,0,410,-90
183.375,0,0,40,0,410,-90
183.386,0,0,40,0,410,-90
183.407,0,0,40,0,410,-90
183.416,0,0,40,0,410,-90
183.439,0,0,40,0,410,-90
183.444,0,0,40,0,410,-90
183.471,0,0,40,0,410,-90
183.486,0,0,40,0,410,-90
183.502,0,0,40,0,410,-90
183.518,0,0,40,0,410,-90
183.535,0,0,40,0,410,-90
183.551,0,0,40,0,410,-90
183.568,0,0,40,0,420,-90
183.583,0,0,40,0,420,-90
183.599,0,0,40,0,420,-90
183.615,0,0,40,0,420,-90
183.620,0,0,40,0,420,-90
183.631,0,0,40,0,420,-90
183.647,0,0,40,0,420,-90
183.652,0,0,40,0,420,-90
183.663,0,0,40,0,420,-90
183.679,0,0,40,0,420,-90
183.684,0,0,40,0,420,-89
183.710,0,0,40,0,420,-89
183.727,0,0,40,0,420,-89
183.740,0,0,40,0,420,-89
183.749,0,0,40,0,420,-89
183.758,0,0,40,0,420,-89
183.774,0,0,40,0,420,-89
183.790,0,0,40,0,420,-89
183.805,0,0,40,0,420,-89
183.821,0,0,40,0,420,-89
183.838,0,0,40,0,420,-89
183.855,0,0,40,0,420,-89
183.870,0,0,40,0,420,-89
183.885,0,0,40,0,420,-89
183.902,0,0,40,0,420,-90
183.917,0,0,40,0,420,-90
183.934,0,0,40,0,420,-90
183.939,0,0,40,0,420,-90
183.951,0,0,40,0,420,-90
183.965,0,0,40,0,420,-90
183.981,0,0,40,0,420,-90
183.997,0,0,40,0,420,-90
184.013,0,0,40,0,430,-89
184.019,0,0,40,0,430,-89
184.029,0,0,40,0,430,-89
184.040,0,0,40,0,430,-89
184.062,0,0,40,0,430,-89
184.077,0,0,0,0,430,-89
184.093,0,0,0,0,430,-89
184.107,0,0,0,0,430,-89
184.120,0,0,0,0,430,-89
184.141,0,0,0,0,430,-89
184.156,0,0,0,0,430,-89
184.172,0,0,0,0,430,-89
184.189,0,0,0,0,430,-89
184.205,0,0,0,0,430,-89
184.221,0,0,0,0,430,-89
184.236,0,0,0,0,440,-89
184.252,0,0,0,0,440,-89
184.268,0,0,0,0,440,-89
184.284,0,0,0,0,440,-89
184.302,0,0,0,0,440,-89
184.316,0,0,0,0,440,-89
184.332,0,0,0,0,440,-89
184.344,0,0,0,0,440,-89
184.364,0,0,0,0,440,-90
184.380,0,0,0,0,440,-90
184.396,0,0,0,0,440,-90
184.412,0,0,0,0,440,-90
184.428,0,0,0,0,440,-90
184.445,0,0,0,0,440,-90
184.460,0,0,0,0,440,-89
184.476,0,0,0,0,440,-89
184.493,0,0,0,0,440,-89
184.508,0,0,0,0,440,-89
184.524,0,0,0,0,440,-89
184.540,0,0,0,0,440,-89
184.556,0,0,0,0,440,-89
184.574,0,0,0,0,440,-89
184.589,0,0,0,0,440,-89
184.605,0,0,0,0,440,-89
184.617,0,0,0,0,440,-89
184.636,0,0,0,0,440,-89
184.652,0,0,0,0,440,-89
184.658,0,0,0,0,440,-89
184.684,0,0,0,0,440,-89
184.699,-40,0,0,0,440,-89
184.717,-40,0,0,0,440,-89
184.731,-40,0,0,0,440,-89
184.747,-40,0,0,0,440,-89
184.763,-40,0,0,0,440,-89
184.779,-40,0,0,0,440,-89
184.795,-40,0,0,0,440,-89
184.811,-40,0,0,0,440,-89
184.829,-40,0,0,0,440,-89
184.843,-40,0,0,0,440,-89
184.860,-40,0,0,0,440,-89
184.875,-40,0,0,0,440,-89
184.891,-40,0,0,0,440,-89
184.907,-40,0,0,0,440,-89
184.923,-40,0,0,0,450,-89
184.939,-40,0,0,0,450,-89
184.955,-40,0,0,0,450,-89
184.971,-40,0,0,0,450,-89
184.986,-40,0,0,0,450,-89
185.002,-40,0,0,0,450,-89
185.018,-40,0,0,0,450,-89
185.035,-40,0,0,0,450,-89
185.051,-40,0,0,0,450,-89
185.067,-40,0,0,0,450,-89
185.083,-40,0,0,0,450,-89
185.099,-40,0,0,0,450,-89
185.115,-40,0,0,0,450,-89
185.131,-40,0,0,0,450,-89
185.147,-40,0,0,0,450,-89
185.163,-40,0,0,0,450,-89
185.180,-40,0,0,0,450,-89
185.195,-40,0,0,0,450,-89
185.211,-40,0,0,0,450,-89
185.216,-40,0,0,0,450,-89
185.228,-40,0,0,0,450,-89
185.243,-40,0,0,0,440,-89
185.248,-40,0,0,0,440,-89
185.259,-40,0,0,0,440,-89
185.275,-40,0,0,0,440,-89
185.280,-40,0,0,0,440,-89
185.291,-40,0,0,0,440,-89
185.306,-40,0,0,0,440,-89
185.312,-40,0,0,0,440,-89
185.338,-40,0,0,0,440,-89
185.343,-40,0,0,0,440,-89
185.370,-40,0,0,0,440,-89
185.380,-40,0,0,0,440,-89
185.401,-40,0,0,0,440,-89
185.417,-40,0,0,0,440,-89
185.432,-40,0,0,0,440,-89
185.445,-40,0,0,0,440,-89
185.450,-40,0,0,0,440,-89
185.464,-40,0,0,0,440,-89
185.477,-40,0,0,0,440,-89
185.496,-40,0,0,0,440,-89
185.510,-40,0,0,0,440,-89
185.527,-40,0,0,0,440,-89
185.543,-40,0,0,0,440,-89
185.549,-40,0,0,0,440,-89
185.575,-40,0,0,0,440,-89
185.587,-40,0,0,0,440,-89
185.607,-40,0,0,0,440,-89
185.612,-40,0,0,0,440,-89
185.623,-40,0,0,0,440,-89
185.639,-40,0,0,0,440,-89
185.646,-40,0,0,0,440,-89
185.655,-40,0,0,0,440,-89
185.667,-40,0,0,0,440,-89
185.687,-40,0,0,0,440,-89
185.703,-40,0,0,0,440,-89
185.709,-40,0,0,0,440,-89
185.719,-40,0,0,0,440,-89
185.735,-40,0,0,0,440,-89
185.748,-40,0,0,0,440,-89
185.752,-40,0,0,0,440,-89
185.767,-40,0,0,0,440,-89
185.778,-40,0,0,0,440,-89
185.785,-40,0,0,0,440,-89
185.797,-40,0,0,0,440,-89
185.815,-40,0,0,0,440,-89
185.831,-40,0,0,0,440,-89
185.847,-40,0,0,0,440,-89
185.863,-40,0,0,0,440,-89
185.874,-40,0,0,0,440,-89
185.895,-40,0,0,0,440,-89
185.911,-40,0,0,0,440,-89
185.927,-40,0,0,0,440,-89
185.943,-40,0,0,0,440,-89
185.959,-40,0,0,0,440,-89
185.975,-40,0,0,0,440,-89
185.984,0,0,0,0,440,-89
186.007,0,0,0,0,440,-89
186.023,0,0,0,0,440,-89
186.039,0,0,0,0,440,-89
186.055,0,0,0,0,440,-89
186.071,0,40,0,0,440,-89
186.081,0,40,0,0,440,-89
186.103,0,40,0,0,440,-89
186.118,0,40,0,0,440,-89
186.135,0,40,0,0,440,-89
186.150,0,40,0,0,440,-90
186.166,0,40,0,0,440,-90
186.182,0,40,0,0,440,-90
186.198,0,40,0,0,440,-90
186.214,0,40,0,0,440,-90
186.230,0,40,0,0,440,-90
186.246,0,40,0,0,440,-90
186.262,0,40,0,0,440,-90
186.278,0,40,0,0,440,-90
186.294,0,40,0,0,440,-90
186.310,0,40,0,0,440,-90
186.326,0,40,0,0,440,-90
186.342,0,40,0,0,440,-90
186.358,0,40,0,0,440,-90
186.373,0,40,0,0,440,-90
186.389,0,40,0,0,440,-90
186.405,0,40,0,0,440,-90
186.421,0,40,0,0,440,-90
186.437,0,40,0,0,440,-90
186.453,0,40,0,0,440,-90
186.469,0,40,0,0,440,-90
186.486,0,40,0,0,440,-90
186.501,0,40,0,0,440,-90
186.518,0,40,0,0,440,-90
186.533,0,40,0,0,440,-90
186.549,0,40,0,0,440,-90
186.565,0,40,0,0,440,-90
186.583,0,40,0,0,440,-90
186.588,0,40,0,0,440,-90
186.613,0,40,0,0,440,-90
186.629,0,40,0,0,440,-90
186.645,0,40,0,0,440,-90
186.662,0,40,0,0,440,-90
186.678,0,40,0,0,440,-90
186.687,0,40,0,0,440,-90
186.710,0,40,0,0,440,-90
186.726,0,40,0,0,440,-90
186.742,0,40,0,0,440,-90
186.758,0,40,0,0,440,-90
186.769,0,40,0,0,440,-90
186.790,0,40,0,0,440,-90
186.795,0,40,0,0,440,-90
186.822,0,40,0,0,440,-90
186.839,0,40,0,0,440,-90
186.856,0,40,0,0,440,-90
186.864,0,40,0,0,440,-90
186.887,0,40,0,0,440,-90
186.900,0,40,0,0,440,-90
186.919,0,40,0,0,440,-90
186.930,0,40,0,0,440,-90
186.935,0,40,0,0,440,-90
186.950,0,40,0,0,440,-90
186.956,0,40,0,0,440,-90
186.966,0,40,0,0,440,-90
186.982,0,40,0,0,440,-90
186.998,0,40,0,0,440,-90
187.014,0,40,0,0,440,-90
187.031,0,40,0,0,440,-90
187.045,0,40,0,0,440,-90
187.061,0,40,0,0,440,-90
187.077,0,40,0,0,440,-90
187.093,0,40,0,0,440,-90
187.108,0,40,0,0,440,-90
187.124,0,40,0,0,440,-90
187.141,0,40,0,0,440,-90
187.156,0,40,0,0,440,-90
187.161,0,40,0,0,440,-90
187.188,0,40,0,0,440,-90
187.204,0,40,0,0,440,-90
187.219,0,40,0,0,440,-90
187.236,0,40,0,0,440,-90
187.252,0,40,0,0,440,-90
187.268,0,40,0,0,440,-90
187.283,0,40,0,0,440,-90
187.289,0,40,0,0,440,-90
187.316,0,40,0,0,440,-90
187.327,0,40,0,0,440,-90
187.348,0,40,0,0,440,-90
187.353,0,40,0,0,440,-90
187.380,0,40,0,0,440,-90
187.385,0,40,0,0,440,-90
187.396,0,40,0,0,440,-90
187.412,0,40,0,0,440,-90
187.417,0,40,0,0,440,-90
187.428,0,40,0,0,440,-90
187.445,0,40,0,0,440,-90
187.461,0,40,0,0,440,-90
187.476,0,40,0,0,440,-90
187.492,0,40,0,0,440,-89
187.503,0,40,0,0,440,-89
187.524,0,40,0,0,440,-89
187.540,0,40,0,0,440,-89
187.556,0,40,0,0,440,-89
187.572,0,40,0,0,440,-89
187.584,0,40,0,0,440,-89
187.604,0,40,0,0,440,-89
187.620,0,40,0,0,440,-89
187.636,0,40,0,0,440,-89
187.652,0,40,0,0,440,-89
187.668,0,40,0,0,440,-89
187.684,0,40,0,0,440,-89
187.702,0,40,0,0,440,-89
187.715,0,40,0,0,440,-89
187.732,0,40,0,0,440,-89
187.747,0,40,0,0,440,-89
187.763,0,40,0,0,440,-89
187.779,0,40,0,0,440,-89
187.793,0,40,0,0,440,-89
187.803,0,40,0,0,440,-89
187.812,0,40,0,0,440,-89
187.816,0,40,0,0,440,-89
187.828,0,40,0,0,440,-89
187.844,0,40,0,0,440,-89
187.849,0,40,0,0,440,-89
187.860,0,40,0,0,440,-89
187.876,0,40,0,0,440,-89
187.884,0,40,0,0,440,-89
187.908,0,40,0,0,440,-89
187.924,0,40,0,0,440,-89
187.940,0,40,0,0,440,-89
187.956,0,40,0,0,440,-89
187.968,0,40,0,0,440,-89
187.987,0,40,0,0,440,-89
188.003,0,40,0,0,440,-89
188.019,0,40,0,0,440,-89
188.035,0,40,0,0,440,-89
188.051,0,40,0,0,440,-89
188.067,0,40,0,0,440,-89
188.072,0,40,0,0,440,-89
188.099,0,40,0,0,440,-89
188.115,0,40,0,0,440,-89
188.130,0,40,0,0,440,-89
188.146,0,40,0,0,440,-89
188.155,0,40,0,0,440,-89
188.178,0,40,0,0,440,-89
188.183,0,40,0,0,440,-89
188.193,0,40,0,0,440,-89
188.209,0,40,0,0,440,-89
188.214,0,40,0,0,440,-89
188.225,0,40,0,0,440,-89
188.241,0,40,0,0,440,-89
188.246,0,40,0,0,440,-89
188.257,0,40,0,0,440,-89
188.274,0,40,0,0,440,-89
188.278,0,40,0,0,440,-89
188.289,0,40,0,0,440,-89
188.305,0,40,0,0,440,-89
188.310,0,40,0,0,440,-89
188.321,0,40,0,0,440,-89
188.337,0,40,0,0,440,-89
188.353,0,40,0,0,440,-89
188.369,0,40,0,0,440,-89
188.385,0,40,0,0,440,-89
188.398,0,40,0,0,440,-89
188.403,0,40,0,0,440,-89
188.418,0,40,0,0,440,-89
188.434,0,40,0,0,440,-89
188.442,0,40,0,0,440,-89
188.449,0,40,0,0,440,-89
188.464,0,40,0,0,440,-89
188.471,0,40,0,0,440,-89
188.496,0,40,0,0,440,-89
188.512,0,40,0,0,440,-89
188.528,0,40,0,0,440,-89
188.544,0,40,0,0,440,-89
188.560,0,40,0,0,440,-89
188.576,0,40,0,0,440,-89
188.592,0,40,0,0,440,-89
188.599,0,40,0,0,440,-89
188.610,0,40,0,0,440,-89
188.624,0,40,0,0,440,-89
188.640,0,40,0,0,440,-89
188.645,0,40,0,0,440,-89
188.656,0,40,0,0,440,-89
188.672,0,40,0,0,440,-89
188.678,0,40,0,0,440,-89
188.688,0,40,0,0,440,-89
188.704,0,40,0,0,440,-89
188.710,0,40,0,0,440,-89
188.736,0,40,0,0,440,-89
188.741,0,40,0,0,440,-89
188.751,0,40,0,0,440,-89
188.767,0,40,0,0,440,-89
188.772,0,40,0,0,440,-89
188.799,0,40,0,0,440,-89
188.815,0,40,0,0,440,-89
188.831,0,40,0,0,440,-89
188.842,0,40,0,0,440,-89
188.863,0,40,0,0,440,-89
188.878,0,40,0,0,440,-89
188.891,0,40,0,0,440,-89
188.910,0,40,0,0,440,-89
188.926,0,40,0,0,440,-89
188.942,0,40,0,0,440,-89
188.958,0,40,0,0,440,-89
188.974,0,40,0,0,440,-89
188.990,0,40,0,0,440,-89
189.006,0,40,0,0,440,-89
189.022,0,40,0,0,440,-89
189.038,0,40,0,0,440,-89
189.043,0,40,0,0,440,-89
189.053,0,40,0,0,440,-89
189.069,0,40,0,0,440,-89
189.075,0,40,0,0,440,-89
189.101,0,40,0,0,440,-89
189.106,0,40,0,0,440,-89
189.117,0,40,0,0,440,-89
189.132,0,40,0,0,440,-89
189.148,0,40,0,0,440,-89
189.165,0,40,0,0,440,-89
189.170,0,40,0,0,440,-89
189.180,0,40,0,0,440,-89
189.196,0,40,0,0,440,-89
189.212,0,40,0,0,440,-89
189.217,0,40,0,0,440,-89
189.244,0,40,0,0,440,-89
189.258,0,40,0,0,440,-89
189.267,0,40,0,0,440,-89
189.276,0,40,0,0,440,-89
189.292,0,40,0,0,440,-89
189.301,0,40,0,0,440,-89
189.324,0,40,0,0,440,-89
189.340,0,40,0,0,440,-89
189.358,0,40,0,0,440,-89
189.363,0,40,0,0,440,-89
189.387,0,40,0,0,440,-89
189.403,0,40,0,0,440,-89
189.419,0,40,0,0,440,-89
189.435,0,40,0,0,440,-89
189.441,0,40,0,0,440,-89
189.451,0,40,0,0,440,-89
189.467,0,40,0,0,440,-89
189.472,0,40,0,0,440,-89
189.483,0,40,0,0,440,-89
189.498,0,40,0,0,440,-89
189.503,0,40,0,0,440,-89
189.530,0,40,0,0,440,-89
189.536,0,40,0,0,440,-89
189.562,0,40,0,0,440,-89
189.578,0,40,0,0,440,-89
189.594,0,40,0,0,430,-89
189.600,0,40,0,0,430,-89
189.611,0,40,0,0,430,-89
189.642,0,40,0,0,430,-89
189.658,0,40,0,0,430,-89
189.663,0,40,0,0,430,-89
189.690,0,40,0,0,430,-89
189.706,0,40,0,0,430,-89
189.723,0,40,0,0,430,-89
189.738,0,40,0,0,430,-89
189.754,0,40,0,0,430,-89
189.764,0,40,0,0,430,-89
189.786,0,40,0,0,430,-89
189.802,0,40,0,0,430,-89
189.818,0,40,0,0,430,-89
189.834,0,40,0,0,430,-89
189.850,0,40,0,0,430,-89
189.864,0,40,0,0,430,-89
189.874,0,40,0,0,430,-89
189.883,0,40,0,0,430,-89
189.899,0,40,0,0,430,-89
189.914,0,40,0,0,430,-89
189.931,0,40,0,0,430,-89
189.941,0,40,0,0,430,-89
189.963,0,40,0,0,430,-89
189.974,0,40,0,0,430,-89
189.979,0,40,0,0,430,-89
189.994,0,40,0,0,430,-89
190.006,0,40,0,0,430,-89
190.027,0,40,0,0,430,-89
190.032,0,40,0,0,430,-89
190.042,0,40,0,0,430,-89
190.059,0,40,0,0,440,-90
190.069,0,40,0,0,440,-90
190.089,0,40,0,0,440,-90
190.105,0,40,0,0,440,-90
190.121,0,40,0,0,440,-90
190.127,0,40,0,0,440,-90
190.136,0,40,0,0,440,-90
190.152,0,40,0,0,440,-90
190.168,0,40,0,0,440,-90
190.184,0,40,0,0,440,-90
190.200,0,40,0,0,440,-90
190.212,0,40,0,0,440,-90
190.232,0,40,0,0,440,-90
190.237,0,40,0,0,440,-90
190.264,0,40,0,0,440,-90
190.276,0,40,0,0,440,-90
190.296,0,40,0,0,440,-90
190.312,0,40,0,0,440,-90
190.328,0,40,0,0,440,-90
190.344,0,40,0,0,440,-90
190.360,0,40,0,0,440,-90
190.371,0,40,0,0,440,-90
190.392,0,40,0,0,450,-90
190.397,0,40,0,0,450,-90
190.408,0,40,0,0,450,-90
190.424,0,40,0,0,450,-90
190.430,0,40,0,0,450,-90
190.440,0,40,0,0,450,-90
190.456,0,40,0,0,450,-90
190.462,0,40,0,0,450,-90
190.472,0,40,0,0,450,-90
190.488,0,40,0,0,450,-90
190.497,0,40,0,0,460,-90
190.520,0,40,0,0,460,-90
190.535,0,40,0,0,460,-90
190.551,0,40,0,0,460,-90
190.564,0,40,0,0,460,-90
190.583,0,40,0,0,460,-90
190.593,0,40,0,0,460,-90
190.615,0,40,0,0,460,-90
190.631,0,40,0,0,460,-90
190.647,0,40,0,0,460,-90
190.662,0,40,0,0,460,-90
190.678,0,40,0,0,460,-90
190.691,0,40,0,0,460,-90
190.711,0,40,0,0,470,-90
190.727,0,40,0,0,470,-90
190.742,0,40,0,0,470,-90
190.758,0,40,0,0,470,-90
190.774,0,40,0,0,470,-90
190.791,0,40,0,0,470,-90
190.803,0,40,0,0,470,-90
190.808,0,40,0,0,470,-90
190.822,0,40,0,0,470,-90
190.828,0,40,0,0,470,-90
190.837,0,40,0,0,470,-90
190.853,0,40,0,0,470,-90
190.858,0,40,0,0,470,-90
190.885,0,40,0,0,470,-90
190.890,0,40,0,0,470,-90
190.917,0,40,0,0,470,-90
190.933,0,40,0,0,470,-89
190.949,0,40,0,0,470,-89
190.965,0,40,0,0,470,-89
190.981,0,40,0,0,470,-89
190.992,0,40,0,0,470,-89
191.012,0,40,0,0,470,-89
191.029,0,40,0,0,470,-89
191.040,0,40,0,0,470,-89
191.061,0,40,0,0,470,-89
191.070,0,40,0,0,470,-89
191.092,0,40,0,0,470,-89
191.108,0,40,0,0,470,-89
191.124,0,40,0,0,470,-89
191.140,0,40,0,0,470,-89
191.156,0,40,0,0,470,-89
191.172,0,40,0,0,470,-89
191.188,0,40,0,0,470,-89
191.204,0,40,0,0,470,-89
191.219,0,40,0,0,470,-89
191.225,0,40,0,0,470,-89
191.251,0,40,0,0,470,-89
191.257,0,40,0,0,470,-89
191.267,0,40,0,0,470,-89
191.283,0,40,0,0,470,-89
191.288,0,40,0,0,470,-89
191.299,0,40,0,0,470,-89
191.315,0,40,0,0,470,-89
191.331,0,40,0,0,470,-89
191.346,0,40,0,0,470,-89
191.362,0,40,0,0,470,-89
191.378,0,40,0,0,470,-90
191.395,0,40,0,0,470,-90
191.410,0,40,0,0,470,-90
191.426,0,40,0,0,470,-90
191.443,0,40,0,0,470,-90
191.458,0,40,0,0,470,-90
191.474,0,40,0,0,470,-90
191.485,0,40,0,0,470,-90
191.507,0,40,0,0,470,-90
191.523,0,40,0,0,470,-90
191.538,0,40,0,0,470,-90
191.554,0,40,0,0,470,-90
191.570,0,40,0,0,470,-90
191.586,0,40,0,0,470,-90
191.602,0,40,0,0,470,-90
191.618,0,40,0,0,470,-90
191.631,0,40,0,0,470,-90
191.650,0,40,0,0,470,-90
191.655,0,40,0,0,470,-90
191.666,0,40,0,0,470,-90
191.681,0,40,0,0,470,-90
191.687,0,40,0,0,470,-90
191.697,0,40,0,0,470,-90
191.713,0,40,0,0,470,-90
191.718,0,40,0,0,460,-90
191.729,0,40,0,0,460,-90
191.745,0,40,0,0,460,-90
191.751,0,40,0,0,460,-90
191.761,0,40,0,0,460,-90
191.777,0,40,0,0,460,-90
191.789,0,40,0,0,460,-90
191.799,0,40,0,0,460,-90
191.808,0,40,0,0,460,-90
191.824,0,40,0,0,460,-90
191.840,0,40,0,0,460,-90
191.856,0,40,0,0,460,-90
191.872,0,40,0,0,460,-90
191.877,0,40,0,0,460,-90
191.887,0,40,0,0,460,-90
191.903,0,40,0,0,460,-90
191.919,0,40,0,0,460,-90
191.937,0,40,0,0,460,-90
191.947,0,40,0,0,460,-90
191.967,0,40,0,0,460,-90
191.983,0,40,0,0,460,-90
192.000,0,40,0,0,460,-90
192.015,0,40,0,0,460,-90
192.024,0,40,0,0,460,-90
192.048,0,40,0,0,460,-89
192.064,0,40,0,0,460,-89
192.079,0,40,0,0,460,-89
192.084,0,40,0,0,460,-89
192.097,0,40,0,0,460,-89
192.112,0,40,0,0,460,-89
192.119,0,40,0,0,460,-89
192.128,0,40,0,0,460,-89
192.144,0,40,0,0,460,-89
192.151,0,40,0,0,460,-89
192.160,0,40,0,0,460,-89
192.176,0,40,0,0,460,-89
192.182,0,40,0,0,460,-89
192.192,0,40,0,0,460,-89
192.207,0,40,0,0,460,-89
192.220,0,40,0,0,460,-89
192.232,0,40,0,0,460,-89
192.256,0,40,0,0,460,-89
192.272,0,40,0,0,460,-89
192.288,0,40,0,0,460,-89
192.304,0,40,0,0,460,-89
192.320,0,40,0,0,460,-89
192.336,0,40,0,0,460,-89
192.351,0,40,0,0,460,-89
192.367,0,40,0,0,460,-89
192.385,0,40,0,0,460,-89
192.399,0,40,0,0,460,-89
192.411,0,40,0,0,460,-89
192.431,0,40,0,0,460,-89
192.447,0,40,0,0,460,-89
192.463,0,40,0,0,460,-89
192.479,0,40,0,0,460,-89
192.495,0,40,0,0,450,-89
192.513,0,40,0,0,450,-89
192.517,0,40,0,0,450,-89
192.527,0,40,0,0,450,-89
192.542,0,40,0,0,450,-89
192.548,0,40,0,0,450,-89
192.558,0,40,0,0,450,-89
192.574,0,40,0,0,450,-89
192.581,0,40,0,0,450,-89
192.590,0,40,0,0,450,-89
192.606,0,40,0,0,450,-89
192.620,0,40,0,0,450,-89
192.633,0,40,0,0,450,-89
192.638,0,40,0,0,450,-89
192.654,0,40,0,0,450,-89
192.670,0,40,0,0,450,-89
192.686,0,40,0,0,450,-89
192.702,0,40,0,0,450,-89
192.721,0,40,0,0,450,-89
192.735,0,40,0,0,450,-89
192.751,0,40,0,0,450,-89
192.769,0,40,0,0,450,-89
192.784,0,40,0,0,450,-89
192.799,0,40,0,0,450,-89
192.806,0,40,0,0,450,-89
192.823,0,40,0,0,450,-89
192.831,0,40,0,0,450,-89
192.839,0,40,0,0,450,-90
192.863,0,40,0,0,450,-90
192.878,0,40,0,0,450,-90
192.895,0,40,0,0,450,-90
192.910,0,40,0,0,450,-90
192.926,0,40,0,0,450,-90
192.943,0,40,0,0,450,-90
192.958,0,40,0,0,450,-90
192.974,0,40,0,0,450,-90
192.990,0,40,0,0,450,-90
193.025,0,40,0,0,450,-90
193.037,0,40,0,0,450,-90
193.054,0,40,0,0,440,-90
193.070,0,40,0,0,440,-90
193.075,0,40,0,0,440,-90
193.085,0,40,0,0,440,-90
193.101,0,40,0,0,440,-90
193.117,0,40,0,0,440,-90
193.133,0,40,0,0,440,-90
193.140,0,40,0,0,440,-90
193.149,0,40,0,0,440,-90
193.165,0,40,0,0,440,-90
193.181,0,40,0,0,440,-90
193.196,0,40,0,0,440,-90
193.213,0,40,0,0,440,-90
193.228,0,40,0,0,440,-90
193.244,0,40,0,0,440,-90
193.260,0,40,0,0,440,-90
193.272,0,40,0,0,440,-90
193.292,0,40,0,0,440,-90
193.308,0,40,0,0,440,-90
193.324,0,40,0,0,440,-90
193.341,0,40,0,0,440,-90
193.356,0,40,0,0,440,-90
193.372,0,40,0,0,440,-90
193.388,0,40,0,0,440,-90
193.406,0,40,0,0,440,-90
193.421,0,40,0,0,440,-90
193.438,0,40,0,0,440,-90
193.453,0,40,0,0,440,-90
193.468,0,40,0,0,440,-90
193.478,0,40,0,0,440,-90
193.497,0,40,0,0,440,-90
193.510,0,40,0,0,450,-90
193.532,0,40,0,0,450,-90
193.537,0,40,0,0,450,-90
193.548,0,40,0,0,450,-90
193.564,0,40,0,0,450,-90
193.580,0,40,0,0,450,-90
193.597,0,40,0,0,450,-90
193.602,0,40,0,0,450,-90
193.615,0,40,0,0,450,-90
193.628,0,40,0,0,450,-90
193.644,0,40,0,0,450,-90
193.660,0,40,0,0,450,-90
193.676,0,40,0,0,450,-90
193.694,0,40,0,0,450,-90
193.708,0,40,0,0,450,-90
193.723,0,40,0,0,450,-90
193.741,0,40,0,0,450,-90
193.771,0,40,0,0,450,-90
193.784,0,40,0,0,450,-90
193.803,0,40,0,0,450,-90
193.819,0,40,0,0,450,-90
193.838,0,40,0,0,450,-90
193.853,0,40,0,0,450,-90
193.867,0,40,0,0,450,-90
193.883,0,40,0,0,450,-90
193.898,0,40,0,0,450,-90
193.906,0,40,0,0,450,-90
193.914,0,40,0,0,450,-90
193.932,0,40,0,0,450,-90
193.937,0,40,0,0,450,-90
193.947,0,40,0,0,450,-90
193.961,0,40,0,0,450,-90
193.977,0,40,0,0,450,-90
193.997,0,40,0,0,450,-90
194.010,0,40,0,0,450,-90
194.023,0,40,0,0,450,-90
194.040,0,40,0,0,450,-90
194.056,0,40,0,0,450,-90
194.072,0,40,0,0,450,-90
194.088,0,40,0,0,450,-90
194.104,0,40,0,0,450,-90
194.120,0,40,0,0,450,-90
194.136,0,40,0,0,450,-90
194.152,0,40,0,0,450,-90
194.170,0,40,0,0,450,-90
194.186,0,40,0,0,450,-90
194.200,0,40,0,0,450,-90
194.217,0,40,0,0,450,-90
194.236,0,40,0,0,450,-90
194.253,0,40,0,0,450,-90
194.267,0,40,0,0,450,-90
194.279,0,40,0,0,450,-90
194.295,0,40,0,0,460,-90
194.300,0,40,0,0,460,-90
194.311,0,40,0,0,460,-90
194.327,0,40,0,0,460,-90
194.333,0,40,0,0,460,-90
194.343,0,40,0,0,460,-90
194.359,0,40,0,0,460,-90
194.365,0,40,0,0,460,-90
194.375,0,40,0,0,460,-90
194.391,0,40,0,0,460,-90
194.407,0,40,0,0,460,-90
194.422,0,40,0,0,460,-90
194.438,0,40,0,0,460,-90
194.458,0,40,0,0,460,-90
194.474,0,40,0,0,460,-90
194.489,0,40,0,0,460,-90
194.500,0,40,0,0,460,-90
194.506,0,40,0,0,450,-90
194.517,0,40,0,0,450,-90
194.533,0,40,0,0,450,-90
194.550,0,40,0,0,450,-90
194.565,0,40,0,0,450,-90
194.581,0,40,0,0,450,-90
194.599,0,40,0,0,450,-90
194.613,0,40,0,0,450,-90
194.629,0,40,0,0,450,-90
194.634,0,40,0,0,450,-90
194.648,0,40,0,0,450,-90
194.667,0,40,0,0,450,-90
194.693,0,40,0,0,450,-90
194.698,0,40,0,0,450,-90
194.709,0,40,0,0,450,-90
194.725,0,40,0,0,450,-90
194.732,0,40,0,0,450,-90
194.741,0,40,0,0,450,-90
194.757,0,40,0,0,450,-90
194.763,0,40,0,0,450,-90
194.773,0,40,0,0,450,-90
194.790,0,40,0,0,450,-90
194.795,0,40,0,0,450,-90
194.804,0,40,0,0,450,-90
194.820,0,40,0,0,450,-90
194.825,0,0,0,0,450,-90
194.852,0,0,0,0,440,-90
194.868,0,0,0,0,440,-90
194.884,0,0,0,0,440,-90
194.900,0,0,0,0,440,-90
194.918,0,0,0,0,440,-90
194.932,0,0,0,0,440,-90
194.947,0,0,0,0,440,-90
194.963,0,0,0,0,440,-90
194.979,0,0,0,0,440,-90
194.997,0,0,0,0,440,-90
195.012,0,0,0,0,440,-90
195.030,0,0,0,0,440,-90
195.059,0,0,0,0,440,-90
195.075,0,0,0,0,440,-90
195.091,0,0,0,0,440,-90
195.107,0,0,0,0,440,-90
195.123,0,0,0,0,440,-90
195.139,0,0,0,0,440,-90
195.155,0,0,0,0,440,-90
195.171,0,0,0,0,440,-90
195.187,0,0,0,0,440,-90
195.203,0,0,0,0,440,-90
195.217,0,0,0,0,440,-90
195.234,0,0,0,0,440,-90
195.250,0,0,0,0,440,-90
195.266,0,0,0,0,440,-90
195.282,0,0,0,0,440,-90
195.298,0,0,0,0,440,-90
195.314,0,0,0,0,440,-90
195.330,0,0,0,0,440,-90
195.346,0,0,0,0,440,-90
195.362,0,0,0,0,440,-90
195.380,0,0,0,0,440,-90
195.396,0,0,0,0,440,-90
195.409,0,0,0,0,440,-90
195.427,0,0,0,0,440,-90
195.443,0,0,0,0,440,-90
195.457,0,0,0,0,440,-90
195.473,0,0,0,0,440,-90
195.489,0,0,0,0,440,-90
195.505,0,0,0,0,430,-90
195.521,0,0,0,0,430,-90
195.537,0,0,0,0,430,-90
195.555,0,0,0,0,430,-90
195.569,0,0,0,40,430,-90
195.576,0,0,0,40,430,-90
195.585,0,0,0,40,430,-90
195.601,0,0,0,40,430,-90
195.618,0,0,0,40,430,-90
195.633,0,0,0,40,430,-89
195.649,0,0,0,40,430,-89
195.665,0,0,0,40,430,-89
195.681,0,0,0,40,430,-89
195.697,0,0,0,40,430,-89
195.713,0,0,0,40,430,-89
195.729,0,0,0,40,430,-90
195.745,0,0,0,40,430,-90
195.761,0,0,0,40,430,-90
195.777,0,0,0,40,430,-90
195.793,0,0,0,40,430,-90
195.809,0,0,0,40,430,-90
195.825,0,0,0,40,430,-90
195.841,0,0,0,40,430,-89
195.857,0,0,0,40,430,-89
195.873,0,0,0,40,430,-89
195.889,0,0,0,40,430,-89
195.905,0,0,0,40,430,-89
195.921,0,0,0,40,430,-89
195.938,0,0,0,40,430,-89
195.953,0,0,0,40,430,-89
195.970,0,0,0,40,430,-89
195.986,0,0,0,40,430,-89
196.002,0,0,0,40,430,-89
196.017,0,0,0,40,430,-89
196.033,0,0,0,40,430,-89
196.049,0,0,0,40,430,-89
196.064,0,0,0,40,430,-85
196.080,0,0,0,40,430,-85
196.085,0,0,0,40,430,-85
196.095,0,0,0,40,430,-85
196.111,0,0,0,40,430,-85
196.127,0,0,0,0,430,-85
196.143,0,0,0,0,430,-85
196.159,0,0,0,0,430,-85
196.174,0,0,0,0,430,-83
196.190,0,0,0,0,430,-83
196.206,0,0,0,0,430,-83
196.223,0,0,0,0,430,-83
196.237,0,0,0,0,430,-83
196.253,0,0,0,0,430,-83
196.269,0,0,0,0,430,-83
196.285,0,0,0,0,430,-80
196.301,0,0,0,0,430,-80
196.317,0,0,0,0,430,-80
196.333,0,0,0,0,430,-80
196.348,0,0,0,0,430,-80
196.364,0,0,0,0,430,-80
196.380,0,0,0,0,430,-80
196.396,0,0,0,0,430,-78
196.412,0,0,0,40,430,-78
196.428,0,0,0,40,430,-78
196.443,0,0,0,40,430,-78
196.459,0,0,0,40,430,-78
196.475,0,0,0,40,430,-78
196.491,0,0,0,40,430,-78
196.507,0,0,0,40,430,-78
196.523,0,0,0,40,440,-78
196.539,0,0,0,40,440,-78
196.554,0,0,0,40,440,-78
196.570,0,0,0,40,440,-78
196.574,0,0,0,40,440,-78
196.602,0,0,0,40,440,-78
196.618,0,0,0,40,440,-78
196.634,0,0,0,40,440,-78
196.649,0,0,0,40,440,-78
196.666,0,0,0,40,440,-78
196.682,0,0,0,0,440,-78
196.687,0,0,0,0,440,-78
196.713,0,0,0,0,440,-78
196.729,0,0,0,0,440,-73
196.734,0,0,0,0,440,-73
196.761,0,0,0,0,440,-73
196.777,0,0,0,0,440,-73
196.793,0,0,0,0,440,-73
196.809,0,0,0,0,440,-73
196.824,0,0,0,0,440,-73
196.841,0,0,0,0,440,-72
196.857,0,0,0,0,440,-72
196.872,0,0,0,0,440,-72
196.888,0,0,0,0,440,-72
196.904,0,0,0,0,440,-72
196.920,0,0,0,0,440,-72
196.936,0,0,0,0,440,-72
196.953,0,0,0,0,440,-72
196.968,0,0,0,0,440,-72
196.984,0,0,0,0,440,-72
197.000,0,0,0,0,440,-72
197.015,0,0,0,0,440,-72
197.028,0,0,0,0,440,-72
197.047,0,0,0,0,440,-72
197.063,0,0,0,0,440,-72
197.079,0,0,0,0,440,-72
197.095,0,0,0,0,440,-72
197.111,0,0,0,0,440,-72
197.128,-40,0,0,0,440,-72
197.139,-40,0,0,0,440,-72
197.158,-40,0,0,0,440,-72
197.174,-40,0,0,0,440,-72
197.190,-40,0,0,0,440,-72
197.206,-40,0,0,0,440,-72
197.222,-40,0,0,0,440,-72
197.238,-40,0,0,0,440,-72
197.254,-40,0,0,0,440,-72
197.270,-40,0,0,0,440,-72
197.286,-40,0,0,0,440,-72
197.302,-40,0,0,0,440,-72
197.318,-40,0,0,0,440,-72
197.334,-40,0,0,0,440,-72
197.345,-40,0,0,0,440,-72
197.366,-40,0,0,0,440,-72
197.382,-40,0,0,0,440,-72
197.398,-40,0,0,0,440,-72
197.414,-40,0,0,0,440,-72
197.426,-40,0,0,0,440,-72
197.445,-40,0,0,0,440,-72
197.461,-40,0,0,0,440,-72
197.477,-40,0,0,0,440,-72
197.493,-40,0,0,0,440,-72
197.509,-40,0,0,0,440,-72
197.525,-40,0,0,0,440,-72
197.541,-40,0,0,0,440,-72
197.556,-40,0,0,0,440,-72
197.573,-40,0,0,0,440,-72
197.588,-40,0,0,0,440,-72
197.597,-40,0,0,0,440,-72
197.619,-40,0,0,0,440,-72
197.635,-40,0,0,0,440,-72
197.651,-40,0,0,0,440,-72
197.663,-40,0,0,0,440,-72
197.674,-40,0,0,0,440,-72
197.683,-40,0,0,0,440,-72
197.699,-40,0,0,0,440,-72
197.711,-40,0,0,0,440,-72
197.730,-40,0,0,0,440,-72
197.736,-40,0,0,0,440,-72
197.746,-40,0,0,0,440,-72
197.762,-40,0,0,0,440,-72
197.767,-40,0,0,0,440,-72
197.793,-40,0,0,0,440,-72
197.798,-40,0,0,0,440,-72
197.825,-40,0,0,0,440,-72
197.830,-40,0,0,0,440,-72
197.840,-40,0,0,0,440,-72
197.856,-40,0,0,0,440,-72
197.862,-40,0,0,0,440,-72
197.888,-40,0,0,0,440,-72
197.905,-40,0,0,0,440,-72
197.914,-40,0,0,0,440,-72
197.935,-40,0,0,0,440,-72
197.953,-40,0,0,0,440,-72
197.967,-40,0,0,0,440,-72
197.983,-40,0,0,0,440,-72
197.996,-40,0,0,0,440,-72
198.000,-40,0,0,0,440,-72
198.014,-40,0,0,0,440,-72
198.030,-40,0,0,0,440,-72
198.045,-40,0,0,0,440,-72
198.077,-40,0,0,0,440,-72
198.089,-40,0,0,0,440,-72
198.108,-40,0,0,0,440,-72
198.122,-40,0,0,0,440,-72
198.127,-40,0,0,0,440,-72
198.156,-40,0,0,0,440,-72
198.167,-40,0,0,0,440,-72
198.172,-40,0,0,0,440,-72
198.188,-40,0,0,0,440,-72
198.204,-40,0,0,0,440,-72
198.220,-40,0,0,0,440,-72
198.231,-40,0,0,0,440,-72
198.245,-40,0,0,0,440,-72
198.267,-40,0,0,0,440,-72
198.282,-40,0,0,0,440,-72
198.298,-40,0,0,0,440,-72
198.314,-40,0,0,0,440,-72
198.330,-40,0,0,0,440,-72
198.346,-40,0,0,0,440,-72
198.361,-40,0,0,0,440,-72
198.378,-40,0,0,0,440,-72
198.393,-40,0,0,0,440,-72
198.398,-40,0,0,0,440,-72
198.425,-40,0,0,0,440,-72
198.430,-40,0,0,0,440,-72
198.441,-40,0,0,0,440,-72
198.457,-40,0,0,0,440,-72
198.462,-40,0,0,0,440,-72
198.489,-40,0,0,0,440,-72
198.494,-40,0,0,0,440,-72
198.505,-40,0,0,0,440,-72
198.521,-40,0,0,0,440,-72
198.526,-40,0,0,0,440,-72
198.536,-40,0,0,0,440,-72
198.552,-40,0,0,0,440,-72
198.567,-40,0,0,0,440,-72
198.583,-40,0,0,0,440,-72
198.599,-40,0,0,0,440,-72
198.615,-40,0,0,0,440,-72
198.630,-40,0,0,0,440,-72
198.646,-40,0,0,0,440,-72
198.662,-40,0,0,0,440,-72
198.673,-40,0,0,0,440,-72
198.694,-40,0,0,0,440,-72
198.710,-40,0,0,0,440,-72
198.726,-40,0,0,0,440,-72
198.742,-40,0,0,0,440,-72
198.758,-40,0,0,0,440,-72
198.769,-40,0,0,0,440,-72
198.774,-40,0,0,0,440,-72
198.790,-40,0,0,0,440,-72
198.797,-40,0,0,0,440,-72
198.806,-40,0,0,0,440,-72
198.819,-40,0,0,0,440,-72
198.823,-40,0,0,0,440,-72
198.838,-40,0,0,0,440,-72
198.853,-40,0,0,0,440,-72
198.858,-40,0,0,0,440,-72
198.869,-40,0,0,0,440,-72
198.881,-40,0,0,0,440,-72
198.900,-40,0,0,0,440,-72
198.916,-40,0,0,0,440,-72
198.931,-40,0,0,0,440,-72
198.947,-40,0,0,0,440,-72
198.959,-40,0,0,0,440,-72
198.964,-40,0,0,0,440,-72
198.995,-40,0,0,0,440,-72
199.011,-40,0,0,0,440,-72
199.028,-40,0,0,0,440,-72
199.042,-40,0,0,0,440,-72
199.058,-40,0,0,0,440,-72
199.074,-40,0,0,0,440,-72
199.090,-40,0,0,0,440,-72
199.105,-40,0,0,0,440,-72
199.123,-40,0,0,0,440,-72
199.137,-40,0,0,0,440,-72
199.149,-40,0,0,0,440,-72
199.165,-40,0,0,0,440,-72
199.178,-40,0,0,0,440,-72
199.188,-40,0,0,0,440,-72
199.212,-40,0,0,0,440,-72
199.226,-40,0,0,0,440,-72
199.231,-40,0,0,0,440,-72
199.248,-40,0,0,0,440,-72
199.262,-40,0,0,0,440,-72
199.275,-40,0,0,0,440,-72
199.289,-40,0,0,0,440,-72
199.305,-40,0,0,0,440,-72
199.314,-40,0,0,0,440,-72
199.330,-40,0,0,0,440,-72
199.346,-40,0,0,0,440,-72
199.361,-40,0,0,0,440,-72
199.373,-40,0,0,0,440,-72
199.394,-40,0,0,0,440,-72
199.406,-40,0,0,0,440,-72
199.425,-40,0,0,0,440,-72
199.441,-40,0,0,0,440,-72
199.457,-40,0,0,0,440,-72
199.468,-40,0,0,0,440,-72
199.490,-40,0,0,0,440,-72
199.501,-40,0,0,0,450,-72
199.521,-40,0,0,0,450,-72
199.537,-40,0,0,0,450,-72
199.552,-40,0,0,0,450,-72
199.569,-40,0,0,0,450,-72
199.584,-40,0,0,0,450,-72
199.616,-40,0,0,0,450,-72
199.620,-40,0,0,0,450,-72
199.631,-40,0,0,0,450,-72
199.647,-40,0,0,0,450,-72
199.657,-40,0,0,0,450,-72
199.678,-40,0,0,0,450,-72
199.694,-40,0,0,0,450,-72
199.710,-40,0,0,0,450,-72
199.726,-40,0,0,0,450,-72
199.731,-40,0,0,0,450,-72
199.757,-40,0,0,0,450,-72
199.774,-40,0,0,0,450,-72
199.788,-40,0,0,0,450,-72
199.804,-40,0,0,0,450,-72
199.820,-40,0,0,0,450,-72
199.836,-40,0,0,0,450,-72
199.852,-40,0,0,0,450,-72
199.865,-40,0,0,0,450,-72
199.883,-40,0,0,0,450,-72
199.899,-40,0,0,0,450,-72
199.915,-40,0,0,0,450,-72
199.931,-40,0,0,0,450,-72
199.946,-40,0,0,0,450,-72
199.951,-40,0,0,0,450,-72
199.962,-40,0,0,0,450,-72
199.978,-40,0,0,0,450,-72
199.984,-40,0,0,0,450,-72
199.994,-40,0,0,0,450,-72
200.010,-40,0,0,0,450,-72
200.016,-40,0,0,0,450,-72
200.026,-40,0,0,0,450,-72
200.042,-40,0,0,0,450,-72
200.049,-40,0,0,0,450,-72
200.058,-40,0,0,0,450,-72
200.074,-40,0,0,0,450,-72
200.090,-40,0,0,0,450,-72
200.095,-40,0,0,0,450,-72
200.122,-40,0,0,0,450,-72
200.137,-40,0,0,0,450,-72
200.153,-40,0,0,0,450,-72
200.159,-40,0,0,0,450,-72
200.185,-40,0,0,0,450,-72
200.201,-40,0,0,0,450,-72
200.209,-40,0,0,0,450,-72
200.233,-40,0,0,0,450,-72
200.250,-40,0,0,0,450,-72
200.265,0,0,0,0,450,-72
200.281,0,0,0,0,450,-72
200.297,0,0,0,0,450,-72
200.313,0,0,0,0,450,-72
200.329,0,0,0,0,450,-72
200.345,0,0,0,0,450,-72
200.360,0,0,0,0,450,-72
200.377,0,0,0,0,450,-72
200.391,0,0,0,0,450,-72
200.408,0,0,0,0,450,-72
200.423,0,0,0,0,450,-72
200.439,0,0,0,0,450,-72
200.455,0,0,0,0,450,-72
200.471,0,0,0,0,450,-72
200.487,0,0,0,0,450,-72
200.503,0,0,0,0,450,-72
200.519,0,0,0,0,450,-72
200.534,0,0,0,0,450,-72
200.550,0,0,0,0,450,-72
200.566,0,0,0,0,450,-72
200.582,0,0,0,0,450,-72
200.598,0,0,0,0,450,-72
200.614,0,0,0,0,450,-72
200.630,0,0,0,0,450,-72
200.646,0,0,0,0,450,-72
200.661,0,0,0,0,450,-72
200.677,0,0,0,0,450,-72
200.693,0,0,0,0,450,-72
200.710,0,0,0,0,450,-72
200.726,0,0,0,0,450,-72
200.742,0,0,0,0,450,-72
200.758,0,0,0,0,450,-72
200.763,0,0,0,40,450,-72
200.774,0,0,0,40,450,-72
200.790,0,0,0,40,450,-72
200.806,0,0,0,40,450,-72
200.822,0,0,0,40,450,-72
200.838,0,0,0,40,450,-72
200.854,0,0,0,40,450,-72
200.870,0,0,0,40,450,-72
200.886,0,0,0,40,450,-72
200.902,0,0,0,40,450,-72
200.918,0,0,0,40,450,-72
200.934,0,0,0,40,450,-72
200.950,0,0,0,40,450,-72
200.966,0,0,0,40,450,-72
200.982,0,0,0,40,450,-72
200.998,0,0,0,40,450,-72
201.014,0,0,0,40,450,-72
201.030,0,0,0,40,450,-72
201.046,0,0,0,40,450,-71
201.063,0,0,0,40,450,-71
201.078,0,0,0,40,450,-71
201.094,0,0,0,40,450,-71
201.111,0,0,0,40,450,-71
201.126,0,0,0,40,450,-71
201.142,0,0,0,40,450,-71
201.158,0,0,0,40,440,-68
201.175,0,0,0,40,440,-68
201.191,0,0,0,40,440,-68
201.207,0,0,0,40,440,-68
201.223,0,0,0,40,440,-68
201.239,0,0,0,40,440,-68
201.247,0,0,0,40,440,-68
201.255,0,0,0,40,440,-68
201.271,0,0,0,40,440,-68
201.275,0,0,0,40,440,-65
201.287,0,0,0,40,440,-65
201.303,0,0,0,40,440,-65
201.308,0,0,0,40,440,-65
201.318,0,0,0,40,440,-65
201.327,0,0,0,40,440,-65
201.343,0,0,0,40,440,-65
201.352,0,0,0,40,440,-65
201.360,0,0,0,40,440,-65
201.368,0,0,0,40,440,-65
201.379,0,0,0,40,440,-59
201.385,0,0,0,40,440,-59
201.393,0,0,0,40,440,-59
201.402,0,0,0,40,440,-59
201.407,0,0,0,40,440,-59
201.427,0,0,0,40,440,-59
201.443,0,0,0,40,440,-59
201.460,0,0,0,40,440,-59
201.477,0,0,0,40,440,-59
201.494,0,0,0,40,440,-56
201.510,0,0,0,40,440,-56
201.521,0,0,0,40,440,-56
201.543,0,0,0,40,440,-56
201.568,0,0,0,40,440,-56
201.573,0,0,0,40,440,-56
201.584,0,0,0,40,440,-56
201.601,0,0,0,40,440,-53
201.611,0,0,0,40,440,-53
201.617,0,0,0,40,440,-53
201.625,0,0,0,40,440,-53
201.637,0,0,0,40,440,-53
201.659,0,0,0,40,440,-53
201.681,0,0,0,40,440,-53
201.698,0,0,0,40,440,-53
201.705,0,0,0,40,440,-53
201.715,0,0,0,40,440,-51
201.738,0,0,0,40,440,-51
201.746,0,0,0,40,440,-51
201.762,0,0,0,40,440,-51
201.773,0,0,0,40,440,-51
201.792,0,0,0,40,440,-51
201.809,0,0,0,40,440,-48
201.825,0,0,0,40,440,-48
201.834,0,0,0,40,440,-48
201.859,0,0,0,40,440,-48
201.877,0,0,0,40,440,-48
201.894,0,0,0,40,440,-48
201.902,0,0,0,40,440,-48
201.925,0,0,0,40,450,-46
201.936,0,0,0,40,450,-46
201.944,0,0,0,40,450,-46
201.961,0,0,0,40,450,-46
201.970,0,0,0,40,450,-46
201.988,0,0,0,40,450,-46
202.005,0,0,0,40,450,-46
202.022,0,0,0,40,450,-44
202.037,0,0,0,40,450,-44
202.064,0,0,0,40,450,-44
202.068,0,0,0,40,450,-44
202.095,0,0,0,0,450,-44
202.112,0,0,0,0,450,-44
202.128,0,0,0,0,450,-44
202.144,0,0,0,0,450,-42
202.160,0,0,0,0,450,-42
202.176,0,0,0,0,450,-42
202.191,0,0,0,0,450,-42
202.197,0,0,0,0,450,-42
202.224,0,0,0,0,450,-42
202.240,0,0,0,0,450,-42
202.256,0,0,0,0,450,-40
202.272,0,0,0,0,450,-40
202.288,0,0,0,0,450,-40
202.304,0,0,0,0,450,-40
202.312,0,0,0,0,450,-40
202.336,0,0,0,0,450,-40
202.352,0,0,0,0,450,-38
202.368,0,0,0,0,450,-38
202.384,0,0,0,0,450,-38
202.401,0,0,0,0,450,-38
202.417,0,0,0,0,450,-38
202.433,0,0,0,0,450,-38
202.449,0,0,0,0,450,-38
202.465,0,0,0,0,450,-38
202.481,0,0,0,0,450,-38
202.499,-40,0,0,0,450,-38
202.513,-40,0,0,0,450,-38
202.529,-40,0,0,0,450,-38
202.544,-40,0,0,0,450,-38
202.561,-40,0,0,0,450,-38
202.566,-40,0,0,0,450,-38
202.593,-40,0,0,0,450,-38
202.609,-40,0,0,0,450,-38
202.625,-40,0,0,0,450,-38
202.641,-40,0,0,0,450,-38
202.657,-40,0,0,0,450,-38
202.673,-40,0,0,0,450,-38
202.689,-40,0,0,0,450,-38
202.705,-40,0,0,0,450,-38
202.721,-40,0,0,0,450,-38
202.737,-40,0,0,0,450,-38
202.753,-40,0,0,0,450,-38
202.769,-40,0,0,0,450,-38
202.785,-40,0,0,0,450,-38
202.800,-40,0,0,0,450,-38
202.817,-40,0,0,0,450,-38
202.833,-40,0,0,0,450,-38
202.849,-40,0,0,0,450,-38
202.865,-40,0,0,0,450,-38
202.880,-40,0,0,0,450,-38
202.896,-40,0,0,0,450,-38
202.912,-40,0,0,0,450,-38
202.928,-40,0,0,0,450,-38
202.943,-40,0,0,0,450,-38
202.960,-40,0,0,0,450,-38
202.976,-40,0,0,0,450,-38
202.981,-40,0,0,0,450,-38
203.008,-40,0,0,0,450,-38
203.014,-40,0,0,0,450,-38
203.026,-40,0,0,0,440,-38
203.037,-40,0,0,0,440,-38
203.056,-40,0,0,0,440,-38
203.073,-40,0,0,0,440,-38
203.089,-40,0,0,0,440,-38
203.105,-40,0,0,0,440,-38
203.121,-40,0,0,0,440,-38
203.137,-40,0,0,0,440,-38
203.153,-40,0,0,0,440,-38
203.169,-40,0,0,0,440,-38
203.174,-40,0,0,0,440,-38
203.185,-40,0,0,0,440,-38
203.203,-40,0,0,0,440,-38
203.217,-40,0,0,0,440,-38
203.233,-40,0,0,0,440,-38
203.237,-40,0,0,0,440,-38
203.264,-40,0,0,0,440,-38
203.269,-40,0,0,0,440,-38
203.279,-40,0,0,0,440,-38
203.295,-40,0,0,0,440,-38
203.300,-40,0,0,0,440,-38
203.311,-40,0,0,0,440,-38
203.328,-40,0,0,0,440,-38
203.344,-40,0,0,0,440,-38
203.359,-40,0,0,0,440,-38
203.375,-40,0,0,0,440,-38
203.391,-40,0,0,0,440,-38
203.407,-40,0,0,0,440,-38
203.414,-40,0,0,0,440,-38
203.439,-40,0,0,0,440,-38
203.455,-40,0,0,0,440,-38
203.471,-40,0,0,0,440,-38
203.487,-40,0,0,0,440,-38
203.498,-40,0,0,0,440,-38
203.519,-40,0,0,0,440,-38
203.531,-40,0,0,0,440,-38
203.536,-40,0,0,0,440,-38
203.551,-40,0,0,0,440,-38
203.567,-40,0,0,0,440,-38
203.583,-40,0,0,0,440,-38
203.598,-40,0,0,0,440,-38
203.608,-40,0,0,0,440,-38
203.631,-40,0,0,0,440,-38
203.636,-40,0,0,0,440,-38
203.662,-40,0,0,0,440,-38
203.668,-40,0,0,0,440,-38
203.695,-40,0,0,0,440,-38
203.700,-40,0,0,0,440,-38
203.727,-40,0,0,0,440,-38
203.731,-40,0,0,0,440,-38
203.743,-40,0,0,0,440,-38
203.759,-40,0,0,0,440,-38
203.764,-40,0,0,0,440,-38
203.775,-40,0,0,0,440,-38
203.791,-40,0,0,0,440,-38
203.800,-40,0,0,0,440,-38
203.808,-40,0,0,0,440,-38
203.822,-40,0,0,0,440,-38
203.829,-40,0,0,0,440,-38
203.854,-40,0,0,0,440,-38
203.870,-40,0,0,0,440,-38
203.886,-40,0,0,0,440,-38
203.902,-40,0,0,0,440,-38
203.918,-40,0,0,0,440,-38
203.934,-40,0,0,0,440,-38
203.950,-40,0,0,0,440,-38
203.956,-40,0,0,0,440,-38
203.982,-40,0,0,0,440,-38
203.999,-40,0,0,0,440,-38
204.014,-40,0,0,0,440,-38
204.030,-40,0,0,0,440,-38
204.046,-40,0,0,0,440,-38
204.063,-40,0,0,0,440,-38
204.068,-40,0,0,0,440,-38
204.078,-40,0,0,0,440,-38
204.094,-40,0,0,0,440,-38
204.099,-40,0,0,0,440,-38
204.125,-40,0,0,0,440,-38
204.131,-40,0,0,0,440,-38
204.141,-40,0,0,0,440,-38
204.157,-40,0,0,0,440,-38
204.173,-40,0,0,0,440,-38
204.189,-40,0,0,0,440,-38
204.194,-40,0,0,0,440,-38
204.207,-40,0,0,0,440,-38
204.222,-40,0,0,0,440,-38
204.227,-40,0,0,0,440,-38
204.238,-40,0,0,0,440,-38
204.256,-40,0,0,0,440,-38
204.261,-40,0,0,0,440,-38
204.270,-40,0,0,0,440,-38
204.286,-40,0,0,0,440,-38
204.291,-40,0,0,0,440,-38
204.318,-40,0,0,0,440,-38
204.323,-40,0,0,0,440,-38
204.350,-40,0,0,0,440,-38
204.367,-40,0,0,0,440,-38
204.383,-40,0,0,0,440,-38
204.398,-40,0,0,0,440,-38
204.430,-40,0,0,0,440,-38
204.446,-40,0,0,0,440,-38
204.462,-40,0,0,0,440,-38
204.478,-40,0,0,0,440,-38
204.494,-40,0,0,0,440,-38
204.498,-40,0,0,0,440,-38
204.525,-40,0,0,0,440,-38
204.530,-40,0,0,0,440,-38
204.558,-40,0,0,0,440,-38
204.574,-40,0,0,0,440,-38
204.590,-40,0,0,0,440,-38
204.595,-40,0,0,0,440,-38
204.621,-40,0,0,0,440,-38
204.636,-40,0,0,0,440,-38
204.641,-40,0,0,0,440,-38
204.668,-40,0,0,0,440,-38
204.684,-40,0,0,0,440,-38
204.690,-40,0,0,0,440,-38
204.700,-40,0,0,0,440,-38
204.717,-40,0,0,0,440,-38
204.733,-40,0,0,0,440,-38
204.749,-40,0,0,0,440,-38
204.764,-40,0,0,0,440,-38
204.780,-40,0,0,0,440,-38
204.796,-40,0,0,0,440,-38
204.808,-40,0,0,0,440,-38
204.828,-40,0,0,0,440,-38
204.844,-40,0,0,0,440,-38
204.861,-40,0,0,0,440,-38
204.876,-40,0,0,0,440,-38
204.893,-40,0,0,0,440,-38
204.908,-40,0,0,0,440,-38
204.924,-40,0,0,0,440,-38
204.940,-40,0,0,0,440,-38
204.956,-40,0,0,0,440,-38
204.968,-40,0,0,0,440,-38
204.989,-40,0,0,0,440,-38
204.994,-40,0,0,0,440,-38
205.005,-40,0,0,0,440,-38
205.020,-40,0,0,0,440,-38
205.036,-40,0,0,0,440,-38
205.052,-40,0,0,0,440,-38
205.059,-40,0,0,0,440,-38
205.069,-40,0,0,0,440,-38
205.085,-40,0,0,0,440,-38
205.101,-40,0,0,0,440,-38
205.116,-40,0,0,0,440,-38
205.122,-40,0,0,0,440,-38
205.148,-40,0,0,0,440,-38
205.153,-40,0,0,0,440,-38
205.164,-40,0,0,0,440,-38
205.180,-40,0,0,0,440,-38
205.196,-40,0,0,0,440,-38
205.205,-40,0,0,0,440,-38
205.229,-40,0,0,0,440,-38
205.237,-40,0,0,0,440,-38
205.260,-40,0,0,0,440,-38
205.276,-40,0,0,0,440,-38
205.292,-40,0,0,0,440,-38
205.308,-40,0,0,0,440,-38
205.324,-40,0,0,0,440,-38
205.336,-40,0,0,0,440,-38
205.356,-40,0,0,0,440,-38
205.373,-40,0,0,0,440,-38
205.388,-40,0,0,0,440,-38
205.404,-40,0,0,0,440,-38
205.420,-40,0,0,0,440,-38
205.425,-40,0,0,0,440,-38
205.451,-40,0,0,0,440,-38
205.456,-40,0,0,0,440,-38
205.466,-40,0,0,0,440,-38
205.483,-40,0,0,0,440,-38
205.490,-40,0,0,0,440,-38
205.498,-40,0,0,0,440,-38
205.514,-40,0,0,0,440,-38
205.525,-40,0,0,0,440,-38
205.547,-40,0,0,0,440,-38
205.552,-40,0,0,0,440,-38
205.562,-40,0,0,0,440,-38
205.578,-40,0,0,0,440,-38
205.585,-40,0,0,0,440,-38
205.595,-40,0,0,0,440,-38
205.610,-40,0,0,0,440,-38
205.626,-40,0,0,0,440,-38
205.642,-40,0,0,0,440,-38
205.647,-40,0,0,0,440,-38
205.674,-40,0,0,0,440,-38
205.679,-40,0,0,0,440,-38
205.706,-40,0,0,0,440,-38
205.711,-40,0,0,0,430,-38
205.738,-40,0,0,0,430,-38
205.743,-40,0,0,0,430,-38
205.770,-40,0,0,0,430,-38
205.781,-40,0,0,0,430,-38
205.802,-40,0,0,0,430,-38
205.819,-40,0,0,0,430,-38
205.834,-40,0,0,0,430,-38
205.850,-40,0,0,0,430,-38
205.866,-40,0,0,0,430,-38
205.882,-40,0,0,0,430,-38
205.898,-40,0,0,0,430,-38
205.914,-40,0,0,0,430,-38
205.925,-40,0,0,0,430,-38
205.932,-40,0,0,0,440,-38
205.946,-40,0,0,0,440,-38
205.956,-40,0,0,0,440,-38
205.978,-40,0,0,0,440,-38
205.983,-40,0,0,0,440,-38
205.994,-40,0,0,0,440,-38
206.010,-40,0,0,0,440,-38
206.015,-40,0,0,0,440,-38
206.026,-40,0,0,0,440,-38
206.042,-40,0,0,0,440,-38
206.058,-40,0,0,0,440,-38
206.074,-40,0,0,0,440,-38
206.090,-40,0,0,0,440,-38
206.106,-40,0,0,0,440,-38
206.112,-40,0,0,0,440,-38
206.122,-40,0,0,0,440,-38
206.138,-40,0,0,0,440,-38
206.149,-40,0,0,0,440,-38
206.154,-40,0,0,0,440,-38
206.170,-40,0,0,0,440,-38
206.187,-40,0,0,0,440,-38
206.203,-40,0,0,0,440,-38
206.219,-40,0,0,0,440,-38
206.235,-40,0,0,0,440,-38
206.240,-40,0,0,0,440,-38
206.267,-40,0,0,0,440,-38
206.278,-40,0,0,0,440,-38
206.299,-40,0,0,0,440,-38
206.315,-40,0,0,0,440,-38
206.325,-40,0,0,0,440,-38
206.347,-40,0,0,0,440,-38
206.363,-40,0,0,0,440,-38
206.379,-40,0,0,0,440,-38
206.395,-40,0,0,0,440,-38
206.411,-40,0,0,0,440,-38
206.419,-40,0,0,0,440,-38
206.442,-40,0,0,0,440,-38
206.447,-40,0,0,0,440,-38
206.475,-40,0,0,0,440,-38
206.480,-40,0,0,0,440,-38
206.491,-40,0,0,0,440,-38
206.507,-40,0,0,0,440,-38
206.511,-40,0,0,0,440,-38
206.523,-40,0,0,0,440,-38
206.539,-40,0,0,0,440,-38
206.545,-40,0,0,0,440,-38
206.571,-40,0,0,0,440,-38
206.576,-40,0,0,0,440,-38
206.603,-40,0,0,0,440,-38
206.609,-40,0,0,0,440,-38
206.619,-40,0,0,0,440,-38
206.635,-40,0,0,0,440,-38
206.652,-40,0,0,0,440,-38
206.668,-40,0,0,0,440,-38
206.673,-40,0,0,0,440,-38
206.699,-40,0,0,0,440,-38
206.711,-40,0,0,0,440,-38
206.731,-40,0,0,0,440,-38
206.740,-40,0,0,0,440,-38
206.763,-40,0,0,0,440,-38
206.768,-40,0,0,0,440,-38
206.780,-40,0,0,0,440,-38
206.795,-40,0,0,0,440,-38
206.811,-40,0,0,0,440,-38
206.828,-40,0,0,0,440,-38
206.832,-40,0,0,0,440,-38
206.850,-40,0,0,0,440,-38
206.859,-40,0,0,0,440,-38
206.875,-40,0,0,0,440,-38
206.891,-40,0,0,0,440,-38
206.907,-40,0,0,0,440,-38
206.923,-40,0,0,0,440,-38
206.939,-40,0,0,0,440,-38
206.945,-40,0,0,0,440,-38
206.955,-40,0,0,0,440,-38
206.971,-40,0,0,0,440,-38
206.976,-40,0,0,0,440,-38
206.986,-40,0,0,0,440,-38
207.002,-40,0,0,0,440,-38
207.007,-40,0,0,0,440,-38
207.018,-40,0,0,0,440,-38
207.035,-40,0,0,0,440,-38
207.041,-40,0,0,0,440,-38
207.050,-40,0,0,0,440,-38
207.066,-40,0,0,0,440,-38
207.071,-40,0,0,0,440,-38
207.082,-40,0,0,0,440,-38
207.098,-40,0,0,0,440,-38
207.114,-40,0,0,0,440,-38
207.120,-40,0,0,0,440,-38
207.132,-40,0,0,0,440,-38
207.146,-40,0,0,0,440,-38
207.162,-40,0,0,0,430,-38
207.173,-40,0,0,0,430,-38
207.194,-40,0,0,0,430,-38
207.210,-40,0,0,0,430,-38
207.220,-40,0,0,0,430,-38
207.231,-40,0,0,0,430,-38
207.257,-40,0,0,0,430,-38
207.262,-40,0,0,0,430,-38
207.289,-40,0,0,0,430,-38
207.306,-40,0,0,0,430,-38
207.322,-40,0,0,0,430,-38
207.338,-40,0,0,0,430,-38
207.343,-40,0,0,0,430,-38
207.354,-40,0,0,0,430,-38
207.370,-40,0,0,0,430,-38
207.386,-40,0,0,0,430,-38
207.402,-40,0,0,0,430,-38
207.418,-40,0,0,0,430,-38
207.435,-40,0,0,0,430,-38
207.441,-40,0,0,0,430,-38
207.450,-40,0,0,0,430,-38
207.466,-40,0,0,0,430,-38
207.472,-40,0,0,0,430,-38
207.482,-40,0,0,0,430,-38
207.498,-40,0,0,0,430,-38
207.503,-40,0,0,0,430,-38
207.530,-40,0,0,0,430,-38
207.536,-40,0,0,0,430,-38
207.546,-40,0,0,0,430,-38
207.562,-40,0,0,0,430,-38
207.567,-40,0,0,0,430,-38
207.594,-40,0,0,0,430,-38
207.610,-40,0,0,0,430,-38
207.626,-40,0,0,0,430,-38
207.634,-40,0,0,0,430,-38
207.642,-40,0,0,0,430,-38
207.658,-40,0,0,0,430,-38
207.674,-40,0,0,0,430,-38
207.690,-40,0,0,0,430,-38
207.695,-40,0,0,0,430,-38
207.722,-40,0,0,0,430,-38
207.738,-40,0,0,0,430,-38
207.754,-40,0,0,0,430,-38
207.770,-40,0,0,0,430,-38
207.786,-40,0,0,0,430,-38
207.802,-40,0,0,0,430,-38
207.818,-40,0,0,0,430,-38
207.823,-40,0,0,0,430,-38
207.849,-40,0,0,0,430,-38
207.865,-40,0,0,0,430,-38
207.881,-40,0,0,0,430,-38
207.897,-40,0,0,0,430,-38
207.903,-40,0,0,0,430,-38
207.914,-40,0,0,0,430,-38
207.929,-40,0,0,0,430,-38
207.934,-40,0,0,0,430,-38
207.945,-40,0,0,0,430,-38
207.961,-40,0,0,0,430,-38
207.966,-40,0,0,0,430,-38
207.977,-40,0,0,0,430,-38
207.993,-40,0,0,0,430,-38
208.008,-40,0,0,0,430,-38
208.024,-40,0,0,0,430,-38
208.040,-40,0,0,0,430,-38
208.056,-40,0,0,0,430,-38
208.069,-40,0,0,0,430,-38
208.088,-40,0,0,0,430,-38
208.093,-40,0,0,0,430,-38
208.120,-40,0,0,0,430,-38
208.135,-40,0,0,0,430,-38
208.151,-40,0,0,0,430,-38
208.167,-40,0,0,0,430,-38
208.183,-40,0,0,0,430,-38
208.199,-40,0,0,0,430,-38
208.205,0,0,0,0,430,-38
208.231,0,0,0,0,430,-38
208.247,0,0,0,0,430,-38
208.263,0,0,0,0,430,-38
208.279,0,0,0,0,430,-38
208.295,0,0,0,0,430,-38
208.311,0,0,0,0,430,-38
208.327,0,0,0,0,430,-38
208.342,0,0,0,0,430,-38
208.358,0,0,0,0,430,-38
208.374,0,0,0,0,430,-38
208.390,0,0,0,0,430,-38
208.406,0,0,0,0,430,-38
208.422,0,0,0,0,430,-38
208.438,0,0,0,0,430,-38
208.454,0,0,0,0,430,-38
208.470,0,0,0,0,430,-38
208.486,0,0,0,0,430,-38
208.502,0,0,0,0,430,-38
208.518,0,0,0,0,430,-38
208.534,0,0,0,0,430,-38
208.550,-40,0,0,0,430,-38
208.566,-40,0,0,0,430,-38
208.582,-40,0,0,0,430,-38
208.598,-40,0,0,0,430,-38
208.614,-40,0,0,0,430,-38
208.630,-40,0,0,0,430,-38
208.644,-40,0,0,0,430,-38
208.657,-40,0,0,0,430,-38
208.673,-40,0,0,0,430,-38
208.689,-40,0,0,0,430,-38
208.705,-40,0,0,0,430,-38
208.721,-40,0,0,0,430,-38
208.737,-40,0,0,0,430,-38
208.753,-40,0,0,0,430,-38
208.769,0,0,0,0,430,-38
208.774,0,0,0,0,430,-38
208.800,0,0,0,0,430,-38
208.810,0,0,0,0,430,-38
208.832,0,0,0,0,430,-38
208.848,0,0,0,0,430,-38
208.863,0,0,0,0,430,-38
208.879,0,0,0,0,430,-38
208.895,0,0,0,0,430,-38
208.912,0,0,0,0,430,-38
208.927,0,0,0,0,430,-38
208.943,0,0,0,0,430,-38
208.959,0,0,0,0,440,-38
208.977,0,0,0,0,440,-38
208.991,0,0,0,0,440,-38
209.007,0,0,0,0,440,-38
209.023,0,0,0,0,440,-38
209.039,0,0,0,0,440,-38
209.055,0,0,0,0,440,-38
209.071,0,0,0,0,440,-38
209.087,0,0,0,0,440,-38
209.103,0,0,0,0,440,-38
209.119,0,0,0,0,440,-38
209.135,0,0,0,0,440,-38
209.140,0,0,0,0,440,-38
209.167,0,0,0,0,440,-38
209.183,0,0,0,0,440,-38
209.199,0,0,0,0,440,-38
209.215,0,0,0,0,440,-38
209.231,0,0,0,0,440,-38
209.242,0,40,0,0,440,-38
209.264,0,40,0,0,440,-38
209.279,0,40,0,0,440,-38
209.295,0,40,0,0,440,-38
209.312,0,40,0,0,440,-38
209.327,0,40,0,0,440,-38
209.344,0,40,0,0,440,-38
209.360,0,40,0,0,440,-38
209.376,0,40,0,0,440,-38
209.392,0,40,0,0,440,-38
209.408,0,40,0,0,440,-38
209.424,0,40,0,0,440,-38
209.440,0,40,0,0,440,-38
209.456,0,40,0,0,440,-38
209.472,0,40,0,0,440,-38
209.488,0,40,0,0,440,-38
209.504,0,40,0,0,440,-38
209.520,0,40,0,0,430,-38
209.536,0,40,0,0,430,-38
209.552,0,40,0,0,430,-38
209.568,0,40,0,0,430,-38
209.584,0,40,0,0,430,-38
209.600,0,40,0,0,430,-38
209.615,0,40,0,0,430,-38
209.631,0,40,0,0,440,-38
209.647,0,40,0,0,440,-38
209.663,0,40,0,0,440,-38
209.679,0,40,0,0,440,-38
209.695,0,40,0,0,440,-38
209.711,0,40,0,0,440,-38
209.726,0,40,0,0,440,-38
209.742,0,40,0,0,440,-38
209.758,0,40,0,0,440,-38
209.763,0,40,0,0,440,-38
209.789,0,40,0,0,440,-38
209.795,0,40,0,0,440,-38
209.805,0,40,0,0,440,-38
209.821,0,40,0,0,440,-38
209.828,0,40,0,0,440,-38
209.853,0,40,0,0,430,-38
209.858,0,40,0,0,430,-38
209.869,0,40,0,0,430,-38
209.886,0,40,0,0,430,-38
209.900,0,40,0,0,430,-38
209.917,0,40,0,0,430,-38
209.933,0,40,0,0,430,-38
209.949,0,40,0,0,430,-38
209.965,0,40,0,0,430,-38
209.981,0,40,0,0,430,-38
209.997,0,40,0,0,430,-38
210.013,0,40,0,0,430,-38
210.023,0,40,0,0,430,-38
210.045,0,40,0,0,430,-38
210.061,0,40,0,0,430,-38
210.077,0,40,0,0,430,-38
210.093,0,40,0,0,430,-38
210.109,0,40,0,0,430,-38
210.125,0,40,0,0,430,-38
210.141,0,40,0,0,430,-38
210.157,0,40,0,0,430,-38
210.173,0,40,0,0,430,-38
210.189,0,40,0,0,430,-38
210.205,0,40,0,0,430,-38
210.221,0,40,0,0,430,-38
210.231,0,40,0,0,430,-38
210.242,0,40,0,0,430,-38
210.252,0,40,0,0,430,-38
210.257,0,40,0,0,430,-38
210.267,0,40,0,0,430,-38
210.284,0,40,0,0,430,-38
210.293,0,40,0,0,430,-38
210.315,0,40,0,0,430,-38
210.332,0,40,0,0,430,-38
210.347,0,40,0,0,430,-38
210.364,0,40,0,0,430,-38
210.380,0,40,0,0,430,-38
210.395,0,40,0,0,430,-38
210.412,0,40,0,0,430,-38
210.430,0,40,0,0,430,-38
210.443,0,40,0,0,430,-38
210.449,0,40,0,0,430,-38
210.475,0,40,0,0,430,-38
210.491,0,40,0,0,430,-38
210.507,0,0,0,0,440,-38
210.523,0,0,0,0,440,-38
210.539,0,0,0,0,440,-38
210.555,0,0,0,0,440,-38
210.571,0,0,0,0,440,-38
210.587,0,0,0,0,440,-38
210.603,0,0,0,0,440,-38
210.619,0,0,0,0,440,-38
210.635,0,0,0,0,440,-38
210.651,0,0,0,0,440,-38
210.667,0,0,0,0,440,-38
210.684,0,0,0,0,440,-38
210.700,0,0,0,0,440,-38
210.716,0,0,0,0,440,-38
210.732,0,0,0,0,440,-38
210.748,0,0,0,0,440,-38
210.764,0,0,0,0,440,-38
210.780,0,0,0,0,440,-38
210.796,0,0,0,0,440,-38
210.813,0,0,0,0,440,-38
210.828,0,0,0,0,440,-38
210.844,0,0,0,0,450,-38
210.860,0,0,0,0,450,-38
210.876,0,0,0,0,450,-38
210.892,0,0,0,0,450,-38
210.910,0,0,0,0,450,-38
210.924,0,0,0,0,450,-38
210.940,0,0,0,0,450,-38
210.956,0,0,0,0,450,-38
210.973,0,0,0,0,460,-38
210.989,0,0,0,0,460,-38
211.005,0,0,0,0,460,-38
211.021,0,0,0,0,460,-38
211.037,0,0,0,0,460,-38
211.052,0,0,0,0,460,-38
211.062,0,0,0,0,460,-38
211.084,0,0,0,0,470,-38
211.100,0,0,0,0,470,-38
211.107,0,0,0,0,470,-38
211.132,0,0,0,0,470,-38
211.148,0,0,0,0,470,-38
211.164,0,0,0,0,470,-38
211.180,0,0,0,0,480,-38
211.196,0,0,0,0,480,-38
211.212,0,0,0,0,480,-38
211.228,0,0,0,0,480,-38
211.259,0,0,0,0,480,-38
211.276,0,0,0,0,480,-38
211.291,0,0,0,0,480,-38
211.307,0,0,0,0,480,-38
211.323,0,0,0,0,480,-38
211.340,0,0,0,0,480,-38
211.356,0,0,0,0,480,-38
211.371,0,0,0,0,480,-38
211.388,0,0,0,0,480,-38
211.404,0,0,0,0,490,-38
211.420,0,0,0,0,490,-38
211.432,0,0,0,0,490,-38
211.453,0,0,0,0,490,-38
211.468,0,0,0,0,490,-38
211.484,0,0,0,0,490,-38
211.500,0,0,0,0,490,-38
211.516,0,0,0,0,500,-38
211.532,0,0,0,0,500,-38
211.547,0,0,0,0,500,-38
211.563,0,0,0,0,500,-38
211.579,0,0,0,0,500,-38
211.595,0,0,0,0,500,-38
211.611,0,0,0,0,500,-38
211.627,0,0,0,0,500,-38
211.643,0,0,0,0,500,-38
211.659,0,0,0,0,500,-38
211.675,0,0,0,0,500,-38
211.691,0,0,0,0,500,-38
211.705,0,0,0,0,500,-38
211.723,0,0,0,0,500,-38
211.739,0,0,0,0,500,-38
211.755,0,0,0,0,500,-38
211.771,0,0,0,0,500,-38
211.787,0,0,0,0,500,-38
211.803,0,0,0,0,500,-38
211.820,0,0,0,0,500,-38
211.836,0,0,0,0,500,-38
211.853,0,0,0,0,500,-38
211.868,0,0,0,0,500,-38
211.884,0,0,0,0,500,-38
211.900,0,0,0,0,500,-38
211.916,0,0,0,0,500,-38
211.934,0,0,0,0,500,-38
211.948,0,0,0,0,500,-38
211.963,0,0,0,0,500,-38
211.979,0,0,0,0,500,-38
211.995,0,0,0,0,500,-38
212.011,0,0,0,0,500,-38
212.027,0,0,0,0,500,-38
212.043,0,0,0,0,500,-38
212.059,0,0,0,0,500,-38
212.075,0,0,0,0,490,-38
212.087,0,0,0,0,490,-38
212.107,0,0,0,0,490,-38
212.123,0,0,0,0,490,-38
212.139,0,0,0,0,490,-38
212.155,0,0,0,0,490,-38
212.171,0,0,0,0,490,-38
212.185,0,0,0,0,490,-38
212.203,0,0,0,0,490,-38
212.219,0,0,0,0,490,-38
212.235,0,0,0,0,490,-38
212.250,0,0,0,0,490,-38
212.266,0,0,0,0,490,-38
212.282,0,0,0,0,490,-38
212.298,0,0,0,0,480,-38
212.314,0,0,0,0,480,-38
212.330,0,0,0,0,480,-38
212.346,0,0,0,0,480,-38
212.362,0,0,0,0,480,-38
212.378,0,0,0,0,480,-38
212.394,0,0,0,0,480,-38
212.410,0,0,0,0,480,-38
212.426,0,0,0,0,480,-38
212.442,0,0,0,0,480,-38
212.459,0,0,0,0,480,-38
212.474,0,0,0,0,480,-38
212.489,0,0,0,0,480,-38
212.506,0,0,0,0,480,-38
212.522,0,0,0,0,470,-38
212.538,0,0,0,0,470,-38
212.554,0,0,0,0,470,-38
212.570,0,0,0,0,470,-38
212.586,0,0,0,0,470,-38
212.602,0,0,0,0,470,-38
212.618,0,0,0,0,470,-38
212.634,0,0,0,0,470,-38
212.650,0,0,0,0,470,-38
212.666,0,0,0,0,470,-38
212.681,0,0,0,0,470,-38
212.698,0,0,0,0,470,-38
212.713,0,0,0,0,470,-38
212.729,0,0,0,0,470,-38
212.745,0,0,0,0,460,-38
212.761,0,0,0,0,460,-38
212.778,0,0,0,0,460,-38
212.793,0,0,0,0,460,-38
212.809,0,0,0,0,460,-38
212.825,0,0,0,0,460,-38
212.841,0,0,0,0,460,-38
212.857,0,0,0,0,450,-38
212.873,0,0,0,0,450,-38
212.889,0,0,0,0,450,-38
212.907,0,0,0,0,450,-38
212.921,0,0,0,0,450,-38
212.937,0,0,0,0,450,-38
212.953,0,0,0,0,450,-38
212.969,0,0,0,0,450,-38
212.985,0,0,0,0,450,-38
213.001,0,0,0,0,450,-38
213.017,0,0,0,0,450,-38
213.033,0,0,0,0,450,-38
213.049,0,0,0,0,450,-38
213.064,0,0,0,0,450,-38
213.080,0,0,0,0,450,-38
213.096,0,0,0,0,450,-38
213.112,0,0,0,0,450,-38
213.128,0,0,0,0,450,-38
213.144,0,0,0,0,450,-38
213.160,0,0,0,0,450,-38
213.176,0,0,0,0,450,-38
213.192,0,0,0,0,440,-38
213.208,0,0,0,0,440,-38
213.224,0,0,0,0,440,-38
213.239,0,0,0,0,440,-38
213.255,0,0,0,0,440,-38
213.271,0,0,0,0,440,-38
213.287,0,0,0,0,440,-38
213.303,0,0,0,0,440,-38
213.319,0,0,0,0,440,-38
213.336,0,0,0,0,440,-38
213.351,0,0,0,0,440,-38
213.367,0,0,0,0,440,-38
213.383,0,0,0,0,440,-38
213.399,0,0,0,0,440,-38
213.415,0,0,0,0,440,-38
213.431,0,0,0,0,440,-38
213.447,0,0,0,0,440,-38
213.462,0,0,0,0,440,-38
213.479,0,0,0,0,440,-38
213.495,0,0,0,0,440,-38
213.511,0,0,0,0,440,-38
213.527,0,0,0,0,450,-38
213.543,0,0,0,0,450,-38
213.559,0,0,0,0,450,-38
213.575,0,0,0,0,450,-38
213.591,0,0,0,0,450,-38
213.607,0,0,0,0,450,-38
213.623,0,0,0,0,450,-38
213.639,0,0,0,0,450,-38
213.654,0,0,0,0,450,-38
213.671,0,0,0,0,450,-38
213.687,0,0,0,0,450,-38
213.702,0,0,0,0,450,-38
213.718,0,0,0,0,450,-38
213.734,0,0,0,0,450,-38
213.750,0,0,0,0,450,-38
213.766,0,0,0,0,450,-38
213.782,0,0,0,0,450,-38
213.798,0,0,0,0,450,-38
213.811,0,0,0,0,450,-38
213.825,0,0,0,0,450,-38
213.846,0,0,0,0,450,-38
213.862,0,0,0,0,450,-38
213.878,0,0,0,0,450,-38
213.890,0,0,0,0,450,-38
213.913,0,0,0,0,450,-38
213.929,0,0,0,0,450,-38
213.945,0,0,0,0,450,-38
213.961,0,0,0,0,450,-38
213.977,0,0,0,0,450,-38
213.986,0,0,0,0,460,-38
213.998,0,0,0,0,460,-38
214.014,0,0,0,0,460,-38
214.027,0,0,0,0,460,-38
214.054,0,0,0,0,460,-38
214.070,0,0,0,0,460,-38
214.086,0,0,0,0,460,-38
214.102,0,0,0,0,460,-38
214.118,0,0,0,0,460,-38
214.135,0,0,0,0,460,-38
214.151,0,0,0,0,460,-38
214.167,0,0,0,0,460,-38
214.183,0,0,0,0,460,-38
214.199,0,0,0,0,460,-38
214.215,0,0,0,0,460,-38
214.231,0,0,0,0,460,-38
214.247,0,0,0,0,460,-38
214.263,0,0,0,0,460,-38
214.278,0,0,0,0,460,-38
214.294,0,0,0,0,460,-38
214.311,0,0,0,0,460,-38
214.326,0,0,0,0,460,-38
214.342,0,0,0,0,460,-38
214.358,0,0,0,0,460,-38
214.375,0,0,0,0,460,-38
214.392,0,0,0,0,460,-38
214.415,0,0,0,0,460,-38
214.431,0,0,0,0,460,-38
214.448,0,0,0,0,460,-38
214.461,0,0,0,0,460,-38
214.479,0,0,0,0,460,-38
214.493,0,0,0,0,460,-38
214.509,0,0,0,0,460,-38
214.525,0,0,0,0,460,-38
214.541,0,0,0,0,460,-38
214.556,0,0,0,0,460,-38
214.571,0,0,0,0,460,-38
214.597,0,0,0,0,460,-38
214.612,0,0,0,0,460,-38
214.629,0,0,0,0,460,-38
214.644,0,0,0,0,460,-38
214.661,0,0,0,0,460,-38
214.677,0,0,0,0,460,-38
214.693,0,0,0,0,460,-38
214.708,0,0,0,0,460,-38
214.724,0,0,0,0,460,-38
214.740,0,0,0,0,460,-38
214.747,0,0,0,0,460,-38
214.779,0,0,0,0,460,-38
214.784,0,0,0,0,460,-38
214.811,0,0,0,0,460,-38
214.827,0,0,0,0,460,-38
214.843,0,0,0,0,460,-38
214.859,0,0,0,0,460,-38
214.875,0,0,0,0,460,-38
214.891,0,0,0,0,460,-38
214.907,0,0,0,0,460,-38
214.923,0,0,0,0,460,-38
214.932,0,0,0,0,460,-38
214.948,0,0,0,0,460,-38
214.962,0,0,0,0,460,-38
214.978,0,0,0,0,460,-38
214.994,0,0,0,0,460,-38
215.011,0,0,0,0,460,-38
215.027,0,0,0,0,460,-38
215.043,0,0,0,0,460,-38
215.059,0,0,0,0,460,-38
215.075,0,0,0,0,460,-38
215.091,0,0,0,0,460,-38
215.107,0,0,0,0,460,-38
215.115,0,0,0,0,460,-38
215.130,0,0,0,0,460,-38
215.147,0,0,0,0,460,-38
215.162,0,0,0,0,460,-38
215.179,0,0,0,0,450,-38
215.195,0,0,0,0,450,-38
215.208,0,0,0,0,450,-38
215.225,0,0,0,0,450,-38
215.240,0,0,0,0,450,-38
215.256,0,0,0,0,450,-38
215.273,0,0,0,0,450,-38
215.288,0,0,0,0,450,-38
215.305,0,0,0,0,450,-38
215.321,0,0,0,0,450,-38
215.338,0,0,0,0,450,-38
215.353,0,0,0,0,450,-38
215.368,0,0,0,0,450,-38
215.374,0,0,0,0,450,-38
215.401,0,0,0,0,430,-38
215.417,0,0,0,0,430,-38
215.433,0,0,0,0,430,-38
215.449,0,0,0,0,430,-38
215.465,0,0,0,0,430,-38
215.480,0,0,0,0,430,-38
215.497,0,0,0,0,430,-38
215.512,0,0,0,0,430,-38
215.529,0,0,0,0,430,-38
215.544,0,0,0,0,430,-38
215.560,0,0,0,0,430,-38
215.576,0,0,0,0,430,-38
215.593,0,0,0,0,430,-38
215.611,0,0,0,0,430,-38
215.625,0,0,0,0,410,-38
215.641,0,0,0,0,410,-38
215.657,0,0,0,0,410,-38
215.669,0,0,0,0,410,-38
215.690,0,0,0,0,410,-38
215.705,0,0,0,0,410,-38
215.721,0,0,0,0,400,-38
215.737,0,0,0,0,400,-38
215.753,0,0,0,0,400,-38
215.769,0,0,0,0,400,-38
215.785,0,0,0,0,400,-38
215.802,0,0,0,0,400,-38
215.817,0,0,0,0,400,-38
215.833,0,0,0,0,400,-38
215.849,0,0,0,0,400,-38
215.864,0,0,0,0,400,-38
215.879,0,0,0,0,400,-38
215.895,0,0,0,0,400,-38
215.911,0,0,0,0,400,-38
215.927,0,0,0,0,400,-38
215.943,0,0,0,0,400,-38
215.958,0,0,0,0,390,-38
215.974,0,0,0,0,390,-38
215.990,0,0,0,0,390,-38
216.006,0,0,0,0,390,-38
216.022,0,0,0,0,390,-38
216.037,0,0,0,0,390,-38
216.053,0,0,0,0,390,-38
216.069,0,0,0,0,370,-38
216.085,0,0,0,0,370,-38
216.100,0,0,0,0,370,-38
216.116,0,0,0,0,370,-38
216.132,0,0,0,0,370,-38
216.147,0,0,0,0,370,-38
216.163,0,0,0,0,370,-38
216.179,0,0,0,0,370,-38
216.195,0,0,0,0,370,-38
216.211,0,0,0,0,370,-38
216.227,0,0,0,0,370,-38
216.243,0,0,0,0,370,-38
216.259,0,0,0,0,370,-38
216.274,0,0,0,0,350,-38
216.290,0,0,0,0,350,-38
216.307,0,0,0,0,350,-38
216.322,0,0,0,0,350,-38
216.339,0,0,0,0,350,-38
216.355,0,0,0,0,350,-38
216.371,0,0,0,0,350,-38
216.389,0,0,0,0,350,-38
216.403,0,0,0,0,340,-38
216.419,0,0,0,0,340,-38
216.435,0,0,0,0,340,-38
216.451,0,0,0,0,340,-38
216.467,0,0,0,0,340,-38
216.483,0,0,0,0,340,-38
216.501,0,0,0,0,330,-38
216.514,0,0,0,0,330,-38
216.530,0,0,0,0,330,-38
216.547,0,0,0,0,330,-38
216.563,0,0,0,0,330,-38
216.579,0,0,0,0,330,-38
216.611,0,0,0,0,320,-38
216.623,0,0,0,0,320,-38
216.643,0,0,0,0,320,-38
216.659,0,0,0,0,320,-38
216.675,0,0,0,0,320,-38
216.691,0,0,0,0,320,-38
216.707,0,0,0,0,320,-38
216.725,0,0,0,0,320,-38
216.739,0,0,0,0,310,-38
216.755,0,0,0,0,310,-38
216.771,0,0,0,0,310,-38
216.786,0,0,0,0,310,-38
216.797,0,0,0,0,310,-38
216.818,0,0,0,0,310,-38
216.850,0,0,0,0,290,-38
216.866,0,0,0,0,290,-38
216.882,0,0,0,0,290,-38
216.898,0,0,0,0,290,-38
216.914,0,0,0,0,290,-38
216.930,0,0,0,0,290,-38
216.948,0,0,0,0,280,-38
216.963,0,0,0,0,280,-38
216.979,0,0,0,0,280,-38
216.996,0,0,0,0,280,-38
217.010,0,0,0,0,280,-38
217.026,0,0,0,0,280,-38
217.043,0,0,0,0,280,-38
217.059,0,0,0,0,280,-38
217.075,0,0,0,0,280,-38
217.091,0,0,0,0,280,-38
217.106,0,0,0,0,280,-38
217.138,0,0,0,0,280,-38
217.154,0,0,0,0,280,-38
217.170,0,0,0,0,280,-38
217.186,0,0,0,0,270,-38
217.202,0,0,0,0,270,-38
217.218,0,0,0,0,270,-38
217.234,0,0,0,0,270,-38
217.251,0,0,0,0,270,-38
217.266,0,0,0,0,270,-38
217.282,0,0,0,0,270,-38
217.298,0,0,0,0,260,-38
217.314,0,0,0,0,260,-38
217.330,0,0,0,0,260,-38
217.346,0,0,0,0,260,-38
217.363,0,0,0,0,260,-38
217.380,0,0,0,0,260,-38
217.394,0,0,0,0,250,-38
217.409,0,0,0,0,250,-38
217.426,0,0,0,0,250,-38
217.442,0,0,0,0,250,-38
217.458,0,0,0,0,250,-38
217.474,0,0,0,0,250,-38
217.490,0,0,0,0,250,-38
217.506,0,0,0,0,250,-38
217.523,0,0,0,0,240,-38
217.539,0,0,0,0,240,-38
217.554,0,0,0,0,240,-38
217.570,0,0,0,0,240,-38
217.586,0,0,0,0,240,-38
217.602,0,0,0,0,240,-38
217.619,0,0,0,0,230,-38
217.649,0,0,0,0,230,-38
217.665,0,0,0,0,230,-38
217.681,0,0,0,0,230,-38
217.696,0,0,0,0,230,-38
217.712,0,0,0,0,230,-38
217.728,0,0,0,0,220,-38
217.744,0,0,0,0,220,-38
217.760,0,0,0,0,220,-38
217.776,0,0,0,0,220,-38
217.792,0,0,0,0,220,-38
217.807,0,0,0,0,220,-38
217.823,0,0,0,0,220,-38
217.840,0,0,0,0,220,-38
217.856,0,0,0,0,220,-38
217.872,0,0,0,0,220,-38
217.888,0,0,0,0,220,-38
217.904,0,0,0,0,220,-38
217.921,0,0,0,0,220,-38
217.936,0,0,0,0,220,-38
217.953,0,0,0,0,220,-38
217.969,0,0,0,0,220,-38
217.985,0,0,0,0,220,-38
218.001,0,0,0,0,220,-38
218.017,0,0,0,0,220,-38
218.033,0,0,0,0,220,-38
218.047,0,0,0,0,220,-38
218.064,0,0,0,0,220,-38
218.080,0,0,0,0,210,-38
218.096,0,0,0,0,210,-38
218.112,0,0,0,0,210,-38
218.128,0,0,0,0,210,-38
218.144,0,0,0,0,210,-38
218.160,0,0,0,0,210,-38
218.176,0,0,0,0,200,-38
218.192,0,0,0,0,200,-38
218.208,0,0,0,0,200,-38
218.224,0,0,0,0,200,-38
218.240,0,0,0,0,200,-38
218.255,0,0,0,0,200,-38
218.271,0,0,0,0,200,-38
218.288,0,0,0,0,190,-38
218.304,0,0,0,0,190,-38
218.320,0,0,0,0,190,-38
218.336,0,0,0,0,190,-38
218.352,0,0,0,0,190,-38
218.368,0,0,0,0,190,-38
218.384,0,0,0,0,190,-38
218.400,0,0,0,0,190,-38
218.415,0,0,0,0,190,-38
218.431,0,0,0,0,190,-38
218.447,0,0,0,0,190,-38
218.463,0,0,0,0,190,-38
218.479,0,0,0,0,190,-38
218.495,0,0,0,0,190,-38
218.512,0,0,0,0,190,-38
218.527,0,0,0,0,170,-38
218.543,0,0,0,0,170,-38
218.559,0,0,0,0,170,-38
218.575,0,0,0,0,170,-38
218.591,0,0,0,0,170,-38
218.607,0,0,0,0,170,-38
218.623,0,0,0,0,170,-38
218.639,0,0,0,0,170,-38
218.655,0,0,0,0,170,-38
218.670,0,0,0,0,170,-38
218.686,0,0,0,0,170,-38
218.702,0,0,0,0,170,-38
218.718,0,0,0,0,170,-38
218.733,0,0,0,0,160,-38
218.749,0,0,0,0,160,-38
218.765,0,0,0,0,160,-38
218.781,0,0,0,0,160,-38
218.800,0,0,0,0,160,-38
218.815,0,0,0,0,160,-38
218.829,0,0,0,0,160,-38
218.847,0,0,0,0,160,-38
218.861,0,0,0,0,160,-38
218.874,0,0,0,0,160,-38
218.886,0,0,0,0,160,-38
218.909,0,0,0,0,160,-38
218.926,0,0,0,0,160,-38
218.941,0,0,0,0,160,-38
218.956,0,0,0,0,160,-38
218.975,0,0,0,0,140,-38
218.989,0,0,0,0,140,-38
219.005,0,0,0,0,140,-38
219.021,0,0,0,0,140,-38
219.037,0,0,0,0,140,-38
219.053,0,0,0,0,140,-38
219.069,0,0,0,0,130,-38
219.085,0,0,0,0,130,-38
219.101,0,0,0,0,130,-38
219.116,0,0,0,0,130,-38
219.132,0,0,0,0,130,-38
219.148,0,0,0,0,130,-38
219.164,0,0,0,0,130,-38
219.183,0,0,0,0,130,-38
219.197,0,0,0,0,130,-38
219.213,0,0,0,0,130,-38
219.229,0,0,0,0,130,-38
219.246,0,0,0,0,130,-38
219.265,0,0,0,0,130,-38
219.278,0,0,0,0,130,-38
219.293,0,0,0,0,130,-38
219.306,0,0,0,0,100,-38
219.312,0,0,0,0,100,-38
219.325,0,0,0,0,100,-38
219.341,0,0,0,0,100,-38
219.357,0,0,0,0,100,-38
219.373,0,0,0,0,100,-38
219.389,0,0,0,0,100,-38
219.405,0,0,0,0,100,-38
219.421,0,0,0,0,90,-38
219.437,0,0,0,0,90,-38
219.460,0,0,0,0,90,-38
219.469,0,0,0,0,90,-38
219.485,0,0,0,0,90,-38
219.501,0,0,0,0,90,-38
219.519,0,0,0,0,90,-38
219.536,0,0,0,0,90,-38
219.549,0,0,0,0,90,-38
219.565,0,0,0,0,90,-38
219.581,0,0,0,0,90,-38
219.603,0,0,0,0,90,-38
219.617,0,0,0,0,90,-38
219.645,0,0,0,0,70,-38
219.660,0,0,0,0,70,-38
219.678,0,0,0,0,70,-38
219.692,0,0,0,0,70,-38
219.708,0,0,0,0,70,-38
219.725,0,0,0,0,70,-38
219.741,0,0,0,0,70,-38
219.757,0,0,0,0,70,-38
219.773,0,0,0,0,70,-38
219.788,0,0,0,0,70,-38
219.804,0,0,0,0,70,-38
219.818,0,0,0,0,70,-38
219.836,0,0,0,0,70,-38
219.852,0,0,0,0,60,-38
219.868,0,0,0,0,60,-38
219.884,0,0,0,0,60,-38
219.899,0,0,0,0,60,-38
219.918,0,0,0,0,60,-38
219.931,0,0,0,0,60,-38
219.948,0,0,0,0,60,-38
219.964,0,0,0,0,60,-38
219.980,0,0,0,0,60,-38
219.996,0,0,0,0,60,-38
220.012,0,0,0,0,60,-38
220.028,0,0,0,0,60,-38
220.045,0,0,0,0,60,-38
220.075,0,0,0,0,30,-38
220.082,0,0,0,0,30,-38
220.107,0,0,0,0,30,-38
220.123,0,0,0,0,30,-38
220.139,0,0,0,0,30,-38
220.155,0,0,0,0,30,-38
220.171,0,0,0,0,30,-38
220.187,0,0,0,0,30,-38
220.203,0,0,0,0,30,-38
220.219,0,0,0,0,30,-38
220.235,0,0,0,0,30,-38
220.251,0,0,0,0,30,-38
220.270,0,0,0,0,30,-38
220.282,0,0,0,0,30,-38
220.301,0,0,0,0,30,-38
220.329,0,0,0,0,0,-38
220.346,0,0,0,0,0,-38
220.362,0,0,0,0,0,-38
220.378,0,0,0,0,0,-38
220.394,0,0,0,0,0,-38
220.410,0,0,0,0,0,-38
220.426,0,0,0,0,0,-38
220.442,0,0,0,0,0,-38
220.458,0,0,0,0,0,-38
220.474,0,0,0,0,0,-38
220.490,0,0,0,0,0,-38
220.509,0,0,0,0,0,-38
220.522,0,0,0,0,0,-38
220.556,0,0,0,0,0,-38
220.570,0,0,0,0,0,-38
220.587,0,0,0,0,0,-38
220.603,0,0,0,0,0,-38
220.619,0,0,0,0,0,-38
220.635,0,0,0,0,-10,-38
220.651,0,0,0,0,-10,-38
220.667,0,0,0,0,-10,-38
220.683,0,0,0,0,-10,-38
220.699,0,0,0,0,-10,-38
220.717,0,0,0,0,-10,-38
220.740,0,0,0,0,-10,-38
220.747,0,0,0,0,-10,-38
220.763,0,0,0,0,-10,-38
220.779,0,0,0,0,-10,-38
220.794,0,0,0,0,-10,-38
220.810,0,0,0,0,-10,-38
220.826,0,0,0,0,-10,-38
220.842,0,0,0,0,-10,-38
220.859,0,0,0,0,-30,-38
220.874,0,0,0,0,-30,-38
220.890,0,0,0,0,-30,-38
220.906,0,0,0,0,-30,-38
220.922,0,0,0,0,-30,-38
220.938,0,0,0,0,-30,-38
220.954,0,0,0,0,-30,-38
220.972,0,0,0,0,-40,-38
220.985,0,0,0,0,-40,-38
221.001,0,0,0,0,-40,-38
221.017,0,0,0,0,-40,-38
221.034,0,0,0,0,-40,-38
221.049,0,0,0,0,-40,-38
221.065,0,0,0,0,-40,-38
221.081,0,0,0,0,-40,-38
221.097,0,0,0,0,-40,-38
221.113,0,0,0,0,-40,-38
221.129,0,0,0,0,-40,-38
221.145,0,0,0,0,-40,-38
221.161,0,0,0,0,-40,-38
221.177,0,0,0,0,-40,-38
221.193,0,0,0,0,-40,-38
221.209,0,0,0,0,-40,-38
221.225,0,0,0,0,-40,-38
221.241,0,0,0,0,-40,-38
221.257,0,0,0,0,-40,-38
221.273,0,0,0,0,-40,-38
221.291,0,0,0,0,-40,-38
221.305,0,0,0,0,-40,-38
221.321,0,0,0,0,-40,-38
221.337,0,0,0,0,-40,-38
221.353,0,0,0,0,-40,-38
221.369,0,0,0,0,-40,-38
221.385,0,0,0,0,-40,-38
221.401,0,0,0,0,-40,-38
221.417,0,0,0,0,-50,-38
221.433,0,0,0,0,-50,-38
221.449,0,0,0,0,-50,-38
221.469,0,0,0,0,-50,-38
221.481,0,0,0,0,-50,-38
221.499,0,0,0,0,-50,-38
221.516,0,0,0,0,-50,-38
221.529,0,0,0,0,-50,-38
221.548,0,0,0,0,-50,-38
221.562,0,0,0,0,-50,-38
221.578,0,0,0,0,-50,-38
221.590,0,0,0,0,-50,-38
221.609,0,0,0,0,-50,-38
221.625,0,0,0,0,-50,-38
221.641,0,0,0,0,-50,-38
221.657,0,0,0,0,-50,-38
221.673,0,0,0,0,-50,-38
221.689,0,0,0,0,-50,-38
221.707,0,0,0,0,-50,-38
221.722,0,0,0,0,-50,-38
221.737,0,0,0,0,-50,-38
221.763,0,0,0,0,-50,-38
221.784,0,0,0,0,-50,-38
221.800,0,0,0,0,-50,-38
221.816,0,0,0,0,-50,-38
221.831,0,0,0,0,-50,-38
221.847,0,0,0,0,-50,-38
221.863,0,0,0,0,-50,-38
221.879,0,0,0,0,-60,-38
221.896,0,0,0,0,-60,-38
221.912,0,0,0,0,-60,-38
221.927,0,0,0,0,-60,-38
221.943,0,0,0,0,-60,-38
221.959,0,0,0,0,-60,-38
221.975,0,0,0,0,-60,-38
221.991,0,0,0,0,-60,-38
222.007,0,0,0,0,-60,-38
222.023,0,0,0,0,-60,-38
222.029,0,0,0,0,-60,-38
222.046,0,0,0,0,-60,-38
222.055,0,0,0,0,-60,-38
222.071,0,0,0,0,-60,-38
222.087,0,0,0,0,-60,-38
222.104,0,0,0,0,-70,-38
222.120,0,0,0,0,-70,-38
222.136,0,0,0,0,-70,-38
222.152,0,0,0,0,-70,-38
222.168,0,0,0,0,-70,-38
222.183,0,0,0,0,-70,-38
222.199,0,0,0,0,-70,-38
222.215,0,0,0,0,-70,-38
222.225,0,0,0,0,-70,-38
222.239,0,0,0,0,-70,-38
222.247,0,0,0,0,-70,-38
222.268,0,0,0,0,-70,-38
222.278,0,0,0,0,-70,-38
222.294,0,0,0,0,-70,-38
222.310,0,0,0,0,-90,-38
222.342,0,0,0,0,-90,-38
222.358,0,0,0,0,-90,-38
222.374,0,0,0,0,-90,-38
222.390,0,0,0,0,-90,-38
222.406,0,0,0,0,-90,-38
222.422,0,0,0,0,-90,-38
222.438,0,0,0,0,-100,-38
222.455,0,0,0,0,-100,-38
222.471,0,0,0,0,-100,-38
222.487,0,0,0,0,-100,-38
222.503,0,0,0,0,-100,-38
222.519,0,0,0,0,-100,-38
222.536,0,0,0,0,-110,-38
222.544,0,0,0,0,-110,-38
222.567,0,0,0,0,-110,-38
222.583,0,0,0,0,-110,-38
222.599,0,0,0,0,-110,-38
222.615,0,0,0,0,-110,-38
222.631,0,0,0,0,-110,-38
222.647,0,0,0,0,-110,-38
222.663,0,0,0,0,-110,-38
222.680,0,0,0,0,-110,-38
222.696,0,0,0,0,-110,-38
222.713,0,0,0,0,-110,-38
222.729,0,0,0,0,-110,-38
222.744,0,0,0,0,-110,-38
222.760,0,0,0,0,-110,-38
222.778,0,0,0,0,-110,-38
222.792,0,0,0,0,-110,-38
222.808,0,0,0,0,-110,-38
222.826,0,0,0,0,-110,-38
222.840,0,0,0,0,-110,-38
222.855,0,0,0,0,-110,-38
222.871,0,0,0,0,-130,-38
222.886,0,0,0,0,-130,-38
222.902,0,0,0,0,-130,-38
222.919,0,0,0,0,-130,-38
222.934,0,0,0,0,-130,-38
222.951,0,0,0,0,-130,-38
222.966,0,0,0,0,-130,-38
222.982,0,0,0,0,-130,-38
222.998,0,0,0,0,-130,-38
223.014,0,0,0,0,-130,-38
223.030,0,0,0,0,-130,-38
223.047,0,0,0,0,-130,-38
223.062,0,0,0,0,-130,-38
223.078,0,0,0,0,-130,-38
223.095,0,0,0,0,-130,-38
223.111,0,0,0,0,-130,-38
223.127,0,0,0,0,-130,-38
223.143,0,0,0,0,-130,-38
223.159,0,0,0,0,-130,-38
223.175,0,0,0,0,-130,-38
223.191,0,0,0,0,-130,-38
223.207,0,0,0,0,-130,-37
223.223,0,0,0,0,-130,-37
223.239,0,0,0,0,-130,-37
223.255,0,0,0,0,-130,-37
223.272,0,0,0,0,-130,-37
223.288,0,0,0,0,-130,-37
223.303,0,0,0,0,-130,-37
223.319,0,0,0,0,-130,-37
223.337,0,0,0,0,-130,-37
223.353,0,0,0,0,-130,-37
223.382,0,0,0,0,-130,-37
223.393,0,0,0,0,-130,-37
223.414,0,0,0,0,-130,-37
223.430,0,0,0,0,-140,-38
223.447,0,0,0,0,-140,-38
223.460,0,0,0,0,-140,-38
223.472,0,0,0,0,-140,-38
223.479,0,0,0,0,-140,-38
223.495,0,0,0,0,-140,-38
223.511,0,0,0,0,-140,-38
223.527,0,0,0,0,-140,-38
223.544,0,0,0,0,-140,-38
223.556,0,0,0,0,-140,-38
223.575,0,0,0,0,-140,-38
223.582,0,0,0,0,-140,-38
223.608,0,0,0,0,-140,-38
223.624,0,0,0,0,-140,-38
223.640,0,0,0,0,-140,-38
223.656,0,0,0,0,-140,-38
223.668,0,0,0,0,-140,-38
223.688,0,0,0,0,-140,-38
223.704,0,0,0,0,-140,-38
223.720,0,0,0,0,-140,-38
223.736,0,0,0,0,-140,-38
223.753,0,0,0,0,-140,-38
223.771,0,0,0,0,-140,-38
223.787,0,0,0,0,-140,-38
223.801,0,0,0,0,-140,-38
223.817,0,0,0,0,-140,-38
223.834,0,0,0,0,-140,-38
223.849,0,0,0,0,-140,-38
223.865,0,0,0,0,-140,-38
223.881,0,0,0,0,-140,-38
223.893,0,0,0,0,-140,-38
223.906,0,0,0,0,-140,-38
223.929,0,0,0,0,-140,-38
223.945,0,0,0,0,-140,-38
223.961,0,0,0,0,-140,-38
223.973,0,0,0,0,-140,-38
223.993,0,0,0,0,-140,-38
224.009,0,0,0,0,-140,-38
224.024,0,0,0,0,-140,-38
224.040,0,0,0,0,-140,-38
224.057,0,0,0,0,-140,-38
224.073,0,0,0,0,-140,-38
224.089,0,0,0,0,-140,-38
224.105,0,0,0,0,-140,-38
224.121,0,0,0,0,-140,-38
224.138,0,0,0,0,-140,-38
224.152,0,0,0,0,-140,-38
224.168,0,0,0,0,-140,-38
224.184,0,0,0,0,-140,-38
224.200,0,0,0,0,-140,-38
224.219,0,0,0,0,-140,-38
224.233,0,0,0,0,-140,-38
224.249,0,0,0,0,-140,-38
224.264,0,0,0,0,-140,-38
224.280,0,0,0,0,-140,-38
224.296,0,0,0,0,-140,-38
224.313,0,0,0,0,-140,-38
224.327,0,0,0,0,-140,-38
224.343,0,0,0,0,-140,-38
224.359,0,0,0,0,-140,-38
224.375,0,0,0,0,-140,-38
224.390,0,0,0,0,-140,-38
224.406,0,0,0,0,-140,-38
224.422,0,0,0,0,-140,-38
224.439,0,0,0,0,-140,-38
224.455,0,0,0,0,-140,-38
224.471,0,0,0,0,-140,-38
224.487,0,0,0,0,-140,-38
224.503,0,0,0,0,-140,-38
224.519,0,0,0,0,-140,-38
224.537,0,0,0,0,-140,-38
224.551,0,0,0,0,-140,-38
224.567,0,0,0,0,0,-38
224.582,0,0,0,0,0,-38
224.598,0,0,0,0,0,-38
224.615,0,0,0,0,0,-38
224.631,0,0,0,0,0,-38
224.647,0,0,0,0,0,-38
224.663,0,0,0,0,0,-38
224.679,0,0,0,0,0,-38
224.695,0,0,0,0,0,-38
224.711,0,0,0,0,0,-38
224.726,0,0,0,0,0,-38
224.743,0,0,0,0,0,-38
224.759,0,0,0,0,0,-38
224.774,0,0,0,0,0,-38
224.788,0,0,0,0,0,-38
224.806,0,0,0,0,0,-38
224.822,0,0,0,0,0,-38
224.838,0,0,0,0,0,-38
224.854,0,0,0,0,0,-38
224.870,0,0,0,0,0,-38
