image,flight_key,frame_idx,n_boxes,classes,quality_flag,manifest_quality,capture_class,height_cm,occ_deployed_pct
S4_sizesweep_a_f000000.jpg,S4_sizesweep_a,0,3,atv_sherp+rc_car+truck_peterbilt,ok,ok,benchmark,0,
S4_sizesweep_a_f000010.jpg,S4_sizesweep_a,10,3,atv_sherp+rc_car+truck_peterbilt,ok,ok,benchmark,0,
S4_sizesweep_a_f000018.jpg,S4_sizesweep_a,18,3,atv_sherp+rc_car+truck_peterbilt,ok,ok,benchmark,0,
S4_sizesweep_a_f000026.jpg,S4_sizesweep_a,26,3,atv_sherp+rc_car+truck_peterbilt,ok,ok,benchmark,0,
S4_sizesweep_a_f000033.jpg,S4_sizesweep_a,33,3,atv_sherp+rc_car+truck_peterbilt,ok,ok,benchmark,0,
S4_sizesweep_a_f000040.jpg,S4_sizesweep_a,40,3,atv_sherp+rc_car+truck_peterbilt,ok,ok,benchmark,0,
S4_sizesweep_a_f000047.jpg,S4_sizesweep_a,47,3,atv_sherp+rc_car+truck_peterbilt,ok,ok,benchmark,0,
S4_sizesweep_a_f000053.jpg,S4_sizesweep_a,53,3,atv_sherp+rc_car+truck_peterbilt,ok,ok,benchmark,0,
S4_sizesweep_a_f000060.jpg,S4_sizesweep_a,60,3,atv_sherp+rc_car+truck_peterbilt,ok,ok,benchmark,0,
S4_sizesweep_a_f000067.jpg,S4_sizesweep_a,67,3,atv_sherp+rc_car+truck_peterbilt,ok,ok,benchmark,0,
S4_sizesweep_a_f000075.jpg,S4_sizesweep_a,75,3,atv_sherp+rc_car+truck_peterbilt,ok,ok,benchmark,0,
S4_sizesweep_a_f000083.jpg,S4_sizesweep_a,83,3,atv_sherp+rc_car+truck_peterbilt,ok,ok,benchmark,0,
S4_sizesweep_a_f000092.jpg,S4_sizesweep_a,92,3,atv_sherp+rc_car+truck_peterbilt,ok,blurry,benchmark,0,
S4_sizesweep_a_f000101.jpg,S4_sizesweep_a,101,3,atv_sherp+rc_car+truck_peterbilt,ok,ok,benchmark,20,
S4_sizesweep_a_f000111.jpg,S4_sizesweep_a,111,3,atv_sherp+rc_car+truck_peterbilt,ok,ok,benchmark,40,
S4_sizesweep_a_f000119.jpg,S4_sizesweep_a,119,3,atv_sherp+rc_car+truck_peterbilt,ok,ok,benchmark,60,
S4_sizesweep_a_f000128.jpg,S4_sizesweep_a,128,3,atv_sherp+rc_car+truck_peterbilt,ok,ok,benchmark,70,
S4_sizesweep_a_f000137.jpg,S4_sizesweep_a,137,3,atv_sherp+rc_car+truck_peterbilt,ok,ok,benchmark,70,
S4_sizesweep_a_f000146.jpg,S4_sizesweep_a,146,3,atv_sherp+rc_car+truck_peterbilt,ok,ok,benchmark,70,
S4_sizesweep_a_f000154.jpg,S4_sizesweep_a,154,3,atv_sherp+rc_car+truck_peterbilt,ok,ok,benchmark,70,
S4_sizesweep_a_f000162.jpg,S4_sizesweep_a,162,3,atv_sherp+rc_car+truck_peterbilt,ok,ok,benchmark,70,
S4_sizesweep_a_f000171.jpg,S4_sizesweep_a,171,3,atv_sherp+rc_car+truck_peterbilt,ok,ok,benchmark,70,
S4_sizesweep_a_f000180.jpg,S4_sizesweep_a,180,3,atv_sherp+rc_car+truck_peterbilt,ok,ok,benchmark,70,
S4_sizesweep_a_f000189.jpg,S4_sizesweep_a,189,3,atv_sherp+rc_car+truck_peterbilt,ok,ok,benchmark,70,
S4_sizesweep_a_f000197.jpg,S4_sizesweep_a,197,3,atv_sherp+rc_car+truck_peterbilt,ok,ok,benchmark,70,
S4_sizesweep_a_f000206.jpg,S4_sizesweep_a,206,3,atv_sherp+rc_car+truck_peterbilt,ok,ok,benchmark,80,
S4_sizesweep_a_f000214.jpg,S4_sizesweep_a,214,3,atv_sherp+rc_car+truck_peterbilt,ok,ok,benchmark,90,
S4_sizesweep_a_f000223.jpg,S4_sizesweep_a,223,3,atv_sherp+rc_car+truck_peterbilt,ok,ok,benchmark,100,
S4_sizesweep_a_f000233.jpg,S4_sizesweep_a,233,3,atv_sherp+rc_car+truck_peterbilt,ok,ok,benchmark,100,
S4_sizesweep_a_f000242.jpg,S4_sizesweep_a,242,3,atv_sherp+rc_car+truck_peterbilt,ok,ok,benchmark,110,
S4_sizesweep_a_f000251.jpg,S4_sizesweep_a,251,3,atv_sherp+rc_car+truck_peterbilt,ok,ok,benchmark,110,
S4_sizesweep_a_f000260.jpg,S4_sizesweep_a,260,3,atv_sherp+rc_car+truck_peterbilt,ok,ok,benchmark,110,
S4_sizesweep_a_f000268.jpg,S4_sizesweep_a,268,3,atv_sherp+rc_car+truck_peterbilt,ok,ok,benchmark,110,
S4_sizesweep_a_f000277.jpg,S4_sizesweep_a,277,3,atv_sherp+rc_car+truck_peterbilt,ok,ok,benchmark,110,
S4_sizesweep_a_f000286.jpg,S4_sizesweep_a,286,3,atv_sherp+rc_car+truck_peterbilt,ok,ok,benchmark,110,
S4_sizesweep_a_f000295.jpg,S4_sizesweep_a,295,3,atv_sherp+rc_car+truck_peterbilt,ok,ok,benchmark,120,
S4_sizesweep_a_f000304.jpg,S4_sizesweep_a,304,3,atv_sherp+rc_car+truck_peterbilt,ok,ok,benchmark,130,
S4_sizesweep_a_f000313.jpg,S4_sizesweep_a,313,3,atv_sherp+rc_car+truck_peterbilt,ok,ok,benchmark,140,
S4_sizesweep_a_f000322.jpg,S4_sizesweep_a,322,3,atv_sherp+rc_car+truck_peterbilt,ok,ok,benchmark,150,
S4_sizesweep_a_f000330.jpg,S4_sizesweep_a,330,3,atv_sherp+rc_car+truck_peterbilt,ok,ok,benchmark,150,
S4_sizesweep_a_f000337.jpg,S4_sizesweep_a,337,3,atv_sherp+rc_car+truck_peterbilt,ok,ok,benchmark,150,
S4_sizesweep_a_f000343.jpg,S4_sizesweep_a,343,3,atv_sherp+rc_car+truck_peterbilt,ok,ok,benchmark,150,
S4_sizesweep_a_f000348.jpg,S4_sizesweep_a,348,3,atv_sherp+rc_car+truck_peterbilt,ok,ok,benchmark,150,
S4_sizesweep_a_f000353.jpg,S4_sizesweep_a,353,3,atv_sherp+rc_car+truck_peterbilt,ok,ok,benchmark,150,
S4_sizesweep_a_f000357.jpg,S4_sizesweep_a,357,3,atv_sherp+rc_car+truck_peterbilt,ok,ok,benchmark,150,
S4_sizesweep_a_f000361.jpg,S4_sizesweep_a,361,3,atv_sherp+rc_car+truck_peterbilt,ok,ok,benchmark,150,
S4_sizesweep_a_f000364.jpg,S4_sizesweep_a,364,3,atv_sherp+rc_car+truck_peterbilt,ok,ok,benchmark,150,
S4_sizesweep_a_f000368.jpg,S4_sizesweep_a,368,3,atv_sherp+rc_car+truck_peterbilt,ok,ok,benchmark,150,
S4_sizesweep_a_f000372.jpg,S4_sizesweep_a,372,3,atv_sherp+rc_car+truck_peterbilt,ok,ok,benchmark,150,
S4_sizesweep_a_f000376.jpg,S4_sizesweep_a,376,3,atv_sherp+rc_car+truck_peterbilt,ok,ok,benchmark,150,
S4_sizesweep_a_f000381.jpg,S4_sizesweep_a,381,3,atv_sherp+rc_car+truck_peterbilt,ok,ok,benchmark,160,
S4_sizesweep_a_f000387.jpg,S4_sizesweep_a,387,3,atv_sherp+rc_car+truck_peterbilt,ok,ok,benchmark,160,
S4_sizesweep_a_f000393.jpg,S4_sizesweep_a,393,3,atv_sherp+rc_car+truck_peterbilt,ok,ok,benchmark,160,
S4_sizesweep_a_f000394.jpg,S4_sizesweep_a,394,3,atv_sherp+rc_car+truck_peterbilt,ok,ok,benchmark,160,
S4_sizesweep_a_f000403.jpg,S4_sizesweep_a,403,3,atv_sherp+rc_car+truck_peterbilt,ok,ok,benchmark,160,
S4_sizesweep_a_f000412.jpg,S4_sizesweep_a,412,3,atv_sherp+rc_car+truck_peterbilt,ok,ok,benchmark,160,
S4_sizesweep_a_f000420.jpg,S4_sizesweep_a,420,3,atv_sherp+rc_car+truck_peterbilt,ok,ok,benchmark,160,
S4_sizesweep_a_f000428.jpg,S4_sizesweep_a,428,3,atv_sherp+rc_car+truck_peterbilt,ok,ok,benchmark,160,
S4_sizesweep_a_f000436.jpg,S4_sizesweep_a,436,3,atv_sherp+rc_car+truck_peterbilt,ok,ok,benchmark,160,
S4_sizesweep_a_f000445.jpg,S4_sizesweep_a,445,3,atv_sherp+rc_car+truck_peterbilt,ok,ok,benchmark,160,
S4_sizesweep_a_f000454.jpg,S4_sizesweep_a,454,3,atv_sherp+rc_car+truck_peterbilt,ok,ok,benchmark,150,
S4_sizesweep_a_f000462.jpg,S4_sizesweep_a,462,3,atv_sherp+rc_car+truck_peterbilt,ok,ok,benchmark,150,
S4_sizesweep_a_f000470.jpg,S4_sizesweep_a,470,3,atv_sherp+rc_car+truck_peterbilt,ok,ok,benchmark,150,
S4_sizesweep_a_f000477.jpg,S4_sizesweep_a,477,3,atv_sherp+rc_car+truck_peterbilt,ok,ok,benchmark,150,
S4_sizesweep_a_f000485.jpg,S4_sizesweep_a,485,3,atv_sherp+rc_car+truck_peterbilt,ok,ok,benchmark,150,
S4_sizesweep_a_f000493.jpg,S4_sizesweep_a,493,3,atv_sherp+rc_car+truck_peterbilt,ok,ok,benchmark,150,
S4_sizesweep_a_f000501.jpg,S4_sizesweep_a,501,3,atv_sherp+rc_car+truck_peterbilt,ok,ok,benchmark,160,
S4_sizesweep_a_f000509.jpg,S4_sizesweep_a,509,3,atv_sherp+rc_car+truck_peterbilt,ok,ok,benchmark,160,
S4_sizesweep_a_f000518.jpg,S4_sizesweep_a,518,3,atv_sherp+rc_car+truck_peterbilt,ok,ok,benchmark,160,
S4_sizesweep_a_f000526.jpg,S4_sizesweep_a,526,3,atv_sherp+rc_car+truck_peterbilt,ok,ok,benchmark,150,
S4_sizesweep_a_f000535.jpg,S4_sizesweep_a,535,3,atv_sherp+rc_car+truck_peterbilt,ok,ok,benchmark,150,
S4_sizesweep_a_f000543.jpg,S4_sizesweep_a,543,3,atv_sherp+rc_car+truck_peterbilt,ok,ok,benchmark,150,
S4_sizesweep_a_f000551.jpg,S4_sizesweep_a,551,3,atv_sherp+rc_car+truck_peterbilt,ok,ok,benchmark,150,
S4_sizesweep_a_f000558.jpg,S4_sizesweep_a,558,3,atv_sherp+rc_car+truck_peterbilt,ok,ok,benchmark,150,
S4_sizesweep_a_f000562.jpg,S4_sizesweep_a,562,3,atv_sherp+rc_car+truck_peterbilt,ok,ok,benchmark,160,
S4_sizesweep_a_f000571.jpg,S4_sizesweep_a,571,3,atv_sherp+rc_car+truck_peterbilt,ok,ok,benchmark,160,
S4_sizesweep_a_f000580.jpg,S4_sizesweep_a,580,3,atv_sherp+rc_car+truck_peterbilt,ok,ok,benchmark,160,
S4_sizesweep_a_f000588.jpg,S4_sizesweep_a,588,3,atv_sherp+rc_car+truck_peterbilt,ok,ok,benchmark,160,
S4_sizesweep_a_f000597.jpg,S4_sizesweep_a,597,3,atv_sherp+rc_car+truck_peterbilt,ok,ok,benchmark,160,
S4_sizesweep_a_f000605.jpg,S4_sizesweep_a,605,3,atv_sherp+rc_car+truck_peterbilt,ok,ok,benchmark,150,
S4_sizesweep_a_f000612.jpg,S4_sizesweep_a,612,3,atv_sherp+rc_car+truck_peterbilt,ok,ok,benchmark,150,
S4_sizesweep_a_f000619.jpg,S4_sizesweep_a,619,3,atv_sherp+rc_car+truck_peterbilt,ok,ok,benchmark,150,
S4_sizesweep_a_f000626.jpg,S4_sizesweep_a,626,3,atv_sherp+rc_car+truck_peterbilt,ok,ok,benchmark,150,
S4_sizesweep_a_f000633.jpg,S4_sizesweep_a,633,3,atv_sherp+rc_car+truck_peterbilt,ok,ok,benchmark,150,
S4_sizesweep_a_f000640.jpg,S4_sizesweep_a,640,3,atv_sherp+rc_car+truck_peterbilt,ok,ok,benchmark,150,
S4_sizesweep_a_f000647.jpg,S4_sizesweep_a,647,3,atv_sherp+rc_car+truck_peterbilt,ok,ok,benchmark,150,
S4_sizesweep_a_f000654.jpg,S4_sizesweep_a,654,3,atv_sherp+rc_car+truck_peterbilt,ok,ok,benchmark,160,
S4_sizesweep_a_f000662.jpg,S4_sizesweep_a,662,3,atv_sherp+rc_car+truck_peterbilt,ok,ok,benchmark,160,
S4_sizesweep_a_f000669.jpg,S4_sizesweep_a,669,3,atv_sherp+rc_car+truck_peterbilt,ok,ok,benchmark,160,
S4_sizesweep_a_f000677.jpg,S4_sizesweep_a,677,3,atv_sherp+rc_car+truck_peterbilt,ok,ok,benchmark,160,
S4_sizesweep_a_f000684.jpg,S4_sizesweep_a,684,3,atv_sherp+rc_car+truck_peterbilt,ok,ok,benchmark,160,
S4_sizesweep_a_f000691.jpg,S4_sizesweep_a,691,3,atv_sherp+rc_car+truck_peterbilt,ok,ok,benchmark,160,
S4_sizesweep_a_f000698.jpg,S4_sizesweep_a,698,3,atv_sherp+rc_car+truck_peterbilt,ok,ok,benchmark,160,
S4_sizesweep_a_f000704.jpg,S4_sizesweep_a,704,3,atv_sherp+rc_car+truck_peterbilt,ok,ok,benchmark,160,
S4_sizesweep_a_f000711.jpg,S4_sizesweep_a,711,3,atv_sherp+rc_car+truck_peterbilt,ok,ok,benchmark,160,
S4_sizesweep_a_f000717.jpg,S4_sizesweep_a,717,3,atv_sherp+rc_car+truck_peterbilt,ok,ok,benchmark,160,
S4_sizesweep_a_f000723.jpg,S4_sizesweep_a,723,3,atv_sherp+rc_car+truck_peterbilt,ok,ok,benchmark,160,
S4_sizesweep_a_f000724.jpg,S4_sizesweep_a,724,3,atv_sherp+rc_car+truck_peterbilt,ok,ok,benchmark,150,
S4_sizesweep_a_f000730.jpg,S4_sizesweep_a,730,3,atv_sherp+rc_car+truck_peterbilt,ok,ok,benchmark,150,
S4_sizesweep_a_f000739.jpg,S4_sizesweep_a,739,3,atv_sherp+rc_car+truck_peterbilt,ok,ok,benchmark,150,
S4_sizesweep_a_f000746.jpg,S4_sizesweep_a,746,3,atv_sherp+rc_car+truck_peterbilt,ok,ok,benchmark,150,
S4_sizesweep_a_f000753.jpg,S4_sizesweep_a,753,3,atv_sherp+rc_car+truck_peterbilt,ok,ok,benchmark,150,
S4_sizesweep_a_f000760.jpg,S4_sizesweep_a,760,3,atv_sherp+rc_car+truck_peterbilt,ok,ok,benchmark,150,
S4_sizesweep_a_f000765.jpg,S4_sizesweep_a,765,3,atv_sherp+rc_car+truck_peterbilt,ok,ok,benchmark,150,
S4_sizesweep_a_f000766.jpg,S4_sizesweep_a,766,3,atv_sherp+rc_car+truck_peterbilt,ok,ok,benchmark,160,
S4_sizesweep_a_f000772.jpg,S4_sizesweep_a,772,3,atv_sherp+rc_car+truck_peterbilt,ok,ok,benchmark,160,
S4_sizesweep_a_f000780.jpg,S4_sizesweep_a,780,3,atv_sherp+rc_car+truck_peterbilt,ok,ok,benchmark,150,
S4_sizesweep_a_f000788.jpg,S4_sizesweep_a,788,3,atv_sherp+rc_car+truck_peterbilt,ok,ok,benchmark,150,
S4_sizesweep_a_f000797.jpg,S4_sizesweep_a,797,3,atv_sherp+rc_car+truck_peterbilt,ok,ok,benchmark,160,
S4_sizesweep_a_f000805.jpg,S4_sizesweep_a,805,3,atv_sherp+rc_car+truck_peterbilt,ok,ok,benchmark,170,
S4_sizesweep_a_f000814.jpg,S4_sizesweep_a,814,3,atv_sherp+rc_car+truck_peterbilt,ok,ok,benchmark,180,
S4_sizesweep_a_f000822.jpg,S4_sizesweep_a,822,3,atv_sherp+rc_car+truck_peterbilt,ok,ok,benchmark,190,
S4_sizesweep_a_f000831.jpg,S4_sizesweep_a,831,3,atv_sherp+rc_car+truck_peterbilt,ok,ok,benchmark,200,
S4_sizesweep_a_f000839.jpg,S4_sizesweep_a,839,3,atv_sherp+rc_car+truck_peterbilt,ok,ok,benchmark,210,
S4_sizesweep_a_f000848.jpg,S4_sizesweep_a,848,3,atv_sherp+rc_car+truck_peterbilt,ok,ok,benchmark,210,
S4_sizesweep_a_f000853.jpg,S4_sizesweep_a,853,3,atv_sherp+rc_car+truck_peterbilt,ok,ok,benchmark,220,
S4_sizesweep_a_f000854.jpg,S4_sizesweep_a,854,3,atv_sherp+rc_car+truck_peterbilt,ok,ok,benchmark,220,
S4_sizesweep_a_f000862.jpg,S4_sizesweep_a,862,3,atv_sherp+rc_car+truck_peterbilt,ok,ok,benchmark,220,
S4_sizesweep_a_f000871.jpg,S4_sizesweep_a,871,3,atv_sherp+rc_car+truck_peterbilt,ok,ok,benchmark,220,
S4_sizesweep_a_f000880.jpg,S4_sizesweep_a,880,3,atv_sherp+rc_car+truck_peterbilt,ok,ok,benchmark,220,
S4_sizesweep_a_f000888.jpg,S4_sizesweep_a,888,3,atv_sherp+rc_car+truck_peterbilt,ok,ok,benchmark,230,
S4_sizesweep_a_f000896.jpg,S4_sizesweep_a,896,3,atv_sherp+rc_car+truck_peterbilt,ok,ok,benchmark,240,
S4_sizesweep_a_f000905.jpg,S4_sizesweep_a,905,3,atv_sherp+rc_car+truck_peterbilt,ok,ok,benchmark,260,
S4_sizesweep_a_f000913.jpg,S4_sizesweep_a,913,3,atv_sherp+rc_car+truck_peterbilt,ok,ok,benchmark,270,
S4_sizesweep_a_f000921.jpg,S4_sizesweep_a,921,3,atv_sherp+rc_car+truck_peterbilt,ok,ok,benchmark,280,
S4_sizesweep_a_f000929.jpg,S4_sizesweep_a,929,3,atv_sherp+rc_car+truck_peterbilt,ok,ok,benchmark,290,
S4_sizesweep_a_f000937.jpg,S4_sizesweep_a,937,3,atv_sherp+rc_car+truck_peterbilt,ok,ok,benchmark,300,
S4_sizesweep_a_f000946.jpg,S4_sizesweep_a,946,3,atv_sherp+rc_car+truck_peterbilt,ok,ok,benchmark,310,
S4_sizesweep_a_f000955.jpg,S4_sizesweep_a,955,3,atv_sherp+rc_car+truck_peterbilt,ok,ok,benchmark,320,
S4_sizesweep_a_f000964.jpg,S4_sizesweep_a,964,3,atv_sherp+rc_car+truck_peterbilt,ok,ok,benchmark,320,
S4_sizesweep_a_f000973.jpg,S4_sizesweep_a,973,3,atv_sherp+rc_car+truck_peterbilt,ok,ok,benchmark,320,
S4_sizesweep_a_f000982.jpg,S4_sizesweep_a,982,3,atv_sherp+rc_car+truck_peterbilt,ok,ok,benchmark,310,
S4_sizesweep_a_f000990.jpg,S4_sizesweep_a,990,3,atv_sherp+rc_car+truck_peterbilt,ok,ok,benchmark,310,
S4_sizesweep_a_f000998.jpg,S4_sizesweep_a,998,3,atv_sherp+rc_car+truck_peterbilt,ok,ok,benchmark,300,
S4_sizesweep_a_f001007.jpg,S4_sizesweep_a,1007,3,atv_sherp+rc_car+truck_peterbilt,ok,ok,benchmark,310,
S4_sizesweep_a_f001015.jpg,S4_sizesweep_a,1015,3,atv_sherp+rc_car+truck_peterbilt,ok,ok,benchmark,320,
S4_sizesweep_a_f001023.jpg,S4_sizesweep_a,1023,3,atv_sherp+rc_car+truck_peterbilt,ok,ok,benchmark,320,
S4_sizesweep_a_f001032.jpg,S4_sizesweep_a,1032,3,atv_sherp+rc_car+truck_peterbilt,ok,ok,benchmark,320,
S4_sizesweep_a_f001041.jpg,S4_sizesweep_a,1041,3,atv_sherp+rc_car+truck_peterbilt,ok,ok,benchmark,320,
S4_sizesweep_a_f001051.jpg,S4_sizesweep_a,1051,3,atv_sherp+rc_car+truck_peterbilt,ok,ok,benchmark,320,
S4_sizesweep_a_f001060.jpg,S4_sizesweep_a,1060,3,atv_sherp+rc_car+truck_peterbilt,ok,ok,benchmark,320,
S4_sizesweep_a_f001069.jpg,S4_sizesweep_a,1069,3,atv_sherp+rc_car+truck_peterbilt,ok,ok,benchmark,320,
S4_sizesweep_a_f001077.jpg,S4_sizesweep_a,1077,3,atv_sherp+rc_car+truck_peterbilt,ok,ok,benchmark,310,
S4_sizesweep_a_f001084.jpg,S4_sizesweep_a,1084,3,atv_sherp+rc_car+truck_peterbilt,ok,ok,benchmark,310,
S4_sizesweep_a_f001092.jpg,S4_sizesweep_a,1092,3,atv_sherp+rc_car+truck_peterbilt,ok,ok,benchmark,310,
S4_sizesweep_a_f001099.jpg,S4_sizesweep_a,1099,3,atv_sherp+rc_car+truck_peterbilt,ok,ok,benchmark,310,
S4_sizesweep_a_f001106.jpg,S4_sizesweep_a,1106,3,atv_sherp+rc_car+truck_peterbilt,ok,ok,benchmark,320,
S4_sizesweep_a_f001114.jpg,S4_sizesweep_a,1114,3,atv_sherp+rc_car+truck_peterbilt,ok,ok,benchmark,320,
S4_sizesweep_a_f001122.jpg,S4_sizesweep_a,1122,3,atv_sherp+rc_car+truck_peterbilt,ok,ok,benchmark,310,
S4_sizesweep_a_f001131.jpg,S4_sizesweep_a,1131,3,atv_sherp+rc_car+truck_peterbilt,ok,ok,benchmark,310,
S4_sizesweep_a_f001140.jpg,S4_sizesweep_a,1140,3,atv_sherp+rc_car+truck_peterbilt,ok,ok,benchmark,310,
S4_sizesweep_a_f001149.jpg,S4_sizesweep_a,1149,3,atv_sherp+rc_car+truck_peterbilt,ok,ok,benchmark,320,
S4_sizesweep_a_f001157.jpg,S4_sizesweep_a,1157,3,atv_sherp+rc_car+truck_peterbilt,ok,ok,benchmark,330,
S4_sizesweep_a_f001166.jpg,S4_sizesweep_a,1166,3,atv_sherp+rc_car+truck_peterbilt,ok,ok,benchmark,330,
S4_sizesweep_a_f001176.jpg,S4_sizesweep_a,1176,3,atv_sherp+rc_car+truck_peterbilt,ok,ok,benchmark,320,
S4_sizesweep_a_f001185.jpg,S4_sizesweep_a,1185,3,atv_sherp+rc_car+truck_peterbilt,ok,ok,benchmark,310,
S4_sizesweep_a_f001195.jpg,S4_sizesweep_a,1195,3,atv_sherp+rc_car+truck_peterbilt,ok,ok,benchmark,300,
S4_sizesweep_a_f001204.jpg,S4_sizesweep_a,1204,3,atv_sherp+rc_car+truck_peterbilt,ok,ok,benchmark,310,
S4_sizesweep_a_f001214.jpg,S4_sizesweep_a,1214,3,atv_sherp+rc_car+truck_peterbilt,ok,ok,benchmark,310,
S4_sizesweep_a_f001223.jpg,S4_sizesweep_a,1223,3,atv_sherp+rc_car+truck_peterbilt,ok,ok,benchmark,320,
S4_sizesweep_a_f001233.jpg,S4_sizesweep_a,1233,3,atv_sherp+rc_car+truck_peterbilt,ok,ok,benchmark,320,
S4_sizesweep_a_f001243.jpg,S4_sizesweep_a,1243,3,atv_sherp+rc_car+truck_peterbilt,ok,ok,benchmark,320,
S4_sizesweep_a_f001252.jpg,S4_sizesweep_a,1252,3,atv_sherp+rc_car+truck_peterbilt,ok,ok,benchmark,320,
S4_sizesweep_a_f001261.jpg,S4_sizesweep_a,1261,3,atv_sherp+rc_car+truck_peterbilt,ok,ok,benchmark,320,
S4_sizesweep_a_f001269.jpg,S4_sizesweep_a,1269,3,atv_sherp+rc_car+truck_peterbilt,ok,ok,benchmark,320,
S4_sizesweep_a_f001278.jpg,S4_sizesweep_a,1278,3,atv_sherp+rc_car+truck_peterbilt,ok,ok,benchmark,310,
S4_sizesweep_a_f001286.jpg,S4_sizesweep_a,1286,3,atv_sherp+rc_car+truck_peterbilt,ok,ok,benchmark,310,
S4_sizesweep_a_f001294.jpg,S4_sizesweep_a,1294,3,atv_sherp+rc_car+truck_peterbilt,ok,ok,benchmark,310,
S4_sizesweep_a_f001303.jpg,S4_sizesweep_a,1303,3,atv_sherp+rc_car+truck_peterbilt,ok,ok,benchmark,310,
S4_sizesweep_a_f001312.jpg,S4_sizesweep_a,1312,3,atv_sherp+rc_car+truck_peterbilt,ok,ok,benchmark,310,
S4_sizesweep_a_f001320.jpg,S4_sizesweep_a,1320,3,atv_sherp+rc_car+truck_peterbilt,ok,ok,benchmark,310,
S4_sizesweep_a_f001328.jpg,S4_sizesweep_a,1328,3,atv_sherp+rc_car+truck_peterbilt,ok,ok,benchmark,320,
S4_sizesweep_a_f001336.jpg,S4_sizesweep_a,1336,3,atv_sherp+rc_car+truck_peterbilt,ok,ok,benchmark,310,
S4_sizesweep_a_f001345.jpg,S4_sizesweep_a,1345,3,atv_sherp+rc_car+truck_peterbilt,ok,ok,benchmark,320,
S4_sizesweep_a_f001354.jpg,S4_sizesweep_a,1354,3,atv_sherp+rc_car+truck_peterbilt,ok,ok,benchmark,330,
S4_sizesweep_a_f001363.jpg,S4_sizesweep_a,1363,3,atv_sherp+rc_car+truck_peterbilt,ok,ok,benchmark,340,
S4_sizesweep_a_f001371.jpg,S4_sizesweep_a,1371,3,atv_sherp+rc_car+truck_peterbilt,ok,ok,benchmark,340,
S4_sizesweep_a_f001379.jpg,S4_sizesweep_a,1379,3,atv_sherp+rc_car+truck_peterbilt,ok,ok,benchmark,330,
S4_sizesweep_a_f001388.jpg,S4_sizesweep_a,1388,3,atv_sherp+rc_car+truck_peterbilt,ok,ok,benchmark,290,
S4_sizesweep_a_f001396.jpg,S4_sizesweep_a,1396,3,atv_sherp+rc_car+truck_peterbilt,ok,ok,benchmark,250,
S4_sizesweep_a_f001405.jpg,S4_sizesweep_a,1405,3,atv_sherp+rc_car+truck_peterbilt,ok,ok,benchmark,210,
S4_sizesweep_a_f001413.jpg,S4_sizesweep_a,1413,3,atv_sherp+rc_car+truck_peterbilt,ok,ok,benchmark,170,
S4_sizesweep_a_f001422.jpg,S4_sizesweep_a,1422,3,atv_sherp+rc_car+truck_peterbilt,ok,ok,benchmark,120,
S4_sizesweep_a_f001430.jpg,S4_sizesweep_a,1430,3,atv_sherp+rc_car+truck_peterbilt,ok,ok,benchmark,90,
S4_sizesweep_a_f001438.jpg,S4_sizesweep_a,1438,3,atv_sherp+rc_car+truck_peterbilt,ok,ok,benchmark,70,
S4_sizesweep_a_f001446.jpg,S4_sizesweep_a,1446,3,atv_sherp+rc_car+truck_peterbilt,ok,ok,benchmark,60,
S4_sizesweep_a_f001454.jpg,S4_sizesweep_a,1454,3,atv_sherp+rc_car+truck_peterbilt,ok,ok,benchmark,50,
S4_sizesweep_a_f001462.jpg,S4_sizesweep_a,1462,3,atv_sherp+rc_car+truck_peterbilt,ok,ok,benchmark,40,
S4_sizesweep_a_f001470.jpg,S4_sizesweep_a,1470,3,atv_sherp+rc_car+truck_peterbilt,ok,ok,benchmark,30,
S4_sizesweep_a_f001478.jpg,S4_sizesweep_a,1478,3,atv_sherp+rc_car+truck_peterbilt,ok,ok,benchmark,30,
S4_sizesweep_a_f001487.jpg,S4_sizesweep_a,1487,3,atv_sherp+rc_car+truck_peterbilt,ok,ok,benchmark,10,
S4_sizesweep_a_f001495.jpg,S4_sizesweep_a,1495,3,atv_sherp+rc_car+truck_peterbilt,ok,ok,benchmark,0,
S4_sizesweep_a_f001504.jpg,S4_sizesweep_a,1504,3,atv_sherp+rc_car+truck_peterbilt,ok,ok,benchmark,-10,
S4_sizesweep_a_f001513.jpg,S4_sizesweep_a,1513,3,atv_sherp+rc_car+truck_peterbilt,ok,ok,benchmark,-20,
S4_sizesweep_a_f001522.jpg,S4_sizesweep_a,1522,3,atv_sherp+rc_car+truck_peterbilt,ok,ok,benchmark,-20,
S4_sizesweep_a_f001531.jpg,S4_sizesweep_a,1531,3,atv_sherp+rc_car+truck_peterbilt,ok,ok,benchmark,-20,
S4_sizesweep_a_f001540.jpg,S4_sizesweep_a,1540,3,atv_sherp+rc_car+truck_peterbilt,ok,ok,benchmark,-20,
S4_sizesweep_a_f001549.jpg,S4_sizesweep_a,1549,3,atv_sherp+rc_car+truck_peterbilt,ok,ok,benchmark,-20,
S4_sizesweep_a_f001558.jpg,S4_sizesweep_a,1558,3,atv_sherp+rc_car+truck_peterbilt,ok,ok,benchmark,-20,
S4_sizesweep_a_f001567.jpg,S4_sizesweep_a,1567,3,atv_sherp+rc_car+truck_peterbilt,ok,ok,benchmark,-20,
S4_sizesweep_a_f001575.jpg,S4_sizesweep_a,1575,3,atv_sherp+rc_car+truck_peterbilt,ok,ok,benchmark,-20,
S4_sizesweep_a_f001582.jpg,S4_sizesweep_a,1582,3,atv_sherp+rc_car+truck_peterbilt,ok,ok,benchmark,-20,
S4_sizesweep_a_f001588.jpg,S4_sizesweep_a,1588,3,atv_sherp+rc_car+truck_peterbilt,ok,ok,benchmark,-20,
S4_sizesweep_a_f001594.jpg,S4_sizesweep_a,1594,3,atv_sherp+rc_car+truck_peterbilt,ok,ok,benchmark,-20,
S4_sizesweep_a_f001600.jpg,S4_sizesweep_a,1600,3,atv_sherp+rc_car+truck_peterbilt,ok,ok,benchmark,-20,
S4_sizesweep_a_f001606.jpg,S4_sizesweep_a,1606,3,atv_sherp+rc_car+truck_peterbilt,ok,ok,benchmark,-30,
S4_sizesweep_a_f001613.jpg,S4_sizesweep_a,1613,0,none,confirmed_empty,ok,benchmark,0,
S4_sizesweep_a_f001614.jpg,S4_sizesweep_a,1614,0,none,ok,blurry,benchmark,0,
S4_sizesweep_a_f001619.jpg,S4_sizesweep_a,1619,0,none,confirmed_empty,ok,benchmark,0,
S4_sizesweep_a_f001622.jpg,S4_sizesweep_a,1622,0,none,ok,ok,benchmark,0,
S4_sizesweep_a_f001626.jpg,S4_sizesweep_a,1626,1,atv_sherp,ok,ok,benchmark,0,
S4_sizesweep_a_f001630.jpg,S4_sizesweep_a,1630,1,atv_sherp,ok,ok,benchmark,0,
S4_sizesweep_a_f001633.jpg,S4_sizesweep_a,1633,1,atv_sherp,ok,ok,benchmark,0,
S4_hoverpairs_a_f000000.jpg,S4_hoverpairs_a,0,3,atv_sherp+rc_car+truck_peterbilt,ok,ok,benchmark,0,
S4_hoverpairs_a_f000006.jpg,S4_hoverpairs_a,6,3,atv_sherp+rc_car+truck_peterbilt,ok,ok,benchmark,0,
S4_hoverpairs_a_f000012.jpg,S4_hoverpairs_a,12,3,atv_sherp+rc_car+truck_peterbilt,ok,ok,benchmark,0,
S4_hoverpairs_a_f000018.jpg,S4_hoverpairs_a,18,3,atv_sherp+rc_car+truck_peterbilt,ok,ok,benchmark,0,
S4_hoverpairs_a_f000024.jpg,S4_hoverpairs_a,24,3,atv_sherp+rc_car+truck_peterbilt,ok,ok,benchmark,0,
S4_hoverpairs_a_f000030.jpg,S4_hoverpairs_a,30,3,atv_sherp+rc_car+truck_peterbilt,ok,ok,benchmark,0,
S4_hoverpairs_a_f000036.jpg,S4_hoverpairs_a,36,3,atv_sherp+rc_car+truck_peterbilt,ok,ok,benchmark,0,
S4_hoverpairs_a_f000040.jpg,S4_hoverpairs_a,40,3,atv_sherp+rc_car+truck_peterbilt,ok,ok,benchmark,0,
S4_hoverpairs_a_f000041.jpg,S4_hoverpairs_a,41,3,atv_sherp+rc_car+truck_peterbilt,ok,ok,benchmark,60,
S4_hoverpairs_a_f000045.jpg,S4_hoverpairs_a,45,3,atv_sherp+rc_car+truck_peterbilt,ok,ok,benchmark,60,
S4_hoverpairs_a_f000053.jpg,S4_hoverpairs_a,53,3,atv_sherp+rc_car+truck_peterbilt,ok,ok,benchmark,60,
S4_hoverpairs_a_f000062.jpg,S4_hoverpairs_a,62,3,atv_sherp+rc_car+truck_peterbilt,ok,ok,benchmark,60,
S4_hoverpairs_a_f000070.jpg,S4_hoverpairs_a,70,3,atv_sherp+rc_car+truck_peterbilt,ok,ok,benchmark,60,
S4_hoverpairs_a_f000079.jpg,S4_hoverpairs_a,79,3,atv_sherp+rc_car+truck_peterbilt,ok,ok,benchmark,60,
S4_hoverpairs_a_f000087.jpg,S4_hoverpairs_a,87,3,atv_sherp+rc_car+truck_peterbilt,ok,ok,benchmark,60,
S4_hoverpairs_a_f000096.jpg,S4_hoverpairs_a,96,3,atv_sherp+rc_car+truck_peterbilt,ok,ok,benchmark,60,
S4_hoverpairs_a_f000105.jpg,S4_hoverpairs_a,105,3,atv_sherp+rc_car+truck_peterbilt,ok,ok,benchmark,60,
S4_hoverpairs_a_f000115.jpg,S4_hoverpairs_a,115,3,atv_sherp+rc_car+truck_peterbilt,ok,ok,benchmark,60,
S4_hoverpairs_a_f000123.jpg,S4_hoverpairs_a,123,3,atv_sherp+rc_car+truck_peterbilt,ok,ok,benchmark,60,
S4_hoverpairs_a_f000132.jpg,S4_hoverpairs_a,132,3,atv_sherp+rc_car+truck_peterbilt,ok,ok,benchmark,60,
S4_hoverpairs_a_f000141.jpg,S4_hoverpairs_a,141,3,atv_sherp+rc_car+truck_peterbilt,ok,ok,benchmark,60,
S4_hoverpairs_a_f000150.jpg,S4_hoverpairs_a,150,3,atv_sherp+rc_car+truck_peterbilt,ok,ok,benchmark,60,
S4_hoverpairs_a_f000158.jpg,S4_hoverpairs_a,158,3,atv_sherp+rc_car+truck_peterbilt,ok,ok,benchmark,60,
S4_hoverpairs_a_f000166.jpg,S4_hoverpairs_a,166,3,atv_sherp+rc_car+truck_peterbilt,ok,ok,benchmark,60,
S4_hoverpairs_a_f000174.jpg,S4_hoverpairs_a,174,3,atv_sherp+rc_car+truck_peterbilt,ok,ok,benchmark,60,
S4_hoverpairs_a_f000181.jpg,S4_hoverpairs_a,181,3,atv_sherp+rc_car+truck_peterbilt,ok,ok,benchmark,60,
S4_hoverpairs_a_f000189.jpg,S4_hoverpairs_a,189,3,atv_sherp+rc_car+truck_peterbilt,ok,ok,benchmark,60,
S4_hoverpairs_a_f000194.jpg,S4_hoverpairs_a,194,3,atv_sherp+rc_car+truck_peterbilt,ok,ok,benchmark,60,
S4_hoverpairs_a_f000204.jpg,S4_hoverpairs_a,204,3,atv_sherp+rc_car+truck_peterbilt,ok,ok,benchmark,60,
S4_hoverpairs_a_f000213.jpg,S4_hoverpairs_a,213,3,atv_sherp+rc_car+truck_peterbilt,ok,ok,benchmark,60,
S4_hoverpairs_a_f000222.jpg,S4_hoverpairs_a,222,3,atv_sherp+rc_car+truck_peterbilt,ok,ok,benchmark,60,
S4_hoverpairs_a_f000231.jpg,S4_hoverpairs_a,231,3,atv_sherp+rc_car+truck_peterbilt,ok,ok,benchmark,60,
S4_hoverpairs_a_f000240.jpg,S4_hoverpairs_a,240,3,atv_sherp+rc_car+truck_peterbilt,ok,ok,benchmark,70,
S4_hoverpairs_a_f000249.jpg,S4_hoverpairs_a,249,3,atv_sherp+rc_car+truck_peterbilt,ok,ok,benchmark,80,
S4_hoverpairs_a_f000258.jpg,S4_hoverpairs_a,258,3,atv_sherp+rc_car+truck_peterbilt,ok,ok,benchmark,90,
S4_hoverpairs_a_f000267.jpg,S4_hoverpairs_a,267,3,atv_sherp+rc_car+truck_peterbilt,ok,ok,benchmark,100,
S4_hoverpairs_a_f000276.jpg,S4_hoverpairs_a,276,3,atv_sherp+rc_car+truck_peterbilt,ok,ok,benchmark,110,
S4_hoverpairs_a_f000285.jpg,S4_hoverpairs_a,285,3,atv_sherp+rc_car+truck_peterbilt,ok,ok,benchmark,120,
S4_hoverpairs_a_f000294.jpg,S4_hoverpairs_a,294,3,atv_sherp+rc_car+truck_peterbilt,ok,ok,benchmark,140,
S4_hoverpairs_a_f000303.jpg,S4_hoverpairs_a,303,3,atv_sherp+rc_car+truck_peterbilt,ok,ok,benchmark,140,
S4_hoverpairs_a_f000311.jpg,S4_hoverpairs_a,311,3,atv_sherp+rc_car+truck_peterbilt,ok,ok,benchmark,140,
S4_hoverpairs_a_f000319.jpg,S4_hoverpairs_a,319,3,atv_sherp+rc_car+truck_peterbilt,ok,ok,benchmark,140,
S4_hoverpairs_a_f000328.jpg,S4_hoverpairs_a,328,3,atv_sherp+rc_car+truck_peterbilt,ok,ok,benchmark,140,
S4_hoverpairs_a_f000336.jpg,S4_hoverpairs_a,336,3,atv_sherp+rc_car+truck_peterbilt,ok,ok,benchmark,140,
S4_hoverpairs_a_f000344.jpg,S4_hoverpairs_a,344,3,atv_sherp+rc_car+truck_peterbilt,ok,ok,benchmark,140,
S4_hoverpairs_a_f000352.jpg,S4_hoverpairs_a,352,3,atv_sherp+rc_car+truck_peterbilt,ok,ok,benchmark,140,
S4_hoverpairs_a_f000360.jpg,S4_hoverpairs_a,360,3,atv_sherp+rc_car+truck_peterbilt,ok,ok,benchmark,140,
S4_hoverpairs_a_f000369.jpg,S4_hoverpairs_a,369,3,atv_sherp+rc_car+truck_peterbilt,ok,ok,benchmark,130,
S4_hoverpairs_a_f000377.jpg,S4_hoverpairs_a,377,3,atv_sherp+rc_car+truck_peterbilt,ok,ok,benchmark,130,
S4_hoverpairs_a_f000386.jpg,S4_hoverpairs_a,386,3,atv_sherp+rc_car+truck_peterbilt,ok,ok,benchmark,140,
S4_hoverpairs_a_f000395.jpg,S4_hoverpairs_a,395,3,atv_sherp+rc_car+truck_peterbilt,ok,ok,benchmark,140,
S4_hoverpairs_a_f000404.jpg,S4_hoverpairs_a,404,3,atv_sherp+rc_car+truck_peterbilt,ok,ok,benchmark,140,
S4_hoverpairs_a_f000413.jpg,S4_hoverpairs_a,413,3,atv_sherp+rc_car+truck_peterbilt,ok,ok,benchmark,140,
S4_hoverpairs_a_f000421.jpg,S4_hoverpairs_a,421,3,atv_sherp+rc_car+truck_peterbilt,ok,ok,benchmark,140,
S4_hoverpairs_a_f000429.jpg,S4_hoverpairs_a,429,3,atv_sherp+rc_car+truck_peterbilt,ok,ok,benchmark,140,
S4_hoverpairs_a_f000437.jpg,S4_hoverpairs_a,437,3,atv_sherp+rc_car+truck_peterbilt,ok,ok,benchmark,140,
S4_hoverpairs_a_f000444.jpg,S4_hoverpairs_a,444,3,atv_sherp+rc_car+truck_peterbilt,ok,ok,benchmark,140,
S4_hoverpairs_a_f000452.jpg,S4_hoverpairs_a,452,3,atv_sherp+rc_car+truck_peterbilt,ok,ok,benchmark,150,
S4_hoverpairs_a_f000460.jpg,S4_hoverpairs_a,460,3,atv_sherp+rc_car+truck_peterbilt,ok,ok,benchmark,150,
S4_hoverpairs_a_f000469.jpg,S4_hoverpairs_a,469,3,atv_sherp+rc_car+truck_peterbilt,ok,ok,benchmark,150,
S4_hoverpairs_a_f000478.jpg,S4_hoverpairs_a,478,3,atv_sherp+rc_car+truck_peterbilt,ok,ok,benchmark,150,
S4_hoverpairs_a_f000487.jpg,S4_hoverpairs_a,487,3,atv_sherp+rc_car+truck_peterbilt,ok,ok,benchmark,150,
S4_hoverpairs_a_f000496.jpg,S4_hoverpairs_a,496,3,atv_sherp+rc_car+truck_peterbilt,ok,ok,benchmark,150,
S4_hoverpairs_a_f000505.jpg,S4_hoverpairs_a,505,3,atv_sherp+rc_car+truck_peterbilt,ok,ok,benchmark,150,
S4_hoverpairs_a_f000513.jpg,S4_hoverpairs_a,513,3,atv_sherp+rc_car+truck_peterbilt,ok,ok,benchmark,150,
S4_hoverpairs_a_f000520.jpg,S4_hoverpairs_a,520,3,atv_sherp+rc_car+truck_peterbilt,ok,ok,benchmark,150,
S4_hoverpairs_a_f000527.jpg,S4_hoverpairs_a,527,3,atv_sherp+rc_car+truck_peterbilt,ok,ok,benchmark,150,
S4_hoverpairs_a_f000534.jpg,S4_hoverpairs_a,534,3,atv_sherp+rc_car+truck_peterbilt,ok,ok,benchmark,150,
S4_hoverpairs_a_f000541.jpg,S4_hoverpairs_a,541,3,atv_sherp+rc_car+truck_peterbilt,ok,ok,benchmark,150,
S4_hoverpairs_a_f000549.jpg,S4_hoverpairs_a,549,3,atv_sherp+rc_car+truck_peterbilt,ok,ok,benchmark,150,
S4_hoverpairs_a_f000555.jpg,S4_hoverpairs_a,555,3,atv_sherp+rc_car+truck_peterbilt,ok,ok,benchmark,150,
S4_hoverpairs_a_f000557.jpg,S4_hoverpairs_a,557,3,atv_sherp+rc_car+truck_peterbilt,ok,ok,benchmark,150,
S4_hoverpairs_a_f000566.jpg,S4_hoverpairs_a,566,3,atv_sherp+rc_car+truck_peterbilt,ok,ok,benchmark,140,
S4_hoverpairs_a_f000576.jpg,S4_hoverpairs_a,576,3,atv_sherp+rc_car+truck_peterbilt,ok,ok,benchmark,140,
S4_hoverpairs_a_f000584.jpg,S4_hoverpairs_a,584,3,atv_sherp+rc_car+truck_peterbilt,ok,ok,benchmark,140,
S4_hoverpairs_a_f000593.jpg,S4_hoverpairs_a,593,3,atv_sherp+rc_car+truck_peterbilt,ok,ok,benchmark,140,
S4_hoverpairs_a_f000602.jpg,S4_hoverpairs_a,602,3,atv_sherp+rc_car+truck_peterbilt,ok,ok,benchmark,140,
S4_hoverpairs_a_f000611.jpg,S4_hoverpairs_a,611,3,atv_sherp+rc_car+truck_peterbilt,ok,ok,benchmark,140,
S4_hoverpairs_a_f000620.jpg,S4_hoverpairs_a,620,3,atv_sherp+rc_car+truck_peterbilt,ok,ok,benchmark,140,
S4_hoverpairs_a_f000629.jpg,S4_hoverpairs_a,629,3,atv_sherp+rc_car+truck_peterbilt,ok,ok,benchmark,140,
S4_hoverpairs_a_f000638.jpg,S4_hoverpairs_a,638,3,atv_sherp+rc_car+truck_peterbilt,ok,ok,benchmark,140,
S4_hoverpairs_a_f000646.jpg,S4_hoverpairs_a,646,3,atv_sherp+rc_car+truck_peterbilt,ok,ok,benchmark,140,
S4_hoverpairs_a_f000654.jpg,S4_hoverpairs_a,654,3,atv_sherp+rc_car+truck_peterbilt,ok,ok,benchmark,140,
S4_hoverpairs_a_f000661.jpg,S4_hoverpairs_a,661,3,atv_sherp+rc_car+truck_peterbilt,ok,ok,benchmark,140,
S4_hoverpairs_a_f000669.jpg,S4_hoverpairs_a,669,3,atv_sherp+rc_car+truck_peterbilt,ok,ok,benchmark,140,
S4_hoverpairs_a_f000677.jpg,S4_hoverpairs_a,677,3,atv_sherp+rc_car+truck_peterbilt,ok,ok,benchmark,140,
S4_hoverpairs_a_f000685.jpg,S4_hoverpairs_a,685,3,atv_sherp+rc_car+truck_peterbilt,ok,ok,benchmark,140,
S4_hoverpairs_a_f000694.jpg,S4_hoverpairs_a,694,3,atv_sherp+rc_car+truck_peterbilt,ok,ok,benchmark,140,
S4_hoverpairs_a_f000702.jpg,S4_hoverpairs_a,702,3,atv_sherp+rc_car+truck_peterbilt,ok,ok,benchmark,140,
S4_hoverpairs_a_f000710.jpg,S4_hoverpairs_a,710,3,atv_sherp+rc_car+truck_peterbilt,ok,ok,benchmark,140,
S4_hoverpairs_a_f000717.jpg,S4_hoverpairs_a,717,3,atv_sherp+rc_car+truck_peterbilt,ok,ok,benchmark,140,
S4_hoverpairs_a_f000718.jpg,S4_hoverpairs_a,718,3,atv_sherp+rc_car+truck_peterbilt,ok,ok,benchmark,150,
S4_hoverpairs_a_f000724.jpg,S4_hoverpairs_a,724,3,atv_sherp+rc_car+truck_peterbilt,ok,ok,benchmark,150,
S4_hoverpairs_a_f000733.jpg,S4_hoverpairs_a,733,3,atv_sherp+rc_car+truck_peterbilt,ok,ok,benchmark,150,
S4_hoverpairs_a_f000741.jpg,S4_hoverpairs_a,741,3,atv_sherp+rc_car+truck_peterbilt,ok,ok,benchmark,150,
S4_hoverpairs_a_f000750.jpg,S4_hoverpairs_a,750,3,atv_sherp+rc_car+truck_peterbilt,ok,ok,benchmark,150,
S4_hoverpairs_a_f000758.jpg,S4_hoverpairs_a,758,3,atv_sherp+rc_car+truck_peterbilt,ok,ok,benchmark,150,
S4_hoverpairs_a_f000766.jpg,S4_hoverpairs_a,766,3,atv_sherp+rc_car+truck_peterbilt,ok,ok,benchmark,150,
S4_hoverpairs_a_f000775.jpg,S4_hoverpairs_a,775,3,atv_sherp+rc_car+truck_peterbilt,ok,ok,benchmark,150,
S4_hoverpairs_a_f000783.jpg,S4_hoverpairs_a,783,3,atv_sherp+rc_car+truck_peterbilt,ok,ok,benchmark,140,
S4_hoverpairs_a_f000793.jpg,S4_hoverpairs_a,793,3,atv_sherp+rc_car+truck_peterbilt,ok,ok,benchmark,140,
S4_hoverpairs_a_f000801.jpg,S4_hoverpairs_a,801,3,atv_sherp+rc_car+truck_peterbilt,ok,ok,benchmark,140,
S4_hoverpairs_a_f000810.jpg,S4_hoverpairs_a,810,3,atv_sherp+rc_car+truck_peterbilt,ok,ok,benchmark,140,
S4_hoverpairs_a_f000818.jpg,S4_hoverpairs_a,818,3,atv_sherp+rc_car+truck_peterbilt,ok,ok,benchmark,140,
S4_hoverpairs_a_f000826.jpg,S4_hoverpairs_a,826,3,atv_sherp+rc_car+truck_peterbilt,ok,ok,benchmark,150,
S4_hoverpairs_a_f000835.jpg,S4_hoverpairs_a,835,3,atv_sherp+rc_car+truck_peterbilt,ok,ok,benchmark,150,
S4_hoverpairs_a_f000843.jpg,S4_hoverpairs_a,843,3,atv_sherp+rc_car+truck_peterbilt,ok,ok,benchmark,150,
S4_hoverpairs_a_f000851.jpg,S4_hoverpairs_a,851,3,atv_sherp+rc_car+truck_peterbilt,ok,ok,benchmark,150,
S4_hoverpairs_a_f000858.jpg,S4_hoverpairs_a,858,3,atv_sherp+rc_car+truck_peterbilt,ok,ok,benchmark,140,
S4_hoverpairs_a_f000865.jpg,S4_hoverpairs_a,865,3,atv_sherp+rc_car+truck_peterbilt,ok,ok,benchmark,140,
S4_hoverpairs_a_f000872.jpg,S4_hoverpairs_a,872,3,atv_sherp+rc_car+truck_peterbilt,ok,ok,benchmark,140,
S4_hoverpairs_a_f000879.jpg,S4_hoverpairs_a,879,3,atv_sherp+rc_car+truck_peterbilt,ok,ok,benchmark,140,
S4_hoverpairs_a_f000887.jpg,S4_hoverpairs_a,887,3,atv_sherp+rc_car+truck_peterbilt,ok,ok,benchmark,140,
S4_hoverpairs_a_f000895.jpg,S4_hoverpairs_a,895,3,atv_sherp+rc_car+truck_peterbilt,ok,ok,benchmark,140,
S4_hoverpairs_a_f000903.jpg,S4_hoverpairs_a,903,3,atv_sherp+rc_car+truck_peterbilt,ok,ok,benchmark,140,
S4_hoverpairs_a_f000912.jpg,S4_hoverpairs_a,912,3,atv_sherp+rc_car+truck_peterbilt,ok,ok,benchmark,140,
S4_hoverpairs_a_f000921.jpg,S4_hoverpairs_a,921,3,atv_sherp+rc_car+truck_peterbilt,ok,ok,benchmark,140,
S4_hoverpairs_a_f000930.jpg,S4_hoverpairs_a,930,3,atv_sherp+rc_car+truck_peterbilt,ok,ok,benchmark,150,
S4_hoverpairs_a_f000939.jpg,S4_hoverpairs_a,939,3,atv_sherp+rc_car+truck_peterbilt,ok,ok,benchmark,150,
S4_hoverpairs_a_f000948.jpg,S4_hoverpairs_a,948,3,atv_sherp+rc_car+truck_peterbilt,ok,ok,benchmark,150,
S4_hoverpairs_a_f000956.jpg,S4_hoverpairs_a,956,3,atv_sherp+rc_car+truck_peterbilt,ok,ok,benchmark,150,
S4_hoverpairs_a_f000965.jpg,S4_hoverpairs_a,965,3,atv_sherp+rc_car+truck_peterbilt,ok,ok,benchmark,150,
S4_hoverpairs_a_f000973.jpg,S4_hoverpairs_a,973,3,atv_sherp+rc_car+truck_peterbilt,ok,ok,benchmark,150,
S4_hoverpairs_a_f000982.jpg,S4_hoverpairs_a,982,3,atv_sherp+rc_car+truck_peterbilt,ok,ok,benchmark,140,
S4_hoverpairs_a_f000989.jpg,S4_hoverpairs_a,989,3,atv_sherp+rc_car+truck_peterbilt,ok,ok,benchmark,140,
S4_hoverpairs_a_f000990.jpg,S4_hoverpairs_a,990,3,atv_sherp+rc_car+truck_peterbilt,ok,ok,benchmark,140,
S4_hoverpairs_a_f000997.jpg,S4_hoverpairs_a,997,3,atv_sherp+rc_car+truck_peterbilt,ok,ok,benchmark,140,
S4_hoverpairs_a_f001005.jpg,S4_hoverpairs_a,1005,3,atv_sherp+rc_car+truck_peterbilt,ok,ok,benchmark,140,
S4_hoverpairs_a_f001013.jpg,S4_hoverpairs_a,1013,3,atv_sherp+rc_car+truck_peterbilt,ok,ok,benchmark,140,
S4_hoverpairs_a_f001022.jpg,S4_hoverpairs_a,1022,3,atv_sherp+rc_car+truck_peterbilt,ok,ok,benchmark,150,
S4_hoverpairs_a_f001030.jpg,S4_hoverpairs_a,1030,3,atv_sherp+rc_car+truck_peterbilt,ok,ok,benchmark,150,
S4_hoverpairs_a_f001038.jpg,S4_hoverpairs_a,1038,3,atv_sherp+rc_car+truck_peterbilt,ok,ok,benchmark,150,
S4_hoverpairs_a_f001046.jpg,S4_hoverpairs_a,1046,3,atv_sherp+rc_car+truck_peterbilt,ok,ok,benchmark,150,
S4_hoverpairs_a_f001054.jpg,S4_hoverpairs_a,1054,3,atv_sherp+rc_car+truck_peterbilt,ok,ok,benchmark,150,
S4_hoverpairs_a_f001063.jpg,S4_hoverpairs_a,1063,3,atv_sherp+rc_car+truck_peterbilt,ok,ok,benchmark,160,
S4_hoverpairs_a_f001071.jpg,S4_hoverpairs_a,1071,3,atv_sherp+rc_car+truck_peterbilt,ok,ok,benchmark,160,
S4_hoverpairs_a_f001079.jpg,S4_hoverpairs_a,1079,3,atv_sherp+rc_car+truck_peterbilt,ok,ok,benchmark,160,
S4_hoverpairs_a_f001086.jpg,S4_hoverpairs_a,1086,3,atv_sherp+rc_car+truck_peterbilt,ok,ok,benchmark,160,
S4_hoverpairs_a_f001094.jpg,S4_hoverpairs_a,1094,3,atv_sherp+rc_car+truck_peterbilt,ok,ok,benchmark,160,
S4_hoverpairs_a_f001102.jpg,S4_hoverpairs_a,1102,3,atv_sherp+rc_car+truck_peterbilt,ok,ok,benchmark,160,
S4_hoverpairs_a_f001110.jpg,S4_hoverpairs_a,1110,3,atv_sherp+rc_car+truck_peterbilt,ok,ok,benchmark,160,
S4_hoverpairs_a_f001118.jpg,S4_hoverpairs_a,1118,3,atv_sherp+rc_car+truck_peterbilt,ok,ok,benchmark,160,
S4_hoverpairs_a_f001126.jpg,S4_hoverpairs_a,1126,3,atv_sherp+rc_car+truck_peterbilt,ok,ok,benchmark,160,
S4_hoverpairs_a_f001134.jpg,S4_hoverpairs_a,1134,3,atv_sherp+rc_car+truck_peterbilt,ok,ok,benchmark,160,
S4_hoverpairs_a_f001141.jpg,S4_hoverpairs_a,1141,3,atv_sherp+rc_car+truck_peterbilt,ok,ok,benchmark,160,
S4_hoverpairs_a_f001147.jpg,S4_hoverpairs_a,1147,3,atv_sherp+rc_car+truck_peterbilt,ok,ok,benchmark,160,
S4_hoverpairs_a_f001155.jpg,S4_hoverpairs_a,1155,3,atv_sherp+rc_car+truck_peterbilt,ok,ok,benchmark,160,
S4_hoverpairs_a_f001163.jpg,S4_hoverpairs_a,1163,3,atv_sherp+rc_car+truck_peterbilt,ok,ok,benchmark,160,
S4_hoverpairs_a_f001171.jpg,S4_hoverpairs_a,1171,3,atv_sherp+rc_car+truck_peterbilt,ok,ok,benchmark,160,
S4_hoverpairs_a_f001178.jpg,S4_hoverpairs_a,1178,3,atv_sherp+rc_car+truck_peterbilt,ok,ok,benchmark,160,
S4_hoverpairs_a_f001186.jpg,S4_hoverpairs_a,1186,3,atv_sherp+rc_car+truck_peterbilt,ok,ok,benchmark,160,
S4_hoverpairs_a_f001193.jpg,S4_hoverpairs_a,1193,3,atv_sherp+rc_car+truck_peterbilt,ok,ok,benchmark,170,
S4_hoverpairs_a_f001200.jpg,S4_hoverpairs_a,1200,3,atv_sherp+rc_car+truck_peterbilt,ok,ok,benchmark,180,
S4_hoverpairs_a_f001208.jpg,S4_hoverpairs_a,1208,3,atv_sherp+rc_car+truck_peterbilt,ok,ok,benchmark,190,
S4_hoverpairs_a_f001216.jpg,S4_hoverpairs_a,1216,3,atv_sherp+rc_car+truck_peterbilt,ok,ok,benchmark,190,
S4_hoverpairs_a_f001224.jpg,S4_hoverpairs_a,1224,3,atv_sherp+rc_car+truck_peterbilt,ok,ok,benchmark,210,
S4_hoverpairs_a_f001232.jpg,S4_hoverpairs_a,1232,3,atv_sherp+rc_car+truck_peterbilt,ok,ok,benchmark,220,
S4_hoverpairs_a_f001241.jpg,S4_hoverpairs_a,1241,3,atv_sherp+rc_car+truck_peterbilt,ok,ok,benchmark,230,
S4_hoverpairs_a_f001248.jpg,S4_hoverpairs_a,1248,3,atv_sherp+rc_car+truck_peterbilt,ok,ok,benchmark,230,
S4_hoverpairs_a_f001256.jpg,S4_hoverpairs_a,1256,3,atv_sherp+rc_car+truck_peterbilt,ok,ok,benchmark,240,
S4_hoverpairs_a_f001264.jpg,S4_hoverpairs_a,1264,3,atv_sherp+rc_car+truck_peterbilt,ok,ok,benchmark,250,
S4_hoverpairs_a_f001272.jpg,S4_hoverpairs_a,1272,3,atv_sherp+rc_car+truck_peterbilt,ok,ok,benchmark,250,
S4_hoverpairs_a_f001281.jpg,S4_hoverpairs_a,1281,3,atv_sherp+rc_car+truck_peterbilt,ok,ok,benchmark,250,
S4_hoverpairs_a_f001287.jpg,S4_hoverpairs_a,1287,3,atv_sherp+rc_car+truck_peterbilt,ok,ok,benchmark,250,
S4_hoverpairs_a_f001288.jpg,S4_hoverpairs_a,1288,3,atv_sherp+rc_car+truck_peterbilt,ok,ok,benchmark,250,
S4_hoverpairs_a_f001294.jpg,S4_hoverpairs_a,1294,3,atv_sherp+rc_car+truck_peterbilt,ok,ok,benchmark,250,
S4_hoverpairs_a_f001302.jpg,S4_hoverpairs_a,1302,3,atv_sherp+rc_car+truck_peterbilt,ok,ok,benchmark,250,
S4_hoverpairs_a_f001310.jpg,S4_hoverpairs_a,1310,3,atv_sherp+rc_car+truck_peterbilt,ok,ok,benchmark,260,
S4_hoverpairs_a_f001318.jpg,S4_hoverpairs_a,1318,3,atv_sherp+rc_car+truck_peterbilt,ok,ok,benchmark,270,
S4_hoverpairs_a_f001327.jpg,S4_hoverpairs_a,1327,3,atv_sherp+rc_car+truck_peterbilt,ok,ok,benchmark,280,
S4_hoverpairs_a_f001336.jpg,S4_hoverpairs_a,1336,3,atv_sherp+rc_car+truck_peterbilt,ok,ok,benchmark,290,
S4_hoverpairs_a_f001345.jpg,S4_hoverpairs_a,1345,3,atv_sherp+rc_car+truck_peterbilt,ok,ok,benchmark,290,
S4_hoverpairs_a_f001355.jpg,S4_hoverpairs_a,1355,3,atv_sherp+rc_car+truck_peterbilt,ok,ok,benchmark,310,
S4_hoverpairs_a_f001364.jpg,S4_hoverpairs_a,1364,3,atv_sherp+rc_car+truck_peterbilt,ok,ok,benchmark,310,
S4_hoverpairs_a_f001372.jpg,S4_hoverpairs_a,1372,3,atv_sherp+rc_car+truck_peterbilt,ok,ok,benchmark,320,
S4_hoverpairs_a_f001381.jpg,S4_hoverpairs_a,1381,3,atv_sherp+rc_car+truck_peterbilt,ok,ok,benchmark,330,
S4_hoverpairs_a_f001388.jpg,S4_hoverpairs_a,1388,3,atv_sherp+rc_car+truck_peterbilt,ok,ok,benchmark,330,
S4_hoverpairs_a_f001396.jpg,S4_hoverpairs_a,1396,2,atv_sherp+rc_car,ok,ok,benchmark,330,
S4_hoverpairs_a_f001403.jpg,S4_hoverpairs_a,1403,3,atv_sherp+rc_car+truck_peterbilt,ok,ok,benchmark,330,
S4_hoverpairs_a_f001411.jpg,S4_hoverpairs_a,1411,3,atv_sherp+rc_car+truck_peterbilt,ok,ok,benchmark,330,
S4_hoverpairs_a_f001418.jpg,S4_hoverpairs_a,1418,3,atv_sherp+rc_car+truck_peterbilt,ok,ok,benchmark,320,
S4_hoverpairs_a_f001425.jpg,S4_hoverpairs_a,1425,3,atv_sherp+rc_car+truck_peterbilt,ok,ok,benchmark,320,
S4_hoverpairs_a_f001432.jpg,S4_hoverpairs_a,1432,3,atv_sherp+rc_car+truck_peterbilt,ok,ok,benchmark,320,
S4_hoverpairs_a_f001440.jpg,S4_hoverpairs_a,1440,3,atv_sherp+rc_car+truck_peterbilt,ok,ok,benchmark,330,
S4_hoverpairs_a_f001447.jpg,S4_hoverpairs_a,1447,3,atv_sherp+rc_car+truck_peterbilt,ok,ok,benchmark,330,
S4_hoverpairs_a_f001455.jpg,S4_hoverpairs_a,1455,3,atv_sherp+rc_car+truck_peterbilt,ok,ok,benchmark,330,
S4_hoverpairs_a_f001464.jpg,S4_hoverpairs_a,1464,3,atv_sherp+rc_car+truck_peterbilt,ok,ok,benchmark,330,
S4_hoverpairs_a_f001472.jpg,S4_hoverpairs_a,1472,3,atv_sherp+rc_car+truck_peterbilt,ok,ok,benchmark,340,
S4_hoverpairs_a_f001480.jpg,S4_hoverpairs_a,1480,3,atv_sherp+rc_car+truck_peterbilt,ok,ok,benchmark,350,
S4_hoverpairs_a_f001488.jpg,S4_hoverpairs_a,1488,3,atv_sherp+rc_car+truck_peterbilt,ok,ok,benchmark,370,
S4_hoverpairs_a_f001497.jpg,S4_hoverpairs_a,1497,3,atv_sherp+rc_car+truck_peterbilt,ok,ok,benchmark,370,
S4_hoverpairs_a_f001506.jpg,S4_hoverpairs_a,1506,3,atv_sherp+rc_car+truck_peterbilt,ok,ok,benchmark,370,
S4_hoverpairs_a_f001515.jpg,S4_hoverpairs_a,1515,3,atv_sherp+rc_car+truck_peterbilt,ok,ok,benchmark,360,
S4_hoverpairs_a_f001524.jpg,S4_hoverpairs_a,1524,3,atv_sherp+rc_car+truck_peterbilt,ok,ok,benchmark,360,
S4_hoverpairs_a_f001534.jpg,S4_hoverpairs_a,1534,3,atv_sherp+rc_car+truck_peterbilt,ok,ok,benchmark,370,
S4_hoverpairs_a_f001543.jpg,S4_hoverpairs_a,1543,3,atv_sherp+rc_car+truck_peterbilt,ok,ok,benchmark,370,
S4_hoverpairs_a_f001552.jpg,S4_hoverpairs_a,1552,3,atv_sherp+rc_car+truck_peterbilt,ok,ok,benchmark,370,
S4_hoverpairs_a_f001560.jpg,S4_hoverpairs_a,1560,3,atv_sherp+rc_car+truck_peterbilt,ok,ok,benchmark,370,
S4_hoverpairs_a_f001568.jpg,S4_hoverpairs_a,1568,3,atv_sherp+rc_car+truck_peterbilt,ok,ok,benchmark,380,
S4_hoverpairs_a_f001576.jpg,S4_hoverpairs_a,1576,3,atv_sherp+rc_car+truck_peterbilt,ok,ok,benchmark,380,
S4_hoverpairs_a_f001584.jpg,S4_hoverpairs_a,1584,3,atv_sherp+rc_car+truck_peterbilt,ok,ok,benchmark,380,
S4_hoverpairs_a_f001592.jpg,S4_hoverpairs_a,1592,3,atv_sherp+rc_car+truck_peterbilt,ok,ok,benchmark,390,
S4_hoverpairs_a_f001600.jpg,S4_hoverpairs_a,1600,3,atv_sherp+rc_car+truck_peterbilt,ok,ok,benchmark,400,
S4_hoverpairs_a_f001608.jpg,S4_hoverpairs_a,1608,3,atv_sherp+rc_car+truck_peterbilt,ok,ok,benchmark,410,
S4_hoverpairs_a_f001616.jpg,S4_hoverpairs_a,1616,3,atv_sherp+rc_car+truck_peterbilt,ok,ok,benchmark,410,
S4_hoverpairs_a_f001624.jpg,S4_hoverpairs_a,1624,3,atv_sherp+rc_car+truck_peterbilt,ok,ok,benchmark,420,
S4_hoverpairs_a_f001631.jpg,S4_hoverpairs_a,1631,3,atv_sherp+rc_car+truck_peterbilt,ok,ok,benchmark,420,
S4_hoverpairs_a_f001639.jpg,S4_hoverpairs_a,1639,3,atv_sherp+rc_car+truck_peterbilt,ok,ok,benchmark,420,
S4_hoverpairs_a_f001647.jpg,S4_hoverpairs_a,1647,3,atv_sherp+rc_car+truck_peterbilt,ok,ok,benchmark,420,
S4_hoverpairs_a_f001655.jpg,S4_hoverpairs_a,1655,3,atv_sherp+rc_car+truck_peterbilt,ok,ok,benchmark,420,
S4_hoverpairs_a_f001663.jpg,S4_hoverpairs_a,1663,3,atv_sherp+rc_car+truck_peterbilt,ok,ok,benchmark,420,
S4_hoverpairs_a_f001671.jpg,S4_hoverpairs_a,1671,3,atv_sherp+rc_car+truck_peterbilt,ok,ok,benchmark,420,
S4_hoverpairs_a_f001679.jpg,S4_hoverpairs_a,1679,3,atv_sherp+rc_car+truck_peterbilt,ok,ok,benchmark,430,
S4_hoverpairs_a_f001687.jpg,S4_hoverpairs_a,1687,3,atv_sherp+rc_car+truck_peterbilt,ok,ok,benchmark,430,
S4_hoverpairs_a_f001695.jpg,S4_hoverpairs_a,1695,3,atv_sherp+rc_car+truck_peterbilt,ok,ok,benchmark,440,
S4_hoverpairs_a_f001703.jpg,S4_hoverpairs_a,1703,3,atv_sherp+rc_car+truck_peterbilt,ok,ok,benchmark,440,
S4_hoverpairs_a_f001711.jpg,S4_hoverpairs_a,1711,3,atv_sherp+rc_car+truck_peterbilt,ok,ok,benchmark,440,
S4_hoverpairs_a_f001720.jpg,S4_hoverpairs_a,1720,3,atv_sherp+rc_car+truck_peterbilt,ok,ok,benchmark,450,
S4_hoverpairs_a_f001729.jpg,S4_hoverpairs_a,1729,3,atv_sherp+rc_car+truck_peterbilt,ok,ok,benchmark,460,
S4_hoverpairs_a_f001737.jpg,S4_hoverpairs_a,1737,3,atv_sherp+rc_car+truck_peterbilt,ok,ok,benchmark,460,
S4_hoverpairs_a_f001746.jpg,S4_hoverpairs_a,1746,3,atv_sherp+rc_car+truck_peterbilt,ok,ok,benchmark,470,
S4_hoverpairs_a_f001755.jpg,S4_hoverpairs_a,1755,3,atv_sherp+rc_car+truck_peterbilt,ok,ok,benchmark,470,
S4_hoverpairs_a_f001763.jpg,S4_hoverpairs_a,1763,3,atv_sherp+rc_car+truck_peterbilt,ok,ok,benchmark,480,
S4_hoverpairs_a_f001772.jpg,S4_hoverpairs_a,1772,3,atv_sherp+rc_car+truck_peterbilt,ok,ok,benchmark,480,
S4_hoverpairs_a_f001780.jpg,S4_hoverpairs_a,1780,3,atv_sherp+rc_car+truck_peterbilt,ok,ok,benchmark,480,
S4_hoverpairs_a_f001788.jpg,S4_hoverpairs_a,1788,3,atv_sherp+rc_car+truck_peterbilt,ok,ok,benchmark,480,
S4_hoverpairs_a_f001796.jpg,S4_hoverpairs_a,1796,3,atv_sherp+rc_car+truck_peterbilt,ok,ok,benchmark,480,
S4_hoverpairs_a_f001804.jpg,S4_hoverpairs_a,1804,3,atv_sherp+rc_car+truck_peterbilt,ok,ok,benchmark,490,
S4_hoverpairs_a_f001813.jpg,S4_hoverpairs_a,1813,3,atv_sherp+rc_car+truck_peterbilt,ok,ok,benchmark,490,
S4_hoverpairs_a_f001821.jpg,S4_hoverpairs_a,1821,3,atv_sherp+rc_car+truck_peterbilt,ok,ok,benchmark,490,
S4_hoverpairs_a_f001829.jpg,S4_hoverpairs_a,1829,3,atv_sherp+rc_car+truck_peterbilt,ok,ok,benchmark,490,
S4_hoverpairs_a_f001837.jpg,S4_hoverpairs_a,1837,3,atv_sherp+rc_car+truck_peterbilt,ok,ok,benchmark,490,
S4_hoverpairs_a_f001845.jpg,S4_hoverpairs_a,1845,3,atv_sherp+rc_car+truck_peterbilt,ok,ok,benchmark,490,
S4_hoverpairs_a_f001853.jpg,S4_hoverpairs_a,1853,3,atv_sherp+rc_car+truck_peterbilt,ok,ok,benchmark,490,
S4_hoverpairs_a_f001861.jpg,S4_hoverpairs_a,1861,3,atv_sherp+rc_car+truck_peterbilt,ok,ok,benchmark,490,
S4_hoverpairs_a_f001869.jpg,S4_hoverpairs_a,1869,3,atv_sherp+rc_car+truck_peterbilt,ok,ok,benchmark,490,
S4_hoverpairs_a_f001878.jpg,S4_hoverpairs_a,1878,3,atv_sherp+rc_car+truck_peterbilt,ok,ok,benchmark,490,
S4_hoverpairs_a_f001886.jpg,S4_hoverpairs_a,1886,3,atv_sherp+rc_car+truck_peterbilt,ok,ok,benchmark,490,
S4_hoverpairs_a_f001894.jpg,S4_hoverpairs_a,1894,3,atv_sherp+rc_car+truck_peterbilt,ok,ok,benchmark,490,
S4_hoverpairs_a_f001903.jpg,S4_hoverpairs_a,1903,3,atv_sherp+rc_car+truck_peterbilt,ok,ok,benchmark,490,
S4_hoverpairs_a_f001911.jpg,S4_hoverpairs_a,1911,3,atv_sherp+rc_car+truck_peterbilt,ok,ok,benchmark,500,
S4_hoverpairs_a_f001920.jpg,S4_hoverpairs_a,1920,3,atv_sherp+rc_car+truck_peterbilt,ok,ok,benchmark,500,
S4_hoverpairs_a_f001928.jpg,S4_hoverpairs_a,1928,3,atv_sherp+rc_car+truck_peterbilt,ok,ok,benchmark,500,
S4_hoverpairs_a_f001937.jpg,S4_hoverpairs_a,1937,3,atv_sherp+rc_car+truck_peterbilt,ok,ok,benchmark,500,
S4_hoverpairs_a_f001945.jpg,S4_hoverpairs_a,1945,3,atv_sherp+rc_car+truck_peterbilt,ok,ok,benchmark,500,
S4_hoverpairs_a_f001954.jpg,S4_hoverpairs_a,1954,3,atv_sherp+rc_car+truck_peterbilt,ok,ok,benchmark,500,
S4_hoverpairs_a_f001963.jpg,S4_hoverpairs_a,1963,3,atv_sherp+rc_car+truck_peterbilt,ok,ok,benchmark,500,
S4_hoverpairs_a_f001972.jpg,S4_hoverpairs_a,1972,3,atv_sherp+rc_car+truck_peterbilt,ok,ok,benchmark,500,
S4_hoverpairs_a_f001980.jpg,S4_hoverpairs_a,1980,3,atv_sherp+rc_car+truck_peterbilt,ok,ok,benchmark,490,
S4_hoverpairs_a_f001989.jpg,S4_hoverpairs_a,1989,3,atv_sherp+rc_car+truck_peterbilt,ok,ok,benchmark,500,
S4_hoverpairs_a_f001997.jpg,S4_hoverpairs_a,1997,3,atv_sherp+rc_car+truck_peterbilt,ok,ok,benchmark,500,
S4_hoverpairs_a_f002006.jpg,S4_hoverpairs_a,2006,3,atv_sherp+rc_car+truck_peterbilt,ok,ok,benchmark,510,
S4_hoverpairs_a_f002014.jpg,S4_hoverpairs_a,2014,3,atv_sherp+rc_car+truck_peterbilt,ok,ok,benchmark,500,
S4_hoverpairs_a_f002022.jpg,S4_hoverpairs_a,2022,3,atv_sherp+rc_car+truck_peterbilt,ok,ok,benchmark,500,
S4_hoverpairs_a_f002030.jpg,S4_hoverpairs_a,2030,3,atv_sherp+rc_car+truck_peterbilt,ok,ok,benchmark,500,
S4_hoverpairs_a_f002038.jpg,S4_hoverpairs_a,2038,3,atv_sherp+rc_car+truck_peterbilt,ok,ok,benchmark,500,
S4_hoverpairs_a_f002045.jpg,S4_hoverpairs_a,2045,3,atv_sherp+rc_car+truck_peterbilt,ok,ok,benchmark,500,
S4_hoverpairs_a_f002052.jpg,S4_hoverpairs_a,2052,3,atv_sherp+rc_car+truck_peterbilt,ok,ok,benchmark,500,
S4_hoverpairs_a_f002059.jpg,S4_hoverpairs_a,2059,3,atv_sherp+rc_car+truck_peterbilt,ok,ok,benchmark,500,
S4_hoverpairs_a_f002067.jpg,S4_hoverpairs_a,2067,3,atv_sherp+rc_car+truck_peterbilt,ok,ok,benchmark,500,
S4_hoverpairs_a_f002074.jpg,S4_hoverpairs_a,2074,3,atv_sherp+rc_car+truck_peterbilt,ok,ok,benchmark,500,
S4_hoverpairs_a_f002082.jpg,S4_hoverpairs_a,2082,3,atv_sherp+rc_car+truck_peterbilt,ok,ok,benchmark,500,
S4_hoverpairs_a_f002090.jpg,S4_hoverpairs_a,2090,3,atv_sherp+rc_car+truck_peterbilt,ok,ok,benchmark,500,
S4_hoverpairs_a_f002099.jpg,S4_hoverpairs_a,2099,3,atv_sherp+rc_car+truck_peterbilt,ok,ok,benchmark,500,
S4_hoverpairs_a_f002107.jpg,S4_hoverpairs_a,2107,3,atv_sherp+rc_car+truck_peterbilt,ok,ok,benchmark,500,
S4_hoverpairs_a_f002115.jpg,S4_hoverpairs_a,2115,3,atv_sherp+rc_car+truck_peterbilt,ok,ok,benchmark,500,
S4_hoverpairs_a_f002123.jpg,S4_hoverpairs_a,2123,3,atv_sherp+rc_car+truck_peterbilt,ok,ok,benchmark,500,
S4_hoverpairs_a_f002131.jpg,S4_hoverpairs_a,2131,3,atv_sherp+rc_car+truck_peterbilt,ok,ok,benchmark,500,
S4_hoverpairs_a_f002140.jpg,S4_hoverpairs_a,2140,3,atv_sherp+rc_car+truck_peterbilt,ok,ok,benchmark,500,
S4_hoverpairs_a_f002148.jpg,S4_hoverpairs_a,2148,3,atv_sherp+rc_car+truck_peterbilt,ok,ok,benchmark,500,
S4_hoverpairs_a_f002156.jpg,S4_hoverpairs_a,2156,3,atv_sherp+rc_car+truck_peterbilt,ok,ok,benchmark,500,
S4_hoverpairs_a_f002164.jpg,S4_hoverpairs_a,2164,3,atv_sherp+rc_car+truck_peterbilt,ok,ok,benchmark,500,
S4_hoverpairs_a_f002172.jpg,S4_hoverpairs_a,2172,3,atv_sherp+rc_car+truck_peterbilt,ok,ok,benchmark,500,
S4_hoverpairs_a_f002181.jpg,S4_hoverpairs_a,2181,3,atv_sherp+rc_car+truck_peterbilt,ok,ok,benchmark,500,
S4_hoverpairs_a_f002190.jpg,S4_hoverpairs_a,2190,3,atv_sherp+rc_car+truck_peterbilt,ok,ok,benchmark,500,
S4_hoverpairs_a_f002199.jpg,S4_hoverpairs_a,2199,3,atv_sherp+rc_car+truck_peterbilt,ok,ok,benchmark,500,
S4_hoverpairs_a_f002207.jpg,S4_hoverpairs_a,2207,3,atv_sherp+rc_car+truck_peterbilt,ok,ok,benchmark,500,
S4_hoverpairs_a_f002215.jpg,S4_hoverpairs_a,2215,3,atv_sherp+rc_car+truck_peterbilt,ok,ok,benchmark,500,
S4_hoverpairs_a_f002223.jpg,S4_hoverpairs_a,2223,3,atv_sherp+rc_car+truck_peterbilt,ok,ok,benchmark,500,
S4_hoverpairs_a_f002231.jpg,S4_hoverpairs_a,2231,3,atv_sherp+rc_car+truck_peterbilt,ok,ok,benchmark,500,
S4_hoverpairs_a_f002240.jpg,S4_hoverpairs_a,2240,3,atv_sherp+rc_car+truck_peterbilt,ok,ok,benchmark,500,
S4_hoverpairs_a_f002248.jpg,S4_hoverpairs_a,2248,3,atv_sherp+rc_car+truck_peterbilt,ok,ok,benchmark,500,
S4_hoverpairs_a_f002257.jpg,S4_hoverpairs_a,2257,3,atv_sherp+rc_car+truck_peterbilt,ok,ok,benchmark,500,
S4_hoverpairs_a_f002265.jpg,S4_hoverpairs_a,2265,3,atv_sherp+rc_car+truck_peterbilt,ok,ok,benchmark,500,
S4_hoverpairs_a_f002274.jpg,S4_hoverpairs_a,2274,3,atv_sherp+rc_car+truck_peterbilt,ok,ok,benchmark,500,
S4_hoverpairs_a_f002282.jpg,S4_hoverpairs_a,2282,3,atv_sherp+rc_car+truck_peterbilt,ok,ok,benchmark,500,
S4_hoverpairs_a_f002290.jpg,S4_hoverpairs_a,2290,3,atv_sherp+rc_car+truck_peterbilt,ok,ok,benchmark,500,
S4_hoverpairs_a_f002298.jpg,S4_hoverpairs_a,2298,3,atv_sherp+rc_car+truck_peterbilt,ok,ok,benchmark,500,
S4_hoverpairs_a_f002306.jpg,S4_hoverpairs_a,2306,3,atv_sherp+rc_car+truck_peterbilt,ok,ok,benchmark,500,
S4_hoverpairs_a_f002315.jpg,S4_hoverpairs_a,2315,3,atv_sherp+rc_car+truck_peterbilt,ok,ok,benchmark,510,
S4_hoverpairs_a_f002324.jpg,S4_hoverpairs_a,2324,3,atv_sherp+rc_car+truck_peterbilt,ok,ok,benchmark,510,
S4_hoverpairs_a_f002333.jpg,S4_hoverpairs_a,2333,3,atv_sherp+rc_car+truck_peterbilt,ok,ok,benchmark,500,
S4_hoverpairs_a_f002342.jpg,S4_hoverpairs_a,2342,3,atv_sherp+rc_car+truck_peterbilt,ok,ok,benchmark,500,
S4_hoverpairs_a_f002351.jpg,S4_hoverpairs_a,2351,3,atv_sherp+rc_car+truck_peterbilt,ok,ok,benchmark,500,
S4_hoverpairs_a_f002360.jpg,S4_hoverpairs_a,2360,3,atv_sherp+rc_car+truck_peterbilt,ok,ok,benchmark,500,
S4_hoverpairs_a_f002368.jpg,S4_hoverpairs_a,2368,3,atv_sherp+rc_car+truck_peterbilt,ok,ok,benchmark,510,
S4_hoverpairs_a_f002376.jpg,S4_hoverpairs_a,2376,3,atv_sherp+rc_car+truck_peterbilt,ok,ok,benchmark,510,
S4_hoverpairs_a_f002383.jpg,S4_hoverpairs_a,2383,3,atv_sherp+rc_car+truck_peterbilt,ok,ok,benchmark,520,
S4_hoverpairs_a_f002390.jpg,S4_hoverpairs_a,2390,3,atv_sherp+rc_car+truck_peterbilt,ok,ok,benchmark,520,
S4_hoverpairs_a_f002397.jpg,S4_hoverpairs_a,2397,3,atv_sherp+rc_car+truck_peterbilt,ok,ok,benchmark,520,
S4_hoverpairs_a_f002404.jpg,S4_hoverpairs_a,2404,3,atv_sherp+rc_car+truck_peterbilt,ok,ok,benchmark,530,
S4_hoverpairs_a_f002412.jpg,S4_hoverpairs_a,2412,3,atv_sherp+rc_car+truck_peterbilt,ok,ok,benchmark,530,
S4_hoverpairs_a_f002419.jpg,S4_hoverpairs_a,2419,3,atv_sherp+rc_car+truck_peterbilt,ok,ok,benchmark,540,
S4_hoverpairs_a_f002428.jpg,S4_hoverpairs_a,2428,3,atv_sherp+rc_car+truck_peterbilt,ok,ok,benchmark,550,
S4_hoverpairs_a_f002435.jpg,S4_hoverpairs_a,2435,3,atv_sherp+rc_car+truck_peterbilt,ok,ok,benchmark,550,
S4_hoverpairs_a_f002443.jpg,S4_hoverpairs_a,2443,3,atv_sherp+rc_car+truck_peterbilt,ok,ok,benchmark,550,
S4_hoverpairs_a_f002451.jpg,S4_hoverpairs_a,2451,3,atv_sherp+rc_car+truck_peterbilt,ok,ok,benchmark,550,
S4_hoverpairs_a_f002459.jpg,S4_hoverpairs_a,2459,3,atv_sherp+rc_car+truck_peterbilt,ok,ok,benchmark,560,
S4_hoverpairs_a_f002467.jpg,S4_hoverpairs_a,2467,3,atv_sherp+rc_car+truck_peterbilt,ok,ok,benchmark,560,
S4_hoverpairs_a_f002475.jpg,S4_hoverpairs_a,2475,3,atv_sherp+rc_car+truck_peterbilt,ok,ok,benchmark,570,
S4_hoverpairs_a_f002483.jpg,S4_hoverpairs_a,2483,3,atv_sherp+rc_car+truck_peterbilt,ok,ok,benchmark,570,
S4_hoverpairs_a_f002491.jpg,S4_hoverpairs_a,2491,3,atv_sherp+rc_car+truck_peterbilt,ok,ok,benchmark,580,
S4_hoverpairs_a_f002499.jpg,S4_hoverpairs_a,2499,3,atv_sherp+rc_car+truck_peterbilt,ok,ok,benchmark,590,
S4_hoverpairs_a_f002507.jpg,S4_hoverpairs_a,2507,0,none,confirmed_empty,ok,benchmark,590,
S4_hoverpairs_a_f002516.jpg,S4_hoverpairs_a,2516,0,none,confirmed_empty,ok,benchmark,590,
S4_hoverpairs_a_f002524.jpg,S4_hoverpairs_a,2524,0,none,confirmed_empty,ok,benchmark,590,
S4_hoverpairs_a_f002533.jpg,S4_hoverpairs_a,2533,0,none,confirmed_empty,ok,benchmark,590,
S4_hoverpairs_a_f002541.jpg,S4_hoverpairs_a,2541,0,none,confirmed_empty,ok,benchmark,590,
S4_hoverpairs_a_f002549.jpg,S4_hoverpairs_a,2549,0,none,confirmed_empty,ok,benchmark,590,
S4_hoverpairs_a_f002557.jpg,S4_hoverpairs_a,2557,0,none,confirmed_empty,ok,benchmark,590,
S4_hoverpairs_a_f002565.jpg,S4_hoverpairs_a,2565,0,none,confirmed_empty,ok,benchmark,590,
S4_hoverpairs_a_f002573.jpg,S4_hoverpairs_a,2573,0,none,confirmed_empty,ok,benchmark,590,
S4_hoverpairs_a_f002581.jpg,S4_hoverpairs_a,2581,0,none,confirmed_empty,ok,benchmark,590,
S4_hoverpairs_a_f002588.jpg,S4_hoverpairs_a,2588,0,none,confirmed_empty,ok,benchmark,590,
S4_hoverpairs_a_f002596.jpg,S4_hoverpairs_a,2596,0,none,confirmed_empty,ok,benchmark,590,
S4_hoverpairs_a_f002604.jpg,S4_hoverpairs_a,2604,0,none,confirmed_empty,ok,benchmark,580,
S4_hoverpairs_a_f002612.jpg,S4_hoverpairs_a,2612,0,none,confirmed_empty,ok,benchmark,570,
S4_hoverpairs_a_f002621.jpg,S4_hoverpairs_a,2621,0,none,confirmed_empty,ok,benchmark,560,
S4_hoverpairs_a_f002630.jpg,S4_hoverpairs_a,2630,0,none,confirmed_empty,ok,benchmark,560,
S4_hoverpairs_a_f002638.jpg,S4_hoverpairs_a,2638,0,none,confirmed_empty,ok,benchmark,550,
S4_hoverpairs_a_f002647.jpg,S4_hoverpairs_a,2647,0,none,confirmed_empty,ok,benchmark,560,
S4_hoverpairs_a_f002655.jpg,S4_hoverpairs_a,2655,0,none,confirmed_empty,ok,benchmark,560,
S4_hoverpairs_a_f002663.jpg,S4_hoverpairs_a,2663,0,none,confirmed_empty,ok,benchmark,560,
S4_hoverpairs_a_f002672.jpg,S4_hoverpairs_a,2672,0,none,confirmed_empty,ok,benchmark,560,
S4_hoverpairs_a_f002681.jpg,S4_hoverpairs_a,2681,0,none,confirmed_empty,ok,benchmark,560,
S4_hoverpairs_a_f002690.jpg,S4_hoverpairs_a,2690,0,none,confirmed_empty,ok,benchmark,560,
S4_hoverpairs_a_f002699.jpg,S4_hoverpairs_a,2699,0,none,confirmed_empty,ok,benchmark,560,
S4_hoverpairs_a_f002708.jpg,S4_hoverpairs_a,2708,0,none,confirmed_empty,ok,benchmark,560,
S4_hoverpairs_a_f002714.jpg,S4_hoverpairs_a,2714,0,none,confirmed_empty,ok,benchmark,560,
S4_hoverpairs_a_f002720.jpg,S4_hoverpairs_a,2720,0,none,confirmed_empty,ok,benchmark,560,
S4_hoverpairs_a_f002726.jpg,S4_hoverpairs_a,2726,0,none,confirmed_empty,ok,benchmark,570,
S4_hoverpairs_a_f002730.jpg,S4_hoverpairs_a,2730,0,none,confirmed_empty,ok,benchmark,560,
S4_hoverpairs_a_f002734.jpg,S4_hoverpairs_a,2734,0,none,confirmed_empty,ok,benchmark,560,
S4_hoverpairs_a_f002739.jpg,S4_hoverpairs_a,2739,0,none,confirmed_empty,ok,benchmark,560,
S4_hoverpairs_a_f002743.jpg,S4_hoverpairs_a,2743,0,none,confirmed_empty,ok,benchmark,560,
S4_hoverpairs_a_f002747.jpg,S4_hoverpairs_a,2747,0,none,confirmed_empty,ok,benchmark,550,
S4_hoverpairs_a_f002752.jpg,S4_hoverpairs_a,2752,0,none,confirmed_empty,ok,benchmark,550,
S4_hoverpairs_a_f002757.jpg,S4_hoverpairs_a,2757,0,none,confirmed_empty,ok,benchmark,550,
S4_hoverpairs_a_f002764.jpg,S4_hoverpairs_a,2764,0,none,confirmed_empty,ok,benchmark,550,
S4_hoverpairs_a_f002770.jpg,S4_hoverpairs_a,2770,0,none,confirmed_empty,ok,benchmark,550,
S4_hoverpairs_a_f002777.jpg,S4_hoverpairs_a,2777,0,none,confirmed_empty,ok,benchmark,560,
S4_hoverpairs_a_f002785.jpg,S4_hoverpairs_a,2785,0,none,confirmed_empty,ok,benchmark,560,
S4_hoverpairs_a_f002791.jpg,S4_hoverpairs_a,2791,0,none,ok,ok,benchmark,560,
S4_hoverpairs_a_f002796.jpg,S4_hoverpairs_a,2796,0,none,ok,ok,benchmark,560,
S4_hoverpairs_a_f002797.jpg,S4_hoverpairs_a,2797,0,none,confirmed_empty,ok,benchmark,560,
S4_hoverpairs_a_f002802.jpg,S4_hoverpairs_a,2802,0,none,confirmed_empty,ok,benchmark,560,
S4_hoverpairs_a_f002809.jpg,S4_hoverpairs_a,2809,0,none,confirmed_empty,ok,benchmark,560,
S4_hoverpairs_a_f002816.jpg,S4_hoverpairs_a,2816,0,none,confirmed_empty,ok,benchmark,560,
S4_hoverpairs_a_f002824.jpg,S4_hoverpairs_a,2824,0,none,confirmed_empty,ok,benchmark,560,
S4_hoverpairs_a_f002831.jpg,S4_hoverpairs_a,2831,0,none,confirmed_empty,ok,benchmark,560,
S4_hoverpairs_a_f002840.jpg,S4_hoverpairs_a,2840,0,none,confirmed_empty,ok,benchmark,570,
S4_hoverpairs_a_f002849.jpg,S4_hoverpairs_a,2849,0,none,confirmed_empty,ok,benchmark,560,
S4_hoverpairs_a_f002857.jpg,S4_hoverpairs_a,2857,0,none,confirmed_empty,ok,benchmark,560,
S4_hoverpairs_a_f002866.jpg,S4_hoverpairs_a,2866,0,none,confirmed_empty,ok,benchmark,560,
S4_hoverpairs_a_f002873.jpg,S4_hoverpairs_a,2873,0,none,confirmed_empty,ok,benchmark,550,
S4_sizesweep_b_f000000.jpg,S4_sizesweep_b,0,3,atv_sherp+rc_car+truck_peterbilt,ok,ok,benchmark,0,
S4_sizesweep_b_f000011.jpg,S4_sizesweep_b,11,3,atv_sherp+rc_car+truck_peterbilt,ok,ok,benchmark,0,
S4_sizesweep_b_f000020.jpg,S4_sizesweep_b,20,3,atv_sherp+rc_car+truck_peterbilt,ok,ok,benchmark,0,
S4_sizesweep_b_f000027.jpg,S4_sizesweep_b,27,3,atv_sherp+rc_car+truck_peterbilt,ok,ok,benchmark,0,
S4_sizesweep_b_f000035.jpg,S4_sizesweep_b,35,3,atv_sherp+rc_car+truck_peterbilt,ok,ok,benchmark,0,
S4_sizesweep_b_f000043.jpg,S4_sizesweep_b,43,3,atv_sherp+rc_car+truck_peterbilt,ok,ok,benchmark,0,
S4_sizesweep_b_f000050.jpg,S4_sizesweep_b,50,3,atv_sherp+rc_car+truck_peterbilt,ok,ok,benchmark,0,
S4_sizesweep_b_f000056.jpg,S4_sizesweep_b,56,3,atv_sherp+rc_car+truck_peterbilt,ok,ok,benchmark,0,
S4_sizesweep_b_f000062.jpg,S4_sizesweep_b,62,3,atv_sherp+rc_car+truck_peterbilt,ok,ok,benchmark,0,
S4_sizesweep_b_f000064.jpg,S4_sizesweep_b,64,3,atv_sherp+rc_car+truck_peterbilt,ok,ok,benchmark,0,
S4_sizesweep_b_f000073.jpg,S4_sizesweep_b,73,3,atv_sherp+rc_car+truck_peterbilt,ok,ok,benchmark,0,
S4_sizesweep_b_f000082.jpg,S4_sizesweep_b,82,3,atv_sherp+rc_car+truck_peterbilt,ok,ok,benchmark,0,
S4_sizesweep_b_f000090.jpg,S4_sizesweep_b,90,3,atv_sherp+rc_car+truck_peterbilt,ok,ok,benchmark,0,
S4_sizesweep_b_f000098.jpg,S4_sizesweep_b,98,3,atv_sherp+rc_car+truck_peterbilt,ok,ok,benchmark,30,
S4_sizesweep_b_f000106.jpg,S4_sizesweep_b,106,3,atv_sherp+rc_car+truck_peterbilt,ok,ok,benchmark,50,
S4_sizesweep_b_f000115.jpg,S4_sizesweep_b,115,3,atv_sherp+rc_car+truck_peterbilt,ok,ok,benchmark,60,
S4_sizesweep_b_f000123.jpg,S4_sizesweep_b,123,3,atv_sherp+rc_car+truck_peterbilt,ok,ok,benchmark,60,
S4_sizesweep_b_f000131.jpg,S4_sizesweep_b,131,0,none,bad_frame,green_corrupt,benchmark,70,
S4_sizesweep_b_f000140.jpg,S4_sizesweep_b,140,0,none,bad_frame,green_corrupt,benchmark,70,
S4_sizesweep_b_f000148.jpg,S4_sizesweep_b,148,0,none,bad_frame,green_corrupt,benchmark,70,
S4_sizesweep_b_f000157.jpg,S4_sizesweep_b,157,3,atv_sherp+rc_car+truck_peterbilt,ok,ok,benchmark,70,
S4_sizesweep_b_f000164.jpg,S4_sizesweep_b,164,3,atv_sherp+rc_car+truck_peterbilt,ok,ok,benchmark,70,
S4_sizesweep_b_f000172.jpg,S4_sizesweep_b,172,3,atv_sherp+rc_car+truck_peterbilt,ok,ok,benchmark,70,
S4_sizesweep_b_f000181.jpg,S4_sizesweep_b,181,3,atv_sherp+rc_car+truck_peterbilt,ok,ok,benchmark,70,
S4_sizesweep_b_f000190.jpg,S4_sizesweep_b,190,3,atv_sherp+rc_car+truck_peterbilt,ok,ok,benchmark,70,
S4_sizesweep_b_f000199.jpg,S4_sizesweep_b,199,3,atv_sherp+rc_car+truck_peterbilt,ok,ok,benchmark,60,
S4_sizesweep_b_f000208.jpg,S4_sizesweep_b,208,3,atv_sherp+rc_car+truck_peterbilt,ok,ok,benchmark,60,
S4_sizesweep_b_f000217.jpg,S4_sizesweep_b,217,3,atv_sherp+rc_car+truck_peterbilt,ok,ok,benchmark,70,
S4_sizesweep_b_f000227.jpg,S4_sizesweep_b,227,3,atv_sherp+rc_car+truck_peterbilt,ok,ok,benchmark,70,
S4_sizesweep_b_f000236.jpg,S4_sizesweep_b,236,3,atv_sherp+rc_car+truck_peterbilt,ok,ok,benchmark,70,
S4_sizesweep_b_f000245.jpg,S4_sizesweep_b,245,3,atv_sherp+rc_car+truck_peterbilt,ok,ok,benchmark,70,
S4_sizesweep_b_f000255.jpg,S4_sizesweep_b,255,3,atv_sherp+rc_car+truck_peterbilt,ok,ok,benchmark,60,
S4_sizesweep_b_f000263.jpg,S4_sizesweep_b,263,3,atv_sherp+rc_car+truck_peterbilt,ok,ok,benchmark,60,
S4_sizesweep_b_f000272.jpg,S4_sizesweep_b,272,3,atv_sherp+rc_car+truck_peterbilt,ok,ok,benchmark,60,
S4_sizesweep_b_f000281.jpg,S4_sizesweep_b,281,3,atv_sherp+rc_car+truck_peterbilt,ok,ok,benchmark,60,
S4_sizesweep_b_f000290.jpg,S4_sizesweep_b,290,3,atv_sherp+rc_car+truck_peterbilt,ok,ok,benchmark,60,
S4_sizesweep_b_f000299.jpg,S4_sizesweep_b,299,3,atv_sherp+rc_car+truck_peterbilt,ok,ok,benchmark,60,
S4_sizesweep_b_f000308.jpg,S4_sizesweep_b,308,3,atv_sherp+rc_car+truck_peterbilt,ok,ok,benchmark,70,
S4_sizesweep_b_f000317.jpg,S4_sizesweep_b,317,3,atv_sherp+rc_car+truck_peterbilt,ok,ok,benchmark,80,
S4_sizesweep_b_f000326.jpg,S4_sizesweep_b,326,3,atv_sherp+rc_car+truck_peterbilt,ok,ok,benchmark,90,
S4_sizesweep_b_f000335.jpg,S4_sizesweep_b,335,3,atv_sherp+rc_car+truck_peterbilt,ok,ok,benchmark,100,
S4_sizesweep_b_f000344.jpg,S4_sizesweep_b,344,3,atv_sherp+rc_car+truck_peterbilt,ok,ok,benchmark,110,
S4_sizesweep_b_f000353.jpg,S4_sizesweep_b,353,3,atv_sherp+rc_car+truck_peterbilt,ok,ok,benchmark,120,
S4_sizesweep_b_f000362.jpg,S4_sizesweep_b,362,3,atv_sherp+rc_car+truck_peterbilt,ok,ok,benchmark,120,
S4_sizesweep_b_f000371.jpg,S4_sizesweep_b,371,3,atv_sherp+rc_car+truck_peterbilt,ok,ok,benchmark,130,
S4_sizesweep_b_f000380.jpg,S4_sizesweep_b,380,3,atv_sherp+rc_car+truck_peterbilt,ok,ok,benchmark,140,
S4_sizesweep_b_f000389.jpg,S4_sizesweep_b,389,3,atv_sherp+rc_car+truck_peterbilt,ok,ok,benchmark,140,
S4_sizesweep_b_f000398.jpg,S4_sizesweep_b,398,3,atv_sherp+rc_car+truck_peterbilt,ok,ok,benchmark,140,
S4_sizesweep_b_f000406.jpg,S4_sizesweep_b,406,3,atv_sherp+rc_car+truck_peterbilt,ok,ok,benchmark,140,
S4_sizesweep_b_f000415.jpg,S4_sizesweep_b,415,3,atv_sherp+rc_car+truck_peterbilt,ok,ok,benchmark,140,
S4_sizesweep_b_f000423.jpg,S4_sizesweep_b,423,3,atv_sherp+rc_car+truck_peterbilt,ok,ok,benchmark,140,
S4_sizesweep_b_f000432.jpg,S4_sizesweep_b,432,3,atv_sherp+rc_car+truck_peterbilt,ok,ok,benchmark,140,
S4_sizesweep_b_f000441.jpg,S4_sizesweep_b,441,3,atv_sherp+rc_car+truck_peterbilt,ok,ok,benchmark,140,
S4_sizesweep_b_f000450.jpg,S4_sizesweep_b,450,3,atv_sherp+rc_car+truck_peterbilt,ok,ok,benchmark,140,
S4_sizesweep_b_f000460.jpg,S4_sizesweep_b,460,3,atv_sherp+rc_car+truck_peterbilt,ok,ok,benchmark,140,
S4_sizesweep_b_f000470.jpg,S4_sizesweep_b,470,3,atv_sherp+rc_car+truck_peterbilt,ok,ok,benchmark,140,
S4_sizesweep_b_f000479.jpg,S4_sizesweep_b,479,3,atv_sherp+rc_car+truck_peterbilt,ok,ok,benchmark,140,
S4_sizesweep_b_f000488.jpg,S4_sizesweep_b,488,3,atv_sherp+rc_car+truck_peterbilt,ok,ok,benchmark,140,
S4_sizesweep_b_f000496.jpg,S4_sizesweep_b,496,3,atv_sherp+rc_car+truck_peterbilt,ok,ok,benchmark,140,
S4_sizesweep_b_f000505.jpg,S4_sizesweep_b,505,3,atv_sherp+rc_car+truck_peterbilt,ok,ok,benchmark,140,
S4_sizesweep_b_f000513.jpg,S4_sizesweep_b,513,3,atv_sherp+rc_car+truck_peterbilt,ok,ok,benchmark,150,
S4_sizesweep_b_f000522.jpg,S4_sizesweep_b,522,3,atv_sherp+rc_car+truck_peterbilt,ok,ok,benchmark,160,
S4_sizesweep_b_f000530.jpg,S4_sizesweep_b,530,3,atv_sherp+rc_car+truck_peterbilt,ok,ok,benchmark,170,
S4_sizesweep_b_f000539.jpg,S4_sizesweep_b,539,3,atv_sherp+rc_car+truck_peterbilt,ok,ok,benchmark,180,
S4_sizesweep_b_f000548.jpg,S4_sizesweep_b,548,3,atv_sherp+rc_car+truck_peterbilt,ok,ok,benchmark,200,
S4_sizesweep_b_f000556.jpg,S4_sizesweep_b,556,3,atv_sherp+rc_car+truck_peterbilt,ok,ok,benchmark,200,
S4_sizesweep_b_f000565.jpg,S4_sizesweep_b,565,3,atv_sherp+rc_car+truck_peterbilt,ok,ok,benchmark,210,
S4_sizesweep_b_f000574.jpg,S4_sizesweep_b,574,3,atv_sherp+rc_car+truck_peterbilt,ok,ok,benchmark,210,
S4_sizesweep_b_f000583.jpg,S4_sizesweep_b,583,3,atv_sherp+rc_car+truck_peterbilt,ok,ok,benchmark,200,
S4_sizesweep_b_f000591.jpg,S4_sizesweep_b,591,3,atv_sherp+rc_car+truck_peterbilt,ok,ok,benchmark,200,
S4_sizesweep_b_f000600.jpg,S4_sizesweep_b,600,3,atv_sherp+rc_car+truck_peterbilt,ok,ok,benchmark,200,
S4_sizesweep_b_f000608.jpg,S4_sizesweep_b,608,3,atv_sherp+rc_car+truck_peterbilt,ok,ok,benchmark,200,
S4_sizesweep_b_f000617.jpg,S4_sizesweep_b,617,3,atv_sherp+rc_car+truck_peterbilt,ok,ok,benchmark,200,
S4_sizesweep_b_f000626.jpg,S4_sizesweep_b,626,3,atv_sherp+rc_car+truck_peterbilt,ok,ok,benchmark,200,
S4_sizesweep_b_f000636.jpg,S4_sizesweep_b,636,3,atv_sherp+rc_car+truck_peterbilt,ok,ok,benchmark,200,
S4_sizesweep_b_f000645.jpg,S4_sizesweep_b,645,3,atv_sherp+rc_car+truck_peterbilt,ok,ok,benchmark,210,
S4_sizesweep_b_f000653.jpg,S4_sizesweep_b,653,3,atv_sherp+rc_car+truck_peterbilt,ok,ok,benchmark,210,
S4_sizesweep_b_f000661.jpg,S4_sizesweep_b,661,3,atv_sherp+rc_car+truck_peterbilt,ok,ok,benchmark,210,
S4_sizesweep_b_f000669.jpg,S4_sizesweep_b,669,3,atv_sherp+rc_car+truck_peterbilt,ok,ok,benchmark,210,
S4_sizesweep_b_f000677.jpg,S4_sizesweep_b,677,3,atv_sherp+rc_car+truck_peterbilt,ok,ok,benchmark,200,
S4_sizesweep_b_f000686.jpg,S4_sizesweep_b,686,3,atv_sherp+rc_car+truck_peterbilt,ok,ok,benchmark,210,
S4_sizesweep_b_f000694.jpg,S4_sizesweep_b,694,3,atv_sherp+rc_car+truck_peterbilt,ok,ok,benchmark,220,
S4_sizesweep_b_f000702.jpg,S4_sizesweep_b,702,3,atv_sherp+rc_car+truck_peterbilt,ok,ok,benchmark,240,
S4_sizesweep_b_f000710.jpg,S4_sizesweep_b,710,3,atv_sherp+rc_car+truck_peterbilt,ok,ok,benchmark,250,
S4_sizesweep_b_f000719.jpg,S4_sizesweep_b,719,3,atv_sherp+rc_car+truck_peterbilt,ok,ok,benchmark,260,
S4_sizesweep_b_f000727.jpg,S4_sizesweep_b,727,3,atv_sherp+rc_car+truck_peterbilt,ok,ok,benchmark,270,
S4_sizesweep_b_f000736.jpg,S4_sizesweep_b,736,3,atv_sherp+rc_car+truck_peterbilt,ok,ok,benchmark,280,
S4_sizesweep_b_f000745.jpg,S4_sizesweep_b,745,3,atv_sherp+rc_car+truck_peterbilt,ok,ok,benchmark,290,
S4_sizesweep_b_f000754.jpg,S4_sizesweep_b,754,3,atv_sherp+rc_car+truck_peterbilt,ok,ok,benchmark,290,
S4_sizesweep_b_f000763.jpg,S4_sizesweep_b,763,3,atv_sherp+rc_car+truck_peterbilt,ok,ok,benchmark,300,
S4_sizesweep_b_f000773.jpg,S4_sizesweep_b,773,3,atv_sherp+rc_car+truck_peterbilt,ok,ok,benchmark,320,
S4_sizesweep_b_f000781.jpg,S4_sizesweep_b,781,3,atv_sherp+rc_car+truck_peterbilt,ok,ok,benchmark,320,
S4_sizesweep_b_f000790.jpg,S4_sizesweep_b,790,3,atv_sherp+rc_car+truck_peterbilt,ok,ok,benchmark,310,
S4_sizesweep_b_f000799.jpg,S4_sizesweep_b,799,3,atv_sherp+rc_car+truck_peterbilt,ok,ok,benchmark,310,
S4_sizesweep_b_f000808.jpg,S4_sizesweep_b,808,3,atv_sherp+rc_car+truck_peterbilt,ok,ok,benchmark,310,
S4_sizesweep_b_f000816.jpg,S4_sizesweep_b,816,3,atv_sherp+rc_car+truck_peterbilt,ok,ok,benchmark,310,
S4_sizesweep_b_f000825.jpg,S4_sizesweep_b,825,3,atv_sherp+rc_car+truck_peterbilt,ok,ok,benchmark,320,
S4_sizesweep_b_f000833.jpg,S4_sizesweep_b,833,3,atv_sherp+rc_car+truck_peterbilt,ok,ok,benchmark,320,
S4_sizesweep_b_f000841.jpg,S4_sizesweep_b,841,3,atv_sherp+rc_car+truck_peterbilt,ok,ok,benchmark,320,
S4_sizesweep_b_f000849.jpg,S4_sizesweep_b,849,3,atv_sherp+rc_car+truck_peterbilt,ok,ok,benchmark,310,
S4_sizesweep_b_f000858.jpg,S4_sizesweep_b,858,3,atv_sherp+rc_car+truck_peterbilt,ok,ok,benchmark,310,
S4_sizesweep_b_f000865.jpg,S4_sizesweep_b,865,3,atv_sherp+rc_car+truck_peterbilt,ok,ok,benchmark,310,
S4_sizesweep_b_f000873.jpg,S4_sizesweep_b,873,3,atv_sherp+rc_car+truck_peterbilt,ok,ok,benchmark,320,
S4_sizesweep_b_f000881.jpg,S4_sizesweep_b,881,3,atv_sherp+rc_car+truck_peterbilt,ok,ok,benchmark,320,
S4_sizesweep_b_f000888.jpg,S4_sizesweep_b,888,3,atv_sherp+rc_car+truck_peterbilt,ok,ok,benchmark,320,
S4_sizesweep_b_f000896.jpg,S4_sizesweep_b,896,3,atv_sherp+rc_car+truck_peterbilt,ok,ok,benchmark,320,
S4_sizesweep_b_f000904.jpg,S4_sizesweep_b,904,3,atv_sherp+rc_car+truck_peterbilt,ok,ok,benchmark,330,
S4_sizesweep_b_f000911.jpg,S4_sizesweep_b,911,3,atv_sherp+rc_car+truck_peterbilt,ok,ok,benchmark,340,
S4_sizesweep_b_f000919.jpg,S4_sizesweep_b,919,3,atv_sherp+rc_car+truck_peterbilt,ok,ok,benchmark,350,
S4_sizesweep_b_f000927.jpg,S4_sizesweep_b,927,3,atv_sherp+rc_car+truck_peterbilt,ok,ok,benchmark,370,
S4_sizesweep_b_f000935.jpg,S4_sizesweep_b,935,3,atv_sherp+rc_car+truck_peterbilt,ok,ok,benchmark,380,
S4_sizesweep_b_f000943.jpg,S4_sizesweep_b,943,3,atv_sherp+rc_car+truck_peterbilt,ok,ok,benchmark,380,
S4_sizesweep_b_f000952.jpg,S4_sizesweep_b,952,3,atv_sherp+rc_car+truck_peterbilt,ok,ok,benchmark,390,
S4_sizesweep_b_f000961.jpg,S4_sizesweep_b,961,3,atv_sherp+rc_car+truck_peterbilt,ok,ok,benchmark,390,
S4_sizesweep_b_f000971.jpg,S4_sizesweep_b,971,3,atv_sherp+rc_car+truck_peterbilt,ok,ok,benchmark,390,
S4_sizesweep_b_f000979.jpg,S4_sizesweep_b,979,3,atv_sherp+rc_car+truck_peterbilt,ok,ok,benchmark,400,
S4_sizesweep_b_f000987.jpg,S4_sizesweep_b,987,3,atv_sherp+rc_car+truck_peterbilt,ok,ok,benchmark,400,
S4_sizesweep_b_f000995.jpg,S4_sizesweep_b,995,3,atv_sherp+rc_car+truck_peterbilt,ok,ok,benchmark,400,
S4_sizesweep_b_f001003.jpg,S4_sizesweep_b,1003,3,atv_sherp+rc_car+truck_peterbilt,ok,ok,benchmark,400,
S4_sizesweep_b_f001011.jpg,S4_sizesweep_b,1011,3,atv_sherp+rc_car+truck_peterbilt,ok,ok,benchmark,390,
S4_sizesweep_b_f001019.jpg,S4_sizesweep_b,1019,3,atv_sherp+rc_car+truck_peterbilt,ok,ok,benchmark,390,
S4_sizesweep_b_f001028.jpg,S4_sizesweep_b,1028,3,atv_sherp+rc_car+truck_peterbilt,ok,ok,benchmark,400,
S4_sizesweep_b_f001036.jpg,S4_sizesweep_b,1036,3,atv_sherp+rc_car+truck_peterbilt,ok,ok,benchmark,400,
S4_sizesweep_b_f001043.jpg,S4_sizesweep_b,1043,3,atv_sherp+rc_car+truck_peterbilt,ok,ok,benchmark,400,
S4_sizesweep_b_f001050.jpg,S4_sizesweep_b,1050,3,atv_sherp+rc_car+truck_peterbilt,ok,ok,benchmark,400,
S4_sizesweep_b_f001056.jpg,S4_sizesweep_b,1056,3,atv_sherp+rc_car+truck_peterbilt,ok,ok,benchmark,400,
S4_sizesweep_b_f001062.jpg,S4_sizesweep_b,1062,3,atv_sherp+rc_car+truck_peterbilt,ok,ok,benchmark,400,
S4_sizesweep_b_f001067.jpg,S4_sizesweep_b,1067,3,atv_sherp+rc_car+truck_peterbilt,ok,ok,benchmark,400,
S4_sizesweep_b_f001072.jpg,S4_sizesweep_b,1072,3,atv_sherp+rc_car+truck_peterbilt,ok,ok,benchmark,400,
S4_sizesweep_b_f001078.jpg,S4_sizesweep_b,1078,3,atv_sherp+rc_car+truck_peterbilt,ok,ok,benchmark,400,
S4_sizesweep_b_f001083.jpg,S4_sizesweep_b,1083,3,atv_sherp+rc_car+truck_peterbilt,ok,ok,benchmark,400,
S4_sizesweep_b_f001089.jpg,S4_sizesweep_b,1089,3,atv_sherp+rc_car+truck_peterbilt,ok,ok,benchmark,400,
S4_sizesweep_b_f001095.jpg,S4_sizesweep_b,1095,3,atv_sherp+rc_car+truck_peterbilt,ok,ok,benchmark,400,
S4_sizesweep_b_f001102.jpg,S4_sizesweep_b,1102,3,atv_sherp+rc_car+truck_peterbilt,ok,ok,benchmark,400,
S4_sizesweep_b_f001109.jpg,S4_sizesweep_b,1109,3,atv_sherp+rc_car+truck_peterbilt,ok,ok,benchmark,410,
S4_sizesweep_b_f001117.jpg,S4_sizesweep_b,1117,3,atv_sherp+rc_car+truck_peterbilt,ok,ok,benchmark,410,
S4_sizesweep_b_f001125.jpg,S4_sizesweep_b,1125,3,atv_sherp+rc_car+truck_peterbilt,ok,ok,benchmark,400,
S4_sizesweep_b_f001133.jpg,S4_sizesweep_b,1133,3,atv_sherp+rc_car+truck_peterbilt,ok,ok,benchmark,400,
S4_sizesweep_b_f001141.jpg,S4_sizesweep_b,1141,3,atv_sherp+rc_car+truck_peterbilt,ok,ok,benchmark,400,
S4_sizesweep_b_f001149.jpg,S4_sizesweep_b,1149,3,atv_sherp+rc_car+truck_peterbilt,ok,ok,benchmark,400,
S4_sizesweep_b_f001157.jpg,S4_sizesweep_b,1157,3,atv_sherp+rc_car+truck_peterbilt,ok,ok,benchmark,400,
S4_sizesweep_b_f001165.jpg,S4_sizesweep_b,1165,3,atv_sherp+rc_car+truck_peterbilt,ok,ok,benchmark,400,
S4_sizesweep_b_f001173.jpg,S4_sizesweep_b,1173,3,atv_sherp+rc_car+truck_peterbilt,ok,ok,benchmark,410,
S4_sizesweep_b_f001180.jpg,S4_sizesweep_b,1180,3,atv_sherp+rc_car+truck_peterbilt,ok,ok,benchmark,410,
S4_sizesweep_b_f001188.jpg,S4_sizesweep_b,1188,3,atv_sherp+rc_car+truck_peterbilt,ok,ok,benchmark,400,
S4_sizesweep_b_f001196.jpg,S4_sizesweep_b,1196,3,atv_sherp+rc_car+truck_peterbilt,ok,ok,benchmark,400,
S4_sizesweep_b_f001204.jpg,S4_sizesweep_b,1204,3,atv_sherp+rc_car+truck_peterbilt,ok,ok,benchmark,400,
S4_sizesweep_b_f001212.jpg,S4_sizesweep_b,1212,3,atv_sherp+rc_car+truck_peterbilt,ok,ok,benchmark,400,
S4_sizesweep_b_f001219.jpg,S4_sizesweep_b,1219,3,atv_sherp+rc_car+truck_peterbilt,ok,ok,benchmark,400,
S4_sizesweep_b_f001227.jpg,S4_sizesweep_b,1227,3,atv_sherp+rc_car+truck_peterbilt,ok,ok,benchmark,400,
S4_sizesweep_b_f001235.jpg,S4_sizesweep_b,1235,3,atv_sherp+rc_car+truck_peterbilt,ok,ok,benchmark,410,
S4_sizesweep_b_f001243.jpg,S4_sizesweep_b,1243,3,atv_sherp+rc_car+truck_peterbilt,ok,ok,benchmark,410,
S4_sizesweep_b_f001252.jpg,S4_sizesweep_b,1252,3,atv_sherp+rc_car+truck_peterbilt,ok,ok,benchmark,410,
S4_sizesweep_b_f001261.jpg,S4_sizesweep_b,1261,3,atv_sherp+rc_car+truck_peterbilt,ok,ok,benchmark,410,
S4_sizesweep_b_f001270.jpg,S4_sizesweep_b,1270,3,atv_sherp+rc_car+truck_peterbilt,ok,ok,benchmark,410,
S4_sizesweep_b_f001278.jpg,S4_sizesweep_b,1278,3,atv_sherp+rc_car+truck_peterbilt,ok,ok,benchmark,410,
S4_sizesweep_b_f001286.jpg,S4_sizesweep_b,1286,3,atv_sherp+rc_car+truck_peterbilt,ok,ok,benchmark,400,
S4_sizesweep_b_f001294.jpg,S4_sizesweep_b,1294,3,atv_sherp+rc_car+truck_peterbilt,ok,ok,benchmark,400,
S4_sizesweep_b_f001303.jpg,S4_sizesweep_b,1303,3,atv_sherp+rc_car+truck_peterbilt,ok,ok,benchmark,400,
S4_sizesweep_b_f001311.jpg,S4_sizesweep_b,1311,3,atv_sherp+rc_car+truck_peterbilt,ok,ok,benchmark,400,
S4_sizesweep_b_f001318.jpg,S4_sizesweep_b,1318,3,atv_sherp+rc_car+truck_peterbilt,ok,ok,benchmark,390,
S4_sizesweep_b_f001326.jpg,S4_sizesweep_b,1326,3,atv_sherp+rc_car+truck_peterbilt,ok,ok,benchmark,400,
S4_sizesweep_b_f001333.jpg,S4_sizesweep_b,1333,3,atv_sherp+rc_car+truck_peterbilt,ok,ok,benchmark,400,
S4_sizesweep_b_f001340.jpg,S4_sizesweep_b,1340,3,atv_sherp+rc_car+truck_peterbilt,ok,ok,benchmark,400,
S4_sizesweep_b_f001347.jpg,S4_sizesweep_b,1347,3,atv_sherp+rc_car+truck_peterbilt,ok,ok,benchmark,400,
S4_sizesweep_b_f001355.jpg,S4_sizesweep_b,1355,3,atv_sherp+rc_car+truck_peterbilt,ok,ok,benchmark,400,
S4_sizesweep_b_f001364.jpg,S4_sizesweep_b,1364,3,atv_sherp+rc_car+truck_peterbilt,ok,ok,benchmark,400,
S4_sizesweep_b_f001373.jpg,S4_sizesweep_b,1373,3,atv_sherp+rc_car+truck_peterbilt,ok,ok,benchmark,400,
S4_sizesweep_b_f001382.jpg,S4_sizesweep_b,1382,3,atv_sherp+rc_car+truck_peterbilt,ok,ok,benchmark,400,
S4_sizesweep_b_f001390.jpg,S4_sizesweep_b,1390,3,atv_sherp+rc_car+truck_peterbilt,ok,ok,benchmark,400,
S4_sizesweep_b_f001397.jpg,S4_sizesweep_b,1397,3,atv_sherp+rc_car+truck_peterbilt,ok,ok,benchmark,400,
S4_sizesweep_b_f001406.jpg,S4_sizesweep_b,1406,3,atv_sherp+rc_car+truck_peterbilt,ok,ok,benchmark,400,
S4_sizesweep_b_f001415.jpg,S4_sizesweep_b,1415,3,atv_sherp+rc_car+truck_peterbilt,ok,ok,benchmark,400,
S4_sizesweep_b_f001424.jpg,S4_sizesweep_b,1424,3,atv_sherp+rc_car+truck_peterbilt,ok,ok,benchmark,400,
S4_sizesweep_b_f001432.jpg,S4_sizesweep_b,1432,3,atv_sherp+rc_car+truck_peterbilt,ok,ok,benchmark,410,
S4_sizesweep_b_f001440.jpg,S4_sizesweep_b,1440,3,atv_sherp+rc_car+truck_peterbilt,ok,ok,benchmark,410,
S4_sizesweep_b_f001448.jpg,S4_sizesweep_b,1448,3,atv_sherp+rc_car+truck_peterbilt,ok,ok,benchmark,410,
S4_sizesweep_b_f001455.jpg,S4_sizesweep_b,1455,3,atv_sherp+rc_car+truck_peterbilt,ok,ok,benchmark,410,
S4_sizesweep_b_f001463.jpg,S4_sizesweep_b,1463,3,atv_sherp+rc_car+truck_peterbilt,ok,ok,benchmark,400,
S4_sizesweep_b_f001470.jpg,S4_sizesweep_b,1470,3,atv_sherp+rc_car+truck_peterbilt,ok,ok,benchmark,400,
S4_sizesweep_b_f001477.jpg,S4_sizesweep_b,1477,3,atv_sherp+rc_car+truck_peterbilt,ok,ok,benchmark,400,
S4_sizesweep_b_f001486.jpg,S4_sizesweep_b,1486,3,atv_sherp+rc_car+truck_peterbilt,ok,ok,benchmark,400,
S4_sizesweep_b_f001494.jpg,S4_sizesweep_b,1494,3,atv_sherp+rc_car+truck_peterbilt,ok,ok,benchmark,400,
S4_sizesweep_b_f001502.jpg,S4_sizesweep_b,1502,3,atv_sherp+rc_car+truck_peterbilt,ok,ok,benchmark,400,
S4_sizesweep_b_f001510.jpg,S4_sizesweep_b,1510,3,atv_sherp+rc_car+truck_peterbilt,ok,ok,benchmark,400,
S4_sizesweep_b_f001518.jpg,S4_sizesweep_b,1518,3,atv_sherp+rc_car+truck_peterbilt,ok,ok,benchmark,400,
S4_sizesweep_b_f001527.jpg,S4_sizesweep_b,1527,3,atv_sherp+rc_car+truck_peterbilt,ok,ok,benchmark,400,
S4_sizesweep_b_f001535.jpg,S4_sizesweep_b,1535,3,atv_sherp+rc_car+truck_peterbilt,ok,ok,benchmark,400,
S4_sizesweep_b_f001543.jpg,S4_sizesweep_b,1543,3,atv_sherp+rc_car+truck_peterbilt,ok,ok,benchmark,400,
S4_sizesweep_b_f001551.jpg,S4_sizesweep_b,1551,3,atv_sherp+rc_car+truck_peterbilt,ok,ok,benchmark,410,
S4_sizesweep_b_f001559.jpg,S4_sizesweep_b,1559,3,atv_sherp+rc_car+truck_peterbilt,ok,ok,benchmark,410,
S4_sizesweep_b_f001568.jpg,S4_sizesweep_b,1568,3,atv_sherp+rc_car+truck_peterbilt,ok,ok,benchmark,400,
S4_sizesweep_b_f001576.jpg,S4_sizesweep_b,1576,3,atv_sherp+rc_car+truck_peterbilt,ok,ok,benchmark,400,
S4_sizesweep_b_f001585.jpg,S4_sizesweep_b,1585,2,rc_car+truck_peterbilt,ok,ok,benchmark,400,
S4_sizesweep_b_f001595.jpg,S4_sizesweep_b,1595,3,atv_sherp+rc_car+truck_peterbilt,ok,ok,benchmark,400,
S4_sizesweep_b_f001604.jpg,S4_sizesweep_b,1604,3,atv_sherp+rc_car+truck_peterbilt,ok,ok,benchmark,400,
S4_sizesweep_b_f001613.jpg,S4_sizesweep_b,1613,3,atv_sherp+rc_car+truck_peterbilt,ok,ok,benchmark,400,
S4_sizesweep_b_f001622.jpg,S4_sizesweep_b,1622,3,atv_sherp+rc_car+truck_peterbilt,ok,ok,benchmark,400,
S4_sizesweep_b_f001630.jpg,S4_sizesweep_b,1630,3,atv_sherp+rc_car+truck_peterbilt,ok,ok,benchmark,410,
S4_sizesweep_b_f001638.jpg,S4_sizesweep_b,1638,3,atv_sherp+rc_car+truck_peterbilt,ok,ok,benchmark,410,
S4_sizesweep_b_f001646.jpg,S4_sizesweep_b,1646,3,atv_sherp+rc_car+truck_peterbilt,ok,ok,benchmark,410,
S4_sizesweep_b_f001654.jpg,S4_sizesweep_b,1654,3,atv_sherp+rc_car+truck_peterbilt,ok,ok,benchmark,410,
S4_sizesweep_b_f001662.jpg,S4_sizesweep_b,1662,3,atv_sherp+rc_car+truck_peterbilt,ok,ok,benchmark,410,
S4_sizesweep_b_f001669.jpg,S4_sizesweep_b,1669,3,atv_sherp+rc_car+truck_peterbilt,ok,ok,benchmark,410,
S4_sizesweep_b_f001676.jpg,S4_sizesweep_b,1676,3,atv_sherp+rc_car+truck_peterbilt,ok,ok,benchmark,400,
S4_sizesweep_b_f001683.jpg,S4_sizesweep_b,1683,3,atv_sherp+rc_car+truck_peterbilt,ok,ok,benchmark,400,
S4_sizesweep_b_f001691.jpg,S4_sizesweep_b,1691,3,atv_sherp+rc_car+truck_peterbilt,ok,ok,benchmark,390,
S4_sizesweep_b_f001699.jpg,S4_sizesweep_b,1699,3,atv_sherp+rc_car+truck_peterbilt,ok,ok,benchmark,400,
S4_sizesweep_b_f001708.jpg,S4_sizesweep_b,1708,3,atv_sherp+rc_car+truck_peterbilt,ok,ok,benchmark,400,
S4_sizesweep_b_f001715.jpg,S4_sizesweep_b,1715,3,atv_sherp+rc_car+truck_peterbilt,ok,ok,benchmark,400,
S4_sizesweep_b_f001723.jpg,S4_sizesweep_b,1723,3,atv_sherp+rc_car+truck_peterbilt,ok,ok,benchmark,410,
S4_sizesweep_b_f001731.jpg,S4_sizesweep_b,1731,3,atv_sherp+rc_car+truck_peterbilt,ok,ok,benchmark,410,
S4_sizesweep_b_f001739.jpg,S4_sizesweep_b,1739,3,atv_sherp+rc_car+truck_peterbilt,ok,ok,benchmark,410,
S4_sizesweep_b_f001747.jpg,S4_sizesweep_b,1747,3,atv_sherp+rc_car+truck_peterbilt,ok,ok,benchmark,410,
S4_sizesweep_b_f001756.jpg,S4_sizesweep_b,1756,3,atv_sherp+rc_car+truck_peterbilt,ok,ok,benchmark,410,
S4_sizesweep_b_f001764.jpg,S4_sizesweep_b,1764,3,atv_sherp+rc_car+truck_peterbilt,ok,ok,benchmark,410,
S4_sizesweep_b_f001772.jpg,S4_sizesweep_b,1772,3,atv_sherp+rc_car+truck_peterbilt,ok,ok,benchmark,410,
S4_sizesweep_b_f001780.jpg,S4_sizesweep_b,1780,3,atv_sherp+rc_car+truck_peterbilt,ok,ok,benchmark,400,
S4_sizesweep_b_f001789.jpg,S4_sizesweep_b,1789,3,atv_sherp+rc_car+truck_peterbilt,ok,ok,benchmark,400,
S4_sizesweep_b_f001798.jpg,S4_sizesweep_b,1798,3,atv_sherp+rc_car+truck_peterbilt,ok,ok,benchmark,400,
S4_sizesweep_b_f001806.jpg,S4_sizesweep_b,1806,3,atv_sherp+rc_car+truck_peterbilt,ok,ok,benchmark,400,
S4_sizesweep_b_f001815.jpg,S4_sizesweep_b,1815,3,atv_sherp+rc_car+truck_peterbilt,ok,ok,benchmark,400,
S4_sizesweep_b_f001823.jpg,S4_sizesweep_b,1823,3,atv_sherp+rc_car+truck_peterbilt,ok,ok,benchmark,400,
S4_sizesweep_b_f001832.jpg,S4_sizesweep_b,1832,2,rc_car+truck_peterbilt,ok,ok,benchmark,400,
S4_sizesweep_b_f001840.jpg,S4_sizesweep_b,1840,2,rc_car+truck_peterbilt,ok,ok,benchmark,400,
S4_sizesweep_b_f001849.jpg,S4_sizesweep_b,1849,2,rc_car+truck_peterbilt,ok,ok,benchmark,400,
S4_sizesweep_b_f001858.jpg,S4_sizesweep_b,1858,2,rc_car+truck_peterbilt,ok,ok,benchmark,400,
S4_sizesweep_b_f001867.jpg,S4_sizesweep_b,1867,2,rc_car+truck_peterbilt,ok,ok,benchmark,400,
S4_sizesweep_b_f001875.jpg,S4_sizesweep_b,1875,2,rc_car+truck_peterbilt,ok,ok,benchmark,400,
S4_sizesweep_b_f001883.jpg,S4_sizesweep_b,1883,2,rc_car+truck_peterbilt,ok,ok,benchmark,400,
S4_sizesweep_b_f001891.jpg,S4_sizesweep_b,1891,2,rc_car+truck_peterbilt,ok,ok,benchmark,400,
S4_sizesweep_b_f001899.jpg,S4_sizesweep_b,1899,2,rc_car+truck_peterbilt,ok,ok,benchmark,400,
S4_sizesweep_b_f001908.jpg,S4_sizesweep_b,1908,2,rc_car+truck_peterbilt,ok,ok,benchmark,400,
S4_sizesweep_b_f001917.jpg,S4_sizesweep_b,1917,2,rc_car+truck_peterbilt,ok,ok,benchmark,400,
S4_sizesweep_b_f001926.jpg,S4_sizesweep_b,1926,2,rc_car+truck_peterbilt,ok,ok,benchmark,400,
S4_sizesweep_b_f001935.jpg,S4_sizesweep_b,1935,2,rc_car+truck_peterbilt,ok,ok,benchmark,400,
S4_sizesweep_b_f001943.jpg,S4_sizesweep_b,1943,2,rc_car+truck_peterbilt,ok,ok,benchmark,400,
S4_sizesweep_b_f001951.jpg,S4_sizesweep_b,1951,2,rc_car+truck_peterbilt,ok,ok,benchmark,400,
S4_sizesweep_b_f001959.jpg,S4_sizesweep_b,1959,2,rc_car+truck_peterbilt,ok,ok,benchmark,390,
S4_sizesweep_b_f001968.jpg,S4_sizesweep_b,1968,0,none,confirmed_empty,ok,benchmark,390,
S4_sizesweep_b_f001977.jpg,S4_sizesweep_b,1977,0,none,confirmed_empty,ok,benchmark,390,
S4_sizesweep_b_f001986.jpg,S4_sizesweep_b,1986,0,none,confirmed_empty,ok,benchmark,400,
S4_sizesweep_b_f001994.jpg,S4_sizesweep_b,1994,0,none,confirmed_empty,ok,benchmark,400,
S4_sizesweep_b_f002002.jpg,S4_sizesweep_b,2002,0,none,confirmed_empty,ok,benchmark,410,
S4_sizesweep_b_f002011.jpg,S4_sizesweep_b,2011,0,none,confirmed_empty,ok,benchmark,410,
S4_sizesweep_b_f002020.jpg,S4_sizesweep_b,2020,0,none,confirmed_empty,ok,benchmark,410,
S4_sizesweep_b_f002029.jpg,S4_sizesweep_b,2029,0,none,confirmed_empty,ok,benchmark,400,
S4_sizesweep_b_f002038.jpg,S4_sizesweep_b,2038,0,none,confirmed_empty,ok,benchmark,400,
S4_sizesweep_b_f002047.jpg,S4_sizesweep_b,2047,0,none,confirmed_empty,ok,benchmark,400,
S4_sizesweep_b_f002056.jpg,S4_sizesweep_b,2056,0,none,confirmed_empty,ok,benchmark,400,
S4_sizesweep_b_f002065.jpg,S4_sizesweep_b,2065,0,none,confirmed_empty,ok,benchmark,400,
S4_sizesweep_b_f002074.jpg,S4_sizesweep_b,2074,1,truck_peterbilt,ok,ok,benchmark,400,
S4_sizesweep_b_f002083.jpg,S4_sizesweep_b,2083,2,rc_car+truck_peterbilt,ok,ok,benchmark,400,
S4_sizesweep_b_f002091.jpg,S4_sizesweep_b,2091,2,rc_car+truck_peterbilt,ok,ok,benchmark,400,
S4_sizesweep_b_f002099.jpg,S4_sizesweep_b,2099,2,rc_car+truck_peterbilt,ok,ok,benchmark,400,
S4_sizesweep_b_f002107.jpg,S4_sizesweep_b,2107,2,rc_car+truck_peterbilt,ok,ok,benchmark,400,
S4_sizesweep_b_f002115.jpg,S4_sizesweep_b,2115,2,rc_car+truck_peterbilt,ok,ok,benchmark,410,
S4_sizesweep_b_f002124.jpg,S4_sizesweep_b,2124,2,rc_car+truck_peterbilt,ok,ok,benchmark,410,
S4_sizesweep_b_f002133.jpg,S4_sizesweep_b,2133,2,rc_car+truck_peterbilt,ok,ok,benchmark,410,
S4_sizesweep_b_f002142.jpg,S4_sizesweep_b,2142,1,truck_peterbilt,ok,ok,benchmark,410,
S4_sizesweep_b_f002151.jpg,S4_sizesweep_b,2151,2,rc_car+truck_peterbilt,ok,ok,benchmark,410,
S4_sizesweep_b_f002160.jpg,S4_sizesweep_b,2160,2,rc_car+truck_peterbilt,ok,ok,benchmark,410,
S4_sizesweep_b_f002169.jpg,S4_sizesweep_b,2169,2,rc_car+truck_peterbilt,ok,ok,benchmark,410,
S4_sizesweep_b_f002178.jpg,S4_sizesweep_b,2178,3,atv_sherp+rc_car+truck_peterbilt,ok,ok,benchmark,400,
S4_sizesweep_b_f002186.jpg,S4_sizesweep_b,2186,3,atv_sherp+rc_car+truck_peterbilt,ok,ok,benchmark,410,
S4_sizesweep_b_f002194.jpg,S4_sizesweep_b,2194,3,atv_sherp+rc_car+truck_peterbilt,ok,ok,benchmark,410,
S4_sizesweep_b_f002203.jpg,S4_sizesweep_b,2203,2,rc_car+truck_peterbilt,ok,ok,benchmark,410,
S4_sizesweep_b_f002211.jpg,S4_sizesweep_b,2211,2,rc_car+truck_peterbilt,ok,ok,benchmark,410,
S4_sizesweep_b_f002219.jpg,S4_sizesweep_b,2219,2,rc_car+truck_peterbilt,ok,ok,benchmark,410,
S4_sizesweep_b_f002227.jpg,S4_sizesweep_b,2227,2,rc_car+truck_peterbilt,ok,ok,benchmark,400,
S4_sizesweep_b_f002235.jpg,S4_sizesweep_b,2235,2,rc_car+truck_peterbilt,ok,ok,benchmark,400,
S4_sizesweep_b_f002243.jpg,S4_sizesweep_b,2243,2,rc_car+truck_peterbilt,ok,ok,benchmark,400,
S4_sizesweep_b_f002252.jpg,S4_sizesweep_b,2252,2,rc_car+truck_peterbilt,ok,ok,benchmark,400,
S4_sizesweep_b_f002260.jpg,S4_sizesweep_b,2260,2,rc_car+truck_peterbilt,ok,ok,benchmark,400,
S4_sizesweep_b_f002269.jpg,S4_sizesweep_b,2269,2,rc_car+truck_peterbilt,ok,ok,benchmark,400,
S4_sizesweep_b_f002277.jpg,S4_sizesweep_b,2277,2,rc_car+truck_peterbilt,ok,ok,benchmark,400,
S4_sizesweep_b_f002284.jpg,S4_sizesweep_b,2284,2,rc_car+truck_peterbilt,ok,ok,benchmark,400,
S4_sizesweep_b_f002292.jpg,S4_sizesweep_b,2292,2,rc_car+truck_peterbilt,ok,ok,benchmark,400,
S4_sizesweep_b_f002300.jpg,S4_sizesweep_b,2300,2,rc_car+truck_peterbilt,ok,ok,benchmark,400,
S4_sizesweep_b_f002308.jpg,S4_sizesweep_b,2308,2,rc_car+truck_peterbilt,ok,ok,benchmark,410,
S4_sizesweep_b_f002316.jpg,S4_sizesweep_b,2316,2,rc_car+truck_peterbilt,ok,ok,benchmark,410,
S4_sizesweep_b_f002324.jpg,S4_sizesweep_b,2324,2,rc_car+truck_peterbilt,ok,ok,benchmark,400,
S4_sizesweep_b_f002332.jpg,S4_sizesweep_b,2332,2,rc_car+truck_peterbilt,ok,ok,benchmark,400,
S4_sizesweep_b_f002340.jpg,S4_sizesweep_b,2340,2,rc_car+truck_peterbilt,ok,ok,benchmark,400,
S4_sizesweep_b_f002348.jpg,S4_sizesweep_b,2348,2,rc_car+truck_peterbilt,ok,ok,benchmark,400,
S4_sizesweep_b_f002356.jpg,S4_sizesweep_b,2356,2,rc_car+truck_peterbilt,ok,ok,benchmark,400,
S4_sizesweep_b_f002365.jpg,S4_sizesweep_b,2365,2,rc_car+truck_peterbilt,ok,ok,benchmark,400,
S4_sizesweep_b_f002374.jpg,S4_sizesweep_b,2374,2,rc_car+truck_peterbilt,ok,ok,benchmark,400,
S4_sizesweep_b_f002383.jpg,S4_sizesweep_b,2383,2,rc_car+truck_peterbilt,ok,ok,benchmark,400,
S4_sizesweep_b_f002391.jpg,S4_sizesweep_b,2391,2,rc_car+truck_peterbilt,ok,ok,benchmark,400,
S4_sizesweep_b_f002399.jpg,S4_sizesweep_b,2399,2,rc_car+truck_peterbilt,ok,ok,benchmark,400,
S4_sizesweep_b_f002407.jpg,S4_sizesweep_b,2407,2,rc_car+truck_peterbilt,ok,ok,benchmark,390,
S4_sizesweep_b_f002415.jpg,S4_sizesweep_b,2415,2,rc_car+truck_peterbilt,ok,ok,benchmark,400,
S4_sizesweep_b_f002423.jpg,S4_sizesweep_b,2423,1,truck_peterbilt,ok,ok,benchmark,400,
S4_sizesweep_b_f002431.jpg,S4_sizesweep_b,2431,1,truck_peterbilt,ok,ok,benchmark,400,
S4_sizesweep_b_f002440.jpg,S4_sizesweep_b,2440,1,truck_peterbilt,ok,ok,benchmark,400,
S4_sizesweep_b_f002448.jpg,S4_sizesweep_b,2448,1,truck_peterbilt,ok,ok,benchmark,410,
S4_sizesweep_b_f002457.jpg,S4_sizesweep_b,2457,1,truck_peterbilt,ok,ok,benchmark,400,
S4_sizesweep_b_f002465.jpg,S4_sizesweep_b,2465,1,truck_peterbilt,ok,ok,benchmark,400,
S4_sizesweep_b_f002473.jpg,S4_sizesweep_b,2473,2,rc_car+truck_peterbilt,ok,ok,benchmark,400,
S4_sizesweep_b_f002480.jpg,S4_sizesweep_b,2480,2,rc_car+truck_peterbilt,ok,ok,benchmark,400,
S4_sizesweep_b_f002488.jpg,S4_sizesweep_b,2488,2,rc_car+truck_peterbilt,ok,ok,benchmark,400,
S4_sizesweep_b_f002495.jpg,S4_sizesweep_b,2495,2,rc_car+truck_peterbilt,ok,ok,benchmark,400,
S4_sizesweep_b_f002503.jpg,S4_sizesweep_b,2503,1,truck_peterbilt,ok,ok,benchmark,400,
S4_sizesweep_b_f002512.jpg,S4_sizesweep_b,2512,1,truck_peterbilt,ok,ok,benchmark,410,
S4_sizesweep_b_f002521.jpg,S4_sizesweep_b,2521,1,truck_peterbilt,ok,ok,benchmark,410,
S4_sizesweep_b_f002530.jpg,S4_sizesweep_b,2530,0,none,confirmed_empty,ok,benchmark,410,
S4_sizesweep_b_f002539.jpg,S4_sizesweep_b,2539,1,truck_peterbilt,ok,ok,benchmark,410,
S4_sizesweep_b_f002548.jpg,S4_sizesweep_b,2548,1,truck_peterbilt,ok,ok,benchmark,410,
S4_sizesweep_b_f002557.jpg,S4_sizesweep_b,2557,1,truck_peterbilt,ok,ok,benchmark,410,
S4_sizesweep_b_f002567.jpg,S4_sizesweep_b,2567,1,truck_peterbilt,ok,ok,benchmark,410,
S4_sizesweep_b_f002569.jpg,S4_sizesweep_b,2569,1,truck_peterbilt,ok,ok,benchmark,410,
S4_sizesweep_b_f002577.jpg,S4_sizesweep_b,2577,1,truck_peterbilt,ok,ok,benchmark,410,
S4_sizesweep_b_f002586.jpg,S4_sizesweep_b,2586,1,truck_peterbilt,ok,ok,benchmark,410,
S4_sizesweep_b_f002594.jpg,S4_sizesweep_b,2594,1,truck_peterbilt,ok,ok,benchmark,410,
S4_sizesweep_b_f002602.jpg,S4_sizesweep_b,2602,1,truck_peterbilt,ok,ok,benchmark,400,
S4_sizesweep_b_f002609.jpg,S4_sizesweep_b,2609,1,truck_peterbilt,ok,ok,benchmark,400,
S4_sizesweep_b_f002617.jpg,S4_sizesweep_b,2617,1,truck_peterbilt,ok,ok,benchmark,390,
S4_sizesweep_b_f002625.jpg,S4_sizesweep_b,2625,1,truck_peterbilt,ok,ok,benchmark,400,
S4_sizesweep_b_f002633.jpg,S4_sizesweep_b,2633,1,truck_peterbilt,ok,ok,benchmark,400,
S4_sizesweep_b_f002641.jpg,S4_sizesweep_b,2641,1,truck_peterbilt,ok,ok,benchmark,400,
S4_sizesweep_b_f002650.jpg,S4_sizesweep_b,2650,1,truck_peterbilt,ok,ok,benchmark,400,
S4_sizesweep_b_f002658.jpg,S4_sizesweep_b,2658,1,truck_peterbilt,ok,ok,benchmark,400,
S4_sizesweep_b_f002667.jpg,S4_sizesweep_b,2667,0,none,confirmed_empty,ok,benchmark,400,
S4_sizesweep_b_f002675.jpg,S4_sizesweep_b,2675,1,truck_peterbilt,ok,ok,benchmark,400,
S4_sizesweep_b_f002684.jpg,S4_sizesweep_b,2684,1,truck_peterbilt,ok,ok,benchmark,400,
S4_sizesweep_b_f002693.jpg,S4_sizesweep_b,2693,1,truck_peterbilt,ok,ok,benchmark,400,
S4_sizesweep_b_f002703.jpg,S4_sizesweep_b,2703,0,none,confirmed_empty,ok,benchmark,400,
S4_sizesweep_b_f002711.jpg,S4_sizesweep_b,2711,0,none,ok,ok,benchmark,400,
S4_sizesweep_b_f002719.jpg,S4_sizesweep_b,2719,0,none,confirmed_empty,ok,benchmark,400,
S4_sizesweep_b_f002728.jpg,S4_sizesweep_b,2728,0,none,confirmed_empty,ok,benchmark,400,
S4_sizesweep_b_f002736.jpg,S4_sizesweep_b,2736,0,none,confirmed_empty,ok,benchmark,400,
S4_sizesweep_b_f002745.jpg,S4_sizesweep_b,2745,0,none,confirmed_empty,ok,benchmark,400,
S4_sizesweep_b_f002754.jpg,S4_sizesweep_b,2754,0,none,confirmed_empty,ok,benchmark,400,
S4_sizesweep_b_f002762.jpg,S4_sizesweep_b,2762,0,none,confirmed_empty,ok,benchmark,400,
S4_sizesweep_b_f002772.jpg,S4_sizesweep_b,2772,0,none,confirmed_empty,ok,benchmark,400,
S4_sizesweep_b_f002781.jpg,S4_sizesweep_b,2781,0,none,confirmed_empty,ok,benchmark,400,
S4_sizesweep_b_f002790.jpg,S4_sizesweep_b,2790,0,none,confirmed_empty,ok,benchmark,390,
S4_sizesweep_b_f002800.jpg,S4_sizesweep_b,2800,0,none,confirmed_empty,ok,benchmark,380,
S4_sizesweep_b_f002809.jpg,S4_sizesweep_b,2809,1,truck_peterbilt,ok,ok,benchmark,380,
S4_sizesweep_b_f002817.jpg,S4_sizesweep_b,2817,1,truck_peterbilt,ok,ok,benchmark,360,
S4_sizesweep_b_f002825.jpg,S4_sizesweep_b,2825,1,truck_peterbilt,ok,ok,benchmark,360,
S4_sizesweep_b_f002833.jpg,S4_sizesweep_b,2833,1,truck_peterbilt,ok,ok,benchmark,350,
S4_sizesweep_b_f002840.jpg,S4_sizesweep_b,2840,1,truck_peterbilt,ok,ok,benchmark,340,
S4_sizesweep_b_f002848.jpg,S4_sizesweep_b,2848,1,truck_peterbilt,ok,ok,benchmark,340,
S4_sizesweep_b_f002856.jpg,S4_sizesweep_b,2856,1,truck_peterbilt,ok,ok,benchmark,340,
S4_sizesweep_b_f002864.jpg,S4_sizesweep_b,2864,1,truck_peterbilt,ok,ok,benchmark,340,
S4_sizesweep_b_f002872.jpg,S4_sizesweep_b,2872,1,truck_peterbilt,ok,ok,benchmark,340,
S4_sizesweep_b_f002879.jpg,S4_sizesweep_b,2879,2,rc_car+truck_peterbilt,ok,ok,benchmark,340,
S4_sizesweep_b_f002886.jpg,S4_sizesweep_b,2886,2,rc_car+truck_peterbilt,ok,ok,benchmark,340,
S4_sizesweep_b_f002894.jpg,S4_sizesweep_b,2894,2,rc_car+truck_peterbilt,ok,ok,benchmark,340,
S4_sizesweep_b_f002902.jpg,S4_sizesweep_b,2902,2,rc_car+truck_peterbilt,ok,ok,benchmark,340,
S4_sizesweep_b_f002911.jpg,S4_sizesweep_b,2911,2,rc_car+truck_peterbilt,ok,ok,benchmark,340,
S4_sizesweep_b_f002919.jpg,S4_sizesweep_b,2919,2,rc_car+truck_peterbilt,ok,ok,benchmark,340,
S4_sizesweep_b_f002928.jpg,S4_sizesweep_b,2928,2,rc_car+truck_peterbilt,ok,ok,benchmark,340,
S4_sizesweep_b_f002937.jpg,S4_sizesweep_b,2937,2,rc_car+truck_peterbilt,ok,ok,benchmark,340,
S4_sizesweep_b_f002945.jpg,S4_sizesweep_b,2945,2,rc_car+truck_peterbilt,ok,ok,benchmark,340,
S4_sizesweep_b_f002953.jpg,S4_sizesweep_b,2953,2,rc_car+truck_peterbilt,ok,ok,benchmark,340,
S4_sizesweep_b_f002961.jpg,S4_sizesweep_b,2961,2,rc_car+truck_peterbilt,ok,ok,benchmark,340,
S4_sizesweep_b_f002969.jpg,S4_sizesweep_b,2969,2,rc_car+truck_peterbilt,ok,ok,benchmark,340,
S4_sizesweep_b_f002977.jpg,S4_sizesweep_b,2977,2,rc_car+truck_peterbilt,ok,ok,benchmark,340,
S4_sizesweep_b_f002986.jpg,S4_sizesweep_b,2986,2,rc_car+truck_peterbilt,ok,ok,benchmark,340,
S4_sizesweep_b_f002995.jpg,S4_sizesweep_b,2995,2,rc_car+truck_peterbilt,ok,ok,benchmark,340,
S4_sizesweep_b_f003003.jpg,S4_sizesweep_b,3003,2,rc_car+truck_peterbilt,ok,ok,benchmark,340,
S4_sizesweep_b_f003011.jpg,S4_sizesweep_b,3011,2,rc_car+truck_peterbilt,ok,ok,benchmark,340,
S4_sizesweep_b_f003020.jpg,S4_sizesweep_b,3020,2,rc_car+truck_peterbilt,ok,ok,benchmark,340,
S4_sizesweep_b_f003028.jpg,S4_sizesweep_b,3028,2,rc_car+truck_peterbilt,ok,ok,benchmark,340,
S4_sizesweep_b_f003036.jpg,S4_sizesweep_b,3036,2,rc_car+truck_peterbilt,ok,ok,benchmark,340,
S4_sizesweep_b_f003045.jpg,S4_sizesweep_b,3045,2,rc_car+truck_peterbilt,ok,ok,benchmark,340,
S4_sizesweep_b_f003054.jpg,S4_sizesweep_b,3054,2,rc_car+truck_peterbilt,ok,ok,benchmark,340,
S4_sizesweep_b_f003062.jpg,S4_sizesweep_b,3062,2,rc_car+truck_peterbilt,ok,ok,benchmark,340,
S4_sizesweep_b_f003072.jpg,S4_sizesweep_b,3072,3,atv_sherp+rc_car+truck_peterbilt,ok,ok,benchmark,340,
S4_sizesweep_b_f003080.jpg,S4_sizesweep_b,3080,3,atv_sherp+rc_car+truck_peterbilt,ok,ok,benchmark,340,
S4_sizesweep_b_f003089.jpg,S4_sizesweep_b,3089,3,atv_sherp+rc_car+truck_peterbilt,ok,ok,benchmark,340,
S4_sizesweep_b_f003098.jpg,S4_sizesweep_b,3098,3,atv_sherp+rc_car+truck_peterbilt,ok,ok,benchmark,340,
S4_sizesweep_b_f003107.jpg,S4_sizesweep_b,3107,3,atv_sherp+rc_car+truck_peterbilt,ok,ok,benchmark,340,
S4_sizesweep_b_f003116.jpg,S4_sizesweep_b,3116,3,atv_sherp+rc_car+truck_peterbilt,ok,ok,benchmark,340,
S4_sizesweep_b_f003124.jpg,S4_sizesweep_b,3124,3,atv_sherp+rc_car+truck_peterbilt,ok,ok,benchmark,340,
S4_sizesweep_b_f003133.jpg,S4_sizesweep_b,3133,3,atv_sherp+rc_car+truck_peterbilt,ok,ok,benchmark,340,
S4_sizesweep_b_f003141.jpg,S4_sizesweep_b,3141,3,atv_sherp+rc_car+truck_peterbilt,ok,ok,benchmark,340,
S4_sizesweep_b_f003149.jpg,S4_sizesweep_b,3149,3,atv_sherp+rc_car+truck_peterbilt,ok,ok,benchmark,340,
S4_sizesweep_b_f003156.jpg,S4_sizesweep_b,3156,3,atv_sherp+rc_car+truck_peterbilt,ok,ok,benchmark,340,
S4_sizesweep_b_f003164.jpg,S4_sizesweep_b,3164,3,atv_sherp+rc_car+truck_peterbilt,ok,ok,benchmark,340,
S4_sizesweep_b_f003172.jpg,S4_sizesweep_b,3172,3,atv_sherp+rc_car+truck_peterbilt,ok,ok,benchmark,340,
S4_sizesweep_b_f003181.jpg,S4_sizesweep_b,3181,2,rc_car+truck_peterbilt,ok,ok,benchmark,340,
S4_sizesweep_b_f003190.jpg,S4_sizesweep_b,3190,2,rc_car+truck_peterbilt,ok,ok,benchmark,340,
S4_sizesweep_b_f003199.jpg,S4_sizesweep_b,3199,2,rc_car+truck_peterbilt,ok,ok,benchmark,340,
S4_sizesweep_b_f003208.jpg,S4_sizesweep_b,3208,2,rc_car+truck_peterbilt,ok,ok,benchmark,340,
S4_sizesweep_b_f003217.jpg,S4_sizesweep_b,3217,2,rc_car+truck_peterbilt,ok,ok,benchmark,340,
S4_sizesweep_b_f003225.jpg,S4_sizesweep_b,3225,2,rc_car+truck_peterbilt,ok,ok,benchmark,340,
S4_sizesweep_b_f003233.jpg,S4_sizesweep_b,3233,1,truck_peterbilt,ok,ok,benchmark,330,
S4_sizesweep_b_f003242.jpg,S4_sizesweep_b,3242,1,truck_peterbilt,ok,ok,benchmark,330,
S4_sizesweep_b_f003250.jpg,S4_sizesweep_b,3250,1,truck_peterbilt,ok,ok,benchmark,340,
S4_sizesweep_b_f003259.jpg,S4_sizesweep_b,3259,1,truck_peterbilt,ok,ok,benchmark,340,
S4_sizesweep_b_f003268.jpg,S4_sizesweep_b,3268,1,truck_peterbilt,ok,ok,benchmark,340,
S4_sizesweep_b_f003277.jpg,S4_sizesweep_b,3277,1,truck_peterbilt,ok,ok,benchmark,350,
S4_sizesweep_b_f003286.jpg,S4_sizesweep_b,3286,0,none,confirmed_empty,ok,benchmark,360,
S4_sizesweep_b_f003294.jpg,S4_sizesweep_b,3294,0,none,confirmed_empty,ok,benchmark,360,
S4_sizesweep_b_f003302.jpg,S4_sizesweep_b,3302,0,none,confirmed_empty,ok,benchmark,350,
S4_sizesweep_b_f003310.jpg,S4_sizesweep_b,3310,0,none,confirmed_empty,ok,benchmark,350,
S4_sizesweep_b_f003319.jpg,S4_sizesweep_b,3319,0,none,confirmed_empty,ok,benchmark,340,
S4_sizesweep_b_f003328.jpg,S4_sizesweep_b,3328,0,none,confirmed_empty,ok,benchmark,340,
S4_sizesweep_b_f003337.jpg,S4_sizesweep_b,3337,0,none,confirmed_empty,ok,benchmark,340,
S4_sizesweep_b_f003346.jpg,S4_sizesweep_b,3346,0,none,confirmed_empty,ok,benchmark,340,
S4_sizesweep_b_f003356.jpg,S4_sizesweep_b,3356,0,none,confirmed_empty,ok,benchmark,340,
S4_sizesweep_b_f003365.jpg,S4_sizesweep_b,3365,0,none,confirmed_empty,ok,benchmark,340,
S4_sizesweep_b_f003374.jpg,S4_sizesweep_b,3374,0,none,confirmed_empty,ok,benchmark,340,
S4_sizesweep_b_f003383.jpg,S4_sizesweep_b,3383,0,none,confirmed_empty,ok,benchmark,330,
S4_sizesweep_b_f003393.jpg,S4_sizesweep_b,3393,0,none,confirmed_empty,ok,benchmark,330,
S4_sizesweep_b_f003402.jpg,S4_sizesweep_b,3402,0,none,confirmed_empty,ok,benchmark,330,
S4_sizesweep_b_f003412.jpg,S4_sizesweep_b,3412,0,none,confirmed_empty,ok,benchmark,330,
S4_sizesweep_b_f003421.jpg,S4_sizesweep_b,3421,0,none,confirmed_empty,ok,benchmark,340,
S4_sizesweep_b_f003430.jpg,S4_sizesweep_b,3430,1,truck_peterbilt,ok,ok,benchmark,340,
S4_sizesweep_b_f003438.jpg,S4_sizesweep_b,3438,2,rc_car+truck_peterbilt,ok,ok,benchmark,340,
S4_sizesweep_b_f003447.jpg,S4_sizesweep_b,3447,3,atv_sherp+rc_car+truck_peterbilt,ok,ok,benchmark,340,
S4_sizesweep_b_f003455.jpg,S4_sizesweep_b,3455,3,atv_sherp+rc_car+truck_peterbilt,ok,ok,benchmark,340,
S4_sizesweep_b_f003464.jpg,S4_sizesweep_b,3464,3,atv_sherp+rc_car+truck_peterbilt,ok,ok,benchmark,340,
S4_sizesweep_b_f003473.jpg,S4_sizesweep_b,3473,3,atv_sherp+rc_car+truck_peterbilt,ok,ok,benchmark,340,
S4_sizesweep_b_f003481.jpg,S4_sizesweep_b,3481,2,rc_car+truck_peterbilt,ok,ok,benchmark,340,
S4_sizesweep_b_f003489.jpg,S4_sizesweep_b,3489,2,rc_car+truck_peterbilt,ok,ok,benchmark,350,
S4_sizesweep_b_f003496.jpg,S4_sizesweep_b,3496,2,rc_car+truck_peterbilt,ok,ok,benchmark,350,
S4_sizesweep_b_f003504.jpg,S4_sizesweep_b,3504,2,rc_car+truck_peterbilt,ok,ok,benchmark,340,
S4_sizesweep_b_f003512.jpg,S4_sizesweep_b,3512,2,rc_car+truck_peterbilt,ok,ok,benchmark,340,
S4_sizesweep_b_f003521.jpg,S4_sizesweep_b,3521,1,truck_peterbilt,ok,ok,benchmark,340,
S4_sizesweep_b_f003530.jpg,S4_sizesweep_b,3530,1,truck_peterbilt,ok,ok,benchmark,340,
S4_sizesweep_b_f003538.jpg,S4_sizesweep_b,3538,1,truck_peterbilt,ok,ok,benchmark,330,
S4_sizesweep_b_f003546.jpg,S4_sizesweep_b,3546,1,truck_peterbilt,ok,ok,benchmark,330,
S4_sizesweep_b_f003554.jpg,S4_sizesweep_b,3554,1,truck_peterbilt,ok,ok,benchmark,340,
S4_sizesweep_b_f003562.jpg,S4_sizesweep_b,3562,1,truck_peterbilt,ok,ok,benchmark,340,
S4_sizesweep_b_f003570.jpg,S4_sizesweep_b,3570,1,truck_peterbilt,ok,ok,benchmark,350,
S4_sizesweep_b_f003578.jpg,S4_sizesweep_b,3578,0,none,confirmed_empty,ok,benchmark,360,
S4_sizesweep_b_f003586.jpg,S4_sizesweep_b,3586,0,none,confirmed_empty,ok,benchmark,360,
S4_sizesweep_b_f003595.jpg,S4_sizesweep_b,3595,0,none,confirmed_empty,ok,benchmark,350,
S4_sizesweep_b_f003604.jpg,S4_sizesweep_b,3604,0,none,confirmed_empty,ok,benchmark,340,
S4_sizesweep_b_f003614.jpg,S4_sizesweep_b,3614,0,none,confirmed_empty,ok,benchmark,340,
S4_sizesweep_b_f003623.jpg,S4_sizesweep_b,3623,0,none,confirmed_empty,ok,benchmark,340,
S4_sizesweep_b_f003632.jpg,S4_sizesweep_b,3632,0,none,confirmed_empty,ok,benchmark,350,
S4_sizesweep_b_f003641.jpg,S4_sizesweep_b,3641,0,none,confirmed_empty,ok,benchmark,350,
S4_sizesweep_b_f003650.jpg,S4_sizesweep_b,3650,0,none,ok,ok,benchmark,350,
S4_sizesweep_b_f003659.jpg,S4_sizesweep_b,3659,1,truck_peterbilt,ok,ok,benchmark,330,
S4_sizesweep_b_f003668.jpg,S4_sizesweep_b,3668,2,rc_car+truck_peterbilt,ok,ok,benchmark,310,
S4_sizesweep_b_f003676.jpg,S4_sizesweep_b,3676,2,rc_car+truck_peterbilt,ok,ok,benchmark,310,
S4_sizesweep_b_f003685.jpg,S4_sizesweep_b,3685,2,rc_car+truck_peterbilt,ok,ok,benchmark,320,
S4_sizesweep_b_f003693.jpg,S4_sizesweep_b,3693,2,rc_car+truck_peterbilt,ok,ok,benchmark,330,
S4_sizesweep_b_f003700.jpg,S4_sizesweep_b,3700,3,atv_sherp+rc_car+truck_peterbilt,ok,ok,benchmark,340,
S4_sizesweep_b_f003708.jpg,S4_sizesweep_b,3708,3,atv_sherp+rc_car+truck_peterbilt,ok,ok,benchmark,340,
S4_sizesweep_b_f003715.jpg,S4_sizesweep_b,3715,3,atv_sherp+rc_car+truck_peterbilt,ok,ok,benchmark,340,
S4_sizesweep_b_f003723.jpg,S4_sizesweep_b,3723,3,atv_sherp+rc_car+truck_peterbilt,ok,ok,benchmark,340,
S4_sizesweep_b_f003731.jpg,S4_sizesweep_b,3731,3,atv_sherp+rc_car+truck_peterbilt,ok,ok,benchmark,340,
S4_sizesweep_b_f003740.jpg,S4_sizesweep_b,3740,3,atv_sherp+rc_car+truck_peterbilt,ok,ok,benchmark,340,
S4_sizesweep_b_f003748.jpg,S4_sizesweep_b,3748,3,atv_sherp+rc_car+truck_peterbilt,ok,ok,benchmark,340,
S4_sizesweep_b_f003756.jpg,S4_sizesweep_b,3756,3,atv_sherp+rc_car+truck_peterbilt,ok,ok,benchmark,340,
S4_sizesweep_b_f003765.jpg,S4_sizesweep_b,3765,3,atv_sherp+rc_car+truck_peterbilt,ok,ok,benchmark,340,
S4_sizesweep_b_f003773.jpg,S4_sizesweep_b,3773,3,atv_sherp+rc_car+truck_peterbilt,ok,ok,benchmark,340,
S4_sizesweep_b_f003782.jpg,S4_sizesweep_b,3782,3,atv_sherp+rc_car+truck_peterbilt,ok,ok,benchmark,340,
S4_sizesweep_b_f003790.jpg,S4_sizesweep_b,3790,3,atv_sherp+rc_car+truck_peterbilt,ok,ok,benchmark,340,
S4_sizesweep_b_f003799.jpg,S4_sizesweep_b,3799,3,atv_sherp+rc_car+truck_peterbilt,ok,ok,benchmark,340,
S4_sizesweep_b_f003807.jpg,S4_sizesweep_b,3807,3,atv_sherp+rc_car+truck_peterbilt,ok,ok,benchmark,340,
S4_sizesweep_b_f003816.jpg,S4_sizesweep_b,3816,3,atv_sherp+rc_car+truck_peterbilt,ok,ok,benchmark,340,
S4_sizesweep_b_f003824.jpg,S4_sizesweep_b,3824,3,atv_sherp+rc_car+truck_peterbilt,ok,ok,benchmark,340,
S4_sizesweep_b_f003833.jpg,S4_sizesweep_b,3833,3,atv_sherp+rc_car+truck_peterbilt,ok,ok,benchmark,340,
S4_sizesweep_b_f003842.jpg,S4_sizesweep_b,3842,3,atv_sherp+rc_car+truck_peterbilt,ok,ok,benchmark,350,
S4_sizesweep_b_f003851.jpg,S4_sizesweep_b,3851,3,atv_sherp+rc_car+truck_peterbilt,ok,ok,benchmark,350,
S4_sizesweep_b_f003860.jpg,S4_sizesweep_b,3860,3,atv_sherp+rc_car+truck_peterbilt,ok,ok,benchmark,350,
S4_sizesweep_b_f003868.jpg,S4_sizesweep_b,3868,3,atv_sherp+rc_car+truck_peterbilt,ok,ok,benchmark,350,
S4_sizesweep_b_f003876.jpg,S4_sizesweep_b,3876,3,atv_sherp+rc_car+truck_peterbilt,ok,ok,benchmark,340,
S4_sizesweep_b_f003885.jpg,S4_sizesweep_b,3885,3,atv_sherp+rc_car+truck_peterbilt,ok,ok,benchmark,340,
S4_sizesweep_b_f003894.jpg,S4_sizesweep_b,3894,3,atv_sherp+rc_car+truck_peterbilt,ok,ok,benchmark,340,
S4_sizesweep_b_f003902.jpg,S4_sizesweep_b,3902,3,atv_sherp+rc_car+truck_peterbilt,ok,ok,benchmark,340,
S4_sizesweep_b_f003911.jpg,S4_sizesweep_b,3911,3,atv_sherp+rc_car+truck_peterbilt,ok,ok,benchmark,340,
S4_sizesweep_b_f003919.jpg,S4_sizesweep_b,3919,3,atv_sherp+rc_car+truck_peterbilt,ok,ok,benchmark,340,
S4_sizesweep_b_f003928.jpg,S4_sizesweep_b,3928,3,atv_sherp+rc_car+truck_peterbilt,ok,ok,benchmark,340,
S4_sizesweep_b_f003936.jpg,S4_sizesweep_b,3936,3,atv_sherp+rc_car+truck_peterbilt,ok,ok,benchmark,340,
S4_sizesweep_b_f003944.jpg,S4_sizesweep_b,3944,3,atv_sherp+rc_car+truck_peterbilt,ok,ok,benchmark,330,
S4_sizesweep_b_f003953.jpg,S4_sizesweep_b,3953,3,atv_sherp+rc_car+truck_peterbilt,ok,ok,benchmark,330,
S4_sizesweep_b_f003962.jpg,S4_sizesweep_b,3962,3,atv_sherp+rc_car+truck_peterbilt,ok,ok,benchmark,320,
S4_sizesweep_b_f003971.jpg,S4_sizesweep_b,3971,3,atv_sherp+rc_car+truck_peterbilt,ok,ok,benchmark,330,
S4_sizesweep_b_f003979.jpg,S4_sizesweep_b,3979,3,atv_sherp+rc_car+truck_peterbilt,ok,ok,benchmark,340,
S4_sizesweep_b_f003986.jpg,S4_sizesweep_b,3986,3,atv_sherp+rc_car+truck_peterbilt,ok,ok,benchmark,350,
S4_sizesweep_b_f003994.jpg,S4_sizesweep_b,3994,3,atv_sherp+rc_car+truck_peterbilt,ok,ok,benchmark,350,
S4_sizesweep_b_f004003.jpg,S4_sizesweep_b,4003,3,atv_sherp+rc_car+truck_peterbilt,ok,ok,benchmark,360,
S4_sizesweep_b_f004011.jpg,S4_sizesweep_b,4011,3,atv_sherp+rc_car+truck_peterbilt,ok,ok,benchmark,360,
S4_sizesweep_b_f004020.jpg,S4_sizesweep_b,4020,3,atv_sherp+rc_car+truck_peterbilt,ok,ok,benchmark,350,
S4_sizesweep_b_f004028.jpg,S4_sizesweep_b,4028,3,atv_sherp+rc_car+truck_peterbilt,ok,ok,benchmark,350,
S4_sizesweep_b_f004036.jpg,S4_sizesweep_b,4036,3,atv_sherp+rc_car+truck_peterbilt,ok,ok,benchmark,340,
S4_sizesweep_b_f004045.jpg,S4_sizesweep_b,4045,3,atv_sherp+rc_car+truck_peterbilt,ok,ok,benchmark,340,
S4_sizesweep_b_f004053.jpg,S4_sizesweep_b,4053,3,atv_sherp+rc_car+truck_peterbilt,ok,ok,benchmark,330,
S4_sizesweep_b_f004062.jpg,S4_sizesweep_b,4062,3,atv_sherp+rc_car+truck_peterbilt,ok,ok,benchmark,330,
S4_sizesweep_b_f004072.jpg,S4_sizesweep_b,4072,3,atv_sherp+rc_car+truck_peterbilt,ok,ok,benchmark,330,
S4_sizesweep_b_f004081.jpg,S4_sizesweep_b,4081,3,atv_sherp+rc_car+truck_peterbilt,ok,ok,benchmark,340,
S4_sizesweep_b_f004089.jpg,S4_sizesweep_b,4089,3,atv_sherp+rc_car+truck_peterbilt,ok,ok,benchmark,340,
S4_sizesweep_b_f004098.jpg,S4_sizesweep_b,4098,3,atv_sherp+rc_car+truck_peterbilt,ok,ok,benchmark,340,
S4_sizesweep_b_f004107.jpg,S4_sizesweep_b,4107,3,atv_sherp+rc_car+truck_peterbilt,ok,ok,benchmark,340,
S4_sizesweep_b_f004116.jpg,S4_sizesweep_b,4116,3,atv_sherp+rc_car+truck_peterbilt,ok,ok,benchmark,340,
S4_sizesweep_b_f004125.jpg,S4_sizesweep_b,4125,3,atv_sherp+rc_car+truck_peterbilt,ok,ok,benchmark,340,
S4_sizesweep_b_f004134.jpg,S4_sizesweep_b,4134,3,atv_sherp+rc_car+truck_peterbilt,ok,ok,benchmark,340,
S4_sizesweep_b_f004143.jpg,S4_sizesweep_b,4143,3,atv_sherp+rc_car+truck_peterbilt,ok,ok,benchmark,330,
S4_sizesweep_b_f004152.jpg,S4_sizesweep_b,4152,3,atv_sherp+rc_car+truck_peterbilt,ok,ok,benchmark,330,
S4_sizesweep_b_f004161.jpg,S4_sizesweep_b,4161,3,atv_sherp+rc_car+truck_peterbilt,ok,ok,benchmark,340,
S4_sizesweep_b_f004170.jpg,S4_sizesweep_b,4170,3,atv_sherp+rc_car+truck_peterbilt,ok,ok,benchmark,340,
S4_sizesweep_b_f004178.jpg,S4_sizesweep_b,4178,3,atv_sherp+rc_car+truck_peterbilt,ok,ok,benchmark,340,
S4_sizesweep_b_f004186.jpg,S4_sizesweep_b,4186,3,atv_sherp+rc_car+truck_peterbilt,ok,ok,benchmark,340,
S4_sizesweep_b_f004194.jpg,S4_sizesweep_b,4194,0,none,confirmed_empty,ok,benchmark,340,
S4_sizesweep_b_f004201.jpg,S4_sizesweep_b,4201,0,none,confirmed_empty,ok,benchmark,340,
S4_sizesweep_b_f004209.jpg,S4_sizesweep_b,4209,0,none,confirmed_empty,ok,benchmark,340,
S4_sizesweep_b_f004218.jpg,S4_sizesweep_b,4218,0,none,confirmed_empty,ok,benchmark,350,
S4_sizesweep_b_f004227.jpg,S4_sizesweep_b,4227,0,none,confirmed_empty,ok,benchmark,350,
S4_sizesweep_b_f004236.jpg,S4_sizesweep_b,4236,0,none,confirmed_empty,ok,benchmark,350,
S4_sizesweep_b_f004244.jpg,S4_sizesweep_b,4244,0,none,confirmed_empty,ok,benchmark,350,
S4_sizesweep_b_f004253.jpg,S4_sizesweep_b,4253,0,none,confirmed_empty,ok,benchmark,340,
S4_sizesweep_b_f004261.jpg,S4_sizesweep_b,4261,0,none,confirmed_empty,ok,benchmark,340,
S4_sizesweep_b_f004268.jpg,S4_sizesweep_b,4268,0,none,confirmed_empty,ok,benchmark,340,
S4_sizesweep_b_f004276.jpg,S4_sizesweep_b,4276,0,none,confirmed_empty,ok,benchmark,340,
S4_sizesweep_b_f004284.jpg,S4_sizesweep_b,4284,0,none,confirmed_empty,ok,benchmark,340,
S4_sizesweep_b_f004292.jpg,S4_sizesweep_b,4292,1,truck_peterbilt,bad_frame,ok,benchmark,340,
S4_sizesweep_b_f004300.jpg,S4_sizesweep_b,4300,2,atv_sherp+truck_peterbilt,bad_frame,ok,benchmark,340,
S4_sizesweep_b_f004309.jpg,S4_sizesweep_b,4309,2,atv_sherp+truck_peterbilt,bad_frame,ok,benchmark,340,
S4_sizesweep_b_f004317.jpg,S4_sizesweep_b,4317,3,atv_sherp+rc_car+truck_peterbilt,ok,ok,benchmark,340,
S4_sizesweep_b_f004325.jpg,S4_sizesweep_b,4325,3,atv_sherp+rc_car+truck_peterbilt,ok,ok,benchmark,340,
S4_sizesweep_b_f004334.jpg,S4_sizesweep_b,4334,3,atv_sherp+rc_car+truck_peterbilt,ok,ok,benchmark,340,
S4_sizesweep_b_f004343.jpg,S4_sizesweep_b,4343,3,atv_sherp+rc_car+truck_peterbilt,ok,ok,benchmark,340,
S4_sizesweep_b_f004351.jpg,S4_sizesweep_b,4351,3,atv_sherp+rc_car+truck_peterbilt,ok,ok,benchmark,340,
S4_sizesweep_b_f004360.jpg,S4_sizesweep_b,4360,3,atv_sherp+rc_car+truck_peterbilt,ok,ok,benchmark,340,
S4_sizesweep_b_f004368.jpg,S4_sizesweep_b,4368,3,atv_sherp+rc_car+truck_peterbilt,ok,ok,benchmark,340,
S4_sizesweep_b_f004377.jpg,S4_sizesweep_b,4377,3,atv_sherp+rc_car+truck_peterbilt,ok,ok,benchmark,340,
S4_sizesweep_b_f004385.jpg,S4_sizesweep_b,4385,3,atv_sherp+rc_car+truck_peterbilt,ok,ok,benchmark,340,
S4_sizesweep_b_f004393.jpg,S4_sizesweep_b,4393,3,atv_sherp+rc_car+truck_peterbilt,ok,ok,benchmark,340,
S4_sizesweep_b_f004401.jpg,S4_sizesweep_b,4401,3,atv_sherp+rc_car+truck_peterbilt,ok,ok,benchmark,340,
S4_sizesweep_b_f004409.jpg,S4_sizesweep_b,4409,3,atv_sherp+rc_car+truck_peterbilt,ok,ok,benchmark,340,
S4_sizesweep_b_f004417.jpg,S4_sizesweep_b,4417,3,atv_sherp+rc_car+truck_peterbilt,ok,ok,benchmark,340,
S4_sizesweep_b_f004426.jpg,S4_sizesweep_b,4426,3,atv_sherp+rc_car+truck_peterbilt,ok,ok,benchmark,340,
S4_sizesweep_b_f004434.jpg,S4_sizesweep_b,4434,3,atv_sherp+rc_car+truck_peterbilt,bad_frame,ok,benchmark,340,
S4_sizesweep_b_f004442.jpg,S4_sizesweep_b,4442,3,atv_sherp+rc_car+truck_peterbilt,bad_frame,ok,benchmark,340,
S4_sizesweep_b_f004450.jpg,S4_sizesweep_b,4450,3,atv_sherp+rc_car+truck_peterbilt,ok,ok,benchmark,340,
S4_sizesweep_b_f004458.jpg,S4_sizesweep_b,4458,3,atv_sherp+rc_car+truck_peterbilt,ok,ok,benchmark,340,
S4_sizesweep_b_f004466.jpg,S4_sizesweep_b,4466,2,atv_sherp+truck_peterbilt,ok,ok,benchmark,340,
S4_sizesweep_b_f004474.jpg,S4_sizesweep_b,4474,3,atv_sherp+rc_car+truck_peterbilt,ok,ok,benchmark,340,
S4_sizesweep_b_f004482.jpg,S4_sizesweep_b,4482,3,atv_sherp+rc_car+truck_peterbilt,ok,ok,benchmark,340,
S4_sizesweep_b_f004491.jpg,S4_sizesweep_b,4491,3,atv_sherp+rc_car+truck_peterbilt,ok,ok,benchmark,340,
S4_sizesweep_b_f004499.jpg,S4_sizesweep_b,4499,3,atv_sherp+rc_car+truck_peterbilt,ok,ok,benchmark,340,
S4_sizesweep_b_f004508.jpg,S4_sizesweep_b,4508,3,atv_sherp+rc_car+truck_peterbilt,ok,ok,benchmark,350,
S4_sizesweep_b_f004517.jpg,S4_sizesweep_b,4517,3,atv_sherp+rc_car+truck_peterbilt,ok,ok,benchmark,360,
S4_sizesweep_b_f004526.jpg,S4_sizesweep_b,4526,3,atv_sherp+rc_car+truck_peterbilt,ok,ok,benchmark,370,
S4_sizesweep_b_f004536.jpg,S4_sizesweep_b,4536,3,atv_sherp+rc_car+truck_peterbilt,ok,ok,benchmark,380,
S4_sizesweep_b_f004545.jpg,S4_sizesweep_b,4545,3,atv_sherp+rc_car+truck_peterbilt,ok,ok,benchmark,380,
S4_sizesweep_b_f004554.jpg,S4_sizesweep_b,4554,3,atv_sherp+rc_car+truck_peterbilt,ok,ok,benchmark,390,
S4_sizesweep_b_f004562.jpg,S4_sizesweep_b,4562,3,atv_sherp+rc_car+truck_peterbilt,ok,ok,benchmark,400,
S4_sizesweep_b_f004571.jpg,S4_sizesweep_b,4571,3,atv_sherp+rc_car+truck_peterbilt,ok,ok,benchmark,410,
S4_sizesweep_b_f004579.jpg,S4_sizesweep_b,4579,3,atv_sherp+rc_car+truck_peterbilt,ok,ok,benchmark,420,
S4_sizesweep_b_f004587.jpg,S4_sizesweep_b,4587,3,atv_sherp+rc_car+truck_peterbilt,ok,ok,benchmark,420,
S4_sizesweep_b_f004596.jpg,S4_sizesweep_b,4596,3,atv_sherp+rc_car+truck_peterbilt,ok,ok,benchmark,440,
S4_sizesweep_b_f004604.jpg,S4_sizesweep_b,4604,3,atv_sherp+rc_car+truck_peterbilt,ok,ok,benchmark,440,
S4_sizesweep_b_f004613.jpg,S4_sizesweep_b,4613,3,atv_sherp+rc_car+truck_peterbilt,ok,ok,benchmark,450,
S4_sizesweep_b_f004622.jpg,S4_sizesweep_b,4622,3,atv_sherp+rc_car+truck_peterbilt,ok,ok,benchmark,440,
S4_sizesweep_b_f004631.jpg,S4_sizesweep_b,4631,3,atv_sherp+rc_car+truck_peterbilt,ok,ok,benchmark,440,
S4_sizesweep_b_f004639.jpg,S4_sizesweep_b,4639,3,atv_sherp+rc_car+truck_peterbilt,ok,ok,benchmark,440,
S4_sizesweep_b_f004647.jpg,S4_sizesweep_b,4647,3,atv_sherp+rc_car+truck_peterbilt,ok,ok,benchmark,440,
S4_sizesweep_b_f004655.jpg,S4_sizesweep_b,4655,3,atv_sherp+rc_car+truck_peterbilt,ok,ok,benchmark,440,
S4_sizesweep_b_f004662.jpg,S4_sizesweep_b,4662,3,atv_sherp+rc_car+truck_peterbilt,ok,ok,benchmark,440,
S4_sizesweep_b_f004671.jpg,S4_sizesweep_b,4671,3,atv_sherp+rc_car+truck_peterbilt,ok,ok,benchmark,440,
S4_sizesweep_b_f004680.jpg,S4_sizesweep_b,4680,3,atv_sherp+rc_car+truck_peterbilt,ok,ok,benchmark,440,
S4_sizesweep_b_f004688.jpg,S4_sizesweep_b,4688,3,atv_sherp+rc_car+truck_peterbilt,ok,ok,benchmark,440,
S4_sizesweep_b_f004697.jpg,S4_sizesweep_b,4697,3,atv_sherp+rc_car+truck_peterbilt,ok,ok,benchmark,440,
S4_sizesweep_b_f004705.jpg,S4_sizesweep_b,4705,3,atv_sherp+rc_car+truck_peterbilt,ok,ok,benchmark,440,
S4_sizesweep_b_f004713.jpg,S4_sizesweep_b,4713,3,atv_sherp+rc_car+truck_peterbilt,ok,ok,benchmark,440,
S4_sizesweep_b_f004721.jpg,S4_sizesweep_b,4721,3,atv_sherp+rc_car+truck_peterbilt,ok,ok,benchmark,440,
S4_sizesweep_b_f004729.jpg,S4_sizesweep_b,4729,3,atv_sherp+rc_car+truck_peterbilt,ok,ok,benchmark,440,
S4_sizesweep_b_f004738.jpg,S4_sizesweep_b,4738,3,atv_sherp+rc_car+truck_peterbilt,ok,ok,benchmark,430,
S4_sizesweep_b_f004745.jpg,S4_sizesweep_b,4745,3,atv_sherp+rc_car+truck_peterbilt,ok,ok,benchmark,440,
S4_sizesweep_b_f004753.jpg,S4_sizesweep_b,4753,3,atv_sherp+rc_car+truck_peterbilt,ok,ok,benchmark,460,
S4_sizesweep_b_f004761.jpg,S4_sizesweep_b,4761,3,atv_sherp+rc_car+truck_peterbilt,ok,ok,benchmark,470,
S4_sizesweep_b_f004769.jpg,S4_sizesweep_b,4769,3,atv_sherp+rc_car+truck_peterbilt,ok,ok,benchmark,470,
S4_sizesweep_b_f004778.jpg,S4_sizesweep_b,4778,3,atv_sherp+rc_car+truck_peterbilt,ok,ok,benchmark,470,
S4_sizesweep_b_f004786.jpg,S4_sizesweep_b,4786,3,atv_sherp+rc_car+truck_peterbilt,ok,ok,benchmark,460,
S4_sizesweep_b_f004792.jpg,S4_sizesweep_b,4792,3,atv_sherp+rc_car+truck_peterbilt,ok,ok,benchmark,460,
S4_sizesweep_b_f004798.jpg,S4_sizesweep_b,4798,3,atv_sherp+rc_car+truck_peterbilt,ok,ok,benchmark,450,
S4_sizesweep_b_f004804.jpg,S4_sizesweep_b,4804,3,atv_sherp+rc_car+truck_peterbilt,ok,ok,benchmark,450,
S4_sizesweep_b_f004809.jpg,S4_sizesweep_b,4809,3,atv_sherp+rc_car+truck_peterbilt,ok,ok,benchmark,440,
S4_sizesweep_b_f004814.jpg,S4_sizesweep_b,4814,3,atv_sherp+rc_car+truck_peterbilt,ok,ok,benchmark,450,
S4_sizesweep_b_f004819.jpg,S4_sizesweep_b,4819,3,atv_sherp+rc_car+truck_peterbilt,ok,ok,benchmark,450,
S4_sizesweep_b_f004825.jpg,S4_sizesweep_b,4825,3,atv_sherp+rc_car+truck_peterbilt,ok,ok,benchmark,460,
S4_sizesweep_b_f004830.jpg,S4_sizesweep_b,4830,2,atv_sherp+rc_car,ok,ok,benchmark,450,
S4_sizesweep_b_f004836.jpg,S4_sizesweep_b,4836,2,atv_sherp+rc_car,ok,ok,benchmark,440,
S4_sizesweep_b_f004842.jpg,S4_sizesweep_b,4842,2,atv_sherp+rc_car,ok,ok,benchmark,440,
S4_sizesweep_b_f004848.jpg,S4_sizesweep_b,4848,2,atv_sherp+rc_car,ok,ok,benchmark,430,
S4_sizesweep_b_f004855.jpg,S4_sizesweep_b,4855,2,atv_sherp+rc_car,ok,ok,benchmark,430,
S4_sizesweep_b_f004863.jpg,S4_sizesweep_b,4863,3,atv_sherp+rc_car+truck_peterbilt,ok,ok,benchmark,430,
S4_sizesweep_b_f004871.jpg,S4_sizesweep_b,4871,3,atv_sherp+rc_car+truck_peterbilt,ok,ok,benchmark,440,
S4_sizesweep_b_f004880.jpg,S4_sizesweep_b,4880,3,atv_sherp+rc_car+truck_peterbilt,ok,ok,benchmark,440,
S4_sizesweep_b_f004888.jpg,S4_sizesweep_b,4888,3,atv_sherp+rc_car+truck_peterbilt,ok,ok,benchmark,440,
S4_sizesweep_b_f004898.jpg,S4_sizesweep_b,4898,3,atv_sherp+rc_car+truck_peterbilt,ok,ok,benchmark,440,
S4_sizesweep_b_f004907.jpg,S4_sizesweep_b,4907,3,atv_sherp+rc_car+truck_peterbilt,ok,ok,benchmark,440,
S4_sizesweep_b_f004916.jpg,S4_sizesweep_b,4916,3,atv_sherp+rc_car+truck_peterbilt,ok,ok,benchmark,440,
S4_sizesweep_b_f004925.jpg,S4_sizesweep_b,4925,3,atv_sherp+rc_car+truck_peterbilt,ok,ok,benchmark,440,
S4_sizesweep_b_f004934.jpg,S4_sizesweep_b,4934,3,atv_sherp+rc_car+truck_peterbilt,ok,ok,benchmark,440,
S4_sizesweep_b_f004942.jpg,S4_sizesweep_b,4942,3,atv_sherp+rc_car+truck_peterbilt,ok,ok,benchmark,440,
S4_sizesweep_b_f004950.jpg,S4_sizesweep_b,4950,3,atv_sherp+rc_car+truck_peterbilt,ok,ok,benchmark,450,
S4_sizesweep_b_f004959.jpg,S4_sizesweep_b,4959,3,atv_sherp+rc_car+truck_peterbilt,ok,ok,benchmark,450,
S4_sizesweep_b_f004968.jpg,S4_sizesweep_b,4968,3,atv_sherp+rc_car+truck_peterbilt,ok,ok,benchmark,450,
S4_sizesweep_b_f004976.jpg,S4_sizesweep_b,4976,3,atv_sherp+rc_car+truck_peterbilt,ok,ok,benchmark,450,
S4_sizesweep_b_f004984.jpg,S4_sizesweep_b,4984,3,atv_sherp+rc_car+truck_peterbilt,ok,ok,benchmark,450,
S4_sizesweep_b_f004992.jpg,S4_sizesweep_b,4992,3,atv_sherp+rc_car+truck_peterbilt,ok,ok,benchmark,440,
S4_sizesweep_b_f005000.jpg,S4_sizesweep_b,5000,3,atv_sherp+rc_car+truck_peterbilt,ok,ok,benchmark,440,
S4_sizesweep_b_f005009.jpg,S4_sizesweep_b,5009,3,atv_sherp+rc_car+truck_peterbilt,ok,ok,benchmark,450,
S4_sizesweep_b_f005017.jpg,S4_sizesweep_b,5017,3,atv_sherp+rc_car+truck_peterbilt,ok,blurry,benchmark,450,
S4_sizesweep_b_f005026.jpg,S4_sizesweep_b,5026,3,atv_sherp+rc_car+truck_peterbilt,ok,ok,benchmark,450,
S4_sizesweep_b_f005034.jpg,S4_sizesweep_b,5034,3,atv_sherp+rc_car+truck_peterbilt,ok,ok,benchmark,450,
S4_sizesweep_b_f005044.jpg,S4_sizesweep_b,5044,3,atv_sherp+rc_car+truck_peterbilt,ok,ok,benchmark,440,
S4_sizesweep_b_f005053.jpg,S4_sizesweep_b,5053,3,atv_sherp+rc_car+truck_peterbilt,ok,ok,benchmark,440,
S4_sizesweep_b_f005063.jpg,S4_sizesweep_b,5063,3,atv_sherp+rc_car+truck_peterbilt,ok,ok,benchmark,440,
S4_sizesweep_b_f005072.jpg,S4_sizesweep_b,5072,3,atv_sherp+rc_car+truck_peterbilt,ok,ok,benchmark,440,
S4_sizesweep_b_f005081.jpg,S4_sizesweep_b,5081,3,atv_sherp+rc_car+truck_peterbilt,ok,ok,benchmark,440,
S4_sizesweep_b_f005089.jpg,S4_sizesweep_b,5089,3,atv_sherp+rc_car+truck_peterbilt,ok,ok,benchmark,440,
S4_sizesweep_b_f005098.jpg,S4_sizesweep_b,5098,3,atv_sherp+rc_car+truck_peterbilt,ok,ok,benchmark,440,
S4_sizesweep_b_f005106.jpg,S4_sizesweep_b,5106,3,atv_sherp+rc_car+truck_peterbilt,ok,ok,benchmark,440,
S4_sizesweep_b_f005115.jpg,S4_sizesweep_b,5115,3,atv_sherp+rc_car+truck_peterbilt,ok,ok,benchmark,440,
S4_sizesweep_b_f005124.jpg,S4_sizesweep_b,5124,3,atv_sherp+rc_car+truck_peterbilt,ok,ok,benchmark,440,
S4_sizesweep_b_f005133.jpg,S4_sizesweep_b,5133,3,atv_sherp+rc_car+truck_peterbilt,ok,ok,benchmark,440,
S4_sizesweep_b_f005142.jpg,S4_sizesweep_b,5142,3,atv_sherp+rc_car+truck_peterbilt,ok,ok,benchmark,440,
S4_sizesweep_b_f005151.jpg,S4_sizesweep_b,5151,3,atv_sherp+rc_car+truck_peterbilt,ok,ok,benchmark,430,
S4_sizesweep_b_f005159.jpg,S4_sizesweep_b,5159,3,atv_sherp+rc_car+truck_peterbilt,ok,ok,benchmark,430,
S4_sizesweep_b_f005167.jpg,S4_sizesweep_b,5167,3,atv_sherp+rc_car+truck_peterbilt,ok,ok,benchmark,430,
S4_sizesweep_b_f005174.jpg,S4_sizesweep_b,5174,3,atv_sherp+rc_car+truck_peterbilt,ok,ok,benchmark,430,
S4_sizesweep_b_f005182.jpg,S4_sizesweep_b,5182,3,atv_sherp+rc_car+truck_peterbilt,ok,ok,benchmark,430,
S4_sizesweep_b_f005190.jpg,S4_sizesweep_b,5190,3,atv_sherp+rc_car+truck_peterbilt,ok,ok,benchmark,440,
S4_sizesweep_b_f005197.jpg,S4_sizesweep_b,5197,3,atv_sherp+rc_car+truck_peterbilt,ok,ok,benchmark,440,
S4_sizesweep_b_f005204.jpg,S4_sizesweep_b,5204,3,atv_sherp+rc_car+truck_peterbilt,ok,ok,benchmark,440,
S4_sizesweep_b_f005212.jpg,S4_sizesweep_b,5212,3,atv_sherp+rc_car+truck_peterbilt,ok,ok,benchmark,430,
S4_sizesweep_b_f005219.jpg,S4_sizesweep_b,5219,3,atv_sherp+rc_car+truck_peterbilt,ok,ok,benchmark,430,
S4_sizesweep_b_f005227.jpg,S4_sizesweep_b,5227,3,atv_sherp+rc_car+truck_peterbilt,ok,ok,benchmark,440,
S4_sizesweep_b_f005235.jpg,S4_sizesweep_b,5235,3,atv_sherp+rc_car+truck_peterbilt,ok,ok,benchmark,460,
S4_sizesweep_b_f005242.jpg,S4_sizesweep_b,5242,3,atv_sherp+rc_car+truck_peterbilt,ok,ok,benchmark,480,
S4_sizesweep_b_f005250.jpg,S4_sizesweep_b,5250,3,atv_sherp+rc_car+truck_peterbilt,ok,ok,benchmark,500,
S4_sizesweep_b_f005258.jpg,S4_sizesweep_b,5258,3,atv_sherp+rc_car+truck_peterbilt,ok,ok,benchmark,500,
S4_sizesweep_b_f005266.jpg,S4_sizesweep_b,5266,3,atv_sherp+rc_car+truck_peterbilt,ok,ok,benchmark,480,
S4_sizesweep_b_f005274.jpg,S4_sizesweep_b,5274,3,atv_sherp+rc_car+truck_peterbilt,ok,ok,benchmark,470,
S4_sizesweep_b_f005283.jpg,S4_sizesweep_b,5283,3,atv_sherp+rc_car+truck_peterbilt,ok,ok,benchmark,450,
S4_sizesweep_b_f005292.jpg,S4_sizesweep_b,5292,3,atv_sherp+rc_car+truck_peterbilt,ok,ok,benchmark,440,
S4_sizesweep_b_f005301.jpg,S4_sizesweep_b,5301,3,atv_sherp+rc_car+truck_peterbilt,ok,ok,benchmark,450,
S4_sizesweep_b_f005308.jpg,S4_sizesweep_b,5308,3,atv_sherp+rc_car+truck_peterbilt,ok,ok,benchmark,450,
S4_sizesweep_b_f005315.jpg,S4_sizesweep_b,5315,3,atv_sherp+rc_car+truck_peterbilt,ok,ok,benchmark,460,
S4_sizesweep_b_f005321.jpg,S4_sizesweep_b,5321,3,atv_sherp+rc_car+truck_peterbilt,ok,ok,benchmark,460,
S4_sizesweep_b_f005326.jpg,S4_sizesweep_b,5326,3,atv_sherp+rc_car+truck_peterbilt,ok,ok,benchmark,460,
S4_sizesweep_b_f005332.jpg,S4_sizesweep_b,5332,3,atv_sherp+rc_car+truck_peterbilt,ok,ok,benchmark,430,
S4_sizesweep_b_f005338.jpg,S4_sizesweep_b,5338,3,atv_sherp+rc_car+truck_peterbilt,ok,ok,benchmark,410,
S4_sizesweep_b_f005344.jpg,S4_sizesweep_b,5344,3,atv_sherp+rc_car+truck_peterbilt,ok,ok,benchmark,400,
S4_sizesweep_b_f005349.jpg,S4_sizesweep_b,5349,3,atv_sherp+rc_car+truck_peterbilt,ok,ok,benchmark,370,
S4_sizesweep_b_f005354.jpg,S4_sizesweep_b,5354,3,atv_sherp+rc_car+truck_peterbilt,ok,ok,benchmark,320,
S4_sizesweep_b_f005359.jpg,S4_sizesweep_b,5359,3,atv_sherp+rc_car+truck_peterbilt,ok,ok,benchmark,290,
S4_sizesweep_b_f005364.jpg,S4_sizesweep_b,5364,3,atv_sherp+rc_car+truck_peterbilt,ok,ok,benchmark,270,
S4_sizesweep_b_f005369.jpg,S4_sizesweep_b,5369,3,atv_sherp+rc_car+truck_peterbilt,ok,ok,benchmark,230,
S4_sizesweep_b_f005374.jpg,S4_sizesweep_b,5374,3,atv_sherp+rc_car+truck_peterbilt,ok,ok,benchmark,220,
S4_sizesweep_b_f005379.jpg,S4_sizesweep_b,5379,3,atv_sherp+rc_car+truck_peterbilt,ok,ok,benchmark,200,
S4_sizesweep_b_f005384.jpg,S4_sizesweep_b,5384,3,atv_sherp+rc_car+truck_peterbilt,ok,ok,benchmark,170,
S4_sizesweep_b_f005389.jpg,S4_sizesweep_b,5389,3,atv_sherp+rc_car+truck_peterbilt,ok,ok,benchmark,160,
S4_sizesweep_b_f005395.jpg,S4_sizesweep_b,5395,3,atv_sherp+rc_car+truck_peterbilt,ok,ok,benchmark,100,
S4_sizesweep_b_f005400.jpg,S4_sizesweep_b,5400,3,atv_sherp+rc_car+truck_peterbilt,ok,ok,benchmark,70,
S4_sizesweep_b_f005405.jpg,S4_sizesweep_b,5405,3,atv_sherp+rc_car+truck_peterbilt,ok,ok,benchmark,60,
S4_sizesweep_b_f005411.jpg,S4_sizesweep_b,5411,3,atv_sherp+rc_car+truck_peterbilt,ok,ok,benchmark,0,
S4_sizesweep_b_f005416.jpg,S4_sizesweep_b,5416,3,atv_sherp+rc_car+truck_peterbilt,ok,ok,benchmark,0,
S4_sizesweep_b_f005421.jpg,S4_sizesweep_b,5421,3,atv_sherp+rc_car+truck_peterbilt,ok,ok,benchmark,-30,
S4_sizesweep_b_f005426.jpg,S4_sizesweep_b,5426,3,atv_sherp+rc_car+truck_peterbilt,ok,ok,benchmark,-40,
S4_sizesweep_b_f005432.jpg,S4_sizesweep_b,5432,3,atv_sherp+rc_car+truck_peterbilt,ok,ok,benchmark,-50,
S4_sizesweep_b_f005437.jpg,S4_sizesweep_b,5437,3,atv_sherp+rc_car+truck_peterbilt,ok,ok,benchmark,-60,
S4_sizesweep_b_f005442.jpg,S4_sizesweep_b,5442,3,atv_sherp+rc_car+truck_peterbilt,ok,ok,benchmark,-70,
S4_sizesweep_b_f005448.jpg,S4_sizesweep_b,5448,3,atv_sherp+rc_car+truck_peterbilt,ok,blurry,benchmark,-110,
S4_sizesweep_b_f005453.jpg,S4_sizesweep_b,5453,0,none,confirmed_empty,blurry,benchmark,-130,
S4_sizesweep_b_f005459.jpg,S4_sizesweep_b,5459,0,none,confirmed_empty,blurry,benchmark,-130,
S4_sizesweep_b_f005464.jpg,S4_sizesweep_b,5464,0,none,confirmed_empty,ok,benchmark,-140,
S4_sizesweep_b_f005470.jpg,S4_sizesweep_b,5470,0,none,confirmed_empty,ok,benchmark,-140,
S4_sizesweep_b_f005473.jpg,S4_sizesweep_b,5473,0,none,confirmed_empty,ok,benchmark,-140,
S4_sizesweep_b_f005477.jpg,S4_sizesweep_b,5477,0,none,confirmed_empty,ok,benchmark,-140,
S4_sizesweep_b_f005484.jpg,S4_sizesweep_b,5484,0,none,confirmed_empty,ok,benchmark,0,
S4_hoverpairs_b_f000000.jpg,S4_hoverpairs_b,0,0,none,ok,ok,benchmark,0,
S4_hoverpairs_b_f000010.jpg,S4_hoverpairs_b,10,0,none,ok,ok,benchmark,0,
S4_hoverpairs_b_f000020.jpg,S4_hoverpairs_b,20,0,none,ok,ok,benchmark,0,
S4_hoverpairs_b_f000027.jpg,S4_hoverpairs_b,27,0,none,ok,ok,benchmark,0,
S4_hoverpairs_b_f000034.jpg,S4_hoverpairs_b,34,0,none,ok,ok,benchmark,0,
S4_hoverpairs_b_f000042.jpg,S4_hoverpairs_b,42,0,none,ok,ok,benchmark,0,
S4_hoverpairs_b_f000047.jpg,S4_hoverpairs_b,47,0,none,confirmed_empty,ok,benchmark,0,
S4_hoverpairs_b_f000050.jpg,S4_hoverpairs_b,50,0,none,confirmed_empty,ok,benchmark,0,
S4_hoverpairs_b_f000058.jpg,S4_hoverpairs_b,58,0,none,confirmed_empty,ok,benchmark,0,
S4_hoverpairs_b_f000067.jpg,S4_hoverpairs_b,67,0,none,confirmed_empty,ok,benchmark,0,
S4_hoverpairs_b_f000075.jpg,S4_hoverpairs_b,75,0,none,confirmed_empty,ok,benchmark,0,
S4_hoverpairs_b_f000083.jpg,S4_hoverpairs_b,83,0,none,confirmed_empty,ok,benchmark,0,
S4_hoverpairs_b_f000090.jpg,S4_hoverpairs_b,90,0,none,confirmed_empty,ok,benchmark,0,
S4_hoverpairs_b_f000097.jpg,S4_hoverpairs_b,97,0,none,confirmed_empty,ok,benchmark,0,
S4_hoverpairs_b_f000103.jpg,S4_hoverpairs_b,103,0,none,confirmed_empty,ok,benchmark,0,
S4_hoverpairs_b_f000109.jpg,S4_hoverpairs_b,109,0,none,confirmed_empty,ok,benchmark,0,
S4_hoverpairs_b_f000115.jpg,S4_hoverpairs_b,115,0,none,confirmed_empty,ok,benchmark,0,
S4_hoverpairs_b_f000120.jpg,S4_hoverpairs_b,120,0,none,confirmed_empty,ok,benchmark,0,
S4_hoverpairs_b_f000125.jpg,S4_hoverpairs_b,125,0,none,confirmed_empty,ok,benchmark,0,
S4_hoverpairs_b_f000131.jpg,S4_hoverpairs_b,131,0,none,confirmed_empty,ok,benchmark,0,
S4_hoverpairs_b_f000137.jpg,S4_hoverpairs_b,137,0,none,confirmed_empty,ok,benchmark,0,
S4_hoverpairs_b_f000143.jpg,S4_hoverpairs_b,143,0,none,confirmed_empty,ok,benchmark,0,
S4_hoverpairs_b_f000149.jpg,S4_hoverpairs_b,149,0,none,confirmed_empty,ok,benchmark,0,
S4_hoverpairs_b_f000154.jpg,S4_hoverpairs_b,154,3,atv_sherp+rc_car+truck_peterbilt,confirmed_empty,ok,benchmark,70,
S4_hoverpairs_b_f000158.jpg,S4_hoverpairs_b,158,3,atv_sherp+rc_car+truck_peterbilt,ok,ok,benchmark,70,
S4_hoverpairs_b_f000162.jpg,S4_hoverpairs_b,162,3,atv_sherp+rc_car+truck_peterbilt,ok,ok,benchmark,70,
S4_hoverpairs_b_f000166.jpg,S4_hoverpairs_b,166,3,atv_sherp+rc_car+truck_peterbilt,ok,ok,benchmark,70,
S4_hoverpairs_b_f000170.jpg,S4_hoverpairs_b,170,3,atv_sherp+rc_car+truck_peterbilt,ok,ok,benchmark,70,
S4_hoverpairs_b_f000175.jpg,S4_hoverpairs_b,175,3,atv_sherp+rc_car+truck_peterbilt,ok,ok,benchmark,70,
S4_hoverpairs_b_f000179.jpg,S4_hoverpairs_b,179,3,atv_sherp+rc_car+truck_peterbilt,ok,ok,benchmark,70,
S4_hoverpairs_b_f000184.jpg,S4_hoverpairs_b,184,3,atv_sherp+rc_car+truck_peterbilt,ok,ok,benchmark,70,
S4_hoverpairs_b_f000190.jpg,S4_hoverpairs_b,190,3,atv_sherp+rc_car+truck_peterbilt,ok,ok,benchmark,70,
S4_hoverpairs_b_f000196.jpg,S4_hoverpairs_b,196,3,atv_sherp+rc_car+truck_peterbilt,ok,ok,benchmark,70,
S4_hoverpairs_b_f000203.jpg,S4_hoverpairs_b,203,3,atv_sherp+rc_car+truck_peterbilt,ok,ok,benchmark,80,
S4_hoverpairs_b_f000212.jpg,S4_hoverpairs_b,212,3,atv_sherp+rc_car+truck_peterbilt,ok,ok,benchmark,90,
S4_hoverpairs_b_f000220.jpg,S4_hoverpairs_b,220,3,atv_sherp+rc_car+truck_peterbilt,ok,ok,benchmark,100,
S4_hoverpairs_b_f000228.jpg,S4_hoverpairs_b,228,3,atv_sherp+rc_car+truck_peterbilt,ok,ok,benchmark,110,
S4_hoverpairs_b_f000237.jpg,S4_hoverpairs_b,237,3,atv_sherp+rc_car+truck_peterbilt,ok,ok,benchmark,120,
S4_hoverpairs_b_f000245.jpg,S4_hoverpairs_b,245,3,atv_sherp+rc_car+truck_peterbilt,ok,ok,benchmark,130,
S4_hoverpairs_b_f000254.jpg,S4_hoverpairs_b,254,3,atv_sherp+rc_car+truck_peterbilt,ok,ok,benchmark,150,
S4_hoverpairs_b_f000262.jpg,S4_hoverpairs_b,262,3,atv_sherp+rc_car+truck_peterbilt,ok,ok,benchmark,160,
S4_hoverpairs_b_f000270.jpg,S4_hoverpairs_b,270,3,atv_sherp+rc_car+truck_peterbilt,ok,ok,benchmark,170,
S4_hoverpairs_b_f000278.jpg,S4_hoverpairs_b,278,3,atv_sherp+rc_car+truck_peterbilt,ok,ok,benchmark,170,
S4_hoverpairs_b_f000287.jpg,S4_hoverpairs_b,287,3,atv_sherp+rc_car+truck_peterbilt,ok,ok,benchmark,170,
S4_hoverpairs_b_f000295.jpg,S4_hoverpairs_b,295,3,atv_sherp+rc_car+truck_peterbilt,ok,ok,benchmark,170,
S4_hoverpairs_b_f000302.jpg,S4_hoverpairs_b,302,3,atv_sherp+rc_car+truck_peterbilt,ok,ok,benchmark,160,
S4_hoverpairs_b_f000310.jpg,S4_hoverpairs_b,310,3,atv_sherp+rc_car+truck_peterbilt,ok,ok,benchmark,160,
S4_hoverpairs_b_f000318.jpg,S4_hoverpairs_b,318,3,atv_sherp+rc_car+truck_peterbilt,ok,ok,benchmark,160,
S4_hoverpairs_b_f000326.jpg,S4_hoverpairs_b,326,3,atv_sherp+rc_car+truck_peterbilt,ok,ok,benchmark,160,
S4_hoverpairs_b_f000335.jpg,S4_hoverpairs_b,335,3,atv_sherp+rc_car+truck_peterbilt,ok,ok,benchmark,170,
S4_hoverpairs_b_f000344.jpg,S4_hoverpairs_b,344,3,atv_sherp+rc_car+truck_peterbilt,ok,ok,benchmark,180,
S4_hoverpairs_b_f000353.jpg,S4_hoverpairs_b,353,3,atv_sherp+rc_car+truck_peterbilt,ok,ok,benchmark,180,
S4_hoverpairs_b_f000361.jpg,S4_hoverpairs_b,361,3,atv_sherp+rc_car+truck_peterbilt,ok,ok,benchmark,190,
S4_hoverpairs_b_f000369.jpg,S4_hoverpairs_b,369,3,atv_sherp+rc_car+truck_peterbilt,ok,ok,benchmark,190,
S4_hoverpairs_b_f000378.jpg,S4_hoverpairs_b,378,3,atv_sherp+rc_car+truck_peterbilt,ok,ok,benchmark,180,
S4_hoverpairs_b_f000387.jpg,S4_hoverpairs_b,387,3,atv_sherp+rc_car+truck_peterbilt,ok,ok,benchmark,180,
S4_hoverpairs_b_f000396.jpg,S4_hoverpairs_b,396,3,atv_sherp+rc_car+truck_peterbilt,ok,ok,benchmark,190,
S4_hoverpairs_b_f000405.jpg,S4_hoverpairs_b,405,3,atv_sherp+rc_car+truck_peterbilt,ok,ok,benchmark,200,
S4_hoverpairs_b_f000413.jpg,S4_hoverpairs_b,413,3,atv_sherp+rc_car+truck_peterbilt,ok,ok,benchmark,210,
S4_hoverpairs_b_f000421.jpg,S4_hoverpairs_b,421,3,atv_sherp+rc_car+truck_peterbilt,ok,ok,benchmark,230,
S4_hoverpairs_b_f000429.jpg,S4_hoverpairs_b,429,3,atv_sherp+rc_car+truck_peterbilt,ok,ok,benchmark,250,
S4_hoverpairs_b_f000437.jpg,S4_hoverpairs_b,437,3,atv_sherp+rc_car+truck_peterbilt,ok,ok,benchmark,260,
S4_hoverpairs_b_f000445.jpg,S4_hoverpairs_b,445,3,atv_sherp+rc_car+truck_peterbilt,ok,ok,benchmark,270,
S4_hoverpairs_b_f000454.jpg,S4_hoverpairs_b,454,3,atv_sherp+rc_car+truck_peterbilt,ok,ok,benchmark,270,
S4_hoverpairs_b_f000463.jpg,S4_hoverpairs_b,463,3,atv_sherp+rc_car+truck_peterbilt,ok,ok,benchmark,280,
S4_hoverpairs_b_f000472.jpg,S4_hoverpairs_b,472,3,atv_sherp+rc_car+truck_peterbilt,ok,ok,benchmark,290,
S4_hoverpairs_b_f000481.jpg,S4_hoverpairs_b,481,3,atv_sherp+rc_car+truck_peterbilt,ok,ok,benchmark,290,
S4_hoverpairs_b_f000491.jpg,S4_hoverpairs_b,491,3,atv_sherp+rc_car+truck_peterbilt,ok,ok,benchmark,300,
S4_hoverpairs_b_f000500.jpg,S4_hoverpairs_b,500,3,atv_sherp+rc_car+truck_peterbilt,ok,ok,benchmark,310,
S4_hoverpairs_b_f000510.jpg,S4_hoverpairs_b,510,3,atv_sherp+rc_car+truck_peterbilt,ok,ok,benchmark,320,
S4_hoverpairs_b_f000519.jpg,S4_hoverpairs_b,519,3,atv_sherp+rc_car+truck_peterbilt,ok,ok,benchmark,330,
S4_hoverpairs_b_f000528.jpg,S4_hoverpairs_b,528,3,atv_sherp+rc_car+truck_peterbilt,ok,ok,benchmark,350,
S4_hoverpairs_b_f000537.jpg,S4_hoverpairs_b,537,3,atv_sherp+rc_car+truck_peterbilt,ok,ok,benchmark,360,
S4_hoverpairs_b_f000546.jpg,S4_hoverpairs_b,546,3,atv_sherp+rc_car+truck_peterbilt,ok,ok,benchmark,370,
S4_hoverpairs_b_f000555.jpg,S4_hoverpairs_b,555,3,atv_sherp+rc_car+truck_peterbilt,ok,ok,benchmark,380,
S4_hoverpairs_b_f000563.jpg,S4_hoverpairs_b,563,3,atv_sherp+rc_car+truck_peterbilt,ok,ok,benchmark,390,
S4_hoverpairs_b_f000571.jpg,S4_hoverpairs_b,571,3,atv_sherp+rc_car+truck_peterbilt,ok,ok,benchmark,390,
S4_hoverpairs_b_f000579.jpg,S4_hoverpairs_b,579,3,atv_sherp+rc_car+truck_peterbilt,ok,ok,benchmark,390,
S4_hoverpairs_b_f000587.jpg,S4_hoverpairs_b,587,3,atv_sherp+rc_car+truck_peterbilt,ok,ok,benchmark,400,
S4_hoverpairs_b_f000595.jpg,S4_hoverpairs_b,595,3,atv_sherp+rc_car+truck_peterbilt,ok,ok,benchmark,410,
S4_hoverpairs_b_f000603.jpg,S4_hoverpairs_b,603,3,atv_sherp+rc_car+truck_peterbilt,ok,ok,benchmark,420,
S4_hoverpairs_b_f000612.jpg,S4_hoverpairs_b,612,3,atv_sherp+rc_car+truck_peterbilt,ok,ok,benchmark,440,
S4_hoverpairs_b_f000621.jpg,S4_hoverpairs_b,621,3,atv_sherp+rc_car+truck_peterbilt,ok,ok,benchmark,470,
S4_hoverpairs_b_f000630.jpg,S4_hoverpairs_b,630,3,atv_sherp+rc_car+truck_peterbilt,ok,ok,benchmark,470,
S4_hoverpairs_b_f000639.jpg,S4_hoverpairs_b,639,3,atv_sherp+rc_car+truck_peterbilt,ok,ok,benchmark,480,
S4_hoverpairs_b_f000648.jpg,S4_hoverpairs_b,648,3,atv_sherp+rc_car+truck_peterbilt,ok,ok,benchmark,490,
S4_hoverpairs_b_f000656.jpg,S4_hoverpairs_b,656,3,atv_sherp+rc_car+truck_peterbilt,ok,ok,benchmark,500,
S4_hoverpairs_b_f000665.jpg,S4_hoverpairs_b,665,3,atv_sherp+rc_car+truck_peterbilt,ok,ok,benchmark,510,
S4_hoverpairs_b_f000672.jpg,S4_hoverpairs_b,672,3,atv_sherp+rc_car+truck_peterbilt,ok,ok,benchmark,510,
S4_hoverpairs_b_f000681.jpg,S4_hoverpairs_b,681,3,atv_sherp+rc_car+truck_peterbilt,ok,ok,benchmark,500,
S4_hoverpairs_b_f000689.jpg,S4_hoverpairs_b,689,3,atv_sherp+rc_car+truck_peterbilt,ok,ok,benchmark,490,
S4_hoverpairs_b_f000698.jpg,S4_hoverpairs_b,698,3,atv_sherp+rc_car+truck_peterbilt,ok,ok,benchmark,480,
S4_hoverpairs_b_f000707.jpg,S4_hoverpairs_b,707,3,atv_sherp+rc_car+truck_peterbilt,ok,ok,benchmark,480,
S4_hoverpairs_b_f000716.jpg,S4_hoverpairs_b,716,3,atv_sherp+rc_car+truck_peterbilt,ok,ok,benchmark,500,
S4_hoverpairs_b_f000725.jpg,S4_hoverpairs_b,725,3,atv_sherp+rc_car+truck_peterbilt,ok,ok,benchmark,520,
S4_hoverpairs_b_f000734.jpg,S4_hoverpairs_b,734,3,atv_sherp+rc_car+truck_peterbilt,ok,ok,benchmark,530,
S4_hoverpairs_b_f000742.jpg,S4_hoverpairs_b,742,3,atv_sherp+rc_car+truck_peterbilt,ok,ok,benchmark,540,
S4_hoverpairs_b_f000750.jpg,S4_hoverpairs_b,750,3,atv_sherp+rc_car+truck_peterbilt,ok,ok,benchmark,550,
S4_hoverpairs_b_f000758.jpg,S4_hoverpairs_b,758,3,atv_sherp+rc_car+truck_peterbilt,ok,ok,benchmark,550,
S4_hoverpairs_b_f000766.jpg,S4_hoverpairs_b,766,3,atv_sherp+rc_car+truck_peterbilt,ok,ok,benchmark,560,
S4_hoverpairs_b_f000775.jpg,S4_hoverpairs_b,775,3,atv_sherp+rc_car+truck_peterbilt,ok,ok,benchmark,580,
S4_hoverpairs_b_f000783.jpg,S4_hoverpairs_b,783,3,atv_sherp+rc_car+truck_peterbilt,ok,ok,benchmark,590,
S4_hoverpairs_b_f000791.jpg,S4_hoverpairs_b,791,3,atv_sherp+rc_car+truck_peterbilt,ok,ok,benchmark,600,
S4_hoverpairs_b_f000799.jpg,S4_hoverpairs_b,799,3,atv_sherp+rc_car+truck_peterbilt,ok,ok,benchmark,600,
S4_hoverpairs_b_f000807.jpg,S4_hoverpairs_b,807,3,atv_sherp+rc_car+truck_peterbilt,ok,ok,benchmark,610,
S4_hoverpairs_b_f000815.jpg,S4_hoverpairs_b,815,3,atv_sherp+rc_car+truck_peterbilt,ok,ok,benchmark,610,
S4_hoverpairs_b_f000824.jpg,S4_hoverpairs_b,824,3,atv_sherp+rc_car+truck_peterbilt,ok,ok,benchmark,620,
S4_hoverpairs_b_f000833.jpg,S4_hoverpairs_b,833,3,atv_sherp+rc_car+truck_peterbilt,ok,ok,benchmark,630,
S4_hoverpairs_b_f000841.jpg,S4_hoverpairs_b,841,3,atv_sherp+rc_car+truck_peterbilt,ok,ok,benchmark,630,
S4_hoverpairs_b_f000850.jpg,S4_hoverpairs_b,850,3,atv_sherp+rc_car+truck_peterbilt,ok,ok,benchmark,640,
S4_hoverpairs_b_f000858.jpg,S4_hoverpairs_b,858,3,atv_sherp+rc_car+truck_peterbilt,ok,ok,benchmark,640,
S4_hoverpairs_b_f000867.jpg,S4_hoverpairs_b,867,3,atv_sherp+rc_car+truck_peterbilt,ok,ok,benchmark,650,
S4_hoverpairs_b_f000876.jpg,S4_hoverpairs_b,876,3,atv_sherp+rc_car+truck_peterbilt,ok,ok,benchmark,660,
S4_hoverpairs_b_f000885.jpg,S4_hoverpairs_b,885,3,atv_sherp+rc_car+truck_peterbilt,ok,ok,benchmark,660,
S4_hoverpairs_b_f000894.jpg,S4_hoverpairs_b,894,3,atv_sherp+rc_car+truck_peterbilt,ok,ok,benchmark,670,
S4_hoverpairs_b_f000903.jpg,S4_hoverpairs_b,903,3,atv_sherp+rc_car+truck_peterbilt,ok,ok,benchmark,670,
S4_hoverpairs_b_f000911.jpg,S4_hoverpairs_b,911,3,atv_sherp+rc_car+truck_peterbilt,ok,ok,benchmark,680,
S4_hoverpairs_b_f000920.jpg,S4_hoverpairs_b,920,3,atv_sherp+rc_car+truck_peterbilt,ok,ok,benchmark,680,
S4_hoverpairs_b_f000929.jpg,S4_hoverpairs_b,929,3,atv_sherp+rc_car+truck_peterbilt,ok,ok,benchmark,690,
S4_hoverpairs_b_f000937.jpg,S4_hoverpairs_b,937,3,atv_sherp+rc_car+truck_peterbilt,ok,ok,benchmark,690,
S4_hoverpairs_b_f000946.jpg,S4_hoverpairs_b,946,3,atv_sherp+rc_car+truck_peterbilt,ok,ok,benchmark,700,
S4_hoverpairs_b_f000954.jpg,S4_hoverpairs_b,954,3,atv_sherp+rc_car+truck_peterbilt,ok,ok,benchmark,700,
S4_hoverpairs_b_f000961.jpg,S4_hoverpairs_b,961,2,atv_sherp+rc_car,ok,ok,benchmark,700,
S4_hoverpairs_b_f000970.jpg,S4_hoverpairs_b,970,1,atv_sherp,ok,ok,benchmark,710,
S4_hoverpairs_b_f000978.jpg,S4_hoverpairs_b,978,0,none,confirmed_empty,ok,benchmark,710,
S4_hoverpairs_b_f000986.jpg,S4_hoverpairs_b,986,0,none,confirmed_empty,ok,benchmark,710,
S4_hoverpairs_b_f000994.jpg,S4_hoverpairs_b,994,0,none,confirmed_empty,ok,benchmark,710,
S4_hoverpairs_b_f001001.jpg,S4_hoverpairs_b,1001,0,none,confirmed_empty,ok,benchmark,710,
S4_hoverpairs_b_f001009.jpg,S4_hoverpairs_b,1009,0,none,confirmed_empty,ok,benchmark,710,
S4_hoverpairs_b_f001017.jpg,S4_hoverpairs_b,1017,0,none,confirmed_empty,ok,benchmark,710,
S4_hoverpairs_b_f001026.jpg,S4_hoverpairs_b,1026,0,none,confirmed_empty,ok,benchmark,710,
S4_hoverpairs_b_f001035.jpg,S4_hoverpairs_b,1035,0,none,confirmed_empty,ok,benchmark,720,
S4_hoverpairs_b_f001044.jpg,S4_hoverpairs_b,1044,0,none,confirmed_empty,ok,benchmark,720,
S4_hoverpairs_b_f001053.jpg,S4_hoverpairs_b,1053,0,none,confirmed_empty,ok,benchmark,720,
S4_hoverpairs_b_f001061.jpg,S4_hoverpairs_b,1061,0,none,confirmed_empty,ok,benchmark,720,
S4_hoverpairs_b_f001068.jpg,S4_hoverpairs_b,1068,0,none,confirmed_empty,ok,benchmark,720,
S4_hoverpairs_b_f001076.jpg,S4_hoverpairs_b,1076,0,none,confirmed_empty,ok,benchmark,720,
S4_hoverpairs_b_f001084.jpg,S4_hoverpairs_b,1084,0,none,confirmed_empty,ok,benchmark,720,
S4_hoverpairs_b_f001092.jpg,S4_hoverpairs_b,1092,0,none,confirmed_empty,ok,benchmark,710,
S4_hoverpairs_b_f001101.jpg,S4_hoverpairs_b,1101,0,none,confirmed_empty,ok,benchmark,710,
S4_hoverpairs_b_f001109.jpg,S4_hoverpairs_b,1109,0,none,confirmed_empty,ok,benchmark,720,
S4_hoverpairs_b_f001118.jpg,S4_hoverpairs_b,1118,0,none,confirmed_empty,ok,benchmark,720,
S4_hoverpairs_b_f001126.jpg,S4_hoverpairs_b,1126,0,none,confirmed_empty,ok,benchmark,720,
S4_hoverpairs_b_f001134.jpg,S4_hoverpairs_b,1134,0,none,confirmed_empty,ok,benchmark,710,
S4_hoverpairs_b_f001142.jpg,S4_hoverpairs_b,1142,0,none,confirmed_empty,ok,benchmark,710,
S4_hoverpairs_b_f001151.jpg,S4_hoverpairs_b,1151,0,none,confirmed_empty,ok,benchmark,710,
S4_hoverpairs_b_f001160.jpg,S4_hoverpairs_b,1160,1,atv_sherp,ok,ok,benchmark,710,
S4_hoverpairs_b_f001170.jpg,S4_hoverpairs_b,1170,2,atv_sherp+rc_car,ok,ok,benchmark,710,
S4_hoverpairs_b_f001179.jpg,S4_hoverpairs_b,1179,3,atv_sherp+rc_car+truck_peterbilt,ok,ok,benchmark,700,
S4_hoverpairs_b_f001188.jpg,S4_hoverpairs_b,1188,3,atv_sherp+rc_car+truck_peterbilt,ok,ok,benchmark,700,
S4_hoverpairs_b_f001196.jpg,S4_hoverpairs_b,1196,3,atv_sherp+rc_car+truck_peterbilt,ok,ok,benchmark,690,
S4_hoverpairs_b_f001205.jpg,S4_hoverpairs_b,1205,3,atv_sherp+rc_car+truck_peterbilt,ok,ok,benchmark,690,
S4_hoverpairs_b_f001213.jpg,S4_hoverpairs_b,1213,3,atv_sherp+rc_car+truck_peterbilt,ok,ok,benchmark,700,
S4_hoverpairs_b_f001222.jpg,S4_hoverpairs_b,1222,3,atv_sherp+rc_car+truck_peterbilt,ok,ok,benchmark,690,
S4_hoverpairs_b_f001231.jpg,S4_hoverpairs_b,1231,3,atv_sherp+rc_car+truck_peterbilt,ok,ok,benchmark,690,
S4_hoverpairs_b_f001240.jpg,S4_hoverpairs_b,1240,3,atv_sherp+rc_car+truck_peterbilt,ok,ok,benchmark,690,
S4_hoverpairs_b_f001249.jpg,S4_hoverpairs_b,1249,3,atv_sherp+rc_car+truck_peterbilt,ok,ok,benchmark,690,
S4_hoverpairs_b_f001257.jpg,S4_hoverpairs_b,1257,3,atv_sherp+rc_car+truck_peterbilt,ok,ok,benchmark,690,
S4_hoverpairs_b_f001265.jpg,S4_hoverpairs_b,1265,3,atv_sherp+rc_car+truck_peterbilt,ok,ok,benchmark,690,
S4_hoverpairs_b_f001273.jpg,S4_hoverpairs_b,1273,3,atv_sherp+rc_car+truck_peterbilt,ok,ok,benchmark,690,
S4_hoverpairs_b_f001281.jpg,S4_hoverpairs_b,1281,3,atv_sherp+rc_car+truck_peterbilt,ok,ok,benchmark,690,
S4_hoverpairs_b_f001290.jpg,S4_hoverpairs_b,1290,3,atv_sherp+rc_car+truck_peterbilt,ok,ok,benchmark,690,
S4_hoverpairs_b_f001299.jpg,S4_hoverpairs_b,1299,3,atv_sherp+rc_car+truck_peterbilt,ok,ok,benchmark,690,
S4_hoverpairs_b_f001308.jpg,S4_hoverpairs_b,1308,3,atv_sherp+rc_car+truck_peterbilt,ok,ok,benchmark,690,
S4_hoverpairs_b_f001316.jpg,S4_hoverpairs_b,1316,3,atv_sherp+rc_car+truck_peterbilt,ok,ok,benchmark,690,
S4_hoverpairs_b_f001324.jpg,S4_hoverpairs_b,1324,3,atv_sherp+rc_car+truck_peterbilt,ok,ok,benchmark,690,
S4_hoverpairs_b_f001332.jpg,S4_hoverpairs_b,1332,3,atv_sherp+rc_car+truck_peterbilt,ok,ok,benchmark,690,
S4_hoverpairs_b_f001341.jpg,S4_hoverpairs_b,1341,3,atv_sherp+rc_car+truck_peterbilt,ok,ok,benchmark,690,
S4_hoverpairs_b_f001349.jpg,S4_hoverpairs_b,1349,3,atv_sherp+rc_car+truck_peterbilt,ok,ok,benchmark,690,
S4_hoverpairs_b_f001357.jpg,S4_hoverpairs_b,1357,3,atv_sherp+rc_car+truck_peterbilt,ok,ok,benchmark,690,
S4_hoverpairs_b_f001366.jpg,S4_hoverpairs_b,1366,3,atv_sherp+rc_car+truck_peterbilt,ok,ok,benchmark,690,
S4_hoverpairs_b_f001374.jpg,S4_hoverpairs_b,1374,3,atv_sherp+rc_car+truck_peterbilt,ok,ok,benchmark,690,
S4_hoverpairs_b_f001382.jpg,S4_hoverpairs_b,1382,3,atv_sherp+rc_car+truck_peterbilt,ok,ok,benchmark,690,
S4_hoverpairs_b_f001391.jpg,S4_hoverpairs_b,1391,3,atv_sherp+rc_car+truck_peterbilt,ok,ok,benchmark,700,
S4_hoverpairs_b_f001400.jpg,S4_hoverpairs_b,1400,3,atv_sherp+rc_car+truck_peterbilt,ok,ok,benchmark,700,
S4_hoverpairs_b_f001408.jpg,S4_hoverpairs_b,1408,3,atv_sherp+rc_car+truck_peterbilt,ok,ok,benchmark,700,
S4_hoverpairs_b_f001417.jpg,S4_hoverpairs_b,1417,3,atv_sherp+rc_car+truck_peterbilt,ok,ok,benchmark,700,
S4_hoverpairs_b_f001426.jpg,S4_hoverpairs_b,1426,3,atv_sherp+rc_car+truck_peterbilt,ok,ok,benchmark,700,
S4_hoverpairs_b_f001434.jpg,S4_hoverpairs_b,1434,3,atv_sherp+rc_car+truck_peterbilt,ok,ok,benchmark,700,
S4_hoverpairs_b_f001443.jpg,S4_hoverpairs_b,1443,3,atv_sherp+rc_car+truck_peterbilt,ok,ok,benchmark,700,
S4_hoverpairs_b_f001452.jpg,S4_hoverpairs_b,1452,3,atv_sherp+rc_car+truck_peterbilt,ok,ok,benchmark,700,
S4_hoverpairs_b_f001461.jpg,S4_hoverpairs_b,1461,3,atv_sherp+rc_car+truck_peterbilt,ok,ok,benchmark,710,
S4_hoverpairs_b_f001469.jpg,S4_hoverpairs_b,1469,3,atv_sherp+rc_car+truck_peterbilt,ok,ok,benchmark,710,
S4_hoverpairs_b_f001477.jpg,S4_hoverpairs_b,1477,3,atv_sherp+rc_car+truck_peterbilt,ok,ok,benchmark,710,
S4_hoverpairs_b_f001486.jpg,S4_hoverpairs_b,1486,3,atv_sherp+rc_car+truck_peterbilt,ok,ok,benchmark,710,
S4_hoverpairs_b_f001495.jpg,S4_hoverpairs_b,1495,3,atv_sherp+rc_car+truck_peterbilt,ok,ok,benchmark,710,
S4_hoverpairs_b_f001504.jpg,S4_hoverpairs_b,1504,3,atv_sherp+rc_car+truck_peterbilt,ok,ok,benchmark,720,
S4_hoverpairs_b_f001513.jpg,S4_hoverpairs_b,1513,0,none,confirmed_empty,ok,benchmark,720,
S4_hoverpairs_b_f001522.jpg,S4_hoverpairs_b,1522,0,none,confirmed_empty,ok,benchmark,720,
S4_hoverpairs_b_f001530.jpg,S4_hoverpairs_b,1530,0,none,confirmed_empty,ok,benchmark,720,
S4_hoverpairs_b_f001538.jpg,S4_hoverpairs_b,1538,3,atv_sherp+rc_car+truck_peterbilt,ok,ok,benchmark,720,
S4_hoverpairs_b_f001547.jpg,S4_hoverpairs_b,1547,3,atv_sherp+rc_car+truck_peterbilt,ok,ok,benchmark,710,
S4_hoverpairs_b_f001556.jpg,S4_hoverpairs_b,1556,3,atv_sherp+rc_car+truck_peterbilt,ok,ok,benchmark,720,
S4_hoverpairs_b_f001564.jpg,S4_hoverpairs_b,1564,3,atv_sherp+rc_car+truck_peterbilt,ok,ok,benchmark,720,
S4_hoverpairs_b_f001573.jpg,S4_hoverpairs_b,1573,3,atv_sherp+rc_car+truck_peterbilt,ok,ok,benchmark,720,
S4_hoverpairs_b_f001581.jpg,S4_hoverpairs_b,1581,3,atv_sherp+rc_car+truck_peterbilt,ok,ok,benchmark,720,
S4_hoverpairs_b_f001589.jpg,S4_hoverpairs_b,1589,3,atv_sherp+rc_car+truck_peterbilt,ok,ok,benchmark,720,
S4_hoverpairs_b_f001598.jpg,S4_hoverpairs_b,1598,3,atv_sherp+rc_car+truck_peterbilt,ok,ok,benchmark,720,
S4_hoverpairs_b_f001606.jpg,S4_hoverpairs_b,1606,3,atv_sherp+rc_car+truck_peterbilt,ok,ok,benchmark,720,
S4_hoverpairs_b_f001614.jpg,S4_hoverpairs_b,1614,3,atv_sherp+rc_car+truck_peterbilt,ok,ok,benchmark,710,
S4_hoverpairs_b_f001623.jpg,S4_hoverpairs_b,1623,3,atv_sherp+rc_car+truck_peterbilt,ok,ok,benchmark,710,
S4_hoverpairs_b_f001633.jpg,S4_hoverpairs_b,1633,3,atv_sherp+rc_car+truck_peterbilt,ok,ok,benchmark,710,
S4_hoverpairs_b_f001642.jpg,S4_hoverpairs_b,1642,3,atv_sherp+rc_car+truck_peterbilt,ok,ok,benchmark,710,
S4_hoverpairs_b_f001651.jpg,S4_hoverpairs_b,1651,3,atv_sherp+rc_car+truck_peterbilt,ok,ok,benchmark,700,
S4_hoverpairs_b_f001660.jpg,S4_hoverpairs_b,1660,3,atv_sherp+rc_car+truck_peterbilt,ok,ok,benchmark,700,
S4_hoverpairs_b_f001668.jpg,S4_hoverpairs_b,1668,3,atv_sherp+rc_car+truck_peterbilt,ok,ok,benchmark,700,
S4_hoverpairs_b_f001676.jpg,S4_hoverpairs_b,1676,3,atv_sherp+rc_car+truck_peterbilt,ok,ok,benchmark,690,
S4_hoverpairs_b_f001685.jpg,S4_hoverpairs_b,1685,3,atv_sherp+rc_car+truck_peterbilt,ok,ok,benchmark,690,
S4_hoverpairs_b_f001693.jpg,S4_hoverpairs_b,1693,3,atv_sherp+rc_car+truck_peterbilt,ok,ok,benchmark,690,
S4_hoverpairs_b_f001702.jpg,S4_hoverpairs_b,1702,3,atv_sherp+rc_car+truck_peterbilt,ok,ok,benchmark,690,
S4_hoverpairs_b_f001711.jpg,S4_hoverpairs_b,1711,3,atv_sherp+rc_car+truck_peterbilt,ok,ok,benchmark,690,
S4_hoverpairs_b_f001720.jpg,S4_hoverpairs_b,1720,3,atv_sherp+rc_car+truck_peterbilt,ok,ok,benchmark,690,
S4_hoverpairs_b_f001730.jpg,S4_hoverpairs_b,1730,3,atv_sherp+rc_car+truck_peterbilt,ok,ok,benchmark,680,
S4_hoverpairs_b_f001738.jpg,S4_hoverpairs_b,1738,3,atv_sherp+rc_car+truck_peterbilt,ok,ok,benchmark,680,
S4_hoverpairs_b_f001747.jpg,S4_hoverpairs_b,1747,3,atv_sherp+rc_car+truck_peterbilt,ok,ok,benchmark,680,
S4_hoverpairs_b_f001755.jpg,S4_hoverpairs_b,1755,3,atv_sherp+rc_car+truck_peterbilt,ok,ok,benchmark,690,
S4_hoverpairs_b_f001764.jpg,S4_hoverpairs_b,1764,3,atv_sherp+rc_car+truck_peterbilt,ok,ok,benchmark,690,
S4_hoverpairs_b_f001773.jpg,S4_hoverpairs_b,1773,3,atv_sherp+rc_car+truck_peterbilt,ok,ok,benchmark,690,
S4_hoverpairs_b_f001782.jpg,S4_hoverpairs_b,1782,3,atv_sherp+rc_car+truck_peterbilt,ok,ok,benchmark,690,
S4_hoverpairs_b_f001790.jpg,S4_hoverpairs_b,1790,3,atv_sherp+rc_car+truck_peterbilt,ok,ok,benchmark,690,
S4_hoverpairs_b_f001798.jpg,S4_hoverpairs_b,1798,3,atv_sherp+rc_car+truck_peterbilt,ok,ok,benchmark,690,
S4_hoverpairs_b_f001806.jpg,S4_hoverpairs_b,1806,3,atv_sherp+rc_car+truck_peterbilt,ok,ok,benchmark,690,
S4_hoverpairs_b_f001814.jpg,S4_hoverpairs_b,1814,3,atv_sherp+rc_car+truck_peterbilt,ok,ok,benchmark,690,
S4_hoverpairs_b_f001821.jpg,S4_hoverpairs_b,1821,3,atv_sherp+rc_car+truck_peterbilt,ok,ok,benchmark,690,
S4_hoverpairs_b_f001829.jpg,S4_hoverpairs_b,1829,3,atv_sherp+rc_car+truck_peterbilt,ok,ok,benchmark,700,
S4_hoverpairs_b_f001838.jpg,S4_hoverpairs_b,1838,3,atv_sherp+rc_car+truck_peterbilt,ok,ok,benchmark,700,
S4_hoverpairs_b_f001846.jpg,S4_hoverpairs_b,1846,3,atv_sherp+rc_car+truck_peterbilt,ok,ok,benchmark,700,
S4_hoverpairs_b_f001854.jpg,S4_hoverpairs_b,1854,3,atv_sherp+rc_car+truck_peterbilt,ok,ok,benchmark,700,
S4_hoverpairs_b_f001863.jpg,S4_hoverpairs_b,1863,3,atv_sherp+rc_car+truck_peterbilt,ok,ok,benchmark,700,
S4_hoverpairs_b_f001871.jpg,S4_hoverpairs_b,1871,3,atv_sherp+rc_car+truck_peterbilt,ok,ok,benchmark,700,
S4_hoverpairs_b_f001879.jpg,S4_hoverpairs_b,1879,3,atv_sherp+rc_car+truck_peterbilt,ok,ok,benchmark,710,
S4_hoverpairs_b_f001888.jpg,S4_hoverpairs_b,1888,3,atv_sherp+rc_car+truck_peterbilt,ok,ok,benchmark,710,
S4_hoverpairs_b_f001896.jpg,S4_hoverpairs_b,1896,3,atv_sherp+rc_car+truck_peterbilt,ok,ok,benchmark,710,
S4_hoverpairs_b_f001904.jpg,S4_hoverpairs_b,1904,3,atv_sherp+rc_car+truck_peterbilt,ok,ok,benchmark,710,
S4_hoverpairs_b_f001913.jpg,S4_hoverpairs_b,1913,3,atv_sherp+rc_car+truck_peterbilt,ok,ok,benchmark,710,
S4_hoverpairs_b_f001921.jpg,S4_hoverpairs_b,1921,3,atv_sherp+rc_car+truck_peterbilt,ok,ok,benchmark,710,
S4_hoverpairs_b_f001930.jpg,S4_hoverpairs_b,1930,3,atv_sherp+rc_car+truck_peterbilt,ok,ok,benchmark,710,
S4_hoverpairs_b_f001939.jpg,S4_hoverpairs_b,1939,3,atv_sherp+rc_car+truck_peterbilt,ok,ok,benchmark,710,
S4_hoverpairs_b_f001947.jpg,S4_hoverpairs_b,1947,3,atv_sherp+rc_car+truck_peterbilt,ok,ok,benchmark,710,
S4_hoverpairs_b_f001955.jpg,S4_hoverpairs_b,1955,3,atv_sherp+rc_car+truck_peterbilt,ok,ok,benchmark,710,
S4_hoverpairs_b_f001963.jpg,S4_hoverpairs_b,1963,3,atv_sherp+rc_car+truck_peterbilt,ok,ok,benchmark,710,
S4_hoverpairs_b_f001971.jpg,S4_hoverpairs_b,1971,3,atv_sherp+rc_car+truck_peterbilt,ok,ok,benchmark,710,
S4_hoverpairs_b_f001980.jpg,S4_hoverpairs_b,1980,3,atv_sherp+rc_car+truck_peterbilt,ok,ok,benchmark,710,
S4_hoverpairs_b_f001988.jpg,S4_hoverpairs_b,1988,3,atv_sherp+rc_car+truck_peterbilt,ok,ok,benchmark,710,
S4_hoverpairs_b_f001997.jpg,S4_hoverpairs_b,1997,3,atv_sherp+rc_car+truck_peterbilt,ok,ok,benchmark,710,
S4_hoverpairs_b_f002006.jpg,S4_hoverpairs_b,2006,3,atv_sherp+rc_car+truck_peterbilt,ok,ok,benchmark,710,
S4_hoverpairs_b_f002015.jpg,S4_hoverpairs_b,2015,3,atv_sherp+rc_car+truck_peterbilt,ok,ok,benchmark,710,
S4_hoverpairs_b_f002024.jpg,S4_hoverpairs_b,2024,3,atv_sherp+rc_car+truck_peterbilt,ok,ok,benchmark,710,
S4_hoverpairs_b_f002032.jpg,S4_hoverpairs_b,2032,3,atv_sherp+rc_car+truck_peterbilt,ok,ok,benchmark,710,
S4_hoverpairs_b_f002040.jpg,S4_hoverpairs_b,2040,3,atv_sherp+rc_car+truck_peterbilt,ok,ok,benchmark,710,
S4_hoverpairs_b_f002048.jpg,S4_hoverpairs_b,2048,3,atv_sherp+rc_car+truck_peterbilt,ok,ok,benchmark,710,
S4_hoverpairs_b_f002056.jpg,S4_hoverpairs_b,2056,3,atv_sherp+rc_car+truck_peterbilt,ok,ok,benchmark,700,
S4_hoverpairs_b_f002065.jpg,S4_hoverpairs_b,2065,3,atv_sherp+rc_car+truck_peterbilt,ok,ok,benchmark,700,
S4_hoverpairs_b_f002073.jpg,S4_hoverpairs_b,2073,3,atv_sherp+rc_car+truck_peterbilt,ok,ok,benchmark,700,
S4_hoverpairs_b_f002081.jpg,S4_hoverpairs_b,2081,3,atv_sherp+rc_car+truck_peterbilt,ok,ok,benchmark,700,
S4_hoverpairs_b_f002087.jpg,S4_hoverpairs_b,2087,3,atv_sherp+rc_car+truck_peterbilt,ok,ok,benchmark,700,
S4_hoverpairs_b_f002094.jpg,S4_hoverpairs_b,2094,3,atv_sherp+rc_car+truck_peterbilt,ok,ok,benchmark,700,
S4_hoverpairs_b_f002101.jpg,S4_hoverpairs_b,2101,3,atv_sherp+rc_car+truck_peterbilt,ok,ok,benchmark,700,
S4_hoverpairs_b_f002108.jpg,S4_hoverpairs_b,2108,3,atv_sherp+rc_car+truck_peterbilt,ok,ok,benchmark,700,
S4_hoverpairs_b_f002115.jpg,S4_hoverpairs_b,2115,3,atv_sherp+rc_car+truck_peterbilt,ok,ok,benchmark,700,
S4_hoverpairs_b_f002123.jpg,S4_hoverpairs_b,2123,3,atv_sherp+rc_car+truck_peterbilt,ok,ok,benchmark,690,
S4_hoverpairs_b_f002131.jpg,S4_hoverpairs_b,2131,3,atv_sherp+rc_car+truck_peterbilt,ok,ok,benchmark,690,
S4_hoverpairs_b_f002140.jpg,S4_hoverpairs_b,2140,3,atv_sherp+rc_car+truck_peterbilt,ok,ok,benchmark,690,
S4_hoverpairs_b_f002148.jpg,S4_hoverpairs_b,2148,3,atv_sherp+rc_car+truck_peterbilt,ok,ok,benchmark,700,
S4_hoverpairs_b_f002156.jpg,S4_hoverpairs_b,2156,3,atv_sherp+rc_car+truck_peterbilt,ok,ok,benchmark,700,
S4_hoverpairs_b_f002163.jpg,S4_hoverpairs_b,2163,3,atv_sherp+rc_car+truck_peterbilt,ok,ok,benchmark,710,
S4_hoverpairs_b_f002171.jpg,S4_hoverpairs_b,2171,3,atv_sherp+rc_car+truck_peterbilt,ok,ok,benchmark,710,
S4_hoverpairs_b_f002180.jpg,S4_hoverpairs_b,2180,3,atv_sherp+rc_car+truck_peterbilt,ok,ok,benchmark,710,
S4_hoverpairs_b_f002189.jpg,S4_hoverpairs_b,2189,3,atv_sherp+rc_car+truck_peterbilt,ok,ok,benchmark,710,
S4_hoverpairs_b_f002198.jpg,S4_hoverpairs_b,2198,3,atv_sherp+rc_car+truck_peterbilt,ok,ok,benchmark,710,
S4_hoverpairs_b_f002207.jpg,S4_hoverpairs_b,2207,3,atv_sherp+rc_car+truck_peterbilt,ok,ok,benchmark,710,
S4_hoverpairs_b_f002216.jpg,S4_hoverpairs_b,2216,3,atv_sherp+rc_car+truck_peterbilt,ok,ok,benchmark,720,
S4_hoverpairs_b_f002225.jpg,S4_hoverpairs_b,2225,3,atv_sherp+rc_car+truck_peterbilt,ok,ok,benchmark,720,
S4_hoverpairs_b_f002233.jpg,S4_hoverpairs_b,2233,3,atv_sherp+rc_car+truck_peterbilt,ok,ok,benchmark,730,
S4_hoverpairs_b_f002242.jpg,S4_hoverpairs_b,2242,3,atv_sherp+rc_car+truck_peterbilt,ok,ok,benchmark,730,
S4_hoverpairs_b_f002251.jpg,S4_hoverpairs_b,2251,3,atv_sherp+rc_car+truck_peterbilt,ok,ok,benchmark,730,
S4_hoverpairs_b_f002260.jpg,S4_hoverpairs_b,2260,3,atv_sherp+rc_car+truck_peterbilt,ok,ok,benchmark,730,
S4_hoverpairs_b_f002268.jpg,S4_hoverpairs_b,2268,3,atv_sherp+rc_car+truck_peterbilt,ok,ok,benchmark,740,
S4_hoverpairs_b_f002276.jpg,S4_hoverpairs_b,2276,3,atv_sherp+rc_car+truck_peterbilt,ok,ok,benchmark,740,
S4_hoverpairs_b_f002283.jpg,S4_hoverpairs_b,2283,3,atv_sherp+rc_car+truck_peterbilt,ok,ok,benchmark,730,
S4_hoverpairs_b_f002291.jpg,S4_hoverpairs_b,2291,3,atv_sherp+rc_car+truck_peterbilt,ok,ok,benchmark,730,
S4_hoverpairs_b_f002299.jpg,S4_hoverpairs_b,2299,3,atv_sherp+rc_car+truck_peterbilt,ok,ok,benchmark,740,
S4_hoverpairs_b_f002307.jpg,S4_hoverpairs_b,2307,3,atv_sherp+rc_car+truck_peterbilt,ok,ok,benchmark,740,
S4_hoverpairs_b_f002316.jpg,S4_hoverpairs_b,2316,3,atv_sherp+rc_car+truck_peterbilt,ok,ok,benchmark,740,
S4_hoverpairs_b_f002324.jpg,S4_hoverpairs_b,2324,3,atv_sherp+rc_car+truck_peterbilt,ok,ok,benchmark,740,
S4_hoverpairs_b_f002333.jpg,S4_hoverpairs_b,2333,3,atv_sherp+rc_car+truck_peterbilt,ok,ok,benchmark,730,
S4_hoverpairs_b_f002342.jpg,S4_hoverpairs_b,2342,3,atv_sherp+rc_car+truck_peterbilt,ok,ok,benchmark,740,
S4_hoverpairs_b_f002351.jpg,S4_hoverpairs_b,2351,1,atv_sherp,ok,ok,benchmark,740,
S4_hoverpairs_b_f002360.jpg,S4_hoverpairs_b,2360,0,none,confirmed_empty,ok,benchmark,730,
S4_hoverpairs_b_f002369.jpg,S4_hoverpairs_b,2369,0,none,confirmed_empty,ok,benchmark,730,
S4_hoverpairs_b_f002377.jpg,S4_hoverpairs_b,2377,0,none,confirmed_empty,ok,benchmark,730,
S4_hoverpairs_b_f002386.jpg,S4_hoverpairs_b,2386,0,none,confirmed_empty,ok,benchmark,730,
S4_hoverpairs_b_f002394.jpg,S4_hoverpairs_b,2394,0,none,confirmed_empty,ok,benchmark,730,
S4_hoverpairs_b_f002402.jpg,S4_hoverpairs_b,2402,0,none,confirmed_empty,ok,benchmark,730,
S4_hoverpairs_b_f002409.jpg,S4_hoverpairs_b,2409,0,none,confirmed_empty,ok,benchmark,720,
S4_hoverpairs_b_f002417.jpg,S4_hoverpairs_b,2417,0,none,confirmed_empty,ok,benchmark,720,
S4_hoverpairs_b_f002425.jpg,S4_hoverpairs_b,2425,0,none,confirmed_empty,ok,benchmark,730,
S4_hoverpairs_b_f002434.jpg,S4_hoverpairs_b,2434,0,none,confirmed_empty,ok,benchmark,730,
S4_hoverpairs_b_f002443.jpg,S4_hoverpairs_b,2443,0,none,confirmed_empty,ok,benchmark,730,
S4_hoverpairs_b_f002453.jpg,S4_hoverpairs_b,2453,0,none,confirmed_empty,ok,benchmark,730,
S4_hoverpairs_b_f002462.jpg,S4_hoverpairs_b,2462,0,none,confirmed_empty,ok,benchmark,740,
S4_hoverpairs_b_f002471.jpg,S4_hoverpairs_b,2471,0,none,confirmed_empty,ok,benchmark,730,
S4_hoverpairs_b_f002480.jpg,S4_hoverpairs_b,2480,0,none,confirmed_empty,ok,benchmark,730,
S4_hoverpairs_b_f002489.jpg,S4_hoverpairs_b,2489,0,none,confirmed_empty,ok,benchmark,720,
S4_hoverpairs_b_f002498.jpg,S4_hoverpairs_b,2498,0,none,confirmed_empty,ok,benchmark,720,
S4_hoverpairs_b_f002507.jpg,S4_hoverpairs_b,2507,0,none,confirmed_empty,ok,benchmark,720,
S4_hoverpairs_b_f002516.jpg,S4_hoverpairs_b,2516,0,none,confirmed_empty,ok,benchmark,720,
S4_hoverpairs_b_f002524.jpg,S4_hoverpairs_b,2524,0,none,confirmed_empty,ok,benchmark,720,
S4_hoverpairs_b_f002533.jpg,S4_hoverpairs_b,2533,0,none,confirmed_empty,ok,benchmark,720,
S4_hoverpairs_b_f002541.jpg,S4_hoverpairs_b,2541,0,none,confirmed_empty,ok,benchmark,720,
S4_hoverpairs_b_f002550.jpg,S4_hoverpairs_b,2550,3,atv_sherp+rc_car+truck_peterbilt,ok,ok,benchmark,720,
S4_hoverpairs_b_f002558.jpg,S4_hoverpairs_b,2558,3,atv_sherp+rc_car+truck_peterbilt,ok,ok,benchmark,720,
S4_hoverpairs_b_f002566.jpg,S4_hoverpairs_b,2566,3,atv_sherp+rc_car+truck_peterbilt,ok,ok,benchmark,720,
S4_hoverpairs_b_f002574.jpg,S4_hoverpairs_b,2574,3,atv_sherp+rc_car+truck_peterbilt,ok,ok,benchmark,730,
S4_hoverpairs_b_f002582.jpg,S4_hoverpairs_b,2582,3,atv_sherp+rc_car+truck_peterbilt,ok,ok,benchmark,730,
S4_hoverpairs_b_f002591.jpg,S4_hoverpairs_b,2591,3,atv_sherp+rc_car+truck_peterbilt,ok,ok,benchmark,730,
S4_hoverpairs_b_f002599.jpg,S4_hoverpairs_b,2599,3,atv_sherp+rc_car+truck_peterbilt,ok,ok,benchmark,730,
S4_hoverpairs_b_f002606.jpg,S4_hoverpairs_b,2606,3,atv_sherp+rc_car+truck_peterbilt,ok,ok,benchmark,720,
S4_hoverpairs_b_f002614.jpg,S4_hoverpairs_b,2614,3,atv_sherp+rc_car+truck_peterbilt,ok,ok,benchmark,720,
S4_hoverpairs_b_f002622.jpg,S4_hoverpairs_b,2622,3,atv_sherp+rc_car+truck_peterbilt,ok,ok,benchmark,720,
S4_hoverpairs_b_f002630.jpg,S4_hoverpairs_b,2630,3,atv_sherp+rc_car+truck_peterbilt,ok,ok,benchmark,710,
S4_hoverpairs_b_f002638.jpg,S4_hoverpairs_b,2638,3,atv_sherp+rc_car+truck_peterbilt,ok,ok,benchmark,710,
S4_hoverpairs_b_f002647.jpg,S4_hoverpairs_b,2647,3,atv_sherp+rc_car+truck_peterbilt,ok,ok,benchmark,700,
S4_hoverpairs_b_f002656.jpg,S4_hoverpairs_b,2656,3,atv_sherp+rc_car+truck_peterbilt,ok,ok,benchmark,700,
S4_hoverpairs_b_f002665.jpg,S4_hoverpairs_b,2665,3,atv_sherp+rc_car+truck_peterbilt,ok,ok,benchmark,700,
S4_hoverpairs_b_f002674.jpg,S4_hoverpairs_b,2674,3,atv_sherp+rc_car+truck_peterbilt,ok,ok,benchmark,690,
S4_hoverpairs_b_f002682.jpg,S4_hoverpairs_b,2682,3,atv_sherp+rc_car+truck_peterbilt,ok,ok,benchmark,690,
S4_hoverpairs_b_f002690.jpg,S4_hoverpairs_b,2690,3,atv_sherp+rc_car+truck_peterbilt,ok,ok,benchmark,690,
S4_hoverpairs_b_f002698.jpg,S4_hoverpairs_b,2698,2,rc_car+truck_peterbilt,ok,ok,benchmark,680,
S4_hoverpairs_b_f002707.jpg,S4_hoverpairs_b,2707,2,rc_car+truck_peterbilt,ok,ok,benchmark,680,
S4_hoverpairs_b_f002715.jpg,S4_hoverpairs_b,2715,2,rc_car+truck_peterbilt,ok,ok,benchmark,680,
S4_hoverpairs_b_f002723.jpg,S4_hoverpairs_b,2723,2,rc_car+truck_peterbilt,ok,ok,benchmark,680,
S4_hoverpairs_b_f002731.jpg,S4_hoverpairs_b,2731,2,rc_car+truck_peterbilt,ok,ok,benchmark,680,
S4_hoverpairs_b_f002739.jpg,S4_hoverpairs_b,2739,2,rc_car+truck_peterbilt,ok,ok,benchmark,680,
S4_hoverpairs_b_f002747.jpg,S4_hoverpairs_b,2747,3,atv_sherp+rc_car+truck_peterbilt,ok,ok,benchmark,690,
S4_hoverpairs_b_f002756.jpg,S4_hoverpairs_b,2756,3,atv_sherp+rc_car+truck_peterbilt,ok,ok,benchmark,690,
S4_hoverpairs_b_f002765.jpg,S4_hoverpairs_b,2765,3,atv_sherp+rc_car+truck_peterbilt,ok,ok,benchmark,690,
S4_hoverpairs_b_f002773.jpg,S4_hoverpairs_b,2773,3,atv_sherp+rc_car+truck_peterbilt,ok,ok,benchmark,690,
S4_hoverpairs_b_f002781.jpg,S4_hoverpairs_b,2781,3,atv_sherp+rc_car+truck_peterbilt,ok,ok,benchmark,690,
S4_hoverpairs_b_f002790.jpg,S4_hoverpairs_b,2790,3,atv_sherp+rc_car+truck_peterbilt,ok,ok,benchmark,700,
S4_hoverpairs_b_f002798.jpg,S4_hoverpairs_b,2798,3,atv_sherp+rc_car+truck_peterbilt,ok,ok,benchmark,710,
S4_hoverpairs_b_f002807.jpg,S4_hoverpairs_b,2807,3,atv_sherp+rc_car+truck_peterbilt,ok,ok,benchmark,710,
S4_hoverpairs_b_f002816.jpg,S4_hoverpairs_b,2816,3,atv_sherp+rc_car+truck_peterbilt,ok,ok,benchmark,710,
S4_hoverpairs_b_f002826.jpg,S4_hoverpairs_b,2826,3,atv_sherp+rc_car+truck_peterbilt,ok,ok,benchmark,720,
S4_hoverpairs_b_f002835.jpg,S4_hoverpairs_b,2835,3,atv_sherp+rc_car+truck_peterbilt,ok,ok,benchmark,720,
S4_hoverpairs_b_f002844.jpg,S4_hoverpairs_b,2844,3,atv_sherp+rc_car+truck_peterbilt,ok,ok,benchmark,720,
S4_hoverpairs_b_f002852.jpg,S4_hoverpairs_b,2852,3,atv_sherp+rc_car+truck_peterbilt,ok,ok,benchmark,720,
S4_hoverpairs_b_f002860.jpg,S4_hoverpairs_b,2860,3,atv_sherp+rc_car+truck_peterbilt,ok,ok,benchmark,720,
S4_hoverpairs_b_f002868.jpg,S4_hoverpairs_b,2868,3,atv_sherp+rc_car+truck_peterbilt,ok,ok,benchmark,730,
S4_hoverpairs_b_f002876.jpg,S4_hoverpairs_b,2876,3,atv_sherp+rc_car+truck_peterbilt,ok,ok,benchmark,730,
S4_hoverpairs_b_f002884.jpg,S4_hoverpairs_b,2884,3,atv_sherp+rc_car+truck_peterbilt,ok,ok,benchmark,730,
S4_hoverpairs_b_f002892.jpg,S4_hoverpairs_b,2892,3,atv_sherp+rc_car+truck_peterbilt,ok,ok,benchmark,740,
S4_hoverpairs_b_f002901.jpg,S4_hoverpairs_b,2901,3,atv_sherp+rc_car+truck_peterbilt,ok,ok,benchmark,740,
S4_hoverpairs_b_f002909.jpg,S4_hoverpairs_b,2909,3,atv_sherp+rc_car+truck_peterbilt,ok,ok,benchmark,730,
S4_hoverpairs_b_f002919.jpg,S4_hoverpairs_b,2919,3,atv_sherp+rc_car+truck_peterbilt,ok,ok,benchmark,730,
S4_hoverpairs_b_f002927.jpg,S4_hoverpairs_b,2927,3,atv_sherp+rc_car+truck_peterbilt,ok,ok,benchmark,730,
S4_hoverpairs_b_f002937.jpg,S4_hoverpairs_b,2937,3,atv_sherp+rc_car+truck_peterbilt,ok,ok,benchmark,730,
S4_hoverpairs_b_f002945.jpg,S4_hoverpairs_b,2945,3,atv_sherp+rc_car+truck_peterbilt,ok,ok,benchmark,730,
S4_hoverpairs_b_f002954.jpg,S4_hoverpairs_b,2954,3,atv_sherp+rc_car+truck_peterbilt,ok,ok,benchmark,730,
S4_hoverpairs_b_f002963.jpg,S4_hoverpairs_b,2963,2,atv_sherp+rc_car,ok,ok,benchmark,740,
S4_hoverpairs_b_f002971.jpg,S4_hoverpairs_b,2971,1,atv_sherp,ok,ok,benchmark,740,
S4_hoverpairs_b_f002980.jpg,S4_hoverpairs_b,2980,0,none,confirmed_empty,ok,benchmark,740,
S4_hoverpairs_b_f002989.jpg,S4_hoverpairs_b,2989,0,none,confirmed_empty,ok,benchmark,740,
S4_hoverpairs_b_f002997.jpg,S4_hoverpairs_b,2997,0,none,confirmed_empty,ok,benchmark,740,
S4_hoverpairs_b_f003001.jpg,S4_hoverpairs_b,3001,0,none,confirmed_empty,ok,benchmark,0,
S4_hoverpairs_b_f003004.jpg,S4_hoverpairs_b,3004,0,none,confirmed_empty,ok,benchmark,0,
S4_hoverpairs_b_f003009.jpg,S4_hoverpairs_b,3009,0,none,confirmed_empty,ok,benchmark,0,
S4_hoverpairs_b_f003014.jpg,S4_hoverpairs_b,3014,0,none,confirmed_empty,ok,benchmark,0,
S4_hoverpairs_b_f003020.jpg,S4_hoverpairs_b,3020,0,none,confirmed_empty,ok,benchmark,0,
S4_hoverpairs_b_f003026.jpg,S4_hoverpairs_b,3026,0,none,confirmed_empty,ok,benchmark,0,
S4_hoverpairs_b_f003032.jpg,S4_hoverpairs_b,3032,0,none,confirmed_empty,ok,benchmark,0,
S4_hoverpairs_b_f003038.jpg,S4_hoverpairs_b,3038,0,none,confirmed_empty,ok,benchmark,0,
S4_hoverpairs_b_f003044.jpg,S4_hoverpairs_b,3044,0,none,confirmed_empty,ok,benchmark,0,
S4_hoverpairs_b_f003049.jpg,S4_hoverpairs_b,3049,0,none,confirmed_empty,ok,benchmark,0,
S4_hoverpairs_b_f003055.jpg,S4_hoverpairs_b,3055,0,none,confirmed_empty,ok,benchmark,0,
S4_hoverpairs_b_f003061.jpg,S4_hoverpairs_b,3061,0,none,confirmed_empty,ok,benchmark,0,
S4_hoverpairs_b_f003067.jpg,S4_hoverpairs_b,3067,0,none,confirmed_empty,ok,benchmark,0,
S4_hoverpairs_b_f003073.jpg,S4_hoverpairs_b,3073,0,none,confirmed_empty,ok,benchmark,0,
S4_hoverpairs_b_f003078.jpg,S4_hoverpairs_b,3078,0,none,confirmed_empty,ok,benchmark,0,
S4_hoverpairs_b_f003085.jpg,S4_hoverpairs_b,3085,0,none,confirmed_empty,ok,benchmark,0,
S4_hoverpairs_b_f003086.jpg,S4_hoverpairs_b,3086,2,truck_peterbilt,ok,ok,benchmark,70,
S4_hoverpairs_b_f003093.jpg,S4_hoverpairs_b,3093,1,truck_peterbilt,ok,ok,benchmark,70,
S4_hoverpairs_b_f003102.jpg,S4_hoverpairs_b,3102,1,truck_peterbilt,ok,ok,benchmark,70,
S4_hoverpairs_b_f003110.jpg,S4_hoverpairs_b,3110,1,truck_peterbilt,ok,ok,benchmark,70,
S4_hoverpairs_b_f003119.jpg,S4_hoverpairs_b,3119,1,truck_peterbilt,ok,ok,benchmark,80,
S4_hoverpairs_b_f003129.jpg,S4_hoverpairs_b,3129,1,truck_peterbilt,ok,ok,benchmark,90,
S4_hoverpairs_b_f003138.jpg,S4_hoverpairs_b,3138,1,truck_peterbilt,ok,ok,benchmark,90,
S4_hoverpairs_b_f003147.jpg,S4_hoverpairs_b,3147,1,truck_peterbilt,ok,ok,benchmark,100,
S4_hoverpairs_b_f003155.jpg,S4_hoverpairs_b,3155,1,truck_peterbilt,ok,ok,benchmark,110,
S4_hoverpairs_b_f003163.jpg,S4_hoverpairs_b,3163,0,none,confirmed_empty,ok,benchmark,120,
S4_hoverpairs_b_f003171.jpg,S4_hoverpairs_b,3171,1,truck_peterbilt,ok,ok,benchmark,120,
S4_hoverpairs_b_f003179.jpg,S4_hoverpairs_b,3179,1,truck_peterbilt,ok,ok,benchmark,140,
S4_hoverpairs_b_f003187.jpg,S4_hoverpairs_b,3187,2,atv_sherp+truck_peterbilt,ok,ok,benchmark,150,
S4_hoverpairs_b_f003195.jpg,S4_hoverpairs_b,3195,2,atv_sherp+truck_peterbilt,ok,ok,benchmark,170,
S4_hoverpairs_b_f003204.jpg,S4_hoverpairs_b,3204,2,atv_sherp+truck_peterbilt,ok,ok,benchmark,190,
S4_hoverpairs_b_f003212.jpg,S4_hoverpairs_b,3212,2,atv_sherp+truck_peterbilt,ok,ok,benchmark,200,
S4_hoverpairs_b_f003221.jpg,S4_hoverpairs_b,3221,2,atv_sherp+truck_peterbilt,ok,ok,benchmark,210,
S4_hoverpairs_b_f003229.jpg,S4_hoverpairs_b,3229,2,atv_sherp+truck_peterbilt,ok,ok,benchmark,220,
S4_hoverpairs_b_f003237.jpg,S4_hoverpairs_b,3237,2,atv_sherp+truck_peterbilt,ok,ok,benchmark,230,
S4_hoverpairs_b_f003246.jpg,S4_hoverpairs_b,3246,2,atv_sherp+truck_peterbilt,ok,ok,benchmark,230,
S4_hoverpairs_b_f003255.jpg,S4_hoverpairs_b,3255,2,atv_sherp+truck_peterbilt,ok,ok,benchmark,230,
S4_hoverpairs_b_f003263.jpg,S4_hoverpairs_b,3263,2,atv_sherp+truck_peterbilt,ok,ok,benchmark,230,
S4_hoverpairs_b_f003271.jpg,S4_hoverpairs_b,3271,2,atv_sherp+truck_peterbilt,ok,ok,benchmark,240,
S4_hoverpairs_b_f003279.jpg,S4_hoverpairs_b,3279,2,atv_sherp+truck_peterbilt,ok,ok,benchmark,250,
S4_hoverpairs_b_f003287.jpg,S4_hoverpairs_b,3287,2,atv_sherp+truck_peterbilt,ok,ok,benchmark,270,
S4_hoverpairs_b_f003296.jpg,S4_hoverpairs_b,3296,2,atv_sherp+truck_peterbilt,ok,ok,benchmark,280,
S4_hoverpairs_b_f003304.jpg,S4_hoverpairs_b,3304,2,atv_sherp+truck_peterbilt,ok,ok,benchmark,300,
S4_hoverpairs_b_f003312.jpg,S4_hoverpairs_b,3312,2,atv_sherp+truck_peterbilt,ok,ok,benchmark,310,
S4_hoverpairs_b_f003320.jpg,S4_hoverpairs_b,3320,2,atv_sherp+truck_peterbilt,ok,ok,benchmark,320,
S4_hoverpairs_b_f003329.jpg,S4_hoverpairs_b,3329,2,atv_sherp+truck_peterbilt,ok,ok,benchmark,320,
S4_hoverpairs_b_f003338.jpg,S4_hoverpairs_b,3338,1,truck_peterbilt,ok,ok,benchmark,320,
S4_hoverpairs_b_f003347.jpg,S4_hoverpairs_b,3347,1,truck_peterbilt,ok,ok,benchmark,320,
S4_hoverpairs_b_f003355.jpg,S4_hoverpairs_b,3355,2,atv_sherp+truck_peterbilt,ok,ok,benchmark,320,
S4_hoverpairs_b_f003362.jpg,S4_hoverpairs_b,3362,2,atv_sherp+truck_peterbilt,ok,ok,benchmark,320,
S4_hoverpairs_b_f003370.jpg,S4_hoverpairs_b,3370,1,truck_peterbilt,ok,ok,benchmark,340,
S4_hoverpairs_b_f003379.jpg,S4_hoverpairs_b,3379,1,truck_peterbilt,ok,ok,benchmark,340,
S4_hoverpairs_b_f003388.jpg,S4_hoverpairs_b,3388,1,truck_peterbilt,ok,ok,benchmark,360,
S4_hoverpairs_b_f003397.jpg,S4_hoverpairs_b,3397,1,truck_peterbilt,ok,ok,benchmark,370,
S4_hoverpairs_b_f003405.jpg,S4_hoverpairs_b,3405,1,truck_peterbilt,ok,ok,benchmark,390,
S4_hoverpairs_b_f003414.jpg,S4_hoverpairs_b,3414,1,truck_peterbilt,ok,ok,benchmark,390,
S4_hoverpairs_b_f003422.jpg,S4_hoverpairs_b,3422,2,atv_sherp+truck_peterbilt,ok,ok,benchmark,400,
S4_hoverpairs_b_f003430.jpg,S4_hoverpairs_b,3430,2,atv_sherp+truck_peterbilt,ok,ok,benchmark,410,
S4_hoverpairs_b_f003438.jpg,S4_hoverpairs_b,3438,1,truck_peterbilt,ok,ok,benchmark,420,
S4_hoverpairs_b_f003447.jpg,S4_hoverpairs_b,3447,1,truck_peterbilt,ok,ok,benchmark,430,
S4_hoverpairs_b_f003455.jpg,S4_hoverpairs_b,3455,2,atv_sherp+truck_peterbilt,ok,ok,benchmark,450,
S4_hoverpairs_b_f003463.jpg,S4_hoverpairs_b,3463,2,atv_sherp+truck_peterbilt,ok,ok,benchmark,450,
S4_hoverpairs_b_f003472.jpg,S4_hoverpairs_b,3472,2,atv_sherp+truck_peterbilt,ok,ok,benchmark,460,
S4_hoverpairs_b_f003479.jpg,S4_hoverpairs_b,3479,1,truck_peterbilt,ok,ok,benchmark,470,
S4_hoverpairs_b_f003487.jpg,S4_hoverpairs_b,3487,1,truck_peterbilt,ok,ok,benchmark,480,
S4_hoverpairs_b_f003496.jpg,S4_hoverpairs_b,3496,0,none,confirmed_empty,ok,benchmark,480,
S4_hoverpairs_b_f003504.jpg,S4_hoverpairs_b,3504,2,atv_sherp+truck_peterbilt,ok,ok,benchmark,480,
S4_hoverpairs_b_f003512.jpg,S4_hoverpairs_b,3512,2,atv_sherp+truck_peterbilt,ok,ok,benchmark,490,
S4_hoverpairs_b_f003520.jpg,S4_hoverpairs_b,3520,2,atv_sherp+truck_peterbilt,ok,ok,benchmark,500,
S4_hoverpairs_b_f003529.jpg,S4_hoverpairs_b,3529,2,atv_sherp+truck_peterbilt,ok,ok,benchmark,510,
S4_hoverpairs_b_f003537.jpg,S4_hoverpairs_b,3537,2,atv_sherp+truck_peterbilt,ok,ok,benchmark,520,
S4_hoverpairs_b_f003546.jpg,S4_hoverpairs_b,3546,2,atv_sherp+truck_peterbilt,ok,ok,benchmark,520,
S4_hoverpairs_b_f003554.jpg,S4_hoverpairs_b,3554,3,atv_sherp+rc_car+truck_peterbilt,ok,ok,benchmark,520,
S4_hoverpairs_b_f003562.jpg,S4_hoverpairs_b,3562,3,atv_sherp+rc_car+truck_peterbilt,ok,ok,benchmark,530,
S4_hoverpairs_b_f003571.jpg,S4_hoverpairs_b,3571,3,atv_sherp+rc_car+truck_peterbilt,ok,ok,benchmark,550,
S4_hoverpairs_b_f003580.jpg,S4_hoverpairs_b,3580,2,atv_sherp+truck_peterbilt,ok,ok,benchmark,560,
S4_hoverpairs_b_f003588.jpg,S4_hoverpairs_b,3588,2,atv_sherp+truck_peterbilt,ok,ok,benchmark,570,
S4_hoverpairs_b_f003597.jpg,S4_hoverpairs_b,3597,3,atv_sherp+rc_car+truck_peterbilt,ok,ok,benchmark,580,
S4_hoverpairs_b_f003605.jpg,S4_hoverpairs_b,3605,3,atv_sherp+rc_car+truck_peterbilt,ok,ok,benchmark,580,
S4_hoverpairs_b_f003614.jpg,S4_hoverpairs_b,3614,1,truck_peterbilt,ok,ok,benchmark,590,
S4_hoverpairs_b_f003623.jpg,S4_hoverpairs_b,3623,1,truck_peterbilt,ok,ok,benchmark,600,
S4_hoverpairs_b_f003632.jpg,S4_hoverpairs_b,3632,2,atv_sherp+truck_peterbilt,ok,ok,benchmark,610,
S4_hoverpairs_b_f003640.jpg,S4_hoverpairs_b,3640,1,truck_peterbilt,ok,ok,benchmark,600,
S4_hoverpairs_b_f003648.jpg,S4_hoverpairs_b,3648,3,atv_sherp+rc_car+truck_peterbilt,ok,ok,benchmark,600,
S4_hoverpairs_b_f003656.jpg,S4_hoverpairs_b,3656,3,atv_sherp+rc_car+truck_peterbilt,ok,ok,benchmark,590,
S4_hoverpairs_b_f003665.jpg,S4_hoverpairs_b,3665,3,atv_sherp+rc_car+truck_peterbilt,ok,ok,benchmark,590,
S4_hoverpairs_b_f003674.jpg,S4_hoverpairs_b,3674,3,atv_sherp+rc_car+truck_peterbilt,ok,ok,benchmark,590,
S4_hoverpairs_b_f003683.jpg,S4_hoverpairs_b,3683,3,atv_sherp+rc_car+truck_peterbilt,ok,ok,benchmark,610,
S4_hoverpairs_b_f003692.jpg,S4_hoverpairs_b,3692,3,atv_sherp+rc_car+truck_peterbilt,ok,ok,benchmark,620,
S4_hoverpairs_b_f003701.jpg,S4_hoverpairs_b,3701,3,atv_sherp+rc_car+truck_peterbilt,ok,ok,benchmark,620,
S4_hoverpairs_b_f003709.jpg,S4_hoverpairs_b,3709,3,atv_sherp+rc_car+truck_peterbilt,ok,ok,benchmark,620,
S4_hoverpairs_b_f003718.jpg,S4_hoverpairs_b,3718,3,atv_sherp+rc_car+truck_peterbilt,ok,ok,benchmark,620,
S4_hoverpairs_b_f003726.jpg,S4_hoverpairs_b,3726,3,atv_sherp+rc_car+truck_peterbilt,ok,ok,benchmark,630,
S4_hoverpairs_b_f003734.jpg,S4_hoverpairs_b,3734,3,atv_sherp+rc_car+truck_peterbilt,ok,ok,benchmark,630,
S4_hoverpairs_b_f003743.jpg,S4_hoverpairs_b,3743,3,atv_sherp+rc_car+truck_peterbilt,ok,ok,benchmark,630,
S4_hoverpairs_b_f003751.jpg,S4_hoverpairs_b,3751,3,atv_sherp+rc_car+truck_peterbilt,ok,ok,benchmark,630,
S4_hoverpairs_b_f003758.jpg,S4_hoverpairs_b,3758,3,atv_sherp+rc_car+truck_peterbilt,ok,ok,benchmark,630,
S4_hoverpairs_b_f003766.jpg,S4_hoverpairs_b,3766,3,atv_sherp+rc_car+truck_peterbilt,ok,ok,benchmark,630,
S4_hoverpairs_b_f003775.jpg,S4_hoverpairs_b,3775,3,atv_sherp+rc_car+truck_peterbilt,ok,ok,benchmark,630,
S4_hoverpairs_b_f003783.jpg,S4_hoverpairs_b,3783,3,atv_sherp+rc_car+truck_peterbilt,ok,ok,benchmark,630,
S4_hoverpairs_b_f003792.jpg,S4_hoverpairs_b,3792,3,atv_sherp+rc_car+truck_peterbilt,ok,ok,benchmark,630,
S4_hoverpairs_b_f003800.jpg,S4_hoverpairs_b,3800,3,atv_sherp+rc_car+truck_peterbilt,ok,ok,benchmark,630,
S4_hoverpairs_b_f003808.jpg,S4_hoverpairs_b,3808,3,atv_sherp+rc_car+truck_peterbilt,ok,ok,benchmark,630,
S4_hoverpairs_b_f003816.jpg,S4_hoverpairs_b,3816,3,atv_sherp+rc_car+truck_peterbilt,ok,ok,benchmark,630,
S4_hoverpairs_b_f003825.jpg,S4_hoverpairs_b,3825,3,atv_sherp+rc_car+truck_peterbilt,ok,ok,benchmark,630,
S4_hoverpairs_b_f003833.jpg,S4_hoverpairs_b,3833,3,atv_sherp+rc_car+truck_peterbilt,ok,ok,benchmark,630,
S4_hoverpairs_b_f003842.jpg,S4_hoverpairs_b,3842,3,atv_sherp+rc_car+truck_peterbilt,ok,ok,benchmark,630,
S4_hoverpairs_b_f003851.jpg,S4_hoverpairs_b,3851,3,atv_sherp+rc_car+truck_peterbilt,ok,ok,benchmark,640,
S4_hoverpairs_b_f003860.jpg,S4_hoverpairs_b,3860,3,atv_sherp+rc_car+truck_peterbilt,ok,ok,benchmark,640,
S4_hoverpairs_b_f003869.jpg,S4_hoverpairs_b,3869,3,atv_sherp+rc_car+truck_peterbilt,ok,ok,benchmark,640,
S4_hoverpairs_b_f003876.jpg,S4_hoverpairs_b,3876,3,atv_sherp+rc_car+truck_peterbilt,ok,ok,benchmark,640,
S4_hoverpairs_b_f003884.jpg,S4_hoverpairs_b,3884,3,atv_sherp+rc_car+truck_peterbilt,ok,ok,benchmark,640,
S4_hoverpairs_b_f003891.jpg,S4_hoverpairs_b,3891,3,atv_sherp+rc_car+truck_peterbilt,ok,ok,benchmark,640,
S4_hoverpairs_b_f003899.jpg,S4_hoverpairs_b,3899,3,atv_sherp+rc_car+truck_peterbilt,ok,ok,benchmark,640,
S4_hoverpairs_b_f003906.jpg,S4_hoverpairs_b,3906,3,atv_sherp+rc_car+truck_peterbilt,ok,ok,benchmark,640,
S4_hoverpairs_b_f003914.jpg,S4_hoverpairs_b,3914,3,atv_sherp+rc_car+truck_peterbilt,ok,ok,benchmark,640,
S4_hoverpairs_b_f003922.jpg,S4_hoverpairs_b,3922,3,atv_sherp+rc_car+truck_peterbilt,ok,ok,benchmark,640,
S4_hoverpairs_b_f003930.jpg,S4_hoverpairs_b,3930,3,atv_sherp+rc_car+truck_peterbilt,ok,ok,benchmark,630,
S4_hoverpairs_b_f003938.jpg,S4_hoverpairs_b,3938,3,atv_sherp+rc_car+truck_peterbilt,ok,ok,benchmark,640,
S4_hoverpairs_b_f003946.jpg,S4_hoverpairs_b,3946,3,atv_sherp+rc_car+truck_peterbilt,ok,ok,benchmark,630,
S4_hoverpairs_b_f003953.jpg,S4_hoverpairs_b,3953,3,atv_sherp+rc_car+truck_peterbilt,ok,ok,benchmark,640,
S4_hoverpairs_b_f003960.jpg,S4_hoverpairs_b,3960,3,atv_sherp+rc_car+truck_peterbilt,ok,ok,benchmark,630,
S4_hoverpairs_b_f003968.jpg,S4_hoverpairs_b,3968,3,atv_sherp+rc_car+truck_peterbilt,ok,ok,benchmark,630,
S4_hoverpairs_b_f003977.jpg,S4_hoverpairs_b,3977,3,atv_sherp+rc_car+truck_peterbilt,ok,ok,benchmark,630,
S4_hoverpairs_b_f003982.jpg,S4_hoverpairs_b,3982,3,atv_sherp+rc_car+truck_peterbilt,ok,ok,benchmark,620,
S4_hoverpairs_b_f003983.jpg,S4_hoverpairs_b,3983,0,none,confirmed_empty,attitude,benchmark,200,
S4_hoverpairs_b_f003989.jpg,S4_hoverpairs_b,3989,0,none,bad_frame,attitude,benchmark,160,
S4_hoverpairs_b_f003995.jpg,S4_hoverpairs_b,3995,0,none,confirmed_empty,attitude,benchmark,140,
S4_hoverpairs_b_f004001.jpg,S4_hoverpairs_b,4001,0,none,confirmed_empty,attitude,benchmark,120,
S4_hoverpairs_b_f004007.jpg,S4_hoverpairs_b,4007,0,none,confirmed_empty,attitude,benchmark,120,
S4_hoverpairs_b_f004012.jpg,S4_hoverpairs_b,4012,0,none,confirmed_empty,attitude,benchmark,0,
S4_hoverpairs_b_f004018.jpg,S4_hoverpairs_b,4018,0,none,confirmed_empty,attitude,benchmark,0,
S4_hoverpairs_b_f004024.jpg,S4_hoverpairs_b,4024,0,none,confirmed_empty,attitude,benchmark,0,
S4_hoverpairs_b_f004030.jpg,S4_hoverpairs_b,4030,0,none,confirmed_empty,attitude,benchmark,0,
S4_hoverpairs_b_f004035.jpg,S4_hoverpairs_b,4035,0,none,confirmed_empty,attitude,benchmark,0,
S4_hoverpairs_b_f004040.jpg,S4_hoverpairs_b,4040,0,none,confirmed_empty,attitude,benchmark,0,
S4_hoverpairs_b_f004045.jpg,S4_hoverpairs_b,4045,0,none,confirmed_empty,attitude,benchmark,0,
S4_hoverpairs_b_f004050.jpg,S4_hoverpairs_b,4050,0,none,confirmed_empty,attitude,benchmark,0,
S4_hoverpairs_b_f004055.jpg,S4_hoverpairs_b,4055,0,none,ok,attitude,benchmark,0,
S4_hoverpairs_b_f004060.jpg,S4_hoverpairs_b,4060,0,none,ok,attitude,benchmark,0,
S4_hoverpairs_b_f004065.jpg,S4_hoverpairs_b,4065,0,none,ok,attitude,benchmark,0,
S4_hoverpairs_b_f004071.jpg,S4_hoverpairs_b,4071,0,none,ok,attitude,benchmark,0,
S4_hoverpairs_b_f004076.jpg,S4_hoverpairs_b,4076,0,none,ok,attitude,benchmark,0,
S4_hoverpairs_b_f004082.jpg,S4_hoverpairs_b,4082,0,none,ok,attitude,benchmark,0,
S4_hoverpairs_b_f004087.jpg,S4_hoverpairs_b,4087,0,none,ok,attitude,benchmark,0,
S4_hoverpairs_b_f004093.jpg,S4_hoverpairs_b,4093,0,none,ok,attitude,benchmark,0,
S4_hoverpairs_b_f004099.jpg,S4_hoverpairs_b,4099,0,none,ok,attitude,benchmark,0,
S4_hoverpairs_b_f004104.jpg,S4_hoverpairs_b,4104,0,none,ok,attitude,benchmark,0,
S4_hoverpairs_b_f004110.jpg,S4_hoverpairs_b,4110,0,none,ok,attitude,benchmark,0,
S4_hoverpairs_b_f004116.jpg,S4_hoverpairs_b,4116,0,none,ok,attitude,benchmark,0,
S4_hoverpairs_b_f004121.jpg,S4_hoverpairs_b,4121,0,none,ok,attitude,benchmark,0,
S4_hoverpairs_b_f004127.jpg,S4_hoverpairs_b,4127,0,none,ok,attitude,benchmark,0,
S4_hoverpairs_b_f004132.jpg,S4_hoverpairs_b,4132,0,none,ok,attitude,benchmark,0,
S4_hoverpairs_b_f004137.jpg,S4_hoverpairs_b,4137,0,none,ok,attitude,benchmark,0,
S4_hoverpairs_b_f004142.jpg,S4_hoverpairs_b,4142,0,none,ok,attitude,benchmark,0,
S4_hoverpairs_b_f004148.jpg,S4_hoverpairs_b,4148,0,none,ok,attitude,benchmark,0,
S4_hoverpairs_b_f004153.jpg,S4_hoverpairs_b,4153,0,none,ok,attitude,benchmark,0,
S4_hoverpairs_b_f004159.jpg,S4_hoverpairs_b,4159,0,none,ok,attitude,benchmark,0,
S4_hoverpairs_b_f004165.jpg,S4_hoverpairs_b,4165,0,none,ok,attitude,benchmark,0,
S4_hoverpairs_b_f004171.jpg,S4_hoverpairs_b,4171,0,none,ok,attitude,benchmark,0,
S4_hoverpairs_b_f004177.jpg,S4_hoverpairs_b,4177,0,none,ok,attitude,benchmark,0,
S4_hoverpairs_b_f004182.jpg,S4_hoverpairs_b,4182,0,none,ok,attitude,benchmark,0,
S4_hoverpairs_b_f004187.jpg,S4_hoverpairs_b,4187,0,none,ok,attitude,benchmark,0,
S4_hoverpairs_b_f004192.jpg,S4_hoverpairs_b,4192,0,none,ok,attitude,benchmark,0,
S4_hoverpairs_b_f004197.jpg,S4_hoverpairs_b,4197,0,none,ok,attitude,benchmark,0,
S4_hoverpairs_b_f004202.jpg,S4_hoverpairs_b,4202,0,none,ok,attitude,benchmark,0,
S4_hoverpairs_b_f004207.jpg,S4_hoverpairs_b,4207,0,none,ok,attitude,benchmark,0,
S4_hoverpairs_b_f004212.jpg,S4_hoverpairs_b,4212,0,none,ok,attitude,benchmark,0,
S4_hoverpairs_b_f004217.jpg,S4_hoverpairs_b,4217,0,none,ok,attitude,benchmark,0,
S4_hoverpairs_b_f004222.jpg,S4_hoverpairs_b,4222,0,none,ok,attitude,benchmark,0,
S4_hoverpairs_b_f004228.jpg,S4_hoverpairs_b,4228,0,none,ok,attitude,benchmark,0,
S4_hoverpairs_b_f004234.jpg,S4_hoverpairs_b,4234,0,none,ok,attitude,benchmark,0,
S4_hoverpairs_b_f004240.jpg,S4_hoverpairs_b,4240,0,none,ok,attitude,benchmark,0,
S4_hoverpairs_b_f004246.jpg,S4_hoverpairs_b,4246,0,none,ok,attitude,benchmark,0,
S4_hoverpairs_b_f004251.jpg,S4_hoverpairs_b,4251,0,none,ok,attitude,benchmark,0,
S4_hoverpairs_b_f004257.jpg,S4_hoverpairs_b,4257,0,none,ok,attitude,benchmark,0,
S4_hoverpairs_b_f004262.jpg,S4_hoverpairs_b,4262,0,none,ok,attitude,benchmark,0,
S4_hoverpairs_b_f004267.jpg,S4_hoverpairs_b,4267,0,none,ok,attitude,benchmark,0,
S4_hoverpairs_b_f004273.jpg,S4_hoverpairs_b,4273,0,none,ok,attitude,benchmark,0,
S4_hoverpairs_b_f004278.jpg,S4_hoverpairs_b,4278,0,none,ok,attitude,benchmark,0,
S4_hoverpairs_b_f004284.jpg,S4_hoverpairs_b,4284,0,none,ok,attitude,benchmark,0,
S4_hoverpairs_b_f004290.jpg,S4_hoverpairs_b,4290,0,none,ok,attitude,benchmark,0,
S4_hoverpairs_b_f004295.jpg,S4_hoverpairs_b,4295,0,none,confirmed_empty,attitude,benchmark,0,
S4_hoverpairs_b_f004301.jpg,S4_hoverpairs_b,4301,0,none,confirmed_empty,attitude,benchmark,0,
S4_hoverpairs_b_f004307.jpg,S4_hoverpairs_b,4307,0,none,confirmed_empty,attitude,benchmark,0,
S4_hoverpairs_b_f004312.jpg,S4_hoverpairs_b,4312,0,none,confirmed_empty,attitude,benchmark,0,
S4_hoverpairs_b_f004317.jpg,S4_hoverpairs_b,4317,0,none,confirmed_empty,attitude,benchmark,0,
S4_hoverpairs_b_f004323.jpg,S4_hoverpairs_b,4323,0,none,confirmed_empty,attitude,benchmark,0,
S4_hoverpairs_b_f004328.jpg,S4_hoverpairs_b,4328,0,none,confirmed_empty,attitude,benchmark,60,
S4_hoverpairs_b_f004333.jpg,S4_hoverpairs_b,4333,0,none,ok,attitude,benchmark,80,
S4_hoverpairs_b_f004334.jpg,S4_hoverpairs_b,4334,0,none,ok,attitude,benchmark,90,
S4_hoverpairs_b_f004339.jpg,S4_hoverpairs_b,4339,0,none,confirmed_empty,attitude,benchmark,90,
S4_hoverpairs_b_f004346.jpg,S4_hoverpairs_b,4346,0,none,confirmed_empty,blurry,benchmark,0,
S4_hoverpairs_b_f004351.jpg,S4_hoverpairs_b,4351,0,none,confirmed_empty,attitude,benchmark,0,
S4_hoverpairs_b_f004356.jpg,S4_hoverpairs_b,4356,0,none,ok,attitude,benchmark,0,
S4_hoverpairs_b_f004358.jpg,S4_hoverpairs_b,4358,0,none,confirmed_empty,attitude,benchmark,0,
S4_hoverpairs_b_f004364.jpg,S4_hoverpairs_b,4364,0,none,ok,attitude,benchmark,0,
S4_hoverpairs_b_f004371.jpg,S4_hoverpairs_b,4371,0,none,ok,ok,benchmark,0,
S4_hoverpairs_b_f004377.jpg,S4_hoverpairs_b,4377,0,none,ok,attitude,benchmark,0,
S4_hoverpairs_b_f004384.jpg,S4_hoverpairs_b,4384,0,none,confirmed_empty,ok,benchmark,0,
S4_paircleanH_a_f000000.jpg,S4_paircleanH_a,0,0,none,bad_frame,ok,benchmark,0,
S4_paircleanH_a_f000008.jpg,S4_paircleanH_a,8,0,none,confirmed_empty,ok,benchmark,0,
S4_paircleanH_a_f000017.jpg,S4_paircleanH_a,17,0,none,confirmed_empty,ok,benchmark,0,
S4_paircleanH_a_f000024.jpg,S4_paircleanH_a,24,0,none,confirmed_empty,ok,benchmark,0,
S4_paircleanH_a_f000032.jpg,S4_paircleanH_a,32,0,none,confirmed_empty,ok,benchmark,0,
S4_paircleanH_a_f000040.jpg,S4_paircleanH_a,40,0,none,confirmed_empty,ok,benchmark,0,
S4_paircleanH_a_f000048.jpg,S4_paircleanH_a,48,0,none,confirmed_empty,ok,benchmark,0,
S4_paircleanH_a_f000055.jpg,S4_paircleanH_a,55,0,none,confirmed_empty,ok,benchmark,0,
S4_paircleanH_a_f000062.jpg,S4_paircleanH_a,62,0,none,confirmed_empty,ok,benchmark,0,
S4_paircleanH_a_f000066.jpg,S4_paircleanH_a,66,3,atv_sherp+rc_car+truck_peterbilt,ok,ok,benchmark,80,
S4_paircleanH_a_f000074.jpg,S4_paircleanH_a,74,3,atv_sherp+rc_car+truck_peterbilt,ok,ok,benchmark,80,
S4_paircleanH_a_f000082.jpg,S4_paircleanH_a,82,3,atv_sherp+rc_car+truck_peterbilt,ok,ok,benchmark,80,
S4_paircleanH_a_f000091.jpg,S4_paircleanH_a,91,3,atv_sherp+rc_car+truck_peterbilt,ok,ok,benchmark,80,
S4_paircleanH_a_f000099.jpg,S4_paircleanH_a,99,3,atv_sherp+rc_car+truck_peterbilt,ok,ok,benchmark,90,
S4_paircleanH_a_f000108.jpg,S4_paircleanH_a,108,3,atv_sherp+rc_car+truck_peterbilt,ok,ok,benchmark,90,
S4_paircleanH_a_f000116.jpg,S4_paircleanH_a,116,3,atv_sherp+rc_car+truck_peterbilt,ok,ok,benchmark,90,
S4_paircleanH_a_f000124.jpg,S4_paircleanH_a,124,3,atv_sherp+rc_car+truck_peterbilt,ok,ok,benchmark,90,
S4_paircleanH_a_f000133.jpg,S4_paircleanH_a,133,3,atv_sherp+rc_car+truck_peterbilt,ok,ok,benchmark,80,
S4_paircleanH_a_f000141.jpg,S4_paircleanH_a,141,3,atv_sherp+rc_car+truck_peterbilt,ok,ok,benchmark,80,
S4_paircleanH_a_f000150.jpg,S4_paircleanH_a,150,3,atv_sherp+rc_car+truck_peterbilt,ok,ok,benchmark,80,
S4_paircleanH_a_f000158.jpg,S4_paircleanH_a,158,3,atv_sherp+rc_car+truck_peterbilt,ok,ok,benchmark,80,
S4_paircleanH_a_f000166.jpg,S4_paircleanH_a,166,3,atv_sherp+rc_car+truck_peterbilt,ok,ok,benchmark,80,
S4_paircleanH_a_f000173.jpg,S4_paircleanH_a,173,3,atv_sherp+rc_car+truck_peterbilt,ok,ok,benchmark,80,
S4_paircleanH_a_f000181.jpg,S4_paircleanH_a,181,3,atv_sherp+rc_car+truck_peterbilt,ok,ok,benchmark,80,
S4_paircleanH_a_f000189.jpg,S4_paircleanH_a,189,3,atv_sherp+rc_car+truck_peterbilt,ok,ok,benchmark,70,
S4_paircleanH_a_f000197.jpg,S4_paircleanH_a,197,3,atv_sherp+rc_car+truck_peterbilt,ok,ok,benchmark,80,
S4_paircleanH_a_f000206.jpg,S4_paircleanH_a,206,3,atv_sherp+rc_car+truck_peterbilt,ok,ok,benchmark,80,
S4_paircleanH_a_f000214.jpg,S4_paircleanH_a,214,3,atv_sherp+rc_car+truck_peterbilt,ok,ok,benchmark,80,
S4_paircleanH_a_f000221.jpg,S4_paircleanH_a,221,3,atv_sherp+rc_car+truck_peterbilt,ok,ok,benchmark,80,
S4_paircleanH_a_f000230.jpg,S4_paircleanH_a,230,3,atv_sherp+rc_car+truck_peterbilt,ok,ok,benchmark,80,
S4_paircleanH_a_f000237.jpg,S4_paircleanH_a,237,3,atv_sherp+rc_car+truck_peterbilt,ok,ok,benchmark,90,
S4_paircleanH_a_f000245.jpg,S4_paircleanH_a,245,3,atv_sherp+rc_car+truck_peterbilt,ok,ok,benchmark,80,
S4_paircleanH_a_f000251.jpg,S4_paircleanH_a,251,3,atv_sherp+rc_car+truck_peterbilt,ok,ok,benchmark,80,
S4_paircleanH_a_f000258.jpg,S4_paircleanH_a,258,3,atv_sherp+rc_car+truck_peterbilt,ok,ok,benchmark,80,
S4_paircleanH_a_f000263.jpg,S4_paircleanH_a,263,3,atv_sherp+rc_car+truck_peterbilt,ok,ok,benchmark,80,
S4_paircleanH_a_f000267.jpg,S4_paircleanH_a,267,3,atv_sherp+rc_car+truck_peterbilt,ok,ok,benchmark,80,
S4_paircleanH_a_f000268.jpg,S4_paircleanH_a,268,3,atv_sherp+rc_car+truck_peterbilt,ok,ok,benchmark,80,
S4_paircleanH_a_f000276.jpg,S4_paircleanH_a,276,3,atv_sherp+rc_car+truck_peterbilt,ok,ok,benchmark,80,
S4_paircleanH_a_f000284.jpg,S4_paircleanH_a,284,3,atv_sherp+rc_car+truck_peterbilt,ok,ok,benchmark,90,
S4_paircleanH_a_f000292.jpg,S4_paircleanH_a,292,3,atv_sherp+rc_car+truck_peterbilt,ok,ok,benchmark,90,
S4_paircleanH_a_f000299.jpg,S4_paircleanH_a,299,3,atv_sherp+rc_car+truck_peterbilt,ok,ok,benchmark,90,
S4_paircleanH_a_f000307.jpg,S4_paircleanH_a,307,3,atv_sherp+rc_car+truck_peterbilt,ok,ok,benchmark,90,
S4_paircleanH_a_f000314.jpg,S4_paircleanH_a,314,3,atv_sherp+rc_car+truck_peterbilt,ok,ok,benchmark,80,
S4_paircleanH_a_f000321.jpg,S4_paircleanH_a,321,3,atv_sherp+rc_car+truck_peterbilt,ok,ok,benchmark,90,
S4_paircleanH_a_f000327.jpg,S4_paircleanH_a,327,3,atv_sherp+rc_car+truck_peterbilt,ok,ok,benchmark,80,
S4_paircleanH_a_f000334.jpg,S4_paircleanH_a,334,3,atv_sherp+rc_car+truck_peterbilt,ok,ok,benchmark,80,
S4_paircleanH_a_f000340.jpg,S4_paircleanH_a,340,3,atv_sherp+rc_car+truck_peterbilt,ok,ok,benchmark,90,
S4_paircleanH_a_f000347.jpg,S4_paircleanH_a,347,3,atv_sherp+rc_car+truck_peterbilt,ok,ok,benchmark,90,
S4_paircleanH_a_f000353.jpg,S4_paircleanH_a,353,3,atv_sherp+rc_car+truck_peterbilt,ok,ok,benchmark,90,
S4_paircleanH_a_f000360.jpg,S4_paircleanH_a,360,3,atv_sherp+rc_car+truck_peterbilt,ok,ok,benchmark,80,
S4_paircleanH_a_f000366.jpg,S4_paircleanH_a,366,3,atv_sherp+rc_car+truck_peterbilt,ok,ok,benchmark,80,
S4_paircleanH_a_f000373.jpg,S4_paircleanH_a,373,3,atv_sherp+rc_car+truck_peterbilt,ok,ok,benchmark,80,
S4_paircleanH_a_f000380.jpg,S4_paircleanH_a,380,3,atv_sherp+rc_car+truck_peterbilt,ok,ok,benchmark,80,
S4_paircleanH_a_f000387.jpg,S4_paircleanH_a,387,3,atv_sherp+rc_car+truck_peterbilt,ok,ok,benchmark,80,
S4_paircleanH_a_f000395.jpg,S4_paircleanH_a,395,3,atv_sherp+rc_car+truck_peterbilt,ok,ok,benchmark,80,
S4_paircleanH_a_f000401.jpg,S4_paircleanH_a,401,3,atv_sherp+rc_car+truck_peterbilt,ok,ok,benchmark,80,
S4_paircleanH_a_f000408.jpg,S4_paircleanH_a,408,3,atv_sherp+rc_car+truck_peterbilt,ok,ok,benchmark,80,
S4_paircleanH_a_f000415.jpg,S4_paircleanH_a,415,3,atv_sherp+rc_car+truck_peterbilt,ok,ok,benchmark,80,
S4_paircleanH_a_f000421.jpg,S4_paircleanH_a,421,3,atv_sherp+rc_car+truck_peterbilt,ok,ok,benchmark,80,
S4_paircleanH_a_f000428.jpg,S4_paircleanH_a,428,3,atv_sherp+rc_car+truck_peterbilt,ok,ok,benchmark,80,
S4_paircleanH_a_f000434.jpg,S4_paircleanH_a,434,3,atv_sherp+rc_car+truck_peterbilt,ok,ok,benchmark,80,
S4_paircleanH_a_f000440.jpg,S4_paircleanH_a,440,3,atv_sherp+rc_car+truck_peterbilt,ok,ok,benchmark,80,
S4_paircleanH_a_f000447.jpg,S4_paircleanH_a,447,3,atv_sherp+rc_car+truck_peterbilt,ok,ok,benchmark,80,
S4_paircleanH_a_f000454.jpg,S4_paircleanH_a,454,3,atv_sherp+rc_car+truck_peterbilt,ok,ok,benchmark,70,
S4_paircleanH_a_f000460.jpg,S4_paircleanH_a,460,3,atv_sherp+rc_car+truck_peterbilt,ok,ok,benchmark,80,
S4_paircleanH_a_f000467.jpg,S4_paircleanH_a,467,3,atv_sherp+rc_car+truck_peterbilt,ok,ok,benchmark,80,
S4_paircleanH_a_f000473.jpg,S4_paircleanH_a,473,3,atv_sherp+rc_car+truck_peterbilt,ok,ok,benchmark,80,
S4_paircleanH_a_f000480.jpg,S4_paircleanH_a,480,3,atv_sherp+rc_car+truck_peterbilt,ok,ok,benchmark,80,
S4_paircleanH_a_f000486.jpg,S4_paircleanH_a,486,3,atv_sherp+rc_car+truck_peterbilt,ok,ok,benchmark,80,
S4_paircleanH_a_f000493.jpg,S4_paircleanH_a,493,3,atv_sherp+rc_car+truck_peterbilt,ok,ok,benchmark,80,
S4_paircleanH_a_f000499.jpg,S4_paircleanH_a,499,3,atv_sherp+rc_car+truck_peterbilt,ok,ok,benchmark,80,
S4_paircleanH_a_f000506.jpg,S4_paircleanH_a,506,3,atv_sherp+rc_car+truck_peterbilt,ok,ok,benchmark,80,
S4_paircleanH_a_f000512.jpg,S4_paircleanH_a,512,3,atv_sherp+rc_car+truck_peterbilt,ok,ok,benchmark,80,
S4_paircleanH_a_f000516.jpg,S4_paircleanH_a,516,3,atv_sherp+rc_car+truck_peterbilt,ok,ok,benchmark,70,
S4_paircleanH_a_f000525.jpg,S4_paircleanH_a,525,3,atv_sherp+rc_car+truck_peterbilt,ok,ok,benchmark,70,
S4_paircleanH_a_f000534.jpg,S4_paircleanH_a,534,3,atv_sherp+rc_car+truck_peterbilt,ok,ok,benchmark,70,
S4_paircleanH_a_f000543.jpg,S4_paircleanH_a,543,3,atv_sherp+rc_car+truck_peterbilt,ok,ok,benchmark,70,
S4_paircleanH_a_f000551.jpg,S4_paircleanH_a,551,3,atv_sherp+rc_car+truck_peterbilt,ok,ok,benchmark,70,
S4_paircleanH_a_f000559.jpg,S4_paircleanH_a,559,3,atv_sherp+rc_car+truck_peterbilt,ok,ok,benchmark,80,
S4_paircleanH_a_f000567.jpg,S4_paircleanH_a,567,3,atv_sherp+rc_car+truck_peterbilt,ok,ok,benchmark,90,
S4_paircleanH_a_f000575.jpg,S4_paircleanH_a,575,3,atv_sherp+rc_car+truck_peterbilt,ok,ok,benchmark,100,
S4_paircleanH_a_f000584.jpg,S4_paircleanH_a,584,3,atv_sherp+rc_car+truck_peterbilt,ok,ok,benchmark,110,
S4_paircleanH_a_f000593.jpg,S4_paircleanH_a,593,3,atv_sherp+rc_car+truck_peterbilt,ok,ok,benchmark,130,
S4_paircleanH_a_f000602.jpg,S4_paircleanH_a,602,3,atv_sherp+rc_car+truck_peterbilt,ok,ok,benchmark,140,
S4_paircleanH_a_f000611.jpg,S4_paircleanH_a,611,3,atv_sherp+rc_car+truck_peterbilt,ok,ok,benchmark,150,
S4_paircleanH_a_f000620.jpg,S4_paircleanH_a,620,3,atv_sherp+rc_car+truck_peterbilt,ok,ok,benchmark,160,
S4_paircleanH_a_f000629.jpg,S4_paircleanH_a,629,3,atv_sherp+rc_car+truck_peterbilt,ok,ok,benchmark,170,
S4_paircleanH_a_f000637.jpg,S4_paircleanH_a,637,3,atv_sherp+rc_car+truck_peterbilt,ok,ok,benchmark,180,
S4_paircleanH_a_f000646.jpg,S4_paircleanH_a,646,3,atv_sherp+rc_car+truck_peterbilt,ok,ok,benchmark,180,
S4_paircleanH_a_f000654.jpg,S4_paircleanH_a,654,3,atv_sherp+rc_car+truck_peterbilt,ok,ok,benchmark,180,
S4_paircleanH_a_f000662.jpg,S4_paircleanH_a,662,3,atv_sherp+rc_car+truck_peterbilt,ok,ok,benchmark,180,
S4_paircleanH_a_f000670.jpg,S4_paircleanH_a,670,3,atv_sherp+rc_car+truck_peterbilt,ok,ok,benchmark,190,
S4_paircleanH_a_f000678.jpg,S4_paircleanH_a,678,3,atv_sherp+rc_car+truck_peterbilt,ok,ok,benchmark,200,
S4_paircleanH_a_f000687.jpg,S4_paircleanH_a,687,3,atv_sherp+rc_car+truck_peterbilt,ok,ok,benchmark,220,
S4_paircleanH_a_f000690.jpg,S4_paircleanH_a,690,0,none,confirmed_empty,ok,benchmark,40,
S4_paircleanH_a_f000696.jpg,S4_paircleanH_a,696,0,none,confirmed_empty,ok,benchmark,0,
S4_paircleanH_a_f000702.jpg,S4_paircleanH_a,702,0,none,confirmed_empty,ok,benchmark,0,
S4_paircleanH_a_f000708.jpg,S4_paircleanH_a,708,0,none,confirmed_empty,ok,benchmark,0,
S4_paircleanH_b_f000000.jpg,S4_paircleanH_b,0,0,none,confirmed_empty,ok,benchmark,0,
S4_paircleanH_b_f000007.jpg,S4_paircleanH_b,7,0,none,ok,ok,benchmark,0,
S4_paircleanH_b_f000014.jpg,S4_paircleanH_b,14,0,none,ok,ok,benchmark,0,
S4_paircleanH_b_f000015.jpg,S4_paircleanH_b,15,0,none,confirmed_empty,ok,benchmark,0,
S4_paircleanH_b_f000021.jpg,S4_paircleanH_b,21,0,none,confirmed_empty,ok,benchmark,0,
S4_paircleanH_b_f000023.jpg,S4_paircleanH_b,23,0,none,ok,ok,benchmark,0,
S4_paircleanH_b_f000025.jpg,S4_paircleanH_b,25,3,atv_sherp+rc_car+truck_peterbilt,ok,ok,benchmark,80,
S4_paircleanH_b_f000029.jpg,S4_paircleanH_b,29,3,atv_sherp+rc_car+truck_peterbilt,ok,ok,benchmark,70,
S4_paircleanH_b_f000036.jpg,S4_paircleanH_b,36,3,atv_sherp+rc_car+truck_peterbilt,ok,ok,benchmark,70,
S4_paircleanH_b_f000044.jpg,S4_paircleanH_b,44,3,atv_sherp+rc_car+truck_peterbilt,ok,ok,benchmark,70,
S4_paircleanH_b_f000051.jpg,S4_paircleanH_b,51,3,atv_sherp+rc_car+truck_peterbilt,ok,ok,benchmark,70,
S4_paircleanH_b_f000060.jpg,S4_paircleanH_b,60,3,atv_sherp+rc_car+truck_peterbilt,ok,ok,benchmark,70,
S4_paircleanH_b_f000068.jpg,S4_paircleanH_b,68,3,atv_sherp+rc_car+truck_peterbilt,ok,ok,benchmark,80,
S4_paircleanH_b_f000077.jpg,S4_paircleanH_b,77,3,atv_sherp+rc_car+truck_peterbilt,ok,ok,benchmark,90,
S4_paircleanH_b_f000085.jpg,S4_paircleanH_b,85,3,atv_sherp+rc_car+truck_peterbilt,ok,ok,benchmark,100,
S4_paircleanH_b_f000095.jpg,S4_paircleanH_b,95,3,atv_sherp+rc_car+truck_peterbilt,ok,ok,benchmark,110,
S4_paircleanH_b_f000105.jpg,S4_paircleanH_b,105,3,atv_sherp+rc_car+truck_peterbilt,ok,ok,benchmark,120,
S4_paircleanH_b_f000114.jpg,S4_paircleanH_b,114,3,atv_sherp+rc_car+truck_peterbilt,ok,ok,benchmark,130,
S4_paircleanH_b_f000123.jpg,S4_paircleanH_b,123,3,atv_sherp+rc_car+truck_peterbilt,ok,ok,benchmark,140,
S4_paircleanH_b_f000132.jpg,S4_paircleanH_b,132,3,atv_sherp+rc_car+truck_peterbilt,ok,ok,benchmark,160,
S4_paircleanH_b_f000141.jpg,S4_paircleanH_b,141,3,atv_sherp+rc_car+truck_peterbilt,ok,ok,benchmark,170,
S4_paircleanH_b_f000149.jpg,S4_paircleanH_b,149,3,atv_sherp+rc_car+truck_peterbilt,ok,ok,benchmark,180,
S4_paircleanH_b_f000158.jpg,S4_paircleanH_b,158,3,atv_sherp+rc_car+truck_peterbilt,ok,ok,benchmark,190,
S4_paircleanH_b_f000168.jpg,S4_paircleanH_b,168,3,atv_sherp+rc_car+truck_peterbilt,ok,ok,benchmark,200,
S4_paircleanH_b_f000177.jpg,S4_paircleanH_b,177,3,atv_sherp+rc_car+truck_peterbilt,ok,ok,benchmark,210,
S4_paircleanH_b_f000186.jpg,S4_paircleanH_b,186,3,atv_sherp+rc_car+truck_peterbilt,ok,ok,benchmark,230,
S4_paircleanH_b_f000196.jpg,S4_paircleanH_b,196,3,atv_sherp+rc_car+truck_peterbilt,ok,ok,benchmark,240,
S4_paircleanH_b_f000205.jpg,S4_paircleanH_b,205,3,atv_sherp+rc_car+truck_peterbilt,ok,ok,benchmark,260,
S4_paircleanH_b_f000214.jpg,S4_paircleanH_b,214,3,atv_sherp+rc_car+truck_peterbilt,ok,ok,benchmark,270,
S4_paircleanH_b_f000222.jpg,S4_paircleanH_b,222,3,atv_sherp+rc_car+truck_peterbilt,ok,ok,benchmark,270,
S4_paircleanH_b_f000229.jpg,S4_paircleanH_b,229,3,atv_sherp+rc_car+truck_peterbilt,ok,ok,benchmark,270,
S4_paircleanH_b_f000237.jpg,S4_paircleanH_b,237,3,atv_sherp+rc_car+truck_peterbilt,ok,ok,benchmark,280,
S4_paircleanH_b_f000244.jpg,S4_paircleanH_b,244,3,atv_sherp+rc_car+truck_peterbilt,ok,ok,benchmark,290,
S4_paircleanH_b_f000252.jpg,S4_paircleanH_b,252,3,atv_sherp+rc_car+truck_peterbilt,ok,ok,benchmark,300,
S4_paircleanH_b_f000260.jpg,S4_paircleanH_b,260,3,atv_sherp+rc_car+truck_peterbilt,ok,ok,benchmark,300,
S4_paircleanH_b_f000267.jpg,S4_paircleanH_b,267,3,atv_sherp+rc_car+truck_peterbilt,ok,ok,benchmark,310,
S4_paircleanH_b_f000275.jpg,S4_paircleanH_b,275,3,atv_sherp+rc_car+truck_peterbilt,ok,ok,benchmark,320,
S4_paircleanH_b_f000283.jpg,S4_paircleanH_b,283,3,atv_sherp+rc_car+truck_peterbilt,ok,ok,benchmark,330,
S4_paircleanH_b_f000291.jpg,S4_paircleanH_b,291,3,atv_sherp+rc_car+truck_peterbilt,ok,ok,benchmark,340,
S4_paircleanH_b_f000300.jpg,S4_paircleanH_b,300,3,atv_sherp+rc_car+truck_peterbilt,ok,ok,benchmark,350,
S4_paircleanH_b_f000308.jpg,S4_paircleanH_b,308,3,atv_sherp+rc_car+truck_peterbilt,ok,ok,benchmark,350,
S4_paircleanH_b_f000316.jpg,S4_paircleanH_b,316,3,atv_sherp+rc_car+truck_peterbilt,ok,ok,benchmark,360,
S4_paircleanH_b_f000324.jpg,S4_paircleanH_b,324,3,atv_sherp+rc_car+truck_peterbilt,ok,ok,benchmark,370,
S4_paircleanH_b_f000332.jpg,S4_paircleanH_b,332,3,atv_sherp+rc_car+truck_peterbilt,ok,ok,benchmark,380,
S4_paircleanH_b_f000340.jpg,S4_paircleanH_b,340,3,atv_sherp+rc_car+truck_peterbilt,ok,ok,benchmark,390,
S4_paircleanH_b_f000349.jpg,S4_paircleanH_b,349,3,atv_sherp+rc_car+truck_peterbilt,ok,ok,benchmark,400,
S4_paircleanH_b_f000357.jpg,S4_paircleanH_b,357,3,atv_sherp+rc_car+truck_peterbilt,ok,ok,benchmark,410,
S4_paircleanH_b_f000366.jpg,S4_paircleanH_b,366,3,atv_sherp+rc_car+truck_peterbilt,ok,ok,benchmark,410,
S4_paircleanH_b_f000374.jpg,S4_paircleanH_b,374,3,atv_sherp+rc_car+truck_peterbilt,ok,ok,benchmark,420,
S4_paircleanH_b_f000383.jpg,S4_paircleanH_b,383,3,atv_sherp+rc_car+truck_peterbilt,ok,ok,benchmark,440,
S4_paircleanH_b_f000391.jpg,S4_paircleanH_b,391,3,atv_sherp+rc_car+truck_peterbilt,ok,ok,benchmark,440,
S4_paircleanH_b_f000400.jpg,S4_paircleanH_b,400,3,atv_sherp+rc_car+truck_peterbilt,ok,ok,benchmark,440,
S4_paircleanH_b_f000409.jpg,S4_paircleanH_b,409,3,atv_sherp+rc_car+truck_peterbilt,ok,ok,benchmark,450,
S4_paircleanH_b_f000418.jpg,S4_paircleanH_b,418,3,atv_sherp+rc_car+truck_peterbilt,ok,ok,benchmark,460,
S4_paircleanH_b_f000426.jpg,S4_paircleanH_b,426,3,atv_sherp+rc_car+truck_peterbilt,ok,ok,benchmark,470,
S4_paircleanH_b_f000435.jpg,S4_paircleanH_b,435,3,atv_sherp+rc_car+truck_peterbilt,ok,ok,benchmark,480,
S4_paircleanH_b_f000443.jpg,S4_paircleanH_b,443,3,atv_sherp+rc_car+truck_peterbilt,ok,ok,benchmark,470,
S4_paircleanH_b_f000451.jpg,S4_paircleanH_b,451,3,atv_sherp+rc_car+truck_peterbilt,ok,ok,benchmark,470,
S4_paircleanH_b_f000459.jpg,S4_paircleanH_b,459,3,atv_sherp+rc_car+truck_peterbilt,ok,ok,benchmark,490,
S4_paircleanH_b_f000466.jpg,S4_paircleanH_b,466,3,atv_sherp+rc_car+truck_peterbilt,ok,ok,benchmark,500,
S4_paircleanH_b_f000473.jpg,S4_paircleanH_b,473,3,atv_sherp+rc_car+truck_peterbilt,ok,ok,benchmark,520,
S4_paircleanH_b_f000480.jpg,S4_paircleanH_b,480,3,atv_sherp+rc_car+truck_peterbilt,ok,ok,benchmark,520,
S4_paircleanH_b_f000488.jpg,S4_paircleanH_b,488,3,atv_sherp+rc_car+truck_peterbilt,ok,ok,benchmark,510,
S4_paircleanH_b_f000495.jpg,S4_paircleanH_b,495,3,atv_sherp+rc_car+truck_peterbilt,ok,ok,benchmark,510,
S4_paircleanH_b_f000504.jpg,S4_paircleanH_b,504,3,atv_sherp+rc_car+truck_peterbilt,ok,ok,benchmark,520,
S4_paircleanH_b_f000512.jpg,S4_paircleanH_b,512,3,atv_sherp+rc_car+truck_peterbilt,ok,ok,benchmark,520,
S4_paircleanH_b_f000521.jpg,S4_paircleanH_b,521,3,atv_sherp+rc_car+truck_peterbilt,ok,ok,benchmark,530,
S4_paircleanH_b_f000529.jpg,S4_paircleanH_b,529,3,atv_sherp+rc_car+truck_peterbilt,ok,ok,benchmark,530,
S4_paircleanH_b_f000537.jpg,S4_paircleanH_b,537,3,atv_sherp+rc_car+truck_peterbilt,ok,ok,benchmark,520,
S4_paircleanH_b_f000545.jpg,S4_paircleanH_b,545,3,atv_sherp+rc_car+truck_peterbilt,ok,ok,benchmark,490,
S4_paircleanH_b_f000554.jpg,S4_paircleanH_b,554,3,atv_sherp+rc_car+truck_peterbilt,ok,ok,benchmark,500,
S4_paircleanH_b_f000563.jpg,S4_paircleanH_b,563,3,atv_sherp+rc_car+truck_peterbilt,ok,ok,benchmark,520,
S4_paircleanH_b_f000572.jpg,S4_paircleanH_b,572,3,atv_sherp+rc_car+truck_peterbilt,ok,ok,benchmark,540,
S4_paircleanH_b_f000580.jpg,S4_paircleanH_b,580,3,atv_sherp+rc_car+truck_peterbilt,ok,ok,benchmark,540,
S4_paircleanH_b_f000589.jpg,S4_paircleanH_b,589,3,atv_sherp+rc_car+truck_peterbilt,ok,ok,benchmark,520,
S4_paircleanH_b_f000597.jpg,S4_paircleanH_b,597,3,atv_sherp+rc_car+truck_peterbilt,ok,ok,benchmark,500,
S4_paircleanH_b_f000606.jpg,S4_paircleanH_b,606,3,atv_sherp+rc_car+truck_peterbilt,ok,ok,benchmark,490,
S4_paircleanH_b_f000615.jpg,S4_paircleanH_b,615,3,atv_sherp+rc_car+truck_peterbilt,ok,ok,benchmark,490,
S4_paircleanH_b_f000623.jpg,S4_paircleanH_b,623,3,atv_sherp+rc_car+truck_peterbilt,ok,ok,benchmark,500,
S4_paircleanH_b_f000631.jpg,S4_paircleanH_b,631,3,atv_sherp+rc_car+truck_peterbilt,ok,ok,benchmark,510,
S4_paircleanH_b_f000639.jpg,S4_paircleanH_b,639,3,atv_sherp+rc_car+truck_peterbilt,ok,ok,benchmark,510,
S4_paircleanH_b_f000647.jpg,S4_paircleanH_b,647,3,atv_sherp+rc_car+truck_peterbilt,ok,ok,benchmark,520,
S4_paircleanH_b_f000655.jpg,S4_paircleanH_b,655,3,atv_sherp+rc_car+truck_peterbilt,ok,ok,benchmark,520,
S4_paircleanH_b_f000664.jpg,S4_paircleanH_b,664,3,atv_sherp+rc_car+truck_peterbilt,ok,ok,benchmark,520,
S4_paircleanH_b_f000672.jpg,S4_paircleanH_b,672,3,atv_sherp+rc_car+truck_peterbilt,ok,ok,benchmark,520,
S4_paircleanH_b_f000680.jpg,S4_paircleanH_b,680,3,atv_sherp+rc_car+truck_peterbilt,ok,ok,benchmark,520,
S4_paircleanH_b_f000688.jpg,S4_paircleanH_b,688,3,atv_sherp+rc_car+truck_peterbilt,ok,ok,benchmark,520,
S4_paircleanH_b_f000696.jpg,S4_paircleanH_b,696,3,atv_sherp+rc_car+truck_peterbilt,ok,ok,benchmark,520,
S4_paircleanH_b_f000705.jpg,S4_paircleanH_b,705,3,atv_sherp+rc_car+truck_peterbilt,ok,ok,benchmark,520,
S4_paircleanH_b_f000712.jpg,S4_paircleanH_b,712,3,atv_sherp+rc_car+truck_peterbilt,ok,ok,benchmark,520,
S4_paircleanH_b_f000720.jpg,S4_paircleanH_b,720,3,atv_sherp+rc_car+truck_peterbilt,ok,ok,benchmark,520,
S4_paircleanH_b_f000727.jpg,S4_paircleanH_b,727,3,atv_sherp+rc_car+truck_peterbilt,ok,ok,benchmark,520,
S4_paircleanH_b_f000734.jpg,S4_paircleanH_b,734,3,atv_sherp+rc_car+truck_peterbilt,ok,ok,benchmark,520,
S4_paircleanH_b_f000741.jpg,S4_paircleanH_b,741,3,atv_sherp+rc_car+truck_peterbilt,ok,ok,benchmark,510,
S4_paircleanH_b_f000748.jpg,S4_paircleanH_b,748,3,atv_sherp+rc_car+truck_peterbilt,ok,ok,benchmark,510,
S4_paircleanH_b_f000756.jpg,S4_paircleanH_b,756,3,atv_sherp+rc_car+truck_peterbilt,ok,ok,benchmark,510,
S4_paircleanH_b_f000764.jpg,S4_paircleanH_b,764,3,atv_sherp+rc_car+truck_peterbilt,ok,ok,benchmark,510,
S4_paircleanH_b_f000773.jpg,S4_paircleanH_b,773,2,rc_car+truck_peterbilt,ok,ok,benchmark,510,
S4_paircleanH_b_f000781.jpg,S4_paircleanH_b,781,1,truck_peterbilt,confirmed_empty,ok,benchmark,510,
S4_paircleanH_b_f000789.jpg,S4_paircleanH_b,789,1,truck_peterbilt,ok,ok,benchmark,510,
S4_paircleanH_b_f000797.jpg,S4_paircleanH_b,797,1,truck_peterbilt,ok,ok,benchmark,500,
S4_paircleanH_b_f000805.jpg,S4_paircleanH_b,805,1,truck_peterbilt,ok,ok,benchmark,500,
S4_paircleanH_b_f000813.jpg,S4_paircleanH_b,813,1,truck_peterbilt,ok,ok,benchmark,500,
S4_paircleanH_b_f000821.jpg,S4_paircleanH_b,821,1,truck_peterbilt,ok,ok,benchmark,500,
S4_paircleanH_b_f000828.jpg,S4_paircleanH_b,828,1,truck_peterbilt,ok,ok,benchmark,500,
S4_paircleanH_b_f000836.jpg,S4_paircleanH_b,836,1,truck_peterbilt,ok,ok,benchmark,500,
S4_paircleanH_b_f000845.jpg,S4_paircleanH_b,845,1,truck_peterbilt,ok,ok,benchmark,500,
S4_paircleanH_b_f000855.jpg,S4_paircleanH_b,855,1,truck_peterbilt,ok,ok,benchmark,500,
S4_paircleanH_b_f000864.jpg,S4_paircleanH_b,864,1,truck_peterbilt,ok,ok,benchmark,500,
S4_paircleanH_b_f000872.jpg,S4_paircleanH_b,872,1,truck_peterbilt,ok,ok,benchmark,490,
S4_paircleanH_b_f000880.jpg,S4_paircleanH_b,880,1,truck_peterbilt,ok,ok,benchmark,490,
S4_paircleanH_b_f000888.jpg,S4_paircleanH_b,888,2,rc_car+truck_peterbilt,ok,ok,benchmark,510,
S4_paircleanH_b_f000896.jpg,S4_paircleanH_b,896,2,rc_car+truck_peterbilt,ok,ok,benchmark,520,
S4_paircleanH_b_f000904.jpg,S4_paircleanH_b,904,2,rc_car+truck_peterbilt,ok,ok,benchmark,530,
S4_paircleanH_b_f000913.jpg,S4_paircleanH_b,913,2,rc_car+truck_peterbilt,ok,ok,benchmark,530,
S4_paircleanH_b_f000922.jpg,S4_paircleanH_b,922,2,rc_car+truck_peterbilt,ok,ok,benchmark,520,
S4_paircleanH_b_f000930.jpg,S4_paircleanH_b,930,2,rc_car+truck_peterbilt,ok,ok,benchmark,520,
S4_paircleanH_b_f000938.jpg,S4_paircleanH_b,938,2,rc_car+truck_peterbilt,ok,ok,benchmark,520,
S4_paircleanH_b_f000947.jpg,S4_paircleanH_b,947,2,rc_car+truck_peterbilt,ok,ok,benchmark,520,
S4_paircleanH_b_f000955.jpg,S4_paircleanH_b,955,2,rc_car+truck_peterbilt,ok,ok,benchmark,520,
S4_paircleanH_b_f000963.jpg,S4_paircleanH_b,963,3,atv_sherp+rc_car+truck_peterbilt,ok,ok,benchmark,520,
S4_paircleanH_b_f000971.jpg,S4_paircleanH_b,971,3,atv_sherp+rc_car+truck_peterbilt,ok,ok,benchmark,520,
S4_paircleanH_b_f000979.jpg,S4_paircleanH_b,979,2,rc_car+truck_peterbilt,ok,ok,benchmark,510,
S4_paircleanH_b_f000987.jpg,S4_paircleanH_b,987,2,rc_car+truck_peterbilt,ok,ok,benchmark,510,
S4_paircleanH_b_f000995.jpg,S4_paircleanH_b,995,2,rc_car+truck_peterbilt,ok,ok,benchmark,500,
S4_paircleanH_b_f001003.jpg,S4_paircleanH_b,1003,2,rc_car+truck_peterbilt,ok,ok,benchmark,490,
S4_paircleanH_b_f001011.jpg,S4_paircleanH_b,1011,2,rc_car+truck_peterbilt,ok,ok,benchmark,490,
S4_paircleanH_b_f001019.jpg,S4_paircleanH_b,1019,3,atv_sherp+rc_car+truck_peterbilt,ok,ok,benchmark,490,
S4_paircleanH_b_f001027.jpg,S4_paircleanH_b,1027,3,atv_sherp+rc_car+truck_peterbilt,ok,ok,benchmark,500,
S4_paircleanH_b_f001036.jpg,S4_paircleanH_b,1036,3,atv_sherp+rc_car+truck_peterbilt,ok,ok,benchmark,500,
S4_paircleanH_b_f001044.jpg,S4_paircleanH_b,1044,3,atv_sherp+rc_car+truck_peterbilt,ok,ok,benchmark,520,
S4_paircleanH_b_f001053.jpg,S4_paircleanH_b,1053,3,atv_sherp+rc_car+truck_peterbilt,ok,ok,benchmark,530,
S4_paircleanH_b_f001061.jpg,S4_paircleanH_b,1061,3,atv_sherp+rc_car+truck_peterbilt,ok,ok,benchmark,530,
S4_paircleanH_b_f001069.jpg,S4_paircleanH_b,1069,3,atv_sherp+rc_car+truck_peterbilt,ok,ok,benchmark,510,
S4_paircleanH_b_f001077.jpg,S4_paircleanH_b,1077,3,atv_sherp+rc_car+truck_peterbilt,ok,ok,benchmark,500,
S4_paircleanH_b_f001084.jpg,S4_paircleanH_b,1084,3,atv_sherp+rc_car+truck_peterbilt,ok,ok,benchmark,500,
S4_paircleanH_b_f001091.jpg,S4_paircleanH_b,1091,3,atv_sherp+rc_car+truck_peterbilt,ok,ok,benchmark,500,
S4_paircleanH_b_f001099.jpg,S4_paircleanH_b,1099,3,atv_sherp+rc_car+truck_peterbilt,ok,ok,benchmark,500,
S4_paircleanH_b_f001106.jpg,S4_paircleanH_b,1106,3,atv_sherp+rc_car+truck_peterbilt,ok,ok,benchmark,510,
S4_paircleanH_b_f001114.jpg,S4_paircleanH_b,1114,3,atv_sherp+rc_car+truck_peterbilt,ok,ok,benchmark,510,
S4_paircleanH_b_f001123.jpg,S4_paircleanH_b,1123,3,atv_sherp+rc_car+truck_peterbilt,ok,ok,benchmark,510,
S4_paircleanH_b_f001132.jpg,S4_paircleanH_b,1132,3,atv_sherp+rc_car+truck_peterbilt,ok,ok,benchmark,510,
S4_paircleanH_b_f001140.jpg,S4_paircleanH_b,1140,3,atv_sherp+rc_car+truck_peterbilt,ok,ok,benchmark,510,
S4_paircleanH_b_f001148.jpg,S4_paircleanH_b,1148,3,atv_sherp+rc_car+truck_peterbilt,ok,ok,benchmark,510,
S4_paircleanH_b_f001156.jpg,S4_paircleanH_b,1156,3,atv_sherp+rc_car+truck_peterbilt,ok,ok,benchmark,520,
S4_paircleanH_b_f001165.jpg,S4_paircleanH_b,1165,3,atv_sherp+rc_car+truck_peterbilt,ok,ok,benchmark,530,
S4_paircleanH_b_f001174.jpg,S4_paircleanH_b,1174,3,atv_sherp+rc_car+truck_peterbilt,ok,ok,benchmark,530,
S4_paircleanH_b_f001183.jpg,S4_paircleanH_b,1183,3,atv_sherp+rc_car+truck_peterbilt,ok,ok,benchmark,520,
S4_paircleanH_b_f001192.jpg,S4_paircleanH_b,1192,3,atv_sherp+rc_car+truck_peterbilt,ok,ok,benchmark,510,
S4_paircleanH_b_f001201.jpg,S4_paircleanH_b,1201,3,atv_sherp+rc_car+truck_peterbilt,ok,ok,benchmark,500,
S4_paircleanH_b_f001210.jpg,S4_paircleanH_b,1210,3,atv_sherp+rc_car+truck_peterbilt,ok,ok,benchmark,500,
S4_paircleanH_b_f001218.jpg,S4_paircleanH_b,1218,3,atv_sherp+rc_car+truck_peterbilt,ok,ok,benchmark,510,
S4_paircleanH_b_f001227.jpg,S4_paircleanH_b,1227,3,atv_sherp+rc_car+truck_peterbilt,ok,ok,benchmark,520,
S4_paircleanH_b_f001235.jpg,S4_paircleanH_b,1235,3,atv_sherp+rc_car+truck_peterbilt,ok,ok,benchmark,530,
S4_paircleanH_b_f001244.jpg,S4_paircleanH_b,1244,3,atv_sherp+rc_car+truck_peterbilt,ok,ok,benchmark,520,
S4_paircleanH_b_f001252.jpg,S4_paircleanH_b,1252,3,atv_sherp+rc_car+truck_peterbilt,ok,ok,benchmark,510,
S4_paircleanH_b_f001261.jpg,S4_paircleanH_b,1261,3,atv_sherp+rc_car+truck_peterbilt,ok,ok,benchmark,510,
S4_paircleanH_b_f001270.jpg,S4_paircleanH_b,1270,3,atv_sherp+rc_car+truck_peterbilt,ok,ok,benchmark,500,
S4_paircleanH_b_f001278.jpg,S4_paircleanH_b,1278,3,atv_sherp+rc_car+truck_peterbilt,ok,ok,benchmark,500,
S4_paircleanH_b_f001287.jpg,S4_paircleanH_b,1287,3,atv_sherp+rc_car+truck_peterbilt,ok,ok,benchmark,500,
S4_paircleanH_b_f001294.jpg,S4_paircleanH_b,1294,3,atv_sherp+rc_car+truck_peterbilt,ok,ok,benchmark,500,
S4_paircleanH_b_f001302.jpg,S4_paircleanH_b,1302,3,atv_sherp+rc_car+truck_peterbilt,ok,ok,benchmark,510,
S4_paircleanH_b_f001310.jpg,S4_paircleanH_b,1310,3,atv_sherp+rc_car+truck_peterbilt,ok,ok,benchmark,520,
S4_paircleanH_b_f001317.jpg,S4_paircleanH_b,1317,3,atv_sherp+rc_car+truck_peterbilt,ok,ok,benchmark,520,
S4_paircleanH_b_f001325.jpg,S4_paircleanH_b,1325,3,atv_sherp+rc_car+truck_peterbilt,ok,ok,benchmark,520,
S4_paircleanH_b_f001332.jpg,S4_paircleanH_b,1332,3,atv_sherp+rc_car+truck_peterbilt,ok,ok,benchmark,520,
S4_paircleanH_b_f001340.jpg,S4_paircleanH_b,1340,3,atv_sherp+rc_car+truck_peterbilt,ok,ok,benchmark,520,
S4_paircleanH_b_f001348.jpg,S4_paircleanH_b,1348,3,atv_sherp+rc_car+truck_peterbilt,ok,ok,benchmark,520,
S4_paircleanH_b_f001356.jpg,S4_paircleanH_b,1356,3,atv_sherp+rc_car+truck_peterbilt,ok,ok,benchmark,520,
S4_paircleanH_b_f001366.jpg,S4_paircleanH_b,1366,3,atv_sherp+rc_car+truck_peterbilt,ok,ok,benchmark,510,
S4_paircleanH_b_f001375.jpg,S4_paircleanH_b,1375,3,atv_sherp+rc_car+truck_peterbilt,ok,ok,benchmark,510,
S4_paircleanH_b_f001385.jpg,S4_paircleanH_b,1385,3,atv_sherp+rc_car+truck_peterbilt,ok,ok,benchmark,500,
S4_paircleanH_b_f001394.jpg,S4_paircleanH_b,1394,3,atv_sherp+rc_car+truck_peterbilt,ok,ok,benchmark,500,
S4_paircleanH_b_f001403.jpg,S4_paircleanH_b,1403,3,atv_sherp+rc_car+truck_peterbilt,ok,ok,benchmark,500,
S4_paircleanH_b_f001412.jpg,S4_paircleanH_b,1412,3,atv_sherp+rc_car+truck_peterbilt,ok,ok,benchmark,500,
S4_paircleanH_b_f001421.jpg,S4_paircleanH_b,1421,3,atv_sherp+rc_car+truck_peterbilt,ok,ok,benchmark,490,
S4_paircleanH_b_f001430.jpg,S4_paircleanH_b,1430,3,atv_sherp+rc_car+truck_peterbilt,ok,ok,benchmark,490,
S4_paircleanH_b_f001438.jpg,S4_paircleanH_b,1438,3,atv_sherp+rc_car+truck_peterbilt,ok,ok,benchmark,490,
S4_paircleanH_b_f001446.jpg,S4_paircleanH_b,1446,2,rc_car+truck_peterbilt,ok,ok,benchmark,490,
S4_paircleanH_b_f001455.jpg,S4_paircleanH_b,1455,1,truck_peterbilt,ok,ok,benchmark,490,
S4_paircleanH_b_f001464.jpg,S4_paircleanH_b,1464,1,truck_peterbilt,ok,ok,benchmark,500,
S4_paircleanH_b_f001473.jpg,S4_paircleanH_b,1473,0,none,ok,ok,benchmark,500,
S4_paircleanH_b_f001482.jpg,S4_paircleanH_b,1482,0,none,ok,ok,benchmark,530,
S4_paircleanH_b_f001490.jpg,S4_paircleanH_b,1490,0,none,confirmed_empty,ok,benchmark,560,
S4_paircleanH_b_f001499.jpg,S4_paircleanH_b,1499,0,none,confirmed_empty,ok,benchmark,570,
S4_paircleanH_b_f001508.jpg,S4_paircleanH_b,1508,0,none,confirmed_empty,ok,benchmark,560,
S4_paircleanH_b_f001516.jpg,S4_paircleanH_b,1516,0,none,confirmed_empty,ok,benchmark,560,
S4_paircleanH_b_f001525.jpg,S4_paircleanH_b,1525,1,truck_peterbilt,ok,ok,benchmark,550,
S4_paircleanH_b_f001534.jpg,S4_paircleanH_b,1534,1,truck_peterbilt,ok,ok,benchmark,540,
S4_paircleanH_b_f001543.jpg,S4_paircleanH_b,1543,1,truck_peterbilt,ok,ok,benchmark,530,
S4_paircleanH_b_f001552.jpg,S4_paircleanH_b,1552,2,rc_car+truck_peterbilt,ok,ok,benchmark,520,
S4_paircleanH_b_f001561.jpg,S4_paircleanH_b,1561,2,rc_car+truck_peterbilt,ok,ok,benchmark,500,
S4_paircleanH_b_f001570.jpg,S4_paircleanH_b,1570,2,rc_car+truck_peterbilt,ok,ok,benchmark,490,
S4_paircleanH_b_f001578.jpg,S4_paircleanH_b,1578,2,rc_car+truck_peterbilt,ok,ok,benchmark,480,
S4_paircleanH_b_f001587.jpg,S4_paircleanH_b,1587,3,atv_sherp+rc_car+truck_peterbilt,ok,ok,benchmark,470,
S4_paircleanH_b_f001595.jpg,S4_paircleanH_b,1595,2,rc_car+truck_peterbilt,ok,ok,benchmark,470,
S4_paircleanH_b_f001603.jpg,S4_paircleanH_b,1603,2,rc_car+truck_peterbilt,ok,ok,benchmark,470,
S4_paircleanH_b_f001612.jpg,S4_paircleanH_b,1612,1,truck_peterbilt,ok,ok,benchmark,470,
S4_paircleanH_b_f001620.jpg,S4_paircleanH_b,1620,1,truck_peterbilt,ok,ok,benchmark,480,
S4_paircleanH_b_f001628.jpg,S4_paircleanH_b,1628,1,truck_peterbilt,ok,ok,benchmark,480,
S4_paircleanH_b_f001636.jpg,S4_paircleanH_b,1636,1,truck_peterbilt,ok,ok,benchmark,480,
S4_paircleanH_b_f001644.jpg,S4_paircleanH_b,1644,1,truck_peterbilt,ok,ok,benchmark,480,
S4_paircleanH_b_f001652.jpg,S4_paircleanH_b,1652,1,truck_peterbilt,ok,ok,benchmark,480,
S4_paircleanH_b_f001660.jpg,S4_paircleanH_b,1660,1,truck_peterbilt,ok,ok,benchmark,480,
S4_paircleanH_b_f001668.jpg,S4_paircleanH_b,1668,1,truck_peterbilt,ok,ok,benchmark,480,
S4_paircleanH_b_f001675.jpg,S4_paircleanH_b,1675,1,truck_peterbilt,ok,ok,benchmark,480,
S4_paircleanH_b_f001683.jpg,S4_paircleanH_b,1683,1,truck_peterbilt,ok,ok,benchmark,480,
S4_paircleanH_b_f001691.jpg,S4_paircleanH_b,1691,1,truck_peterbilt,ok,ok,benchmark,480,
S4_paircleanH_b_f001699.jpg,S4_paircleanH_b,1699,1,truck_peterbilt,ok,ok,benchmark,480,
S4_paircleanH_b_f001708.jpg,S4_paircleanH_b,1708,1,truck_peterbilt,ok,ok,benchmark,490,
S4_paircleanH_b_f001716.jpg,S4_paircleanH_b,1716,1,truck_peterbilt,ok,ok,benchmark,490,
S4_paircleanH_b_f001724.jpg,S4_paircleanH_b,1724,1,truck_peterbilt,ok,ok,benchmark,480,
S4_paircleanH_b_f001732.jpg,S4_paircleanH_b,1732,1,truck_peterbilt,ok,ok,benchmark,480,
S4_paircleanH_b_f001741.jpg,S4_paircleanH_b,1741,1,truck_peterbilt,ok,ok,benchmark,490,
S4_paircleanH_b_f001748.jpg,S4_paircleanH_b,1748,1,truck_peterbilt,ok,ok,benchmark,490,
S4_paircleanH_b_f001756.jpg,S4_paircleanH_b,1756,1,truck_peterbilt,ok,ok,benchmark,490,
S4_paircleanH_b_f001764.jpg,S4_paircleanH_b,1764,1,truck_peterbilt,ok,ok,benchmark,490,
S4_paircleanH_b_f001772.jpg,S4_paircleanH_b,1772,2,rc_car+truck_peterbilt,ok,ok,benchmark,490,
S4_paircleanH_b_f001782.jpg,S4_paircleanH_b,1782,2,rc_car+truck_peterbilt,ok,ok,benchmark,490,
S4_paircleanH_b_f001791.jpg,S4_paircleanH_b,1791,2,rc_car+truck_peterbilt,ok,ok,benchmark,480,
S4_paircleanH_b_f001800.jpg,S4_paircleanH_b,1800,2,rc_car+truck_peterbilt,ok,ok,benchmark,480,
S4_paircleanH_b_f001808.jpg,S4_paircleanH_b,1808,2,rc_car+truck_peterbilt,ok,ok,benchmark,480,
S4_paircleanH_b_f001817.jpg,S4_paircleanH_b,1817,2,rc_car+truck_peterbilt,ok,ok,benchmark,480,
S4_paircleanH_b_f001826.jpg,S4_paircleanH_b,1826,2,rc_car+truck_peterbilt,ok,ok,benchmark,480,
S4_paircleanH_b_f001835.jpg,S4_paircleanH_b,1835,1,truck_peterbilt,ok,ok,benchmark,480,
S4_paircleanH_b_f001844.jpg,S4_paircleanH_b,1844,1,truck_peterbilt,ok,ok,benchmark,480,
S4_paircleanH_b_f001854.jpg,S4_paircleanH_b,1854,1,truck_peterbilt,ok,ok,benchmark,480,
S4_paircleanH_b_f001863.jpg,S4_paircleanH_b,1863,1,truck_peterbilt,ok,ok,benchmark,480,
S4_paircleanH_b_f001872.jpg,S4_paircleanH_b,1872,1,truck_peterbilt,ok,ok,benchmark,480,
S4_paircleanH_b_f001880.jpg,S4_paircleanH_b,1880,1,truck_peterbilt,ok,ok,benchmark,480,
S4_paircleanH_b_f001889.jpg,S4_paircleanH_b,1889,1,truck_peterbilt,ok,ok,benchmark,470,
S4_paircleanH_b_f001897.jpg,S4_paircleanH_b,1897,0,none,confirmed_empty,ok,benchmark,470,
S4_paircleanH_b_f001905.jpg,S4_paircleanH_b,1905,0,none,confirmed_empty,ok,benchmark,470,
S4_paircleanH_b_f001912.jpg,S4_paircleanH_b,1912,0,none,confirmed_empty,ok,benchmark,480,
S4_paircleanH_b_f001920.jpg,S4_paircleanH_b,1920,0,none,confirmed_empty,ok,benchmark,480,
S4_paircleanH_b_f001928.jpg,S4_paircleanH_b,1928,0,none,confirmed_empty,ok,benchmark,480,
S4_paircleanH_b_f001935.jpg,S4_paircleanH_b,1935,0,none,confirmed_empty,ok,benchmark,480,
S4_paircleanH_b_f001941.jpg,S4_paircleanH_b,1941,0,none,ok,ok,benchmark,480,
S4_paircleanH_b_f001947.jpg,S4_paircleanH_b,1947,0,none,ok,ok,benchmark,480,
S4_paircleanH_b_f001953.jpg,S4_paircleanH_b,1953,0,none,confirmed_empty,ok,benchmark,460,
S4_paircleanH_b_f001958.jpg,S4_paircleanH_b,1958,0,none,ok,ok,benchmark,460,
S4_paircleanH_b_f001963.jpg,S4_paircleanH_b,1963,0,none,confirmed_empty,ok,benchmark,460,
S4_paircleanH_b_f001968.jpg,S4_paircleanH_b,1968,0,none,confirmed_empty,ok,benchmark,440,
S4_paircleanH_b_f001973.jpg,S4_paircleanH_b,1973,0,none,ok,ok,benchmark,440,
S4_paircleanH_b_f001978.jpg,S4_paircleanH_b,1978,0,none,confirmed_empty,ok,benchmark,440,
S4_paircleanH_b_f001983.jpg,S4_paircleanH_b,1983,0,none,confirmed_empty,ok,benchmark,440,
S4_paircleanH_b_f001989.jpg,S4_paircleanH_b,1989,2,truck_peterbilt,ok,ok,benchmark,410,
S4_paircleanH_b_f001995.jpg,S4_paircleanH_b,1995,1,truck_peterbilt,ok,ok,benchmark,400,
S4_paircleanH_b_f002002.jpg,S4_paircleanH_b,2002,1,truck_peterbilt,ok,ok,benchmark,390,
S4_paircleanH_b_f002009.jpg,S4_paircleanH_b,2009,1,truck_peterbilt,ok,ok,benchmark,380,
S4_paircleanH_b_f002017.jpg,S4_paircleanH_b,2017,1,truck_peterbilt,ok,ok,benchmark,360,
S4_paircleanH_b_f002025.jpg,S4_paircleanH_b,2025,1,truck_peterbilt,ok,ok,benchmark,350,
S4_paircleanH_b_f002032.jpg,S4_paircleanH_b,2032,1,truck_peterbilt,ok,ok,benchmark,350,
S4_paircleanH_b_f002040.jpg,S4_paircleanH_b,2040,1,truck_peterbilt,ok,ok,benchmark,350,
S4_paircleanH_b_f002048.jpg,S4_paircleanH_b,2048,1,truck_peterbilt,ok,ok,benchmark,350,
S4_paircleanH_b_f002057.jpg,S4_paircleanH_b,2057,1,truck_peterbilt,ok,ok,benchmark,350,
S4_paircleanH_b_f002065.jpg,S4_paircleanH_b,2065,1,truck_peterbilt,ok,ok,benchmark,350,
S4_paircleanH_b_f002073.jpg,S4_paircleanH_b,2073,0,none,confirmed_empty,ok,benchmark,350,
S4_paircleanH_b_f002080.jpg,S4_paircleanH_b,2080,0,none,confirmed_empty,ok,benchmark,350,
S4_paircleanH_b_f002088.jpg,S4_paircleanH_b,2088,0,none,confirmed_empty,ok,benchmark,350,
S4_paircleanH_b_f002096.jpg,S4_paircleanH_b,2096,0,none,confirmed_empty,ok,benchmark,350,
S4_paircleanH_b_f002104.jpg,S4_paircleanH_b,2104,0,none,confirmed_empty,ok,benchmark,340,
S4_paircleanH_b_f002112.jpg,S4_paircleanH_b,2112,0,none,confirmed_empty,ok,benchmark,340,
S4_paircleanH_b_f002121.jpg,S4_paircleanH_b,2121,0,none,confirmed_empty,ok,benchmark,340,
S4_paircleanH_b_f002129.jpg,S4_paircleanH_b,2129,1,truck_peterbilt,ok,ok,benchmark,340,
S4_paircleanH_b_f002137.jpg,S4_paircleanH_b,2137,2,rc_car+truck_peterbilt,ok,ok,benchmark,350,
S4_paircleanH_b_f002144.jpg,S4_paircleanH_b,2144,2,rc_car+truck_peterbilt,ok,ok,benchmark,360,
S4_paircleanH_b_f002152.jpg,S4_paircleanH_b,2152,2,rc_car+truck_peterbilt,ok,ok,benchmark,370,
S4_paircleanH_b_f002159.jpg,S4_paircleanH_b,2159,2,rc_car+truck_peterbilt,ok,ok,benchmark,370,
S4_paircleanH_b_f002168.jpg,S4_paircleanH_b,2168,2,rc_car+truck_peterbilt,ok,ok,benchmark,380,
S4_paircleanH_b_f002176.jpg,S4_paircleanH_b,2176,2,rc_car+truck_peterbilt,ok,ok,benchmark,380,
S4_paircleanH_b_f002185.jpg,S4_paircleanH_b,2185,2,rc_car+truck_peterbilt,ok,ok,benchmark,380,
S4_paircleanH_b_f002194.jpg,S4_paircleanH_b,2194,2,rc_car+truck_peterbilt,ok,ok,benchmark,370,
S4_paircleanH_b_f002202.jpg,S4_paircleanH_b,2202,2,rc_car+truck_peterbilt,ok,ok,benchmark,360,
S4_paircleanH_b_f002210.jpg,S4_paircleanH_b,2210,2,rc_car+truck_peterbilt,ok,ok,benchmark,340,
S4_paircleanH_b_f002217.jpg,S4_paircleanH_b,2217,2,rc_car+truck_peterbilt,ok,ok,benchmark,340,
S4_paircleanH_b_f002225.jpg,S4_paircleanH_b,2225,2,rc_car+truck_peterbilt,ok,ok,benchmark,340,
S4_paircleanH_b_f002233.jpg,S4_paircleanH_b,2233,2,rc_car+truck_peterbilt,ok,ok,benchmark,350,
S4_paircleanH_b_f002241.jpg,S4_paircleanH_b,2241,1,truck_peterbilt,ok,ok,benchmark,360,
S4_paircleanH_b_f002250.jpg,S4_paircleanH_b,2250,1,truck_peterbilt,ok,ok,benchmark,360,
S4_paircleanH_b_f002259.jpg,S4_paircleanH_b,2259,1,truck_peterbilt,ok,ok,benchmark,360,
S4_paircleanH_b_f002267.jpg,S4_paircleanH_b,2267,1,truck_peterbilt,ok,ok,benchmark,360,
S4_paircleanH_b_f002275.jpg,S4_paircleanH_b,2275,1,truck_peterbilt,ok,ok,benchmark,350,
S4_paircleanH_b_f002283.jpg,S4_paircleanH_b,2283,1,truck_peterbilt,ok,ok,benchmark,340,
S4_paircleanH_b_f002292.jpg,S4_paircleanH_b,2292,1,truck_peterbilt,ok,ok,benchmark,340,
S4_paircleanH_b_f002301.jpg,S4_paircleanH_b,2301,0,none,confirmed_empty,ok,benchmark,340,
S4_paircleanH_b_f002310.jpg,S4_paircleanH_b,2310,0,none,confirmed_empty,ok,benchmark,340,
S4_paircleanH_b_f002319.jpg,S4_paircleanH_b,2319,0,none,ok,ok,benchmark,350,
S4_paircleanH_b_f002328.jpg,S4_paircleanH_b,2328,0,none,confirmed_empty,ok,benchmark,350,
S4_paircleanH_b_f002337.jpg,S4_paircleanH_b,2337,0,none,confirmed_empty,ok,benchmark,350,
S4_paircleanH_b_f002346.jpg,S4_paircleanH_b,2346,0,none,confirmed_empty,ok,benchmark,360,
S4_paircleanH_b_f002354.jpg,S4_paircleanH_b,2354,0,none,confirmed_empty,ok,benchmark,360,
S4_paircleanH_b_f002362.jpg,S4_paircleanH_b,2362,0,none,confirmed_empty,ok,benchmark,350,
S4_paircleanH_b_f002371.jpg,S4_paircleanH_b,2371,0,none,confirmed_empty,ok,benchmark,350,
S4_paircleanH_b_f002379.jpg,S4_paircleanH_b,2379,0,none,confirmed_empty,ok,benchmark,350,
S4_paircleanH_b_f002388.jpg,S4_paircleanH_b,2388,0,none,confirmed_empty,ok,benchmark,350,
S4_paircleanH_b_f002398.jpg,S4_paircleanH_b,2398,0,none,confirmed_empty,ok,benchmark,360,
S4_paircleanH_b_f002407.jpg,S4_paircleanH_b,2407,0,none,confirmed_empty,ok,benchmark,350,
S4_paircleanH_b_f002416.jpg,S4_paircleanH_b,2416,0,none,confirmed_empty,ok,benchmark,350,
S4_paircleanH_b_f002425.jpg,S4_paircleanH_b,2425,0,none,confirmed_empty,ok,benchmark,350,
S4_paircleanH_b_f002434.jpg,S4_paircleanH_b,2434,0,none,confirmed_empty,ok,benchmark,350,
S4_paircleanH_b_f002443.jpg,S4_paircleanH_b,2443,0,none,confirmed_empty,ok,benchmark,350,
S4_paircleanH_b_f002451.jpg,S4_paircleanH_b,2451,0,none,confirmed_empty,ok,benchmark,350,
S4_paircleanH_b_f002460.jpg,S4_paircleanH_b,2460,0,none,confirmed_empty,ok,benchmark,350,
S4_paircleanH_b_f002468.jpg,S4_paircleanH_b,2468,0,none,confirmed_empty,ok,benchmark,350,
S4_paircleanH_b_f002477.jpg,S4_paircleanH_b,2477,0,none,ok,ok,benchmark,350,
S4_paircleanH_b_f002485.jpg,S4_paircleanH_b,2485,0,none,confirmed_empty,ok,benchmark,350,
S4_paircleanH_b_f002494.jpg,S4_paircleanH_b,2494,0,none,ok,ok,benchmark,350,
S4_paircleanH_b_f002502.jpg,S4_paircleanH_b,2502,0,none,confirmed_empty,ok,benchmark,360,
S4_paircleanH_b_f002510.jpg,S4_paircleanH_b,2510,0,none,confirmed_empty,ok,benchmark,350,
S4_paircleanH_b_f002519.jpg,S4_paircleanH_b,2519,0,none,confirmed_empty,ok,benchmark,350,
S4_paircleanH_b_f002527.jpg,S4_paircleanH_b,2527,0,none,confirmed_empty,ok,benchmark,350,
S4_paircleanH_b_f002536.jpg,S4_paircleanH_b,2536,0,none,confirmed_empty,ok,benchmark,350,
S4_paircleanH_b_f002546.jpg,S4_paircleanH_b,2546,0,none,confirmed_empty,ok,benchmark,350,
S4_paircleanH_b_f002555.jpg,S4_paircleanH_b,2555,0,none,confirmed_empty,ok,benchmark,340,
S4_paircleanH_b_f002563.jpg,S4_paircleanH_b,2563,0,none,confirmed_empty,ok,benchmark,340,
S4_paircleanH_b_f002571.jpg,S4_paircleanH_b,2571,0,none,confirmed_empty,ok,benchmark,330,
S4_paircleanH_b_f002580.jpg,S4_paircleanH_b,2580,0,none,confirmed_empty,ok,benchmark,320,
S4_paircleanH_b_f002588.jpg,S4_paircleanH_b,2588,0,none,confirmed_empty,ok,benchmark,320,
S4_paircleanH_b_f002596.jpg,S4_paircleanH_b,2596,0,none,ok,ok,benchmark,330,
S4_paircleanH_b_f002604.jpg,S4_paircleanH_b,2604,0,none,confirmed_empty,ok,benchmark,340,
S4_paircleanH_b_f002612.jpg,S4_paircleanH_b,2612,0,none,confirmed_empty,blurry,benchmark,340,
S4_paircleanH_b_f002620.jpg,S4_paircleanH_b,2620,0,none,confirmed_empty,blurry,benchmark,320,
S4_paircleanH_b_f002628.jpg,S4_paircleanH_b,2628,0,none,confirmed_empty,attitude,benchmark,310,
S4_paircleanH_b_f002636.jpg,S4_paircleanH_b,2636,0,none,confirmed_empty,attitude,benchmark,190,
S4_occ75_f000000.jpg,S4_occ75,0,2,atv_sherp+truck_peterbilt,ok,ok,benchmark,0,
S4_occ75_f000008.jpg,S4_occ75,8,2,atv_sherp+truck_peterbilt,ok,ok,benchmark,0,
S4_occ75_f000015.jpg,S4_occ75,15,2,atv_sherp+truck_peterbilt,ok,ok,benchmark,0,
S4_occ75_f000022.jpg,S4_occ75,22,2,atv_sherp+truck_peterbilt,ok,ok,benchmark,0,
S4_occ75_f000029.jpg,S4_occ75,29,2,atv_sherp+truck_peterbilt,ok,ok,benchmark,0,
S4_occ75_f000036.jpg,S4_occ75,36,2,atv_sherp+truck_peterbilt,ok,ok,benchmark,0,
S4_occ75_f000043.jpg,S4_occ75,43,2,atv_sherp+truck_peterbilt,ok,ok,benchmark,0,
S4_occ75_f000047.jpg,S4_occ75,47,3,atv_sherp+rc_car+truck_peterbilt,ok,ok,benchmark,70,
S4_occ75_f000055.jpg,S4_occ75,55,3,atv_sherp+rc_car+truck_peterbilt,ok,ok,benchmark,70,
S4_occ75_f000062.jpg,S4_occ75,62,3,atv_sherp+rc_car+truck_peterbilt,ok,ok,benchmark,80,
S4_occ75_f000070.jpg,S4_occ75,70,3,atv_sherp+rc_car+truck_peterbilt,ok,ok,benchmark,80,
S4_occ75_f000078.jpg,S4_occ75,78,3,atv_sherp+rc_car+truck_peterbilt,ok,ok,benchmark,80,
S4_occ75_f000086.jpg,S4_occ75,86,3,atv_sherp+rc_car+truck_peterbilt,ok,ok,benchmark,80,
S4_occ75_f000095.jpg,S4_occ75,95,3,atv_sherp+rc_car+truck_peterbilt,ok,ok,benchmark,80,
S4_occ75_f000104.jpg,S4_occ75,104,3,atv_sherp+rc_car+truck_peterbilt,ok,ok,benchmark,80,
S4_occ75_f000112.jpg,S4_occ75,112,3,atv_sherp+rc_car+truck_peterbilt,ok,ok,benchmark,70,
S4_occ75_f000121.jpg,S4_occ75,121,3,atv_sherp+rc_car+truck_peterbilt,ok,ok,benchmark,70,
S4_occ75_f000129.jpg,S4_occ75,129,3,atv_sherp+rc_car+truck_peterbilt,ok,ok,benchmark,70,
S4_occ75_f000138.jpg,S4_occ75,138,3,atv_sherp+rc_car+truck_peterbilt,ok,ok,benchmark,70,
S4_occ75_f000146.jpg,S4_occ75,146,3,atv_sherp+rc_car+truck_peterbilt,ok,ok,benchmark,70,
S4_occ75_f000155.jpg,S4_occ75,155,3,atv_sherp+rc_car+truck_peterbilt,ok,ok,benchmark,80,
S4_occ75_f000163.jpg,S4_occ75,163,3,atv_sherp+rc_car+truck_peterbilt,ok,ok,benchmark,90,
S4_occ75_f000172.jpg,S4_occ75,172,3,atv_sherp+rc_car+truck_peterbilt,ok,ok,benchmark,100,
S4_occ75_f000181.jpg,S4_occ75,181,3,atv_sherp+rc_car+truck_peterbilt,ok,ok,benchmark,110,
S4_occ75_f000190.jpg,S4_occ75,190,3,atv_sherp+rc_car+truck_peterbilt,ok,ok,benchmark,120,
S4_occ75_f000199.jpg,S4_occ75,199,3,atv_sherp+rc_car+truck_peterbilt,ok,ok,benchmark,130,
S4_occ75_f000207.jpg,S4_occ75,207,3,atv_sherp+rc_car+truck_peterbilt,ok,ok,benchmark,140,
S4_occ75_f000216.jpg,S4_occ75,216,3,atv_sherp+rc_car+truck_peterbilt,ok,ok,benchmark,150,
S4_occ75_f000225.jpg,S4_occ75,225,3,atv_sherp+rc_car+truck_peterbilt,ok,ok,benchmark,160,
S4_occ75_f000235.jpg,S4_occ75,235,3,atv_sherp+rc_car+truck_peterbilt,ok,ok,benchmark,170,
S4_occ75_f000243.jpg,S4_occ75,243,3,atv_sherp+rc_car+truck_peterbilt,ok,ok,benchmark,180,
S4_occ75_f000252.jpg,S4_occ75,252,3,atv_sherp+rc_car+truck_peterbilt,ok,ok,benchmark,190,
S4_occ75_f000260.jpg,S4_occ75,260,3,atv_sherp+rc_car+truck_peterbilt,ok,ok,benchmark,210,
S4_occ75_f000269.jpg,S4_occ75,269,3,atv_sherp+rc_car+truck_peterbilt,ok,ok,benchmark,220,
S4_occ75_f000278.jpg,S4_occ75,278,3,atv_sherp+rc_car+truck_peterbilt,ok,ok,benchmark,230,
S4_occ75_f000286.jpg,S4_occ75,286,3,atv_sherp+rc_car+truck_peterbilt,ok,ok,benchmark,240,
S4_occ75_f000294.jpg,S4_occ75,294,3,atv_sherp+rc_car+truck_peterbilt,ok,ok,benchmark,250,
S4_occ75_f000302.jpg,S4_occ75,302,3,atv_sherp+rc_car+truck_peterbilt,ok,ok,benchmark,260,
S4_occ75_f000311.jpg,S4_occ75,311,3,atv_sherp+rc_car+truck_peterbilt,ok,ok,benchmark,270,
S4_occ75_f000320.jpg,S4_occ75,320,3,atv_sherp+rc_car+truck_peterbilt,ok,ok,benchmark,270,
S4_occ75_f000328.jpg,S4_occ75,328,3,atv_sherp+rc_car+truck_peterbilt,ok,ok,benchmark,280,
S4_occ75_f000337.jpg,S4_occ75,337,3,atv_sherp+rc_car+truck_peterbilt,ok,ok,benchmark,290,
S4_occ75_f000346.jpg,S4_occ75,346,3,atv_sherp+rc_car+truck_peterbilt,ok,ok,benchmark,300,
S4_occ75_f000356.jpg,S4_occ75,356,3,atv_sherp+rc_car+truck_peterbilt,ok,ok,benchmark,310,
S4_occ75_f000365.jpg,S4_occ75,365,3,atv_sherp+rc_car+truck_peterbilt,ok,ok,benchmark,320,
S4_occ75_f000375.jpg,S4_occ75,375,3,atv_sherp+rc_car+truck_peterbilt,ok,ok,benchmark,320,
S4_occ75_f000384.jpg,S4_occ75,384,3,atv_sherp+rc_car+truck_peterbilt,ok,ok,benchmark,320,
S4_occ75_f000392.jpg,S4_occ75,392,3,atv_sherp+rc_car+truck_peterbilt,ok,ok,benchmark,320,
S4_occ75_f000400.jpg,S4_occ75,400,3,atv_sherp+rc_car+truck_peterbilt,ok,ok,benchmark,310,
S4_occ75_f000408.jpg,S4_occ75,408,3,atv_sherp+rc_car+truck_peterbilt,ok,ok,benchmark,310,
S4_occ75_f000416.jpg,S4_occ75,416,3,atv_sherp+rc_car+truck_peterbilt,ok,ok,benchmark,310,
S4_occ75_f000425.jpg,S4_occ75,425,3,atv_sherp+rc_car+truck_peterbilt,ok,ok,benchmark,320,
S4_occ75_f000433.jpg,S4_occ75,433,3,atv_sherp+rc_car+truck_peterbilt,ok,ok,benchmark,320,
S4_occ75_f000442.jpg,S4_occ75,442,3,atv_sherp+rc_car+truck_peterbilt,ok,ok,benchmark,320,
S4_occ75_f000451.jpg,S4_occ75,451,3,atv_sherp+rc_car+truck_peterbilt,ok,ok,benchmark,320,
S4_occ75_f000460.jpg,S4_occ75,460,3,atv_sherp+rc_car+truck_peterbilt,ok,ok,benchmark,320,
S4_occ75_f000470.jpg,S4_occ75,470,3,atv_sherp+rc_car+truck_peterbilt,ok,ok,benchmark,320,
S4_occ75_f000479.jpg,S4_occ75,479,3,atv_sherp+rc_car+truck_peterbilt,ok,ok,benchmark,320,
S4_occ75_f000488.jpg,S4_occ75,488,3,atv_sherp+rc_car+truck_peterbilt,ok,ok,benchmark,320,
S4_occ75_f000497.jpg,S4_occ75,497,3,atv_sherp+rc_car+truck_peterbilt,ok,ok,benchmark,320,
S4_occ75_f000506.jpg,S4_occ75,506,3,atv_sherp+rc_car+truck_peterbilt,ok,ok,benchmark,330,
S4_occ75_f000513.jpg,S4_occ75,513,3,atv_sherp+rc_car+truck_peterbilt,ok,ok,benchmark,320,
S4_occ75_f000517.jpg,S4_occ75,517,3,atv_sherp+rc_car+truck_peterbilt,ok,ok,benchmark,320,
S4_occ75_f000521.jpg,S4_occ75,521,3,atv_sherp+rc_car+truck_peterbilt,ok,ok,benchmark,320,
S4_occ75_f000525.jpg,S4_occ75,525,3,atv_sherp+rc_car+truck_peterbilt,ok,ok,benchmark,330,
S4_occ75_f000528.jpg,S4_occ75,528,3,atv_sherp+rc_car+truck_peterbilt,ok,ok,benchmark,330,
S4_occ75_f000531.jpg,S4_occ75,531,3,atv_sherp+rc_car+truck_peterbilt,ok,ok,benchmark,330,
S4_occ75_f000533.jpg,S4_occ75,533,3,atv_sherp+rc_car+truck_peterbilt,ok,ok,benchmark,320,
S4_occ75_f000536.jpg,S4_occ75,536,3,atv_sherp+rc_car+truck_peterbilt,ok,ok,benchmark,310,
S4_occ75_f000539.jpg,S4_occ75,539,3,atv_sherp+rc_car+truck_peterbilt,ok,ok,benchmark,320,
S4_occ75_f000542.jpg,S4_occ75,542,3,atv_sherp+rc_car+truck_peterbilt,ok,ok,benchmark,330,
S4_occ75_f000546.jpg,S4_occ75,546,3,atv_sherp+rc_car+truck_peterbilt,ok,ok,benchmark,340,
S4_occ75_f000550.jpg,S4_occ75,550,3,atv_sherp+rc_car+truck_peterbilt,ok,ok,benchmark,340,
S4_occ75_f000556.jpg,S4_occ75,556,3,atv_sherp+rc_car+truck_peterbilt,ok,ok,benchmark,330,
S4_occ75_f000564.jpg,S4_occ75,564,3,atv_sherp+rc_car+truck_peterbilt,ok,ok,benchmark,330,
S4_occ75_f000574.jpg,S4_occ75,574,3,atv_sherp+rc_car+truck_peterbilt,ok,ok,benchmark,320,
S4_occ75_f000584.jpg,S4_occ75,584,3,atv_sherp+rc_car+truck_peterbilt,ok,ok,benchmark,320,
S4_occ75_f000594.jpg,S4_occ75,594,3,atv_sherp+rc_car+truck_peterbilt,ok,ok,benchmark,320,
S4_occ75_f000603.jpg,S4_occ75,603,3,atv_sherp+rc_car+truck_peterbilt,ok,ok,benchmark,320,
S4_occ75_f000612.jpg,S4_occ75,612,3,atv_sherp+rc_car+truck_peterbilt,ok,ok,benchmark,320,
S4_occ75_f000621.jpg,S4_occ75,621,3,atv_sherp+rc_car+truck_peterbilt,ok,ok,benchmark,320,
S4_occ75_f000631.jpg,S4_occ75,631,3,atv_sherp+rc_car+truck_peterbilt,ok,ok,benchmark,320,
S4_occ75_f000641.jpg,S4_occ75,641,3,atv_sherp+rc_car+truck_peterbilt,ok,ok,benchmark,320,
S4_occ75_f000651.jpg,S4_occ75,651,3,atv_sherp+rc_car+truck_peterbilt,ok,ok,benchmark,320,
S4_occ75_f000661.jpg,S4_occ75,661,3,atv_sherp+rc_car+truck_peterbilt,ok,ok,benchmark,330,
S4_occ75_f000670.jpg,S4_occ75,670,3,atv_sherp+rc_car+truck_peterbilt,ok,ok,benchmark,340,
S4_occ75_f000679.jpg,S4_occ75,679,3,atv_sherp+rc_car+truck_peterbilt,ok,ok,benchmark,330,
S4_occ75_f000687.jpg,S4_occ75,687,3,atv_sherp+rc_car+truck_peterbilt,ok,ok,benchmark,320,
S4_occ75_f000696.jpg,S4_occ75,696,3,atv_sherp+rc_car+truck_peterbilt,ok,ok,benchmark,320,
S4_occ75_f000704.jpg,S4_occ75,704,3,atv_sherp+rc_car+truck_peterbilt,ok,ok,benchmark,330,
S4_occ75_f000713.jpg,S4_occ75,713,3,atv_sherp+rc_car+truck_peterbilt,ok,ok,benchmark,330,
S4_occ75_f000722.jpg,S4_occ75,722,3,atv_sherp+rc_car+truck_peterbilt,ok,ok,benchmark,320,
S4_occ75_f000731.jpg,S4_occ75,731,3,atv_sherp+rc_car+truck_peterbilt,ok,ok,benchmark,300,
S4_occ75_f000739.jpg,S4_occ75,739,3,atv_sherp+rc_car+truck_peterbilt,ok,ok,benchmark,280,
S4_occ75_f000748.jpg,S4_occ75,748,3,atv_sherp+rc_car+truck_peterbilt,ok,ok,benchmark,270,
S4_occ75_f000757.jpg,S4_occ75,757,3,atv_sherp+rc_car+truck_peterbilt,ok,ok,benchmark,280,
S4_occ75_f000765.jpg,S4_occ75,765,3,atv_sherp+rc_car+truck_peterbilt,ok,ok,benchmark,310,
S4_occ75_f000774.jpg,S4_occ75,774,3,atv_sherp+rc_car+truck_peterbilt,ok,ok,benchmark,330,
S4_occ75_f000783.jpg,S4_occ75,783,3,atv_sherp+rc_car+truck_peterbilt,ok,ok,benchmark,340,
S4_occ75_f000791.jpg,S4_occ75,791,3,atv_sherp+rc_car+truck_peterbilt,ok,ok,benchmark,350,
S4_occ75_f000800.jpg,S4_occ75,800,3,atv_sherp+rc_car+truck_peterbilt,ok,ok,benchmark,350,
S4_occ75_f000807.jpg,S4_occ75,807,3,atv_sherp+rc_car+truck_peterbilt,ok,ok,benchmark,340,
S4_occ75_f000815.jpg,S4_occ75,815,3,atv_sherp+rc_car+truck_peterbilt,ok,blurry,benchmark,320,
S4_occ75_f000823.jpg,S4_occ75,823,3,atv_sherp+rc_car+truck_peterbilt,ok,ok,benchmark,300,
S4_occ75_f000831.jpg,S4_occ75,831,3,atv_sherp+rc_car+truck_peterbilt,ok,ok,benchmark,300,
S4_occ75_f000840.jpg,S4_occ75,840,3,atv_sherp+rc_car+truck_peterbilt,ok,ok,benchmark,310,
S4_occ75_f000849.jpg,S4_occ75,849,3,atv_sherp+rc_car+truck_peterbilt,ok,ok,benchmark,330,
S4_occ75_f000858.jpg,S4_occ75,858,3,atv_sherp+rc_car+truck_peterbilt,ok,ok,benchmark,330,
S4_occ75_f000866.jpg,S4_occ75,866,3,atv_sherp+rc_car+truck_peterbilt,ok,ok,benchmark,340,
S4_occ75_f000874.jpg,S4_occ75,874,3,atv_sherp+rc_car+truck_peterbilt,ok,ok,benchmark,330,
S4_occ75_f000882.jpg,S4_occ75,882,3,atv_sherp+rc_car+truck_peterbilt,ok,ok,benchmark,330,
S4_occ75_f000891.jpg,S4_occ75,891,2,atv_sherp+truck_peterbilt,ok,ok,benchmark,320,
S4_occ75_f000900.jpg,S4_occ75,900,3,atv_sherp+rc_car+truck_peterbilt,ok,ok,benchmark,310,
S4_occ75_f000908.jpg,S4_occ75,908,3,atv_sherp+rc_car+truck_peterbilt,ok,ok,benchmark,310,
S4_occ75_f000916.jpg,S4_occ75,916,2,atv_sherp+truck_peterbilt,ok,ok,benchmark,310,
S4_occ75_f000924.jpg,S4_occ75,924,3,atv_sherp+rc_car+truck_peterbilt,ok,ok,benchmark,320,
S4_occ75_f000932.jpg,S4_occ75,932,3,atv_sherp+rc_car+truck_peterbilt,ok,ok,benchmark,320,
S4_occ75_f000941.jpg,S4_occ75,941,3,atv_sherp+rc_car+truck_peterbilt,ok,ok,benchmark,320,
S4_occ75_f000949.jpg,S4_occ75,949,3,atv_sherp+rc_car+truck_peterbilt,ok,ok,benchmark,320,
S4_occ75_f000958.jpg,S4_occ75,958,3,atv_sherp+rc_car+truck_peterbilt,ok,ok,benchmark,310,
S4_occ75_f000966.jpg,S4_occ75,966,3,atv_sherp+rc_car+truck_peterbilt,ok,ok,benchmark,300,
S4_occ75_f000974.jpg,S4_occ75,974,3,atv_sherp+rc_car+truck_peterbilt,ok,ok,benchmark,310,
S4_occ75_f000983.jpg,S4_occ75,983,3,atv_sherp+rc_car+truck_peterbilt,ok,ok,benchmark,330,
S4_occ75_f000992.jpg,S4_occ75,992,3,atv_sherp+rc_car+truck_peterbilt,ok,ok,benchmark,360,
S4_occ75_f001001.jpg,S4_occ75,1001,3,atv_sherp+rc_car+truck_peterbilt,ok,ok,benchmark,380,
S4_occ75_f001009.jpg,S4_occ75,1009,3,atv_sherp+rc_car+truck_peterbilt,ok,ok,benchmark,400,
S4_occ75_f001018.jpg,S4_occ75,1018,3,atv_sherp+rc_car+truck_peterbilt,ok,ok,benchmark,420,
S4_occ75_f001026.jpg,S4_occ75,1026,3,atv_sherp+rc_car+truck_peterbilt,ok,ok,benchmark,420,
S4_occ75_f001034.jpg,S4_occ75,1034,3,atv_sherp+rc_car+truck_peterbilt,ok,ok,benchmark,410,
S4_occ75_f001043.jpg,S4_occ75,1043,3,atv_sherp+rc_car+truck_peterbilt,ok,ok,benchmark,420,
S4_occ75_f001051.jpg,S4_occ75,1051,3,atv_sherp+rc_car+truck_peterbilt,ok,ok,benchmark,440,
S4_occ75_f001060.jpg,S4_occ75,1060,3,atv_sherp+rc_car+truck_peterbilt,ok,ok,benchmark,460,
S4_occ75_f001068.jpg,S4_occ75,1068,3,atv_sherp+rc_car+truck_peterbilt,ok,ok,benchmark,470,
S4_occ75_f001077.jpg,S4_occ75,1077,3,atv_sherp+rc_car+truck_peterbilt,ok,ok,benchmark,460,
S4_occ75_f001085.jpg,S4_occ75,1085,3,atv_sherp+rc_car+truck_peterbilt,ok,ok,benchmark,440,
S4_occ75_f001093.jpg,S4_occ75,1093,2,atv_sherp+truck_peterbilt,ok,ok,benchmark,440,
S4_occ75_f001101.jpg,S4_occ75,1101,2,atv_sherp+truck_peterbilt,ok,ok,benchmark,430,
S4_occ75_f001109.jpg,S4_occ75,1109,2,atv_sherp+truck_peterbilt,ok,ok,benchmark,420,
S4_occ75_f001118.jpg,S4_occ75,1118,2,atv_sherp+truck_peterbilt,ok,ok,benchmark,400,
S4_occ75_f001126.jpg,S4_occ75,1126,2,atv_sherp+truck_peterbilt,ok,ok,benchmark,390,
S4_occ75_f001135.jpg,S4_occ75,1135,2,atv_sherp+truck_peterbilt,ok,ok,benchmark,380,
S4_occ75_f001144.jpg,S4_occ75,1144,2,atv_sherp+truck_peterbilt,ok,ok,benchmark,370,
S4_occ75_f001154.jpg,S4_occ75,1154,2,atv_sherp+truck_peterbilt,ok,ok,benchmark,380,
S4_occ75_f001163.jpg,S4_occ75,1163,2,atv_sherp+truck_peterbilt,ok,ok,benchmark,390,
S4_occ75_f001172.jpg,S4_occ75,1172,2,atv_sherp+truck_peterbilt,ok,ok,benchmark,400,
S4_occ75_f001180.jpg,S4_occ75,1180,2,atv_sherp+truck_peterbilt,ok,ok,benchmark,400,
S4_occ75_f001188.jpg,S4_occ75,1188,2,atv_sherp+truck_peterbilt,ok,ok,benchmark,410,
S4_occ75_f001196.jpg,S4_occ75,1196,2,atv_sherp+truck_peterbilt,ok,ok,benchmark,410,
S4_occ75_f001204.jpg,S4_occ75,1204,2,atv_sherp+truck_peterbilt,ok,ok,benchmark,410,
S4_occ75_f001212.jpg,S4_occ75,1212,2,atv_sherp+truck_peterbilt,ok,ok,benchmark,410,
S4_occ75_f001222.jpg,S4_occ75,1222,2,atv_sherp+truck_peterbilt,ok,ok,benchmark,410,
S4_occ75_f001231.jpg,S4_occ75,1231,2,atv_sherp+truck_peterbilt,ok,ok,benchmark,410,
S4_occ75_f001241.jpg,S4_occ75,1241,2,atv_sherp+truck_peterbilt,ok,ok,benchmark,430,
S4_occ75_f001250.jpg,S4_occ75,1250,2,atv_sherp+truck_peterbilt,ok,ok,benchmark,430,
S4_occ75_f001259.jpg,S4_occ75,1259,2,atv_sherp+truck_peterbilt,ok,ok,benchmark,440,
S4_occ75_f001268.jpg,S4_occ75,1268,2,atv_sherp+truck_peterbilt,ok,ok,benchmark,440,
S4_occ75_f001277.jpg,S4_occ75,1277,2,atv_sherp+truck_peterbilt,ok,ok,benchmark,440,
S4_occ75_f001286.jpg,S4_occ75,1286,2,atv_sherp+truck_peterbilt,ok,ok,benchmark,440,
S4_occ75_f001296.jpg,S4_occ75,1296,2,atv_sherp+truck_peterbilt,ok,ok,benchmark,440,
S4_occ75_f001305.jpg,S4_occ75,1305,2,atv_sherp+truck_peterbilt,ok,ok,benchmark,430,
S4_occ75_f001312.jpg,S4_occ75,1312,2,atv_sherp+truck_peterbilt,ok,ok,benchmark,430,
S4_occ75_f001320.jpg,S4_occ75,1320,2,atv_sherp+truck_peterbilt,ok,ok,benchmark,430,
S4_occ75_f001327.jpg,S4_occ75,1327,2,atv_sherp+truck_peterbilt,ok,ok,benchmark,430,
S4_occ75_f001333.jpg,S4_occ75,1333,2,atv_sherp+truck_peterbilt,ok,ok,benchmark,430,
S4_occ75_f001339.jpg,S4_occ75,1339,2,atv_sherp+truck_peterbilt,ok,ok,benchmark,430,
S4_occ75_f001345.jpg,S4_occ75,1345,2,atv_sherp+truck_peterbilt,ok,ok,benchmark,430,
S4_occ75_f001351.jpg,S4_occ75,1351,2,atv_sherp+truck_peterbilt,ok,ok,benchmark,430,
S4_occ75_f001357.jpg,S4_occ75,1357,2,atv_sherp+truck_peterbilt,ok,ok,benchmark,430,
S4_occ75_f001363.jpg,S4_occ75,1363,0,none,bad_frame,ok,benchmark,430,
S4_occ75_f001370.jpg,S4_occ75,1370,2,atv_sherp+truck_peterbilt,ok,ok,benchmark,430,
S4_occ75_f001377.jpg,S4_occ75,1377,2,atv_sherp+truck_peterbilt,ok,ok,benchmark,430,
S4_occ75_f001384.jpg,S4_occ75,1384,2,atv_sherp+truck_peterbilt,ok,ok,benchmark,420,
S4_occ75_f001393.jpg,S4_occ75,1393,2,atv_sherp+truck_peterbilt,ok,ok,benchmark,420,
S4_occ75_f001402.jpg,S4_occ75,1402,2,atv_sherp+truck_peterbilt,ok,ok,benchmark,420,
S4_occ75_f001411.jpg,S4_occ75,1411,2,atv_sherp+truck_peterbilt,ok,ok,benchmark,410,
S4_occ75_f001420.jpg,S4_occ75,1420,2,atv_sherp+truck_peterbilt,ok,ok,benchmark,410,
S4_occ75_f001430.jpg,S4_occ75,1430,2,atv_sherp+truck_peterbilt,ok,ok,benchmark,410,
S4_occ75_f001438.jpg,S4_occ75,1438,3,atv_sherp+rc_car+truck_peterbilt,ok,ok,benchmark,410,
S4_occ75_f001447.jpg,S4_occ75,1447,3,atv_sherp+rc_car+truck_peterbilt,ok,ok,benchmark,430,
S4_occ75_f001456.jpg,S4_occ75,1456,3,atv_sherp+rc_car+truck_peterbilt,ok,ok,benchmark,430,
S4_occ75_f001465.jpg,S4_occ75,1465,3,atv_sherp+rc_car+truck_peterbilt,ok,ok,benchmark,430,
S4_occ75_f001474.jpg,S4_occ75,1474,3,atv_sherp+rc_car+truck_peterbilt,ok,ok,benchmark,430,
S4_occ75_f001483.jpg,S4_occ75,1483,3,atv_sherp+rc_car+truck_peterbilt,ok,ok,benchmark,430,
S4_occ75_f001491.jpg,S4_occ75,1491,3,atv_sherp+rc_car+truck_peterbilt,ok,ok,benchmark,430,
S4_occ75_f001499.jpg,S4_occ75,1499,3,atv_sherp+rc_car+truck_peterbilt,ok,ok,benchmark,430,
S4_occ75_f001507.jpg,S4_occ75,1507,3,atv_sherp+rc_car+truck_peterbilt,ok,ok,benchmark,430,
S4_occ75_f001516.jpg,S4_occ75,1516,3,atv_sherp+rc_car+truck_peterbilt,ok,ok,benchmark,430,
S4_occ75_f001524.jpg,S4_occ75,1524,3,atv_sherp+rc_car+truck_peterbilt,ok,ok,benchmark,430,
S4_occ75_f001532.jpg,S4_occ75,1532,3,atv_sherp+rc_car+truck_peterbilt,ok,ok,benchmark,420,
S4_occ75_f001541.jpg,S4_occ75,1541,3,atv_sherp+rc_car+truck_peterbilt,ok,ok,benchmark,420,
S4_occ75_f001549.jpg,S4_occ75,1549,3,atv_sherp+rc_car+truck_peterbilt,ok,ok,benchmark,420,
S4_occ75_f001557.jpg,S4_occ75,1557,3,atv_sherp+rc_car+truck_peterbilt,ok,ok,benchmark,420,
S4_occ75_f001565.jpg,S4_occ75,1565,3,atv_sherp+rc_car+truck_peterbilt,ok,ok,benchmark,420,
S4_occ75_f001574.jpg,S4_occ75,1574,3,atv_sherp+rc_car+truck_peterbilt,ok,ok,benchmark,420,
S4_occ75_f001583.jpg,S4_occ75,1583,3,atv_sherp+rc_car+truck_peterbilt,ok,ok,benchmark,420,
S4_occ75_f001591.jpg,S4_occ75,1591,3,atv_sherp+rc_car+truck_peterbilt,ok,ok,benchmark,420,
S4_occ75_f001600.jpg,S4_occ75,1600,3,atv_sherp+rc_car+truck_peterbilt,ok,ok,benchmark,420,
S4_occ75_f001608.jpg,S4_occ75,1608,3,atv_sherp+rc_car+truck_peterbilt,ok,ok,benchmark,420,
S4_occ75_f001616.jpg,S4_occ75,1616,3,atv_sherp+rc_car+truck_peterbilt,ok,ok,benchmark,420,
S4_occ75_f001624.jpg,S4_occ75,1624,3,atv_sherp+rc_car+truck_peterbilt,ok,ok,benchmark,430,
S4_occ75_f001632.jpg,S4_occ75,1632,3,atv_sherp+rc_car+truck_peterbilt,ok,ok,benchmark,450,
S4_occ75_f001640.jpg,S4_occ75,1640,3,atv_sherp+rc_car+truck_peterbilt,ok,ok,benchmark,460,
S4_occ75_f001648.jpg,S4_occ75,1648,3,atv_sherp+rc_car+truck_peterbilt,ok,ok,benchmark,470,
S4_occ75_f001657.jpg,S4_occ75,1657,3,atv_sherp+rc_car+truck_peterbilt,ok,ok,benchmark,460,
S4_occ75_f001665.jpg,S4_occ75,1665,3,atv_sherp+rc_car+truck_peterbilt,ok,ok,benchmark,420,
S4_occ75_f001674.jpg,S4_occ75,1674,3,atv_sherp+rc_car+truck_peterbilt,ok,ok,benchmark,390,
S4_occ75_f001683.jpg,S4_occ75,1683,3,atv_sherp+rc_car+truck_peterbilt,ok,ok,benchmark,390,
S4_occ75_f001692.jpg,S4_occ75,1692,3,atv_sherp+rc_car+truck_peterbilt,ok,ok,benchmark,400,
S4_occ75_f001700.jpg,S4_occ75,1700,3,atv_sherp+rc_car+truck_peterbilt,ok,ok,benchmark,400,
S4_occ75_f001709.jpg,S4_occ75,1709,3,atv_sherp+rc_car+truck_peterbilt,ok,ok,benchmark,410,
S4_occ75_f001717.jpg,S4_occ75,1717,3,atv_sherp+rc_car+truck_peterbilt,ok,ok,benchmark,420,
S4_occ75_f001725.jpg,S4_occ75,1725,3,atv_sherp+rc_car+truck_peterbilt,ok,ok,benchmark,420,
S4_occ75_f001733.jpg,S4_occ75,1733,3,atv_sherp+rc_car+truck_peterbilt,ok,ok,benchmark,410,
S4_occ75_f001742.jpg,S4_occ75,1742,3,atv_sherp+rc_car+truck_peterbilt,ok,ok,benchmark,410,
S4_occ75_f001751.jpg,S4_occ75,1751,3,atv_sherp+rc_car+truck_peterbilt,ok,ok,benchmark,410,
S4_occ75_f001759.jpg,S4_occ75,1759,3,atv_sherp+rc_car+truck_peterbilt,ok,ok,benchmark,420,
S4_occ75_f001767.jpg,S4_occ75,1767,3,atv_sherp+rc_car+truck_peterbilt,ok,blurry,benchmark,420,
S4_occ75_f001775.jpg,S4_occ75,1775,3,atv_sherp+rc_car+truck_peterbilt,ok,ok,benchmark,420,
S4_occ75_f001784.jpg,S4_occ75,1784,3,atv_sherp+rc_car+truck_peterbilt,ok,ok,benchmark,420,
S4_occ75_f001793.jpg,S4_occ75,1793,3,atv_sherp+rc_car+truck_peterbilt,ok,ok,benchmark,420,
S4_occ75_f001802.jpg,S4_occ75,1802,3,atv_sherp+rc_car+truck_peterbilt,ok,ok,benchmark,410,
S4_occ75_f001811.jpg,S4_occ75,1811,3,atv_sherp+rc_car+truck_peterbilt,ok,ok,benchmark,420,
S4_occ75_f001819.jpg,S4_occ75,1819,3,atv_sherp+rc_car+truck_peterbilt,ok,ok,benchmark,420,
S4_occ75_f001827.jpg,S4_occ75,1827,3,atv_sherp+rc_car+truck_peterbilt,ok,ok,benchmark,420,
S4_occ75_f001834.jpg,S4_occ75,1834,3,atv_sherp+rc_car+truck_peterbilt,ok,ok,benchmark,420,
S4_occ75_f001842.jpg,S4_occ75,1842,3,atv_sherp+rc_car+truck_peterbilt,ok,ok,benchmark,420,
S4_occ75_f001850.jpg,S4_occ75,1850,3,atv_sherp+rc_car+truck_peterbilt,ok,ok,benchmark,420,
S4_occ75_f001858.jpg,S4_occ75,1858,3,atv_sherp+rc_car+truck_peterbilt,ok,ok,benchmark,420,
S4_occ75_f001867.jpg,S4_occ75,1867,3,atv_sherp+rc_car+truck_peterbilt,ok,ok,benchmark,420,
S4_occ75_f001877.jpg,S4_occ75,1877,3,atv_sherp+rc_car+truck_peterbilt,ok,ok,benchmark,430,
S4_occ75_f001886.jpg,S4_occ75,1886,3,atv_sherp+rc_car+truck_peterbilt,ok,ok,benchmark,430,
S4_occ75_f001896.jpg,S4_occ75,1896,3,atv_sherp+rc_car+truck_peterbilt,ok,ok,benchmark,430,
S4_occ75_f001905.jpg,S4_occ75,1905,3,atv_sherp+rc_car+truck_peterbilt,ok,ok,benchmark,430,
S4_occ75_f001913.jpg,S4_occ75,1913,3,atv_sherp+rc_car+truck_peterbilt,ok,ok,benchmark,430,
S4_occ75_f001922.jpg,S4_occ75,1922,3,atv_sherp+rc_car+truck_peterbilt,ok,ok,benchmark,430,
S4_occ75_f001931.jpg,S4_occ75,1931,3,atv_sherp+rc_car+truck_peterbilt,ok,ok,benchmark,420,
S4_occ75_f001940.jpg,S4_occ75,1940,3,atv_sherp+rc_car+truck_peterbilt,ok,ok,benchmark,420,
S4_occ75_f001948.jpg,S4_occ75,1948,3,atv_sherp+rc_car+truck_peterbilt,ok,ok,benchmark,410,
S4_occ75_f001955.jpg,S4_occ75,1955,3,atv_sherp+rc_car+truck_peterbilt,ok,ok,benchmark,410,
S4_occ75_f001962.jpg,S4_occ75,1962,3,atv_sherp+rc_car+truck_peterbilt,ok,ok,benchmark,410,
S4_occ75_f001970.jpg,S4_occ75,1970,3,atv_sherp+rc_car+truck_peterbilt,ok,ok,benchmark,420,
S4_occ75_f001977.jpg,S4_occ75,1977,3,atv_sherp+rc_car+truck_peterbilt,ok,ok,benchmark,430,
S4_occ75_f001987.jpg,S4_occ75,1987,3,atv_sherp+rc_car+truck_peterbilt,ok,ok,benchmark,430,
S4_occ75_f001997.jpg,S4_occ75,1997,3,atv_sherp+rc_car+truck_peterbilt,ok,ok,benchmark,430,
S4_occ75_f002006.jpg,S4_occ75,2006,3,atv_sherp+rc_car+truck_peterbilt,ok,ok,benchmark,420,
S4_occ75_f002016.jpg,S4_occ75,2016,3,atv_sherp+rc_car+truck_peterbilt,ok,ok,benchmark,420,
S4_occ75_f002025.jpg,S4_occ75,2025,3,atv_sherp+rc_car+truck_peterbilt,ok,ok,benchmark,410,
S4_occ75_f002034.jpg,S4_occ75,2034,3,atv_sherp+rc_car+truck_peterbilt,ok,ok,benchmark,410,
S4_occ75_f002042.jpg,S4_occ75,2042,3,atv_sherp+rc_car+truck_peterbilt,ok,ok,benchmark,410,
S4_occ75_f002051.jpg,S4_occ75,2051,3,atv_sherp+rc_car+truck_peterbilt,ok,ok,benchmark,420,
S4_occ75_f002059.jpg,S4_occ75,2059,3,atv_sherp+rc_car+truck_peterbilt,ok,ok,benchmark,430,
S4_occ75_f002067.jpg,S4_occ75,2067,3,atv_sherp+rc_car+truck_peterbilt,ok,ok,benchmark,440,
S4_occ75_f002077.jpg,S4_occ75,2077,3,atv_sherp+rc_car+truck_peterbilt,ok,ok,benchmark,440,
S4_occ75_f002086.jpg,S4_occ75,2086,3,atv_sherp+rc_car+truck_peterbilt,ok,ok,benchmark,430,
S4_occ75_f002094.jpg,S4_occ75,2094,3,atv_sherp+rc_car+truck_peterbilt,ok,ok,benchmark,430,
S4_occ75_f002102.jpg,S4_occ75,2102,3,atv_sherp+rc_car+truck_peterbilt,ok,ok,benchmark,420,
S4_occ75_f002110.jpg,S4_occ75,2110,3,atv_sherp+rc_car+truck_peterbilt,ok,ok,benchmark,410,
S4_occ75_f002118.jpg,S4_occ75,2118,3,atv_sherp+rc_car+truck_peterbilt,ok,ok,benchmark,410,
S4_occ75_f002127.jpg,S4_occ75,2127,3,atv_sherp+rc_car+truck_peterbilt,ok,ok,benchmark,420,
S4_occ75_f002135.jpg,S4_occ75,2135,3,atv_sherp+rc_car+truck_peterbilt,ok,ok,benchmark,420,
S4_occ75_f002144.jpg,S4_occ75,2144,3,atv_sherp+rc_car+truck_peterbilt,ok,ok,benchmark,430,
S4_occ75_f002152.jpg,S4_occ75,2152,3,atv_sherp+rc_car+truck_peterbilt,ok,blurry,benchmark,420,
S4_occ75_f002160.jpg,S4_occ75,2160,3,atv_sherp+rc_car+truck_peterbilt,ok,ok,benchmark,420,
S4_occ75_f002169.jpg,S4_occ75,2169,3,atv_sherp+rc_car+truck_peterbilt,ok,ok,benchmark,420,
S4_occ75_f002177.jpg,S4_occ75,2177,3,atv_sherp+rc_car+truck_peterbilt,ok,ok,benchmark,420,
S4_occ75_f002186.jpg,S4_occ75,2186,3,atv_sherp+rc_car+truck_peterbilt,ok,ok,benchmark,420,
S4_occ75_f002195.jpg,S4_occ75,2195,3,atv_sherp+rc_car+truck_peterbilt,ok,ok,benchmark,420,
S4_occ75_f002203.jpg,S4_occ75,2203,3,atv_sherp+rc_car+truck_peterbilt,ok,ok,benchmark,420,
S4_occ75_f002212.jpg,S4_occ75,2212,3,atv_sherp+rc_car+truck_peterbilt,ok,ok,benchmark,440,
S4_occ75_f002220.jpg,S4_occ75,2220,3,atv_sherp+rc_car+truck_peterbilt,ok,ok,benchmark,440,
S4_occ75_f002229.jpg,S4_occ75,2229,3,atv_sherp+rc_car+truck_peterbilt,ok,ok,benchmark,440,
S4_occ75_f002237.jpg,S4_occ75,2237,3,atv_sherp+rc_car+truck_peterbilt,ok,ok,benchmark,440,
S4_occ75_f002245.jpg,S4_occ75,2245,3,atv_sherp+rc_car+truck_peterbilt,ok,ok,benchmark,430,
S4_occ75_f002253.jpg,S4_occ75,2253,3,atv_sherp+rc_car+truck_peterbilt,ok,ok,benchmark,430,
S4_occ75_f002261.jpg,S4_occ75,2261,3,atv_sherp+rc_car+truck_peterbilt,ok,ok,benchmark,420,
S4_occ75_f002269.jpg,S4_occ75,2269,3,atv_sherp+rc_car+truck_peterbilt,ok,ok,benchmark,410,
S4_occ75_f002276.jpg,S4_occ75,2276,3,atv_sherp+rc_car+truck_peterbilt,ok,blurry,benchmark,410,
S4_occ75_f002284.jpg,S4_occ75,2284,3,atv_sherp+rc_car+truck_peterbilt,ok,ok,benchmark,410,
S4_occ75_f002292.jpg,S4_occ75,2292,3,atv_sherp+rc_car+truck_peterbilt,ok,ok,benchmark,410,
S4_occ75_f002300.jpg,S4_occ75,2300,3,atv_sherp+rc_car+truck_peterbilt,ok,ok,benchmark,420,
S4_occ75_f002308.jpg,S4_occ75,2308,3,atv_sherp+rc_car+truck_peterbilt,ok,ok,benchmark,420,
S4_occ75_f002316.jpg,S4_occ75,2316,3,atv_sherp+rc_car+truck_peterbilt,ok,ok,benchmark,420,
S4_occ75_f002324.jpg,S4_occ75,2324,3,atv_sherp+rc_car+truck_peterbilt,ok,ok,benchmark,410,
S4_occ75_f002333.jpg,S4_occ75,2333,3,atv_sherp+rc_car+truck_peterbilt,ok,ok,benchmark,410,
S4_occ75_f002342.jpg,S4_occ75,2342,3,atv_sherp+rc_car+truck_peterbilt,ok,ok,benchmark,420,
S4_occ75_f002351.jpg,S4_occ75,2351,3,atv_sherp+rc_car+truck_peterbilt,ok,ok,benchmark,440,
S4_occ75_f002359.jpg,S4_occ75,2359,3,atv_sherp+rc_car+truck_peterbilt,ok,ok,benchmark,450,
S4_occ75_f002367.jpg,S4_occ75,2367,3,atv_sherp+rc_car+truck_peterbilt,ok,ok,benchmark,470,
S4_occ75_f002376.jpg,S4_occ75,2376,3,atv_sherp+rc_car+truck_peterbilt,ok,ok,benchmark,480,
S4_occ75_f002384.jpg,S4_occ75,2384,3,atv_sherp+rc_car+truck_peterbilt,ok,ok,benchmark,490,
S4_occ75_f002393.jpg,S4_occ75,2393,3,atv_sherp+rc_car+truck_peterbilt,ok,ok,benchmark,500,
S4_occ75_f002401.jpg,S4_occ75,2401,3,atv_sherp+rc_car+truck_peterbilt,ok,ok,benchmark,490,
S4_occ75_f002408.jpg,S4_occ75,2408,3,atv_sherp+rc_car+truck_peterbilt,ok,ok,benchmark,490,
S4_occ75_f002416.jpg,S4_occ75,2416,3,atv_sherp+rc_car+truck_peterbilt,ok,ok,benchmark,480,
S4_occ75_f002424.jpg,S4_occ75,2424,3,atv_sherp+rc_car+truck_peterbilt,ok,blurry,benchmark,480,
S4_occ75_f002433.jpg,S4_occ75,2433,3,atv_sherp+rc_car+truck_peterbilt,ok,blurry,benchmark,490,
S4_occ75_f002441.jpg,S4_occ75,2441,3,atv_sherp+rc_car+truck_peterbilt,ok,ok,benchmark,500,
S4_occ75_f002450.jpg,S4_occ75,2450,3,atv_sherp+rc_car+truck_peterbilt,ok,ok,benchmark,500,
S4_occ75_f002459.jpg,S4_occ75,2459,3,atv_sherp+rc_car+truck_peterbilt,ok,ok,benchmark,500,
S4_occ75_f002468.jpg,S4_occ75,2468,3,atv_sherp+rc_car+truck_peterbilt,ok,ok,benchmark,490,
S4_occ75_f002477.jpg,S4_occ75,2477,3,atv_sherp+rc_car+truck_peterbilt,ok,ok,benchmark,480,
S4_occ75_f002486.jpg,S4_occ75,2486,3,atv_sherp+rc_car+truck_peterbilt,ok,ok,benchmark,480,
S4_occ75_f002496.jpg,S4_occ75,2496,3,atv_sherp+rc_car+truck_peterbilt,ok,ok,benchmark,480,
S4_occ75_f002505.jpg,S4_occ75,2505,3,atv_sherp+rc_car+truck_peterbilt,ok,ok,benchmark,480,
S4_occ75_f002514.jpg,S4_occ75,2514,3,atv_sherp+rc_car+truck_peterbilt,ok,ok,benchmark,480,
S4_occ75_f002523.jpg,S4_occ75,2523,3,atv_sherp+rc_car+truck_peterbilt,ok,ok,benchmark,490,
S4_occ75_f002533.jpg,S4_occ75,2533,3,atv_sherp+rc_car+truck_peterbilt,ok,ok,benchmark,500,
S4_occ75_f002542.jpg,S4_occ75,2542,3,atv_sherp+rc_car+truck_peterbilt,ok,ok,benchmark,500,
S4_occ75_f002551.jpg,S4_occ75,2551,3,atv_sherp+rc_car+truck_peterbilt,ok,ok,benchmark,500,
S4_occ75_f002560.jpg,S4_occ75,2560,3,atv_sherp+rc_car+truck_peterbilt,ok,ok,benchmark,500,
S4_occ75_f002569.jpg,S4_occ75,2569,3,atv_sherp+rc_car+truck_peterbilt,ok,ok,benchmark,490,
S4_occ75_f002578.jpg,S4_occ75,2578,3,atv_sherp+rc_car+truck_peterbilt,ok,ok,benchmark,490,
S4_occ75_f002587.jpg,S4_occ75,2587,3,atv_sherp+rc_car+truck_peterbilt,ok,ok,benchmark,490,
S4_occ75_f002596.jpg,S4_occ75,2596,3,atv_sherp+rc_car+truck_peterbilt,ok,ok,benchmark,490,
S4_occ75_f002605.jpg,S4_occ75,2605,3,atv_sherp+rc_car+truck_peterbilt,ok,ok,benchmark,490,
S4_occ75_f002613.jpg,S4_occ75,2613,3,atv_sherp+rc_car+truck_peterbilt,ok,ok,benchmark,500,
S4_occ75_f002622.jpg,S4_occ75,2622,3,atv_sherp+rc_car+truck_peterbilt,ok,ok,benchmark,500,
S4_occ75_f002630.jpg,S4_occ75,2630,3,atv_sherp+rc_car+truck_peterbilt,ok,ok,benchmark,490,
S4_occ75_f002638.jpg,S4_occ75,2638,3,atv_sherp+rc_car+truck_peterbilt,ok,ok,benchmark,490,
S4_occ75_f002647.jpg,S4_occ75,2647,3,atv_sherp+rc_car+truck_peterbilt,ok,ok,benchmark,490,
S4_occ75_f002656.jpg,S4_occ75,2656,3,atv_sherp+rc_car+truck_peterbilt,ok,ok,benchmark,490,
S4_occ75_f002664.jpg,S4_occ75,2664,3,atv_sherp+rc_car+truck_peterbilt,ok,blurry,benchmark,500,
S4_occ75_f002673.jpg,S4_occ75,2673,3,atv_sherp+rc_car+truck_peterbilt,ok,ok,benchmark,500,
S4_occ75_f002682.jpg,S4_occ75,2682,3,atv_sherp+rc_car+truck_peterbilt,ok,ok,benchmark,500,
S4_occ75_f002691.jpg,S4_occ75,2691,3,atv_sherp+rc_car+truck_peterbilt,ok,ok,benchmark,500,
S4_occ75_f002700.jpg,S4_occ75,2700,3,atv_sherp+rc_car+truck_peterbilt,ok,ok,benchmark,490,
S4_occ75_f002709.jpg,S4_occ75,2709,3,atv_sherp+rc_car+truck_peterbilt,ok,ok,benchmark,490,
S4_occ75_f002718.jpg,S4_occ75,2718,3,atv_sherp+rc_car+truck_peterbilt,ok,ok,benchmark,500,
S4_occ75_f002727.jpg,S4_occ75,2727,3,atv_sherp+rc_car+truck_peterbilt,ok,ok,benchmark,510,
S4_occ75_f002736.jpg,S4_occ75,2736,3,atv_sherp+rc_car+truck_peterbilt,ok,blurry,benchmark,520,
S4_occ75_f002745.jpg,S4_occ75,2745,3,atv_sherp+rc_car+truck_peterbilt,ok,ok,benchmark,510,
S4_occ75_f002754.jpg,S4_occ75,2754,3,atv_sherp+rc_car+truck_peterbilt,ok,ok,benchmark,510,
S4_occ75_f002764.jpg,S4_occ75,2764,3,atv_sherp+rc_car+truck_peterbilt,ok,ok,benchmark,490,
S4_occ75_f002773.jpg,S4_occ75,2773,3,atv_sherp+rc_car+truck_peterbilt,ok,blurry,benchmark,490,
S4_occ75_f002781.jpg,S4_occ75,2781,3,atv_sherp+rc_car+truck_peterbilt,ok,ok,benchmark,480,
S4_occ75_f002788.jpg,S4_occ75,2788,3,atv_sherp+rc_car+truck_peterbilt,ok,ok,benchmark,480,
S4_occ75_f002795.jpg,S4_occ75,2795,3,atv_sherp+rc_car+truck_peterbilt,ok,ok,benchmark,490,
S4_occ75_f002800.jpg,S4_occ75,2800,3,atv_sherp+rc_car+truck_peterbilt,ok,ok,benchmark,490,
S4_occ75_f002806.jpg,S4_occ75,2806,3,atv_sherp+rc_car+truck_peterbilt,ok,ok,benchmark,500,
S4_occ75_f002811.jpg,S4_occ75,2811,3,atv_sherp+rc_car+truck_peterbilt,ok,ok,benchmark,510,
S4_occ75_f002816.jpg,S4_occ75,2816,3,atv_sherp+rc_car+truck_peterbilt,ok,ok,benchmark,520,
S4_occ75_f002821.jpg,S4_occ75,2821,3,atv_sherp+rc_car+truck_peterbilt,ok,ok,benchmark,530,
S4_occ75_f002826.jpg,S4_occ75,2826,3,atv_sherp+rc_car+truck_peterbilt,ok,ok,benchmark,540,
S4_occ75_f002831.jpg,S4_occ75,2831,3,atv_sherp+rc_car+truck_peterbilt,ok,ok,benchmark,550,
S4_occ75_f002837.jpg,S4_occ75,2837,3,atv_sherp+rc_car+truck_peterbilt,ok,ok,benchmark,560,
S4_occ75_f002844.jpg,S4_occ75,2844,3,atv_sherp+rc_car+truck_peterbilt,ok,ok,benchmark,560,
S4_occ75_f002850.jpg,S4_occ75,2850,3,atv_sherp+rc_car+truck_peterbilt,ok,ok,benchmark,570,
S4_occ75_f002856.jpg,S4_occ75,2856,3,atv_sherp+rc_car+truck_peterbilt,ok,ok,benchmark,580,
S4_occ75_f002864.jpg,S4_occ75,2864,3,atv_sherp+rc_car+truck_peterbilt,ok,blurry,benchmark,590,
S4_occ75_f002872.jpg,S4_occ75,2872,3,atv_sherp+rc_car+truck_peterbilt,ok,ok,benchmark,590,
S4_occ75_f002880.jpg,S4_occ75,2880,3,atv_sherp+rc_car+truck_peterbilt,ok,ok,benchmark,600,
S4_occ75_f002888.jpg,S4_occ75,2888,3,atv_sherp+rc_car+truck_peterbilt,ok,ok,benchmark,610,
S4_occ75_f002897.jpg,S4_occ75,2897,3,atv_sherp+rc_car+truck_peterbilt,ok,ok,benchmark,620,
S4_occ75_f002906.jpg,S4_occ75,2906,3,atv_sherp+rc_car+truck_peterbilt,ok,ok,benchmark,620,
S4_occ75_f002914.jpg,S4_occ75,2914,3,atv_sherp+rc_car+truck_peterbilt,ok,ok,benchmark,630,
S4_occ75_f002922.jpg,S4_occ75,2922,3,atv_sherp+rc_car+truck_peterbilt,ok,ok,benchmark,630,
S4_occ75_f002930.jpg,S4_occ75,2930,3,atv_sherp+rc_car+truck_peterbilt,ok,ok,benchmark,620,
S4_occ75_f002939.jpg,S4_occ75,2939,3,atv_sherp+rc_car+truck_peterbilt,ok,ok,benchmark,620,
S4_occ75_f002947.jpg,S4_occ75,2947,3,atv_sherp+rc_car+truck_peterbilt,ok,ok,benchmark,630,
S4_occ75_f002956.jpg,S4_occ75,2956,3,atv_sherp+rc_car+truck_peterbilt,ok,ok,benchmark,620,
S4_occ75_f002965.jpg,S4_occ75,2965,3,atv_sherp+rc_car+truck_peterbilt,ok,ok,benchmark,630,
S4_occ75_f002975.jpg,S4_occ75,2975,3,atv_sherp+rc_car+truck_peterbilt,ok,ok,benchmark,620,
S4_occ75_f002984.jpg,S4_occ75,2984,3,atv_sherp+rc_car+truck_peterbilt,ok,ok,benchmark,630,
S4_occ75_f002993.jpg,S4_occ75,2993,3,atv_sherp+rc_car+truck_peterbilt,ok,ok,benchmark,630,
S4_occ75_f003001.jpg,S4_occ75,3001,3,atv_sherp+rc_car+truck_peterbilt,ok,ok,benchmark,640,
S4_occ75_f003009.jpg,S4_occ75,3009,3,atv_sherp+rc_car+truck_peterbilt,ok,ok,benchmark,640,
S4_occ75_f003018.jpg,S4_occ75,3018,3,atv_sherp+rc_car+truck_peterbilt,bad_frame,blurry,benchmark,640,
S4_occ75_f003027.jpg,S4_occ75,3027,3,atv_sherp+rc_car+truck_peterbilt,ok,ok,benchmark,640,
S4_occ75_f003036.jpg,S4_occ75,3036,3,atv_sherp+rc_car+truck_peterbilt,ok,ok,benchmark,630,
S4_occ75_f003044.jpg,S4_occ75,3044,3,atv_sherp+rc_car+truck_peterbilt,ok,ok,benchmark,640,
S4_occ75_f003052.jpg,S4_occ75,3052,3,atv_sherp+rc_car+truck_peterbilt,ok,ok,benchmark,640,
S4_occ75_f003061.jpg,S4_occ75,3061,3,atv_sherp+rc_car+truck_peterbilt,ok,ok,benchmark,640,
S4_occ75_f003070.jpg,S4_occ75,3070,3,atv_sherp+rc_car+truck_peterbilt,bad_frame,blurry,benchmark,640,
S4_occ75_f003077.jpg,S4_occ75,3077,3,atv_sherp+rc_car+truck_peterbilt,ok,ok,benchmark,640,
S4_occ75_f003085.jpg,S4_occ75,3085,3,atv_sherp+rc_car+truck_peterbilt,ok,ok,benchmark,640,
S4_occ75_f003093.jpg,S4_occ75,3093,3,atv_sherp+rc_car+truck_peterbilt,ok,ok,benchmark,650,
S4_occ75_f003100.jpg,S4_occ75,3100,3,atv_sherp+rc_car+truck_peterbilt,ok,ok,benchmark,650,
S4_occ75_f003109.jpg,S4_occ75,3109,3,atv_sherp+rc_car+truck_peterbilt,ok,ok,benchmark,660,
S4_occ75_f003117.jpg,S4_occ75,3117,3,atv_sherp+rc_car+truck_peterbilt,ok,ok,benchmark,670,
S4_occ75_f003125.jpg,S4_occ75,3125,3,atv_sherp+rc_car+truck_peterbilt,ok,ok,benchmark,670,
S4_occ75_f003134.jpg,S4_occ75,3134,3,atv_sherp+rc_car+truck_peterbilt,ok,ok,benchmark,670,
S4_occ75_f003143.jpg,S4_occ75,3143,3,atv_sherp+rc_car+truck_peterbilt,ok,ok,benchmark,670,
S4_occ75_f003153.jpg,S4_occ75,3153,3,atv_sherp+rc_car+truck_peterbilt,ok,ok,benchmark,670,
S4_occ75_f003162.jpg,S4_occ75,3162,3,atv_sherp+rc_car+truck_peterbilt,ok,ok,benchmark,670,
S4_occ75_f003172.jpg,S4_occ75,3172,3,atv_sherp+rc_car+truck_peterbilt,ok,ok,benchmark,680,
S4_occ75_f003180.jpg,S4_occ75,3180,3,atv_sherp+rc_car+truck_peterbilt,ok,ok,benchmark,680,
S4_occ75_f003189.jpg,S4_occ75,3189,3,atv_sherp+rc_car+truck_peterbilt,ok,ok,benchmark,680,
S4_occ75_f003198.jpg,S4_occ75,3198,3,atv_sherp+rc_car+truck_peterbilt,ok,ok,benchmark,680,
S4_occ75_f003207.jpg,S4_occ75,3207,3,atv_sherp+rc_car+truck_peterbilt,ok,ok,benchmark,680,
S4_occ75_f003217.jpg,S4_occ75,3217,3,atv_sherp+rc_car+truck_peterbilt,ok,ok,benchmark,690,
S4_occ75_f003226.jpg,S4_occ75,3226,3,atv_sherp+rc_car+truck_peterbilt,ok,ok,benchmark,700,
S4_occ75_f003235.jpg,S4_occ75,3235,3,atv_sherp+rc_car+truck_peterbilt,ok,ok,benchmark,710,
S4_occ75_f003244.jpg,S4_occ75,3244,3,atv_sherp+rc_car+truck_peterbilt,ok,ok,benchmark,720,
S4_occ75_f003253.jpg,S4_occ75,3253,3,atv_sherp+rc_car+truck_peterbilt,ok,ok,benchmark,720,
S4_occ75_f003261.jpg,S4_occ75,3261,3,atv_sherp+rc_car+truck_peterbilt,ok,ok,benchmark,730,
S4_occ75_f003270.jpg,S4_occ75,3270,3,atv_sherp+rc_car+truck_peterbilt,ok,ok,benchmark,730,
S4_occ75_f003278.jpg,S4_occ75,3278,3,atv_sherp+rc_car+truck_peterbilt,ok,ok,benchmark,730,
S4_occ75_f003288.jpg,S4_occ75,3288,3,atv_sherp+rc_car+truck_peterbilt,ok,ok,benchmark,730,
S4_occ75_f003298.jpg,S4_occ75,3298,3,atv_sherp+rc_car+truck_peterbilt,ok,ok,benchmark,730,
S4_occ75_f003308.jpg,S4_occ75,3308,3,atv_sherp+rc_car+truck_peterbilt,ok,ok,benchmark,730,
S4_occ75_f003318.jpg,S4_occ75,3318,3,atv_sherp+rc_car+truck_peterbilt,ok,ok,benchmark,740,
S4_occ75_f003326.jpg,S4_occ75,3326,3,atv_sherp+rc_car+truck_peterbilt,ok,ok,benchmark,740,
S4_occ75_f003335.jpg,S4_occ75,3335,3,atv_sherp+rc_car+truck_peterbilt,ok,ok,benchmark,740,
S4_occ75_f003343.jpg,S4_occ75,3343,3,atv_sherp+rc_car+truck_peterbilt,ok,ok,benchmark,740,
S4_occ75_f003352.jpg,S4_occ75,3352,3,atv_sherp+rc_car+truck_peterbilt,ok,ok,benchmark,740,
S4_occ75_f003360.jpg,S4_occ75,3360,3,atv_sherp+rc_car+truck_peterbilt,ok,ok,benchmark,740,
S4_occ75_f003369.jpg,S4_occ75,3369,3,atv_sherp+rc_car+truck_peterbilt,ok,ok,benchmark,740,
S4_occ75_f003378.jpg,S4_occ75,3378,3,atv_sherp+rc_car+truck_peterbilt,ok,ok,benchmark,740,
S4_occ75_f003387.jpg,S4_occ75,3387,3,atv_sherp+rc_car+truck_peterbilt,ok,ok,benchmark,740,
S4_occ75_f003396.jpg,S4_occ75,3396,3,atv_sherp+rc_car+truck_peterbilt,ok,ok,benchmark,750,
S4_occ75_f003405.jpg,S4_occ75,3405,3,atv_sherp+rc_car+truck_peterbilt,ok,ok,benchmark,750,
S4_occ75_f003414.jpg,S4_occ75,3414,3,atv_sherp+rc_car+truck_peterbilt,ok,ok,benchmark,760,
S4_occ75_f003422.jpg,S4_occ75,3422,2,atv_sherp+truck_peterbilt,ok,ok,benchmark,770,
S4_occ75_f003430.jpg,S4_occ75,3430,1,truck_peterbilt,ok,ok,benchmark,770,
S4_occ75_f003439.jpg,S4_occ75,3439,1,truck_peterbilt,ok,ok,benchmark,770,
S4_occ75_f003447.jpg,S4_occ75,3447,1,truck_peterbilt,ok,ok,benchmark,770,
S4_occ75_f003456.jpg,S4_occ75,3456,1,truck_peterbilt,ok,ok,benchmark,760,
S4_occ75_f003465.jpg,S4_occ75,3465,1,truck_peterbilt,ok,ok,benchmark,760,
S4_occ75_f003474.jpg,S4_occ75,3474,2,atv_sherp+truck_peterbilt,ok,ok,benchmark,770,
S4_occ75_f003483.jpg,S4_occ75,3483,2,atv_sherp+truck_peterbilt,ok,ok,benchmark,770,
S4_occ75_f003491.jpg,S4_occ75,3491,2,atv_sherp+truck_peterbilt,ok,ok,benchmark,770,
S4_occ75_f003499.jpg,S4_occ75,3499,2,atv_sherp+truck_peterbilt,ok,ok,benchmark,770,
S4_occ75_f003507.jpg,S4_occ75,3507,2,atv_sherp+truck_peterbilt,ok,ok,benchmark,770,
S4_occ75_f003515.jpg,S4_occ75,3515,2,atv_sherp+truck_peterbilt,ok,ok,benchmark,770,
S4_occ75_f003524.jpg,S4_occ75,3524,3,atv_sherp+rc_car+truck_peterbilt,ok,ok,benchmark,770,
S4_occ75_f003532.jpg,S4_occ75,3532,2,atv_sherp+truck_peterbilt,ok,ok,benchmark,780,
S4_occ75_f003540.jpg,S4_occ75,3540,2,atv_sherp+truck_peterbilt,ok,ok,benchmark,780,
S4_occ75_f003548.jpg,S4_occ75,3548,2,atv_sherp+truck_peterbilt,ok,ok,benchmark,780,
S4_occ75_f003556.jpg,S4_occ75,3556,2,atv_sherp+truck_peterbilt,ok,ok,benchmark,780,
S4_occ75_f003564.jpg,S4_occ75,3564,2,atv_sherp+truck_peterbilt,ok,ok,benchmark,780,
S4_occ75_f003573.jpg,S4_occ75,3573,2,atv_sherp+truck_peterbilt,ok,ok,benchmark,780,
S4_occ75_f003581.jpg,S4_occ75,3581,3,atv_sherp+rc_car+truck_peterbilt,ok,ok,benchmark,770,
S4_occ75_f003590.jpg,S4_occ75,3590,3,atv_sherp+rc_car+truck_peterbilt,ok,ok,benchmark,770,
S4_occ75_f003599.jpg,S4_occ75,3599,2,atv_sherp+truck_peterbilt,ok,ok,benchmark,770,
S4_occ75_f003607.jpg,S4_occ75,3607,3,atv_sherp+rc_car+truck_peterbilt,ok,ok,benchmark,770,
S4_occ75_f003616.jpg,S4_occ75,3616,2,atv_sherp+truck_peterbilt,ok,ok,benchmark,770,
S4_occ75_f003624.jpg,S4_occ75,3624,3,atv_sherp+rc_car+truck_peterbilt,ok,ok,benchmark,760,
S4_occ75_f003633.jpg,S4_occ75,3633,3,atv_sherp+rc_car+truck_peterbilt,ok,ok,benchmark,750,
S4_occ75_f003642.jpg,S4_occ75,3642,3,atv_sherp+rc_car+truck_peterbilt,ok,ok,benchmark,750,
S4_occ75_f003652.jpg,S4_occ75,3652,3,atv_sherp+rc_car+truck_peterbilt,ok,ok,benchmark,740,
S4_occ75_f003660.jpg,S4_occ75,3660,3,atv_sherp+rc_car+truck_peterbilt,ok,ok,benchmark,740,
S4_occ75_f003669.jpg,S4_occ75,3669,3,atv_sherp+rc_car+truck_peterbilt,ok,ok,benchmark,740,
S4_occ75_f003677.jpg,S4_occ75,3677,3,atv_sherp+rc_car+truck_peterbilt,ok,ok,benchmark,740,
S4_occ75_f003686.jpg,S4_occ75,3686,3,atv_sherp+rc_car+truck_peterbilt,ok,ok,benchmark,740,
S4_occ75_f003694.jpg,S4_occ75,3694,3,atv_sherp+rc_car+truck_peterbilt,ok,ok,benchmark,740,
S4_occ75_f003702.jpg,S4_occ75,3702,3,atv_sherp+rc_car+truck_peterbilt,ok,ok,benchmark,740,
S4_occ75_f003710.jpg,S4_occ75,3710,3,atv_sherp+rc_car+truck_peterbilt,ok,ok,benchmark,730,
S4_occ75_f003718.jpg,S4_occ75,3718,2,atv_sherp+truck_peterbilt,ok,ok,benchmark,720,
S4_occ75_f003726.jpg,S4_occ75,3726,3,atv_sherp+rc_car+truck_peterbilt,ok,ok,benchmark,700,
S4_occ75_f003735.jpg,S4_occ75,3735,3,atv_sherp+rc_car+truck_peterbilt,ok,ok,benchmark,690,
S4_occ75_f003743.jpg,S4_occ75,3743,3,atv_sherp+rc_car+truck_peterbilt,ok,ok,benchmark,700,
S4_occ75_f003752.jpg,S4_occ75,3752,2,atv_sherp+truck_peterbilt,ok,ok,benchmark,710,
S4_occ75_f003760.jpg,S4_occ75,3760,3,atv_sherp+rc_car+truck_peterbilt,ok,ok,benchmark,720,
S4_occ75_f003769.jpg,S4_occ75,3769,3,atv_sherp+rc_car+truck_peterbilt,ok,ok,benchmark,730,
S4_occ75_f003778.jpg,S4_occ75,3778,3,atv_sherp+rc_car+truck_peterbilt,ok,ok,benchmark,740,
S4_occ75_f003787.jpg,S4_occ75,3787,3,atv_sherp+rc_car+truck_peterbilt,ok,ok,benchmark,740,
S4_occ75_f003796.jpg,S4_occ75,3796,3,atv_sherp+rc_car+truck_peterbilt,ok,ok,benchmark,740,
S4_occ75_f003805.jpg,S4_occ75,3805,3,atv_sherp+rc_car+truck_peterbilt,ok,ok,benchmark,740,
S4_occ75_f003813.jpg,S4_occ75,3813,3,atv_sherp+rc_car+truck_peterbilt,ok,ok,benchmark,740,
S4_occ75_f003822.jpg,S4_occ75,3822,3,atv_sherp+rc_car+truck_peterbilt,ok,ok,benchmark,750,
S4_occ75_f003830.jpg,S4_occ75,3830,3,atv_sherp+rc_car+truck_peterbilt,ok,ok,benchmark,750,
S4_occ75_f003839.jpg,S4_occ75,3839,3,atv_sherp+rc_car+truck_peterbilt,ok,ok,benchmark,750,
S4_occ75_f003848.jpg,S4_occ75,3848,3,atv_sherp+rc_car+truck_peterbilt,ok,ok,benchmark,750,
S4_occ75_f003856.jpg,S4_occ75,3856,3,atv_sherp+rc_car+truck_peterbilt,ok,ok,benchmark,750,
S4_occ75_f003864.jpg,S4_occ75,3864,3,atv_sherp+rc_car+truck_peterbilt,ok,ok,benchmark,750,
S4_occ75_f003872.jpg,S4_occ75,3872,3,atv_sherp+rc_car+truck_peterbilt,ok,ok,benchmark,750,
S4_occ75_f003879.jpg,S4_occ75,3879,3,atv_sherp+rc_car+truck_peterbilt,ok,ok,benchmark,750,
S4_occ75_f003887.jpg,S4_occ75,3887,3,atv_sherp+rc_car+truck_peterbilt,ok,ok,benchmark,740,
S4_occ75_f003896.jpg,S4_occ75,3896,3,atv_sherp+rc_car+truck_peterbilt,ok,ok,benchmark,740,
S4_occ75_f003905.jpg,S4_occ75,3905,3,atv_sherp+rc_car+truck_peterbilt,ok,ok,benchmark,740,
S4_occ75_f003914.jpg,S4_occ75,3914,3,atv_sherp+rc_car+truck_peterbilt,ok,ok,benchmark,730,
S4_occ75_f003922.jpg,S4_occ75,3922,3,atv_sherp+rc_car+truck_peterbilt,ok,ok,benchmark,720,
S4_occ75_f003930.jpg,S4_occ75,3930,3,atv_sherp+rc_car+truck_peterbilt,ok,ok,benchmark,720,
S4_occ75_f003938.jpg,S4_occ75,3938,3,atv_sherp+rc_car+truck_peterbilt,ok,ok,benchmark,720,
S4_occ75_f003947.jpg,S4_occ75,3947,2,atv_sherp+truck_peterbilt,ok,ok,benchmark,710,
S4_occ75_f003955.jpg,S4_occ75,3955,3,atv_sherp+rc_car+truck_peterbilt,ok,ok,benchmark,700,
S4_occ75_f003963.jpg,S4_occ75,3963,3,atv_sherp+rc_car+truck_peterbilt,ok,ok,benchmark,700,
S4_occ75_f003972.jpg,S4_occ75,3972,2,atv_sherp+truck_peterbilt,ok,ok,benchmark,680,
S4_occ75_f003980.jpg,S4_occ75,3980,2,atv_sherp+truck_peterbilt,ok,ok,benchmark,670,
S4_occ75_f003989.jpg,S4_occ75,3989,3,atv_sherp+rc_car+truck_peterbilt,ok,ok,benchmark,670,
S4_occ75_f003998.jpg,S4_occ75,3998,3,atv_sherp+rc_car+truck_peterbilt,ok,ok,benchmark,670,
S4_occ75_f004007.jpg,S4_occ75,4007,2,atv_sherp+truck_peterbilt,ok,ok,benchmark,660,
S4_occ75_f004015.jpg,S4_occ75,4015,3,atv_sherp+rc_car+truck_peterbilt,ok,ok,benchmark,650,
S4_occ75_f004022.jpg,S4_occ75,4022,3,atv_sherp+rc_car+truck_peterbilt,ok,ok,benchmark,640,
S4_occ75_f004030.jpg,S4_occ75,4030,3,atv_sherp+rc_car+truck_peterbilt,ok,ok,benchmark,630,
S4_occ75_f004039.jpg,S4_occ75,4039,3,atv_sherp+rc_car+truck_peterbilt,ok,ok,benchmark,620,
S4_occ75_f004048.jpg,S4_occ75,4048,2,atv_sherp+truck_peterbilt,ok,ok,benchmark,610,
S4_occ75_f004056.jpg,S4_occ75,4056,3,atv_sherp+rc_car+truck_peterbilt,ok,ok,benchmark,610,
S4_occ75_f004064.jpg,S4_occ75,4064,3,atv_sherp+rc_car+truck_peterbilt,ok,ok,benchmark,600,
S4_occ75_f004073.jpg,S4_occ75,4073,2,atv_sherp+truck_peterbilt,ok,ok,benchmark,610,
S4_occ75_f004081.jpg,S4_occ75,4081,2,atv_sherp+truck_peterbilt,ok,ok,benchmark,630,
S4_occ75_f004090.jpg,S4_occ75,4090,2,atv_sherp+truck_peterbilt,ok,ok,benchmark,630,
S4_occ75_f004099.jpg,S4_occ75,4099,3,atv_sherp+rc_car+truck_peterbilt,ok,ok,benchmark,620,
S4_occ75_f004108.jpg,S4_occ75,4108,2,atv_sherp+truck_peterbilt,ok,ok,benchmark,600,
S4_occ75_f004117.jpg,S4_occ75,4117,3,atv_sherp+rc_car+truck_peterbilt,ok,ok,benchmark,590,
S4_occ75_f004125.jpg,S4_occ75,4125,3,atv_sherp+rc_car+truck_peterbilt,ok,ok,benchmark,580,
S4_occ75_f004134.jpg,S4_occ75,4134,3,atv_sherp+rc_car+truck_peterbilt,ok,ok,benchmark,590,
S4_occ75_f004143.jpg,S4_occ75,4143,2,atv_sherp+truck_peterbilt,ok,ok,benchmark,590,
S4_occ75_f004152.jpg,S4_occ75,4152,2,atv_sherp+truck_peterbilt,ok,ok,benchmark,590,
S4_occ75_f004161.jpg,S4_occ75,4161,3,atv_sherp+rc_car+truck_peterbilt,ok,ok,benchmark,590,
S4_occ75_f004170.jpg,S4_occ75,4170,3,atv_sherp+rc_car+truck_peterbilt,ok,ok,benchmark,620,
S4_occ75_f004179.jpg,S4_occ75,4179,3,atv_sherp+rc_car+truck_peterbilt,ok,ok,benchmark,630,
S4_occ75_f004187.jpg,S4_occ75,4187,3,atv_sherp+rc_car+truck_peterbilt,ok,ok,benchmark,640,
S4_occ75_f004196.jpg,S4_occ75,4196,3,atv_sherp+rc_car+truck_peterbilt,ok,ok,benchmark,650,
S4_occ75_f004204.jpg,S4_occ75,4204,3,atv_sherp+rc_car+truck_peterbilt,ok,ok,benchmark,650,
S4_occ75_f004213.jpg,S4_occ75,4213,3,atv_sherp+rc_car+truck_peterbilt,ok,ok,benchmark,650,
S4_occ75_f004221.jpg,S4_occ75,4221,3,atv_sherp+rc_car+truck_peterbilt,ok,ok,benchmark,660,
S4_occ75_f004229.jpg,S4_occ75,4229,3,atv_sherp+rc_car+truck_peterbilt,ok,ok,benchmark,660,
S4_occ75_f004236.jpg,S4_occ75,4236,3,atv_sherp+rc_car+truck_peterbilt,ok,ok,benchmark,660,
S4_occ75_f004243.jpg,S4_occ75,4243,3,atv_sherp+rc_car+truck_peterbilt,ok,ok,benchmark,650,
S4_occ75_f004250.jpg,S4_occ75,4250,2,atv_sherp+truck_peterbilt,ok,ok,benchmark,650,
S4_occ75_f004257.jpg,S4_occ75,4257,3,atv_sherp+rc_car+truck_peterbilt,ok,ok,benchmark,640,
S4_occ75_f004263.jpg,S4_occ75,4263,3,atv_sherp+rc_car+truck_peterbilt,ok,ok,benchmark,640,
S4_occ75_f004268.jpg,S4_occ75,4268,3,atv_sherp+rc_car+truck_peterbilt,ok,ok,benchmark,640,
S4_occ75_f004272.jpg,S4_occ75,4272,3,atv_sherp+rc_car+truck_peterbilt,ok,ok,benchmark,630,
S4_occ75_f004275.jpg,S4_occ75,4275,2,atv_sherp+truck_peterbilt,ok,ok,benchmark,620,
S4_occ75_f004278.jpg,S4_occ75,4278,3,atv_sherp+rc_car+truck_peterbilt,ok,ok,benchmark,610,
S4_occ75_f004281.jpg,S4_occ75,4281,3,atv_sherp+rc_car+truck_peterbilt,ok,ok,benchmark,610,
S4_occ75_f004284.jpg,S4_occ75,4284,3,atv_sherp+rc_car+truck_peterbilt,ok,ok,benchmark,620,
S4_occ75_f004287.jpg,S4_occ75,4287,3,atv_sherp+rc_car+truck_peterbilt,ok,ok,benchmark,620,
S4_occ75_f004290.jpg,S4_occ75,4290,3,atv_sherp+rc_car+truck_peterbilt,ok,ok,benchmark,640,
S4_occ75_f004293.jpg,S4_occ75,4293,3,atv_sherp+rc_car+truck_peterbilt,ok,ok,benchmark,650,
S4_occ75_f004296.jpg,S4_occ75,4296,3,atv_sherp+rc_car+truck_peterbilt,ok,ok,benchmark,660,
S4_occ75_f004300.jpg,S4_occ75,4300,3,atv_sherp+rc_car+truck_peterbilt,ok,ok,benchmark,650,
S4_occ75_f004305.jpg,S4_occ75,4305,3,atv_sherp+rc_car+truck_peterbilt,ok,ok,benchmark,640,
S4_occ75_f004312.jpg,S4_occ75,4312,3,atv_sherp+rc_car+truck_peterbilt,ok,ok,benchmark,630,
S4_occ75_f004320.jpg,S4_occ75,4320,3,atv_sherp+rc_car+truck_peterbilt,ok,ok,benchmark,630,
S4_occ75_f004328.jpg,S4_occ75,4328,3,atv_sherp+rc_car+truck_peterbilt,ok,ok,benchmark,630,
S4_occ75_f004336.jpg,S4_occ75,4336,3,atv_sherp+rc_car+truck_peterbilt,ok,ok,benchmark,630,
S4_occ75_f004343.jpg,S4_occ75,4343,3,atv_sherp+rc_car+truck_peterbilt,ok,ok,benchmark,640,
S4_occ75_f004350.jpg,S4_occ75,4350,3,atv_sherp+rc_car+truck_peterbilt,ok,ok,benchmark,630,
S4_occ75_f004357.jpg,S4_occ75,4357,3,atv_sherp+rc_car+truck_peterbilt,ok,ok,benchmark,610,
S4_occ75_f004364.jpg,S4_occ75,4364,3,atv_sherp+rc_car+truck_peterbilt,ok,ok,benchmark,600,
S4_occ75_f004372.jpg,S4_occ75,4372,3,atv_sherp+rc_car+truck_peterbilt,ok,ok,benchmark,590,
S4_occ75_f004381.jpg,S4_occ75,4381,3,atv_sherp+rc_car+truck_peterbilt,ok,ok,benchmark,580,
S4_occ75_f004394.jpg,S4_occ75,4394,3,atv_sherp+rc_car+truck_peterbilt,ok,ok,benchmark,570,
S4_occ75_f004408.jpg,S4_occ75,4408,3,atv_sherp+rc_car+truck_peterbilt,ok,ok,benchmark,570,
S4_occ75_f004423.jpg,S4_occ75,4423,3,atv_sherp+rc_car+truck_peterbilt,ok,ok,benchmark,580,
S4_occ75_f004435.jpg,S4_occ75,4435,3,atv_sherp+rc_car+truck_peterbilt,ok,ok,benchmark,580,
S4_occ75_f004445.jpg,S4_occ75,4445,3,atv_sherp+rc_car+truck_peterbilt,ok,ok,benchmark,590,
S4_occ75_f004454.jpg,S4_occ75,4454,3,atv_sherp+rc_car+truck_peterbilt,ok,ok,benchmark,600,
S4_occ75_f004462.jpg,S4_occ75,4462,3,atv_sherp+rc_car+truck_peterbilt,ok,ok,benchmark,620,
S4_occ75_f004471.jpg,S4_occ75,4471,3,atv_sherp+rc_car+truck_peterbilt,ok,ok,benchmark,630,
S4_occ75_f004479.jpg,S4_occ75,4479,3,atv_sherp+rc_car+truck_peterbilt,ok,ok,benchmark,630,
S4_occ75_f004488.jpg,S4_occ75,4488,3,atv_sherp+rc_car+truck_peterbilt,ok,ok,benchmark,650,
S4_occ75_f004497.jpg,S4_occ75,4497,3,atv_sherp+rc_car+truck_peterbilt,ok,ok,benchmark,660,
S4_occ75_f004506.jpg,S4_occ75,4506,3,atv_sherp+rc_car+truck_peterbilt,ok,ok,benchmark,670,
S4_occ75_f004515.jpg,S4_occ75,4515,3,atv_sherp+rc_car+truck_peterbilt,ok,ok,benchmark,680,
S4_occ75_f004524.jpg,S4_occ75,4524,3,atv_sherp+rc_car+truck_peterbilt,ok,ok,benchmark,690,
S4_occ75_f004533.jpg,S4_occ75,4533,3,atv_sherp+rc_car+truck_peterbilt,ok,ok,benchmark,700,
S4_occ75_f004542.jpg,S4_occ75,4542,3,atv_sherp+rc_car+truck_peterbilt,ok,ok,benchmark,710,
S4_occ75_f004550.jpg,S4_occ75,4550,3,atv_sherp+rc_car+truck_peterbilt,ok,ok,benchmark,710,
S4_occ75_f004559.jpg,S4_occ75,4559,3,atv_sherp+rc_car+truck_peterbilt,ok,ok,benchmark,730,
S4_occ75_f004567.jpg,S4_occ75,4567,3,atv_sherp+rc_car+truck_peterbilt,ok,ok,benchmark,730,
S4_occ75_f004576.jpg,S4_occ75,4576,3,atv_sherp+rc_car+truck_peterbilt,ok,ok,benchmark,740,
S4_occ75_f004586.jpg,S4_occ75,4586,3,atv_sherp+rc_car+truck_peterbilt,ok,ok,benchmark,750,
S4_occ75_f004595.jpg,S4_occ75,4595,3,atv_sherp+rc_car+truck_peterbilt,ok,ok,benchmark,750,
S4_occ75_f004604.jpg,S4_occ75,4604,3,atv_sherp+rc_car+truck_peterbilt,ok,ok,benchmark,760,
S4_occ75_f004612.jpg,S4_occ75,4612,3,atv_sherp+rc_car+truck_peterbilt,ok,ok,benchmark,760,
S4_occ75_f004621.jpg,S4_occ75,4621,3,atv_sherp+rc_car+truck_peterbilt,ok,ok,benchmark,760,
S4_occ75_f004629.jpg,S4_occ75,4629,3,atv_sherp+rc_car+truck_peterbilt,ok,ok,benchmark,760,
S4_occ75_f004638.jpg,S4_occ75,4638,3,atv_sherp+rc_car+truck_peterbilt,ok,blurry,benchmark,760,
S4_occ75_f004646.jpg,S4_occ75,4646,3,atv_sherp+rc_car+truck_peterbilt,ok,ok,benchmark,760,
S4_occ75_f004654.jpg,S4_occ75,4654,3,atv_sherp+rc_car+truck_peterbilt,ok,ok,benchmark,770,
S4_occ75_f004662.jpg,S4_occ75,4662,3,atv_sherp+rc_car+truck_peterbilt,ok,blurry,benchmark,770,
S4_occ75_f004670.jpg,S4_occ75,4670,3,atv_sherp+rc_car+truck_peterbilt,ok,ok,benchmark,770,
S4_occ75_f004678.jpg,S4_occ75,4678,3,atv_sherp+rc_car+truck_peterbilt,ok,ok,benchmark,770,
S4_occ75_f004686.jpg,S4_occ75,4686,3,atv_sherp+rc_car+truck_peterbilt,ok,ok,benchmark,770,
S4_occ75_f004695.jpg,S4_occ75,4695,3,atv_sherp+rc_car+truck_peterbilt,ok,ok,benchmark,770,
S4_occ75_f004704.jpg,S4_occ75,4704,1,atv_sherp,ok,ok,benchmark,780,
S4_occ75_f004712.jpg,S4_occ75,4712,1,atv_sherp,ok,ok,benchmark,780,
S4_occ75_f004722.jpg,S4_occ75,4722,0,none,confirmed_empty,ok,benchmark,780,
S4_occ75_f004731.jpg,S4_occ75,4731,0,none,confirmed_empty,ok,benchmark,780,
S4_occ75_f004740.jpg,S4_occ75,4740,0,none,confirmed_empty,ok,benchmark,780,
S4_occ75_f004749.jpg,S4_occ75,4749,0,none,confirmed_empty,ok,benchmark,780,
S4_occ75_f004757.jpg,S4_occ75,4757,1,atv_sherp,ok,ok,benchmark,780,
S4_occ75_f004764.jpg,S4_occ75,4764,1,atv_sherp,ok,ok,benchmark,780,
S4_occ75_f004772.jpg,S4_occ75,4772,1,atv_sherp,ok,ok,benchmark,790,
S4_occ75_f004779.jpg,S4_occ75,4779,1,atv_sherp,ok,ok,benchmark,790,
S4_occ75_f004788.jpg,S4_occ75,4788,1,atv_sherp,ok,ok,benchmark,790,
S4_occ75_f004796.jpg,S4_occ75,4796,1,atv_sherp,ok,ok,benchmark,790,
S4_occ75_f004805.jpg,S4_occ75,4805,1,atv_sherp,ok,ok,benchmark,790,
S4_occ75_f004813.jpg,S4_occ75,4813,1,atv_sherp,ok,ok,benchmark,790,
S4_occ75_f004822.jpg,S4_occ75,4822,2,atv_sherp+rc_car,ok,ok,benchmark,790,
S4_occ75_f004829.jpg,S4_occ75,4829,1,atv_sherp,ok,ok,benchmark,790,
S4_occ75_f004837.jpg,S4_occ75,4837,1,atv_sherp,ok,ok,benchmark,790,
S4_occ75_f004845.jpg,S4_occ75,4845,1,atv_sherp,ok,ok,benchmark,790,
S4_occ75_f004853.jpg,S4_occ75,4853,3,atv_sherp+rc_car+truck_peterbilt,ok,ok,benchmark,790,
S4_occ75_f004861.jpg,S4_occ75,4861,3,atv_sherp+rc_car+truck_peterbilt,ok,ok,benchmark,790,
S4_occ75_f004869.jpg,S4_occ75,4869,3,atv_sherp+rc_car+truck_peterbilt,ok,ok,benchmark,790,
S4_occ75_f004877.jpg,S4_occ75,4877,3,atv_sherp+rc_car+truck_peterbilt,ok,ok,benchmark,790,
S4_occ75_f004886.jpg,S4_occ75,4886,3,atv_sherp+rc_car+truck_peterbilt,ok,ok,benchmark,790,
S4_occ75_f004895.jpg,S4_occ75,4895,3,atv_sherp+rc_car+truck_peterbilt,ok,ok,benchmark,780,
S4_occ75_f004904.jpg,S4_occ75,4904,3,atv_sherp+rc_car+truck_peterbilt,ok,ok,benchmark,780,
S4_occ75_f004913.jpg,S4_occ75,4913,3,atv_sherp+rc_car+truck_peterbilt,ok,ok,benchmark,780,
S4_occ75_f004921.jpg,S4_occ75,4921,3,atv_sherp+rc_car+truck_peterbilt,ok,ok,benchmark,770,
S4_occ75_f004929.jpg,S4_occ75,4929,3,atv_sherp+rc_car+truck_peterbilt,ok,ok,benchmark,770,
S4_occ75_f004937.jpg,S4_occ75,4937,2,rc_car+truck_peterbilt,ok,blurry,benchmark,760,
S4_occ75_f004945.jpg,S4_occ75,4945,3,atv_sherp+rc_car+truck_peterbilt,ok,ok,benchmark,740,
S4_occ75_f004954.jpg,S4_occ75,4954,3,atv_sherp+rc_car+truck_peterbilt,ok,ok,benchmark,730,
S4_occ75_f004962.jpg,S4_occ75,4962,3,atv_sherp+rc_car+truck_peterbilt,ok,ok,benchmark,720,
S4_occ75_f004970.jpg,S4_occ75,4970,3,atv_sherp+rc_car+truck_peterbilt,ok,ok,benchmark,700,
S4_occ75_f004977.jpg,S4_occ75,4977,3,atv_sherp+rc_car+truck_peterbilt,ok,ok,benchmark,690,
S4_occ75_f004985.jpg,S4_occ75,4985,3,atv_sherp+rc_car+truck_peterbilt,ok,blurry,benchmark,670,
S4_occ75_f004993.jpg,S4_occ75,4993,3,atv_sherp+rc_car+truck_peterbilt,ok,blurry,benchmark,640,
S4_occ75_f005001.jpg,S4_occ75,5001,3,atv_sherp+rc_car+truck_peterbilt,ok,ok,benchmark,620,
S4_occ75_f005010.jpg,S4_occ75,5010,3,atv_sherp+rc_car+truck_peterbilt,ok,ok,benchmark,550,
S4_occ75_f005019.jpg,S4_occ75,5019,3,atv_sherp+rc_car+truck_peterbilt,ok,ok,benchmark,510,
S4_occ75_f005027.jpg,S4_occ75,5027,3,atv_sherp+rc_car+truck_peterbilt,ok,ok,benchmark,470,
S4_occ75_f005037.jpg,S4_occ75,5037,0,none,bad_frame,blurry,benchmark,380,
S4_occ75_f005046.jpg,S4_occ75,5046,0,none,confirmed_empty,ok,benchmark,340,
S4_occ75_f005054.jpg,S4_occ75,5054,0,none,confirmed_empty,ok,benchmark,280,
S4_occ75_f005063.jpg,S4_occ75,5063,0,none,confirmed_empty,ok,benchmark,260,
S4_occ75_f005071.jpg,S4_occ75,5071,0,none,confirmed_empty,ok,benchmark,240,
S4_occ75_f005080.jpg,S4_occ75,5080,0,none,confirmed_empty,ok,benchmark,240,
S4_occ75_f005089.jpg,S4_occ75,5089,0,none,confirmed_empty,ok,benchmark,240,
S4_occ75_f005099.jpg,S4_occ75,5099,0,none,confirmed_empty,ok,benchmark,240,
S4_occ75_f005108.jpg,S4_occ75,5108,0,none,confirmed_empty,ok,benchmark,240,
S4_occ75_f005117.jpg,S4_occ75,5117,0,none,confirmed_empty,ok,benchmark,240,
S4_occ75_f005126.jpg,S4_occ75,5126,0,none,confirmed_empty,ok,benchmark,240,
S4_occ75_f005135.jpg,S4_occ75,5135,0,none,ok,ok,benchmark,240,
S4_occ75_f005144.jpg,S4_occ75,5144,0,none,confirmed_empty,ok,benchmark,240,
S4_occ75_f005153.jpg,S4_occ75,5153,0,none,confirmed_empty,ok,benchmark,240,
S4_occ75_f005162.jpg,S4_occ75,5162,0,none,confirmed_empty,ok,benchmark,240,
S4_occ75_f005170.jpg,S4_occ75,5170,0,none,confirmed_empty,ok,benchmark,230,
S4_occ75_f005178.jpg,S4_occ75,5178,0,none,confirmed_empty,ok,benchmark,230,
S4_sizesweep_c_f000000.jpg,S4_sizesweep_c,0,3,atv_sherp+rc_car+truck_peterbilt,ok,ok,ground,0,
S4_sizesweep_c_f000009.jpg,S4_sizesweep_c,9,3,atv_sherp+rc_car+truck_peterbilt,ok,ok,ground,0,
S4_sizesweep_c_f000018.jpg,S4_sizesweep_c,18,3,atv_sherp+rc_car+truck_peterbilt,ok,ok,ground,0,
S4_sizesweep_c_f000025.jpg,S4_sizesweep_c,25,3,atv_sherp+rc_car+truck_peterbilt,ok,ok,ground,0,
S4_sizesweep_c_f000032.jpg,S4_sizesweep_c,32,3,atv_sherp+rc_car+truck_peterbilt,ok,ok,ground,0,
S4_sizesweep_c_f000038.jpg,S4_sizesweep_c,38,3,atv_sherp+rc_car+truck_peterbilt,ok,ok,ground,0,
S4_sizesweep_c_f000044.jpg,S4_sizesweep_c,44,3,atv_sherp+rc_car+truck_peterbilt,ok,ok,ground,0,
S4_sizesweep_c_f000050.jpg,S4_sizesweep_c,50,3,atv_sherp+rc_car+truck_peterbilt,ok,ok,ground,0,
S4_sizesweep_c_f000057.jpg,S4_sizesweep_c,57,3,atv_sherp+rc_car+truck_peterbilt,ok,ok,ground,0,
S4_sizesweep_c_f000063.jpg,S4_sizesweep_c,63,3,atv_sherp+rc_car+truck_peterbilt,ok,ok,ground,0,
S4_sizesweep_c_f000071.jpg,S4_sizesweep_c,71,3,atv_sherp+rc_car+truck_peterbilt,ok,ok,ground,0,
S4_sizesweep_c_f000079.jpg,S4_sizesweep_c,79,3,atv_sherp+rc_car+truck_peterbilt,ok,ok,ground,0,
S4_sizesweep_c_f000087.jpg,S4_sizesweep_c,87,3,atv_sherp+rc_car+truck_peterbilt,ok,ok,ground,0,
S4_sizesweep_c_f000094.jpg,S4_sizesweep_c,94,3,atv_sherp+rc_car+truck_peterbilt,ok,ok,ground,0,
S4_sizesweep_c_f000100.jpg,S4_sizesweep_c,100,3,atv_sherp+rc_car+truck_peterbilt,ok,ok,ground,0,
S4_sizesweep_c_f000105.jpg,S4_sizesweep_c,105,3,atv_sherp+rc_car+truck_peterbilt,ok,ok,ground,0,
S4_sizesweep_c_f000107.jpg,S4_sizesweep_c,107,3,atv_sherp+rc_car+truck_peterbilt,ok,ok,ground,0,
S4_sizesweep_c_f000115.jpg,S4_sizesweep_c,115,3,atv_sherp+rc_car+truck_peterbilt,ok,ok,ground,0,
S4_sizesweep_c_f000123.jpg,S4_sizesweep_c,123,3,atv_sherp+rc_car+truck_peterbilt,ok,ok,ground,0,
S4_sizesweep_c_f000129.jpg,S4_sizesweep_c,129,3,atv_sherp+rc_car+truck_peterbilt,ok,ok,ground,0,
S4_sizesweep_c_f000136.jpg,S4_sizesweep_c,136,3,atv_sherp+rc_car+truck_peterbilt,ok,ok,ground,0,
S4_sizesweep_c_f000142.jpg,S4_sizesweep_c,142,3,atv_sherp+rc_car+truck_peterbilt,ok,ok,ground,0,
S4_sizesweep_c_f000148.jpg,S4_sizesweep_c,148,3,atv_sherp+rc_car+truck_peterbilt,ok,ok,ground,0,
S4_sizesweep_c_f000154.jpg,S4_sizesweep_c,154,3,atv_sherp+rc_car+truck_peterbilt,ok,ok,ground,0,
S4_sizesweep_c_f000160.jpg,S4_sizesweep_c,160,3,atv_sherp+rc_car+truck_peterbilt,ok,ok,ground,0,
S4_sizesweep_c_f000162.jpg,S4_sizesweep_c,162,3,atv_sherp+rc_car+truck_peterbilt,ok,ok,ground,0,
S4_sizesweep_c_f000170.jpg,S4_sizesweep_c,170,3,atv_sherp+rc_car+truck_peterbilt,ok,ok,ground,0,
S4_sizesweep_c_f000177.jpg,S4_sizesweep_c,177,3,atv_sherp+rc_car+truck_peterbilt,ok,ok,ground,0,
S4_sizesweep_c_f000184.jpg,S4_sizesweep_c,184,3,atv_sherp+rc_car+truck_peterbilt,ok,ok,ground,0,
S4_sizesweep_c_f000191.jpg,S4_sizesweep_c,191,3,atv_sherp+rc_car+truck_peterbilt,ok,ok,ground,0,
S4_sizesweep_c_f000199.jpg,S4_sizesweep_c,199,3,atv_sherp+rc_car+truck_peterbilt,ok,ok,ground,0,
S4_sizesweep_c_f000207.jpg,S4_sizesweep_c,207,3,atv_sherp+rc_car+truck_peterbilt,ok,ok,ground,0,
S4_sizesweep_c_f000215.jpg,S4_sizesweep_c,215,3,atv_sherp+rc_car+truck_peterbilt,ok,ok,ground,0,
S4_sizesweep_c_f000223.jpg,S4_sizesweep_c,223,3,atv_sherp+rc_car+truck_peterbilt,ok,ok,ground,0,
S4_sizesweep_c_f000231.jpg,S4_sizesweep_c,231,3,atv_sherp+rc_car+truck_peterbilt,ok,ok,ground,0,
S4_sizesweep_c_f000232.jpg,S4_sizesweep_c,232,3,atv_sherp+rc_car+truck_peterbilt,ok,ok,ground,0,
S4_sizesweep_c_f000240.jpg,S4_sizesweep_c,240,3,atv_sherp+rc_car+truck_peterbilt,ok,ok,ground,0,
S4_sizesweep_c_f000241.jpg,S4_sizesweep_c,241,3,atv_sherp+rc_car+truck_peterbilt,ok,ok,ground,50,
S4_sizesweep_c_f000250.jpg,S4_sizesweep_c,250,3,atv_sherp+rc_car+truck_peterbilt,ok,ok,ground,50,
S4_sizesweep_c_f000260.jpg,S4_sizesweep_c,260,3,atv_sherp+rc_car+truck_peterbilt,ok,ok,ground,50,
S4_sizesweep_d_f000000.jpg,S4_sizesweep_d,0,3,atv_sherp+rc_car+truck_peterbilt,ok,ok,ground,0,
S4_sizesweep_d_f000005.jpg,S4_sizesweep_d,5,3,atv_sherp+rc_car+truck_peterbilt,ok,ok,ground,0,
S4_sizesweep_d_f000007.jpg,S4_sizesweep_d,7,3,atv_sherp+rc_car+truck_peterbilt,ok,ok,ground,0,
S4_sizesweep_d_f000013.jpg,S4_sizesweep_d,13,3,atv_sherp+rc_car+truck_peterbilt,ok,ok,ground,0,
S4_sizesweep_d_f000018.jpg,S4_sizesweep_d,18,3,atv_sherp+rc_car+truck_peterbilt,ok,ok,ground,0,
S4_sizesweep_d_f000024.jpg,S4_sizesweep_d,24,3,atv_sherp+rc_car+truck_peterbilt,ok,ok,ground,0,
S4_sizesweep_d_f000030.jpg,S4_sizesweep_d,30,3,atv_sherp+rc_car+truck_peterbilt,ok,ok,ground,0,
S4_sizesweep_d_f000036.jpg,S4_sizesweep_d,36,3,atv_sherp+rc_car+truck_peterbilt,ok,ok,ground,0,
S4_sizesweep_d_f000041.jpg,S4_sizesweep_d,41,3,atv_sherp+rc_car+truck_peterbilt,ok,ok,ground,0,
S4_sizesweep_d_f000047.jpg,S4_sizesweep_d,47,3,atv_sherp+rc_car+truck_peterbilt,ok,ok,ground,0,
S4_sizesweep_d_f000052.jpg,S4_sizesweep_d,52,3,atv_sherp+rc_car+truck_peterbilt,ok,ok,ground,0,
S4_sizesweep_d_f000057.jpg,S4_sizesweep_d,57,3,atv_sherp+rc_car+truck_peterbilt,ok,ok,ground,0,
S4_sizesweep_d_f000062.jpg,S4_sizesweep_d,62,3,atv_sherp+rc_car+truck_peterbilt,ok,ok,ground,0,
S4_sizesweep_d_f000067.jpg,S4_sizesweep_d,67,3,atv_sherp+rc_car+truck_peterbilt,ok,ok,ground,0,
S4_sizesweep_d_f000072.jpg,S4_sizesweep_d,72,3,atv_sherp+rc_car+truck_peterbilt,ok,ok,ground,0,
S4_sizesweep_d_f000075.jpg,S4_sizesweep_d,75,3,atv_sherp+rc_car+truck_peterbilt,ok,ok,ground,0,
S4_sizesweep_d_f000076.jpg,S4_sizesweep_d,76,1,truck_peterbilt,ok,ok,ground,50,
S4_sizesweep_d_f000084.jpg,S4_sizesweep_d,84,1,truck_peterbilt,ok,ok,ground,50,
S4_sizesweep_d_f000093.jpg,S4_sizesweep_d,93,1,truck_peterbilt,ok,ok,ground,50,
S4_sizesweep_d_f000101.jpg,S4_sizesweep_d,101,1,truck_peterbilt,ok,ok,ground,50,
S4_sizesweep_d_f000110.jpg,S4_sizesweep_d,110,1,truck_peterbilt,ok,ok,ground,50,
S4_hoverpairs_c_f000000.jpg,S4_hoverpairs_c,0,3,atv_sherp+rc_car+truck_peterbilt,ok,ok,aborted,0,
S4_hoverpairs_c_f000007.jpg,S4_hoverpairs_c,7,3,atv_sherp+rc_car+truck_peterbilt,ok,ok,aborted,0,
S4_hoverpairs_c_f000014.jpg,S4_hoverpairs_c,14,3,atv_sherp+rc_car+truck_peterbilt,ok,ok,aborted,0,
S4_hoverpairs_c_f000020.jpg,S4_hoverpairs_c,20,3,atv_sherp+rc_car+truck_peterbilt,ok,ok,aborted,0,
S4_hoverpairs_c_f000027.jpg,S4_hoverpairs_c,27,3,atv_sherp+rc_car+truck_peterbilt,ok,ok,aborted,0,
S4_hoverpairs_c_f000033.jpg,S4_hoverpairs_c,33,3,atv_sherp+rc_car+truck_peterbilt,ok,ok,aborted,0,
S4_hoverpairs_c_f000040.jpg,S4_hoverpairs_c,40,3,atv_sherp+rc_car+truck_peterbilt,ok,ok,aborted,0,
S4_hoverpairs_c_f000047.jpg,S4_hoverpairs_c,47,3,atv_sherp+rc_car+truck_peterbilt,ok,ok,aborted,0,
S4_hoverpairs_c_f000048.jpg,S4_hoverpairs_c,48,3,atv_sherp+rc_car+truck_peterbilt,ok,ok,aborted,0,
S4_hoverpairs_c_f000056.jpg,S4_hoverpairs_c,56,1,atv_sherp,ok,ok,aborted,0,
S4_hoverpairs_c_f000060.jpg,S4_hoverpairs_c,60,1,atv_sherp,ok,ok,aborted,0,
S4_hoverpairs_c_f000069.jpg,S4_hoverpairs_c,69,1,atv_sherp,ok,ok,aborted,0,
S4_hoverpairs_c_f000077.jpg,S4_hoverpairs_c,77,1,atv_sherp,ok,ok,aborted,0,
S4_hoverpairs_c_f000086.jpg,S4_hoverpairs_c,86,1,atv_sherp,ok,ok,aborted,0,
S4_hoverpairs_c_f000094.jpg,S4_hoverpairs_c,94,1,atv_sherp,ok,ok,aborted,0,
S4_hoverpairs_c_f000103.jpg,S4_hoverpairs_c,103,1,atv_sherp,ok,ok,aborted,0,
S4_hoverpairs_c_f000112.jpg,S4_hoverpairs_c,112,1,atv_sherp,ok,ok,aborted,0,
S4_hoverpairs_c_f000120.jpg,S4_hoverpairs_c,120,1,atv_sherp,ok,ok,aborted,0,
S4_hoverpairs_c_f000129.jpg,S4_hoverpairs_c,129,1,atv_sherp,ok,ok,aborted,0,
S4_hoverpairs_c_f000138.jpg,S4_hoverpairs_c,138,1,atv_sherp,ok,ok,aborted,0,
S4_hoverpairs_c_f000146.jpg,S4_hoverpairs_c,146,1,atv_sherp,ok,ok,aborted,0,
S4_hoverpairs_c_f000155.jpg,S4_hoverpairs_c,155,1,atv_sherp,ok,ok,aborted,0,
S4_hoverpairs_c_f000164.jpg,S4_hoverpairs_c,164,1,atv_sherp,ok,ok,aborted,0,
S4_occ75_b_f000000.jpg,S4_occ75_b,0,0,none,ok,ok,aborted,0,
S4_occ75_b_f000010.jpg,S4_occ75_b,10,0,none,ok,ok,aborted,0,
S4_occ75_b_f000019.jpg,S4_occ75_b,19,0,none,ok,ok,aborted,0,
S4_occ75_b_f000027.jpg,S4_occ75_b,27,0,none,ok,ok,aborted,0,
S4_occ75_b_f000035.jpg,S4_occ75_b,35,0,none,ok,ok,aborted,0,
S4_occ75_b_f000042.jpg,S4_occ75_b,42,0,none,ok,ok,aborted,0,
S4_occ75_b_f000049.jpg,S4_occ75_b,49,0,none,ok,ok,aborted,0,
S4_occ75_b_f000055.jpg,S4_occ75_b,55,0,none,ok,ok,aborted,0,
S4_occ75_b_f000061.jpg,S4_occ75_b,61,0,none,ok,ok,aborted,0,
S4_occ75_b_f000067.jpg,S4_occ75_b,67,0,none,ok,ok,aborted,0,
S4_occ75_b_f000073.jpg,S4_occ75_b,73,0,none,ok,ok,aborted,0,
S4_occ75_b_f000080.jpg,S4_occ75_b,80,0,none,ok,ok,aborted,0,
S4_occ75_b_f000086.jpg,S4_occ75_b,86,0,none,ok,ok,aborted,0,
S4_occ75_b_f000093.jpg,S4_occ75_b,93,0,none,ok,ok,aborted,0,
S4_occ75_b_f000099.jpg,S4_occ75_b,99,0,none,ok,ok,aborted,0,
S4_occ75_b_f000106.jpg,S4_occ75_b,106,0,none,ok,ok,aborted,0,
S4_occ75_b_f000113.jpg,S4_occ75_b,113,0,none,ok,ok,aborted,0,
S4_occ75_b_f000119.jpg,S4_occ75_b,119,0,none,ok,ok,aborted,0,
S4_occ75_b_f000126.jpg,S4_occ75_b,126,0,none,ok,ok,aborted,0,
S4_occ75_b_f000133.jpg,S4_occ75_b,133,0,none,ok,ok,aborted,0,
S4_occ75_b_f000137.jpg,S4_occ75_b,137,0,none,ok,ok,aborted,0,
S4_holdcheck_a_f000000.jpg,S4_holdcheck_a,0,0,none,confirmed_empty,ok,test,0,
S4_holdcheck_a_f000005.jpg,S4_holdcheck_a,5,0,none,bad_frame,green_corrupt,test,0,
S4_holdcheck_a_f000007.jpg,S4_holdcheck_a,7,0,none,bad_frame,green_corrupt,test,0,
S4_holdcheck_a_f000009.jpg,S4_holdcheck_a,9,0,none,bad_frame,green_corrupt,test,0,
S4_holdcheck_a_f000015.jpg,S4_holdcheck_a,15,0,none,bad_frame,green_corrupt,test,0,
S4_holdcheck_a_f000021.jpg,S4_holdcheck_a,21,0,none,bad_frame,green_corrupt,test,0,
S4_holdcheck_a_f000027.jpg,S4_holdcheck_a,27,0,none,confirmed_empty,ok,test,0,
S4_holdcheck_a_f000033.jpg,S4_holdcheck_a,33,0,none,confirmed_empty,ok,test,0,
S4_holdcheck_a_f000039.jpg,S4_holdcheck_a,39,0,none,ok,ok,test,0,
S4_holdcheck_a_f000044.jpg,S4_holdcheck_a,44,0,none,confirmed_empty,ok,test,0,
S4_holdcheck_a_f000050.jpg,S4_holdcheck_a,50,0,none,confirmed_empty,ok,test,0,
S4_holdcheck_a_f000056.jpg,S4_holdcheck_a,56,0,none,confirmed_empty,ok,test,0,
S4_holdcheck_a_f000062.jpg,S4_holdcheck_a,62,0,none,confirmed_empty,ok,test,0,
S4_holdcheck_a_f000068.jpg,S4_holdcheck_a,68,0,none,confirmed_empty,ok,test,0,
S4_holdcheck_a_f000075.jpg,S4_holdcheck_a,75,0,none,confirmed_empty,ok,test,0,
S4_holdcheck_a_f000082.jpg,S4_holdcheck_a,82,0,none,confirmed_empty,ok,test,0,
S4_holdcheck_a_f000088.jpg,S4_holdcheck_a,88,0,none,confirmed_empty,ok,test,0,
S4_holdcheck_a_f000095.jpg,S4_holdcheck_a,95,0,none,confirmed_empty,ok,test,0,
S4_holdcheck_a_f000101.jpg,S4_holdcheck_a,101,0,none,confirmed_empty,ok,test,0,
S4_holdcheck_a_f000108.jpg,S4_holdcheck_a,108,0,none,confirmed_empty,ok,test,0,
S4_holdcheck_a_f000114.jpg,S4_holdcheck_a,114,0,none,confirmed_empty,ok,test,0,
S4_holdcheck_a_f000120.jpg,S4_holdcheck_a,120,0,none,confirmed_empty,ok,test,0,
S4_holdcheck_a_f000126.jpg,S4_holdcheck_a,126,0,none,confirmed_empty,ok,test,0,
S4_holdcheck_a_f000132.jpg,S4_holdcheck_a,132,0,none,confirmed_empty,ok,test,0,
S4_holdcheck_a_f000138.jpg,S4_holdcheck_a,138,0,none,confirmed_empty,ok,test,0,
S4_holdcheck_a_f000141.jpg,S4_holdcheck_a,141,0,none,ok,ok,test,0,
S4_holdcheck_a_f000142.jpg,S4_holdcheck_a,142,0,none,ok,ok,test,0,
S4_holdcheck_a_f000147.jpg,S4_holdcheck_a,147,0,none,ok,ok,test,0,
S4_holdcheck_a_f000150.jpg,S4_holdcheck_a,150,0,none,confirmed_empty,ok,test,0,
S4_holdcheck_a_f000154.jpg,S4_holdcheck_a,154,0,none,confirmed_empty,ok,test,0,
S4_holdcheck_a_f000161.jpg,S4_holdcheck_a,161,0,none,confirmed_empty,ok,test,0,
S4_holdcheck_a_f000166.jpg,S4_holdcheck_a,166,0,none,confirmed_empty,ok,test,0,
S4_holdcheck_a_f000172.jpg,S4_holdcheck_a,172,0,none,ok,ok,test,0,
S4_holdcheck_a_f000177.jpg,S4_holdcheck_a,177,0,none,ok,ok,test,0,
S4_holdcheck_a_f000183.jpg,S4_holdcheck_a,183,0,none,confirmed_empty,ok,test,0,
S4_holdcheck_a_f000187.jpg,S4_holdcheck_a,187,0,none,ok,ok,test,0,
S4_holdcheck_a_f000192.jpg,S4_holdcheck_a,192,0,none,ok,ok,test,0,
S4_holdcheck_a_f000193.jpg,S4_holdcheck_a,193,0,none,confirmed_empty,ok,test,50,
S4_holdcheck_a_f000200.jpg,S4_holdcheck_a,200,0,none,confirmed_empty,ok,test,50,
S4_holdcheck_a_f000209.jpg,S4_holdcheck_a,209,0,none,confirmed_empty,ok,test,50,
S4_holdcheck_a_f000218.jpg,S4_holdcheck_a,218,0,none,confirmed_empty,ok,test,50,
S4_holdcheck_a_f000226.jpg,S4_holdcheck_a,226,0,none,confirmed_empty,ok,test,40,
S4_holdcheck_a_f000234.jpg,S4_holdcheck_a,234,0,none,confirmed_empty,ok,test,40,
S4_holdcheck_a_f000241.jpg,S4_holdcheck_a,241,0,none,confirmed_empty,ok,test,40,
S4_holdcheck_a_f000249.jpg,S4_holdcheck_a,249,0,none,confirmed_empty,ok,test,40,
S4_holdcheck_a_f000256.jpg,S4_holdcheck_a,256,0,none,ok,ok,test,50,
S4_holdcheck_a_f000264.jpg,S4_holdcheck_a,264,0,none,confirmed_empty,ok,test,50,
S4_holdcheck_a_f000271.jpg,S4_holdcheck_a,271,0,none,ok,ok,test,50,
S4_holdcheck_a_f000280.jpg,S4_holdcheck_a,280,0,none,confirmed_empty,ok,test,60,
S4_holdcheck_a_f000288.jpg,S4_holdcheck_a,288,0,none,confirmed_empty,ok,test,60,
S4_holdcheck_a_f000297.jpg,S4_holdcheck_a,297,0,none,confirmed_empty,ok,test,70,
S4_holdcheck_a_f000306.jpg,S4_holdcheck_a,306,0,none,confirmed_empty,ok,test,70,
S4_holdcheck_a_f000315.jpg,S4_holdcheck_a,315,0,none,confirmed_empty,ok,test,80,
S4_holdcheck_a_f000324.jpg,S4_holdcheck_a,324,0,none,confirmed_empty,ok,test,80,
S4_holdcheck_a_f000333.jpg,S4_holdcheck_a,333,0,none,confirmed_empty,ok,test,90,
S4_holdcheck_a_f000342.jpg,S4_holdcheck_a,342,0,none,confirmed_empty,ok,test,90,
S4_holdcheck_a_f000351.jpg,S4_holdcheck_a,351,0,none,confirmed_empty,ok,test,100,
S4_holdcheck_a_f000359.jpg,S4_holdcheck_a,359,0,none,confirmed_empty,ok,test,100,
S4_holdcheck_a_f000369.jpg,S4_holdcheck_a,369,0,none,confirmed_empty,ok,test,100,
S4_holdcheck_a_f000378.jpg,S4_holdcheck_a,378,0,none,confirmed_empty,ok,test,90,
S4_holdcheck_a_f000387.jpg,S4_holdcheck_a,387,0,none,confirmed_empty,ok,test,90,
S4_holdcheck_a_f000396.jpg,S4_holdcheck_a,396,0,none,confirmed_empty,ok,test,100,
S4_holdcheck_a_f000404.jpg,S4_holdcheck_a,404,0,none,confirmed_empty,ok,test,100,
S4_holdcheck_a_f000413.jpg,S4_holdcheck_a,413,0,none,confirmed_empty,ok,test,110,
S4_holdcheck_a_f000421.jpg,S4_holdcheck_a,421,0,none,ok,ok,test,110,
S4_holdcheck_a_f000429.jpg,S4_holdcheck_a,429,0,none,confirmed_empty,ok,test,120,
S4_holdcheck_a_f000438.jpg,S4_holdcheck_a,438,0,none,confirmed_empty,ok,test,120,
S4_holdcheck_a_f000446.jpg,S4_holdcheck_a,446,0,none,confirmed_empty,ok,test,130,
S4_holdcheck_a_f000455.jpg,S4_holdcheck_a,455,0,none,confirmed_empty,ok,test,130,
S4_holdcheck_a_f000463.jpg,S4_holdcheck_a,463,0,none,confirmed_empty,ok,test,130,
S4_holdcheck_a_f000472.jpg,S4_holdcheck_a,472,0,none,confirmed_empty,ok,test,130,
S4_holdcheck_a_f000480.jpg,S4_holdcheck_a,480,0,none,confirmed_empty,ok,test,130,
S4_holdcheck_a_f000489.jpg,S4_holdcheck_a,489,0,none,confirmed_empty,ok,test,130,
S4_holdcheck_a_f000497.jpg,S4_holdcheck_a,497,0,none,confirmed_empty,ok,test,130,
S4_holdcheck_a_f000505.jpg,S4_holdcheck_a,505,0,none,confirmed_empty,ok,test,130,
S4_holdcheck_a_f000513.jpg,S4_holdcheck_a,513,0,none,confirmed_empty,ok,test,130,
S4_holdcheck_a_f000522.jpg,S4_holdcheck_a,522,0,none,ok,ok,test,130,
S4_holdcheck_a_f000531.jpg,S4_holdcheck_a,531,0,none,ok,ok,test,130,
S4_holdcheck_a_f000539.jpg,S4_holdcheck_a,539,0,none,confirmed_empty,ok,test,130,
S4_holdcheck_a_f000548.jpg,S4_holdcheck_a,548,0,none,ok,ok,test,130,
S4_holdcheck_a_f000556.jpg,S4_holdcheck_a,556,0,none,ok,ok,test,130,
S4_holdcheck_a_f000564.jpg,S4_holdcheck_a,564,0,none,ok,ok,test,140,
S4_holdcheck_a_f000573.jpg,S4_holdcheck_a,573,0,none,confirmed_empty,ok,test,140,
S4_holdcheck_a_f000581.jpg,S4_holdcheck_a,581,0,none,confirmed_empty,ok,test,140,
S4_holdcheck_a_f000590.jpg,S4_holdcheck_a,590,0,none,confirmed_empty,ok,test,140,
S4_holdcheck_a_f000598.jpg,S4_holdcheck_a,598,0,none,confirmed_empty,ok,test,140,
S4_holdcheck_a_f000606.jpg,S4_holdcheck_a,606,0,none,confirmed_empty,ok,test,140,
S4_holdcheck_a_f000613.jpg,S4_holdcheck_a,613,0,none,confirmed_empty,ok,test,140,
S4_holdcheck_a_f000621.jpg,S4_holdcheck_a,621,0,none,ok,ok,test,130,
S4_holdcheck_a_f000629.jpg,S4_holdcheck_a,629,0,none,ok,ok,test,140,
S4_holdcheck_a_f000636.jpg,S4_holdcheck_a,636,0,none,confirmed_empty,ok,test,140,
S4_holdcheck_a_f000644.jpg,S4_holdcheck_a,644,0,none,confirmed_empty,ok,test,140,
S4_holdcheck_a_f000652.jpg,S4_holdcheck_a,652,0,none,ok,ok,test,150,
S4_holdcheck_a_f000660.jpg,S4_holdcheck_a,660,0,none,confirmed_empty,ok,test,150,
S4_holdcheck_a_f000668.jpg,S4_holdcheck_a,668,0,none,confirmed_empty,ok,test,140,
S4_holdcheck_a_f000677.jpg,S4_holdcheck_a,677,0,none,ok,ok,test,140,
S4_holdcheck_a_f000686.jpg,S4_holdcheck_a,686,0,none,confirmed_empty,ok,test,140,
S4_holdcheck_a_f000694.jpg,S4_holdcheck_a,694,0,none,ok,ok,test,140,
S4_holdcheck_a_f000703.jpg,S4_holdcheck_a,703,0,none,confirmed_empty,ok,test,140,
S4_holdcheck_a_f000712.jpg,S4_holdcheck_a,712,0,none,confirmed_empty,ok,test,140,
S4_holdcheck_a_f000720.jpg,S4_holdcheck_a,720,0,none,ok,ok,test,140,
S4_holdcheck_a_f000728.jpg,S4_holdcheck_a,728,0,none,confirmed_empty,ok,test,140,
S4_holdcheck_a_f000736.jpg,S4_holdcheck_a,736,0,none,confirmed_empty,ok,test,140,
S4_holdcheck_a_f000745.jpg,S4_holdcheck_a,745,0,none,confirmed_empty,ok,test,130,
S4_holdcheck_a_f000753.jpg,S4_holdcheck_a,753,0,none,confirmed_empty,ok,test,130,
S4_holdcheck_a_f000763.jpg,S4_holdcheck_a,763,0,none,confirmed_empty,ok,test,140,
S4_holdcheck_a_f000771.jpg,S4_holdcheck_a,771,0,none,confirmed_empty,ok,test,140,
S4_holdcheck_a_f000780.jpg,S4_holdcheck_a,780,0,none,confirmed_empty,ok,test,140,
S4_holdcheck_a_f000788.jpg,S4_holdcheck_a,788,0,none,confirmed_empty,ok,test,140,
S4_holdcheck_a_f000796.jpg,S4_holdcheck_a,796,0,none,confirmed_empty,ok,test,140,
S4_holdcheck_a_f000804.jpg,S4_holdcheck_a,804,0,none,ok,ok,test,140,
S4_holdcheck_a_f000813.jpg,S4_holdcheck_a,813,0,none,confirmed_empty,ok,test,140,
S4_holdcheck_a_f000821.jpg,S4_holdcheck_a,821,0,none,confirmed_empty,ok,test,140,
S4_holdcheck_a_f000829.jpg,S4_holdcheck_a,829,0,none,confirmed_empty,ok,test,140,
S4_holdcheck_a_f000838.jpg,S4_holdcheck_a,838,0,none,confirmed_empty,ok,test,140,
S4_holdcheck_a_f000846.jpg,S4_holdcheck_a,846,0,none,confirmed_empty,ok,test,140,
S4_holdcheck_a_f000854.jpg,S4_holdcheck_a,854,0,none,confirmed_empty,ok,test,140,
S4_holdcheck_a_f000863.jpg,S4_holdcheck_a,863,0,none,confirmed_empty,ok,test,140,
S4_holdcheck_a_f000872.jpg,S4_holdcheck_a,872,0,none,confirmed_empty,ok,test,140,
S4_holdcheck_a_f000881.jpg,S4_holdcheck_a,881,0,none,ok,ok,test,140,
S4_holdcheck_a_f000889.jpg,S4_holdcheck_a,889,0,none,confirmed_empty,ok,test,140,
S4_holdcheck_a_f000898.jpg,S4_holdcheck_a,898,0,none,ok,ok,test,140,
S4_holdcheck_a_f000907.jpg,S4_holdcheck_a,907,0,none,confirmed_empty,ok,test,140,
S4_holdcheck_a_f000916.jpg,S4_holdcheck_a,916,0,none,ok,ok,test,140,
S4_holdcheck_a_f000924.jpg,S4_holdcheck_a,924,0,none,confirmed_empty,ok,test,140,
S4_holdcheck_a_f000932.jpg,S4_holdcheck_a,932,0,none,confirmed_empty,ok,test,140,
S4_holdcheck_a_f000940.jpg,S4_holdcheck_a,940,0,none,confirmed_empty,ok,test,140,
S4_holdcheck_a_f000948.jpg,S4_holdcheck_a,948,0,none,ok,ok,test,140,
S4_holdcheck_a_f000957.jpg,S4_holdcheck_a,957,0,none,confirmed_empty,ok,test,140,
S4_holdcheck_a_f000964.jpg,S4_holdcheck_a,964,0,none,ok,ok,test,140,
S4_holdcheck_a_f000972.jpg,S4_holdcheck_a,972,0,none,confirmed_empty,ok,test,140,
S4_holdcheck_a_f000980.jpg,S4_holdcheck_a,980,0,none,confirmed_empty,ok,test,140,
S4_holdcheck_a_f000988.jpg,S4_holdcheck_a,988,0,none,confirmed_empty,ok,test,140,
S4_holdcheck_a_f000997.jpg,S4_holdcheck_a,997,0,none,ok,ok,test,140,
S4_holdcheck_a_f001006.jpg,S4_holdcheck_a,1006,0,none,confirmed_empty,ok,test,140,
S4_holdcheck_a_f001015.jpg,S4_holdcheck_a,1015,0,none,ok,ok,test,140,
S4_holdcheck_a_f001024.jpg,S4_holdcheck_a,1024,0,none,confirmed_empty,ok,test,140,
S4_holdcheck_a_f001033.jpg,S4_holdcheck_a,1033,0,none,confirmed_empty,ok,test,140,
S4_holdcheck_a_f001041.jpg,S4_holdcheck_a,1041,0,none,confirmed_empty,ok,test,140,
S4_holdcheck_a_f001050.jpg,S4_holdcheck_a,1050,0,none,ok,ok,test,140,
S4_holdcheck_a_f001059.jpg,S4_holdcheck_a,1059,0,none,confirmed_empty,ok,test,150,
S4_holdcheck_a_f001068.jpg,S4_holdcheck_a,1068,0,none,ok,ok,test,160,
S4_holdcheck_a_f001076.jpg,S4_holdcheck_a,1076,0,none,confirmed_empty,ok,test,170,
S4_holdcheck_a_f001085.jpg,S4_holdcheck_a,1085,0,none,confirmed_empty,ok,test,190,
S4_holdcheck_a_f001094.jpg,S4_holdcheck_a,1094,0,none,confirmed_empty,ok,test,200,
S4_holdcheck_a_f001103.jpg,S4_holdcheck_a,1103,0,none,confirmed_empty,ok,test,200,
S4_holdcheck_a_f001112.jpg,S4_holdcheck_a,1112,0,none,confirmed_empty,ok,test,200,
S4_holdcheck_a_f001121.jpg,S4_holdcheck_a,1121,0,none,confirmed_empty,ok,test,190,
S4_holdcheck_a_f001130.jpg,S4_holdcheck_a,1130,0,none,confirmed_empty,ok,test,180,
S4_holdcheck_a_f001139.jpg,S4_holdcheck_a,1139,0,none,ok,ok,test,180,
S4_holdcheck_a_f001148.jpg,S4_holdcheck_a,1148,0,none,confirmed_empty,ok,test,170,
S4_holdcheck_a_f001158.jpg,S4_holdcheck_a,1158,0,none,confirmed_empty,ok,test,180,
S4_holdcheck_a_f001166.jpg,S4_holdcheck_a,1166,0,none,confirmed_empty,ok,test,180,
S4_holdcheck_a_f001175.jpg,S4_holdcheck_a,1175,0,none,ok,ok,test,180,
S4_holdcheck_a_f001183.jpg,S4_holdcheck_a,1183,0,none,confirmed_empty,ok,test,180,
S4_holdcheck_a_f001192.jpg,S4_holdcheck_a,1192,0,none,confirmed_empty,ok,test,180,
S4_holdcheck_a_f001201.jpg,S4_holdcheck_a,1201,0,none,confirmed_empty,ok,test,180,
S4_holdcheck_a_f001210.jpg,S4_holdcheck_a,1210,0,none,confirmed_empty,ok,test,180,
S4_holdcheck_a_f001219.jpg,S4_holdcheck_a,1219,0,none,confirmed_empty,ok,test,180,
S4_holdcheck_a_f001229.jpg,S4_holdcheck_a,1229,0,none,confirmed_empty,ok,test,170,
S4_holdcheck_a_f001238.jpg,S4_holdcheck_a,1238,0,none,confirmed_empty,ok,test,170,
S4_holdcheck_a_f001247.jpg,S4_holdcheck_a,1247,0,none,confirmed_empty,ok,test,180,
S4_holdcheck_a_f001256.jpg,S4_holdcheck_a,1256,0,none,confirmed_empty,ok,test,180,
S4_holdcheck_a_f001264.jpg,S4_holdcheck_a,1264,0,none,confirmed_empty,ok,test,180,
S4_holdcheck_a_f001273.jpg,S4_holdcheck_a,1273,0,none,confirmed_empty,ok,test,180,
S4_holdcheck_a_f001281.jpg,S4_holdcheck_a,1281,0,none,confirmed_empty,ok,test,180,
S4_holdcheck_a_f001290.jpg,S4_holdcheck_a,1290,0,none,confirmed_empty,ok,test,180,
S4_holdcheck_a_f001298.jpg,S4_holdcheck_a,1298,0,none,ok,ok,test,180,
S4_holdcheck_a_f001306.jpg,S4_holdcheck_a,1306,0,none,confirmed_empty,ok,test,170,
S4_holdcheck_a_f001315.jpg,S4_holdcheck_a,1315,0,none,confirmed_empty,ok,test,170,
S4_holdcheck_a_f001323.jpg,S4_holdcheck_a,1323,0,none,confirmed_empty,ok,test,170,
S4_holdcheck_a_f001332.jpg,S4_holdcheck_a,1332,0,none,confirmed_empty,ok,test,180,
S4_holdcheck_a_f001340.jpg,S4_holdcheck_a,1340,0,none,confirmed_empty,ok,test,180,
S4_holdcheck_a_f001349.jpg,S4_holdcheck_a,1349,0,none,confirmed_empty,ok,test,180,
S4_holdcheck_a_f001357.jpg,S4_holdcheck_a,1357,0,none,confirmed_empty,ok,test,180,
S4_holdcheck_a_f001366.jpg,S4_holdcheck_a,1366,0,none,confirmed_empty,ok,test,170,
S4_holdcheck_a_f001375.jpg,S4_holdcheck_a,1375,0,none,confirmed_empty,ok,test,170,
S4_holdcheck_a_f001384.jpg,S4_holdcheck_a,1384,0,none,confirmed_empty,ok,test,150,
S4_holdcheck_a_f001394.jpg,S4_holdcheck_a,1394,0,none,confirmed_empty,ok,test,140,
S4_holdcheck_a_f001403.jpg,S4_holdcheck_a,1403,0,none,confirmed_empty,ok,test,130,
S4_holdcheck_a_f001412.jpg,S4_holdcheck_a,1412,0,none,confirmed_empty,ok,test,120,
S4_holdcheck_a_f001421.jpg,S4_holdcheck_a,1421,0,none,confirmed_empty,ok,test,110,
S4_holdcheck_a_f001429.jpg,S4_holdcheck_a,1429,0,none,confirmed_empty,ok,test,100,
S4_holdcheck_a_f001438.jpg,S4_holdcheck_a,1438,0,none,confirmed_empty,ok,test,100,
S4_holdcheck_a_f001446.jpg,S4_holdcheck_a,1446,0,none,confirmed_empty,ok,test,90,
S4_holdcheck_a_f001455.jpg,S4_holdcheck_a,1455,0,none,confirmed_empty,ok,test,80,
S4_holdcheck_a_f001463.jpg,S4_holdcheck_a,1463,0,none,confirmed_empty,ok,test,70,
S4_holdcheck_a_f001473.jpg,S4_holdcheck_a,1473,0,none,confirmed_empty,ok,test,70,
S4_holdcheck_a_f001482.jpg,S4_holdcheck_a,1482,0,none,confirmed_empty,ok,test,70,
S4_holdcheck_a_f001491.jpg,S4_holdcheck_a,1491,0,none,confirmed_empty,ok,test,70,
S4_holdcheck_a_f001499.jpg,S4_holdcheck_a,1499,0,none,confirmed_empty,ok,test,70,
S4_holdcheck_a_f001507.jpg,S4_holdcheck_a,1507,0,none,confirmed_empty,ok,test,70,
S4_holdcheck_a_f001514.jpg,S4_holdcheck_a,1514,0,none,confirmed_empty,ok,test,70,
S4_holdcheck_a_f001522.jpg,S4_holdcheck_a,1522,0,none,confirmed_empty,ok,test,70,
S4_holdcheck_a_f001530.jpg,S4_holdcheck_a,1530,0,none,confirmed_empty,ok,test,70,
S4_holdcheck_a_f001539.jpg,S4_holdcheck_a,1539,0,none,confirmed_empty,ok,test,70,
S4_holdcheck_a_f001549.jpg,S4_holdcheck_a,1549,0,none,ok,ok,test,70,
S4_holdcheck_a_f001558.jpg,S4_holdcheck_a,1558,0,none,confirmed_empty,ok,test,70,
S4_holdcheck_a_f001567.jpg,S4_holdcheck_a,1567,0,none,confirmed_empty,ok,test,70,
S4_holdcheck_a_f001576.jpg,S4_holdcheck_a,1576,0,none,confirmed_empty,ok,test,70,
S4_holdcheck_a_f001585.jpg,S4_holdcheck_a,1585,0,none,confirmed_empty,ok,test,70,
S4_holdcheck_a_f001594.jpg,S4_holdcheck_a,1594,0,none,confirmed_empty,ok,test,70,
S4_holdcheck_a_f001602.jpg,S4_holdcheck_a,1602,0,none,ok,ok,test,70,
S4_holdcheck_a_f001612.jpg,S4_holdcheck_a,1612,0,none,confirmed_empty,ok,test,70,
S4_holdcheck_a_f001621.jpg,S4_holdcheck_a,1621,0,none,confirmed_empty,ok,test,70,
S4_holdcheck_a_f001629.jpg,S4_holdcheck_a,1629,0,none,confirmed_empty,ok,test,70,
S4_holdcheck_a_f001637.jpg,S4_holdcheck_a,1637,0,none,confirmed_empty,ok,test,70,
S4_holdcheck_a_f001645.jpg,S4_holdcheck_a,1645,0,none,confirmed_empty,ok,test,70,
S4_holdcheck_a_f001653.jpg,S4_holdcheck_a,1653,0,none,confirmed_empty,ok,test,70,
S4_holdcheck_a_f001662.jpg,S4_holdcheck_a,1662,0,none,confirmed_empty,ok,test,70,
S4_holdcheck_a_f001671.jpg,S4_holdcheck_a,1671,0,none,confirmed_empty,ok,test,70,
S4_holdcheck_a_f001679.jpg,S4_holdcheck_a,1679,0,none,confirmed_empty,ok,test,70,
S4_holdcheck_a_f001687.jpg,S4_holdcheck_a,1687,0,none,confirmed_empty,ok,test,70,
S4_holdcheck_a_f001695.jpg,S4_holdcheck_a,1695,0,none,confirmed_empty,ok,test,70,
S4_holdcheck_a_f001703.jpg,S4_holdcheck_a,1703,0,none,confirmed_empty,ok,test,70,
S4_holdcheck_a_f001712.jpg,S4_holdcheck_a,1712,0,none,confirmed_empty,ok,test,70,
S4_holdcheck_a_f001721.jpg,S4_holdcheck_a,1721,0,none,confirmed_empty,ok,test,70,
S4_holdcheck_a_f001730.jpg,S4_holdcheck_a,1730,0,none,confirmed_empty,ok,test,70,
S4_holdcheck_a_f001739.jpg,S4_holdcheck_a,1739,0,none,confirmed_empty,ok,test,70,
S4_holdcheck_a_f001748.jpg,S4_holdcheck_a,1748,0,none,confirmed_empty,ok,test,70,
S4_holdcheck_a_f001756.jpg,S4_holdcheck_a,1756,0,none,confirmed_empty,ok,test,70,
S4_holdcheck_a_f001764.jpg,S4_holdcheck_a,1764,0,none,confirmed_empty,ok,test,70,
S4_holdcheck_a_f001772.jpg,S4_holdcheck_a,1772,0,none,confirmed_empty,ok,test,70,
S4_holdcheck_a_f001780.jpg,S4_holdcheck_a,1780,0,none,confirmed_empty,ok,test,70,
S4_holdcheck_a_f001788.jpg,S4_holdcheck_a,1788,0,none,confirmed_empty,ok,test,70,
S4_holdcheck_a_f001796.jpg,S4_holdcheck_a,1796,0,none,confirmed_empty,ok,test,70,
S4_holdcheck_a_f001804.jpg,S4_holdcheck_a,1804,0,none,confirmed_empty,ok,test,70,
S4_holdcheck_a_f001813.jpg,S4_holdcheck_a,1813,0,none,confirmed_empty,ok,test,70,
S4_holdcheck_a_f001823.jpg,S4_holdcheck_a,1823,0,none,confirmed_empty,ok,test,70,
S4_holdcheck_a_f001831.jpg,S4_holdcheck_a,1831,0,none,confirmed_empty,ok,test,70,
S4_holdcheck_a_f001840.jpg,S4_holdcheck_a,1840,0,none,ok,ok,test,70,
S4_holdcheck_a_f001849.jpg,S4_holdcheck_a,1849,0,none,confirmed_empty,ok,test,70,
S4_holdcheck_b_f000000.jpg,S4_holdcheck_b,0,0,none,bad_frame,ok,test,0,
S4_holdcheck_b_f000009.jpg,S4_holdcheck_b,9,0,none,confirmed_empty,ok,test,0,
S4_holdcheck_b_f000018.jpg,S4_holdcheck_b,18,0,none,confirmed_empty,ok,test,0,
S4_holdcheck_b_f000026.jpg,S4_holdcheck_b,26,0,none,confirmed_empty,ok,test,0,
S4_holdcheck_b_f000035.jpg,S4_holdcheck_b,35,0,none,confirmed_empty,ok,test,0,
S4_holdcheck_b_f000045.jpg,S4_holdcheck_b,45,0,none,confirmed_empty,ok,test,0,
S4_holdcheck_b_f000054.jpg,S4_holdcheck_b,54,0,none,ok,ok,test,0,
S4_holdcheck_b_f000064.jpg,S4_holdcheck_b,64,0,none,confirmed_empty,ok,test,0,
S4_holdcheck_b_f000073.jpg,S4_holdcheck_b,73,0,none,confirmed_empty,ok,test,0,
S4_holdcheck_b_f000080.jpg,S4_holdcheck_b,80,0,none,confirmed_empty,ok,test,0,
S4_holdcheck_b_f000088.jpg,S4_holdcheck_b,88,0,none,confirmed_empty,ok,test,0,
S4_holdcheck_b_f000095.jpg,S4_holdcheck_b,95,0,none,confirmed_empty,ok,test,0,
S4_holdcheck_b_f000102.jpg,S4_holdcheck_b,102,0,none,confirmed_empty,ok,test,0,
S4_holdcheck_b_f000108.jpg,S4_holdcheck_b,108,0,none,confirmed_empty,ok,test,0,
S4_holdcheck_b_f000115.jpg,S4_holdcheck_b,115,0,none,confirmed_empty,ok,test,0,
S4_holdcheck_b_f000121.jpg,S4_holdcheck_b,121,0,none,confirmed_empty,ok,test,0,
S4_holdcheck_b_f000128.jpg,S4_holdcheck_b,128,0,none,confirmed_empty,ok,test,0,
S4_holdcheck_b_f000135.jpg,S4_holdcheck_b,135,0,none,ok,ok,test,0,
S4_holdcheck_b_f000143.jpg,S4_holdcheck_b,143,0,none,confirmed_empty,ok,test,0,
S4_holdcheck_b_f000151.jpg,S4_holdcheck_b,151,0,none,confirmed_empty,ok,test,0,
S4_holdcheck_b_f000160.jpg,S4_holdcheck_b,160,0,none,ok,ok,test,0,
S4_holdcheck_b_f000168.jpg,S4_holdcheck_b,168,0,none,ok,ok,test,20,
S4_holdcheck_b_f000175.jpg,S4_holdcheck_b,175,0,none,ok,ok,test,40,
S4_holdcheck_b_f000181.jpg,S4_holdcheck_b,181,0,none,confirmed_empty,ok,test,50,
S4_holdcheck_b_f000186.jpg,S4_holdcheck_b,186,0,none,ok,ok,test,60,
S4_holdcheck_b_f000191.jpg,S4_holdcheck_b,191,0,none,ok,ok,test,60,
S4_holdcheck_b_f000196.jpg,S4_holdcheck_b,196,0,none,ok,ok,test,60,
S4_holdcheck_b_f000200.jpg,S4_holdcheck_b,200,0,none,ok,ok,test,80,
S4_holdcheck_b_f000204.jpg,S4_holdcheck_b,204,0,none,confirmed_empty,ok,test,80,
S4_holdcheck_b_f000208.jpg,S4_holdcheck_b,208,0,none,confirmed_empty,ok,test,80,
S4_holdcheck_b_f000213.jpg,S4_holdcheck_b,213,0,none,confirmed_empty,ok,test,90,
S4_holdcheck_b_f000218.jpg,S4_holdcheck_b,218,0,none,ok,ok,test,90,
S4_holdcheck_b_f000223.jpg,S4_holdcheck_b,223,0,none,ok,ok,test,90,
S4_holdcheck_b_f000230.jpg,S4_holdcheck_b,230,0,none,ok,ok,test,90,
S4_holdcheck_b_f000237.jpg,S4_holdcheck_b,237,0,none,ok,ok,test,90,
S4_holdcheck_b_f000244.jpg,S4_holdcheck_b,244,0,none,ok,ok,test,90,
S4_holdcheck_b_f000252.jpg,S4_holdcheck_b,252,0,none,confirmed_empty,ok,test,100,
S4_holdcheck_b_f000260.jpg,S4_holdcheck_b,260,0,none,confirmed_empty,ok,test,100,
S4_holdcheck_b_f000269.jpg,S4_holdcheck_b,269,0,none,ok,ok,test,100,
S4_holdcheck_b_f000278.jpg,S4_holdcheck_b,278,0,none,ok,ok,test,110,
S4_holdcheck_b_f000287.jpg,S4_holdcheck_b,287,0,none,ok,ok,test,110,
S4_holdcheck_b_f000296.jpg,S4_holdcheck_b,296,0,none,ok,ok,test,120,
S4_holdcheck_b_f000304.jpg,S4_holdcheck_b,304,0,none,ok,ok,test,120,
S4_holdcheck_b_f000313.jpg,S4_holdcheck_b,313,0,none,ok,ok,test,120,
S4_holdcheck_b_f000322.jpg,S4_holdcheck_b,322,0,none,ok,ok,test,120,
S4_holdcheck_b_f000330.jpg,S4_holdcheck_b,330,0,none,ok,ok,test,120,
S4_holdcheck_b_f000338.jpg,S4_holdcheck_b,338,0,none,ok,ok,test,120,
S4_holdcheck_b_f000346.jpg,S4_holdcheck_b,346,0,none,ok,ok,test,130,
S4_holdcheck_b_f000355.jpg,S4_holdcheck_b,355,0,none,ok,ok,test,130,
S4_holdcheck_b_f000364.jpg,S4_holdcheck_b,364,0,none,ok,ok,test,130,
S4_holdcheck_b_f000373.jpg,S4_holdcheck_b,373,0,none,ok,ok,test,130,
S4_holdcheck_b_f000381.jpg,S4_holdcheck_b,381,0,none,ok,ok,test,130,
S4_holdcheck_b_f000389.jpg,S4_holdcheck_b,389,0,none,ok,ok,test,140,
S4_holdcheck_b_f000397.jpg,S4_holdcheck_b,397,0,none,ok,ok,test,140,
S4_holdcheck_b_f000404.jpg,S4_holdcheck_b,404,0,none,ok,ok,test,140,
S4_holdcheck_b_f000412.jpg,S4_holdcheck_b,412,0,none,ok,ok,test,140,
S4_holdcheck_b_f000419.jpg,S4_holdcheck_b,419,0,none,ok,ok,test,140,
S4_holdcheck_b_f000427.jpg,S4_holdcheck_b,427,0,none,ok,ok,test,140,
S4_holdcheck_b_f000435.jpg,S4_holdcheck_b,435,0,none,ok,ok,test,140,
S4_holdcheck_b_f000443.jpg,S4_holdcheck_b,443,0,none,ok,ok,test,140,
S4_holdcheck_b_f000452.jpg,S4_holdcheck_b,452,0,none,ok,ok,test,140,
S4_holdcheck_b_f000460.jpg,S4_holdcheck_b,460,0,none,ok,ok,test,140,
S4_holdcheck_b_f000468.jpg,S4_holdcheck_b,468,0,none,ok,ok,test,140,
S4_holdcheck_b_f000477.jpg,S4_holdcheck_b,477,0,none,ok,ok,test,140,
S4_holdcheck_b_f000485.jpg,S4_holdcheck_b,485,0,none,ok,ok,test,140,
S4_holdcheck_b_f000493.jpg,S4_holdcheck_b,493,0,none,ok,ok,test,140,
S4_holdcheck_b_f000502.jpg,S4_holdcheck_b,502,0,none,ok,ok,test,140,
S4_holdcheck_b_f000511.jpg,S4_holdcheck_b,511,0,none,ok,ok,test,130,
S4_holdcheck_b_f000520.jpg,S4_holdcheck_b,520,0,none,ok,ok,test,130,
S4_holdcheck_b_f000528.jpg,S4_holdcheck_b,528,0,none,ok,ok,test,140,
S4_holdcheck_b_f000536.jpg,S4_holdcheck_b,536,0,none,ok,ok,test,140,
S4_holdcheck_b_f000543.jpg,S4_holdcheck_b,543,0,none,ok,ok,test,140,
S4_holdcheck_b_f000550.jpg,S4_holdcheck_b,550,0,none,ok,ok,test,140,
S4_holdcheck_b_f000557.jpg,S4_holdcheck_b,557,0,none,ok,ok,test,140,
S4_holdcheck_b_f000564.jpg,S4_holdcheck_b,564,0,none,ok,ok,test,140,
S4_holdcheck_b_f000571.jpg,S4_holdcheck_b,571,0,none,ok,ok,test,140,
S4_holdcheck_b_f000578.jpg,S4_holdcheck_b,578,0,none,ok,ok,test,140,
S4_holdcheck_b_f000583.jpg,S4_holdcheck_b,583,0,none,ok,ok,test,140,
S4_holdcheck_b_f000591.jpg,S4_holdcheck_b,591,0,none,ok,ok,test,130,
S4_holdcheck_b_f000599.jpg,S4_holdcheck_b,599,0,none,ok,ok,test,140,
S4_holdcheck_b_f000607.jpg,S4_holdcheck_b,607,0,none,ok,ok,test,140,
S4_holdcheck_b_f000615.jpg,S4_holdcheck_b,615,0,none,ok,ok,test,140,
S4_holdcheck_b_f000623.jpg,S4_holdcheck_b,623,0,none,ok,ok,test,140,
S4_holdcheck_b_f000632.jpg,S4_holdcheck_b,632,0,none,ok,ok,test,140,
S4_holdcheck_b_f000641.jpg,S4_holdcheck_b,641,0,none,ok,ok,test,130,
S4_holdcheck_b_f000649.jpg,S4_holdcheck_b,649,0,none,ok,ok,test,130,
S4_holdcheck_b_f000658.jpg,S4_holdcheck_b,658,0,none,ok,ok,test,140,
S4_holdcheck_b_f000667.jpg,S4_holdcheck_b,667,0,none,ok,ok,test,140,
S4_holdcheck_b_f000675.jpg,S4_holdcheck_b,675,0,none,ok,ok,test,140,
S4_holdcheck_b_f000684.jpg,S4_holdcheck_b,684,0,none,ok,ok,test,140,
S4_holdcheck_b_f000692.jpg,S4_holdcheck_b,692,0,none,ok,ok,test,140,
S4_holdcheck_b_f000700.jpg,S4_holdcheck_b,700,0,none,ok,ok,test,150,
S4_holdcheck_b_f000709.jpg,S4_holdcheck_b,709,0,none,ok,ok,test,160,
S4_holdcheck_b_f000716.jpg,S4_holdcheck_b,716,0,none,ok,ok,test,170,
S4_holdcheck_b_f000724.jpg,S4_holdcheck_b,724,0,none,ok,ok,test,190,
S4_holdcheck_b_f000732.jpg,S4_holdcheck_b,732,0,none,ok,ok,test,210,
S4_holdcheck_b_f000739.jpg,S4_holdcheck_b,739,0,none,ok,ok,test,210,
S4_holdcheck_b_f000747.jpg,S4_holdcheck_b,747,0,none,ok,ok,test,220,
S4_holdcheck_b_f000755.jpg,S4_holdcheck_b,755,0,none,ok,ok,test,230,
S4_holdcheck_b_f000764.jpg,S4_holdcheck_b,764,0,none,ok,ok,test,230,
S4_holdcheck_b_f000772.jpg,S4_holdcheck_b,772,0,none,ok,ok,test,240,
S4_holdcheck_b_f000780.jpg,S4_holdcheck_b,780,0,none,ok,ok,test,240,
S4_holdcheck_b_f000789.jpg,S4_holdcheck_b,789,0,none,ok,ok,test,240,
S4_holdcheck_b_f000798.jpg,S4_holdcheck_b,798,0,none,ok,ok,test,230,
S4_holdcheck_b_f000807.jpg,S4_holdcheck_b,807,0,none,ok,ok,test,220,
S4_holdcheck_b_f000815.jpg,S4_holdcheck_b,815,0,none,ok,ok,test,210,
S4_holdcheck_b_f000823.jpg,S4_holdcheck_b,823,0,none,ok,ok,test,210,
S4_holdcheck_b_f000831.jpg,S4_holdcheck_b,831,0,none,ok,ok,test,200,
S4_holdcheck_b_f000840.jpg,S4_holdcheck_b,840,0,none,ok,ok,test,200,
S4_holdcheck_b_f000850.jpg,S4_holdcheck_b,850,0,none,ok,ok,test,200,
S4_holdcheck_b_f000859.jpg,S4_holdcheck_b,859,0,none,ok,ok,test,210,
S4_holdcheck_b_f000868.jpg,S4_holdcheck_b,868,0,none,ok,ok,test,210,
S4_holdcheck_b_f000877.jpg,S4_holdcheck_b,877,0,none,ok,ok,test,210,
S4_holdcheck_b_f000886.jpg,S4_holdcheck_b,886,0,none,ok,ok,test,210,
S4_holdcheck_b_f000895.jpg,S4_holdcheck_b,895,0,none,ok,ok,test,210,
S4_holdcheck_b_f000904.jpg,S4_holdcheck_b,904,0,none,ok,ok,test,210,
S4_holdcheck_b_f000913.jpg,S4_holdcheck_b,913,0,none,confirmed_empty,ok,test,200,
S4_holdcheck_b_f000922.jpg,S4_holdcheck_b,922,0,none,ok,ok,test,200,
S4_holdcheck_b_f000931.jpg,S4_holdcheck_b,931,0,none,ok,ok,test,190,
S4_holdcheck_b_f000938.jpg,S4_holdcheck_b,938,0,none,ok,ok,test,190,
S4_holdcheck_b_f000946.jpg,S4_holdcheck_b,946,0,none,ok,ok,test,190,
S4_holdcheck_b_f000953.jpg,S4_holdcheck_b,953,0,none,ok,ok,test,190,
S4_holdcheck_b_f000960.jpg,S4_holdcheck_b,960,0,none,ok,ok,test,190,
S4_holdcheck_b_f000969.jpg,S4_holdcheck_b,969,0,none,ok,ok,test,190,
S4_holdcheck_b_f000977.jpg,S4_holdcheck_b,977,0,none,ok,ok,test,190,
S4_holdcheck_b_f000986.jpg,S4_holdcheck_b,986,0,none,ok,ok,test,190,
S4_holdcheck_b_f000994.jpg,S4_holdcheck_b,994,0,none,ok,ok,test,190,
S4_holdcheck_b_f001002.jpg,S4_holdcheck_b,1002,0,none,ok,ok,test,190,
S4_holdcheck_b_f001010.jpg,S4_holdcheck_b,1010,0,none,ok,ok,test,190,
S4_holdcheck_b_f001019.jpg,S4_holdcheck_b,1019,0,none,ok,ok,test,180,
S4_holdcheck_b_f001028.jpg,S4_holdcheck_b,1028,0,none,ok,ok,test,180,
S4_holdcheck_b_f001037.jpg,S4_holdcheck_b,1037,0,none,ok,ok,test,180,
S4_holdcheck_b_f001046.jpg,S4_holdcheck_b,1046,0,none,ok,ok,test,180,
S4_holdcheck_b_f001055.jpg,S4_holdcheck_b,1055,0,none,ok,ok,test,180,
S4_holdcheck_b_f001063.jpg,S4_holdcheck_b,1063,0,none,ok,ok,test,180,
S4_holdcheck_b_f001071.jpg,S4_holdcheck_b,1071,0,none,ok,ok,test,170,
S4_holdcheck_b_f001079.jpg,S4_holdcheck_b,1079,0,none,ok,ok,test,170,
S4_holdcheck_b_f001086.jpg,S4_holdcheck_b,1086,0,none,ok,ok,test,170,
S4_holdcheck_b_f001094.jpg,S4_holdcheck_b,1094,0,none,ok,ok,test,170,
S4_holdcheck_b_f001102.jpg,S4_holdcheck_b,1102,0,none,ok,ok,test,170,
S4_holdcheck_b_f001110.jpg,S4_holdcheck_b,1110,0,none,ok,ok,test,170,
S4_holdcheck_b_f001117.jpg,S4_holdcheck_b,1117,0,none,ok,ok,test,170,
S4_holdcheck_b_f001125.jpg,S4_holdcheck_b,1125,0,none,ok,ok,test,170,
S4_holdcheck_b_f001132.jpg,S4_holdcheck_b,1132,0,none,ok,ok,test,170,
S4_holdcheck_b_f001140.jpg,S4_holdcheck_b,1140,0,none,ok,ok,test,170,
S4_holdcheck_b_f001147.jpg,S4_holdcheck_b,1147,0,none,ok,ok,test,170,
S4_holdcheck_b_f001155.jpg,S4_holdcheck_b,1155,0,none,ok,ok,test,170,
S4_holdcheck_b_f001162.jpg,S4_holdcheck_b,1162,0,none,ok,ok,test,160,
S4_holdcheck_b_f001170.jpg,S4_holdcheck_b,1170,0,none,ok,ok,test,160,
S4_holdcheck_b_f001177.jpg,S4_holdcheck_b,1177,0,none,ok,ok,test,160,
S4_holdcheck_b_f001184.jpg,S4_holdcheck_b,1184,0,none,ok,ok,test,160,
S4_holdcheck_b_f001192.jpg,S4_holdcheck_b,1192,0,none,ok,ok,test,160,
S4_holdcheck_b_f001200.jpg,S4_holdcheck_b,1200,0,none,ok,ok,test,160,
S4_holdcheck_b_f001208.jpg,S4_holdcheck_b,1208,0,none,confirmed_empty,ok,test,160,
S4_holdcheck_b_f001216.jpg,S4_holdcheck_b,1216,0,none,ok,ok,test,170,
S4_holdcheck_b_f001224.jpg,S4_holdcheck_b,1224,0,none,ok,ok,test,170,
S4_holdcheck_b_f001232.jpg,S4_holdcheck_b,1232,0,none,ok,ok,test,160,
S4_holdcheck_b_f001240.jpg,S4_holdcheck_b,1240,0,none,ok,ok,test,160,
S4_holdcheck_b_f001247.jpg,S4_holdcheck_b,1247,0,none,ok,ok,test,160,
S4_holdcheck_b_f001255.jpg,S4_holdcheck_b,1255,0,none,ok,ok,test,160,
S4_holdcheck_b_f001263.jpg,S4_holdcheck_b,1263,0,none,ok,ok,test,160,
S4_holdcheck_b_f001271.jpg,S4_holdcheck_b,1271,0,none,ok,ok,test,160,
S4_holdcheck_b_f001279.jpg,S4_holdcheck_b,1279,0,none,ok,ok,test,160,
S4_holdcheck_b_f001287.jpg,S4_holdcheck_b,1287,0,none,ok,ok,test,160,
S4_holdcheck_b_f001294.jpg,S4_holdcheck_b,1294,0,none,ok,ok,test,160,
S4_holdcheck_b_f001301.jpg,S4_holdcheck_b,1301,0,none,ok,ok,test,170,
S4_holdcheck_b_f001309.jpg,S4_holdcheck_b,1309,0,none,ok,ok,test,160,
S4_holdcheck_b_f001316.jpg,S4_holdcheck_b,1316,0,none,ok,ok,test,150,
S4_holdcheck_b_f001323.jpg,S4_holdcheck_b,1323,0,none,ok,ok,test,140,
S4_holdcheck_b_f001331.jpg,S4_holdcheck_b,1331,0,none,ok,ok,test,120,
S4_holdcheck_b_f001338.jpg,S4_holdcheck_b,1338,0,none,ok,ok,test,110,
S4_holdcheck_b_f001346.jpg,S4_holdcheck_b,1346,0,none,confirmed_empty,ok,test,100,
S4_holdcheck_b_f001354.jpg,S4_holdcheck_b,1354,0,none,ok,ok,test,90,
S4_holdcheck_b_f001362.jpg,S4_holdcheck_b,1362,0,none,confirmed_empty,ok,test,90,
S4_holdcheck_b_f001370.jpg,S4_holdcheck_b,1370,0,none,ok,ok,test,90,
S4_holdcheck_b_f001378.jpg,S4_holdcheck_b,1378,0,none,confirmed_empty,ok,test,90,
S4_holdcheck_b_f001386.jpg,S4_holdcheck_b,1386,0,none,ok,ok,test,100,
S4_holdcheck_b_f001393.jpg,S4_holdcheck_b,1393,0,none,ok,ok,test,100,
S4_holdcheck_b_f001402.jpg,S4_holdcheck_b,1402,0,none,ok,ok,test,110,
S4_holdcheck_b_f001410.jpg,S4_holdcheck_b,1410,0,none,ok,ok,test,120,
S4_holdcheck_b_f001419.jpg,S4_holdcheck_b,1419,0,none,ok,ok,test,120,
S4_holdcheck_b_f001427.jpg,S4_holdcheck_b,1427,0,none,ok,ok,test,130,
S4_holdcheck_b_f001435.jpg,S4_holdcheck_b,1435,0,none,ok,ok,test,130,
S4_holdcheck_b_f001443.jpg,S4_holdcheck_b,1443,0,none,ok,ok,test,120,
S4_holdcheck_b_f001452.jpg,S4_holdcheck_b,1452,0,none,ok,ok,test,120,
S4_holdcheck_b_f001460.jpg,S4_holdcheck_b,1460,0,none,ok,ok,test,110,
S4_holdcheck_b_f001469.jpg,S4_holdcheck_b,1469,0,none,ok,ok,test,110,
S4_holdcheck_b_f001477.jpg,S4_holdcheck_b,1477,0,none,ok,ok,test,120,
S4_holdcheck_b_f001485.jpg,S4_holdcheck_b,1485,0,none,ok,ok,test,120,
S4_holdcheck_b_f001493.jpg,S4_holdcheck_b,1493,0,none,ok,ok,test,130,
S4_holdcheck_b_f001502.jpg,S4_holdcheck_b,1502,0,none,ok,ok,test,130,
S4_holdcheck_b_f001510.jpg,S4_holdcheck_b,1510,0,none,ok,ok,test,140,
S4_holdcheck_b_f001518.jpg,S4_holdcheck_b,1518,0,none,ok,ok,test,140,
S4_holdcheck_b_f001526.jpg,S4_holdcheck_b,1526,0,none,ok,ok,test,140,
S4_holdcheck_b_f001534.jpg,S4_holdcheck_b,1534,0,none,ok,ok,test,130,
S4_holdcheck_b_f001542.jpg,S4_holdcheck_b,1542,0,none,ok,ok,test,130,
S4_holdcheck_b_f001550.jpg,S4_holdcheck_b,1550,0,none,ok,ok,test,130,
S4_holdcheck_b_f001558.jpg,S4_holdcheck_b,1558,0,none,ok,ok,test,130,
S4_holdcheck_b_f001566.jpg,S4_holdcheck_b,1566,0,none,ok,ok,test,140,
S4_holdcheck_b_f001574.jpg,S4_holdcheck_b,1574,0,none,ok,ok,test,140,
S4_holdcheck_b_f001583.jpg,S4_holdcheck_b,1583,0,none,ok,ok,test,140,
S4_holdcheck_b_f001591.jpg,S4_holdcheck_b,1591,0,none,ok,ok,test,140,
S4_holdcheck_b_f001600.jpg,S4_holdcheck_b,1600,0,none,ok,ok,test,140,
S4_holdcheck_b_f001609.jpg,S4_holdcheck_b,1609,0,none,ok,ok,test,140,
S4_holdcheck_b_f001617.jpg,S4_holdcheck_b,1617,0,none,ok,ok,test,140,
S4_holdcheck_b_f001626.jpg,S4_holdcheck_b,1626,0,none,ok,ok,test,140,
S4_holdcheck_b_f001635.jpg,S4_holdcheck_b,1635,0,none,confirmed_empty,ok,test,140,
S4_holdcheck_b_f001645.jpg,S4_holdcheck_b,1645,0,none,ok,ok,test,140,
S4_holdcheck_b_f001653.jpg,S4_holdcheck_b,1653,0,none,ok,ok,test,140,
S4_holdcheck_b_f001660.jpg,S4_holdcheck_b,1660,0,none,ok,ok,test,140,
S4_holdcheck_b_f001661.jpg,S4_holdcheck_b,1661,0,none,confirmed_empty,ok,test,0,
S4_holdcheck_b_f001669.jpg,S4_holdcheck_b,1669,0,none,ok,ok,test,0,
S4_holdcheck_b_f001676.jpg,S4_holdcheck_b,1676,0,none,ok,ok,test,0,
S4_holdcheck_b_f001683.jpg,S4_holdcheck_b,1683,0,none,confirmed_empty,ok,test,0,
S4_holdcheck_b_f001690.jpg,S4_holdcheck_b,1690,0,none,confirmed_empty,ok,test,0,
