image,flight_key,stem,role,frame_idx,t_rel,tof_cm,height_cm,yaw_deg,pitch_deg,roll_deg,battery_pct,aruco_px,gsd_at_mat_mm_px,is_anchor,segment,occ_strip_mm,occ_deployed_pct,occ_realised_pct,usable,has_car,sharpness,quality_tier,occ_realised_match_dist,occ_realised_ref_image,occ_realised_band,fully_occluded
S2_A_hoverpairs_f000000.jpg,S2_A_hoverpairs,S2_futsal_hoverpairs_20260808_084337,S2_A_hoverpairs,0,0.373,10,0,0,0,-1,100,,,0,transitional,,,,0,1,181.0,soft_moderate,,,not_applicable,0
S2_A_hoverpairs_f000008.jpg,S2_A_hoverpairs,S2_futsal_hoverpairs_20260808_084337,S2_A_hoverpairs,8,0.615,10,0,0,0,-1,100,,,0,transitional,,,,0,1,190.2,sharp,,,not_applicable,0
S2_A_hoverpairs_f000016.jpg,S2_A_hoverpairs,S2_futsal_hoverpairs_20260808_084337,S2_A_hoverpairs,16,0.835,10,0,0,0,-1,100,,,0,transitional,,,,0,1,197.1,sharp,,,not_applicable,0
S2_A_hoverpairs_f000024.jpg,S2_A_hoverpairs,S2_futsal_hoverpairs_20260808_084337,S2_A_hoverpairs,24,1.074,10,0,0,0,-1,100,,,0,transitional,,,,0,1,197.7,sharp,,,not_applicable,0
S2_A_hoverpairs_f000032.jpg,S2_A_hoverpairs,S2_futsal_hoverpairs_20260808_084337,S2_A_hoverpairs,32,1.310,10,0,0,0,-1,100,,,0,transitional,,,,0,1,199.4,sharp,,,not_applicable,0
S2_A_hoverpairs_f000040.jpg,S2_A_hoverpairs,S2_futsal_hoverpairs_20260808_084337,S2_A_hoverpairs,40,1.645,10,0,0,0,-1,100,,,0,transitional,,,,0,1,193.6,sharp,,,not_applicable,0
S2_A_hoverpairs_f000048.jpg,S2_A_hoverpairs,S2_futsal_hoverpairs_20260808_084337,S2_A_hoverpairs,48,1.917,10,0,0,0,-1,100,,,0,transitional,,,,0,1,199.9,sharp,,,not_applicable,0
S2_A_hoverpairs_f000056.jpg,S2_A_hoverpairs,S2_futsal_hoverpairs_20260808_084337,S2_A_hoverpairs,56,2.190,10,0,0,0,-1,100,,,0,transitional,,,,0,1,200.1,sharp,,,not_applicable,0
S2_A_hoverpairs_f000064.jpg,S2_A_hoverpairs,S2_futsal_hoverpairs_20260808_084337,S2_A_hoverpairs,64,2.635,10,0,0,0,-1,100,,,0,transitional,,,,0,1,184.2,sharp,,,not_applicable,0
S2_A_hoverpairs_f000072.jpg,S2_A_hoverpairs,S2_futsal_hoverpairs_20260808_084337,S2_A_hoverpairs,72,2.954,10,0,0,0,-1,100,,,0,transitional,,,,0,1,196.3,sharp,,,not_applicable,0
S2_A_hoverpairs_f000080.jpg,S2_A_hoverpairs,S2_futsal_hoverpairs_20260808_084337,S2_A_hoverpairs,80,3.227,10,0,0,0,-1,100,,,0,transitional,,,,0,1,198.4,sharp,,,not_applicable,0
S2_A_hoverpairs_f000088.jpg,S2_A_hoverpairs,S2_futsal_hoverpairs_20260808_084337,S2_A_hoverpairs,88,4.141,10,0,0,0,-1,100,,,0,transitional,,,,0,1,193.1,sharp,,,not_applicable,0
S2_A_hoverpairs_f000120.jpg,S2_A_hoverpairs,S2_futsal_hoverpairs_20260808_084337,S2_A_hoverpairs,120,7.969,10,0,0,0,-1,100,,,0,transitional,,,,0,1,197.0,sharp,,,not_applicable,0
S2_A_hoverpairs_f000128.jpg,S2_A_hoverpairs,S2_futsal_hoverpairs_20260808_084337,S2_A_hoverpairs,128,8.141,10,0,0,0,-1,100,,,0,transitional,,,,0,1,199.0,sharp,,,not_applicable,0
S2_A_hoverpairs_f000136.jpg,S2_A_hoverpairs,S2_futsal_hoverpairs_20260808_084337,S2_A_hoverpairs,136,8.287,10,0,0,0,-1,100,,,0,transitional,,,,0,1,200.2,sharp,,,not_applicable,0
S2_A_hoverpairs_f000144.jpg,S2_A_hoverpairs,S2_futsal_hoverpairs_20260808_084337,S2_A_hoverpairs,144,8.560,10,0,0,0,-1,100,,,0,transitional,,,,0,1,190.2,sharp,,,not_applicable,0
S2_A_hoverpairs_f000152.jpg,S2_A_hoverpairs,S2_futsal_hoverpairs_20260808_084337,S2_A_hoverpairs,152,9.069,10,0,0,0,-1,100,,,0,transitional,,,,0,1,197.9,sharp,,,not_applicable,0
S2_A_hoverpairs_f000160.jpg,S2_A_hoverpairs,S2_futsal_hoverpairs_20260808_084337,S2_A_hoverpairs,160,9.387,10,0,0,0,-1,100,,,0,transitional,,,,0,1,199.0,sharp,,,not_applicable,0
S2_A_hoverpairs_f000168.jpg,S2_A_hoverpairs,S2_futsal_hoverpairs_20260808_084337,S2_A_hoverpairs,168,9.597,10,0,0,0,-1,100,,,0,transitional,,,,0,1,229.1,sharp,,,not_applicable,0
S2_A_hoverpairs_f000176.jpg,S2_A_hoverpairs,S2_futsal_hoverpairs_20260808_084337,S2_A_hoverpairs,176,9.884,10,0,0,0,-1,100,,,0,transitional,,,,0,1,237.5,sharp,,,not_applicable,0
S2_A_hoverpairs_f000184.jpg,S2_A_hoverpairs,S2_futsal_hoverpairs_20260808_084337,S2_A_hoverpairs,184,10.208,10,0,0,0,-1,100,,,0,transitional,,,,0,1,240.2,sharp,,,not_applicable,0
S2_A_hoverpairs_f000192.jpg,S2_A_hoverpairs,S2_futsal_hoverpairs_20260808_084337,S2_A_hoverpairs,192,10.490,10,0,0,0,-1,100,,,0,transitional,,,,0,1,183.4,sharp,,,not_applicable,0
S2_A_hoverpairs_f000200.jpg,S2_A_hoverpairs,S2_futsal_hoverpairs_20260808_084337,S2_A_hoverpairs,200,11.146,10,0,0,0,-1,100,,,0,transitional,,,,0,1,201.3,sharp,,,not_applicable,0
S2_A_hoverpairs_f000208.jpg,S2_A_hoverpairs,S2_futsal_hoverpairs_20260808_084337,S2_A_hoverpairs,208,11.305,10,0,0,0,-1,100,,,0,transitional,,,,0,1,203.0,sharp,,,not_applicable,0
S2_A_hoverpairs_f000216.jpg,S2_A_hoverpairs,S2_futsal_hoverpairs_20260808_084337,S2_A_hoverpairs,216,17.772,79,50,0,5,0,100,,,0,transitional,,,,0,1,178.4,soft_moderate,,,not_applicable,0
S2_A_hoverpairs_f000224.jpg,S2_A_hoverpairs,S2_futsal_hoverpairs_20260808_084337,S2_A_hoverpairs,224,18.098,79,50,0,5,0,100,,,0,transitional,,,,0,1,176.6,soft_moderate,,,not_applicable,0
S2_A_hoverpairs_f000232.jpg,S2_A_hoverpairs,S2_futsal_hoverpairs_20260808_084337,S2_A_hoverpairs,232,18.355,79,50,0,6,0,100,,,0,transitional,,,,0,1,177.2,soft_moderate,,,not_applicable,0
S2_A_hoverpairs_f000240.jpg,S2_A_hoverpairs,S2_futsal_hoverpairs_20260808_084337,S2_A_hoverpairs,240,18.614,80,50,0,6,-1,100,,,0,transitional,,,,0,1,182.5,sharp,,,not_applicable,0
S2_A_hoverpairs_f000248.jpg,S2_A_hoverpairs,S2_futsal_hoverpairs_20260808_084337,S2_A_hoverpairs,248,18.927,80,50,0,5,-1,100,,,0,transitional,,,,0,1,165.8,soft_heavy,,,not_applicable,0
S2_A_hoverpairs_f000256.jpg,S2_A_hoverpairs,S2_futsal_hoverpairs_20260808_084337,S2_A_hoverpairs,256,19.243,80,50,0,5,0,100,,,0,transitional,,,,0,1,162.9,soft_heavy,,,not_applicable,0
S2_A_hoverpairs_f000264.jpg,S2_A_hoverpairs,S2_futsal_hoverpairs_20260808_084337,S2_A_hoverpairs,264,19.594,80,50,0,5,0,100,,,0,transitional,,,,0,1,171.7,soft_moderate,,,not_applicable,0
S2_A_hoverpairs_f000272.jpg,S2_A_hoverpairs,S2_futsal_hoverpairs_20260808_084337,S2_A_hoverpairs,272,19.849,80,50,0,5,0,100,,,0,transitional,,,,0,1,170.6,soft_moderate,,,not_applicable,0
S2_A_hoverpairs_f000280.jpg,S2_A_hoverpairs,S2_futsal_hoverpairs_20260808_084337,S2_A_hoverpairs,280,20.108,81,50,0,4,0,100,,,0,transitional,,,,0,1,165.9,soft_heavy,,,not_applicable,0
S2_A_hoverpairs_f000288.jpg,S2_A_hoverpairs,S2_futsal_hoverpairs_20260808_084337,S2_A_hoverpairs,288,20.438,81,50,0,4,0,100,,,0,transitional,,,,0,1,167.2,soft_moderate,,,not_applicable,0
S2_A_hoverpairs_f000296.jpg,S2_A_hoverpairs,S2_futsal_hoverpairs_20260808_084337,S2_A_hoverpairs,296,20.646,81,50,0,3,1,100,,,0,transitional,,,,0,1,173.5,soft_moderate,,,not_applicable,0
S2_A_hoverpairs_f000304.jpg,S2_A_hoverpairs,S2_futsal_hoverpairs_20260808_084337,S2_A_hoverpairs,304,20.895,80,50,0,2,1,100,,,0,transitional,,,,0,1,168.0,soft_moderate,,,not_applicable,0
S2_A_hoverpairs_f000312.jpg,S2_A_hoverpairs,S2_futsal_hoverpairs_20260808_084337,S2_A_hoverpairs,312,21.149,80,50,0,2,1,100,,,0,transitional,,,,0,1,169.8,soft_moderate,,,not_applicable,0
S2_A_hoverpairs_f000320.jpg,S2_A_hoverpairs,S2_futsal_hoverpairs_20260808_084337,S2_A_hoverpairs,320,21.482,80,50,0,1,1,100,,,0,transitional,,,,0,1,174.0,soft_moderate,,,not_applicable,0
S2_A_hoverpairs_f000328.jpg,S2_A_hoverpairs,S2_futsal_hoverpairs_20260808_084337,S2_A_hoverpairs,328,21.780,80,50,0,2,1,100,,,0,transitional,,,,0,1,175.0,soft_moderate,,,not_applicable,0
S2_A_hoverpairs_f000336.jpg,S2_A_hoverpairs,S2_futsal_hoverpairs_20260808_084337,S2_A_hoverpairs,336,22.080,79,50,0,2,0,100,,,0,transitional,,,,0,1,176.2,soft_moderate,,,not_applicable,0
S2_A_hoverpairs_f000344.jpg,S2_A_hoverpairs,S2_futsal_hoverpairs_20260808_084337,S2_A_hoverpairs,344,22.348,80,50,0,2,0,100,,,0,transitional,,,,0,1,171.2,soft_moderate,,,not_applicable,0
S2_A_hoverpairs_f000352.jpg,S2_A_hoverpairs,S2_futsal_hoverpairs_20260808_084337,S2_A_hoverpairs,352,22.638,79,50,0,2,0,100,,,0,transitional,,,,0,1,173.9,soft_moderate,,,not_applicable,0
S2_A_hoverpairs_f000360.jpg,S2_A_hoverpairs,S2_futsal_hoverpairs_20260808_084337,S2_A_hoverpairs,360,22.906,79,50,0,2,0,100,,,0,transitional,,,,0,1,173.6,soft_moderate,,,not_applicable,0
S2_A_hoverpairs_f000368.jpg,S2_A_hoverpairs,S2_futsal_hoverpairs_20260808_084337,S2_A_hoverpairs,368,23.209,80,50,0,4,-1,100,,,0,transitional,,,,0,1,176.4,soft_moderate,,,not_applicable,0
S2_A_hoverpairs_f000376.jpg,S2_A_hoverpairs,S2_futsal_hoverpairs_20260808_084337,S2_A_hoverpairs,376,23.553,80,50,0,4,-1,100,,,0,transitional,,,,0,1,173.9,soft_moderate,,,not_applicable,0
S2_A_hoverpairs_f000384.jpg,S2_A_hoverpairs,S2_futsal_hoverpairs_20260808_084337,S2_A_hoverpairs,384,23.824,81,50,0,4,-2,100,,,0,transitional,,,,0,1,163.1,soft_heavy,,,not_applicable,0
S2_A_hoverpairs_f000392.jpg,S2_A_hoverpairs,S2_futsal_hoverpairs_20260808_084337,S2_A_hoverpairs,392,24.125,81,50,0,4,-1,100,,,0,transitional,,,,0,1,170.7,soft_moderate,,,not_applicable,0
S2_A_hoverpairs_f000400.jpg,S2_A_hoverpairs,S2_futsal_hoverpairs_20260808_084337,S2_A_hoverpairs,400,24.447,82,50,0,5,-1,100,,,0,transitional,,,,0,1,180.7,soft_moderate,,,not_applicable,0
S2_A_hoverpairs_f000408.jpg,S2_A_hoverpairs,S2_futsal_hoverpairs_20260808_084337,S2_A_hoverpairs,408,24.717,82,60,0,5,-1,100,,,0,transitional,,,,0,1,171.3,soft_moderate,,,not_applicable,0
S2_A_hoverpairs_f000416.jpg,S2_A_hoverpairs,S2_futsal_hoverpairs_20260808_084337,S2_A_hoverpairs,416,25.006,82,50,0,5,-1,100,,,0,transitional,,,,0,1,178.5,soft_moderate,,,not_applicable,0
S2_A_hoverpairs_f000424.jpg,S2_A_hoverpairs,S2_futsal_hoverpairs_20260808_084337,S2_A_hoverpairs,424,25.243,81,50,0,5,0,100,,,0,transitional,,,,0,1,167.1,soft_moderate,,,not_applicable,0
S2_A_hoverpairs_f000432.jpg,S2_A_hoverpairs,S2_futsal_hoverpairs_20260808_084337,S2_A_hoverpairs,432,25.580,79,50,0,5,0,100,,,0,transitional,,,,0,1,172.1,soft_moderate,,,not_applicable,0
S2_A_hoverpairs_f000440.jpg,S2_A_hoverpairs,S2_futsal_hoverpairs_20260808_084337,S2_A_hoverpairs,440,25.866,79,50,0,5,-1,100,,,0,transitional,,,,0,1,174.4,soft_moderate,,,not_applicable,0
S2_A_hoverpairs_f000448.jpg,S2_A_hoverpairs,S2_futsal_hoverpairs_20260808_084337,S2_A_hoverpairs,448,26.151,79,50,0,5,-1,100,,,0,transitional,,,,0,1,173.2,soft_moderate,,,not_applicable,0
S2_A_hoverpairs_f000456.jpg,S2_A_hoverpairs,S2_futsal_hoverpairs_20260808_084337,S2_A_hoverpairs,456,26.452,78,50,0,5,-1,100,,,0,transitional,,,,0,1,189.5,sharp,,,not_applicable,0
S2_A_hoverpairs_f000464.jpg,S2_A_hoverpairs,S2_futsal_hoverpairs_20260808_084337,S2_A_hoverpairs,464,26.780,79,50,0,5,-1,100,,,0,transitional,,,,0,1,173.1,soft_moderate,,,not_applicable,0
S2_A_hoverpairs_f000472.jpg,S2_A_hoverpairs,S2_futsal_hoverpairs_20260808_084337,S2_A_hoverpairs,472,27.193,79,50,-1,4,-2,100,,,0,transitional,,,,0,1,158.5,soft_heavy,,,not_applicable,0
S2_A_hoverpairs_f000480.jpg,S2_A_hoverpairs,S2_futsal_hoverpairs_20260808_084337,S2_A_hoverpairs,480,27.595,79,50,0,3,-1,100,,,0,transitional,,,,0,1,169.8,soft_moderate,,,not_applicable,0
S2_A_hoverpairs_f000488.jpg,S2_A_hoverpairs,S2_futsal_hoverpairs_20260808_084337,S2_A_hoverpairs,488,27.916,80,50,0,3,0,100,,,0,transitional,,,,0,1,176.5,soft_moderate,,,not_applicable,0
S2_A_hoverpairs_f000496.jpg,S2_A_hoverpairs,S2_futsal_hoverpairs_20260808_084337,S2_A_hoverpairs,496,28.175,80,50,0,2,0,100,,,0,transitional,,,,0,1,162.1,soft_heavy,,,not_applicable,0
S2_A_hoverpairs_f000504.jpg,S2_A_hoverpairs,S2_futsal_hoverpairs_20260808_084337,S2_A_hoverpairs,504,28.439,82,50,0,2,0,100,,,0,transitional,,,,0,1,181.9,sharp,,,not_applicable,0
S2_A_hoverpairs_f000512.jpg,S2_A_hoverpairs,S2_futsal_hoverpairs_20260808_084337,S2_A_hoverpairs,512,28.782,81,60,0,2,-1,100,,,0,transitional,,,,0,1,173.8,soft_moderate,,,not_applicable,0
S2_A_hoverpairs_f000520.jpg,S2_A_hoverpairs,S2_futsal_hoverpairs_20260808_084337,S2_A_hoverpairs,520,29.079,81,50,0,2,-1,100,,,0,transitional,,,,0,1,176.0,soft_moderate,,,not_applicable,0
S2_A_hoverpairs_f000528.jpg,S2_A_hoverpairs,S2_futsal_hoverpairs_20260808_084337,S2_A_hoverpairs,528,29.340,80,50,0,3,-1,100,,,0,transitional,,,,0,1,179.7,soft_moderate,,,not_applicable,0
S2_A_hoverpairs_f000536.jpg,S2_A_hoverpairs,S2_futsal_hoverpairs_20260808_084337,S2_A_hoverpairs,536,29.650,79,50,0,3,-1,100,,,0,transitional,,,,0,1,172.4,soft_moderate,,,not_applicable,0
S2_A_hoverpairs_f000544.jpg,S2_A_hoverpairs,S2_futsal_hoverpairs_20260808_084337,S2_A_hoverpairs,544,29.981,78,50,0,2,-1,100,,,0,transitional,,,,0,1,156.4,soft_heavy,,,not_applicable,0
S2_A_hoverpairs_f000552.jpg,S2_A_hoverpairs,S2_futsal_hoverpairs_20260808_084337,S2_A_hoverpairs,552,30.263,81,50,0,2,-2,100,,,0,transitional,,,,0,1,164.0,soft_heavy,,,not_applicable,0
S2_A_hoverpairs_f000560.jpg,S2_A_hoverpairs,S2_futsal_hoverpairs_20260808_084337,S2_A_hoverpairs,560,30.543,93,60,0,0,-1,100,,,0,transitional,,,,0,1,166.0,soft_heavy,,,not_applicable,0
S2_A_hoverpairs_f000568.jpg,S2_A_hoverpairs,S2_futsal_hoverpairs_20260808_084337,S2_A_hoverpairs,568,30.862,103,70,0,0,0,100,,,0,transitional,,,,0,1,171.4,soft_moderate,,,not_applicable,0
S2_A_hoverpairs_f000576.jpg,S2_A_hoverpairs,S2_futsal_hoverpairs_20260808_084337,S2_A_hoverpairs,576,31.219,111,80,0,0,0,100,,,0,transitional,,,,0,1,169.7,soft_moderate,,,not_applicable,0
S2_A_hoverpairs_f000584.jpg,S2_A_hoverpairs,S2_futsal_hoverpairs_20260808_084337,S2_A_hoverpairs,584,31.533,120,90,0,1,-2,100,,,0,transitional,,,,0,1,160.9,soft_heavy,,,not_applicable,0
S2_A_hoverpairs_f000592.jpg,S2_A_hoverpairs,S2_futsal_hoverpairs_20260808_084337,S2_A_hoverpairs,592,31.854,127,100,0,2,-2,100,,,0,transitional,,,,0,1,175.9,soft_moderate,,,not_applicable,0
S2_A_hoverpairs_f000600.jpg,S2_A_hoverpairs,S2_futsal_hoverpairs_20260808_084337,S2_A_hoverpairs,600,32.178,138,110,0,2,-2,100,,,0,transitional,,,,0,1,162.8,soft_heavy,,,not_applicable,0
S2_A_hoverpairs_f000608.jpg,S2_A_hoverpairs,S2_futsal_hoverpairs_20260808_084337,S2_A_hoverpairs,608,32.478,147,120,0,3,-2,100,,,0,transitional,,,,0,1,165.1,soft_heavy,,,not_applicable,0
S2_A_hoverpairs_f000616.jpg,S2_A_hoverpairs,S2_futsal_hoverpairs_20260808_084337,S2_A_hoverpairs,616,32.880,157,130,0,3,-4,100,,,0,transitional,,,,0,1,167.8,soft_moderate,,,not_applicable,0
S2_A_hoverpairs_f000624.jpg,S2_A_hoverpairs,S2_futsal_hoverpairs_20260808_084337,S2_A_hoverpairs,624,33.114,160,130,0,2,-1,100,,,0,transitional,,,,0,1,165.2,soft_heavy,,,not_applicable,0
S2_A_hoverpairs_f000632.jpg,S2_A_hoverpairs,S2_futsal_hoverpairs_20260808_084337,S2_A_hoverpairs,632,33.370,178,150,0,4,0,100,,,0,transitional,,,,0,1,172.3,soft_moderate,,,not_applicable,0
S2_A_hoverpairs_f000640.jpg,S2_A_hoverpairs,S2_futsal_hoverpairs_20260808_084337,S2_A_hoverpairs,640,33.641,184,150,0,5,-1,100,,,0,transitional,,,,0,1,176.2,soft_moderate,,,not_applicable,0
S2_A_hoverpairs_f000648.jpg,S2_A_hoverpairs,S2_futsal_hoverpairs_20260808_084337,S2_A_hoverpairs,648,33.983,187,160,0,5,-1,100,,,0,transitional,,,,0,1,170.3,soft_moderate,,,not_applicable,0
S2_A_hoverpairs_f000656.jpg,S2_A_hoverpairs,S2_futsal_hoverpairs_20260808_084337,S2_A_hoverpairs,656,34.329,190,160,0,4,0,100,,,0,transitional,,,,0,1,158.2,soft_heavy,,,not_applicable,0
S2_A_hoverpairs_f000664.jpg,S2_A_hoverpairs,S2_futsal_hoverpairs_20260808_084337,S2_A_hoverpairs,664,34.697,189,160,0,5,1,100,,,0,transitional,,,,0,1,174.0,soft_moderate,,,not_applicable,0
S2_A_hoverpairs_f000672.jpg,S2_A_hoverpairs,S2_futsal_hoverpairs_20260808_084337,S2_A_hoverpairs,672,35.045,186,160,0,4,0,100,,,0,transitional,,,,0,1,168.2,soft_moderate,,,not_applicable,0
S2_A_hoverpairs_f000680.jpg,S2_A_hoverpairs,S2_futsal_hoverpairs_20260808_084337,S2_A_hoverpairs,680,38.449,193,170,0,5,0,100,,,0,transitional,,,,0,1,178.9,soft_moderate,,,not_applicable,0
S2_A_hoverpairs_f000688.jpg,S2_A_hoverpairs,S2_futsal_hoverpairs_20260808_084337,S2_A_hoverpairs,688,38.854,193,160,0,5,0,100,,,0,transitional,,,,0,1,166.1,soft_heavy,,,not_applicable,0
S2_A_hoverpairs_f000696.jpg,S2_A_hoverpairs,S2_futsal_hoverpairs_20260808_084337,S2_A_hoverpairs,696,39.111,192,170,0,5,0,100,,,0,transitional,,,,0,1,169.3,soft_moderate,,,not_applicable,0
S2_A_hoverpairs_f000704.jpg,S2_A_hoverpairs,S2_futsal_hoverpairs_20260808_084337,S2_A_hoverpairs,704,39.413,194,170,0,4,0,100,,,0,transitional,,,,0,1,181.2,soft_moderate,,,not_applicable,0
S2_A_hoverpairs_f000712.jpg,S2_A_hoverpairs,S2_futsal_hoverpairs_20260808_084337,S2_A_hoverpairs,712,39.682,191,170,0,4,1,100,,,0,transitional,,,,0,1,165.1,soft_heavy,,,not_applicable,0
S2_A_hoverpairs_f000720.jpg,S2_A_hoverpairs,S2_futsal_hoverpairs_20260808_084337,S2_A_hoverpairs,720,40.015,192,160,0,5,0,100,,,0,transitional,,,,0,1,166.2,soft_heavy,,,not_applicable,0
S2_A_hoverpairs_f000728.jpg,S2_A_hoverpairs,S2_futsal_hoverpairs_20260808_084337,S2_A_hoverpairs,728,40.298,192,160,0,5,0,100,,,0,transitional,,,,0,1,174.9,soft_moderate,,,not_applicable,0
S2_A_hoverpairs_f000736.jpg,S2_A_hoverpairs,S2_futsal_hoverpairs_20260808_084337,S2_A_hoverpairs,736,40.600,189,160,0,5,0,100,19.40,4.964,0,transitional,,,,0,1,180.1,soft_moderate,,,not_applicable,0
S2_A_hoverpairs_f000744.jpg,S2_A_hoverpairs,S2_futsal_hoverpairs_20260808_084337,S2_A_hoverpairs,744,40.890,192,160,0,6,0,100,,,0,transitional,,,,0,1,179.2,soft_moderate,,,not_applicable,0
S2_A_hoverpairs_f000752.jpg,S2_A_hoverpairs,S2_futsal_hoverpairs_20260808_084337,S2_A_hoverpairs,752,41.175,192,160,0,5,0,100,,,0,transitional,,,,0,1,178.1,soft_moderate,,,not_applicable,0
S2_A_hoverpairs_f000760.jpg,S2_A_hoverpairs,S2_futsal_hoverpairs_20260808_084337,S2_A_hoverpairs,760,41.482,190,160,0,5,0,100,,,0,transitional,,,,0,1,177.0,soft_moderate,,,not_applicable,0
S2_A_hoverpairs_f000768.jpg,S2_A_hoverpairs,S2_futsal_hoverpairs_20260808_084337,S2_A_hoverpairs,768,41.749,189,160,0,5,-1,100,,,0,transitional,,,,0,1,177.2,soft_moderate,,,not_applicable,0
S2_A_hoverpairs_f000776.jpg,S2_A_hoverpairs,S2_futsal_hoverpairs_20260808_084337,S2_A_hoverpairs,776,42.034,193,160,0,5,0,100,,,0,transitional,,,,0,1,169.2,soft_moderate,,,not_applicable,0
S2_A_hoverpairs_f000784.jpg,S2_A_hoverpairs,S2_futsal_hoverpairs_20260808_084337,S2_A_hoverpairs,784,42.425,192,160,0,4,0,100,,,0,transitional,,,,0,1,166.0,soft_heavy,,,not_applicable,0
S2_A_hoverpairs_f000792.jpg,S2_A_hoverpairs,S2_futsal_hoverpairs_20260808_084337,S2_A_hoverpairs,792,42.679,192,160,0,4,0,100,,,0,transitional,,,,0,1,170.7,soft_moderate,,,not_applicable,0
S2_A_hoverpairs_f000800.jpg,S2_A_hoverpairs,S2_futsal_hoverpairs_20260808_084337,S2_A_hoverpairs,800,42.982,193,160,0,4,0,100,,,0,transitional,,,,0,1,187.1,sharp,,,not_applicable,0
S2_A_hoverpairs_f000808.jpg,S2_A_hoverpairs,S2_futsal_hoverpairs_20260808_084337,S2_A_hoverpairs,808,43.296,191,160,0,4,0,100,,,1,transitional,,,,0,1,183.1,sharp,,,not_applicable,0
S2_A_hoverpairs_f000816.jpg,S2_A_hoverpairs,S2_futsal_hoverpairs_20260808_084337,S2_A_hoverpairs,816,43.580,188,160,0,4,0,100,,,1,anchor,0,0,,1,1,183.5,sharp,,,not_applicable,0
S2_A_hoverpairs_f000824.jpg,S2_A_hoverpairs,S2_futsal_hoverpairs_20260808_084337,S2_A_hoverpairs,824,43.867,188,160,0,4,0,100,,,1,anchor,0,0,,1,1,176.8,soft_moderate,,,not_applicable,0
S2_A_hoverpairs_f000832.jpg,S2_A_hoverpairs,S2_futsal_hoverpairs_20260808_084337,S2_A_hoverpairs,832,44.229,187,160,0,3,0,100,19.06,5.052,1,anchor,0,0,,1,1,186.0,sharp,,,not_applicable,0
S2_A_hoverpairs_f000840.jpg,S2_A_hoverpairs,S2_futsal_hoverpairs_20260808_084337,S2_A_hoverpairs,840,44.484,188,160,0,4,1,100,,,1,anchor,0,0,,1,1,171.4,soft_moderate,,,not_applicable,0
S2_A_hoverpairs_f000848.jpg,S2_A_hoverpairs,S2_futsal_hoverpairs_20260808_084337,S2_A_hoverpairs,848,44.843,186,160,0,3,1,100,,,1,anchor,0,0,,1,1,177.2,soft_moderate,,,not_applicable,0
S2_A_hoverpairs_f000856.jpg,S2_A_hoverpairs,S2_futsal_hoverpairs_20260808_084337,S2_A_hoverpairs,856,45.082,184,160,0,4,1,100,18.99,5.071,1,anchor,0,0,,1,1,181.5,soft_moderate,,,not_applicable,0
S2_A_hoverpairs_f000864.jpg,S2_A_hoverpairs,S2_futsal_hoverpairs_20260808_084337,S2_A_hoverpairs,864,45.430,186,160,0,4,0,100,,,1,anchor,0,0,,1,1,183.7,sharp,,,not_applicable,0
S2_A_hoverpairs_f000872.jpg,S2_A_hoverpairs,S2_futsal_hoverpairs_20260808_084337,S2_A_hoverpairs,872,45.910,188,160,0,4,-1,100,,,1,anchor,0,0,,1,1,179.3,soft_moderate,,,not_applicable,0
S2_A_hoverpairs_f000880.jpg,S2_A_hoverpairs,S2_futsal_hoverpairs_20260808_084337,S2_A_hoverpairs,880,46.264,188,160,0,4,0,100,,,1,anchor,0,0,,1,1,207.4,sharp,,,not_applicable,0
S2_A_hoverpairs_f000888.jpg,S2_A_hoverpairs,S2_futsal_hoverpairs_20260808_084337,S2_A_hoverpairs,888,46.617,192,160,0,4,0,100,19.12,5.037,1,anchor,0,0,,1,1,178.1,soft_moderate,,,not_applicable,0
S2_A_hoverpairs_f000896.jpg,S2_A_hoverpairs,S2_futsal_hoverpairs_20260808_084337,S2_A_hoverpairs,896,46.964,191,160,0,4,-1,100,,,1,anchor,0,0,,1,1,180.5,soft_moderate,,,not_applicable,0
S2_A_hoverpairs_f000904.jpg,S2_A_hoverpairs,S2_futsal_hoverpairs_20260808_084337,S2_A_hoverpairs,904,47.263,188,160,0,4,-1,100,,,1,anchor,0,0,,1,1,185.9,sharp,,,not_applicable,0
S2_A_hoverpairs_f000912.jpg,S2_A_hoverpairs,S2_futsal_hoverpairs_20260808_084337,S2_A_hoverpairs,912,47.575,192,160,0,4,-1,100,,,1,transitional,,,,0,1,170.7,soft_moderate,,,not_applicable,0
S2_A_hoverpairs_f000920.jpg,S2_A_hoverpairs,S2_futsal_hoverpairs_20260808_084337,S2_A_hoverpairs,920,47.864,190,160,0,3,1,100,,,1,transitional,,,,0,1,159.0,soft_heavy,,,not_applicable,0
S2_A_hoverpairs_f000928.jpg,S2_A_hoverpairs,S2_futsal_hoverpairs_20260808_084337,S2_A_hoverpairs,928,48.192,190,160,0,2,2,100,,,0,transitional,,,,0,1,167.0,soft_moderate,,,not_applicable,0
S2_A_hoverpairs_f000936.jpg,S2_A_hoverpairs,S2_futsal_hoverpairs_20260808_084337,S2_A_hoverpairs,936,48.548,194,160,0,2,2,100,,,0,transitional,,,,0,1,180.3,soft_moderate,,,not_applicable,0
S2_A_hoverpairs_f000944.jpg,S2_A_hoverpairs,S2_futsal_hoverpairs_20260808_084337,S2_A_hoverpairs,944,48.880,196,170,0,1,2,100,,,0,transitional,,,,0,1,172.9,soft_moderate,,,not_applicable,0
S2_A_hoverpairs_f000952.jpg,S2_A_hoverpairs,S2_futsal_hoverpairs_20260808_084337,S2_A_hoverpairs,952,49.199,197,170,0,1,1,100,,,0,transitional,,,,0,1,178.0,soft_moderate,,,not_applicable,0
S2_A_hoverpairs_f000960.jpg,S2_A_hoverpairs,S2_futsal_hoverpairs_20260808_084337,S2_A_hoverpairs,960,49.492,196,170,0,1,1,100,,,0,transitional,,,,0,1,188.3,sharp,,,not_applicable,0
S2_A_hoverpairs_f000968.jpg,S2_A_hoverpairs,S2_futsal_hoverpairs_20260808_084337,S2_A_hoverpairs,968,49.780,193,170,0,1,1,100,,,0,transitional,,,,0,1,173.1,soft_moderate,,,not_applicable,0
S2_A_hoverpairs_f000976.jpg,S2_A_hoverpairs,S2_futsal_hoverpairs_20260808_084337,S2_A_hoverpairs,976,50.080,191,170,0,2,1,100,,,0,transitional,,,,0,1,186.4,sharp,,,not_applicable,0
S2_A_hoverpairs_f000984.jpg,S2_A_hoverpairs,S2_futsal_hoverpairs_20260808_084337,S2_A_hoverpairs,984,50.438,194,160,0,3,1,100,,,0,transitional,,,,0,1,200.1,sharp,,,not_applicable,0
S2_A_hoverpairs_f000992.jpg,S2_A_hoverpairs,S2_futsal_hoverpairs_20260808_084337,S2_A_hoverpairs,992,50.767,188,160,0,3,1,100,,,1,transitional,,,,0,1,182.5,sharp,,,not_applicable,0
S2_A_hoverpairs_f001000.jpg,S2_A_hoverpairs,S2_futsal_hoverpairs_20260808_084337,S2_A_hoverpairs,1000,51.165,186,160,0,4,1,100,,,1,transitional,,,,0,1,181.0,soft_moderate,,,not_applicable,0
S2_A_hoverpairs_f001008.jpg,S2_A_hoverpairs,S2_futsal_hoverpairs_20260808_084337,S2_A_hoverpairs,1008,51.469,187,160,0,3,2,100,,,1,CLEAN,0,0,,1,1,184.2,sharp,,,not_applicable,0
S2_A_hoverpairs_f001016.jpg,S2_A_hoverpairs,S2_futsal_hoverpairs_20260808_084337,S2_A_hoverpairs,1016,51.828,188,160,0,2,2,100,,,1,CLEAN,0,0,,1,1,171.9,soft_moderate,,,not_applicable,0
S2_A_hoverpairs_f001024.jpg,S2_A_hoverpairs,S2_futsal_hoverpairs_20260808_084337,S2_A_hoverpairs,1024,52.100,189,160,0,2,1,100,,,1,CLEAN,0,0,,1,1,176.1,soft_moderate,,,not_applicable,0
S2_A_hoverpairs_f001032.jpg,S2_A_hoverpairs,S2_futsal_hoverpairs_20260808_084337,S2_A_hoverpairs,1032,52.340,189,160,0,2,1,100,,,1,CLEAN,0,0,,1,1,175.7,soft_moderate,,,not_applicable,0
S2_A_hoverpairs_f001040.jpg,S2_A_hoverpairs,S2_futsal_hoverpairs_20260808_084337,S2_A_hoverpairs,1040,52.643,191,160,0,2,1,100,,,1,CLEAN,0,0,,1,1,179.7,soft_moderate,,,not_applicable,0
S2_A_hoverpairs_f001048.jpg,S2_A_hoverpairs,S2_futsal_hoverpairs_20260808_084337,S2_A_hoverpairs,1048,52.897,190,160,0,1,2,100,19.37,4.972,1,CLEAN,0,0,,1,1,174.5,soft_moderate,,,not_applicable,0
S2_A_hoverpairs_f001056.jpg,S2_A_hoverpairs,S2_futsal_hoverpairs_20260808_084337,S2_A_hoverpairs,1056,53.258,191,160,0,1,2,100,19.12,5.037,1,CLEAN,0,0,,1,1,179.2,soft_moderate,,,not_applicable,0
S2_A_hoverpairs_f001064.jpg,S2_A_hoverpairs,S2_futsal_hoverpairs_20260808_084337,S2_A_hoverpairs,1064,53.534,193,160,0,2,2,100,,,1,CLEAN,0,0,,1,1,182.0,sharp,,,not_applicable,0
S2_A_hoverpairs_f001072.jpg,S2_A_hoverpairs,S2_futsal_hoverpairs_20260808_084337,S2_A_hoverpairs,1072,53.849,193,170,0,2,1,100,18.68,5.155,1,CLEAN,0,0,,1,1,188.0,sharp,,,not_applicable,0
S2_A_hoverpairs_f001080.jpg,S2_A_hoverpairs,S2_futsal_hoverpairs_20260808_084337,S2_A_hoverpairs,1080,54.143,189,160,0,2,2,100,,,1,CLEAN,0,0,,1,1,182.4,sharp,,,not_applicable,0
S2_A_hoverpairs_f001088.jpg,S2_A_hoverpairs,S2_futsal_hoverpairs_20260808_084337,S2_A_hoverpairs,1088,54.478,190,160,0,1,1,100,,,1,CLEAN,0,0,,1,1,184.5,sharp,,,not_applicable,0
S2_A_hoverpairs_f001096.jpg,S2_A_hoverpairs,S2_futsal_hoverpairs_20260808_084337,S2_A_hoverpairs,1096,54.894,190,160,0,2,2,100,,,1,CLEAN,0,0,,1,1,190.9,sharp,,,not_applicable,0
S2_A_hoverpairs_f001104.jpg,S2_A_hoverpairs,S2_futsal_hoverpairs_20260808_084337,S2_A_hoverpairs,1104,55.184,189,160,0,2,1,100,19.26,5.000,1,CLEAN,0,0,,1,1,182.6,sharp,,,not_applicable,0
S2_A_hoverpairs_f001112.jpg,S2_A_hoverpairs,S2_futsal_hoverpairs_20260808_084337,S2_A_hoverpairs,1112,55.514,190,160,0,3,1,100,,,1,CLEAN,0,0,,1,1,173.9,soft_moderate,,,not_applicable,0
S2_A_hoverpairs_f001120.jpg,S2_A_hoverpairs,S2_futsal_hoverpairs_20260808_084337,S2_A_hoverpairs,1120,55.777,189,160,0,3,2,100,,,1,CLEAN,0,0,,1,1,172.2,soft_moderate,,,not_applicable,0
S2_A_hoverpairs_f001128.jpg,S2_A_hoverpairs,S2_futsal_hoverpairs_20260808_084337,S2_A_hoverpairs,1128,56.070,190,160,0,2,1,100,,,1,CLEAN,0,0,,1,1,178.4,soft_moderate,,,not_applicable,0
S2_A_hoverpairs_f001136.jpg,S2_A_hoverpairs,S2_futsal_hoverpairs_20260808_084337,S2_A_hoverpairs,1136,56.364,191,160,0,2,2,100,,,1,CLEAN,0,0,,1,1,179.3,soft_moderate,,,not_applicable,0
S2_A_hoverpairs_f001144.jpg,S2_A_hoverpairs,S2_futsal_hoverpairs_20260808_084337,S2_A_hoverpairs,1144,56.720,195,160,0,1,2,100,,,1,CLEAN,0,0,,1,1,173.6,soft_moderate,,,not_applicable,0
S2_A_hoverpairs_f001152.jpg,S2_A_hoverpairs,S2_futsal_hoverpairs_20260808_084337,S2_A_hoverpairs,1152,57.048,193,160,0,1,2,100,,,1,CLEAN,0,0,,1,1,180.2,soft_moderate,,,not_applicable,0
S2_A_hoverpairs_f001160.jpg,S2_A_hoverpairs,S2_futsal_hoverpairs_20260808_084337,S2_A_hoverpairs,1160,57.377,191,160,0,1,2,100,,,1,CLEAN,0,0,,1,1,180.7,soft_moderate,,,not_applicable,0
S2_A_hoverpairs_f001168.jpg,S2_A_hoverpairs,S2_futsal_hoverpairs_20260808_084337,S2_A_hoverpairs,1168,57.664,191,160,0,2,2,100,,,1,transitional,,,,0,1,181.2,soft_moderate,,,not_applicable,0
S2_A_hoverpairs_f001176.jpg,S2_A_hoverpairs,S2_futsal_hoverpairs_20260808_084337,S2_A_hoverpairs,1176,57.964,189,160,0,2,1,100,,,1,transitional,,,,0,1,182.3,sharp,,,not_applicable,0
S2_A_hoverpairs_f001184.jpg,S2_A_hoverpairs,S2_futsal_hoverpairs_20260808_084337,S2_A_hoverpairs,1184,58.269,190,160,0,2,1,100,19.12,5.037,0,transitional,,,,0,1,186.8,sharp,,,not_applicable,0
S2_A_hoverpairs_f001192.jpg,S2_A_hoverpairs,S2_futsal_hoverpairs_20260808_084337,S2_A_hoverpairs,1192,58.550,191,160,0,2,1,100,,,0,transitional,,,,0,1,187.6,sharp,,,not_applicable,0
S2_A_hoverpairs_f001200.jpg,S2_A_hoverpairs,S2_futsal_hoverpairs_20260808_084337,S2_A_hoverpairs,1200,58.816,190,160,0,2,2,100,,,0,transitional,,,,0,1,179.4,soft_moderate,,,not_applicable,0
S2_A_hoverpairs_f001208.jpg,S2_A_hoverpairs,S2_futsal_hoverpairs_20260808_084337,S2_A_hoverpairs,1208,59.117,188,160,0,2,2,100,19.17,5.023,0,transitional,,,,0,1,180.8,soft_moderate,,,not_applicable,0
S2_A_hoverpairs_f001216.jpg,S2_A_hoverpairs,S2_futsal_hoverpairs_20260808_084337,S2_A_hoverpairs,1216,59.567,189,160,0,2,2,100,19.37,4.972,0,transitional,,,,0,1,174.9,soft_moderate,,,not_applicable,0
S2_A_hoverpairs_f001224.jpg,S2_A_hoverpairs,S2_futsal_hoverpairs_20260808_084337,S2_A_hoverpairs,1224,59.875,190,160,0,3,2,100,,,0,transitional,,,,0,1,177.4,soft_moderate,,,not_applicable,0
S2_A_hoverpairs_f001232.jpg,S2_A_hoverpairs,S2_futsal_hoverpairs_20260808_084337,S2_A_hoverpairs,1232,60.265,189,160,0,3,2,100,18.68,5.155,0,transitional,,,,0,1,185.0,sharp,,,not_applicable,0
S2_A_hoverpairs_f001240.jpg,S2_A_hoverpairs,S2_futsal_hoverpairs_20260808_084337,S2_A_hoverpairs,1240,60.660,189,160,0,2,2,100,,,0,transitional,,,,0,1,184.7,sharp,,,not_applicable,0
S2_A_hoverpairs_f001248.jpg,S2_A_hoverpairs,S2_futsal_hoverpairs_20260808_084337,S2_A_hoverpairs,1248,61.022,188,160,0,1,2,100,18.68,5.155,0,transitional,,,,0,1,175.4,soft_moderate,,,not_applicable,0
S2_A_hoverpairs_f001256.jpg,S2_A_hoverpairs,S2_futsal_hoverpairs_20260808_084337,S2_A_hoverpairs,1256,61.382,187,160,0,0,2,100,,,0,transitional,,,,0,1,176.0,soft_moderate,,,not_applicable,0
S2_A_hoverpairs_f001264.jpg,S2_A_hoverpairs,S2_futsal_hoverpairs_20260808_084337,S2_A_hoverpairs,1264,61.679,191,160,0,2,2,100,19.50,4.938,0,transitional,,,,0,1,181.1,soft_moderate,,,not_applicable,0
S2_A_hoverpairs_f001272.jpg,S2_A_hoverpairs,S2_futsal_hoverpairs_20260808_084337,S2_A_hoverpairs,1272,62.010,192,160,0,1,2,100,,,0,transitional,,,,0,1,180.0,soft_moderate,,,not_applicable,0
S2_A_hoverpairs_f001280.jpg,S2_A_hoverpairs,S2_futsal_hoverpairs_20260808_084337,S2_A_hoverpairs,1280,62.357,191,160,0,1,2,100,,,0,transitional,,,,0,1,182.6,sharp,,,not_applicable,0
S2_A_hoverpairs_f001288.jpg,S2_A_hoverpairs,S2_futsal_hoverpairs_20260808_084337,S2_A_hoverpairs,1288,62.613,189,160,0,2,1,100,,,0,transitional,,,,0,1,187.9,sharp,,,not_applicable,0
S2_A_hoverpairs_f001296.jpg,S2_A_hoverpairs,S2_futsal_hoverpairs_20260808_084337,S2_A_hoverpairs,1296,62.913,188,160,0,2,1,100,,,0,transitional,,,,0,1,182.9,sharp,,,not_applicable,0
S2_A_hoverpairs_f001304.jpg,S2_A_hoverpairs,S2_futsal_hoverpairs_20260808_084337,S2_A_hoverpairs,1304,63.253,189,160,0,2,2,100,,,0,transitional,,,,0,1,172.1,soft_moderate,,,not_applicable,0
S2_A_hoverpairs_f001312.jpg,S2_A_hoverpairs,S2_futsal_hoverpairs_20260808_084337,S2_A_hoverpairs,1312,63.582,185,160,0,2,1,100,19.43,4.956,0,transitional,,,,0,1,174.9,soft_moderate,,,not_applicable,0
S2_A_hoverpairs_f001320.jpg,S2_A_hoverpairs,S2_futsal_hoverpairs_20260808_084337,S2_A_hoverpairs,1320,63.943,187,160,0,2,1,100,19.87,4.847,0,transitional,,,,0,1,179.3,soft_moderate,,,not_applicable,0
S2_A_hoverpairs_f001328.jpg,S2_A_hoverpairs,S2_futsal_hoverpairs_20260808_084337,S2_A_hoverpairs,1328,64.264,188,160,0,2,1,100,,,0,transitional,,,,0,1,182.9,sharp,,,not_applicable,0
S2_A_hoverpairs_f001336.jpg,S2_A_hoverpairs,S2_futsal_hoverpairs_20260808_084337,S2_A_hoverpairs,1336,64.677,189,160,0,2,1,100,,,0,transitional,,,,0,1,175.2,soft_moderate,,,not_applicable,0
S2_A_hoverpairs_f001344.jpg,S2_A_hoverpairs,S2_futsal_hoverpairs_20260808_084337,S2_A_hoverpairs,1344,65.026,190,160,0,2,1,100,,,0,transitional,,,,0,1,171.4,soft_moderate,,,not_applicable,0
S2_A_hoverpairs_f001352.jpg,S2_A_hoverpairs,S2_futsal_hoverpairs_20260808_084337,S2_A_hoverpairs,1352,65.324,191,160,0,2,2,100,,,0,transitional,,,,0,1,178.9,soft_moderate,,,not_applicable,0
S2_A_hoverpairs_f001360.jpg,S2_A_hoverpairs,S2_futsal_hoverpairs_20260808_084337,S2_A_hoverpairs,1360,65.582,191,160,0,2,1,100,,,0,transitional,,,,0,1,179.5,soft_moderate,,,not_applicable,0
S2_A_hoverpairs_f001368.jpg,S2_A_hoverpairs,S2_futsal_hoverpairs_20260808_084337,S2_A_hoverpairs,1368,65.956,190,160,0,2,1,100,,,0,transitional,,,,0,1,174.5,soft_moderate,,,not_applicable,0
S2_A_hoverpairs_f001376.jpg,S2_A_hoverpairs,S2_futsal_hoverpairs_20260808_084337,S2_A_hoverpairs,1376,66.229,189,160,0,3,1,100,,,0,transitional,,,,0,1,186.1,sharp,,,not_applicable,0
S2_A_hoverpairs_f001384.jpg,S2_A_hoverpairs,S2_futsal_hoverpairs_20260808_084337,S2_A_hoverpairs,1384,66.651,188,160,0,2,1,100,,,0,transitional,,,,0,1,206.6,sharp,,,not_applicable,0
S2_A_hoverpairs_f001392.jpg,S2_A_hoverpairs,S2_futsal_hoverpairs_20260808_084337,S2_A_hoverpairs,1392,67.042,190,160,0,2,0,100,,,0,transitional,,,,0,1,184.1,sharp,,,not_applicable,0
S2_A_hoverpairs_f001400.jpg,S2_A_hoverpairs,S2_futsal_hoverpairs_20260808_084337,S2_A_hoverpairs,1400,67.458,183,160,0,1,1,100,,,0,transitional,,,,0,1,184.9,sharp,,,not_applicable,0
S2_A_hoverpairs_f001408.jpg,S2_A_hoverpairs,S2_futsal_hoverpairs_20260808_084337,S2_A_hoverpairs,1408,67.777,185,160,0,1,2,100,,,0,transitional,,,,0,1,180.1,soft_moderate,,,not_applicable,0
S2_A_hoverpairs_f001416.jpg,S2_A_hoverpairs,S2_futsal_hoverpairs_20260808_084337,S2_A_hoverpairs,1416,68.116,187,160,0,2,2,100,,,0,transitional,,,,0,1,174.8,soft_moderate,,,not_applicable,0
S2_A_hoverpairs_f001424.jpg,S2_A_hoverpairs,S2_futsal_hoverpairs_20260808_084337,S2_A_hoverpairs,1424,68.396,191,160,0,3,2,100,18.76,5.133,0,transitional,,,,0,1,176.3,soft_moderate,,,not_applicable,0
S2_A_hoverpairs_f001432.jpg,S2_A_hoverpairs,S2_futsal_hoverpairs_20260808_084337,S2_A_hoverpairs,1432,68.752,192,160,0,3,2,100,19.76,4.873,0,transitional,,,,0,1,187.2,sharp,,,not_applicable,0
S2_A_hoverpairs_f001440.jpg,S2_A_hoverpairs,S2_futsal_hoverpairs_20260808_084337,S2_A_hoverpairs,1440,69.039,190,160,0,3,2,100,,,0,transitional,,,,0,1,181.3,soft_moderate,,,not_applicable,0
S2_A_hoverpairs_f001448.jpg,S2_A_hoverpairs,S2_futsal_hoverpairs_20260808_084337,S2_A_hoverpairs,1448,69.398,188,160,0,2,2,100,,,0,transitional,,,,0,1,196.9,sharp,,,not_applicable,0
S2_A_hoverpairs_f001456.jpg,S2_A_hoverpairs,S2_futsal_hoverpairs_20260808_084337,S2_A_hoverpairs,1456,69.716,190,160,0,2,2,100,,,0,transitional,,,,0,1,182.8,sharp,,,not_applicable,0
S2_A_hoverpairs_f001464.jpg,S2_A_hoverpairs,S2_futsal_hoverpairs_20260808_084337,S2_A_hoverpairs,1464,70.514,187,160,0,2,2,100,,,0,transitional,,,,0,1,177.8,soft_moderate,,,not_applicable,0
S2_A_hoverpairs_f001472.jpg,S2_A_hoverpairs,S2_futsal_hoverpairs_20260808_084337,S2_A_hoverpairs,1472,71.176,187,160,0,2,2,100,,,0,transitional,,,,0,1,172.1,soft_moderate,,,not_applicable,0
S2_A_hoverpairs_f001480.jpg,S2_A_hoverpairs,S2_futsal_hoverpairs_20260808_084337,S2_A_hoverpairs,1480,72.563,189,160,0,1,2,100,,,0,transitional,,,,0,1,280.4,sharp,,,not_applicable,0
S2_A_hoverpairs_f001488.jpg,S2_A_hoverpairs,S2_futsal_hoverpairs_20260808_084337,S2_A_hoverpairs,1488,73.212,189,160,0,1,2,100,,,0,transitional,,,,0,1,243.6,sharp,,,not_applicable,0
S2_A_hoverpairs_f001496.jpg,S2_A_hoverpairs,S2_futsal_hoverpairs_20260808_084337,S2_A_hoverpairs,1496,73.512,188,160,0,1,2,99,,,0,transitional,,,,0,1,272.2,sharp,,,not_applicable,0
S2_A_hoverpairs_f001504.jpg,S2_A_hoverpairs,S2_futsal_hoverpairs_20260808_084337,S2_A_hoverpairs,1504,73.815,185,160,0,1,2,99,,,0,transitional,,,,0,1,223.2,sharp,,,not_applicable,0
S2_A_hoverpairs_f001512.jpg,S2_A_hoverpairs,S2_futsal_hoverpairs_20260808_084337,S2_A_hoverpairs,1512,74.078,186,160,0,1,2,99,,,0,transitional,,,,0,1,205.4,sharp,,,not_applicable,0
S2_A_hoverpairs_f001520.jpg,S2_A_hoverpairs,S2_futsal_hoverpairs_20260808_084337,S2_A_hoverpairs,1520,74.368,187,160,0,1,2,99,,,0,transitional,,,,0,1,197.6,sharp,,,not_applicable,0
S2_A_hoverpairs_f001528.jpg,S2_A_hoverpairs,S2_futsal_hoverpairs_20260808_084337,S2_A_hoverpairs,1528,74.664,186,160,0,2,1,99,19.43,4.956,0,transitional,,,,0,1,184.7,sharp,,,not_applicable,0
S2_A_hoverpairs_f001536.jpg,S2_A_hoverpairs,S2_futsal_hoverpairs_20260808_084337,S2_A_hoverpairs,1536,74.950,185,160,0,0,1,99,,,0,transitional,,,,0,1,179.6,soft_moderate,,,not_applicable,0
S2_A_hoverpairs_f001544.jpg,S2_A_hoverpairs,S2_futsal_hoverpairs_20260808_084337,S2_A_hoverpairs,1544,75.245,188,160,0,1,2,98,18.68,5.155,0,transitional,,,,0,1,182.8,sharp,,,not_applicable,0
S2_A_hoverpairs_f001552.jpg,S2_A_hoverpairs,S2_futsal_hoverpairs_20260808_084337,S2_A_hoverpairs,1552,75.471,184,160,0,1,2,98,,,0,transitional,,,,0,1,196.5,sharp,,,not_applicable,0
S2_A_hoverpairs_f001560.jpg,S2_A_hoverpairs,S2_futsal_hoverpairs_20260808_084337,S2_A_hoverpairs,1560,75.731,187,160,0,1,2,98,,,0,transitional,,,,0,1,179.0,soft_moderate,,,not_applicable,0
S2_A_hoverpairs_f001568.jpg,S2_A_hoverpairs,S2_futsal_hoverpairs_20260808_084337,S2_A_hoverpairs,1568,76.016,187,160,0,1,2,98,,,0,transitional,,,,0,1,185.9,sharp,,,not_applicable,0
S2_A_hoverpairs_f001576.jpg,S2_A_hoverpairs,S2_futsal_hoverpairs_20260808_084337,S2_A_hoverpairs,1576,76.382,187,160,0,0,2,98,,,0,transitional,,,,0,1,180.3,soft_moderate,,,not_applicable,0
S2_A_hoverpairs_f001584.jpg,S2_A_hoverpairs,S2_futsal_hoverpairs_20260808_084337,S2_A_hoverpairs,1584,76.645,188,160,0,1,1,98,19.82,4.859,0,transitional,,,,0,1,184.4,sharp,,,not_applicable,0
S2_A_hoverpairs_f001592.jpg,S2_A_hoverpairs,S2_futsal_hoverpairs_20260808_084337,S2_A_hoverpairs,1592,76.917,189,160,0,1,2,98,,,0,transitional,,,,0,1,186.8,sharp,,,not_applicable,0
S2_A_hoverpairs_f001600.jpg,S2_A_hoverpairs,S2_futsal_hoverpairs_20260808_084337,S2_A_hoverpairs,1600,77.231,188,160,0,2,2,97,,,0,transitional,,,,0,1,188.7,sharp,,,not_applicable,0
S2_A_hoverpairs_f001608.jpg,S2_A_hoverpairs,S2_futsal_hoverpairs_20260808_084337,S2_A_hoverpairs,1608,77.502,184,160,0,2,1,97,,,0,transitional,,,,0,1,191.4,sharp,,,not_applicable,0
S2_A_hoverpairs_f001616.jpg,S2_A_hoverpairs,S2_futsal_hoverpairs_20260808_084337,S2_A_hoverpairs,1616,77.866,187,160,0,3,1,97,,,0,transitional,,,,0,1,185.2,sharp,,,not_applicable,0
S2_A_hoverpairs_f001624.jpg,S2_A_hoverpairs,S2_futsal_hoverpairs_20260808_084337,S2_A_hoverpairs,1624,78.142,184,160,0,3,0,97,,,0,transitional,,,,0,1,186.0,sharp,,,not_applicable,0
S2_A_hoverpairs_f001632.jpg,S2_A_hoverpairs,S2_futsal_hoverpairs_20260808_084337,S2_A_hoverpairs,1632,78.466,183,160,0,3,1,97,,,0,transitional,,,,0,1,205.7,sharp,,,not_applicable,0
S2_A_hoverpairs_f001640.jpg,S2_A_hoverpairs,S2_futsal_hoverpairs_20260808_084337,S2_A_hoverpairs,1640,78.799,183,160,0,3,0,97,,,0,transitional,,,,0,1,190.0,sharp,,,not_applicable,0
S2_A_hoverpairs_f001648.jpg,S2_A_hoverpairs,S2_futsal_hoverpairs_20260808_084337,S2_A_hoverpairs,1648,79.083,185,160,0,3,0,97,,,0,transitional,,,,0,1,198.5,sharp,,,not_applicable,0
S2_A_hoverpairs_f001656.jpg,S2_A_hoverpairs,S2_futsal_hoverpairs_20260808_084337,S2_A_hoverpairs,1656,79.374,184,160,0,3,0,96,,,0,transitional,,,,0,1,197.7,sharp,,,not_applicable,0
S2_A_hoverpairs_f001664.jpg,S2_A_hoverpairs,S2_futsal_hoverpairs_20260808_084337,S2_A_hoverpairs,1664,79.666,184,160,0,2,0,96,,,0,transitional,,,,0,1,193.1,sharp,,,not_applicable,0
S2_A_hoverpairs_f001672.jpg,S2_A_hoverpairs,S2_futsal_hoverpairs_20260808_084337,S2_A_hoverpairs,1672,79.978,184,160,0,3,0,96,,,0,transitional,,,,0,1,185.0,sharp,,,not_applicable,0
S2_A_hoverpairs_f001680.jpg,S2_A_hoverpairs,S2_futsal_hoverpairs_20260808_084337,S2_A_hoverpairs,1680,80.337,186,160,0,2,1,96,,,0,transitional,,,,0,1,189.1,sharp,,,not_applicable,0
S2_A_hoverpairs_f001688.jpg,S2_A_hoverpairs,S2_futsal_hoverpairs_20260808_084337,S2_A_hoverpairs,1688,80.615,185,160,0,2,0,96,,,0,transitional,,,,0,1,188.7,sharp,,,not_applicable,0
S2_A_hoverpairs_f001696.jpg,S2_A_hoverpairs,S2_futsal_hoverpairs_20260808_084337,S2_A_hoverpairs,1696,80.933,184,160,0,2,0,96,,,0,transitional,,,,0,1,184.0,sharp,,,not_applicable,0
S2_A_hoverpairs_f001704.jpg,S2_A_hoverpairs,S2_futsal_hoverpairs_20260808_084337,S2_A_hoverpairs,1704,81.184,185,160,0,2,0,95,19.57,4.921,0,transitional,,,,0,1,185.8,sharp,,,not_applicable,0
S2_A_hoverpairs_f001712.jpg,S2_A_hoverpairs,S2_futsal_hoverpairs_20260808_084337,S2_A_hoverpairs,1712,81.520,187,160,0,2,1,95,,,0,transitional,,,,0,1,195.2,sharp,,,not_applicable,0
S2_A_hoverpairs_f001720.jpg,S2_A_hoverpairs,S2_futsal_hoverpairs_20260808_084337,S2_A_hoverpairs,1720,81.959,186,160,0,2,1,95,,,0,transitional,,,,0,1,190.5,sharp,,,not_applicable,0
S2_A_hoverpairs_f001728.jpg,S2_A_hoverpairs,S2_futsal_hoverpairs_20260808_084337,S2_A_hoverpairs,1728,82.180,184,160,0,2,1,95,,,0,transitional,,,,0,1,186.3,sharp,,,not_applicable,0
S2_A_hoverpairs_f001736.jpg,S2_A_hoverpairs,S2_futsal_hoverpairs_20260808_084337,S2_A_hoverpairs,1736,82.562,184,160,0,2,1,95,19.06,5.052,0,transitional,,,,0,1,187.5,sharp,,,not_applicable,0
S2_A_hoverpairs_f001744.jpg,S2_A_hoverpairs,S2_futsal_hoverpairs_20260808_084337,S2_A_hoverpairs,1744,82.864,187,160,0,3,2,95,20.16,4.777,0,transitional,,,,0,1,188.8,sharp,,,not_applicable,0
S2_A_hoverpairs_f001752.jpg,S2_A_hoverpairs,S2_futsal_hoverpairs_20260808_084337,S2_A_hoverpairs,1752,83.145,187,160,0,3,1,95,19.99,4.817,0,transitional,,,,0,1,197.6,sharp,,,not_applicable,0
S2_A_hoverpairs_f001760.jpg,S2_A_hoverpairs,S2_futsal_hoverpairs_20260808_084337,S2_A_hoverpairs,1760,83.467,189,160,0,2,1,94,,,0,transitional,,,,0,1,198.8,sharp,,,not_applicable,0
S2_A_hoverpairs_f001768.jpg,S2_A_hoverpairs,S2_futsal_hoverpairs_20260808_084337,S2_A_hoverpairs,1768,83.749,188,160,0,2,2,94,,,0,transitional,,,,0,1,187.9,sharp,,,not_applicable,0
S2_A_hoverpairs_f001776.jpg,S2_A_hoverpairs,S2_futsal_hoverpairs_20260808_084337,S2_A_hoverpairs,1776,84.029,187,160,0,2,1,94,,,0,transitional,,,,0,1,181.4,soft_moderate,,,not_applicable,0
S2_A_hoverpairs_f001784.jpg,S2_A_hoverpairs,S2_futsal_hoverpairs_20260808_084337,S2_A_hoverpairs,1784,84.319,188,160,0,2,1,94,,,0,transitional,,,,0,1,191.3,sharp,,,not_applicable,0
S2_A_hoverpairs_f001792.jpg,S2_A_hoverpairs,S2_futsal_hoverpairs_20260808_084337,S2_A_hoverpairs,1792,84.634,188,160,0,2,1,94,,,0,transitional,,,,0,1,179.1,soft_moderate,,,not_applicable,0
S2_A_hoverpairs_f001800.jpg,S2_A_hoverpairs,S2_futsal_hoverpairs_20260808_084337,S2_A_hoverpairs,1800,84.936,192,160,0,1,1,94,,,0,transitional,,,,0,1,193.3,sharp,,,not_applicable,0
S2_A_hoverpairs_f001808.jpg,S2_A_hoverpairs,S2_futsal_hoverpairs_20260808_084337,S2_A_hoverpairs,1808,85.250,190,160,0,1,2,93,,,0,transitional,,,,0,1,183.6,sharp,,,not_applicable,0
S2_A_hoverpairs_f001816.jpg,S2_A_hoverpairs,S2_futsal_hoverpairs_20260808_084337,S2_A_hoverpairs,1816,85.561,189,160,0,1,1,93,,,0,transitional,,,,0,1,188.4,sharp,,,not_applicable,0
S2_A_hoverpairs_f001824.jpg,S2_A_hoverpairs,S2_futsal_hoverpairs_20260808_084337,S2_A_hoverpairs,1824,85.883,191,160,0,1,1,93,,,0,transitional,,,,0,1,180.2,soft_moderate,,,not_applicable,0
S2_A_hoverpairs_f001832.jpg,S2_A_hoverpairs,S2_futsal_hoverpairs_20260808_084337,S2_A_hoverpairs,1832,86.184,193,160,0,1,1,93,,,0,transitional,,,,0,1,186.2,sharp,,,not_applicable,0
S2_A_hoverpairs_f001840.jpg,S2_A_hoverpairs,S2_futsal_hoverpairs_20260808_084337,S2_A_hoverpairs,1840,86.484,191,160,0,2,0,93,,,0,transitional,,,,0,1,200.4,sharp,,,not_applicable,0
S2_A_hoverpairs_f001848.jpg,S2_A_hoverpairs,S2_futsal_hoverpairs_20260808_084337,S2_A_hoverpairs,1848,86.771,191,160,0,1,1,93,,,0,transitional,,,,0,1,181.9,sharp,,,not_applicable,0
S2_A_hoverpairs_f001856.jpg,S2_A_hoverpairs,S2_futsal_hoverpairs_20260808_084337,S2_A_hoverpairs,1856,87.045,192,160,0,1,0,93,,,0,transitional,,,,0,1,186.4,sharp,,,not_applicable,0
S2_A_hoverpairs_f001864.jpg,S2_A_hoverpairs,S2_futsal_hoverpairs_20260808_084337,S2_A_hoverpairs,1864,87.338,189,160,0,1,0,93,,,0,transitional,,,,0,1,188.5,sharp,,,not_applicable,0
S2_A_hoverpairs_f001872.jpg,S2_A_hoverpairs,S2_futsal_hoverpairs_20260808_084337,S2_A_hoverpairs,1872,87.665,192,160,0,0,0,93,,,0,transitional,,,,0,1,188.3,sharp,,,not_applicable,0
S2_A_hoverpairs_f001880.jpg,S2_A_hoverpairs,S2_futsal_hoverpairs_20260808_084337,S2_A_hoverpairs,1880,88.017,191,160,0,0,0,93,,,0,transitional,,,,0,1,180.8,soft_moderate,,,not_applicable,0
S2_A_hoverpairs_f001888.jpg,S2_A_hoverpairs,S2_futsal_hoverpairs_20260808_084337,S2_A_hoverpairs,1888,88.328,189,160,0,0,1,92,19.30,4.990,0,transitional,,,,0,1,182.9,sharp,,,not_applicable,0
S2_A_hoverpairs_f001896.jpg,S2_A_hoverpairs,S2_futsal_hoverpairs_20260808_084337,S2_A_hoverpairs,1896,88.617,187,160,0,0,1,92,,,0,transitional,,,,0,1,186.5,sharp,,,not_applicable,0
S2_A_hoverpairs_f001904.jpg,S2_A_hoverpairs,S2_futsal_hoverpairs_20260808_084337,S2_A_hoverpairs,1904,88.962,186,160,0,1,2,92,,,0,transitional,,,,0,1,188.2,sharp,,,not_applicable,0
S2_A_hoverpairs_f001912.jpg,S2_A_hoverpairs,S2_futsal_hoverpairs_20260808_084337,S2_A_hoverpairs,1912,89.333,184,160,0,1,1,92,,,0,transitional,,,,0,1,187.3,sharp,,,not_applicable,0
S2_A_hoverpairs_f001920.jpg,S2_A_hoverpairs,S2_futsal_hoverpairs_20260808_084337,S2_A_hoverpairs,1920,89.634,186,160,0,1,1,92,,,0,transitional,,,,0,1,184.6,sharp,,,not_applicable,0
S2_A_hoverpairs_f001928.jpg,S2_A_hoverpairs,S2_futsal_hoverpairs_20260808_084337,S2_A_hoverpairs,1928,89.961,186,160,0,2,1,92,,,0,transitional,,,,0,1,186.4,sharp,,,not_applicable,0
S2_A_hoverpairs_f001936.jpg,S2_A_hoverpairs,S2_futsal_hoverpairs_20260808_084337,S2_A_hoverpairs,1936,90.309,189,160,0,1,1,92,19.43,4.956,0,transitional,,,,0,1,191.8,sharp,,,not_applicable,0
S2_A_hoverpairs_f001944.jpg,S2_A_hoverpairs,S2_futsal_hoverpairs_20260808_084337,S2_A_hoverpairs,1944,90.583,189,160,0,1,1,92,,,0,transitional,,,,0,1,197.2,sharp,,,not_applicable,0
S2_A_hoverpairs_f001952.jpg,S2_A_hoverpairs,S2_futsal_hoverpairs_20260808_084337,S2_A_hoverpairs,1952,90.911,187,160,0,1,1,92,,,0,transitional,,,,0,1,190.5,sharp,,,not_applicable,0
S2_A_hoverpairs_f001960.jpg,S2_A_hoverpairs,S2_futsal_hoverpairs_20260808_084337,S2_A_hoverpairs,1960,91.235,188,160,0,1,1,92,,,0,transitional,,,,0,1,193.1,sharp,,,not_applicable,0
S2_A_hoverpairs_f001968.jpg,S2_A_hoverpairs,S2_futsal_hoverpairs_20260808_084337,S2_A_hoverpairs,1968,91.577,190,160,0,0,1,92,,,0,transitional,,,,0,1,197.1,sharp,,,not_applicable,0
S2_A_hoverpairs_f001976.jpg,S2_A_hoverpairs,S2_futsal_hoverpairs_20260808_084337,S2_A_hoverpairs,1976,91.875,185,160,0,0,1,92,18.57,5.186,0,transitional,,,,0,1,197.7,sharp,,,not_applicable,0
S2_A_hoverpairs_f001984.jpg,S2_A_hoverpairs,S2_futsal_hoverpairs_20260808_084337,S2_A_hoverpairs,1984,92.145,189,160,0,0,1,92,,,0,transitional,,,,0,1,192.4,sharp,,,not_applicable,0
S2_A_hoverpairs_f001992.jpg,S2_A_hoverpairs,S2_futsal_hoverpairs_20260808_084337,S2_A_hoverpairs,1992,92.538,188,160,0,0,1,92,,,0,transitional,,,,0,1,204.4,sharp,,,not_applicable,0
S2_A_hoverpairs_f002000.jpg,S2_A_hoverpairs,S2_futsal_hoverpairs_20260808_084337,S2_A_hoverpairs,2000,92.860,189,160,0,0,1,92,,,0,transitional,,,,0,1,195.0,sharp,,,not_applicable,0
S2_A_hoverpairs_f002008.jpg,S2_A_hoverpairs,S2_futsal_hoverpairs_20260808_084337,S2_A_hoverpairs,2008,93.151,187,160,0,0,1,92,,,0,transitional,,,,0,1,183.8,sharp,,,not_applicable,0
S2_A_hoverpairs_f002016.jpg,S2_A_hoverpairs,S2_futsal_hoverpairs_20260808_084337,S2_A_hoverpairs,2016,93.394,186,160,0,0,1,92,,,0,transitional,,,,0,1,193.7,sharp,,,not_applicable,0
S2_A_hoverpairs_f002024.jpg,S2_A_hoverpairs,S2_futsal_hoverpairs_20260808_084337,S2_A_hoverpairs,2024,93.766,189,160,0,1,1,92,,,0,transitional,,,,0,1,190.3,sharp,,,not_applicable,0
S2_A_hoverpairs_f002032.jpg,S2_A_hoverpairs,S2_futsal_hoverpairs_20260808_084337,S2_A_hoverpairs,2032,94.036,190,160,0,1,1,92,,,0,transitional,,,,0,1,195.0,sharp,,,not_applicable,0
S2_A_hoverpairs_f002040.jpg,S2_A_hoverpairs,S2_futsal_hoverpairs_20260808_084337,S2_A_hoverpairs,2040,94.350,191,160,0,1,1,92,,,0,transitional,,,,0,1,196.9,sharp,,,not_applicable,0
S2_A_hoverpairs_f002048.jpg,S2_A_hoverpairs,S2_futsal_hoverpairs_20260808_084337,S2_A_hoverpairs,2048,94.686,192,160,0,1,1,92,,,0,transitional,,,,0,1,204.3,sharp,,,not_applicable,0
S2_A_hoverpairs_f002056.jpg,S2_A_hoverpairs,S2_futsal_hoverpairs_20260808_084337,S2_A_hoverpairs,2056,94.986,189,160,0,1,2,92,,,0,transitional,,,,0,1,188.4,sharp,,,not_applicable,0
S2_A_hoverpairs_f002064.jpg,S2_A_hoverpairs,S2_futsal_hoverpairs_20260808_084337,S2_A_hoverpairs,2064,95.219,191,160,0,1,1,92,,,0,transitional,,,,0,1,202.0,sharp,,,not_applicable,0
S2_A_hoverpairs_f002072.jpg,S2_A_hoverpairs,S2_futsal_hoverpairs_20260808_084337,S2_A_hoverpairs,2072,95.478,186,160,0,1,1,92,,,0,transitional,,,,0,1,210.4,sharp,,,not_applicable,0
S2_A_hoverpairs_f002080.jpg,S2_A_hoverpairs,S2_futsal_hoverpairs_20260808_084337,S2_A_hoverpairs,2080,95.835,186,160,0,1,1,92,,,0,transitional,,,,0,1,199.8,sharp,,,not_applicable,0
S2_A_hoverpairs_f002088.jpg,S2_A_hoverpairs,S2_futsal_hoverpairs_20260808_084337,S2_A_hoverpairs,2088,96.111,187,160,0,2,1,92,,,0,transitional,,,,0,1,202.0,sharp,,,not_applicable,0
S2_A_hoverpairs_f002096.jpg,S2_A_hoverpairs,S2_futsal_hoverpairs_20260808_084337,S2_A_hoverpairs,2096,96.415,188,160,0,2,1,92,,,0,transitional,,,,0,1,190.0,sharp,,,not_applicable,0
S2_A_hoverpairs_f002104.jpg,S2_A_hoverpairs,S2_futsal_hoverpairs_20260808_084337,S2_A_hoverpairs,2104,96.664,187,160,0,2,1,92,,,0,transitional,,,,0,1,204.6,sharp,,,not_applicable,0
S2_A_hoverpairs_f002112.jpg,S2_A_hoverpairs,S2_futsal_hoverpairs_20260808_084337,S2_A_hoverpairs,2112,97.043,188,160,0,1,1,92,,,0,transitional,,,,0,1,190.2,sharp,,,not_applicable,0
S2_A_hoverpairs_f002120.jpg,S2_A_hoverpairs,S2_futsal_hoverpairs_20260808_084337,S2_A_hoverpairs,2120,97.342,186,160,0,1,1,91,,,0,transitional,,,,0,1,191.5,sharp,,,not_applicable,0
S2_A_hoverpairs_f002128.jpg,S2_A_hoverpairs,S2_futsal_hoverpairs_20260808_084337,S2_A_hoverpairs,2128,97.649,189,160,0,1,1,91,,,0,transitional,,,,0,1,196.9,sharp,,,not_applicable,0
S2_A_hoverpairs_f002136.jpg,S2_A_hoverpairs,S2_futsal_hoverpairs_20260808_084337,S2_A_hoverpairs,2136,98.064,189,160,0,1,2,91,,,0,transitional,,,,0,1,192.1,sharp,,,not_applicable,0
S2_A_hoverpairs_f002144.jpg,S2_A_hoverpairs,S2_futsal_hoverpairs_20260808_084337,S2_A_hoverpairs,2144,98.377,186,160,0,1,1,91,,,0,transitional,,,,0,1,206.0,sharp,,,not_applicable,0
S2_A_hoverpairs_f002152.jpg,S2_A_hoverpairs,S2_futsal_hoverpairs_20260808_084337,S2_A_hoverpairs,2152,98.651,188,160,0,1,1,91,,,0,transitional,,,,0,1,195.8,sharp,,,not_applicable,0
S2_A_hoverpairs_f002160.jpg,S2_A_hoverpairs,S2_futsal_hoverpairs_20260808_084337,S2_A_hoverpairs,2160,98.933,186,160,0,1,1,91,,,0,transitional,,,,0,1,198.8,sharp,,,not_applicable,0
S2_A_hoverpairs_f002168.jpg,S2_A_hoverpairs,S2_futsal_hoverpairs_20260808_084337,S2_A_hoverpairs,2168,99.236,187,160,0,1,1,91,,,0,transitional,,,,0,1,197.0,sharp,,,not_applicable,0
S2_A_hoverpairs_f002176.jpg,S2_A_hoverpairs,S2_futsal_hoverpairs_20260808_084337,S2_A_hoverpairs,2176,99.508,187,160,0,1,1,91,,,0,transitional,,,,0,1,200.9,sharp,,,not_applicable,0
S2_A_hoverpairs_f002184.jpg,S2_A_hoverpairs,S2_futsal_hoverpairs_20260808_084337,S2_A_hoverpairs,2184,99.798,187,160,0,1,1,91,,,0,transitional,,,,0,1,181.0,soft_moderate,,,not_applicable,0
S2_A_hoverpairs_f002192.jpg,S2_A_hoverpairs,S2_futsal_hoverpairs_20260808_084337,S2_A_hoverpairs,2192,100.065,188,160,0,1,0,91,,,0,transitional,,,,0,1,179.9,soft_moderate,,,not_applicable,0
S2_A_hoverpairs_f002200.jpg,S2_A_hoverpairs,S2_futsal_hoverpairs_20260808_084337,S2_A_hoverpairs,2200,100.374,189,160,0,1,0,91,,,0,transitional,,,,0,1,191.8,sharp,,,not_applicable,0
S2_A_hoverpairs_f002208.jpg,S2_A_hoverpairs,S2_futsal_hoverpairs_20260808_084337,S2_A_hoverpairs,2208,100.675,186,160,0,2,0,91,,,0,transitional,,,,0,1,188.6,sharp,,,not_applicable,0
S2_A_hoverpairs_f002216.jpg,S2_A_hoverpairs,S2_futsal_hoverpairs_20260808_084337,S2_A_hoverpairs,2216,100.916,188,160,0,2,0,91,,,0,transitional,,,,0,1,199.9,sharp,,,not_applicable,0
S2_A_hoverpairs_f002224.jpg,S2_A_hoverpairs,S2_futsal_hoverpairs_20260808_084337,S2_A_hoverpairs,2224,101.228,187,160,0,2,0,91,,,0,transitional,,,,0,1,189.9,sharp,,,not_applicable,0
S2_A_hoverpairs_f002232.jpg,S2_A_hoverpairs,S2_futsal_hoverpairs_20260808_084337,S2_A_hoverpairs,2232,101.534,191,160,0,2,0,91,,,0,transitional,,,,0,1,201.1,sharp,,,not_applicable,0
S2_A_hoverpairs_f002240.jpg,S2_A_hoverpairs,S2_futsal_hoverpairs_20260808_084337,S2_A_hoverpairs,2240,102.050,189,160,0,2,0,91,,,0,transitional,,,,0,1,200.2,sharp,,,not_applicable,0
S2_A_hoverpairs_f002248.jpg,S2_A_hoverpairs,S2_futsal_hoverpairs_20260808_084337,S2_A_hoverpairs,2248,102.317,189,160,0,2,0,90,,,0,transitional,,,,0,1,203.2,sharp,,,not_applicable,0
S2_A_hoverpairs_f002256.jpg,S2_A_hoverpairs,S2_futsal_hoverpairs_20260808_084337,S2_A_hoverpairs,2256,102.647,188,160,0,2,0,90,,,0,transitional,,,,0,1,200.3,sharp,,,not_applicable,0
S2_A_hoverpairs_f002264.jpg,S2_A_hoverpairs,S2_futsal_hoverpairs_20260808_084337,S2_A_hoverpairs,2264,102.918,188,160,0,2,0,90,,,0,transitional,,,,0,1,194.8,sharp,,,not_applicable,0
S2_A_hoverpairs_f002272.jpg,S2_A_hoverpairs,S2_futsal_hoverpairs_20260808_084337,S2_A_hoverpairs,2272,103.253,193,160,0,2,0,90,,,0,transitional,,,,0,1,196.4,sharp,,,not_applicable,0
S2_A_hoverpairs_f002280.jpg,S2_A_hoverpairs,S2_futsal_hoverpairs_20260808_084337,S2_A_hoverpairs,2280,103.565,187,160,0,1,0,90,,,0,transitional,,,,0,1,203.0,sharp,,,not_applicable,0
S2_A_hoverpairs_f002288.jpg,S2_A_hoverpairs,S2_futsal_hoverpairs_20260808_084337,S2_A_hoverpairs,2288,103.850,188,160,0,1,0,90,,,0,transitional,,,,0,1,189.5,sharp,,,not_applicable,0
S2_A_hoverpairs_f002296.jpg,S2_A_hoverpairs,S2_futsal_hoverpairs_20260808_084337,S2_A_hoverpairs,2296,104.135,187,160,0,1,0,90,,,0,transitional,,,,0,1,193.8,sharp,,,not_applicable,0
S2_A_hoverpairs_f002304.jpg,S2_A_hoverpairs,S2_futsal_hoverpairs_20260808_084337,S2_A_hoverpairs,2304,104.499,186,160,0,1,0,90,,,0,transitional,,,,0,1,193.8,sharp,,,not_applicable,0
S2_A_hoverpairs_f002312.jpg,S2_A_hoverpairs,S2_futsal_hoverpairs_20260808_084337,S2_A_hoverpairs,2312,104.752,187,160,0,1,0,90,,,0,transitional,,,,0,1,194.6,sharp,,,not_applicable,0
S2_A_hoverpairs_f002320.jpg,S2_A_hoverpairs,S2_futsal_hoverpairs_20260808_084337,S2_A_hoverpairs,2320,105.050,189,160,0,1,0,90,,,0,transitional,,,,0,1,192.7,sharp,,,not_applicable,0
S2_A_hoverpairs_f002328.jpg,S2_A_hoverpairs,S2_futsal_hoverpairs_20260808_084337,S2_A_hoverpairs,2328,105.350,187,160,0,1,0,90,,,0,transitional,,,,0,1,193.9,sharp,,,not_applicable,0
S2_A_hoverpairs_f002336.jpg,S2_A_hoverpairs,S2_futsal_hoverpairs_20260808_084337,S2_A_hoverpairs,2336,105.701,189,160,0,1,0,90,,,0,transitional,,,,0,1,200.2,sharp,,,not_applicable,0
S2_A_hoverpairs_f002344.jpg,S2_A_hoverpairs,S2_futsal_hoverpairs_20260808_084337,S2_A_hoverpairs,2344,106.006,189,160,0,3,0,90,,,0,transitional,,,,0,1,200.2,sharp,,,not_applicable,0
S2_A_hoverpairs_f002352.jpg,S2_A_hoverpairs,S2_futsal_hoverpairs_20260808_084337,S2_A_hoverpairs,2352,106.284,188,160,0,3,0,90,,,0,transitional,,,,0,1,203.3,sharp,,,not_applicable,0
S2_A_hoverpairs_f002360.jpg,S2_A_hoverpairs,S2_futsal_hoverpairs_20260808_084337,S2_A_hoverpairs,2360,106.633,191,160,0,2,1,90,,,0,transitional,,,,0,1,209.8,sharp,,,not_applicable,0
S2_A_hoverpairs_f002368.jpg,S2_A_hoverpairs,S2_futsal_hoverpairs_20260808_084337,S2_A_hoverpairs,2368,106.946,188,160,0,2,1,90,,,0,transitional,,,,0,1,198.5,sharp,,,not_applicable,0
S2_A_hoverpairs_f002376.jpg,S2_A_hoverpairs,S2_futsal_hoverpairs_20260808_084337,S2_A_hoverpairs,2376,107.212,190,160,0,2,2,90,,,0,transitional,,,,0,1,191.5,sharp,,,not_applicable,0
S2_A_hoverpairs_f002384.jpg,S2_A_hoverpairs,S2_futsal_hoverpairs_20260808_084337,S2_A_hoverpairs,2384,107.514,191,160,0,2,2,90,,,0,transitional,,,,0,1,204.5,sharp,,,not_applicable,0
S2_A_hoverpairs_f002392.jpg,S2_A_hoverpairs,S2_futsal_hoverpairs_20260808_084337,S2_A_hoverpairs,2392,107.814,188,160,0,1,1,90,,,0,transitional,,,,0,1,191.1,sharp,,,not_applicable,0
S2_A_hoverpairs_f002400.jpg,S2_A_hoverpairs,S2_futsal_hoverpairs_20260808_084337,S2_A_hoverpairs,2400,108.102,186,160,0,1,2,90,,,0,transitional,,,,0,1,184.1,sharp,,,not_applicable,0
S2_A_hoverpairs_f002408.jpg,S2_A_hoverpairs,S2_futsal_hoverpairs_20260808_084337,S2_A_hoverpairs,2408,108.535,190,160,0,2,0,90,,,0,transitional,,,,0,1,197.6,sharp,,,not_applicable,0
S2_A_hoverpairs_f002416.jpg,S2_A_hoverpairs,S2_futsal_hoverpairs_20260808_084337,S2_A_hoverpairs,2416,108.798,189,160,0,1,2,90,,,0,transitional,,,,0,1,184.6,sharp,,,not_applicable,0
S2_A_hoverpairs_f002424.jpg,S2_A_hoverpairs,S2_futsal_hoverpairs_20260808_084337,S2_A_hoverpairs,2424,109.084,188,160,0,1,2,90,,,0,transitional,,,,0,1,196.8,sharp,,,not_applicable,0
S2_A_hoverpairs_f002432.jpg,S2_A_hoverpairs,S2_futsal_hoverpairs_20260808_084337,S2_A_hoverpairs,2432,114.430,186,160,0,1,2,89,,,0,transitional,,,,0,1,194.1,sharp,,,not_applicable,0
S2_A_hoverpairs_f002440.jpg,S2_A_hoverpairs,S2_futsal_hoverpairs_20260808_084337,S2_A_hoverpairs,2440,114.717,190,160,0,2,1,89,,,0,transitional,,,,0,1,195.3,sharp,,,not_applicable,0
S2_A_hoverpairs_f002448.jpg,S2_A_hoverpairs,S2_futsal_hoverpairs_20260808_084337,S2_A_hoverpairs,2448,114.968,190,160,0,2,2,89,,,0,transitional,,,,0,1,191.4,sharp,,,not_applicable,0
S2_A_hoverpairs_f002456.jpg,S2_A_hoverpairs,S2_futsal_hoverpairs_20260808_084337,S2_A_hoverpairs,2456,115.251,192,160,0,2,1,89,,,0,transitional,,,,0,1,198.0,sharp,,,not_applicable,0
S2_A_hoverpairs_f002464.jpg,S2_A_hoverpairs,S2_futsal_hoverpairs_20260808_084337,S2_A_hoverpairs,2464,115.777,188,160,0,1,1,89,,,0,transitional,,,,0,1,189.1,sharp,,,not_applicable,0
S2_A_hoverpairs_f002472.jpg,S2_A_hoverpairs,S2_futsal_hoverpairs_20260808_084337,S2_A_hoverpairs,2472,116.014,190,160,0,1,1,89,,,1,transitional,,,,0,1,190.7,sharp,,,not_applicable,0
S2_A_hoverpairs_f002480.jpg,S2_A_hoverpairs,S2_futsal_hoverpairs_20260808_084337,S2_A_hoverpairs,2480,116.302,185,160,0,2,1,89,,,1,transitional,,,,0,1,194.3,sharp,,,not_applicable,0
S2_A_hoverpairs_f002488.jpg,S2_A_hoverpairs,S2_futsal_hoverpairs_20260808_084337,S2_A_hoverpairs,2488,116.668,188,160,0,2,1,89,,,1,OCC25,54,25,,1,1,193.0,sharp,,,indeterminate,0
S2_A_hoverpairs_f002496.jpg,S2_A_hoverpairs,S2_futsal_hoverpairs_20260808_084337,S2_A_hoverpairs,2496,116.981,189,160,0,2,1,89,,,1,OCC25,54,25,,1,1,189.9,sharp,,,indeterminate,0
S2_A_hoverpairs_f002504.jpg,S2_A_hoverpairs,S2_futsal_hoverpairs_20260808_084337,S2_A_hoverpairs,2504,117.242,187,160,0,1,1,89,,,1,OCC25,54,25,,1,1,202.9,sharp,,,indeterminate,0
S2_A_hoverpairs_f002512.jpg,S2_A_hoverpairs,S2_futsal_hoverpairs_20260808_084337,S2_A_hoverpairs,2512,117.515,186,160,0,2,1,89,,,1,OCC25,54,25,,1,1,191.5,sharp,,,indeterminate,0
S2_A_hoverpairs_f002520.jpg,S2_A_hoverpairs,S2_futsal_hoverpairs_20260808_084337,S2_A_hoverpairs,2520,117.801,187,160,0,2,2,89,,,1,OCC25,54,25,,1,1,202.4,sharp,,,indeterminate,0
S2_A_hoverpairs_f002528.jpg,S2_A_hoverpairs,S2_futsal_hoverpairs_20260808_084337,S2_A_hoverpairs,2528,118.155,189,160,0,1,2,89,,,1,OCC25,54,25,,1,1,194.6,sharp,,,indeterminate,0
S2_A_hoverpairs_f002536.jpg,S2_A_hoverpairs,S2_futsal_hoverpairs_20260808_084337,S2_A_hoverpairs,2536,118.486,188,160,0,1,2,88,,,1,OCC25,54,25,,1,1,211.1,sharp,,,indeterminate,0
S2_A_hoverpairs_f002544.jpg,S2_A_hoverpairs,S2_futsal_hoverpairs_20260808_084337,S2_A_hoverpairs,2544,118.829,188,160,0,1,2,88,,,1,OCC25,54,25,,1,1,189.5,sharp,,,indeterminate,0
S2_A_hoverpairs_f002552.jpg,S2_A_hoverpairs,S2_futsal_hoverpairs_20260808_084337,S2_A_hoverpairs,2552,119.134,187,160,0,1,1,88,,,1,OCC25,54,25,,1,1,198.5,sharp,,,indeterminate,0
S2_A_hoverpairs_f002560.jpg,S2_A_hoverpairs,S2_futsal_hoverpairs_20260808_084337,S2_A_hoverpairs,2560,119.377,185,160,0,1,1,88,,,1,OCC25,54,25,,1,1,188.9,sharp,,,indeterminate,0
S2_A_hoverpairs_f002568.jpg,S2_A_hoverpairs,S2_futsal_hoverpairs_20260808_084337,S2_A_hoverpairs,2568,119.676,185,160,0,1,1,88,,,1,OCC25,54,25,,1,1,196.0,sharp,,,indeterminate,0
S2_A_hoverpairs_f002576.jpg,S2_A_hoverpairs,S2_futsal_hoverpairs_20260808_084337,S2_A_hoverpairs,2576,119.988,186,160,0,1,1,88,,,1,OCC25,54,25,,1,1,187.6,sharp,,,indeterminate,0
S2_A_hoverpairs_f002584.jpg,S2_A_hoverpairs,S2_futsal_hoverpairs_20260808_084337,S2_A_hoverpairs,2584,120.278,185,160,0,1,1,88,,,1,OCC25,54,25,,1,1,194.7,sharp,,,indeterminate,0
S2_A_hoverpairs_f002592.jpg,S2_A_hoverpairs,S2_futsal_hoverpairs_20260808_084337,S2_A_hoverpairs,2592,120.543,186,160,0,1,1,88,,,1,OCC25,54,25,,1,1,193.0,sharp,,,indeterminate,0
S2_A_hoverpairs_f002600.jpg,S2_A_hoverpairs,S2_futsal_hoverpairs_20260808_084337,S2_A_hoverpairs,2600,120.846,186,160,0,1,1,88,,,1,OCC25,54,25,,1,1,195.6,sharp,,,indeterminate,0
S2_A_hoverpairs_f002608.jpg,S2_A_hoverpairs,S2_futsal_hoverpairs_20260808_084337,S2_A_hoverpairs,2608,121.134,188,160,0,2,1,88,,,1,OCC25,54,25,,1,1,196.9,sharp,,,indeterminate,0
S2_A_hoverpairs_f002616.jpg,S2_A_hoverpairs,S2_futsal_hoverpairs_20260808_084337,S2_A_hoverpairs,2616,121.446,186,160,0,2,1,88,,,1,OCC25,54,25,,1,1,214.3,sharp,,,indeterminate,0
S2_A_hoverpairs_f002624.jpg,S2_A_hoverpairs,S2_futsal_hoverpairs_20260808_084337,S2_A_hoverpairs,2624,121.778,185,160,0,2,0,88,,,1,OCC25,54,25,,1,1,200.0,sharp,,,indeterminate,0
S2_A_hoverpairs_f002632.jpg,S2_A_hoverpairs,S2_futsal_hoverpairs_20260808_084337,S2_A_hoverpairs,2632,122.035,187,160,0,2,0,88,,,1,OCC25,54,25,,1,1,201.1,sharp,,,indeterminate,0
S2_A_hoverpairs_f002640.jpg,S2_A_hoverpairs,S2_futsal_hoverpairs_20260808_084337,S2_A_hoverpairs,2640,122.329,188,160,0,1,1,88,,,1,OCC25,54,25,,1,1,202.3,sharp,,,indeterminate,0
S2_A_hoverpairs_f002648.jpg,S2_A_hoverpairs,S2_futsal_hoverpairs_20260808_084337,S2_A_hoverpairs,2648,122.601,189,160,0,2,1,88,,,1,OCC25,54,25,,1,1,200.5,sharp,,,indeterminate,0
S2_A_hoverpairs_f002656.jpg,S2_A_hoverpairs,S2_futsal_hoverpairs_20260808_084337,S2_A_hoverpairs,2656,123.001,191,160,0,2,1,88,,,1,transitional,,,,0,1,193.6,sharp,,,not_applicable,0
S2_A_hoverpairs_f002664.jpg,S2_A_hoverpairs,S2_futsal_hoverpairs_20260808_084337,S2_A_hoverpairs,2664,123.286,192,160,0,2,1,88,,,1,transitional,,,,0,1,203.3,sharp,,,not_applicable,0
S2_A_hoverpairs_f002672.jpg,S2_A_hoverpairs,S2_futsal_hoverpairs_20260808_084337,S2_A_hoverpairs,2672,123.580,188,160,0,2,1,88,,,0,transitional,,,,0,1,200.4,sharp,,,not_applicable,0
S2_A_hoverpairs_f002680.jpg,S2_A_hoverpairs,S2_futsal_hoverpairs_20260808_084337,S2_A_hoverpairs,2680,123.901,189,160,0,2,1,88,,,0,transitional,,,,0,1,203.2,sharp,,,not_applicable,0
S2_A_hoverpairs_f002688.jpg,S2_A_hoverpairs,S2_futsal_hoverpairs_20260808_084337,S2_A_hoverpairs,2688,124.252,188,160,0,2,0,88,,,0,transitional,,,,0,1,211.8,sharp,,,not_applicable,0
S2_A_hoverpairs_f002696.jpg,S2_A_hoverpairs,S2_futsal_hoverpairs_20260808_084337,S2_A_hoverpairs,2696,124.578,188,160,0,2,1,88,,,0,transitional,,,,0,1,200.4,sharp,,,not_applicable,0
S2_A_hoverpairs_f002704.jpg,S2_A_hoverpairs,S2_futsal_hoverpairs_20260808_084337,S2_A_hoverpairs,2704,124.885,187,160,0,1,1,88,,,0,transitional,,,,0,1,202.4,sharp,,,not_applicable,0
S2_A_hoverpairs_f002712.jpg,S2_A_hoverpairs,S2_futsal_hoverpairs_20260808_084337,S2_A_hoverpairs,2712,125.175,184,160,0,1,1,88,,,0,transitional,,,,0,1,202.5,sharp,,,not_applicable,0
S2_A_hoverpairs_f002720.jpg,S2_A_hoverpairs,S2_futsal_hoverpairs_20260808_084337,S2_A_hoverpairs,2720,125.516,185,160,0,1,1,88,,,0,transitional,,,,0,1,198.1,sharp,,,not_applicable,0
S2_A_hoverpairs_f002728.jpg,S2_A_hoverpairs,S2_futsal_hoverpairs_20260808_084337,S2_A_hoverpairs,2728,125.808,186,160,0,1,1,88,,,0,transitional,,,,0,1,198.6,sharp,,,not_applicable,0
S2_A_hoverpairs_f002736.jpg,S2_A_hoverpairs,S2_futsal_hoverpairs_20260808_084337,S2_A_hoverpairs,2736,126.133,187,160,0,2,1,87,,,0,transitional,,,,0,1,198.2,sharp,,,not_applicable,0
S2_A_hoverpairs_f002744.jpg,S2_A_hoverpairs,S2_futsal_hoverpairs_20260808_084337,S2_A_hoverpairs,2744,126.449,188,160,0,1,1,87,,,0,transitional,,,,0,1,205.6,sharp,,,not_applicable,0
S2_A_hoverpairs_f002752.jpg,S2_A_hoverpairs,S2_futsal_hoverpairs_20260808_084337,S2_A_hoverpairs,2752,126.866,189,160,0,1,1,87,,,0,transitional,,,,0,1,194.4,sharp,,,not_applicable,0
S2_A_hoverpairs_f002760.jpg,S2_A_hoverpairs,S2_futsal_hoverpairs_20260808_084337,S2_A_hoverpairs,2760,127.200,189,160,0,0,1,87,,,0,transitional,,,,0,1,193.4,sharp,,,not_applicable,0
S2_A_hoverpairs_f002768.jpg,S2_A_hoverpairs,S2_futsal_hoverpairs_20260808_084337,S2_A_hoverpairs,2768,127.498,187,160,0,0,1,87,,,0,transitional,,,,0,1,206.6,sharp,,,not_applicable,0
S2_A_hoverpairs_f002776.jpg,S2_A_hoverpairs,S2_futsal_hoverpairs_20260808_084337,S2_A_hoverpairs,2776,127.818,186,160,0,1,1,87,,,0,transitional,,,,0,1,198.5,sharp,,,not_applicable,0
S2_A_hoverpairs_f002784.jpg,S2_A_hoverpairs,S2_futsal_hoverpairs_20260808_084337,S2_A_hoverpairs,2784,128.090,185,160,0,0,1,87,,,0,transitional,,,,0,1,202.3,sharp,,,not_applicable,0
S2_A_hoverpairs_f002792.jpg,S2_A_hoverpairs,S2_futsal_hoverpairs_20260808_084337,S2_A_hoverpairs,2792,128.360,188,160,0,1,0,87,,,0,transitional,,,,0,1,195.7,sharp,,,not_applicable,0
S2_A_hoverpairs_f002800.jpg,S2_A_hoverpairs,S2_futsal_hoverpairs_20260808_084337,S2_A_hoverpairs,2800,128.632,186,160,0,0,0,87,,,0,transitional,,,,0,1,188.9,sharp,,,not_applicable,0
S2_A_hoverpairs_f002808.jpg,S2_A_hoverpairs,S2_futsal_hoverpairs_20260808_084337,S2_A_hoverpairs,2808,128.895,185,160,0,0,0,87,,,0,transitional,,,,0,1,195.9,sharp,,,not_applicable,0
S2_A_hoverpairs_f002816.jpg,S2_A_hoverpairs,S2_futsal_hoverpairs_20260808_084337,S2_A_hoverpairs,2816,129.169,187,160,0,0,1,87,,,0,transitional,,,,0,1,199.8,sharp,,,not_applicable,0
S2_A_hoverpairs_f002824.jpg,S2_A_hoverpairs,S2_futsal_hoverpairs_20260808_084337,S2_A_hoverpairs,2824,129.435,186,160,0,0,0,87,,,0,transitional,,,,0,1,205.5,sharp,,,not_applicable,0
S2_A_hoverpairs_f002832.jpg,S2_A_hoverpairs,S2_futsal_hoverpairs_20260808_084337,S2_A_hoverpairs,2832,129.719,188,160,0,0,0,87,,,0,transitional,,,,0,1,210.5,sharp,,,not_applicable,0
S2_A_hoverpairs_f002840.jpg,S2_A_hoverpairs,S2_futsal_hoverpairs_20260808_084337,S2_A_hoverpairs,2840,129.979,188,160,0,1,0,87,,,0,transitional,,,,0,1,213.3,sharp,,,not_applicable,0
S2_A_hoverpairs_f002848.jpg,S2_A_hoverpairs,S2_futsal_hoverpairs_20260808_084337,S2_A_hoverpairs,2848,130.495,187,160,0,1,0,87,,,0,transitional,,,,0,1,215.5,sharp,,,not_applicable,0
S2_A_hoverpairs_f002856.jpg,S2_A_hoverpairs,S2_futsal_hoverpairs_20260808_084337,S2_A_hoverpairs,2856,131.111,187,160,0,1,1,87,,,0,transitional,,,,0,1,222.7,sharp,,,not_applicable,0
S2_A_hoverpairs_f002864.jpg,S2_A_hoverpairs,S2_futsal_hoverpairs_20260808_084337,S2_A_hoverpairs,2864,133.581,188,160,0,0,0,86,,,0,transitional,,,,0,1,215.4,sharp,,,not_applicable,0
S2_A_hoverpairs_f002872.jpg,S2_A_hoverpairs,S2_futsal_hoverpairs_20260808_084337,S2_A_hoverpairs,2872,134.001,191,160,0,0,0,86,,,0,transitional,,,,0,1,232.1,sharp,,,not_applicable,0
S2_A_hoverpairs_f002880.jpg,S2_A_hoverpairs,S2_futsal_hoverpairs_20260808_084337,S2_A_hoverpairs,2880,134.256,186,160,0,0,0,86,,,0,transitional,,,,0,1,229.8,sharp,,,not_applicable,0
S2_A_hoverpairs_f002888.jpg,S2_A_hoverpairs,S2_futsal_hoverpairs_20260808_084337,S2_A_hoverpairs,2888,134.519,189,160,0,0,0,86,,,0,transitional,,,,0,1,201.0,sharp,,,not_applicable,0
S2_A_hoverpairs_f002896.jpg,S2_A_hoverpairs,S2_futsal_hoverpairs_20260808_084337,S2_A_hoverpairs,2896,134.766,186,160,0,0,0,86,,,0,transitional,,,,0,1,202.4,sharp,,,not_applicable,0
S2_A_hoverpairs_f002904.jpg,S2_A_hoverpairs,S2_futsal_hoverpairs_20260808_084337,S2_A_hoverpairs,2904,135.036,189,160,0,0,0,86,,,0,transitional,,,,0,1,213.2,sharp,,,not_applicable,0
S2_A_hoverpairs_f002912.jpg,S2_A_hoverpairs,S2_futsal_hoverpairs_20260808_084337,S2_A_hoverpairs,2912,135.403,186,160,0,0,0,86,,,0,transitional,,,,0,1,214.5,sharp,,,not_applicable,0
S2_A_hoverpairs_f002920.jpg,S2_A_hoverpairs,S2_futsal_hoverpairs_20260808_084337,S2_A_hoverpairs,2920,135.711,189,160,0,1,0,86,,,0,transitional,,,,0,1,198.8,sharp,,,not_applicable,0
S2_A_hoverpairs_f002928.jpg,S2_A_hoverpairs,S2_futsal_hoverpairs_20260808_084337,S2_A_hoverpairs,2928,135.998,187,160,0,1,0,86,,,0,transitional,,,,0,1,212.4,sharp,,,not_applicable,0
S2_A_hoverpairs_f002936.jpg,S2_A_hoverpairs,S2_futsal_hoverpairs_20260808_084337,S2_A_hoverpairs,2936,136.299,190,160,0,1,0,86,,,0,transitional,,,,0,1,203.7,sharp,,,not_applicable,0
S2_A_hoverpairs_f002944.jpg,S2_A_hoverpairs,S2_futsal_hoverpairs_20260808_084337,S2_A_hoverpairs,2944,136.666,189,160,0,1,0,86,,,0,transitional,,,,0,1,209.7,sharp,,,not_applicable,0
S2_A_hoverpairs_f002952.jpg,S2_A_hoverpairs,S2_futsal_hoverpairs_20260808_084337,S2_A_hoverpairs,2952,136.952,189,160,0,1,0,86,,,0,transitional,,,,0,1,218.0,sharp,,,not_applicable,0
S2_A_hoverpairs_f002960.jpg,S2_A_hoverpairs,S2_futsal_hoverpairs_20260808_084337,S2_A_hoverpairs,2960,137.250,188,160,0,1,0,86,,,0,transitional,,,,0,1,203.2,sharp,,,not_applicable,0
S2_A_hoverpairs_f002968.jpg,S2_A_hoverpairs,S2_futsal_hoverpairs_20260808_084337,S2_A_hoverpairs,2968,137.537,191,160,0,0,0,86,,,0,transitional,,,,0,1,205.1,sharp,,,not_applicable,0
S2_A_hoverpairs_f002976.jpg,S2_A_hoverpairs,S2_futsal_hoverpairs_20260808_084337,S2_A_hoverpairs,2976,137.897,190,160,0,0,1,86,,,0,transitional,,,,0,1,205.4,sharp,,,not_applicable,0
S2_A_hoverpairs_f002984.jpg,S2_A_hoverpairs,S2_futsal_hoverpairs_20260808_084337,S2_A_hoverpairs,2984,138.152,188,160,0,0,1,86,,,0,transitional,,,,0,1,208.5,sharp,,,not_applicable,0
S2_A_hoverpairs_f002992.jpg,S2_A_hoverpairs,S2_futsal_hoverpairs_20260808_084337,S2_A_hoverpairs,2992,138.387,188,160,0,0,1,86,,,0,transitional,,,,0,1,207.8,sharp,,,not_applicable,0
S2_A_hoverpairs_f003000.jpg,S2_A_hoverpairs,S2_futsal_hoverpairs_20260808_084337,S2_A_hoverpairs,3000,138.666,189,160,0,0,1,86,,,0,transitional,,,,0,1,195.4,sharp,,,not_applicable,0
S2_A_hoverpairs_f003008.jpg,S2_A_hoverpairs,S2_futsal_hoverpairs_20260808_084337,S2_A_hoverpairs,3008,138.934,189,160,0,0,1,86,,,0,transitional,,,,0,1,200.2,sharp,,,not_applicable,0
S2_A_hoverpairs_f003016.jpg,S2_A_hoverpairs,S2_futsal_hoverpairs_20260808_084337,S2_A_hoverpairs,3016,139.266,187,160,0,1,1,86,,,0,transitional,,,,0,1,212.2,sharp,,,not_applicable,0
S2_A_hoverpairs_f003024.jpg,S2_A_hoverpairs,S2_futsal_hoverpairs_20260808_084337,S2_A_hoverpairs,3024,139.569,188,160,0,1,1,86,,,0,transitional,,,,0,1,199.7,sharp,,,not_applicable,0
S2_A_hoverpairs_f003032.jpg,S2_A_hoverpairs,S2_futsal_hoverpairs_20260808_084337,S2_A_hoverpairs,3032,139.869,188,160,0,2,0,86,,,0,transitional,,,,0,1,206.2,sharp,,,not_applicable,0
S2_A_hoverpairs_f003040.jpg,S2_A_hoverpairs,S2_futsal_hoverpairs_20260808_084337,S2_A_hoverpairs,3040,140.213,185,160,0,2,0,86,,,0,transitional,,,,0,1,205.6,sharp,,,not_applicable,0
S2_A_hoverpairs_f003048.jpg,S2_A_hoverpairs,S2_futsal_hoverpairs_20260808_084337,S2_A_hoverpairs,3048,140.567,189,160,0,1,1,86,,,0,transitional,,,,0,1,207.6,sharp,,,not_applicable,0
S2_A_hoverpairs_f003056.jpg,S2_A_hoverpairs,S2_futsal_hoverpairs_20260808_084337,S2_A_hoverpairs,3056,140.937,189,160,0,1,0,86,,,0,transitional,,,,0,1,203.7,sharp,,,not_applicable,0
S2_A_hoverpairs_f003064.jpg,S2_A_hoverpairs,S2_futsal_hoverpairs_20260808_084337,S2_A_hoverpairs,3064,141.179,186,160,0,2,0,85,,,0,transitional,,,,0,1,209.7,sharp,,,not_applicable,0
S2_A_hoverpairs_f003072.jpg,S2_A_hoverpairs,S2_futsal_hoverpairs_20260808_084337,S2_A_hoverpairs,3072,141.450,191,160,0,2,0,85,,,0,transitional,,,,0,1,218.0,sharp,,,not_applicable,0
S2_A_hoverpairs_f003080.jpg,S2_A_hoverpairs,S2_futsal_hoverpairs_20260808_084337,S2_A_hoverpairs,3080,141.768,189,160,0,2,0,85,,,0,transitional,,,,0,1,196.0,sharp,,,not_applicable,0
S2_A_hoverpairs_f003088.jpg,S2_A_hoverpairs,S2_futsal_hoverpairs_20260808_084337,S2_A_hoverpairs,3088,142.096,192,160,0,2,0,85,,,0,transitional,,,,0,1,205.8,sharp,,,not_applicable,0
S2_A_hoverpairs_f003096.jpg,S2_A_hoverpairs,S2_futsal_hoverpairs_20260808_084337,S2_A_hoverpairs,3096,142.417,188,160,0,2,0,85,,,0,transitional,,,,0,1,214.2,sharp,,,not_applicable,0
S2_A_hoverpairs_f003104.jpg,S2_A_hoverpairs,S2_futsal_hoverpairs_20260808_084337,S2_A_hoverpairs,3104,142.701,191,160,0,2,0,85,,,0,transitional,,,,0,1,202.6,sharp,,,not_applicable,0
S2_A_hoverpairs_f003112.jpg,S2_A_hoverpairs,S2_futsal_hoverpairs_20260808_084337,S2_A_hoverpairs,3112,143.044,191,160,0,1,0,85,,,0,transitional,,,,0,1,201.2,sharp,,,not_applicable,0
S2_A_hoverpairs_f003120.jpg,S2_A_hoverpairs,S2_futsal_hoverpairs_20260808_084337,S2_A_hoverpairs,3120,143.349,190,160,0,1,0,85,,,0,transitional,,,,0,1,199.1,sharp,,,not_applicable,0
S2_A_hoverpairs_f003128.jpg,S2_A_hoverpairs,S2_futsal_hoverpairs_20260808_084337,S2_A_hoverpairs,3128,143.601,190,160,0,1,1,85,,,0,transitional,,,,0,1,196.8,sharp,,,not_applicable,0
S2_A_hoverpairs_f003136.jpg,S2_A_hoverpairs,S2_futsal_hoverpairs_20260808_084337,S2_A_hoverpairs,3136,143.919,186,160,0,1,0,85,,,0,transitional,,,,0,1,202.1,sharp,,,not_applicable,0
S2_A_hoverpairs_f003144.jpg,S2_A_hoverpairs,S2_futsal_hoverpairs_20260808_084337,S2_A_hoverpairs,3144,144.168,187,160,0,0,0,85,,,0,transitional,,,,0,1,207.8,sharp,,,not_applicable,0
S2_A_hoverpairs_f003152.jpg,S2_A_hoverpairs,S2_futsal_hoverpairs_20260808_084337,S2_A_hoverpairs,3152,144.484,185,160,0,1,0,85,,,0,transitional,,,,0,1,207.2,sharp,,,not_applicable,0
S2_A_hoverpairs_f003160.jpg,S2_A_hoverpairs,S2_futsal_hoverpairs_20260808_084337,S2_A_hoverpairs,3160,144.798,186,160,0,1,0,85,,,0,transitional,,,,0,1,203.2,sharp,,,not_applicable,0
S2_A_hoverpairs_f003168.jpg,S2_A_hoverpairs,S2_futsal_hoverpairs_20260808_084337,S2_A_hoverpairs,3168,145.096,187,160,0,1,0,85,,,0,transitional,,,,0,1,201.5,sharp,,,not_applicable,0
S2_A_hoverpairs_f003176.jpg,S2_A_hoverpairs,S2_futsal_hoverpairs_20260808_084337,S2_A_hoverpairs,3176,145.384,187,160,0,2,0,85,,,0,transitional,,,,0,1,207.7,sharp,,,not_applicable,0
S2_A_hoverpairs_f003184.jpg,S2_A_hoverpairs,S2_futsal_hoverpairs_20260808_084337,S2_A_hoverpairs,3184,145.751,191,160,0,2,0,85,,,0,transitional,,,,0,1,207.7,sharp,,,not_applicable,0
S2_A_hoverpairs_f003192.jpg,S2_A_hoverpairs,S2_futsal_hoverpairs_20260808_084337,S2_A_hoverpairs,3192,146.069,190,160,0,1,0,85,,,0,transitional,,,,0,1,211.8,sharp,,,not_applicable,0
S2_A_hoverpairs_f003200.jpg,S2_A_hoverpairs,S2_futsal_hoverpairs_20260808_084337,S2_A_hoverpairs,3200,146.385,190,160,0,1,0,85,,,0,transitional,,,,0,1,218.3,sharp,,,not_applicable,0
S2_A_hoverpairs_f003208.jpg,S2_A_hoverpairs,S2_futsal_hoverpairs_20260808_084337,S2_A_hoverpairs,3208,146.765,188,160,0,1,0,85,,,0,transitional,,,,0,1,203.2,sharp,,,not_applicable,0
S2_A_hoverpairs_f003216.jpg,S2_A_hoverpairs,S2_futsal_hoverpairs_20260808_084337,S2_A_hoverpairs,3216,147.036,187,160,0,1,0,85,,,0,transitional,,,,0,1,205.5,sharp,,,not_applicable,0
S2_A_hoverpairs_f003224.jpg,S2_A_hoverpairs,S2_futsal_hoverpairs_20260808_084337,S2_A_hoverpairs,3224,147.268,189,160,0,1,0,84,,,0,transitional,,,,0,1,212.4,sharp,,,not_applicable,0
S2_A_hoverpairs_f003232.jpg,S2_A_hoverpairs,S2_futsal_hoverpairs_20260808_084337,S2_A_hoverpairs,3232,147.536,187,160,0,1,0,84,,,0,transitional,,,,0,1,207.3,sharp,,,not_applicable,0
S2_A_hoverpairs_f003240.jpg,S2_A_hoverpairs,S2_futsal_hoverpairs_20260808_084337,S2_A_hoverpairs,3240,147.884,189,160,0,0,0,84,,,0,transitional,,,,0,1,204.4,sharp,,,not_applicable,0
S2_A_hoverpairs_f003248.jpg,S2_A_hoverpairs,S2_futsal_hoverpairs_20260808_084337,S2_A_hoverpairs,3248,148.108,186,160,0,0,0,84,,,0,transitional,,,,0,1,204.4,sharp,,,not_applicable,0
S2_A_hoverpairs_f003256.jpg,S2_A_hoverpairs,S2_futsal_hoverpairs_20260808_084337,S2_A_hoverpairs,3256,148.459,188,160,0,0,0,84,,,0,transitional,,,,0,1,230.4,sharp,,,not_applicable,0
S2_A_hoverpairs_f003264.jpg,S2_A_hoverpairs,S2_futsal_hoverpairs_20260808_084337,S2_A_hoverpairs,3264,148.784,185,160,0,0,0,84,,,0,transitional,,,,0,1,203.7,sharp,,,not_applicable,0
S2_A_hoverpairs_f003272.jpg,S2_A_hoverpairs,S2_futsal_hoverpairs_20260808_084337,S2_A_hoverpairs,3272,149.071,188,160,0,0,0,84,,,0,transitional,,,,0,1,193.3,sharp,,,not_applicable,0
S2_A_hoverpairs_f003280.jpg,S2_A_hoverpairs,S2_futsal_hoverpairs_20260808_084337,S2_A_hoverpairs,3280,149.301,185,160,0,0,0,84,,,0,transitional,,,,0,1,197.3,sharp,,,not_applicable,0
S2_A_hoverpairs_f003288.jpg,S2_A_hoverpairs,S2_futsal_hoverpairs_20260808_084337,S2_A_hoverpairs,3288,149.596,184,160,0,0,0,84,,,0,transitional,,,,0,1,198.3,sharp,,,not_applicable,0
S2_A_hoverpairs_f003296.jpg,S2_A_hoverpairs,S2_futsal_hoverpairs_20260808_084337,S2_A_hoverpairs,3296,149.918,188,160,0,0,0,84,,,0,transitional,,,,0,1,208.7,sharp,,,not_applicable,0
S2_A_hoverpairs_f003304.jpg,S2_A_hoverpairs,S2_futsal_hoverpairs_20260808_084337,S2_A_hoverpairs,3304,150.231,189,160,0,0,0,84,,,0,transitional,,,,0,1,210.7,sharp,,,not_applicable,0
S2_A_hoverpairs_f003312.jpg,S2_A_hoverpairs,S2_futsal_hoverpairs_20260808_084337,S2_A_hoverpairs,3312,150.554,188,160,0,0,0,84,,,0,transitional,,,,0,1,211.2,sharp,,,not_applicable,0
S2_A_hoverpairs_f003320.jpg,S2_A_hoverpairs,S2_futsal_hoverpairs_20260808_084337,S2_A_hoverpairs,3320,150.843,188,160,0,1,0,84,,,0,transitional,,,,0,1,214.3,sharp,,,not_applicable,0
S2_A_hoverpairs_f003328.jpg,S2_A_hoverpairs,S2_futsal_hoverpairs_20260808_084337,S2_A_hoverpairs,3328,151.203,187,160,0,1,0,84,,,0,transitional,,,,0,1,219.0,sharp,,,not_applicable,0
S2_A_hoverpairs_f003336.jpg,S2_A_hoverpairs,S2_futsal_hoverpairs_20260808_084337,S2_A_hoverpairs,3336,151.466,188,160,0,1,0,84,,,0,transitional,,,,0,1,218.0,sharp,,,not_applicable,0
S2_A_hoverpairs_f003344.jpg,S2_A_hoverpairs,S2_futsal_hoverpairs_20260808_084337,S2_A_hoverpairs,3344,151.766,187,160,0,0,0,84,,,0,transitional,,,,0,1,211.2,sharp,,,not_applicable,0
S2_A_hoverpairs_f003352.jpg,S2_A_hoverpairs,S2_futsal_hoverpairs_20260808_084337,S2_A_hoverpairs,3352,152.035,189,160,0,0,0,84,,,0,transitional,,,,0,1,200.9,sharp,,,not_applicable,0
S2_A_hoverpairs_f003360.jpg,S2_A_hoverpairs,S2_futsal_hoverpairs_20260808_084337,S2_A_hoverpairs,3360,152.335,190,160,0,1,0,84,,,0,transitional,,,,0,1,203.8,sharp,,,not_applicable,0
S2_A_hoverpairs_f003368.jpg,S2_A_hoverpairs,S2_futsal_hoverpairs_20260808_084337,S2_A_hoverpairs,3368,152.707,188,160,0,1,0,84,,,0,transitional,,,,0,1,217.5,sharp,,,not_applicable,0
S2_A_hoverpairs_f003376.jpg,S2_A_hoverpairs,S2_futsal_hoverpairs_20260808_084337,S2_A_hoverpairs,3376,152.948,188,160,0,0,0,84,,,0,transitional,,,,0,1,203.1,sharp,,,not_applicable,0
S2_A_hoverpairs_f003384.jpg,S2_A_hoverpairs,S2_futsal_hoverpairs_20260808_084337,S2_A_hoverpairs,3384,153.268,189,160,0,0,0,84,,,0,transitional,,,,0,1,228.0,sharp,,,not_applicable,0
S2_A_hoverpairs_f003392.jpg,S2_A_hoverpairs,S2_futsal_hoverpairs_20260808_084337,S2_A_hoverpairs,3392,153.601,189,160,0,0,0,84,,,0,transitional,,,,0,1,213.6,sharp,,,not_applicable,0
S2_A_hoverpairs_f003400.jpg,S2_A_hoverpairs,S2_futsal_hoverpairs_20260808_084337,S2_A_hoverpairs,3400,153.878,190,160,0,0,0,84,,,0,transitional,,,,0,1,194.0,sharp,,,not_applicable,0
S2_A_hoverpairs_f003408.jpg,S2_A_hoverpairs,S2_futsal_hoverpairs_20260808_084337,S2_A_hoverpairs,3408,154.227,190,160,0,0,0,84,,,0,transitional,,,,0,1,199.7,sharp,,,not_applicable,0
S2_A_hoverpairs_f003416.jpg,S2_A_hoverpairs,S2_futsal_hoverpairs_20260808_084337,S2_A_hoverpairs,3416,154.520,190,160,0,0,0,84,,,0,transitional,,,,0,1,216.9,sharp,,,not_applicable,0
S2_A_hoverpairs_f003424.jpg,S2_A_hoverpairs,S2_futsal_hoverpairs_20260808_084337,S2_A_hoverpairs,3424,154.768,193,160,0,0,0,84,,,0,transitional,,,,0,1,212.7,sharp,,,not_applicable,0
S2_A_hoverpairs_f003432.jpg,S2_A_hoverpairs,S2_futsal_hoverpairs_20260808_084337,S2_A_hoverpairs,3432,155.116,193,160,0,0,0,84,,,0,transitional,,,,0,1,217.7,sharp,,,not_applicable,0
S2_A_hoverpairs_f003440.jpg,S2_A_hoverpairs,S2_futsal_hoverpairs_20260808_084337,S2_A_hoverpairs,3440,155.366,193,170,0,0,0,83,,,0,transitional,,,,0,1,200.5,sharp,,,not_applicable,0
S2_A_hoverpairs_f003448.jpg,S2_A_hoverpairs,S2_futsal_hoverpairs_20260808_084337,S2_A_hoverpairs,3448,155.703,186,160,0,0,0,83,,,0,transitional,,,,0,1,224.8,sharp,,,not_applicable,0
S2_A_hoverpairs_f003456.jpg,S2_A_hoverpairs,S2_futsal_hoverpairs_20260808_084337,S2_A_hoverpairs,3456,156.003,187,160,0,0,0,83,,,0,transitional,,,,0,1,214.2,sharp,,,not_applicable,0
S2_A_hoverpairs_f003464.jpg,S2_A_hoverpairs,S2_futsal_hoverpairs_20260808_084337,S2_A_hoverpairs,3464,156.300,190,160,0,0,0,83,,,0,transitional,,,,0,1,204.4,sharp,,,not_applicable,0
S2_A_hoverpairs_f003472.jpg,S2_A_hoverpairs,S2_futsal_hoverpairs_20260808_084337,S2_A_hoverpairs,3472,156.631,188,160,0,0,0,83,,,0,transitional,,,,0,1,219.7,sharp,,,not_applicable,0
S2_A_hoverpairs_f003480.jpg,S2_A_hoverpairs,S2_futsal_hoverpairs_20260808_084337,S2_A_hoverpairs,3480,156.836,188,160,0,0,0,83,,,0,transitional,,,,0,1,217.2,sharp,,,not_applicable,0
S2_A_hoverpairs_f003488.jpg,S2_A_hoverpairs,S2_futsal_hoverpairs_20260808_084337,S2_A_hoverpairs,3488,157.163,188,160,0,0,0,83,,,0,transitional,,,,0,1,211.0,sharp,,,not_applicable,0
S2_A_hoverpairs_f003496.jpg,S2_A_hoverpairs,S2_futsal_hoverpairs_20260808_084337,S2_A_hoverpairs,3496,157.444,186,160,0,0,0,83,,,0,transitional,,,,0,1,223.5,sharp,,,not_applicable,0
S2_A_hoverpairs_f003504.jpg,S2_A_hoverpairs,S2_futsal_hoverpairs_20260808_084337,S2_A_hoverpairs,3504,157.856,184,160,0,0,0,83,,,0,transitional,,,,0,1,206.7,sharp,,,not_applicable,0
S2_A_hoverpairs_f003512.jpg,S2_A_hoverpairs,S2_futsal_hoverpairs_20260808_084337,S2_A_hoverpairs,3512,158.162,185,160,0,0,0,83,,,0,transitional,,,,0,1,206.9,sharp,,,not_applicable,0
S2_A_hoverpairs_f003520.jpg,S2_A_hoverpairs,S2_futsal_hoverpairs_20260808_084337,S2_A_hoverpairs,3520,158.531,184,160,0,0,0,83,,,0,transitional,,,,0,1,211.5,sharp,,,not_applicable,0
S2_A_hoverpairs_f003528.jpg,S2_A_hoverpairs,S2_futsal_hoverpairs_20260808_084337,S2_A_hoverpairs,3528,158.834,187,160,0,0,1,83,,,0,transitional,,,,0,1,205.4,sharp,,,not_applicable,0
S2_A_hoverpairs_f003536.jpg,S2_A_hoverpairs,S2_futsal_hoverpairs_20260808_084337,S2_A_hoverpairs,3536,159.098,183,160,0,0,1,83,,,0,transitional,,,,0,1,213.4,sharp,,,not_applicable,0
S2_A_hoverpairs_f003544.jpg,S2_A_hoverpairs,S2_futsal_hoverpairs_20260808_084337,S2_A_hoverpairs,3544,159.376,187,160,0,0,1,83,,,0,transitional,,,,0,1,210.9,sharp,,,not_applicable,0
S2_A_hoverpairs_f003552.jpg,S2_A_hoverpairs,S2_futsal_hoverpairs_20260808_084337,S2_A_hoverpairs,3552,159.717,190,160,0,0,1,83,,,0,transitional,,,,0,1,206.1,sharp,,,not_applicable,0
S2_A_hoverpairs_f003560.jpg,S2_A_hoverpairs,S2_futsal_hoverpairs_20260808_084337,S2_A_hoverpairs,3560,160.026,188,160,0,0,1,83,,,0,transitional,,,,0,1,212.1,sharp,,,not_applicable,0
S2_A_hoverpairs_f003568.jpg,S2_A_hoverpairs,S2_futsal_hoverpairs_20260808_084337,S2_A_hoverpairs,3568,160.377,188,160,0,0,0,83,,,0,transitional,,,,0,1,220.8,sharp,,,not_applicable,0
S2_A_hoverpairs_f003576.jpg,S2_A_hoverpairs,S2_futsal_hoverpairs_20260808_084337,S2_A_hoverpairs,3576,160.869,188,160,0,0,0,83,,,0,transitional,,,,0,1,230.5,sharp,,,not_applicable,0
S2_A_hoverpairs_f003584.jpg,S2_A_hoverpairs,S2_futsal_hoverpairs_20260808_084337,S2_A_hoverpairs,3584,161.167,188,160,0,0,0,83,,,0,transitional,,,,0,1,235.5,sharp,,,not_applicable,0
S2_A_hoverpairs_f003592.jpg,S2_A_hoverpairs,S2_futsal_hoverpairs_20260808_084337,S2_A_hoverpairs,3592,161.544,188,160,0,0,1,83,,,0,transitional,,,,0,1,227.0,sharp,,,not_applicable,0
S2_A_hoverpairs_f003600.jpg,S2_A_hoverpairs,S2_futsal_hoverpairs_20260808_084337,S2_A_hoverpairs,3600,161.828,188,160,0,0,1,83,,,0,transitional,,,,0,1,217.3,sharp,,,not_applicable,0
S2_A_hoverpairs_f003608.jpg,S2_A_hoverpairs,S2_futsal_hoverpairs_20260808_084337,S2_A_hoverpairs,3608,162.102,187,160,0,0,1,83,,,0,transitional,,,,0,1,210.4,sharp,,,not_applicable,0
S2_A_hoverpairs_f003616.jpg,S2_A_hoverpairs,S2_futsal_hoverpairs_20260808_084337,S2_A_hoverpairs,3616,162.453,186,160,0,0,1,82,,,0,transitional,,,,0,1,229.1,sharp,,,not_applicable,0
S2_A_hoverpairs_f003624.jpg,S2_A_hoverpairs,S2_futsal_hoverpairs_20260808_084337,S2_A_hoverpairs,3624,162.752,187,160,0,0,1,82,,,0,transitional,,,,0,1,209.4,sharp,,,not_applicable,0
S2_A_hoverpairs_f003632.jpg,S2_A_hoverpairs,S2_futsal_hoverpairs_20260808_084337,S2_A_hoverpairs,3632,163.096,187,160,0,0,1,82,,,0,transitional,,,,0,1,206.8,sharp,,,not_applicable,0
S2_A_hoverpairs_f003640.jpg,S2_A_hoverpairs,S2_futsal_hoverpairs_20260808_084337,S2_A_hoverpairs,3640,163.443,187,160,0,0,1,82,,,0,transitional,,,,0,1,221.8,sharp,,,not_applicable,0
S2_A_hoverpairs_f003648.jpg,S2_A_hoverpairs,S2_futsal_hoverpairs_20260808_084337,S2_A_hoverpairs,3648,163.785,186,160,0,0,1,82,,,0,transitional,,,,0,1,208.1,sharp,,,not_applicable,0
S2_A_hoverpairs_f003656.jpg,S2_A_hoverpairs,S2_futsal_hoverpairs_20260808_084337,S2_A_hoverpairs,3656,164.065,192,160,0,0,1,82,,,1,transitional,,,,0,1,216.4,sharp,,,not_applicable,0
S2_A_hoverpairs_f003664.jpg,S2_A_hoverpairs,S2_futsal_hoverpairs_20260808_084337,S2_A_hoverpairs,3664,164.370,189,160,0,0,1,82,,,1,OCC50,108,50,,1,1,218.2,sharp,,,indeterminate,0
S2_A_hoverpairs_f003672.jpg,S2_A_hoverpairs,S2_futsal_hoverpairs_20260808_084337,S2_A_hoverpairs,3672,164.645,190,160,0,0,1,82,,,1,OCC50,108,50,,1,1,215.2,sharp,,,indeterminate,0
S2_A_hoverpairs_f003680.jpg,S2_A_hoverpairs,S2_futsal_hoverpairs_20260808_084337,S2_A_hoverpairs,3680,164.974,189,160,0,0,1,82,,,1,OCC50,108,50,,1,1,208.0,sharp,,,indeterminate,0
S2_A_hoverpairs_f003688.jpg,S2_A_hoverpairs,S2_futsal_hoverpairs_20260808_084337,S2_A_hoverpairs,3688,165.331,188,160,0,0,1,82,,,1,OCC50,108,50,,1,1,208.4,sharp,,,indeterminate,0
S2_A_hoverpairs_f003696.jpg,S2_A_hoverpairs,S2_futsal_hoverpairs_20260808_084337,S2_A_hoverpairs,3696,165.637,191,160,0,0,1,82,,,1,OCC50,108,50,,1,1,214.6,sharp,,,indeterminate,0
S2_A_hoverpairs_f003704.jpg,S2_A_hoverpairs,S2_futsal_hoverpairs_20260808_084337,S2_A_hoverpairs,3704,165.952,186,160,0,0,1,82,,,1,OCC50,108,50,,1,1,210.7,sharp,,,indeterminate,0
S2_A_hoverpairs_f003712.jpg,S2_A_hoverpairs,S2_futsal_hoverpairs_20260808_084337,S2_A_hoverpairs,3712,166.251,188,160,0,0,1,82,,,1,OCC50,108,50,,1,1,209.6,sharp,,,indeterminate,0
S2_A_hoverpairs_f003720.jpg,S2_A_hoverpairs,S2_futsal_hoverpairs_20260808_084337,S2_A_hoverpairs,3720,166.530,187,160,0,0,1,82,,,1,OCC50,108,50,,1,1,219.0,sharp,,,indeterminate,0
S2_A_hoverpairs_f003728.jpg,S2_A_hoverpairs,S2_futsal_hoverpairs_20260808_084337,S2_A_hoverpairs,3728,166.853,185,160,0,0,1,82,,,1,OCC50,108,50,,1,1,226.7,sharp,,,indeterminate,0
S2_A_hoverpairs_f003736.jpg,S2_A_hoverpairs,S2_futsal_hoverpairs_20260808_084337,S2_A_hoverpairs,3736,167.147,185,160,0,0,1,82,,,1,OCC50,108,50,,1,1,234.3,sharp,,,indeterminate,0
S2_A_hoverpairs_f003744.jpg,S2_A_hoverpairs,S2_futsal_hoverpairs_20260808_084337,S2_A_hoverpairs,3744,167.402,189,160,0,0,1,82,,,1,OCC50,108,50,,1,1,229.2,sharp,,,indeterminate,0
S2_A_hoverpairs_f003752.jpg,S2_A_hoverpairs,S2_futsal_hoverpairs_20260808_084337,S2_A_hoverpairs,3752,167.726,186,160,0,0,1,82,,,1,OCC50,108,50,,1,1,229.8,sharp,,,indeterminate,0
S2_A_hoverpairs_f003760.jpg,S2_A_hoverpairs,S2_futsal_hoverpairs_20260808_084337,S2_A_hoverpairs,3760,168.028,186,160,0,0,0,82,,,1,OCC50,108,50,,1,1,228.1,sharp,,,indeterminate,0
S2_A_hoverpairs_f003768.jpg,S2_A_hoverpairs,S2_futsal_hoverpairs_20260808_084337,S2_A_hoverpairs,3768,168.302,184,160,0,0,1,82,,,1,OCC50,108,50,,1,1,232.9,sharp,,,indeterminate,0
S2_A_hoverpairs_f003776.jpg,S2_A_hoverpairs,S2_futsal_hoverpairs_20260808_084337,S2_A_hoverpairs,3776,168.685,188,160,0,0,1,82,,,1,OCC50,108,50,,1,1,226.6,sharp,,,indeterminate,0
S2_A_hoverpairs_f003784.jpg,S2_A_hoverpairs,S2_futsal_hoverpairs_20260808_084337,S2_A_hoverpairs,3784,168.984,186,160,0,0,1,82,,,1,OCC50,108,50,,1,1,222.3,sharp,,,indeterminate,0
S2_A_hoverpairs_f003792.jpg,S2_A_hoverpairs,S2_futsal_hoverpairs_20260808_084337,S2_A_hoverpairs,3792,169.281,186,160,0,0,1,81,,,1,OCC50,108,50,,1,1,221.5,sharp,,,indeterminate,0
S2_A_hoverpairs_f003800.jpg,S2_A_hoverpairs,S2_futsal_hoverpairs_20260808_084337,S2_A_hoverpairs,3800,169.584,186,160,0,0,1,81,,,1,OCC50,108,50,,1,1,224.4,sharp,,,indeterminate,0
S2_A_hoverpairs_f003808.jpg,S2_A_hoverpairs,S2_futsal_hoverpairs_20260808_084337,S2_A_hoverpairs,3808,169.950,187,160,0,0,1,81,,,1,OCC50,108,50,,1,1,209.3,sharp,,,indeterminate,0
S2_A_hoverpairs_f003816.jpg,S2_A_hoverpairs,S2_futsal_hoverpairs_20260808_084337,S2_A_hoverpairs,3816,170.367,188,160,0,0,0,81,,,1,OCC50,108,50,,1,1,209.6,sharp,,,indeterminate,0
S2_A_hoverpairs_f003824.jpg,S2_A_hoverpairs,S2_futsal_hoverpairs_20260808_084337,S2_A_hoverpairs,3824,170.582,189,160,0,0,0,81,,,1,OCC50,108,50,,1,1,229.1,sharp,,,indeterminate,0
S2_A_hoverpairs_f003832.jpg,S2_A_hoverpairs,S2_futsal_hoverpairs_20260808_084337,S2_A_hoverpairs,3832,170.920,188,160,0,0,0,81,,,1,OCC50,108,50,,1,1,219.2,sharp,,,indeterminate,0
S2_A_hoverpairs_f003840.jpg,S2_A_hoverpairs,S2_futsal_hoverpairs_20260808_084337,S2_A_hoverpairs,3840,171.267,189,160,0,0,0,81,,,1,OCC50,108,50,,1,1,207.9,sharp,,,indeterminate,0
S2_A_hoverpairs_f003848.jpg,S2_A_hoverpairs,S2_futsal_hoverpairs_20260808_084337,S2_A_hoverpairs,3848,171.535,190,160,0,0,1,81,,,1,OCC50,108,50,,1,1,220.7,sharp,,,indeterminate,0
S2_A_hoverpairs_f003856.jpg,S2_A_hoverpairs,S2_futsal_hoverpairs_20260808_084337,S2_A_hoverpairs,3856,171.892,190,160,0,0,1,81,,,1,OCC50,108,50,,1,1,234.3,sharp,,,indeterminate,0
S2_A_hoverpairs_f003864.jpg,S2_A_hoverpairs,S2_futsal_hoverpairs_20260808_084337,S2_A_hoverpairs,3864,172.849,186,160,0,0,1,81,,,1,transitional,,,,0,1,225.7,sharp,,,not_applicable,0
S2_A_hoverpairs_f003872.jpg,S2_A_hoverpairs,S2_futsal_hoverpairs_20260808_084337,S2_A_hoverpairs,3872,173.201,188,160,0,0,1,81,,,1,transitional,,,,0,1,216.4,sharp,,,not_applicable,0
S2_A_hoverpairs_f003880.jpg,S2_A_hoverpairs,S2_futsal_hoverpairs_20260808_084337,S2_A_hoverpairs,3880,173.459,185,160,0,0,1,81,,,0,transitional,,,,0,1,223.2,sharp,,,not_applicable,0
S2_A_hoverpairs_f003888.jpg,S2_A_hoverpairs,S2_futsal_hoverpairs_20260808_084337,S2_A_hoverpairs,3888,173.763,187,160,0,0,1,81,,,0,transitional,,,,0,1,216.7,sharp,,,not_applicable,0
S2_A_hoverpairs_f003896.jpg,S2_A_hoverpairs,S2_futsal_hoverpairs_20260808_084337,S2_A_hoverpairs,3896,174.048,188,160,0,0,1,81,,,0,transitional,,,,0,1,202.7,sharp,,,not_applicable,0
S2_A_hoverpairs_f003904.jpg,S2_A_hoverpairs,S2_futsal_hoverpairs_20260808_084337,S2_A_hoverpairs,3904,174.315,191,160,0,0,0,81,,,0,transitional,,,,0,1,215.9,sharp,,,not_applicable,0
S2_A_hoverpairs_f003912.jpg,S2_A_hoverpairs,S2_futsal_hoverpairs_20260808_084337,S2_A_hoverpairs,3912,174.570,190,160,0,0,1,81,,,0,transitional,,,,0,1,209.8,sharp,,,not_applicable,0
S2_A_hoverpairs_f003920.jpg,S2_A_hoverpairs,S2_futsal_hoverpairs_20260808_084337,S2_A_hoverpairs,3920,174.878,189,160,0,0,1,81,,,0,transitional,,,,0,1,218.0,sharp,,,not_applicable,0
S2_A_hoverpairs_f003928.jpg,S2_A_hoverpairs,S2_futsal_hoverpairs_20260808_084337,S2_A_hoverpairs,3928,175.163,189,160,0,0,1,81,,,0,transitional,,,,0,1,211.7,sharp,,,not_applicable,0
S2_A_hoverpairs_f003936.jpg,S2_A_hoverpairs,S2_futsal_hoverpairs_20260808_084337,S2_A_hoverpairs,3936,175.467,189,160,0,0,1,81,,,0,transitional,,,,0,1,229.4,sharp,,,not_applicable,0
S2_A_hoverpairs_f003944.jpg,S2_A_hoverpairs,S2_futsal_hoverpairs_20260808_084337,S2_A_hoverpairs,3944,176.903,187,160,0,0,1,80,,,0,transitional,,,,0,1,228.0,sharp,,,not_applicable,0
S2_A_hoverpairs_f003952.jpg,S2_A_hoverpairs,S2_futsal_hoverpairs_20260808_084337,S2_A_hoverpairs,3952,177.118,187,160,0,0,1,80,,,0,transitional,,,,0,1,230.5,sharp,,,not_applicable,0
S2_A_hoverpairs_f003960.jpg,S2_A_hoverpairs,S2_futsal_hoverpairs_20260808_084337,S2_A_hoverpairs,3960,177.419,187,160,0,0,0,80,,,0,transitional,,,,0,1,237.7,sharp,,,not_applicable,0
S2_A_hoverpairs_f003968.jpg,S2_A_hoverpairs,S2_futsal_hoverpairs_20260808_084337,S2_A_hoverpairs,3968,177.716,188,160,0,0,0,80,,,0,transitional,,,,0,1,229.6,sharp,,,not_applicable,0
S2_A_hoverpairs_f003976.jpg,S2_A_hoverpairs,S2_futsal_hoverpairs_20260808_084337,S2_A_hoverpairs,3976,178.000,189,160,0,0,0,80,,,0,transitional,,,,0,1,227.3,sharp,,,not_applicable,0
S2_A_hoverpairs_f003984.jpg,S2_A_hoverpairs,S2_futsal_hoverpairs_20260808_084337,S2_A_hoverpairs,3984,178.289,186,160,0,0,0,80,,,0,transitional,,,,0,1,228.3,sharp,,,not_applicable,0
S2_A_hoverpairs_f003992.jpg,S2_A_hoverpairs,S2_futsal_hoverpairs_20260808_084337,S2_A_hoverpairs,3992,178.598,188,160,0,0,0,80,,,0,transitional,,,,0,1,230.2,sharp,,,not_applicable,0
S2_A_hoverpairs_f004000.jpg,S2_A_hoverpairs,S2_futsal_hoverpairs_20260808_084337,S2_A_hoverpairs,4000,178.938,186,160,0,0,0,80,,,0,transitional,,,,0,1,233.2,sharp,,,not_applicable,0
S2_A_hoverpairs_f004008.jpg,S2_A_hoverpairs,S2_futsal_hoverpairs_20260808_084337,S2_A_hoverpairs,4008,179.219,187,160,0,0,0,80,,,0,transitional,,,,0,1,239.8,sharp,,,not_applicable,0
S2_A_hoverpairs_f004016.jpg,S2_A_hoverpairs,S2_futsal_hoverpairs_20260808_084337,S2_A_hoverpairs,4016,179.510,188,160,0,0,0,80,,,0,transitional,,,,0,1,243.6,sharp,,,not_applicable,0
S2_A_hoverpairs_f004024.jpg,S2_A_hoverpairs,S2_futsal_hoverpairs_20260808_084337,S2_A_hoverpairs,4024,179.819,189,160,0,0,0,80,,,0,transitional,,,,0,1,232.2,sharp,,,not_applicable,0
S2_A_hoverpairs_f004032.jpg,S2_A_hoverpairs,S2_futsal_hoverpairs_20260808_084337,S2_A_hoverpairs,4032,180.070,189,160,0,0,0,80,,,0,transitional,,,,0,1,248.5,sharp,,,not_applicable,0
S2_A_hoverpairs_f004040.jpg,S2_A_hoverpairs,S2_futsal_hoverpairs_20260808_084337,S2_A_hoverpairs,4040,180.386,189,160,0,0,0,80,,,0,transitional,,,,0,1,228.7,sharp,,,not_applicable,0
S2_A_hoverpairs_f004048.jpg,S2_A_hoverpairs,S2_futsal_hoverpairs_20260808_084337,S2_A_hoverpairs,4048,180.798,189,160,0,0,0,80,,,0,transitional,,,,0,1,216.4,sharp,,,not_applicable,0
S2_A_hoverpairs_f004056.jpg,S2_A_hoverpairs,S2_futsal_hoverpairs_20260808_084337,S2_A_hoverpairs,4056,181.112,190,160,0,0,0,80,,,0,transitional,,,,0,1,225.6,sharp,,,not_applicable,0
S2_A_hoverpairs_f004064.jpg,S2_A_hoverpairs,S2_futsal_hoverpairs_20260808_084337,S2_A_hoverpairs,4064,181.385,189,160,0,0,0,80,,,0,transitional,,,,0,1,226.7,sharp,,,not_applicable,0
S2_A_hoverpairs_f004072.jpg,S2_A_hoverpairs,S2_futsal_hoverpairs_20260808_084337,S2_A_hoverpairs,4072,181.700,190,160,0,-1,0,80,,,0,transitional,,,,0,1,217.7,sharp,,,not_applicable,0
S2_A_hoverpairs_f004080.jpg,S2_A_hoverpairs,S2_futsal_hoverpairs_20260808_084337,S2_A_hoverpairs,4080,182.048,189,160,0,0,-1,80,,,0,transitional,,,,0,1,220.4,sharp,,,not_applicable,0
S2_A_hoverpairs_f004088.jpg,S2_A_hoverpairs,S2_futsal_hoverpairs_20260808_084337,S2_A_hoverpairs,4088,182.362,191,160,0,0,-1,80,,,0,transitional,,,,0,1,232.4,sharp,,,not_applicable,0
S2_A_hoverpairs_f004096.jpg,S2_A_hoverpairs,S2_futsal_hoverpairs_20260808_084337,S2_A_hoverpairs,4096,182.674,186,160,0,0,-1,80,,,0,transitional,,,,0,1,234.4,sharp,,,not_applicable,0
S2_A_hoverpairs_f004104.jpg,S2_A_hoverpairs,S2_futsal_hoverpairs_20260808_084337,S2_A_hoverpairs,4104,183.019,189,160,0,-1,0,80,,,0,transitional,,,,0,1,229.8,sharp,,,not_applicable,0
S2_A_hoverpairs_f004112.jpg,S2_A_hoverpairs,S2_futsal_hoverpairs_20260808_084337,S2_A_hoverpairs,4112,183.281,184,160,0,0,-1,80,,,0,transitional,,,,0,1,218.1,sharp,,,not_applicable,0
S2_A_hoverpairs_f004120.jpg,S2_A_hoverpairs,S2_futsal_hoverpairs_20260808_084337,S2_A_hoverpairs,4120,183.569,181,160,0,0,-1,80,,,0,transitional,,,,0,1,209.4,sharp,,,not_applicable,0
S2_A_hoverpairs_f004128.jpg,S2_A_hoverpairs,S2_futsal_hoverpairs_20260808_084337,S2_A_hoverpairs,4128,183.875,178,160,0,0,0,80,,,0,transitional,,,,0,1,203.4,sharp,,,not_applicable,0
S2_A_hoverpairs_f004136.jpg,S2_A_hoverpairs,S2_futsal_hoverpairs_20260808_084337,S2_A_hoverpairs,4136,184.173,178,150,0,0,-1,79,,,0,transitional,,,,0,1,210.5,sharp,,,not_applicable,0
S2_A_hoverpairs_f004144.jpg,S2_A_hoverpairs,S2_futsal_hoverpairs_20260808_084337,S2_A_hoverpairs,4144,184.557,179,150,0,0,0,79,,,0,transitional,,,,0,1,211.0,sharp,,,not_applicable,0
S2_A_hoverpairs_f004152.jpg,S2_A_hoverpairs,S2_futsal_hoverpairs_20260808_084337,S2_A_hoverpairs,4152,184.849,182,160,0,0,0,79,,,0,transitional,,,,0,1,221.0,sharp,,,not_applicable,0
S2_A_hoverpairs_f004160.jpg,S2_A_hoverpairs,S2_futsal_hoverpairs_20260808_084337,S2_A_hoverpairs,4160,185.146,183,160,0,0,0,79,,,0,transitional,,,,0,1,235.3,sharp,,,not_applicable,0
S2_A_hoverpairs_f004168.jpg,S2_A_hoverpairs,S2_futsal_hoverpairs_20260808_084337,S2_A_hoverpairs,4168,185.467,191,160,0,0,0,79,,,0,transitional,,,,0,1,247.7,sharp,,,not_applicable,0
S2_A_hoverpairs_f004176.jpg,S2_A_hoverpairs,S2_futsal_hoverpairs_20260808_084337,S2_A_hoverpairs,4176,185.737,189,160,0,1,0,79,,,0,transitional,,,,0,1,237.2,sharp,,,not_applicable,0
S2_A_hoverpairs_f004184.jpg,S2_A_hoverpairs,S2_futsal_hoverpairs_20260808_084337,S2_A_hoverpairs,4184,186.047,192,170,0,1,0,79,,,0,transitional,,,,0,1,239.2,sharp,,,not_applicable,0
S2_A_hoverpairs_f004192.jpg,S2_A_hoverpairs,S2_futsal_hoverpairs_20260808_084337,S2_A_hoverpairs,4192,186.386,195,170,0,1,0,79,,,0,transitional,,,,0,1,225.9,sharp,,,not_applicable,0
S2_A_hoverpairs_f004200.jpg,S2_A_hoverpairs,S2_futsal_hoverpairs_20260808_084337,S2_A_hoverpairs,4200,186.747,195,170,0,1,0,79,,,0,transitional,,,,0,1,217.8,sharp,,,not_applicable,0
S2_A_hoverpairs_f004208.jpg,S2_A_hoverpairs,S2_futsal_hoverpairs_20260808_084337,S2_A_hoverpairs,4208,187.079,193,170,0,1,0,79,,,0,transitional,,,,0,1,218.9,sharp,,,not_applicable,0
S2_A_hoverpairs_f004216.jpg,S2_A_hoverpairs,S2_futsal_hoverpairs_20260808_084337,S2_A_hoverpairs,4216,187.550,189,160,0,0,0,78,,,0,transitional,,,,0,1,220.8,sharp,,,not_applicable,0
S2_A_hoverpairs_f004224.jpg,S2_A_hoverpairs,S2_futsal_hoverpairs_20260808_084337,S2_A_hoverpairs,4224,187.756,190,160,0,1,1,78,,,0,transitional,,,,0,1,209.9,sharp,,,not_applicable,0
S2_A_hoverpairs_f004232.jpg,S2_A_hoverpairs,S2_futsal_hoverpairs_20260808_084337,S2_A_hoverpairs,4232,188.046,190,160,0,1,1,78,,,0,transitional,,,,0,1,213.0,sharp,,,not_applicable,0
S2_A_hoverpairs_f004240.jpg,S2_A_hoverpairs,S2_futsal_hoverpairs_20260808_084337,S2_A_hoverpairs,4240,188.297,189,160,0,0,1,78,,,0,transitional,,,,0,1,196.4,sharp,,,not_applicable,0
S2_A_hoverpairs_f004248.jpg,S2_A_hoverpairs,S2_futsal_hoverpairs_20260808_084337,S2_A_hoverpairs,4248,188.617,192,160,0,0,1,78,,,0,transitional,,,,0,1,193.5,sharp,,,not_applicable,0
S2_A_hoverpairs_f004256.jpg,S2_A_hoverpairs,S2_futsal_hoverpairs_20260808_084337,S2_A_hoverpairs,4256,188.910,193,160,0,0,1,78,,,0,transitional,,,,0,1,200.6,sharp,,,not_applicable,0
S2_A_hoverpairs_f004264.jpg,S2_A_hoverpairs,S2_futsal_hoverpairs_20260808_084337,S2_A_hoverpairs,4264,189.229,191,160,0,0,1,78,,,0,transitional,,,,0,1,190.7,sharp,,,not_applicable,0
S2_A_hoverpairs_f004272.jpg,S2_A_hoverpairs,S2_futsal_hoverpairs_20260808_084337,S2_A_hoverpairs,4272,189.535,195,160,0,0,1,78,,,0,transitional,,,,0,1,199.9,sharp,,,not_applicable,0
S2_A_hoverpairs_f004280.jpg,S2_A_hoverpairs,S2_futsal_hoverpairs_20260808_084337,S2_A_hoverpairs,4280,189.850,192,170,0,0,1,78,,,0,transitional,,,,0,1,201.6,sharp,,,not_applicable,0
S2_A_hoverpairs_f004288.jpg,S2_A_hoverpairs,S2_futsal_hoverpairs_20260808_084337,S2_A_hoverpairs,4288,190.114,190,160,0,0,0,78,,,0,transitional,,,,0,1,181.5,soft_moderate,,,not_applicable,0
S2_A_hoverpairs_f004296.jpg,S2_A_hoverpairs,S2_futsal_hoverpairs_20260808_084337,S2_A_hoverpairs,4296,190.469,191,160,0,-1,0,78,,,0,transitional,,,,0,1,180.5,soft_moderate,,,not_applicable,0
S2_A_hoverpairs_f004304.jpg,S2_A_hoverpairs,S2_futsal_hoverpairs_20260808_084337,S2_A_hoverpairs,4304,190.758,190,160,0,0,0,78,,,0,transitional,,,,0,1,192.7,sharp,,,not_applicable,0
S2_A_hoverpairs_f004312.jpg,S2_A_hoverpairs,S2_futsal_hoverpairs_20260808_084337,S2_A_hoverpairs,4312,191.070,189,160,0,0,0,78,,,0,transitional,,,,0,1,216.2,sharp,,,not_applicable,0
S2_A_hoverpairs_f004320.jpg,S2_A_hoverpairs,S2_futsal_hoverpairs_20260808_084337,S2_A_hoverpairs,4320,191.403,190,160,0,0,0,78,,,0,transitional,,,,0,1,213.4,sharp,,,not_applicable,0
S2_A_hoverpairs_f004328.jpg,S2_A_hoverpairs,S2_futsal_hoverpairs_20260808_084337,S2_A_hoverpairs,4328,191.704,186,160,0,0,0,78,,,0,transitional,,,,0,1,219.3,sharp,,,not_applicable,0
S2_A_hoverpairs_f004336.jpg,S2_A_hoverpairs,S2_futsal_hoverpairs_20260808_084337,S2_A_hoverpairs,4336,192.047,187,160,0,0,1,78,,,0,transitional,,,,0,1,233.3,sharp,,,not_applicable,0
S2_A_hoverpairs_f004344.jpg,S2_A_hoverpairs,S2_futsal_hoverpairs_20260808_084337,S2_A_hoverpairs,4344,192.352,190,160,0,0,1,78,,,0,transitional,,,,0,1,228.4,sharp,,,not_applicable,0
S2_A_hoverpairs_f004352.jpg,S2_A_hoverpairs,S2_futsal_hoverpairs_20260808_084337,S2_A_hoverpairs,4352,192.647,193,160,-1,0,1,78,,,0,transitional,,,,0,1,215.1,sharp,,,not_applicable,0
S2_A_hoverpairs_f004360.jpg,S2_A_hoverpairs,S2_futsal_hoverpairs_20260808_084337,S2_A_hoverpairs,4360,192.934,194,160,-1,0,0,78,,,0,transitional,,,,0,1,235.3,sharp,,,not_applicable,0
S2_A_hoverpairs_f004368.jpg,S2_A_hoverpairs,S2_futsal_hoverpairs_20260808_084337,S2_A_hoverpairs,4368,193.284,188,160,-1,0,1,78,,,0,transitional,,,,0,1,211.7,sharp,,,not_applicable,0
S2_A_hoverpairs_f004376.jpg,S2_A_hoverpairs,S2_futsal_hoverpairs_20260808_084337,S2_A_hoverpairs,4376,193.580,189,160,0,0,0,78,,,0,transitional,,,,0,1,230.1,sharp,,,not_applicable,0
S2_A_hoverpairs_f004384.jpg,S2_A_hoverpairs,S2_futsal_hoverpairs_20260808_084337,S2_A_hoverpairs,4384,193.833,192,160,0,1,0,78,,,0,transitional,,,,0,1,215.2,sharp,,,not_applicable,0
S2_A_hoverpairs_f004392.jpg,S2_A_hoverpairs,S2_futsal_hoverpairs_20260808_084337,S2_A_hoverpairs,4392,194.137,189,160,0,0,0,78,,,0,transitional,,,,0,1,217.9,sharp,,,not_applicable,0
S2_A_hoverpairs_f004400.jpg,S2_A_hoverpairs,S2_futsal_hoverpairs_20260808_084337,S2_A_hoverpairs,4400,194.449,191,160,0,0,0,77,,,0,transitional,,,,0,1,229.0,sharp,,,not_applicable,0
S2_A_hoverpairs_f004408.jpg,S2_A_hoverpairs,S2_futsal_hoverpairs_20260808_084337,S2_A_hoverpairs,4408,194.769,190,160,0,0,0,77,,,0,transitional,,,,0,1,209.6,sharp,,,not_applicable,0
S2_A_hoverpairs_f004416.jpg,S2_A_hoverpairs,S2_futsal_hoverpairs_20260808_084337,S2_A_hoverpairs,4416,195.086,185,160,0,0,1,77,,,0,transitional,,,,0,1,214.5,sharp,,,not_applicable,0
S2_A_hoverpairs_f004424.jpg,S2_A_hoverpairs,S2_futsal_hoverpairs_20260808_084337,S2_A_hoverpairs,4424,195.353,183,160,0,0,0,77,,,0,transitional,,,,0,1,215.5,sharp,,,not_applicable,0
S2_A_hoverpairs_f004432.jpg,S2_A_hoverpairs,S2_futsal_hoverpairs_20260808_084337,S2_A_hoverpairs,4432,195.636,181,160,0,0,0,77,,,0,transitional,,,,0,1,217.7,sharp,,,not_applicable,0
S2_A_hoverpairs_f004440.jpg,S2_A_hoverpairs,S2_futsal_hoverpairs_20260808_084337,S2_A_hoverpairs,4440,195.917,181,160,0,0,0,77,,,0,transitional,,,,0,1,215.4,sharp,,,not_applicable,0
S2_A_hoverpairs_f004448.jpg,S2_A_hoverpairs,S2_futsal_hoverpairs_20260808_084337,S2_A_hoverpairs,4448,196.299,179,160,0,0,0,77,,,0,transitional,,,,0,1,240.0,sharp,,,not_applicable,0
S2_A_hoverpairs_f004456.jpg,S2_A_hoverpairs,S2_futsal_hoverpairs_20260808_084337,S2_A_hoverpairs,4456,196.667,180,160,0,1,0,77,,,0,transitional,,,,0,1,218.2,sharp,,,not_applicable,0
S2_A_hoverpairs_f004464.jpg,S2_A_hoverpairs,S2_futsal_hoverpairs_20260808_084337,S2_A_hoverpairs,4464,196.912,179,160,0,1,0,77,,,0,transitional,,,,0,1,211.6,sharp,,,not_applicable,0
S2_A_hoverpairs_f004472.jpg,S2_A_hoverpairs,S2_futsal_hoverpairs_20260808_084337,S2_A_hoverpairs,4472,197.299,180,160,0,1,0,77,,,0,transitional,,,,0,1,228.6,sharp,,,not_applicable,0
S2_A_hoverpairs_f004480.jpg,S2_A_hoverpairs,S2_futsal_hoverpairs_20260808_084337,S2_A_hoverpairs,4480,197.535,182,160,0,1,0,77,,,0,transitional,,,,0,1,220.6,sharp,,,not_applicable,0
S2_A_hoverpairs_f004488.jpg,S2_A_hoverpairs,S2_futsal_hoverpairs_20260808_084337,S2_A_hoverpairs,4488,197.803,181,160,0,1,0,77,,,0,transitional,,,,0,1,230.2,sharp,,,not_applicable,0
S2_A_hoverpairs_f004496.jpg,S2_A_hoverpairs,S2_futsal_hoverpairs_20260808_084337,S2_A_hoverpairs,4496,198.167,182,160,0,1,0,77,,,0,transitional,,,,0,1,217.7,sharp,,,not_applicable,0
S2_A_hoverpairs_f004504.jpg,S2_A_hoverpairs,S2_futsal_hoverpairs_20260808_084337,S2_A_hoverpairs,4504,198.537,183,160,0,1,0,77,,,0,transitional,,,,0,1,207.3,sharp,,,not_applicable,0
S2_A_hoverpairs_f004512.jpg,S2_A_hoverpairs,S2_futsal_hoverpairs_20260808_084337,S2_A_hoverpairs,4512,198.876,184,160,0,0,0,77,,,0,transitional,,,,0,1,218.0,sharp,,,not_applicable,0
S2_A_hoverpairs_f004520.jpg,S2_A_hoverpairs,S2_futsal_hoverpairs_20260808_084337,S2_A_hoverpairs,4520,199.148,186,160,0,1,-1,76,,,0,transitional,,,,0,1,210.8,sharp,,,not_applicable,0
S2_A_hoverpairs_f004528.jpg,S2_A_hoverpairs,S2_futsal_hoverpairs_20260808_084337,S2_A_hoverpairs,4528,199.500,191,160,0,1,-1,76,,,0,transitional,,,,0,1,239.7,sharp,,,not_applicable,0
S2_A_hoverpairs_f004536.jpg,S2_A_hoverpairs,S2_futsal_hoverpairs_20260808_084337,S2_A_hoverpairs,4536,199.799,191,160,0,1,-1,76,,,0,transitional,,,,0,1,222.1,sharp,,,not_applicable,0
S2_A_hoverpairs_f004544.jpg,S2_A_hoverpairs,S2_futsal_hoverpairs_20260808_084337,S2_A_hoverpairs,4544,200.117,192,170,0,1,-1,76,,,0,transitional,,,,0,1,218.0,sharp,,,not_applicable,0
S2_A_hoverpairs_f004552.jpg,S2_A_hoverpairs,S2_futsal_hoverpairs_20260808_084337,S2_A_hoverpairs,4552,200.371,193,170,0,0,-1,76,,,0,transitional,,,,0,1,214.7,sharp,,,not_applicable,0
S2_A_hoverpairs_f004560.jpg,S2_A_hoverpairs,S2_futsal_hoverpairs_20260808_084337,S2_A_hoverpairs,4560,200.712,193,160,0,0,-1,76,,,0,transitional,,,,0,1,200.6,sharp,,,not_applicable,0
S2_A_hoverpairs_f004568.jpg,S2_A_hoverpairs,S2_futsal_hoverpairs_20260808_084337,S2_A_hoverpairs,4568,201.034,190,160,0,0,-1,76,,,0,transitional,,,,0,1,200.5,sharp,,,not_applicable,0
S2_A_hoverpairs_f004576.jpg,S2_A_hoverpairs,S2_futsal_hoverpairs_20260808_084337,S2_A_hoverpairs,4576,201.336,194,170,0,0,-1,76,,,0,transitional,,,,0,1,221.4,sharp,,,not_applicable,0
S2_A_hoverpairs_f004584.jpg,S2_A_hoverpairs,S2_futsal_hoverpairs_20260808_084337,S2_A_hoverpairs,4584,201.686,193,170,0,0,-2,76,,,0,transitional,,,,0,1,224.9,sharp,,,not_applicable,0
S2_A_hoverpairs_f004592.jpg,S2_A_hoverpairs,S2_futsal_hoverpairs_20260808_084337,S2_A_hoverpairs,4592,202.002,195,170,0,0,-1,76,,,0,transitional,,,,0,1,221.2,sharp,,,not_applicable,0
S2_A_hoverpairs_f004600.jpg,S2_A_hoverpairs,S2_futsal_hoverpairs_20260808_084337,S2_A_hoverpairs,4600,202.280,191,170,0,1,-1,76,,,0,transitional,,,,0,1,231.2,sharp,,,not_applicable,0
S2_A_hoverpairs_f004608.jpg,S2_A_hoverpairs,S2_futsal_hoverpairs_20260808_084337,S2_A_hoverpairs,4608,202.596,189,170,0,1,0,76,,,0,transitional,,,,0,1,227.7,sharp,,,not_applicable,0
S2_A_hoverpairs_f004616.jpg,S2_A_hoverpairs,S2_futsal_hoverpairs_20260808_084337,S2_A_hoverpairs,4616,202.926,189,160,0,1,-1,76,,,0,transitional,,,,0,1,218.7,sharp,,,not_applicable,0
S2_A_hoverpairs_f004624.jpg,S2_A_hoverpairs,S2_futsal_hoverpairs_20260808_084337,S2_A_hoverpairs,4624,203.205,190,160,0,1,0,76,,,0,transitional,,,,0,1,216.4,sharp,,,not_applicable,0
S2_A_hoverpairs_f004632.jpg,S2_A_hoverpairs,S2_futsal_hoverpairs_20260808_084337,S2_A_hoverpairs,4632,203.598,189,160,0,0,0,76,,,0,transitional,,,,0,1,208.2,sharp,,,not_applicable,0
S2_A_hoverpairs_f004640.jpg,S2_A_hoverpairs,S2_futsal_hoverpairs_20260808_084337,S2_A_hoverpairs,4640,203.898,187,160,0,0,0,76,,,0,transitional,,,,0,1,216.7,sharp,,,not_applicable,0
S2_A_hoverpairs_f004648.jpg,S2_A_hoverpairs,S2_futsal_hoverpairs_20260808_084337,S2_A_hoverpairs,4648,204.236,187,160,0,0,0,76,,,0,transitional,,,,0,1,210.2,sharp,,,not_applicable,0
S2_A_hoverpairs_f004656.jpg,S2_A_hoverpairs,S2_futsal_hoverpairs_20260808_084337,S2_A_hoverpairs,4656,204.568,187,160,0,0,0,76,,,0,transitional,,,,0,1,217.8,sharp,,,not_applicable,0
S2_A_hoverpairs_f004664.jpg,S2_A_hoverpairs,S2_futsal_hoverpairs_20260808_084337,S2_A_hoverpairs,4664,204.863,191,160,0,0,0,76,,,0,transitional,,,,0,1,208.2,sharp,,,not_applicable,0
S2_A_hoverpairs_f004672.jpg,S2_A_hoverpairs,S2_futsal_hoverpairs_20260808_084337,S2_A_hoverpairs,4672,205.236,192,160,0,0,0,76,,,0,transitional,,,,0,1,214.0,sharp,,,not_applicable,0
S2_A_hoverpairs_f004680.jpg,S2_A_hoverpairs,S2_futsal_hoverpairs_20260808_084337,S2_A_hoverpairs,4680,205.552,190,160,0,-1,0,76,,,0,transitional,,,,0,1,197.6,sharp,,,not_applicable,0
S2_A_hoverpairs_f004688.jpg,S2_A_hoverpairs,S2_futsal_hoverpairs_20260808_084337,S2_A_hoverpairs,4688,205.826,190,160,0,0,0,76,,,0,transitional,,,,0,1,198.9,sharp,,,not_applicable,0
S2_A_hoverpairs_f004696.jpg,S2_A_hoverpairs,S2_futsal_hoverpairs_20260808_084337,S2_A_hoverpairs,4696,206.147,190,160,0,0,0,76,,,0,transitional,,,,0,1,215.5,sharp,,,not_applicable,0
S2_A_hoverpairs_f004704.jpg,S2_A_hoverpairs,S2_futsal_hoverpairs_20260808_084337,S2_A_hoverpairs,4704,206.485,190,160,0,1,0,76,,,0,transitional,,,,0,1,236.2,sharp,,,not_applicable,0
S2_A_hoverpairs_f004712.jpg,S2_A_hoverpairs,S2_futsal_hoverpairs_20260808_084337,S2_A_hoverpairs,4712,206.796,191,160,0,0,1,76,,,0,transitional,,,,0,1,219.9,sharp,,,not_applicable,0
S2_A_hoverpairs_f004720.jpg,S2_A_hoverpairs,S2_futsal_hoverpairs_20260808_084337,S2_A_hoverpairs,4720,207.049,190,160,0,0,0,76,,,0,transitional,,,,0,1,229.5,sharp,,,not_applicable,0
S2_A_hoverpairs_f004728.jpg,S2_A_hoverpairs,S2_futsal_hoverpairs_20260808_084337,S2_A_hoverpairs,4728,207.303,189,160,0,0,1,75,,,0,transitional,,,,0,1,235.7,sharp,,,not_applicable,0
S2_A_hoverpairs_f004736.jpg,S2_A_hoverpairs,S2_futsal_hoverpairs_20260808_084337,S2_A_hoverpairs,4736,207.691,189,160,0,0,1,75,,,0,transitional,,,,0,1,223.1,sharp,,,not_applicable,0
S2_A_hoverpairs_f004744.jpg,S2_A_hoverpairs,S2_futsal_hoverpairs_20260808_084337,S2_A_hoverpairs,4744,208.202,192,160,0,0,0,75,,,0,transitional,,,,0,1,224.4,sharp,,,not_applicable,0
S2_A_hoverpairs_f004752.jpg,S2_A_hoverpairs,S2_futsal_hoverpairs_20260808_084337,S2_A_hoverpairs,4752,208.548,187,160,0,0,0,75,,,0,transitional,,,,0,1,238.2,sharp,,,not_applicable,0
S2_A_hoverpairs_f004760.jpg,S2_A_hoverpairs,S2_futsal_hoverpairs_20260808_084337,S2_A_hoverpairs,4760,208.870,191,160,0,0,0,75,,,0,transitional,,,,0,1,229.0,sharp,,,not_applicable,0
S2_A_hoverpairs_f004768.jpg,S2_A_hoverpairs,S2_futsal_hoverpairs_20260808_084337,S2_A_hoverpairs,4768,209.170,192,160,0,0,0,75,,,0,transitional,,,,0,1,218.3,sharp,,,not_applicable,0
S2_A_hoverpairs_f004776.jpg,S2_A_hoverpairs,S2_futsal_hoverpairs_20260808_084337,S2_A_hoverpairs,4776,209.464,192,160,0,0,1,75,,,0,transitional,,,,0,1,217.3,sharp,,,not_applicable,0
S2_A_hoverpairs_f004784.jpg,S2_A_hoverpairs,S2_futsal_hoverpairs_20260808_084337,S2_A_hoverpairs,4784,209.821,194,160,0,0,0,75,,,0,transitional,,,,0,1,200.4,sharp,,,not_applicable,0
S2_A_hoverpairs_f004792.jpg,S2_A_hoverpairs,S2_futsal_hoverpairs_20260808_084337,S2_A_hoverpairs,4792,210.100,193,170,0,0,0,75,,,0,transitional,,,,0,1,204.0,sharp,,,not_applicable,0
S2_A_hoverpairs_f004800.jpg,S2_A_hoverpairs,S2_futsal_hoverpairs_20260808_084337,S2_A_hoverpairs,4800,210.386,195,170,0,0,0,75,,,0,transitional,,,,0,1,219.0,sharp,,,not_applicable,0
S2_A_hoverpairs_f004808.jpg,S2_A_hoverpairs,S2_futsal_hoverpairs_20260808_084337,S2_A_hoverpairs,4808,210.654,191,170,0,0,0,75,,,0,transitional,,,,0,1,226.0,sharp,,,not_applicable,0
S2_A_hoverpairs_f004816.jpg,S2_A_hoverpairs,S2_futsal_hoverpairs_20260808_084337,S2_A_hoverpairs,4816,210.991,193,160,0,0,0,75,,,0,transitional,,,,0,1,230.0,sharp,,,not_applicable,0
S2_A_hoverpairs_f004824.jpg,S2_A_hoverpairs,S2_futsal_hoverpairs_20260808_084337,S2_A_hoverpairs,4824,211.255,189,160,0,0,0,75,,,0,transitional,,,,0,1,221.9,sharp,,,not_applicable,0
S2_A_hoverpairs_f004832.jpg,S2_A_hoverpairs,S2_futsal_hoverpairs_20260808_084337,S2_A_hoverpairs,4832,211.804,189,160,0,0,0,75,,,0,transitional,,,,0,1,231.3,sharp,,,not_applicable,0
S2_A_hoverpairs_f004840.jpg,S2_A_hoverpairs,S2_futsal_hoverpairs_20260808_084337,S2_A_hoverpairs,4840,212.086,188,160,0,0,0,75,,,0,transitional,,,,0,1,233.9,sharp,,,not_applicable,0
S2_A_hoverpairs_f004848.jpg,S2_A_hoverpairs,S2_futsal_hoverpairs_20260808_084337,S2_A_hoverpairs,4848,212.367,190,160,0,0,0,75,,,0,transitional,,,,0,1,226.9,sharp,,,not_applicable,0
S2_A_hoverpairs_f004856.jpg,S2_A_hoverpairs,S2_futsal_hoverpairs_20260808_084337,S2_A_hoverpairs,4856,212.686,192,160,0,1,0,75,,,0,transitional,,,,0,1,219.7,sharp,,,not_applicable,0
S2_A_hoverpairs_f004864.jpg,S2_A_hoverpairs,S2_futsal_hoverpairs_20260808_084337,S2_A_hoverpairs,4864,212.966,196,170,0,0,0,75,,,0,transitional,,,,0,1,231.6,sharp,,,not_applicable,0
S2_A_hoverpairs_f004872.jpg,S2_A_hoverpairs,S2_futsal_hoverpairs_20260808_084337,S2_A_hoverpairs,4872,213.268,194,170,0,0,0,75,,,0,transitional,,,,0,1,219.2,sharp,,,not_applicable,0
S2_A_hoverpairs_f004880.jpg,S2_A_hoverpairs,S2_futsal_hoverpairs_20260808_084337,S2_A_hoverpairs,4880,213.561,193,170,0,0,0,75,,,0,transitional,,,,0,1,218.8,sharp,,,not_applicable,0
S2_A_hoverpairs_f004888.jpg,S2_A_hoverpairs,S2_futsal_hoverpairs_20260808_084337,S2_A_hoverpairs,4888,213.888,192,170,0,0,0,75,,,0,transitional,,,,0,1,218.8,sharp,,,not_applicable,0
S2_A_hoverpairs_f004896.jpg,S2_A_hoverpairs,S2_futsal_hoverpairs_20260808_084337,S2_A_hoverpairs,4896,214.205,189,160,0,0,0,74,,,0,transitional,,,,0,1,209.4,sharp,,,not_applicable,0
S2_A_hoverpairs_f004904.jpg,S2_A_hoverpairs,S2_futsal_hoverpairs_20260808_084337,S2_A_hoverpairs,4904,214.579,186,160,0,0,0,74,,,0,transitional,,,,0,1,223.5,sharp,,,not_applicable,0
S2_A_hoverpairs_f004912.jpg,S2_A_hoverpairs,S2_futsal_hoverpairs_20260808_084337,S2_A_hoverpairs,4912,214.931,183,160,0,0,0,74,,,0,transitional,,,,0,1,206.3,sharp,,,not_applicable,0
S2_A_hoverpairs_f004920.jpg,S2_A_hoverpairs,S2_futsal_hoverpairs_20260808_084337,S2_A_hoverpairs,4920,215.241,181,160,0,0,0,74,,,0,transitional,,,,0,1,211.2,sharp,,,not_applicable,0
S2_A_hoverpairs_f004928.jpg,S2_A_hoverpairs,S2_futsal_hoverpairs_20260808_084337,S2_A_hoverpairs,4928,215.564,188,160,0,0,0,74,,,0,transitional,,,,0,1,200.5,sharp,,,not_applicable,0
S2_A_hoverpairs_f004936.jpg,S2_A_hoverpairs,S2_futsal_hoverpairs_20260808_084337,S2_A_hoverpairs,4936,215.879,188,160,0,0,0,74,,,0,transitional,,,,0,1,195.1,sharp,,,not_applicable,0
S2_A_hoverpairs_f004944.jpg,S2_A_hoverpairs,S2_futsal_hoverpairs_20260808_084337,S2_A_hoverpairs,4944,216.215,191,160,0,1,0,74,,,0,transitional,,,,0,1,198.1,sharp,,,not_applicable,0
S2_A_hoverpairs_f004952.jpg,S2_A_hoverpairs,S2_futsal_hoverpairs_20260808_084337,S2_A_hoverpairs,4952,216.635,190,160,0,0,0,74,,,0,transitional,,,,0,1,215.3,sharp,,,not_applicable,0
S2_A_hoverpairs_f004960.jpg,S2_A_hoverpairs,S2_futsal_hoverpairs_20260808_084337,S2_A_hoverpairs,4960,216.904,189,160,0,0,-1,74,,,0,transitional,,,,0,1,215.5,sharp,,,not_applicable,0
S2_A_hoverpairs_f004968.jpg,S2_A_hoverpairs,S2_futsal_hoverpairs_20260808_084337,S2_A_hoverpairs,4968,217.244,188,160,0,0,-1,74,,,0,transitional,,,,0,1,214.3,sharp,,,not_applicable,0
S2_A_hoverpairs_f004976.jpg,S2_A_hoverpairs,S2_futsal_hoverpairs_20260808_084337,S2_A_hoverpairs,4976,217.485,189,160,0,0,-1,74,,,0,transitional,,,,0,1,232.1,sharp,,,not_applicable,0
S2_A_hoverpairs_f004984.jpg,S2_A_hoverpairs,S2_futsal_hoverpairs_20260808_084337,S2_A_hoverpairs,4984,217.840,189,160,0,0,-1,74,,,0,transitional,,,,0,1,207.6,sharp,,,not_applicable,0
S2_A_hoverpairs_f004992.jpg,S2_A_hoverpairs,S2_futsal_hoverpairs_20260808_084337,S2_A_hoverpairs,4992,218.202,190,160,0,0,-1,74,,,0,transitional,,,,0,1,214.9,sharp,,,not_applicable,0
S2_A_hoverpairs_f005000.jpg,S2_A_hoverpairs,S2_futsal_hoverpairs_20260808_084337,S2_A_hoverpairs,5000,218.588,187,160,0,0,-1,74,,,0,transitional,,,,0,1,216.9,sharp,,,not_applicable,0
S2_A_hoverpairs_f005008.jpg,S2_A_hoverpairs,S2_futsal_hoverpairs_20260808_084337,S2_A_hoverpairs,5008,218.901,186,160,0,1,-1,74,,,0,transitional,,,,0,1,205.9,sharp,,,not_applicable,0
S2_A_hoverpairs_f005016.jpg,S2_A_hoverpairs,S2_futsal_hoverpairs_20260808_084337,S2_A_hoverpairs,5016,219.249,187,160,0,0,-1,74,,,0,transitional,,,,0,1,213.8,sharp,,,not_applicable,0
S2_A_hoverpairs_f005024.jpg,S2_A_hoverpairs,S2_futsal_hoverpairs_20260808_084337,S2_A_hoverpairs,5024,219.565,185,160,0,0,-1,74,,,0,transitional,,,,0,1,221.5,sharp,,,not_applicable,0
S2_A_hoverpairs_f005032.jpg,S2_A_hoverpairs,S2_futsal_hoverpairs_20260808_084337,S2_A_hoverpairs,5032,219.831,184,160,0,0,-1,74,,,0,transitional,,,,0,1,217.2,sharp,,,not_applicable,0
S2_A_hoverpairs_f005040.jpg,S2_A_hoverpairs,S2_futsal_hoverpairs_20260808_084337,S2_A_hoverpairs,5040,220.140,188,160,0,0,-1,73,,,0,transitional,,,,0,1,205.7,sharp,,,not_applicable,0
S2_A_hoverpairs_f005048.jpg,S2_A_hoverpairs,S2_futsal_hoverpairs_20260808_084337,S2_A_hoverpairs,5048,220.420,187,160,0,0,-1,73,,,0,transitional,,,,0,1,206.6,sharp,,,not_applicable,0
S2_A_hoverpairs_f005056.jpg,S2_A_hoverpairs,S2_futsal_hoverpairs_20260808_084337,S2_A_hoverpairs,5056,220.768,188,160,0,1,-1,73,,,0,transitional,,,,0,1,218.5,sharp,,,not_applicable,0
S2_A_hoverpairs_f005064.jpg,S2_A_hoverpairs,S2_futsal_hoverpairs_20260808_084337,S2_A_hoverpairs,5064,221.080,183,160,0,1,-1,73,,,0,transitional,,,,0,1,227.9,sharp,,,not_applicable,0
S2_A_hoverpairs_f005072.jpg,S2_A_hoverpairs,S2_futsal_hoverpairs_20260808_084337,S2_A_hoverpairs,5072,221.369,186,160,0,1,-1,73,,,0,transitional,,,,0,1,224.4,sharp,,,not_applicable,0
S2_A_hoverpairs_f005080.jpg,S2_A_hoverpairs,S2_futsal_hoverpairs_20260808_084337,S2_A_hoverpairs,5080,221.751,185,160,0,1,-1,73,,,0,transitional,,,,0,1,211.0,sharp,,,not_applicable,0
S2_A_hoverpairs_f005088.jpg,S2_A_hoverpairs,S2_futsal_hoverpairs_20260808_084337,S2_A_hoverpairs,5088,222.086,189,160,0,1,0,73,,,0,transitional,,,,0,1,219.3,sharp,,,not_applicable,0
S2_A_hoverpairs_f005096.jpg,S2_A_hoverpairs,S2_futsal_hoverpairs_20260808_084337,S2_A_hoverpairs,5096,222.451,188,160,0,1,0,73,,,0,transitional,,,,0,1,227.1,sharp,,,not_applicable,0
S2_A_hoverpairs_f005104.jpg,S2_A_hoverpairs,S2_futsal_hoverpairs_20260808_084337,S2_A_hoverpairs,5104,222.735,187,160,0,1,-1,73,,,0,transitional,,,,0,1,216.3,sharp,,,not_applicable,0
S2_A_hoverpairs_f005112.jpg,S2_A_hoverpairs,S2_futsal_hoverpairs_20260808_084337,S2_A_hoverpairs,5112,223.107,188,160,0,1,-1,73,,,0,transitional,,,,0,1,206.7,sharp,,,not_applicable,0
S2_A_hoverpairs_f005120.jpg,S2_A_hoverpairs,S2_futsal_hoverpairs_20260808_084337,S2_A_hoverpairs,5120,223.453,184,160,0,1,-1,73,,,0,transitional,,,,0,1,222.5,sharp,,,not_applicable,0
S2_A_hoverpairs_f005128.jpg,S2_A_hoverpairs,S2_futsal_hoverpairs_20260808_084337,S2_A_hoverpairs,5128,223.767,185,160,0,1,-1,73,,,0,transitional,,,,0,1,236.2,sharp,,,not_applicable,0
S2_A_hoverpairs_f005136.jpg,S2_A_hoverpairs,S2_futsal_hoverpairs_20260808_084337,S2_A_hoverpairs,5136,224.037,185,160,0,1,-1,73,,,0,transitional,,,,0,1,222.7,sharp,,,not_applicable,0
S2_A_hoverpairs_f005144.jpg,S2_A_hoverpairs,S2_futsal_hoverpairs_20260808_084337,S2_A_hoverpairs,5144,224.375,185,160,0,1,-1,73,,,0,transitional,,,,0,1,215.0,sharp,,,not_applicable,0
S2_A_hoverpairs_f005152.jpg,S2_A_hoverpairs,S2_futsal_hoverpairs_20260808_084337,S2_A_hoverpairs,5152,224.637,186,160,0,1,-1,73,,,0,transitional,,,,0,1,213.3,sharp,,,not_applicable,0
S2_A_hoverpairs_f005160.jpg,S2_A_hoverpairs,S2_futsal_hoverpairs_20260808_084337,S2_A_hoverpairs,5160,224.937,188,160,0,1,-1,73,,,0,transitional,,,,0,1,200.4,sharp,,,not_applicable,0
S2_A_hoverpairs_f005168.jpg,S2_A_hoverpairs,S2_futsal_hoverpairs_20260808_084337,S2_A_hoverpairs,5168,225.219,187,160,0,0,-1,73,,,0,transitional,,,,0,1,205.9,sharp,,,not_applicable,0
S2_A_hoverpairs_f005176.jpg,S2_A_hoverpairs,S2_futsal_hoverpairs_20260808_084337,S2_A_hoverpairs,5176,225.547,185,160,0,0,-1,73,,,0,transitional,,,,0,1,207.2,sharp,,,not_applicable,0
S2_A_hoverpairs_f005184.jpg,S2_A_hoverpairs,S2_futsal_hoverpairs_20260808_084337,S2_A_hoverpairs,5184,225.844,187,160,0,0,-1,73,,,0,transitional,,,,0,1,207.7,sharp,,,not_applicable,0
S2_A_hoverpairs_f005192.jpg,S2_A_hoverpairs,S2_futsal_hoverpairs_20260808_084337,S2_A_hoverpairs,5192,226.168,190,160,0,0,-1,73,,,0,transitional,,,,0,1,214.9,sharp,,,not_applicable,0
S2_A_hoverpairs_f005200.jpg,S2_A_hoverpairs,S2_futsal_hoverpairs_20260808_084337,S2_A_hoverpairs,5200,226.534,190,160,0,0,-1,73,,,0,transitional,,,,0,1,226.8,sharp,,,not_applicable,0
S2_A_hoverpairs_f005208.jpg,S2_A_hoverpairs,S2_futsal_hoverpairs_20260808_084337,S2_A_hoverpairs,5208,227.063,191,170,0,0,-1,73,,,0,transitional,,,,0,1,225.5,sharp,,,not_applicable,0
S2_A_hoverpairs_f005216.jpg,S2_A_hoverpairs,S2_futsal_hoverpairs_20260808_084337,S2_A_hoverpairs,5216,227.437,191,170,0,0,-1,73,,,0,transitional,,,,0,1,241.4,sharp,,,not_applicable,0
S2_A_hoverpairs_f005224.jpg,S2_A_hoverpairs,S2_futsal_hoverpairs_20260808_084337,S2_A_hoverpairs,5224,227.789,192,160,0,0,-1,73,,,0,transitional,,,,0,1,222.3,sharp,,,not_applicable,0
S2_A_hoverpairs_f005232.jpg,S2_A_hoverpairs,S2_futsal_hoverpairs_20260808_084337,S2_A_hoverpairs,5232,228.032,189,160,0,0,-1,73,,,0,transitional,,,,0,1,232.4,sharp,,,not_applicable,0
S2_A_hoverpairs_f005240.jpg,S2_A_hoverpairs,S2_futsal_hoverpairs_20260808_084337,S2_A_hoverpairs,5240,228.329,188,160,0,1,-1,72,,,0,transitional,,,,0,1,223.5,sharp,,,not_applicable,0
S2_A_hoverpairs_f005248.jpg,S2_A_hoverpairs,S2_futsal_hoverpairs_20260808_084337,S2_A_hoverpairs,5248,228.668,188,160,0,1,-1,72,,,0,transitional,,,,0,1,222.6,sharp,,,not_applicable,0
S2_A_hoverpairs_f005256.jpg,S2_A_hoverpairs,S2_futsal_hoverpairs_20260808_084337,S2_A_hoverpairs,5256,228.999,189,160,0,1,-1,72,,,0,transitional,,,,0,1,218.5,sharp,,,not_applicable,0
S2_A_hoverpairs_f005264.jpg,S2_A_hoverpairs,S2_futsal_hoverpairs_20260808_084337,S2_A_hoverpairs,5264,229.332,192,160,0,0,-1,72,,,0,transitional,,,,0,1,224.2,sharp,,,not_applicable,0
S2_A_hoverpairs_f005272.jpg,S2_A_hoverpairs,S2_futsal_hoverpairs_20260808_084337,S2_A_hoverpairs,5272,229.637,192,160,0,1,-1,72,,,0,transitional,,,,0,1,227.7,sharp,,,not_applicable,0
S2_A_hoverpairs_f005280.jpg,S2_A_hoverpairs,S2_futsal_hoverpairs_20260808_084337,S2_A_hoverpairs,5280,229.955,188,160,0,1,0,72,,,0,transitional,,,,0,1,207.3,sharp,,,not_applicable,0
S2_A_hoverpairs_f005288.jpg,S2_A_hoverpairs,S2_futsal_hoverpairs_20260808_084337,S2_A_hoverpairs,5288,230.330,189,160,0,2,0,72,,,0,transitional,,,,0,1,203.8,sharp,,,not_applicable,0
S2_A_hoverpairs_f005296.jpg,S2_A_hoverpairs,S2_futsal_hoverpairs_20260808_084337,S2_A_hoverpairs,5296,230.656,191,160,0,1,0,72,,,0,transitional,,,,0,1,209.9,sharp,,,not_applicable,0
S2_A_hoverpairs_f005304.jpg,S2_A_hoverpairs,S2_futsal_hoverpairs_20260808_084337,S2_A_hoverpairs,5304,231.024,188,160,0,2,0,72,,,0,transitional,,,,0,1,205.0,sharp,,,not_applicable,0
S2_A_hoverpairs_f005312.jpg,S2_A_hoverpairs,S2_futsal_hoverpairs_20260808_084337,S2_A_hoverpairs,5312,231.319,188,160,0,1,0,72,,,0,transitional,,,,0,1,217.4,sharp,,,not_applicable,0
S2_A_hoverpairs_f005320.jpg,S2_A_hoverpairs,S2_futsal_hoverpairs_20260808_084337,S2_A_hoverpairs,5320,231.727,188,160,0,1,0,72,,,0,transitional,,,,0,1,211.9,sharp,,,not_applicable,0
S2_A_hoverpairs_f005328.jpg,S2_A_hoverpairs,S2_futsal_hoverpairs_20260808_084337,S2_A_hoverpairs,5328,232.072,191,160,-1,1,0,72,,,0,transitional,,,,0,1,213.6,sharp,,,not_applicable,0
S2_A_hoverpairs_f005336.jpg,S2_A_hoverpairs,S2_futsal_hoverpairs_20260808_084337,S2_A_hoverpairs,5336,232.385,188,160,0,1,-2,72,,,0,transitional,,,,0,1,211.4,sharp,,,not_applicable,0
S2_A_hoverpairs_f005344.jpg,S2_A_hoverpairs,S2_futsal_hoverpairs_20260808_084337,S2_A_hoverpairs,5344,232.834,189,160,0,1,-2,72,,,0,transitional,,,,0,1,203.9,sharp,,,not_applicable,0
S2_A_hoverpairs_f005352.jpg,S2_A_hoverpairs,S2_futsal_hoverpairs_20260808_084337,S2_A_hoverpairs,5352,233.108,189,160,0,0,-1,72,,,0,transitional,,,,0,1,214.8,sharp,,,not_applicable,0
S2_A_hoverpairs_f005360.jpg,S2_A_hoverpairs,S2_futsal_hoverpairs_20260808_084337,S2_A_hoverpairs,5360,233.433,190,160,0,1,-2,72,,,0,transitional,,,,0,1,227.1,sharp,,,not_applicable,0
S2_A_hoverpairs_f005368.jpg,S2_A_hoverpairs,S2_futsal_hoverpairs_20260808_084337,S2_A_hoverpairs,5368,233.736,193,160,0,0,-2,72,,,0,transitional,,,,0,1,214.6,sharp,,,not_applicable,0
S2_A_hoverpairs_f005376.jpg,S2_A_hoverpairs,S2_futsal_hoverpairs_20260808_084337,S2_A_hoverpairs,5376,234.105,193,170,0,0,-1,72,,,0,transitional,,,,0,1,222.7,sharp,,,not_applicable,0
S2_A_hoverpairs_f005384.jpg,S2_A_hoverpairs,S2_futsal_hoverpairs_20260808_084337,S2_A_hoverpairs,5384,234.448,192,160,0,0,-1,72,,,0,transitional,,,,0,1,235.8,sharp,,,not_applicable,0
S2_A_hoverpairs_f005392.jpg,S2_A_hoverpairs,S2_futsal_hoverpairs_20260808_084337,S2_A_hoverpairs,5392,234.721,189,160,0,0,-1,72,,,0,transitional,,,,0,1,218.1,sharp,,,not_applicable,0
S2_A_hoverpairs_f005400.jpg,S2_A_hoverpairs,S2_futsal_hoverpairs_20260808_084337,S2_A_hoverpairs,5400,234.989,189,160,0,0,-1,72,,,0,transitional,,,,0,1,225.8,sharp,,,not_applicable,0
S2_A_hoverpairs_f005408.jpg,S2_A_hoverpairs,S2_futsal_hoverpairs_20260808_084337,S2_A_hoverpairs,5408,235.247,190,160,0,0,-1,72,,,0,transitional,,,,0,1,227.7,sharp,,,not_applicable,0
S2_A_hoverpairs_f005416.jpg,S2_A_hoverpairs,S2_futsal_hoverpairs_20260808_084337,S2_A_hoverpairs,5416,235.631,191,160,0,0,-1,72,,,0,transitional,,,,0,1,235.4,sharp,,,not_applicable,0
S2_A_hoverpairs_f005424.jpg,S2_A_hoverpairs,S2_futsal_hoverpairs_20260808_084337,S2_A_hoverpairs,5424,235.923,191,160,0,0,0,72,,,0,transitional,,,,0,1,221.5,sharp,,,not_applicable,0
S2_A_hoverpairs_f005432.jpg,S2_A_hoverpairs,S2_futsal_hoverpairs_20260808_084337,S2_A_hoverpairs,5432,236.178,189,160,0,0,0,71,,,0,transitional,,,,0,1,231.3,sharp,,,not_applicable,0
S2_A_hoverpairs_f005440.jpg,S2_A_hoverpairs,S2_futsal_hoverpairs_20260808_084337,S2_A_hoverpairs,5440,236.450,189,160,0,0,-1,71,,,0,transitional,,,,0,1,244.2,sharp,,,not_applicable,0
S2_A_hoverpairs_f005448.jpg,S2_A_hoverpairs,S2_futsal_hoverpairs_20260808_084337,S2_A_hoverpairs,5448,236.761,189,160,0,1,0,71,,,0,transitional,,,,0,1,220.9,sharp,,,not_applicable,0
S2_A_hoverpairs_f005456.jpg,S2_A_hoverpairs,S2_futsal_hoverpairs_20260808_084337,S2_A_hoverpairs,5456,237.037,189,160,0,1,-1,71,,,0,transitional,,,,0,1,230.0,sharp,,,not_applicable,0
S2_A_hoverpairs_f005464.jpg,S2_A_hoverpairs,S2_futsal_hoverpairs_20260808_084337,S2_A_hoverpairs,5464,237.386,189,160,0,1,-1,71,,,0,transitional,,,,0,1,230.2,sharp,,,not_applicable,0
S2_A_hoverpairs_f005472.jpg,S2_A_hoverpairs,S2_futsal_hoverpairs_20260808_084337,S2_A_hoverpairs,5472,237.808,189,160,0,0,0,71,,,0,transitional,,,,0,1,230.3,sharp,,,not_applicable,0
S2_A_hoverpairs_f005480.jpg,S2_A_hoverpairs,S2_futsal_hoverpairs_20260808_084337,S2_A_hoverpairs,5480,238.136,188,160,0,0,0,71,,,0,transitional,,,,0,1,226.0,sharp,,,not_applicable,0
S2_A_hoverpairs_f005488.jpg,S2_A_hoverpairs,S2_futsal_hoverpairs_20260808_084337,S2_A_hoverpairs,5488,238.489,190,160,0,0,0,71,,,0,transitional,,,,0,1,240.2,sharp,,,not_applicable,0
S2_A_hoverpairs_f005496.jpg,S2_A_hoverpairs,S2_futsal_hoverpairs_20260808_084337,S2_A_hoverpairs,5496,238.801,193,160,0,1,0,71,,,0,transitional,,,,0,1,226.1,sharp,,,not_applicable,0
S2_A_hoverpairs_f005504.jpg,S2_A_hoverpairs,S2_futsal_hoverpairs_20260808_084337,S2_A_hoverpairs,5504,239.059,189,160,0,0,0,71,,,0,transitional,,,,0,1,233.0,sharp,,,not_applicable,0
S2_A_hoverpairs_f005512.jpg,S2_A_hoverpairs,S2_futsal_hoverpairs_20260808_084337,S2_A_hoverpairs,5512,239.368,193,170,0,0,-1,71,,,0,transitional,,,,0,1,230.9,sharp,,,not_applicable,0
S2_A_hoverpairs_f005520.jpg,S2_A_hoverpairs,S2_futsal_hoverpairs_20260808_084337,S2_A_hoverpairs,5520,239.713,190,170,0,0,-1,71,,,0,transitional,,,,0,1,222.9,sharp,,,not_applicable,0
S2_A_hoverpairs_f005528.jpg,S2_A_hoverpairs,S2_futsal_hoverpairs_20260808_084337,S2_A_hoverpairs,5528,240.070,188,160,0,0,-1,71,,,0,transitional,,,,0,1,220.2,sharp,,,not_applicable,0
S2_A_hoverpairs_f005536.jpg,S2_A_hoverpairs,S2_futsal_hoverpairs_20260808_084337,S2_A_hoverpairs,5536,240.384,189,160,0,0,-1,71,,,0,transitional,,,,0,1,208.3,sharp,,,not_applicable,0
S2_A_hoverpairs_f005544.jpg,S2_A_hoverpairs,S2_futsal_hoverpairs_20260808_084337,S2_A_hoverpairs,5544,240.665,186,160,0,0,-1,71,,,0,transitional,,,,0,1,220.1,sharp,,,not_applicable,0
S2_A_hoverpairs_f005552.jpg,S2_A_hoverpairs,S2_futsal_hoverpairs_20260808_084337,S2_A_hoverpairs,5552,241.009,185,160,0,0,-1,71,,,0,transitional,,,,0,1,193.8,sharp,,,not_applicable,0
S2_A_hoverpairs_f005560.jpg,S2_A_hoverpairs,S2_futsal_hoverpairs_20260808_084337,S2_A_hoverpairs,5560,241.269,184,160,0,0,-1,71,,,0,transitional,,,,0,1,218.2,sharp,,,not_applicable,0
S2_A_hoverpairs_f005568.jpg,S2_A_hoverpairs,S2_futsal_hoverpairs_20260808_084337,S2_A_hoverpairs,5568,241.534,182,160,0,0,-1,71,,,0,transitional,,,,0,1,211.2,sharp,,,not_applicable,0
S2_A_hoverpairs_f005576.jpg,S2_A_hoverpairs,S2_futsal_hoverpairs_20260808_084337,S2_A_hoverpairs,5576,241.834,185,160,0,-1,0,71,,,0,transitional,,,,0,1,218.3,sharp,,,not_applicable,0
S2_A_hoverpairs_f005584.jpg,S2_A_hoverpairs,S2_futsal_hoverpairs_20260808_084337,S2_A_hoverpairs,5584,242.140,188,160,0,-1,0,71,,,0,transitional,,,,0,1,240.1,sharp,,,not_applicable,0
S2_A_hoverpairs_f005592.jpg,S2_A_hoverpairs,S2_futsal_hoverpairs_20260808_084337,S2_A_hoverpairs,5592,242.501,188,160,0,-1,0,71,,,0,transitional,,,,0,1,247.1,sharp,,,not_applicable,0
S2_A_hoverpairs_f005600.jpg,S2_A_hoverpairs,S2_futsal_hoverpairs_20260808_084337,S2_A_hoverpairs,5600,242.813,190,160,0,-1,0,71,,,0,transitional,,,,0,1,242.3,sharp,,,not_applicable,0
S2_A_hoverpairs_f005608.jpg,S2_A_hoverpairs,S2_futsal_hoverpairs_20260808_084337,S2_A_hoverpairs,5608,244.488,186,160,0,1,-1,70,,,0,transitional,,,,0,1,234.7,sharp,,,not_applicable,0
S2_A_hoverpairs_f005616.jpg,S2_A_hoverpairs,S2_futsal_hoverpairs_20260808_084337,S2_A_hoverpairs,5616,244.799,187,160,0,1,0,70,,,0,transitional,,,,0,1,208.1,sharp,,,not_applicable,0
S2_A_hoverpairs_f005624.jpg,S2_A_hoverpairs,S2_futsal_hoverpairs_20260808_084337,S2_A_hoverpairs,5624,245.126,186,160,0,1,0,70,,,0,transitional,,,,0,1,225.2,sharp,,,not_applicable,0
S2_A_hoverpairs_f005632.jpg,S2_A_hoverpairs,S2_futsal_hoverpairs_20260808_084337,S2_A_hoverpairs,5632,245.447,187,160,0,0,0,70,,,0,transitional,,,,0,1,242.0,sharp,,,not_applicable,0
S2_A_hoverpairs_f005640.jpg,S2_A_hoverpairs,S2_futsal_hoverpairs_20260808_084337,S2_A_hoverpairs,5640,245.735,187,160,0,0,0,70,,,0,transitional,,,,0,1,219.0,sharp,,,not_applicable,0
S2_A_hoverpairs_f005648.jpg,S2_A_hoverpairs,S2_futsal_hoverpairs_20260808_084337,S2_A_hoverpairs,5648,246.028,187,160,0,0,0,70,,,0,transitional,,,,0,1,222.3,sharp,,,not_applicable,0
S2_A_hoverpairs_f005656.jpg,S2_A_hoverpairs,S2_futsal_hoverpairs_20260808_084337,S2_A_hoverpairs,5656,246.383,186,160,0,0,0,70,,,0,transitional,,,,0,1,226.5,sharp,,,not_applicable,0
S2_A_hoverpairs_f005664.jpg,S2_A_hoverpairs,S2_futsal_hoverpairs_20260808_084337,S2_A_hoverpairs,5664,246.680,189,160,0,0,0,70,,,0,transitional,,,,0,1,208.6,sharp,,,not_applicable,0
S2_A_hoverpairs_f005672.jpg,S2_A_hoverpairs,S2_futsal_hoverpairs_20260808_084337,S2_A_hoverpairs,5672,246.971,186,160,0,0,0,70,,,0,transitional,,,,0,1,211.0,sharp,,,not_applicable,0
S2_A_hoverpairs_f005680.jpg,S2_A_hoverpairs,S2_futsal_hoverpairs_20260808_084337,S2_A_hoverpairs,5680,247.334,190,160,0,0,0,70,,,0,transitional,,,,0,1,220.0,sharp,,,not_applicable,0
S2_A_hoverpairs_f005688.jpg,S2_A_hoverpairs,S2_futsal_hoverpairs_20260808_084337,S2_A_hoverpairs,5688,247.720,185,160,0,0,1,70,,,0,transitional,,,,0,1,222.0,sharp,,,not_applicable,0
S2_A_hoverpairs_f005696.jpg,S2_A_hoverpairs,S2_futsal_hoverpairs_20260808_084337,S2_A_hoverpairs,5696,248.105,188,160,0,0,0,70,,,0,transitional,,,,0,1,214.3,sharp,,,not_applicable,0
S2_A_hoverpairs_f005704.jpg,S2_A_hoverpairs,S2_futsal_hoverpairs_20260808_084337,S2_A_hoverpairs,5704,248.382,184,160,0,-1,0,70,,,0,transitional,,,,0,1,216.7,sharp,,,not_applicable,0
S2_A_hoverpairs_f005712.jpg,S2_A_hoverpairs,S2_futsal_hoverpairs_20260808_084337,S2_A_hoverpairs,5712,248.734,186,160,0,-1,0,70,,,0,transitional,,,,0,1,232.3,sharp,,,not_applicable,0
S2_A_hoverpairs_f005720.jpg,S2_A_hoverpairs,S2_futsal_hoverpairs_20260808_084337,S2_A_hoverpairs,5720,249.071,185,160,0,-1,0,70,,,0,transitional,,,,0,1,228.5,sharp,,,not_applicable,0
S2_A_hoverpairs_f005728.jpg,S2_A_hoverpairs,S2_futsal_hoverpairs_20260808_084337,S2_A_hoverpairs,5728,249.372,186,160,0,0,0,70,,,0,transitional,,,,0,1,232.5,sharp,,,not_applicable,0
S2_A_hoverpairs_f005736.jpg,S2_A_hoverpairs,S2_futsal_hoverpairs_20260808_084337,S2_A_hoverpairs,5736,249.714,185,160,0,0,0,70,,,0,transitional,,,,0,1,234.0,sharp,,,not_applicable,0
S2_A_hoverpairs_f005744.jpg,S2_A_hoverpairs,S2_futsal_hoverpairs_20260808_084337,S2_A_hoverpairs,5744,250.029,185,160,0,-1,0,70,,,0,transitional,,,,0,1,235.1,sharp,,,not_applicable,0
S2_A_hoverpairs_f005752.jpg,S2_A_hoverpairs,S2_futsal_hoverpairs_20260808_084337,S2_A_hoverpairs,5752,250.321,186,160,0,0,0,69,,,0,transitional,,,,0,1,228.5,sharp,,,not_applicable,0
S2_PAIR_clean_f000000.jpg,S2_PAIR_clean,S2_futsal_paircleanH_20260808_085018,S2_PAIR_clean,0,0.241,10,0,7,0,-1,66,,,0,flight,0,0,0.0,1,1,199.1,sharp,0.0,,clean_no_occluder,0
S2_PAIR_clean_f000007.jpg,S2_PAIR_clean,S2_futsal_paircleanH_20260808_085018,S2_PAIR_clean,7,0.402,10,0,7,0,-1,66,,,0,flight,0,0,0.0,1,1,201.5,sharp,0.0,,clean_no_occluder,0
S2_PAIR_clean_f000014.jpg,S2_PAIR_clean,S2_futsal_paircleanH_20260808_085018,S2_PAIR_clean,14,0.625,10,0,7,0,-1,66,,,0,flight,0,0,0.0,1,1,207.5,sharp,0.0,,clean_no_occluder,0
S2_PAIR_clean_f000021.jpg,S2_PAIR_clean,S2_futsal_paircleanH_20260808_085018,S2_PAIR_clean,21,0.939,10,0,7,0,-1,66,,,0,flight,0,0,0.0,1,1,208.6,sharp,0.0,,clean_no_occluder,0
S2_PAIR_clean_f000028.jpg,S2_PAIR_clean,S2_futsal_paircleanH_20260808_085018,S2_PAIR_clean,28,1.226,10,0,7,0,-1,66,,,0,flight,0,0,0.0,1,1,208.9,sharp,0.0,,clean_no_occluder,0
S2_PAIR_clean_f000035.jpg,S2_PAIR_clean,S2_futsal_paircleanH_20260808_085018,S2_PAIR_clean,35,1.561,10,0,7,0,-1,66,,,0,flight,0,0,0.0,1,1,205.2,sharp,0.0,,clean_no_occluder,0
S2_PAIR_clean_f000042.jpg,S2_PAIR_clean,S2_futsal_paircleanH_20260808_085018,S2_PAIR_clean,42,1.835,10,0,7,0,-1,66,,,0,flight,0,0,0.0,1,1,207.7,sharp,0.0,,clean_no_occluder,0
S2_PAIR_clean_f000049.jpg,S2_PAIR_clean,S2_futsal_paircleanH_20260808_085018,S2_PAIR_clean,49,2.234,10,0,7,0,-1,66,,,0,flight,0,0,0.0,1,1,209.2,sharp,0.0,,clean_no_occluder,0
S2_PAIR_clean_f000056.jpg,S2_PAIR_clean,S2_futsal_paircleanH_20260808_085018,S2_PAIR_clean,56,3.495,10,0,7,0,-1,66,,,0,flight,0,0,0.0,1,1,205.4,sharp,0.0,,clean_no_occluder,0
S2_PAIR_clean_f000063.jpg,S2_PAIR_clean,S2_futsal_paircleanH_20260808_085018,S2_PAIR_clean,63,4.007,10,0,7,0,-1,66,,,0,flight,0,0,0.0,1,1,207.7,sharp,0.0,,clean_no_occluder,0
S2_PAIR_clean_f000070.jpg,S2_PAIR_clean,S2_futsal_paircleanH_20260808_085018,S2_PAIR_clean,70,4.311,10,0,7,0,-1,66,,,0,flight,0,0,0.0,1,1,208.5,sharp,0.0,,clean_no_occluder,0
S2_PAIR_clean_f000077.jpg,S2_PAIR_clean,S2_futsal_paircleanH_20260808_085018,S2_PAIR_clean,77,4.728,10,0,7,0,-1,66,,,0,flight,0,0,0.0,1,1,206.6,sharp,0.0,,clean_no_occluder,0
S2_PAIR_clean_f000084.jpg,S2_PAIR_clean,S2_futsal_paircleanH_20260808_085018,S2_PAIR_clean,84,5.125,10,0,7,0,-1,66,,,0,flight,0,0,0.0,1,1,208.5,sharp,0.0,,clean_no_occluder,0
S2_PAIR_clean_f000091.jpg,S2_PAIR_clean,S2_futsal_paircleanH_20260808_085018,S2_PAIR_clean,91,6.382,10,0,7,0,-1,66,,,0,flight,0,0,0.0,1,1,140.6,soft_heavy,0.0,,clean_no_occluder,0
S2_PAIR_clean_f000098.jpg,S2_PAIR_clean,S2_futsal_paircleanH_20260808_085018,S2_PAIR_clean,98,6.759,10,0,7,0,-1,66,,,0,flight,0,0,,0,1,165.9,soft_heavy,,,clean_no_occluder,0
S2_PAIR_clean_f000112.jpg,S2_PAIR_clean,S2_futsal_paircleanH_20260808_085018,S2_PAIR_clean,112,7.679,10,0,-25,0,-1,66,,,0,flight,0,0,0.0,1,1,136.8,soft_heavy,0.0,,clean_no_occluder,0
S2_PAIR_clean_f000119.jpg,S2_PAIR_clean,S2_futsal_paircleanH_20260808_085018,S2_PAIR_clean,119,8.084,10,0,-25,0,-1,66,,,0,flight,0,0,0.0,1,1,158.4,soft_heavy,0.0,,clean_no_occluder,0
S2_PAIR_clean_f000126.jpg,S2_PAIR_clean,S2_futsal_paircleanH_20260808_085018,S2_PAIR_clean,126,8.628,10,0,-25,0,-1,66,,,0,flight,0,0,0.0,1,1,306.1,sharp,0.0,,clean_no_occluder,0
S2_PAIR_clean_f000133.jpg,S2_PAIR_clean,S2_futsal_paircleanH_20260808_085018,S2_PAIR_clean,133,9.105,10,0,-25,0,-1,66,,,0,flight,0,0,0.0,1,1,315.5,sharp,0.0,,clean_no_occluder,0
S2_PAIR_clean_f000140.jpg,S2_PAIR_clean,S2_futsal_paircleanH_20260808_085018,S2_PAIR_clean,140,9.721,10,0,-25,0,-1,66,,,0,flight,0,0,0.0,1,1,170.2,soft_moderate,0.0,,clean_no_occluder,0
S2_PAIR_clean_f000147.jpg,S2_PAIR_clean,S2_futsal_paircleanH_20260808_085018,S2_PAIR_clean,147,10.053,10,0,-27,0,-1,66,,,0,flight,0,0,,1,1,70.7,soft_heavy,,,clean_no_occluder,0
S2_PAIR_clean_f000154.jpg,S2_PAIR_clean,S2_futsal_paircleanH_20260808_085018,S2_PAIR_clean,154,10.551,10,0,-34,0,-1,66,,,0,flight,0,0,,1,1,103.9,soft_heavy,,,clean_no_occluder,0
S2_PAIR_clean_f000161.jpg,S2_PAIR_clean,S2_futsal_paircleanH_20260808_085018,S2_PAIR_clean,161,10.966,10,0,-34,0,-1,66,,,0,flight,0,0,,1,1,126.9,soft_heavy,,,clean_no_occluder,0
S2_PAIR_clean_f000168.jpg,S2_PAIR_clean,S2_futsal_paircleanH_20260808_085018,S2_PAIR_clean,168,11.379,10,0,-34,0,-1,66,,,0,flight,0,0,,1,1,145.1,soft_heavy,,,clean_no_occluder,0
S2_PAIR_clean_f000175.jpg,S2_PAIR_clean,S2_futsal_paircleanH_20260808_085018,S2_PAIR_clean,175,11.781,10,0,-34,0,-1,66,,,0,flight,0,0,,1,1,159.1,soft_heavy,,,clean_no_occluder,0
S2_PAIR_clean_f000182.jpg,S2_PAIR_clean,S2_futsal_paircleanH_20260808_085018,S2_PAIR_clean,182,12.098,10,0,-34,0,-1,66,,,0,flight,0,0,,1,1,165.4,soft_heavy,,,clean_no_occluder,0
S2_PAIR_clean_f000189.jpg,S2_PAIR_clean,S2_futsal_paircleanH_20260808_085018,S2_PAIR_clean,189,12.484,10,0,-34,0,-1,66,,,0,flight,0,0,,1,1,163.0,soft_heavy,,,clean_no_occluder,0
S2_PAIR_clean_f000196.jpg,S2_PAIR_clean,S2_futsal_paircleanH_20260808_085018,S2_PAIR_clean,196,12.895,10,0,-34,0,-1,66,,,0,flight,0,0,,1,1,171.7,soft_moderate,,,clean_no_occluder,0
S2_PAIR_clean_f000203.jpg,S2_PAIR_clean,S2_futsal_paircleanH_20260808_085018,S2_PAIR_clean,203,13.338,10,0,-34,0,-1,66,,,0,flight,0,0,,1,1,174.7,soft_moderate,,,clean_no_occluder,0
S2_PAIR_clean_f000210.jpg,S2_PAIR_clean,S2_futsal_paircleanH_20260808_085018,S2_PAIR_clean,210,13.714,10,0,-34,0,-1,66,,,0,flight,0,0,,1,1,170.5,soft_moderate,,,clean_no_occluder,0
S2_PAIR_clean_f000217.jpg,S2_PAIR_clean,S2_futsal_paircleanH_20260808_085018,S2_PAIR_clean,217,14.341,10,0,-34,0,-1,66,,,0,flight,0,0,,1,1,174.8,soft_moderate,,,clean_no_occluder,0
S2_PAIR_clean_f000224.jpg,S2_PAIR_clean,S2_futsal_paircleanH_20260808_085018,S2_PAIR_clean,224,14.737,10,0,-34,0,-1,66,,,0,flight,0,0,,1,1,170.5,soft_moderate,,,clean_no_occluder,0
S2_PAIR_clean_f000231.jpg,S2_PAIR_clean,S2_futsal_paircleanH_20260808_085018,S2_PAIR_clean,231,15.149,10,0,-34,0,-1,66,,,0,flight,0,0,,1,1,178.5,soft_moderate,,,clean_no_occluder,0
S2_PAIR_clean_f000238.jpg,S2_PAIR_clean,S2_futsal_paircleanH_20260808_085018,S2_PAIR_clean,238,16.890,10,0,-34,0,-1,65,,,0,flight,0,0,,1,1,171.9,soft_moderate,,,clean_no_occluder,0
S2_PAIR_clean_f000245.jpg,S2_PAIR_clean,S2_futsal_paircleanH_20260808_085018,S2_PAIR_clean,245,17.196,10,0,-34,0,-1,65,,,0,flight,0,0,,1,1,174.0,soft_moderate,,,clean_no_occluder,0
S2_PAIR_clean_f000252.jpg,S2_PAIR_clean,S2_futsal_paircleanH_20260808_085018,S2_PAIR_clean,252,17.609,10,0,-34,0,-1,65,,,0,flight,0,0,,1,1,167.2,soft_moderate,,,clean_no_occluder,0
S2_PAIR_clean_f000259.jpg,S2_PAIR_clean,S2_futsal_paircleanH_20260808_085018,S2_PAIR_clean,259,18.125,10,0,-34,0,-1,65,,,0,flight,0,0,,1,1,175.1,soft_moderate,,,clean_no_occluder,0
S2_PAIR_clean_f000266.jpg,S2_PAIR_clean,S2_futsal_paircleanH_20260808_085018,S2_PAIR_clean,266,18.522,10,0,-34,0,-1,65,,,0,flight,0,0,,1,1,163.6,soft_heavy,,,clean_no_occluder,0
S2_PAIR_clean_f000273.jpg,S2_PAIR_clean,S2_futsal_paircleanH_20260808_085018,S2_PAIR_clean,273,18.938,10,0,-34,0,-1,65,,,0,flight,0,0,,1,1,171.2,soft_moderate,,,clean_no_occluder,0
S2_PAIR_clean_f000280.jpg,S2_PAIR_clean,S2_futsal_paircleanH_20260808_085018,S2_PAIR_clean,280,19.546,10,0,-34,0,-1,65,,,0,flight,0,0,,1,1,165.4,soft_heavy,,,clean_no_occluder,0
S2_PAIR_clean_f000287.jpg,S2_PAIR_clean,S2_futsal_paircleanH_20260808_085018,S2_PAIR_clean,287,20.057,10,0,-34,0,-1,65,,,0,flight,0,0,,1,1,173.5,soft_moderate,,,clean_no_occluder,0
S2_PAIR_clean_f000294.jpg,S2_PAIR_clean,S2_futsal_paircleanH_20260808_085018,S2_PAIR_clean,294,24.596,79,70,-34,0,-1,65,,,0,flight,0,0,0.0,1,1,157.8,soft_heavy,0.0,,clean_no_occluder,0
S2_PAIR_clean_f000301.jpg,S2_PAIR_clean,S2_futsal_paircleanH_20260808_085018,S2_PAIR_clean,301,24.848,80,70,-34,0,-1,65,,,0,flight,0,0,0.0,1,1,158.9,soft_heavy,0.0,,clean_no_occluder,0
S2_PAIR_clean_f000308.jpg,S2_PAIR_clean,S2_futsal_paircleanH_20260808_085018,S2_PAIR_clean,308,25.097,83,70,-34,0,-1,65,,,0,flight,0,0,0.0,1,1,139.8,soft_heavy,0.0,,clean_no_occluder,0
S2_PAIR_clean_f000315.jpg,S2_PAIR_clean,S2_futsal_paircleanH_20260808_085018,S2_PAIR_clean,315,25.312,89,80,-34,0,-1,65,,,0,flight,0,0,0.0,1,1,163.5,soft_heavy,0.0,,clean_no_occluder,0
S2_PAIR_clean_f000322.jpg,S2_PAIR_clean,S2_futsal_paircleanH_20260808_085018,S2_PAIR_clean,322,25.681,103,90,-34,0,-1,65,,,0,flight,0,0,0.0,1,1,151.7,soft_heavy,0.0,,clean_no_occluder,0
S2_PAIR_clean_f000329.jpg,S2_PAIR_clean,S2_futsal_paircleanH_20260808_085018,S2_PAIR_clean,329,25.996,112,100,-34,0,-1,65,,,0,flight,0,0,0.0,1,1,167.9,soft_moderate,0.0,,clean_no_occluder,0
S2_PAIR_clean_f000336.jpg,S2_PAIR_clean,S2_futsal_paircleanH_20260808_085018,S2_PAIR_clean,336,26.311,121,110,-34,0,-1,65,,,0,flight,0,0,0.0,1,1,169.4,soft_moderate,0.0,,clean_no_occluder,0
S2_PAIR_clean_f000343.jpg,S2_PAIR_clean,S2_futsal_paircleanH_20260808_085018,S2_PAIR_clean,343,26.612,130,120,-34,0,-1,65,,,0,flight,0,0,0.0,1,1,169.2,soft_moderate,0.0,,clean_no_occluder,0
S2_PAIR_clean_f000350.jpg,S2_PAIR_clean,S2_futsal_paircleanH_20260808_085018,S2_PAIR_clean,350,26.863,136,130,-34,0,-1,65,,,0,flight,0,0,0.0,1,1,149.2,soft_heavy,0.0,,clean_no_occluder,0
S2_PAIR_clean_f000357.jpg,S2_PAIR_clean,S2_futsal_paircleanH_20260808_085018,S2_PAIR_clean,357,27.093,140,130,-34,0,-1,65,,,0,flight,0,0,0.0,1,1,142.5,soft_heavy,0.0,,clean_no_occluder,0
S2_PAIR_clean_f000364.jpg,S2_PAIR_clean,S2_futsal_paircleanH_20260808_085018,S2_PAIR_clean,364,27.458,153,150,-34,0,-2,65,,,0,flight,0,0,0.0,1,1,168.6,soft_moderate,0.0,,clean_no_occluder,0
S2_PAIR_clean_f000371.jpg,S2_PAIR_clean,S2_futsal_paircleanH_20260808_085018,S2_PAIR_clean,371,27.738,161,150,-34,0,-2,65,,,0,flight,0,0,0.0,1,1,157.5,soft_heavy,0.0,,clean_no_occluder,0
S2_PAIR_clean_f000378.jpg,S2_PAIR_clean,S2_futsal_paircleanH_20260808_085018,S2_PAIR_clean,378,28.028,165,160,-34,0,-2,65,,,0,flight,0,0,0.0,1,1,155.1,soft_heavy,0.0,,clean_no_occluder,0
S2_PAIR_clean_f000385.jpg,S2_PAIR_clean,S2_futsal_paircleanH_20260808_085018,S2_PAIR_clean,385,28.258,171,160,-34,0,-1,65,,,0,flight,0,0,0.0,1,1,166.0,soft_heavy,0.0,,clean_no_occluder,0
S2_PAIR_clean_f000392.jpg,S2_PAIR_clean,S2_futsal_paircleanH_20260808_085018,S2_PAIR_clean,392,28.564,177,170,-34,0,-2,65,,,0,flight,0,0,0.0,1,1,163.8,soft_heavy,0.0,,clean_no_occluder,0
S2_PAIR_clean_f000399.jpg,S2_PAIR_clean,S2_futsal_paircleanH_20260808_085018,S2_PAIR_clean,399,28.845,187,180,-34,0,-1,65,,,0,flight,0,0,0.0,1,1,158.5,soft_heavy,0.0,,clean_no_occluder,0
S2_PAIR_clean_f000406.jpg,S2_PAIR_clean,S2_futsal_paircleanH_20260808_085018,S2_PAIR_clean,406,29.075,196,190,-34,0,-1,65,,,0,flight,0,0,0.0,1,1,162.5,soft_heavy,0.0,,clean_no_occluder,0
S2_PAIR_clean_f000413.jpg,S2_PAIR_clean,S2_futsal_paircleanH_20260808_085018,S2_PAIR_clean,413,29.298,198,190,-34,0,-1,65,,,0,flight,0,0,0.0,1,1,166.1,soft_heavy,0.0,,clean_no_occluder,0
S2_PAIR_clean_f000420.jpg,S2_PAIR_clean,S2_futsal_paircleanH_20260808_085018,S2_PAIR_clean,420,29.563,198,190,-34,0,-1,65,15.76,6.110,0,flight,0,0,0.0,1,1,189.6,sharp,0.0,,clean_no_occluder,0
S2_PAIR_clean_f000427.jpg,S2_PAIR_clean,S2_futsal_paircleanH_20260808_085018,S2_PAIR_clean,427,29.794,198,190,-34,0,-2,65,,,0,flight,0,0,0.0,1,1,173.2,soft_moderate,0.0,,clean_no_occluder,0
S2_PAIR_clean_f000434.jpg,S2_PAIR_clean,S2_futsal_paircleanH_20260808_085018,S2_PAIR_clean,434,30.028,194,190,-34,0,-1,65,,,0,flight,0,0,0.0,1,1,174.3,soft_moderate,0.0,,clean_no_occluder,0
S2_PAIR_clean_f000441.jpg,S2_PAIR_clean,S2_futsal_paircleanH_20260808_085018,S2_PAIR_clean,441,30.364,191,190,-34,0,-1,65,,,0,flight,0,0,0.0,1,1,179.2,soft_moderate,0.0,,clean_no_occluder,0
S2_PAIR_clean_f000448.jpg,S2_PAIR_clean,S2_futsal_paircleanH_20260808_085018,S2_PAIR_clean,448,30.631,192,190,-34,0,-1,65,14.86,6.480,0,flight,0,0,0.0,1,1,168.2,soft_moderate,0.0,,clean_no_occluder,0
S2_PAIR_clean_f000455.jpg,S2_PAIR_clean,S2_futsal_paircleanH_20260808_085018,S2_PAIR_clean,455,30.942,196,190,-34,0,0,65,,,0,flight,0,0,0.0,1,1,158.8,soft_heavy,0.0,,clean_no_occluder,0
S2_PAIR_clean_f000462.jpg,S2_PAIR_clean,S2_futsal_paircleanH_20260808_085018,S2_PAIR_clean,462,31.163,194,190,-34,0,0,65,,,0,flight,0,0,0.0,1,1,175.4,soft_moderate,0.0,,clean_no_occluder,0
S2_PAIR_clean_f000469.jpg,S2_PAIR_clean,S2_futsal_paircleanH_20260808_085018,S2_PAIR_clean,469,31.497,197,190,-34,0,0,65,15.87,6.068,0,flight,0,0,0.0,1,1,173.6,soft_moderate,0.0,,clean_no_occluder,0
S2_PAIR_clean_f000476.jpg,S2_PAIR_clean,S2_futsal_paircleanH_20260808_085018,S2_PAIR_clean,476,31.801,199,190,-34,0,0,65,,,0,flight,0,0,0.0,1,1,166.5,soft_heavy,0.0,,clean_no_occluder,0
S2_PAIR_clean_f000483.jpg,S2_PAIR_clean,S2_futsal_paircleanH_20260808_085018,S2_PAIR_clean,483,32.095,205,190,-34,0,0,65,16.10,5.981,0,flight,0,0,0.0,1,1,155.7,soft_heavy,0.0,,clean_no_occluder,0
S2_PAIR_clean_f000490.jpg,S2_PAIR_clean,S2_futsal_paircleanH_20260808_085018,S2_PAIR_clean,490,32.397,216,200,-34,0,0,65,,,0,flight,0,0,0.0,1,1,162.7,soft_heavy,0.0,,clean_no_occluder,0
S2_PAIR_clean_f000497.jpg,S2_PAIR_clean,S2_futsal_paircleanH_20260808_085018,S2_PAIR_clean,497,32.713,230,210,-34,0,0,65,16.35,5.890,0,flight,0,0,0.0,1,1,159.7,soft_heavy,0.0,,clean_no_occluder,0
S2_PAIR_clean_f000504.jpg,S2_PAIR_clean,S2_futsal_paircleanH_20260808_085018,S2_PAIR_clean,504,32.973,241,220,-34,0,0,65,16.00,6.019,0,flight,0,0,0.0,1,1,165.9,soft_heavy,0.0,,clean_no_occluder,0
S2_PAIR_clean_f000511.jpg,S2_PAIR_clean,S2_futsal_paircleanH_20260808_085018,S2_PAIR_clean,511,33.241,242,230,-34,0,0,65,,,0,flight,0,0,0.0,1,1,167.0,soft_moderate,0.0,,clean_no_occluder,0
S2_PAIR_clean_f000518.jpg,S2_PAIR_clean,S2_futsal_paircleanH_20260808_085018,S2_PAIR_clean,518,33.611,240,230,-34,0,0,65,,,0,flight,0,0,0.0,1,1,154.3,soft_heavy,0.0,,clean_no_occluder,0
S2_PAIR_clean_f000525.jpg,S2_PAIR_clean,S2_futsal_paircleanH_20260808_085018,S2_PAIR_clean,525,33.873,247,240,-34,1,0,65,,,0,flight,0,0,0.0,1,1,155.2,soft_heavy,0.0,,clean_no_occluder,0
S2_PAIR_clean_f000532.jpg,S2_PAIR_clean,S2_futsal_paircleanH_20260808_085018,S2_PAIR_clean,532,34.091,251,240,-34,1,0,65,,,0,flight,0,0,0.0,1,1,147.1,soft_heavy,0.0,,clean_no_occluder,0
S2_PAIR_clean_f000539.jpg,S2_PAIR_clean,S2_futsal_paircleanH_20260808_085018,S2_PAIR_clean,539,34.397,247,250,-34,1,-1,65,,,0,flight,0,0,0.0,1,1,159.2,soft_heavy,0.0,,clean_no_occluder,0
S2_PAIR_clean_f000546.jpg,S2_PAIR_clean,S2_futsal_paircleanH_20260808_085018,S2_PAIR_clean,546,34.645,252,250,-34,1,0,65,,,0,flight,0,0,0.0,1,1,143.4,soft_heavy,0.0,,clean_no_occluder,0
S2_PAIR_clean_f000553.jpg,S2_PAIR_clean,S2_futsal_paircleanH_20260808_085018,S2_PAIR_clean,553,34.905,253,250,-34,1,0,65,,,0,flight,0,0,,1,1,143.3,soft_heavy,,,clean_no_occluder,0
S2_PAIR_clean_f000560.jpg,S2_PAIR_clean,S2_futsal_paircleanH_20260808_085018,S2_PAIR_clean,560,35.180,262,250,-34,2,0,65,,,0,flight,0,0,,1,1,157.0,soft_heavy,,,clean_no_occluder,0
S2_PAIR_clean_f000567.jpg,S2_PAIR_clean,S2_futsal_paircleanH_20260808_085018,S2_PAIR_clean,567,35.494,269,260,-34,1,0,65,,,0,flight,0,0,,1,1,150.7,soft_heavy,,,clean_no_occluder,0
S2_PAIR_clean_f000574.jpg,S2_PAIR_clean,S2_futsal_paircleanH_20260808_085018,S2_PAIR_clean,574,35.814,274,270,-34,2,0,65,,,0,flight,0,0,,1,1,173.2,soft_moderate,,,clean_no_occluder,0
S2_PAIR_clean_f000581.jpg,S2_PAIR_clean,S2_futsal_paircleanH_20260808_085018,S2_PAIR_clean,581,36.228,278,270,-34,2,-1,65,,,0,flight,0,0,,1,1,167.0,soft_moderate,,,clean_no_occluder,0
S2_PAIR_clean_f000588.jpg,S2_PAIR_clean,S2_futsal_paircleanH_20260808_085018,S2_PAIR_clean,588,36.560,277,270,-34,2,0,65,,,0,flight,0,0,,1,1,165.7,soft_heavy,,,clean_no_occluder,0
S2_PAIR_clean_f000595.jpg,S2_PAIR_clean,S2_futsal_paircleanH_20260808_085018,S2_PAIR_clean,595,36.775,275,270,-34,2,-1,65,,,0,flight,0,0,,1,1,171.3,soft_moderate,,,clean_no_occluder,0
S2_PAIR_clean_f000602.jpg,S2_PAIR_clean,S2_futsal_paircleanH_20260808_085018,S2_PAIR_clean,602,37.130,277,270,-34,2,0,65,,,0,flight,0,0,,1,1,176.0,soft_moderate,,,clean_no_occluder,0
S2_PAIR_clean_f000609.jpg,S2_PAIR_clean,S2_futsal_paircleanH_20260808_085018,S2_PAIR_clean,609,37.449,276,270,-34,2,0,65,,,0,flight,0,0,,1,1,173.0,soft_moderate,,,clean_no_occluder,0
S2_PAIR_clean_f000616.jpg,S2_PAIR_clean,S2_futsal_paircleanH_20260808_085018,S2_PAIR_clean,616,37.692,280,270,-34,2,0,65,,,0,flight,0,0,,1,1,159.1,soft_heavy,,,clean_no_occluder,0
S2_PAIR_clean_f000623.jpg,S2_PAIR_clean,S2_futsal_paircleanH_20260808_085018,S2_PAIR_clean,623,37.982,293,280,-34,2,0,65,,,0,flight,0,0,,1,1,162.8,soft_heavy,,,clean_no_occluder,0
S2_PAIR_clean_f000630.jpg,S2_PAIR_clean,S2_futsal_paircleanH_20260808_085018,S2_PAIR_clean,630,38.201,301,280,-34,1,-1,65,,,0,flight,0,0,,1,1,161.3,soft_heavy,,,clean_no_occluder,0
S2_PAIR_clean_f000637.jpg,S2_PAIR_clean,S2_futsal_paircleanH_20260808_085018,S2_PAIR_clean,637,38.477,303,290,-34,2,-1,65,,,0,flight,0,0,,1,1,179.7,soft_moderate,,,clean_no_occluder,0
S2_PAIR_clean_f000644.jpg,S2_PAIR_clean,S2_futsal_paircleanH_20260808_085018,S2_PAIR_clean,644,38.764,306,290,-34,2,-1,65,,,0,flight,0,0,,1,1,169.6,soft_moderate,,,clean_no_occluder,0
S2_PAIR_clean_f000651.jpg,S2_PAIR_clean,S2_futsal_paircleanH_20260808_085018,S2_PAIR_clean,651,38.996,300,290,-34,2,-1,65,,,0,flight,0,0,,1,1,168.6,soft_moderate,,,clean_no_occluder,0
S2_PAIR_clean_f000658.jpg,S2_PAIR_clean,S2_futsal_paircleanH_20260808_085018,S2_PAIR_clean,658,39.326,299,290,-34,2,-1,65,,,0,flight,0,0,,1,1,172.4,soft_moderate,,,clean_no_occluder,0
S2_PAIR_clean_f000665.jpg,S2_PAIR_clean,S2_futsal_paircleanH_20260808_085018,S2_PAIR_clean,665,39.579,294,290,-34,2,-1,65,,,0,flight,0,0,,1,1,174.5,soft_moderate,,,clean_no_occluder,0
S2_PAIR_clean_f000672.jpg,S2_PAIR_clean,S2_futsal_paircleanH_20260808_085018,S2_PAIR_clean,672,39.895,297,290,-34,2,-1,65,,,0,flight,0,0,,1,1,172.7,soft_moderate,,,clean_no_occluder,0
S2_PAIR_clean_f000679.jpg,S2_PAIR_clean,S2_futsal_paircleanH_20260808_085018,S2_PAIR_clean,679,40.164,295,290,-34,2,-1,65,,,0,flight,0,0,,1,1,168.2,soft_moderate,,,clean_no_occluder,0
S2_PAIR_clean_f000686.jpg,S2_PAIR_clean,S2_futsal_paircleanH_20260808_085018,S2_PAIR_clean,686,40.444,296,290,-34,2,0,65,,,0,flight,0,0,,1,1,175.6,soft_moderate,,,clean_no_occluder,0
S2_PAIR_clean_f000693.jpg,S2_PAIR_clean,S2_futsal_paircleanH_20260808_085018,S2_PAIR_clean,693,40.697,296,290,-34,2,0,65,,,0,flight,0,0,,1,1,174.3,soft_moderate,,,clean_no_occluder,0
S2_PAIR_clean_f000700.jpg,S2_PAIR_clean,S2_futsal_paircleanH_20260808_085018,S2_PAIR_clean,700,40.946,297,290,-34,1,0,65,,,0,flight,0,0,,1,1,184.7,sharp,,,clean_no_occluder,0
S2_PAIR_clean_f000707.jpg,S2_PAIR_clean,S2_futsal_paircleanH_20260808_085018,S2_PAIR_clean,707,43.025,299,290,-34,2,0,65,,,0,flight,0,0,,1,1,180.9,soft_moderate,,,clean_no_occluder,0
S2_PAIR_clean_f000714.jpg,S2_PAIR_clean,S2_futsal_paircleanH_20260808_085018,S2_PAIR_clean,714,43.278,300,290,-34,2,0,65,,,0,flight,0,0,,1,1,185.9,sharp,,,clean_no_occluder,0
S2_PAIR_clean_f000721.jpg,S2_PAIR_clean,S2_futsal_paircleanH_20260808_085018,S2_PAIR_clean,721,43.531,297,290,-34,2,0,65,,,0,flight,0,0,,1,1,183.0,sharp,,,clean_no_occluder,0
S2_PAIR_clean_f000728.jpg,S2_PAIR_clean,S2_futsal_paircleanH_20260808_085018,S2_PAIR_clean,728,43.812,311,290,-34,7,0,65,,,0,flight,0,0,,1,1,160.8,soft_heavy,,,clean_no_occluder,0
S2_PAIR_clean_f000735.jpg,S2_PAIR_clean,S2_futsal_paircleanH_20260808_085018,S2_PAIR_clean,735,44.118,297,290,-34,7,0,65,,,0,flight,0,0,,1,1,147.4,soft_heavy,,,clean_no_occluder,0
S2_PAIR_clean_f000742.jpg,S2_PAIR_clean,S2_futsal_paircleanH_20260808_085018,S2_PAIR_clean,742,44.448,306,290,-34,1,0,65,,,0,flight,0,0,,1,1,143.3,soft_heavy,,,clean_no_occluder,0
S2_PAIR_clean_f000749.jpg,S2_PAIR_clean,S2_futsal_paircleanH_20260808_085018,S2_PAIR_clean,749,44.693,305,290,-34,1,0,65,,,0,flight,0,0,,1,1,152.7,soft_heavy,,,clean_no_occluder,0
S2_PAIR_clean_f000756.jpg,S2_PAIR_clean,S2_futsal_paircleanH_20260808_085018,S2_PAIR_clean,756,44.945,306,300,-34,3,0,65,,,0,flight,0,0,,1,1,150.9,soft_heavy,,,clean_no_occluder,0
S2_PAIR_clean_f000763.jpg,S2_PAIR_clean,S2_futsal_paircleanH_20260808_085018,S2_PAIR_clean,763,45.227,306,300,-34,6,0,65,,,0,flight,0,0,,1,1,156.8,soft_heavy,,,clean_no_occluder,0
S2_PAIR_clean_f000770.jpg,S2_PAIR_clean,S2_futsal_paircleanH_20260808_085018,S2_PAIR_clean,770,45.536,307,300,-34,6,0,65,,,0,flight,0,0,,1,1,133.6,soft_heavy,,,clean_no_occluder,0
S2_PAIR_clean_f000777.jpg,S2_PAIR_clean,S2_futsal_paircleanH_20260808_085018,S2_PAIR_clean,777,45.813,301,300,-34,2,0,65,,,0,flight,0,0,0.0,1,1,152.0,soft_heavy,0.0,,clean_no_occluder,0
S2_PAIR_clean_f000784.jpg,S2_PAIR_clean,S2_futsal_paircleanH_20260808_085018,S2_PAIR_clean,784,46.228,303,300,-34,1,0,65,,,0,flight,0,0,0.0,1,1,159.7,soft_heavy,0.0,,clean_no_occluder,0
S2_PAIR_clean_f000791.jpg,S2_PAIR_clean,S2_futsal_paircleanH_20260808_085018,S2_PAIR_clean,791,48.479,302,290,-34,3,0,65,,,0,flight,0,0,0.0,1,1,170.8,soft_moderate,0.0,,clean_no_occluder,0
S2_PAIR_clean_f000798.jpg,S2_PAIR_clean,S2_futsal_paircleanH_20260808_085018,S2_PAIR_clean,798,48.708,307,290,-34,3,0,65,,,0,flight,0,0,0.0,1,1,164.5,soft_heavy,0.0,,clean_no_occluder,0
S2_PAIR_clean_f000805.jpg,S2_PAIR_clean,S2_futsal_paircleanH_20260808_085018,S2_PAIR_clean,805,49.047,301,290,-34,3,1,65,,,0,flight,0,0,0.0,1,1,167.3,soft_moderate,0.0,,clean_no_occluder,0
S2_PAIR_clean_f000812.jpg,S2_PAIR_clean,S2_futsal_paircleanH_20260808_085018,S2_PAIR_clean,812,49.274,306,290,-34,3,1,65,,,0,flight,0,0,0.0,1,1,172.0,soft_moderate,0.0,,clean_no_occluder,0
S2_PAIR_clean_f000819.jpg,S2_PAIR_clean,S2_futsal_paircleanH_20260808_085018,S2_PAIR_clean,819,49.580,303,290,-34,7,1,65,,,0,flight,0,0,,1,1,156.0,soft_heavy,,,clean_no_occluder,0
S2_PAIR_clean_f000826.jpg,S2_PAIR_clean,S2_futsal_paircleanH_20260808_085018,S2_PAIR_clean,826,49.908,309,290,-34,8,0,65,,,0,flight,0,0,,1,1,150.3,soft_heavy,,,clean_no_occluder,0
S2_PAIR_clean_f000833.jpg,S2_PAIR_clean,S2_futsal_paircleanH_20260808_085018,S2_PAIR_clean,833,50.159,301,290,-34,2,1,65,,,0,flight,0,0,0.0,1,1,129.7,soft_heavy,0.0,,clean_no_occluder,0
S2_PAIR_clean_f000840.jpg,S2_PAIR_clean,S2_futsal_paircleanH_20260808_085018,S2_PAIR_clean,840,50.429,298,290,-34,1,1,65,,,0,flight,0,0,0.0,1,1,156.6,soft_heavy,0.0,,clean_no_occluder,0
S2_PAIR_clean_f000847.jpg,S2_PAIR_clean,S2_futsal_paircleanH_20260808_085018,S2_PAIR_clean,847,50.681,303,290,-34,2,0,65,,,0,flight,0,0,0.0,1,1,161.6,soft_heavy,0.0,,clean_no_occluder,0
S2_PAIR_clean_f000854.jpg,S2_PAIR_clean,S2_futsal_paircleanH_20260808_085018,S2_PAIR_clean,854,50.931,301,290,-34,2,1,65,,,0,flight,0,0,0.0,1,1,163.8,soft_heavy,0.0,,clean_no_occluder,0
S2_PAIR_clean_f000861.jpg,S2_PAIR_clean,S2_futsal_paircleanH_20260808_085018,S2_PAIR_clean,861,51.175,301,290,-34,0,1,65,,,0,flight,0,0,0.0,1,1,151.4,soft_heavy,0.0,,clean_no_occluder,0
S2_PAIR_clean_f000868.jpg,S2_PAIR_clean,S2_futsal_paircleanH_20260808_085018,S2_PAIR_clean,868,51.416,304,290,-34,5,0,65,,,0,flight,0,0,0.0,1,1,173.0,soft_moderate,0.0,,clean_no_occluder,0
S2_PAIR_clean_f000875.jpg,S2_PAIR_clean,S2_futsal_paircleanH_20260808_085018,S2_PAIR_clean,875,51.677,306,290,-34,5,1,65,,,0,flight,0,0,0.0,1,1,147.9,soft_heavy,0.0,,clean_no_occluder,0
S2_PAIR_clean_f000882.jpg,S2_PAIR_clean,S2_futsal_paircleanH_20260808_085018,S2_PAIR_clean,882,52.025,307,290,-34,5,1,65,,,0,flight,0,0,0.0,1,1,146.5,soft_heavy,0.0,,clean_no_occluder,0
S2_PAIR_clean_f000889.jpg,S2_PAIR_clean,S2_futsal_paircleanH_20260808_085018,S2_PAIR_clean,889,52.330,299,290,-34,4,1,65,,,0,flight,0,0,0.0,1,1,154.4,soft_heavy,0.0,,clean_no_occluder,0
S2_PAIR_clean_f000896.jpg,S2_PAIR_clean,S2_futsal_paircleanH_20260808_085018,S2_PAIR_clean,896,52.546,297,290,-34,4,0,65,,,0,flight,0,0,0.0,1,1,151.1,soft_heavy,0.0,,clean_no_occluder,0
S2_PAIR_clean_f000903.jpg,S2_PAIR_clean,S2_futsal_paircleanH_20260808_085018,S2_PAIR_clean,903,54.095,300,290,-34,3,0,65,,,0,flight,0,0,0.0,1,1,166.5,soft_heavy,0.0,,clean_no_occluder,0
S2_PAIR_clean_f000910.jpg,S2_PAIR_clean,S2_futsal_paircleanH_20260808_085018,S2_PAIR_clean,910,54.416,302,290,-34,3,0,65,,,0,flight,0,0,0.0,1,1,170.4,soft_moderate,0.0,,clean_no_occluder,0
S2_PAIR_clean_f000917.jpg,S2_PAIR_clean,S2_futsal_paircleanH_20260808_085018,S2_PAIR_clean,917,54.658,302,290,-34,1,1,65,,,0,flight,0,0,0.0,1,1,157.1,soft_heavy,0.0,,clean_no_occluder,0
S2_PAIR_clean_f000924.jpg,S2_PAIR_clean,S2_futsal_paircleanH_20260808_085018,S2_PAIR_clean,924,54.890,303,290,-34,2,1,65,,,0,flight,0,0,0.0,1,1,160.8,soft_heavy,0.0,,clean_no_occluder,0
S2_PAIR_clean_f000931.jpg,S2_PAIR_clean,S2_futsal_paircleanH_20260808_085018,S2_PAIR_clean,931,55.176,298,290,-34,2,2,64,,,0,flight,0,0,0.0,1,1,159.9,soft_heavy,0.0,,clean_no_occluder,0
S2_PAIR_clean_f000938.jpg,S2_PAIR_clean,S2_futsal_paircleanH_20260808_085018,S2_PAIR_clean,938,55.440,300,290,-34,3,2,64,,,0,flight,0,0,0.0,1,1,160.8,soft_heavy,0.0,,clean_no_occluder,0
S2_PAIR_clean_f000945.jpg,S2_PAIR_clean,S2_futsal_paircleanH_20260808_085018,S2_PAIR_clean,945,55.745,295,290,-34,3,2,64,,,0,flight,0,0,0.0,1,1,166.9,soft_heavy,0.0,,clean_no_occluder,0
S2_PAIR_clean_f000952.jpg,S2_PAIR_clean,S2_futsal_paircleanH_20260808_085018,S2_PAIR_clean,952,56.193,295,290,-34,3,2,64,,,0,flight,0,0,0.0,1,1,154.6,soft_heavy,0.0,,clean_no_occluder,0
S2_PAIR_clean_f000959.jpg,S2_PAIR_clean,S2_futsal_paircleanH_20260808_085018,S2_PAIR_clean,959,56.495,296,290,-34,2,2,64,,,0,flight,0,0,0.0,1,1,172.8,soft_moderate,0.0,,clean_no_occluder,0
S2_PAIR_clean_f000966.jpg,S2_PAIR_clean,S2_futsal_paircleanH_20260808_085018,S2_PAIR_clean,966,56.732,295,290,-34,3,2,64,,,0,flight,0,0,0.0,1,1,174.1,soft_moderate,0.0,,clean_no_occluder,0
S2_PAIR_clean_f000973.jpg,S2_PAIR_clean,S2_futsal_paircleanH_20260808_085018,S2_PAIR_clean,973,57.112,297,290,-34,2,3,64,,,0,flight,0,0,0.0,1,1,168.6,soft_moderate,0.0,,clean_no_occluder,0
S2_PAIR_clean_f000980.jpg,S2_PAIR_clean,S2_futsal_paircleanH_20260808_085018,S2_PAIR_clean,980,57.322,296,290,-34,3,1,64,,,0,flight,0,0,0.0,1,1,174.1,soft_moderate,0.0,,clean_no_occluder,0
S2_PAIR_clean_f000987.jpg,S2_PAIR_clean,S2_futsal_paircleanH_20260808_085018,S2_PAIR_clean,987,57.677,299,290,-34,3,0,64,,,0,flight,0,0,0.0,1,1,157.7,soft_heavy,0.0,,clean_no_occluder,0
S2_PAIR_clean_f000994.jpg,S2_PAIR_clean,S2_futsal_paircleanH_20260808_085018,S2_PAIR_clean,994,58.914,299,290,-34,2,1,64,,,0,flight,0,0,0.0,1,1,164.4,soft_heavy,0.0,,clean_no_occluder,0
S2_PAIR_clean_f001001.jpg,S2_PAIR_clean,S2_futsal_paircleanH_20260808_085018,S2_PAIR_clean,1001,59.147,299,290,-34,2,1,63,,,1,flight,0,0,0.0,1,1,166.5,soft_heavy,0.0,,clean_no_occluder,0
S2_PAIR_clean_f001008.jpg,S2_PAIR_clean,S2_futsal_paircleanH_20260808_085018,S2_PAIR_clean,1008,59.576,301,290,-34,3,0,63,,,1,flight,0,0,0.0,1,1,171.9,soft_moderate,0.0,,clean_no_occluder,0
S2_PAIR_clean_f001015.jpg,S2_PAIR_clean,S2_futsal_paircleanH_20260808_085018,S2_PAIR_clean,1015,59.797,302,290,-34,3,1,63,,,1,flight,0,0,0.0,1,1,162.1,soft_heavy,0.0,,clean_no_occluder,0
S2_PAIR_clean_f001022.jpg,S2_PAIR_clean,S2_futsal_paircleanH_20260808_085018,S2_PAIR_clean,1022,60.092,294,290,-34,1,1,63,,,1,flight,0,0,0.0,1,1,158.8,soft_heavy,0.0,,clean_no_occluder,0
S2_PAIR_clean_f001029.jpg,S2_PAIR_clean,S2_futsal_paircleanH_20260808_085018,S2_PAIR_clean,1029,60.331,302,290,-34,1,1,63,,,1,flight,0,0,0.0,1,1,163.0,soft_heavy,0.0,,clean_no_occluder,0
S2_PAIR_clean_f001036.jpg,S2_PAIR_clean,S2_futsal_paircleanH_20260808_085018,S2_PAIR_clean,1036,60.628,299,290,-34,1,1,63,,,1,flight,0,0,0.0,1,1,159.6,soft_heavy,0.0,,clean_no_occluder,0
S2_PAIR_clean_f001043.jpg,S2_PAIR_clean,S2_futsal_paircleanH_20260808_085018,S2_PAIR_clean,1043,60.929,304,290,-34,2,2,63,,,1,flight,0,0,0.0,1,1,158.9,soft_heavy,0.0,,clean_no_occluder,0
S2_PAIR_clean_f001050.jpg,S2_PAIR_clean,S2_futsal_paircleanH_20260808_085018,S2_PAIR_clean,1050,61.247,298,290,-34,2,2,63,,,1,flight,0,0,0.0,1,1,156.1,soft_heavy,0.0,,clean_no_occluder,0
S2_PAIR_clean_f001057.jpg,S2_PAIR_clean,S2_futsal_paircleanH_20260808_085018,S2_PAIR_clean,1057,61.466,301,290,-34,3,2,63,,,1,flight,0,0,0.0,1,1,159.7,soft_heavy,0.0,,clean_no_occluder,0
S2_PAIR_clean_f001064.jpg,S2_PAIR_clean,S2_futsal_paircleanH_20260808_085018,S2_PAIR_clean,1064,61.736,307,290,-34,4,2,63,,,1,flight,0,0,0.0,1,1,154.2,soft_heavy,0.0,,clean_no_occluder,0
S2_PAIR_clean_f001071.jpg,S2_PAIR_clean,S2_futsal_paircleanH_20260808_085018,S2_PAIR_clean,1071,61.965,306,290,-34,4,1,63,,,1,flight,0,0,0.0,1,1,157.7,soft_heavy,0.0,,clean_no_occluder,0
S2_PAIR_clean_f001078.jpg,S2_PAIR_clean,S2_futsal_paircleanH_20260808_085018,S2_PAIR_clean,1078,62.232,304,290,-34,4,2,62,,,1,flight,0,0,0.0,1,1,147.2,soft_heavy,0.0,,clean_no_occluder,0
S2_PAIR_clean_f001085.jpg,S2_PAIR_clean,S2_futsal_paircleanH_20260808_085018,S2_PAIR_clean,1085,62.512,308,290,-34,4,2,62,,,1,flight,0,0,0.0,1,1,151.7,soft_heavy,0.0,,clean_no_occluder,0
S2_PAIR_clean_f001092.jpg,S2_PAIR_clean,S2_futsal_paircleanH_20260808_085018,S2_PAIR_clean,1092,62.759,304,290,-34,4,1,62,,,1,flight,0,0,0.0,1,1,155.4,soft_heavy,0.0,,clean_no_occluder,0
S2_PAIR_clean_f001099.jpg,S2_PAIR_clean,S2_futsal_paircleanH_20260808_085018,S2_PAIR_clean,1099,63.049,299,290,-34,3,2,62,,,1,flight,0,0,0.0,1,1,153.9,soft_heavy,0.0,,clean_no_occluder,0
S2_PAIR_clean_f001106.jpg,S2_PAIR_clean,S2_futsal_paircleanH_20260808_085018,S2_PAIR_clean,1106,63.295,300,290,-34,3,2,62,,,1,flight,0,0,0.0,1,1,154.4,soft_heavy,0.0,,clean_no_occluder,0
S2_PAIR_clean_f001113.jpg,S2_PAIR_clean,S2_futsal_paircleanH_20260808_085018,S2_PAIR_clean,1113,63.530,301,290,-34,3,2,62,,,1,flight,0,0,0.0,1,1,156.6,soft_heavy,0.0,,clean_no_occluder,0
S2_PAIR_clean_f001120.jpg,S2_PAIR_clean,S2_futsal_paircleanH_20260808_085018,S2_PAIR_clean,1120,63.799,304,290,-34,3,1,62,,,0,flight,0,0,0.0,1,1,162.6,soft_heavy,0.0,,clean_no_occluder,0
S2_PAIR_clean_f001127.jpg,S2_PAIR_clean,S2_futsal_paircleanH_20260808_085018,S2_PAIR_clean,1127,64.124,298,290,-34,3,1,62,,,0,flight,0,0,0.0,1,1,163.5,soft_heavy,0.0,,clean_no_occluder,0
S2_PAIR_clean_f001134.jpg,S2_PAIR_clean,S2_futsal_paircleanH_20260808_085018,S2_PAIR_clean,1134,65.382,302,290,-34,3,0,62,,,0,flight,0,0,0.0,1,1,179.8,soft_moderate,0.0,,clean_no_occluder,0
S2_PAIR_clean_f001141.jpg,S2_PAIR_clean,S2_futsal_paircleanH_20260808_085018,S2_PAIR_clean,1141,65.568,312,290,-34,3,0,62,,,0,flight,0,0,0.0,1,1,159.5,soft_heavy,0.0,,clean_no_occluder,0
S2_PAIR_clean_f001148.jpg,S2_PAIR_clean,S2_futsal_paircleanH_20260808_085018,S2_PAIR_clean,1148,65.872,310,290,-34,3,1,62,,,0,flight,0,0,0.0,1,1,160.7,soft_heavy,0.0,,clean_no_occluder,0
S2_PAIR_clean_f001155.jpg,S2_PAIR_clean,S2_futsal_paircleanH_20260808_085018,S2_PAIR_clean,1155,66.170,303,290,-34,2,0,62,,,0,flight,0,0,0.0,1,1,163.6,soft_heavy,0.0,,clean_no_occluder,0
S2_PAIR_clean_f001162.jpg,S2_PAIR_clean,S2_futsal_paircleanH_20260808_085018,S2_PAIR_clean,1162,66.472,301,290,-34,2,0,62,,,0,flight,0,0,0.0,1,1,165.4,soft_heavy,0.0,,clean_no_occluder,0
S2_PAIR_clean_f001169.jpg,S2_PAIR_clean,S2_futsal_paircleanH_20260808_085018,S2_PAIR_clean,1169,66.705,301,290,-34,2,0,62,,,0,flight,0,0,0.0,1,1,167.7,soft_moderate,0.0,,clean_no_occluder,0
S2_PAIR_clean_f001176.jpg,S2_PAIR_clean,S2_futsal_paircleanH_20260808_085018,S2_PAIR_clean,1176,66.966,301,290,-34,3,0,62,,,0,flight,0,0,0.0,1,1,165.4,soft_heavy,0.0,,clean_no_occluder,0
S2_PAIR_clean_f001183.jpg,S2_PAIR_clean,S2_futsal_paircleanH_20260808_085018,S2_PAIR_clean,1183,67.344,301,290,-34,3,0,62,,,0,flight,0,0,0.0,1,1,167.6,soft_moderate,0.0,,clean_no_occluder,0
S2_PAIR_clean_f001190.jpg,S2_PAIR_clean,S2_futsal_paircleanH_20260808_085018,S2_PAIR_clean,1190,67.811,303,290,-34,3,0,62,,,0,flight,0,0,0.0,1,1,150.9,soft_heavy,0.0,,clean_no_occluder,0
S2_PAIR_clean_f001197.jpg,S2_PAIR_clean,S2_futsal_paircleanH_20260808_085018,S2_PAIR_clean,1197,68.390,306,290,-34,1,1,61,,,0,flight,0,0,0.0,1,1,153.6,soft_heavy,0.0,,clean_no_occluder,0
S2_PAIR_clean_f001204.jpg,S2_PAIR_clean,S2_futsal_paircleanH_20260808_085018,S2_PAIR_clean,1204,68.927,305,290,-34,2,1,61,,,0,flight,0,0,0.0,1,1,164.1,soft_heavy,0.0,,clean_no_occluder,0
S2_PAIR_clean_f001211.jpg,S2_PAIR_clean,S2_futsal_paircleanH_20260808_085018,S2_PAIR_clean,1211,71.306,298,290,-34,2,0,61,,,0,flight,0,0,0.0,1,1,184.4,sharp,0.0,,clean_no_occluder,0
S2_PAIR_clean_f001218.jpg,S2_PAIR_clean,S2_futsal_paircleanH_20260808_085018,S2_PAIR_clean,1218,71.649,299,290,-34,1,2,61,,,0,flight,0,0,0.0,1,1,157.0,soft_heavy,0.0,,clean_no_occluder,0
S2_PAIR_clean_f001225.jpg,S2_PAIR_clean,S2_futsal_paircleanH_20260808_085018,S2_PAIR_clean,1225,71.962,294,290,-34,1,1,61,,,0,flight,0,0,0.0,1,1,166.6,soft_heavy,0.0,,clean_no_occluder,0
S2_PAIR_clean_f001232.jpg,S2_PAIR_clean,S2_futsal_paircleanH_20260808_085018,S2_PAIR_clean,1232,72.164,294,290,-34,0,1,60,,,0,flight,0,0,0.0,1,1,160.3,soft_heavy,0.0,,clean_no_occluder,0
S2_PAIR_clean_f001239.jpg,S2_PAIR_clean,S2_futsal_paircleanH_20260808_085018,S2_PAIR_clean,1239,72.525,295,290,-34,0,0,60,,,0,flight,0,0,0.0,1,1,161.1,soft_heavy,0.0,,clean_no_occluder,0
S2_PAIR_clean_f001246.jpg,S2_PAIR_clean,S2_futsal_paircleanH_20260808_085018,S2_PAIR_clean,1246,72.782,301,290,-34,0,1,60,,,0,flight,0,0,0.0,1,1,172.3,soft_moderate,0.0,,clean_no_occluder,0
S2_PAIR_clean_f001253.jpg,S2_PAIR_clean,S2_futsal_paircleanH_20260808_085018,S2_PAIR_clean,1253,73.124,302,290,-34,0,0,60,,,0,flight,0,0,0.0,1,1,168.3,soft_moderate,0.0,,clean_no_occluder,0
S2_PAIR_clean_f001260.jpg,S2_PAIR_clean,S2_futsal_paircleanH_20260808_085018,S2_PAIR_clean,1260,73.373,300,290,-34,1,0,60,,,0,flight,0,0,0.0,1,1,180.6,soft_moderate,0.0,,clean_no_occluder,0
S2_PAIR_clean_f001267.jpg,S2_PAIR_clean,S2_futsal_paircleanH_20260808_085018,S2_PAIR_clean,1267,73.624,301,290,-34,0,1,60,,,0,flight,0,0,0.0,1,1,158.2,soft_heavy,0.0,,clean_no_occluder,0
S2_PAIR_clean_f001274.jpg,S2_PAIR_clean,S2_futsal_paircleanH_20260808_085018,S2_PAIR_clean,1274,73.861,301,290,-34,0,2,60,,,0,flight,0,0,0.0,1,1,162.6,soft_heavy,0.0,,clean_no_occluder,0
S2_PAIR_clean_f001281.jpg,S2_PAIR_clean,S2_futsal_paircleanH_20260808_085018,S2_PAIR_clean,1281,74.098,296,290,-34,0,2,60,,,0,flight,0,0,0.0,1,1,167.5,soft_moderate,0.0,,clean_no_occluder,0
S2_PAIR_clean_f001288.jpg,S2_PAIR_clean,S2_futsal_paircleanH_20260808_085018,S2_PAIR_clean,1288,74.381,302,290,-34,0,2,60,,,0,flight,0,0,0.0,1,1,177.8,soft_moderate,0.0,,clean_no_occluder,0
S2_PAIR_clean_f001295.jpg,S2_PAIR_clean,S2_futsal_paircleanH_20260808_085018,S2_PAIR_clean,1295,74.632,299,290,-34,0,1,60,,,0,flight,0,0,0.0,1,1,168.4,soft_moderate,0.0,,clean_no_occluder,0
S2_PAIR_clean_f001302.jpg,S2_PAIR_clean,S2_futsal_paircleanH_20260808_085018,S2_PAIR_clean,1302,74.865,299,290,-34,2,1,60,,,0,flight,0,0,0.0,1,1,170.3,soft_moderate,0.0,,clean_no_occluder,0
S2_PAIR_clean_f001309.jpg,S2_PAIR_clean,S2_futsal_paircleanH_20260808_085018,S2_PAIR_clean,1309,75.147,293,290,-34,2,1,60,,,0,flight,0,0,0.0,1,1,159.8,soft_heavy,0.0,,clean_no_occluder,0
S2_PAIR_clean_f001316.jpg,S2_PAIR_clean,S2_futsal_paircleanH_20260808_085018,S2_PAIR_clean,1316,75.382,295,290,-34,2,1,60,,,0,flight,0,0,0.0,1,1,173.7,soft_moderate,0.0,,clean_no_occluder,0
S2_PAIR_clean_f001323.jpg,S2_PAIR_clean,S2_futsal_paircleanH_20260808_085018,S2_PAIR_clean,1323,75.747,300,290,-34,2,1,60,,,0,flight,0,0,0.0,1,1,161.6,soft_heavy,0.0,,clean_no_occluder,0
S2_PAIR_clean_f001330.jpg,S2_PAIR_clean,S2_futsal_paircleanH_20260808_085018,S2_PAIR_clean,1330,75.998,303,290,-34,2,1,60,,,0,flight,0,0,0.0,1,1,158.7,soft_heavy,0.0,,clean_no_occluder,0
S2_PAIR_clean_f001337.jpg,S2_PAIR_clean,S2_futsal_paircleanH_20260808_085018,S2_PAIR_clean,1337,76.266,304,290,-34,1,1,60,,,0,flight,0,0,0.0,1,1,158.6,soft_heavy,0.0,,clean_no_occluder,0
S2_PAIR_clean_f001344.jpg,S2_PAIR_clean,S2_futsal_paircleanH_20260808_085018,S2_PAIR_clean,1344,76.566,302,290,-34,1,1,60,,,0,flight,0,0,0.0,1,1,159.8,soft_heavy,0.0,,clean_no_occluder,0
S2_PAIR_clean_f001351.jpg,S2_PAIR_clean,S2_futsal_paircleanH_20260808_085018,S2_PAIR_clean,1351,76.832,298,290,-34,1,1,60,,,0,flight,0,0,0.0,1,1,171.1,soft_moderate,0.0,,clean_no_occluder,0
S2_PAIR_clean_f001358.jpg,S2_PAIR_clean,S2_futsal_paircleanH_20260808_085018,S2_PAIR_clean,1358,77.088,300,290,-34,1,1,60,,,0,flight,0,0,0.0,1,1,164.1,soft_heavy,0.0,,clean_no_occluder,0
S2_PAIR_clean_f001365.jpg,S2_PAIR_clean,S2_futsal_paircleanH_20260808_085018,S2_PAIR_clean,1365,77.309,299,290,-34,1,0,60,,,0,flight,0,0,0.0,1,1,156.3,soft_heavy,0.0,,clean_no_occluder,0
S2_PAIR_clean_f001372.jpg,S2_PAIR_clean,S2_futsal_paircleanH_20260808_085018,S2_PAIR_clean,1372,77.583,300,290,-34,1,0,60,,,0,flight,0,0,0.0,1,1,162.6,soft_heavy,0.0,,clean_no_occluder,0
S2_PAIR_clean_f001379.jpg,S2_PAIR_clean,S2_futsal_paircleanH_20260808_085018,S2_PAIR_clean,1379,77.832,298,290,-34,1,0,60,,,0,flight,0,0,0.0,1,1,168.0,soft_moderate,0.0,,clean_no_occluder,0
S2_PAIR_clean_f001386.jpg,S2_PAIR_clean,S2_futsal_paircleanH_20260808_085018,S2_PAIR_clean,1386,78.123,297,290,-34,2,0,59,,,0,flight,0,0,0.0,1,1,168.2,soft_moderate,0.0,,clean_no_occluder,0
S2_PAIR_clean_f001393.jpg,S2_PAIR_clean,S2_futsal_paircleanH_20260808_085018,S2_PAIR_clean,1393,78.383,294,290,-34,2,0,59,,,0,flight,0,0,0.0,1,1,178.3,soft_moderate,0.0,,clean_no_occluder,0
S2_PAIR_clean_f001400.jpg,S2_PAIR_clean,S2_futsal_paircleanH_20260808_085018,S2_PAIR_clean,1400,78.633,300,290,-34,2,0,59,,,0,flight,0,0,0.0,1,1,161.2,soft_heavy,0.0,,clean_no_occluder,0
S2_PAIR_clean_f001407.jpg,S2_PAIR_clean,S2_futsal_paircleanH_20260808_085018,S2_PAIR_clean,1407,78.967,301,290,-34,1,0,59,,,0,flight,0,0,0.0,1,1,160.2,soft_heavy,0.0,,clean_no_occluder,0
S2_PAIR_clean_f001414.jpg,S2_PAIR_clean,S2_futsal_paircleanH_20260808_085018,S2_PAIR_clean,1414,79.329,308,290,-34,2,0,59,,,0,flight,0,0,0.0,1,1,168.8,soft_moderate,0.0,,clean_no_occluder,0
S2_PAIR_clean_f001421.jpg,S2_PAIR_clean,S2_futsal_paircleanH_20260808_085018,S2_PAIR_clean,1421,79.560,306,290,-34,1,0,59,,,0,flight,0,0,0.0,1,1,168.1,soft_moderate,0.0,,clean_no_occluder,0
S2_PAIR_clean_f001428.jpg,S2_PAIR_clean,S2_futsal_paircleanH_20260808_085018,S2_PAIR_clean,1428,79.883,302,300,-34,1,0,59,,,0,flight,0,0,0.0,1,1,163.3,soft_heavy,0.0,,clean_no_occluder,0
S2_PAIR_clean_f001435.jpg,S2_PAIR_clean,S2_futsal_paircleanH_20260808_085018,S2_PAIR_clean,1435,82.627,306,290,-34,1,0,59,,,0,flight,0,0,0.0,1,1,169.6,soft_moderate,0.0,,clean_no_occluder,0
S2_PAIR_clean_f001442.jpg,S2_PAIR_clean,S2_futsal_paircleanH_20260808_085018,S2_PAIR_clean,1442,82.900,308,290,-34,1,0,59,,,1,flight,0,0,0.0,1,1,157.7,soft_heavy,0.0,,clean_no_occluder,0
S2_PAIR_clean_f001449.jpg,S2_PAIR_clean,S2_futsal_paircleanH_20260808_085018,S2_PAIR_clean,1449,83.161,303,300,-34,1,0,59,,,1,flight,0,0,0.0,1,1,160.0,soft_heavy,0.0,,clean_no_occluder,0
S2_PAIR_clean_f001456.jpg,S2_PAIR_clean,S2_futsal_paircleanH_20260808_085018,S2_PAIR_clean,1456,83.399,304,300,-34,1,0,59,,,1,flight,0,0,0.0,1,1,173.9,soft_moderate,0.0,,clean_no_occluder,0
S2_PAIR_clean_f001463.jpg,S2_PAIR_clean,S2_futsal_paircleanH_20260808_085018,S2_PAIR_clean,1463,83.680,305,290,-34,1,0,59,,,1,flight,0,0,0.0,1,1,167.5,soft_moderate,0.0,,clean_no_occluder,0
S2_PAIR_clean_f001470.jpg,S2_PAIR_clean,S2_futsal_paircleanH_20260808_085018,S2_PAIR_clean,1470,83.961,296,290,-34,1,0,59,,,1,flight,0,0,0.0,1,1,171.8,soft_moderate,0.0,,clean_no_occluder,0
S2_PAIR_clean_f001477.jpg,S2_PAIR_clean,S2_futsal_paircleanH_20260808_085018,S2_PAIR_clean,1477,85.546,295,290,-34,1,0,58,,,1,flight,0,0,0.0,1,1,167.6,soft_moderate,0.0,,clean_no_occluder,0
S2_PAIR_clean_f001484.jpg,S2_PAIR_clean,S2_futsal_paircleanH_20260808_085018,S2_PAIR_clean,1484,85.799,301,290,-34,1,0,58,,,1,flight,0,0,0.0,1,1,159.7,soft_heavy,0.0,,clean_no_occluder,0
S2_PAIR_clean_f001491.jpg,S2_PAIR_clean,S2_futsal_paircleanH_20260808_085018,S2_PAIR_clean,1491,86.108,298,290,-34,1,0,58,,,1,flight,0,0,0.0,1,1,166.9,soft_heavy,0.0,,clean_no_occluder,0
S2_PAIR_clean_f001498.jpg,S2_PAIR_clean,S2_futsal_paircleanH_20260808_085018,S2_PAIR_clean,1498,86.312,300,290,-34,1,0,58,,,1,flight,0,0,0.0,1,1,167.3,soft_moderate,0.0,,clean_no_occluder,0
S2_PAIR_clean_f001505.jpg,S2_PAIR_clean,S2_futsal_paircleanH_20260808_085018,S2_PAIR_clean,1505,86.622,293,290,-34,0,0,58,,,1,flight,0,0,0.0,1,1,178.0,soft_moderate,0.0,,clean_no_occluder,0
S2_PAIR_clean_f001512.jpg,S2_PAIR_clean,S2_futsal_paircleanH_20260808_085018,S2_PAIR_clean,1512,86.858,299,290,-34,0,0,58,,,1,flight,0,0,0.0,1,1,163.3,soft_heavy,0.0,,clean_no_occluder,0
S2_PAIR_clean_f001519.jpg,S2_PAIR_clean,S2_futsal_paircleanH_20260808_085018,S2_PAIR_clean,1519,87.237,302,290,-34,1,0,58,,,1,flight,0,0,0.0,1,1,167.1,soft_moderate,0.0,,clean_no_occluder,0
S2_PAIR_clean_f001526.jpg,S2_PAIR_clean,S2_futsal_paircleanH_20260808_085018,S2_PAIR_clean,1526,87.477,299,290,-35,1,0,58,,,1,flight,0,0,0.0,1,1,166.1,soft_heavy,0.0,,clean_no_occluder,0
S2_PAIR_clean_f001533.jpg,S2_PAIR_clean,S2_futsal_paircleanH_20260808_085018,S2_PAIR_clean,1533,87.734,297,290,-34,1,-1,58,,,1,flight,0,0,0.0,1,1,168.9,soft_moderate,0.0,,clean_no_occluder,0
S2_PAIR_clean_f001540.jpg,S2_PAIR_clean,S2_futsal_paircleanH_20260808_085018,S2_PAIR_clean,1540,88.068,297,290,-32,2,-1,58,,,1,flight,0,0,0.0,1,1,161.1,soft_heavy,0.0,,clean_no_occluder,0
S2_PAIR_clean_f001547.jpg,S2_PAIR_clean,S2_futsal_paircleanH_20260808_085018,S2_PAIR_clean,1547,88.449,300,290,-30,2,-1,58,,,1,flight,0,0,0.0,1,1,213.4,sharp,0.0,,clean_no_occluder,0
S2_PAIR_clean_f001554.jpg,S2_PAIR_clean,S2_futsal_paircleanH_20260808_085018,S2_PAIR_clean,1554,88.671,299,290,-25,2,0,58,,,1,flight,0,0,0.0,1,1,293.9,sharp,0.0,,clean_no_occluder,0
S2_PAIR_clean_f001575.jpg,S2_PAIR_clean,S2_futsal_paircleanH_20260808_085018,S2_PAIR_clean,1575,89.564,300,290,-14,2,0,58,,,0,flight,0,0,0.0,1,1,200.7,sharp,0.0,,clean_no_occluder,0
S2_PAIR_clean_f001582.jpg,S2_PAIR_clean,S2_futsal_paircleanH_20260808_085018,S2_PAIR_clean,1582,89.799,308,290,-12,2,0,58,,,0,flight,0,0,0.0,1,1,204.1,sharp,0.0,,clean_no_occluder,0
S2_PAIR_clean_f001589.jpg,S2_PAIR_clean,S2_futsal_paircleanH_20260808_085018,S2_PAIR_clean,1589,90.030,301,290,-12,1,1,58,,,0,flight,0,0,0.0,1,1,199.1,sharp,0.0,,clean_no_occluder,0
S2_PAIR_clean_f001596.jpg,S2_PAIR_clean,S2_futsal_paircleanH_20260808_085018,S2_PAIR_clean,1596,90.323,298,290,-12,1,0,57,,,0,flight,0,0,0.0,1,1,221.8,sharp,0.0,,clean_no_occluder,0
S2_PAIR_clean_f001603.jpg,S2_PAIR_clean,S2_futsal_paircleanH_20260808_085018,S2_PAIR_clean,1603,90.643,301,290,-13,0,0,57,,,0,flight,0,0,0.0,1,1,219.0,sharp,0.0,,clean_no_occluder,0
S2_PAIR_clean_f001610.jpg,S2_PAIR_clean,S2_futsal_paircleanH_20260808_085018,S2_PAIR_clean,1610,90.890,296,290,-13,1,0,57,,,0,flight,0,0,0.0,1,1,209.4,sharp,0.0,,clean_no_occluder,0
S2_PAIR_clean_f001617.jpg,S2_PAIR_clean,S2_futsal_paircleanH_20260808_085018,S2_PAIR_clean,1617,91.131,298,290,-13,1,1,57,,,0,flight,0,0,0.0,1,1,208.0,sharp,0.0,,clean_no_occluder,0
S2_PAIR_clean_f001624.jpg,S2_PAIR_clean,S2_futsal_paircleanH_20260808_085018,S2_PAIR_clean,1624,91.432,298,290,-13,1,-1,57,,,0,flight,0,0,0.0,1,1,230.0,sharp,0.0,,clean_no_occluder,0
S2_PAIR_clean_f001631.jpg,S2_PAIR_clean,S2_futsal_paircleanH_20260808_085018,S2_PAIR_clean,1631,91.692,297,290,-13,1,-2,57,,,0,flight,0,0,0.0,1,1,230.0,sharp,0.0,,clean_no_occluder,0
S2_PAIR_clean_f001638.jpg,S2_PAIR_clean,S2_futsal_paircleanH_20260808_085018,S2_PAIR_clean,1638,92.100,303,290,-13,1,-1,57,,,0,flight,0,0,0.0,1,1,221.7,sharp,0.0,,clean_no_occluder,0
S2_PAIR_clean_f001645.jpg,S2_PAIR_clean,S2_futsal_paircleanH_20260808_085018,S2_PAIR_clean,1645,92.396,305,290,-13,2,1,57,,,0,flight,0,0,0.0,1,1,237.9,sharp,0.0,,clean_no_occluder,0
S2_PAIR_clean_f001652.jpg,S2_PAIR_clean,S2_futsal_paircleanH_20260808_085018,S2_PAIR_clean,1652,92.709,304,290,-13,2,1,57,,,0,flight,0,0,0.0,1,1,210.4,sharp,0.0,,clean_no_occluder,0
S2_PAIR_clean_f001659.jpg,S2_PAIR_clean,S2_futsal_paircleanH_20260808_085018,S2_PAIR_clean,1659,92.895,305,290,-13,2,0,57,,,0,flight,0,0,0.0,1,1,220.6,sharp,0.0,,clean_no_occluder,0
S2_PAIR_clean_f001666.jpg,S2_PAIR_clean,S2_futsal_paircleanH_20260808_085018,S2_PAIR_clean,1666,93.217,304,290,-13,1,0,57,,,0,flight,0,0,0.0,1,1,228.3,sharp,0.0,,clean_no_occluder,0
S2_PAIR_clean_f001673.jpg,S2_PAIR_clean,S2_futsal_paircleanH_20260808_085018,S2_PAIR_clean,1673,93.498,303,290,-13,2,-1,57,,,0,flight,0,0,0.0,1,1,231.9,sharp,0.0,,clean_no_occluder,0
S2_PAIR_clean_f001680.jpg,S2_PAIR_clean,S2_futsal_paircleanH_20260808_085018,S2_PAIR_clean,1680,93.742,298,290,-13,2,-1,57,,,0,flight,0,0,0.0,1,1,207.3,sharp,0.0,,clean_no_occluder,0
S2_PAIR_clean_f001687.jpg,S2_PAIR_clean,S2_futsal_paircleanH_20260808_085018,S2_PAIR_clean,1687,93.999,303,290,-13,1,1,57,,,0,flight,0,0,0.0,1,1,213.3,sharp,0.0,,clean_no_occluder,0
S2_PAIR_clean_f001694.jpg,S2_PAIR_clean,S2_futsal_paircleanH_20260808_085018,S2_PAIR_clean,1694,94.259,299,290,-12,2,1,57,,,0,flight,0,0,0.0,1,1,207.2,sharp,0.0,,clean_no_occluder,0
S2_PAIR_clean_f001701.jpg,S2_PAIR_clean,S2_futsal_paircleanH_20260808_085018,S2_PAIR_clean,1701,94.564,302,290,-8,1,1,57,,,0,flight,0,0,0.0,1,1,204.7,sharp,0.0,,clean_no_occluder,0
S2_PAIR_clean_f001708.jpg,S2_PAIR_clean,S2_futsal_paircleanH_20260808_085018,S2_PAIR_clean,1708,94.831,305,290,-4,1,2,57,,,0,flight,0,0,0.0,1,1,207.3,sharp,0.0,,clean_no_occluder,0
S2_PAIR_clean_f001715.jpg,S2_PAIR_clean,S2_futsal_paircleanH_20260808_085018,S2_PAIR_clean,1715,95.116,296,290,-3,1,1,57,,,0,flight,0,0,0.0,1,1,217.6,sharp,0.0,,clean_no_occluder,0
S2_PAIR_clean_f001722.jpg,S2_PAIR_clean,S2_futsal_paircleanH_20260808_085018,S2_PAIR_clean,1722,95.400,296,290,-3,1,0,57,,,0,flight,0,0,0.0,1,1,254.6,sharp,0.0,,clean_no_occluder,0
S2_PAIR_clean_f001729.jpg,S2_PAIR_clean,S2_futsal_paircleanH_20260808_085018,S2_PAIR_clean,1729,95.645,298,290,-3,1,-2,57,,,0,flight,0,0,0.0,1,1,242.8,sharp,0.0,,clean_no_occluder,0
S2_PAIR_clean_f001736.jpg,S2_PAIR_clean,S2_futsal_paircleanH_20260808_085018,S2_PAIR_clean,1736,95.938,301,290,-3,2,-2,57,,,0,flight,0,0,0.0,1,1,237.2,sharp,0.0,,clean_no_occluder,0
S2_PAIR_clean_f001743.jpg,S2_PAIR_clean,S2_futsal_paircleanH_20260808_085018,S2_PAIR_clean,1743,96.166,301,290,-3,1,-1,57,,,0,flight,0,0,0.0,1,1,235.7,sharp,0.0,,clean_no_occluder,0
S2_PAIR_clean_f001750.jpg,S2_PAIR_clean,S2_futsal_paircleanH_20260808_085018,S2_PAIR_clean,1750,96.411,298,290,-3,2,-1,57,,,0,flight,0,0,0.0,1,1,246.5,sharp,0.0,,clean_no_occluder,0
S2_PAIR_clean_f001757.jpg,S2_PAIR_clean,S2_futsal_paircleanH_20260808_085018,S2_PAIR_clean,1757,96.681,303,290,-3,2,1,57,,,0,flight,0,0,0.0,1,1,236.6,sharp,0.0,,clean_no_occluder,0
S2_PAIR_clean_f001764.jpg,S2_PAIR_clean,S2_futsal_paircleanH_20260808_085018,S2_PAIR_clean,1764,96.895,303,290,-3,2,1,57,,,0,flight,0,0,0.0,1,1,228.2,sharp,0.0,,clean_no_occluder,0
S2_PAIR_clean_f001771.jpg,S2_PAIR_clean,S2_futsal_paircleanH_20260808_085018,S2_PAIR_clean,1771,97.167,303,290,-3,5,2,57,,,0,flight,0,0,0.0,1,1,222.8,sharp,0.0,,clean_no_occluder,0
S2_PAIR_clean_f001778.jpg,S2_PAIR_clean,S2_futsal_paircleanH_20260808_085018,S2_PAIR_clean,1778,97.442,305,290,-3,8,2,57,,,0,flight,0,0,0.0,1,1,267.2,sharp,0.0,,clean_no_occluder,0
S2_PAIR_clean_f001785.jpg,S2_PAIR_clean,S2_futsal_paircleanH_20260808_085018,S2_PAIR_clean,1785,97.682,302,290,-3,7,1,57,,,0,flight,0,0,0.0,1,1,230.5,sharp,0.0,,clean_no_occluder,0
S2_PAIR_clean_f001792.jpg,S2_PAIR_clean,S2_futsal_paircleanH_20260808_085018,S2_PAIR_clean,1792,97.949,303,290,-3,7,0,57,,,0,flight,0,0,0.0,1,1,221.8,sharp,0.0,,clean_no_occluder,0
S2_PAIR_clean_f001799.jpg,S2_PAIR_clean,S2_futsal_paircleanH_20260808_085018,S2_PAIR_clean,1799,98.200,303,290,-3,5,0,57,,,0,flight,0,0,0.0,1,1,226.4,sharp,0.0,,clean_no_occluder,0
S2_PAIR_clean_f001806.jpg,S2_PAIR_clean,S2_futsal_paircleanH_20260808_085018,S2_PAIR_clean,1806,98.615,297,290,-3,5,0,57,,,0,flight,0,0,0.0,1,1,238.6,sharp,0.0,,clean_no_occluder,0
S2_PAIR_clean_f001813.jpg,S2_PAIR_clean,S2_futsal_paircleanH_20260808_085018,S2_PAIR_clean,1813,98.865,301,290,-3,5,0,57,,,0,flight,0,0,0.0,1,1,233.5,sharp,0.0,,clean_no_occluder,0
S2_PAIR_clean_f001820.jpg,S2_PAIR_clean,S2_futsal_paircleanH_20260808_085018,S2_PAIR_clean,1820,99.180,297,290,-3,3,0,56,,,0,flight,0,0,0.0,1,1,227.9,sharp,0.0,,clean_no_occluder,0
S2_PAIR_clean_f001827.jpg,S2_PAIR_clean,S2_futsal_paircleanH_20260808_085018,S2_PAIR_clean,1827,99.520,298,290,-3,1,0,56,,,0,flight,0,0,0.0,1,1,238.1,sharp,0.0,,clean_no_occluder,0
S2_PAIR_clean_f001834.jpg,S2_PAIR_clean,S2_futsal_paircleanH_20260808_085018,S2_PAIR_clean,1834,99.849,298,290,-3,1,0,56,,,0,flight,0,0,0.0,1,1,238.4,sharp,0.0,,clean_no_occluder,0
S2_PAIR_clean_f001841.jpg,S2_PAIR_clean,S2_futsal_paircleanH_20260808_085018,S2_PAIR_clean,1841,100.125,297,290,-3,2,1,56,,,0,flight,0,0,0.0,1,1,245.3,sharp,0.0,,clean_no_occluder,0
S2_PAIR_clean_f001848.jpg,S2_PAIR_clean,S2_futsal_paircleanH_20260808_085018,S2_PAIR_clean,1848,100.382,302,290,-2,2,0,56,,,0,flight,0,0,0.0,1,1,282.0,sharp,0.0,,clean_no_occluder,0
S2_PAIR_clean_f001855.jpg,S2_PAIR_clean,S2_futsal_paircleanH_20260808_085018,S2_PAIR_clean,1855,100.597,306,290,1,2,0,56,,,0,flight,0,0,,0,1,227.0,sharp,,,clean_no_occluder,0
S2_PAIR_clean_f001862.jpg,S2_PAIR_clean,S2_futsal_paircleanH_20260808_085018,S2_PAIR_clean,1862,100.843,306,290,4,1,0,56,,,0,flight,0,0,,0,1,212.8,sharp,,,clean_no_occluder,0
S2_PAIR_clean_f001869.jpg,S2_PAIR_clean,S2_futsal_paircleanH_20260808_085018,S2_PAIR_clean,1869,101.131,306,290,4,2,0,56,,,0,flight,0,0,,0,1,254.1,sharp,,,clean_no_occluder,0
S2_PAIR_clean_f001876.jpg,S2_PAIR_clean,S2_futsal_paircleanH_20260808_085018,S2_PAIR_clean,1876,101.443,305,300,4,3,0,56,,,0,flight,0,0,,0,1,266.1,sharp,,,clean_no_occluder,0
S2_PAIR_clean_f001883.jpg,S2_PAIR_clean,S2_futsal_paircleanH_20260808_085018,S2_PAIR_clean,1883,101.666,304,290,4,3,-3,56,,,0,flight,0,0,,0,1,238.8,sharp,,,clean_no_occluder,0
S2_PAIR_clean_f001890.jpg,S2_PAIR_clean,S2_futsal_paircleanH_20260808_085018,S2_PAIR_clean,1890,101.896,305,290,4,2,-6,56,,,0,flight,0,0,,0,1,223.0,sharp,,,clean_no_occluder,0
S2_PAIR_clean_f001897.jpg,S2_PAIR_clean,S2_futsal_paircleanH_20260808_085018,S2_PAIR_clean,1897,102.148,297,290,4,2,-5,56,,,0,flight,0,0,,0,1,223.8,sharp,,,clean_no_occluder,0
S2_PAIR_clean_f001904.jpg,S2_PAIR_clean,S2_futsal_paircleanH_20260808_085018,S2_PAIR_clean,1904,102.492,301,290,4,2,-3,56,,,0,flight,0,0,,0,1,249.5,sharp,,,clean_no_occluder,0
S2_PAIR_clean_f001911.jpg,S2_PAIR_clean,S2_futsal_paircleanH_20260808_085018,S2_PAIR_clean,1911,102.747,301,290,4,3,-1,56,,,0,flight,0,0,,0,1,270.0,sharp,,,clean_no_occluder,0
S2_PAIR_clean_f001918.jpg,S2_PAIR_clean,S2_futsal_paircleanH_20260808_085018,S2_PAIR_clean,1918,102.997,302,290,3,3,-1,56,,,0,flight,0,0,,0,1,275.5,sharp,,,clean_no_occluder,0
S2_PAIR_clean_f001925.jpg,S2_PAIR_clean,S2_futsal_paircleanH_20260808_085018,S2_PAIR_clean,1925,103.314,302,290,4,3,-1,56,,,0,flight,0,0,,0,1,257.1,sharp,,,clean_no_occluder,0
S2_PAIR_clean_f001932.jpg,S2_PAIR_clean,S2_futsal_paircleanH_20260808_085018,S2_PAIR_clean,1932,103.533,292,290,4,3,-1,56,,,0,flight,0,0,,0,1,253.5,sharp,,,clean_no_occluder,0
S2_PAIR_clean_f001939.jpg,S2_PAIR_clean,S2_futsal_paircleanH_20260808_085018,S2_PAIR_clean,1939,103.824,300,290,4,3,-1,56,,,0,flight,0,0,,0,1,249.5,sharp,,,clean_no_occluder,0
S2_PAIR_clean_f001946.jpg,S2_PAIR_clean,S2_futsal_paircleanH_20260808_085018,S2_PAIR_clean,1946,104.092,304,290,4,3,-1,56,,,0,flight,0,0,,0,1,249.3,sharp,,,clean_no_occluder,0
S2_PAIR_clean_f001953.jpg,S2_PAIR_clean,S2_futsal_paircleanH_20260808_085018,S2_PAIR_clean,1953,104.447,296,290,3,3,-2,56,,,0,flight,0,0,,0,1,264.9,sharp,,,clean_no_occluder,0
S2_PAIR_clean_f001960.jpg,S2_PAIR_clean,S2_futsal_paircleanH_20260808_085018,S2_PAIR_clean,1960,104.680,293,290,3,3,-1,56,,,0,flight,0,0,,0,1,246.2,sharp,,,clean_no_occluder,0
S2_PAIR_clean_f001967.jpg,S2_PAIR_clean,S2_futsal_paircleanH_20260808_085018,S2_PAIR_clean,1967,104.982,296,290,3,2,-1,56,,,0,flight,0,0,,0,1,252.0,sharp,,,clean_no_occluder,0
S2_PAIR_clean_f001974.jpg,S2_PAIR_clean,S2_futsal_paircleanH_20260808_085018,S2_PAIR_clean,1974,105.200,296,290,4,2,-2,55,,,0,flight,0,0,,0,1,239.4,sharp,,,clean_no_occluder,0
S2_PAIR_clean_f001981.jpg,S2_PAIR_clean,S2_futsal_paircleanH_20260808_085018,S2_PAIR_clean,1981,105.497,303,290,4,2,-2,55,,,0,flight,0,0,,0,1,245.2,sharp,,,clean_no_occluder,0
S2_PAIR_clean_f001988.jpg,S2_PAIR_clean,S2_futsal_paircleanH_20260808_085018,S2_PAIR_clean,1988,105.866,301,290,4,2,0,55,,,0,flight,0,0,,0,1,264.9,sharp,,,clean_no_occluder,0
S2_PAIR_clean_f002002.jpg,S2_PAIR_clean,S2_futsal_paircleanH_20260808_085018,S2_PAIR_clean,2002,106.483,304,290,4,2,1,55,,,0,flight,0,0,0.0,1,1,233.2,sharp,0.0,,clean_no_occluder,0
S2_PAIR_clean_f002009.jpg,S2_PAIR_clean,S2_futsal_paircleanH_20260808_085018,S2_PAIR_clean,2009,106.732,300,290,7,2,1,55,,,0,flight,0,0,0.0,1,1,215.7,sharp,0.0,,clean_no_occluder,0
S2_PAIR_clean_f002016.jpg,S2_PAIR_clean,S2_futsal_paircleanH_20260808_085018,S2_PAIR_clean,2016,107.100,300,290,16,2,0,55,,,0,flight,0,0,0.0,1,1,193.4,sharp,0.0,,clean_no_occluder,0
S2_PAIR_clean_f002023.jpg,S2_PAIR_clean,S2_futsal_paircleanH_20260808_085018,S2_PAIR_clean,2023,107.291,298,290,18,2,0,55,,,0,flight,0,0,0.0,1,1,180.2,soft_moderate,0.0,,clean_no_occluder,0
S2_PAIR_clean_f002030.jpg,S2_PAIR_clean,S2_futsal_paircleanH_20260808_085018,S2_PAIR_clean,2030,107.534,300,290,21,1,2,55,,,0,flight,0,0,0.0,1,1,186.0,sharp,0.0,,clean_no_occluder,0
S2_PAIR_clean_f002037.jpg,S2_PAIR_clean,S2_futsal_paircleanH_20260808_085018,S2_PAIR_clean,2037,107.842,300,290,21,2,0,55,,,0,flight,0,0,0.0,1,1,200.2,sharp,0.0,,clean_no_occluder,0
S2_PAIR_clean_f002044.jpg,S2_PAIR_clean,S2_futsal_paircleanH_20260808_085018,S2_PAIR_clean,2044,108.160,300,290,21,2,-5,55,,,0,flight,0,0,0.0,1,1,201.7,sharp,0.0,,clean_no_occluder,0
S2_PAIR_clean_f002051.jpg,S2_PAIR_clean,S2_futsal_paircleanH_20260808_085018,S2_PAIR_clean,2051,108.417,305,290,21,2,-5,55,,,0,flight,0,0,0.0,1,1,208.7,sharp,0.0,,clean_no_occluder,0
S2_PAIR_clean_f002058.jpg,S2_PAIR_clean,S2_futsal_paircleanH_20260808_085018,S2_PAIR_clean,2058,108.732,302,290,21,3,-4,55,,,0,flight,0,0,0.0,1,1,207.8,sharp,0.0,,clean_no_occluder,0
S2_PAIR_clean_f002065.jpg,S2_PAIR_clean,S2_futsal_paircleanH_20260808_085018,S2_PAIR_clean,2065,109.044,301,290,21,2,-2,55,,,0,flight,0,0,0.0,1,1,213.2,sharp,0.0,,clean_no_occluder,0
S2_PAIR_clean_f002072.jpg,S2_PAIR_clean,S2_futsal_paircleanH_20260808_085018,S2_PAIR_clean,2072,109.297,301,290,21,2,2,55,,,0,flight,0,0,0.0,1,1,212.2,sharp,0.0,,clean_no_occluder,0
S2_PAIR_clean_f002079.jpg,S2_PAIR_clean,S2_futsal_paircleanH_20260808_085018,S2_PAIR_clean,2079,109.534,299,290,21,2,2,55,,,0,flight,0,0,0.0,1,1,221.7,sharp,0.0,,clean_no_occluder,0
S2_PAIR_clean_f002086.jpg,S2_PAIR_clean,S2_futsal_paircleanH_20260808_085018,S2_PAIR_clean,2086,109.799,304,290,21,2,2,55,,,0,flight,0,0,0.0,1,1,213.3,sharp,0.0,,clean_no_occluder,0
S2_PAIR_clean_f002093.jpg,S2_PAIR_clean,S2_futsal_paircleanH_20260808_085018,S2_PAIR_clean,2093,110.112,304,290,25,2,1,55,,,0,flight,0,0,0.0,1,1,178.4,soft_moderate,0.0,,clean_no_occluder,0
S2_PAIR_clean_f002100.jpg,S2_PAIR_clean,S2_futsal_paircleanH_20260808_085018,S2_PAIR_clean,2100,110.342,295,290,31,2,0,55,,,0,flight,0,0,0.0,1,1,133.3,soft_heavy,0.0,,clean_no_occluder,0
S2_PAIR_clean_f002107.jpg,S2_PAIR_clean,S2_futsal_paircleanH_20260808_085018,S2_PAIR_clean,2107,110.646,300,290,36,1,3,55,,,0,flight,0,0,0.0,1,1,108.5,soft_heavy,0.0,,clean_no_occluder,0
S2_PAIR_clean_f002114.jpg,S2_PAIR_clean,S2_futsal_paircleanH_20260808_085018,S2_PAIR_clean,2114,110.934,299,290,44,1,1,55,,,0,flight,0,0,0.0,1,1,99.2,soft_heavy,0.0,,clean_no_occluder,0
S2_PAIR_clean_f002121.jpg,S2_PAIR_clean,S2_futsal_paircleanH_20260808_085018,S2_PAIR_clean,2121,111.222,302,290,45,2,1,55,,,0,flight,0,0,0.0,1,1,128.9,soft_heavy,0.0,,clean_no_occluder,0
S2_PAIR_clean_f002128.jpg,S2_PAIR_clean,S2_futsal_paircleanH_20260808_085018,S2_PAIR_clean,2128,111.521,304,290,44,2,0,55,,,0,flight,0,0,0.0,1,1,152.0,soft_heavy,0.0,,clean_no_occluder,0
S2_PAIR_clean_f002135.jpg,S2_PAIR_clean,S2_futsal_paircleanH_20260808_085018,S2_PAIR_clean,2135,111.880,297,290,44,3,0,55,,,0,flight,0,0,0.0,1,1,168.0,soft_moderate,0.0,,clean_no_occluder,0
S2_PAIR_clean_f002142.jpg,S2_PAIR_clean,S2_futsal_paircleanH_20260808_085018,S2_PAIR_clean,2142,112.130,301,290,45,2,0,54,,,0,flight,0,0,0.0,1,1,173.7,soft_moderate,0.0,,clean_no_occluder,0
S2_PAIR_clean_f002149.jpg,S2_PAIR_clean,S2_futsal_paircleanH_20260808_085018,S2_PAIR_clean,2149,112.431,303,290,45,1,0,54,,,0,flight,0,0,0.0,1,1,185.0,sharp,0.0,,clean_no_occluder,0
S2_PAIR_clean_f002156.jpg,S2_PAIR_clean,S2_futsal_paircleanH_20260808_085018,S2_PAIR_clean,2156,112.657,303,290,45,1,1,54,,,0,flight,0,0,0.0,1,1,193.3,sharp,0.0,,clean_no_occluder,0
S2_PAIR_clean_f002163.jpg,S2_PAIR_clean,S2_futsal_paircleanH_20260808_085018,S2_PAIR_clean,2163,112.999,299,290,45,1,1,54,,,0,flight,0,0,0.0,1,1,194.4,sharp,0.0,,clean_no_occluder,0
S2_PAIR_clean_f002170.jpg,S2_PAIR_clean,S2_futsal_paircleanH_20260808_085018,S2_PAIR_clean,2170,113.309,310,290,44,1,0,54,,,0,flight,0,0,0.0,1,1,178.6,soft_moderate,0.0,,clean_no_occluder,0
S2_PAIR_clean_f002177.jpg,S2_PAIR_clean,S2_futsal_paircleanH_20260808_085018,S2_PAIR_clean,2177,113.562,301,290,45,1,-4,54,,,0,flight,0,0,0.0,1,1,170.0,soft_moderate,0.0,,clean_no_occluder,0
S2_PAIR_clean_f002184.jpg,S2_PAIR_clean,S2_futsal_paircleanH_20260808_085018,S2_PAIR_clean,2184,113.830,300,290,45,1,-4,54,,,0,flight,0,0,0.0,1,1,182.9,sharp,0.0,,clean_no_occluder,0
S2_PAIR_clean_f002191.jpg,S2_PAIR_clean,S2_futsal_paircleanH_20260808_085018,S2_PAIR_clean,2191,114.090,300,290,44,1,-2,54,,,0,flight,0,0,0.0,1,1,176.4,soft_moderate,0.0,,clean_no_occluder,0
S2_PAIR_clean_f002198.jpg,S2_PAIR_clean,S2_futsal_paircleanH_20260808_085018,S2_PAIR_clean,2198,114.481,306,290,44,1,-1,54,,,0,flight,0,0,0.0,1,1,185.2,sharp,0.0,,clean_no_occluder,0
S2_PAIR_clean_f002205.jpg,S2_PAIR_clean,S2_futsal_paircleanH_20260808_085018,S2_PAIR_clean,2205,114.729,308,290,44,1,-1,54,,,0,flight,0,0,0.0,1,1,227.7,sharp,0.0,,clean_no_occluder,0
S2_PAIR_clean_f002212.jpg,S2_PAIR_clean,S2_futsal_paircleanH_20260808_085018,S2_PAIR_clean,2212,115.085,302,290,44,1,-1,54,,,0,flight,0,0,0.0,1,1,239.3,sharp,0.0,,clean_no_occluder,0
S2_PAIR_clean_f002219.jpg,S2_PAIR_clean,S2_futsal_paircleanH_20260808_085018,S2_PAIR_clean,2219,115.385,310,300,45,1,-1,54,,,0,flight,0,0,0.0,1,1,193.5,sharp,0.0,,clean_no_occluder,0
S2_PAIR_clean_f002226.jpg,S2_PAIR_clean,S2_futsal_paircleanH_20260808_085018,S2_PAIR_clean,2226,115.680,306,300,45,2,-1,54,,,0,flight,0,0,0.0,1,1,166.0,soft_heavy,0.0,,clean_no_occluder,0
S2_PAIR_clean_f002233.jpg,S2_PAIR_clean,S2_futsal_paircleanH_20260808_085018,S2_PAIR_clean,2233,115.976,302,290,45,2,-1,54,,,0,flight,0,0,0.0,1,1,170.6,soft_moderate,0.0,,clean_no_occluder,0
S2_PAIR_clean_f002240.jpg,S2_PAIR_clean,S2_futsal_paircleanH_20260808_085018,S2_PAIR_clean,2240,116.572,306,290,45,1,-1,54,,,0,flight,0,0,0.0,1,1,189.4,sharp,0.0,,clean_no_occluder,0
S2_PAIR_clean_f002247.jpg,S2_PAIR_clean,S2_futsal_paircleanH_20260808_085018,S2_PAIR_clean,2247,117.012,296,290,44,1,0,54,,,0,flight,0,0,0.0,1,1,165.2,soft_heavy,0.0,,clean_no_occluder,0
S2_PAIR_clean_f002254.jpg,S2_PAIR_clean,S2_futsal_paircleanH_20260808_085018,S2_PAIR_clean,2254,117.250,296,290,44,1,-1,54,,,0,flight,0,0,0.0,1,1,165.8,soft_heavy,0.0,,clean_no_occluder,0
S2_PAIR_clean_f002261.jpg,S2_PAIR_clean,S2_futsal_paircleanH_20260808_085018,S2_PAIR_clean,2261,117.500,301,290,44,1,-1,54,,,0,flight,0,0,0.0,1,1,172.7,soft_moderate,0.0,,clean_no_occluder,0
S2_PAIR_clean_f002268.jpg,S2_PAIR_clean,S2_futsal_paircleanH_20260808_085018,S2_PAIR_clean,2268,117.765,297,290,44,1,-1,54,,,0,flight,0,0,0.0,1,1,169.1,soft_moderate,0.0,,clean_no_occluder,0
S2_PAIR_clean_f002275.jpg,S2_PAIR_clean,S2_futsal_paircleanH_20260808_085018,S2_PAIR_clean,2275,118.064,289,290,44,1,2,54,,,0,flight,0,0,0.0,1,1,159.9,soft_heavy,0.0,,clean_no_occluder,0
S2_PAIR_clean_f002282.jpg,S2_PAIR_clean,S2_futsal_paircleanH_20260808_085018,S2_PAIR_clean,2282,118.348,287,290,47,1,3,53,,,0,flight,0,0,0.0,1,1,135.9,soft_heavy,0.0,,clean_no_occluder,0
S2_PAIR_clean_f002289.jpg,S2_PAIR_clean,S2_futsal_paircleanH_20260808_085018,S2_PAIR_clean,2289,118.600,287,280,52,0,3,53,,,0,flight,0,0,0.0,1,1,121.3,soft_heavy,0.0,,clean_no_occluder,0
S2_PAIR_clean_f002296.jpg,S2_PAIR_clean,S2_futsal_paircleanH_20260808_085018,S2_PAIR_clean,2296,118.881,298,280,61,0,2,53,,,0,flight,0,0,0.0,1,1,129.2,soft_heavy,0.0,,clean_no_occluder,0
S2_PAIR_clean_f002303.jpg,S2_PAIR_clean,S2_futsal_paircleanH_20260808_085018,S2_PAIR_clean,2303,119.283,306,290,66,0,1,53,,,0,flight,0,0,0.0,1,1,157.5,soft_heavy,0.0,,clean_no_occluder,0
S2_PAIR_clean_f002310.jpg,S2_PAIR_clean,S2_futsal_paircleanH_20260808_085018,S2_PAIR_clean,2310,119.497,308,290,67,0,2,53,,,0,flight,0,0,0.0,1,1,160.1,soft_heavy,0.0,,clean_no_occluder,0
S2_PAIR_clean_f002317.jpg,S2_PAIR_clean,S2_futsal_paircleanH_20260808_085018,S2_PAIR_clean,2317,119.759,314,300,67,1,2,53,,,0,flight,0,0,0.0,1,1,181.8,sharp,0.0,,clean_no_occluder,0
S2_PAIR_clean_f002324.jpg,S2_PAIR_clean,S2_futsal_paircleanH_20260808_085018,S2_PAIR_clean,2324,119.979,299,300,67,1,-4,53,,,0,flight,0,0,0.0,1,1,188.2,sharp,0.0,,clean_no_occluder,0
S2_PAIR_clean_f002331.jpg,S2_PAIR_clean,S2_futsal_paircleanH_20260808_085018,S2_PAIR_clean,2331,120.235,305,300,66,2,-4,53,,,0,flight,0,0,0.0,1,1,190.2,sharp,0.0,,clean_no_occluder,0
S2_PAIR_clean_f002338.jpg,S2_PAIR_clean,S2_futsal_paircleanH_20260808_085018,S2_PAIR_clean,2338,120.482,301,290,67,1,-4,53,,,0,flight,0,0,0.0,1,1,182.2,sharp,0.0,,clean_no_occluder,0
S2_PAIR_clean_f002345.jpg,S2_PAIR_clean,S2_futsal_paircleanH_20260808_085018,S2_PAIR_clean,2345,120.715,309,290,67,1,-2,53,,,0,flight,0,0,0.0,1,1,182.1,sharp,0.0,,clean_no_occluder,0
S2_PAIR_clean_f002352.jpg,S2_PAIR_clean,S2_futsal_paircleanH_20260808_085018,S2_PAIR_clean,2352,121.031,310,300,67,1,-1,53,,,0,flight,0,0,0.0,1,1,186.9,sharp,0.0,,clean_no_occluder,0
S2_PAIR_clean_f002359.jpg,S2_PAIR_clean,S2_futsal_paircleanH_20260808_085018,S2_PAIR_clean,2359,121.243,307,300,67,1,0,53,,,0,flight,0,0,0.0,1,1,185.3,sharp,0.0,,clean_no_occluder,0
S2_PAIR_clean_f002366.jpg,S2_PAIR_clean,S2_futsal_paircleanH_20260808_085018,S2_PAIR_clean,2366,121.493,303,300,67,1,0,53,,,0,flight,0,0,0.0,1,1,187.7,sharp,0.0,,clean_no_occluder,0
S2_PAIR_clean_f002373.jpg,S2_PAIR_clean,S2_futsal_paircleanH_20260808_085018,S2_PAIR_clean,2373,121.720,304,290,66,1,0,53,,,0,flight,0,0,0.0,1,1,185.5,sharp,0.0,,clean_no_occluder,0
S2_PAIR_clean_f002380.jpg,S2_PAIR_clean,S2_futsal_paircleanH_20260808_085018,S2_PAIR_clean,2380,121.961,307,290,66,1,0,53,,,0,flight,0,0,0.0,1,1,186.0,sharp,0.0,,clean_no_occluder,0
S2_PAIR_clean_f002387.jpg,S2_PAIR_clean,S2_futsal_paircleanH_20260808_085018,S2_PAIR_clean,2387,122.245,298,290,66,1,0,53,,,0,flight,0,0,0.0,1,1,176.0,soft_moderate,0.0,,clean_no_occluder,0
S2_PAIR_clean_f002394.jpg,S2_PAIR_clean,S2_futsal_paircleanH_20260808_085018,S2_PAIR_clean,2394,122.456,299,290,67,1,0,53,,,0,flight,0,0,0.0,1,1,185.5,sharp,0.0,,clean_no_occluder,0
S2_PAIR_clean_f002401.jpg,S2_PAIR_clean,S2_futsal_paircleanH_20260808_085018,S2_PAIR_clean,2401,122.764,301,290,67,0,0,53,,,0,flight,0,0,0.0,1,1,178.2,soft_moderate,0.0,,clean_no_occluder,0
S2_PAIR_clean_f002408.jpg,S2_PAIR_clean,S2_futsal_paircleanH_20260808_085018,S2_PAIR_clean,2408,122.993,301,290,67,0,0,53,,,0,flight,0,0,0.0,1,1,178.3,soft_moderate,0.0,,clean_no_occluder,0
S2_PAIR_clean_f002415.jpg,S2_PAIR_clean,S2_futsal_paircleanH_20260808_085018,S2_PAIR_clean,2415,123.257,300,290,67,0,4,53,,,0,flight,0,0,0.0,1,1,171.0,soft_moderate,0.0,,clean_no_occluder,0
S2_PAIR_clean_f002422.jpg,S2_PAIR_clean,S2_futsal_paircleanH_20260808_085018,S2_PAIR_clean,2422,123.580,305,290,71,0,4,53,,,0,flight,0,0,0.0,1,1,145.3,soft_heavy,0.0,,clean_no_occluder,0
S2_PAIR_clean_f002429.jpg,S2_PAIR_clean,S2_futsal_paircleanH_20260808_085018,S2_PAIR_clean,2429,123.930,298,290,76,0,4,53,,,0,flight,0,0,0.0,1,1,143.6,soft_heavy,0.0,,clean_no_occluder,0
S2_PAIR_clean_f002436.jpg,S2_PAIR_clean,S2_futsal_paircleanH_20260808_085018,S2_PAIR_clean,2436,124.133,305,290,87,0,3,52,,,0,flight,0,0,0.0,1,1,141.5,soft_heavy,0.0,,clean_no_occluder,0
S2_PAIR_clean_f002443.jpg,S2_PAIR_clean,S2_futsal_paircleanH_20260808_085018,S2_PAIR_clean,2443,124.386,300,290,92,0,2,52,,,0,flight,0,0,0.0,1,1,169.0,soft_moderate,0.0,,clean_no_occluder,0
S2_PAIR_clean_f002450.jpg,S2_PAIR_clean,S2_futsal_paircleanH_20260808_085018,S2_PAIR_clean,2450,124.631,303,290,94,-1,4,52,,,0,flight,0,0,0.0,1,1,134.6,soft_heavy,0.0,,clean_no_occluder,0
S2_PAIR_clean_f002457.jpg,S2_PAIR_clean,S2_futsal_paircleanH_20260808_085018,S2_PAIR_clean,2457,124.928,302,290,97,-1,2,52,,,0,flight,0,0,0.0,1,1,132.2,soft_heavy,0.0,,clean_no_occluder,0
S2_PAIR_clean_f002464.jpg,S2_PAIR_clean,S2_futsal_paircleanH_20260808_085018,S2_PAIR_clean,2464,125.258,295,290,98,-1,0,52,,,0,flight,0,0,0.0,1,1,135.0,soft_heavy,0.0,,clean_no_occluder,0
S2_PAIR_clean_f002471.jpg,S2_PAIR_clean,S2_futsal_paircleanH_20260808_085018,S2_PAIR_clean,2471,125.566,290,290,99,-1,-5,52,,,0,flight,0,0,0.0,1,1,127.1,soft_heavy,0.0,,clean_no_occluder,0
S2_PAIR_clean_f002478.jpg,S2_PAIR_clean,S2_futsal_paircleanH_20260808_085018,S2_PAIR_clean,2478,125.858,291,290,99,-1,-5,52,,,0,flight,0,0,0.0,1,1,137.2,soft_heavy,0.0,,clean_no_occluder,0
S2_PAIR_clean_f002485.jpg,S2_PAIR_clean,S2_futsal_paircleanH_20260808_085018,S2_PAIR_clean,2485,126.127,302,290,99,-1,-3,52,,,0,flight,0,0,0.0,1,1,134.4,soft_heavy,0.0,,clean_no_occluder,0
S2_PAIR_clean_f002492.jpg,S2_PAIR_clean,S2_futsal_paircleanH_20260808_085018,S2_PAIR_clean,2492,126.399,306,290,99,-1,-2,52,,,0,flight,0,0,0.0,1,1,144.0,soft_heavy,0.0,,clean_no_occluder,0
S2_PAIR_clean_f002499.jpg,S2_PAIR_clean,S2_futsal_paircleanH_20260808_085018,S2_PAIR_clean,2499,126.653,308,300,99,-1,-1,52,,,0,flight,0,0,0.0,1,1,148.1,soft_heavy,0.0,,clean_no_occluder,0
S2_PAIR_clean_f002506.jpg,S2_PAIR_clean,S2_futsal_paircleanH_20260808_085018,S2_PAIR_clean,2506,126.888,314,300,99,-1,0,52,,,0,flight,0,0,0.0,1,1,152.2,soft_heavy,0.0,,clean_no_occluder,0
S2_PAIR_clean_f002513.jpg,S2_PAIR_clean,S2_futsal_paircleanH_20260808_085018,S2_PAIR_clean,2513,127.219,308,300,99,-1,0,52,,,0,flight,0,0,0.0,1,1,148.3,soft_heavy,0.0,,clean_no_occluder,0
S2_PAIR_clean_f002520.jpg,S2_PAIR_clean,S2_futsal_paircleanH_20260808_085018,S2_PAIR_clean,2520,127.453,308,300,99,-2,0,52,,,0,flight,0,0,0.0,1,1,148.3,soft_heavy,0.0,,clean_no_occluder,0
S2_PAIR_clean_f002527.jpg,S2_PAIR_clean,S2_futsal_paircleanH_20260808_085018,S2_PAIR_clean,2527,127.761,298,300,99,-1,0,52,,,0,flight,0,0,0.0,1,1,157.1,soft_heavy,0.0,,clean_no_occluder,0
S2_PAIR_clean_f002534.jpg,S2_PAIR_clean,S2_futsal_paircleanH_20260808_085018,S2_PAIR_clean,2534,127.959,302,290,99,-1,0,52,,,0,flight,0,0,0.0,1,1,157.0,soft_heavy,0.0,,clean_no_occluder,0
S2_PAIR_clean_f002541.jpg,S2_PAIR_clean,S2_futsal_paircleanH_20260808_085018,S2_PAIR_clean,2541,128.256,292,290,99,-2,0,52,,,0,flight,0,0,0.0,1,1,147.9,soft_heavy,0.0,,clean_no_occluder,0
S2_PAIR_clean_f002548.jpg,S2_PAIR_clean,S2_futsal_paircleanH_20260808_085018,S2_PAIR_clean,2548,128.497,289,290,98,-2,0,52,,,0,flight,0,0,0.0,1,1,150.8,soft_heavy,0.0,,clean_no_occluder,0
S2_PAIR_clean_f002555.jpg,S2_PAIR_clean,S2_futsal_paircleanH_20260808_085018,S2_PAIR_clean,2555,128.761,294,290,99,-2,0,52,,,0,flight,0,0,0.0,1,1,158.6,soft_heavy,0.0,,clean_no_occluder,0
S2_PAIR_clean_f002562.jpg,S2_PAIR_clean,S2_futsal_paircleanH_20260808_085018,S2_PAIR_clean,2562,129.000,289,290,99,-1,0,52,,,0,flight,0,0,0.0,1,1,149.3,soft_heavy,0.0,,clean_no_occluder,0
S2_PAIR_clean_f002569.jpg,S2_PAIR_clean,S2_futsal_paircleanH_20260808_085018,S2_PAIR_clean,2569,129.377,296,290,99,-1,0,52,,,0,flight,0,0,0.0,1,1,174.9,soft_moderate,0.0,,clean_no_occluder,0
S2_PAIR_clean_f002576.jpg,S2_PAIR_clean,S2_futsal_paircleanH_20260808_085018,S2_PAIR_clean,2576,129.633,297,290,99,-1,0,52,,,0,flight,0,0,0.0,1,1,154.8,soft_heavy,0.0,,clean_no_occluder,0
S2_PAIR_clean_f002583.jpg,S2_PAIR_clean,S2_futsal_paircleanH_20260808_085018,S2_PAIR_clean,2583,129.798,295,290,99,-1,0,52,,,0,flight,0,0,0.0,1,1,172.9,soft_moderate,0.0,,clean_no_occluder,0
S2_PAIR_clean_f002590.jpg,S2_PAIR_clean,S2_futsal_paircleanH_20260808_085018,S2_PAIR_clean,2590,130.039,300,290,98,-2,1,52,,,0,flight,0,0,0.0,1,1,167.0,soft_moderate,0.0,,clean_no_occluder,0
S2_PAIR_clean_f002597.jpg,S2_PAIR_clean,S2_futsal_paircleanH_20260808_085018,S2_PAIR_clean,2597,130.318,305,290,98,-2,4,51,,,0,flight,0,0,0.0,1,1,178.8,soft_moderate,0.0,,clean_no_occluder,0
S2_PAIR_clean_f002604.jpg,S2_PAIR_clean,S2_futsal_paircleanH_20260808_085018,S2_PAIR_clean,2604,130.595,304,290,101,-2,3,51,,,0,flight,0,0,0.0,1,1,171.3,soft_moderate,0.0,,clean_no_occluder,0
S2_PAIR_clean_f002611.jpg,S2_PAIR_clean,S2_futsal_paircleanH_20260808_085018,S2_PAIR_clean,2611,130.867,305,290,108,-2,3,51,,,0,flight,0,0,0.0,1,1,166.9,soft_heavy,0.0,,clean_no_occluder,0
S2_PAIR_clean_f002618.jpg,S2_PAIR_clean,S2_futsal_paircleanH_20260808_085018,S2_PAIR_clean,2618,131.168,303,290,113,-3,2,51,,,0,flight,0,0,0.0,1,1,164.0,soft_heavy,0.0,,clean_no_occluder,0
S2_PAIR_clean_f002625.jpg,S2_PAIR_clean,S2_futsal_paircleanH_20260808_085018,S2_PAIR_clean,2625,131.389,305,290,116,-3,2,51,,,0,flight,0,0,0.0,1,1,209.3,sharp,0.0,,clean_no_occluder,0
S2_PAIR_clean_f002632.jpg,S2_PAIR_clean,S2_futsal_paircleanH_20260808_085018,S2_PAIR_clean,2632,131.623,308,290,116,-4,4,51,,,0,flight,0,0,0.0,1,1,165.7,soft_heavy,0.0,,clean_no_occluder,0
S2_PAIR_clean_f002639.jpg,S2_PAIR_clean,S2_futsal_paircleanH_20260808_085018,S2_PAIR_clean,2639,131.887,294,290,116,-2,0,51,,,0,flight,0,0,0.0,1,1,175.0,soft_moderate,0.0,,clean_no_occluder,0
S2_PAIR_clean_f002646.jpg,S2_PAIR_clean,S2_futsal_paircleanH_20260808_085018,S2_PAIR_clean,2646,132.118,296,290,116,-1,-4,51,,,0,flight,0,0,0.0,1,1,203.2,sharp,0.0,,clean_no_occluder,0
S2_PAIR_clean_f002653.jpg,S2_PAIR_clean,S2_futsal_paircleanH_20260808_085018,S2_PAIR_clean,2653,132.398,299,290,116,-1,-4,51,,,0,flight,0,0,0.0,1,1,186.1,sharp,0.0,,clean_no_occluder,0
S2_PAIR_clean_f002660.jpg,S2_PAIR_clean,S2_futsal_paircleanH_20260808_085018,S2_PAIR_clean,2660,132.708,299,290,116,-1,-2,51,,,0,flight,0,0,0.0,1,1,202.1,sharp,0.0,,clean_no_occluder,0
S2_PAIR_clean_f002667.jpg,S2_PAIR_clean,S2_futsal_paircleanH_20260808_085018,S2_PAIR_clean,2667,132.920,298,290,116,-2,-1,51,,,0,flight,0,0,0.0,1,1,195.9,sharp,0.0,,clean_no_occluder,0
S2_PAIR_clean_f002674.jpg,S2_PAIR_clean,S2_futsal_paircleanH_20260808_085018,S2_PAIR_clean,2674,133.225,302,290,116,-2,0,51,,,0,flight,0,0,0.0,1,1,200.0,sharp,0.0,,clean_no_occluder,0
S2_PAIR_clean_f002681.jpg,S2_PAIR_clean,S2_futsal_paircleanH_20260808_085018,S2_PAIR_clean,2681,133.432,311,290,116,-2,0,51,,,0,flight,0,0,0.0,1,1,218.0,sharp,0.0,,clean_no_occluder,0
S2_PAIR_clean_f002688.jpg,S2_PAIR_clean,S2_futsal_paircleanH_20260808_085018,S2_PAIR_clean,2688,133.660,306,290,116,-2,0,51,,,0,flight,0,0,0.0,1,1,207.1,sharp,0.0,,clean_no_occluder,0
S2_PAIR_clean_f002695.jpg,S2_PAIR_clean,S2_futsal_paircleanH_20260808_085018,S2_PAIR_clean,2695,133.924,311,300,116,-2,0,51,,,0,flight,0,0,0.0,1,1,207.2,sharp,0.0,,clean_no_occluder,0
S2_PAIR_clean_f002702.jpg,S2_PAIR_clean,S2_futsal_paircleanH_20260808_085018,S2_PAIR_clean,2702,134.165,306,300,116,-2,-1,51,,,0,flight,0,0,0.0,1,1,219.7,sharp,0.0,,clean_no_occluder,0
S2_PAIR_clean_f002709.jpg,S2_PAIR_clean,S2_futsal_paircleanH_20260808_085018,S2_PAIR_clean,2709,134.400,303,300,116,-2,3,51,,,0,flight,0,0,0.0,1,1,202.3,sharp,0.0,,clean_no_occluder,0
S2_PAIR_clean_f002716.jpg,S2_PAIR_clean,S2_futsal_paircleanH_20260808_085018,S2_PAIR_clean,2716,134.659,302,290,116,-2,3,51,,,0,flight,0,0,0.0,1,1,196.3,sharp,0.0,,clean_no_occluder,0
S2_PAIR_clean_f002723.jpg,S2_PAIR_clean,S2_futsal_paircleanH_20260808_085018,S2_PAIR_clean,2723,134.898,306,290,116,-2,3,51,,,0,flight,0,0,0.0,1,1,194.6,sharp,0.0,,clean_no_occluder,0
S2_PAIR_clean_f002730.jpg,S2_PAIR_clean,S2_futsal_paircleanH_20260808_085018,S2_PAIR_clean,2730,135.128,304,290,121,-2,2,50,,,0,flight,0,0,0.0,1,1,175.0,soft_moderate,0.0,,clean_no_occluder,0
S2_PAIR_clean_f002737.jpg,S2_PAIR_clean,S2_futsal_paircleanH_20260808_085018,S2_PAIR_clean,2737,135.426,301,290,128,-3,1,50,,,0,flight,0,0,0.0,1,1,183.0,sharp,0.0,,clean_no_occluder,0
S2_PAIR_clean_f002744.jpg,S2_PAIR_clean,S2_futsal_paircleanH_20260808_085018,S2_PAIR_clean,2744,135.651,303,290,133,-3,1,50,,,0,flight,0,0,0.0,1,1,159.3,soft_heavy,0.0,,clean_no_occluder,0
S2_PAIR_clean_f002751.jpg,S2_PAIR_clean,S2_futsal_paircleanH_20260808_085018,S2_PAIR_clean,2751,135.995,300,290,139,-4,0,50,,,0,flight,0,0,0.0,1,1,158.3,soft_heavy,0.0,,clean_no_occluder,0
S2_PAIR_clean_f002758.jpg,S2_PAIR_clean,S2_futsal_paircleanH_20260808_085018,S2_PAIR_clean,2758,136.267,305,290,139,-4,-1,50,,,0,flight,0,0,0.0,1,1,175.4,soft_moderate,0.0,,clean_no_occluder,0
S2_PAIR_clean_f002765.jpg,S2_PAIR_clean,S2_futsal_paircleanH_20260808_085018,S2_PAIR_clean,2765,136.514,304,290,139,-3,-4,50,,,0,flight,0,0,0.0,1,1,164.4,soft_heavy,0.0,,clean_no_occluder,0
S2_PAIR_clean_f002772.jpg,S2_PAIR_clean,S2_futsal_paircleanH_20260808_085018,S2_PAIR_clean,2772,136.772,308,290,139,-2,-7,50,,,0,flight,0,0,0.0,1,1,156.9,soft_heavy,0.0,,clean_no_occluder,0
S2_PAIR_clean_f002779.jpg,S2_PAIR_clean,S2_futsal_paircleanH_20260808_085018,S2_PAIR_clean,2779,137.013,308,290,139,-2,-7,50,,,0,flight,0,0,0.0,1,1,164.0,soft_heavy,0.0,,clean_no_occluder,0
S2_PAIR_clean_f002786.jpg,S2_PAIR_clean,S2_futsal_paircleanH_20260808_085018,S2_PAIR_clean,2786,137.294,303,300,139,-2,-5,50,,,0,flight,0,0,0.0,1,1,160.8,soft_heavy,0.0,,clean_no_occluder,0
S2_PAIR_clean_f002793.jpg,S2_PAIR_clean,S2_futsal_paircleanH_20260808_085018,S2_PAIR_clean,2793,137.524,301,300,139,-2,-3,50,,,0,flight,0,0,0.0,1,1,184.2,sharp,0.0,,clean_no_occluder,0
S2_PAIR_clean_f002800.jpg,S2_PAIR_clean,S2_futsal_paircleanH_20260808_085018,S2_PAIR_clean,2800,137.729,301,290,138,-2,-2,50,,,0,flight,0,0,0.0,1,1,177.6,soft_moderate,0.0,,clean_no_occluder,0
S2_PAIR_clean_f002807.jpg,S2_PAIR_clean,S2_futsal_paircleanH_20260808_085018,S2_PAIR_clean,2807,137.975,305,290,138,-1,-3,50,,,0,flight,0,0,0.0,1,1,185.8,sharp,0.0,,clean_no_occluder,0
S2_PAIR_clean_f002814.jpg,S2_PAIR_clean,S2_futsal_paircleanH_20260808_085018,S2_PAIR_clean,2814,138.268,306,290,138,-2,-2,50,,,0,flight,0,0,0.0,1,1,199.5,sharp,0.0,,clean_no_occluder,0
S2_PAIR_clean_f002821.jpg,S2_PAIR_clean,S2_futsal_paircleanH_20260808_085018,S2_PAIR_clean,2821,138.596,299,290,138,-2,-2,50,,,0,flight,0,0,0.0,1,1,192.1,sharp,0.0,,clean_no_occluder,0
S2_PAIR_clean_f002828.jpg,S2_PAIR_clean,S2_futsal_paircleanH_20260808_085018,S2_PAIR_clean,2828,138.835,297,290,138,-2,-2,50,,,0,flight,0,0,0.0,1,1,198.1,sharp,0.0,,clean_no_occluder,0
S2_PAIR_clean_f002835.jpg,S2_PAIR_clean,S2_futsal_paircleanH_20260808_085018,S2_PAIR_clean,2835,139.059,296,290,138,-2,-1,50,,,0,flight,0,0,0.0,1,1,185.2,sharp,0.0,,clean_no_occluder,0
S2_PAIR_clean_f002842.jpg,S2_PAIR_clean,S2_futsal_paircleanH_20260808_085018,S2_PAIR_clean,2842,139.366,295,290,138,-2,-1,50,,,0,flight,0,0,0.0,1,1,231.1,sharp,0.0,,clean_no_occluder,0
S2_PAIR_clean_f002849.jpg,S2_PAIR_clean,S2_futsal_paircleanH_20260808_085018,S2_PAIR_clean,2849,139.601,294,290,138,-1,-1,50,,,0,flight,0,0,0.0,1,1,194.3,sharp,0.0,,clean_no_occluder,0
S2_PAIR_clean_f002856.jpg,S2_PAIR_clean,S2_futsal_paircleanH_20260808_085018,S2_PAIR_clean,2856,139.846,292,290,138,-1,-1,50,,,0,flight,0,0,0.0,1,1,204.2,sharp,0.0,,clean_no_occluder,0
S2_PAIR_clean_f002863.jpg,S2_PAIR_clean,S2_futsal_paircleanH_20260808_085018,S2_PAIR_clean,2863,140.119,297,290,138,-1,-1,50,,,0,flight,0,0,0.0,1,1,193.0,sharp,0.0,,clean_no_occluder,0
S2_PAIR_clean_f002870.jpg,S2_PAIR_clean,S2_futsal_paircleanH_20260808_085018,S2_PAIR_clean,2870,140.399,291,290,139,-2,-1,50,,,0,flight,0,0,0.0,1,1,210.8,sharp,0.0,,clean_no_occluder,0
S2_PAIR_clean_f002877.jpg,S2_PAIR_clean,S2_futsal_paircleanH_20260808_085018,S2_PAIR_clean,2877,140.656,298,290,139,-1,-2,50,,,0,flight,0,0,0.0,1,1,199.7,sharp,0.0,,clean_no_occluder,0
S2_PAIR_clean_f002884.jpg,S2_PAIR_clean,S2_futsal_paircleanH_20260808_085018,S2_PAIR_clean,2884,140.980,292,290,139,-1,-2,50,,,0,flight,0,0,0.0,1,1,203.4,sharp,0.0,,clean_no_occluder,0
S2_PAIR_clean_f002891.jpg,S2_PAIR_clean,S2_futsal_paircleanH_20260808_085018,S2_PAIR_clean,2891,141.227,293,290,139,-1,-2,49,,,0,flight,0,0,0.0,1,1,197.4,sharp,0.0,,clean_no_occluder,0
S2_PAIR_clean_f002898.jpg,S2_PAIR_clean,S2_futsal_paircleanH_20260808_085018,S2_PAIR_clean,2898,141.565,291,290,139,-1,2,49,,,0,flight,0,0,0.0,1,1,201.9,sharp,0.0,,clean_no_occluder,0
S2_PAIR_clean_f002905.jpg,S2_PAIR_clean,S2_futsal_paircleanH_20260808_085018,S2_PAIR_clean,2905,141.874,295,290,142,-1,1,49,,,0,flight,0,0,0.0,1,1,188.5,sharp,0.0,,clean_no_occluder,0
S2_PAIR_clean_f002912.jpg,S2_PAIR_clean,S2_futsal_paircleanH_20260808_085018,S2_PAIR_clean,2912,142.088,301,290,149,-2,1,49,,,0,flight,0,0,0.0,1,1,170.7,soft_moderate,0.0,,clean_no_occluder,0
S2_PAIR_clean_f002919.jpg,S2_PAIR_clean,S2_futsal_paircleanH_20260808_085018,S2_PAIR_clean,2919,142.396,308,290,156,-1,0,49,,,0,flight,0,0,0.0,1,1,199.2,sharp,0.0,,clean_no_occluder,0
S2_PAIR_clean_f002926.jpg,S2_PAIR_clean,S2_futsal_paircleanH_20260808_085018,S2_PAIR_clean,2926,142.747,310,300,156,-2,2,49,,,0,flight,0,0,0.0,1,1,180.7,soft_moderate,0.0,,clean_no_occluder,0
S2_PAIR_clean_f002933.jpg,S2_PAIR_clean,S2_futsal_paircleanH_20260808_085018,S2_PAIR_clean,2933,143.016,316,300,156,-1,-4,49,,,0,flight,0,0,0.0,1,1,197.5,sharp,0.0,,clean_no_occluder,0
S2_PAIR_clean_f002940.jpg,S2_PAIR_clean,S2_futsal_paircleanH_20260808_085018,S2_PAIR_clean,2940,143.232,320,300,156,-1,-7,49,,,0,flight,0,0,0.0,1,1,187.5,sharp,0.0,,clean_no_occluder,0
S2_PAIR_clean_f002947.jpg,S2_PAIR_clean,S2_futsal_paircleanH_20260808_085018,S2_PAIR_clean,2947,143.587,316,300,156,-1,-7,49,,,0,flight,0,0,0.0,1,1,212.6,sharp,0.0,,clean_no_occluder,0
S2_PAIR_clean_f002954.jpg,S2_PAIR_clean,S2_futsal_paircleanH_20260808_085018,S2_PAIR_clean,2954,143.893,305,300,156,-1,-4,49,,,0,flight,0,0,0.0,1,1,188.9,sharp,0.0,,clean_no_occluder,0
S2_PAIR_clean_f002961.jpg,S2_PAIR_clean,S2_futsal_paircleanH_20260808_085018,S2_PAIR_clean,2961,144.161,308,300,156,-1,-3,49,,,0,flight,0,0,0.0,1,1,205.0,sharp,0.0,,clean_no_occluder,0
S2_PAIR_clean_f002968.jpg,S2_PAIR_clean,S2_futsal_paircleanH_20260808_085018,S2_PAIR_clean,2968,144.384,305,300,156,-1,-3,49,,,0,flight,0,0,0.0,1,1,214.9,sharp,0.0,,clean_no_occluder,0
S2_PAIR_clean_f002975.jpg,S2_PAIR_clean,S2_futsal_paircleanH_20260808_085018,S2_PAIR_clean,2975,144.604,303,290,156,0,-3,49,,,0,flight,0,0,0.0,1,1,202.2,sharp,0.0,,clean_no_occluder,0
S2_PAIR_clean_f002982.jpg,S2_PAIR_clean,S2_futsal_paircleanH_20260808_085018,S2_PAIR_clean,2982,144.824,298,290,156,-1,-3,49,,,0,flight,0,0,0.0,1,1,202.6,sharp,0.0,,clean_no_occluder,0
S2_PAIR_clean_f002989.jpg,S2_PAIR_clean,S2_futsal_paircleanH_20260808_085018,S2_PAIR_clean,2989,145.049,297,290,156,-1,-3,49,,,0,flight,0,0,0.0,1,1,202.4,sharp,0.0,,clean_no_occluder,0
S2_PAIR_clean_f002996.jpg,S2_PAIR_clean,S2_futsal_paircleanH_20260808_085018,S2_PAIR_clean,2996,145.300,299,290,156,-1,-3,49,,,0,flight,0,0,0.0,1,1,197.7,sharp,0.0,,clean_no_occluder,0
S2_PAIR_clean_f003003.jpg,S2_PAIR_clean,S2_futsal_paircleanH_20260808_085018,S2_PAIR_clean,3003,145.668,298,290,156,-1,-3,49,,,0,flight,0,0,0.0,1,1,195.0,sharp,0.0,,clean_no_occluder,0
S2_PAIR_clean_f003010.jpg,S2_PAIR_clean,S2_futsal_paircleanH_20260808_085018,S2_PAIR_clean,3010,145.916,301,290,156,-1,-3,49,,,0,flight,0,0,0.0,1,1,193.9,sharp,0.0,,clean_no_occluder,0
S2_PAIR_clean_f003017.jpg,S2_PAIR_clean,S2_futsal_paircleanH_20260808_085018,S2_PAIR_clean,3017,146.160,308,290,156,-1,-3,49,,,0,flight,0,0,0.0,1,1,199.3,sharp,0.0,,clean_no_occluder,0
S2_PAIR_clean_f003024.jpg,S2_PAIR_clean,S2_futsal_paircleanH_20260808_085018,S2_PAIR_clean,3024,146.434,307,290,156,-1,-3,49,,,0,flight,0,0,0.0,1,1,189.5,sharp,0.0,,clean_no_occluder,0
S2_PAIR_clean_f003031.jpg,S2_PAIR_clean,S2_futsal_paircleanH_20260808_085018,S2_PAIR_clean,3031,146.726,304,300,156,-1,-3,49,,,0,flight,0,0,0.0,1,1,192.4,sharp,0.0,,clean_no_occluder,0
S2_PAIR_clean_f003038.jpg,S2_PAIR_clean,S2_futsal_paircleanH_20260808_085018,S2_PAIR_clean,3038,147.041,307,290,156,-1,-3,49,,,0,flight,0,0,0.0,1,1,183.8,sharp,0.0,,clean_no_occluder,0
S2_PAIR_clean_f003045.jpg,S2_PAIR_clean,S2_futsal_paircleanH_20260808_085018,S2_PAIR_clean,3045,147.252,306,290,156,-1,-3,49,,,0,flight,0,0,0.0,1,1,196.6,sharp,0.0,,clean_no_occluder,0
S2_PAIR_clean_f003052.jpg,S2_PAIR_clean,S2_futsal_paircleanH_20260808_085018,S2_PAIR_clean,3052,147.552,302,290,156,-1,-3,49,,,0,flight,0,0,0.0,1,1,197.8,sharp,0.0,,clean_no_occluder,0
S2_PAIR_clean_f003059.jpg,S2_PAIR_clean,S2_futsal_paircleanH_20260808_085018,S2_PAIR_clean,3059,147.816,306,290,156,-1,-3,49,,,0,flight,0,0,0.0,1,1,192.8,sharp,0.0,,clean_no_occluder,0
S2_PAIR_clean_f003066.jpg,S2_PAIR_clean,S2_futsal_paircleanH_20260808_085018,S2_PAIR_clean,3066,148.089,303,290,156,-1,-3,48,,,0,flight,0,0,0.0,1,1,187.0,sharp,0.0,,clean_no_occluder,0
S2_PAIR_clean_f003073.jpg,S2_PAIR_clean,S2_futsal_paircleanH_20260808_085018,S2_PAIR_clean,3073,148.386,308,290,156,0,-3,48,,,0,flight,0,0,0.0,1,1,196.9,sharp,0.0,,clean_no_occluder,0
S2_PAIR_clean_f003080.jpg,S2_PAIR_clean,S2_futsal_paircleanH_20260808_085018,S2_PAIR_clean,3080,148.633,307,290,156,-1,0,48,,,0,flight,0,0,0.0,1,1,194.0,sharp,0.0,,clean_no_occluder,0
S2_PAIR_clean_f003087.jpg,S2_PAIR_clean,S2_futsal_paircleanH_20260808_085018,S2_PAIR_clean,3087,148.903,312,300,156,0,0,48,,,0,flight,0,0,0.0,1,1,192.8,sharp,0.0,,clean_no_occluder,0
S2_PAIR_clean_f003094.jpg,S2_PAIR_clean,S2_futsal_paircleanH_20260808_085018,S2_PAIR_clean,3094,149.188,305,300,160,0,0,48,,,0,flight,0,0,0.0,1,1,161.4,soft_heavy,0.0,,clean_no_occluder,0
S2_PAIR_clean_f003101.jpg,S2_PAIR_clean,S2_futsal_paircleanH_20260808_085018,S2_PAIR_clean,3101,149.455,303,300,167,0,0,48,,,0,flight,0,0,0.0,1,1,165.5,soft_heavy,0.0,,clean_no_occluder,0
S2_PAIR_clean_f003108.jpg,S2_PAIR_clean,S2_futsal_paircleanH_20260808_085018,S2_PAIR_clean,3108,149.721,299,290,171,0,0,48,,,0,flight,0,0,0.0,1,1,167.7,soft_moderate,0.0,,clean_no_occluder,0
S2_PAIR_clean_f003115.jpg,S2_PAIR_clean,S2_futsal_paircleanH_20260808_085018,S2_PAIR_clean,3115,149.948,300,290,176,0,0,48,,,0,flight,0,0,0.0,1,1,158.4,soft_heavy,0.0,,clean_no_occluder,0
S2_PAIR_clean_f003122.jpg,S2_PAIR_clean,S2_futsal_paircleanH_20260808_085018,S2_PAIR_clean,3122,150.213,289,290,176,0,0,48,,,0,flight,0,0,0.0,1,1,208.5,sharp,0.0,,clean_no_occluder,0
S2_PAIR_clean_f003129.jpg,S2_PAIR_clean,S2_futsal_paircleanH_20260808_085018,S2_PAIR_clean,3129,150.499,289,290,176,0,-2,48,,,0,flight,0,0,0.0,1,1,195.6,sharp,0.0,,clean_no_occluder,0
S2_PAIR_clean_f003136.jpg,S2_PAIR_clean,S2_futsal_paircleanH_20260808_085018,S2_PAIR_clean,3136,150.837,291,280,176,0,-7,48,,,0,flight,0,0,0.0,1,1,202.1,sharp,0.0,,clean_no_occluder,0
S2_PAIR_clean_f003143.jpg,S2_PAIR_clean,S2_futsal_paircleanH_20260808_085018,S2_PAIR_clean,3143,151.155,296,280,176,0,-5,48,,,0,flight,0,0,0.0,1,1,196.8,sharp,0.0,,clean_no_occluder,0
S2_PAIR_clean_f003150.jpg,S2_PAIR_clean,S2_futsal_paircleanH_20260808_085018,S2_PAIR_clean,3150,151.428,291,290,176,-1,-4,48,,,0,flight,0,0,0.0,1,1,215.0,sharp,0.0,,clean_no_occluder,0
S2_PAIR_clean_f003157.jpg,S2_PAIR_clean,S2_futsal_paircleanH_20260808_085018,S2_PAIR_clean,3157,151.694,301,290,176,0,-3,48,,,0,flight,0,0,0.0,1,1,205.3,sharp,0.0,,clean_no_occluder,0
S2_PAIR_clean_f003164.jpg,S2_PAIR_clean,S2_futsal_paircleanH_20260808_085018,S2_PAIR_clean,3164,151.960,299,290,176,0,-3,48,,,0,flight,0,0,0.0,1,1,203.3,sharp,0.0,,clean_no_occluder,0
S2_PAIR_clean_f003171.jpg,S2_PAIR_clean,S2_futsal_paircleanH_20260808_085018,S2_PAIR_clean,3171,152.226,300,290,176,-1,-3,47,,,0,flight,0,0,0.0,1,1,189.1,sharp,0.0,,clean_no_occluder,0
S2_PAIR_clean_f003178.jpg,S2_PAIR_clean,S2_futsal_paircleanH_20260808_085018,S2_PAIR_clean,3178,152.484,306,290,176,-1,-4,47,,,0,flight,0,0,0.0,1,1,216.3,sharp,0.0,,clean_no_occluder,0
S2_PAIR_clean_f003185.jpg,S2_PAIR_clean,S2_futsal_paircleanH_20260808_085018,S2_PAIR_clean,3185,152.783,314,300,176,-1,-4,47,,,0,flight,0,0,0.0,1,1,212.3,sharp,0.0,,clean_no_occluder,0
S2_PAIR_clean_f003192.jpg,S2_PAIR_clean,S2_futsal_paircleanH_20260808_085018,S2_PAIR_clean,3192,153.100,305,300,176,-1,-4,47,,,0,flight,0,0,0.0,1,1,199.2,sharp,0.0,,clean_no_occluder,0
S2_PAIR_clean_f003199.jpg,S2_PAIR_clean,S2_futsal_paircleanH_20260808_085018,S2_PAIR_clean,3199,153.333,305,300,176,-1,-3,47,,,0,flight,0,0,0.0,1,1,198.6,sharp,0.0,,clean_no_occluder,0
S2_PAIR_clean_f003206.jpg,S2_PAIR_clean,S2_futsal_paircleanH_20260808_085018,S2_PAIR_clean,3206,153.617,305,300,176,0,-3,47,,,0,flight,0,0,0.0,1,1,198.3,sharp,0.0,,clean_no_occluder,0
S2_PAIR_clean_f003213.jpg,S2_PAIR_clean,S2_futsal_paircleanH_20260808_085018,S2_PAIR_clean,3213,153.949,302,300,176,0,-3,47,,,0,flight,0,0,0.0,1,1,205.6,sharp,0.0,,clean_no_occluder,0
S2_PAIR_clean_f003220.jpg,S2_PAIR_clean,S2_futsal_paircleanH_20260808_085018,S2_PAIR_clean,3220,154.166,303,290,176,0,-3,47,,,0,flight,0,0,0.0,1,1,196.1,sharp,0.0,,clean_no_occluder,0
S2_PAIR_clean_f003227.jpg,S2_PAIR_clean,S2_futsal_paircleanH_20260808_085018,S2_PAIR_clean,3227,154.426,302,290,176,0,-3,47,,,0,flight,0,0,0.0,1,1,170.6,soft_moderate,0.0,,clean_no_occluder,0
S2_PAIR_clean_f003234.jpg,S2_PAIR_clean,S2_futsal_paircleanH_20260808_085018,S2_PAIR_clean,3234,154.734,302,290,178,0,0,47,,,0,flight,0,0,0.0,1,1,203.2,sharp,0.0,,clean_no_occluder,0
S2_PAIR_clean_f003241.jpg,S2_PAIR_clean,S2_futsal_paircleanH_20260808_085018,S2_PAIR_clean,3241,155.014,304,290,-176,0,0,47,,,0,flight,0,0,0.0,1,1,161.2,soft_heavy,0.0,,clean_no_occluder,0
S2_PAIR_clean_f003248.jpg,S2_PAIR_clean,S2_futsal_paircleanH_20260808_085018,S2_PAIR_clean,3248,155.844,304,290,-161,0,-1,47,,,0,flight,0,0,0.0,1,1,249.3,sharp,0.0,,clean_no_occluder,0
S2_PAIR_clean_f003255.jpg,S2_PAIR_clean,S2_futsal_paircleanH_20260808_085018,S2_PAIR_clean,3255,155.958,304,300,-157,0,0,47,,,0,flight,0,0,0.0,1,1,178.0,soft_moderate,0.0,,clean_no_occluder,0
S2_PAIR_clean_f003262.jpg,S2_PAIR_clean,S2_futsal_paircleanH_20260808_085018,S2_PAIR_clean,3262,156.281,292,290,-157,0,-6,47,,,0,flight,0,0,0.0,1,1,208.2,sharp,0.0,,clean_no_occluder,0
S2_PAIR_clean_f003269.jpg,S2_PAIR_clean,S2_futsal_paircleanH_20260808_085018,S2_PAIR_clean,3269,156.527,274,290,-157,0,-8,47,,,0,flight,0,0,0.0,1,1,213.3,sharp,0.0,,clean_no_occluder,0
S2_PAIR_clean_f003276.jpg,S2_PAIR_clean,S2_futsal_paircleanH_20260808_085018,S2_PAIR_clean,3276,156.784,299,290,-157,0,-7,47,,,0,flight,0,0,0.0,1,1,218.2,sharp,0.0,,clean_no_occluder,0
S2_PAIR_clean_f003283.jpg,S2_PAIR_clean,S2_futsal_paircleanH_20260808_085018,S2_PAIR_clean,3283,157.084,318,290,-157,0,-6,47,,,0,flight,0,0,0.0,1,1,223.9,sharp,0.0,,clean_no_occluder,0
S2_PAIR_clean_f003290.jpg,S2_PAIR_clean,S2_futsal_paircleanH_20260808_085018,S2_PAIR_clean,3290,157.489,326,290,-157,0,-4,47,,,0,flight,0,0,0.0,1,1,246.4,sharp,0.0,,clean_no_occluder,0
S2_PAIR_clean_f003297.jpg,S2_PAIR_clean,S2_futsal_paircleanH_20260808_085018,S2_PAIR_clean,3297,157.797,328,290,-157,1,-5,47,,,0,flight,0,0,0.0,1,1,267.7,sharp,0.0,,clean_no_occluder,0
S2_PAIR_clean_f003304.jpg,S2_PAIR_clean,S2_futsal_paircleanH_20260808_085018,S2_PAIR_clean,3304,158.114,327,290,-157,1,-5,47,,,0,flight,0,0,0.0,1,1,275.1,sharp,0.0,,clean_no_occluder,0
S2_PAIR_clean_f003311.jpg,S2_PAIR_clean,S2_futsal_paircleanH_20260808_085018,S2_PAIR_clean,3311,158.427,330,300,-157,1,-5,47,,,0,flight,0,0,0.0,1,1,214.7,sharp,0.0,,clean_no_occluder,0
S2_PAIR_clean_f003318.jpg,S2_PAIR_clean,S2_futsal_paircleanH_20260808_085018,S2_PAIR_clean,3318,158.730,330,300,-158,1,-1,47,,,0,flight,0,0,0.0,1,1,212.6,sharp,0.0,,clean_no_occluder,0
S2_PAIR_clean_f003325.jpg,S2_PAIR_clean,S2_futsal_paircleanH_20260808_085018,S2_PAIR_clean,3325,159.098,335,300,-157,0,0,47,,,0,flight,0,0,0.0,1,1,240.9,sharp,0.0,,clean_no_occluder,0
S2_PAIR_clean_f003332.jpg,S2_PAIR_clean,S2_futsal_paircleanH_20260808_085018,S2_PAIR_clean,3332,159.383,328,300,-153,0,0,47,,,0,flight,0,0,0.0,1,1,205.5,sharp,0.0,,clean_no_occluder,0
S2_PAIR_clean_f003339.jpg,S2_PAIR_clean,S2_futsal_paircleanH_20260808_085018,S2_PAIR_clean,3339,159.651,320,300,-144,1,0,47,,,0,flight,0,0,0.0,1,1,196.2,sharp,0.0,,clean_no_occluder,0
S2_PAIR_clean_f003346.jpg,S2_PAIR_clean,S2_futsal_paircleanH_20260808_085018,S2_PAIR_clean,3346,159.949,322,300,-139,1,-1,47,,,0,flight,0,0,0.0,1,1,194.6,sharp,0.0,,clean_no_occluder,0
S2_PAIR_clean_f003353.jpg,S2_PAIR_clean,S2_futsal_paircleanH_20260808_085018,S2_PAIR_clean,3353,160.284,320,290,-136,1,1,46,,,0,flight,0,0,0.0,1,1,208.2,sharp,0.0,,clean_no_occluder,0
S2_PAIR_clean_f003360.jpg,S2_PAIR_clean,S2_futsal_paircleanH_20260808_085018,S2_PAIR_clean,3360,160.550,315,290,-136,2,-1,46,,,0,flight,0,0,0.0,1,1,235.1,sharp,0.0,,clean_no_occluder,0
S2_PAIR_clean_f003367.jpg,S2_PAIR_clean,S2_futsal_paircleanH_20260808_085018,S2_PAIR_clean,3367,160.929,317,290,-136,3,-5,46,,,0,flight,0,0,0.0,1,1,199.4,sharp,0.0,,clean_no_occluder,0
S2_PAIR_clean_f003374.jpg,S2_PAIR_clean,S2_futsal_paircleanH_20260808_085018,S2_PAIR_clean,3374,161.201,315,290,-136,2,-7,46,,,0,flight,0,0,0.0,1,1,232.2,sharp,0.0,,clean_no_occluder,0
S2_PAIR_clean_f003381.jpg,S2_PAIR_clean,S2_futsal_paircleanH_20260808_085018,S2_PAIR_clean,3381,161.420,321,290,-136,2,-6,46,,,0,flight,0,0,0.0,1,1,240.0,sharp,0.0,,clean_no_occluder,0
S2_PAIR_clean_f003388.jpg,S2_PAIR_clean,S2_futsal_paircleanH_20260808_085018,S2_PAIR_clean,3388,161.667,319,290,-136,1,-5,46,,,0,flight,0,0,0.0,1,1,243.9,sharp,0.0,,clean_no_occluder,0
S2_PAIR_clean_f003395.jpg,S2_PAIR_clean,S2_futsal_paircleanH_20260808_085018,S2_PAIR_clean,3395,162.000,319,290,-136,2,0,46,,,0,flight,0,0,0.0,1,1,233.6,sharp,0.0,,clean_no_occluder,0
S2_PAIR_clean_f003402.jpg,S2_PAIR_clean,S2_futsal_paircleanH_20260808_085018,S2_PAIR_clean,3402,162.230,325,290,-136,2,0,46,,,0,flight,0,0,0.0,1,1,253.7,sharp,0.0,,clean_no_occluder,0
S2_PAIR_clean_f003409.jpg,S2_PAIR_clean,S2_futsal_paircleanH_20260808_085018,S2_PAIR_clean,3409,162.513,321,290,-131,1,1,46,,,0,flight,0,0,0.0,1,1,206.1,sharp,0.0,,clean_no_occluder,0
S2_PAIR_clean_f003416.jpg,S2_PAIR_clean,S2_futsal_paircleanH_20260808_085018,S2_PAIR_clean,3416,162.755,314,290,-126,2,0,46,,,0,flight,0,0,0.0,1,1,210.1,sharp,0.0,,clean_no_occluder,0
S2_PAIR_clean_f003423.jpg,S2_PAIR_clean,S2_futsal_paircleanH_20260808_085018,S2_PAIR_clean,3423,163.068,318,290,-119,1,0,46,,,0,flight,0,0,0.0,1,1,211.9,sharp,0.0,,clean_no_occluder,0
S2_PAIR_clean_f003430.jpg,S2_PAIR_clean,S2_futsal_paircleanH_20260808_085018,S2_PAIR_clean,3430,163.430,320,290,-116,1,0,46,,,0,flight,0,0,0.0,1,1,241.2,sharp,0.0,,clean_no_occluder,0
S2_PAIR_clean_f003437.jpg,S2_PAIR_clean,S2_futsal_paircleanH_20260808_085018,S2_PAIR_clean,3437,163.717,321,290,-116,1,-2,46,,,0,flight,0,0,0.0,1,1,240.5,sharp,0.0,,clean_no_occluder,0
S2_PAIR_clean_f003444.jpg,S2_PAIR_clean,S2_futsal_paircleanH_20260808_085018,S2_PAIR_clean,3444,164.011,329,290,-116,2,-7,46,,,0,flight,0,0,0.0,1,1,244.7,sharp,0.0,,clean_no_occluder,0
S2_PAIR_clean_f003451.jpg,S2_PAIR_clean,S2_futsal_paircleanH_20260808_085018,S2_PAIR_clean,3451,164.236,330,300,-116,2,-7,46,,,0,flight,0,0,0.0,1,1,254.1,sharp,0.0,,clean_no_occluder,0
S2_PAIR_clean_f003458.jpg,S2_PAIR_clean,S2_futsal_paircleanH_20260808_085018,S2_PAIR_clean,3458,164.549,323,300,-116,2,-5,46,,,0,flight,0,0,0.0,1,1,256.8,sharp,0.0,,clean_no_occluder,0
S2_PAIR_clean_f003465.jpg,S2_PAIR_clean,S2_futsal_paircleanH_20260808_085018,S2_PAIR_clean,3465,164.769,320,300,-116,1,-4,46,,,0,flight,0,0,0.0,1,1,260.7,sharp,0.0,,clean_no_occluder,0
S2_PAIR_clean_f003472.jpg,S2_PAIR_clean,S2_futsal_paircleanH_20260808_085018,S2_PAIR_clean,3472,165.113,320,290,-116,1,-3,45,,,0,flight,0,0,0.0,1,1,264.6,sharp,0.0,,clean_no_occluder,0
S2_PAIR_clean_f003479.jpg,S2_PAIR_clean,S2_futsal_paircleanH_20260808_085018,S2_PAIR_clean,3479,165.431,318,290,-115,1,-3,45,,,0,flight,0,0,0.0,1,1,278.4,sharp,0.0,,clean_no_occluder,0
S2_PAIR_clean_f003486.jpg,S2_PAIR_clean,S2_futsal_paircleanH_20260808_085018,S2_PAIR_clean,3486,165.693,315,290,-115,2,-3,45,,,0,flight,0,0,0.0,1,1,263.6,sharp,0.0,,clean_no_occluder,0
S2_PAIR_clean_f003493.jpg,S2_PAIR_clean,S2_futsal_paircleanH_20260808_085018,S2_PAIR_clean,3493,165.999,318,290,-115,1,-4,45,,,0,flight,0,0,0.0,1,1,273.6,sharp,0.0,,clean_no_occluder,0
S2_PAIR_clean_f003500.jpg,S2_PAIR_clean,S2_futsal_paircleanH_20260808_085018,S2_PAIR_clean,3500,166.283,319,290,-115,2,-3,45,,,0,flight,0,0,0.0,1,1,284.9,sharp,0.0,,clean_no_occluder,0
S2_PAIR_clean_f003507.jpg,S2_PAIR_clean,S2_futsal_paircleanH_20260808_085018,S2_PAIR_clean,3507,166.511,321,290,-116,2,-4,45,,,0,flight,0,0,0.0,1,1,285.8,sharp,0.0,,clean_no_occluder,0
S2_PAIR_clean_f003514.jpg,S2_PAIR_clean,S2_futsal_paircleanH_20260808_085018,S2_PAIR_clean,3514,166.712,313,290,-116,1,-4,45,,,0,flight,0,0,0.0,1,1,270.6,sharp,0.0,,clean_no_occluder,0
S2_PAIR_clean_f003521.jpg,S2_PAIR_clean,S2_futsal_paircleanH_20260808_085018,S2_PAIR_clean,3521,167.016,316,290,-116,1,-3,45,,,0,flight,0,0,0.0,1,1,268.5,sharp,0.0,,clean_no_occluder,0
S2_PAIR_clean_f003528.jpg,S2_PAIR_clean,S2_futsal_paircleanH_20260808_085018,S2_PAIR_clean,3528,167.262,319,290,-116,0,-4,45,,,0,flight,0,0,0.0,1,1,276.1,sharp,0.0,,clean_no_occluder,0
S2_PAIR_clean_f003535.jpg,S2_PAIR_clean,S2_futsal_paircleanH_20260808_085018,S2_PAIR_clean,3535,167.485,314,290,-116,0,-4,45,,,0,flight,0,0,0.0,1,1,281.5,sharp,0.0,,clean_no_occluder,0
S2_PAIR_clean_f003542.jpg,S2_PAIR_clean,S2_futsal_paircleanH_20260808_085018,S2_PAIR_clean,3542,167.800,313,290,-116,0,-4,45,,,0,flight,0,0,0.0,1,1,262.3,sharp,0.0,,clean_no_occluder,0
S2_PAIR_clean_f003549.jpg,S2_PAIR_clean,S2_futsal_paircleanH_20260808_085018,S2_PAIR_clean,3549,168.027,312,290,-116,0,-4,45,,,0,flight,0,0,0.0,1,1,264.4,sharp,0.0,,clean_no_occluder,0
S2_PAIR_clean_f003556.jpg,S2_PAIR_clean,S2_futsal_paircleanH_20260808_085018,S2_PAIR_clean,3556,168.348,315,290,-116,0,-3,45,,,0,flight,0,0,0.0,1,1,302.2,sharp,0.0,,clean_no_occluder,0
S2_PAIR_clean_f003563.jpg,S2_PAIR_clean,S2_futsal_paircleanH_20260808_085018,S2_PAIR_clean,3563,168.650,320,290,-116,0,-3,45,,,0,flight,0,0,0.0,1,1,252.4,sharp,0.0,,clean_no_occluder,0
S2_PAIR_clean_f003570.jpg,S2_PAIR_clean,S2_futsal_paircleanH_20260808_085018,S2_PAIR_clean,3570,168.929,319,290,-116,1,-3,45,,,0,flight,0,0,0.0,1,1,267.7,sharp,0.0,,clean_no_occluder,0
S2_PAIR_clean_f003577.jpg,S2_PAIR_clean,S2_futsal_paircleanH_20260808_085018,S2_PAIR_clean,3577,169.248,317,290,-116,1,-3,45,,,0,flight,0,0,0.0,1,1,277.4,sharp,0.0,,clean_no_occluder,0
S2_PAIR_clean_f003584.jpg,S2_PAIR_clean,S2_futsal_paircleanH_20260808_085018,S2_PAIR_clean,3584,169.487,326,300,-116,1,-3,45,,,0,flight,0,0,0.0,1,1,268.4,sharp,0.0,,clean_no_occluder,0
S2_PAIR_clean_f003591.jpg,S2_PAIR_clean,S2_futsal_paircleanH_20260808_085018,S2_PAIR_clean,3591,169.779,325,300,-116,1,-3,45,,,0,flight,0,0,0.0,1,1,257.7,sharp,0.0,,clean_no_occluder,0
S2_PAIR_clean_f003598.jpg,S2_PAIR_clean,S2_futsal_paircleanH_20260808_085018,S2_PAIR_clean,3598,170.050,313,300,-116,2,-2,45,,,0,flight,0,0,0.0,1,1,275.2,sharp,0.0,,clean_no_occluder,0
S2_PAIR_clean_f003605.jpg,S2_PAIR_clean,S2_futsal_paircleanH_20260808_085018,S2_PAIR_clean,3605,170.319,315,290,-116,2,-3,45,,,0,flight,0,0,0.0,1,1,273.2,sharp,0.0,,clean_no_occluder,0
S2_PAIR_clean_f003612.jpg,S2_PAIR_clean,S2_futsal_paircleanH_20260808_085018,S2_PAIR_clean,3612,170.629,314,290,-116,2,-2,45,,,0,flight,0,0,0.0,1,1,255.2,sharp,0.0,,clean_no_occluder,0
S2_PAIR_clean_f003619.jpg,S2_PAIR_clean,S2_futsal_paircleanH_20260808_085018,S2_PAIR_clean,3619,170.912,314,290,-116,2,-3,45,,,0,flight,0,0,0.0,1,1,270.0,sharp,0.0,,clean_no_occluder,0
S2_PAIR_clean_f003626.jpg,S2_PAIR_clean,S2_futsal_paircleanH_20260808_085018,S2_PAIR_clean,3626,171.131,322,290,-116,2,-3,45,,,0,flight,0,0,0.0,1,1,277.7,sharp,0.0,,clean_no_occluder,0
S2_PAIR_clean_f003633.jpg,S2_PAIR_clean,S2_futsal_paircleanH_20260808_085018,S2_PAIR_clean,3633,171.536,319,290,-116,2,-3,45,,,0,flight,0,0,0.0,1,1,281.0,sharp,0.0,,clean_no_occluder,0
S2_PAIR_clean_f003640.jpg,S2_PAIR_clean,S2_futsal_paircleanH_20260808_085018,S2_PAIR_clean,3640,171.727,320,290,-116,2,-1,45,,,0,flight,0,0,0.0,1,1,243.2,sharp,0.0,,clean_no_occluder,0
S2_PAIR_clean_f003647.jpg,S2_PAIR_clean,S2_futsal_paircleanH_20260808_085018,S2_PAIR_clean,3647,172.010,321,290,-115,2,1,45,,,0,flight,0,0,0.0,1,1,270.2,sharp,0.0,,clean_no_occluder,0
S2_PAIR_clean_f003654.jpg,S2_PAIR_clean,S2_futsal_paircleanH_20260808_085018,S2_PAIR_clean,3654,172.268,320,290,-116,2,1,45,,,0,flight,0,0,0.0,1,1,283.6,sharp,0.0,,clean_no_occluder,0
S2_PAIR_clean_f003661.jpg,S2_PAIR_clean,S2_futsal_paircleanH_20260808_085018,S2_PAIR_clean,3661,172.555,317,290,-116,2,0,45,,,0,flight,0,0,0.0,1,1,282.1,sharp,0.0,,clean_no_occluder,0
S2_PAIR_clean_f003668.jpg,S2_PAIR_clean,S2_futsal_paircleanH_20260808_085018,S2_PAIR_clean,3668,172.819,316,290,-114,1,0,45,,,0,flight,0,0,0.0,1,1,236.6,sharp,0.0,,clean_no_occluder,0
S2_PAIR_clean_f003675.jpg,S2_PAIR_clean,S2_futsal_paircleanH_20260808_085018,S2_PAIR_clean,3675,173.102,316,290,-107,2,0,45,,,0,flight,0,0,0.0,1,1,231.0,sharp,0.0,,clean_no_occluder,0
S2_PAIR_clean_f003682.jpg,S2_PAIR_clean,S2_futsal_paircleanH_20260808_085018,S2_PAIR_clean,3682,173.482,315,290,-100,0,2,45,,,0,flight,0,0,0.0,1,1,207.7,sharp,0.0,,clean_no_occluder,0
S2_PAIR_clean_f003689.jpg,S2_PAIR_clean,S2_futsal_paircleanH_20260808_085018,S2_PAIR_clean,3689,173.794,312,290,-96,1,0,45,,,0,flight,0,0,0.0,1,1,250.6,sharp,0.0,,clean_no_occluder,0
S2_PAIR_clean_f003696.jpg,S2_PAIR_clean,S2_futsal_paircleanH_20260808_085018,S2_PAIR_clean,3696,174.095,316,290,-96,1,0,44,,,0,flight,0,0,0.0,1,1,245.3,sharp,0.0,,clean_no_occluder,0
S2_PAIR_clean_f003703.jpg,S2_PAIR_clean,S2_futsal_paircleanH_20260808_085018,S2_PAIR_clean,3703,174.398,314,290,-96,2,-1,44,,,0,flight,0,0,0.0,1,1,258.6,sharp,0.0,,clean_no_occluder,0
S2_PAIR_clean_f003710.jpg,S2_PAIR_clean,S2_futsal_paircleanH_20260808_085018,S2_PAIR_clean,3710,174.619,325,290,-96,2,-6,44,,,0,flight,0,0,0.0,1,1,265.9,sharp,0.0,,clean_no_occluder,0
S2_PAIR_clean_f003717.jpg,S2_PAIR_clean,S2_futsal_paircleanH_20260808_085018,S2_PAIR_clean,3717,174.897,324,290,-96,1,-5,44,,,0,flight,0,0,0.0,1,1,252.9,sharp,0.0,,clean_no_occluder,0
S2_PAIR_clean_f003724.jpg,S2_PAIR_clean,S2_futsal_paircleanH_20260808_085018,S2_PAIR_clean,3724,175.204,318,290,-96,1,-4,44,,,0,flight,0,0,0.0,1,1,248.4,sharp,0.0,,clean_no_occluder,0
S2_PAIR_clean_f003731.jpg,S2_PAIR_clean,S2_futsal_paircleanH_20260808_085018,S2_PAIR_clean,3731,175.422,315,290,-96,1,-3,44,,,0,flight,0,0,0.0,1,1,259.1,sharp,0.0,,clean_no_occluder,0
S2_PAIR_clean_f003738.jpg,S2_PAIR_clean,S2_futsal_paircleanH_20260808_085018,S2_PAIR_clean,3738,175.653,312,290,-96,1,-2,44,,,0,flight,0,0,0.0,1,1,257.3,sharp,0.0,,clean_no_occluder,0
S2_PAIR_clean_f003745.jpg,S2_PAIR_clean,S2_futsal_paircleanH_20260808_085018,S2_PAIR_clean,3745,176.034,319,290,-96,1,-2,44,,,0,flight,0,0,0.0,1,1,254.1,sharp,0.0,,clean_no_occluder,0
S2_PAIR_clean_f003752.jpg,S2_PAIR_clean,S2_futsal_paircleanH_20260808_085018,S2_PAIR_clean,3752,176.229,319,290,-96,1,-2,44,,,0,flight,0,0,0.0,1,1,257.0,sharp,0.0,,clean_no_occluder,0
S2_PAIR_clean_f003759.jpg,S2_PAIR_clean,S2_futsal_paircleanH_20260808_085018,S2_PAIR_clean,3759,176.542,322,290,-96,1,-2,44,,,0,flight,0,0,0.0,1,1,259.4,sharp,0.0,,clean_no_occluder,0
S2_PAIR_clean_f003766.jpg,S2_PAIR_clean,S2_futsal_paircleanH_20260808_085018,S2_PAIR_clean,3766,176.782,324,290,-96,1,-2,44,,,0,flight,0,0,0.0,1,1,250.9,sharp,0.0,,clean_no_occluder,0
S2_PAIR_clean_f003773.jpg,S2_PAIR_clean,S2_futsal_paircleanH_20260808_085018,S2_PAIR_clean,3773,177.034,329,300,-96,1,-2,44,,,0,flight,0,0,0.0,1,1,246.0,sharp,0.0,,clean_no_occluder,0
S2_PAIR_clean_f003780.jpg,S2_PAIR_clean,S2_futsal_paircleanH_20260808_085018,S2_PAIR_clean,3780,177.254,330,300,-96,1,-2,44,,,0,flight,0,0,0.0,1,1,256.3,sharp,0.0,,clean_no_occluder,0
S2_PAIR_clean_f003787.jpg,S2_PAIR_clean,S2_futsal_paircleanH_20260808_085018,S2_PAIR_clean,3787,177.497,323,300,-96,0,-2,44,,,0,flight,0,0,0.0,1,1,254.5,sharp,0.0,,clean_no_occluder,0
S2_PAIR_clean_f003794.jpg,S2_PAIR_clean,S2_futsal_paircleanH_20260808_085018,S2_PAIR_clean,3794,177.750,330,300,-96,0,-1,44,,,0,flight,0,0,0.0,1,1,246.5,sharp,0.0,,clean_no_occluder,0
S2_PAIR_clean_f003801.jpg,S2_PAIR_clean,S2_futsal_paircleanH_20260808_085018,S2_PAIR_clean,3801,178.025,325,300,-96,1,-2,44,,,0,flight,0,0,0.0,1,1,238.2,sharp,0.0,,clean_no_occluder,0
S2_PAIR_clean_f003808.jpg,S2_PAIR_clean,S2_futsal_paircleanH_20260808_085018,S2_PAIR_clean,3808,178.230,310,290,-96,1,-2,44,,,0,flight,0,0,0.0,1,1,235.2,sharp,0.0,,clean_no_occluder,0
S2_PAIR_clean_f003815.jpg,S2_PAIR_clean,S2_futsal_paircleanH_20260808_085018,S2_PAIR_clean,3815,178.448,310,290,-96,1,1,44,,,0,flight,0,0,0.0,1,1,239.4,sharp,0.0,,clean_no_occluder,0
S2_PAIR_clean_f003822.jpg,S2_PAIR_clean,S2_futsal_paircleanH_20260808_085018,S2_PAIR_clean,3822,178.730,304,290,-96,1,2,44,,,0,flight,0,0,0.0,1,1,236.2,sharp,0.0,,clean_no_occluder,0
S2_PAIR_clean_f003829.jpg,S2_PAIR_clean,S2_futsal_paircleanH_20260808_085018,S2_PAIR_clean,3829,179.032,301,280,-92,1,1,44,,,0,flight,0,0,0.0,1,1,228.8,sharp,0.0,,clean_no_occluder,0
S2_PAIR_clean_f003836.jpg,S2_PAIR_clean,S2_futsal_paircleanH_20260808_085018,S2_PAIR_clean,3836,179.353,301,280,-83,1,1,44,,,0,flight,0,0,0.0,1,1,246.3,sharp,0.0,,clean_no_occluder,0
S2_PAIR_clean_f003843.jpg,S2_PAIR_clean,S2_futsal_paircleanH_20260808_085018,S2_PAIR_clean,3843,179.660,306,280,-76,0,0,44,,,0,flight,0,0,0.0,1,1,224.1,sharp,0.0,,clean_no_occluder,0
S2_PAIR_clean_f003850.jpg,S2_PAIR_clean,S2_futsal_paircleanH_20260808_085018,S2_PAIR_clean,3850,179.982,311,280,-74,0,2,44,,,0,flight,0,0,0.0,1,1,228.8,sharp,0.0,,clean_no_occluder,0
S2_PAIR_clean_f003857.jpg,S2_PAIR_clean,S2_futsal_paircleanH_20260808_085018,S2_PAIR_clean,3857,180.234,315,290,-74,1,0,44,,,0,flight,0,0,0.0,1,1,239.8,sharp,0.0,,clean_no_occluder,0
S2_PAIR_clean_f003864.jpg,S2_PAIR_clean,S2_futsal_paircleanH_20260808_085018,S2_PAIR_clean,3864,180.551,317,290,-74,2,-3,44,,,0,flight,0,0,0.0,1,1,231.0,sharp,0.0,,clean_no_occluder,0
S2_PAIR_clean_f003871.jpg,S2_PAIR_clean,S2_futsal_paircleanH_20260808_085018,S2_PAIR_clean,3871,180.799,318,290,-74,2,-6,44,,,0,flight,0,0,0.0,1,1,229.4,sharp,0.0,,clean_no_occluder,0
S2_PAIR_clean_f003878.jpg,S2_PAIR_clean,S2_futsal_paircleanH_20260808_085018,S2_PAIR_clean,3878,181.063,316,290,-74,1,-5,44,,,0,flight,0,0,0.0,1,1,210.9,sharp,0.0,,clean_no_occluder,0
S2_PAIR_clean_f003885.jpg,S2_PAIR_clean,S2_futsal_paircleanH_20260808_085018,S2_PAIR_clean,3885,181.366,311,290,-74,1,-3,43,,,0,flight,0,0,0.0,1,1,260.3,sharp,0.0,,clean_no_occluder,0
S2_PAIR_clean_f003892.jpg,S2_PAIR_clean,S2_futsal_paircleanH_20260808_085018,S2_PAIR_clean,3892,181.664,313,290,-74,1,-2,43,,,0,flight,0,0,0.0,1,1,243.2,sharp,0.0,,clean_no_occluder,0
S2_PAIR_clean_f003899.jpg,S2_PAIR_clean,S2_futsal_paircleanH_20260808_085018,S2_PAIR_clean,3899,181.897,309,290,-74,1,-2,43,,,0,flight,0,0,0.0,1,1,237.5,sharp,0.0,,clean_no_occluder,0
S2_PAIR_clean_f003906.jpg,S2_PAIR_clean,S2_futsal_paircleanH_20260808_085018,S2_PAIR_clean,3906,182.167,311,290,-74,2,-1,43,,,0,flight,0,0,0.0,1,1,244.7,sharp,0.0,,clean_no_occluder,0
S2_PAIR_clean_f003913.jpg,S2_PAIR_clean,S2_futsal_paircleanH_20260808_085018,S2_PAIR_clean,3913,182.496,311,290,-74,1,-2,43,,,0,flight,0,0,0.0,1,1,221.2,sharp,0.0,,clean_no_occluder,0
S2_PAIR_clean_f003920.jpg,S2_PAIR_clean,S2_futsal_paircleanH_20260808_085018,S2_PAIR_clean,3920,182.702,314,290,-74,1,-1,43,,,0,flight,0,0,0.0,1,1,222.3,sharp,0.0,,clean_no_occluder,0
S2_PAIR_clean_f003927.jpg,S2_PAIR_clean,S2_futsal_paircleanH_20260808_085018,S2_PAIR_clean,3927,182.969,318,290,-74,2,-1,43,,,0,flight,0,0,0.0,1,1,228.9,sharp,0.0,,clean_no_occluder,0
S2_PAIR_clean_f003934.jpg,S2_PAIR_clean,S2_futsal_paircleanH_20260808_085018,S2_PAIR_clean,3934,183.215,318,290,-74,1,-1,43,,,0,flight,0,0,0.0,1,1,224.6,sharp,0.0,,clean_no_occluder,0
S2_PAIR_clean_f003941.jpg,S2_PAIR_clean,S2_futsal_paircleanH_20260808_085018,S2_PAIR_clean,3941,183.545,318,290,-74,2,-2,43,,,0,flight,0,0,0.0,1,1,234.2,sharp,0.0,,clean_no_occluder,0
S2_PAIR_clean_f003948.jpg,S2_PAIR_clean,S2_futsal_paircleanH_20260808_085018,S2_PAIR_clean,3948,183.833,321,290,-74,1,-2,43,,,0,flight,0,0,0.0,1,1,231.7,sharp,0.0,,clean_no_occluder,0
S2_PAIR_clean_f003955.jpg,S2_PAIR_clean,S2_futsal_paircleanH_20260808_085018,S2_PAIR_clean,3955,184.116,320,290,-74,1,2,42,,,0,flight,0,0,0.0,1,1,242.5,sharp,0.0,,clean_no_occluder,0
S2_PAIR_clean_f003962.jpg,S2_PAIR_clean,S2_futsal_paircleanH_20260808_085018,S2_PAIR_clean,3962,184.413,318,290,-70,1,2,42,,,0,flight,0,0,0.0,1,1,221.4,sharp,0.0,,clean_no_occluder,0
S2_PAIR_clean_f003969.jpg,S2_PAIR_clean,S2_futsal_paircleanH_20260808_085018,S2_PAIR_clean,3969,184.702,321,290,-65,1,2,42,,,0,flight,0,0,0.0,1,1,214.0,sharp,0.0,,clean_no_occluder,0
S2_PAIR_clean_f003976.jpg,S2_PAIR_clean,S2_futsal_paircleanH_20260808_085018,S2_PAIR_clean,3976,184.975,323,290,-54,1,1,42,,,0,flight,0,0,0.0,1,1,205.7,sharp,0.0,,clean_no_occluder,0
S2_PAIR_clean_f003983.jpg,S2_PAIR_clean,S2_futsal_paircleanH_20260808_085018,S2_PAIR_clean,3983,185.214,316,290,-50,1,1,42,,,0,flight,0,0,0.0,1,1,199.2,sharp,0.0,,clean_no_occluder,0
S2_PAIR_clean_f003990.jpg,S2_PAIR_clean,S2_futsal_paircleanH_20260808_085018,S2_PAIR_clean,3990,185.480,318,290,-49,0,3,42,,,0,flight,0,0,0.0,1,1,190.4,sharp,0.0,,clean_no_occluder,0
S2_PAIR_clean_f003997.jpg,S2_PAIR_clean,S2_futsal_paircleanH_20260808_085018,S2_PAIR_clean,3997,185.762,313,290,-49,1,0,42,,,0,flight,0,0,0.0,1,1,187.8,sharp,0.0,,clean_no_occluder,0
S2_PAIR_clean_f004004.jpg,S2_PAIR_clean,S2_futsal_paircleanH_20260808_085018,S2_PAIR_clean,4004,186.006,321,290,-49,1,-5,42,,,0,flight,0,0,0.0,1,1,177.7,soft_moderate,0.0,,clean_no_occluder,0
S2_PAIR_clean_f004011.jpg,S2_PAIR_clean,S2_futsal_paircleanH_20260808_085018,S2_PAIR_clean,4011,186.266,316,290,-49,1,-5,42,,,0,flight,0,0,0.0,1,1,168.7,soft_moderate,0.0,,clean_no_occluder,0
S2_PAIR_clean_f004018.jpg,S2_PAIR_clean,S2_futsal_paircleanH_20260808_085018,S2_PAIR_clean,4018,186.778,315,290,-50,1,-3,42,,,0,flight,0,0,0.0,1,1,168.5,soft_moderate,0.0,,clean_no_occluder,0
S2_PAIR_clean_f004025.jpg,S2_PAIR_clean,S2_futsal_paircleanH_20260808_085018,S2_PAIR_clean,4025,186.935,318,290,-50,1,-2,42,,,0,flight,0,0,0.0,1,1,177.9,soft_moderate,0.0,,clean_no_occluder,0
S2_PAIR_clean_f004032.jpg,S2_PAIR_clean,S2_futsal_paircleanH_20260808_085018,S2_PAIR_clean,4032,187.179,318,290,-50,1,-1,42,,,0,flight,0,0,0.0,1,1,188.1,sharp,0.0,,clean_no_occluder,0
S2_PAIR_clean_f004039.jpg,S2_PAIR_clean,S2_futsal_paircleanH_20260808_085018,S2_PAIR_clean,4039,187.466,316,290,-50,2,-2,42,,,0,flight,0,0,0.0,1,1,183.3,sharp,0.0,,clean_no_occluder,0
S2_PAIR_clean_f004046.jpg,S2_PAIR_clean,S2_futsal_paircleanH_20260808_085018,S2_PAIR_clean,4046,187.702,311,290,-50,1,-1,42,,,0,flight,0,0,0.0,1,1,174.7,soft_moderate,0.0,,clean_no_occluder,0
S2_PAIR_clean_f004053.jpg,S2_PAIR_clean,S2_futsal_paircleanH_20260808_085018,S2_PAIR_clean,4053,187.936,314,290,-50,1,-1,42,,,0,flight,0,0,0.0,1,1,173.6,soft_moderate,0.0,,clean_no_occluder,0
S2_PAIR_clean_f004060.jpg,S2_PAIR_clean,S2_futsal_paircleanH_20260808_085018,S2_PAIR_clean,4060,188.181,321,290,-50,1,-1,42,,,0,flight,0,0,0.0,1,1,179.1,soft_moderate,0.0,,clean_no_occluder,0
S2_PAIR_clean_f004067.jpg,S2_PAIR_clean,S2_futsal_paircleanH_20260808_085018,S2_PAIR_clean,4067,188.494,323,290,-50,1,2,42,,,0,flight,0,0,0.0,1,1,176.1,soft_moderate,0.0,,clean_no_occluder,0
S2_PAIR_clean_f004074.jpg,S2_PAIR_clean,S2_futsal_paircleanH_20260808_085018,S2_PAIR_clean,4074,188.810,321,290,-49,1,2,42,,,0,flight,0,0,0.0,1,1,171.8,soft_moderate,0.0,,clean_no_occluder,0
S2_PAIR_clean_f004081.jpg,S2_PAIR_clean,S2_futsal_paircleanH_20260808_085018,S2_PAIR_clean,4081,189.101,318,290,-45,1,2,42,,,0,flight,0,0,0.0,1,1,171.9,soft_moderate,0.0,,clean_no_occluder,0
S2_PAIR_clean_f004088.jpg,S2_PAIR_clean,S2_futsal_paircleanH_20260808_085018,S2_PAIR_clean,4088,189.416,314,290,-37,1,2,42,,,0,flight,0,0,0.0,1,1,188.2,sharp,0.0,,clean_no_occluder,0
S2_PAIR_clean_f004095.jpg,S2_PAIR_clean,S2_futsal_paircleanH_20260808_085018,S2_PAIR_clean,4095,189.693,317,290,-29,0,1,42,,,0,flight,0,0,0.0,1,1,175.0,soft_moderate,0.0,,clean_no_occluder,0
S2_PAIR_clean_f004102.jpg,S2_PAIR_clean,S2_futsal_paircleanH_20260808_085018,S2_PAIR_clean,4102,189.926,311,290,-29,0,4,42,,,0,flight,0,0,0.0,1,1,171.3,soft_moderate,0.0,,clean_no_occluder,0
S2_PAIR_clean_f004109.jpg,S2_PAIR_clean,S2_futsal_paircleanH_20260808_085018,S2_PAIR_clean,4109,190.202,317,290,-29,1,2,41,,,0,flight,0,0,0.0,1,1,178.7,soft_moderate,0.0,,clean_no_occluder,0
S2_PAIR_clean_f004116.jpg,S2_PAIR_clean,S2_futsal_paircleanH_20260808_085018,S2_PAIR_clean,4116,190.433,313,290,-29,2,-1,41,,,0,flight,0,0,0.0,1,1,176.2,soft_moderate,0.0,,clean_no_occluder,0
S2_PAIR_clean_f004123.jpg,S2_PAIR_clean,S2_futsal_paircleanH_20260808_085018,S2_PAIR_clean,4123,190.786,309,290,-29,1,-4,41,,,0,flight,0,0,0.0,1,1,168.9,soft_moderate,0.0,,clean_no_occluder,0
S2_PAIR_clean_f004130.jpg,S2_PAIR_clean,S2_futsal_paircleanH_20260808_085018,S2_PAIR_clean,4130,190.974,322,290,-29,1,-5,41,,,0,flight,0,0,0.0,1,1,159.5,soft_heavy,0.0,,clean_no_occluder,0
S2_PAIR_clean_f004137.jpg,S2_PAIR_clean,S2_futsal_paircleanH_20260808_085018,S2_PAIR_clean,4137,191.518,318,290,-29,1,-3,41,,,0,flight,0,0,0.0,1,1,167.9,soft_moderate,0.0,,clean_no_occluder,0
S2_PAIR_clean_f004144.jpg,S2_PAIR_clean,S2_futsal_paircleanH_20260808_085018,S2_PAIR_clean,4144,192.422,314,290,-29,0,-1,41,,,0,flight,0,0,0.0,1,1,175.3,soft_moderate,0.0,,clean_no_occluder,0
S2_PAIR_clean_f004151.jpg,S2_PAIR_clean,S2_futsal_paircleanH_20260808_085018,S2_PAIR_clean,4151,192.822,312,290,-29,0,-1,41,,,0,flight,0,0,0.0,1,1,172.2,soft_moderate,0.0,,clean_no_occluder,0
S2_PAIR_clean_f004158.jpg,S2_PAIR_clean,S2_futsal_paircleanH_20260808_085018,S2_PAIR_clean,4158,193.418,310,290,-29,0,-1,41,,,0,flight,0,0,0.0,1,1,197.7,sharp,0.0,,clean_no_occluder,0
S2_PAIR_clean_f004165.jpg,S2_PAIR_clean,S2_futsal_paircleanH_20260808_085018,S2_PAIR_clean,4165,194.167,312,290,-29,0,2,41,,,0,flight,0,0,0.0,1,1,244.3,sharp,0.0,,clean_no_occluder,0
S2_PAIR_clean_f004186.jpg,S2_PAIR_clean,S2_futsal_paircleanH_20260808_085018,S2_PAIR_clean,4186,196.284,324,290,-30,0,1,40,,,0,flight,0,0,0.0,1,1,198.0,sharp,0.0,,clean_no_occluder,0
S2_PAIR_clean_f004193.jpg,S2_PAIR_clean,S2_futsal_paircleanH_20260808_085018,S2_PAIR_clean,4193,196.594,327,290,-30,0,2,40,,,0,flight,0,0,0.0,1,1,206.5,sharp,0.0,,clean_no_occluder,0
S2_PAIR_clean_f004200.jpg,S2_PAIR_clean,S2_futsal_paircleanH_20260808_085018,S2_PAIR_clean,4200,196.867,327,300,-29,0,0,40,,,0,flight,0,0,0.0,1,1,219.9,sharp,0.0,,clean_no_occluder,0
S2_PAIR_clean_f004207.jpg,S2_PAIR_clean,S2_futsal_paircleanH_20260808_085018,S2_PAIR_clean,4207,197.133,320,300,-29,0,-2,40,,,0,flight,0,0,0.0,1,1,201.0,sharp,0.0,,clean_no_occluder,0
S2_PAIR_clean_f004214.jpg,S2_PAIR_clean,S2_futsal_paircleanH_20260808_085018,S2_PAIR_clean,4214,197.446,317,290,-29,0,-5,40,,,0,flight,0,0,0.0,1,1,176.5,soft_moderate,0.0,,clean_no_occluder,0
S2_PAIR_clean_f004221.jpg,S2_PAIR_clean,S2_futsal_paircleanH_20260808_085018,S2_PAIR_clean,4221,197.734,318,290,-29,0,-4,40,,,0,flight,0,0,0.0,1,1,162.0,soft_heavy,0.0,,clean_no_occluder,0
S2_PAIR_clean_f004228.jpg,S2_PAIR_clean,S2_futsal_paircleanH_20260808_085018,S2_PAIR_clean,4228,197.968,325,290,-30,0,-3,40,,,0,flight,0,0,0.0,1,1,164.8,soft_heavy,0.0,,clean_no_occluder,0
S2_PAIR_clean_f004235.jpg,S2_PAIR_clean,S2_futsal_paircleanH_20260808_085018,S2_PAIR_clean,4235,198.248,319,290,-30,0,0,40,,,0,flight,0,0,0.0,1,1,167.1,soft_moderate,0.0,,clean_no_occluder,0
S2_PAIR_clean_f004242.jpg,S2_PAIR_clean,S2_futsal_paircleanH_20260808_085018,S2_PAIR_clean,4242,198.516,321,290,-30,0,3,40,,,0,flight,0,0,0.0,1,1,168.5,soft_moderate,0.0,,clean_no_occluder,0
S2_PAIR_clean_f004249.jpg,S2_PAIR_clean,S2_futsal_paircleanH_20260808_085018,S2_PAIR_clean,4249,198.815,320,290,-29,0,-1,40,,,0,flight,0,0,0.0,1,1,174.6,soft_moderate,0.0,,clean_no_occluder,0
S2_PAIR_clean_f004256.jpg,S2_PAIR_clean,S2_futsal_paircleanH_20260808_085018,S2_PAIR_clean,4256,199.095,318,290,-29,0,2,40,,,0,flight,0,0,0.0,1,1,175.4,soft_moderate,0.0,,clean_no_occluder,0
S2_PAIR_clean_f004263.jpg,S2_PAIR_clean,S2_futsal_paircleanH_20260808_085018,S2_PAIR_clean,4263,200.299,322,290,-29,-5,0,40,,,0,flight,0,0,0.0,1,1,176.2,soft_moderate,0.0,,clean_no_occluder,0
S2_PAIR_clean_f004270.jpg,S2_PAIR_clean,S2_futsal_paircleanH_20260808_085018,S2_PAIR_clean,4270,200.582,322,290,-29,-4,0,40,,,0,flight,0,0,0.0,1,1,164.6,soft_heavy,0.0,,clean_no_occluder,0
S2_PAIR_clean_f004277.jpg,S2_PAIR_clean,S2_futsal_paircleanH_20260808_085018,S2_PAIR_clean,4277,200.856,309,290,-29,-3,0,40,,,0,flight,0,0,0.0,1,1,181.2,soft_moderate,0.0,,clean_no_occluder,0
S2_PAIR_clean_f004284.jpg,S2_PAIR_clean,S2_futsal_paircleanH_20260808_085018,S2_PAIR_clean,4284,201.116,297,290,-29,-3,0,40,,,0,flight,0,0,0.0,1,1,192.4,sharp,0.0,,clean_no_occluder,0
S2_PAIR_clean_f004291.jpg,S2_PAIR_clean,S2_futsal_paircleanH_20260808_085018,S2_PAIR_clean,4291,201.320,310,280,-29,-2,0,40,,,0,flight,0,0,0.0,1,1,200.1,sharp,0.0,,clean_no_occluder,0
S2_PAIR_clean_f004298.jpg,S2_PAIR_clean,S2_futsal_paircleanH_20260808_085018,S2_PAIR_clean,4298,201.567,313,280,-29,-2,0,40,,,0,flight,0,0,0.0,1,1,199.7,sharp,0.0,,clean_no_occluder,0
S2_PAIR_clean_f004305.jpg,S2_PAIR_clean,S2_futsal_paircleanH_20260808_085018,S2_PAIR_clean,4305,201.869,318,290,-29,-2,0,40,,,0,flight,0,0,0.0,1,1,197.2,sharp,0.0,,clean_no_occluder,0
S2_PAIR_clean_f004312.jpg,S2_PAIR_clean,S2_futsal_paircleanH_20260808_085018,S2_PAIR_clean,4312,202.095,320,290,-29,1,0,40,,,0,flight,0,0,0.0,1,1,197.9,sharp,0.0,,clean_no_occluder,0
S2_PAIR_clean_f004319.jpg,S2_PAIR_clean,S2_futsal_paircleanH_20260808_085018,S2_PAIR_clean,4319,202.401,321,300,-29,-1,0,40,,,0,flight,0,0,0.0,1,1,185.8,sharp,0.0,,clean_no_occluder,0
S2_PAIR_clean_f004326.jpg,S2_PAIR_clean,S2_futsal_paircleanH_20260808_085018,S2_PAIR_clean,4326,202.617,325,300,-29,-3,0,40,,,0,flight,0,0,0.0,1,1,174.0,soft_moderate,0.0,,clean_no_occluder,0
S2_PAIR_clean_f004333.jpg,S2_PAIR_clean,S2_futsal_paircleanH_20260808_085018,S2_PAIR_clean,4333,202.934,321,300,-29,-1,0,40,,,0,flight,0,0,0.0,1,1,174.1,soft_moderate,0.0,,clean_no_occluder,0
S2_PAIR_clean_f004340.jpg,S2_PAIR_clean,S2_futsal_paircleanH_20260808_085018,S2_PAIR_clean,4340,203.201,321,300,-29,1,0,39,,,0,flight,0,0,0.0,1,1,199.8,sharp,0.0,,clean_no_occluder,0
S2_PAIR_clean_f004347.jpg,S2_PAIR_clean,S2_futsal_paircleanH_20260808_085018,S2_PAIR_clean,4347,203.451,318,290,-29,2,0,39,,,0,flight,0,0,0.0,1,1,196.2,sharp,0.0,,clean_no_occluder,0
S2_PAIR_clean_f004354.jpg,S2_PAIR_clean,S2_futsal_paircleanH_20260808_085018,S2_PAIR_clean,4354,203.733,313,290,-29,1,0,39,,,0,flight,0,0,0.0,1,1,172.4,soft_moderate,0.0,,clean_no_occluder,0
S2_PAIR_clean_f004361.jpg,S2_PAIR_clean,S2_futsal_paircleanH_20260808_085018,S2_PAIR_clean,4361,203.980,313,290,-29,1,0,39,,,0,flight,0,0,0.0,1,1,183.2,sharp,0.0,,clean_no_occluder,0
S2_PAIR_clean_f004368.jpg,S2_PAIR_clean,S2_futsal_paircleanH_20260808_085018,S2_PAIR_clean,4368,204.277,309,290,-29,0,0,39,,,0,flight,0,0,0.0,1,1,185.1,sharp,0.0,,clean_no_occluder,0
S2_PAIR_clean_f004375.jpg,S2_PAIR_clean,S2_futsal_paircleanH_20260808_085018,S2_PAIR_clean,4375,204.502,308,290,-29,3,0,39,,,0,flight,0,0,0.0,1,1,159.1,soft_heavy,0.0,,clean_no_occluder,0
S2_PAIR_clean_f004382.jpg,S2_PAIR_clean,S2_futsal_paircleanH_20260808_085018,S2_PAIR_clean,4382,204.797,310,290,-29,-4,0,39,,,0,flight,0,0,0.0,1,1,141.7,soft_heavy,0.0,,clean_no_occluder,0
S2_PAIR_clean_f004389.jpg,S2_PAIR_clean,S2_futsal_paircleanH_20260808_085018,S2_PAIR_clean,4389,205.099,323,290,-29,-6,0,39,,,0,flight,0,0,0.0,1,1,151.1,soft_heavy,0.0,,clean_no_occluder,0
S2_PAIR_clean_f004396.jpg,S2_PAIR_clean,S2_futsal_paircleanH_20260808_085018,S2_PAIR_clean,4396,205.404,314,290,-29,0,0,39,,,0,flight,0,0,0.0,1,1,175.2,soft_moderate,0.0,,clean_no_occluder,0
S2_PAIR_clean_f004403.jpg,S2_PAIR_clean,S2_futsal_paircleanH_20260808_085018,S2_PAIR_clean,4403,205.666,313,290,-29,1,0,39,,,0,flight,0,0,0.0,1,1,182.3,sharp,0.0,,clean_no_occluder,0
S2_PAIR_clean_f004410.jpg,S2_PAIR_clean,S2_futsal_paircleanH_20260808_085018,S2_PAIR_clean,4410,205.913,313,290,-29,0,0,39,,,0,flight,0,0,0.0,1,1,176.0,soft_moderate,0.0,,clean_no_occluder,0
S2_PAIR_clean_f004417.jpg,S2_PAIR_clean,S2_futsal_paircleanH_20260808_085018,S2_PAIR_clean,4417,206.284,318,290,-29,-4,0,38,,,0,flight,0,0,0.0,1,1,156.3,soft_heavy,0.0,,clean_no_occluder,0
S2_PAIR_clean_f004424.jpg,S2_PAIR_clean,S2_futsal_paircleanH_20260808_085018,S2_PAIR_clean,4424,206.524,316,290,-29,-5,0,38,,,1,flight,0,0,0.0,1,1,153.6,soft_heavy,0.0,,clean_no_occluder,0
S2_PAIR_clean_f004431.jpg,S2_PAIR_clean,S2_futsal_paircleanH_20260808_085018,S2_PAIR_clean,4431,206.801,320,290,-29,-4,0,38,,,1,flight,0,0,0.0,1,1,166.2,soft_heavy,0.0,,clean_no_occluder,0
S2_PAIR_clean_f004438.jpg,S2_PAIR_clean,S2_futsal_paircleanH_20260808_085018,S2_PAIR_clean,4438,207.061,320,290,-29,0,0,38,,,1,flight,0,0,0.0,1,1,188.3,sharp,0.0,,clean_no_occluder,0
S2_PAIR_clean_f004445.jpg,S2_PAIR_clean,S2_futsal_paircleanH_20260808_085018,S2_PAIR_clean,4445,207.401,318,290,-29,1,0,38,,,1,flight,0,0,0.0,1,1,193.9,sharp,0.0,,clean_no_occluder,0
S2_PAIR_clean_f004452.jpg,S2_PAIR_clean,S2_futsal_paircleanH_20260808_085018,S2_PAIR_clean,4452,207.632,316,290,-29,1,0,38,,,1,flight,0,0,0.0,1,1,187.6,sharp,0.0,,clean_no_occluder,0
S2_PAIR_clean_f004459.jpg,S2_PAIR_clean,S2_futsal_paircleanH_20260808_085018,S2_PAIR_clean,4459,207.995,315,290,-29,-4,0,38,,,1,flight,0,0,0.0,1,1,155.7,soft_heavy,0.0,,clean_no_occluder,0
S2_PAIR_clean_f004473.jpg,S2_PAIR_clean,S2_futsal_paircleanH_20260808_085018,S2_PAIR_clean,4473,208.566,316,290,-30,0,0,38,,,1,flight,0,0,0.0,1,1,192.3,sharp,0.0,,clean_no_occluder,0
S2_PAIR_clean_f004480.jpg,S2_PAIR_clean,S2_futsal_paircleanH_20260808_085018,S2_PAIR_clean,4480,208.866,311,290,-30,0,0,38,,,1,flight,0,0,0.0,1,1,189.0,sharp,0.0,,clean_no_occluder,0
S2_PAIR_clean_f004487.jpg,S2_PAIR_clean,S2_futsal_paircleanH_20260808_085018,S2_PAIR_clean,4487,209.092,319,290,-30,0,0,38,,,1,flight,0,0,0.0,1,1,179.8,soft_moderate,0.0,,clean_no_occluder,0
S2_PAIR_clean_f004494.jpg,S2_PAIR_clean,S2_futsal_paircleanH_20260808_085018,S2_PAIR_clean,4494,209.383,317,290,-29,0,0,38,,,1,flight,0,0,0.0,1,1,192.6,sharp,0.0,,clean_no_occluder,0
S2_PAIR_clean_f004501.jpg,S2_PAIR_clean,S2_futsal_paircleanH_20260808_085018,S2_PAIR_clean,4501,209.595,311,290,-29,-1,0,38,,,1,flight,0,0,0.0,1,1,162.6,soft_heavy,0.0,,clean_no_occluder,0
S2_PAIR_clean_f004508.jpg,S2_PAIR_clean,S2_futsal_paircleanH_20260808_085018,S2_PAIR_clean,4508,209.903,316,290,-29,-2,0,38,,,1,flight,0,0,0.0,1,1,168.1,soft_moderate,0.0,,clean_no_occluder,0
S2_PAIR_clean_f004515.jpg,S2_PAIR_clean,S2_futsal_paircleanH_20260808_085018,S2_PAIR_clean,4515,210.120,319,290,-29,-1,0,38,,,1,flight,0,0,0.0,1,1,179.4,soft_moderate,0.0,,clean_no_occluder,0
S2_PAIR_clean_f004522.jpg,S2_PAIR_clean,S2_futsal_paircleanH_20260808_085018,S2_PAIR_clean,4522,210.392,314,290,-30,-1,0,38,,,1,flight,0,0,0.0,1,1,180.1,soft_moderate,0.0,,clean_no_occluder,0
S2_PAIR_clean_f004529.jpg,S2_PAIR_clean,S2_futsal_paircleanH_20260808_085018,S2_PAIR_clean,4529,210.629,312,290,-29,-1,0,38,,,1,flight,0,0,0.0,1,1,174.2,soft_moderate,0.0,,clean_no_occluder,0
S2_PAIR_clean_f004536.jpg,S2_PAIR_clean,S2_futsal_paircleanH_20260808_085018,S2_PAIR_clean,4536,210.887,315,290,-29,-1,0,38,,,1,flight,0,0,0.0,1,1,172.4,soft_moderate,0.0,,clean_no_occluder,0
S2_PAIR_clean_f004543.jpg,S2_PAIR_clean,S2_futsal_paircleanH_20260808_085018,S2_PAIR_clean,4543,211.154,312,290,-30,-1,0,38,,,1,flight,0,0,0.0,1,1,173.1,soft_moderate,0.0,,clean_no_occluder,0
S2_PAIR_occ75_f000000.jpg,S2_PAIR_occ75,S2_futsal_occ75_20260808_085712,S2_PAIR_occ75,0,0.223,10,0,0,0,0,32,,,0,flight,162,75,8.9,1,1,157.7,soft_heavy,17.0,S2_PAIR_clean_f004088.jpg,indeterminate,0
S2_PAIR_occ75_f000007.jpg,S2_PAIR_occ75,S2_futsal_occ75_20260808_085712,S2_PAIR_occ75,7,0.672,10,0,0,0,0,32,,,0,flight,162,75,18.5,1,1,173.6,soft_moderate,17.0,S2_PAIR_clean_f004088.jpg,indeterminate,0
S2_PAIR_occ75_f000014.jpg,S2_PAIR_occ75,S2_futsal_occ75_20260808_085712,S2_PAIR_occ75,14,0.806,10,0,0,0,0,32,,,0,flight,162,75,17.3,1,1,174.1,soft_moderate,17.0,S2_PAIR_clean_f004088.jpg,indeterminate,0
S2_PAIR_occ75_f000021.jpg,S2_PAIR_occ75,S2_futsal_occ75_20260808_085712,S2_PAIR_occ75,21,1.126,10,0,0,0,0,32,,,0,flight,162,75,15.8,1,1,172.5,soft_moderate,17.0,S2_PAIR_clean_f004088.jpg,indeterminate,0
S2_PAIR_occ75_f000028.jpg,S2_PAIR_occ75,S2_futsal_occ75_20260808_085712,S2_PAIR_occ75,28,1.518,10,0,0,0,0,32,,,0,flight,162,75,14.3,1,1,173.2,soft_moderate,17.0,S2_PAIR_clean_f004088.jpg,indeterminate,0
S2_PAIR_occ75_f000035.jpg,S2_PAIR_occ75,S2_futsal_occ75_20260808_085712,S2_PAIR_occ75,35,1.918,10,0,0,0,0,32,,,0,flight,162,75,9.4,1,1,169.6,soft_moderate,17.0,S2_PAIR_clean_f004088.jpg,indeterminate,0
S2_PAIR_occ75_f000042.jpg,S2_PAIR_occ75,S2_futsal_occ75_20260808_085712,S2_PAIR_occ75,42,6.539,81,70,0,0,0,31,,,0,flight,162,75,61.6,1,1,184.1,sharp,17.3,S2_PAIR_clean_f004158.jpg,indeterminate,0
S2_PAIR_occ75_f000049.jpg,S2_PAIR_occ75,S2_futsal_occ75_20260808_085712,S2_PAIR_occ75,49,6.772,80,70,0,1,-1,31,,,0,flight,162,75,59.6,1,1,179.2,soft_moderate,17.2,S2_PAIR_clean_f004158.jpg,indeterminate,0
S2_PAIR_occ75_f000056.jpg,S2_PAIR_occ75,S2_futsal_occ75_20260808_085712,S2_PAIR_occ75,56,7.066,80,70,0,0,-1,31,,,0,flight,162,75,55.8,1,1,170.6,soft_moderate,17.2,S2_PAIR_clean_f004158.jpg,indeterminate,0
S2_PAIR_occ75_f000063.jpg,S2_PAIR_occ75,S2_futsal_occ75_20260808_085712,S2_PAIR_occ75,63,7.357,80,70,0,0,-1,31,,,0,flight,162,75,57.9,1,1,187.1,sharp,17.2,S2_PAIR_clean_f004158.jpg,indeterminate,0
S2_PAIR_occ75_f000070.jpg,S2_PAIR_occ75,S2_futsal_occ75_20260808_085712,S2_PAIR_occ75,70,7.632,79,70,0,0,-1,31,,,0,flight,162,75,54.4,1,1,171.2,soft_moderate,17.2,S2_PAIR_clean_f004158.jpg,indeterminate,0
S2_PAIR_occ75_f000077.jpg,S2_PAIR_occ75,S2_futsal_occ75_20260808_085712,S2_PAIR_occ75,77,8.693,77,70,0,0,-1,31,,,0,flight,162,75,56.7,1,1,181.1,soft_moderate,17.2,S2_PAIR_clean_f004158.jpg,indeterminate,0
S2_PAIR_occ75_f000084.jpg,S2_PAIR_occ75,S2_futsal_occ75_20260808_085712,S2_PAIR_occ75,84,9.012,77,70,0,0,-1,31,,,0,flight,162,75,60.2,1,1,181.4,soft_moderate,17.2,S2_PAIR_clean_f004158.jpg,indeterminate,0
S2_PAIR_occ75_f000091.jpg,S2_PAIR_occ75,S2_futsal_occ75_20260808_085712,S2_PAIR_occ75,91,9.236,77,70,0,0,-1,31,,,0,flight,162,75,58.0,1,1,186.8,sharp,17.2,S2_PAIR_clean_f004158.jpg,indeterminate,0
S2_PAIR_occ75_f000098.jpg,S2_PAIR_occ75,S2_futsal_occ75_20260808_085712,S2_PAIR_occ75,98,9.465,77,70,0,0,-1,31,,,0,flight,162,75,56.5,1,1,193.8,sharp,17.2,S2_PAIR_clean_f004158.jpg,indeterminate,0
S2_PAIR_occ75_f000105.jpg,S2_PAIR_occ75,S2_futsal_occ75_20260808_085712,S2_PAIR_occ75,105,9.757,77,70,0,0,-1,31,,,0,flight,162,75,58.8,1,1,196.9,sharp,17.2,S2_PAIR_clean_f004158.jpg,indeterminate,0
S2_PAIR_occ75_f000112.jpg,S2_PAIR_occ75,S2_futsal_occ75_20260808_085712,S2_PAIR_occ75,112,10.054,79,70,0,0,-1,31,,,0,flight,162,75,63.2,1,1,187.7,sharp,17.3,S2_PAIR_clean_f004158.jpg,indeterminate,0
S2_PAIR_occ75_f000119.jpg,S2_PAIR_occ75,S2_futsal_occ75_20260808_085712,S2_PAIR_occ75,119,10.332,80,70,0,0,-1,31,,,0,flight,162,75,63.7,1,1,184.4,sharp,17.2,S2_PAIR_clean_f004158.jpg,indeterminate,0
S2_PAIR_occ75_f000126.jpg,S2_PAIR_occ75,S2_futsal_occ75_20260808_085712,S2_PAIR_occ75,126,10.564,81,70,0,1,-1,31,,,0,flight,162,75,56.8,1,1,182.3,sharp,17.3,S2_PAIR_clean_f004158.jpg,indeterminate,0
S2_PAIR_occ75_f000133.jpg,S2_PAIR_occ75,S2_futsal_occ75_20260808_085712,S2_PAIR_occ75,133,10.832,80,70,0,0,-1,31,,,0,flight,162,75,61.7,1,1,198.4,sharp,17.2,S2_PAIR_clean_f004158.jpg,indeterminate,0
S2_PAIR_occ75_f000140.jpg,S2_PAIR_occ75,S2_futsal_occ75_20260808_085712,S2_PAIR_occ75,140,11.050,81,70,0,0,-1,31,,,0,flight,162,75,56.0,1,1,185.9,sharp,17.2,S2_PAIR_clean_f004158.jpg,indeterminate,0
S2_PAIR_occ75_f000147.jpg,S2_PAIR_occ75,S2_futsal_occ75_20260808_085712,S2_PAIR_occ75,147,11.339,81,70,0,0,-1,31,,,0,flight,162,75,56.9,1,1,179.1,soft_moderate,17.1,S2_PAIR_clean_f004158.jpg,indeterminate,0
S2_PAIR_occ75_f000154.jpg,S2_PAIR_occ75,S2_futsal_occ75_20260808_085712,S2_PAIR_occ75,154,11.679,81,70,0,0,-1,31,,,0,flight,162,75,59.2,1,1,179.6,soft_moderate,17.0,S2_PAIR_clean_f004158.jpg,indeterminate,0
S2_PAIR_occ75_f000161.jpg,S2_PAIR_occ75,S2_futsal_occ75_20260808_085712,S2_PAIR_occ75,161,11.933,81,70,0,0,-1,31,,,0,flight,162,75,57.3,1,1,177.7,soft_moderate,17.2,S2_PAIR_clean_f004158.jpg,indeterminate,0
S2_PAIR_occ75_f000168.jpg,S2_PAIR_occ75,S2_futsal_occ75_20260808_085712,S2_PAIR_occ75,168,12.155,81,70,0,0,-1,31,,,0,flight,162,75,52.9,1,1,167.0,soft_moderate,17.1,S2_PAIR_clean_f004158.jpg,indeterminate,0
S2_PAIR_occ75_f000175.jpg,S2_PAIR_occ75,S2_futsal_occ75_20260808_085712,S2_PAIR_occ75,175,12.428,80,70,0,0,-2,31,,,0,flight,162,75,50.9,1,1,171.9,soft_moderate,17.1,S2_PAIR_clean_f004158.jpg,indeterminate,0
S2_PAIR_occ75_f000182.jpg,S2_PAIR_occ75,S2_futsal_occ75_20260808_085712,S2_PAIR_occ75,182,12.947,79,70,0,1,-1,31,,,0,flight,162,75,59.4,1,1,198.1,sharp,17.2,S2_PAIR_clean_f004158.jpg,indeterminate,0
S2_PAIR_occ75_f000189.jpg,S2_PAIR_occ75,S2_futsal_occ75_20260808_085712,S2_PAIR_occ75,189,13.172,78,70,0,1,-1,31,,,0,flight,162,75,62.3,1,1,147.5,soft_heavy,17.2,S2_PAIR_clean_f004158.jpg,indeterminate,0
S2_PAIR_occ75_f000196.jpg,S2_PAIR_occ75,S2_futsal_occ75_20260808_085712,S2_PAIR_occ75,196,13.434,78,70,0,2,0,31,,,0,flight,162,75,57.5,1,1,153.5,soft_heavy,17.4,S2_PAIR_clean_f004158.jpg,indeterminate,0
S2_PAIR_occ75_f000203.jpg,S2_PAIR_occ75,S2_futsal_occ75_20260808_085712,S2_PAIR_occ75,203,13.692,79,70,0,2,0,31,,,0,flight,162,75,58.7,1,1,159.7,soft_heavy,17.5,S2_PAIR_clean_f004158.jpg,indeterminate,0
S2_PAIR_occ75_f000210.jpg,S2_PAIR_occ75,S2_futsal_occ75_20260808_085712,S2_PAIR_occ75,210,13.990,79,70,0,2,0,31,,,0,flight,162,75,59.3,1,1,179.5,soft_moderate,17.5,S2_PAIR_clean_f004158.jpg,indeterminate,0
S2_PAIR_occ75_f000217.jpg,S2_PAIR_occ75,S2_futsal_occ75_20260808_085712,S2_PAIR_occ75,217,14.266,80,70,0,2,0,31,,,0,flight,162,75,54.9,1,1,186.2,sharp,17.6,S2_PAIR_clean_f004158.jpg,indeterminate,0
S2_PAIR_occ75_f000224.jpg,S2_PAIR_occ75,S2_futsal_occ75_20260808_085712,S2_PAIR_occ75,224,14.507,81,70,0,2,0,31,,,0,flight,162,75,54.7,1,1,186.1,sharp,17.6,S2_PAIR_clean_f004158.jpg,indeterminate,0
S2_PAIR_occ75_f000231.jpg,S2_PAIR_occ75,S2_futsal_occ75_20260808_085712,S2_PAIR_occ75,231,14.747,80,70,0,1,0,31,,,0,flight,162,75,52.6,1,1,176.7,soft_moderate,17.5,S2_PAIR_clean_f004158.jpg,indeterminate,0
S2_PAIR_occ75_f000238.jpg,S2_PAIR_occ75,S2_futsal_occ75_20260808_085712,S2_PAIR_occ75,238,14.987,81,70,0,1,0,31,,,0,flight,162,75,57.7,1,1,173.1,soft_moderate,17.5,S2_PAIR_clean_f004158.jpg,indeterminate,0
S2_PAIR_occ75_f000245.jpg,S2_PAIR_occ75,S2_futsal_occ75_20260808_085712,S2_PAIR_occ75,245,15.241,81,70,0,0,0,31,,,0,flight,162,75,55.0,1,1,172.5,soft_moderate,17.5,S2_PAIR_clean_f004158.jpg,indeterminate,0
S2_PAIR_occ75_f000252.jpg,S2_PAIR_occ75,S2_futsal_occ75_20260808_085712,S2_PAIR_occ75,252,15.611,81,70,0,0,0,31,,,0,flight,162,75,57.1,1,1,188.9,sharp,17.6,S2_PAIR_clean_f004158.jpg,indeterminate,0
S2_PAIR_occ75_f000259.jpg,S2_PAIR_occ75,S2_futsal_occ75_20260808_085712,S2_PAIR_occ75,259,15.858,79,70,0,0,0,31,,,0,flight,162,75,60.2,1,1,186.5,sharp,17.6,S2_PAIR_clean_f004158.jpg,indeterminate,0
S2_PAIR_occ75_f000266.jpg,S2_PAIR_occ75,S2_futsal_occ75_20260808_085712,S2_PAIR_occ75,266,16.166,82,70,0,1,0,31,,,0,flight,162,75,54.1,1,1,187.2,sharp,17.5,S2_PAIR_clean_f004158.jpg,indeterminate,0
S2_PAIR_occ75_f000273.jpg,S2_PAIR_occ75,S2_futsal_occ75_20260808_085712,S2_PAIR_occ75,273,16.411,82,70,0,1,0,31,,,0,flight,162,75,54.1,1,1,188.1,sharp,17.5,S2_PAIR_clean_f004158.jpg,indeterminate,0
S2_PAIR_occ75_f000280.jpg,S2_PAIR_occ75,S2_futsal_occ75_20260808_085712,S2_PAIR_occ75,280,16.695,81,70,0,1,0,31,,,0,flight,162,75,58.2,1,1,188.0,sharp,17.6,S2_PAIR_clean_f004158.jpg,indeterminate,0
S2_PAIR_occ75_f000287.jpg,S2_PAIR_occ75,S2_futsal_occ75_20260808_085712,S2_PAIR_occ75,287,16.963,81,70,0,1,0,31,,,0,flight,162,75,59.6,1,1,194.3,sharp,17.6,S2_PAIR_clean_f004158.jpg,indeterminate,0
S2_PAIR_occ75_f000294.jpg,S2_PAIR_occ75,S2_futsal_occ75_20260808_085712,S2_PAIR_occ75,294,17.259,82,70,0,1,0,31,,,0,flight,162,75,54.3,1,1,189.6,sharp,17.6,S2_PAIR_clean_f004158.jpg,indeterminate,0
S2_PAIR_occ75_f000301.jpg,S2_PAIR_occ75,S2_futsal_occ75_20260808_085712,S2_PAIR_occ75,301,17.598,82,70,0,1,0,31,,,0,flight,162,75,48.6,1,1,194.3,sharp,17.5,S2_PAIR_clean_f004158.jpg,indeterminate,0
S2_PAIR_occ75_f000308.jpg,S2_PAIR_occ75,S2_futsal_occ75_20260808_085712,S2_PAIR_occ75,308,17.905,82,70,0,1,0,31,,,0,flight,162,75,54.8,1,1,191.3,sharp,17.6,S2_PAIR_clean_f004158.jpg,indeterminate,0
S2_PAIR_occ75_f000315.jpg,S2_PAIR_occ75,S2_futsal_occ75_20260808_085712,S2_PAIR_occ75,315,18.157,84,70,0,1,0,31,,,0,flight,162,75,54.4,1,1,188.6,sharp,17.6,S2_PAIR_clean_f004158.jpg,indeterminate,0
S2_PAIR_occ75_f000322.jpg,S2_PAIR_occ75,S2_futsal_occ75_20260808_085712,S2_PAIR_occ75,322,18.423,84,70,0,1,0,31,,,0,flight,162,75,57.4,1,1,175.2,soft_moderate,17.6,S2_PAIR_clean_f004158.jpg,indeterminate,0
S2_PAIR_occ75_f000329.jpg,S2_PAIR_occ75,S2_futsal_occ75_20260808_085712,S2_PAIR_occ75,329,18.680,83,70,0,1,0,31,,,0,flight,162,75,49.7,1,1,178.1,soft_moderate,17.5,S2_PAIR_clean_f004158.jpg,indeterminate,0
S2_PAIR_occ75_f000336.jpg,S2_PAIR_occ75,S2_futsal_occ75_20260808_085712,S2_PAIR_occ75,336,18.957,83,70,0,1,0,31,,,0,flight,162,75,55.2,1,1,189.8,sharp,17.5,S2_PAIR_clean_f004158.jpg,indeterminate,0
S2_PAIR_occ75_f000343.jpg,S2_PAIR_occ75,S2_futsal_occ75_20260808_085712,S2_PAIR_occ75,343,19.165,83,70,0,1,0,31,,,0,flight,162,75,56.8,1,1,180.4,soft_moderate,17.5,S2_PAIR_clean_f004158.jpg,indeterminate,0
S2_PAIR_occ75_f000350.jpg,S2_PAIR_occ75,S2_futsal_occ75_20260808_085712,S2_PAIR_occ75,350,19.466,83,70,0,1,0,31,,,0,flight,162,75,56.9,1,1,193.0,sharp,17.4,S2_PAIR_clean_f004158.jpg,indeterminate,0
S2_PAIR_occ75_f000357.jpg,S2_PAIR_occ75,S2_futsal_occ75_20260808_085712,S2_PAIR_occ75,357,19.757,81,70,0,1,0,31,,,0,flight,162,75,55.9,1,1,191.8,sharp,17.4,S2_PAIR_clean_f004158.jpg,indeterminate,0
S2_PAIR_occ75_f000364.jpg,S2_PAIR_occ75,S2_futsal_occ75_20260808_085712,S2_PAIR_occ75,364,20.058,81,70,0,1,0,31,,,0,flight,162,75,59.0,1,1,197.8,sharp,17.4,S2_PAIR_clean_f004158.jpg,indeterminate,0
S2_PAIR_occ75_f000371.jpg,S2_PAIR_occ75,S2_futsal_occ75_20260808_085712,S2_PAIR_occ75,371,20.257,81,70,0,1,0,31,,,0,flight,162,75,58.4,1,1,191.7,sharp,17.4,S2_PAIR_clean_f004158.jpg,indeterminate,0
S2_PAIR_occ75_f000378.jpg,S2_PAIR_occ75,S2_futsal_occ75_20260808_085712,S2_PAIR_occ75,378,20.565,80,70,0,1,0,31,,,0,flight,162,75,57.1,1,1,187.5,sharp,17.4,S2_PAIR_clean_f004158.jpg,indeterminate,0
S2_PAIR_occ75_f000385.jpg,S2_PAIR_occ75,S2_futsal_occ75_20260808_085712,S2_PAIR_occ75,385,20.874,80,70,0,1,0,31,,,0,flight,162,75,62.6,1,1,184.0,sharp,17.4,S2_PAIR_clean_f004158.jpg,indeterminate,0
S2_PAIR_occ75_f000392.jpg,S2_PAIR_occ75,S2_futsal_occ75_20260808_085712,S2_PAIR_occ75,392,21.182,80,70,0,0,0,31,,,0,flight,162,75,59.6,1,1,176.8,soft_moderate,17.3,S2_PAIR_clean_f004158.jpg,indeterminate,0
S2_PAIR_occ75_f000399.jpg,S2_PAIR_occ75,S2_futsal_occ75_20260808_085712,S2_PAIR_occ75,399,21.474,85,70,0,0,0,31,,,0,flight,162,75,55.9,1,1,179.1,soft_moderate,17.4,S2_PAIR_clean_f004158.jpg,indeterminate,0
S2_PAIR_occ75_f000406.jpg,S2_PAIR_occ75,S2_futsal_occ75_20260808_085712,S2_PAIR_occ75,406,21.774,89,80,0,0,0,31,,,0,flight,162,75,54.2,1,1,183.4,sharp,17.5,S2_PAIR_clean_f004158.jpg,indeterminate,0
S2_PAIR_occ75_f000413.jpg,S2_PAIR_occ75,S2_futsal_occ75_20260808_085712,S2_PAIR_occ75,413,22.080,91,80,0,1,0,31,,,0,flight,162,75,59.9,1,1,184.4,sharp,17.5,S2_PAIR_clean_f004158.jpg,indeterminate,0
S2_PAIR_occ75_f000420.jpg,S2_PAIR_occ75,S2_futsal_occ75_20260808_085712,S2_PAIR_occ75,420,22.328,96,90,0,1,0,31,,,0,flight,162,75,56.0,1,1,188.0,sharp,17.3,S2_PAIR_clean_f004158.jpg,indeterminate,0
S2_PAIR_occ75_f000427.jpg,S2_PAIR_occ75,S2_futsal_occ75_20260808_085712,S2_PAIR_occ75,427,22.623,101,90,0,1,0,31,,,0,flight,162,75,54.2,1,1,175.9,soft_moderate,17.2,S2_PAIR_clean_f004158.jpg,indeterminate,0
S2_PAIR_occ75_f000434.jpg,S2_PAIR_occ75,S2_futsal_occ75_20260808_085712,S2_PAIR_occ75,434,22.865,106,100,0,1,0,31,,,0,flight,162,75,56.7,1,1,190.2,sharp,17.2,S2_PAIR_clean_f004158.jpg,indeterminate,0
S2_PAIR_occ75_f000441.jpg,S2_PAIR_occ75,S2_futsal_occ75_20260808_085712,S2_PAIR_occ75,441,23.140,118,110,0,0,0,31,,,0,flight,162,75,54.3,1,1,183.0,sharp,17.1,S2_PAIR_clean_f004158.jpg,indeterminate,0
S2_PAIR_occ75_f000448.jpg,S2_PAIR_occ75,S2_futsal_occ75_20260808_085712,S2_PAIR_occ75,448,23.401,126,110,0,1,0,31,,,0,flight,162,75,48.9,1,1,182.5,sharp,16.7,S2_PAIR_clean_f004158.jpg,indeterminate,0
S2_PAIR_occ75_f000455.jpg,S2_PAIR_occ75,S2_futsal_occ75_20260808_085712,S2_PAIR_occ75,455,23.701,136,120,0,1,0,31,,,0,flight,162,75,51.6,1,1,185.0,sharp,16.0,S2_PAIR_clean_f004158.jpg,indeterminate,0
S2_PAIR_occ75_f000462.jpg,S2_PAIR_occ75,S2_futsal_occ75_20260808_085712,S2_PAIR_occ75,462,23.981,144,130,0,1,0,31,,,0,flight,162,75,48.9,1,1,178.1,soft_moderate,15.6,S2_PAIR_clean_f004158.jpg,indeterminate,0
S2_PAIR_occ75_f000469.jpg,S2_PAIR_occ75,S2_futsal_occ75_20260808_085712,S2_PAIR_occ75,469,24.291,156,140,0,1,-1,31,,,0,flight,162,75,44.1,1,1,177.1,soft_moderate,15.5,S2_PAIR_clean_f004158.jpg,indeterminate,0
S2_PAIR_occ75_f000476.jpg,S2_PAIR_occ75,S2_futsal_occ75_20260808_085712,S2_PAIR_occ75,476,24.543,163,150,0,1,0,31,,,0,flight,162,75,43.4,1,1,166.6,soft_heavy,15.6,S2_PAIR_clean_f004158.jpg,indeterminate,0
S2_PAIR_occ75_f000483.jpg,S2_PAIR_occ75,S2_futsal_occ75_20260808_085712,S2_PAIR_occ75,483,24.795,167,160,0,1,0,31,,,0,flight,162,75,47.4,1,1,165.2,soft_heavy,15.8,S2_PAIR_clean_f004158.jpg,indeterminate,0
S2_PAIR_occ75_f000490.jpg,S2_PAIR_occ75,S2_futsal_occ75_20260808_085712,S2_PAIR_occ75,490,25.026,171,160,0,1,-1,31,,,0,flight,162,75,52.8,1,1,182.1,sharp,16.6,S2_PAIR_clean_f004158.jpg,indeterminate,0
S2_PAIR_occ75_f000497.jpg,S2_PAIR_occ75,S2_futsal_occ75_20260808_085712,S2_PAIR_occ75,497,25.280,182,170,0,1,-1,31,,,0,flight,162,75,57.3,1,1,191.3,sharp,16.4,S2_PAIR_clean_f004158.jpg,indeterminate,0
S2_PAIR_occ75_f000504.jpg,S2_PAIR_occ75,S2_futsal_occ75_20260808_085712,S2_PAIR_occ75,504,25.607,191,180,0,1,-1,31,,,0,flight,162,75,48.7,1,1,197.8,sharp,16.3,S2_PAIR_clean_f004158.jpg,indeterminate,0
S2_PAIR_occ75_f000511.jpg,S2_PAIR_occ75,S2_futsal_occ75_20260808_085712,S2_PAIR_occ75,511,25.847,198,180,0,1,-1,31,,,0,flight,162,75,55.7,1,1,190.6,sharp,15.3,S2_PAIR_clean_f004158.jpg,indeterminate,0
S2_PAIR_occ75_f000518.jpg,S2_PAIR_occ75,S2_futsal_occ75_20260808_085712,S2_PAIR_occ75,518,26.116,202,190,0,1,-1,31,,,0,flight,162,75,45.8,1,1,172.9,soft_moderate,14.9,S2_PAIR_clean_f004158.jpg,indeterminate,0
S2_PAIR_occ75_f000525.jpg,S2_PAIR_occ75,S2_futsal_occ75_20260808_085712,S2_PAIR_occ75,525,26.366,208,200,0,1,-1,31,,,0,flight,162,75,44.5,1,1,172.5,soft_moderate,14.7,S2_PAIR_clean_f004158.jpg,indeterminate,0
S2_PAIR_occ75_f000532.jpg,S2_PAIR_occ75,S2_futsal_occ75_20260808_085712,S2_PAIR_occ75,532,26.571,216,200,0,1,-1,31,,,0,flight,162,75,50.5,1,1,176.8,soft_moderate,14.5,S2_PAIR_clean_f004158.jpg,indeterminate,0
S2_PAIR_occ75_f000539.jpg,S2_PAIR_occ75,S2_futsal_occ75_20260808_085712,S2_PAIR_occ75,539,26.827,221,210,0,1,-1,31,,,0,flight,162,75,43.6,1,1,190.1,sharp,13.8,S2_PAIR_clean_f004158.jpg,partial,0
S2_PAIR_occ75_f000546.jpg,S2_PAIR_occ75,S2_futsal_occ75_20260808_085712,S2_PAIR_occ75,546,27.128,227,220,0,1,-1,31,,,0,flight,162,75,45.3,1,1,178.4,soft_moderate,12.9,S2_PAIR_clean_f004158.jpg,partial,0
S2_PAIR_occ75_f000553.jpg,S2_PAIR_occ75,S2_futsal_occ75_20260808_085712,S2_PAIR_occ75,553,27.398,239,220,0,2,-1,31,,,0,flight,162,75,41.3,1,1,175.7,soft_moderate,12.5,S2_PAIR_clean_f004158.jpg,partial,0
S2_PAIR_occ75_f000560.jpg,S2_PAIR_occ75,S2_futsal_occ75_20260808_085712,S2_PAIR_occ75,560,27.699,251,230,0,2,0,31,,,0,flight,162,75,46.6,1,1,184.7,sharp,12.2,S2_PAIR_clean_f004158.jpg,partial,0
S2_PAIR_occ75_f000567.jpg,S2_PAIR_occ75,S2_futsal_occ75_20260808_085712,S2_PAIR_occ75,567,27.999,255,240,0,2,0,31,,,0,flight,162,75,44.7,1,1,168.6,soft_moderate,12.1,S2_PAIR_clean_f004158.jpg,partial,0
S2_PAIR_occ75_f000574.jpg,S2_PAIR_occ75,S2_futsal_occ75_20260808_085712,S2_PAIR_occ75,574,28.260,261,250,0,2,0,31,,,0,flight,162,75,39.8,1,1,171.9,soft_moderate,12.0,S2_PAIR_clean_f004158.jpg,partial,0
S2_PAIR_occ75_f000581.jpg,S2_PAIR_occ75,S2_futsal_occ75_20260808_085712,S2_PAIR_occ75,581,28.569,269,260,0,2,0,31,,,0,flight,162,75,72.9,1,1,171.7,soft_moderate,11.7,S2_PAIR_clean_f001547.jpg,heavy,0
S2_PAIR_occ75_f000588.jpg,S2_PAIR_occ75,S2_futsal_occ75_20260808_085712,S2_PAIR_occ75,588,28.832,275,260,0,3,0,31,,,0,flight,162,75,78.5,1,1,192.1,sharp,11.3,S2_PAIR_clean_f001547.jpg,heavy,0
S2_PAIR_occ75_f000595.jpg,S2_PAIR_occ75,S2_futsal_occ75_20260808_085712,S2_PAIR_occ75,595,29.135,286,270,0,3,1,31,,,0,flight,162,75,73.9,1,1,173.1,soft_moderate,11.0,S2_PAIR_clean_f001547.jpg,heavy,0
S2_PAIR_occ75_f000602.jpg,S2_PAIR_occ75,S2_futsal_occ75_20260808_085712,S2_PAIR_occ75,602,29.499,287,280,0,3,1,31,,,0,flight,162,75,71.1,1,1,180.3,soft_moderate,10.4,S2_PAIR_clean_f001547.jpg,heavy,0
S2_PAIR_occ75_f000609.jpg,S2_PAIR_occ75,S2_futsal_occ75_20260808_085712,S2_PAIR_occ75,609,29.778,293,280,0,1,1,31,,,0,flight,162,75,72.7,1,1,168.9,soft_moderate,10.2,S2_PAIR_clean_f001547.jpg,heavy,0
S2_PAIR_occ75_f000616.jpg,S2_PAIR_occ75,S2_futsal_occ75_20260808_085712,S2_PAIR_occ75,616,30.119,290,280,0,2,0,31,,,0,flight,162,75,74.1,1,1,181.1,soft_moderate,10.1,S2_PAIR_clean_f001547.jpg,heavy,0
S2_PAIR_occ75_f000623.jpg,S2_PAIR_occ75,S2_futsal_occ75_20260808_085712,S2_PAIR_occ75,623,30.389,287,280,0,2,0,31,,,0,flight,162,75,76.9,1,1,186.5,sharp,10.2,S2_PAIR_clean_f001547.jpg,heavy,0
S2_PAIR_occ75_f000630.jpg,S2_PAIR_occ75,S2_futsal_occ75_20260808_085712,S2_PAIR_occ75,630,30.635,285,280,0,2,0,31,,,0,flight,162,75,72.5,1,1,188.7,sharp,10.4,S2_PAIR_clean_f001547.jpg,heavy,0
S2_PAIR_occ75_f000637.jpg,S2_PAIR_occ75,S2_futsal_occ75_20260808_085712,S2_PAIR_occ75,637,30.900,280,280,0,2,0,31,,,0,flight,162,75,73.7,1,1,179.2,soft_moderate,10.5,S2_PAIR_clean_f001547.jpg,heavy,0
S2_PAIR_occ75_f000644.jpg,S2_PAIR_occ75,S2_futsal_occ75_20260808_085712,S2_PAIR_occ75,644,31.179,288,280,0,2,0,31,,,0,flight,162,75,73.9,1,1,182.5,sharp,10.5,S2_PAIR_clean_f001547.jpg,heavy,0
S2_PAIR_occ75_f000651.jpg,S2_PAIR_occ75,S2_futsal_occ75_20260808_085712,S2_PAIR_occ75,651,31.443,287,280,0,2,0,31,,,0,flight,162,75,71.5,1,1,178.5,soft_moderate,10.4,S2_PAIR_clean_f001547.jpg,heavy,0
S2_PAIR_occ75_f000658.jpg,S2_PAIR_occ75,S2_futsal_occ75_20260808_085712,S2_PAIR_occ75,658,31.712,284,280,0,2,0,31,,,0,flight,162,75,72.4,1,1,184.3,sharp,10.5,S2_PAIR_clean_f001547.jpg,heavy,0
S2_PAIR_occ75_f000665.jpg,S2_PAIR_occ75,S2_futsal_occ75_20260808_085712,S2_PAIR_occ75,665,31.966,295,280,0,2,0,31,,,0,flight,162,75,71.7,1,1,181.6,soft_moderate,10.3,S2_PAIR_clean_f001547.jpg,heavy,0
S2_PAIR_occ75_f000672.jpg,S2_PAIR_occ75,S2_futsal_occ75_20260808_085712,S2_PAIR_occ75,672,32.234,291,280,0,2,0,31,,,0,flight,162,75,71.6,1,1,191.4,sharp,10.1,S2_PAIR_clean_f001547.jpg,heavy,0
S2_PAIR_occ75_f000679.jpg,S2_PAIR_occ75,S2_futsal_occ75_20260808_085712,S2_PAIR_occ75,679,32.539,295,280,0,2,0,31,,,0,flight,162,75,69.3,1,1,183.6,sharp,10.0,S2_PAIR_clean_f001547.jpg,heavy,0
S2_PAIR_occ75_f000686.jpg,S2_PAIR_occ75,S2_futsal_occ75_20260808_085712,S2_PAIR_occ75,686,32.781,296,290,0,2,0,31,,,0,flight,162,75,72.6,1,1,184.1,sharp,9.9,S2_PAIR_clean_f001547.jpg,heavy,0
S2_PAIR_occ75_f000693.jpg,S2_PAIR_occ75,S2_futsal_occ75_20260808_085712,S2_PAIR_occ75,693,33.069,300,290,0,2,0,31,,,0,flight,162,75,69.5,1,1,181.5,soft_moderate,9.9,S2_PAIR_clean_f001547.jpg,heavy,0
S2_PAIR_occ75_f000700.jpg,S2_PAIR_occ75,S2_futsal_occ75_20260808_085712,S2_PAIR_occ75,700,33.381,295,290,0,2,0,31,,,0,flight,162,75,75.7,1,1,194.8,sharp,9.9,S2_PAIR_clean_f001547.jpg,heavy,0
S2_PAIR_occ75_f000707.jpg,S2_PAIR_occ75,S2_futsal_occ75_20260808_085712,S2_PAIR_occ75,707,33.672,297,290,0,2,0,31,,,0,flight,162,75,73.5,1,1,181.2,soft_moderate,9.9,S2_PAIR_clean_f001547.jpg,heavy,0
S2_PAIR_occ75_f000714.jpg,S2_PAIR_occ75,S2_futsal_occ75_20260808_085712,S2_PAIR_occ75,714,33.941,296,290,0,2,0,31,,,0,flight,162,75,74.4,1,1,184.0,sharp,9.9,S2_PAIR_clean_f001547.jpg,heavy,0
S2_PAIR_occ75_f000721.jpg,S2_PAIR_occ75,S2_futsal_occ75_20260808_085712,S2_PAIR_occ75,721,34.312,292,290,0,2,0,31,,,0,flight,162,75,73.2,1,1,186.7,sharp,9.8,S2_PAIR_clean_f001547.jpg,heavy,0
S2_PAIR_occ75_f000728.jpg,S2_PAIR_occ75,S2_futsal_occ75_20260808_085712,S2_PAIR_occ75,728,34.592,292,280,0,2,0,31,,,0,flight,162,75,73.9,1,1,189.9,sharp,9.9,S2_PAIR_clean_f001547.jpg,heavy,0
S2_PAIR_occ75_f000735.jpg,S2_PAIR_occ75,S2_futsal_occ75_20260808_085712,S2_PAIR_occ75,735,34.827,288,280,0,2,0,31,,,1,flight,162,75,71.5,1,1,198.8,sharp,9.7,S2_PAIR_clean_f001547.jpg,heavy,0
S2_PAIR_occ75_f000742.jpg,S2_PAIR_occ75,S2_futsal_occ75_20260808_085712,S2_PAIR_occ75,742,35.255,295,280,0,2,0,31,,,1,flight,162,75,72.6,1,1,191.3,sharp,9.7,S2_PAIR_clean_f001547.jpg,heavy,0
S2_PAIR_occ75_f000749.jpg,S2_PAIR_occ75,S2_futsal_occ75_20260808_085712,S2_PAIR_occ75,749,35.564,292,280,0,2,0,31,,,1,flight,162,75,75.3,1,1,194.4,sharp,9.7,S2_PAIR_clean_f001547.jpg,heavy,0
S2_PAIR_occ75_f000756.jpg,S2_PAIR_occ75,S2_futsal_occ75_20260808_085712,S2_PAIR_occ75,756,35.849,292,280,0,2,0,31,,,1,flight,162,75,73.4,1,1,194.6,sharp,9.5,S2_PAIR_clean_f001547.jpg,heavy,0
S2_PAIR_occ75_f000763.jpg,S2_PAIR_occ75,S2_futsal_occ75_20260808_085712,S2_PAIR_occ75,763,36.124,295,280,0,2,0,31,,,1,flight,162,75,75.0,1,1,193.5,sharp,9.5,S2_PAIR_clean_f001547.jpg,heavy,0
S2_PAIR_occ75_f000770.jpg,S2_PAIR_occ75,S2_futsal_occ75_20260808_085712,S2_PAIR_occ75,770,36.402,297,280,0,2,0,31,,,1,flight,162,75,73.7,1,1,187.6,sharp,9.5,S2_PAIR_clean_f001547.jpg,heavy,0
S2_PAIR_occ75_f000777.jpg,S2_PAIR_occ75,S2_futsal_occ75_20260808_085712,S2_PAIR_occ75,777,36.631,293,290,0,2,0,31,,,1,flight,162,75,73.2,1,1,183.9,sharp,9.4,S2_PAIR_clean_f001547.jpg,heavy,0
S2_PAIR_occ75_f000784.jpg,S2_PAIR_occ75,S2_futsal_occ75_20260808_085712,S2_PAIR_occ75,784,36.924,293,290,0,2,0,31,,,1,flight,162,75,74.8,1,1,330.3,sharp,9.8,S2_PAIR_clean_f001547.jpg,heavy,0
S2_PAIR_occ75_f000791.jpg,S2_PAIR_occ75,S2_futsal_occ75_20260808_085712,S2_PAIR_occ75,791,37.250,291,280,0,2,0,31,,,1,flight,162,75,73.5,1,1,248.5,sharp,9.9,S2_PAIR_clean_f001547.jpg,heavy,0
S2_PAIR_occ75_f000798.jpg,S2_PAIR_occ75,S2_futsal_occ75_20260808_085712,S2_PAIR_occ75,798,37.542,292,280,0,2,0,31,,,1,flight,162,75,73.6,1,1,223.7,sharp,9.9,S2_PAIR_clean_f001547.jpg,heavy,0
S2_PAIR_occ75_f000805.jpg,S2_PAIR_occ75,S2_futsal_occ75_20260808_085712,S2_PAIR_occ75,805,37.834,293,280,0,1,-1,31,,,1,flight,162,75,71.3,1,1,197.8,sharp,9.6,S2_PAIR_clean_f001547.jpg,heavy,0
S2_PAIR_occ75_f000812.jpg,S2_PAIR_occ75,S2_futsal_occ75_20260808_085712,S2_PAIR_occ75,812,38.088,296,280,0,1,-1,31,,,1,flight,162,75,73.8,1,1,182.8,sharp,9.6,S2_PAIR_clean_f001547.jpg,heavy,0
S2_PAIR_occ75_f000819.jpg,S2_PAIR_occ75,S2_futsal_occ75_20260808_085712,S2_PAIR_occ75,819,38.352,295,290,0,1,-2,31,,,1,flight,162,75,73.9,1,1,175.5,soft_moderate,9.7,S2_PAIR_clean_f001547.jpg,heavy,0
S2_PAIR_occ75_f000826.jpg,S2_PAIR_occ75,S2_futsal_occ75_20260808_085712,S2_PAIR_occ75,826,38.640,288,280,0,1,-1,31,,,1,flight,162,75,73.9,1,1,174.1,soft_moderate,9.9,S2_PAIR_clean_f001547.jpg,heavy,0
S2_PAIR_occ75_f000833.jpg,S2_PAIR_occ75,S2_futsal_occ75_20260808_085712,S2_PAIR_occ75,833,38.943,286,280,0,2,0,31,,,1,flight,162,75,75.6,1,1,179.7,soft_moderate,10.0,S2_PAIR_clean_f001547.jpg,heavy,0
S2_PAIR_occ75_f000840.jpg,S2_PAIR_occ75,S2_futsal_occ75_20260808_085712,S2_PAIR_occ75,840,39.250,288,280,0,2,-1,31,,,1,flight,162,75,72.6,1,1,177.7,soft_moderate,10.0,S2_PAIR_clean_f001547.jpg,heavy,0
S2_PAIR_occ75_f000847.jpg,S2_PAIR_occ75,S2_futsal_occ75_20260808_085712,S2_PAIR_occ75,847,39.550,289,280,0,2,-2,31,,,0,flight,162,75,74.6,1,1,176.5,soft_moderate,10.0,S2_PAIR_clean_f001547.jpg,heavy,0
S2_PAIR_occ75_f000854.jpg,S2_PAIR_occ75,S2_futsal_occ75_20260808_085712,S2_PAIR_occ75,854,39.824,288,280,0,1,-2,31,,,0,flight,162,75,75.9,1,1,194.1,sharp,9.9,S2_PAIR_clean_f001547.jpg,heavy,0
S2_PAIR_occ75_f000861.jpg,S2_PAIR_occ75,S2_futsal_occ75_20260808_085712,S2_PAIR_occ75,861,41.287,293,280,0,2,-1,31,,,0,flight,162,75,75.1,1,1,199.3,sharp,9.3,S2_PAIR_clean_f001547.jpg,heavy,0
S2_PAIR_occ75_f000868.jpg,S2_PAIR_occ75,S2_futsal_occ75_20260808_085712,S2_PAIR_occ75,868,41.581,292,280,0,2,-1,31,,,0,flight,162,75,74.6,1,1,186.9,sharp,9.3,S2_PAIR_clean_f001547.jpg,heavy,0
S2_PAIR_occ75_f000875.jpg,S2_PAIR_occ75,S2_futsal_occ75_20260808_085712,S2_PAIR_occ75,875,41.824,290,280,0,2,-1,31,,,0,flight,162,75,75.1,1,1,201.0,sharp,9.5,S2_PAIR_clean_f001547.jpg,heavy,0
S2_PAIR_occ75_f000882.jpg,S2_PAIR_occ75,S2_futsal_occ75_20260808_085712,S2_PAIR_occ75,882,42.077,290,280,0,2,-1,31,,,0,flight,162,75,75.2,1,1,179.8,soft_moderate,9.5,S2_PAIR_clean_f001547.jpg,heavy,0
S2_PAIR_occ75_f000889.jpg,S2_PAIR_occ75,S2_futsal_occ75_20260808_085712,S2_PAIR_occ75,889,42.362,298,280,0,2,-1,31,,,0,flight,162,75,78.1,1,1,190.1,sharp,9.5,S2_PAIR_clean_f001547.jpg,heavy,0
S2_PAIR_occ75_f000896.jpg,S2_PAIR_occ75,S2_futsal_occ75_20260808_085712,S2_PAIR_occ75,896,42.601,294,280,0,2,-1,31,,,0,flight,162,75,75.0,1,1,180.5,soft_moderate,9.5,S2_PAIR_clean_f001547.jpg,heavy,0
S2_PAIR_occ75_f000903.jpg,S2_PAIR_occ75,S2_futsal_occ75_20260808_085712,S2_PAIR_occ75,903,42.899,291,280,0,1,-1,31,,,0,flight,162,75,76.1,1,1,180.6,soft_moderate,9.5,S2_PAIR_clean_f001547.jpg,heavy,0
S2_PAIR_occ75_f000910.jpg,S2_PAIR_occ75,S2_futsal_occ75_20260808_085712,S2_PAIR_occ75,910,43.276,289,280,0,1,-2,31,,,0,flight,162,75,74.3,1,1,170.5,soft_moderate,9.3,S2_PAIR_clean_f001547.jpg,heavy,0
S2_PAIR_occ75_f000917.jpg,S2_PAIR_occ75,S2_futsal_occ75_20260808_085712,S2_PAIR_occ75,917,43.568,297,280,8,2,-2,31,,,0,flight,162,75,34.6,1,1,173.1,soft_moderate,12.6,S2_PAIR_clean_f004116.jpg,partial,0
S2_PAIR_occ75_f000924.jpg,S2_PAIR_occ75,S2_futsal_occ75_20260808_085712,S2_PAIR_occ75,924,43.770,303,290,13,1,-2,31,,,0,flight,162,75,70.7,1,1,203.2,sharp,6.4,S2_PAIR_clean_f001575.jpg,heavy,0
S2_PAIR_occ75_f000931.jpg,S2_PAIR_occ75,S2_futsal_occ75_20260808_085712,S2_PAIR_occ75,931,44.151,299,290,15,1,-2,31,,,0,flight,162,75,74.8,1,1,229.0,sharp,4.6,S2_PAIR_clean_f001582.jpg,heavy,0
S2_PAIR_occ75_f000938.jpg,S2_PAIR_occ75,S2_futsal_occ75_20260808_085712,S2_PAIR_occ75,938,44.424,301,290,17,1,-1,31,,,0,flight,162,75,73.3,1,1,239.0,sharp,5.6,S2_PAIR_clean_f001596.jpg,heavy,0
S2_PAIR_occ75_f000945.jpg,S2_PAIR_occ75,S2_futsal_occ75_20260808_085712,S2_PAIR_occ75,945,44.726,298,290,19,2,-7,31,,,0,flight,162,75,74.3,1,1,215.7,sharp,10.0,S2_PAIR_clean_f001701.jpg,heavy,0
S2_PAIR_occ75_f000952.jpg,S2_PAIR_occ75,S2_futsal_occ75_20260808_085712,S2_PAIR_occ75,952,45.032,296,290,20,2,-6,31,,,0,flight,162,75,75.8,1,1,217.3,sharp,8.3,S2_PAIR_clean_f001701.jpg,heavy,0
S2_PAIR_occ75_f000959.jpg,S2_PAIR_occ75,S2_futsal_occ75_20260808_085712,S2_PAIR_occ75,959,45.231,296,280,20,2,-5,31,,,0,flight,162,75,74.6,1,1,224.8,sharp,8.1,S2_PAIR_clean_f001701.jpg,heavy,0
S2_PAIR_occ75_f000966.jpg,S2_PAIR_occ75,S2_futsal_occ75_20260808_085712,S2_PAIR_occ75,966,45.500,291,280,20,2,-4,31,,,0,flight,162,75,74.1,1,1,240.4,sharp,7.5,S2_PAIR_clean_f001701.jpg,heavy,0
S2_PAIR_occ75_f000973.jpg,S2_PAIR_occ75,S2_futsal_occ75_20260808_085712,S2_PAIR_occ75,973,45.766,299,280,20,2,-4,31,,,0,flight,162,75,72.2,1,1,230.5,sharp,7.6,S2_PAIR_clean_f001701.jpg,heavy,0
S2_PAIR_occ75_f000980.jpg,S2_PAIR_occ75,S2_futsal_occ75_20260808_085712,S2_PAIR_occ75,980,46.076,294,280,20,2,-4,31,,,0,flight,162,75,74.4,1,1,240.4,sharp,8.1,S2_PAIR_clean_f001701.jpg,heavy,0
S2_PAIR_occ75_f000987.jpg,S2_PAIR_occ75,S2_futsal_occ75_20260808_085712,S2_PAIR_occ75,987,46.332,295,290,20,2,-4,31,,,0,flight,162,75,70.2,1,1,233.4,sharp,8.9,S2_PAIR_clean_f001701.jpg,heavy,0
S2_PAIR_occ75_f000994.jpg,S2_PAIR_occ75,S2_futsal_occ75_20260808_085712,S2_PAIR_occ75,994,46.626,299,290,20,1,-4,31,,,0,flight,162,75,66.5,1,1,223.5,sharp,9.9,S2_PAIR_clean_f001701.jpg,heavy,0
S2_PAIR_occ75_f001001.jpg,S2_PAIR_occ75,S2_futsal_occ75_20260808_085712,S2_PAIR_occ75,1001,46.858,302,290,20,2,-4,31,,,0,flight,162,75,70.8,1,1,242.5,sharp,10.3,S2_PAIR_clean_f001701.jpg,heavy,0
S2_PAIR_occ75_f001008.jpg,S2_PAIR_occ75,S2_futsal_occ75_20260808_085712,S2_PAIR_occ75,1008,47.116,299,290,19,2,-4,31,,,0,flight,162,75,70.9,1,1,218.3,sharp,10.5,S2_PAIR_clean_f001701.jpg,heavy,0
S2_PAIR_occ75_f001015.jpg,S2_PAIR_occ75,S2_futsal_occ75_20260808_085712,S2_PAIR_occ75,1015,47.500,296,290,20,1,-4,31,,,0,flight,162,75,67.0,1,1,201.7,sharp,11.3,S2_PAIR_clean_f001701.jpg,heavy,0
S2_PAIR_occ75_f001022.jpg,S2_PAIR_occ75,S2_futsal_occ75_20260808_085712,S2_PAIR_occ75,1022,47.826,296,290,20,3,0,31,,,0,flight,162,75,56.1,1,1,269.4,sharp,11.2,S2_PAIR_clean_f001624.jpg,heavy,0
S2_PAIR_occ75_f001029.jpg,S2_PAIR_occ75,S2_futsal_occ75_20260808_085712,S2_PAIR_occ75,1029,48.069,292,290,20,2,1,31,,,0,flight,162,75,62.5,1,1,217.5,sharp,11.4,S2_PAIR_clean_f001624.jpg,heavy,0
S2_PAIR_occ75_f001036.jpg,S2_PAIR_occ75,S2_futsal_occ75_20260808_085712,S2_PAIR_occ75,1036,48.358,296,280,26,2,0,31,,,0,flight,162,75,67.5,1,1,212.2,sharp,6.4,S2_PAIR_clean_f001715.jpg,heavy,0
S2_PAIR_occ75_f001043.jpg,S2_PAIR_occ75,S2_futsal_occ75_20260808_085712,S2_PAIR_occ75,1043,48.678,296,280,35,2,0,31,,,0,flight,162,75,58.8,1,1,222.2,sharp,8.3,S2_PAIR_clean_f002002.jpg,heavy,0
S2_PAIR_occ75_f001050.jpg,S2_PAIR_occ75,S2_futsal_occ75_20260808_085712,S2_PAIR_occ75,1050,48.933,297,280,38,2,0,31,,,0,flight,162,75,53.8,1,1,227.0,sharp,8.8,S2_PAIR_clean_f002009.jpg,heavy,0
S2_PAIR_occ75_f001057.jpg,S2_PAIR_occ75,S2_futsal_occ75_20260808_085712,S2_PAIR_occ75,1057,49.156,296,280,38,2,0,31,,,0,flight,162,75,47.9,1,1,239.7,sharp,8.9,S2_PAIR_clean_f002009.jpg,partial,0
S2_PAIR_occ75_f001064.jpg,S2_PAIR_occ75,S2_futsal_occ75_20260808_085712,S2_PAIR_occ75,1064,49.453,291,280,38,1,-2,31,,,0,flight,162,75,49.0,1,1,242.5,sharp,9.0,S2_PAIR_clean_f002009.jpg,partial,0
S2_PAIR_occ75_f001071.jpg,S2_PAIR_occ75,S2_futsal_occ75_20260808_085712,S2_PAIR_occ75,1071,49.700,295,280,38,1,-6,31,,,0,flight,162,75,44.1,1,1,240.6,sharp,9.4,S2_PAIR_clean_f002009.jpg,partial,0
S2_PAIR_occ75_f001078.jpg,S2_PAIR_occ75,S2_futsal_occ75_20260808_085712,S2_PAIR_occ75,1078,50.025,294,280,38,1,-7,31,,,0,flight,162,75,48.3,1,1,250.5,sharp,10.2,S2_PAIR_clean_f002009.jpg,partial,0
S2_PAIR_occ75_f001085.jpg,S2_PAIR_occ75,S2_futsal_occ75_20260808_085712,S2_PAIR_occ75,1085,50.254,298,280,38,2,-5,31,,,0,flight,162,75,48.2,1,1,251.8,sharp,9.6,S2_PAIR_clean_f002009.jpg,partial,0
S2_PAIR_occ75_f001092.jpg,S2_PAIR_occ75,S2_futsal_occ75_20260808_085712,S2_PAIR_occ75,1092,50.533,291,280,39,2,-3,31,,,0,flight,162,75,59.1,1,1,271.2,sharp,9.6,S2_PAIR_clean_f002009.jpg,heavy,0
S2_PAIR_occ75_f001099.jpg,S2_PAIR_occ75,S2_futsal_occ75_20260808_085712,S2_PAIR_occ75,1099,50.763,300,280,38,3,-3,31,,,0,flight,162,75,54.7,1,1,251.3,sharp,9.2,S2_PAIR_clean_f002009.jpg,heavy,0
S2_PAIR_occ75_f001106.jpg,S2_PAIR_occ75,S2_futsal_occ75_20260808_085712,S2_PAIR_occ75,1106,51.018,293,280,38,2,-3,31,,,0,flight,162,75,46.6,1,1,265.4,sharp,9.3,S2_PAIR_clean_f002009.jpg,partial,0
S2_PAIR_occ75_f001113.jpg,S2_PAIR_occ75,S2_futsal_occ75_20260808_085712,S2_PAIR_occ75,1113,51.335,298,290,38,2,-2,31,,,0,flight,162,75,45.4,1,1,253.4,sharp,8.8,S2_PAIR_clean_f002009.jpg,partial,0
S2_PAIR_occ75_f001120.jpg,S2_PAIR_occ75,S2_futsal_occ75_20260808_085712,S2_PAIR_occ75,1120,51.681,300,290,38,2,1,30,,,0,flight,162,75,35.1,1,1,262.7,sharp,8.8,S2_PAIR_clean_f002009.jpg,partial,0
S2_PAIR_occ75_f001127.jpg,S2_PAIR_occ75,S2_futsal_occ75_20260808_085712,S2_PAIR_occ75,1127,51.925,296,290,42,2,1,30,,,0,flight,162,75,21.0,1,1,232.3,sharp,12.7,S2_PAIR_clean_f002016.jpg,indeterminate,0
S2_PAIR_occ75_f001134.jpg,S2_PAIR_occ75,S2_futsal_occ75_20260808_085712,S2_PAIR_occ75,1134,52.224,296,290,47,1,1,30,,,0,flight,162,75,26.2,1,1,197.6,sharp,12.5,S2_PAIR_clean_f002016.jpg,indeterminate,0
S2_PAIR_occ75_f001141.jpg,S2_PAIR_occ75,S2_futsal_occ75_20260808_085712,S2_PAIR_occ75,1141,52.427,294,290,51,1,1,30,14.33,6.720,0,flight,162,75,36.3,1,1,172.9,soft_moderate,8.3,S2_PAIR_clean_f002051.jpg,partial,0
S2_PAIR_occ75_f001148.jpg,S2_PAIR_occ75,S2_futsal_occ75_20260808_085712,S2_PAIR_occ75,1148,52.783,295,290,56,1,0,30,15.89,6.060,0,flight,162,75,13.9,1,1,172.5,soft_moderate,12.8,S2_PAIR_clean_f002093.jpg,indeterminate,0
S2_PAIR_occ75_f001155.jpg,S2_PAIR_occ75,S2_futsal_occ75_20260808_085712,S2_PAIR_occ75,1155,53.028,295,290,56,1,0,30,15.46,6.229,0,flight,162,75,39.8,1,1,182.6,sharp,13.0,S2_PAIR_clean_f002093.jpg,partial,0
S2_PAIR_occ75_f001162.jpg,S2_PAIR_occ75,S2_futsal_occ75_20260808_085712,S2_PAIR_occ75,1162,53.278,293,280,56,1,0,30,,,0,flight,162,75,59.0,1,1,182.3,sharp,13.2,S2_PAIR_clean_f002093.jpg,heavy,0
S2_PAIR_occ75_f001169.jpg,S2_PAIR_occ75,S2_futsal_occ75_20260808_085712,S2_PAIR_occ75,1169,53.523,292,280,56,1,-6,30,,,0,flight,162,75,47.0,1,1,185.0,sharp,14.3,S2_PAIR_clean_f002093.jpg,indeterminate,0
S2_PAIR_occ75_f001176.jpg,S2_PAIR_occ75,S2_futsal_occ75_20260808_085712,S2_PAIR_occ75,1176,53.767,296,280,56,1,-6,30,15.72,6.126,0,flight,162,75,24.4,1,1,181.0,soft_moderate,14.0,S2_PAIR_clean_f002093.jpg,indeterminate,0
S2_PAIR_occ75_f001183.jpg,S2_PAIR_occ75,S2_futsal_occ75_20260808_085712,S2_PAIR_occ75,1183,54.043,302,280,56,1,-5,30,,,0,flight,162,75,49.3,1,1,193.5,sharp,13.7,S2_PAIR_clean_f002093.jpg,partial,0
S2_PAIR_occ75_f001190.jpg,S2_PAIR_occ75,S2_futsal_occ75_20260808_085712,S2_PAIR_occ75,1190,54.364,296,280,56,1,-3,30,,,0,flight,162,75,43.7,1,1,186.4,sharp,13.2,S2_PAIR_clean_f002093.jpg,partial,0
S2_PAIR_occ75_f001197.jpg,S2_PAIR_occ75,S2_futsal_occ75_20260808_085712,S2_PAIR_occ75,1197,54.557,298,280,56,1,-3,30,,,0,flight,162,75,30.9,1,1,197.8,sharp,13.0,S2_PAIR_clean_f002093.jpg,indeterminate,0
S2_PAIR_occ75_f001204.jpg,S2_PAIR_occ75,S2_futsal_occ75_20260808_085712,S2_PAIR_occ75,1204,54.884,297,290,56,1,-2,29,,,0,flight,162,75,24.0,1,1,230.9,sharp,12.7,S2_PAIR_clean_f002093.jpg,indeterminate,0
S2_PAIR_occ75_f001211.jpg,S2_PAIR_occ75,S2_futsal_occ75_20260808_085712,S2_PAIR_occ75,1211,55.123,296,290,56,1,-2,29,,,0,flight,162,75,17.2,1,1,216.7,sharp,12.1,S2_PAIR_clean_f002093.jpg,indeterminate,0
S2_PAIR_occ75_f001218.jpg,S2_PAIR_occ75,S2_futsal_occ75_20260808_085712,S2_PAIR_occ75,1218,55.400,300,290,56,1,1,29,,,0,flight,162,75,6.7,1,1,203.6,sharp,11.7,S2_PAIR_clean_f002093.jpg,indeterminate,0
S2_PAIR_occ75_f001225.jpg,S2_PAIR_occ75,S2_futsal_occ75_20260808_085712,S2_PAIR_occ75,1225,55.670,296,290,56,1,2,29,,,0,flight,162,75,34.4,1,1,207.0,sharp,11.3,S2_PAIR_clean_f002093.jpg,partial,0
S2_PAIR_occ75_f001232.jpg,S2_PAIR_occ75,S2_futsal_occ75_20260808_085712,S2_PAIR_occ75,1232,55.923,299,290,59,2,1,29,,,0,flight,162,75,50.0,1,1,174.2,soft_moderate,12.9,S2_PAIR_clean_f002100.jpg,partial,0
S2_PAIR_occ75_f001239.jpg,S2_PAIR_occ75,S2_futsal_occ75_20260808_085712,S2_PAIR_occ75,1239,56.178,297,290,66,1,1,29,,,0,flight,162,75,6.5,1,1,133.1,soft_heavy,11.6,S2_PAIR_clean_f002100.jpg,indeterminate,0
S2_PAIR_occ75_f001246.jpg,S2_PAIR_occ75,S2_futsal_occ75_20260808_085712,S2_PAIR_occ75,1246,56.474,296,280,73,1,1,29,,,0,flight,162,75,36.3,1,1,116.5,soft_heavy,13.3,S2_PAIR_clean_f002107.jpg,partial,0
S2_PAIR_occ75_f001253.jpg,S2_PAIR_occ75,S2_futsal_occ75_20260808_085712,S2_PAIR_occ75,1253,56.798,291,280,73,0,3,28,,,0,flight,162,75,10.7,1,1,127.5,soft_heavy,12.0,S2_PAIR_clean_f002261.jpg,indeterminate,0
S2_PAIR_occ75_f001260.jpg,S2_PAIR_occ75,S2_futsal_occ75_20260808_085712,S2_PAIR_occ75,1260,57.027,293,280,73,0,-1,28,,,0,flight,162,75,7.2,1,1,137.7,soft_heavy,11.7,S2_PAIR_clean_f002261.jpg,indeterminate,0
S2_PAIR_occ75_f001267.jpg,S2_PAIR_occ75,S2_futsal_occ75_20260808_085712,S2_PAIR_occ75,1267,57.342,298,290,72,1,-5,28,,,0,flight,162,75,3.6,1,1,147.5,soft_heavy,11.7,S2_PAIR_clean_f002261.jpg,indeterminate,0
S2_PAIR_occ75_f001274.jpg,S2_PAIR_occ75,S2_futsal_occ75_20260808_085712,S2_PAIR_occ75,1274,57.545,296,290,72,1,-5,28,,,0,flight,162,75,39.3,1,1,170.5,soft_moderate,11.4,S2_PAIR_clean_f002261.jpg,partial,0
S2_PAIR_occ75_f001281.jpg,S2_PAIR_occ75,S2_futsal_occ75_20260808_085712,S2_PAIR_occ75,1281,57.817,301,290,72,1,-4,28,,,0,flight,162,75,21.6,1,1,173.0,soft_moderate,11.3,S2_PAIR_clean_f002261.jpg,indeterminate,0
S2_PAIR_occ75_f001288.jpg,S2_PAIR_occ75,S2_futsal_occ75_20260808_085712,S2_PAIR_occ75,1288,58.113,301,290,73,1,-2,28,,,0,flight,162,75,4.6,1,1,206.1,sharp,11.8,S2_PAIR_clean_f002261.jpg,indeterminate,0
S2_PAIR_occ75_f001295.jpg,S2_PAIR_occ75,S2_futsal_occ75_20260808_085712,S2_PAIR_occ75,1295,58.328,296,290,73,1,-2,28,,,0,flight,162,75,27.0,1,1,227.8,sharp,11.8,S2_PAIR_clean_f002261.jpg,indeterminate,0
S2_PAIR_occ75_f001302.jpg,S2_PAIR_occ75,S2_futsal_occ75_20260808_085712,S2_PAIR_occ75,1302,58.545,301,290,73,1,-2,28,,,0,flight,162,75,10.4,1,1,225.3,sharp,11.4,S2_PAIR_clean_f002261.jpg,indeterminate,0
S2_PAIR_occ75_f001309.jpg,S2_PAIR_occ75,S2_futsal_occ75_20260808_085712,S2_PAIR_occ75,1309,58.789,300,290,73,1,-2,28,,,0,flight,162,75,29.2,1,1,229.5,sharp,11.9,S2_PAIR_clean_f002254.jpg,indeterminate,0
S2_PAIR_occ75_f001316.jpg,S2_PAIR_occ75,S2_futsal_occ75_20260808_085712,S2_PAIR_occ75,1316,59.083,299,290,73,1,-2,28,,,0,flight,162,75,25.4,1,1,173.7,soft_moderate,11.2,S2_PAIR_clean_f002247.jpg,indeterminate,0
S2_PAIR_occ75_f001323.jpg,S2_PAIR_occ75,S2_futsal_occ75_20260808_085712,S2_PAIR_occ75,1323,59.317,301,290,73,1,-2,28,,,0,flight,162,75,21.4,1,1,161.7,soft_heavy,11.2,S2_PAIR_clean_f002268.jpg,indeterminate,0
S2_PAIR_occ75_f001330.jpg,S2_PAIR_occ75,S2_futsal_occ75_20260808_085712,S2_PAIR_occ75,1330,59.579,298,290,73,1,-2,28,,,0,flight,162,75,14.5,1,1,157.1,soft_heavy,11.1,S2_PAIR_clean_f002261.jpg,indeterminate,0
S2_PAIR_occ75_f001337.jpg,S2_PAIR_occ75,S2_futsal_occ75_20260808_085712,S2_PAIR_occ75,1337,59.877,289,280,73,1,-2,28,,,0,flight,162,75,5.7,1,1,182.9,sharp,11.1,S2_PAIR_clean_f002268.jpg,indeterminate,0
S2_PAIR_occ75_f001344.jpg,S2_PAIR_occ75,S2_futsal_occ75_20260808_085712,S2_PAIR_occ75,1344,60.124,292,280,73,2,-2,28,,,0,flight,162,75,0.0,1,1,172.1,soft_moderate,11.3,S2_PAIR_clean_f002275.jpg,indeterminate,0
S2_PAIR_occ75_f001351.jpg,S2_PAIR_occ75,S2_futsal_occ75_20260808_085712,S2_PAIR_occ75,1351,60.422,288,280,73,1,-2,28,,,0,flight,162,75,0.0,1,1,167.2,soft_moderate,12.1,S2_PAIR_clean_f002275.jpg,indeterminate,0
S2_PAIR_occ75_f001358.jpg,S2_PAIR_occ75,S2_futsal_occ75_20260808_085712,S2_PAIR_occ75,1358,60.657,278,280,73,1,-1,27,,,0,flight,162,75,0.0,1,1,171.8,soft_moderate,13.0,S2_PAIR_clean_f002275.jpg,indeterminate,0
S2_PAIR_occ75_f001365.jpg,S2_PAIR_occ75,S2_futsal_occ75_20260808_085712,S2_PAIR_occ75,1365,60.917,280,270,72,1,-1,27,,,0,flight,162,75,0.0,1,1,169.0,soft_moderate,13.3,S2_PAIR_clean_f002275.jpg,indeterminate,0
S2_PAIR_occ75_f001372.jpg,S2_PAIR_occ75,S2_futsal_occ75_20260808_085712,S2_PAIR_occ75,1372,61.275,299,280,73,1,2,27,,,0,flight,162,75,0.0,1,1,169.0,soft_moderate,13.9,S2_PAIR_clean_f002275.jpg,indeterminate,0
S2_PAIR_occ75_f001379.jpg,S2_PAIR_occ75,S2_futsal_occ75_20260808_085712,S2_PAIR_occ75,1379,61.525,306,280,77,0,2,27,,,0,flight,162,75,0.0,1,1,132.4,soft_heavy,10.1,S2_PAIR_clean_f002247.jpg,indeterminate,0
S2_PAIR_occ75_f001386.jpg,S2_PAIR_occ75,S2_futsal_occ75_20260808_085712,S2_PAIR_occ75,1386,61.832,309,290,84,0,2,27,,,0,flight,162,75,3.2,1,1,147.7,soft_heavy,10.0,S2_PAIR_clean_f002289.jpg,indeterminate,0
S2_PAIR_occ75_f001393.jpg,S2_PAIR_occ75,S2_futsal_occ75_20260808_085712,S2_PAIR_occ75,1393,62.095,307,290,89,0,1,27,,,0,flight,162,75,0.0,1,1,133.6,soft_heavy,9.0,S2_PAIR_clean_f002296.jpg,indeterminate,0
S2_PAIR_occ75_f001400.jpg,S2_PAIR_occ75,S2_futsal_occ75_20260808_085712,S2_PAIR_occ75,1400,62.459,303,290,97,0,1,27,,,0,flight,162,75,,0,1,173.2,soft_moderate,,,indeterminate,0
S2_PAIR_occ75_f001407.jpg,S2_PAIR_occ75,S2_futsal_occ75_20260808_085712,S2_PAIR_occ75,1407,62.736,301,290,97,-1,4,27,,,0,flight,162,75,,0,1,161.3,soft_heavy,,,indeterminate,0
S2_PAIR_occ75_f001414.jpg,S2_PAIR_occ75,S2_futsal_occ75_20260808_085712,S2_PAIR_occ75,1414,62.978,291,290,97,0,-2,27,,,0,flight,162,75,,0,1,174.1,soft_moderate,,,indeterminate,0
S2_PAIR_occ75_f001421.jpg,S2_PAIR_occ75,S2_futsal_occ75_20260808_085712,S2_PAIR_occ75,1421,63.266,289,290,97,1,-5,27,,,0,flight,162,75,,0,1,182.1,sharp,,,indeterminate,0
S2_PAIR_occ75_f001428.jpg,S2_PAIR_occ75,S2_futsal_occ75_20260808_085712,S2_PAIR_occ75,1428,63.528,285,280,97,1,-4,27,,,0,flight,162,75,,0,1,172.4,soft_moderate,,,indeterminate,0
S2_PAIR_occ75_f001435.jpg,S2_PAIR_occ75,S2_futsal_occ75_20260808_085712,S2_PAIR_occ75,1435,63.884,287,280,97,1,-2,27,,,0,flight,162,75,,0,1,184.6,sharp,,,indeterminate,0
S2_PAIR_occ75_f001442.jpg,S2_PAIR_occ75,S2_futsal_occ75_20260808_085712,S2_PAIR_occ75,1442,64.133,292,280,97,1,-2,27,,,0,flight,162,75,,0,1,180.4,soft_moderate,,,indeterminate,0
S2_PAIR_occ75_f001449.jpg,S2_PAIR_occ75,S2_futsal_occ75_20260808_085712,S2_PAIR_occ75,1449,64.388,285,280,97,1,-1,27,,,0,flight,162,75,,0,1,171.8,soft_moderate,,,indeterminate,0
S2_PAIR_occ75_f001456.jpg,S2_PAIR_occ75,S2_futsal_occ75_20260808_085712,S2_PAIR_occ75,1456,64.616,287,280,97,0,-1,26,,,0,flight,162,75,,0,1,163.8,soft_heavy,,,indeterminate,0
S2_PAIR_occ75_f001463.jpg,S2_PAIR_occ75,S2_futsal_occ75_20260808_085712,S2_PAIR_occ75,1463,64.921,292,280,97,0,-1,26,,,0,flight,162,75,,0,1,185.7,sharp,,,indeterminate,0
S2_PAIR_occ75_f001470.jpg,S2_PAIR_occ75,S2_futsal_occ75_20260808_085712,S2_PAIR_occ75,1470,65.162,294,280,97,0,-1,26,,,0,flight,162,75,,0,1,180.1,soft_moderate,,,indeterminate,0
S2_PAIR_occ75_f001477.jpg,S2_PAIR_occ75,S2_futsal_occ75_20260808_085712,S2_PAIR_occ75,1477,65.460,293,280,97,1,-1,26,,,0,flight,162,75,,0,1,176.5,soft_moderate,,,indeterminate,0
S2_PAIR_occ75_f001484.jpg,S2_PAIR_occ75,S2_futsal_occ75_20260808_085712,S2_PAIR_occ75,1484,65.719,295,280,97,1,-1,26,,,0,flight,162,75,,0,1,177.8,soft_moderate,,,indeterminate,0
S2_PAIR_occ75_f001491.jpg,S2_PAIR_occ75,S2_futsal_occ75_20260808_085712,S2_PAIR_occ75,1491,65.952,294,280,97,0,2,26,,,0,flight,162,75,,0,1,158.8,soft_heavy,,,indeterminate,0
S2_PAIR_occ75_f001498.jpg,S2_PAIR_occ75,S2_futsal_occ75_20260808_085712,S2_PAIR_occ75,1498,66.208,294,280,97,1,3,26,,,0,flight,162,75,,0,1,159.0,soft_heavy,,,indeterminate,0
S2_PAIR_occ75_f001505.jpg,S2_PAIR_occ75,S2_futsal_occ75_20260808_085712,S2_PAIR_occ75,1505,66.458,297,280,100,0,3,26,,,0,flight,162,75,,0,1,147.9,soft_heavy,,,indeterminate,0
S2_PAIR_occ75_f001512.jpg,S2_PAIR_occ75,S2_futsal_occ75_20260808_085712,S2_PAIR_occ75,1512,66.758,296,290,110,0,2,25,,,0,flight,162,75,,0,1,151.5,soft_heavy,,,indeterminate,0
S2_PAIR_occ75_f001519.jpg,S2_PAIR_occ75,S2_futsal_occ75_20260808_085712,S2_PAIR_occ75,1519,67.013,296,290,115,0,2,25,,,0,flight,162,75,,0,1,158.0,soft_heavy,,,indeterminate,0
S2_PAIR_occ75_f001526.jpg,S2_PAIR_occ75,S2_futsal_occ75_20260808_085712,S2_PAIR_occ75,1526,67.333,295,290,120,0,1,25,,,0,flight,162,75,,0,1,182.5,sharp,,,indeterminate,0
S2_PAIR_occ75_f001533.jpg,S2_PAIR_occ75,S2_futsal_occ75_20260808_085712,S2_PAIR_occ75,1533,67.592,289,280,120,0,2,25,,,0,flight,162,75,,0,1,170.3,soft_moderate,,,indeterminate,0
S2_PAIR_occ75_f001540.jpg,S2_PAIR_occ75,S2_futsal_occ75_20260808_085712,S2_PAIR_occ75,1540,67.825,293,280,120,0,-3,25,,,0,flight,162,75,,0,1,201.3,sharp,,,indeterminate,0
S2_PAIR_occ75_f001547.jpg,S2_PAIR_occ75,S2_futsal_occ75_20260808_085712,S2_PAIR_occ75,1547,68.090,297,280,120,0,-4,25,,,0,flight,162,75,,0,1,170.3,soft_moderate,,,indeterminate,0
S2_PAIR_occ75_f001554.jpg,S2_PAIR_occ75,S2_futsal_occ75_20260808_085712,S2_PAIR_occ75,1554,68.321,288,280,121,0,-3,25,,,0,flight,162,75,,0,1,170.7,soft_moderate,,,indeterminate,0
S2_PAIR_occ75_f001561.jpg,S2_PAIR_occ75,S2_futsal_occ75_20260808_085712,S2_PAIR_occ75,1561,68.627,294,280,121,0,-2,25,,,0,flight,162,75,0.0,1,1,180.7,soft_moderate,14.6,S2_PAIR_clean_f002436.jpg,indeterminate,0
S2_PAIR_occ75_f001568.jpg,S2_PAIR_occ75,S2_futsal_occ75_20260808_085712,S2_PAIR_occ75,1568,68.902,292,280,121,0,-2,25,,,0,flight,162,75,0.0,1,1,178.1,soft_moderate,13.7,S2_PAIR_clean_f002436.jpg,indeterminate,0
S2_PAIR_occ75_f001575.jpg,S2_PAIR_occ75,S2_futsal_occ75_20260808_085712,S2_PAIR_occ75,1575,69.188,291,280,121,0,-1,25,,,0,flight,162,75,0.0,1,1,174.9,soft_moderate,13.5,S2_PAIR_clean_f002436.jpg,indeterminate,0
S2_PAIR_occ75_f001582.jpg,S2_PAIR_occ75,S2_futsal_occ75_20260808_085712,S2_PAIR_occ75,1582,69.417,294,280,121,0,-2,25,,,0,flight,162,75,0.0,1,1,181.7,soft_moderate,13.3,S2_PAIR_clean_f002436.jpg,indeterminate,0
S2_PAIR_occ75_f001589.jpg,S2_PAIR_occ75,S2_futsal_occ75_20260808_085712,S2_PAIR_occ75,1589,69.680,296,280,121,0,-2,24,,,0,flight,162,75,0.0,1,1,185.9,sharp,12.9,S2_PAIR_clean_f002436.jpg,indeterminate,0
S2_PAIR_occ75_f001596.jpg,S2_PAIR_occ75,S2_futsal_occ75_20260808_085712,S2_PAIR_occ75,1596,69.933,293,280,121,0,-1,24,,,0,flight,162,75,0.0,1,1,193.1,sharp,12.6,S2_PAIR_clean_f002436.jpg,indeterminate,0
S2_PAIR_occ75_f001603.jpg,S2_PAIR_occ75,S2_futsal_occ75_20260808_085712,S2_PAIR_occ75,1603,70.152,299,280,121,0,-2,24,,,0,flight,162,75,0.0,1,1,189.6,sharp,12.5,S2_PAIR_clean_f002436.jpg,indeterminate,0
S2_PAIR_occ75_f001610.jpg,S2_PAIR_occ75,S2_futsal_occ75_20260808_085712,S2_PAIR_occ75,1610,70.455,296,280,120,0,-2,24,,,0,flight,162,75,0.0,1,1,210.1,sharp,12.3,S2_PAIR_clean_f002436.jpg,indeterminate,0
S2_PAIR_occ75_f001617.jpg,S2_PAIR_occ75,S2_futsal_occ75_20260808_085712,S2_PAIR_occ75,1617,70.759,295,280,120,0,-2,24,,,0,flight,162,75,0.0,1,1,227.7,sharp,12.3,S2_PAIR_clean_f002436.jpg,indeterminate,0
S2_PAIR_occ75_f001624.jpg,S2_PAIR_occ75,S2_futsal_occ75_20260808_085712,S2_PAIR_occ75,1624,71.074,292,280,121,0,-2,24,,,0,flight,162,75,0.0,1,1,189.1,sharp,12.5,S2_PAIR_clean_f002436.jpg,indeterminate,0
S2_PAIR_occ75_f001631.jpg,S2_PAIR_occ75,S2_futsal_occ75_20260808_085712,S2_PAIR_occ75,1631,71.360,292,280,121,0,-2,24,,,0,flight,162,75,0.0,1,1,183.5,sharp,12.4,S2_PAIR_clean_f002436.jpg,indeterminate,0
S2_PAIR_occ75_f001638.jpg,S2_PAIR_occ75,S2_futsal_occ75_20260808_085712,S2_PAIR_occ75,1638,71.685,286,280,120,0,0,24,,,0,flight,162,75,0.0,1,1,181.4,soft_moderate,12.7,S2_PAIR_clean_f002436.jpg,indeterminate,0
S2_PAIR_occ75_f001645.jpg,S2_PAIR_occ75,S2_futsal_occ75_20260808_085712,S2_PAIR_occ75,1645,71.892,287,280,122,0,2,24,,,0,flight,162,75,0.0,1,1,170.5,soft_moderate,12.8,S2_PAIR_clean_f002436.jpg,indeterminate,0
S2_PAIR_occ75_f001652.jpg,S2_PAIR_occ75,S2_futsal_occ75_20260808_085712,S2_PAIR_occ75,1652,72.183,288,280,130,0,1,24,,,0,flight,162,75,0.0,1,1,152.9,soft_heavy,5.4,S2_PAIR_clean_f002597.jpg,indeterminate,0
S2_PAIR_occ75_f001659.jpg,S2_PAIR_occ75,S2_futsal_occ75_20260808_085712,S2_PAIR_occ75,1659,72.489,287,280,139,-1,0,24,,,0,flight,162,75,12.6,1,1,160.2,soft_heavy,4.4,S2_PAIR_clean_f002611.jpg,indeterminate,0
S2_PAIR_occ75_f001666.jpg,S2_PAIR_occ75,S2_futsal_occ75_20260808_085712,S2_PAIR_occ75,1666,72.781,291,280,146,-1,0,23,,,0,flight,162,75,0.0,1,1,149.3,soft_heavy,4.5,S2_PAIR_clean_f002618.jpg,indeterminate,0
S2_PAIR_occ75_f001673.jpg,S2_PAIR_occ75,S2_futsal_occ75_20260808_085712,S2_PAIR_occ75,1673,72.961,286,280,152,-1,0,23,,,0,flight,162,75,0.0,1,1,161.2,soft_heavy,15.8,S2_PAIR_clean_f002737.jpg,indeterminate,0
S2_PAIR_occ75_f001680.jpg,S2_PAIR_occ75,S2_futsal_occ75_20260808_085712,S2_PAIR_occ75,1680,73.234,295,280,155,-2,0,23,,,0,flight,162,75,0.0,1,1,166.5,soft_heavy,12.9,S2_PAIR_clean_f002737.jpg,indeterminate,0
S2_PAIR_occ75_f001687.jpg,S2_PAIR_occ75,S2_futsal_occ75_20260808_085712,S2_PAIR_occ75,1687,73.450,293,280,155,-1,-1,23,,,0,flight,162,75,0.0,1,1,178.0,soft_moderate,13.1,S2_PAIR_clean_f002737.jpg,indeterminate,0
S2_PAIR_occ75_f001694.jpg,S2_PAIR_occ75,S2_futsal_occ75_20260808_085712,S2_PAIR_occ75,1694,73.694,296,280,155,-1,-6,23,,,0,flight,162,75,1.5,1,1,187.2,sharp,12.9,S2_PAIR_clean_f002737.jpg,indeterminate,0
S2_PAIR_occ75_f001701.jpg,S2_PAIR_occ75,S2_futsal_occ75_20260808_085712,S2_PAIR_occ75,1701,73.950,292,290,155,-1,-6,23,,,0,flight,162,75,1.4,1,1,185.9,sharp,12.6,S2_PAIR_clean_f002737.jpg,indeterminate,0
S2_PAIR_occ75_f001708.jpg,S2_PAIR_occ75,S2_futsal_occ75_20260808_085712,S2_PAIR_occ75,1708,74.258,294,290,155,0,-5,23,,,0,flight,162,75,0.0,1,1,183.3,sharp,12.7,S2_PAIR_clean_f002737.jpg,indeterminate,0
S2_PAIR_occ75_f001715.jpg,S2_PAIR_occ75,S2_futsal_occ75_20260808_085712,S2_PAIR_occ75,1715,74.508,298,290,155,-1,-3,23,,,0,flight,162,75,0.7,1,1,186.0,sharp,13.0,S2_PAIR_clean_f002737.jpg,indeterminate,0
S2_PAIR_occ75_f001722.jpg,S2_PAIR_occ75,S2_futsal_occ75_20260808_085712,S2_PAIR_occ75,1722,74.731,293,280,155,-1,-2,23,,,0,flight,162,75,3.9,1,1,188.1,sharp,13.4,S2_PAIR_clean_f002737.jpg,indeterminate,0
S2_PAIR_occ75_f001729.jpg,S2_PAIR_occ75,S2_futsal_occ75_20260808_085712,S2_PAIR_occ75,1729,75.069,286,280,155,0,-3,23,,,0,flight,162,75,4.1,1,1,179.1,soft_moderate,13.8,S2_PAIR_clean_f002737.jpg,indeterminate,0
S2_PAIR_occ75_f001736.jpg,S2_PAIR_occ75,S2_futsal_occ75_20260808_085712,S2_PAIR_occ75,1736,75.363,284,280,155,0,-4,23,,,0,flight,162,75,7.6,1,1,191.0,sharp,14.4,S2_PAIR_clean_f002737.jpg,indeterminate,0
S2_PAIR_occ75_f001743.jpg,S2_PAIR_occ75,S2_futsal_occ75_20260808_085712,S2_PAIR_occ75,1743,75.728,286,280,155,-1,-2,23,,,0,flight,162,75,0.0,1,1,195.6,sharp,15.0,S2_PAIR_clean_f002737.jpg,indeterminate,0
S2_PAIR_occ75_f001750.jpg,S2_PAIR_occ75,S2_futsal_occ75_20260808_085712,S2_PAIR_occ75,1750,75.964,290,280,155,-1,-2,23,,,0,flight,162,75,4.1,1,1,196.4,sharp,15.4,S2_PAIR_clean_f002737.jpg,indeterminate,0
S2_PAIR_occ75_f001757.jpg,S2_PAIR_occ75,S2_futsal_occ75_20260808_085712,S2_PAIR_occ75,1757,76.184,295,280,155,-1,-2,23,,,0,flight,162,75,0.0,1,1,192.2,sharp,15.8,S2_PAIR_clean_f002737.jpg,indeterminate,0
S2_PAIR_occ75_f001764.jpg,S2_PAIR_occ75,S2_futsal_occ75_20260808_085712,S2_PAIR_occ75,1764,76.450,298,280,155,-1,-3,23,,,0,flight,162,75,17.4,1,1,204.5,sharp,15.2,S2_PAIR_clean_f002730.jpg,indeterminate,0
S2_PAIR_occ75_f001771.jpg,S2_PAIR_occ75,S2_futsal_occ75_20260808_085712,S2_PAIR_occ75,1771,76.901,296,280,155,-1,-4,23,,,0,flight,162,75,11.3,1,1,210.9,sharp,14.3,S2_PAIR_clean_f002730.jpg,indeterminate,0
S2_PAIR_occ75_f001778.jpg,S2_PAIR_occ75,S2_futsal_occ75_20260808_085712,S2_PAIR_occ75,1778,77.196,295,280,155,-1,-4,23,,,0,flight,162,75,16.0,1,1,213.9,sharp,13.9,S2_PAIR_clean_f002730.jpg,indeterminate,0
S2_PAIR_occ75_f001785.jpg,S2_PAIR_occ75,S2_futsal_occ75_20260808_085712,S2_PAIR_occ75,1785,77.388,304,290,155,-1,-4,23,,,0,flight,162,75,13.1,1,1,211.4,sharp,13.6,S2_PAIR_clean_f002730.jpg,indeterminate,0
S2_PAIR_occ75_f001792.jpg,S2_PAIR_occ75,S2_futsal_occ75_20260808_085712,S2_PAIR_occ75,1792,77.634,301,290,155,-1,-4,22,,,0,flight,162,75,1.5,1,1,210.2,sharp,13.3,S2_PAIR_clean_f002730.jpg,indeterminate,0
S2_PAIR_occ75_f001799.jpg,S2_PAIR_occ75,S2_futsal_occ75_20260808_085712,S2_PAIR_occ75,1799,77.910,300,290,155,0,-4,22,,,0,flight,162,75,11.9,1,1,194.5,sharp,12.7,S2_PAIR_clean_f002730.jpg,indeterminate,0
S2_PAIR_occ75_f001806.jpg,S2_PAIR_occ75,S2_futsal_occ75_20260808_085712,S2_PAIR_occ75,1806,78.173,293,280,156,-3,-4,22,,,0,flight,162,75,11.6,1,1,181.3,soft_moderate,12.5,S2_PAIR_clean_f002730.jpg,indeterminate,0
S2_PAIR_occ75_f001813.jpg,S2_PAIR_occ75,S2_futsal_occ75_20260808_085712,S2_PAIR_occ75,1813,78.420,288,280,155,0,-5,22,,,0,flight,162,75,10.2,1,1,173.3,soft_moderate,12.2,S2_PAIR_clean_f002730.jpg,indeterminate,0
S2_PAIR_occ75_f001820.jpg,S2_PAIR_occ75,S2_futsal_occ75_20260808_085712,S2_PAIR_occ75,1820,78.618,298,280,155,0,-4,22,,,0,flight,162,75,10.0,1,1,175.1,soft_moderate,12.0,S2_PAIR_clean_f002730.jpg,indeterminate,0
S2_PAIR_occ75_f001827.jpg,S2_PAIR_occ75,S2_futsal_occ75_20260808_085712,S2_PAIR_occ75,1827,78.926,294,280,155,-2,-5,22,,,0,flight,162,75,7.2,1,1,176.4,soft_moderate,11.7,S2_PAIR_clean_f002730.jpg,indeterminate,0
S2_PAIR_occ75_f001834.jpg,S2_PAIR_occ75,S2_futsal_occ75_20260808_085712,S2_PAIR_occ75,1834,79.167,291,280,155,-2,-4,22,,,0,flight,162,75,4.3,1,1,187.1,sharp,11.8,S2_PAIR_clean_f002730.jpg,indeterminate,0
S2_PAIR_occ75_f001841.jpg,S2_PAIR_occ75,S2_futsal_occ75_20260808_085712,S2_PAIR_occ75,1841,79.477,295,280,155,-1,-6,22,,,0,flight,162,75,,0,1,180.9,soft_moderate,,,indeterminate,0
S2_PAIR_occ75_f001848.jpg,S2_PAIR_occ75,S2_futsal_occ75_20260808_085712,S2_PAIR_occ75,1848,79.767,285,280,155,-2,-5,22,,,0,flight,162,75,,0,1,176.2,soft_moderate,,,indeterminate,0
S2_PAIR_occ75_f001855.jpg,S2_PAIR_occ75,S2_futsal_occ75_20260808_085712,S2_PAIR_occ75,1855,80.046,297,280,155,-1,-5,22,,,0,flight,162,75,,0,1,169.2,soft_moderate,,,indeterminate,0
S2_PAIR_occ75_f001862.jpg,S2_PAIR_occ75,S2_futsal_occ75_20260808_085712,S2_PAIR_occ75,1862,80.318,302,280,155,-1,-4,22,,,0,flight,162,75,,0,1,172.8,soft_moderate,,,indeterminate,0
S2_PAIR_occ75_f001869.jpg,S2_PAIR_occ75,S2_futsal_occ75_20260808_085712,S2_PAIR_occ75,1869,80.580,321,290,155,-1,-5,22,,,0,flight,162,75,,0,1,183.5,sharp,,,indeterminate,0
S2_PAIR_occ75_f001876.jpg,S2_PAIR_occ75,S2_futsal_occ75_20260808_085712,S2_PAIR_occ75,1876,80.850,319,300,155,-1,0,22,,,0,flight,162,75,,0,1,200.3,sharp,,,indeterminate,0
S2_PAIR_occ75_f001883.jpg,S2_PAIR_occ75,S2_futsal_occ75_20260808_085712,S2_PAIR_occ75,1883,81.185,320,300,157,-1,0,22,,,0,flight,162,75,,0,1,158.7,soft_heavy,,,indeterminate,0
S2_PAIR_occ75_f001890.jpg,S2_PAIR_occ75,S2_futsal_occ75_20260808_085712,S2_PAIR_occ75,1890,81.484,304,300,169,0,0,22,,,0,flight,162,75,,0,1,166.9,soft_heavy,,,indeterminate,0
S2_PAIR_occ75_f001897.jpg,S2_PAIR_occ75,S2_futsal_occ75_20260808_085712,S2_PAIR_occ75,1897,81.769,304,290,176,0,0,22,,,0,flight,162,75,,0,1,174.8,soft_moderate,,,indeterminate,0
S2_PAIR_occ75_f001904.jpg,S2_PAIR_occ75,S2_futsal_occ75_20260808_085712,S2_PAIR_occ75,1904,82.013,292,290,177,0,-1,22,,,0,flight,162,75,,0,1,159.4,soft_heavy,,,indeterminate,0
S2_PAIR_occ75_f001911.jpg,S2_PAIR_occ75,S2_futsal_occ75_20260808_085712,S2_PAIR_occ75,1911,82.275,289,280,177,0,0,22,,,0,flight,162,75,,0,1,172.7,soft_moderate,,,indeterminate,0
S2_PAIR_occ75_f001918.jpg,S2_PAIR_occ75,S2_futsal_occ75_20260808_085712,S2_PAIR_occ75,1918,82.559,292,280,177,0,-7,22,,,0,flight,162,75,,0,1,155.4,soft_heavy,,,indeterminate,0
S2_PAIR_occ75_f001925.jpg,S2_PAIR_occ75,S2_futsal_occ75_20260808_085712,S2_PAIR_occ75,1925,82.836,290,280,177,0,-7,22,,,0,flight,162,75,,0,1,208.6,sharp,,,indeterminate,0
S2_PAIR_occ75_f001932.jpg,S2_PAIR_occ75,S2_futsal_occ75_20260808_085712,S2_PAIR_occ75,1932,83.051,283,280,177,0,-7,22,,,0,flight,162,75,10.1,1,1,171.2,soft_moderate,11.6,S2_PAIR_clean_f002912.jpg,indeterminate,0
S2_PAIR_occ75_f001939.jpg,S2_PAIR_occ75,S2_futsal_occ75_20260808_085712,S2_PAIR_occ75,1939,83.324,287,280,178,0,-6,22,,,0,flight,162,75,14.6,1,1,173.3,soft_moderate,11.7,S2_PAIR_clean_f002912.jpg,indeterminate,0
S2_PAIR_occ75_f001946.jpg,S2_PAIR_occ75,S2_futsal_occ75_20260808_085712,S2_PAIR_occ75,1946,83.634,285,280,178,0,-5,22,,,0,flight,162,75,11.3,1,1,180.8,soft_moderate,14.4,S2_PAIR_clean_f002912.jpg,indeterminate,0
S2_PAIR_occ75_f001953.jpg,S2_PAIR_occ75,S2_futsal_occ75_20260808_085712,S2_PAIR_occ75,1953,84.024,286,280,177,0,-4,22,,,0,flight,162,75,9.2,1,1,192.7,sharp,15.6,S2_PAIR_clean_f002912.jpg,indeterminate,0
S2_PAIR_occ75_f001960.jpg,S2_PAIR_occ75,S2_futsal_occ75_20260808_085712,S2_PAIR_occ75,1960,84.317,292,280,177,0,-3,22,,,0,flight,162,75,14.9,1,1,192.7,sharp,16.4,S2_PAIR_clean_f002905.jpg,indeterminate,0
S2_PAIR_occ75_f001967.jpg,S2_PAIR_occ75,S2_futsal_occ75_20260808_085712,S2_PAIR_occ75,1967,84.585,293,280,177,1,-2,22,,,0,flight,162,75,6.9,1,1,197.6,sharp,15.9,S2_PAIR_clean_f002905.jpg,indeterminate,0
S2_PAIR_occ75_f001974.jpg,S2_PAIR_occ75,S2_futsal_occ75_20260808_085712,S2_PAIR_occ75,1974,84.984,293,280,177,0,-2,22,,,0,flight,162,75,13.0,1,1,175.5,soft_moderate,15.0,S2_PAIR_clean_f002905.jpg,indeterminate,0
S2_PAIR_occ75_f001981.jpg,S2_PAIR_occ75,S2_futsal_occ75_20260808_085712,S2_PAIR_occ75,1981,85.211,299,290,178,0,-3,22,,,0,flight,162,75,0.0,1,1,173.9,soft_moderate,14.5,S2_PAIR_clean_f002905.jpg,indeterminate,0
S2_PAIR_occ75_f001988.jpg,S2_PAIR_occ75,S2_futsal_occ75_20260808_085712,S2_PAIR_occ75,1988,85.500,308,290,178,0,-2,22,,,0,flight,162,75,3.4,1,1,191.2,sharp,13.9,S2_PAIR_clean_f002905.jpg,indeterminate,0
S2_PAIR_occ75_f001995.jpg,S2_PAIR_occ75,S2_futsal_occ75_20260808_085712,S2_PAIR_occ75,1995,85.775,308,290,177,0,-3,21,,,0,flight,162,75,0.0,1,1,195.2,sharp,13.7,S2_PAIR_clean_f002905.jpg,indeterminate,0
S2_PAIR_occ75_f002002.jpg,S2_PAIR_occ75,S2_futsal_occ75_20260808_085712,S2_PAIR_occ75,2002,86.055,305,290,177,0,-3,21,,,0,flight,162,75,0.0,1,1,185.5,sharp,13.4,S2_PAIR_clean_f002905.jpg,indeterminate,0
S2_PAIR_occ75_f002009.jpg,S2_PAIR_occ75,S2_futsal_occ75_20260808_085712,S2_PAIR_occ75,2009,86.316,298,290,178,0,-3,21,,,0,flight,162,75,0.0,1,1,187.3,sharp,13.5,S2_PAIR_clean_f002905.jpg,indeterminate,0
S2_PAIR_occ75_f002016.jpg,S2_PAIR_occ75,S2_futsal_occ75_20260808_085712,S2_PAIR_occ75,2016,86.623,298,290,177,0,-3,21,,,0,flight,162,75,0.0,1,1,192.2,sharp,13.6,S2_PAIR_clean_f002905.jpg,indeterminate,0
S2_PAIR_occ75_f002023.jpg,S2_PAIR_occ75,S2_futsal_occ75_20260808_085712,S2_PAIR_occ75,2023,86.881,304,290,178,1,-3,21,,,0,flight,162,75,5.8,1,1,195.9,sharp,13.6,S2_PAIR_clean_f002905.jpg,indeterminate,0
S2_PAIR_occ75_f002030.jpg,S2_PAIR_occ75,S2_futsal_occ75_20260808_085712,S2_PAIR_occ75,2030,87.198,294,290,177,0,-2,21,,,0,flight,162,75,0.0,1,1,192.2,sharp,13.8,S2_PAIR_clean_f002905.jpg,indeterminate,0
S2_PAIR_occ75_f002037.jpg,S2_PAIR_occ75,S2_futsal_occ75_20260808_085712,S2_PAIR_occ75,2037,87.545,294,290,177,0,1,21,,,0,flight,162,75,6.5,1,1,186.0,sharp,13.9,S2_PAIR_clean_f002905.jpg,indeterminate,0
S2_PAIR_occ75_f002044.jpg,S2_PAIR_occ75,S2_futsal_occ75_20260808_085712,S2_PAIR_occ75,2044,87.825,294,290,-177,-1,1,21,,,0,flight,162,75,24.6,1,1,171.7,soft_moderate,15.1,S2_PAIR_clean_f003087.jpg,indeterminate,0
S2_PAIR_occ75_f002051.jpg,S2_PAIR_occ75,S2_futsal_occ75_20260808_085712,S2_PAIR_occ75,2051,88.047,295,290,-171,-1,1,21,,,0,flight,162,75,28.4,1,1,156.1,soft_heavy,11.2,S2_PAIR_clean_f003038.jpg,indeterminate,0
S2_PAIR_occ75_f002058.jpg,S2_PAIR_occ75,S2_futsal_occ75_20260808_085712,S2_PAIR_occ75,2058,88.351,293,290,-162,-1,0,21,,,0,flight,162,75,2.1,1,1,170.0,soft_moderate,10.3,S2_PAIR_clean_f003101.jpg,indeterminate,0
S2_PAIR_occ75_f002065.jpg,S2_PAIR_occ75,S2_futsal_occ75_20260808_085712,S2_PAIR_occ75,2065,88.640,298,290,-156,-1,0,21,,,0,flight,162,75,19.8,1,1,202.5,sharp,11.3,S2_PAIR_clean_f003115.jpg,indeterminate,0
S2_PAIR_occ75_f002072.jpg,S2_PAIR_occ75,S2_futsal_occ75_20260808_085712,S2_PAIR_occ75,2072,88.983,296,280,-154,-3,0,21,,,0,flight,162,75,12.6,1,1,192.9,sharp,10.7,S2_PAIR_clean_f003136.jpg,indeterminate,0
S2_PAIR_occ75_f002079.jpg,S2_PAIR_occ75,S2_futsal_occ75_20260808_085712,S2_PAIR_occ75,2079,89.251,293,280,-154,-2,-5,21,,,0,flight,162,75,14.9,1,1,188.1,sharp,11.5,S2_PAIR_clean_f003136.jpg,indeterminate,0
S2_PAIR_occ75_f002086.jpg,S2_PAIR_occ75,S2_futsal_occ75_20260808_085712,S2_PAIR_occ75,2086,89.623,300,290,-154,0,-6,21,,,0,flight,162,75,2.9,1,1,211.8,sharp,11.6,S2_PAIR_clean_f003136.jpg,indeterminate,0
S2_PAIR_occ75_f002093.jpg,S2_PAIR_occ75,S2_futsal_occ75_20260808_085712,S2_PAIR_occ75,2093,89.924,298,290,-154,0,-5,21,,,0,flight,162,75,49.2,1,1,217.3,sharp,10.7,S2_PAIR_clean_f003136.jpg,partial,0
S2_PAIR_occ75_f002100.jpg,S2_PAIR_occ75,S2_futsal_occ75_20260808_085712,S2_PAIR_occ75,2100,90.211,298,290,-154,0,-4,21,,,0,flight,162,75,39.0,1,1,205.8,sharp,10.6,S2_PAIR_clean_f003129.jpg,partial,0
S2_PAIR_occ75_f002107.jpg,S2_PAIR_occ75,S2_futsal_occ75_20260808_085712,S2_PAIR_occ75,2107,90.445,301,290,-154,0,-3,21,,,0,flight,162,75,31.9,1,1,212.0,sharp,10.5,S2_PAIR_clean_f003129.jpg,partial,0
S2_PAIR_occ75_f002114.jpg,S2_PAIR_occ75,S2_futsal_occ75_20260808_085712,S2_PAIR_occ75,2114,90.748,296,290,-154,0,-2,21,,,0,flight,162,75,65.3,1,1,211.2,sharp,11.1,S2_PAIR_clean_f003129.jpg,heavy,0
S2_PAIR_occ75_f002121.jpg,S2_PAIR_occ75,S2_futsal_occ75_20260808_085712,S2_PAIR_occ75,2121,91.151,293,290,-154,0,-2,21,,,0,flight,162,75,23.3,1,1,227.3,sharp,10.8,S2_PAIR_clean_f003157.jpg,indeterminate,0
S2_PAIR_occ75_f002128.jpg,S2_PAIR_occ75,S2_futsal_occ75_20260808_085712,S2_PAIR_occ75,2128,91.476,288,280,-154,0,-2,21,,,0,flight,162,75,39.3,1,1,250.8,sharp,10.8,S2_PAIR_clean_f003171.jpg,partial,0
S2_PAIR_occ75_f002135.jpg,S2_PAIR_occ75,S2_futsal_occ75_20260808_085712,S2_PAIR_occ75,2135,91.718,299,280,-154,0,-2,21,,,0,flight,162,75,26.4,1,1,250.7,sharp,11.4,S2_PAIR_clean_f003185.jpg,indeterminate,0
S2_PAIR_occ75_f002142.jpg,S2_PAIR_occ75,S2_futsal_occ75_20260808_085712,S2_PAIR_occ75,2142,91.978,307,280,-154,0,-2,21,,,0,flight,162,75,18.7,1,1,207.9,sharp,8.9,S2_PAIR_clean_f003185.jpg,indeterminate,0
S2_PAIR_occ75_f002149.jpg,S2_PAIR_occ75,S2_futsal_occ75_20260808_085712,S2_PAIR_occ75,2149,92.243,314,290,-154,0,-2,21,,,0,flight,162,75,29.0,1,1,226.4,sharp,8.3,S2_PAIR_clean_f003192.jpg,indeterminate,0
S2_PAIR_occ75_f002156.jpg,S2_PAIR_occ75,S2_futsal_occ75_20260808_085712,S2_PAIR_occ75,2156,92.574,310,290,-154,0,-1,21,,,0,flight,162,75,17.3,1,1,220.1,sharp,8.0,S2_PAIR_clean_f003206.jpg,indeterminate,0
S2_PAIR_occ75_f002163.jpg,S2_PAIR_occ75,S2_futsal_occ75_20260808_085712,S2_PAIR_occ75,2163,92.846,306,290,-154,0,-2,20,,,0,flight,162,75,37.1,1,1,240.2,sharp,7.9,S2_PAIR_clean_f003206.jpg,partial,0
S2_PAIR_occ75_f002170.jpg,S2_PAIR_occ75,S2_futsal_occ75_20260808_085712,S2_PAIR_occ75,2170,93.053,301,290,-154,-1,-2,20,,,0,flight,162,75,24.5,1,1,209.1,sharp,7.9,S2_PAIR_clean_f003213.jpg,indeterminate,0
S2_PAIR_occ75_f002177.jpg,S2_PAIR_occ75,S2_futsal_occ75_20260808_085712,S2_PAIR_occ75,2177,93.329,296,290,-154,-1,-2,20,,,0,flight,162,75,33.8,1,1,200.8,sharp,8.1,S2_PAIR_clean_f003220.jpg,partial,0
S2_PAIR_occ75_f002184.jpg,S2_PAIR_occ75,S2_futsal_occ75_20260808_085712,S2_PAIR_occ75,2184,93.582,290,290,-154,-1,-2,20,,,0,flight,162,75,25.0,1,1,212.6,sharp,8.2,S2_PAIR_clean_f003227.jpg,indeterminate,0
S2_PAIR_occ75_f002191.jpg,S2_PAIR_occ75,S2_futsal_occ75_20260808_085712,S2_PAIR_occ75,2191,93.864,287,280,-154,-1,-3,20,,,0,flight,162,75,36.8,1,1,209.1,sharp,8.2,S2_PAIR_clean_f003234.jpg,partial,0
S2_PAIR_occ75_f002198.jpg,S2_PAIR_occ75,S2_futsal_occ75_20260808_085712,S2_PAIR_occ75,2198,94.154,288,280,-154,-1,-2,20,,,0,flight,162,75,33.3,1,1,218.2,sharp,9.2,S2_PAIR_clean_f003234.jpg,partial,0
S2_PAIR_occ75_f002205.jpg,S2_PAIR_occ75,S2_futsal_occ75_20260808_085712,S2_PAIR_occ75,2205,94.408,284,280,-154,-1,-2,20,,,0,flight,162,75,30.8,1,1,222.9,sharp,10.4,S2_PAIR_clean_f003234.jpg,indeterminate,0
S2_PAIR_occ75_f002212.jpg,S2_PAIR_occ75,S2_futsal_occ75_20260808_085712,S2_PAIR_occ75,2212,94.682,291,280,-154,-1,1,20,,,0,flight,162,75,37.9,1,1,213.5,sharp,12.4,S2_PAIR_clean_f003234.jpg,partial,0
S2_PAIR_occ75_f002219.jpg,S2_PAIR_occ75,S2_futsal_occ75_20260808_085712,S2_PAIR_occ75,2219,94.993,289,280,-152,-1,1,20,,,0,flight,162,75,13.6,1,1,180.2,soft_moderate,10.8,S2_PAIR_clean_f003213.jpg,indeterminate,0
S2_PAIR_occ75_f002226.jpg,S2_PAIR_occ75,S2_futsal_occ75_20260808_085712,S2_PAIR_occ75,2226,95.307,291,280,-142,0,1,20,,,0,flight,162,75,27.5,1,1,170.5,soft_moderate,15.8,S2_PAIR_clean_f003241.jpg,indeterminate,0
S2_PAIR_occ75_f002233.jpg,S2_PAIR_occ75,S2_futsal_occ75_20260808_085712,S2_PAIR_occ75,2233,95.526,286,280,-137,0,0,20,,,0,flight,162,75,30.5,1,1,194.0,sharp,15.3,S2_PAIR_clean_f003325.jpg,indeterminate,0
S2_PAIR_occ75_f002240.jpg,S2_PAIR_occ75,S2_futsal_occ75_20260808_085712,S2_PAIR_occ75,2240,95.761,295,280,-130,0,0,20,,,0,flight,162,75,28.8,1,1,226.5,sharp,11.6,S2_PAIR_clean_f003325.jpg,indeterminate,0
S2_PAIR_occ75_f002247.jpg,S2_PAIR_occ75,S2_futsal_occ75_20260808_085712,S2_PAIR_occ75,2247,96.115,293,280,-129,-1,2,20,,,0,flight,162,75,25.9,1,1,194.4,sharp,12.4,S2_PAIR_clean_f003255.jpg,indeterminate,0
S2_PAIR_occ75_f002254.jpg,S2_PAIR_occ75,S2_futsal_occ75_20260808_085712,S2_PAIR_occ75,2254,96.393,295,280,-128,0,-5,20,,,0,flight,162,75,37.0,1,1,217.2,sharp,10.8,S2_PAIR_clean_f003255.jpg,partial,0
S2_PAIR_occ75_f002261.jpg,S2_PAIR_occ75,S2_futsal_occ75_20260808_085712,S2_PAIR_occ75,2261,96.669,297,280,-127,0,-6,20,,,0,flight,162,75,38.3,1,1,219.3,sharp,10.9,S2_PAIR_clean_f003262.jpg,partial,0
S2_PAIR_occ75_f002268.jpg,S2_PAIR_occ75,S2_futsal_occ75_20260808_085712,S2_PAIR_occ75,2268,96.920,289,280,-127,0,-5,20,,,0,flight,162,75,30.3,1,1,219.5,sharp,11.9,S2_PAIR_clean_f003255.jpg,indeterminate,0
S2_PAIR_occ75_f002275.jpg,S2_PAIR_occ75,S2_futsal_occ75_20260808_085712,S2_PAIR_occ75,2275,97.155,294,280,-127,0,-4,20,,,0,flight,162,75,28.6,1,1,216.4,sharp,12.4,S2_PAIR_clean_f003255.jpg,indeterminate,0
S2_PAIR_occ75_f002282.jpg,S2_PAIR_occ75,S2_futsal_occ75_20260808_085712,S2_PAIR_occ75,2282,97.442,292,280,-127,0,0,20,,,0,flight,162,75,40.3,1,1,214.8,sharp,13.2,S2_PAIR_clean_f003255.jpg,partial,0
S2_PAIR_occ75_f002289.jpg,S2_PAIR_occ75,S2_futsal_occ75_20260808_085712,S2_PAIR_occ75,2289,97.680,296,280,-125,0,1,19,,,0,flight,162,75,25.6,1,1,220.5,sharp,13.1,S2_PAIR_clean_f003255.jpg,indeterminate,0
S2_PAIR_occ75_f002296.jpg,S2_PAIR_occ75,S2_futsal_occ75_20260808_085712,S2_PAIR_occ75,2296,97.912,298,280,-120,0,1,19,,,0,flight,162,75,13.5,1,1,188.0,sharp,13.1,S2_PAIR_clean_f003339.jpg,indeterminate,0
S2_PAIR_occ75_f002303.jpg,S2_PAIR_occ75,S2_futsal_occ75_20260808_085712,S2_PAIR_occ75,2303,98.221,285,280,-112,0,1,19,,,0,flight,162,75,23.9,1,1,194.6,sharp,13.0,S2_PAIR_clean_f003346.jpg,indeterminate,0
S2_PAIR_occ75_f002310.jpg,S2_PAIR_occ75,S2_futsal_occ75_20260808_085712,S2_PAIR_occ75,2310,98.496,293,280,-107,0,0,19,,,0,flight,162,75,0.0,1,1,196.6,sharp,12.4,S2_PAIR_clean_f003353.jpg,indeterminate,0
S2_PAIR_occ75_f002317.jpg,S2_PAIR_occ75,S2_futsal_occ75_20260808_085712,S2_PAIR_occ75,2317,98.751,289,280,-106,0,0,19,,,0,flight,162,75,1.0,1,1,232.1,sharp,13.0,S2_PAIR_clean_f003360.jpg,indeterminate,0
S2_PAIR_occ75_f002324.jpg,S2_PAIR_occ75,S2_futsal_occ75_20260808_085712,S2_PAIR_occ75,2324,99.020,292,280,-105,0,-3,19,,,0,flight,162,75,11.8,1,1,192.2,sharp,12.7,S2_PAIR_clean_f003353.jpg,indeterminate,0
S2_PAIR_occ75_f002331.jpg,S2_PAIR_occ75,S2_futsal_occ75_20260808_085712,S2_PAIR_occ75,2331,99.284,291,280,-104,0,-6,19,,,0,flight,162,75,21.4,1,1,180.6,soft_moderate,12.6,S2_PAIR_clean_f003409.jpg,indeterminate,0
S2_PAIR_occ75_f002338.jpg,S2_PAIR_occ75,S2_futsal_occ75_20260808_085712,S2_PAIR_occ75,2338,99.536,296,280,-103,0,-6,19,,,0,flight,162,75,10.6,1,1,212.7,sharp,13.0,S2_PAIR_clean_f003353.jpg,indeterminate,0
S2_PAIR_occ75_f002345.jpg,S2_PAIR_occ75,S2_futsal_occ75_20260808_085712,S2_PAIR_occ75,2345,99.764,294,290,-103,0,-5,19,,,0,flight,162,75,8.7,1,1,216.6,sharp,13.5,S2_PAIR_clean_f003353.jpg,indeterminate,0
S2_PAIR_occ75_f002352.jpg,S2_PAIR_occ75,S2_futsal_occ75_20260808_085712,S2_PAIR_occ75,2352,100.016,292,280,-103,0,-4,19,,,0,flight,162,75,23.6,1,1,216.7,sharp,13.5,S2_PAIR_clean_f003409.jpg,indeterminate,0
S2_PAIR_occ75_f002359.jpg,S2_PAIR_occ75,S2_futsal_occ75_20260808_085712,S2_PAIR_occ75,2359,100.294,290,280,-103,0,-3,19,,,0,flight,162,75,21.1,1,1,233.1,sharp,13.7,S2_PAIR_clean_f003409.jpg,indeterminate,0
S2_PAIR_occ75_f002366.jpg,S2_PAIR_occ75,S2_futsal_occ75_20260808_085712,S2_PAIR_occ75,2366,100.563,282,280,-103,0,-2,19,,,0,flight,162,75,21.1,1,1,226.2,sharp,13.6,S2_PAIR_clean_f003409.jpg,indeterminate,0
S2_PAIR_occ75_f002373.jpg,S2_PAIR_occ75,S2_futsal_occ75_20260808_085712,S2_PAIR_occ75,2373,100.863,282,280,-103,0,-2,19,,,0,flight,162,75,19.4,1,1,253.7,sharp,13.1,S2_PAIR_clean_f003409.jpg,indeterminate,0
S2_PAIR_occ75_f002380.jpg,S2_PAIR_occ75,S2_futsal_occ75_20260808_085712,S2_PAIR_occ75,2380,101.162,284,280,-103,0,-2,19,,,0,flight,162,75,7.9,1,1,229.1,sharp,12.3,S2_PAIR_clean_f003409.jpg,indeterminate,0
S2_PAIR_occ75_f002387.jpg,S2_PAIR_occ75,S2_futsal_occ75_20260808_085712,S2_PAIR_occ75,2387,101.381,280,280,-103,0,-2,19,,,0,flight,162,75,12.8,1,1,241.3,sharp,11.7,S2_PAIR_clean_f003409.jpg,indeterminate,0
S2_PAIR_occ75_f002394.jpg,S2_PAIR_occ75,S2_futsal_occ75_20260808_085712,S2_PAIR_occ75,2394,101.700,291,280,-103,0,-2,18,,,0,flight,162,75,19.3,1,1,222.1,sharp,10.6,S2_PAIR_clean_f003409.jpg,indeterminate,0
S2_PAIR_occ75_f002401.jpg,S2_PAIR_occ75,S2_futsal_occ75_20260808_085712,S2_PAIR_occ75,2401,101.934,298,280,-103,0,-2,18,,,0,flight,162,75,24.5,1,1,226.2,sharp,9.7,S2_PAIR_clean_f003409.jpg,indeterminate,0
S2_PAIR_occ75_f002408.jpg,S2_PAIR_occ75,S2_futsal_occ75_20260808_085712,S2_PAIR_occ75,2408,102.193,304,280,-103,0,-2,18,,,0,flight,162,75,21.5,1,1,226.8,sharp,9.1,S2_PAIR_clean_f003409.jpg,indeterminate,0
S2_PAIR_occ75_f002415.jpg,S2_PAIR_occ75,S2_futsal_occ75_20260808_085712,S2_PAIR_occ75,2415,102.489,316,290,-103,0,1,18,,,0,flight,162,75,25.1,1,1,254.5,sharp,8.9,S2_PAIR_clean_f003409.jpg,indeterminate,0
S2_PAIR_occ75_f002422.jpg,S2_PAIR_occ75,S2_futsal_occ75_20260808_085712,S2_PAIR_occ75,2422,102.816,312,300,-100,0,1,18,,,0,flight,162,75,13.4,1,1,234.4,sharp,11.5,S2_PAIR_clean_f003409.jpg,indeterminate,0
S2_PAIR_occ75_f002429.jpg,S2_PAIR_occ75,S2_futsal_occ75_20260808_085712,S2_PAIR_occ75,2429,103.026,310,300,-98,0,1,18,,,0,flight,162,75,34.2,1,1,206.6,sharp,11.2,S2_PAIR_clean_f003416.jpg,partial,0
S2_PAIR_occ75_f002436.jpg,S2_PAIR_occ75,S2_futsal_occ75_20260808_085712,S2_PAIR_occ75,2436,103.314,301,290,-91,0,0,18,,,0,flight,162,75,25.3,1,1,190.1,sharp,13.7,S2_PAIR_clean_f003423.jpg,indeterminate,0
S2_PAIR_occ75_f002443.jpg,S2_PAIR_occ75,S2_futsal_occ75_20260808_085712,S2_PAIR_occ75,2443,103.605,288,290,-87,0,0,18,,,0,flight,162,75,13.6,1,1,243.8,sharp,14.7,S2_PAIR_clean_f003430.jpg,indeterminate,0
S2_PAIR_occ75_f002450.jpg,S2_PAIR_occ75,S2_futsal_occ75_20260808_085712,S2_PAIR_occ75,2450,103.925,284,280,-87,0,0,18,,,0,flight,162,75,11.4,1,1,209.5,sharp,15.7,S2_PAIR_clean_f003430.jpg,indeterminate,0
S2_PAIR_occ75_f002457.jpg,S2_PAIR_occ75,S2_futsal_occ75_20260808_085712,S2_PAIR_occ75,2457,104.258,281,280,-87,0,-3,18,,,0,flight,162,75,19.5,1,1,224.4,sharp,15.7,S2_PAIR_clean_f003430.jpg,indeterminate,0
S2_PAIR_occ75_f002464.jpg,S2_PAIR_occ75,S2_futsal_occ75_20260808_085712,S2_PAIR_occ75,2464,104.554,281,270,-87,0,-6,18,,,0,flight,162,75,25.4,1,1,231.6,sharp,15.4,S2_PAIR_clean_f003430.jpg,indeterminate,0
S2_PAIR_occ75_f002471.jpg,S2_PAIR_occ75,S2_futsal_occ75_20260808_085712,S2_PAIR_occ75,2471,104.748,278,270,-87,0,-6,18,,,0,flight,162,75,10.6,1,1,230.1,sharp,15.1,S2_PAIR_clean_f003430.jpg,indeterminate,0
S2_PAIR_occ75_f002478.jpg,S2_PAIR_occ75,S2_futsal_occ75_20260808_085712,S2_PAIR_occ75,2478,105.046,284,270,-87,0,-4,18,,,0,flight,162,75,22.0,1,1,225.7,sharp,15.0,S2_PAIR_clean_f003430.jpg,indeterminate,0
S2_PAIR_occ75_f002485.jpg,S2_PAIR_occ75,S2_futsal_occ75_20260808_085712,S2_PAIR_occ75,2485,105.421,290,280,-86,0,-4,18,,,0,flight,162,75,10.2,1,1,235.5,sharp,14.6,S2_PAIR_clean_f003430.jpg,indeterminate,0
S2_PAIR_occ75_f002492.jpg,S2_PAIR_occ75,S2_futsal_occ75_20260808_085712,S2_PAIR_occ75,2492,105.652,296,280,-87,0,-3,18,,,0,flight,162,75,6.6,1,1,228.2,sharp,14.7,S2_PAIR_clean_f003430.jpg,indeterminate,0
S2_PAIR_occ75_f002499.jpg,S2_PAIR_occ75,S2_futsal_occ75_20260808_085712,S2_PAIR_occ75,2499,105.959,292,280,-87,0,-3,18,,,0,flight,162,75,16.0,1,1,249.4,sharp,14.6,S2_PAIR_clean_f003430.jpg,indeterminate,0
S2_PAIR_occ75_f002506.jpg,S2_PAIR_occ75,S2_futsal_occ75_20260808_085712,S2_PAIR_occ75,2506,106.232,296,290,-87,0,-3,18,,,0,flight,162,75,14.3,1,1,244.6,sharp,14.5,S2_PAIR_clean_f003430.jpg,indeterminate,0
S2_PAIR_occ75_f002513.jpg,S2_PAIR_occ75,S2_futsal_occ75_20260808_085712,S2_PAIR_occ75,2513,106.483,300,290,-87,0,-3,18,,,0,flight,162,75,14.7,1,1,252.5,sharp,14.5,S2_PAIR_clean_f003430.jpg,indeterminate,0
S2_PAIR_occ75_f002520.jpg,S2_PAIR_occ75,S2_futsal_occ75_20260808_085712,S2_PAIR_occ75,2520,106.789,295,290,-86,0,-3,17,,,0,flight,162,75,22.5,1,1,243.9,sharp,14.7,S2_PAIR_clean_f003430.jpg,indeterminate,0
S2_PAIR_occ75_f002527.jpg,S2_PAIR_occ75,S2_futsal_occ75_20260808_085712,S2_PAIR_occ75,2527,107.083,297,290,-87,0,-3,17,,,0,flight,162,75,27.6,1,1,252.9,sharp,15.0,S2_PAIR_clean_f003500.jpg,indeterminate,0
S2_PAIR_occ75_f002534.jpg,S2_PAIR_occ75,S2_futsal_occ75_20260808_085712,S2_PAIR_occ75,2534,107.421,300,290,-87,0,-3,17,,,0,flight,162,75,19.0,1,1,254.8,sharp,15.8,S2_PAIR_clean_f003430.jpg,indeterminate,0
S2_PAIR_occ75_f002541.jpg,S2_PAIR_occ75,S2_futsal_occ75_20260808_085712,S2_PAIR_occ75,2541,107.712,293,280,-87,0,-3,17,,,0,flight,162,75,20.5,1,1,269.7,sharp,15.9,S2_PAIR_clean_f003430.jpg,indeterminate,0
S2_PAIR_occ75_f002548.jpg,S2_PAIR_occ75,S2_futsal_occ75_20260808_085712,S2_PAIR_occ75,2548,108.053,284,280,-87,0,-3,17,,,0,flight,162,75,26.4,1,1,249.6,sharp,15.8,S2_PAIR_clean_f003430.jpg,indeterminate,0
S2_PAIR_occ75_f002555.jpg,S2_PAIR_occ75,S2_futsal_occ75_20260808_085712,S2_PAIR_occ75,2555,108.283,289,280,-87,0,-3,17,,,0,flight,162,75,30.8,1,1,261.1,sharp,15.8,S2_PAIR_clean_f003430.jpg,indeterminate,0
S2_PAIR_occ75_f002562.jpg,S2_PAIR_occ75,S2_futsal_occ75_20260808_085712,S2_PAIR_occ75,2562,108.555,291,280,-87,0,-3,17,,,0,flight,162,75,21.7,1,1,247.4,sharp,15.6,S2_PAIR_clean_f003430.jpg,indeterminate,0
S2_PAIR_occ75_f002569.jpg,S2_PAIR_occ75,S2_futsal_occ75_20260808_085712,S2_PAIR_occ75,2569,108.860,297,280,-87,0,-3,17,,,0,flight,162,75,34.6,1,1,296.9,sharp,15.2,S2_PAIR_clean_f003430.jpg,indeterminate,0
S2_PAIR_occ75_f002576.jpg,S2_PAIR_occ75,S2_futsal_occ75_20260808_085712,S2_PAIR_occ75,2576,109.155,300,290,-87,0,-3,17,,,0,flight,162,75,30.1,1,1,255.1,sharp,15.0,S2_PAIR_clean_f003430.jpg,indeterminate,0
S2_PAIR_occ75_f002583.jpg,S2_PAIR_occ75,S2_futsal_occ75_20260808_085712,S2_PAIR_occ75,2583,109.424,294,290,-87,0,-3,17,,,0,flight,162,75,48.6,1,1,254.9,sharp,15.3,S2_PAIR_clean_f003423.jpg,indeterminate,0
S2_PAIR_occ75_f002590.jpg,S2_PAIR_occ75,S2_futsal_occ75_20260808_085712,S2_PAIR_occ75,2590,109.753,298,280,-87,0,-2,17,,,0,flight,162,75,40.1,1,1,270.7,sharp,15.6,S2_PAIR_clean_f003423.jpg,indeterminate,0
S2_PAIR_occ75_f002597.jpg,S2_PAIR_occ75,S2_futsal_occ75_20260808_085712,S2_PAIR_occ75,2597,109.983,291,280,-87,0,-3,17,,,0,flight,162,75,46.0,1,1,248.4,sharp,15.3,S2_PAIR_clean_f003423.jpg,indeterminate,0
S2_PAIR_occ75_f002604.jpg,S2_PAIR_occ75,S2_futsal_occ75_20260808_085712,S2_PAIR_occ75,2604,110.297,287,280,-87,0,-3,17,,,0,flight,162,75,51.8,1,1,254.2,sharp,15.0,S2_PAIR_clean_f003423.jpg,indeterminate,0
S2_PAIR_occ75_f002611.jpg,S2_PAIR_occ75,S2_futsal_occ75_20260808_085712,S2_PAIR_occ75,2611,110.513,295,280,-87,0,-3,17,,,0,flight,162,75,55.1,1,1,259.4,sharp,14.4,S2_PAIR_clean_f003423.jpg,indeterminate,0
S2_PAIR_occ75_f002618.jpg,S2_PAIR_occ75,S2_futsal_occ75_20260808_085712,S2_PAIR_occ75,2618,110.797,289,280,-87,0,-3,17,,,0,flight,162,75,51.7,1,1,266.9,sharp,14.2,S2_PAIR_clean_f003423.jpg,indeterminate,0
S2_PAIR_occ75_f002625.jpg,S2_PAIR_occ75,S2_futsal_occ75_20260808_085712,S2_PAIR_occ75,2625,111.009,293,280,-87,0,-2,17,,,0,flight,162,75,54.9,1,1,260.4,sharp,14.1,S2_PAIR_clean_f003423.jpg,indeterminate,0
S2_PAIR_occ75_f002632.jpg,S2_PAIR_occ75,S2_futsal_occ75_20260808_085712,S2_PAIR_occ75,2632,111.314,293,280,-87,0,-3,17,,,0,flight,162,75,44.4,1,1,246.1,sharp,13.3,S2_PAIR_clean_f003423.jpg,partial,0
S2_PAIR_occ75_f002639.jpg,S2_PAIR_occ75,S2_futsal_occ75_20260808_085712,S2_PAIR_occ75,2639,111.564,297,280,-87,0,-3,17,,,0,flight,162,75,54.6,1,1,256.7,sharp,13.9,S2_PAIR_clean_f003423.jpg,heavy,0
S2_PAIR_occ75_f002646.jpg,S2_PAIR_occ75,S2_futsal_occ75_20260808_085712,S2_PAIR_occ75,2646,111.817,293,280,-87,0,-3,17,,,0,flight,162,75,63.5,1,1,300.2,sharp,13.8,S2_PAIR_clean_f003423.jpg,heavy,0
S2_PAIR_occ75_f002653.jpg,S2_PAIR_occ75,S2_futsal_occ75_20260808_085712,S2_PAIR_occ75,2653,112.095,300,280,-87,0,0,17,,,0,flight,162,75,44.9,1,1,248.6,sharp,14.5,S2_PAIR_clean_f003423.jpg,indeterminate,0
S2_PAIR_occ75_f002660.jpg,S2_PAIR_occ75,S2_futsal_occ75_20260808_085712,S2_PAIR_occ75,2660,112.427,293,290,-85,0,1,17,,,0,flight,162,75,21.8,1,1,224.0,sharp,14.5,S2_PAIR_clean_f003430.jpg,indeterminate,0
S2_PAIR_occ75_f002667.jpg,S2_PAIR_occ75,S2_futsal_occ75_20260808_085712,S2_PAIR_occ75,2667,112.626,302,290,-77,0,1,17,,,0,flight,162,75,33.6,1,1,217.8,sharp,17.1,S2_PAIR_clean_f003430.jpg,indeterminate,0
S2_PAIR_occ75_f002674.jpg,S2_PAIR_occ75,S2_futsal_occ75_20260808_085712,S2_PAIR_occ75,2674,112.861,296,290,-72,0,0,17,,,0,flight,162,75,59.4,1,1,225.1,sharp,17.2,S2_PAIR_clean_f003682.jpg,indeterminate,0
S2_PAIR_occ75_f002681.jpg,S2_PAIR_occ75,S2_futsal_occ75_20260808_085712,S2_PAIR_occ75,2681,113.152,296,290,-64,0,0,17,,,0,flight,162,75,62.6,1,1,185.4,sharp,13.0,S2_PAIR_clean_f003829.jpg,heavy,0
S2_PAIR_occ75_f002688.jpg,S2_PAIR_occ75,S2_futsal_occ75_20260808_085712,S2_PAIR_occ75,2688,113.424,294,290,-61,-1,2,17,,,0,flight,162,75,60.6,1,1,213.5,sharp,15.0,S2_PAIR_clean_f003836.jpg,indeterminate,0
S2_PAIR_occ75_f002695.jpg,S2_PAIR_occ75,S2_futsal_occ75_20260808_085712,S2_PAIR_occ75,2695,113.768,294,290,-60,0,-5,17,,,0,flight,162,75,41.0,1,1,227.8,sharp,14.3,S2_PAIR_clean_f003836.jpg,indeterminate,0
S2_PAIR_occ75_f002702.jpg,S2_PAIR_occ75,S2_futsal_occ75_20260808_085712,S2_PAIR_occ75,2702,114.053,293,280,-59,0,-6,17,,,0,flight,162,75,36.4,1,1,209.6,sharp,13.8,S2_PAIR_clean_f003836.jpg,partial,0
S2_PAIR_occ75_f002709.jpg,S2_PAIR_occ75,S2_futsal_occ75_20260808_085712,S2_PAIR_occ75,2709,114.368,290,280,-58,0,-5,17,,,0,flight,162,75,41.9,1,1,220.9,sharp,13.9,S2_PAIR_clean_f003836.jpg,partial,0
S2_PAIR_occ75_f002716.jpg,S2_PAIR_occ75,S2_futsal_occ75_20260808_085712,S2_PAIR_occ75,2716,114.593,297,280,-58,0,-5,17,,,0,flight,162,75,23.7,1,1,226.9,sharp,13.7,S2_PAIR_clean_f003836.jpg,indeterminate,0
S2_PAIR_occ75_f002723.jpg,S2_PAIR_occ75,S2_futsal_occ75_20260808_085712,S2_PAIR_occ75,2723,114.865,294,280,-58,0,-4,17,,,0,flight,162,75,30.1,1,1,246.0,sharp,13.6,S2_PAIR_clean_f003836.jpg,indeterminate,0
S2_PAIR_occ75_f002730.jpg,S2_PAIR_occ75,S2_futsal_occ75_20260808_085712,S2_PAIR_occ75,2730,115.207,292,280,-59,0,-3,17,,,0,flight,162,75,4.1,1,1,331.0,sharp,14.0,S2_PAIR_clean_f003836.jpg,indeterminate,0
S2_PAIR_occ75_f002737.jpg,S2_PAIR_occ75,S2_futsal_occ75_20260808_085712,S2_PAIR_occ75,2737,115.413,295,280,-59,0,-3,17,,,0,flight,162,75,0.0,1,1,363.9,sharp,15.1,S2_PAIR_clean_f003836.jpg,indeterminate,0
S2_PAIR_occ75_f002744.jpg,S2_PAIR_occ75,S2_futsal_occ75_20260808_085712,S2_PAIR_occ75,2744,115.703,291,280,-58,0,-3,17,,,0,flight,162,75,0.0,1,1,370.6,sharp,15.7,S2_PAIR_clean_f003836.jpg,indeterminate,0
S2_PAIR_occ75_f002751.jpg,S2_PAIR_occ75,S2_futsal_occ75_20260808_085712,S2_PAIR_occ75,2751,115.944,295,280,-58,0,-3,17,,,0,flight,162,75,50.1,1,1,236.6,sharp,13.5,S2_PAIR_clean_f003836.jpg,heavy,0
S2_PAIR_occ75_f002758.jpg,S2_PAIR_occ75,S2_futsal_occ75_20260808_085712,S2_PAIR_occ75,2758,116.214,285,280,-58,0,-3,17,,,0,flight,162,75,52.8,1,1,238.6,sharp,13.7,S2_PAIR_clean_f003836.jpg,heavy,0
S2_PAIR_occ75_f002765.jpg,S2_PAIR_occ75,S2_futsal_occ75_20260808_085712,S2_PAIR_occ75,2765,116.472,283,280,-58,0,-3,17,,,0,flight,162,75,0.0,1,1,241.4,sharp,13.8,S2_PAIR_clean_f003836.jpg,indeterminate,0
S2_PAIR_occ75_f002772.jpg,S2_PAIR_occ75,S2_futsal_occ75_20260808_085712,S2_PAIR_occ75,2772,116.720,286,280,-58,0,-3,16,,,0,flight,162,75,54.6,1,1,245.8,sharp,14.2,S2_PAIR_clean_f003836.jpg,indeterminate,0
S2_PAIR_occ75_f002779.jpg,S2_PAIR_occ75,S2_futsal_occ75_20260808_085712,S2_PAIR_occ75,2779,117.016,296,280,-58,0,-3,16,,,0,flight,162,75,63.7,1,1,239.4,sharp,14.5,S2_PAIR_clean_f003836.jpg,indeterminate,0
S2_PAIR_occ75_f002786.jpg,S2_PAIR_occ75,S2_futsal_occ75_20260808_085712,S2_PAIR_occ75,2786,117.252,299,280,-58,0,-3,16,,,0,flight,162,75,6.8,1,1,240.7,sharp,14.7,S2_PAIR_clean_f003836.jpg,indeterminate,0
S2_PAIR_occ75_f002793.jpg,S2_PAIR_occ75,S2_futsal_occ75_20260808_085712,S2_PAIR_occ75,2793,117.553,318,290,-59,0,-3,16,,,0,flight,162,75,74.1,1,1,243.3,sharp,14.7,S2_PAIR_clean_f003829.jpg,indeterminate,0
S2_PAIR_occ75_f002800.jpg,S2_PAIR_occ75,S2_futsal_occ75_20260808_085712,S2_PAIR_occ75,2800,117.782,316,290,-59,0,-3,16,,,0,flight,162,75,62.6,1,1,248.9,sharp,14.5,S2_PAIR_clean_f003829.jpg,indeterminate,0
S2_PAIR_occ75_f002807.jpg,S2_PAIR_occ75,S2_futsal_occ75_20260808_085712,S2_PAIR_occ75,2807,118.100,310,300,-59,0,-3,16,,,0,flight,162,75,59.7,1,1,259.7,sharp,14.4,S2_PAIR_clean_f003829.jpg,indeterminate,0
S2_PAIR_occ75_f002814.jpg,S2_PAIR_occ75,S2_futsal_occ75_20260808_085712,S2_PAIR_occ75,2814,118.377,314,300,-58,0,-3,16,,,0,flight,162,75,64.0,1,1,267.0,sharp,13.8,S2_PAIR_clean_f003829.jpg,heavy,0
S2_PAIR_occ75_f002821.jpg,S2_PAIR_occ75,S2_futsal_occ75_20260808_085712,S2_PAIR_occ75,2821,118.651,302,290,-58,0,-3,16,,,0,flight,162,75,77.0,1,1,300.9,sharp,14.1,S2_PAIR_clean_f003829.jpg,indeterminate,0
S2_PAIR_occ75_f002828.jpg,S2_PAIR_occ75,S2_futsal_occ75_20260808_085712,S2_PAIR_occ75,2828,118.897,296,290,-58,0,-3,16,,,0,flight,162,75,80.8,1,1,233.5,sharp,12.4,S2_PAIR_clean_f003829.jpg,heavy,0
S2_PAIR_occ75_f002835.jpg,S2_PAIR_occ75,S2_futsal_occ75_20260808_085712,S2_PAIR_occ75,2835,119.265,283,280,-58,0,1,16,,,0,flight,162,75,80.8,1,1,228.1,sharp,12.2,S2_PAIR_clean_f003829.jpg,heavy,0
S2_PAIR_occ75_f002842.jpg,S2_PAIR_occ75,S2_futsal_occ75_20260808_085712,S2_PAIR_occ75,2842,119.524,275,280,-58,0,1,16,,,0,flight,162,75,74.1,1,1,232.8,sharp,13.5,S2_PAIR_clean_f003829.jpg,heavy,0
S2_PAIR_occ75_f002849.jpg,S2_PAIR_occ75,S2_futsal_occ75_20260808_085712,S2_PAIR_occ75,2849,119.767,284,270,-54,0,0,16,,,0,flight,162,75,52.8,1,1,225.5,sharp,11.3,S2_PAIR_clean_f003836.jpg,heavy,0
S2_PAIR_occ75_f002856.jpg,S2_PAIR_occ75,S2_futsal_occ75_20260808_085712,S2_PAIR_occ75,2856,120.028,286,270,-46,0,0,16,,,0,flight,162,75,85.1,1,1,200.7,sharp,6.4,S2_PAIR_clean_f003878.jpg,heavy,0
S2_PAIR_occ75_f002863.jpg,S2_PAIR_occ75,S2_futsal_occ75_20260808_085712,S2_PAIR_occ75,2863,120.309,290,280,-37,0,-1,16,,,0,flight,162,75,80.1,1,1,222.7,sharp,14.6,S2_PAIR_clean_f003969.jpg,indeterminate,0
S2_PAIR_occ75_f002870.jpg,S2_PAIR_occ75,S2_futsal_occ75_20260808_085712,S2_PAIR_occ75,2870,120.609,292,280,-35,0,1,16,,,0,flight,162,75,75.5,1,1,219.2,sharp,16.4,S2_PAIR_clean_f003969.jpg,indeterminate,0
S2_PAIR_occ75_f002877.jpg,S2_PAIR_occ75,S2_futsal_occ75_20260808_085712,S2_PAIR_occ75,2877,120.952,297,280,-34,0,-1,16,,,0,flight,162,75,,1,1,247.2,sharp,,,indeterminate,1
S2_PAIR_occ75_f002884.jpg,S2_PAIR_occ75,S2_futsal_occ75_20260808_085712,S2_PAIR_occ75,2884,121.319,303,290,-34,1,-7,16,,,0,flight,162,75,,1,1,218.7,sharp,,,indeterminate,1
S2_PAIR_occ75_f002891.jpg,S2_PAIR_occ75,S2_futsal_occ75_20260808_085712,S2_PAIR_occ75,2891,121.733,295,290,-34,0,-5,16,,,0,flight,162,75,,1,1,227.8,sharp,,,indeterminate,1
S2_PAIR_occ75_f002912.jpg,S2_PAIR_occ75,S2_futsal_occ75_20260808_085712,S2_PAIR_occ75,2912,124.944,298,280,-34,0,-4,16,,,0,flight,162,75,58.8,1,1,217.3,sharp,7.5,S2_PAIR_clean_f003969.jpg,heavy,0
S2_PAIR_occ75_f002919.jpg,S2_PAIR_occ75,S2_futsal_occ75_20260808_085712,S2_PAIR_occ75,2919,125.217,296,290,-34,0,-4,16,,,0,flight,162,75,77.9,1,1,202.3,sharp,8.5,S2_PAIR_clean_f003969.jpg,heavy,0
S2_PAIR_occ75_f002926.jpg,S2_PAIR_occ75,S2_futsal_occ75_20260808_085712,S2_PAIR_occ75,2926,125.502,295,290,-34,0,-2,16,,,0,flight,162,75,85.3,1,1,208.5,sharp,9.7,S2_PAIR_clean_f003969.jpg,heavy,0
S2_PAIR_occ75_f002933.jpg,S2_PAIR_occ75,S2_futsal_occ75_20260808_085712,S2_PAIR_occ75,2933,125.766,294,290,-34,0,0,16,,,0,flight,162,75,78.4,1,1,211.3,sharp,10.8,S2_PAIR_clean_f003969.jpg,heavy,0
S2_PAIR_occ75_f002940.jpg,S2_PAIR_occ75,S2_futsal_occ75_20260808_085712,S2_PAIR_occ75,2940,126.087,295,280,-28,0,0,16,,,0,flight,162,75,71.3,1,1,215.7,sharp,17.2,S2_PAIR_clean_f003969.jpg,indeterminate,0
S2_PAIR_occ75_f002947.jpg,S2_PAIR_occ75,S2_futsal_occ75_20260808_085712,S2_PAIR_occ75,2947,126.375,292,280,-22,0,0,16,,,0,flight,162,75,,1,1,217.0,sharp,,,indeterminate,1
S2_PAIR_occ75_f002954.jpg,S2_PAIR_occ75,S2_futsal_occ75_20260808_085712,S2_PAIR_occ75,2954,126.590,294,280,-17,0,0,16,,,0,flight,162,75,,1,1,205.1,sharp,,,indeterminate,1
S2_PAIR_occ75_f002961.jpg,S2_PAIR_occ75,S2_futsal_occ75_20260808_085712,S2_PAIR_occ75,2961,126.903,296,280,-11,0,0,16,,,0,flight,162,75,,1,1,208.0,sharp,,,indeterminate,1
S2_PAIR_occ75_f002968.jpg,S2_PAIR_occ75,S2_futsal_occ75_20260808_085712,S2_PAIR_occ75,2968,127.193,293,280,-11,0,0,16,,,0,flight,162,75,,1,1,184.9,sharp,,,indeterminate,1
S2_PAIR_occ75_f002975.jpg,S2_PAIR_occ75,S2_futsal_occ75_20260808_085712,S2_PAIR_occ75,2975,127.569,295,290,-11,0,-6,15,,,0,flight,162,75,,1,1,191.0,sharp,,,indeterminate,1
S2_PAIR_occ75_f002982.jpg,S2_PAIR_occ75,S2_futsal_occ75_20260808_085712,S2_PAIR_occ75,2982,127.834,300,290,-11,0,-6,15,,,0,flight,162,75,,1,1,188.4,sharp,,,indeterminate,1
S2_PAIR_occ75_f002989.jpg,S2_PAIR_occ75,S2_futsal_occ75_20260808_085712,S2_PAIR_occ75,2989,128.265,292,290,-11,0,-4,15,,,0,flight,162,75,,1,1,161.4,soft_heavy,,,indeterminate,1
S2_PAIR_occ75_f002996.jpg,S2_PAIR_occ75,S2_futsal_occ75_20260808_085712,S2_PAIR_occ75,2996,128.583,290,280,-11,0,-3,15,,,0,flight,162,75,,1,1,160.1,soft_heavy,,,indeterminate,1
S2_PAIR_occ75_f003003.jpg,S2_PAIR_occ75,S2_futsal_occ75_20260808_085712,S2_PAIR_occ75,3003,128.779,289,280,-11,0,-3,15,,,0,flight,162,75,,1,1,161.4,soft_heavy,,,indeterminate,1
S2_PAIR_occ75_f003010.jpg,S2_PAIR_occ75,S2_futsal_occ75_20260808_085712,S2_PAIR_occ75,3010,129.064,291,280,-10,0,-2,15,,,0,flight,162,75,,1,1,202.9,sharp,,,indeterminate,1
S2_PAIR_occ75_f003017.jpg,S2_PAIR_occ75,S2_futsal_occ75_20260808_085712,S2_PAIR_occ75,3017,129.283,288,280,-10,0,-3,15,,,0,flight,162,75,47.9,1,1,203.1,sharp,12.7,S2_PAIR_clean_f004081.jpg,partial,0
S2_PAIR_occ75_f003024.jpg,S2_PAIR_occ75,S2_futsal_occ75_20260808_085712,S2_PAIR_occ75,3024,129.552,290,280,-10,0,-3,15,,,0,flight,162,75,65.9,1,1,206.1,sharp,11.9,S2_PAIR_clean_f004081.jpg,heavy,0
S2_PAIR_occ75_f003031.jpg,S2_PAIR_occ75,S2_futsal_occ75_20260808_085712,S2_PAIR_occ75,3031,129.776,285,280,-11,0,-3,15,,,0,flight,162,75,66.9,1,1,192.3,sharp,10.8,S2_PAIR_clean_f004081.jpg,heavy,0
S2_PAIR_occ75_f003038.jpg,S2_PAIR_occ75,S2_futsal_occ75_20260808_085712,S2_PAIR_occ75,3038,130.083,290,280,-11,0,-3,15,,,0,flight,162,75,88.4,1,1,173.4,soft_moderate,9.1,S2_PAIR_clean_f004081.jpg,heavy,0
S2_PAIR_occ75_f003045.jpg,S2_PAIR_occ75,S2_futsal_occ75_20260808_085712,S2_PAIR_occ75,3045,130.361,287,280,-11,0,-2,15,,,0,flight,162,75,75.8,1,1,175.2,soft_moderate,8.7,S2_PAIR_clean_f004081.jpg,heavy,0
S2_PAIR_occ75_f003052.jpg,S2_PAIR_occ75,S2_futsal_occ75_20260808_085712,S2_PAIR_occ75,3052,130.653,281,280,-10,0,-3,15,,,0,flight,162,75,72.7,1,1,172.1,soft_moderate,9.0,S2_PAIR_clean_f004081.jpg,heavy,0
S2_PAIR_occ75_f003059.jpg,S2_PAIR_occ75,S2_futsal_occ75_20260808_085712,S2_PAIR_occ75,3059,130.972,286,280,-11,0,-3,15,,,0,flight,162,75,,1,1,180.3,soft_moderate,,,indeterminate,1
S2_PAIR_occ75_f003066.jpg,S2_PAIR_occ75,S2_futsal_occ75_20260808_085712,S2_PAIR_occ75,3066,131.283,286,280,-11,0,-3,15,,,0,flight,162,75,71.1,1,1,173.7,soft_moderate,10.9,S2_PAIR_clean_f004081.jpg,heavy,0
S2_PAIR_occ75_f003073.jpg,S2_PAIR_occ75,S2_futsal_occ75_20260808_085712,S2_PAIR_occ75,3073,131.527,294,280,-10,0,-3,15,,,0,flight,162,75,75.8,1,1,191.7,sharp,12.2,S2_PAIR_clean_f004081.jpg,heavy,0
S2_PAIR_occ75_f003080.jpg,S2_PAIR_occ75,S2_futsal_occ75_20260808_085712,S2_PAIR_occ75,3080,131.827,317,280,-11,0,0,15,,,0,flight,162,75,,1,1,208.3,sharp,,,indeterminate,1
S2_PAIR_occ75_f003087.jpg,S2_PAIR_occ75,S2_futsal_occ75_20260808_085712,S2_PAIR_occ75,3087,132.077,318,290,-11,0,1,15,,,0,flight,162,75,59.5,1,1,180.8,soft_moderate,13.6,S2_PAIR_clean_f004081.jpg,heavy,0
S2_PAIR_occ75_f003094.jpg,S2_PAIR_occ75,S2_futsal_occ75_20260808_085712,S2_PAIR_occ75,3094,132.343,323,300,-11,0,1,15,,,0,flight,162,75,50.8,1,1,187.8,sharp,14.1,S2_PAIR_clean_f004081.jpg,indeterminate,0
S2_PAIR_occ75_f003101.jpg,S2_PAIR_occ75,S2_futsal_occ75_20260808_085712,S2_PAIR_occ75,3101,132.553,320,300,-11,0,0,15,,,0,flight,162,75,65.1,1,1,190.9,sharp,14.4,S2_PAIR_clean_f004081.jpg,indeterminate,0
S2_PAIR_occ75_f003108.jpg,S2_PAIR_occ75,S2_futsal_occ75_20260808_085712,S2_PAIR_occ75,3108,132.827,316,300,-11,0,0,15,,,0,flight,162,75,,1,1,210.9,sharp,,,indeterminate,1
S2_PAIR_occ75_f003115.jpg,S2_PAIR_occ75,S2_futsal_occ75_20260808_085712,S2_PAIR_occ75,3115,133.069,301,300,-11,0,0,15,,,0,flight,162,75,49.3,1,1,188.8,sharp,14.3,S2_PAIR_clean_f004039.jpg,indeterminate,0
S2_PAIR_occ75_f003122.jpg,S2_PAIR_occ75,S2_futsal_occ75_20260808_085712,S2_PAIR_occ75,3122,133.319,293,290,-11,0,0,15,,,0,flight,162,75,55.7,1,1,181.7,soft_moderate,14.2,S2_PAIR_clean_f004039.jpg,indeterminate,0
S2_PAIR_occ75_f003129.jpg,S2_PAIR_occ75,S2_futsal_occ75_20260808_085712,S2_PAIR_occ75,3129,133.696,284,280,-10,0,-7,14,,,0,flight,162,75,73.1,1,1,174.4,soft_moderate,14.1,S2_PAIR_clean_f004081.jpg,indeterminate,0
S2_PAIR_occ75_f003136.jpg,S2_PAIR_occ75,S2_futsal_occ75_20260808_085712,S2_PAIR_occ75,3136,133.886,285,280,-10,0,-7,14,,,0,flight,162,75,71.2,1,1,187.3,sharp,14.4,S2_PAIR_clean_f004025.jpg,indeterminate,0
S2_PAIR_occ75_f003143.jpg,S2_PAIR_occ75,S2_futsal_occ75_20260808_085712,S2_PAIR_occ75,3143,134.160,293,280,-10,0,-6,14,,,0,flight,162,75,,1,1,173.1,soft_moderate,,,indeterminate,1
S2_PAIR_occ75_f003150.jpg,S2_PAIR_occ75,S2_futsal_occ75_20260808_085712,S2_PAIR_occ75,3150,134.435,285,280,-11,0,-4,14,,,0,flight,162,75,74.6,1,1,167.8,soft_moderate,14.3,S2_PAIR_clean_f004046.jpg,indeterminate,0
S2_PAIR_occ75_f003157.jpg,S2_PAIR_occ75,S2_futsal_occ75_20260808_085712,S2_PAIR_occ75,3157,134.658,286,280,-11,0,1,14,,,0,flight,162,75,66.9,1,1,178.7,soft_moderate,14.3,S2_PAIR_clean_f004053.jpg,indeterminate,0
S2_PAIR_occ75_f003164.jpg,S2_PAIR_occ75,S2_futsal_occ75_20260808_085712,S2_PAIR_occ75,3164,134.960,290,280,-11,0,0,14,,,0,flight,162,75,75.1,1,1,185.9,sharp,14.6,S2_PAIR_clean_f004060.jpg,indeterminate,0
S2_PAIR_occ75_f003171.jpg,S2_PAIR_occ75,S2_futsal_occ75_20260808_085712,S2_PAIR_occ75,3171,135.213,294,280,-10,0,0,14,,,0,flight,162,75,65.1,1,1,188.3,sharp,14.7,S2_PAIR_clean_f004060.jpg,indeterminate,0
S2_PAIR_occ75_f003178.jpg,S2_PAIR_occ75,S2_futsal_occ75_20260808_085712,S2_PAIR_occ75,3178,135.485,294,280,-10,0,0,14,,,0,flight,162,75,56.0,1,1,194.7,sharp,14.8,S2_PAIR_clean_f004046.jpg,indeterminate,0
S2_PAIR_occ75_f003185.jpg,S2_PAIR_occ75,S2_futsal_occ75_20260808_085712,S2_PAIR_occ75,3185,135.734,302,290,-1,0,0,14,,,0,flight,162,75,90.7,1,1,201.1,sharp,13.1,S2_PAIR_clean_f001519.jpg,heavy,0
S2_PAIR_occ75_f003192.jpg,S2_PAIR_occ75,S2_futsal_occ75_20260808_085712,S2_PAIR_occ75,3192,135.985,298,290,3,0,0,14,,,0,flight,162,75,84.0,1,1,192.2,sharp,8.2,S2_PAIR_clean_f004214.jpg,heavy,0
S2_PAIR_occ75_f003199.jpg,S2_PAIR_occ75,S2_futsal_occ75_20260808_085712,S2_PAIR_occ75,3199,136.327,298,290,5,0,-1,14,,,0,flight,162,75,67.3,1,1,205.5,sharp,8.9,S2_PAIR_clean_f004144.jpg,heavy,0
S2_PAIR_occ75_f003206.jpg,S2_PAIR_occ75,S2_futsal_occ75_20260808_085712,S2_PAIR_occ75,3206,136.562,297,290,5,0,-2,14,,,0,flight,162,75,76.7,1,1,199.5,sharp,9.0,S2_PAIR_clean_f004144.jpg,heavy,0
S2_PAIR_occ75_f003213.jpg,S2_PAIR_occ75,S2_futsal_occ75_20260808_085712,S2_PAIR_occ75,3213,136.863,299,290,5,-1,-2,14,,,0,flight,162,75,56.4,1,1,181.4,soft_moderate,8.9,S2_PAIR_clean_f004144.jpg,heavy,0
S2_PAIR_occ75_f003220.jpg,S2_PAIR_occ75,S2_futsal_occ75_20260808_085712,S2_PAIR_occ75,3220,137.127,298,280,5,-4,-1,14,,,0,flight,162,75,77.5,1,1,169.5,soft_moderate,9.5,S2_PAIR_clean_f004144.jpg,heavy,0
S2_PAIR_occ75_f003227.jpg,S2_PAIR_occ75,S2_futsal_occ75_20260808_085712,S2_PAIR_occ75,3227,137.419,296,280,5,-4,-1,14,,,0,flight,162,75,65.8,1,1,193.0,sharp,9.1,S2_PAIR_clean_f004144.jpg,heavy,0
S2_PAIR_occ75_f003234.jpg,S2_PAIR_occ75,S2_futsal_occ75_20260808_085712,S2_PAIR_occ75,3234,137.716,291,280,5,-4,0,14,,,0,flight,162,75,77.2,1,1,222.1,sharp,9.0,S2_PAIR_clean_f004144.jpg,heavy,0
S2_PAIR_occ75_f003241.jpg,S2_PAIR_occ75,S2_futsal_occ75_20260808_085712,S2_PAIR_occ75,3241,137.952,292,280,5,-3,0,14,,,0,flight,162,75,62.7,1,1,210.5,sharp,9.0,S2_PAIR_clean_f004144.jpg,heavy,0
S2_PAIR_occ75_f003248.jpg,S2_PAIR_occ75,S2_futsal_occ75_20260808_085712,S2_PAIR_occ75,3248,138.360,276,280,5,-2,-1,14,,,0,flight,162,75,67.3,1,1,208.7,sharp,9.2,S2_PAIR_clean_f004144.jpg,heavy,0
S2_PAIR_occ75_f003255.jpg,S2_PAIR_occ75,S2_futsal_occ75_20260808_085712,S2_PAIR_occ75,3255,138.633,292,270,5,-3,0,14,,,0,flight,162,75,67.9,1,1,204.8,sharp,9.2,S2_PAIR_clean_f004144.jpg,heavy,0
S2_PAIR_occ75_f003262.jpg,S2_PAIR_occ75,S2_futsal_occ75_20260808_085712,S2_PAIR_occ75,3262,138.855,303,280,5,-3,0,14,,,0,flight,162,75,62.7,1,1,228.7,sharp,9.4,S2_PAIR_clean_f004144.jpg,heavy,0
S2_PAIR_occ75_f003269.jpg,S2_PAIR_occ75,S2_futsal_occ75_20260808_085712,S2_PAIR_occ75,3269,139.156,304,280,5,-2,0,14,,,0,flight,162,75,68.5,1,1,218.3,sharp,9.6,S2_PAIR_clean_f004137.jpg,heavy,0
S2_PAIR_occ75_f003276.jpg,S2_PAIR_occ75,S2_futsal_occ75_20260808_085712,S2_PAIR_occ75,3276,139.455,305,290,5,-2,0,14,,,0,flight,162,75,58.5,1,1,208.2,sharp,9.2,S2_PAIR_clean_f004137.jpg,heavy,0
S2_PAIR_occ75_f003283.jpg,S2_PAIR_occ75,S2_futsal_occ75_20260808_085712,S2_PAIR_occ75,3283,139.764,309,290,5,-2,0,14,,,0,flight,162,75,66.1,1,1,216.3,sharp,8.9,S2_PAIR_clean_f004137.jpg,heavy,0
S2_PAIR_occ75_f003290.jpg,S2_PAIR_occ75,S2_futsal_occ75_20260808_085712,S2_PAIR_occ75,3290,140.103,301,290,5,1,0,14,,,0,flight,162,75,55.9,1,1,210.0,sharp,9.0,S2_PAIR_clean_f004137.jpg,heavy,0
S2_PAIR_occ75_f003297.jpg,S2_PAIR_occ75,S2_futsal_occ75_20260808_085712,S2_PAIR_occ75,3297,140.342,293,290,5,0,0,14,,,0,flight,162,75,53.0,1,1,201.6,sharp,9.0,S2_PAIR_clean_f004137.jpg,heavy,0
S2_PAIR_occ75_f003304.jpg,S2_PAIR_occ75,S2_futsal_occ75_20260808_085712,S2_PAIR_occ75,3304,140.553,291,290,5,-2,0,14,,,0,flight,162,75,71.5,1,1,188.6,sharp,9.1,S2_PAIR_clean_f004137.jpg,heavy,0
S2_PAIR_occ75_f003311.jpg,S2_PAIR_occ75,S2_futsal_occ75_20260808_085712,S2_PAIR_occ75,3311,140.914,288,280,5,-3,-1,14,,,0,flight,162,75,42.4,1,1,203.3,sharp,9.4,S2_PAIR_clean_f004109.jpg,partial,0
S2_PAIR_occ75_f003318.jpg,S2_PAIR_occ75,S2_futsal_occ75_20260808_085712,S2_PAIR_occ75,3318,141.210,282,280,5,0,-1,14,,,0,flight,162,75,43.9,1,1,207.4,sharp,9.5,S2_PAIR_clean_f004109.jpg,partial,0
S2_PAIR_occ75_f003325.jpg,S2_PAIR_occ75,S2_futsal_occ75_20260808_085712,S2_PAIR_occ75,3325,141.497,281,280,5,-2,-1,14,,,0,flight,162,75,37.3,1,1,183.3,sharp,9.6,S2_PAIR_clean_f004116.jpg,partial,0
S2_PAIR_occ75_f003332.jpg,S2_PAIR_occ75,S2_futsal_occ75_20260808_085712,S2_PAIR_occ75,3332,141.715,287,280,5,0,-1,13,,,0,flight,162,75,39.7,1,1,205.5,sharp,9.7,S2_PAIR_clean_f004116.jpg,partial,0
S2_PAIR_occ75_f003339.jpg,S2_PAIR_occ75,S2_futsal_occ75_20260808_085712,S2_PAIR_occ75,3339,141.988,294,280,5,-2,-1,13,,,0,flight,162,75,54.1,1,1,186.9,sharp,9.7,S2_PAIR_clean_f004116.jpg,heavy,0
S2_PAIR_occ75_f003346.jpg,S2_PAIR_occ75,S2_futsal_occ75_20260808_085712,S2_PAIR_occ75,3346,142.219,290,280,5,1,-1,13,,,0,flight,162,75,39.3,1,1,204.4,sharp,9.8,S2_PAIR_clean_f004116.jpg,partial,0
S2_PAIR_occ75_f003353.jpg,S2_PAIR_occ75,S2_futsal_occ75_20260808_085712,S2_PAIR_occ75,3353,142.527,286,280,5,1,-1,13,,,0,flight,162,75,53.7,1,1,197.3,sharp,9.9,S2_PAIR_clean_f004116.jpg,heavy,0
S2_PAIR_occ75_f003360.jpg,S2_PAIR_occ75,S2_futsal_occ75_20260808_085712,S2_PAIR_occ75,3360,142.785,293,280,5,0,-1,13,,,0,flight,162,75,36.1,1,1,190.8,sharp,10.0,S2_PAIR_clean_f004116.jpg,partial,0
S2_PAIR_occ75_f003367.jpg,S2_PAIR_occ75,S2_futsal_occ75_20260808_085712,S2_PAIR_occ75,3367,143.118,290,280,5,0,-1,13,,,0,flight,162,75,38.2,1,1,189.9,sharp,10.0,S2_PAIR_clean_f004116.jpg,partial,0
S2_PAIR_occ75_f003374.jpg,S2_PAIR_occ75,S2_futsal_occ75_20260808_085712,S2_PAIR_occ75,3374,143.336,294,280,5,0,-1,13,,,0,flight,162,75,34.9,1,1,183.2,sharp,10.1,S2_PAIR_clean_f004116.jpg,partial,0
S2_PAIR_occ75_f003381.jpg,S2_PAIR_occ75,S2_futsal_occ75_20260808_085712,S2_PAIR_occ75,3381,143.594,286,280,5,0,-1,13,,,0,flight,162,75,41.3,1,1,178.0,soft_moderate,9.7,S2_PAIR_clean_f004116.jpg,partial,0
S2_PAIR_occ75_f003388.jpg,S2_PAIR_occ75,S2_futsal_occ75_20260808_085712,S2_PAIR_occ75,3388,143.969,292,280,5,0,-1,13,,,0,flight,162,75,47.7,1,1,184.7,sharp,9.6,S2_PAIR_clean_f004116.jpg,partial,0
S2_PAIR_occ75_f003395.jpg,S2_PAIR_occ75,S2_futsal_occ75_20260808_085712,S2_PAIR_occ75,3395,144.236,285,280,5,-1,-1,13,,,0,flight,162,75,56.3,1,1,202.5,sharp,9.6,S2_PAIR_clean_f004116.jpg,heavy,0
S2_PAIR_occ75_f003402.jpg,S2_PAIR_occ75,S2_futsal_occ75_20260808_085712,S2_PAIR_occ75,3402,144.534,286,280,5,-1,-1,13,,,0,flight,162,75,30.8,1,1,191.9,sharp,9.5,S2_PAIR_clean_f004116.jpg,indeterminate,0
S2_PAIR_occ75_f003409.jpg,S2_PAIR_occ75,S2_futsal_occ75_20260808_085712,S2_PAIR_occ75,3409,144.795,289,280,5,0,-1,13,,,0,flight,162,75,37.2,1,1,202.9,sharp,9.6,S2_PAIR_clean_f004116.jpg,partial,0
S2_PAIR_occ75_f003416.jpg,S2_PAIR_occ75,S2_futsal_occ75_20260808_085712,S2_PAIR_occ75,3416,145.065,290,280,5,0,-1,13,,,1,flight,162,75,51.0,1,1,192.0,sharp,9.6,S2_PAIR_clean_f004116.jpg,heavy,0
S2_PAIR_occ75_f003423.jpg,S2_PAIR_occ75,S2_futsal_occ75_20260808_085712,S2_PAIR_occ75,3423,145.299,286,280,5,0,-1,13,,,1,flight,162,75,28.2,1,1,195.8,sharp,9.5,S2_PAIR_clean_f004116.jpg,indeterminate,0
S2_PAIR_occ75_f003430.jpg,S2_PAIR_occ75,S2_futsal_occ75_20260808_085712,S2_PAIR_occ75,3430,145.591,292,280,5,0,-1,13,,,1,flight,162,75,35.9,1,1,195.5,sharp,9.4,S2_PAIR_clean_f004116.jpg,partial,0
S2_PAIR_occ75_f003437.jpg,S2_PAIR_occ75,S2_futsal_occ75_20260808_085712,S2_PAIR_occ75,3437,145.828,291,280,5,0,-1,13,,,1,flight,162,75,33.7,1,1,212.3,sharp,9.4,S2_PAIR_clean_f004116.jpg,partial,0
S2_PAIR_occ75_f003444.jpg,S2_PAIR_occ75,S2_futsal_occ75_20260808_085712,S2_PAIR_occ75,3444,146.119,291,280,5,0,-1,13,,,1,flight,162,75,37.8,1,1,196.0,sharp,9.3,S2_PAIR_clean_f004116.jpg,partial,0
S2_PAIR_occ75_f003451.jpg,S2_PAIR_occ75,S2_futsal_occ75_20260808_085712,S2_PAIR_occ75,3451,146.355,291,280,5,0,-1,13,,,1,flight,162,75,36.7,1,1,194.0,sharp,9.3,S2_PAIR_clean_f004116.jpg,partial,0
S2_PAIR_occ75_f003458.jpg,S2_PAIR_occ75,S2_futsal_occ75_20260808_085712,S2_PAIR_occ75,3458,146.695,290,280,5,-1,0,13,,,1,flight,162,75,35.4,1,1,200.1,sharp,9.3,S2_PAIR_clean_f004116.jpg,partial,0
S2_PAIR_occ75_f003465.jpg,S2_PAIR_occ75,S2_futsal_occ75_20260808_085712,S2_PAIR_occ75,3465,147.066,290,280,5,-1,0,13,,,1,flight,162,75,29.2,1,1,197.4,sharp,9.3,S2_PAIR_clean_f004116.jpg,indeterminate,0
S2_PAIR_occ75_f003472.jpg,S2_PAIR_occ75,S2_futsal_occ75_20260808_085712,S2_PAIR_occ75,3472,147.346,286,280,5,-1,-1,13,,,1,flight,162,75,21.5,1,1,195.0,sharp,9.3,S2_PAIR_clean_f004116.jpg,indeterminate,0
S2_PAIR_occ75_f003479.jpg,S2_PAIR_occ75,S2_futsal_occ75_20260808_085712,S2_PAIR_occ75,3479,147.653,289,280,5,0,-1,13,,,1,flight,162,75,18.8,1,1,213.8,sharp,9.4,S2_PAIR_clean_f004116.jpg,indeterminate,0
S2_PAIR_occ75_f003486.jpg,S2_PAIR_occ75,S2_futsal_occ75_20260808_085712,S2_PAIR_occ75,3486,148.062,296,280,5,0,-1,13,,,1,flight,162,75,43.4,1,1,211.7,sharp,9.3,S2_PAIR_clean_f004116.jpg,partial,0
S2_PAIR_occ75_f003493.jpg,S2_PAIR_occ75,S2_futsal_occ75_20260808_085712,S2_PAIR_occ75,3493,148.395,286,280,5,1,-1,13,,,1,flight,162,75,45.1,1,1,211.4,sharp,9.3,S2_PAIR_clean_f004116.jpg,partial,0
S2_PAIR_occ75_f003500.jpg,S2_PAIR_occ75,S2_futsal_occ75_20260808_085712,S2_PAIR_occ75,3500,148.633,291,280,5,1,0,13,,,0,flight,162,75,37.6,1,1,197.6,sharp,9.3,S2_PAIR_clean_f004116.jpg,partial,0
S2_PAIR_occ75_f003507.jpg,S2_PAIR_occ75,S2_futsal_occ75_20260808_085712,S2_PAIR_occ75,3507,155.903,10,0,5,0,0,12,,,0,flight,162,75,56.1,1,1,174.1,soft_moderate,16.7,S2_PAIR_clean_f004130.jpg,indeterminate,0
S2_PAIR_occ75_f003514.jpg,S2_PAIR_occ75,S2_futsal_occ75_20260808_085712,S2_PAIR_occ75,3514,156.162,10,0,5,0,0,12,,,0,flight,162,75,50.0,1,1,177.5,soft_moderate,16.7,S2_PAIR_clean_f004130.jpg,indeterminate,0
S2_PAIR_occ75_f003521.jpg,S2_PAIR_occ75,S2_futsal_occ75_20260808_085712,S2_PAIR_occ75,3521,156.579,10,0,4,0,0,12,,,0,flight,162,75,48.5,1,1,185.3,sharp,16.7,S2_PAIR_clean_f004130.jpg,indeterminate,0
S2_PAIR_occ75_f003528.jpg,S2_PAIR_occ75,S2_futsal_occ75_20260808_085712,S2_PAIR_occ75,3528,156.886,10,0,4,0,0,12,,,0,flight,162,75,49.5,1,1,184.7,sharp,16.7,S2_PAIR_clean_f004130.jpg,indeterminate,0
S2_PAIR_occ75_f003535.jpg,S2_PAIR_occ75,S2_futsal_occ75_20260808_085712,S2_PAIR_occ75,3535,157.887,10,0,4,0,0,12,,,0,flight,162,75,52.9,1,1,189.9,sharp,16.7,S2_PAIR_clean_f004130.jpg,indeterminate,0
S2_PAIR_occ75_f003542.jpg,S2_PAIR_occ75,S2_futsal_occ75_20260808_085712,S2_PAIR_occ75,3542,158.433,10,0,4,0,0,12,,,0,flight,162,75,52.6,1,1,193.8,sharp,16.7,S2_PAIR_clean_f004130.jpg,indeterminate,0
S2_PAIR_occ75_f003549.jpg,S2_PAIR_occ75,S2_futsal_occ75_20260808_085712,S2_PAIR_occ75,3549,160.394,10,0,4,0,0,12,,,0,flight,162,75,45.4,1,1,191.5,sharp,16.7,S2_PAIR_clean_f004130.jpg,indeterminate,0
S2_PAIR_occ75_f003556.jpg,S2_PAIR_occ75,S2_futsal_occ75_20260808_085712,S2_PAIR_occ75,3556,160.503,10,0,4,0,0,12,,,0,flight,162,75,51.0,1,1,199.4,sharp,16.8,S2_PAIR_clean_f004130.jpg,indeterminate,0
S2_PAIR_occ75_f003563.jpg,S2_PAIR_occ75,S2_futsal_occ75_20260808_085712,S2_PAIR_occ75,3563,160.619,10,0,4,0,0,12,,,0,flight,162,75,51.9,1,1,202.1,sharp,16.8,S2_PAIR_clean_f004130.jpg,indeterminate,0
S2_PAIR_occ25_f000000.jpg,S2_PAIR_occ25,S2_futsal_occ75_20260808_090302,S2_PAIR_occ25,0,0.218,10,0,6,0,0,94,,,0,flight,54,25,0.0,1,1,212.7,sharp,23.8,S2_PAIR_clean_f003990.jpg,indeterminate,0
S2_PAIR_occ25_f000008.jpg,S2_PAIR_occ25,S2_futsal_occ75_20260808_090302,S2_PAIR_occ25,8,0.404,10,0,6,0,0,94,,,0,flight,54,25,0.0,1,1,244.8,sharp,23.9,S2_PAIR_clean_f003990.jpg,indeterminate,0
S2_PAIR_occ25_f000016.jpg,S2_PAIR_occ25,S2_futsal_occ75_20260808_090302,S2_PAIR_occ25,16,0.710,10,0,6,0,0,94,,,0,flight,54,25,0.0,1,1,283.1,sharp,23.8,S2_PAIR_clean_f003990.jpg,indeterminate,0
S2_PAIR_occ25_f000024.jpg,S2_PAIR_occ25,S2_futsal_occ75_20260808_090302,S2_PAIR_occ25,24,2.284,10,0,6,0,0,94,,,0,flight,54,25,0.0,1,1,219.2,sharp,24.0,S2_PAIR_clean_f003990.jpg,indeterminate,0
S2_PAIR_occ25_f000032.jpg,S2_PAIR_occ25,S2_futsal_occ75_20260808_090302,S2_PAIR_occ25,32,3.071,10,0,6,0,0,94,,,0,flight,54,25,0.0,1,1,255.0,sharp,23.8,S2_PAIR_clean_f003990.jpg,indeterminate,0
S2_PAIR_occ25_f000040.jpg,S2_PAIR_occ25,S2_futsal_occ75_20260808_090302,S2_PAIR_occ25,40,3.533,10,0,6,0,0,94,,,0,flight,54,25,0.0,1,1,283.0,sharp,24.1,S2_PAIR_clean_f003990.jpg,indeterminate,0
S2_PAIR_occ25_f000048.jpg,S2_PAIR_occ25,S2_futsal_occ75_20260808_090302,S2_PAIR_occ25,48,3.821,10,0,6,0,0,94,,,0,flight,54,25,0.0,1,1,301.7,sharp,24.1,S2_PAIR_clean_f003990.jpg,indeterminate,0
S2_PAIR_occ25_f000056.jpg,S2_PAIR_occ25,S2_futsal_occ75_20260808_090302,S2_PAIR_occ25,56,4.073,10,0,6,0,0,94,,,0,flight,54,25,0.0,1,1,303.9,sharp,24.1,S2_PAIR_clean_f003990.jpg,indeterminate,0
S2_PAIR_occ25_f000064.jpg,S2_PAIR_occ25,S2_futsal_occ75_20260808_090302,S2_PAIR_occ25,64,4.621,10,0,6,0,0,94,,,0,flight,54,25,0.0,1,1,234.5,sharp,23.9,S2_PAIR_clean_f003990.jpg,indeterminate,0
S2_PAIR_occ25_f000072.jpg,S2_PAIR_occ25,S2_futsal_occ75_20260808_090302,S2_PAIR_occ25,72,4.840,10,0,6,0,0,94,,,0,flight,54,25,0.0,1,1,239.0,sharp,23.9,S2_PAIR_clean_f003990.jpg,indeterminate,0
S2_PAIR_occ25_f000080.jpg,S2_PAIR_occ25,S2_futsal_occ75_20260808_090302,S2_PAIR_occ25,80,5.220,10,0,6,0,0,94,,,0,flight,54,25,0.0,1,1,245.0,sharp,24.0,S2_PAIR_clean_f003990.jpg,indeterminate,0
S2_PAIR_occ25_f000088.jpg,S2_PAIR_occ25,S2_futsal_occ75_20260808_090302,S2_PAIR_occ25,88,5.553,10,0,6,0,0,94,,,0,flight,54,25,0.0,1,1,236.3,sharp,23.9,S2_PAIR_clean_f003990.jpg,indeterminate,0
S2_PAIR_occ25_f000096.jpg,S2_PAIR_occ25,S2_futsal_occ75_20260808_090302,S2_PAIR_occ25,96,5.830,10,0,7,0,0,94,,,0,flight,54,25,41.1,1,1,216.2,sharp,20.8,S2_PAIR_clean_f000112.jpg,indeterminate,0
S2_PAIR_occ25_f000104.jpg,S2_PAIR_occ25,S2_futsal_occ75_20260808_090302,S2_PAIR_occ25,104,6.155,10,0,6,0,0,94,,,0,flight,54,25,39.8,1,1,175.7,soft_moderate,22.3,S2_PAIR_clean_f000112.jpg,indeterminate,0
S2_PAIR_occ25_f000112.jpg,S2_PAIR_occ25,S2_futsal_occ75_20260808_090302,S2_PAIR_occ25,112,6.459,22,10,6,2,-1,94,,,0,flight,54,25,0.0,1,1,245.4,sharp,21.8,S2_PAIR_clean_f004123.jpg,indeterminate,0
S2_PAIR_occ25_f000120.jpg,S2_PAIR_occ25,S2_futsal_occ75_20260808_090302,S2_PAIR_occ25,120,6.720,52,40,6,3,-1,94,,,0,flight,54,25,0.0,1,1,244.1,sharp,22.9,S2_PAIR_clean_f004123.jpg,indeterminate,0
S2_PAIR_occ25_f000128.jpg,S2_PAIR_occ25,S2_futsal_occ75_20260808_090302,S2_PAIR_occ25,128,6.979,63,50,6,2,-1,94,,,0,flight,54,25,0.0,1,1,242.6,sharp,20.8,S2_PAIR_clean_f004123.jpg,indeterminate,0
S2_PAIR_occ25_f000136.jpg,S2_PAIR_occ25,S2_futsal_occ75_20260808_090302,S2_PAIR_occ25,136,7.367,78,60,6,1,0,94,,,0,flight,54,25,0.0,1,1,235.2,sharp,21.0,S2_PAIR_clean_f004123.jpg,indeterminate,0
S2_PAIR_occ25_f000144.jpg,S2_PAIR_occ25,S2_futsal_occ75_20260808_090302,S2_PAIR_occ25,144,7.630,81,60,6,1,0,94,,,0,flight,54,25,0.0,1,1,242.8,sharp,20.5,S2_PAIR_clean_f004123.jpg,indeterminate,0
S2_PAIR_occ25_f000152.jpg,S2_PAIR_occ25,S2_futsal_occ75_20260808_090302,S2_PAIR_occ25,152,7.874,84,60,6,1,0,94,,,0,flight,54,25,0.0,1,1,239.8,sharp,20.3,S2_PAIR_clean_f004123.jpg,indeterminate,0
S2_PAIR_occ25_f000160.jpg,S2_PAIR_occ25,S2_futsal_occ75_20260808_090302,S2_PAIR_occ25,160,8.216,87,70,6,0,-1,94,,,0,flight,54,25,0.0,1,1,260.6,sharp,20.2,S2_PAIR_clean_f004123.jpg,indeterminate,0
S2_PAIR_occ25_f000168.jpg,S2_PAIR_occ25,S2_futsal_occ75_20260808_090302,S2_PAIR_occ25,168,8.531,86,70,6,0,-1,94,,,0,flight,54,25,0.0,1,1,244.0,sharp,20.2,S2_PAIR_clean_f004123.jpg,indeterminate,0
S2_PAIR_occ25_f000176.jpg,S2_PAIR_occ25,S2_futsal_occ75_20260808_090302,S2_PAIR_occ25,176,8.826,88,70,7,1,-1,94,,,0,flight,54,25,0.0,1,1,243.1,sharp,20.2,S2_PAIR_clean_f004123.jpg,indeterminate,0
S2_PAIR_occ25_f000184.jpg,S2_PAIR_occ25,S2_futsal_occ75_20260808_090302,S2_PAIR_occ25,184,9.154,94,70,6,1,-1,94,,,0,flight,54,25,0.0,1,1,247.4,sharp,19.6,S2_PAIR_clean_f004123.jpg,indeterminate,0
S2_PAIR_occ25_f000192.jpg,S2_PAIR_occ25,S2_futsal_occ75_20260808_090302,S2_PAIR_occ25,192,9.389,102,80,6,1,-1,94,,,0,flight,54,25,0.0,1,1,238.8,sharp,19.2,S2_PAIR_clean_f004123.jpg,indeterminate,0
S2_PAIR_occ25_f000200.jpg,S2_PAIR_occ25,S2_futsal_occ75_20260808_090302,S2_PAIR_occ25,200,9.721,113,90,7,0,-1,94,,,0,flight,54,25,0.0,1,1,251.2,sharp,18.8,S2_PAIR_clean_f004123.jpg,indeterminate,0
S2_PAIR_occ25_f000208.jpg,S2_PAIR_occ25,S2_futsal_occ75_20260808_090302,S2_PAIR_occ25,208,10.067,120,100,7,0,0,94,,,0,flight,54,25,0.0,1,1,247.5,sharp,18.8,S2_PAIR_clean_f004123.jpg,indeterminate,0
S2_PAIR_occ25_f000216.jpg,S2_PAIR_occ25,S2_futsal_occ75_20260808_090302,S2_PAIR_occ25,216,11.288,153,130,7,0,-1,94,,,0,flight,54,25,0.0,1,1,245.0,sharp,19.3,S2_PAIR_clean_f004123.jpg,indeterminate,0
S2_PAIR_occ25_f000224.jpg,S2_PAIR_occ25,S2_futsal_occ75_20260808_090302,S2_PAIR_occ25,224,11.564,155,140,7,0,0,94,,,0,flight,54,25,0.0,1,1,264.6,sharp,19.2,S2_PAIR_clean_f004123.jpg,indeterminate,0
S2_PAIR_occ25_f000232.jpg,S2_PAIR_occ25,S2_futsal_occ75_20260808_090302,S2_PAIR_occ25,232,11.878,163,150,7,0,0,94,,,0,flight,54,25,0.0,1,1,257.5,sharp,19.1,S2_PAIR_clean_f004123.jpg,indeterminate,0
S2_PAIR_occ25_f000240.jpg,S2_PAIR_occ25,S2_futsal_occ75_20260808_090302,S2_PAIR_occ25,240,12.090,171,150,7,0,0,94,,,0,flight,54,25,0.0,1,1,259.6,sharp,19.0,S2_PAIR_clean_f004123.jpg,indeterminate,0
S2_PAIR_occ25_f000248.jpg,S2_PAIR_occ25,S2_futsal_occ75_20260808_090302,S2_PAIR_occ25,248,12.388,179,160,6,0,0,94,,,0,flight,54,25,0.0,1,1,232.5,sharp,18.5,S2_PAIR_clean_f004123.jpg,indeterminate,0
S2_PAIR_occ25_f000256.jpg,S2_PAIR_occ25,S2_futsal_occ75_20260808_090302,S2_PAIR_occ25,256,12.700,189,170,6,0,0,94,16.35,5.890,0,flight,54,25,0.0,1,1,256.7,sharp,18.1,S2_PAIR_clean_f004123.jpg,indeterminate,0
S2_PAIR_occ25_f000264.jpg,S2_PAIR_occ25,S2_futsal_occ75_20260808_090302,S2_PAIR_occ25,264,12.974,192,180,7,0,0,94,,,0,flight,54,25,0.0,1,1,242.9,sharp,17.9,S2_PAIR_clean_f004116.jpg,indeterminate,0
S2_PAIR_occ25_f000272.jpg,S2_PAIR_occ25,S2_futsal_occ75_20260808_090302,S2_PAIR_occ25,272,13.252,202,180,7,1,0,94,,,0,flight,54,25,0.0,1,1,232.8,sharp,17.6,S2_PAIR_clean_f004116.jpg,indeterminate,0
S2_PAIR_occ25_f000280.jpg,S2_PAIR_occ25,S2_futsal_occ75_20260808_090302,S2_PAIR_occ25,280,13.515,207,190,7,0,0,94,,,0,flight,54,25,0.0,1,1,237.0,sharp,17.5,S2_PAIR_clean_f004116.jpg,indeterminate,0
S2_PAIR_occ25_f000288.jpg,S2_PAIR_occ25,S2_futsal_occ75_20260808_090302,S2_PAIR_occ25,288,13.828,216,200,7,0,0,94,,,0,flight,54,25,0.0,1,1,243.5,sharp,17.4,S2_PAIR_clean_f004116.jpg,indeterminate,0
S2_PAIR_occ25_f000296.jpg,S2_PAIR_occ25,S2_futsal_occ75_20260808_090302,S2_PAIR_occ25,296,14.119,226,210,7,0,0,94,,,0,flight,54,25,0.0,1,1,233.1,sharp,17.4,S2_PAIR_clean_f004116.jpg,indeterminate,0
S2_PAIR_occ25_f000304.jpg,S2_PAIR_occ25,S2_futsal_occ75_20260808_090302,S2_PAIR_occ25,304,14.391,234,210,7,0,0,94,,,0,flight,54,25,0.0,1,1,238.5,sharp,17.4,S2_PAIR_clean_f004116.jpg,indeterminate,0
S2_PAIR_occ25_f000312.jpg,S2_PAIR_occ25,S2_futsal_occ75_20260808_090302,S2_PAIR_occ25,312,14.714,242,220,7,0,0,94,,,0,flight,54,25,0.0,1,1,250.2,sharp,17.4,S2_PAIR_clean_f004116.jpg,indeterminate,0
S2_PAIR_occ25_f000320.jpg,S2_PAIR_occ25,S2_futsal_occ75_20260808_090302,S2_PAIR_occ25,320,14.953,246,230,7,0,0,94,,,0,flight,54,25,0.0,1,1,257.2,sharp,17.4,S2_PAIR_clean_f004116.jpg,indeterminate,0
S2_PAIR_occ25_f000328.jpg,S2_PAIR_occ25,S2_futsal_occ75_20260808_090302,S2_PAIR_occ25,328,15.247,250,230,6,0,0,94,,,0,flight,54,25,0.0,1,1,256.0,sharp,17.5,S2_PAIR_clean_f004116.jpg,indeterminate,0
S2_PAIR_occ25_f000336.jpg,S2_PAIR_occ25,S2_futsal_occ75_20260808_090302,S2_PAIR_occ25,336,15.618,259,240,6,0,0,94,,,0,flight,54,25,0.0,1,1,292.0,sharp,17.4,S2_PAIR_clean_f004116.jpg,indeterminate,0
S2_PAIR_occ25_f000344.jpg,S2_PAIR_occ25,S2_futsal_occ75_20260808_090302,S2_PAIR_occ25,344,15.855,259,240,6,0,0,94,,,0,flight,54,25,0.0,1,1,281.2,sharp,17.4,S2_PAIR_clean_f004116.jpg,indeterminate,0
S2_PAIR_occ25_f000352.jpg,S2_PAIR_occ25,S2_futsal_occ75_20260808_090302,S2_PAIR_occ25,352,16.205,254,240,6,0,0,94,,,0,flight,54,25,0.0,1,1,286.1,sharp,17.4,S2_PAIR_clean_f004116.jpg,indeterminate,0
S2_PAIR_occ25_f000360.jpg,S2_PAIR_occ25,S2_futsal_occ75_20260808_090302,S2_PAIR_occ25,360,16.462,253,240,6,0,0,94,,,0,flight,54,25,0.0,1,1,249.5,sharp,17.4,S2_PAIR_clean_f004116.jpg,indeterminate,0
S2_PAIR_occ25_f000368.jpg,S2_PAIR_occ25,S2_futsal_occ75_20260808_090302,S2_PAIR_occ25,368,16.790,257,240,7,0,0,94,,,1,flight,54,25,0.0,1,1,254.1,sharp,17.4,S2_PAIR_clean_f004116.jpg,indeterminate,0
S2_PAIR_occ25_f000376.jpg,S2_PAIR_occ25,S2_futsal_occ75_20260808_090302,S2_PAIR_occ25,376,17.078,255,240,7,1,0,94,,,1,flight,54,25,0.0,1,1,277.5,sharp,17.5,S2_PAIR_clean_f004116.jpg,indeterminate,0
S2_PAIR_occ25_f000384.jpg,S2_PAIR_occ25,S2_futsal_occ75_20260808_090302,S2_PAIR_occ25,384,17.366,258,240,7,1,0,94,,,1,flight,54,25,0.0,1,1,252.5,sharp,17.5,S2_PAIR_clean_f004116.jpg,indeterminate,0
S2_PAIR_occ25_f000392.jpg,S2_PAIR_occ25,S2_futsal_occ75_20260808_090302,S2_PAIR_occ25,392,17.628,263,240,7,1,0,94,,,1,flight,54,25,0.0,1,1,261.5,sharp,17.5,S2_PAIR_clean_f004116.jpg,indeterminate,0
S2_PAIR_occ25_f000400.jpg,S2_PAIR_occ25,S2_futsal_occ75_20260808_090302,S2_PAIR_occ25,400,17.938,260,240,7,1,0,94,,,1,flight,54,25,0.0,1,1,316.0,sharp,17.5,S2_PAIR_clean_f004116.jpg,indeterminate,0
S2_PAIR_occ25_f000408.jpg,S2_PAIR_occ25,S2_futsal_occ75_20260808_090302,S2_PAIR_occ25,408,18.237,259,240,7,1,0,94,,,1,flight,54,25,0.0,1,1,337.4,sharp,17.5,S2_PAIR_clean_f004116.jpg,indeterminate,0
S2_PAIR_occ25_f000416.jpg,S2_PAIR_occ25,S2_futsal_occ75_20260808_090302,S2_PAIR_occ25,416,18.550,259,240,7,1,0,94,15.82,6.087,1,flight,54,25,0.0,1,1,334.7,sharp,17.6,S2_PAIR_clean_f004116.jpg,indeterminate,0
S2_PAIR_occ25_f000424.jpg,S2_PAIR_occ25,S2_futsal_occ75_20260808_090302,S2_PAIR_occ25,424,18.828,260,240,7,1,0,94,,,1,flight,54,25,0.0,1,1,298.7,sharp,17.6,S2_PAIR_clean_f004116.jpg,indeterminate,0
S2_PAIR_occ25_f000432.jpg,S2_PAIR_occ25,S2_futsal_occ75_20260808_090302,S2_PAIR_occ25,432,19.162,258,240,7,1,0,94,,,1,flight,54,25,0.0,1,1,292.5,sharp,17.6,S2_PAIR_clean_f004116.jpg,indeterminate,0
S2_PAIR_occ25_f000440.jpg,S2_PAIR_occ25,S2_futsal_occ75_20260808_090302,S2_PAIR_occ25,440,19.357,257,240,7,0,0,94,,,1,flight,54,25,0.0,1,1,237.2,sharp,17.5,S2_PAIR_clean_f004116.jpg,indeterminate,0
S2_PAIR_occ25_f000448.jpg,S2_PAIR_occ25,S2_futsal_occ75_20260808_090302,S2_PAIR_occ25,448,19.640,260,240,7,0,0,94,,,1,flight,54,25,0.0,1,1,254.8,sharp,17.5,S2_PAIR_clean_f004116.jpg,indeterminate,0
S2_PAIR_occ25_f000456.jpg,S2_PAIR_occ25,S2_futsal_occ75_20260808_090302,S2_PAIR_occ25,456,19.922,260,240,6,1,0,94,,,1,flight,54,25,0.0,1,1,256.8,sharp,17.5,S2_PAIR_clean_f004116.jpg,indeterminate,0
S2_PAIR_occ25_f000464.jpg,S2_PAIR_occ25,S2_futsal_occ75_20260808_090302,S2_PAIR_occ25,464,20.255,261,240,6,1,0,94,,,0,flight,54,25,0.0,1,1,256.9,sharp,17.4,S2_PAIR_clean_f004116.jpg,indeterminate,0
S2_PAIR_occ25_f000472.jpg,S2_PAIR_occ25,S2_futsal_occ75_20260808_090302,S2_PAIR_occ25,472,20.591,259,240,6,1,0,94,,,0,flight,54,25,0.0,1,1,270.7,sharp,17.4,S2_PAIR_clean_f004116.jpg,indeterminate,0
S2_PAIR_occ25_f000480.jpg,S2_PAIR_occ25,S2_futsal_occ75_20260808_090302,S2_PAIR_occ25,480,20.864,264,240,7,2,0,94,,,0,flight,54,25,0.0,1,1,265.9,sharp,17.4,S2_PAIR_clean_f004116.jpg,indeterminate,0
S2_PAIR_occ25_f000488.jpg,S2_PAIR_occ25,S2_futsal_occ75_20260808_090302,S2_PAIR_occ25,488,21.122,257,240,6,2,0,94,,,0,flight,54,25,0.0,1,1,273.7,sharp,17.4,S2_PAIR_clean_f004116.jpg,indeterminate,0
S2_PAIR_occ25_f000496.jpg,S2_PAIR_occ25,S2_futsal_occ75_20260808_090302,S2_PAIR_occ25,496,21.427,261,240,6,2,0,94,,,0,flight,54,25,0.0,1,1,257.4,sharp,17.4,S2_PAIR_clean_f004116.jpg,indeterminate,0
S2_PAIR_occ25_f000504.jpg,S2_PAIR_occ25,S2_futsal_occ75_20260808_090302,S2_PAIR_occ25,504,21.739,262,240,7,2,0,94,,,0,flight,54,25,0.0,1,1,253.8,sharp,17.5,S2_PAIR_clean_f004116.jpg,indeterminate,0
S2_PAIR_occ25_f000512.jpg,S2_PAIR_occ25,S2_futsal_occ75_20260808_090302,S2_PAIR_occ25,512,22.021,264,240,7,2,0,94,,,0,flight,54,25,0.0,1,1,264.0,sharp,17.4,S2_PAIR_clean_f004116.jpg,indeterminate,0
S2_PAIR_occ25_f000520.jpg,S2_PAIR_occ25,S2_futsal_occ75_20260808_090302,S2_PAIR_occ25,520,22.272,257,240,7,2,1,94,,,0,flight,54,25,0.0,1,1,259.9,sharp,17.4,S2_PAIR_clean_f004116.jpg,indeterminate,0
S2_PAIR_occ25_f000528.jpg,S2_PAIR_occ25,S2_futsal_occ75_20260808_090302,S2_PAIR_occ25,528,22.643,257,240,6,2,-3,94,,,0,flight,54,25,0.0,1,1,248.7,sharp,17.4,S2_PAIR_clean_f004116.jpg,indeterminate,0
S2_PAIR_occ25_f000536.jpg,S2_PAIR_occ25,S2_futsal_occ75_20260808_090302,S2_PAIR_occ25,536,22.855,262,240,6,2,-5,94,,,0,flight,54,25,0.0,1,1,222.8,sharp,17.4,S2_PAIR_clean_f004116.jpg,indeterminate,0
S2_PAIR_occ25_f000544.jpg,S2_PAIR_occ25,S2_futsal_occ75_20260808_090302,S2_PAIR_occ25,544,23.156,260,240,6,2,-4,94,,,0,flight,54,25,0.0,1,1,221.2,sharp,17.2,S2_PAIR_clean_f004116.jpg,indeterminate,0
S2_PAIR_occ25_f000552.jpg,S2_PAIR_occ25,S2_futsal_occ75_20260808_090302,S2_PAIR_occ25,552,23.391,262,240,6,2,-3,94,,,0,flight,54,25,0.0,1,1,220.1,sharp,17.0,S2_PAIR_clean_f004116.jpg,indeterminate,0
S2_PAIR_occ25_f000560.jpg,S2_PAIR_occ25,S2_futsal_occ75_20260808_090302,S2_PAIR_occ25,560,23.697,259,240,7,3,1,94,,,0,flight,54,25,0.0,1,1,226.7,sharp,16.5,S2_PAIR_clean_f004116.jpg,indeterminate,0
S2_PAIR_occ25_f000568.jpg,S2_PAIR_occ25,S2_futsal_occ75_20260808_090302,S2_PAIR_occ25,568,24.008,264,240,9,3,2,94,,,0,flight,54,25,0.0,1,1,218.5,sharp,18.1,S2_PAIR_clean_f004116.jpg,indeterminate,0
S2_PAIR_occ25_f000576.jpg,S2_PAIR_occ25,S2_futsal_occ75_20260808_090302,S2_PAIR_occ25,576,24.238,260,240,15,2,2,94,,,0,flight,54,25,39.9,1,1,243.0,sharp,5.3,S2_PAIR_clean_f001673.jpg,partial,0
S2_PAIR_occ25_f000584.jpg,S2_PAIR_occ25,S2_futsal_occ75_20260808_090302,S2_PAIR_occ25,584,24.564,258,240,25,1,2,94,,,0,flight,54,25,26.5,1,1,253.6,sharp,8.0,S2_PAIR_clean_f001708.jpg,indeterminate,0
S2_PAIR_occ25_f000592.jpg,S2_PAIR_occ25,S2_futsal_occ75_20260808_090302,S2_PAIR_occ25,592,24.849,255,240,26,1,1,94,,,0,flight,54,25,34.6,1,1,278.6,sharp,7.4,S2_PAIR_clean_f001729.jpg,partial,0
S2_PAIR_occ25_f000600.jpg,S2_PAIR_occ25,S2_futsal_occ75_20260808_090302,S2_PAIR_occ25,600,25.129,259,240,26,2,2,94,,,0,flight,54,25,34.9,1,1,293.3,sharp,7.6,S2_PAIR_clean_f001729.jpg,partial,0
S2_PAIR_occ25_f000608.jpg,S2_PAIR_occ25,S2_futsal_occ75_20260808_090302,S2_PAIR_occ25,608,25.425,256,240,26,2,-2,94,,,0,flight,54,25,30.3,1,1,295.2,sharp,7.9,S2_PAIR_clean_f001729.jpg,indeterminate,0
S2_PAIR_occ25_f000616.jpg,S2_PAIR_occ25,S2_futsal_occ75_20260808_090302,S2_PAIR_occ25,616,25.703,259,240,26,3,-4,94,,,0,flight,54,25,39.9,1,1,291.6,sharp,7.8,S2_PAIR_clean_f001729.jpg,partial,0
S2_PAIR_occ25_f000624.jpg,S2_PAIR_occ25,S2_futsal_occ75_20260808_090302,S2_PAIR_occ25,624,25.959,262,240,26,2,-3,94,,,0,flight,54,25,13.7,1,1,297.2,sharp,7.7,S2_PAIR_clean_f001729.jpg,indeterminate,0
S2_PAIR_occ25_f000632.jpg,S2_PAIR_occ25,S2_futsal_occ75_20260808_090302,S2_PAIR_occ25,632,26.219,258,240,26,2,-2,94,,,0,flight,54,25,24.0,1,1,300.6,sharp,7.6,S2_PAIR_clean_f001750.jpg,indeterminate,0
S2_PAIR_occ25_f000640.jpg,S2_PAIR_occ25,S2_futsal_occ75_20260808_090302,S2_PAIR_occ25,640,26.554,259,240,26,3,-1,94,,,0,flight,54,25,28.3,1,1,297.6,sharp,7.4,S2_PAIR_clean_f001764.jpg,indeterminate,0
S2_PAIR_occ25_f000648.jpg,S2_PAIR_occ25,S2_futsal_occ75_20260808_090302,S2_PAIR_occ25,648,26.819,253,240,26,3,-1,94,,,0,flight,54,25,13.5,1,1,303.7,sharp,8.1,S2_PAIR_clean_f001764.jpg,indeterminate,0
S2_PAIR_occ25_f000656.jpg,S2_PAIR_occ25,S2_futsal_occ75_20260808_090302,S2_PAIR_occ25,656,27.146,253,240,26,2,2,94,,,0,flight,54,25,0.0,1,1,294.9,sharp,7.9,S2_PAIR_clean_f001834.jpg,indeterminate,0
S2_PAIR_occ25_f000664.jpg,S2_PAIR_occ25,S2_futsal_occ75_20260808_090302,S2_PAIR_occ25,664,27.455,255,230,26,2,2,94,,,0,flight,54,25,0.0,1,1,291.1,sharp,7.8,S2_PAIR_clean_f001827.jpg,indeterminate,0
S2_PAIR_occ25_f000672.jpg,S2_PAIR_occ25,S2_futsal_occ75_20260808_090302,S2_PAIR_occ25,672,27.764,253,230,27,2,1,94,,,0,flight,54,25,0.0,1,1,292.7,sharp,7.6,S2_PAIR_clean_f001834.jpg,indeterminate,0
S2_PAIR_occ25_f000680.jpg,S2_PAIR_occ25,S2_futsal_occ75_20260808_090302,S2_PAIR_occ25,680,28.108,255,240,32,2,0,94,,,0,flight,54,25,0.0,1,1,270.7,sharp,10.2,S2_PAIR_clean_f002009.jpg,indeterminate,0
S2_PAIR_occ25_f000688.jpg,S2_PAIR_occ25,S2_futsal_occ75_20260808_090302,S2_PAIR_occ25,688,28.376,254,240,43,1,2,94,,,0,flight,54,25,0.0,1,1,240.7,sharp,11.5,S2_PAIR_clean_f002016.jpg,indeterminate,0
S2_PAIR_occ25_f000696.jpg,S2_PAIR_occ25,S2_futsal_occ75_20260808_090302,S2_PAIR_occ25,696,28.698,255,240,49,2,0,94,,,0,flight,54,25,0.0,1,1,212.8,sharp,8.2,S2_PAIR_clean_f002023.jpg,indeterminate,0
S2_PAIR_occ25_f000704.jpg,S2_PAIR_occ25,S2_futsal_occ75_20260808_090302,S2_PAIR_occ25,704,28.919,255,240,50,2,0,94,,,0,flight,54,25,0.0,1,1,227.5,sharp,7.5,S2_PAIR_clean_f002037.jpg,indeterminate,0
S2_PAIR_occ25_f000712.jpg,S2_PAIR_occ25,S2_futsal_occ75_20260808_090302,S2_PAIR_occ25,712,29.286,259,240,50,2,0,94,,,0,flight,54,25,0.0,1,1,228.3,sharp,7.5,S2_PAIR_clean_f002037.jpg,indeterminate,0
S2_PAIR_occ25_f000720.jpg,S2_PAIR_occ25,S2_futsal_occ75_20260808_090302,S2_PAIR_occ25,720,29.519,255,240,49,2,-5,94,,,0,flight,54,25,0.0,1,1,237.9,sharp,7.5,S2_PAIR_clean_f002037.jpg,indeterminate,0
S2_PAIR_occ25_f000728.jpg,S2_PAIR_occ25,S2_futsal_occ75_20260808_090302,S2_PAIR_occ25,728,29.799,254,240,49,2,-4,94,,,0,flight,54,25,0.0,1,1,245.4,sharp,7.5,S2_PAIR_clean_f002037.jpg,indeterminate,0
S2_PAIR_occ25_f000736.jpg,S2_PAIR_occ25,S2_futsal_occ75_20260808_090302,S2_PAIR_occ25,736,30.076,253,240,49,2,-3,94,,,0,flight,54,25,0.0,1,1,255.5,sharp,7.7,S2_PAIR_clean_f002037.jpg,indeterminate,0
S2_PAIR_occ25_f000744.jpg,S2_PAIR_occ25,S2_futsal_occ75_20260808_090302,S2_PAIR_occ25,744,30.358,258,240,50,1,2,94,,,0,flight,54,25,0.0,1,1,262.4,sharp,8.3,S2_PAIR_clean_f002037.jpg,indeterminate,0
S2_PAIR_occ25_f000752.jpg,S2_PAIR_occ25,S2_futsal_occ75_20260808_090302,S2_PAIR_occ25,752,30.656,253,240,50,1,2,94,,,0,flight,54,25,0.0,1,1,259.6,sharp,8.2,S2_PAIR_clean_f002037.jpg,indeterminate,0
S2_PAIR_occ25_f000760.jpg,S2_PAIR_occ25,S2_futsal_occ75_20260808_090302,S2_PAIR_occ25,760,30.929,251,240,50,1,2,94,,,0,flight,54,25,0.0,1,1,259.6,sharp,8.1,S2_PAIR_clean_f002037.jpg,indeterminate,0
S2_PAIR_occ25_f000768.jpg,S2_PAIR_occ25,S2_futsal_occ75_20260808_090302,S2_PAIR_occ25,768,31.223,259,240,50,1,1,94,,,0,flight,54,25,0.0,1,1,263.3,sharp,7.8,S2_PAIR_clean_f002037.jpg,indeterminate,0
S2_PAIR_occ25_f000776.jpg,S2_PAIR_occ25,S2_futsal_occ75_20260808_090302,S2_PAIR_occ25,776,31.513,258,240,50,1,3,94,,,0,flight,54,25,0.0,1,1,293.9,sharp,7.5,S2_PAIR_clean_f002037.jpg,indeterminate,0
S2_PAIR_occ25_f000784.jpg,S2_PAIR_occ25,S2_futsal_occ75_20260808_090302,S2_PAIR_occ25,784,31.779,269,250,50,1,0,94,,,0,flight,54,25,0.0,1,1,307.9,sharp,7.3,S2_PAIR_clean_f002037.jpg,indeterminate,0
S2_PAIR_occ25_f000792.jpg,S2_PAIR_occ25,S2_futsal_occ75_20260808_090302,S2_PAIR_occ25,792,32.147,274,250,50,1,0,94,,,0,flight,54,25,0.0,1,1,328.0,sharp,7.2,S2_PAIR_clean_f002037.jpg,indeterminate,0
S2_PAIR_occ25_f000800.jpg,S2_PAIR_occ25,S2_futsal_occ75_20260808_090302,S2_PAIR_occ25,800,32.451,270,250,50,1,0,94,,,0,flight,54,25,0.0,1,1,285.6,sharp,7.3,S2_PAIR_clean_f002037.jpg,indeterminate,0
S2_PAIR_occ25_f000808.jpg,S2_PAIR_occ25,S2_futsal_occ75_20260808_090302,S2_PAIR_occ25,808,32.718,274,250,50,1,0,94,,,0,flight,54,25,0.0,1,1,293.2,sharp,7.3,S2_PAIR_clean_f002037.jpg,indeterminate,0
S2_PAIR_occ25_f000816.jpg,S2_PAIR_occ25,S2_futsal_occ75_20260808_090302,S2_PAIR_occ25,816,32.965,268,250,50,1,0,94,,,0,flight,54,25,0.0,1,1,276.7,sharp,7.5,S2_PAIR_clean_f002037.jpg,indeterminate,0
S2_PAIR_occ25_f000824.jpg,S2_PAIR_occ25,S2_futsal_occ75_20260808_090302,S2_PAIR_occ25,824,33.214,273,250,50,1,0,94,,,0,flight,54,25,0.0,1,1,283.3,sharp,7.5,S2_PAIR_clean_f002037.jpg,indeterminate,0
S2_PAIR_occ25_f000832.jpg,S2_PAIR_occ25,S2_futsal_occ75_20260808_090302,S2_PAIR_occ25,832,33.514,269,250,50,1,1,94,,,0,flight,54,25,0.0,1,1,291.0,sharp,7.6,S2_PAIR_clean_f002037.jpg,indeterminate,0
S2_PAIR_occ25_f000840.jpg,S2_PAIR_occ25,S2_futsal_occ75_20260808_090302,S2_PAIR_occ25,840,33.873,270,250,50,1,0,94,,,0,flight,54,25,0.0,1,1,284.2,sharp,7.6,S2_PAIR_clean_f002037.jpg,indeterminate,0
S2_PAIR_occ25_f000848.jpg,S2_PAIR_occ25,S2_futsal_occ75_20260808_090302,S2_PAIR_occ25,848,34.146,269,250,50,2,-4,94,,,0,flight,54,25,0.0,1,1,282.8,sharp,7.3,S2_PAIR_clean_f002037.jpg,indeterminate,0
S2_PAIR_occ25_f000856.jpg,S2_PAIR_occ25,S2_futsal_occ75_20260808_090302,S2_PAIR_occ25,856,34.419,270,250,50,2,-5,94,,,0,flight,54,25,0.0,1,1,278.5,sharp,7.2,S2_PAIR_clean_f002037.jpg,indeterminate,0
S2_PAIR_occ25_f000864.jpg,S2_PAIR_occ25,S2_futsal_occ75_20260808_090302,S2_PAIR_occ25,864,34.749,274,250,50,2,-4,94,,,0,flight,54,25,0.0,1,1,271.8,sharp,7.5,S2_PAIR_clean_f002037.jpg,indeterminate,0
S2_PAIR_occ25_f000872.jpg,S2_PAIR_occ25,S2_futsal_occ75_20260808_090302,S2_PAIR_occ25,872,35.023,272,250,50,3,-2,94,,,0,flight,54,25,0.0,1,1,275.5,sharp,7.9,S2_PAIR_clean_f002037.jpg,indeterminate,0
S2_PAIR_occ25_f000880.jpg,S2_PAIR_occ25,S2_futsal_occ75_20260808_090302,S2_PAIR_occ25,880,36.281,270,250,66,2,2,94,,,0,flight,54,25,0.0,1,1,133.7,soft_heavy,10.0,S2_PAIR_clean_f002107.jpg,indeterminate,0
S2_PAIR_occ25_f000888.jpg,S2_PAIR_occ25,S2_futsal_occ75_20260808_090302,S2_PAIR_occ25,888,36.656,267,250,71,1,2,94,,,0,flight,54,25,0.0,1,1,154.6,soft_heavy,13.3,S2_PAIR_clean_f002261.jpg,indeterminate,0
S2_PAIR_occ25_f000896.jpg,S2_PAIR_occ25,S2_futsal_occ75_20260808_090302,S2_PAIR_occ25,896,36.906,271,250,71,0,4,94,,,0,flight,54,25,0.0,1,1,176.2,soft_moderate,12.3,S2_PAIR_clean_f002261.jpg,indeterminate,0
S2_PAIR_occ25_f000904.jpg,S2_PAIR_occ25,S2_futsal_occ75_20260808_090302,S2_PAIR_occ25,904,38.037,264,250,71,1,0,94,,,0,flight,54,25,0.0,1,1,204.9,sharp,11.7,S2_PAIR_clean_f002226.jpg,indeterminate,0
S2_PAIR_occ25_f000912.jpg,S2_PAIR_occ25,S2_futsal_occ75_20260808_090302,S2_PAIR_occ25,912,38.297,269,250,71,1,0,94,,,0,flight,54,25,0.0,1,1,224.9,sharp,11.7,S2_PAIR_clean_f002226.jpg,indeterminate,0
S2_PAIR_occ25_f000920.jpg,S2_PAIR_occ25,S2_futsal_occ75_20260808_090302,S2_PAIR_occ25,920,38.547,270,250,71,1,0,94,,,0,flight,54,25,0.0,1,1,255.8,sharp,11.8,S2_PAIR_clean_f002226.jpg,indeterminate,0
S2_PAIR_occ25_f000928.jpg,S2_PAIR_occ25,S2_futsal_occ75_20260808_090302,S2_PAIR_occ25,928,38.802,267,250,71,2,0,94,,,0,flight,54,25,0.0,1,1,249.5,sharp,11.8,S2_PAIR_clean_f002226.jpg,indeterminate,0
S2_PAIR_occ25_f000936.jpg,S2_PAIR_occ25,S2_futsal_occ75_20260808_090302,S2_PAIR_occ25,936,39.113,272,250,71,2,-3,94,,,0,flight,54,25,0.0,1,1,221.5,sharp,11.9,S2_PAIR_clean_f002233.jpg,indeterminate,0
S2_PAIR_occ25_f000944.jpg,S2_PAIR_occ25,S2_futsal_occ75_20260808_090302,S2_PAIR_occ25,944,39.412,277,250,71,2,-3,94,,,0,flight,54,25,0.0,1,1,200.4,sharp,11.7,S2_PAIR_clean_f002240.jpg,indeterminate,0
S2_PAIR_occ25_f000952.jpg,S2_PAIR_occ25,S2_futsal_occ75_20260808_090302,S2_PAIR_occ25,952,39.735,273,250,71,2,-2,94,,,0,flight,54,25,0.0,1,1,209.3,sharp,11.8,S2_PAIR_clean_f002240.jpg,indeterminate,0
S2_PAIR_occ25_f000960.jpg,S2_PAIR_occ25,S2_futsal_occ75_20260808_090302,S2_PAIR_occ25,960,40.010,277,250,71,1,-1,94,,,0,flight,54,25,0.0,1,1,214.9,sharp,11.9,S2_PAIR_clean_f002240.jpg,indeterminate,0
S2_PAIR_occ25_f000968.jpg,S2_PAIR_occ25,S2_futsal_occ75_20260808_090302,S2_PAIR_occ25,968,40.276,274,250,71,1,0,94,,,0,flight,54,25,0.0,1,1,211.5,sharp,11.9,S2_PAIR_clean_f002247.jpg,indeterminate,0
S2_PAIR_occ25_f000976.jpg,S2_PAIR_occ25,S2_futsal_occ75_20260808_090302,S2_PAIR_occ25,976,40.670,268,250,71,1,0,94,,,0,flight,54,25,0.0,1,1,212.3,sharp,12.2,S2_PAIR_clean_f002261.jpg,indeterminate,0
S2_PAIR_occ25_f000984.jpg,S2_PAIR_occ25,S2_futsal_occ75_20260808_090302,S2_PAIR_occ25,984,40.937,276,250,71,1,2,94,,,0,flight,54,25,0.0,1,1,190.7,sharp,12.5,S2_PAIR_clean_f002261.jpg,indeterminate,0
S2_PAIR_occ25_f000992.jpg,S2_PAIR_occ25,S2_futsal_occ75_20260808_090302,S2_PAIR_occ25,992,41.193,269,250,71,1,4,94,,,0,flight,54,25,0.0,1,1,197.5,sharp,12.6,S2_PAIR_clean_f002261.jpg,indeterminate,0
S2_PAIR_occ25_f001000.jpg,S2_PAIR_occ25,S2_futsal_occ75_20260808_090302,S2_PAIR_occ25,1000,41.515,264,250,72,1,3,94,,,0,flight,54,25,0.0,1,1,193.6,sharp,12.5,S2_PAIR_clean_f002275.jpg,indeterminate,0
S2_PAIR_occ25_f001008.jpg,S2_PAIR_occ25,S2_futsal_occ75_20260808_090302,S2_PAIR_occ25,1008,41.864,260,250,78,1,2,94,,,0,flight,54,25,0.0,1,1,159.9,soft_heavy,13.0,S2_PAIR_clean_f002156.jpg,indeterminate,0
S2_PAIR_occ25_f001016.jpg,S2_PAIR_occ25,S2_futsal_occ75_20260808_090302,S2_PAIR_occ25,1016,42.181,260,250,86,0,2,94,,,0,flight,54,25,0.0,1,1,162.2,soft_heavy,15.9,S2_PAIR_clean_f002289.jpg,indeterminate,0
S2_PAIR_occ25_f001048.jpg,S2_PAIR_occ25,S2_futsal_occ75_20260808_090302,S2_PAIR_occ25,1048,43.417,278,250,90,-1,-4,94,,,0,flight,54,25,0.0,1,1,262.3,sharp,17.5,S2_PAIR_clean_f002296.jpg,indeterminate,0
S2_PAIR_occ25_f001056.jpg,S2_PAIR_occ25,S2_futsal_occ75_20260808_090302,S2_PAIR_occ25,1056,43.643,270,250,90,-2,-3,94,,,0,flight,54,25,0.0,1,1,256.2,sharp,17.1,S2_PAIR_clean_f002296.jpg,indeterminate,0
S2_PAIR_occ25_f001064.jpg,S2_PAIR_occ25,S2_futsal_occ75_20260808_090302,S2_PAIR_occ25,1064,43.941,276,250,90,0,0,94,,,0,flight,54,25,0.0,1,1,270.4,sharp,16.9,S2_PAIR_clean_f002296.jpg,indeterminate,0
S2_PAIR_occ25_f001072.jpg,S2_PAIR_occ25,S2_futsal_occ75_20260808_090302,S2_PAIR_occ25,1072,44.280,279,250,90,-1,-1,94,,,0,flight,54,25,0.0,1,1,245.3,sharp,14.9,S2_PAIR_clean_f002296.jpg,indeterminate,0
S2_PAIR_occ25_f001080.jpg,S2_PAIR_occ25,S2_futsal_occ75_20260808_090302,S2_PAIR_occ25,1080,44.731,277,260,90,-1,0,94,,,0,flight,54,25,0.0,1,1,225.2,sharp,14.9,S2_PAIR_clean_f002296.jpg,indeterminate,0
S2_PAIR_occ25_f001088.jpg,S2_PAIR_occ25,S2_futsal_occ75_20260808_090302,S2_PAIR_occ25,1088,45.083,277,260,90,-1,0,94,,,0,flight,54,25,0.0,1,1,227.4,sharp,14.4,S2_PAIR_clean_f002296.jpg,indeterminate,0
S2_PAIR_occ25_f001096.jpg,S2_PAIR_occ25,S2_futsal_occ75_20260808_090302,S2_PAIR_occ25,1096,45.432,271,250,90,-1,0,94,,,0,flight,54,25,0.0,1,1,223.3,sharp,14.5,S2_PAIR_clean_f002296.jpg,indeterminate,0
S2_PAIR_occ25_f001104.jpg,S2_PAIR_occ25,S2_futsal_occ75_20260808_090302,S2_PAIR_occ25,1104,45.714,264,250,90,-1,0,94,,,0,flight,54,25,0.0,1,1,230.0,sharp,14.4,S2_PAIR_clean_f002296.jpg,indeterminate,0
S2_PAIR_occ25_f001112.jpg,S2_PAIR_occ25,S2_futsal_occ75_20260808_090302,S2_PAIR_occ25,1112,45.972,263,250,90,-1,0,94,,,0,flight,54,25,0.0,1,1,227.5,sharp,14.5,S2_PAIR_clean_f002296.jpg,indeterminate,0
S2_PAIR_occ25_f001120.jpg,S2_PAIR_occ25,S2_futsal_occ75_20260808_090302,S2_PAIR_occ25,1120,46.335,259,250,90,-1,0,94,,,0,flight,54,25,0.0,1,1,209.2,sharp,14.5,S2_PAIR_clean_f002296.jpg,indeterminate,0
S2_PAIR_occ25_f001128.jpg,S2_PAIR_occ25,S2_futsal_occ75_20260808_090302,S2_PAIR_occ25,1128,46.633,257,250,90,-1,2,94,,,0,flight,54,25,,1,1,206.1,sharp,,,indeterminate,0
S2_PAIR_occ25_f001136.jpg,S2_PAIR_occ25,S2_futsal_occ75_20260808_090302,S2_PAIR_occ25,1136,46.902,265,250,90,-2,4,94,,,0,flight,54,25,,1,1,212.6,sharp,,,indeterminate,0
S2_PAIR_occ25_f001144.jpg,S2_PAIR_occ25,S2_futsal_occ75_20260808_090302,S2_PAIR_occ25,1144,47.265,267,250,93,-2,3,94,,,0,flight,54,25,,1,1,169.3,soft_moderate,,,indeterminate,0
S2_PAIR_occ25_f001152.jpg,S2_PAIR_occ25,S2_futsal_occ75_20260808_090302,S2_PAIR_occ25,1152,47.604,269,250,103,-2,2,94,,,0,flight,54,25,0.0,1,1,294.1,sharp,14.8,S2_PAIR_clean_f002422.jpg,indeterminate,0
S2_PAIR_occ25_f001160.jpg,S2_PAIR_occ25,S2_futsal_occ75_20260808_090302,S2_PAIR_occ25,1160,47.924,271,250,111,-3,1,94,,,0,flight,54,25,0.0,1,1,302.3,sharp,18.9,S2_PAIR_clean_f002429.jpg,indeterminate,0
S2_PAIR_occ25_f001168.jpg,S2_PAIR_occ25,S2_futsal_occ75_20260808_090302,S2_PAIR_occ25,1168,48.279,273,250,121,-3,1,94,,,0,flight,54,25,0.0,1,1,177.6,soft_moderate,15.7,S2_PAIR_clean_f002436.jpg,indeterminate,0
S2_PAIR_occ25_f001176.jpg,S2_PAIR_occ25,S2_futsal_occ75_20260808_090302,S2_PAIR_occ25,1176,48.595,272,250,124,-2,0,94,,,0,flight,54,25,0.0,1,1,343.2,sharp,13.1,S2_PAIR_clean_f002450.jpg,indeterminate,0
S2_PAIR_occ25_f001184.jpg,S2_PAIR_occ25,S2_futsal_occ75_20260808_090302,S2_PAIR_occ25,1184,48.873,275,250,124,-2,0,94,,,0,flight,54,25,0.0,1,1,265.8,sharp,13.4,S2_PAIR_clean_f002450.jpg,indeterminate,0
S2_PAIR_occ25_f001192.jpg,S2_PAIR_occ25,S2_futsal_occ75_20260808_090302,S2_PAIR_occ25,1192,49.223,270,250,124,-2,0,94,,,0,flight,54,25,0.0,1,1,250.0,sharp,13.2,S2_PAIR_clean_f002450.jpg,indeterminate,0
S2_PAIR_occ25_f001200.jpg,S2_PAIR_occ25,S2_futsal_occ75_20260808_090302,S2_PAIR_occ25,1200,50.523,276,260,124,-3,-3,94,,,0,flight,54,25,0.0,1,1,298.7,sharp,13.5,S2_PAIR_clean_f002450.jpg,indeterminate,0
S2_PAIR_occ25_f001216.jpg,S2_PAIR_occ25,S2_futsal_occ75_20260808_090302,S2_PAIR_occ25,1216,52.178,272,250,124,-4,1,94,,,0,flight,54,25,0.0,1,1,268.0,sharp,14.7,S2_PAIR_clean_f002597.jpg,indeterminate,0
S2_PAIR_occ25_f001224.jpg,S2_PAIR_occ25,S2_futsal_occ75_20260808_090302,S2_PAIR_occ25,1224,52.758,274,250,124,-4,1,94,,,0,flight,54,25,0.0,1,1,226.8,sharp,15.5,S2_PAIR_clean_f002597.jpg,indeterminate,0
S2_PAIR_occ25_f001232.jpg,S2_PAIR_occ25,S2_futsal_occ75_20260808_090302,S2_PAIR_occ25,1232,53.040,274,250,124,-4,1,94,,,0,flight,54,25,0.0,1,1,209.8,sharp,16.0,S2_PAIR_clean_f002597.jpg,indeterminate,0
S2_PAIR_occ25_f001240.jpg,S2_PAIR_occ25,S2_futsal_occ75_20260808_090302,S2_PAIR_occ25,1240,53.374,271,250,128,-4,4,94,,,0,flight,54,25,0.0,1,1,149.1,soft_heavy,18.3,S2_PAIR_clean_f002597.jpg,indeterminate,0
S2_PAIR_occ25_f001248.jpg,S2_PAIR_occ25,S2_futsal_occ75_20260808_090302,S2_PAIR_occ25,1248,53.632,275,250,134,-4,2,94,,,0,flight,54,25,0.0,1,1,163.2,soft_heavy,16.6,S2_PAIR_clean_f002611.jpg,indeterminate,0
S2_PAIR_occ25_f001256.jpg,S2_PAIR_occ25,S2_futsal_occ75_20260808_090302,S2_PAIR_occ25,1256,53.965,276,250,142,-5,0,94,,,0,flight,54,25,0.0,1,1,164.2,soft_heavy,16.8,S2_PAIR_clean_f002632.jpg,indeterminate,0
S2_PAIR_occ25_f001264.jpg,S2_PAIR_occ25,S2_futsal_occ75_20260808_090302,S2_PAIR_occ25,1264,54.255,275,250,146,-5,0,94,,,0,flight,54,25,0.0,1,1,201.8,sharp,13.1,S2_PAIR_clean_f002632.jpg,indeterminate,0
S2_PAIR_occ25_f001272.jpg,S2_PAIR_occ25,S2_futsal_occ75_20260808_090302,S2_PAIR_occ25,1272,54.564,277,250,146,-4,0,94,,,0,flight,54,25,0.0,1,1,194.6,sharp,11.0,S2_PAIR_clean_f002674.jpg,indeterminate,0
S2_PAIR_occ25_f001280.jpg,S2_PAIR_occ25,S2_futsal_occ75_20260808_090302,S2_PAIR_occ25,1280,54.826,280,250,146,-4,-6,94,,,0,flight,54,25,0.0,1,1,188.0,sharp,11.7,S2_PAIR_clean_f002632.jpg,indeterminate,0
S2_PAIR_occ25_f001288.jpg,S2_PAIR_occ25,S2_futsal_occ75_20260808_090302,S2_PAIR_occ25,1288,55.074,282,250,146,-4,-7,94,,,0,flight,54,25,0.0,1,1,194.7,sharp,12.2,S2_PAIR_clean_f002632.jpg,indeterminate,0
S2_PAIR_occ25_f001296.jpg,S2_PAIR_occ25,S2_futsal_occ75_20260808_090302,S2_PAIR_occ25,1296,55.373,275,250,146,-4,-6,94,,,0,flight,54,25,0.0,1,1,200.7,sharp,11.5,S2_PAIR_clean_f002632.jpg,indeterminate,0
S2_PAIR_occ25_f001304.jpg,S2_PAIR_occ25,S2_futsal_occ75_20260808_090302,S2_PAIR_occ25,1304,55.695,275,250,146,-3,-4,94,,,0,flight,54,25,0.0,1,1,305.1,sharp,14.6,S2_PAIR_clean_f002681.jpg,indeterminate,0
S2_PAIR_occ25_f001312.jpg,S2_PAIR_occ25,S2_futsal_occ75_20260808_090302,S2_PAIR_occ25,1312,55.907,267,250,146,-3,-3,94,,,0,flight,54,25,0.0,1,1,254.2,sharp,18.1,S2_PAIR_clean_f002681.jpg,indeterminate,0
S2_PAIR_occ25_f001320.jpg,S2_PAIR_occ25,S2_futsal_occ75_20260808_090302,S2_PAIR_occ25,1320,56.200,269,250,146,-3,-3,94,,,0,flight,54,25,0.0,1,1,256.2,sharp,19.4,S2_PAIR_clean_f002709.jpg,indeterminate,0
S2_PAIR_occ25_f001328.jpg,S2_PAIR_occ25,S2_futsal_occ75_20260808_090302,S2_PAIR_occ25,1328,56.499,268,250,146,-2,-4,94,,,0,flight,54,25,0.0,1,1,201.9,sharp,11.8,S2_PAIR_clean_f002709.jpg,indeterminate,0
S2_PAIR_occ25_f001336.jpg,S2_PAIR_occ25,S2_futsal_occ75_20260808_090302,S2_PAIR_occ25,1336,56.833,273,250,146,-3,-4,94,,,0,flight,54,25,0.0,1,1,197.9,sharp,13.2,S2_PAIR_clean_f002723.jpg,indeterminate,0
S2_PAIR_occ25_f001344.jpg,S2_PAIR_occ25,S2_futsal_occ75_20260808_090302,S2_PAIR_occ25,1344,57.121,272,250,146,-4,-3,94,,,0,flight,54,25,0.0,1,1,196.3,sharp,13.9,S2_PAIR_clean_f002723.jpg,indeterminate,0
S2_PAIR_occ25_f001352.jpg,S2_PAIR_occ25,S2_futsal_occ75_20260808_090302,S2_PAIR_occ25,1352,57.415,275,250,146,-3,-3,94,,,0,flight,54,25,0.0,1,1,189.5,sharp,14.0,S2_PAIR_clean_f002723.jpg,indeterminate,0
S2_PAIR_occ25_f001360.jpg,S2_PAIR_occ25,S2_futsal_occ75_20260808_090302,S2_PAIR_occ25,1360,57.644,271,250,146,-3,-3,94,,,0,flight,54,25,0.0,1,1,211.5,sharp,12.8,S2_PAIR_clean_f002723.jpg,indeterminate,0
S2_PAIR_occ25_f001368.jpg,S2_PAIR_occ25,S2_futsal_occ75_20260808_090302,S2_PAIR_occ25,1368,57.939,270,250,146,-2,-4,94,,,0,flight,54,25,0.0,1,1,214.3,sharp,13.4,S2_PAIR_clean_f002723.jpg,indeterminate,0
S2_PAIR_occ25_f001376.jpg,S2_PAIR_occ25,S2_futsal_occ75_20260808_090302,S2_PAIR_occ25,1376,58.240,273,250,146,-1,0,93,,,0,flight,54,25,0.0,1,1,221.7,sharp,14.6,S2_PAIR_clean_f002723.jpg,indeterminate,0
S2_PAIR_occ25_f001384.jpg,S2_PAIR_occ25,S2_futsal_occ75_20260808_090302,S2_PAIR_occ25,1384,58.580,274,250,146,-1,0,93,,,0,flight,54,25,0.0,1,1,177.9,soft_moderate,13.1,S2_PAIR_clean_f002723.jpg,indeterminate,0
S2_PAIR_occ25_f001392.jpg,S2_PAIR_occ25,S2_futsal_occ75_20260808_090302,S2_PAIR_occ25,1392,58.961,267,260,159,0,0,93,,,0,flight,54,25,0.0,1,1,194.5,sharp,16.4,S2_PAIR_clean_f002730.jpg,indeterminate,0
S2_PAIR_occ25_f001400.jpg,S2_PAIR_occ25,S2_futsal_occ75_20260808_090302,S2_PAIR_occ25,1400,59.200,272,250,164,0,-1,93,,,0,flight,54,25,0.0,1,1,197.6,sharp,15.5,S2_PAIR_clean_f002898.jpg,indeterminate,0
S2_PAIR_occ25_f001408.jpg,S2_PAIR_occ25,S2_futsal_occ75_20260808_090302,S2_PAIR_occ25,1408,59.447,268,250,168,0,-1,93,,,0,flight,54,25,0.0,1,1,215.2,sharp,11.9,S2_PAIR_clean_f002849.jpg,indeterminate,0
S2_PAIR_occ25_f001416.jpg,S2_PAIR_occ25,S2_futsal_occ75_20260808_090302,S2_PAIR_occ25,1416,59.760,269,250,168,0,-2,93,,,0,flight,54,25,0.0,1,1,209.3,sharp,12.6,S2_PAIR_clean_f002842.jpg,indeterminate,0
S2_PAIR_occ25_f001424.jpg,S2_PAIR_occ25,S2_futsal_occ75_20260808_090302,S2_PAIR_occ25,1424,60.107,267,250,168,0,-6,93,,,0,flight,54,25,0.0,1,1,201.9,sharp,12.9,S2_PAIR_clean_f002842.jpg,indeterminate,0
S2_PAIR_occ25_f001432.jpg,S2_PAIR_occ25,S2_futsal_occ75_20260808_090302,S2_PAIR_occ25,1432,60.310,268,250,168,0,-8,93,,,0,flight,54,25,0.0,1,1,221.9,sharp,12.6,S2_PAIR_clean_f002905.jpg,indeterminate,0
S2_PAIR_occ25_f001440.jpg,S2_PAIR_occ25,S2_futsal_occ75_20260808_090302,S2_PAIR_occ25,1440,60.574,271,250,168,0,-7,93,,,0,flight,54,25,0.0,1,1,205.1,sharp,12.9,S2_PAIR_clean_f002842.jpg,indeterminate,0
S2_PAIR_occ25_f001448.jpg,S2_PAIR_occ25,S2_futsal_occ75_20260808_090302,S2_PAIR_occ25,1448,60.957,270,250,168,0,-4,93,,,0,flight,54,25,0.0,1,1,204.6,sharp,13.3,S2_PAIR_clean_f002849.jpg,indeterminate,0
S2_PAIR_occ25_f001456.jpg,S2_PAIR_occ25,S2_futsal_occ75_20260808_090302,S2_PAIR_occ25,1456,61.298,265,250,168,0,-3,93,,,0,flight,54,25,0.0,1,1,215.3,sharp,13.6,S2_PAIR_clean_f002856.jpg,indeterminate,0
S2_PAIR_occ25_f001464.jpg,S2_PAIR_occ25,S2_futsal_occ75_20260808_090302,S2_PAIR_occ25,1464,61.605,264,250,168,1,-4,93,,,0,flight,54,25,0.0,1,1,246.1,sharp,14.9,S2_PAIR_clean_f002870.jpg,indeterminate,0
S2_PAIR_occ25_f001472.jpg,S2_PAIR_occ25,S2_futsal_occ75_20260808_090302,S2_PAIR_occ25,1472,61.898,267,250,168,1,-4,93,,,0,flight,54,25,0.0,1,1,267.5,sharp,15.1,S2_PAIR_clean_f002870.jpg,indeterminate,0
S2_PAIR_occ25_f001480.jpg,S2_PAIR_occ25,S2_futsal_occ75_20260808_090302,S2_PAIR_occ25,1480,62.240,272,250,168,1,-4,93,,,0,flight,54,25,0.0,1,1,290.0,sharp,15.2,S2_PAIR_clean_f002898.jpg,indeterminate,0
S2_PAIR_occ25_f001512.jpg,S2_PAIR_occ25,S2_futsal_occ75_20260808_090302,S2_PAIR_occ25,1512,63.540,280,260,168,1,1,92,,,0,flight,54,25,0.0,1,1,242.8,sharp,15.1,S2_PAIR_clean_f002898.jpg,indeterminate,0
S2_PAIR_occ25_f001520.jpg,S2_PAIR_occ25,S2_futsal_occ75_20260808_090302,S2_PAIR_occ25,1520,63.879,281,260,168,1,0,92,,,0,flight,54,25,0.0,1,1,242.7,sharp,14.6,S2_PAIR_clean_f002898.jpg,indeterminate,0
S2_PAIR_occ25_f001528.jpg,S2_PAIR_occ25,S2_futsal_occ75_20260808_090302,S2_PAIR_occ25,1528,64.135,270,260,168,1,0,92,,,0,flight,54,25,0.0,1,1,244.1,sharp,15.4,S2_PAIR_clean_f002898.jpg,indeterminate,0
S2_PAIR_occ25_f001536.jpg,S2_PAIR_occ25,S2_futsal_occ75_20260808_090302,S2_PAIR_occ25,1536,64.499,278,260,173,1,-1,92,,,0,flight,54,25,0.0,1,1,192.2,sharp,14.8,S2_PAIR_clean_f002905.jpg,indeterminate,0
S2_PAIR_occ25_f001544.jpg,S2_PAIR_occ25,S2_futsal_occ75_20260808_090302,S2_PAIR_occ25,1544,64.843,271,250,-175,0,2,92,,,0,flight,54,25,0.0,1,1,151.4,soft_heavy,14.8,S2_PAIR_clean_f003080.jpg,indeterminate,0
S2_PAIR_occ25_f001552.jpg,S2_PAIR_occ25,S2_futsal_occ75_20260808_090302,S2_PAIR_occ25,1552,65.107,267,250,-169,0,0,92,,,0,flight,54,25,0.0,1,1,192.7,sharp,17.2,S2_PAIR_clean_f003101.jpg,indeterminate,0
S2_PAIR_occ25_f001560.jpg,S2_PAIR_occ25,S2_futsal_occ75_20260808_090302,S2_PAIR_occ25,1560,65.400,266,250,-167,1,-1,92,,,0,flight,54,25,0.0,1,1,239.3,sharp,14.6,S2_PAIR_clean_f003101.jpg,indeterminate,0
S2_PAIR_occ25_f001568.jpg,S2_PAIR_occ25,S2_futsal_occ75_20260808_090302,S2_PAIR_occ25,1568,65.692,266,250,-166,1,-1,92,,,0,flight,54,25,0.0,1,1,255.4,sharp,15.4,S2_PAIR_clean_f003101.jpg,indeterminate,0
S2_PAIR_occ25_f001576.jpg,S2_PAIR_occ25,S2_futsal_occ75_20260808_090302,S2_PAIR_occ25,1576,65.950,272,250,-166,2,-4,92,,,0,flight,54,25,0.0,1,1,243.1,sharp,15.3,S2_PAIR_clean_f003101.jpg,indeterminate,0
S2_PAIR_occ25_f001584.jpg,S2_PAIR_occ25,S2_futsal_occ75_20260808_090302,S2_PAIR_occ25,1584,66.256,278,250,-166,1,-8,92,,,0,flight,54,25,0.0,1,1,244.7,sharp,15.1,S2_PAIR_clean_f003101.jpg,indeterminate,0
S2_PAIR_occ25_f001592.jpg,S2_PAIR_occ25,S2_futsal_occ75_20260808_090302,S2_PAIR_occ25,1592,66.624,278,250,-166,0,-6,92,,,0,flight,54,25,0.0,1,1,271.8,sharp,14.8,S2_PAIR_clean_f003101.jpg,indeterminate,0
S2_PAIR_occ25_f001600.jpg,S2_PAIR_occ25,S2_futsal_occ75_20260808_090302,S2_PAIR_occ25,1600,66.905,276,250,-167,0,-3,92,,,0,flight,54,25,0.0,1,1,261.7,sharp,14.4,S2_PAIR_clean_f003101.jpg,indeterminate,0
S2_PAIR_occ25_f001608.jpg,S2_PAIR_occ25,S2_futsal_occ75_20260808_090302,S2_PAIR_occ25,1608,67.171,277,250,-167,1,-3,92,,,0,flight,54,25,0.0,1,1,272.1,sharp,14.2,S2_PAIR_clean_f003101.jpg,indeterminate,0
S2_PAIR_occ25_f001616.jpg,S2_PAIR_occ25,S2_futsal_occ75_20260808_090302,S2_PAIR_occ25,1616,67.449,278,250,-167,0,-3,92,,,0,flight,54,25,0.0,1,1,228.3,sharp,13.2,S2_PAIR_clean_f003101.jpg,indeterminate,0
S2_PAIR_occ25_f001624.jpg,S2_PAIR_occ25,S2_futsal_occ75_20260808_090302,S2_PAIR_occ25,1624,67.708,276,250,-167,0,-3,92,,,0,flight,54,25,0.0,1,1,237.4,sharp,13.4,S2_PAIR_clean_f003101.jpg,indeterminate,0
S2_PAIR_occ25_f001632.jpg,S2_PAIR_occ25,S2_futsal_occ75_20260808_090302,S2_PAIR_occ25,1632,67.978,272,250,-166,0,-2,92,,,0,flight,54,25,0.0,1,1,226.6,sharp,14.3,S2_PAIR_clean_f003101.jpg,indeterminate,0
S2_PAIR_occ25_f001640.jpg,S2_PAIR_occ25,S2_futsal_occ75_20260808_090302,S2_PAIR_occ25,1640,68.287,276,250,-167,0,2,92,,,0,flight,54,25,0.0,1,1,238.2,sharp,15.7,S2_PAIR_clean_f003101.jpg,indeterminate,0
S2_PAIR_occ25_f001648.jpg,S2_PAIR_occ25,S2_futsal_occ75_20260808_090302,S2_PAIR_occ25,1648,68.594,270,250,-166,0,1,92,,,0,flight,54,25,0.0,1,1,213.7,sharp,13.4,S2_PAIR_clean_f003101.jpg,indeterminate,0
S2_PAIR_occ25_f001656.jpg,S2_PAIR_occ25,S2_futsal_occ75_20260808_090302,S2_PAIR_occ25,1656,68.884,272,250,-161,0,1,92,,,0,flight,54,25,0.0,1,1,214.5,sharp,14.1,S2_PAIR_clean_f003234.jpg,indeterminate,0
S2_PAIR_occ25_f001664.jpg,S2_PAIR_occ25,S2_futsal_occ75_20260808_090302,S2_PAIR_occ25,1664,69.107,273,250,-157,0,1,91,,,0,flight,54,25,0.0,1,1,205.2,sharp,14.2,S2_PAIR_clean_f003122.jpg,indeterminate,0
S2_PAIR_occ25_f001672.jpg,S2_PAIR_occ25,S2_futsal_occ75_20260808_090302,S2_PAIR_occ25,1672,69.459,276,250,-157,0,0,91,,,0,flight,54,25,0.0,1,1,227.7,sharp,13.2,S2_PAIR_clean_f003122.jpg,indeterminate,0
S2_PAIR_occ25_f001680.jpg,S2_PAIR_occ25,S2_futsal_occ75_20260808_090302,S2_PAIR_occ25,1680,69.739,272,250,-159,0,3,91,,,0,flight,54,25,0.0,1,1,221.2,sharp,14.6,S2_PAIR_clean_f003178.jpg,indeterminate,0
S2_PAIR_occ25_f001688.jpg,S2_PAIR_occ25,S2_futsal_occ75_20260808_090302,S2_PAIR_occ25,1688,70.012,273,250,-159,0,-2,91,,,0,flight,54,25,0.0,1,1,242.9,sharp,13.8,S2_PAIR_clean_f003171.jpg,indeterminate,0
S2_PAIR_occ25_f001696.jpg,S2_PAIR_occ25,S2_futsal_occ75_20260808_090302,S2_PAIR_occ25,1696,70.316,271,250,-159,0,-5,91,,,0,flight,54,25,0.0,1,1,261.8,sharp,13.5,S2_PAIR_clean_f003178.jpg,indeterminate,0
S2_PAIR_occ25_f001704.jpg,S2_PAIR_occ25,S2_futsal_occ75_20260808_090302,S2_PAIR_occ25,1704,70.590,270,250,-159,0,-4,91,,,0,flight,54,25,0.0,1,1,244.3,sharp,13.6,S2_PAIR_clean_f003185.jpg,indeterminate,0
S2_PAIR_occ25_f001712.jpg,S2_PAIR_occ25,S2_futsal_occ75_20260808_090302,S2_PAIR_occ25,1712,70.844,271,250,-159,0,-2,91,,,0,flight,54,25,0.0,1,1,246.7,sharp,13.8,S2_PAIR_clean_f003192.jpg,indeterminate,0
S2_PAIR_occ25_f001720.jpg,S2_PAIR_occ25,S2_futsal_occ75_20260808_090302,S2_PAIR_occ25,1720,71.120,268,250,-158,0,-2,91,,,0,flight,54,25,0.0,1,1,242.2,sharp,13.5,S2_PAIR_clean_f003206.jpg,indeterminate,0
S2_PAIR_occ25_f001728.jpg,S2_PAIR_occ25,S2_futsal_occ75_20260808_090302,S2_PAIR_occ25,1728,71.371,264,250,-158,0,-2,91,,,0,flight,54,25,0.0,1,1,228.4,sharp,13.4,S2_PAIR_clean_f003206.jpg,indeterminate,0
S2_PAIR_occ25_f001736.jpg,S2_PAIR_occ25,S2_futsal_occ75_20260808_090302,S2_PAIR_occ25,1736,71.756,264,250,-159,0,2,91,,,0,flight,54,25,0.0,1,1,208.6,sharp,14.0,S2_PAIR_clean_f003227.jpg,indeterminate,0
S2_PAIR_occ25_f001744.jpg,S2_PAIR_occ25,S2_futsal_occ75_20260808_090302,S2_PAIR_occ25,1744,72.109,267,250,-158,0,3,91,,,0,flight,54,25,0.0,1,1,233.4,sharp,13.8,S2_PAIR_clean_f003227.jpg,indeterminate,0
S2_PAIR_occ25_f001752.jpg,S2_PAIR_occ25,S2_futsal_occ75_20260808_090302,S2_PAIR_occ25,1752,72.410,267,250,-152,0,2,91,,,0,flight,54,25,0.0,1,1,201.7,sharp,14.4,S2_PAIR_clean_f003241.jpg,indeterminate,0
S2_PAIR_occ25_f001760.jpg,S2_PAIR_occ25,S2_futsal_occ75_20260808_090302,S2_PAIR_occ25,1760,72.709,265,250,-143,0,2,91,,,0,flight,54,25,34.9,1,1,268.4,sharp,18.0,S2_PAIR_clean_f003248.jpg,indeterminate,0
S2_PAIR_occ25_f001808.jpg,S2_PAIR_occ25,S2_futsal_occ75_20260808_090302,S2_PAIR_occ25,1808,74.548,270,250,-136,0,-2,90,,,0,flight,54,25,0.0,1,1,267.4,sharp,15.0,S2_PAIR_clean_f003325.jpg,indeterminate,0
S2_PAIR_occ25_f001816.jpg,S2_PAIR_occ25,S2_futsal_occ75_20260808_090302,S2_PAIR_occ25,1816,74.832,269,250,-136,0,-6,90,,,0,flight,54,25,0.0,1,1,271.9,sharp,14.5,S2_PAIR_clean_f003311.jpg,indeterminate,0
S2_PAIR_occ25_f001824.jpg,S2_PAIR_occ25,S2_futsal_occ75_20260808_090302,S2_PAIR_occ25,1824,75.074,271,250,-136,0,-5,90,,,0,flight,54,25,0.0,1,1,252.9,sharp,14.7,S2_PAIR_clean_f003318.jpg,indeterminate,0
S2_PAIR_occ25_f001832.jpg,S2_PAIR_occ25,S2_futsal_occ75_20260808_090302,S2_PAIR_occ25,1832,75.461,272,250,-136,1,0,90,,,0,flight,54,25,0.0,1,1,308.1,sharp,14.9,S2_PAIR_clean_f003318.jpg,indeterminate,0
S2_PAIR_occ25_f001840.jpg,S2_PAIR_occ25,S2_futsal_occ75_20260808_090302,S2_PAIR_occ25,1840,75.734,273,250,-136,1,0,90,,,0,flight,54,25,0.0,1,1,303.2,sharp,14.9,S2_PAIR_clean_f003325.jpg,indeterminate,0
S2_PAIR_occ25_f001848.jpg,S2_PAIR_occ25,S2_futsal_occ75_20260808_090302,S2_PAIR_occ25,1848,76.023,276,250,-136,1,0,90,,,0,flight,54,25,0.0,1,1,303.5,sharp,14.7,S2_PAIR_clean_f003325.jpg,indeterminate,0
S2_PAIR_occ25_f001856.jpg,S2_PAIR_occ25,S2_futsal_occ75_20260808_090302,S2_PAIR_occ25,1856,76.383,272,250,-136,1,1,90,,,0,flight,54,25,0.0,1,1,287.2,sharp,14.7,S2_PAIR_clean_f003325.jpg,indeterminate,0
S2_PAIR_occ25_f001864.jpg,S2_PAIR_occ25,S2_futsal_occ75_20260808_090302,S2_PAIR_occ25,1864,76.710,269,250,-136,1,-1,90,,,0,flight,54,25,0.0,1,1,281.4,sharp,14.4,S2_PAIR_clean_f003325.jpg,indeterminate,0
S2_PAIR_occ25_f001872.jpg,S2_PAIR_occ25,S2_futsal_occ75_20260808_090302,S2_PAIR_occ25,1872,76.985,271,250,-136,1,-2,90,,,0,flight,54,25,0.0,1,1,305.2,sharp,14.2,S2_PAIR_clean_f003325.jpg,indeterminate,0
S2_PAIR_occ25_f001880.jpg,S2_PAIR_occ25,S2_futsal_occ75_20260808_090302,S2_PAIR_occ25,1880,77.352,273,250,-136,1,-5,90,,,0,flight,54,25,0.0,1,1,266.0,sharp,13.9,S2_PAIR_clean_f003325.jpg,indeterminate,0
S2_PAIR_occ25_f001888.jpg,S2_PAIR_occ25,S2_futsal_occ75_20260808_090302,S2_PAIR_occ25,1888,77.607,271,250,-136,2,-7,90,,,0,flight,54,25,0.0,1,1,275.7,sharp,13.8,S2_PAIR_clean_f003325.jpg,indeterminate,0
S2_PAIR_occ25_f001896.jpg,S2_PAIR_occ25,S2_futsal_occ75_20260808_090302,S2_PAIR_occ25,1896,77.903,266,250,-136,2,-5,90,,,0,flight,54,25,0.0,1,1,289.1,sharp,14.2,S2_PAIR_clean_f003325.jpg,indeterminate,0
S2_PAIR_occ25_f001904.jpg,S2_PAIR_occ25,S2_futsal_occ75_20260808_090302,S2_PAIR_occ25,1904,78.145,272,250,-136,2,-4,90,,,0,flight,54,25,0.0,1,1,269.0,sharp,14.8,S2_PAIR_clean_f003325.jpg,indeterminate,0
S2_PAIR_occ25_f001912.jpg,S2_PAIR_occ25,S2_futsal_occ75_20260808_090302,S2_PAIR_occ25,1912,78.433,271,250,-136,2,-3,90,,,0,flight,54,25,0.0,1,1,281.4,sharp,15.5,S2_PAIR_clean_f003325.jpg,indeterminate,0
S2_PAIR_occ25_f001920.jpg,S2_PAIR_occ25,S2_futsal_occ75_20260808_090302,S2_PAIR_occ25,1920,78.731,263,250,-136,2,-3,90,,,0,flight,54,25,0.0,1,1,288.8,sharp,16.2,S2_PAIR_clean_f003325.jpg,indeterminate,0
S2_PAIR_occ25_f001928.jpg,S2_PAIR_occ25,S2_futsal_occ75_20260808_090302,S2_PAIR_occ25,1928,78.976,267,250,-136,1,-3,90,,,0,flight,54,25,0.0,1,1,280.5,sharp,16.5,S2_PAIR_clean_f003325.jpg,indeterminate,0
S2_PAIR_occ25_f001936.jpg,S2_PAIR_occ25,S2_futsal_occ75_20260808_090302,S2_PAIR_occ25,1936,79.255,270,250,-136,1,-3,90,,,0,flight,54,25,0.0,1,1,288.2,sharp,16.6,S2_PAIR_clean_f003325.jpg,indeterminate,0
S2_PAIR_occ25_f001944.jpg,S2_PAIR_occ25,S2_futsal_occ75_20260808_090302,S2_PAIR_occ25,1944,79.571,267,250,-136,1,-3,90,,,0,flight,54,25,0.0,1,1,291.2,sharp,16.8,S2_PAIR_clean_f003325.jpg,indeterminate,0
S2_PAIR_occ25_f001952.jpg,S2_PAIR_occ25,S2_futsal_occ75_20260808_090302,S2_PAIR_occ25,1952,79.882,269,250,-136,1,-2,90,,,0,flight,54,25,0.0,1,1,299.3,sharp,16.9,S2_PAIR_clean_f003325.jpg,indeterminate,0
S2_PAIR_occ25_f001960.jpg,S2_PAIR_occ25,S2_futsal_occ75_20260808_090302,S2_PAIR_occ25,1960,80.149,270,250,-136,1,-2,90,,,0,flight,54,25,0.0,1,1,303.8,sharp,17.4,S2_PAIR_clean_f003325.jpg,indeterminate,0
S2_PAIR_occ25_f001968.jpg,S2_PAIR_occ25,S2_futsal_occ75_20260808_090302,S2_PAIR_occ25,1968,80.473,271,250,-136,2,0,90,,,0,flight,54,25,0.0,1,1,263.0,sharp,17.8,S2_PAIR_clean_f003325.jpg,indeterminate,0
S2_PAIR_occ25_f001976.jpg,S2_PAIR_occ25,S2_futsal_occ75_20260808_090302,S2_PAIR_occ25,1976,80.791,276,250,-136,2,2,90,,,0,flight,54,25,21.3,1,1,285.6,sharp,18.5,S2_PAIR_clean_f003325.jpg,indeterminate,0
S2_PAIR_occ25_f001984.jpg,S2_PAIR_occ25,S2_futsal_occ75_20260808_090302,S2_PAIR_occ25,1984,81.078,270,250,-131,2,2,90,,,0,flight,54,25,0.0,1,1,237.3,sharp,15.3,S2_PAIR_clean_f003325.jpg,indeterminate,0
S2_PAIR_occ25_f001992.jpg,S2_PAIR_occ25,S2_futsal_occ75_20260808_090302,S2_PAIR_occ25,1992,81.407,270,250,-124,1,2,90,,,0,flight,54,25,23.7,1,1,240.6,sharp,13.5,S2_PAIR_clean_f003332.jpg,indeterminate,0
S2_PAIR_occ25_f002000.jpg,S2_PAIR_occ25,S2_futsal_occ75_20260808_090302,S2_PAIR_occ25,2000,81.692,269,250,-114,0,2,90,,,0,flight,54,25,0.0,1,1,248.2,sharp,12.9,S2_PAIR_clean_f003339.jpg,indeterminate,0
S2_PAIR_occ25_f002008.jpg,S2_PAIR_occ25,S2_futsal_occ75_20260808_090302,S2_PAIR_occ25,2008,82.005,268,250,-108,0,1,90,,,0,flight,54,25,0.0,1,1,252.6,sharp,13.4,S2_PAIR_clean_f003346.jpg,indeterminate,0
S2_PAIR_occ25_f002016.jpg,S2_PAIR_occ25,S2_futsal_occ75_20260808_090302,S2_PAIR_occ25,2016,82.281,270,250,-103,0,3,90,,,0,flight,54,25,0.0,1,1,222.2,sharp,14.4,S2_PAIR_clean_f003353.jpg,indeterminate,0
S2_PAIR_occ25_f002024.jpg,S2_PAIR_occ25,S2_futsal_occ75_20260808_090302,S2_PAIR_occ25,2024,82.682,273,250,-100,1,1,90,,,0,flight,54,25,0.0,1,1,272.6,sharp,14.9,S2_PAIR_clean_f003360.jpg,indeterminate,0
S2_PAIR_occ25_f002032.jpg,S2_PAIR_occ25,S2_futsal_occ75_20260808_090302,S2_PAIR_occ25,2032,82.948,270,250,-101,2,1,90,,,0,flight,54,25,0.0,1,1,293.4,sharp,15.1,S2_PAIR_clean_f003360.jpg,indeterminate,0
S2_PAIR_occ25_f002040.jpg,S2_PAIR_occ25,S2_futsal_occ75_20260808_090302,S2_PAIR_occ25,2040,83.274,267,250,-101,1,0,89,,,0,flight,54,25,16.4,1,1,279.5,sharp,14.7,S2_PAIR_clean_f003360.jpg,indeterminate,0
S2_PAIR_occ25_f002048.jpg,S2_PAIR_occ25,S2_futsal_occ75_20260808_090302,S2_PAIR_occ25,2048,83.599,274,250,-101,0,-3,89,,,0,flight,54,25,16.6,1,1,274.3,sharp,14.4,S2_PAIR_clean_f003360.jpg,indeterminate,0
S2_PAIR_occ25_f002056.jpg,S2_PAIR_occ25,S2_futsal_occ75_20260808_090302,S2_PAIR_occ25,2056,83.880,271,250,-101,0,-2,89,,,0,flight,54,25,17.4,1,1,283.2,sharp,14.3,S2_PAIR_clean_f003353.jpg,indeterminate,0
S2_PAIR_occ25_f002064.jpg,S2_PAIR_occ25,S2_futsal_occ75_20260808_090302,S2_PAIR_occ25,2064,84.144,276,250,-101,0,-1,89,,,0,flight,54,25,7.6,1,1,281.8,sharp,14.3,S2_PAIR_clean_f003360.jpg,indeterminate,0
S2_PAIR_occ25_f002072.jpg,S2_PAIR_occ25,S2_futsal_occ75_20260808_090302,S2_PAIR_occ25,2072,84.470,272,250,-100,0,0,89,,,0,flight,54,25,0.0,1,1,273.2,sharp,14.6,S2_PAIR_clean_f003360.jpg,indeterminate,0
S2_PAIR_occ25_f002080.jpg,S2_PAIR_occ25,S2_futsal_occ75_20260808_090302,S2_PAIR_occ25,2080,84.750,275,250,-100,0,-1,89,,,0,flight,54,25,0.0,1,1,272.8,sharp,14.8,S2_PAIR_clean_f003353.jpg,indeterminate,0
S2_PAIR_occ25_f002088.jpg,S2_PAIR_occ25,S2_futsal_occ75_20260808_090302,S2_PAIR_occ25,2088,85.049,271,250,-101,1,-1,89,,,0,flight,54,25,0.0,1,1,281.5,sharp,15.2,S2_PAIR_clean_f003353.jpg,indeterminate,0
S2_PAIR_occ25_f002096.jpg,S2_PAIR_occ25,S2_futsal_occ75_20260808_090302,S2_PAIR_occ25,2096,85.349,269,250,-101,2,0,89,,,0,flight,54,25,0.0,1,1,276.9,sharp,15.4,S2_PAIR_clean_f003353.jpg,indeterminate,0
S2_PAIR_occ25_f002104.jpg,S2_PAIR_occ25,S2_futsal_occ75_20260808_090302,S2_PAIR_occ25,2104,85.686,268,250,-101,2,0,89,,,0,flight,54,25,0.0,1,1,274.0,sharp,15.5,S2_PAIR_clean_f003353.jpg,indeterminate,0
S2_PAIR_occ25_f002112.jpg,S2_PAIR_occ25,S2_futsal_occ75_20260808_090302,S2_PAIR_occ25,2112,85.958,268,250,-101,2,0,89,,,0,flight,54,25,0.0,1,1,282.8,sharp,15.7,S2_PAIR_clean_f003353.jpg,indeterminate,0
S2_PAIR_occ25_f002120.jpg,S2_PAIR_occ25,S2_futsal_occ75_20260808_090302,S2_PAIR_occ25,2120,86.274,271,250,-101,2,-1,89,,,0,flight,54,25,0.0,1,1,276.3,sharp,15.7,S2_PAIR_clean_f003353.jpg,indeterminate,0
S2_PAIR_occ25_f002128.jpg,S2_PAIR_occ25,S2_futsal_occ75_20260808_090302,S2_PAIR_occ25,2128,86.598,270,250,-101,3,-1,89,,,0,flight,54,25,0.0,1,1,261.8,sharp,15.6,S2_PAIR_clean_f003353.jpg,indeterminate,0
S2_PAIR_occ25_f002136.jpg,S2_PAIR_occ25,S2_futsal_occ75_20260808_090302,S2_PAIR_occ25,2136,86.882,268,250,-101,2,-1,89,,,0,flight,54,25,0.0,1,1,280.1,sharp,15.4,S2_PAIR_clean_f003409.jpg,indeterminate,0
S2_PAIR_occ25_f002144.jpg,S2_PAIR_occ25,S2_futsal_occ75_20260808_090302,S2_PAIR_occ25,2144,87.183,272,250,-101,2,-1,89,,,0,flight,54,25,0.0,1,1,317.7,sharp,15.6,S2_PAIR_clean_f003360.jpg,indeterminate,0
S2_PAIR_occ25_f002152.jpg,S2_PAIR_occ25,S2_futsal_occ75_20260808_090302,S2_PAIR_occ25,2152,87.516,264,250,-101,2,-1,89,,,0,flight,54,25,8.1,1,1,269.5,sharp,15.1,S2_PAIR_clean_f003353.jpg,indeterminate,0
S2_PAIR_occ25_f002160.jpg,S2_PAIR_occ25,S2_futsal_occ75_20260808_090302,S2_PAIR_occ25,2160,87.841,259,250,-101,1,-2,89,,,0,flight,54,25,12.3,1,1,238.0,sharp,14.4,S2_PAIR_clean_f003409.jpg,indeterminate,0
S2_PAIR_occ25_f002168.jpg,S2_PAIR_occ25,S2_futsal_occ75_20260808_090302,S2_PAIR_occ25,2168,88.127,260,240,-101,0,-2,89,,,0,flight,54,25,6.6,1,1,245.4,sharp,14.5,S2_PAIR_clean_f003409.jpg,indeterminate,0
S2_PAIR_occ25_f002176.jpg,S2_PAIR_occ25,S2_futsal_occ75_20260808_090302,S2_PAIR_occ25,2176,88.416,269,250,-101,0,-3,89,,,0,flight,54,25,7.8,1,1,245.7,sharp,13.9,S2_PAIR_clean_f003409.jpg,indeterminate,0
S2_PAIR_occ25_f002184.jpg,S2_PAIR_occ25,S2_futsal_occ75_20260808_090302,S2_PAIR_occ25,2184,88.716,274,250,-101,0,-3,89,,,0,flight,54,25,3.3,1,1,245.1,sharp,13.5,S2_PAIR_clean_f003409.jpg,indeterminate,0
S2_PAIR_occ25_f002192.jpg,S2_PAIR_occ25,S2_futsal_occ75_20260808_090302,S2_PAIR_occ25,2192,89.132,267,250,-101,0,0,88,,,0,flight,54,25,0.0,1,1,265.1,sharp,13.4,S2_PAIR_clean_f003409.jpg,indeterminate,0
S2_PAIR_occ25_f002200.jpg,S2_PAIR_occ25,S2_futsal_occ75_20260808_090302,S2_PAIR_occ25,2200,89.405,270,250,-100,0,1,88,,,0,flight,54,25,0.2,1,1,272.3,sharp,12.9,S2_PAIR_clean_f003409.jpg,indeterminate,0
S2_PAIR_occ25_f002208.jpg,S2_PAIR_occ25,S2_futsal_occ75_20260808_090302,S2_PAIR_occ25,2208,89.791,270,250,-95,0,1,88,,,0,flight,54,25,0.0,1,1,227.2,sharp,14.2,S2_PAIR_clean_f003353.jpg,indeterminate,0
S2_PAIR_occ25_f002216.jpg,S2_PAIR_occ25,S2_futsal_occ75_20260808_090302,S2_PAIR_occ25,2216,90.076,273,250,-90,0,1,88,,,0,flight,54,25,16.4,1,1,231.2,sharp,15.9,S2_PAIR_clean_f003416.jpg,indeterminate,0
S2_PAIR_occ25_f002224.jpg,S2_PAIR_occ25,S2_futsal_occ75_20260808_090302,S2_PAIR_occ25,2224,90.391,278,250,-85,0,0,88,,,0,flight,54,25,9.0,1,1,240.2,sharp,16.7,S2_PAIR_clean_f003430.jpg,indeterminate,0
S2_PAIR_occ25_f002232.jpg,S2_PAIR_occ25,S2_futsal_occ75_20260808_090302,S2_PAIR_occ25,2232,90.736,275,250,-78,0,1,88,,,0,flight,54,25,17.6,1,1,248.7,sharp,18.1,S2_PAIR_clean_f003430.jpg,indeterminate,0
S2_PAIR_occ25_f002240.jpg,S2_PAIR_occ25,S2_futsal_occ75_20260808_090302,S2_PAIR_occ25,2240,91.020,271,250,-78,0,0,88,,,0,flight,54,25,19.5,1,1,293.6,sharp,18.3,S2_PAIR_clean_f003430.jpg,indeterminate,0
S2_PAIR_occ25_f002248.jpg,S2_PAIR_occ25,S2_futsal_occ75_20260808_090302,S2_PAIR_occ25,2248,91.333,271,250,-78,1,-4,88,,,0,flight,54,25,31.8,1,1,296.1,sharp,18.0,S2_PAIR_clean_f003430.jpg,indeterminate,0
S2_PAIR_occ25_f002256.jpg,S2_PAIR_occ25,S2_futsal_occ75_20260808_090302,S2_PAIR_occ25,2256,91.680,273,250,-78,1,-7,88,,,0,flight,54,25,20.9,1,1,261.5,sharp,17.7,S2_PAIR_clean_f003430.jpg,indeterminate,0
S2_PAIR_occ25_f002264.jpg,S2_PAIR_occ25,S2_futsal_occ75_20260808_090302,S2_PAIR_occ25,2264,91.942,277,250,-78,0,-5,88,,,0,flight,54,25,19.6,1,1,268.6,sharp,17.9,S2_PAIR_clean_f003430.jpg,indeterminate,0
S2_PAIR_occ25_f002272.jpg,S2_PAIR_occ25,S2_futsal_occ75_20260808_090302,S2_PAIR_occ25,2272,92.299,273,250,-78,0,-3,88,,,0,flight,54,25,29.8,1,1,318.0,sharp,17.8,S2_PAIR_clean_f003430.jpg,indeterminate,0
S2_PAIR_occ25_f002280.jpg,S2_PAIR_occ25,S2_futsal_occ75_20260808_090302,S2_PAIR_occ25,2280,92.636,268,250,-78,0,-3,88,,,0,flight,54,25,12.7,1,1,281.0,sharp,18.1,S2_PAIR_clean_f003430.jpg,indeterminate,0
S2_PAIR_occ25_f002288.jpg,S2_PAIR_occ25,S2_futsal_occ75_20260808_090302,S2_PAIR_occ25,2288,93.000,265,250,-78,0,-3,88,,,0,flight,54,25,7.6,1,1,271.3,sharp,18.0,S2_PAIR_clean_f003430.jpg,indeterminate,0
S2_PAIR_occ25_f002296.jpg,S2_PAIR_occ25,S2_futsal_occ75_20260808_090302,S2_PAIR_occ25,2296,93.263,266,250,-78,0,-3,88,,,0,flight,54,25,3.3,1,1,282.0,sharp,17.9,S2_PAIR_clean_f003430.jpg,indeterminate,0
S2_PAIR_occ25_f002304.jpg,S2_PAIR_occ25,S2_futsal_occ75_20260808_090302,S2_PAIR_occ25,2304,93.595,267,250,-78,0,-2,88,,,0,flight,54,25,23.5,1,1,278.6,sharp,17.5,S2_PAIR_clean_f003430.jpg,indeterminate,0
S2_PAIR_occ25_f002312.jpg,S2_PAIR_occ25,S2_futsal_occ75_20260808_090302,S2_PAIR_occ25,2312,93.851,267,250,-78,0,-3,88,,,0,flight,54,25,0.0,1,1,293.5,sharp,17.0,S2_PAIR_clean_f003430.jpg,indeterminate,0
S2_PAIR_occ25_f002320.jpg,S2_PAIR_occ25,S2_futsal_occ75_20260808_090302,S2_PAIR_occ25,2320,94.181,267,250,-78,0,0,88,,,0,flight,54,25,0.2,1,1,271.3,sharp,17.2,S2_PAIR_clean_f003430.jpg,indeterminate,0
S2_PAIR_occ25_f002328.jpg,S2_PAIR_occ25,S2_futsal_occ75_20260808_090302,S2_PAIR_occ25,2328,94.475,269,250,-78,0,1,88,,,0,flight,54,25,3.7,1,1,286.7,sharp,17.1,S2_PAIR_clean_f003430.jpg,indeterminate,0
S2_PAIR_occ25_f002336.jpg,S2_PAIR_occ25,S2_futsal_occ75_20260808_090302,S2_PAIR_occ25,2336,94.772,269,250,-74,0,1,88,,,0,flight,54,25,0.0,1,1,244.9,sharp,17.7,S2_PAIR_clean_f003822.jpg,indeterminate,0
S2_PAIR_occ25_f002344.jpg,S2_PAIR_occ25,S2_futsal_occ75_20260808_090302,S2_PAIR_occ25,2344,95.038,278,250,-67,0,1,88,,,0,flight,54,25,19.8,1,1,236.9,sharp,15.0,S2_PAIR_clean_f003822.jpg,indeterminate,0
S2_PAIR_occ25_f002352.jpg,S2_PAIR_occ25,S2_futsal_occ75_20260808_090302,S2_PAIR_occ25,2352,95.347,277,260,-59,-1,0,88,,,0,flight,54,25,0.0,1,1,236.3,sharp,13.7,S2_PAIR_clean_f003836.jpg,indeterminate,0
S2_PAIR_occ25_f002360.jpg,S2_PAIR_occ25,S2_futsal_occ75_20260808_090302,S2_PAIR_occ25,2360,95.774,279,260,-56,-1,2,88,,,0,flight,54,25,0.0,1,1,257.0,sharp,11.3,S2_PAIR_clean_f003836.jpg,indeterminate,0
S2_PAIR_occ25_f002368.jpg,S2_PAIR_occ25,S2_futsal_occ75_20260808_090302,S2_PAIR_occ25,2368,96.050,274,260,-56,0,-1,87,,,0,flight,54,25,0.0,1,1,263.6,sharp,11.2,S2_PAIR_clean_f003836.jpg,indeterminate,0
S2_PAIR_occ25_f002376.jpg,S2_PAIR_occ25,S2_futsal_occ75_20260808_090302,S2_PAIR_occ25,2376,96.337,276,250,-56,0,-6,87,,,0,flight,54,25,0.0,1,1,271.3,sharp,10.5,S2_PAIR_clean_f003836.jpg,indeterminate,0
S2_PAIR_occ25_f002384.jpg,S2_PAIR_occ25,S2_futsal_occ75_20260808_090302,S2_PAIR_occ25,2384,96.578,273,250,-56,0,-7,87,,,0,flight,54,25,0.0,1,1,256.9,sharp,10.4,S2_PAIR_clean_f003836.jpg,indeterminate,0
S2_PAIR_occ25_f002392.jpg,S2_PAIR_occ25,S2_futsal_occ75_20260808_090302,S2_PAIR_occ25,2392,96.872,280,250,-56,0,-4,87,,,0,flight,54,25,0.0,1,1,259.6,sharp,10.8,S2_PAIR_clean_f003836.jpg,indeterminate,0
S2_PAIR_occ25_f002400.jpg,S2_PAIR_occ25,S2_futsal_occ75_20260808_090302,S2_PAIR_occ25,2400,97.208,282,250,-56,0,-3,87,,,0,flight,54,25,0.0,1,1,261.7,sharp,10.6,S2_PAIR_clean_f003836.jpg,indeterminate,0
S2_PAIR_occ25_f002408.jpg,S2_PAIR_occ25,S2_futsal_occ75_20260808_090302,S2_PAIR_occ25,2408,97.535,286,260,-56,0,-3,87,,,0,flight,54,25,0.0,1,1,264.9,sharp,10.4,S2_PAIR_clean_f003836.jpg,indeterminate,0
S2_PAIR_occ25_f002416.jpg,S2_PAIR_occ25,S2_futsal_occ75_20260808_090302,S2_PAIR_occ25,2416,97.808,285,260,-56,0,-3,87,,,0,flight,54,25,0.0,1,1,251.4,sharp,11.3,S2_PAIR_clean_f003836.jpg,indeterminate,0
S2_PAIR_occ25_f002424.jpg,S2_PAIR_occ25,S2_futsal_occ75_20260808_090302,S2_PAIR_occ25,2424,98.174,276,260,-56,0,-3,87,,,0,flight,54,25,0.0,1,1,258.4,sharp,12.5,S2_PAIR_clean_f003836.jpg,indeterminate,0
S2_PAIR_occ25_f002432.jpg,S2_PAIR_occ25,S2_futsal_occ75_20260808_090302,S2_PAIR_occ25,2432,98.437,271,260,-56,0,-3,87,,,0,flight,54,25,0.0,1,1,243.4,sharp,13.2,S2_PAIR_clean_f003836.jpg,indeterminate,0
S2_PAIR_occ25_f002440.jpg,S2_PAIR_occ25,S2_futsal_occ75_20260808_090302,S2_PAIR_occ25,2440,98.719,266,250,-56,0,-2,87,,,0,flight,54,25,0.0,1,1,231.7,sharp,13.6,S2_PAIR_clean_f003836.jpg,indeterminate,0
S2_PAIR_occ25_f002448.jpg,S2_PAIR_occ25,S2_futsal_occ75_20260808_090302,S2_PAIR_occ25,2448,98.971,258,250,-56,0,-3,87,,,0,flight,54,25,0.0,1,1,245.6,sharp,13.9,S2_PAIR_clean_f003836.jpg,indeterminate,0
S2_PAIR_occ25_f002456.jpg,S2_PAIR_occ25,S2_futsal_occ75_20260808_090302,S2_PAIR_occ25,2456,99.228,256,240,-56,0,-3,87,,,0,flight,54,25,0.0,1,1,247.3,sharp,14.2,S2_PAIR_clean_f003836.jpg,indeterminate,0
S2_PAIR_occ25_f002464.jpg,S2_PAIR_occ25,S2_futsal_occ75_20260808_090302,S2_PAIR_occ25,2464,99.542,256,240,-56,0,-3,87,,,0,flight,54,25,0.0,1,1,235.9,sharp,14.2,S2_PAIR_clean_f003836.jpg,indeterminate,0
S2_PAIR_occ25_f002472.jpg,S2_PAIR_occ25,S2_futsal_occ75_20260808_090302,S2_PAIR_occ25,2472,99.865,262,240,-56,0,-3,87,,,0,flight,54,25,0.0,1,1,240.3,sharp,13.8,S2_PAIR_clean_f003836.jpg,indeterminate,0
S2_PAIR_occ25_f002480.jpg,S2_PAIR_occ25,S2_futsal_occ75_20260808_090302,S2_PAIR_occ25,2480,100.140,266,250,-56,0,0,87,,,0,flight,54,25,0.0,1,1,253.8,sharp,14.0,S2_PAIR_clean_f003836.jpg,indeterminate,0
S2_PAIR_occ25_f002488.jpg,S2_PAIR_occ25,S2_futsal_occ75_20260808_090302,S2_PAIR_occ25,2488,100.433,268,250,-56,0,1,87,,,0,flight,54,25,0.0,1,1,249.8,sharp,14.3,S2_PAIR_clean_f003836.jpg,indeterminate,0
S2_PAIR_occ25_f002496.jpg,S2_PAIR_occ25,S2_futsal_occ75_20260808_090302,S2_PAIR_occ25,2496,100.840,266,250,-56,0,0,87,,,0,flight,54,25,0.0,1,1,263.2,sharp,14.3,S2_PAIR_clean_f003836.jpg,indeterminate,0
S2_PAIR_occ25_f002504.jpg,S2_PAIR_occ25,S2_futsal_occ75_20260808_090302,S2_PAIR_occ25,2504,101.083,278,260,-56,0,0,87,,,0,flight,54,25,0.0,1,1,250.4,sharp,14.1,S2_PAIR_clean_f003836.jpg,indeterminate,0
S2_PAIR_occ25_f002512.jpg,S2_PAIR_occ25,S2_futsal_occ75_20260808_090302,S2_PAIR_occ25,2512,101.416,291,270,-56,0,1,87,,,0,flight,54,25,0.0,1,1,247.3,sharp,14.1,S2_PAIR_clean_f003829.jpg,indeterminate,0
S2_PAIR_occ25_f002520.jpg,S2_PAIR_occ25,S2_futsal_occ75_20260808_090302,S2_PAIR_occ25,2520,101.850,298,280,-56,0,-1,87,,,0,flight,54,25,0.0,1,1,284.2,sharp,14.0,S2_PAIR_clean_f003829.jpg,indeterminate,0
S2_PAIR_occ25_f002528.jpg,S2_PAIR_occ25,S2_futsal_occ75_20260808_090302,S2_PAIR_occ25,2528,102.142,303,280,-56,0,-2,87,,,0,flight,54,25,0.0,1,1,279.1,sharp,14.1,S2_PAIR_clean_f003829.jpg,indeterminate,0
S2_PAIR_occ25_f002536.jpg,S2_PAIR_occ25,S2_futsal_occ75_20260808_090302,S2_PAIR_occ25,2536,102.510,306,280,-56,0,-7,87,,,0,flight,54,25,0.0,1,1,259.0,sharp,14.3,S2_PAIR_clean_f003829.jpg,indeterminate,0
S2_PAIR_occ25_f002544.jpg,S2_PAIR_occ25,S2_futsal_occ75_20260808_090302,S2_PAIR_occ25,2544,102.860,301,280,-56,0,-5,87,,,0,flight,54,25,0.0,1,1,246.1,sharp,13.8,S2_PAIR_clean_f003829.jpg,indeterminate,0
S2_PAIR_occ25_f002552.jpg,S2_PAIR_occ25,S2_futsal_occ75_20260808_090302,S2_PAIR_occ25,2552,103.165,295,280,-56,0,-4,86,,,0,flight,54,25,0.0,1,1,250.0,sharp,13.9,S2_PAIR_clean_f003829.jpg,indeterminate,0
S2_PAIR_occ25_f002560.jpg,S2_PAIR_occ25,S2_futsal_occ75_20260808_090302,S2_PAIR_occ25,2560,103.454,295,280,-56,0,-3,86,,,0,flight,54,25,0.0,1,1,240.2,sharp,14.0,S2_PAIR_clean_f003829.jpg,indeterminate,0
S2_PAIR_occ25_f002568.jpg,S2_PAIR_occ25,S2_futsal_occ75_20260808_090302,S2_PAIR_occ25,2568,103.816,296,280,-56,-1,0,86,,,0,flight,54,25,0.0,1,1,253.2,sharp,14.3,S2_PAIR_clean_f003829.jpg,indeterminate,0
S2_PAIR_occ25_f002576.jpg,S2_PAIR_occ25,S2_futsal_occ75_20260808_090302,S2_PAIR_occ25,2576,104.277,286,270,-56,0,1,86,,,0,flight,54,25,0.0,1,1,264.4,sharp,14.2,S2_PAIR_clean_f003829.jpg,indeterminate,0
S2_PAIR_occ25_f002584.jpg,S2_PAIR_occ25,S2_futsal_occ75_20260808_090302,S2_PAIR_occ25,2584,104.559,286,270,-56,-1,0,86,,,0,flight,54,25,0.0,1,1,258.3,sharp,14.1,S2_PAIR_clean_f003829.jpg,indeterminate,0
S2_PAIR_occ25_f002592.jpg,S2_PAIR_occ25,S2_futsal_occ75_20260808_090302,S2_PAIR_occ25,2592,104.889,288,270,-50,0,0,86,,,0,flight,54,25,1.0,1,1,227.7,sharp,11.5,S2_PAIR_clean_f003836.jpg,indeterminate,0
S2_PAIR_occ25_f002600.jpg,S2_PAIR_occ25,S2_futsal_occ75_20260808_090302,S2_PAIR_occ25,2600,105.177,295,280,-42,-1,1,86,,,0,flight,54,25,0.0,1,1,236.7,sharp,9.9,S2_PAIR_clean_f003962.jpg,indeterminate,0
S2_PAIR_occ25_f002608.jpg,S2_PAIR_occ25,S2_futsal_occ75_20260808_090302,S2_PAIR_occ25,2608,105.524,299,280,-34,-1,0,86,,,0,flight,54,25,0.0,1,1,234.5,sharp,15.3,S2_PAIR_clean_f003969.jpg,indeterminate,0
S2_PAIR_occ25_f002616.jpg,S2_PAIR_occ25,S2_futsal_occ75_20260808_090302,S2_PAIR_occ25,2616,105.823,301,280,-28,0,-1,86,,,0,flight,54,25,35.2,1,1,249.2,sharp,8.3,S2_PAIR_clean_f003976.jpg,partial,0
S2_PAIR_occ25_f002624.jpg,S2_PAIR_occ25,S2_futsal_occ75_20260808_090302,S2_PAIR_occ25,2624,106.070,295,280,-28,0,-1,86,,,0,flight,54,25,29.6,1,1,246.7,sharp,8.3,S2_PAIR_clean_f003976.jpg,indeterminate,0
S2_PAIR_occ25_f002632.jpg,S2_PAIR_occ25,S2_futsal_occ75_20260808_090302,S2_PAIR_occ25,2632,106.392,294,280,-29,0,-2,86,,,0,flight,54,25,25.4,1,1,233.6,sharp,8.5,S2_PAIR_clean_f003976.jpg,indeterminate,0
S2_PAIR_occ25_f002640.jpg,S2_PAIR_occ25,S2_futsal_occ75_20260808_090302,S2_PAIR_occ25,2640,106.705,299,280,-28,0,-6,86,,,0,flight,54,25,17.2,1,1,221.4,sharp,7.9,S2_PAIR_clean_f003976.jpg,indeterminate,0
S2_PAIR_occ25_f002648.jpg,S2_PAIR_occ25,S2_futsal_occ75_20260808_090302,S2_PAIR_occ25,2648,107.000,290,280,-28,0,-6,86,,,0,flight,54,25,20.9,1,1,226.2,sharp,8.4,S2_PAIR_clean_f003976.jpg,indeterminate,0
S2_PAIR_occ25_f002656.jpg,S2_PAIR_occ25,S2_futsal_occ75_20260808_090302,S2_PAIR_occ25,2656,107.257,291,280,-28,-1,-4,86,,,0,flight,54,25,22.1,1,1,230.4,sharp,9.5,S2_PAIR_clean_f003976.jpg,indeterminate,0
S2_PAIR_occ25_f002664.jpg,S2_PAIR_occ25,S2_futsal_occ75_20260808_090302,S2_PAIR_occ25,2664,107.605,289,280,-28,0,-4,86,,,0,flight,54,25,17.7,1,1,230.5,sharp,10.4,S2_PAIR_clean_f003976.jpg,indeterminate,0
S2_PAIR_occ25_f002672.jpg,S2_PAIR_occ25,S2_futsal_occ75_20260808_090302,S2_PAIR_occ25,2672,107.924,295,280,-28,0,-4,86,,,0,flight,54,25,28.7,1,1,232.6,sharp,11.6,S2_PAIR_clean_f003976.jpg,indeterminate,0
S2_PAIR_occ25_f002680.jpg,S2_PAIR_occ25,S2_futsal_occ75_20260808_090302,S2_PAIR_occ25,2680,108.207,294,280,-28,0,-4,86,,,0,flight,54,25,12.1,1,1,227.4,sharp,12.9,S2_PAIR_clean_f003976.jpg,indeterminate,0
S2_PAIR_occ25_f002688.jpg,S2_PAIR_occ25,S2_futsal_occ75_20260808_090302,S2_PAIR_occ25,2688,108.528,295,280,-28,0,0,86,,,0,flight,54,25,13.8,1,1,232.3,sharp,13.7,S2_PAIR_clean_f003976.jpg,indeterminate,0
S2_PAIR_occ25_f002696.jpg,S2_PAIR_occ25,S2_futsal_occ75_20260808_090302,S2_PAIR_occ25,2696,108.875,297,280,-28,0,-1,86,,,0,flight,54,25,11.5,1,1,236.8,sharp,13.8,S2_PAIR_clean_f003976.jpg,indeterminate,0
S2_PAIR_occ25_f002704.jpg,S2_PAIR_occ25,S2_futsal_occ75_20260808_090302,S2_PAIR_occ25,2704,109.191,300,280,-28,0,-4,86,,,0,flight,54,25,9.4,1,1,230.8,sharp,14.3,S2_PAIR_clean_f003976.jpg,indeterminate,0
S2_PAIR_occ25_f002712.jpg,S2_PAIR_occ25,S2_futsal_occ75_20260808_090302,S2_PAIR_occ25,2712,109.414,297,280,-28,0,-5,86,,,0,flight,54,25,10.7,1,1,233.3,sharp,15.1,S2_PAIR_clean_f003976.jpg,indeterminate,0
S2_PAIR_occ25_f002720.jpg,S2_PAIR_occ25,S2_futsal_occ75_20260808_090302,S2_PAIR_occ25,2720,109.776,309,280,-28,0,-4,86,,,0,flight,54,25,5.8,1,1,224.8,sharp,16.0,S2_PAIR_clean_f003976.jpg,indeterminate,0
S2_PAIR_occ25_f002728.jpg,S2_PAIR_occ25,S2_futsal_occ75_20260808_090302,S2_PAIR_occ25,2728,110.087,289,280,-28,0,-4,86,,,0,flight,54,25,11.2,1,1,231.6,sharp,16.1,S2_PAIR_clean_f003976.jpg,indeterminate,0
S2_PAIR_occ25_f002736.jpg,S2_PAIR_occ25,S2_futsal_occ75_20260808_090302,S2_PAIR_occ25,2736,110.384,287,270,-28,0,-3,86,,,0,flight,54,25,47.9,1,1,229.5,sharp,16.8,S2_PAIR_clean_f003976.jpg,indeterminate,0
S2_PAIR_occ25_f002744.jpg,S2_PAIR_occ25,S2_futsal_occ75_20260808_090302,S2_PAIR_occ25,2744,110.700,305,270,-28,0,1,86,,,0,flight,54,25,12.8,1,1,314.4,sharp,17.5,S2_PAIR_clean_f003976.jpg,indeterminate,0
S2_PAIR_occ25_f002752.jpg,S2_PAIR_occ25,S2_futsal_occ75_20260808_090302,S2_PAIR_occ25,2752,110.938,303,280,-28,0,1,86,,,0,flight,54,25,0.0,1,1,282.6,sharp,17.9,S2_PAIR_clean_f003969.jpg,indeterminate,0
S2_PAIR_occ25_f002760.jpg,S2_PAIR_occ25,S2_futsal_occ75_20260808_090302,S2_PAIR_occ25,2760,111.327,304,280,-20,0,1,85,,,0,flight,54,25,41.0,1,1,243.3,sharp,14.8,S2_PAIR_clean_f003976.jpg,indeterminate,0
S2_PAIR_occ25_f002768.jpg,S2_PAIR_occ25,S2_futsal_occ75_20260808_090302,S2_PAIR_occ25,2768,111.621,305,280,-15,0,1,85,,,0,flight,54,25,51.6,1,1,229.6,sharp,10.0,S2_PAIR_clean_f004081.jpg,heavy,0
S2_PAIR_occ25_f002776.jpg,S2_PAIR_occ25,S2_futsal_occ75_20260808_090302,S2_PAIR_occ25,2776,111.941,300,280,-8,0,0,85,,,0,flight,54,25,51.9,1,1,229.8,sharp,11.6,S2_PAIR_clean_f004263.jpg,heavy,0
S2_PAIR_occ25_f002784.jpg,S2_PAIR_occ25,S2_futsal_occ75_20260808_090302,S2_PAIR_occ25,2784,112.241,295,280,-1,0,1,85,,,0,flight,54,25,30.0,1,1,261.3,sharp,5.7,S2_PAIR_clean_f004144.jpg,indeterminate,0
S2_PAIR_occ25_f002792.jpg,S2_PAIR_occ25,S2_futsal_occ75_20260808_090302,S2_PAIR_occ25,2792,112.516,292,280,-1,1,0,85,,,0,flight,54,25,44.6,1,1,234.5,sharp,5.9,S2_PAIR_clean_f004144.jpg,partial,0
S2_PAIR_occ25_f002800.jpg,S2_PAIR_occ25,S2_futsal_occ75_20260808_090302,S2_PAIR_occ25,2800,112.847,298,280,-1,1,-5,85,,,0,flight,54,25,51.0,1,1,212.0,sharp,6.1,S2_PAIR_clean_f004144.jpg,heavy,0
S2_PAIR_occ25_f002808.jpg,S2_PAIR_occ25,S2_futsal_occ75_20260808_090302,S2_PAIR_occ25,2808,113.189,302,280,-1,1,-7,85,,,0,flight,54,25,34.7,1,1,204.6,sharp,6.3,S2_PAIR_clean_f004144.jpg,partial,0
S2_PAIR_occ25_f002816.jpg,S2_PAIR_occ25,S2_futsal_occ75_20260808_090302,S2_PAIR_occ25,2816,113.526,303,280,-1,1,-4,85,,,0,flight,54,25,45.6,1,1,211.1,sharp,5.6,S2_PAIR_clean_f004144.jpg,partial,0
S2_PAIR_occ25_f002824.jpg,S2_PAIR_occ25,S2_futsal_occ75_20260808_090302,S2_PAIR_occ25,2824,113.777,304,280,-1,1,-3,85,,,0,flight,54,25,40.9,1,1,214.7,sharp,5.7,S2_PAIR_clean_f004144.jpg,partial,0
S2_PAIR_occ25_f002832.jpg,S2_PAIR_occ25,S2_futsal_occ75_20260808_090302,S2_PAIR_occ25,2832,114.174,300,280,-1,1,-2,85,,,0,flight,54,25,65.0,1,1,222.3,sharp,6.5,S2_PAIR_clean_f004151.jpg,heavy,0
S2_PAIR_occ25_f002840.jpg,S2_PAIR_occ25,S2_futsal_occ75_20260808_090302,S2_PAIR_occ25,2840,114.546,296,280,-1,1,-3,85,,,0,flight,54,25,64.2,1,1,218.7,sharp,6.9,S2_PAIR_clean_f004158.jpg,heavy,0
S2_PAIR_occ25_f002848.jpg,S2_PAIR_occ25,S2_futsal_occ75_20260808_090302,S2_PAIR_occ25,2848,114.816,300,280,-1,1,-3,85,,,0,flight,54,25,48.6,1,1,211.4,sharp,7.0,S2_PAIR_clean_f004165.jpg,partial,0
S2_PAIR_occ25_f002856.jpg,S2_PAIR_occ25,S2_futsal_occ75_20260808_090302,S2_PAIR_occ25,2856,115.070,296,280,-1,2,-2,85,,,0,flight,54,25,61.5,1,1,206.0,sharp,7.2,S2_PAIR_clean_f004165.jpg,heavy,0
S2_PAIR_occ25_f002864.jpg,S2_PAIR_occ25,S2_futsal_occ75_20260808_090302,S2_PAIR_occ25,2864,115.368,294,280,-1,2,-2,85,,,0,flight,54,25,50.4,1,1,213.5,sharp,7.9,S2_PAIR_clean_f004165.jpg,heavy,0
S2_PAIR_occ25_f002872.jpg,S2_PAIR_occ25,S2_futsal_occ75_20260808_090302,S2_PAIR_occ25,2872,115.682,298,280,-1,1,-2,85,,,0,flight,54,25,52.4,1,1,207.4,sharp,8.7,S2_PAIR_clean_f004165.jpg,heavy,0
S2_PAIR_occ25_f002880.jpg,S2_PAIR_occ25,S2_futsal_occ75_20260808_090302,S2_PAIR_occ25,2880,116.044,295,280,-1,0,-2,85,,,0,flight,54,25,26.6,1,1,207.5,sharp,7.9,S2_PAIR_clean_f004214.jpg,indeterminate,0
S2_PAIR_occ25_f002888.jpg,S2_PAIR_occ25,S2_futsal_occ75_20260808_090302,S2_PAIR_occ25,2888,116.251,298,280,-1,0,-2,85,,,0,flight,54,25,62.4,1,1,207.7,sharp,7.8,S2_PAIR_clean_f004221.jpg,heavy,0
S2_PAIR_occ25_f002896.jpg,S2_PAIR_occ25,S2_futsal_occ75_20260808_090302,S2_PAIR_occ25,2896,116.708,303,280,-1,0,-3,85,,,0,flight,54,25,38.8,1,1,209.0,sharp,7.0,S2_PAIR_clean_f004228.jpg,partial,0
S2_PAIR_occ25_f002904.jpg,S2_PAIR_occ25,S2_futsal_occ75_20260808_090302,S2_PAIR_occ25,2904,117.009,306,280,-1,0,-3,85,,,0,flight,54,25,32.5,1,1,209.4,sharp,6.6,S2_PAIR_clean_f004235.jpg,partial,0
S2_PAIR_occ25_f002912.jpg,S2_PAIR_occ25,S2_futsal_occ75_20260808_090302,S2_PAIR_occ25,2912,117.292,302,280,-1,0,-2,85,,,0,flight,54,25,47.4,1,1,203.7,sharp,6.4,S2_PAIR_clean_f004242.jpg,partial,0
S2_PAIR_occ25_f002920.jpg,S2_PAIR_occ25,S2_futsal_occ75_20260808_090302,S2_PAIR_occ25,2920,117.661,300,280,-1,0,0,85,,,0,flight,54,25,45.0,1,1,202.7,sharp,5.7,S2_PAIR_clean_f004263.jpg,partial,0
S2_PAIR_occ25_f002928.jpg,S2_PAIR_occ25,S2_futsal_occ75_20260808_090302,S2_PAIR_occ25,2928,117.910,298,280,-1,0,-3,85,,,0,flight,54,25,45.7,1,1,205.4,sharp,5.7,S2_PAIR_clean_f004263.jpg,partial,0
S2_PAIR_occ25_f002936.jpg,S2_PAIR_occ25,S2_futsal_occ75_20260808_090302,S2_PAIR_occ25,2936,118.284,297,280,-1,0,0,84,,,0,flight,54,25,26.7,1,1,208.2,sharp,6.3,S2_PAIR_clean_f004263.jpg,indeterminate,0
S2_PAIR_occ25_f002944.jpg,S2_PAIR_occ25,S2_futsal_occ75_20260808_090302,S2_PAIR_occ25,2944,118.595,296,280,-1,0,0,84,,,0,flight,54,25,43.3,1,1,213.4,sharp,6.9,S2_PAIR_clean_f004263.jpg,partial,0
S2_PAIR_occ25_f002952.jpg,S2_PAIR_occ25,S2_futsal_occ75_20260808_090302,S2_PAIR_occ25,2952,118.867,294,280,-1,-1,0,84,,,0,flight,54,25,52.2,1,1,195.4,sharp,6.8,S2_PAIR_clean_f004270.jpg,heavy,0
S2_PAIR_occ25_f002960.jpg,S2_PAIR_occ25,S2_futsal_occ75_20260808_090302,S2_PAIR_occ25,2960,119.122,301,280,-1,-6,0,84,,,0,flight,54,25,43.3,1,1,191.5,sharp,8.8,S2_PAIR_clean_f004263.jpg,partial,0
S2_PAIR_occ25_f002968.jpg,S2_PAIR_occ25,S2_futsal_occ75_20260808_090302,S2_PAIR_occ25,2968,119.409,298,280,-1,-5,0,84,,,0,flight,54,25,43.3,1,1,214.2,sharp,7.3,S2_PAIR_clean_f004263.jpg,partial,0
S2_PAIR_occ25_f002976.jpg,S2_PAIR_occ25,S2_futsal_occ75_20260808_090302,S2_PAIR_occ25,2976,119.717,295,280,-1,-4,0,84,,,0,flight,54,25,35.5,1,1,228.8,sharp,6.9,S2_PAIR_clean_f004270.jpg,partial,0
S2_PAIR_occ25_f002984.jpg,S2_PAIR_occ25,S2_futsal_occ75_20260808_090302,S2_PAIR_occ25,2984,120.012,297,280,-1,-3,-1,84,,,0,flight,54,25,45.3,1,1,226.2,sharp,6.8,S2_PAIR_clean_f004270.jpg,partial,0
S2_PAIR_occ25_f002992.jpg,S2_PAIR_occ25,S2_futsal_occ75_20260808_090302,S2_PAIR_occ25,2992,120.348,296,280,-1,-2,-1,84,,,0,flight,54,25,35.7,1,1,229.0,sharp,6.7,S2_PAIR_clean_f004277.jpg,partial,0
S2_PAIR_occ25_f003000.jpg,S2_PAIR_occ25,S2_futsal_occ75_20260808_090302,S2_PAIR_occ25,3000,120.687,299,280,-1,-1,-1,84,,,0,flight,54,25,24.9,1,1,234.4,sharp,6.4,S2_PAIR_clean_f004277.jpg,indeterminate,0
S2_PAIR_occ25_f003008.jpg,S2_PAIR_occ25,S2_futsal_occ75_20260808_090302,S2_PAIR_occ25,3008,120.974,298,280,-1,-1,-1,84,,,0,flight,54,25,43.3,1,1,228.8,sharp,6.2,S2_PAIR_clean_f004263.jpg,partial,0
S2_PAIR_occ25_f003016.jpg,S2_PAIR_occ25,S2_futsal_occ75_20260808_090302,S2_PAIR_occ25,3016,121.341,290,280,-1,-2,-1,84,,,0,flight,54,25,29.3,1,1,229.8,sharp,5.8,S2_PAIR_clean_f004270.jpg,indeterminate,0
S2_PAIR_occ25_f003024.jpg,S2_PAIR_occ25,S2_futsal_occ75_20260808_090302,S2_PAIR_occ25,3024,121.574,282,280,-1,-2,0,84,,,0,flight,54,25,27.5,1,1,219.0,sharp,5.7,S2_PAIR_clean_f004270.jpg,indeterminate,0
S2_PAIR_occ25_f003032.jpg,S2_PAIR_occ25,S2_futsal_occ75_20260808_090302,S2_PAIR_occ25,3032,121.852,291,270,-1,-2,-1,84,,,0,flight,54,25,41.6,1,1,214.9,sharp,5.6,S2_PAIR_clean_f004277.jpg,partial,0
S2_PAIR_occ25_f003040.jpg,S2_PAIR_occ25,S2_futsal_occ75_20260808_090302,S2_PAIR_occ25,3040,122.172,304,270,-1,-2,-1,84,,,0,flight,54,25,24.6,1,1,218.4,sharp,5.6,S2_PAIR_clean_f004291.jpg,indeterminate,0
S2_PAIR_occ25_f003048.jpg,S2_PAIR_occ25,S2_futsal_occ75_20260808_090302,S2_PAIR_occ25,3048,122.481,312,280,-1,-1,-1,84,,,0,flight,54,25,43.9,1,1,214.9,sharp,5.6,S2_PAIR_clean_f004298.jpg,partial,0
S2_PAIR_occ25_f003056.jpg,S2_PAIR_occ25,S2_futsal_occ75_20260808_090302,S2_PAIR_occ25,3056,122.739,304,290,-1,-1,-1,84,,,0,flight,54,25,8.6,1,1,203.0,sharp,5.5,S2_PAIR_clean_f004305.jpg,indeterminate,0
S2_PAIR_occ25_f003064.jpg,S2_PAIR_occ25,S2_futsal_occ75_20260808_090302,S2_PAIR_occ25,3064,123.082,307,290,-1,0,-2,83,,,0,flight,54,25,37.7,1,1,199.4,sharp,5.5,S2_PAIR_clean_f004305.jpg,partial,0
S2_PAIR_occ25_f003072.jpg,S2_PAIR_occ25,S2_futsal_occ75_20260808_090302,S2_PAIR_occ25,3072,123.414,297,280,-1,3,-1,83,,,0,flight,54,25,38.8,1,1,201.0,sharp,6.0,S2_PAIR_clean_f004312.jpg,partial,0
S2_PAIR_occ25_f003080.jpg,S2_PAIR_occ25,S2_futsal_occ75_20260808_090302,S2_PAIR_occ25,3080,123.690,298,280,-1,2,-1,83,,,0,flight,54,25,25.4,1,1,194.8,sharp,6.3,S2_PAIR_clean_f004312.jpg,indeterminate,0
S2_PAIR_occ25_f003088.jpg,S2_PAIR_occ25,S2_futsal_occ75_20260808_090302,S2_PAIR_occ25,3088,124.041,294,270,-1,1,-1,83,,,1,flight,54,25,15.9,1,1,198.7,sharp,6.4,S2_PAIR_clean_f004312.jpg,indeterminate,0
S2_PAIR_occ25_f003096.jpg,S2_PAIR_occ25,S2_futsal_occ75_20260808_090302,S2_PAIR_occ25,3096,124.308,291,270,-1,-2,-1,83,,,1,flight,54,25,6.5,1,1,192.3,sharp,6.0,S2_PAIR_clean_f004312.jpg,indeterminate,0
S2_PAIR_occ25_f003104.jpg,S2_PAIR_occ25,S2_futsal_occ75_20260808_090302,S2_PAIR_occ25,3104,124.573,296,270,-1,-4,-1,83,,,1,flight,54,25,44.4,1,1,183.5,sharp,6.8,S2_PAIR_clean_f004459.jpg,partial,0
S2_PAIR_occ25_f003112.jpg,S2_PAIR_occ25,S2_futsal_occ75_20260808_090302,S2_PAIR_occ25,3112,124.900,294,280,-1,-3,-1,83,,,1,flight,54,25,32.7,1,1,209.0,sharp,5.9,S2_PAIR_clean_f004424.jpg,partial,0
S2_PAIR_occ25_f003120.jpg,S2_PAIR_occ25,S2_futsal_occ75_20260808_090302,S2_PAIR_occ25,3120,125.170,298,280,-1,-2,0,83,,,1,flight,54,25,31.0,1,1,227.6,sharp,5.7,S2_PAIR_clean_f004424.jpg,indeterminate,0
S2_PAIR_occ25_f003128.jpg,S2_PAIR_occ25,S2_futsal_occ75_20260808_090302,S2_PAIR_occ25,3128,125.483,296,280,-1,2,0,83,,,1,flight,54,25,10.3,1,1,218.8,sharp,6.0,S2_PAIR_clean_f004424.jpg,indeterminate,0
S2_PAIR_occ25_f003136.jpg,S2_PAIR_occ25,S2_futsal_occ75_20260808_090302,S2_PAIR_occ25,3136,125.833,295,280,-1,2,0,83,,,1,flight,54,25,29.9,1,1,217.2,sharp,5.7,S2_PAIR_clean_f004459.jpg,indeterminate,0
S2_PAIR_occ25_f003144.jpg,S2_PAIR_occ25,S2_futsal_occ75_20260808_090302,S2_PAIR_occ25,3144,126.071,295,280,-1,-2,0,83,,,1,flight,54,25,28.7,1,1,187.8,sharp,5.9,S2_PAIR_clean_f004424.jpg,indeterminate,0
S2_PAIR_occ25_f003152.jpg,S2_PAIR_occ25,S2_futsal_occ75_20260808_090302,S2_PAIR_occ25,3152,126.433,295,280,-1,1,-1,83,,,1,flight,54,25,22.5,1,1,195.5,sharp,5.7,S2_PAIR_clean_f004459.jpg,indeterminate,0
S2_PAIR_occ25_f003160.jpg,S2_PAIR_occ25,S2_futsal_occ75_20260808_090302,S2_PAIR_occ25,3160,126.709,294,270,-1,2,-1,83,,,1,flight,54,25,33.1,1,1,208.3,sharp,5.8,S2_PAIR_clean_f004459.jpg,partial,0
S2_PAIR_occ25_f003168.jpg,S2_PAIR_occ25,S2_futsal_occ75_20260808_090302,S2_PAIR_occ25,3168,127.008,295,280,-1,2,-1,83,,,1,flight,54,25,33.3,1,1,208.3,sharp,6.0,S2_PAIR_clean_f004459.jpg,partial,0
S2_PAIR_occ25_f003176.jpg,S2_PAIR_occ25,S2_futsal_occ75_20260808_090302,S2_PAIR_occ25,3176,127.367,301,280,-1,1,-1,83,,,1,flight,54,25,31.6,1,1,220.3,sharp,6.1,S2_PAIR_clean_f004459.jpg,indeterminate,0
S2_PAIR_occ25_f003184.jpg,S2_PAIR_occ25,S2_futsal_occ75_20260808_090302,S2_PAIR_occ25,3184,127.649,304,280,-1,1,0,83,,,1,flight,54,25,10.8,1,1,199.6,sharp,6.1,S2_PAIR_clean_f004459.jpg,indeterminate,0
S2_PAIR_occ25_f003192.jpg,S2_PAIR_occ25,S2_futsal_occ75_20260808_090302,S2_PAIR_occ25,3192,127.915,305,280,-1,0,-1,83,,,1,flight,54,25,8.9,1,1,195.5,sharp,6.3,S2_PAIR_clean_f004417.jpg,indeterminate,0
S2_PAIR_occ25_f003200.jpg,S2_PAIR_occ25,S2_futsal_occ75_20260808_090302,S2_PAIR_occ25,3200,128.213,299,280,-1,-1,-1,83,,,1,flight,54,25,11.3,1,1,205.7,sharp,6.1,S2_PAIR_clean_f004417.jpg,indeterminate,0
S2_PAIR_occ25_f003208.jpg,S2_PAIR_occ25,S2_futsal_occ75_20260808_090302,S2_PAIR_occ25,3208,128.511,296,280,-1,-1,-1,83,,,1,flight,54,25,26.9,1,1,209.3,sharp,5.9,S2_PAIR_clean_f004452.jpg,indeterminate,0
S2_PAIR_occ25_f003216.jpg,S2_PAIR_occ25,S2_futsal_occ75_20260808_090302,S2_PAIR_occ25,3216,129.237,305,280,-1,-1,-1,82,,,1,flight,54,25,6.5,1,1,217.3,sharp,5.8,S2_PAIR_clean_f004417.jpg,indeterminate,0
S2_PAIR_occ25_f003224.jpg,S2_PAIR_occ25,S2_futsal_occ75_20260808_090302,S2_PAIR_occ25,3224,130.558,167,170,-1,0,-2,82,,,0,flight,54,25,58.2,1,1,176.4,soft_moderate,9.1,S2_PAIR_clean_f000392.jpg,heavy,0
S2_PAIR_occ25_f003232.jpg,S2_PAIR_occ25,S2_futsal_occ75_20260808_090302,S2_PAIR_occ25,3232,131.031,122,120,-1,0,-2,82,,,0,flight,54,25,0.0,1,1,260.9,sharp,11.4,S2_PAIR_clean_f000357.jpg,indeterminate,0
S2_PAIR_occ25_f003240.jpg,S2_PAIR_occ25,S2_futsal_occ75_20260808_090302,S2_PAIR_occ25,3240,131.414,84,90,-1,0,-2,82,,,0,flight,54,25,12.7,1,1,175.7,soft_moderate,10.8,S2_PAIR_clean_f000322.jpg,indeterminate,0
S2_PAIR_occ25_f003248.jpg,S2_PAIR_occ25,S2_futsal_occ75_20260808_090302,S2_PAIR_occ25,3248,131.812,62,60,-1,0,-2,82,,,0,flight,54,25,18.1,1,1,171.5,soft_moderate,11.1,S2_PAIR_clean_f000315.jpg,indeterminate,0
S2_PAIR_occ25_f003256.jpg,S2_PAIR_occ25,S2_futsal_occ75_20260808_090302,S2_PAIR_occ25,3256,132.327,49,50,-1,0,-2,82,,,0,flight,54,25,0.0,1,1,165.7,soft_heavy,12.4,S2_PAIR_clean_f000294.jpg,indeterminate,0
S2_PAIR_occ25_f003264.jpg,S2_PAIR_occ25,S2_futsal_occ75_20260808_090302,S2_PAIR_occ25,3264,132.950,27,20,-1,0,-2,82,,,0,flight,54,25,20.7,1,1,176.8,soft_moderate,16.3,S2_PAIR_clean_f000294.jpg,indeterminate,0
S2_PAIR_occ25_f003272.jpg,S2_PAIR_occ25,S2_futsal_occ75_20260808_090302,S2_PAIR_occ25,3272,133.253,10,0,-1,0,-2,82,,,0,flight,54,25,41.1,1,1,185.7,sharp,18.9,S2_PAIR_clean_f000350.jpg,indeterminate,0
S2_PAIR_occ25_f003280.jpg,S2_PAIR_occ25,S2_futsal_occ75_20260808_090302,S2_PAIR_occ25,3280,133.883,10,0,-1,0,-1,82,,,0,flight,54,25,31.1,1,1,111.9,soft_heavy,18.4,S2_PAIR_clean_f000350.jpg,indeterminate,0
S2_PAIR_occ25_f003288.jpg,S2_PAIR_occ25,S2_futsal_occ75_20260808_090302,S2_PAIR_occ25,3288,134.523,10,0,-3,0,0,82,,,0,flight,54,25,34.4,1,1,127.5,soft_heavy,19.2,S2_PAIR_clean_f000350.jpg,indeterminate,0
S2_PAIR_occ50_f004344.jpg,S2_PAIR_occ50,S2_futsal_occ75_20260808_090302,S2_PAIR_occ50,4344,197.324,78,40,-4,-1,0,81,,,0,flight,108,50,37.4,1,1,196.5,sharp,10.1,S2_PAIR_clean_f000315.jpg,partial,0
S2_PAIR_occ50_f004352.jpg,S2_PAIR_occ50,S2_futsal_occ75_20260808_090302,S2_PAIR_occ50,4352,197.617,78,40,-4,0,1,81,,,0,flight,108,50,40.1,1,1,193.4,sharp,10.3,S2_PAIR_clean_f000315.jpg,partial,0
S2_PAIR_occ50_f004360.jpg,S2_PAIR_occ50,S2_futsal_occ75_20260808_090302,S2_PAIR_occ50,4360,197.869,76,40,-4,-1,0,81,,,0,flight,108,50,38.9,1,1,202.9,sharp,10.4,S2_PAIR_clean_f000315.jpg,partial,0
S2_PAIR_occ50_f004368.jpg,S2_PAIR_occ50,S2_futsal_occ75_20260808_090302,S2_PAIR_occ50,4368,198.161,76,40,-4,-1,0,81,,,0,flight,108,50,34.1,1,1,197.9,sharp,10.3,S2_PAIR_clean_f000315.jpg,partial,0
S2_PAIR_occ50_f004376.jpg,S2_PAIR_occ50,S2_futsal_occ75_20260808_090302,S2_PAIR_occ50,4376,198.439,75,40,-4,0,0,81,,,0,flight,108,50,39.1,1,1,193.0,sharp,10.4,S2_PAIR_clean_f000315.jpg,partial,0
S2_PAIR_occ50_f004384.jpg,S2_PAIR_occ50,S2_futsal_occ75_20260808_090302,S2_PAIR_occ50,4384,198.735,75,40,-4,-1,0,81,,,0,flight,108,50,42.0,1,1,195.7,sharp,10.3,S2_PAIR_clean_f000315.jpg,partial,0
S2_PAIR_occ50_f004392.jpg,S2_PAIR_occ50,S2_futsal_occ75_20260808_090302,S2_PAIR_occ50,4392,200.175,76,40,-4,0,-1,81,,,0,flight,108,50,48.0,1,1,189.6,sharp,10.3,S2_PAIR_clean_f000315.jpg,partial,0
S2_PAIR_occ50_f004400.jpg,S2_PAIR_occ50,S2_futsal_occ75_20260808_090302,S2_PAIR_occ50,4400,200.486,77,40,-4,-1,0,81,,,0,flight,108,50,46.0,1,1,199.3,sharp,10.3,S2_PAIR_clean_f000315.jpg,partial,0
S2_PAIR_occ50_f004408.jpg,S2_PAIR_occ50,S2_futsal_occ75_20260808_090302,S2_PAIR_occ50,4408,200.764,77,40,-4,-1,0,81,,,0,flight,108,50,43.7,1,1,195.0,sharp,10.3,S2_PAIR_clean_f000315.jpg,partial,0
S2_PAIR_occ50_f004416.jpg,S2_PAIR_occ50,S2_futsal_occ75_20260808_090302,S2_PAIR_occ50,4416,201.048,78,40,-4,0,0,81,,,0,flight,108,50,40.9,1,1,203.7,sharp,10.2,S2_PAIR_clean_f000315.jpg,partial,0
S2_PAIR_occ50_f004424.jpg,S2_PAIR_occ50,S2_futsal_occ75_20260808_090302,S2_PAIR_occ50,4424,201.385,78,40,-4,0,-1,81,,,0,flight,108,50,44.8,1,1,202.8,sharp,10.2,S2_PAIR_clean_f000315.jpg,partial,0
S2_PAIR_occ50_f004432.jpg,S2_PAIR_occ50,S2_futsal_occ75_20260808_090302,S2_PAIR_occ50,4432,201.673,78,40,-4,-1,-1,81,,,0,flight,108,50,43.8,1,1,191.8,sharp,10.2,S2_PAIR_clean_f000315.jpg,partial,0
S2_PAIR_occ50_f004440.jpg,S2_PAIR_occ50,S2_futsal_occ75_20260808_090302,S2_PAIR_occ50,4440,202.077,78,40,-4,0,-1,81,,,0,flight,108,50,41.4,1,1,198.5,sharp,10.1,S2_PAIR_clean_f000315.jpg,partial,0
S2_PAIR_occ50_f004448.jpg,S2_PAIR_occ50,S2_futsal_occ75_20260808_090302,S2_PAIR_occ50,4448,202.437,88,50,-4,0,0,81,,,0,flight,108,50,44.0,1,1,197.3,sharp,10.2,S2_PAIR_clean_f000322.jpg,partial,0
S2_PAIR_occ50_f004456.jpg,S2_PAIR_occ50,S2_futsal_occ75_20260808_090302,S2_PAIR_occ50,4456,202.763,98,60,-4,0,0,81,,,0,flight,108,50,33.3,1,1,185.0,sharp,10.1,S2_PAIR_clean_f000322.jpg,partial,0
S2_PAIR_occ50_f004464.jpg,S2_PAIR_occ50,S2_futsal_occ75_20260808_090302,S2_PAIR_occ50,4464,203.034,106,70,-4,0,0,81,,,0,flight,108,50,47.3,1,1,194.8,sharp,10.1,S2_PAIR_clean_f000329.jpg,partial,0
S2_PAIR_occ50_f004472.jpg,S2_PAIR_occ50,S2_futsal_occ75_20260808_090302,S2_PAIR_occ50,4472,203.286,111,70,-4,0,-1,81,,,0,flight,108,50,43.1,1,1,185.7,sharp,10.1,S2_PAIR_clean_f000336.jpg,partial,0
S2_PAIR_occ50_f004480.jpg,S2_PAIR_occ50,S2_futsal_occ75_20260808_090302,S2_PAIR_occ50,4480,203.617,120,80,-4,0,-1,81,,,0,flight,108,50,54.4,1,1,200.5,sharp,10.1,S2_PAIR_clean_f000343.jpg,heavy,0
S2_PAIR_occ50_f004488.jpg,S2_PAIR_occ50,S2_futsal_occ75_20260808_090302,S2_PAIR_occ50,4488,203.957,128,90,-4,0,-1,81,,,0,flight,108,50,58.5,1,1,194.7,sharp,9.5,S2_PAIR_clean_f000350.jpg,heavy,0
S2_PAIR_occ50_f004496.jpg,S2_PAIR_occ50,S2_futsal_occ75_20260808_090302,S2_PAIR_occ50,4496,204.252,141,100,-4,0,-1,81,,,0,flight,108,50,55.0,1,1,210.4,sharp,9.5,S2_PAIR_clean_f000364.jpg,heavy,0
S2_PAIR_occ50_f004504.jpg,S2_PAIR_occ50,S2_futsal_occ75_20260808_090302,S2_PAIR_occ50,4504,204.602,150,110,-4,0,-2,81,,,0,flight,108,50,67.1,1,1,185.0,sharp,8.6,S2_PAIR_clean_f000364.jpg,heavy,0
S2_PAIR_occ50_f004512.jpg,S2_PAIR_occ50,S2_futsal_occ75_20260808_090302,S2_PAIR_occ50,4512,204.959,158,120,-4,0,-1,81,,,0,flight,108,50,65.2,1,1,177.4,soft_moderate,8.3,S2_PAIR_clean_f000364.jpg,heavy,0
S2_PAIR_occ50_f004520.jpg,S2_PAIR_occ50,S2_futsal_occ75_20260808_090302,S2_PAIR_occ50,4520,205.222,168,120,-5,0,-1,81,,,0,flight,108,50,70.4,1,1,171.9,soft_moderate,8.2,S2_PAIR_clean_f000378.jpg,heavy,0
S2_PAIR_occ50_f004528.jpg,S2_PAIR_occ50,S2_futsal_occ75_20260808_090302,S2_PAIR_occ50,4528,205.469,176,130,-5,0,-1,81,,,0,flight,108,50,74.6,1,1,172.0,soft_moderate,8.1,S2_PAIR_clean_f000392.jpg,heavy,0
S2_PAIR_occ50_f004536.jpg,S2_PAIR_occ50,S2_futsal_occ75_20260808_090302,S2_PAIR_occ50,4536,205.798,190,140,-4,0,0,81,,,0,flight,108,50,65.4,1,1,169.0,soft_moderate,8.1,S2_PAIR_clean_f000455.jpg,heavy,0
S2_PAIR_occ50_f004544.jpg,S2_PAIR_occ50,S2_futsal_occ75_20260808_090302,S2_PAIR_occ50,4544,206.037,196,150,-4,0,0,81,,,0,flight,108,50,71.7,1,1,171.9,soft_moderate,8.1,S2_PAIR_clean_f000427.jpg,heavy,0
S2_PAIR_occ50_f004552.jpg,S2_PAIR_occ50,S2_futsal_occ75_20260808_090302,S2_PAIR_occ50,4552,206.385,204,160,-4,0,0,81,,,0,flight,108,50,61.0,1,1,174.0,soft_moderate,8.4,S2_PAIR_clean_f000420.jpg,heavy,0
S2_PAIR_occ50_f004560.jpg,S2_PAIR_occ50,S2_futsal_occ75_20260808_090302,S2_PAIR_occ50,4560,206.779,218,170,-4,0,0,81,,,0,flight,108,50,51.5,1,1,177.0,soft_moderate,8.4,S2_PAIR_clean_f000504.jpg,heavy,0
S2_PAIR_occ50_f004568.jpg,S2_PAIR_occ50,S2_futsal_occ75_20260808_090302,S2_PAIR_occ50,4568,207.147,229,180,-4,0,0,81,,,0,flight,108,50,57.1,1,1,188.1,sharp,8.5,S2_PAIR_clean_f000511.jpg,heavy,0
S2_PAIR_occ50_f004576.jpg,S2_PAIR_occ50,S2_futsal_occ75_20260808_090302,S2_PAIR_occ50,4576,207.436,235,180,-4,0,0,81,,,0,flight,108,50,52.6,1,1,187.5,sharp,8.5,S2_PAIR_clean_f000959.jpg,heavy,0
S2_PAIR_occ50_f004584.jpg,S2_PAIR_occ50,S2_futsal_occ75_20260808_090302,S2_PAIR_occ50,4584,207.775,244,190,-4,0,0,81,,,0,flight,108,50,56.3,1,1,183.7,sharp,7.7,S2_PAIR_clean_f000959.jpg,heavy,0
S2_PAIR_occ50_f004592.jpg,S2_PAIR_occ50,S2_futsal_occ75_20260808_090302,S2_PAIR_occ50,4592,208.083,262,210,-4,0,0,81,,,0,flight,108,50,66.0,1,1,190.9,sharp,7.1,S2_PAIR_clean_f001022.jpg,heavy,0
S2_PAIR_occ50_f004600.jpg,S2_PAIR_occ50,S2_futsal_occ75_20260808_090302,S2_PAIR_occ50,4600,208.410,268,210,-4,0,0,81,,,0,flight,108,50,65.3,1,1,193.3,sharp,6.6,S2_PAIR_clean_f001022.jpg,heavy,0
S2_PAIR_occ50_f004608.jpg,S2_PAIR_occ50,S2_futsal_occ75_20260808_090302,S2_PAIR_occ50,4608,208.734,277,230,-4,0,0,81,,,0,flight,108,50,59.6,1,1,189.3,sharp,6.1,S2_PAIR_clean_f001022.jpg,heavy,0
S2_PAIR_occ50_f004616.jpg,S2_PAIR_occ50,S2_futsal_occ75_20260808_090302,S2_PAIR_occ50,4616,209.104,286,230,-4,0,0,81,,,0,flight,108,50,66.1,1,1,196.3,sharp,6.0,S2_PAIR_clean_f001190.jpg,heavy,0
S2_PAIR_occ50_f004624.jpg,S2_PAIR_occ50,S2_futsal_occ75_20260808_090302,S2_PAIR_occ50,4624,209.436,288,240,-4,1,0,81,,,0,flight,108,50,59.8,1,1,201.4,sharp,5.9,S2_PAIR_clean_f001197.jpg,heavy,0
S2_PAIR_occ50_f004632.jpg,S2_PAIR_occ50,S2_futsal_occ75_20260808_090302,S2_PAIR_occ50,4632,209.796,286,240,-4,1,0,81,,,0,flight,108,50,68.3,1,1,198.6,sharp,6.0,S2_PAIR_clean_f001197.jpg,heavy,0
S2_PAIR_occ50_f004640.jpg,S2_PAIR_occ50,S2_futsal_occ75_20260808_090302,S2_PAIR_occ50,4640,210.133,278,230,-4,0,0,81,,,0,flight,108,50,55.6,1,1,195.8,sharp,6.0,S2_PAIR_clean_f001022.jpg,heavy,0
S2_PAIR_occ50_f004648.jpg,S2_PAIR_occ50,S2_futsal_occ75_20260808_090302,S2_PAIR_occ50,4648,210.434,286,230,-4,1,0,81,,,0,flight,108,50,60.4,1,1,198.7,sharp,6.0,S2_PAIR_clean_f001022.jpg,heavy,0
S2_PAIR_occ50_f004656.jpg,S2_PAIR_occ50,S2_futsal_occ75_20260808_090302,S2_PAIR_occ50,4656,210.710,282,230,-4,0,-5,81,,,0,flight,108,50,46.5,1,1,181.4,soft_moderate,5.8,S2_PAIR_clean_f001239.jpg,partial,0
S2_PAIR_occ50_f004664.jpg,S2_PAIR_occ50,S2_futsal_occ75_20260808_090302,S2_PAIR_occ50,4664,211.015,283,240,-5,0,-5,81,,,0,flight,108,50,56.0,1,1,177.7,soft_moderate,5.5,S2_PAIR_clean_f001239.jpg,heavy,0
S2_PAIR_occ50_f004672.jpg,S2_PAIR_occ50,S2_futsal_occ75_20260808_090302,S2_PAIR_occ50,4672,211.281,282,240,-5,1,-4,81,,,0,flight,108,50,54.4,1,1,161.8,soft_heavy,5.9,S2_PAIR_clean_f001239.jpg,heavy,0
S2_PAIR_occ50_f004680.jpg,S2_PAIR_occ50,S2_futsal_occ75_20260808_090302,S2_PAIR_occ50,4680,211.610,286,240,-5,0,-2,81,,,0,flight,108,50,42.5,1,1,181.7,soft_moderate,7.4,S2_PAIR_clean_f001288.jpg,partial,0
S2_PAIR_occ50_f004688.jpg,S2_PAIR_occ50,S2_futsal_occ75_20260808_090302,S2_PAIR_occ50,4688,211.877,279,240,-5,0,2,81,,,0,flight,108,50,48.8,1,1,184.3,sharp,9.2,S2_PAIR_clean_f001288.jpg,partial,0
S2_PAIR_occ50_f004696.jpg,S2_PAIR_occ50,S2_futsal_occ75_20260808_090302,S2_PAIR_occ50,4696,212.178,281,240,-4,0,2,80,,,0,flight,108,50,59.9,1,1,197.3,sharp,9.8,S2_PAIR_clean_f001288.jpg,heavy,0
S2_PAIR_occ50_f004704.jpg,S2_PAIR_occ50,S2_futsal_occ75_20260808_090302,S2_PAIR_occ50,4704,212.534,278,230,7,-1,1,80,,,0,flight,108,50,74.8,1,1,192.6,sharp,10.5,S2_PAIR_clean_f001554.jpg,heavy,0
S2_PAIR_occ50_f004712.jpg,S2_PAIR_occ50,S2_futsal_occ75_20260808_090302,S2_PAIR_occ50,4712,212.880,277,230,14,-1,0,80,,,0,flight,108,50,64.9,1,1,220.7,sharp,10.0,S2_PAIR_clean_f001575.jpg,heavy,0
S2_PAIR_occ50_f004720.jpg,S2_PAIR_occ50,S2_futsal_occ75_20260808_090302,S2_PAIR_occ50,4720,213.209,279,240,19,-2,3,80,,,0,flight,108,50,55.4,1,1,243.3,sharp,9.7,S2_PAIR_clean_f001624.jpg,heavy,0
S2_PAIR_occ50_f004728.jpg,S2_PAIR_occ50,S2_futsal_occ75_20260808_090302,S2_PAIR_occ50,4728,213.519,284,240,20,0,0,80,,,0,flight,108,50,63.2,1,1,265.6,sharp,10.8,S2_PAIR_clean_f001701.jpg,heavy,0
S2_PAIR_occ50_f004736.jpg,S2_PAIR_occ50,S2_futsal_occ75_20260808_090302,S2_PAIR_occ50,4736,213.883,279,240,20,0,-5,80,,,0,flight,108,50,69.4,1,1,246.6,sharp,9.7,S2_PAIR_clean_f001701.jpg,heavy,0
S2_PAIR_occ50_f004744.jpg,S2_PAIR_occ50,S2_futsal_occ75_20260808_090302,S2_PAIR_occ50,4744,214.135,281,240,20,0,-6,80,,,0,flight,108,50,54.8,1,1,253.9,sharp,9.7,S2_PAIR_clean_f001701.jpg,heavy,0
S2_PAIR_occ50_f004752.jpg,S2_PAIR_occ50,S2_futsal_occ75_20260808_090302,S2_PAIR_occ50,4752,214.481,278,240,20,0,-4,80,,,0,flight,108,50,63.9,1,1,249.1,sharp,10.8,S2_PAIR_clean_f001701.jpg,heavy,0
S2_PAIR_occ50_f004760.jpg,S2_PAIR_occ50,S2_futsal_occ75_20260808_090302,S2_PAIR_occ50,4760,214.898,277,240,20,0,-3,80,,,0,flight,108,50,57.5,1,1,242.1,sharp,11.4,S2_PAIR_clean_f001701.jpg,heavy,0
S2_PAIR_occ50_f004768.jpg,S2_PAIR_occ50,S2_futsal_occ75_20260808_090302,S2_PAIR_occ50,4768,215.231,271,240,20,0,-3,79,,,0,flight,108,50,64.6,1,1,243.1,sharp,11.8,S2_PAIR_clean_f001617.jpg,heavy,0
S2_PAIR_occ50_f004776.jpg,S2_PAIR_occ50,S2_futsal_occ75_20260808_090302,S2_PAIR_occ50,4776,215.522,272,240,20,0,-3,79,,,0,flight,108,50,57.0,1,1,251.8,sharp,11.9,S2_PAIR_clean_f001617.jpg,heavy,0
S2_PAIR_occ50_f004784.jpg,S2_PAIR_occ50,S2_futsal_occ75_20260808_090302,S2_PAIR_occ50,4784,215.810,269,230,20,0,-2,79,,,0,flight,108,50,50.6,1,1,242.5,sharp,12.1,S2_PAIR_clean_f001617.jpg,heavy,0
S2_PAIR_occ50_f004792.jpg,S2_PAIR_occ50,S2_futsal_occ75_20260808_090302,S2_PAIR_occ50,4792,216.155,269,230,20,-1,-3,79,,,0,flight,108,50,62.3,1,1,240.8,sharp,12.2,S2_PAIR_clean_f001694.jpg,heavy,0
S2_PAIR_occ50_f004800.jpg,S2_PAIR_occ50,S2_futsal_occ75_20260808_090302,S2_PAIR_occ50,4800,216.528,267,230,20,-1,-3,79,,,0,flight,108,50,59.6,1,1,252.4,sharp,12.5,S2_PAIR_clean_f001694.jpg,heavy,0
S2_PAIR_occ50_f004808.jpg,S2_PAIR_occ50,S2_futsal_occ75_20260808_090302,S2_PAIR_occ50,4808,216.794,267,230,20,0,0,79,,,0,flight,108,50,60.2,1,1,248.0,sharp,12.9,S2_PAIR_clean_f001694.jpg,heavy,0
S2_PAIR_occ50_f004816.jpg,S2_PAIR_occ50,S2_futsal_occ75_20260808_090302,S2_PAIR_occ50,4816,217.045,267,230,22,-1,1,79,,,0,flight,108,50,53.9,1,1,249.4,sharp,8.7,S2_PAIR_clean_f001701.jpg,heavy,0
S2_PAIR_occ50_f004824.jpg,S2_PAIR_occ50,S2_futsal_occ75_20260808_090302,S2_PAIR_occ50,4824,217.373,270,230,30,0,1,79,,,0,flight,108,50,62.3,1,1,304.5,sharp,11.9,S2_PAIR_clean_f002002.jpg,heavy,0
S2_PAIR_occ50_f004832.jpg,S2_PAIR_occ50,S2_futsal_occ75_20260808_090302,S2_PAIR_occ50,4832,217.665,271,230,42,-1,0,79,,,0,flight,108,50,37.6,1,1,242.0,sharp,12.9,S2_PAIR_clean_f002009.jpg,partial,0
S2_PAIR_occ50_f004840.jpg,S2_PAIR_occ50,S2_futsal_occ75_20260808_090302,S2_PAIR_occ50,4840,217.910,271,230,45,-1,0,79,,,0,flight,108,50,13.4,1,1,256.4,sharp,7.4,S2_PAIR_clean_f002016.jpg,indeterminate,0
S2_PAIR_occ50_f004848.jpg,S2_PAIR_occ50,S2_futsal_occ75_20260808_090302,S2_PAIR_occ50,4848,218.235,273,240,47,-1,0,79,,,0,flight,108,50,38.5,1,1,261.0,sharp,12.0,S2_PAIR_clean_f002016.jpg,partial,0
S2_PAIR_occ50_f004856.jpg,S2_PAIR_occ50,S2_futsal_occ75_20260808_090302,S2_PAIR_occ50,4856,218.537,274,230,48,0,-7,79,,,0,flight,108,50,47.9,1,1,251.3,sharp,10.5,S2_PAIR_clean_f002023.jpg,partial,0
S2_PAIR_occ50_f004864.jpg,S2_PAIR_occ50,S2_futsal_occ75_20260808_090302,S2_PAIR_occ50,4864,218.939,275,230,48,0,-6,78,,,0,flight,108,50,27.5,1,1,249.3,sharp,10.8,S2_PAIR_clean_f002023.jpg,indeterminate,0
S2_PAIR_occ50_f004872.jpg,S2_PAIR_occ50,S2_futsal_occ75_20260808_090302,S2_PAIR_occ50,4872,219.270,272,230,48,0,-4,78,,,0,flight,108,50,52.6,1,1,271.6,sharp,11.6,S2_PAIR_clean_f002023.jpg,heavy,0
S2_PAIR_occ50_f004904.jpg,S2_PAIR_occ50,S2_futsal_occ75_20260808_090302,S2_PAIR_occ50,4904,220.672,271,230,47,1,0,78,,,0,flight,108,50,28.1,1,1,251.6,sharp,12.9,S2_PAIR_clean_f002023.jpg,indeterminate,0
S2_PAIR_occ50_f004912.jpg,S2_PAIR_occ50,S2_futsal_occ75_20260808_090302,S2_PAIR_occ50,4912,221.011,271,230,48,0,1,78,,,0,flight,108,50,38.9,1,1,263.7,sharp,13.3,S2_PAIR_clean_f002023.jpg,partial,0
S2_PAIR_occ50_f004920.jpg,S2_PAIR_occ50,S2_futsal_occ75_20260808_090302,S2_PAIR_occ50,4920,221.286,273,230,48,0,1,78,,,0,flight,108,50,25.5,1,1,274.0,sharp,13.4,S2_PAIR_clean_f002016.jpg,indeterminate,0
S2_PAIR_occ50_f004928.jpg,S2_PAIR_occ50,S2_futsal_occ75_20260808_090302,S2_PAIR_occ50,4928,221.639,275,230,58,0,0,78,,,0,flight,108,50,39.6,1,1,212.9,sharp,7.8,S2_PAIR_clean_f002093.jpg,partial,0
S2_PAIR_occ50_f004936.jpg,S2_PAIR_occ50,S2_futsal_occ75_20260808_090302,S2_PAIR_occ50,4936,221.895,272,240,59,0,0,78,,,0,flight,108,50,27.2,1,1,191.3,sharp,10.6,S2_PAIR_clean_f002100.jpg,indeterminate,0
S2_PAIR_occ50_f004944.jpg,S2_PAIR_occ50,S2_futsal_occ75_20260808_090302,S2_PAIR_occ50,4944,222.154,277,240,59,-1,2,77,,,0,flight,108,50,43.5,1,1,208.8,sharp,10.5,S2_PAIR_clean_f002100.jpg,partial,0
S2_PAIR_occ50_f004952.jpg,S2_PAIR_occ50,S2_futsal_occ75_20260808_090302,S2_PAIR_occ50,4952,222.411,276,240,59,0,-5,77,,,0,flight,108,50,39.0,1,1,206.8,sharp,10.3,S2_PAIR_clean_f002100.jpg,partial,0
S2_PAIR_occ50_f004960.jpg,S2_PAIR_occ50,S2_futsal_occ75_20260808_090302,S2_PAIR_occ50,4960,222.751,276,230,59,0,-7,77,,,0,flight,108,50,48.2,1,1,203.4,sharp,8.7,S2_PAIR_clean_f002100.jpg,partial,0
S2_PAIR_occ50_f004968.jpg,S2_PAIR_occ50,S2_futsal_occ75_20260808_090302,S2_PAIR_occ50,4968,223.146,281,240,59,0,-5,77,,,0,flight,108,50,41.8,1,1,223.9,sharp,10.5,S2_PAIR_clean_f002100.jpg,partial,0
S2_PAIR_occ50_f004976.jpg,S2_PAIR_occ50,S2_futsal_occ75_20260808_090302,S2_PAIR_occ50,4976,223.419,269,240,59,0,-4,77,,,0,flight,108,50,38.8,1,1,224.5,sharp,10.8,S2_PAIR_clean_f002100.jpg,partial,0
S2_PAIR_occ50_f004984.jpg,S2_PAIR_occ50,S2_futsal_occ75_20260808_090302,S2_PAIR_occ50,4984,223.750,274,240,59,0,-4,77,,,0,flight,108,50,23.8,1,1,202.0,sharp,11.5,S2_PAIR_clean_f002100.jpg,indeterminate,0
S2_PAIR_occ50_f004992.jpg,S2_PAIR_occ50,S2_futsal_occ75_20260808_090302,S2_PAIR_occ50,4992,224.028,276,240,59,0,-3,77,,,0,flight,108,50,24.3,1,1,207.0,sharp,11.9,S2_PAIR_clean_f002100.jpg,indeterminate,0
S2_PAIR_occ50_f005000.jpg,S2_PAIR_occ50,S2_futsal_occ75_20260808_090302,S2_PAIR_occ50,5000,224.311,279,240,59,0,-3,77,,,0,flight,108,50,32.9,1,1,208.5,sharp,12.2,S2_PAIR_clean_f002100.jpg,partial,0
S2_PAIR_occ50_f005008.jpg,S2_PAIR_occ50,S2_futsal_occ75_20260808_090302,S2_PAIR_occ50,5008,224.678,274,230,59,1,-3,77,,,0,flight,108,50,38.9,1,1,212.8,sharp,12.7,S2_PAIR_clean_f002100.jpg,partial,0
S2_PAIR_occ50_f005016.jpg,S2_PAIR_occ50,S2_futsal_occ75_20260808_090302,S2_PAIR_occ50,5016,225.069,275,230,59,2,-2,77,,,0,flight,108,50,30.2,1,1,200.6,sharp,13.1,S2_PAIR_clean_f002100.jpg,indeterminate,0
S2_PAIR_occ50_f005024.jpg,S2_PAIR_occ50,S2_futsal_occ75_20260808_090302,S2_PAIR_occ50,5024,225.369,274,230,59,1,-2,77,,,0,flight,108,50,30.7,1,1,226.1,sharp,12.8,S2_PAIR_clean_f002100.jpg,indeterminate,0
S2_PAIR_occ50_f005032.jpg,S2_PAIR_occ50,S2_futsal_occ75_20260808_090302,S2_PAIR_occ50,5032,225.644,277,230,59,1,-2,77,,,0,flight,108,50,13.4,1,1,193.7,sharp,12.9,S2_PAIR_clean_f002100.jpg,indeterminate,0
S2_PAIR_occ50_f005040.jpg,S2_PAIR_occ50,S2_futsal_occ75_20260808_090302,S2_PAIR_occ50,5040,225.977,276,240,59,1,2,77,,,0,flight,108,50,6.9,1,1,200.3,sharp,13.1,S2_PAIR_clean_f002100.jpg,indeterminate,0
S2_PAIR_occ50_f005048.jpg,S2_PAIR_occ50,S2_futsal_occ75_20260808_090302,S2_PAIR_occ50,5048,226.306,274,240,65,1,1,77,,,0,flight,108,50,30.2,1,1,155.4,soft_heavy,10.9,S2_PAIR_clean_f002100.jpg,indeterminate,0
S2_PAIR_occ50_f005056.jpg,S2_PAIR_occ50,S2_futsal_occ75_20260808_090302,S2_PAIR_occ50,5056,226.594,271,230,74,0,1,77,,,0,flight,108,50,4.1,1,1,140.6,soft_heavy,11.9,S2_PAIR_clean_f002107.jpg,indeterminate,0
S2_PAIR_occ50_f005064.jpg,S2_PAIR_occ50,S2_futsal_occ75_20260808_090302,S2_PAIR_occ50,5064,226.869,274,230,76,0,1,77,,,0,flight,108,50,18.4,1,1,135.6,soft_heavy,13.0,S2_PAIR_clean_f002240.jpg,indeterminate,0
S2_PAIR_occ50_f005072.jpg,S2_PAIR_occ50,S2_futsal_occ75_20260808_090302,S2_PAIR_occ50,5072,227.227,280,240,80,0,2,76,,,0,flight,108,50,12.5,1,1,162.7,soft_heavy,14.1,S2_PAIR_clean_f002240.jpg,indeterminate,0
S2_PAIR_occ50_f005080.jpg,S2_PAIR_occ50,S2_futsal_occ75_20260808_090302,S2_PAIR_occ50,5080,227.553,277,240,81,0,-5,76,,,0,flight,108,50,0.0,1,1,159.0,soft_heavy,14.3,S2_PAIR_clean_f002289.jpg,indeterminate,0
S2_PAIR_occ50_f005088.jpg,S2_PAIR_occ50,S2_futsal_occ75_20260808_090302,S2_PAIR_occ50,5088,227.837,283,240,81,0,-6,76,,,0,flight,108,50,0.0,1,1,184.1,sharp,13.2,S2_PAIR_clean_f002289.jpg,indeterminate,0
S2_PAIR_occ50_f005096.jpg,S2_PAIR_occ50,S2_futsal_occ75_20260808_090302,S2_PAIR_occ50,5096,228.177,275,240,81,1,-6,76,,,0,flight,108,50,0.0,1,1,175.8,soft_moderate,14.2,S2_PAIR_clean_f002289.jpg,indeterminate,0
S2_PAIR_occ50_f005104.jpg,S2_PAIR_occ50,S2_futsal_occ75_20260808_090302,S2_PAIR_occ50,5104,228.470,276,240,81,0,-4,76,,,0,flight,108,50,0.0,1,1,174.4,soft_moderate,14.8,S2_PAIR_clean_f002289.jpg,indeterminate,0
S2_PAIR_occ50_f005112.jpg,S2_PAIR_occ50,S2_futsal_occ75_20260808_090302,S2_PAIR_occ50,5112,228.818,275,240,81,0,-2,76,,,0,flight,108,50,0.0,1,1,182.4,sharp,15.3,S2_PAIR_clean_f002289.jpg,indeterminate,0
S2_PAIR_occ50_f005120.jpg,S2_PAIR_occ50,S2_futsal_occ75_20260808_090302,S2_PAIR_occ50,5120,229.174,271,240,81,0,-2,76,,,0,flight,108,50,29.1,1,1,179.7,soft_moderate,14.3,S2_PAIR_clean_f002289.jpg,indeterminate,0
S2_PAIR_occ50_f005128.jpg,S2_PAIR_occ50,S2_futsal_occ75_20260808_090302,S2_PAIR_occ50,5128,229.445,261,230,81,0,0,76,,,0,flight,108,50,3.5,1,1,176.8,soft_moderate,15.2,S2_PAIR_clean_f002289.jpg,indeterminate,0
S2_PAIR_occ50_f005136.jpg,S2_PAIR_occ50,S2_futsal_occ75_20260808_090302,S2_PAIR_occ50,5136,229.801,274,230,84,0,2,76,,,0,flight,108,50,0.0,1,1,157.9,soft_heavy,11.2,S2_PAIR_clean_f002289.jpg,indeterminate,0
S2_PAIR_occ50_f005144.jpg,S2_PAIR_occ50,S2_futsal_occ75_20260808_090302,S2_PAIR_occ50,5144,230.168,275,230,91,0,1,76,,,0,flight,108,50,0.0,1,1,166.3,soft_heavy,12.5,S2_PAIR_clean_f002296.jpg,indeterminate,0
S2_PAIR_occ50_f005152.jpg,S2_PAIR_occ50,S2_futsal_occ75_20260808_090302,S2_PAIR_occ50,5152,230.398,277,240,95,0,1,76,,,0,flight,108,50,0.0,1,1,169.9,soft_moderate,8.9,S2_PAIR_clean_f002345.jpg,indeterminate,0
S2_PAIR_occ50_f005160.jpg,S2_PAIR_occ50,S2_futsal_occ75_20260808_090302,S2_PAIR_occ50,5160,230.754,275,240,104,0,0,76,,,0,flight,108,50,4.6,1,1,189.1,sharp,16.0,S2_PAIR_clean_f002422.jpg,indeterminate,0
S2_PAIR_occ50_f005168.jpg,S2_PAIR_occ50,S2_futsal_occ75_20260808_090302,S2_PAIR_occ50,5168,231.078,276,240,104,-1,3,76,,,0,flight,108,50,15.5,1,1,197.1,sharp,16.3,S2_PAIR_clean_f002422.jpg,indeterminate,0
S2_PAIR_occ50_f005176.jpg,S2_PAIR_occ50,S2_futsal_occ75_20260808_090302,S2_PAIR_occ50,5176,231.378,270,240,104,0,-1,76,,,0,flight,108,50,3.5,1,1,212.2,sharp,16.1,S2_PAIR_clean_f002429.jpg,indeterminate,0
S2_PAIR_occ50_f005184.jpg,S2_PAIR_occ50,S2_futsal_occ75_20260808_090302,S2_PAIR_occ50,5184,231.628,277,230,104,0,-6,76,,,0,flight,108,50,7.2,1,1,196.2,sharp,15.7,S2_PAIR_clean_f002429.jpg,indeterminate,0
S2_PAIR_occ50_f005192.jpg,S2_PAIR_occ50,S2_futsal_occ75_20260808_090302,S2_PAIR_occ50,5192,231.994,274,230,104,0,-4,75,,,0,flight,108,50,2.5,1,1,192.2,sharp,15.9,S2_PAIR_clean_f002429.jpg,indeterminate,0
S2_PAIR_occ50_f005200.jpg,S2_PAIR_occ50,S2_futsal_occ75_20260808_090302,S2_PAIR_occ50,5200,232.270,270,230,104,0,-3,75,,,0,flight,108,50,0.0,1,1,196.8,sharp,16.1,S2_PAIR_clean_f002429.jpg,indeterminate,0
S2_PAIR_occ50_f005208.jpg,S2_PAIR_occ50,S2_futsal_occ75_20260808_090302,S2_PAIR_occ50,5208,232.661,273,240,105,0,-3,75,,,0,flight,108,50,0.0,1,1,227.5,sharp,16.4,S2_PAIR_clean_f002422.jpg,indeterminate,0
S2_PAIR_occ50_f005216.jpg,S2_PAIR_occ50,S2_futsal_occ75_20260808_090302,S2_PAIR_occ50,5216,233.260,269,230,105,0,-2,75,,,0,flight,108,50,0.0,1,1,301.9,sharp,17.7,S2_PAIR_clean_f002422.jpg,indeterminate,0
S2_PAIR_occ50_f005224.jpg,S2_PAIR_occ50,S2_futsal_occ75_20260808_090302,S2_PAIR_occ50,5224,233.980,268,230,105,0,-1,75,,,0,flight,108,50,0.0,1,1,338.3,sharp,19.3,S2_PAIR_clean_f002422.jpg,indeterminate,0
S2_PAIR_occ50_f005240.jpg,S2_PAIR_occ50,S2_futsal_occ75_20260808_090302,S2_PAIR_occ50,5240,236.630,276,230,126,0,0,74,,,0,flight,108,50,0.0,1,1,183.1,sharp,14.0,S2_PAIR_clean_f002597.jpg,indeterminate,0
S2_PAIR_occ50_f005248.jpg,S2_PAIR_occ50,S2_futsal_occ75_20260808_090302,S2_PAIR_occ50,5248,236.965,275,230,126,0,-7,74,,,0,flight,108,50,0.0,1,1,173.1,soft_moderate,13.2,S2_PAIR_clean_f002562.jpg,indeterminate,0
S2_PAIR_occ50_f005256.jpg,S2_PAIR_occ50,S2_futsal_occ75_20260808_090302,S2_PAIR_occ50,5256,237.242,280,240,126,0,-5,74,,,0,flight,108,50,0.0,1,1,160.0,soft_heavy,13.5,S2_PAIR_clean_f002562.jpg,indeterminate,0
S2_PAIR_occ50_f005264.jpg,S2_PAIR_occ50,S2_futsal_occ75_20260808_090302,S2_PAIR_occ50,5264,237.570,273,240,126,0,-3,74,,,0,flight,108,50,0.0,1,1,169.4,soft_moderate,13.6,S2_PAIR_clean_f002597.jpg,indeterminate,0
S2_PAIR_occ50_f005272.jpg,S2_PAIR_occ50,S2_futsal_occ75_20260808_090302,S2_PAIR_occ50,5272,237.878,276,240,127,-1,-2,74,,,0,flight,108,50,1.4,1,1,178.3,soft_moderate,13.2,S2_PAIR_clean_f002597.jpg,indeterminate,0
S2_PAIR_occ50_f005280.jpg,S2_PAIR_occ50,S2_futsal_occ75_20260808_090302,S2_PAIR_occ50,5280,238.181,271,230,127,-1,-2,74,,,0,flight,108,50,0.0,1,1,178.1,soft_moderate,13.0,S2_PAIR_clean_f002597.jpg,indeterminate,0
S2_PAIR_occ50_f005288.jpg,S2_PAIR_occ50,S2_futsal_occ75_20260808_090302,S2_PAIR_occ50,5288,238.504,272,230,127,-1,-2,74,,,0,flight,108,50,0.0,1,1,197.4,sharp,12.1,S2_PAIR_clean_f002597.jpg,indeterminate,0
S2_PAIR_occ50_f005296.jpg,S2_PAIR_occ50,S2_futsal_occ75_20260808_090302,S2_PAIR_occ50,5296,238.774,272,230,127,0,-2,74,,,0,flight,108,50,2.8,1,1,195.4,sharp,12.1,S2_PAIR_clean_f002597.jpg,indeterminate,0
S2_PAIR_occ50_f005304.jpg,S2_PAIR_occ50,S2_futsal_occ75_20260808_090302,S2_PAIR_occ50,5304,239.087,263,230,127,0,-2,74,,,0,flight,108,50,0.0,1,1,207.8,sharp,12.4,S2_PAIR_clean_f002597.jpg,indeterminate,0
S2_PAIR_occ50_f005312.jpg,S2_PAIR_occ50,S2_futsal_occ75_20260808_090302,S2_PAIR_occ50,5312,239.403,269,230,126,0,-2,74,,,0,flight,108,50,0.8,1,1,200.5,sharp,13.1,S2_PAIR_clean_f002597.jpg,indeterminate,0
S2_PAIR_occ50_f005320.jpg,S2_PAIR_occ50,S2_futsal_occ75_20260808_090302,S2_PAIR_occ50,5320,239.730,271,230,126,0,0,74,,,0,flight,108,50,0.0,1,1,199.3,sharp,13.7,S2_PAIR_clean_f002597.jpg,indeterminate,0
S2_PAIR_occ50_f005328.jpg,S2_PAIR_occ50,S2_futsal_occ75_20260808_090302,S2_PAIR_occ50,5328,240.070,268,230,127,0,-1,74,,,0,flight,108,50,0.0,1,1,202.7,sharp,14.3,S2_PAIR_clean_f002597.jpg,indeterminate,0
S2_PAIR_occ50_f005336.jpg,S2_PAIR_occ50,S2_futsal_occ75_20260808_090302,S2_PAIR_occ50,5336,240.439,269,230,127,1,-1,74,,,0,flight,108,50,0.0,1,1,214.5,sharp,15.1,S2_PAIR_clean_f002597.jpg,indeterminate,0
S2_PAIR_occ50_f005344.jpg,S2_PAIR_occ50,S2_futsal_occ75_20260808_090302,S2_PAIR_occ50,5344,240.737,274,230,127,1,-2,74,,,0,flight,108,50,0.0,1,1,192.9,sharp,15.6,S2_PAIR_clean_f002443.jpg,indeterminate,0
S2_PAIR_occ50_f005352.jpg,S2_PAIR_occ50,S2_futsal_occ75_20260808_090302,S2_PAIR_occ50,5352,241.020,271,230,127,1,-2,73,,,0,flight,108,50,0.0,1,1,203.8,sharp,15.5,S2_PAIR_clean_f002443.jpg,indeterminate,0
S2_PAIR_occ50_f005360.jpg,S2_PAIR_occ50,S2_futsal_occ75_20260808_090302,S2_PAIR_occ50,5360,241.328,275,240,127,1,0,73,,,0,flight,108,50,0.0,1,1,199.5,sharp,15.6,S2_PAIR_clean_f002443.jpg,indeterminate,0
S2_PAIR_occ50_f005368.jpg,S2_PAIR_occ50,S2_futsal_occ75_20260808_090302,S2_PAIR_occ50,5368,241.653,276,240,127,1,1,73,,,0,flight,108,50,0.0,1,1,196.6,sharp,16.3,S2_PAIR_clean_f002443.jpg,indeterminate,0
S2_PAIR_occ50_f005376.jpg,S2_PAIR_occ50,S2_futsal_occ75_20260808_090302,S2_PAIR_occ50,5376,241.965,274,230,131,1,0,73,,,0,flight,108,50,0.0,1,1,176.6,soft_moderate,11.1,S2_PAIR_clean_f002604.jpg,indeterminate,0
S2_PAIR_occ50_f005384.jpg,S2_PAIR_occ50,S2_futsal_occ75_20260808_090302,S2_PAIR_occ50,5384,242.255,270,230,141,1,1,73,,,0,flight,108,50,0.0,1,1,176.9,soft_moderate,12.1,S2_PAIR_clean_f002611.jpg,indeterminate,0
S2_PAIR_occ50_f005392.jpg,S2_PAIR_occ50,S2_futsal_occ75_20260808_090302,S2_PAIR_occ50,5392,242.500,276,230,146,1,0,73,,,0,flight,108,50,0.1,1,1,175.5,soft_moderate,7.1,S2_PAIR_clean_f002709.jpg,indeterminate,0
S2_PAIR_occ50_f005400.jpg,S2_PAIR_occ50,S2_futsal_occ75_20260808_090302,S2_PAIR_occ50,5400,242.782,269,230,149,1,0,73,,,0,flight,108,50,0.0,1,1,191.3,sharp,12.2,S2_PAIR_clean_f002639.jpg,indeterminate,0
S2_PAIR_occ50_f005408.jpg,S2_PAIR_occ50,S2_futsal_occ75_20260808_090302,S2_PAIR_occ50,5408,243.070,270,230,149,0,1,73,,,0,flight,108,50,7.9,1,1,199.4,sharp,12.5,S2_PAIR_clean_f002730.jpg,indeterminate,0
S2_PAIR_occ50_f005416.jpg,S2_PAIR_occ50,S2_futsal_occ75_20260808_090302,S2_PAIR_occ50,5416,243.409,266,230,149,1,-2,73,,,0,flight,108,50,12.1,1,1,195.1,sharp,11.6,S2_PAIR_clean_f002730.jpg,indeterminate,0
S2_PAIR_occ50_f005424.jpg,S2_PAIR_occ50,S2_futsal_occ75_20260808_090302,S2_PAIR_occ50,5424,243.737,269,230,149,1,-6,73,,,0,flight,108,50,7.7,1,1,197.8,sharp,11.4,S2_PAIR_clean_f002730.jpg,indeterminate,0
S2_PAIR_occ50_f005432.jpg,S2_PAIR_occ50,S2_futsal_occ75_20260808_090302,S2_PAIR_occ50,5432,244.125,269,230,149,1,-4,73,,,0,flight,108,50,0.0,1,1,187.2,sharp,12.7,S2_PAIR_clean_f002639.jpg,indeterminate,0
S2_PAIR_occ50_f005440.jpg,S2_PAIR_occ50,S2_futsal_occ75_20260808_090302,S2_PAIR_occ50,5440,244.442,272,230,149,1,-3,73,,,0,flight,108,50,2.4,1,1,194.0,sharp,12.2,S2_PAIR_clean_f002639.jpg,indeterminate,0
S2_PAIR_occ50_f005448.jpg,S2_PAIR_occ50,S2_futsal_occ75_20260808_090302,S2_PAIR_occ50,5448,244.736,266,230,149,1,-4,73,,,0,flight,108,50,0.0,1,1,190.9,sharp,11.7,S2_PAIR_clean_f002639.jpg,indeterminate,0
S2_PAIR_occ50_f005456.jpg,S2_PAIR_occ50,S2_futsal_occ75_20260808_090302,S2_PAIR_occ50,5456,244.999,266,230,149,1,-3,73,,,0,flight,108,50,0.0,1,1,207.5,sharp,11.8,S2_PAIR_clean_f002639.jpg,indeterminate,0
S2_PAIR_occ50_f005464.jpg,S2_PAIR_occ50,S2_futsal_occ75_20260808_090302,S2_PAIR_occ50,5464,245.279,267,230,149,1,-3,73,,,0,flight,108,50,0.0,1,1,204.7,sharp,11.9,S2_PAIR_clean_f002639.jpg,indeterminate,0
S2_PAIR_occ50_f005472.jpg,S2_PAIR_occ50,S2_futsal_occ75_20260808_090302,S2_PAIR_occ50,5472,245.633,262,230,149,1,-2,73,,,0,flight,108,50,0.0,1,1,190.4,sharp,11.8,S2_PAIR_clean_f002674.jpg,indeterminate,0
S2_PAIR_occ50_f005480.jpg,S2_PAIR_occ50,S2_futsal_occ75_20260808_090302,S2_PAIR_occ50,5480,245.874,269,230,149,0,-2,73,,,0,flight,108,50,0.0,1,1,184.1,sharp,11.4,S2_PAIR_clean_f002681.jpg,indeterminate,0
S2_PAIR_occ50_f005488.jpg,S2_PAIR_occ50,S2_futsal_occ75_20260808_090302,S2_PAIR_occ50,5488,246.184,268,230,149,1,-3,73,,,0,flight,108,50,0.0,1,1,193.9,sharp,11.1,S2_PAIR_clean_f002681.jpg,indeterminate,0
S2_PAIR_occ50_f005496.jpg,S2_PAIR_occ50,S2_futsal_occ75_20260808_090302,S2_PAIR_occ50,5496,246.487,271,230,149,1,-2,73,,,0,flight,108,50,0.0,1,1,206.3,sharp,11.0,S2_PAIR_clean_f002688.jpg,indeterminate,0
S2_PAIR_occ50_f005504.jpg,S2_PAIR_occ50,S2_futsal_occ75_20260808_090302,S2_PAIR_occ50,5504,246.705,274,230,149,0,-2,73,,,0,flight,108,50,0.0,1,1,210.5,sharp,10.5,S2_PAIR_clean_f002709.jpg,indeterminate,0
S2_PAIR_occ50_f005512.jpg,S2_PAIR_occ50,S2_futsal_occ75_20260808_090302,S2_PAIR_occ50,5512,247.029,277,240,149,1,-2,72,,,0,flight,108,50,0.0,1,1,204.4,sharp,10.8,S2_PAIR_clean_f002709.jpg,indeterminate,0
S2_PAIR_occ50_f005520.jpg,S2_PAIR_occ50,S2_futsal_occ75_20260808_090302,S2_PAIR_occ50,5520,247.415,270,240,149,1,-2,72,,,0,flight,108,50,0.0,1,1,264.3,sharp,11.2,S2_PAIR_clean_f002709.jpg,indeterminate,0
S2_PAIR_occ50_f005528.jpg,S2_PAIR_occ50,S2_futsal_occ75_20260808_090302,S2_PAIR_occ50,5528,247.708,260,230,149,1,0,72,,,0,flight,108,50,28.2,1,1,252.5,sharp,11.9,S2_PAIR_clean_f002723.jpg,indeterminate,0
S2_PAIR_occ50_f005536.jpg,S2_PAIR_occ50,S2_futsal_occ75_20260808_090302,S2_PAIR_occ50,5536,248.049,268,230,149,0,1,72,,,0,flight,108,50,21.0,1,1,221.8,sharp,13.8,S2_PAIR_clean_f002688.jpg,indeterminate,0
S2_PAIR_occ50_f005544.jpg,S2_PAIR_occ50,S2_futsal_occ75_20260808_090302,S2_PAIR_occ50,5544,248.320,285,230,159,0,0,72,,,0,flight,108,50,44.5,1,1,224.8,sharp,17.0,S2_PAIR_clean_f002730.jpg,indeterminate,0
S2_PAIR_occ50_f005552.jpg,S2_PAIR_occ50,S2_futsal_occ75_20260808_090302,S2_PAIR_occ50,5552,248.644,281,240,164,0,0,72,,,0,flight,108,50,18.0,1,1,191.9,sharp,9.9,S2_PAIR_clean_f002898.jpg,indeterminate,0
S2_PAIR_occ50_f005560.jpg,S2_PAIR_occ50,S2_futsal_occ75_20260808_090302,S2_PAIR_occ50,5560,248.909,282,240,174,0,0,72,,,0,flight,108,50,5.9,1,1,178.4,soft_moderate,15.9,S2_PAIR_clean_f002807.jpg,indeterminate,0
S2_PAIR_occ50_f005568.jpg,S2_PAIR_occ50,S2_futsal_occ75_20260808_090302,S2_PAIR_occ50,5568,249.253,273,240,177,-1,2,72,,,0,flight,108,50,45.7,1,1,187.4,sharp,13.1,S2_PAIR_clean_f002912.jpg,partial,0
S2_PAIR_occ50_f005576.jpg,S2_PAIR_occ50,S2_futsal_occ75_20260808_090302,S2_PAIR_occ50,5576,249.505,275,230,177,1,-1,72,,,0,flight,108,50,11.9,1,1,202.7,sharp,13.5,S2_PAIR_clean_f002912.jpg,indeterminate,0
S2_PAIR_occ50_f005584.jpg,S2_PAIR_occ50,S2_futsal_occ75_20260808_090302,S2_PAIR_occ50,5584,249.828,267,230,177,0,-7,72,,,0,flight,108,50,14.4,1,1,205.1,sharp,13.2,S2_PAIR_clean_f002912.jpg,indeterminate,0
S2_PAIR_occ50_f005592.jpg,S2_PAIR_occ50,S2_futsal_occ75_20260808_090302,S2_PAIR_occ50,5592,250.066,271,230,177,0,-7,72,,,0,flight,108,50,12.0,1,1,203.9,sharp,13.1,S2_PAIR_clean_f002912.jpg,indeterminate,0
S2_PAIR_occ50_f005600.jpg,S2_PAIR_occ50,S2_futsal_occ75_20260808_090302,S2_PAIR_occ50,5600,250.377,270,230,177,0,-5,72,,,0,flight,108,50,18.8,1,1,222.6,sharp,13.0,S2_PAIR_clean_f002912.jpg,indeterminate,0
S2_PAIR_occ50_f005608.jpg,S2_PAIR_occ50,S2_futsal_occ75_20260808_090302,S2_PAIR_occ50,5608,250.742,276,230,177,0,-4,72,,,0,flight,108,50,14.9,1,1,215.0,sharp,13.1,S2_PAIR_clean_f002912.jpg,indeterminate,0
S2_PAIR_occ50_f005616.jpg,S2_PAIR_occ50,S2_futsal_occ75_20260808_090302,S2_PAIR_occ50,5616,251.037,276,230,177,0,-3,71,,,0,flight,108,50,14.3,1,1,213.4,sharp,13.1,S2_PAIR_clean_f002912.jpg,indeterminate,0
S2_PAIR_occ50_f005624.jpg,S2_PAIR_occ50,S2_futsal_occ75_20260808_090302,S2_PAIR_occ50,5624,251.262,275,230,177,0,-3,71,,,0,flight,108,50,17.5,1,1,218.3,sharp,13.6,S2_PAIR_clean_f002912.jpg,indeterminate,0
S2_PAIR_occ50_f005632.jpg,S2_PAIR_occ50,S2_futsal_occ75_20260808_090302,S2_PAIR_occ50,5632,251.596,272,240,177,0,-3,71,,,0,flight,108,50,20.0,1,1,246.1,sharp,14.9,S2_PAIR_clean_f002912.jpg,indeterminate,0
S2_PAIR_occ50_f005640.jpg,S2_PAIR_occ50,S2_futsal_occ75_20260808_090302,S2_PAIR_occ50,5640,251.930,271,230,177,0,-3,71,,,0,flight,108,50,13.8,1,1,237.9,sharp,16.2,S2_PAIR_clean_f002912.jpg,indeterminate,0
S2_PAIR_occ50_f005648.jpg,S2_PAIR_occ50,S2_futsal_occ75_20260808_090302,S2_PAIR_occ50,5648,252.251,266,230,177,0,-3,71,,,0,flight,108,50,15.5,1,1,257.6,sharp,17.5,S2_PAIR_clean_f002912.jpg,indeterminate,0
S2_PAIR_occ50_f005656.jpg,S2_PAIR_occ50,S2_futsal_occ75_20260808_090302,S2_PAIR_occ50,5656,252.635,268,230,177,0,-3,71,,,0,flight,108,50,12.0,1,1,206.4,sharp,17.4,S2_PAIR_clean_f002905.jpg,indeterminate,0
S2_PAIR_occ50_f005664.jpg,S2_PAIR_occ50,S2_futsal_occ75_20260808_090302,S2_PAIR_occ50,5664,252.935,274,230,177,0,-3,71,,,0,flight,108,50,13.3,1,1,201.4,sharp,16.7,S2_PAIR_clean_f002905.jpg,indeterminate,0
S2_PAIR_occ50_f005672.jpg,S2_PAIR_occ50,S2_futsal_occ75_20260808_090302,S2_PAIR_occ50,5672,253.400,271,230,177,0,-3,71,,,0,flight,108,50,9.6,1,1,222.2,sharp,15.8,S2_PAIR_clean_f002905.jpg,indeterminate,0
S2_PAIR_occ50_f005680.jpg,S2_PAIR_occ50,S2_futsal_occ75_20260808_090302,S2_PAIR_occ50,5680,253.703,280,230,177,0,-4,71,,,0,flight,108,50,4.3,1,1,207.0,sharp,15.0,S2_PAIR_clean_f002905.jpg,indeterminate,0
S2_PAIR_occ50_f005688.jpg,S2_PAIR_occ50,S2_futsal_occ75_20260808_090302,S2_PAIR_occ50,5688,254.004,279,240,177,0,-3,71,,,0,flight,108,50,1.0,1,1,211.7,sharp,14.6,S2_PAIR_clean_f002905.jpg,indeterminate,0
S2_PAIR_occ50_f005696.jpg,S2_PAIR_occ50,S2_futsal_occ75_20260808_090302,S2_PAIR_occ50,5696,254.280,277,240,177,0,-3,71,,,0,flight,108,50,0.7,1,1,211.2,sharp,14.1,S2_PAIR_clean_f002905.jpg,indeterminate,0
S2_PAIR_occ50_f005704.jpg,S2_PAIR_occ50,S2_futsal_occ75_20260808_090302,S2_PAIR_occ50,5704,254.595,276,240,177,0,-3,71,,,0,flight,108,50,40.2,1,1,198.2,sharp,13.3,S2_PAIR_clean_f002905.jpg,partial,0
S2_PAIR_occ50_f005712.jpg,S2_PAIR_occ50,S2_futsal_occ75_20260808_090302,S2_PAIR_occ50,5712,254.973,276,240,177,0,-3,71,,,0,flight,108,50,52.5,1,1,193.2,sharp,13.0,S2_PAIR_clean_f002905.jpg,heavy,0
S2_PAIR_occ50_f005720.jpg,S2_PAIR_occ50,S2_futsal_occ75_20260808_090302,S2_PAIR_occ50,5720,255.287,270,230,177,0,0,71,,,0,flight,108,50,50.6,1,1,176.4,soft_moderate,13.3,S2_PAIR_clean_f002905.jpg,heavy,0
S2_PAIR_occ50_f005728.jpg,S2_PAIR_occ50,S2_futsal_occ75_20260808_090302,S2_PAIR_occ50,5728,255.653,271,230,179,1,1,71,,,0,flight,108,50,50.4,1,1,169.7,soft_moderate,16.4,S2_PAIR_clean_f003087.jpg,indeterminate,0
S2_PAIR_occ50_f005736.jpg,S2_PAIR_occ50,S2_futsal_occ75_20260808_090302,S2_PAIR_occ50,5736,255.944,272,230,-173,0,0,71,,,0,flight,108,50,36.9,1,1,184.0,sharp,13.4,S2_PAIR_clean_f003031.jpg,partial,0
S2_PAIR_occ50_f005744.jpg,S2_PAIR_occ50,S2_futsal_occ75_20260808_090302,S2_PAIR_occ50,5744,256.205,273,230,-164,0,0,71,,,0,flight,108,50,7.1,1,1,198.8,sharp,12.4,S2_PAIR_clean_f003101.jpg,indeterminate,0
S2_PAIR_occ50_f005752.jpg,S2_PAIR_occ50,S2_futsal_occ75_20260808_090302,S2_PAIR_occ50,5752,256.512,273,230,-154,1,0,71,,,0,flight,108,50,,0,1,189.9,sharp,,,indeterminate,0
S2_PAIR_occ50_f005760.jpg,S2_PAIR_occ50,S2_futsal_occ75_20260808_090302,S2_PAIR_occ50,5760,256.830,272,230,-152,0,2,71,,,0,flight,108,50,,0,1,191.6,sharp,,,indeterminate,0
S2_PAIR_occ50_f005768.jpg,S2_PAIR_occ50,S2_futsal_occ75_20260808_090302,S2_PAIR_occ50,5768,257.135,272,230,-151,2,-3,70,,,0,flight,108,50,,0,1,224.7,sharp,,,indeterminate,0
S2_PAIR_occ50_f005776.jpg,S2_PAIR_occ50,S2_futsal_occ75_20260808_090302,S2_PAIR_occ50,5776,257.429,276,230,-151,3,-6,70,,,0,flight,108,50,18.4,1,1,235.1,sharp,20.3,S2_PAIR_clean_f003136.jpg,indeterminate,0
S2_PAIR_occ50_f005784.jpg,S2_PAIR_occ50,S2_futsal_occ75_20260808_090302,S2_PAIR_occ50,5784,257.714,276,240,-152,2,-5,70,,,0,flight,108,50,5.4,1,1,230.9,sharp,19.4,S2_PAIR_clean_f003136.jpg,indeterminate,0
S2_PAIR_occ50_f005792.jpg,S2_PAIR_occ50,S2_futsal_occ75_20260808_090302,S2_PAIR_occ50,5792,258.059,278,240,-151,1,-4,70,,,0,flight,108,50,2.0,1,1,248.6,sharp,16.5,S2_PAIR_clean_f003241.jpg,indeterminate,0
S2_PAIR_occ50_f005800.jpg,S2_PAIR_occ50,S2_futsal_occ75_20260808_090302,S2_PAIR_occ50,5800,258.345,276,240,-151,1,-4,70,,,0,flight,108,50,11.0,1,1,272.9,sharp,15.8,S2_PAIR_clean_f003241.jpg,indeterminate,0
S2_PAIR_occ50_f005808.jpg,S2_PAIR_occ50,S2_futsal_occ75_20260808_090302,S2_PAIR_occ50,5808,258.640,272,230,-151,1,-4,70,,,0,flight,108,50,6.7,1,1,232.9,sharp,15.7,S2_PAIR_clean_f003241.jpg,indeterminate,0
S2_PAIR_occ50_f005816.jpg,S2_PAIR_occ50,S2_futsal_occ75_20260808_090302,S2_PAIR_occ50,5816,258.979,265,230,-151,1,-4,70,,,0,flight,108,50,2.5,1,1,251.0,sharp,15.3,S2_PAIR_clean_f003241.jpg,indeterminate,0
S2_PAIR_occ50_f005824.jpg,S2_PAIR_occ50,S2_futsal_occ75_20260808_090302,S2_PAIR_occ50,5824,259.372,261,230,-151,1,-3,70,,,0,flight,108,50,9.3,1,1,279.0,sharp,14.3,S2_PAIR_clean_f003241.jpg,indeterminate,0
S2_PAIR_occ50_f005832.jpg,S2_PAIR_occ50,S2_futsal_occ75_20260808_090302,S2_PAIR_occ50,5832,259.598,267,230,-151,1,-3,70,,,0,flight,108,50,0.0,1,1,232.0,sharp,13.9,S2_PAIR_clean_f003241.jpg,indeterminate,0
S2_PAIR_occ50_f005840.jpg,S2_PAIR_occ50,S2_futsal_occ75_20260808_090302,S2_PAIR_occ50,5840,259.897,281,230,-151,0,-3,70,,,0,flight,108,50,0.0,1,1,240.4,sharp,13.1,S2_PAIR_clean_f003241.jpg,indeterminate,0
S2_PAIR_occ50_f005848.jpg,S2_PAIR_occ50,S2_futsal_occ75_20260808_090302,S2_PAIR_occ50,5848,260.356,298,240,-151,0,-3,70,,,0,flight,108,50,3.7,1,1,274.2,sharp,12.0,S2_PAIR_clean_f003241.jpg,indeterminate,0
S2_PAIR_occ50_f005856.jpg,S2_PAIR_occ50,S2_futsal_occ75_20260808_090302,S2_PAIR_occ50,5856,260.904,283,250,-151,1,-2,70,,,0,flight,108,50,0.0,1,1,231.2,sharp,12.0,S2_PAIR_clean_f003241.jpg,indeterminate,0
S2_PAIR_occ50_f005864.jpg,S2_PAIR_occ50,S2_futsal_occ75_20260808_090302,S2_PAIR_occ50,5864,261.172,278,240,-151,1,-2,70,,,0,flight,108,50,3.9,1,1,237.9,sharp,13.2,S2_PAIR_clean_f003241.jpg,indeterminate,0
S2_PAIR_occ50_f005872.jpg,S2_PAIR_occ50,S2_futsal_occ75_20260808_090302,S2_PAIR_occ50,5872,261.477,271,240,-151,1,-2,70,,,0,flight,108,50,4.5,1,1,228.8,sharp,13.0,S2_PAIR_clean_f003241.jpg,indeterminate,0
S2_PAIR_occ50_f005880.jpg,S2_PAIR_occ50,S2_futsal_occ75_20260808_090302,S2_PAIR_occ50,5880,262.975,265,230,-151,1,-4,70,,,0,flight,108,50,46.1,1,1,240.2,sharp,12.6,S2_PAIR_clean_f003122.jpg,partial,0
S2_PAIR_occ50_f005888.jpg,S2_PAIR_occ50,S2_futsal_occ75_20260808_090302,S2_PAIR_occ50,5888,263.171,267,230,-151,1,-4,70,,,0,flight,108,50,18.7,1,1,265.9,sharp,13.2,S2_PAIR_clean_f003164.jpg,indeterminate,0
S2_PAIR_occ50_f005896.jpg,S2_PAIR_occ50,S2_futsal_occ75_20260808_090302,S2_PAIR_occ50,5896,263.379,273,230,-151,1,-4,70,,,0,flight,108,50,30.9,1,1,243.4,sharp,14.4,S2_PAIR_clean_f003206.jpg,indeterminate,0
S2_PAIR_occ50_f005904.jpg,S2_PAIR_occ50,S2_futsal_occ75_20260808_090302,S2_PAIR_occ50,5904,263.637,274,230,-151,1,-2,70,,,0,flight,108,50,16.0,1,1,224.3,sharp,14.2,S2_PAIR_clean_f003213.jpg,indeterminate,0
S2_PAIR_occ50_f005912.jpg,S2_PAIR_occ50,S2_futsal_occ75_20260808_090302,S2_PAIR_occ50,5912,263.912,279,240,-151,1,0,70,,,0,flight,108,50,27.2,1,1,224.1,sharp,14.4,S2_PAIR_clean_f003227.jpg,indeterminate,0
S2_PAIR_occ50_f005920.jpg,S2_PAIR_occ50,S2_futsal_occ75_20260808_090302,S2_PAIR_occ50,5920,264.278,279,230,-147,0,0,69,,,0,flight,108,50,13.9,1,1,225.5,sharp,13.8,S2_PAIR_clean_f003241.jpg,indeterminate,0
S2_PAIR_occ50_f005928.jpg,S2_PAIR_occ50,S2_futsal_occ75_20260808_090302,S2_PAIR_occ50,5928,264.579,277,230,-141,0,0,69,,,0,flight,108,50,70.0,1,1,212.2,sharp,17.9,S2_PAIR_clean_f003248.jpg,indeterminate,0
S2_PAIR_occ50_f005936.jpg,S2_PAIR_occ50,S2_futsal_occ75_20260808_090302,S2_PAIR_occ50,5936,264.917,275,230,-133,0,0,69,,,0,flight,108,50,14.0,1,1,228.0,sharp,16.9,S2_PAIR_clean_f003332.jpg,indeterminate,0
S2_PAIR_occ50_f005944.jpg,S2_PAIR_occ50,S2_futsal_occ75_20260808_090302,S2_PAIR_occ50,5944,265.217,279,230,-126,0,0,69,,,0,flight,108,50,27.4,1,1,211.4,sharp,14.2,S2_PAIR_clean_f003255.jpg,indeterminate,0
S2_PAIR_occ50_f005952.jpg,S2_PAIR_occ50,S2_futsal_occ75_20260808_090302,S2_PAIR_occ50,5952,265.529,276,230,-126,0,-1,69,,,0,flight,108,50,13.5,1,1,251.8,sharp,14.2,S2_PAIR_clean_f003255.jpg,indeterminate,0
S2_PAIR_occ50_f005960.jpg,S2_PAIR_occ50,S2_futsal_occ75_20260808_090302,S2_PAIR_occ50,5960,265.854,278,230,-126,1,-3,69,,,0,flight,108,50,27.4,1,1,235.7,sharp,14.1,S2_PAIR_clean_f003255.jpg,indeterminate,0
S2_PAIR_occ50_f005968.jpg,S2_PAIR_occ50,S2_futsal_occ75_20260808_090302,S2_PAIR_occ50,5968,266.141,280,230,-126,1,-8,69,,,0,flight,108,50,0.0,1,1,242.4,sharp,12.9,S2_PAIR_clean_f003332.jpg,indeterminate,0
S2_PAIR_occ50_f005976.jpg,S2_PAIR_occ50,S2_futsal_occ75_20260808_090302,S2_PAIR_occ50,5976,266.515,280,240,-126,1,-6,69,,,0,flight,108,50,28.2,1,1,214.9,sharp,13.9,S2_PAIR_clean_f003255.jpg,indeterminate,0
S2_PAIR_occ50_f005984.jpg,S2_PAIR_occ50,S2_futsal_occ75_20260808_090302,S2_PAIR_occ50,5984,266.823,274,240,-127,0,0,69,,,0,flight,108,50,27.1,1,1,246.3,sharp,15.3,S2_PAIR_clean_f003255.jpg,indeterminate,0
S2_PAIR_occ50_f005992.jpg,S2_PAIR_occ50,S2_futsal_occ75_20260808_090302,S2_PAIR_occ50,5992,267.180,268,230,-122,0,0,69,,,0,flight,108,50,7.1,1,1,232.4,sharp,15.2,S2_PAIR_clean_f003332.jpg,indeterminate,0
S2_PAIR_occ50_f006000.jpg,S2_PAIR_occ50,S2_futsal_occ75_20260808_090302,S2_PAIR_occ50,6000,267.512,266,230,-115,0,0,69,,,0,flight,108,50,51.5,1,1,202.9,sharp,14.7,S2_PAIR_clean_f003339.jpg,indeterminate,0
S2_PAIR_occ50_f006008.jpg,S2_PAIR_occ50,S2_futsal_occ75_20260808_090302,S2_PAIR_occ50,6008,267.853,269,230,-107,0,0,69,,,0,flight,108,50,4.0,1,1,195.9,sharp,15.2,S2_PAIR_clean_f003353.jpg,indeterminate,0
S2_PAIR_occ50_f006016.jpg,S2_PAIR_occ50,S2_futsal_occ75_20260808_090302,S2_PAIR_occ50,6016,268.127,264,230,-103,0,0,69,,,0,flight,108,50,24.7,1,1,230.6,sharp,15.2,S2_PAIR_clean_f003353.jpg,indeterminate,0
S2_PAIR_occ50_f006024.jpg,S2_PAIR_occ50,S2_futsal_occ75_20260808_090302,S2_PAIR_occ50,6024,268.479,274,230,-103,1,-1,69,,,0,flight,108,50,7.6,1,1,235.9,sharp,14.9,S2_PAIR_clean_f003353.jpg,indeterminate,0
S2_PAIR_occ50_f006032.jpg,S2_PAIR_occ50,S2_futsal_occ75_20260808_090302,S2_PAIR_occ50,6032,268.791,284,230,-104,1,-7,69,,,0,flight,108,50,5.9,1,1,204.7,sharp,13.8,S2_PAIR_clean_f003353.jpg,indeterminate,0
S2_PAIR_occ50_f006040.jpg,S2_PAIR_occ50,S2_futsal_occ75_20260808_090302,S2_PAIR_occ50,6040,269.046,282,240,-104,1,-8,69,,,0,flight,108,50,6.4,1,1,220.9,sharp,13.6,S2_PAIR_clean_f003353.jpg,indeterminate,0
S2_PAIR_occ50_f006048.jpg,S2_PAIR_occ50,S2_futsal_occ75_20260808_090302,S2_PAIR_occ50,6048,269.325,268,240,-104,1,-5,69,,,0,flight,108,50,0.0,1,1,210.9,sharp,14.3,S2_PAIR_clean_f003353.jpg,indeterminate,0
S2_PAIR_occ50_f006056.jpg,S2_PAIR_occ50,S2_futsal_occ75_20260808_090302,S2_PAIR_occ50,6056,269.604,271,240,-104,0,-5,69,,,0,flight,108,50,11.1,1,1,234.0,sharp,14.5,S2_PAIR_clean_f003353.jpg,indeterminate,0
S2_PAIR_occ50_f006064.jpg,S2_PAIR_occ50,S2_futsal_occ75_20260808_090302,S2_PAIR_occ50,6064,269.945,267,230,-104,0,-4,69,,,0,flight,108,50,26.1,1,1,223.5,sharp,15.1,S2_PAIR_clean_f003409.jpg,indeterminate,0
S2_PAIR_occ50_f006072.jpg,S2_PAIR_occ50,S2_futsal_occ75_20260808_090302,S2_PAIR_occ50,6072,270.282,261,230,-104,0,-4,68,,,0,flight,108,50,20.2,1,1,225.9,sharp,15.3,S2_PAIR_clean_f003409.jpg,indeterminate,0
S2_PAIR_occ50_f006080.jpg,S2_PAIR_occ50,S2_futsal_occ75_20260808_090302,S2_PAIR_occ50,6080,270.572,259,230,-104,0,-1,68,,,0,flight,108,50,16.9,1,1,239.6,sharp,15.7,S2_PAIR_clean_f003409.jpg,indeterminate,0
S2_PAIR_occ50_f006088.jpg,S2_PAIR_occ50,S2_futsal_occ75_20260808_090302,S2_PAIR_occ50,6088,270.840,279,230,-103,1,0,68,,,0,flight,108,50,14.8,1,1,212.2,sharp,15.5,S2_PAIR_clean_f003409.jpg,indeterminate,0
S2_PAIR_occ50_f006096.jpg,S2_PAIR_occ50,S2_futsal_occ75_20260808_090302,S2_PAIR_occ50,6096,271.177,279,240,-94,0,0,68,,,0,flight,108,50,6.3,1,1,203.7,sharp,16.1,S2_PAIR_clean_f003409.jpg,indeterminate,0
S2_PAIR_occ50_f006104.jpg,S2_PAIR_occ50,S2_futsal_occ75_20260808_090302,S2_PAIR_occ50,6104,271.521,282,240,-86,0,0,68,,,0,flight,108,50,0.0,1,1,192.6,sharp,16.2,S2_PAIR_clean_f003430.jpg,indeterminate,0
S2_PAIR_occ50_f006112.jpg,S2_PAIR_occ50,S2_futsal_occ75_20260808_090302,S2_PAIR_occ50,6112,271.897,279,240,-84,0,0,68,,,0,flight,108,50,,1,1,248.1,sharp,,,indeterminate,0
S2_PAIR_occ50_f006120.jpg,S2_PAIR_occ50,S2_futsal_occ75_20260808_090302,S2_PAIR_occ50,6120,272.173,276,240,-84,0,-5,68,,,0,flight,108,50,,1,1,218.0,sharp,,,indeterminate,0
S2_PAIR_occ50_f006128.jpg,S2_PAIR_occ50,S2_futsal_occ75_20260808_090302,S2_PAIR_occ50,6128,272.470,276,240,-84,1,-7,68,,,0,flight,108,50,,1,1,235.9,sharp,,,indeterminate,0
S2_PAIR_occ50_f006136.jpg,S2_PAIR_occ50,S2_futsal_occ75_20260808_090302,S2_PAIR_occ50,6136,272.818,275,240,-84,1,-6,68,,,0,flight,108,50,,1,1,210.2,sharp,,,indeterminate,0
S2_PAIR_occ50_f006144.jpg,S2_PAIR_occ50,S2_futsal_occ75_20260808_090302,S2_PAIR_occ50,6144,273.097,278,240,-84,1,-5,68,,,0,flight,108,50,20.4,1,1,236.8,sharp,18.1,S2_PAIR_clean_f003430.jpg,indeterminate,0
S2_PAIR_occ50_f006152.jpg,S2_PAIR_occ50,S2_futsal_occ75_20260808_090302,S2_PAIR_occ50,6152,273.399,280,240,-84,1,-3,68,,,0,flight,108,50,8.2,1,1,241.4,sharp,18.3,S2_PAIR_clean_f003430.jpg,indeterminate,0
S2_PAIR_occ50_f006160.jpg,S2_PAIR_occ50,S2_futsal_occ75_20260808_090302,S2_PAIR_occ50,6160,273.702,277,240,-84,1,-4,68,,,0,flight,108,50,11.0,1,1,227.6,sharp,18.4,S2_PAIR_clean_f003430.jpg,indeterminate,0
S2_PAIR_occ50_f006168.jpg,S2_PAIR_occ50,S2_futsal_occ75_20260808_090302,S2_PAIR_occ50,6168,273.981,274,240,-84,1,-3,68,,,0,flight,108,50,10.4,1,1,233.8,sharp,18.2,S2_PAIR_clean_f003430.jpg,indeterminate,0
S2_PAIR_occ50_f006176.jpg,S2_PAIR_occ50,S2_futsal_occ75_20260808_090302,S2_PAIR_occ50,6176,274.226,275,240,-84,1,-3,68,,,0,flight,108,50,7.8,1,1,233.8,sharp,18.1,S2_PAIR_clean_f003430.jpg,indeterminate,0
S2_PAIR_occ50_f006184.jpg,S2_PAIR_occ50,S2_futsal_occ75_20260808_090302,S2_PAIR_occ50,6184,274.557,272,230,-84,1,-3,68,,,0,flight,108,50,15.8,1,1,238.6,sharp,18.1,S2_PAIR_clean_f003430.jpg,indeterminate,0
S2_PAIR_occ50_f006192.jpg,S2_PAIR_occ50,S2_futsal_occ75_20260808_090302,S2_PAIR_occ50,6192,274.862,272,230,-84,1,-3,68,,,0,flight,108,50,16.3,1,1,240.9,sharp,18.0,S2_PAIR_clean_f003430.jpg,indeterminate,0
S2_PAIR_occ50_f006200.jpg,S2_PAIR_occ50,S2_futsal_occ75_20260808_090302,S2_PAIR_occ50,6200,275.204,270,230,-84,1,-3,68,,,0,flight,108,50,11.4,1,1,247.1,sharp,18.2,S2_PAIR_clean_f003430.jpg,indeterminate,0
S2_PAIR_occ50_f006208.jpg,S2_PAIR_occ50,S2_futsal_occ75_20260808_090302,S2_PAIR_occ50,6208,275.560,268,230,-84,1,-3,68,,,0,flight,108,50,25.7,1,1,261.1,sharp,18.1,S2_PAIR_clean_f003430.jpg,indeterminate,0
S2_PAIR_occ50_f006216.jpg,S2_PAIR_occ50,S2_futsal_occ75_20260808_090302,S2_PAIR_occ50,6216,275.871,272,230,-84,1,-4,68,,,0,flight,108,50,21.2,1,1,251.9,sharp,18.4,S2_PAIR_clean_f003430.jpg,indeterminate,0
S2_PAIR_occ50_f006224.jpg,S2_PAIR_occ50,S2_futsal_occ75_20260808_090302,S2_PAIR_occ50,6224,276.138,270,230,-84,1,-3,68,,,0,flight,108,50,21.6,1,1,241.5,sharp,18.6,S2_PAIR_clean_f003430.jpg,indeterminate,0
S2_PAIR_occ50_f006232.jpg,S2_PAIR_occ50,S2_futsal_occ75_20260808_090302,S2_PAIR_occ50,6232,276.424,267,230,-84,1,-3,68,,,0,flight,108,50,23.7,1,1,270.5,sharp,18.9,S2_PAIR_clean_f003430.jpg,indeterminate,0
S2_PAIR_occ50_f006240.jpg,S2_PAIR_occ50,S2_futsal_occ75_20260808_090302,S2_PAIR_occ50,6240,276.788,273,230,-84,1,-3,68,,,0,flight,108,50,26.6,1,1,238.7,sharp,18.8,S2_PAIR_clean_f003430.jpg,indeterminate,0
S2_PAIR_occ50_f006248.jpg,S2_PAIR_occ50,S2_futsal_occ75_20260808_090302,S2_PAIR_occ50,6248,277.100,274,230,-84,1,-3,68,,,0,flight,108,50,14.8,1,1,240.2,sharp,18.7,S2_PAIR_clean_f003430.jpg,indeterminate,0
S2_PAIR_occ50_f006256.jpg,S2_PAIR_occ50,S2_futsal_occ75_20260808_090302,S2_PAIR_occ50,6256,277.440,277,230,-84,1,-3,68,,,0,flight,108,50,24.2,1,1,266.1,sharp,18.8,S2_PAIR_clean_f003430.jpg,indeterminate,0
S2_PAIR_occ50_f006264.jpg,S2_PAIR_occ50,S2_futsal_occ75_20260808_090302,S2_PAIR_occ50,6264,277.712,270,230,-84,0,-3,68,,,0,flight,108,50,25.1,1,1,282.4,sharp,19.0,S2_PAIR_clean_f003430.jpg,indeterminate,0
S2_PAIR_occ50_f006272.jpg,S2_PAIR_occ50,S2_futsal_occ75_20260808_090302,S2_PAIR_occ50,6272,278.006,273,230,-84,0,-3,68,,,0,flight,108,50,25.7,1,1,300.3,sharp,18.9,S2_PAIR_clean_f003430.jpg,indeterminate,0
S2_PAIR_occ50_f006280.jpg,S2_PAIR_occ50,S2_futsal_occ75_20260808_090302,S2_PAIR_occ50,6280,278.332,268,230,-84,0,-3,68,,,0,flight,108,50,40.8,1,1,312.3,sharp,17.9,S2_PAIR_clean_f003430.jpg,indeterminate,0
S2_PAIR_occ50_f006288.jpg,S2_PAIR_occ50,S2_futsal_occ75_20260808_090302,S2_PAIR_occ50,6288,278.662,264,230,-84,0,-3,68,,,0,flight,108,50,40.5,1,1,255.8,sharp,17.8,S2_PAIR_clean_f003430.jpg,indeterminate,0
S2_PAIR_occ50_f006296.jpg,S2_PAIR_occ50,S2_futsal_occ75_20260808_090302,S2_PAIR_occ50,6296,278.962,267,230,-84,0,-3,68,,,0,flight,108,50,45.1,1,1,254.7,sharp,17.9,S2_PAIR_clean_f003430.jpg,indeterminate,0
S2_PAIR_occ50_f006304.jpg,S2_PAIR_occ50,S2_futsal_occ75_20260808_090302,S2_PAIR_occ50,6304,279.269,264,230,-84,0,-3,67,,,0,flight,108,50,37.5,1,1,249.5,sharp,17.4,S2_PAIR_clean_f003430.jpg,indeterminate,0
S2_PAIR_occ50_f006312.jpg,S2_PAIR_occ50,S2_futsal_occ75_20260808_090302,S2_PAIR_occ50,6312,279.604,269,230,-84,0,-2,67,,,0,flight,108,50,43.2,1,1,258.6,sharp,17.5,S2_PAIR_clean_f003430.jpg,indeterminate,0
S2_PAIR_occ50_f006320.jpg,S2_PAIR_occ50,S2_futsal_occ75_20260808_090302,S2_PAIR_occ50,6320,279.877,273,230,-84,0,-2,67,,,0,flight,108,50,38.2,1,1,252.8,sharp,17.4,S2_PAIR_clean_f003430.jpg,indeterminate,0
S2_PAIR_occ50_f006328.jpg,S2_PAIR_occ50,S2_futsal_occ75_20260808_090302,S2_PAIR_occ50,6328,280.236,273,230,-84,0,-2,67,,,0,flight,108,50,39.9,1,1,269.8,sharp,17.3,S2_PAIR_clean_f003430.jpg,indeterminate,0
S2_PAIR_occ50_f006336.jpg,S2_PAIR_occ50,S2_futsal_occ75_20260808_090302,S2_PAIR_occ50,6336,280.558,274,230,-84,0,-2,67,,,0,flight,108,50,26.2,1,1,263.0,sharp,17.2,S2_PAIR_clean_f003430.jpg,indeterminate,0
S2_PAIR_occ50_f006344.jpg,S2_PAIR_occ50,S2_futsal_occ75_20260808_090302,S2_PAIR_occ50,6344,280.841,275,240,-83,0,-2,67,,,0,flight,108,50,43.6,1,1,273.7,sharp,17.2,S2_PAIR_clean_f003430.jpg,indeterminate,0
S2_PAIR_occ50_f006352.jpg,S2_PAIR_occ50,S2_futsal_occ75_20260808_090302,S2_PAIR_occ50,6352,281.189,277,240,-84,0,-2,67,,,0,flight,108,50,6.7,1,1,272.4,sharp,17.0,S2_PAIR_clean_f003430.jpg,indeterminate,0
S2_PAIR_occ50_f006360.jpg,S2_PAIR_occ50,S2_futsal_occ75_20260808_090302,S2_PAIR_occ50,6360,281.474,275,240,-84,0,-2,67,,,0,flight,108,50,35.6,1,1,275.5,sharp,17.0,S2_PAIR_clean_f003430.jpg,indeterminate,0
S2_PAIR_occ50_f006368.jpg,S2_PAIR_occ50,S2_futsal_occ75_20260808_090302,S2_PAIR_occ50,6368,281.754,271,230,-84,0,-3,67,,,0,flight,108,50,19.5,1,1,254.4,sharp,16.9,S2_PAIR_clean_f003430.jpg,indeterminate,0
S2_PAIR_occ50_f006376.jpg,S2_PAIR_occ50,S2_futsal_occ75_20260808_090302,S2_PAIR_occ50,6376,282.031,271,230,-84,0,-3,67,,,0,flight,108,50,9.1,1,1,262.9,sharp,16.8,S2_PAIR_clean_f003430.jpg,indeterminate,0
S2_PAIR_occ50_f006384.jpg,S2_PAIR_occ50,S2_futsal_occ75_20260808_090302,S2_PAIR_occ50,6384,282.454,272,230,-84,0,-3,67,,,0,flight,108,50,6.3,1,1,253.3,sharp,17.0,S2_PAIR_clean_f003430.jpg,indeterminate,0
S2_PAIR_occ50_f006392.jpg,S2_PAIR_occ50,S2_futsal_occ75_20260808_090302,S2_PAIR_occ50,6392,282.795,276,230,-84,0,-3,67,,,0,flight,108,50,10.5,1,1,292.0,sharp,17.6,S2_PAIR_clean_f003430.jpg,indeterminate,0
S2_PAIR_occ50_f006416.jpg,S2_PAIR_occ50,S2_futsal_occ75_20260808_090302,S2_PAIR_occ50,6416,283.738,272,230,-73,0,0,66,,,0,flight,108,50,66.4,1,1,232.9,sharp,20.3,S2_PAIR_clean_f003430.jpg,indeterminate,0
S2_PAIR_occ50_f006424.jpg,S2_PAIR_occ50,S2_futsal_occ75_20260808_090302,S2_PAIR_occ50,6424,283.982,271,230,-65,0,0,66,,,0,flight,108,50,59.2,1,1,203.2,sharp,16.3,S2_PAIR_clean_f003710.jpg,indeterminate,0
S2_PAIR_occ50_f006432.jpg,S2_PAIR_occ50,S2_futsal_occ75_20260808_090302,S2_PAIR_occ50,6432,284.258,271,230,-60,0,-1,66,,,0,flight,108,50,0.0,1,1,215.7,sharp,15.6,S2_PAIR_clean_f003836.jpg,indeterminate,0
S2_PAIR_occ50_f006440.jpg,S2_PAIR_occ50,S2_futsal_occ75_20260808_090302,S2_PAIR_occ50,6440,284.754,276,230,-58,0,-2,66,,,0,flight,108,50,38.2,1,1,242.3,sharp,14.6,S2_PAIR_clean_f003836.jpg,indeterminate,0
S2_PAIR_occ50_f006448.jpg,S2_PAIR_occ50,S2_futsal_occ75_20260808_090302,S2_PAIR_occ50,6448,285.038,282,240,-58,1,-8,66,,,0,flight,108,50,49.1,1,1,231.6,sharp,13.9,S2_PAIR_clean_f003836.jpg,partial,0
S2_PAIR_occ50_f006456.jpg,S2_PAIR_occ50,S2_futsal_occ75_20260808_090302,S2_PAIR_occ50,6456,285.392,281,240,-58,1,-8,66,,,0,flight,108,50,60.0,1,1,256.1,sharp,14.0,S2_PAIR_clean_f003836.jpg,indeterminate,0
S2_PAIR_occ50_f006464.jpg,S2_PAIR_occ50,S2_futsal_occ75_20260808_090302,S2_PAIR_occ50,6464,285.671,280,240,-58,1,-7,66,,,0,flight,108,50,53.4,1,1,231.6,sharp,14.4,S2_PAIR_clean_f003836.jpg,indeterminate,0
S2_PAIR_occ50_f006472.jpg,S2_PAIR_occ50,S2_futsal_occ75_20260808_090302,S2_PAIR_occ50,6472,286.004,279,240,-58,1,-5,66,,,0,flight,108,50,27.3,1,1,229.4,sharp,14.6,S2_PAIR_clean_f003836.jpg,indeterminate,0
S2_PAIR_occ50_f006480.jpg,S2_PAIR_occ50,S2_futsal_occ75_20260808_090302,S2_PAIR_occ50,6480,286.271,273,240,-58,0,-4,66,,,0,flight,108,50,44.9,1,1,231.9,sharp,14.8,S2_PAIR_clean_f003836.jpg,indeterminate,0
S2_PAIR_occ50_f006488.jpg,S2_PAIR_occ50,S2_futsal_occ75_20260808_090302,S2_PAIR_occ50,6488,286.600,270,230,-57,1,-4,66,,,0,flight,108,50,51.6,1,1,233.0,sharp,14.9,S2_PAIR_clean_f003836.jpg,indeterminate,0
S2_PAIR_occ50_f006496.jpg,S2_PAIR_occ50,S2_futsal_occ75_20260808_090302,S2_PAIR_occ50,6496,286.946,266,230,-58,1,-4,66,,,0,flight,108,50,56.7,1,1,237.9,sharp,15.2,S2_PAIR_clean_f003836.jpg,indeterminate,0
S2_PAIR_occ50_f006504.jpg,S2_PAIR_occ50,S2_futsal_occ75_20260808_090302,S2_PAIR_occ50,6504,287.210,260,230,-58,0,-4,66,,,0,flight,108,50,56.4,1,1,233.3,sharp,15.4,S2_PAIR_clean_f003836.jpg,indeterminate,0
S2_PAIR_occ50_f006512.jpg,S2_PAIR_occ50,S2_futsal_occ75_20260808_090302,S2_PAIR_occ50,6512,287.481,258,230,-58,0,-4,66,,,0,flight,108,50,44.9,1,1,230.4,sharp,15.7,S2_PAIR_clean_f003836.jpg,indeterminate,0
S2_PAIR_occ50_f006520.jpg,S2_PAIR_occ50,S2_futsal_occ75_20260808_090302,S2_PAIR_occ50,6520,287.793,268,230,-57,0,-4,66,,,0,flight,108,50,49.1,1,1,219.0,sharp,15.7,S2_PAIR_clean_f003836.jpg,indeterminate,0
S2_PAIR_occ50_f006528.jpg,S2_PAIR_occ50,S2_futsal_occ75_20260808_090302,S2_PAIR_occ50,6528,288.106,285,230,-58,0,-4,66,,,0,flight,108,50,54.6,1,1,227.7,sharp,15.7,S2_PAIR_clean_f003836.jpg,indeterminate,0
S2_PAIR_occ50_f006536.jpg,S2_PAIR_occ50,S2_futsal_occ75_20260808_090302,S2_PAIR_occ50,6536,288.463,289,240,-58,0,-4,66,,,0,flight,108,50,78.4,1,1,230.1,sharp,15.8,S2_PAIR_clean_f003829.jpg,indeterminate,0
S2_PAIR_occ50_f006544.jpg,S2_PAIR_occ50,S2_futsal_occ75_20260808_090302,S2_PAIR_occ50,6544,288.838,291,240,-58,0,-3,66,,,0,flight,108,50,62.6,1,1,230.7,sharp,15.3,S2_PAIR_clean_f003829.jpg,indeterminate,0
S2_PAIR_occ50_f006552.jpg,S2_PAIR_occ50,S2_futsal_occ75_20260808_090302,S2_PAIR_occ50,6552,289.198,283,240,-58,0,-3,66,,,0,flight,108,50,68.3,1,1,218.2,sharp,15.3,S2_PAIR_clean_f003829.jpg,indeterminate,0
S2_PAIR_occ50_f006560.jpg,S2_PAIR_occ50,S2_futsal_occ75_20260808_090302,S2_PAIR_occ50,6560,289.504,272,240,-58,0,-3,66,,,0,flight,108,50,30.9,1,1,212.4,sharp,15.7,S2_PAIR_clean_f003829.jpg,indeterminate,0
S2_PAIR_occ50_f006568.jpg,S2_PAIR_occ50,S2_futsal_occ75_20260808_090302,S2_PAIR_occ50,6568,289.842,264,230,-58,0,0,66,,,0,flight,108,50,32.9,1,1,222.5,sharp,16.4,S2_PAIR_clean_f003829.jpg,indeterminate,0
S2_PAIR_occ50_f006576.jpg,S2_PAIR_occ50,S2_futsal_occ75_20260808_090302,S2_PAIR_occ50,6576,290.143,263,230,-54,0,0,65,,,0,flight,108,50,0.0,1,1,215.2,sharp,15.1,S2_PAIR_clean_f003836.jpg,indeterminate,0
S2_PAIR_occ50_f006608.jpg,S2_PAIR_occ50,S2_futsal_occ75_20260808_090302,S2_PAIR_occ50,6608,291.355,271,230,-34,0,2,65,,,0,flight,108,50,8.1,1,1,256.5,sharp,18.9,S2_PAIR_clean_f003969.jpg,indeterminate,0
S2_PAIR_occ50_f006616.jpg,S2_PAIR_occ50,S2_futsal_occ75_20260808_090302,S2_PAIR_occ50,6616,291.750,277,230,-34,1,-5,65,,,0,flight,108,50,0.0,1,1,218.6,sharp,18.9,S2_PAIR_clean_f003969.jpg,indeterminate,0
S2_PAIR_occ50_f006624.jpg,S2_PAIR_occ50,S2_futsal_occ75_20260808_090302,S2_PAIR_occ50,6624,292.028,280,230,-34,1,-7,65,,,0,flight,108,50,0.0,1,1,215.7,sharp,19.1,S2_PAIR_clean_f003969.jpg,indeterminate,0
S2_PAIR_occ50_f006632.jpg,S2_PAIR_occ50,S2_futsal_occ75_20260808_090302,S2_PAIR_occ50,6632,292.297,276,240,-34,1,-6,65,,,0,flight,108,50,0.0,1,1,207.0,sharp,19.0,S2_PAIR_clean_f003969.jpg,indeterminate,0
S2_PAIR_occ50_f006640.jpg,S2_PAIR_occ50,S2_futsal_occ75_20260808_090302,S2_PAIR_occ50,6640,292.573,269,240,-34,1,-4,65,,,0,flight,108,50,0.0,1,1,211.4,sharp,18.9,S2_PAIR_clean_f003969.jpg,indeterminate,0
S2_PAIR_occ50_f006648.jpg,S2_PAIR_occ50,S2_futsal_occ75_20260808_090302,S2_PAIR_occ50,6648,292.893,267,230,-33,1,-4,65,,,0,flight,108,50,0.0,1,1,213.2,sharp,18.3,S2_PAIR_clean_f003969.jpg,indeterminate,0
S2_PAIR_occ50_f006656.jpg,S2_PAIR_occ50,S2_futsal_occ75_20260808_090302,S2_PAIR_occ50,6656,293.294,270,230,-34,1,-3,65,,,0,flight,108,50,0.0,1,1,221.2,sharp,18.0,S2_PAIR_clean_f003969.jpg,indeterminate,0
S2_PAIR_occ50_f006664.jpg,S2_PAIR_occ50,S2_futsal_occ75_20260808_090302,S2_PAIR_occ50,6664,293.814,267,230,-34,2,-3,65,,,0,flight,108,50,0.0,1,1,251.5,sharp,17.1,S2_PAIR_clean_f003969.jpg,indeterminate,0
S2_PAIR_occ50_f006672.jpg,S2_PAIR_occ50,S2_futsal_occ75_20260808_090302,S2_PAIR_occ50,6672,294.014,270,230,-34,2,-3,65,,,0,flight,108,50,0.0,1,1,253.6,sharp,16.6,S2_PAIR_clean_f003969.jpg,indeterminate,0
S2_PAIR_occ50_f006680.jpg,S2_PAIR_occ50,S2_futsal_occ75_20260808_090302,S2_PAIR_occ50,6680,294.376,271,230,-34,1,-3,65,,,0,flight,108,50,0.0,1,1,235.2,sharp,14.0,S2_PAIR_clean_f003969.jpg,indeterminate,0
S2_PAIR_occ50_f006688.jpg,S2_PAIR_occ50,S2_futsal_occ75_20260808_090302,S2_PAIR_occ50,6688,294.746,271,230,-34,1,-3,65,,,0,flight,108,50,0.0,1,1,204.6,sharp,12.7,S2_PAIR_clean_f003969.jpg,indeterminate,0
S2_PAIR_occ50_f006696.jpg,S2_PAIR_occ50,S2_futsal_occ75_20260808_090302,S2_PAIR_occ50,6696,294.999,272,230,-34,0,-1,65,,,0,flight,108,50,0.0,1,1,209.0,sharp,12.2,S2_PAIR_clean_f003969.jpg,indeterminate,0
S2_PAIR_occ50_f006704.jpg,S2_PAIR_occ50,S2_futsal_occ75_20260808_090302,S2_PAIR_occ50,6704,295.421,278,240,-34,0,0,65,,,0,flight,108,50,,1,1,241.3,sharp,,,indeterminate,1
S2_PAIR_occ50_f006712.jpg,S2_PAIR_occ50,S2_futsal_occ75_20260808_090302,S2_PAIR_occ50,6712,295.684,277,240,-29,0,0,65,,,0,flight,108,50,14.9,1,1,226.1,sharp,14.1,S2_PAIR_clean_f003976.jpg,indeterminate,0
S2_PAIR_occ50_f006720.jpg,S2_PAIR_occ50,S2_futsal_occ75_20260808_090302,S2_PAIR_occ50,6720,296.005,274,240,-19,1,0,64,,,0,flight,108,50,0.0,1,1,219.2,sharp,8.9,S2_PAIR_clean_f004032.jpg,indeterminate,0
S2_PAIR_occ50_f006728.jpg,S2_PAIR_occ50,S2_futsal_occ75_20260808_090302,S2_PAIR_occ50,6728,296.320,275,240,-12,1,0,64,,,0,flight,108,50,68.6,1,1,210.7,sharp,14.2,S2_PAIR_clean_f001134.jpg,indeterminate,0
S2_PAIR_occ50_f006736.jpg,S2_PAIR_occ50,S2_futsal_occ75_20260808_090302,S2_PAIR_occ50,6736,296.641,273,230,-5,0,1,64,,,0,flight,108,50,35.7,1,1,194.2,sharp,10.4,S2_PAIR_clean_f004158.jpg,partial,0
S2_PAIR_occ50_f006744.jpg,S2_PAIR_occ50,S2_futsal_occ75_20260808_090302,S2_PAIR_occ50,6744,296.963,269,230,-5,2,0,64,,,0,flight,108,50,47.2,1,1,200.9,sharp,10.3,S2_PAIR_clean_f004151.jpg,partial,0
S2_PAIR_occ50_f006752.jpg,S2_PAIR_occ50,S2_futsal_occ75_20260808_090302,S2_PAIR_occ50,6752,297.378,272,230,-5,2,-7,64,,,0,flight,108,50,15.5,1,1,200.5,sharp,9.7,S2_PAIR_clean_f004144.jpg,indeterminate,0
S2_PAIR_occ50_f006760.jpg,S2_PAIR_occ50,S2_futsal_occ75_20260808_090302,S2_PAIR_occ50,6760,297.613,277,230,-5,2,-7,64,,,0,flight,108,50,0.0,1,1,169.7,soft_moderate,8.9,S2_PAIR_clean_f004144.jpg,indeterminate,0
S2_PAIR_occ50_f006768.jpg,S2_PAIR_occ50,S2_futsal_occ75_20260808_090302,S2_PAIR_occ50,6768,297.908,276,240,-5,1,-5,64,,,0,flight,108,50,36.5,1,1,177.0,soft_moderate,9.8,S2_PAIR_clean_f004151.jpg,partial,0
S2_PAIR_occ50_f006776.jpg,S2_PAIR_occ50,S2_futsal_occ75_20260808_090302,S2_PAIR_occ50,6776,298.188,275,240,-5,2,-4,64,,,0,flight,108,50,13.8,1,1,177.8,soft_moderate,9.8,S2_PAIR_clean_f004158.jpg,indeterminate,0
S2_PAIR_occ50_f006784.jpg,S2_PAIR_occ50,S2_futsal_occ75_20260808_090302,S2_PAIR_occ50,6784,298.504,267,240,-5,2,-3,64,,,0,flight,108,50,23.5,1,1,180.5,soft_moderate,10.1,S2_PAIR_clean_f004158.jpg,indeterminate,0
S2_PAIR_occ50_f006792.jpg,S2_PAIR_occ50,S2_futsal_occ75_20260808_090302,S2_PAIR_occ50,6792,298.813,266,230,-5,1,-3,64,,,0,flight,108,50,38.2,1,1,182.6,sharp,10.4,S2_PAIR_clean_f004165.jpg,partial,0
S2_PAIR_occ50_f006800.jpg,S2_PAIR_occ50,S2_futsal_occ75_20260808_090302,S2_PAIR_occ50,6800,299.113,267,230,-5,1,-3,64,,,0,flight,108,50,0.0,1,1,187.0,sharp,10.0,S2_PAIR_clean_f004088.jpg,indeterminate,0
S2_PAIR_occ50_f006808.jpg,S2_PAIR_occ50,S2_futsal_occ75_20260808_090302,S2_PAIR_occ50,6808,299.462,251,220,-5,2,-3,64,,,0,flight,108,50,52.5,1,1,182.6,sharp,9.5,S2_PAIR_clean_f004088.jpg,heavy,0
S2_PAIR_occ50_f006816.jpg,S2_PAIR_occ50,S2_futsal_occ75_20260808_090302,S2_PAIR_occ50,6816,299.833,260,220,-5,1,-3,64,,,0,flight,108,50,0.0,1,1,182.4,sharp,8.2,S2_PAIR_clean_f004088.jpg,indeterminate,0
S2_PAIR_occ50_f006824.jpg,S2_PAIR_occ50,S2_futsal_occ75_20260808_090302,S2_PAIR_occ50,6824,300.152,276,230,-5,0,-3,64,,,0,flight,108,50,0.0,1,1,188.2,sharp,7.9,S2_PAIR_clean_f004088.jpg,indeterminate,0
S2_PAIR_occ50_f006832.jpg,S2_PAIR_occ50,S2_futsal_occ75_20260808_090302,S2_PAIR_occ50,6832,300.382,283,230,-5,0,-2,64,,,0,flight,108,50,0.0,1,1,205.3,sharp,8.5,S2_PAIR_clean_f004088.jpg,indeterminate,0
S2_PAIR_occ50_f006840.jpg,S2_PAIR_occ50,S2_futsal_occ75_20260808_090302,S2_PAIR_occ50,6840,300.676,288,240,-5,0,-2,64,,,0,flight,108,50,0.0,1,1,189.7,sharp,9.1,S2_PAIR_clean_f004088.jpg,indeterminate,0
S2_PAIR_occ50_f006848.jpg,S2_PAIR_occ50,S2_futsal_occ75_20260808_090302,S2_PAIR_occ50,6848,301.017,287,250,-5,0,-4,64,,,0,flight,108,50,0.0,1,1,190.9,sharp,9.1,S2_PAIR_clean_f004263.jpg,indeterminate,0
S2_PAIR_occ50_f006856.jpg,S2_PAIR_occ50,S2_futsal_occ75_20260808_090302,S2_PAIR_occ50,6856,301.287,281,240,-5,0,-3,63,,,0,flight,108,50,0.0,1,1,186.2,sharp,9.2,S2_PAIR_clean_f004263.jpg,indeterminate,0
S2_PAIR_occ50_f006864.jpg,S2_PAIR_occ50,S2_futsal_occ75_20260808_090302,S2_PAIR_occ50,6864,301.649,266,240,-5,0,-1,63,,,0,flight,108,50,18.8,1,1,189.7,sharp,9.9,S2_PAIR_clean_f004263.jpg,indeterminate,0
S2_PAIR_occ50_f006872.jpg,S2_PAIR_occ50,S2_futsal_occ75_20260808_090302,S2_PAIR_occ50,6872,301.924,267,230,-5,0,-4,63,,,0,flight,108,50,37.5,1,1,186.5,sharp,10.5,S2_PAIR_clean_f004263.jpg,partial,0
S2_PAIR_occ50_f006880.jpg,S2_PAIR_occ50,S2_futsal_occ75_20260808_090302,S2_PAIR_occ50,6880,302.284,264,230,-5,0,1,63,,,0,flight,108,50,32.1,1,1,189.2,sharp,11.8,S2_PAIR_clean_f004263.jpg,partial,0
S2_PAIR_occ50_f006888.jpg,S2_PAIR_occ50,S2_futsal_occ75_20260808_090302,S2_PAIR_occ50,6888,302.666,263,230,-2,0,1,63,,,0,flight,108,50,18.9,1,1,200.3,sharp,10.4,S2_PAIR_clean_f004088.jpg,indeterminate,0
S2_PAIR_occ50_f006896.jpg,S2_PAIR_occ50,S2_futsal_occ75_20260808_090302,S2_PAIR_occ50,6896,302.965,265,230,8,0,0,63,,,0,flight,108,50,73.6,1,1,231.9,sharp,15.8,S2_PAIR_clean_f004116.jpg,indeterminate,0
S2_PAIR_occ50_f006904.jpg,S2_PAIR_occ50,S2_futsal_occ75_20260808_090302,S2_PAIR_occ50,6904,303.246,271,230,12,-1,0,63,,,0,flight,108,50,80.5,1,1,231.4,sharp,12.4,S2_PAIR_clean_f001575.jpg,heavy,0
S2_PAIR_occ50_f006912.jpg,S2_PAIR_occ50,S2_futsal_occ75_20260808_090302,S2_PAIR_occ50,6912,303.520,274,230,12,-3,2,63,,,0,flight,108,50,87.4,1,1,232.7,sharp,12.3,S2_PAIR_clean_f001575.jpg,heavy,0
S2_PAIR_occ50_f006920.jpg,S2_PAIR_occ50,S2_futsal_occ75_20260808_090302,S2_PAIR_occ50,6920,303.819,277,230,12,-1,-1,63,,,0,flight,108,50,84.7,1,1,244.4,sharp,12.4,S2_PAIR_clean_f001575.jpg,heavy,0
S2_PAIR_occ50_f006928.jpg,S2_PAIR_occ50,S2_futsal_occ75_20260808_090302,S2_PAIR_occ50,6928,304.138,279,230,12,0,-5,63,,,0,flight,108,50,86.5,1,1,235.0,sharp,11.9,S2_PAIR_clean_f001575.jpg,heavy,0
S2_PAIR_occ50_f006936.jpg,S2_PAIR_occ50,S2_futsal_occ75_20260808_090302,S2_PAIR_occ50,6936,304.395,279,240,12,0,-5,63,,,0,flight,108,50,91.9,1,1,237.0,sharp,12.1,S2_PAIR_clean_f001575.jpg,heavy,0
S2_PAIR_occ50_f006944.jpg,S2_PAIR_occ50,S2_futsal_occ75_20260808_090302,S2_PAIR_occ50,6944,304.746,281,240,12,0,-3,63,,,0,flight,108,50,87.6,1,1,224.4,sharp,12.3,S2_PAIR_clean_f001575.jpg,heavy,0
S2_PAIR_occ50_f006952.jpg,S2_PAIR_occ50,S2_futsal_occ75_20260808_090302,S2_PAIR_occ50,6952,305.013,275,240,12,-1,-3,63,,,0,flight,108,50,80.0,1,1,238.2,sharp,12.8,S2_PAIR_clean_f001575.jpg,heavy,0
S2_PAIR_occ50_f006960.jpg,S2_PAIR_occ50,S2_futsal_occ75_20260808_090302,S2_PAIR_occ50,6960,305.373,270,230,12,-1,-1,62,,,0,flight,108,50,86.8,1,1,268.0,sharp,13.5,S2_PAIR_clean_f001575.jpg,heavy,0
S2_PAIR_occ50_f006968.jpg,S2_PAIR_occ50,S2_futsal_occ75_20260808_090302,S2_PAIR_occ50,6968,305.696,266,230,12,0,-2,62,,,0,flight,108,50,86.5,1,1,244.9,sharp,14.1,S2_PAIR_clean_f001575.jpg,indeterminate,0
S2_PAIR_occ50_f006976.jpg,S2_PAIR_occ50,S2_futsal_occ75_20260808_090302,S2_PAIR_occ50,6976,306.057,263,230,12,0,1,62,,,0,flight,108,50,81.1,1,1,249.7,sharp,14.8,S2_PAIR_clean_f001575.jpg,indeterminate,0
S2_PAIR_occ50_f006984.jpg,S2_PAIR_occ50,S2_futsal_occ75_20260808_090302,S2_PAIR_occ50,6984,306.365,269,230,12,0,1,62,,,0,flight,108,50,84.7,1,1,258.3,sharp,15.2,S2_PAIR_clean_f001575.jpg,indeterminate,0
S2_PAIR_occ50_f006992.jpg,S2_PAIR_occ50,S2_futsal_occ75_20260808_090302,S2_PAIR_occ50,6992,306.696,269,230,12,0,0,62,,,0,flight,108,50,78.6,1,1,255.0,sharp,15.4,S2_PAIR_clean_f001575.jpg,indeterminate,0
S2_PAIR_occ50_f007000.jpg,S2_PAIR_occ50,S2_futsal_occ75_20260808_090302,S2_PAIR_occ50,7000,307.067,274,230,12,0,0,62,,,0,flight,108,50,81.5,1,1,256.9,sharp,15.5,S2_PAIR_clean_f001575.jpg,indeterminate,0
S2_PAIR_occ50_f007008.jpg,S2_PAIR_occ50,S2_futsal_occ75_20260808_090302,S2_PAIR_occ50,7008,307.463,271,230,12,0,0,62,,,0,flight,108,50,78.5,1,1,253.3,sharp,15.5,S2_PAIR_clean_f001575.jpg,indeterminate,0
S2_PAIR_occ50_f007016.jpg,S2_PAIR_occ50,S2_futsal_occ75_20260808_090302,S2_PAIR_occ50,7016,307.738,272,230,12,0,-1,62,,,0,flight,108,50,76.4,1,1,250.3,sharp,15.3,S2_PAIR_clean_f001575.jpg,indeterminate,0
S2_PAIR_occ50_f007024.jpg,S2_PAIR_occ50,S2_futsal_occ75_20260808_090302,S2_PAIR_occ50,7024,308.013,277,230,12,0,-7,62,,,0,flight,108,50,75.8,1,1,237.7,sharp,14.9,S2_PAIR_clean_f001575.jpg,indeterminate,0
S2_PAIR_occ50_f007032.jpg,S2_PAIR_occ50,S2_futsal_occ75_20260808_090302,S2_PAIR_occ50,7032,308.284,272,230,12,0,-1,62,,,0,flight,108,50,81.1,1,1,253.4,sharp,15.4,S2_PAIR_clean_f001575.jpg,indeterminate,0
S2_PAIR_occ50_f007040.jpg,S2_PAIR_occ50,S2_futsal_occ75_20260808_090302,S2_PAIR_occ50,7040,308.642,269,230,12,1,2,62,,,0,flight,108,50,77.5,1,1,253.0,sharp,15.8,S2_PAIR_clean_f001575.jpg,indeterminate,0
S2_PAIR_occ50_f007048.jpg,S2_PAIR_occ50,S2_futsal_occ75_20260808_090302,S2_PAIR_occ50,7048,308.922,273,230,12,0,1,62,,,0,flight,108,50,79.7,1,1,255.2,sharp,15.7,S2_PAIR_clean_f001575.jpg,indeterminate,0
S2_PAIR_occ50_f007056.jpg,S2_PAIR_occ50,S2_futsal_occ75_20260808_090302,S2_PAIR_occ50,7056,309.273,269,230,12,0,0,62,,,0,flight,108,50,78.7,1,1,261.2,sharp,15.5,S2_PAIR_clean_f001575.jpg,indeterminate,0
S2_PAIR_occ50_f007064.jpg,S2_PAIR_occ50,S2_futsal_occ75_20260808_090302,S2_PAIR_occ50,7064,309.563,272,230,12,0,-1,62,,,0,flight,108,50,72.9,1,1,248.7,sharp,15.4,S2_PAIR_clean_f001575.jpg,indeterminate,0
S2_PAIR_occ50_f007072.jpg,S2_PAIR_occ50,S2_futsal_occ75_20260808_090302,S2_PAIR_occ50,7072,309.874,271,230,12,0,-1,62,,,0,flight,108,50,74.8,1,1,233.9,sharp,14.8,S2_PAIR_clean_f001575.jpg,indeterminate,0
S2_PAIR_occ50_f007080.jpg,S2_PAIR_occ50,S2_futsal_occ75_20260808_090302,S2_PAIR_occ50,7080,310.138,270,230,13,0,-2,62,,,0,flight,108,50,78.6,1,1,232.1,sharp,14.4,S2_PAIR_clean_f001575.jpg,indeterminate,0
S2_PAIR_occ50_f007088.jpg,S2_PAIR_occ50,S2_futsal_occ75_20260808_090302,S2_PAIR_occ50,7088,310.487,276,230,12,0,-1,62,,,0,flight,108,50,81.1,1,1,265.4,sharp,14.4,S2_PAIR_clean_f001575.jpg,indeterminate,0
S2_PAIR_occ50_f007096.jpg,S2_PAIR_occ50,S2_futsal_occ75_20260808_090302,S2_PAIR_occ50,7096,310.786,272,230,12,0,-1,62,,,0,flight,108,50,79.5,1,1,240.7,sharp,14.4,S2_PAIR_clean_f001575.jpg,indeterminate,0
S2_PAIR_occ50_f007104.jpg,S2_PAIR_occ50,S2_futsal_occ75_20260808_090302,S2_PAIR_occ50,7104,311.071,269,230,12,1,-1,62,,,0,flight,108,50,82.0,1,1,222.0,sharp,14.4,S2_PAIR_clean_f001575.jpg,indeterminate,0
S2_PAIR_occ50_f007112.jpg,S2_PAIR_occ50,S2_futsal_occ75_20260808_090302,S2_PAIR_occ50,7112,311.398,274,230,12,3,-1,62,,,0,flight,108,50,77.9,1,1,250.9,sharp,14.6,S2_PAIR_clean_f001575.jpg,indeterminate,0
S2_PAIR_occ50_f007120.jpg,S2_PAIR_occ50,S2_futsal_occ75_20260808_090302,S2_PAIR_occ50,7120,311.662,271,230,12,6,-1,62,,,0,flight,108,50,82.0,1,1,237.5,sharp,15.5,S2_PAIR_clean_f001575.jpg,indeterminate,0
S2_PAIR_occ50_f007128.jpg,S2_PAIR_occ50,S2_futsal_occ75_20260808_090302,S2_PAIR_occ50,7128,311.973,271,230,12,4,-1,62,,,0,flight,108,50,84.2,1,1,198.3,sharp,14.5,S2_PAIR_clean_f001575.jpg,indeterminate,0
S2_PAIR_occ50_f007136.jpg,S2_PAIR_occ50,S2_futsal_occ75_20260808_090302,S2_PAIR_occ50,7136,312.284,273,230,12,-1,-2,61,,,0,flight,108,50,82.9,1,1,206.6,sharp,14.8,S2_PAIR_clean_f001575.jpg,indeterminate,0
S2_PAIR_occ50_f007144.jpg,S2_PAIR_occ50,S2_futsal_occ75_20260808_090302,S2_PAIR_occ50,7144,312.596,270,230,12,-1,-5,61,,,0,flight,108,50,79.7,1,1,202.8,sharp,15.2,S2_PAIR_clean_f001575.jpg,indeterminate,0
S2_PAIR_occ50_f007152.jpg,S2_PAIR_occ50,S2_futsal_occ75_20260808_090302,S2_PAIR_occ50,7152,312.896,270,230,12,-1,-4,61,,,0,flight,108,50,79.6,1,1,229.3,sharp,15.6,S2_PAIR_clean_f001575.jpg,indeterminate,0
S2_PAIR_occ50_f007160.jpg,S2_PAIR_occ50,S2_futsal_occ75_20260808_090302,S2_PAIR_occ50,7160,313.215,273,230,12,0,0,61,,,0,flight,108,50,77.2,1,1,237.2,sharp,15.6,S2_PAIR_clean_f001575.jpg,indeterminate,0
S2_PAIR_occ50_f007168.jpg,S2_PAIR_occ50,S2_futsal_occ75_20260808_090302,S2_PAIR_occ50,7168,313.503,279,230,12,0,1,61,,,0,flight,108,50,81.2,1,1,240.5,sharp,15.7,S2_PAIR_clean_f001575.jpg,indeterminate,0
S2_PAIR_occ50_f007176.jpg,S2_PAIR_occ50,S2_futsal_occ75_20260808_090302,S2_PAIR_occ50,7176,313.797,275,230,12,0,7,61,,,0,flight,108,50,79.0,1,1,235.5,sharp,15.8,S2_PAIR_clean_f001575.jpg,indeterminate,0
S2_PAIR_occ50_f007184.jpg,S2_PAIR_occ50,S2_futsal_occ75_20260808_090302,S2_PAIR_occ50,7184,314.072,276,240,12,0,0,61,,,0,flight,108,50,82.7,1,1,235.1,sharp,15.4,S2_PAIR_clean_f001575.jpg,indeterminate,0
S2_PAIR_occ50_f007192.jpg,S2_PAIR_occ50,S2_futsal_occ75_20260808_090302,S2_PAIR_occ50,7192,314.467,278,240,12,-5,0,61,,,0,flight,108,50,80.0,1,1,218.6,sharp,17.4,S2_PAIR_clean_f001575.jpg,indeterminate,0
S2_PAIR_occ50_f007200.jpg,S2_PAIR_occ50,S2_futsal_occ75_20260808_090302,S2_PAIR_occ50,7200,314.803,275,230,12,-4,-1,61,,,0,flight,108,50,84.4,1,1,240.2,sharp,15.5,S2_PAIR_clean_f001575.jpg,indeterminate,0
S2_PAIR_occ50_f007208.jpg,S2_PAIR_occ50,S2_futsal_occ75_20260808_090302,S2_PAIR_occ50,7208,315.079,270,230,12,-3,0,61,,,0,flight,108,50,77.9,1,1,272.4,sharp,14.8,S2_PAIR_clean_f001575.jpg,indeterminate,0
S2_PAIR_occ50_f007216.jpg,S2_PAIR_occ50,S2_futsal_occ75_20260808_090302,S2_PAIR_occ50,7216,315.463,272,230,12,-3,0,61,,,0,flight,108,50,79.0,1,1,258.4,sharp,14.4,S2_PAIR_clean_f001575.jpg,indeterminate,0
S2_PAIR_occ50_f007224.jpg,S2_PAIR_occ50,S2_futsal_occ75_20260808_090302,S2_PAIR_occ50,7224,315.739,276,230,12,-4,0,61,,,0,flight,108,50,77.5,1,1,273.6,sharp,14.2,S2_PAIR_clean_f001575.jpg,indeterminate,0
S2_PAIR_occ50_f007232.jpg,S2_PAIR_occ50,S2_futsal_occ75_20260808_090302,S2_PAIR_occ50,7232,316.036,275,240,12,-4,0,61,,,0,flight,108,50,74.5,1,1,288.6,sharp,13.9,S2_PAIR_clean_f001575.jpg,heavy,0
S2_PAIR_occ50_f007240.jpg,S2_PAIR_occ50,S2_futsal_occ75_20260808_090302,S2_PAIR_occ50,7240,316.373,276,240,12,-4,0,61,,,0,flight,108,50,75.8,1,1,290.9,sharp,13.5,S2_PAIR_clean_f001575.jpg,heavy,0
S2_PAIR_occ50_f007248.jpg,S2_PAIR_occ50,S2_futsal_occ75_20260808_090302,S2_PAIR_occ50,7248,316.642,267,230,12,-5,1,61,,,1,flight,108,50,76.0,1,1,263.5,sharp,14.4,S2_PAIR_clean_f001575.jpg,indeterminate,0
S2_PAIR_occ50_f007256.jpg,S2_PAIR_occ50,S2_futsal_occ75_20260808_090302,S2_PAIR_occ50,7256,317.048,279,230,12,-5,1,60,,,1,flight,108,50,70.7,1,1,263.9,sharp,15.8,S2_PAIR_clean_f001575.jpg,indeterminate,0
S2_PAIR_occ50_f007264.jpg,S2_PAIR_occ50,S2_futsal_occ75_20260808_090302,S2_PAIR_occ50,7264,317.279,285,230,12,-5,0,60,,,1,flight,108,50,75.8,1,1,272.6,sharp,12.9,S2_PAIR_clean_f001575.jpg,heavy,0
S2_PAIR_occ50_f007272.jpg,S2_PAIR_occ50,S2_futsal_occ75_20260808_090302,S2_PAIR_occ50,7272,317.680,282,240,12,0,-2,60,,,1,flight,108,50,81.1,1,1,267.6,sharp,11.3,S2_PAIR_clean_f001575.jpg,heavy,0
S2_PAIR_occ50_f007280.jpg,S2_PAIR_occ50,S2_futsal_occ75_20260808_090302,S2_PAIR_occ50,7280,318.038,277,240,12,2,-1,60,,,1,flight,108,50,74.1,1,1,275.8,sharp,11.5,S2_PAIR_clean_f001575.jpg,heavy,0
S2_PAIR_occ50_f007288.jpg,S2_PAIR_occ50,S2_futsal_occ75_20260808_090302,S2_PAIR_occ50,7288,318.268,268,240,12,1,0,60,,,1,flight,108,50,73.0,1,1,261.0,sharp,11.7,S2_PAIR_clean_f001575.jpg,heavy,0
S2_PAIR_occ50_f007296.jpg,S2_PAIR_occ50,S2_futsal_occ75_20260808_090302,S2_PAIR_occ50,7296,318.530,266,230,12,6,0,60,,,1,flight,108,50,69.7,1,1,237.0,sharp,9.6,S2_PAIR_clean_f001575.jpg,heavy,0
S2_PAIR_occ50_f007304.jpg,S2_PAIR_occ50,S2_futsal_occ75_20260808_090302,S2_PAIR_occ50,7304,318.834,269,220,12,7,0,60,,,1,flight,108,50,76.4,1,1,237.9,sharp,10.9,S2_PAIR_clean_f001575.jpg,heavy,0
S2_PAIR_occ50_f007312.jpg,S2_PAIR_occ50,S2_futsal_occ75_20260808_090302,S2_PAIR_occ50,7312,319.172,276,230,12,0,0,60,,,1,flight,108,50,76.0,1,1,194.9,sharp,11.3,S2_PAIR_clean_f001575.jpg,heavy,0
S2_PAIR_occ50_f007320.jpg,S2_PAIR_occ50,S2_futsal_occ75_20260808_090302,S2_PAIR_occ50,7320,319.483,286,230,12,-1,0,60,,,1,flight,108,50,62.9,1,1,201.7,sharp,10.5,S2_PAIR_clean_f001575.jpg,heavy,0
S2_PAIR_occ50_f007328.jpg,S2_PAIR_occ50,S2_futsal_occ75_20260808_090302,S2_PAIR_occ50,7328,319.804,291,240,11,-1,1,60,,,1,flight,108,50,60.1,1,1,222.2,sharp,10.4,S2_PAIR_clean_f001575.jpg,heavy,0
S2_PAIR_occ50_f007336.jpg,S2_PAIR_occ50,S2_futsal_occ75_20260808_090302,S2_PAIR_occ50,7336,320.168,289,240,11,-2,1,60,,,1,flight,108,50,62.9,1,1,231.9,sharp,10.4,S2_PAIR_clean_f001575.jpg,heavy,0
S2_negatives_f000000.jpg,S2_negatives,S2_futsal_negatives_20260808_091048,S2_negatives,0,0.304,10,0,5,0,0,56,,,0,flight,,,,1,0,177.8,soft_moderate,,,not_applicable,0
S2_negatives_f000007.jpg,S2_negatives,S2_futsal_negatives_20260808_091048,S2_negatives,7,0.678,10,0,5,0,0,56,,,0,flight,,,,1,0,200.9,sharp,,,not_applicable,0
S2_negatives_f000014.jpg,S2_negatives,S2_futsal_negatives_20260808_091048,S2_negatives,14,1.084,10,0,5,0,0,56,,,0,flight,,,,1,0,192.1,sharp,,,not_applicable,0
S2_negatives_f000021.jpg,S2_negatives,S2_futsal_negatives_20260808_091048,S2_negatives,21,1.478,10,0,5,0,0,56,,,0,flight,,,,1,0,198.6,sharp,,,not_applicable,0
S2_negatives_f000028.jpg,S2_negatives,S2_futsal_negatives_20260808_091048,S2_negatives,28,1.699,10,0,5,0,0,56,,,0,flight,,,,1,0,201.2,sharp,,,not_applicable,0
S2_negatives_f000035.jpg,S2_negatives,S2_futsal_negatives_20260808_091048,S2_negatives,35,2.008,10,0,5,0,0,56,,,0,flight,,,,1,0,192.2,sharp,,,not_applicable,0
S2_negatives_f000042.jpg,S2_negatives,S2_futsal_negatives_20260808_091048,S2_negatives,42,8.574,81,70,4,0,-1,56,,,0,flight,,,,1,0,216.2,sharp,,,not_applicable,0
S2_negatives_f000049.jpg,S2_negatives,S2_futsal_negatives_20260808_091048,S2_negatives,49,8.855,81,70,4,0,-1,56,,,0,flight,,,,1,0,205.9,sharp,,,not_applicable,0
S2_negatives_f000056.jpg,S2_negatives,S2_futsal_negatives_20260808_091048,S2_negatives,56,9.062,81,70,4,0,-1,56,,,0,flight,,,,1,0,199.7,sharp,,,not_applicable,0
S2_negatives_f000063.jpg,S2_negatives,S2_futsal_negatives_20260808_091048,S2_negatives,63,9.308,80,70,4,0,-1,56,,,0,flight,,,,1,0,211.9,sharp,,,not_applicable,0
S2_negatives_f000070.jpg,S2_negatives,S2_futsal_negatives_20260808_091048,S2_negatives,70,9.534,81,70,4,0,-1,56,,,0,flight,,,,1,0,218.6,sharp,,,not_applicable,0
S2_negatives_f000077.jpg,S2_negatives,S2_futsal_negatives_20260808_091048,S2_negatives,77,9.773,81,70,4,0,-1,56,,,0,flight,,,,1,0,199.9,sharp,,,not_applicable,0
S2_negatives_f000084.jpg,S2_negatives,S2_futsal_negatives_20260808_091048,S2_negatives,84,10.083,83,70,5,0,-1,56,,,0,flight,,,,1,0,209.3,sharp,,,not_applicable,0
S2_negatives_f000091.jpg,S2_negatives,S2_futsal_negatives_20260808_091048,S2_negatives,91,10.306,87,70,5,0,-1,56,,,0,flight,,,,1,0,205.3,sharp,,,not_applicable,0
S2_negatives_f000098.jpg,S2_negatives,S2_futsal_negatives_20260808_091048,S2_negatives,98,10.539,97,80,4,0,-2,56,,,0,flight,,,,1,0,212.1,sharp,,,not_applicable,0
S2_negatives_f000105.jpg,S2_negatives,S2_futsal_negatives_20260808_091048,S2_negatives,105,10.773,102,80,4,0,-2,56,,,0,flight,,,,1,0,195.4,sharp,,,not_applicable,0
S2_negatives_f000112.jpg,S2_negatives,S2_futsal_negatives_20260808_091048,S2_negatives,112,11.036,108,90,4,0,-2,56,,,0,flight,,,,1,0,205.8,sharp,,,not_applicable,0
S2_negatives_f000119.jpg,S2_negatives,S2_futsal_negatives_20260808_091048,S2_negatives,119,11.357,119,100,4,0,-1,56,,,0,flight,,,,1,0,211.1,sharp,,,not_applicable,0
S2_negatives_f000126.jpg,S2_negatives,S2_futsal_negatives_20260808_091048,S2_negatives,126,11.575,127,110,4,0,-1,56,,,0,flight,,,,1,0,210.3,sharp,,,not_applicable,0
S2_negatives_f000133.jpg,S2_negatives,S2_futsal_negatives_20260808_091048,S2_negatives,133,11.797,135,110,4,0,-1,56,,,0,flight,,,,1,0,205.8,sharp,,,not_applicable,0
S2_negatives_f000140.jpg,S2_negatives,S2_futsal_negatives_20260808_091048,S2_negatives,140,12.033,141,120,4,0,-1,56,,,0,flight,,,,1,0,207.2,sharp,,,not_applicable,0
S2_negatives_f000147.jpg,S2_negatives,S2_futsal_negatives_20260808_091048,S2_negatives,147,12.358,151,130,4,0,-1,56,,,0,flight,,,,1,0,208.9,sharp,,,not_applicable,0
S2_negatives_f000154.jpg,S2_negatives,S2_futsal_negatives_20260808_091048,S2_negatives,154,12.671,161,140,4,0,-1,56,,,0,flight,,,,1,0,212.2,sharp,,,not_applicable,0
S2_negatives_f000161.jpg,S2_negatives,S2_futsal_negatives_20260808_091048,S2_negatives,161,12.907,167,140,4,0,-1,56,,,0,flight,,,,1,0,238.2,sharp,,,not_applicable,0
S2_negatives_f000168.jpg,S2_negatives,S2_futsal_negatives_20260808_091048,S2_negatives,168,13.117,174,150,4,0,0,56,,,0,flight,,,,1,0,221.0,sharp,,,not_applicable,0
S2_negatives_f000175.jpg,S2_negatives,S2_futsal_negatives_20260808_091048,S2_negatives,175,13.372,187,160,4,0,-1,56,,,0,flight,,,,1,0,214.9,sharp,,,not_applicable,0
S2_negatives_f000182.jpg,S2_negatives,S2_futsal_negatives_20260808_091048,S2_negatives,182,13.604,190,160,5,0,-1,56,,,0,flight,,,,1,0,214.9,sharp,,,not_applicable,0
S2_negatives_f000189.jpg,S2_negatives,S2_futsal_negatives_20260808_091048,S2_negatives,189,13.898,199,170,4,0,0,56,,,0,flight,,,,1,0,232.8,sharp,,,not_applicable,0
S2_negatives_f000196.jpg,S2_negatives,S2_futsal_negatives_20260808_091048,S2_negatives,196,14.153,207,180,4,0,-1,56,,,0,flight,,,,1,0,231.2,sharp,,,not_applicable,0
S2_negatives_f000203.jpg,S2_negatives,S2_futsal_negatives_20260808_091048,S2_negatives,203,14.396,210,190,4,0,-1,56,,,0,flight,,,,1,0,239.8,sharp,,,not_applicable,0
S2_negatives_f000210.jpg,S2_negatives,S2_futsal_negatives_20260808_091048,S2_negatives,210,14.686,220,190,4,0,-1,56,,,0,flight,,,,1,0,229.0,sharp,,,not_applicable,0
S2_negatives_f000217.jpg,S2_negatives,S2_futsal_negatives_20260808_091048,S2_negatives,217,14.956,230,200,4,0,-1,56,,,0,flight,,,,1,0,239.3,sharp,,,not_applicable,0
S2_negatives_f000224.jpg,S2_negatives,S2_futsal_negatives_20260808_091048,S2_negatives,224,15.201,242,210,4,0,0,56,,,0,flight,,,,1,0,233.9,sharp,,,not_applicable,0
S2_negatives_f000231.jpg,S2_negatives,S2_futsal_negatives_20260808_091048,S2_negatives,231,15.440,248,220,4,0,0,56,,,0,flight,,,,1,0,234.9,sharp,,,not_applicable,0
S2_negatives_f000238.jpg,S2_negatives,S2_futsal_negatives_20260808_091048,S2_negatives,238,15.770,261,230,4,0,-1,56,,,0,flight,,,,1,0,234.6,sharp,,,not_applicable,0
S2_negatives_f000245.jpg,S2_negatives,S2_futsal_negatives_20260808_091048,S2_negatives,245,16.053,263,240,4,0,-1,56,,,0,flight,,,,1,0,240.1,sharp,,,not_applicable,0
S2_negatives_f000252.jpg,S2_negatives,S2_futsal_negatives_20260808_091048,S2_negatives,252,16.302,262,240,4,0,0,56,,,0,flight,,,,1,0,243.1,sharp,,,not_applicable,0
S2_negatives_f000259.jpg,S2_negatives,S2_futsal_negatives_20260808_091048,S2_negatives,259,16.532,265,240,4,0,0,56,,,0,flight,,,,1,0,250.9,sharp,,,not_applicable,0
S2_negatives_f000266.jpg,S2_negatives,S2_futsal_negatives_20260808_091048,S2_negatives,266,16.934,261,240,4,1,0,56,,,0,flight,,,,1,0,256.7,sharp,,,not_applicable,0
S2_negatives_f000273.jpg,S2_negatives,S2_futsal_negatives_20260808_091048,S2_negatives,273,17.241,267,240,4,0,0,56,,,0,flight,,,,1,0,243.3,sharp,,,not_applicable,0
S2_negatives_f000280.jpg,S2_negatives,S2_futsal_negatives_20260808_091048,S2_negatives,280,17.556,276,250,4,0,0,56,,,0,flight,,,,1,0,251.1,sharp,,,not_applicable,0
S2_negatives_f000287.jpg,S2_negatives,S2_futsal_negatives_20260808_091048,S2_negatives,287,17.787,274,250,4,0,-2,56,,,0,flight,,,,1,0,250.0,sharp,,,not_applicable,0
S2_negatives_f000294.jpg,S2_negatives,S2_futsal_negatives_20260808_091048,S2_negatives,294,18.039,273,250,4,0,-6,56,,,0,flight,,,,1,0,233.3,sharp,,,not_applicable,0
S2_negatives_f000301.jpg,S2_negatives,S2_futsal_negatives_20260808_091048,S2_negatives,301,18.396,278,250,5,0,-5,56,,,0,flight,,,,1,0,210.7,sharp,,,not_applicable,0
S2_negatives_f000308.jpg,S2_negatives,S2_futsal_negatives_20260808_091048,S2_negatives,308,18.608,277,250,4,0,0,56,,,0,flight,,,,1,0,226.3,sharp,,,not_applicable,0
S2_negatives_f000315.jpg,S2_negatives,S2_futsal_negatives_20260808_091048,S2_negatives,315,18.823,275,250,4,0,1,56,,,0,flight,,,,1,0,227.7,sharp,,,not_applicable,0
S2_negatives_f000322.jpg,S2_negatives,S2_futsal_negatives_20260808_091048,S2_negatives,322,19.107,273,250,4,0,0,56,,,0,flight,,,,1,0,266.5,sharp,,,not_applicable,0
S2_negatives_f000329.jpg,S2_negatives,S2_futsal_negatives_20260808_091048,S2_negatives,329,19.399,271,250,4,0,0,56,,,0,flight,,,,1,0,262.1,sharp,,,not_applicable,0
S2_negatives_f000336.jpg,S2_negatives,S2_futsal_negatives_20260808_091048,S2_negatives,336,19.767,267,250,15,0,1,56,,,0,flight,,,,1,0,265.1,sharp,,,not_applicable,0
S2_negatives_f000343.jpg,S2_negatives,S2_futsal_negatives_20260808_091048,S2_negatives,343,20.029,275,250,19,0,0,56,,,0,flight,,,,1,0,275.7,sharp,,,not_applicable,0
S2_negatives_f000350.jpg,S2_negatives,S2_futsal_negatives_20260808_091048,S2_negatives,350,20.329,277,250,23,0,-1,56,,,0,flight,,,,1,0,281.1,sharp,,,not_applicable,0
S2_negatives_f000357.jpg,S2_negatives,S2_futsal_negatives_20260808_091048,S2_negatives,357,20.640,272,250,23,1,-1,56,,,0,flight,,,,1,0,296.4,sharp,,,not_applicable,0
S2_negatives_f000364.jpg,S2_negatives,S2_futsal_negatives_20260808_091048,S2_negatives,364,20.926,273,250,23,1,-5,56,,,0,flight,,,,1,0,293.9,sharp,,,not_applicable,0
S2_negatives_f000371.jpg,S2_negatives,S2_futsal_negatives_20260808_091048,S2_negatives,371,21.310,272,250,23,0,-6,56,,,0,flight,,,,1,0,262.7,sharp,,,not_applicable,0
S2_negatives_f000378.jpg,S2_negatives,S2_futsal_negatives_20260808_091048,S2_negatives,378,21.497,265,250,23,0,-5,56,,,0,flight,,,,1,0,271.9,sharp,,,not_applicable,0
S2_negatives_f000385.jpg,S2_negatives,S2_futsal_negatives_20260808_091048,S2_negatives,385,21.945,271,250,23,0,-4,56,,,0,flight,,,,1,0,266.4,sharp,,,not_applicable,0
S2_negatives_f000392.jpg,S2_negatives,S2_futsal_negatives_20260808_091048,S2_negatives,392,22.305,264,250,23,0,-3,56,,,0,flight,,,,1,0,272.7,sharp,,,not_applicable,0
S2_negatives_f000399.jpg,S2_negatives,S2_futsal_negatives_20260808_091048,S2_negatives,399,22.503,261,250,23,0,-3,56,,,0,flight,,,,1,0,301.1,sharp,,,not_applicable,0
S2_negatives_f000406.jpg,S2_negatives,S2_futsal_negatives_20260808_091048,S2_negatives,406,22.809,264,250,23,0,-3,56,,,0,flight,,,,1,0,310.4,sharp,,,not_applicable,0
S2_negatives_f000413.jpg,S2_negatives,S2_futsal_negatives_20260808_091048,S2_negatives,413,23.096,263,250,23,0,-2,56,,,0,flight,,,,1,0,288.4,sharp,,,not_applicable,0
S2_negatives_f000420.jpg,S2_negatives,S2_futsal_negatives_20260808_091048,S2_negatives,420,23.295,266,250,23,0,-2,56,,,0,flight,,,,1,0,283.2,sharp,,,not_applicable,0
S2_negatives_f000427.jpg,S2_negatives,S2_futsal_negatives_20260808_091048,S2_negatives,427,23.559,260,250,23,0,-2,56,,,0,flight,,,,1,0,279.8,sharp,,,not_applicable,0
S2_negatives_f000434.jpg,S2_negatives,S2_futsal_negatives_20260808_091048,S2_negatives,434,23.767,263,250,23,0,-2,56,,,0,flight,,,,1,0,265.9,sharp,,,not_applicable,0
S2_negatives_f000441.jpg,S2_negatives,S2_futsal_negatives_20260808_091048,S2_negatives,441,24.042,264,250,23,0,-3,56,,,0,flight,,,,1,0,284.7,sharp,,,not_applicable,0
S2_negatives_f000448.jpg,S2_negatives,S2_futsal_negatives_20260808_091048,S2_negatives,448,24.306,264,250,23,0,-2,56,,,0,flight,,,,1,0,274.1,sharp,,,not_applicable,0
S2_negatives_f000455.jpg,S2_negatives,S2_futsal_negatives_20260808_091048,S2_negatives,455,24.651,263,250,23,0,-2,56,,,0,flight,,,,1,0,270.4,sharp,,,not_applicable,0
S2_negatives_f000462.jpg,S2_negatives,S2_futsal_negatives_20260808_091048,S2_negatives,462,24.940,263,250,23,0,-2,56,,,0,flight,,,,1,0,278.7,sharp,,,not_applicable,0
S2_negatives_f000469.jpg,S2_negatives,S2_futsal_negatives_20260808_091048,S2_negatives,469,25.210,262,250,23,0,-2,56,,,0,flight,,,,1,0,261.4,sharp,,,not_applicable,0
S2_negatives_f000476.jpg,S2_negatives,S2_futsal_negatives_20260808_091048,S2_negatives,476,25.508,264,250,23,0,-1,56,,,0,flight,,,,1,0,257.5,sharp,,,not_applicable,0
S2_negatives_f000483.jpg,S2_negatives,S2_futsal_negatives_20260808_091048,S2_negatives,483,25.760,268,250,23,0,2,56,,,0,flight,,,,1,0,246.4,sharp,,,not_applicable,0
S2_negatives_f000490.jpg,S2_negatives,S2_futsal_negatives_20260808_091048,S2_negatives,490,26.060,265,250,25,0,2,56,,,0,flight,,,,1,0,240.3,sharp,,,not_applicable,0
S2_negatives_f000497.jpg,S2_negatives,S2_futsal_negatives_20260808_091048,S2_negatives,497,26.294,269,250,31,-1,2,56,,,0,flight,,,,1,0,248.5,sharp,,,not_applicable,0
S2_negatives_f000504.jpg,S2_negatives,S2_futsal_negatives_20260808_091048,S2_negatives,504,26.553,271,250,40,-1,1,56,,,0,flight,,,,1,0,251.3,sharp,,,not_applicable,0
S2_negatives_f000511.jpg,S2_negatives,S2_futsal_negatives_20260808_091048,S2_negatives,511,26.857,271,250,48,-1,0,56,,,0,flight,,,,1,0,254.8,sharp,,,not_applicable,0
S2_negatives_f000518.jpg,S2_negatives,S2_futsal_negatives_20260808_091048,S2_negatives,518,27.209,268,250,53,-2,2,56,,,0,flight,,,,1,0,237.2,sharp,,,not_applicable,0
S2_negatives_f000525.jpg,S2_negatives,S2_futsal_negatives_20260808_091048,S2_negatives,525,27.599,266,250,54,0,0,56,,,0,flight,,,,1,0,262.5,sharp,,,not_applicable,0
S2_negatives_f000532.jpg,S2_negatives,S2_futsal_negatives_20260808_091048,S2_negatives,532,27.824,264,250,54,0,-3,56,,,0,flight,,,,1,0,278.7,sharp,,,not_applicable,0
S2_negatives_f000539.jpg,S2_negatives,S2_futsal_negatives_20260808_091048,S2_negatives,539,28.078,270,250,54,0,-6,56,,,0,flight,,,,1,0,291.5,sharp,,,not_applicable,0
S2_negatives_f000546.jpg,S2_negatives,S2_futsal_negatives_20260808_091048,S2_negatives,546,28.324,269,250,54,0,-5,56,,,0,flight,,,,1,0,305.2,sharp,,,not_applicable,0
S2_negatives_f000553.jpg,S2_negatives,S2_futsal_negatives_20260808_091048,S2_negatives,553,28.590,267,250,54,0,-3,56,,,0,flight,,,,1,0,301.7,sharp,,,not_applicable,0
S2_negatives_f000560.jpg,S2_negatives,S2_futsal_negatives_20260808_091048,S2_negatives,560,28.820,264,250,54,0,-3,56,,,0,flight,,,,1,0,283.7,sharp,,,not_applicable,0
S2_negatives_f000567.jpg,S2_negatives,S2_futsal_negatives_20260808_091048,S2_negatives,567,29.228,263,250,54,0,-2,56,,,0,flight,,,,1,0,262.3,sharp,,,not_applicable,0
S2_negatives_f000574.jpg,S2_negatives,S2_futsal_negatives_20260808_091048,S2_negatives,574,29.536,262,250,54,0,-1,56,,,0,flight,,,,1,0,255.0,sharp,,,not_applicable,0
S2_negatives_f000581.jpg,S2_negatives,S2_futsal_negatives_20260808_091048,S2_negatives,581,29.773,260,250,54,0,-1,56,,,0,flight,,,,1,0,254.4,sharp,,,not_applicable,0
S2_negatives_f000588.jpg,S2_negatives,S2_futsal_negatives_20260808_091048,S2_negatives,588,30.044,264,250,54,0,-1,56,,,0,flight,,,,1,0,249.5,sharp,,,not_applicable,0
S2_negatives_f000595.jpg,S2_negatives,S2_futsal_negatives_20260808_091048,S2_negatives,595,30.368,264,250,54,0,3,56,,,0,flight,,,,1,0,256.0,sharp,,,not_applicable,0
S2_negatives_f000602.jpg,S2_negatives,S2_futsal_negatives_20260808_091048,S2_negatives,602,30.684,271,250,58,0,2,56,,,0,flight,,,,1,0,222.1,sharp,,,not_applicable,0
S2_negatives_f000609.jpg,S2_negatives,S2_futsal_negatives_20260808_091048,S2_negatives,609,30.941,268,250,65,0,2,56,,,0,flight,,,,1,0,195.6,sharp,,,not_applicable,0
S2_negatives_f000616.jpg,S2_negatives,S2_futsal_negatives_20260808_091048,S2_negatives,616,31.207,267,250,67,0,1,56,,,0,flight,,,,1,0,181.0,soft_moderate,,,not_applicable,0
S2_negatives_f000623.jpg,S2_negatives,S2_futsal_negatives_20260808_091048,S2_negatives,623,31.441,268,250,67,0,1,56,,,0,flight,,,,1,0,195.9,sharp,,,not_applicable,0
S2_negatives_f000630.jpg,S2_negatives,S2_futsal_negatives_20260808_091048,S2_negatives,630,31.701,267,250,67,0,-4,55,,,0,flight,,,,1,0,200.4,sharp,,,not_applicable,0
S2_negatives_f000637.jpg,S2_negatives,S2_futsal_negatives_20260808_091048,S2_negatives,637,32.003,271,250,67,0,-4,55,,,0,flight,,,,1,0,202.2,sharp,,,not_applicable,0
S2_negatives_f000644.jpg,S2_negatives,S2_futsal_negatives_20260808_091048,S2_negatives,644,32.238,269,250,67,0,-3,55,,,0,flight,,,,1,0,197.7,sharp,,,not_applicable,0
S2_negatives_f000651.jpg,S2_negatives,S2_futsal_negatives_20260808_091048,S2_negatives,651,32.585,266,250,67,0,-2,55,,,0,flight,,,,1,0,194.3,sharp,,,not_applicable,0
S2_negatives_f000658.jpg,S2_negatives,S2_futsal_negatives_20260808_091048,S2_negatives,658,32.793,263,250,67,0,-1,55,,,0,flight,,,,1,0,199.7,sharp,,,not_applicable,0
S2_negatives_f000665.jpg,S2_negatives,S2_futsal_negatives_20260808_091048,S2_negatives,665,33.142,264,250,67,0,-2,55,,,0,flight,,,,1,0,186.6,sharp,,,not_applicable,0
S2_negatives_f000672.jpg,S2_negatives,S2_futsal_negatives_20260808_091048,S2_negatives,672,33.379,264,250,67,0,-1,55,,,0,flight,,,,1,0,194.5,sharp,,,not_applicable,0
S2_negatives_f000679.jpg,S2_negatives,S2_futsal_negatives_20260808_091048,S2_negatives,679,33.723,260,250,67,0,-1,55,,,0,flight,,,,1,0,188.5,sharp,,,not_applicable,0
S2_negatives_f000686.jpg,S2_negatives,S2_futsal_negatives_20260808_091048,S2_negatives,686,34.012,267,250,67,0,-1,55,,,0,flight,,,,1,0,191.8,sharp,,,not_applicable,0
S2_negatives_f000693.jpg,S2_negatives,S2_futsal_negatives_20260808_091048,S2_negatives,693,34.212,268,250,67,0,-1,55,,,0,flight,,,,1,0,191.2,sharp,,,not_applicable,0
S2_negatives_f000700.jpg,S2_negatives,S2_futsal_negatives_20260808_091048,S2_negatives,700,34.484,266,250,67,0,-1,55,,,0,flight,,,,1,0,179.2,soft_moderate,,,not_applicable,0
S2_negatives_f000707.jpg,S2_negatives,S2_futsal_negatives_20260808_091048,S2_negatives,707,34.838,260,250,67,0,-1,55,,,0,flight,,,,1,0,191.7,sharp,,,not_applicable,0
S2_negatives_f000714.jpg,S2_negatives,S2_futsal_negatives_20260808_091048,S2_negatives,714,35.054,261,250,67,0,-1,55,,,0,flight,,,,1,0,193.7,sharp,,,not_applicable,0
S2_negatives_f000721.jpg,S2_negatives,S2_futsal_negatives_20260808_091048,S2_negatives,721,35.327,265,250,67,0,-2,55,,,0,flight,,,,1,0,189.3,sharp,,,not_applicable,0
S2_negatives_f000728.jpg,S2_negatives,S2_futsal_negatives_20260808_091048,S2_negatives,728,35.557,273,250,67,0,-2,55,,,0,flight,,,,1,0,181.6,soft_moderate,,,not_applicable,0
S2_negatives_f000735.jpg,S2_negatives,S2_futsal_negatives_20260808_091048,S2_negatives,735,35.824,278,250,67,0,-1,54,,,0,flight,,,,1,0,180.3,soft_moderate,,,not_applicable,0
S2_negatives_f000742.jpg,S2_negatives,S2_futsal_negatives_20260808_091048,S2_negatives,742,36.130,284,260,67,0,-1,54,,,0,flight,,,,1,0,192.3,sharp,,,not_applicable,0
S2_negatives_f000749.jpg,S2_negatives,S2_futsal_negatives_20260808_091048,S2_negatives,749,36.475,279,260,67,0,2,54,,,0,flight,,,,1,0,179.7,soft_moderate,,,not_applicable,0
S2_negatives_f000756.jpg,S2_negatives,S2_futsal_negatives_20260808_091048,S2_negatives,756,36.813,275,260,67,0,2,54,,,0,flight,,,,1,0,166.5,soft_heavy,,,not_applicable,0
S2_negatives_f000763.jpg,S2_negatives,S2_futsal_negatives_20260808_091048,S2_negatives,763,37.105,269,250,67,0,2,54,,,0,flight,,,,1,0,173.8,soft_moderate,,,not_applicable,0
S2_negatives_f000770.jpg,S2_negatives,S2_futsal_negatives_20260808_091048,S2_negatives,770,37.341,266,250,68,0,1,54,,,0,flight,,,,1,0,161.6,soft_heavy,,,not_applicable,0
S2_negatives_f000777.jpg,S2_negatives,S2_futsal_negatives_20260808_091048,S2_negatives,777,37.718,264,250,78,0,2,54,,,0,flight,,,,1,0,132.0,soft_heavy,,,not_applicable,0
S2_negatives_f000784.jpg,S2_negatives,S2_futsal_negatives_20260808_091048,S2_negatives,784,37.960,265,250,80,-1,2,54,,,0,flight,,,,1,0,142.8,soft_heavy,,,not_applicable,0
S2_negatives_f000791.jpg,S2_negatives,S2_futsal_negatives_20260808_091048,S2_negatives,791,38.209,260,250,88,0,0,54,,,0,flight,,,,1,0,152.8,soft_heavy,,,not_applicable,0
S2_negatives_f000798.jpg,S2_negatives,S2_futsal_negatives_20260808_091048,S2_negatives,798,38.426,263,250,88,0,0,54,,,0,flight,,,,1,0,154.9,soft_heavy,,,not_applicable,0
S2_negatives_f000805.jpg,S2_negatives,S2_futsal_negatives_20260808_091048,S2_negatives,805,38.742,267,250,88,0,-4,53,,,0,flight,,,,1,0,162.4,soft_heavy,,,not_applicable,0
S2_negatives_f000812.jpg,S2_negatives,S2_futsal_negatives_20260808_091048,S2_negatives,812,39.087,270,250,88,0,-5,53,,,0,flight,,,,1,0,165.1,soft_heavy,,,not_applicable,0
S2_negatives_f000819.jpg,S2_negatives,S2_futsal_negatives_20260808_091048,S2_negatives,819,39.301,265,250,88,0,-4,53,,,0,flight,,,,1,0,158.4,soft_heavy,,,not_applicable,0
S2_negatives_f000826.jpg,S2_negatives,S2_futsal_negatives_20260808_091048,S2_negatives,826,39.630,263,250,88,0,-3,53,,,0,flight,,,,1,0,161.3,soft_heavy,,,not_applicable,0
S2_negatives_f000833.jpg,S2_negatives,S2_futsal_negatives_20260808_091048,S2_negatives,833,40.025,261,250,88,0,-2,53,,,0,flight,,,,1,0,165.6,soft_heavy,,,not_applicable,0
S2_negatives_f000840.jpg,S2_negatives,S2_futsal_negatives_20260808_091048,S2_negatives,840,40.238,259,250,88,0,-2,53,,,0,flight,,,,1,0,154.9,soft_heavy,,,not_applicable,0
S2_negatives_f000847.jpg,S2_negatives,S2_futsal_negatives_20260808_091048,S2_negatives,847,40.467,262,250,88,0,-2,53,,,0,flight,,,,1,0,153.9,soft_heavy,,,not_applicable,0
S2_negatives_f000854.jpg,S2_negatives,S2_futsal_negatives_20260808_091048,S2_negatives,854,40.700,256,250,88,0,-2,53,,,0,flight,,,,1,0,152.6,soft_heavy,,,not_applicable,0
S2_negatives_f000861.jpg,S2_negatives,S2_futsal_negatives_20260808_091048,S2_negatives,861,41.002,260,250,88,0,-2,53,,,0,flight,,,,1,0,151.7,soft_heavy,,,not_applicable,0
S2_negatives_f000868.jpg,S2_negatives,S2_futsal_negatives_20260808_091048,S2_negatives,868,41.211,265,250,88,0,-2,53,,,0,flight,,,,1,0,148.9,soft_heavy,,,not_applicable,0
S2_negatives_f000875.jpg,S2_negatives,S2_futsal_negatives_20260808_091048,S2_negatives,875,41.478,262,250,88,0,-2,53,,,0,flight,,,,1,0,144.2,soft_heavy,,,not_applicable,0
S2_negatives_f000882.jpg,S2_negatives,S2_futsal_negatives_20260808_091048,S2_negatives,882,41.774,261,250,88,0,-2,52,,,0,flight,,,,1,0,153.6,soft_heavy,,,not_applicable,0
S2_negatives_f000889.jpg,S2_negatives,S2_futsal_negatives_20260808_091048,S2_negatives,889,42.075,264,250,88,0,-2,52,,,0,flight,,,,1,0,159.1,soft_heavy,,,not_applicable,0
S2_negatives_f000896.jpg,S2_negatives,S2_futsal_negatives_20260808_091048,S2_negatives,896,42.375,267,250,88,0,-2,52,,,0,flight,,,,1,0,163.0,soft_heavy,,,not_applicable,0
S2_negatives_f000903.jpg,S2_negatives,S2_futsal_negatives_20260808_091048,S2_negatives,903,42.643,264,250,88,0,-2,52,,,0,flight,,,,1,0,159.2,soft_heavy,,,not_applicable,0
S2_negatives_f000910.jpg,S2_negatives,S2_futsal_negatives_20260808_091048,S2_negatives,910,42.960,262,250,88,0,1,52,,,0,flight,,,,1,0,149.8,soft_heavy,,,not_applicable,0
S2_negatives_f000917.jpg,S2_negatives,S2_futsal_negatives_20260808_091048,S2_negatives,917,43.254,268,250,88,0,2,52,,,0,flight,,,,1,0,155.3,soft_heavy,,,not_applicable,0
S2_negatives_f000924.jpg,S2_negatives,S2_futsal_negatives_20260808_091048,S2_negatives,924,43.575,269,250,94,0,2,52,,,0,flight,,,,1,0,144.9,soft_heavy,,,not_applicable,0
S2_negatives_f000931.jpg,S2_negatives,S2_futsal_negatives_20260808_091048,S2_negatives,931,43.875,264,250,100,0,1,52,,,0,flight,,,,1,0,176.7,soft_moderate,,,not_applicable,0
S2_negatives_f000938.jpg,S2_negatives,S2_futsal_negatives_20260808_091048,S2_negatives,938,44.154,269,250,106,0,0,52,,,0,flight,,,,1,0,159.9,soft_heavy,,,not_applicable,0
S2_negatives_f000945.jpg,S2_negatives,S2_futsal_negatives_20260808_091048,S2_negatives,945,44.475,266,250,106,0,3,52,,,0,flight,,,,1,0,170.3,soft_moderate,,,not_applicable,0
S2_negatives_f000952.jpg,S2_negatives,S2_futsal_negatives_20260808_091048,S2_negatives,952,44.775,265,250,106,0,-4,52,,,0,flight,,,,1,0,173.5,soft_moderate,,,not_applicable,0
S2_negatives_f000959.jpg,S2_negatives,S2_futsal_negatives_20260808_091048,S2_negatives,959,45.120,268,250,106,0,-5,52,,,0,flight,,,,1,0,178.2,soft_moderate,,,not_applicable,0
S2_negatives_f000966.jpg,S2_negatives,S2_futsal_negatives_20260808_091048,S2_negatives,966,45.439,265,250,106,0,-4,52,,,0,flight,,,,1,0,166.5,soft_heavy,,,not_applicable,0
S2_negatives_f000973.jpg,S2_negatives,S2_futsal_negatives_20260808_091048,S2_negatives,973,45.810,263,250,106,0,-2,52,,,0,flight,,,,1,0,163.4,soft_heavy,,,not_applicable,0
S2_negatives_f000980.jpg,S2_negatives,S2_futsal_negatives_20260808_091048,S2_negatives,980,46.134,261,250,107,0,-2,52,,,0,flight,,,,1,0,165.2,soft_heavy,,,not_applicable,0
S2_negatives_f000987.jpg,S2_negatives,S2_futsal_negatives_20260808_091048,S2_negatives,987,46.507,259,250,106,0,-2,52,,,0,flight,,,,1,0,156.5,soft_heavy,,,not_applicable,0
S2_negatives_f000994.jpg,S2_negatives,S2_futsal_negatives_20260808_091048,S2_negatives,994,46.695,260,250,106,0,-2,51,,,0,flight,,,,1,0,161.2,soft_heavy,,,not_applicable,0
S2_negatives_f001001.jpg,S2_negatives,S2_futsal_negatives_20260808_091048,S2_negatives,1001,47.036,259,240,106,0,-1,51,,,0,flight,,,,1,0,170.2,soft_moderate,,,not_applicable,0
S2_negatives_f001008.jpg,S2_negatives,S2_futsal_negatives_20260808_091048,S2_negatives,1008,47.358,261,250,107,0,-2,51,,,0,flight,,,,1,0,161.2,soft_heavy,,,not_applicable,0
S2_negatives_f001015.jpg,S2_negatives,S2_futsal_negatives_20260808_091048,S2_negatives,1015,47.627,267,250,107,0,-1,51,,,0,flight,,,,1,0,167.5,soft_moderate,,,not_applicable,0
S2_negatives_f001022.jpg,S2_negatives,S2_futsal_negatives_20260808_091048,S2_negatives,1022,47.869,267,250,106,0,-1,51,,,0,flight,,,,1,0,190.3,sharp,,,not_applicable,0
S2_negatives_f001029.jpg,S2_negatives,S2_futsal_negatives_20260808_091048,S2_negatives,1029,48.173,267,250,106,0,-1,51,,,0,flight,,,,1,0,179.0,soft_moderate,,,not_applicable,0
S2_negatives_f001036.jpg,S2_negatives,S2_futsal_negatives_20260808_091048,S2_negatives,1036,48.453,269,250,107,0,-1,51,,,0,flight,,,,1,0,181.3,soft_moderate,,,not_applicable,0
S2_negatives_f001043.jpg,S2_negatives,S2_futsal_negatives_20260808_091048,S2_negatives,1043,48.670,265,250,107,0,-1,51,,,0,flight,,,,1,0,179.9,soft_moderate,,,not_applicable,0
S2_negatives_f001050.jpg,S2_negatives,S2_futsal_negatives_20260808_091048,S2_negatives,1050,48.970,260,250,106,0,-2,51,,,0,flight,,,,1,0,187.1,sharp,,,not_applicable,0
S2_negatives_f001057.jpg,S2_negatives,S2_futsal_negatives_20260808_091048,S2_negatives,1057,49.230,259,250,106,0,-2,51,,,0,flight,,,,1,0,173.7,soft_moderate,,,not_applicable,0
S2_negatives_f001064.jpg,S2_negatives,S2_futsal_negatives_20260808_091048,S2_negatives,1064,49.509,259,250,106,0,-2,51,,,0,flight,,,,1,0,174.4,soft_moderate,,,not_applicable,0
S2_negatives_f001071.jpg,S2_negatives,S2_futsal_negatives_20260808_091048,S2_negatives,1071,49.815,259,250,106,0,-2,51,,,0,flight,,,,1,0,172.4,soft_moderate,,,not_applicable,0
S2_negatives_f001078.jpg,S2_negatives,S2_futsal_negatives_20260808_091048,S2_negatives,1078,50.141,264,240,106,0,-2,51,,,0,flight,,,,1,0,174.3,soft_moderate,,,not_applicable,0
S2_negatives_f001085.jpg,S2_negatives,S2_futsal_negatives_20260808_091048,S2_negatives,1085,50.476,264,250,106,0,-2,50,,,0,flight,,,,1,0,172.9,soft_moderate,,,not_applicable,0
S2_negatives_f001092.jpg,S2_negatives,S2_futsal_negatives_20260808_091048,S2_negatives,1092,50.739,267,250,106,0,-2,50,,,0,flight,,,,1,0,165.0,soft_heavy,,,not_applicable,0
S2_negatives_f001099.jpg,S2_negatives,S2_futsal_negatives_20260808_091048,S2_negatives,1099,51.047,270,250,106,0,-2,50,,,0,flight,,,,1,0,170.4,soft_moderate,,,not_applicable,0
S2_negatives_f001106.jpg,S2_negatives,S2_futsal_negatives_20260808_091048,S2_negatives,1106,51.308,278,250,106,0,-2,50,,,0,flight,,,,1,0,179.6,soft_moderate,,,not_applicable,0
S2_negatives_f001113.jpg,S2_negatives,S2_futsal_negatives_20260808_091048,S2_negatives,1113,51.571,280,260,106,0,-2,50,,,0,flight,,,,1,0,177.8,soft_moderate,,,not_applicable,0
S2_negatives_f001120.jpg,S2_negatives,S2_futsal_negatives_20260808_091048,S2_negatives,1120,51.840,275,260,106,0,-1,50,,,0,flight,,,,1,0,185.8,sharp,,,not_applicable,0
S2_negatives_f001127.jpg,S2_negatives,S2_futsal_negatives_20260808_091048,S2_negatives,1127,52.070,271,260,106,0,-2,50,,,0,flight,,,,1,0,177.8,soft_moderate,,,not_applicable,0
S2_negatives_f001134.jpg,S2_negatives,S2_futsal_negatives_20260808_091048,S2_negatives,1134,52.362,268,260,106,0,-2,50,,,0,flight,,,,1,0,172.0,soft_moderate,,,not_applicable,0
S2_negatives_f001141.jpg,S2_negatives,S2_futsal_negatives_20260808_091048,S2_negatives,1141,52.572,263,250,106,0,-2,50,,,0,flight,,,,1,0,180.9,soft_moderate,,,not_applicable,0
S2_negatives_f001148.jpg,S2_negatives,S2_futsal_negatives_20260808_091048,S2_negatives,1148,52.824,261,250,106,0,-2,50,,,0,flight,,,,1,0,181.0,soft_moderate,,,not_applicable,0
S2_negatives_f001155.jpg,S2_negatives,S2_futsal_negatives_20260808_091048,S2_negatives,1155,53.109,261,250,106,0,-2,50,,,0,flight,,,,1,0,179.8,soft_moderate,,,not_applicable,0
S2_negatives_f001162.jpg,S2_negatives,S2_futsal_negatives_20260808_091048,S2_negatives,1162,53.386,258,250,106,0,-2,50,,,0,flight,,,,1,0,180.8,soft_moderate,,,not_applicable,0
S2_negatives_f001169.jpg,S2_negatives,S2_futsal_negatives_20260808_091048,S2_negatives,1169,53.607,262,240,106,0,-2,50,,,0,flight,,,,1,0,190.7,sharp,,,not_applicable,0
S2_negatives_f001176.jpg,S2_negatives,S2_futsal_negatives_20260808_091048,S2_negatives,1176,53.875,262,240,106,0,-2,50,,,0,flight,,,,1,0,212.7,sharp,,,not_applicable,0
S2_negatives_f001183.jpg,S2_negatives,S2_futsal_negatives_20260808_091048,S2_negatives,1183,54.095,257,250,107,0,-2,50,,,0,flight,,,,1,0,191.3,sharp,,,not_applicable,0
S2_negatives_f001190.jpg,S2_negatives,S2_futsal_negatives_20260808_091048,S2_negatives,1190,54.342,265,250,107,0,-2,50,,,0,flight,,,,1,0,194.7,sharp,,,not_applicable,0
S2_negatives_f001197.jpg,S2_negatives,S2_futsal_negatives_20260808_091048,S2_negatives,1197,54.601,266,250,106,0,-2,50,,,0,flight,,,,1,0,203.2,sharp,,,not_applicable,0
S2_negatives_f001204.jpg,S2_negatives,S2_futsal_negatives_20260808_091048,S2_negatives,1204,54.924,261,250,107,0,-1,50,,,0,flight,,,,1,0,203.3,sharp,,,not_applicable,0
S2_negatives_f001211.jpg,S2_negatives,S2_futsal_negatives_20260808_091048,S2_negatives,1211,55.171,260,250,106,0,-1,50,,,0,flight,,,,1,0,209.2,sharp,,,not_applicable,0
S2_negatives_f001218.jpg,S2_negatives,S2_futsal_negatives_20260808_091048,S2_negatives,1218,55.485,266,250,107,0,-1,50,,,0,flight,,,,1,0,220.8,sharp,,,not_applicable,0
S2_negatives_f001225.jpg,S2_negatives,S2_futsal_negatives_20260808_091048,S2_negatives,1225,55.717,268,250,107,0,-1,50,,,0,flight,,,,1,0,217.1,sharp,,,not_applicable,0
S2_negatives_f001232.jpg,S2_negatives,S2_futsal_negatives_20260808_091048,S2_negatives,1232,56.041,260,250,107,0,2,50,,,0,flight,,,,1,0,232.7,sharp,,,not_applicable,0
S2_negatives_f001239.jpg,S2_negatives,S2_futsal_negatives_20260808_091048,S2_negatives,1239,56.275,251,240,110,0,2,50,,,0,flight,,,,1,0,195.9,sharp,,,not_applicable,0
S2_negatives_f001246.jpg,S2_negatives,S2_futsal_negatives_20260808_091048,S2_negatives,1246,56.557,257,240,117,0,2,49,,,0,flight,,,,1,0,185.6,sharp,,,not_applicable,0
S2_negatives_f001253.jpg,S2_negatives,S2_futsal_negatives_20260808_091048,S2_negatives,1253,56.876,261,250,124,0,1,49,,,0,flight,,,,1,0,196.2,sharp,,,not_applicable,0
S2_negatives_f001260.jpg,S2_negatives,S2_futsal_negatives_20260808_091048,S2_negatives,1260,57.194,269,250,131,0,0,49,,,0,flight,,,,1,0,167.3,soft_moderate,,,not_applicable,0
S2_negatives_f001267.jpg,S2_negatives,S2_futsal_negatives_20260808_091048,S2_negatives,1267,57.469,273,250,135,-2,3,49,,,0,flight,,,,1,0,170.3,soft_moderate,,,not_applicable,0
S2_negatives_f001274.jpg,S2_negatives,S2_futsal_negatives_20260808_091048,S2_negatives,1274,57.722,275,250,142,0,1,49,,,0,flight,,,,1,0,173.3,soft_moderate,,,not_applicable,0
S2_negatives_f001281.jpg,S2_negatives,S2_futsal_negatives_20260808_091048,S2_negatives,1281,57.953,265,250,146,0,0,49,,,0,flight,,,,1,0,171.4,soft_moderate,,,not_applicable,0
S2_negatives_f001288.jpg,S2_negatives,S2_futsal_negatives_20260808_091048,S2_negatives,1288,58.207,262,250,150,0,0,49,,,0,flight,,,,1,0,166.5,soft_heavy,,,not_applicable,0
S2_negatives_f001295.jpg,S2_negatives,S2_futsal_negatives_20260808_091048,S2_negatives,1295,58.486,261,250,159,0,0,49,,,0,flight,,,,1,0,172.3,soft_moderate,,,not_applicable,0
S2_negatives_f001302.jpg,S2_negatives,S2_futsal_negatives_20260808_091048,S2_negatives,1302,58.773,259,250,163,0,0,49,,,0,flight,,,,1,0,171.5,soft_moderate,,,not_applicable,0
S2_negatives_f001309.jpg,S2_negatives,S2_futsal_negatives_20260808_091048,S2_negatives,1309,59.044,258,250,163,0,0,49,,,0,flight,,,,1,0,186.3,sharp,,,not_applicable,0
S2_negatives_f001316.jpg,S2_negatives,S2_futsal_negatives_20260808_091048,S2_negatives,1316,59.344,258,250,162,0,-5,49,,,0,flight,,,,1,0,176.1,soft_moderate,,,not_applicable,0
S2_negatives_f001323.jpg,S2_negatives,S2_futsal_negatives_20260808_091048,S2_negatives,1323,59.624,262,250,163,0,-6,49,,,0,flight,,,,1,0,160.2,soft_heavy,,,not_applicable,0
S2_negatives_f001330.jpg,S2_negatives,S2_futsal_negatives_20260808_091048,S2_negatives,1330,59.867,263,250,163,0,0,49,,,0,flight,,,,1,0,182.5,sharp,,,not_applicable,0
S2_negatives_f001337.jpg,S2_negatives,S2_futsal_negatives_20260808_091048,S2_negatives,1337,60.106,269,250,163,0,2,49,,,0,flight,,,,1,0,158.7,soft_heavy,,,not_applicable,0
S2_negatives_f001344.jpg,S2_negatives,S2_futsal_negatives_20260808_091048,S2_negatives,1344,60.405,267,250,167,0,2,49,,,0,flight,,,,1,0,148.4,soft_heavy,,,not_applicable,0
S2_negatives_f001351.jpg,S2_negatives,S2_futsal_negatives_20260808_091048,S2_negatives,1351,60.675,272,250,175,0,1,49,,,0,flight,,,,1,0,152.9,soft_heavy,,,not_applicable,0
S2_negatives_f001358.jpg,S2_negatives,S2_futsal_negatives_20260808_091048,S2_negatives,1358,60.974,268,250,-177,0,1,49,,,0,flight,,,,1,0,228.5,sharp,,,not_applicable,0
S2_negatives_f001365.jpg,S2_negatives,S2_futsal_negatives_20260808_091048,S2_negatives,1365,61.275,269,250,-170,-1,2,49,,,0,flight,,,,1,0,233.9,sharp,,,not_applicable,0
S2_negatives_f001372.jpg,S2_negatives,S2_futsal_negatives_20260808_091048,S2_negatives,1372,61.498,268,250,-170,0,1,48,,,0,flight,,,,1,0,232.3,sharp,,,not_applicable,0
S2_negatives_f001379.jpg,S2_negatives,S2_futsal_negatives_20260808_091048,S2_negatives,1379,61.773,264,250,-170,0,-1,48,,,0,flight,,,,1,0,213.0,sharp,,,not_applicable,0
S2_negatives_f001386.jpg,S2_negatives,S2_futsal_negatives_20260808_091048,S2_negatives,1386,62.090,268,250,-170,0,-6,48,,,0,flight,,,,1,0,164.2,soft_heavy,,,not_applicable,0
S2_negatives_f001393.jpg,S2_negatives,S2_futsal_negatives_20260808_091048,S2_negatives,1393,62.294,264,250,-170,0,-6,48,,,0,flight,,,,1,0,159.8,soft_heavy,,,not_applicable,0
S2_negatives_f001400.jpg,S2_negatives,S2_futsal_negatives_20260808_091048,S2_negatives,1400,62.608,266,250,-170,0,-4,48,,,0,flight,,,,1,0,160.3,soft_heavy,,,not_applicable,0
S2_negatives_f001407.jpg,S2_negatives,S2_futsal_negatives_20260808_091048,S2_negatives,1407,62.933,266,250,-170,0,-4,48,,,0,flight,,,,1,0,186.9,sharp,,,not_applicable,0
S2_negatives_f001414.jpg,S2_negatives,S2_futsal_negatives_20260808_091048,S2_negatives,1414,63.286,260,250,-170,0,-3,48,,,0,flight,,,,1,0,155.8,soft_heavy,,,not_applicable,0
S2_negatives_f001421.jpg,S2_negatives,S2_futsal_negatives_20260808_091048,S2_negatives,1421,63.540,258,250,-170,0,0,48,,,0,flight,,,,1,0,154.7,soft_heavy,,,not_applicable,0
S2_negatives_f001428.jpg,S2_negatives,S2_futsal_negatives_20260808_091048,S2_negatives,1428,63.909,259,250,-171,-6,1,48,,,0,flight,,,,1,0,163.2,soft_heavy,,,not_applicable,0
S2_negatives_f001435.jpg,S2_negatives,S2_futsal_negatives_20260808_091048,S2_negatives,1435,64.175,263,250,-170,-5,1,48,,,0,flight,,,,1,0,152.7,soft_heavy,,,not_applicable,0
S2_negatives_f001442.jpg,S2_negatives,S2_futsal_negatives_20260808_091048,S2_negatives,1442,64.408,256,250,-170,-4,1,48,,,0,flight,,,,1,0,141.4,soft_heavy,,,not_applicable,0
S2_negatives_f001449.jpg,S2_negatives,S2_futsal_negatives_20260808_091048,S2_negatives,1449,64.678,272,250,-170,0,-1,47,,,0,flight,,,,1,0,173.0,soft_moderate,,,not_applicable,0
S2_negatives_f001456.jpg,S2_negatives,S2_futsal_negatives_20260808_091048,S2_negatives,1456,64.920,276,250,-170,2,-6,47,,,0,flight,,,,1,0,188.9,sharp,,,not_applicable,0
S2_negatives_f001463.jpg,S2_negatives,S2_futsal_negatives_20260808_091048,S2_negatives,1463,65.176,272,250,-170,1,-6,47,,,0,flight,,,,1,0,167.7,soft_moderate,,,not_applicable,0
S2_negatives_f001470.jpg,S2_negatives,S2_futsal_negatives_20260808_091048,S2_negatives,1470,65.490,273,250,-170,0,-4,47,,,0,flight,,,,1,0,169.6,soft_moderate,,,not_applicable,0
S2_negatives_f001477.jpg,S2_negatives,S2_futsal_negatives_20260808_091048,S2_negatives,1477,65.957,271,250,-170,0,-3,47,,,0,flight,,,,1,0,180.1,soft_moderate,,,not_applicable,0
S2_negatives_f001484.jpg,S2_negatives,S2_futsal_negatives_20260808_091048,S2_negatives,1484,66.209,276,250,-170,0,-3,47,,,0,flight,,,,1,0,173.9,soft_moderate,,,not_applicable,0
S2_negatives_f001491.jpg,S2_negatives,S2_futsal_negatives_20260808_091048,S2_negatives,1491,66.556,273,250,-171,0,-2,47,,,0,flight,,,,1,0,188.1,sharp,,,not_applicable,0
S2_negatives_f001498.jpg,S2_negatives,S2_futsal_negatives_20260808_091048,S2_negatives,1498,66.823,269,250,-170,-1,-2,47,,,0,flight,,,,1,0,199.7,sharp,,,not_applicable,0
S2_negatives_f001505.jpg,S2_negatives,S2_futsal_negatives_20260808_091048,S2_negatives,1505,67.210,260,250,-170,-1,-2,47,,,0,flight,,,,1,0,189.4,sharp,,,not_applicable,0
S2_negatives_f001512.jpg,S2_negatives,S2_futsal_negatives_20260808_091048,S2_negatives,1512,67.437,261,250,-170,0,-2,47,,,0,flight,,,,1,0,202.1,sharp,,,not_applicable,0
S2_negatives_f001519.jpg,S2_negatives,S2_futsal_negatives_20260808_091048,S2_negatives,1519,67.680,264,250,-170,0,-2,47,,,0,flight,,,,1,0,194.4,sharp,,,not_applicable,0
S2_negatives_f001526.jpg,S2_negatives,S2_futsal_negatives_20260808_091048,S2_negatives,1526,68.158,265,250,-171,-6,3,47,,,0,flight,,,,1,0,151.0,soft_heavy,,,not_applicable,0
S2_negatives_f001533.jpg,S2_negatives,S2_futsal_negatives_20260808_091048,S2_negatives,1533,68.392,263,250,-170,-1,-1,47,,,0,flight,,,,1,0,147.3,soft_heavy,,,not_applicable,0
S2_negatives_f001540.jpg,S2_negatives,S2_futsal_negatives_20260808_091048,S2_negatives,1540,68.656,265,250,-170,0,-4,47,,,0,flight,,,,1,0,206.6,sharp,,,not_applicable,0
S2_negatives_f001547.jpg,S2_negatives,S2_futsal_negatives_20260808_091048,S2_negatives,1547,68.870,272,250,-170,0,-4,47,,,0,flight,,,,1,0,221.7,sharp,,,not_applicable,0
S2_negatives_f001554.jpg,S2_negatives,S2_futsal_negatives_20260808_091048,S2_negatives,1554,69.143,271,250,-170,0,-3,47,,,0,flight,,,,1,0,207.9,sharp,,,not_applicable,0
S2_negatives_f001561.jpg,S2_negatives,S2_futsal_negatives_20260808_091048,S2_negatives,1561,69.373,267,250,-170,0,-3,47,,,0,flight,,,,1,0,220.5,sharp,,,not_applicable,0
S2_negatives_f001568.jpg,S2_negatives,S2_futsal_negatives_20260808_091048,S2_negatives,1568,69.704,268,250,-170,-1,-2,46,,,0,flight,,,,1,0,212.7,sharp,,,not_applicable,0
S2_negatives_f001575.jpg,S2_negatives,S2_futsal_negatives_20260808_091048,S2_negatives,1575,69.941,265,250,-170,-1,-2,46,,,0,flight,,,,1,0,223.3,sharp,,,not_applicable,0
S2_negatives_f001582.jpg,S2_negatives,S2_futsal_negatives_20260808_091048,S2_negatives,1582,70.191,268,250,-170,-1,-2,46,,,0,flight,,,,1,0,215.9,sharp,,,not_applicable,0
S2_negatives_f001589.jpg,S2_negatives,S2_futsal_negatives_20260808_091048,S2_negatives,1589,70.509,267,250,-170,-2,-2,46,,,0,flight,,,,1,0,215.8,sharp,,,not_applicable,0
S2_negatives_f001596.jpg,S2_negatives,S2_futsal_negatives_20260808_091048,S2_negatives,1596,70.823,265,250,-170,-2,-2,46,,,0,flight,,,,1,0,209.7,sharp,,,not_applicable,0
S2_negatives_f001603.jpg,S2_negatives,S2_futsal_negatives_20260808_091048,S2_negatives,1603,71.238,262,250,-170,-2,-2,46,,,0,flight,,,,1,0,213.7,sharp,,,not_applicable,0
S2_negatives_f001610.jpg,S2_negatives,S2_futsal_negatives_20260808_091048,S2_negatives,1610,71.513,265,250,-170,-2,-2,46,,,0,flight,,,,1,0,215.1,sharp,,,not_applicable,0
S2_negatives_f001617.jpg,S2_negatives,S2_futsal_negatives_20260808_091048,S2_negatives,1617,71.809,267,250,-170,-2,-2,46,,,0,flight,,,,1,0,208.7,sharp,,,not_applicable,0
S2_negatives_f001624.jpg,S2_negatives,S2_futsal_negatives_20260808_091048,S2_negatives,1624,72.082,268,250,-170,-2,-2,46,,,0,flight,,,,1,0,216.3,sharp,,,not_applicable,0
S2_negatives_f001631.jpg,S2_negatives,S2_futsal_negatives_20260808_091048,S2_negatives,1631,72.407,275,250,-170,-2,-2,46,,,0,flight,,,,1,0,221.7,sharp,,,not_applicable,0
S2_negatives_f001638.jpg,S2_negatives,S2_futsal_negatives_20260808_091048,S2_negatives,1638,72.682,270,250,-170,-2,-2,46,,,0,flight,,,,1,0,226.4,sharp,,,not_applicable,0
S2_negatives_f001645.jpg,S2_negatives,S2_futsal_negatives_20260808_091048,S2_negatives,1645,72.889,276,250,-170,-2,-2,46,,,0,flight,,,,1,0,211.3,sharp,,,not_applicable,0
S2_negatives_f001652.jpg,S2_negatives,S2_futsal_negatives_20260808_091048,S2_negatives,1652,73.187,269,250,-170,-2,-2,46,,,0,flight,,,,1,0,216.1,sharp,,,not_applicable,0
S2_negatives_f001659.jpg,S2_negatives,S2_futsal_negatives_20260808_091048,S2_negatives,1659,73.443,271,250,-170,-1,-2,46,,,0,flight,,,,1,0,213.4,sharp,,,not_applicable,0
S2_negatives_f001666.jpg,S2_negatives,S2_futsal_negatives_20260808_091048,S2_negatives,1666,73.668,271,250,-170,-2,-2,45,,,0,flight,,,,1,0,222.0,sharp,,,not_applicable,0
S2_negatives_f001673.jpg,S2_negatives,S2_futsal_negatives_20260808_091048,S2_negatives,1673,73.991,265,250,-170,-1,-2,45,,,0,flight,,,,1,0,220.6,sharp,,,not_applicable,0
S2_negatives_f001680.jpg,S2_negatives,S2_futsal_negatives_20260808_091048,S2_negatives,1680,74.253,268,250,-170,-1,-2,45,,,0,flight,,,,1,0,208.3,sharp,,,not_applicable,0
S2_negatives_f001687.jpg,S2_negatives,S2_futsal_negatives_20260808_091048,S2_negatives,1687,74.486,269,250,-170,-1,-2,45,,,0,flight,,,,1,0,193.3,sharp,,,not_applicable,0
S2_negatives_f001694.jpg,S2_negatives,S2_futsal_negatives_20260808_091048,S2_negatives,1694,74.870,264,250,-170,-1,-2,45,,,0,flight,,,,1,0,230.3,sharp,,,not_applicable,0
S2_negatives_f001701.jpg,S2_negatives,S2_futsal_negatives_20260808_091048,S2_negatives,1701,75.091,263,250,-170,-1,-2,45,,,0,flight,,,,1,0,212.8,sharp,,,not_applicable,0
S2_negatives_f001708.jpg,S2_negatives,S2_futsal_negatives_20260808_091048,S2_negatives,1708,75.374,264,250,-170,-1,-2,45,,,0,flight,,,,1,0,215.7,sharp,,,not_applicable,0
S2_negatives_f001715.jpg,S2_negatives,S2_futsal_negatives_20260808_091048,S2_negatives,1715,75.665,266,250,-170,-2,-2,45,,,0,flight,,,,1,0,213.4,sharp,,,not_applicable,0
S2_negatives_f001722.jpg,S2_negatives,S2_futsal_negatives_20260808_091048,S2_negatives,1722,75.919,267,250,-170,-2,-2,45,,,0,flight,,,,1,0,202.6,sharp,,,not_applicable,0
S2_negatives_f001729.jpg,S2_negatives,S2_futsal_negatives_20260808_091048,S2_negatives,1729,76.135,265,250,-170,-2,-2,45,,,0,flight,,,,1,0,202.1,sharp,,,not_applicable,0
S2_negatives_f001736.jpg,S2_negatives,S2_futsal_negatives_20260808_091048,S2_negatives,1736,76.463,270,250,-170,-2,-2,45,,,0,flight,,,,1,0,200.4,sharp,,,not_applicable,0
S2_negatives_f001743.jpg,S2_negatives,S2_futsal_negatives_20260808_091048,S2_negatives,1743,76.707,272,250,-170,-2,-2,45,,,0,flight,,,,1,0,186.1,sharp,,,not_applicable,0
S2_negatives_f001750.jpg,S2_negatives,S2_futsal_negatives_20260808_091048,S2_negatives,1750,76.962,272,250,-170,-2,-2,45,,,0,flight,,,,1,0,197.5,sharp,,,not_applicable,0
S2_negatives_f001757.jpg,S2_negatives,S2_futsal_negatives_20260808_091048,S2_negatives,1757,77.196,271,250,-170,-2,-2,45,,,0,flight,,,,1,0,188.0,sharp,,,not_applicable,0
S2_negatives_f001764.jpg,S2_negatives,S2_futsal_negatives_20260808_091048,S2_negatives,1764,77.506,269,250,-170,-2,-2,45,,,0,flight,,,,1,0,178.8,soft_moderate,,,not_applicable,0
S2_negatives_f001771.jpg,S2_negatives,S2_futsal_negatives_20260808_091048,S2_negatives,1771,77.758,268,250,-170,-2,-2,45,,,0,flight,,,,1,0,178.8,soft_moderate,,,not_applicable,0
S2_negatives_f001778.jpg,S2_negatives,S2_futsal_negatives_20260808_091048,S2_negatives,1778,77.988,266,250,-170,-2,-3,45,,,0,flight,,,,1,0,187.6,sharp,,,not_applicable,0
S2_negatives_f001785.jpg,S2_negatives,S2_futsal_negatives_20260808_091048,S2_negatives,1785,78.290,263,250,-170,-2,-2,45,,,0,flight,,,,1,0,177.3,soft_moderate,,,not_applicable,0
S2_negatives_f001792.jpg,S2_negatives,S2_futsal_negatives_20260808_091048,S2_negatives,1792,78.561,265,250,-170,-2,-2,45,,,0,flight,,,,1,0,177.8,soft_moderate,,,not_applicable,0
S2_negatives_f001799.jpg,S2_negatives,S2_futsal_negatives_20260808_091048,S2_negatives,1799,78.776,267,250,-170,-2,-3,45,,,0,flight,,,,1,0,180.7,soft_moderate,,,not_applicable,0
S2_negatives_f001806.jpg,S2_negatives,S2_futsal_negatives_20260808_091048,S2_negatives,1806,79.052,260,250,-170,-2,-3,45,,,0,flight,,,,1,0,184.2,sharp,,,not_applicable,0
S2_negatives_f001813.jpg,S2_negatives,S2_futsal_negatives_20260808_091048,S2_negatives,1813,79.377,263,250,-170,-2,-2,45,,,0,flight,,,,1,0,179.4,soft_moderate,,,not_applicable,0
S2_negatives_f001820.jpg,S2_negatives,S2_futsal_negatives_20260808_091048,S2_negatives,1820,79.693,265,250,-170,-2,-2,44,,,0,flight,,,,1,0,174.2,soft_moderate,,,not_applicable,0
S2_negatives_f001827.jpg,S2_negatives,S2_futsal_negatives_20260808_091048,S2_negatives,1827,79.995,268,250,-170,-2,-2,44,,,0,flight,,,,1,0,160.9,soft_heavy,,,not_applicable,0
S2_negatives_f001834.jpg,S2_negatives,S2_futsal_negatives_20260808_091048,S2_negatives,1834,80.282,261,250,-170,-2,-1,44,,,0,flight,,,,1,0,164.2,soft_heavy,,,not_applicable,0
S2_negatives_f001841.jpg,S2_negatives,S2_futsal_negatives_20260808_091048,S2_negatives,1841,80.510,256,250,-170,-2,1,44,,,0,flight,,,,1,0,161.4,soft_heavy,,,not_applicable,0
S2_negatives_f001848.jpg,S2_negatives,S2_futsal_negatives_20260808_091048,S2_negatives,1848,80.792,268,240,-164,-3,2,44,,,0,flight,,,,0,0,147.2,soft_heavy,,,not_applicable,0
S2_negatives_f001855.jpg,S2_negatives,S2_futsal_negatives_20260808_091048,S2_negatives,1855,81.121,268,250,-156,-3,1,44,,,0,flight,,,,0,0,169.2,soft_moderate,,,not_applicable,0
S2_negatives_f001862.jpg,S2_negatives,S2_futsal_negatives_20260808_091048,S2_negatives,1862,81.442,273,250,-151,-3,0,44,,,0,flight,,,,0,0,216.9,sharp,,,not_applicable,0
S2_negatives_f001869.jpg,S2_negatives,S2_futsal_negatives_20260808_091048,S2_negatives,1869,81.760,270,250,-151,-2,-4,44,,,0,flight,,,,0,0,218.3,sharp,,,not_applicable,0
S2_negatives_f001876.jpg,S2_negatives,S2_futsal_negatives_20260808_091048,S2_negatives,1876,82.023,273,250,-151,-2,-3,44,,,0,flight,,,,0,0,187.5,sharp,,,not_applicable,0
S2_negatives_f001883.jpg,S2_negatives,S2_futsal_negatives_20260808_091048,S2_negatives,1883,82.243,274,250,-151,-2,0,44,,,0,flight,,,,0,0,216.0,sharp,,,not_applicable,0
S2_negatives_f001890.jpg,S2_negatives,S2_futsal_negatives_20260808_091048,S2_negatives,1890,82.456,275,250,-151,-2,0,44,,,0,flight,,,,0,0,209.0,sharp,,,not_applicable,0
S2_negatives_f001897.jpg,S2_negatives,S2_futsal_negatives_20260808_091048,S2_negatives,1897,82.773,271,250,-143,-3,0,44,,,0,flight,,,,0,0,193.3,sharp,,,not_applicable,0
S2_negatives_f001904.jpg,S2_negatives,S2_futsal_negatives_20260808_091048,S2_negatives,1904,83.009,275,250,-136,-4,3,44,,,0,flight,,,,0,0,133.5,soft_heavy,,,not_applicable,0
S2_negatives_f001911.jpg,S2_negatives,S2_futsal_negatives_20260808_091048,S2_negatives,1911,83.273,273,250,-128,-4,0,44,,,0,flight,,,,0,0,166.2,soft_heavy,,,not_applicable,0
S2_negatives_f001918.jpg,S2_negatives,S2_futsal_negatives_20260808_091048,S2_negatives,1918,83.575,272,250,-123,-3,-1,43,,,0,flight,,,,0,0,203.7,sharp,,,not_applicable,0
S2_negatives_f001925.jpg,S2_negatives,S2_futsal_negatives_20260808_091048,S2_negatives,1925,83.803,272,250,-122,-2,-1,43,,,0,flight,,,,0,0,227.0,sharp,,,not_applicable,0
S2_negatives_f001932.jpg,S2_negatives,S2_futsal_negatives_20260808_091048,S2_negatives,1932,84.078,272,250,-122,-2,-1,43,,,0,flight,,,,0,0,233.8,sharp,,,not_applicable,0
S2_negatives_f001939.jpg,S2_negatives,S2_futsal_negatives_20260808_091048,S2_negatives,1939,84.310,275,250,-122,-1,-5,43,,,0,flight,,,,0,0,205.5,sharp,,,not_applicable,0
S2_negatives_f001946.jpg,S2_negatives,S2_futsal_negatives_20260808_091048,S2_negatives,1946,84.593,271,250,-121,-2,-7,43,,,0,flight,,,,0,0,204.2,sharp,,,not_applicable,0
S2_negatives_f001953.jpg,S2_negatives,S2_futsal_negatives_20260808_091048,S2_negatives,1953,84.831,270,250,-122,-2,-5,43,,,0,flight,,,,0,0,192.9,sharp,,,not_applicable,0
S2_negatives_f001960.jpg,S2_negatives,S2_futsal_negatives_20260808_091048,S2_negatives,1960,85.060,265,250,-122,-2,-4,43,,,0,flight,,,,0,0,192.7,sharp,,,not_applicable,0
S2_negatives_f001967.jpg,S2_negatives,S2_futsal_negatives_20260808_091048,S2_negatives,1967,85.349,259,250,-121,-2,-3,43,,,0,flight,,,,0,0,199.0,sharp,,,not_applicable,0
S2_negatives_f001974.jpg,S2_negatives,S2_futsal_negatives_20260808_091048,S2_negatives,1974,85.537,260,250,-122,-1,-4,43,,,0,flight,,,,0,0,198.8,sharp,,,not_applicable,0
S2_negatives_f001981.jpg,S2_negatives,S2_futsal_negatives_20260808_091048,S2_negatives,1981,85.786,252,250,-122,0,-2,43,,,0,flight,,,,0,0,199.8,sharp,,,not_applicable,0
S2_negatives_f001988.jpg,S2_negatives,S2_futsal_negatives_20260808_091048,S2_negatives,1988,86.081,248,240,-121,-2,0,43,,,0,flight,,,,0,0,198.9,sharp,,,not_applicable,0
S2_negatives_f001995.jpg,S2_negatives,S2_futsal_negatives_20260808_091048,S2_negatives,1995,86.409,257,240,-115,-3,0,43,,,0,flight,,,,1,0,269.9,sharp,,,not_applicable,0
S2_negatives_f002002.jpg,S2_negatives,S2_futsal_negatives_20260808_091048,S2_negatives,2002,86.707,259,240,-109,-3,0,42,,,0,flight,,,,1,0,266.4,sharp,,,not_applicable,0
S2_negatives_f002009.jpg,S2_negatives,S2_futsal_negatives_20260808_091048,S2_negatives,2009,87.874,265,250,-86,-1,-2,42,,,0,flight,,,,1,0,238.0,sharp,,,not_applicable,0
S2_negatives_f002016.jpg,S2_negatives,S2_futsal_negatives_20260808_091048,S2_negatives,2016,88.110,268,250,-86,-1,-2,42,,,0,flight,,,,1,0,203.9,sharp,,,not_applicable,0
S2_negatives_f002023.jpg,S2_negatives,S2_futsal_negatives_20260808_091048,S2_negatives,2023,88.336,264,250,-86,-2,-7,42,,,0,flight,,,,1,0,190.5,sharp,,,not_applicable,0
S2_negatives_f002030.jpg,S2_negatives,S2_futsal_negatives_20260808_091048,S2_negatives,2030,88.624,268,250,-86,-2,-8,42,,,0,flight,,,,1,0,185.3,sharp,,,not_applicable,0
S2_negatives_f002037.jpg,S2_negatives,S2_futsal_negatives_20260808_091048,S2_negatives,2037,88.910,271,250,-86,-1,-6,42,,,0,flight,,,,1,0,237.8,sharp,,,not_applicable,0
S2_negatives_f002044.jpg,S2_negatives,S2_futsal_negatives_20260808_091048,S2_negatives,2044,89.156,272,250,-86,-3,-3,42,,,0,flight,,,,1,0,192.7,sharp,,,not_applicable,0
S2_negatives_f002051.jpg,S2_negatives,S2_futsal_negatives_20260808_091048,S2_negatives,2051,89.491,268,250,-87,-2,-4,42,,,0,flight,,,,1,0,178.2,soft_moderate,,,not_applicable,0
S2_negatives_f002058.jpg,S2_negatives,S2_futsal_negatives_20260808_091048,S2_negatives,2058,89.872,265,250,-86,-2,-3,42,,,0,flight,,,,1,0,204.5,sharp,,,not_applicable,0
S2_negatives_f002065.jpg,S2_negatives,S2_futsal_negatives_20260808_091048,S2_negatives,2065,90.161,263,250,-86,-2,-4,42,,,0,flight,,,,1,0,174.2,soft_moderate,,,not_applicable,0
S2_negatives_f002072.jpg,S2_negatives,S2_futsal_negatives_20260808_091048,S2_negatives,2072,90.495,257,250,-86,-1,-4,42,,,0,flight,,,,1,0,181.6,soft_moderate,,,not_applicable,0
S2_negatives_f002079.jpg,S2_negatives,S2_futsal_negatives_20260808_091048,S2_negatives,2079,90.959,261,250,-86,-1,-3,42,,,0,flight,,,,1,0,185.7,sharp,,,not_applicable,0
S2_negatives_f002086.jpg,S2_negatives,S2_futsal_negatives_20260808_091048,S2_negatives,2086,91.239,264,240,-86,-2,-3,42,,,0,flight,,,,1,0,250.4,sharp,,,not_applicable,0
S2_negatives_f002093.jpg,S2_negatives,S2_futsal_negatives_20260808_091048,S2_negatives,2093,91.504,262,250,-86,-2,-2,41,,,0,flight,,,,1,0,279.6,sharp,,,not_applicable,0
S2_negatives_f002100.jpg,S2_negatives,S2_futsal_negatives_20260808_091048,S2_negatives,2100,91.764,263,250,-86,-2,-3,41,,,0,flight,,,,1,0,280.6,sharp,,,not_applicable,0
S2_negatives_f002107.jpg,S2_negatives,S2_futsal_negatives_20260808_091048,S2_negatives,2107,91.995,266,250,-86,-2,-3,41,,,0,flight,,,,1,0,195.7,sharp,,,not_applicable,0
S2_negatives_f002114.jpg,S2_negatives,S2_futsal_negatives_20260808_091048,S2_negatives,2114,92.310,266,250,-86,-2,-3,41,,,0,flight,,,,1,0,190.3,sharp,,,not_applicable,0
S2_negatives_f002121.jpg,S2_negatives,S2_futsal_negatives_20260808_091048,S2_negatives,2121,92.610,270,250,-86,-2,-2,41,,,0,flight,,,,1,0,205.4,sharp,,,not_applicable,0
S2_negatives_f002128.jpg,S2_negatives,S2_futsal_negatives_20260808_091048,S2_negatives,2128,92.877,274,250,-86,-2,1,41,,,0,flight,,,,1,0,222.1,sharp,,,not_applicable,0
S2_negatives_f002135.jpg,S2_negatives,S2_futsal_negatives_20260808_091048,S2_negatives,2135,93.169,271,250,-82,-2,0,41,,,0,flight,,,,1,0,181.8,soft_moderate,,,not_applicable,0
S2_negatives_f002142.jpg,S2_negatives,S2_futsal_negatives_20260808_091048,S2_negatives,2142,93.437,268,250,-77,-2,0,41,,,0,flight,,,,1,0,180.0,soft_moderate,,,not_applicable,0
S2_negatives_f002149.jpg,S2_negatives,S2_futsal_negatives_20260808_091048,S2_negatives,2149,93.693,264,250,-72,-2,-1,41,,,0,flight,,,,1,0,200.6,sharp,,,not_applicable,0
S2_negatives_f002156.jpg,S2_negatives,S2_futsal_negatives_20260808_091048,S2_negatives,2156,94.011,266,250,-70,-2,-1,41,,,0,flight,,,,1,0,201.9,sharp,,,not_applicable,0
S2_negatives_f002163.jpg,S2_negatives,S2_futsal_negatives_20260808_091048,S2_negatives,2163,94.324,266,250,-69,-1,-8,41,,,0,flight,,,,1,0,182.8,sharp,,,not_applicable,0
S2_negatives_f002170.jpg,S2_negatives,S2_futsal_negatives_20260808_091048,S2_negatives,2170,94.566,267,250,-69,-1,-7,40,,,0,flight,,,,1,0,200.6,sharp,,,not_applicable,0
S2_negatives_f002177.jpg,S2_negatives,S2_futsal_negatives_20260808_091048,S2_negatives,2177,94.803,273,250,-69,-1,-6,40,,,0,flight,,,,1,0,199.5,sharp,,,not_applicable,0
S2_negatives_f002184.jpg,S2_negatives,S2_futsal_negatives_20260808_091048,S2_negatives,2184,95.074,264,250,-69,0,-5,40,,,0,flight,,,,1,0,184.6,sharp,,,not_applicable,0
S2_negatives_f002191.jpg,S2_negatives,S2_futsal_negatives_20260808_091048,S2_negatives,2191,95.387,261,250,-69,-1,-4,40,,,0,flight,,,,1,0,198.4,sharp,,,not_applicable,0
S2_negatives_f002198.jpg,S2_negatives,S2_futsal_negatives_20260808_091048,S2_negatives,2198,95.605,256,250,-69,0,-4,40,,,0,flight,,,,1,0,201.0,sharp,,,not_applicable,0
S2_negatives_f002205.jpg,S2_negatives,S2_futsal_negatives_20260808_091048,S2_negatives,2205,95.893,257,250,-69,-1,-3,40,,,0,flight,,,,1,0,204.6,sharp,,,not_applicable,0
S2_negatives_f002212.jpg,S2_negatives,S2_futsal_negatives_20260808_091048,S2_negatives,2212,96.210,254,240,-68,0,-2,40,,,0,flight,,,,1,0,189.0,sharp,,,not_applicable,0
S2_negatives_f002219.jpg,S2_negatives,S2_futsal_negatives_20260808_091048,S2_negatives,2219,96.476,255,240,-69,0,-2,40,,,0,flight,,,,1,0,197.9,sharp,,,not_applicable,0
S2_negatives_f002226.jpg,S2_negatives,S2_futsal_negatives_20260808_091048,S2_negatives,2226,96.703,257,240,-69,0,-2,40,,,0,flight,,,,1,0,216.0,sharp,,,not_applicable,0
S2_negatives_f002233.jpg,S2_negatives,S2_futsal_negatives_20260808_091048,S2_negatives,2233,97.111,265,240,-69,0,-3,40,,,0,flight,,,,1,0,290.1,sharp,,,not_applicable,0
S2_negatives_f002240.jpg,S2_negatives,S2_futsal_negatives_20260808_091048,S2_negatives,2240,97.456,278,250,-69,0,-2,40,,,0,flight,,,,1,0,320.1,sharp,,,not_applicable,0
S2_negatives_f002247.jpg,S2_negatives,S2_futsal_negatives_20260808_091048,S2_negatives,2247,97.665,284,260,-69,0,0,40,,,0,flight,,,,1,0,290.3,sharp,,,not_applicable,0
S2_negatives_f002254.jpg,S2_negatives,S2_futsal_negatives_20260808_091048,S2_negatives,2254,97.958,283,260,-69,0,-2,40,,,0,flight,,,,1,0,214.4,sharp,,,not_applicable,0
S2_negatives_f002261.jpg,S2_negatives,S2_futsal_negatives_20260808_091048,S2_negatives,2261,98.245,282,260,-68,0,-2,40,,,0,flight,,,,1,0,206.9,sharp,,,not_applicable,0
S2_negatives_f002268.jpg,S2_negatives,S2_futsal_negatives_20260808_091048,S2_negatives,2268,98.508,280,260,-68,0,-1,40,,,0,flight,,,,1,0,216.2,sharp,,,not_applicable,0
S2_negatives_f002275.jpg,S2_negatives,S2_futsal_negatives_20260808_091048,S2_negatives,2275,98.863,273,260,-68,0,-1,40,,,0,flight,,,,1,0,191.8,sharp,,,not_applicable,0
S2_negatives_f002282.jpg,S2_negatives,S2_futsal_negatives_20260808_091048,S2_negatives,2282,99.161,263,250,-68,-1,-1,40,,,0,flight,,,,1,0,233.8,sharp,,,not_applicable,0
S2_negatives_f002289.jpg,S2_negatives,S2_futsal_negatives_20260808_091048,S2_negatives,2289,99.502,259,250,-68,-1,-1,40,,,0,flight,,,,1,0,259.4,sharp,,,not_applicable,0
S2_negatives_f002296.jpg,S2_negatives,S2_futsal_negatives_20260808_091048,S2_negatives,2296,99.796,259,250,-68,0,-2,39,,,0,flight,,,,1,0,294.7,sharp,,,not_applicable,0
S2_negatives_f002303.jpg,S2_negatives,S2_futsal_negatives_20260808_091048,S2_negatives,2303,100.057,259,240,-68,0,-1,39,,,0,flight,,,,1,0,200.0,sharp,,,not_applicable,0
S2_negatives_f002310.jpg,S2_negatives,S2_futsal_negatives_20260808_091048,S2_negatives,2310,100.306,261,240,-68,0,2,39,,,0,flight,,,,1,0,194.8,sharp,,,not_applicable,0
S2_negatives_f002317.jpg,S2_negatives,S2_futsal_negatives_20260808_091048,S2_negatives,2317,100.551,260,250,-68,0,2,39,,,0,flight,,,,1,0,207.5,sharp,,,not_applicable,0
S2_negatives_f002324.jpg,S2_negatives,S2_futsal_negatives_20260808_091048,S2_negatives,2324,100.810,261,250,-68,0,-2,39,,,0,flight,,,,1,0,221.6,sharp,,,not_applicable,0
S2_negatives_f002331.jpg,S2_negatives,S2_futsal_negatives_20260808_091048,S2_negatives,2331,101.060,266,250,-69,0,-3,39,,,0,flight,,,,1,0,203.6,sharp,,,not_applicable,0
S2_negatives_f002338.jpg,S2_negatives,S2_futsal_negatives_20260808_091048,S2_negatives,2338,101.329,269,250,-69,0,-4,39,,,0,flight,,,,1,0,200.4,sharp,,,not_applicable,0
S2_negatives_f002345.jpg,S2_negatives,S2_futsal_negatives_20260808_091048,S2_negatives,2345,101.635,269,250,-68,0,-3,39,,,0,flight,,,,1,0,192.7,sharp,,,not_applicable,0
S2_negatives_f002352.jpg,S2_negatives,S2_futsal_negatives_20260808_091048,S2_negatives,2352,101.893,266,250,-69,0,1,39,,,0,flight,,,,1,0,216.5,sharp,,,not_applicable,0
S2_negatives_f002359.jpg,S2_negatives,S2_futsal_negatives_20260808_091048,S2_negatives,2359,102.167,267,250,-68,0,1,39,,,0,flight,,,,1,0,227.2,sharp,,,not_applicable,0
S2_negatives_f002366.jpg,S2_negatives,S2_futsal_negatives_20260808_091048,S2_negatives,2366,102.460,269,250,-68,0,0,39,,,0,flight,,,,1,0,220.2,sharp,,,not_applicable,0
S2_negatives_f002373.jpg,S2_negatives,S2_futsal_negatives_20260808_091048,S2_negatives,2373,102.726,275,260,-69,0,0,38,,,0,flight,,,,1,0,229.4,sharp,,,not_applicable,0
S2_negatives_f002380.jpg,S2_negatives,S2_futsal_negatives_20260808_091048,S2_negatives,2380,102.975,290,260,-68,0,0,38,,,0,flight,,,,1,0,235.7,sharp,,,not_applicable,0
S2_negatives_f002387.jpg,S2_negatives,S2_futsal_negatives_20260808_091048,S2_negatives,2387,103.323,306,280,-68,0,-1,38,,,0,flight,,,,1,0,215.8,sharp,,,not_applicable,0
S2_negatives_f002394.jpg,S2_negatives,S2_futsal_negatives_20260808_091048,S2_negatives,2394,103.569,312,290,-69,0,-2,38,,,0,flight,,,,1,0,229.2,sharp,,,not_applicable,0
S2_negatives_f002401.jpg,S2_negatives,S2_futsal_negatives_20260808_091048,S2_negatives,2401,103.810,318,290,-69,0,-2,38,,,0,flight,,,,1,0,262.0,sharp,,,not_applicable,0
S2_negatives_f002408.jpg,S2_negatives,S2_futsal_negatives_20260808_091048,S2_negatives,2408,104.143,329,300,-69,-1,-1,38,,,0,flight,,,,1,0,250.4,sharp,,,not_applicable,0
S2_negatives_f002415.jpg,S2_negatives,S2_futsal_negatives_20260808_091048,S2_negatives,2415,104.391,341,310,-68,-1,-1,38,,,0,flight,,,,1,0,241.6,sharp,,,not_applicable,0
S2_negatives_f002422.jpg,S2_negatives,S2_futsal_negatives_20260808_091048,S2_negatives,2422,104.691,351,320,-69,-2,-1,38,,,0,flight,,,,1,0,259.0,sharp,,,not_applicable,0
S2_negatives_f002429.jpg,S2_negatives,S2_futsal_negatives_20260808_091048,S2_negatives,2429,104.972,348,320,-69,-2,-1,38,,,0,flight,,,,1,0,253.8,sharp,,,not_applicable,0
S2_negatives_f002436.jpg,S2_negatives,S2_futsal_negatives_20260808_091048,S2_negatives,2436,105.205,357,330,-69,-1,0,38,,,0,flight,,,,1,0,256.3,sharp,,,not_applicable,0
S2_negatives_f002443.jpg,S2_negatives,S2_futsal_negatives_20260808_091048,S2_negatives,2443,105.492,372,340,-69,-1,0,38,,,0,flight,,,,1,0,253.4,sharp,,,not_applicable,0
S2_negatives_f002450.jpg,S2_negatives,S2_futsal_negatives_20260808_091048,S2_negatives,2450,105.742,376,350,-69,-1,-1,38,,,0,flight,,,,1,0,256.9,sharp,,,not_applicable,0
S2_negatives_f002457.jpg,S2_negatives,S2_futsal_negatives_20260808_091048,S2_negatives,2457,106.028,385,360,-69,-2,0,38,,,0,flight,,,,1,0,248.6,sharp,,,not_applicable,0
S2_negatives_f002464.jpg,S2_negatives,S2_futsal_negatives_20260808_091048,S2_negatives,2464,106.271,392,360,-68,-2,0,38,,,0,flight,,,,1,0,244.6,sharp,,,not_applicable,0
S2_negatives_f002471.jpg,S2_negatives,S2_futsal_negatives_20260808_091048,S2_negatives,2471,106.572,393,370,-69,-2,-1,38,,,0,flight,,,,1,0,262.7,sharp,,,not_applicable,0
S2_negatives_f002478.jpg,S2_negatives,S2_futsal_negatives_20260808_091048,S2_negatives,2478,106.830,399,370,-69,-3,-1,38,,,0,flight,,,,1,0,314.3,sharp,,,not_applicable,0
S2_negatives_f002485.jpg,S2_negatives,S2_futsal_negatives_20260808_091048,S2_negatives,2485,107.175,393,370,-69,-3,0,38,,,0,flight,,,,1,0,283.7,sharp,,,not_applicable,0
S2_negatives_f002492.jpg,S2_negatives,S2_futsal_negatives_20260808_091048,S2_negatives,2492,107.511,401,370,-61,-3,0,37,,,0,flight,,,,1,0,242.3,sharp,,,not_applicable,0
S2_negatives_f002499.jpg,S2_negatives,S2_futsal_negatives_20260808_091048,S2_negatives,2499,107.776,396,370,-57,-4,0,37,,,0,flight,,,,1,0,226.8,sharp,,,not_applicable,0
S2_negatives_f002506.jpg,S2_negatives,S2_futsal_negatives_20260808_091048,S2_negatives,2506,108.080,396,370,-57,-3,0,37,,,0,flight,,,,1,0,224.0,sharp,,,not_applicable,0
S2_negatives_f002513.jpg,S2_negatives,S2_futsal_negatives_20260808_091048,S2_negatives,2513,108.372,405,370,-57,-2,-5,37,,,0,flight,,,,1,0,220.5,sharp,,,not_applicable,0
S2_negatives_f002520.jpg,S2_negatives,S2_futsal_negatives_20260808_091048,S2_negatives,2520,108.573,402,370,-57,-1,-5,37,,,0,flight,,,,1,0,222.7,sharp,,,not_applicable,0
S2_negatives_f002527.jpg,S2_negatives,S2_futsal_negatives_20260808_091048,S2_negatives,2527,108.857,390,370,-57,-1,-4,37,,,0,flight,,,,1,0,266.0,sharp,,,not_applicable,0
S2_negatives_f002534.jpg,S2_negatives,S2_futsal_negatives_20260808_091048,S2_negatives,2534,109.146,393,370,-57,-2,-4,37,,,0,flight,,,,1,0,217.0,sharp,,,not_applicable,0
S2_negatives_f002541.jpg,S2_negatives,S2_futsal_negatives_20260808_091048,S2_negatives,2541,109.364,395,370,-57,-2,-3,37,,,0,flight,,,,1,0,218.7,sharp,,,not_applicable,0
S2_negatives_f002548.jpg,S2_negatives,S2_futsal_negatives_20260808_091048,S2_negatives,2548,109.639,393,370,-56,-1,-3,37,,,0,flight,,,,1,0,228.4,sharp,,,not_applicable,0
S2_negatives_f002555.jpg,S2_negatives,S2_futsal_negatives_20260808_091048,S2_negatives,2555,109.928,390,370,-57,-1,-3,37,,,0,flight,,,,1,0,228.1,sharp,,,not_applicable,0
S2_negatives_f002562.jpg,S2_negatives,S2_futsal_negatives_20260808_091048,S2_negatives,2562,110.228,387,370,-57,-1,-3,37,,,0,flight,,,,1,0,219.5,sharp,,,not_applicable,0
S2_negatives_f002569.jpg,S2_negatives,S2_futsal_negatives_20260808_091048,S2_negatives,2569,110.498,368,370,-57,-1,-3,37,,,0,flight,,,,1,0,223.5,sharp,,,not_applicable,0
S2_negatives_f002576.jpg,S2_negatives,S2_futsal_negatives_20260808_091048,S2_negatives,2576,110.766,365,360,-57,-2,-2,37,,,0,flight,,,,1,0,230.6,sharp,,,not_applicable,0
S2_negatives_f002583.jpg,S2_negatives,S2_futsal_negatives_20260808_091048,S2_negatives,2583,111.011,363,350,-57,-2,-2,37,,,0,flight,,,,1,0,227.8,sharp,,,not_applicable,0
S2_negatives_f002590.jpg,S2_negatives,S2_futsal_negatives_20260808_091048,S2_negatives,2590,111.279,374,350,-57,-2,-3,37,,,0,flight,,,,1,0,212.0,sharp,,,not_applicable,0
S2_negatives_f002597.jpg,S2_negatives,S2_futsal_negatives_20260808_091048,S2_negatives,2597,111.543,386,360,-57,-1,-3,37,,,0,flight,,,,1,0,217.4,sharp,,,not_applicable,0
S2_negatives_f002604.jpg,S2_negatives,S2_futsal_negatives_20260808_091048,S2_negatives,2604,111.830,399,370,-57,-2,-3,37,,,0,flight,,,,1,0,226.0,sharp,,,not_applicable,0
S2_negatives_f002611.jpg,S2_negatives,S2_futsal_negatives_20260808_091048,S2_negatives,2611,112.107,401,370,-57,-2,-2,37,,,0,flight,,,,1,0,226.2,sharp,,,not_applicable,0
S2_negatives_f002618.jpg,S2_negatives,S2_futsal_negatives_20260808_091048,S2_negatives,2618,112.378,407,380,-57,-2,-3,37,,,0,flight,,,,1,0,226.7,sharp,,,not_applicable,0
S2_negatives_f002625.jpg,S2_negatives,S2_futsal_negatives_20260808_091048,S2_negatives,2625,112.612,405,380,-57,-2,-3,36,,,0,flight,,,,1,0,234.9,sharp,,,not_applicable,0
S2_negatives_f002632.jpg,S2_negatives,S2_futsal_negatives_20260808_091048,S2_negatives,2632,112.929,398,380,-57,-1,-2,36,,,0,flight,,,,1,0,236.1,sharp,,,not_applicable,0
S2_negatives_f002639.jpg,S2_negatives,S2_futsal_negatives_20260808_091048,S2_negatives,2639,113.191,392,380,-57,-1,-3,36,,,0,flight,,,,1,0,230.8,sharp,,,not_applicable,0
S2_negatives_f002646.jpg,S2_negatives,S2_futsal_negatives_20260808_091048,S2_negatives,2646,113.429,377,370,-57,-3,-1,36,,,0,flight,,,,1,0,229.2,sharp,,,not_applicable,0
S2_negatives_f002653.jpg,S2_negatives,S2_futsal_negatives_20260808_091048,S2_negatives,2653,113.724,381,370,-56,-2,-1,36,,,0,flight,,,,1,0,239.1,sharp,,,not_applicable,0
S2_negatives_f002660.jpg,S2_negatives,S2_futsal_negatives_20260808_091048,S2_negatives,2660,113.993,379,360,-56,-3,-1,36,,,0,flight,,,,1,0,232.3,sharp,,,not_applicable,0
S2_negatives_f002667.jpg,S2_negatives,S2_futsal_negatives_20260808_091048,S2_negatives,2667,114.320,384,360,-57,-2,-2,36,,,0,flight,,,,1,0,237.0,sharp,,,not_applicable,0
S2_negatives_f002674.jpg,S2_negatives,S2_futsal_negatives_20260808_091048,S2_negatives,2674,114.536,378,360,-57,-2,-1,36,,,0,flight,,,,1,0,246.3,sharp,,,not_applicable,0
S2_negatives_f002681.jpg,S2_negatives,S2_futsal_negatives_20260808_091048,S2_negatives,2681,114.828,381,370,-57,-2,-1,36,,,0,flight,,,,1,0,241.0,sharp,,,not_applicable,0
S2_negatives_f002688.jpg,S2_negatives,S2_futsal_negatives_20260808_091048,S2_negatives,2688,115.136,388,370,-57,-2,-2,36,,,0,flight,,,,1,0,242.1,sharp,,,not_applicable,0
S2_negatives_f002695.jpg,S2_negatives,S2_futsal_negatives_20260808_091048,S2_negatives,2695,115.362,385,370,-57,-2,-1,36,,,0,flight,,,,1,0,241.5,sharp,,,not_applicable,0
S2_negatives_f002702.jpg,S2_negatives,S2_futsal_negatives_20260808_091048,S2_negatives,2702,115.607,384,370,-57,-2,-1,36,,,0,flight,,,,1,0,247.6,sharp,,,not_applicable,0
S2_negatives_f002709.jpg,S2_negatives,S2_futsal_negatives_20260808_091048,S2_negatives,2709,115.862,384,370,-57,-2,-1,36,,,0,flight,,,,1,0,267.9,sharp,,,not_applicable,0
S2_negatives_f002716.jpg,S2_negatives,S2_futsal_negatives_20260808_091048,S2_negatives,2716,116.207,394,370,-57,-2,-1,36,,,0,flight,,,,1,0,232.3,sharp,,,not_applicable,0
S2_negatives_f002723.jpg,S2_negatives,S2_futsal_negatives_20260808_091048,S2_negatives,2723,116.488,385,370,-57,-1,-1,35,,,0,flight,,,,1,0,236.7,sharp,,,not_applicable,0
S2_negatives_f002730.jpg,S2_negatives,S2_futsal_negatives_20260808_091048,S2_negatives,2730,116.789,387,370,-57,-1,-1,35,,,0,flight,,,,1,0,246.7,sharp,,,not_applicable,0
S2_negatives_f002737.jpg,S2_negatives,S2_futsal_negatives_20260808_091048,S2_negatives,2737,116.996,388,370,-57,-1,-1,35,,,0,flight,,,,1,0,251.6,sharp,,,not_applicable,0
S2_negatives_f002744.jpg,S2_negatives,S2_futsal_negatives_20260808_091048,S2_negatives,2744,117.378,383,370,-57,-1,-1,35,,,0,flight,,,,1,0,243.9,sharp,,,not_applicable,0
S2_negatives_f002751.jpg,S2_negatives,S2_futsal_negatives_20260808_091048,S2_negatives,2751,117.603,386,370,-57,-1,-1,35,,,0,flight,,,,1,0,241.2,sharp,,,not_applicable,0
S2_negatives_f002758.jpg,S2_negatives,S2_futsal_negatives_20260808_091048,S2_negatives,2758,117.911,391,370,-57,-1,-1,35,,,0,flight,,,,1,0,248.8,sharp,,,not_applicable,0
S2_negatives_f002765.jpg,S2_negatives,S2_futsal_negatives_20260808_091048,S2_negatives,2765,118.183,385,370,-57,-1,0,35,,,0,flight,,,,1,0,247.0,sharp,,,not_applicable,0
S2_negatives_f002772.jpg,S2_negatives,S2_futsal_negatives_20260808_091048,S2_negatives,2772,118.425,393,370,-57,-2,0,35,,,0,flight,,,,1,0,256.7,sharp,,,not_applicable,0
S2_negatives_f002779.jpg,S2_negatives,S2_futsal_negatives_20260808_091048,S2_negatives,2779,118.727,390,370,-57,-2,0,35,,,0,flight,,,,1,0,264.5,sharp,,,not_applicable,0
S2_negatives_f002786.jpg,S2_negatives,S2_futsal_negatives_20260808_091048,S2_negatives,2786,119.022,388,370,-57,-2,0,35,,,0,flight,,,,1,0,236.6,sharp,,,not_applicable,0
S2_negatives_f002793.jpg,S2_negatives,S2_futsal_negatives_20260808_091048,S2_negatives,2793,119.310,381,370,-57,-2,0,35,,,0,flight,,,,1,0,231.6,sharp,,,not_applicable,0
S2_negatives_f002800.jpg,S2_negatives,S2_futsal_negatives_20260808_091048,S2_negatives,2800,119.543,388,370,-57,-2,0,35,,,0,flight,,,,1,0,242.9,sharp,,,not_applicable,0
S2_negatives_f002807.jpg,S2_negatives,S2_futsal_negatives_20260808_091048,S2_negatives,2807,119.843,385,370,-57,-2,0,35,,,0,flight,,,,1,0,247.4,sharp,,,not_applicable,0
S2_negatives_f002814.jpg,S2_negatives,S2_futsal_negatives_20260808_091048,S2_negatives,2814,120.065,392,370,-57,-2,0,35,,,0,flight,,,,1,0,229.7,sharp,,,not_applicable,0
S2_negatives_f002821.jpg,S2_negatives,S2_futsal_negatives_20260808_091048,S2_negatives,2821,120.378,378,370,-57,-1,0,35,,,0,flight,,,,1,0,234.4,sharp,,,not_applicable,0
S2_negatives_f002828.jpg,S2_negatives,S2_futsal_negatives_20260808_091048,S2_negatives,2828,120.633,385,370,-57,-1,0,35,,,0,flight,,,,1,0,241.9,sharp,,,not_applicable,0
S2_negatives_f002835.jpg,S2_negatives,S2_futsal_negatives_20260808_091048,S2_negatives,2835,120.873,389,370,-57,-1,0,35,,,0,flight,,,,1,0,299.7,sharp,,,not_applicable,0
S2_negatives_f002842.jpg,S2_negatives,S2_futsal_negatives_20260808_091048,S2_negatives,2842,121.164,387,370,-57,0,0,35,,,0,flight,,,,1,0,243.4,sharp,,,not_applicable,0
S2_negatives_f002849.jpg,S2_negatives,S2_futsal_negatives_20260808_091048,S2_negatives,2849,121.500,393,370,-56,0,1,35,,,0,flight,,,,1,0,230.7,sharp,,,not_applicable,0
S2_negatives_f002856.jpg,S2_negatives,S2_futsal_negatives_20260808_091048,S2_negatives,2856,121.870,374,370,-56,0,1,35,,,0,flight,,,,1,0,239.6,sharp,,,not_applicable,0
S2_negatives_f002863.jpg,S2_negatives,S2_futsal_negatives_20260808_091048,S2_negatives,2863,122.121,366,360,-57,0,1,35,,,0,flight,,,,1,0,226.4,sharp,,,not_applicable,0
S2_negatives_f002870.jpg,S2_negatives,S2_futsal_negatives_20260808_091048,S2_negatives,2870,122.401,365,360,-57,0,0,35,,,0,flight,,,,1,0,229.2,sharp,,,not_applicable,0
S2_negatives_f002877.jpg,S2_negatives,S2_futsal_negatives_20260808_091048,S2_negatives,2877,122.643,383,360,-56,0,0,35,,,0,flight,,,,1,0,240.0,sharp,,,not_applicable,0
S2_negatives_f002884.jpg,S2_negatives,S2_futsal_negatives_20260808_091048,S2_negatives,2884,122.902,385,370,-57,0,-1,35,,,0,flight,,,,1,0,204.9,sharp,,,not_applicable,0
S2_negatives_f002891.jpg,S2_negatives,S2_futsal_negatives_20260808_091048,S2_negatives,2891,123.140,401,370,-57,0,-1,35,,,0,flight,,,,1,0,213.4,sharp,,,not_applicable,0
S2_negatives_f002898.jpg,S2_negatives,S2_futsal_negatives_20260808_091048,S2_negatives,2898,123.399,406,380,-56,0,0,35,,,0,flight,,,,1,0,202.7,sharp,,,not_applicable,0
S2_negatives_f002905.jpg,S2_negatives,S2_futsal_negatives_20260808_091048,S2_negatives,2905,123.942,393,380,-56,0,-2,34,,,0,flight,,,,1,0,240.5,sharp,,,not_applicable,0
S2_negatives_f002912.jpg,S2_negatives,S2_futsal_negatives_20260808_091048,S2_negatives,2912,124.361,388,370,-55,0,0,34,,,0,flight,,,,1,0,234.8,sharp,,,not_applicable,0
S2_negatives_f002919.jpg,S2_negatives,S2_futsal_negatives_20260808_091048,S2_negatives,2919,124.838,383,370,-49,0,1,34,,,0,flight,,,,1,0,218.2,sharp,,,not_applicable,0
S2_negatives_f002926.jpg,S2_negatives,S2_futsal_negatives_20260808_091048,S2_negatives,2926,125.594,378,360,-34,-1,0,34,,,0,flight,,,,1,0,242.4,sharp,,,not_applicable,0
S2_negatives_f002933.jpg,S2_negatives,S2_futsal_negatives_20260808_091048,S2_negatives,2933,125.907,390,370,-21,-1,0,34,,,0,flight,,,,1,0,226.3,sharp,,,not_applicable,0
S2_negatives_f002940.jpg,S2_negatives,S2_futsal_negatives_20260808_091048,S2_negatives,2940,126.464,392,370,-11,-1,-1,34,,,0,flight,,,,1,0,323.7,sharp,,,not_applicable,0
S2_negatives_f002947.jpg,S2_negatives,S2_futsal_negatives_20260808_091048,S2_negatives,2947,126.875,393,370,-1,-1,-1,34,,,0,flight,,,,1,0,322.2,sharp,,,not_applicable,0
S2_negatives_f002954.jpg,S2_negatives,S2_futsal_negatives_20260808_091048,S2_negatives,2954,128.008,387,370,8,-1,1,33,,,0,flight,,,,1,0,289.1,sharp,,,not_applicable,0
S2_negatives_f002961.jpg,S2_negatives,S2_futsal_negatives_20260808_091048,S2_negatives,2961,128.324,392,370,8,-2,0,33,,,0,flight,,,,1,0,285.7,sharp,,,not_applicable,0
S2_negatives_f002968.jpg,S2_negatives,S2_futsal_negatives_20260808_091048,S2_negatives,2968,128.546,393,370,8,-2,1,33,,,0,flight,,,,1,0,290.4,sharp,,,not_applicable,0
S2_negatives_f002975.jpg,S2_negatives,S2_futsal_negatives_20260808_091048,S2_negatives,2975,128.761,396,370,8,-2,0,33,,,0,flight,,,,1,0,283.1,sharp,,,not_applicable,0
S2_negatives_f002982.jpg,S2_negatives,S2_futsal_negatives_20260808_091048,S2_negatives,2982,129.070,398,370,8,-2,0,33,,,0,flight,,,,1,0,267.2,sharp,,,not_applicable,0
S2_negatives_f002989.jpg,S2_negatives,S2_futsal_negatives_20260808_091048,S2_negatives,2989,129.382,403,380,8,-2,0,33,,,0,flight,,,,1,0,277.3,sharp,,,not_applicable,0
S2_negatives_f002996.jpg,S2_negatives,S2_futsal_negatives_20260808_091048,S2_negatives,2996,129.683,414,390,8,-2,-1,33,,,0,flight,,,,1,0,284.5,sharp,,,not_applicable,0
S2_negatives_f003003.jpg,S2_negatives,S2_futsal_negatives_20260808_091048,S2_negatives,3003,129.962,412,390,8,-2,-1,33,,,0,flight,,,,1,0,308.7,sharp,,,not_applicable,0
S2_negatives_f003010.jpg,S2_negatives,S2_futsal_negatives_20260808_091048,S2_negatives,3010,130.201,416,390,8,-1,-1,33,,,0,flight,,,,1,0,294.0,sharp,,,not_applicable,0
S2_negatives_f003017.jpg,S2_negatives,S2_futsal_negatives_20260808_091048,S2_negatives,3017,130.429,412,390,8,-2,0,33,,,0,flight,,,,1,0,272.9,sharp,,,not_applicable,0
S2_negatives_f003024.jpg,S2_negatives,S2_futsal_negatives_20260808_091048,S2_negatives,3024,130.720,415,390,8,-6,0,32,,,0,flight,,,,1,0,240.4,sharp,,,not_applicable,0
S2_negatives_f003031.jpg,S2_negatives,S2_futsal_negatives_20260808_091048,S2_negatives,3031,131.015,412,390,8,-7,0,32,,,0,flight,,,,1,0,257.4,sharp,,,not_applicable,0
S2_negatives_f003038.jpg,S2_negatives,S2_futsal_negatives_20260808_091048,S2_negatives,3038,131.244,407,390,8,-6,0,32,,,0,flight,,,,1,0,276.2,sharp,,,not_applicable,0
S2_negatives_f003045.jpg,S2_negatives,S2_futsal_negatives_20260808_091048,S2_negatives,3045,131.520,402,390,8,-5,0,32,,,0,flight,,,,1,0,289.1,sharp,,,not_applicable,0
S2_negatives_f003052.jpg,S2_negatives,S2_futsal_negatives_20260808_091048,S2_negatives,3052,131.743,410,390,8,-4,0,32,,,0,flight,,,,1,0,282.0,sharp,,,not_applicable,0
S2_negatives_f003059.jpg,S2_negatives,S2_futsal_negatives_20260808_091048,S2_negatives,3059,132.047,413,390,8,-4,0,32,,,0,flight,,,,1,0,266.7,sharp,,,not_applicable,0
S2_negatives_f003066.jpg,S2_negatives,S2_futsal_negatives_20260808_091048,S2_negatives,3066,132.306,408,390,8,-4,0,32,,,0,flight,,,,1,0,270.0,sharp,,,not_applicable,0
S2_negatives_f003073.jpg,S2_negatives,S2_futsal_negatives_20260808_091048,S2_negatives,3073,132.572,409,390,8,-3,-1,32,,,0,flight,,,,1,0,269.6,sharp,,,not_applicable,0
S2_negatives_f003080.jpg,S2_negatives,S2_futsal_negatives_20260808_091048,S2_negatives,3080,132.862,405,390,8,0,0,32,,,0,flight,,,,1,0,321.5,sharp,,,not_applicable,0
S2_negatives_f003087.jpg,S2_negatives,S2_futsal_negatives_20260808_091048,S2_negatives,3087,133.165,397,390,8,0,1,32,,,0,flight,,,,1,0,262.0,sharp,,,not_applicable,0
S2_negatives_f003094.jpg,S2_negatives,S2_futsal_negatives_20260808_091048,S2_negatives,3094,133.465,383,390,8,0,0,32,,,0,flight,,,,1,0,247.1,sharp,,,not_applicable,0
S2_negatives_f003101.jpg,S2_negatives,S2_futsal_negatives_20260808_091048,S2_negatives,3101,133.696,389,390,8,0,-5,31,,,0,flight,,,,1,0,252.2,sharp,,,not_applicable,0
S2_negatives_f003108.jpg,S2_negatives,S2_futsal_negatives_20260808_091048,S2_negatives,3108,133.963,392,390,8,0,-6,31,,,0,flight,,,,1,0,256.0,sharp,,,not_applicable,0
S2_negatives_f003115.jpg,S2_negatives,S2_futsal_negatives_20260808_091048,S2_negatives,3115,134.211,391,390,8,0,-4,31,,,0,flight,,,,1,0,241.8,sharp,,,not_applicable,0
S2_negatives_f003122.jpg,S2_negatives,S2_futsal_negatives_20260808_091048,S2_negatives,3122,134.530,388,390,8,0,-3,31,,,0,flight,,,,1,0,246.5,sharp,,,not_applicable,0
S2_negatives_f003129.jpg,S2_negatives,S2_futsal_negatives_20260808_091048,S2_negatives,3129,134.812,385,380,8,0,-3,31,,,0,flight,,,,1,0,253.3,sharp,,,not_applicable,0
S2_negatives_f003136.jpg,S2_negatives,S2_futsal_negatives_20260808_091048,S2_negatives,3136,135.091,383,380,8,1,-2,31,,,0,flight,,,,1,0,253.1,sharp,,,not_applicable,0
S2_negatives_f003143.jpg,S2_negatives,S2_futsal_negatives_20260808_091048,S2_negatives,3143,135.330,383,380,8,0,-2,31,,,0,flight,,,,1,0,255.1,sharp,,,not_applicable,0
S2_negatives_f003150.jpg,S2_negatives,S2_futsal_negatives_20260808_091048,S2_negatives,3150,135.634,387,380,8,0,0,31,,,0,flight,,,,1,0,246.9,sharp,,,not_applicable,0
S2_negatives_f003157.jpg,S2_negatives,S2_futsal_negatives_20260808_091048,S2_negatives,3157,135.926,401,380,8,-5,2,31,,,0,flight,,,,1,0,239.6,sharp,,,not_applicable,0
S2_negatives_f003164.jpg,S2_negatives,S2_futsal_negatives_20260808_091048,S2_negatives,3164,136.177,393,380,8,-4,1,31,,,1,flight,,,,1,0,242.9,sharp,,,not_applicable,0
S2_negatives_f003171.jpg,S2_negatives,S2_futsal_negatives_20260808_091048,S2_negatives,3171,136.474,411,380,8,-3,-1,31,,,1,flight,,,,1,0,274.1,sharp,,,not_applicable,0
S2_negatives_f003178.jpg,S2_negatives,S2_futsal_negatives_20260808_091048,S2_negatives,3178,136.744,420,390,8,-2,-2,31,,,1,flight,,,,1,0,269.4,sharp,,,not_applicable,0
S2_negatives_f003185.jpg,S2_negatives,S2_futsal_negatives_20260808_091048,S2_negatives,3185,136.970,427,400,7,1,-5,31,,,1,flight,,,,1,0,254.9,sharp,,,not_applicable,0
S2_negatives_f003192.jpg,S2_negatives,S2_futsal_negatives_20260808_091048,S2_negatives,3192,137.256,437,400,7,4,-8,31,,,1,flight,,,,1,0,233.2,sharp,,,not_applicable,0
S2_negatives_f003199.jpg,S2_negatives,S2_futsal_negatives_20260808_091048,S2_negatives,3199,137.500,423,400,7,4,-7,31,,,1,flight,,,,1,0,221.9,sharp,,,not_applicable,0
S2_negatives_f003206.jpg,S2_negatives,S2_futsal_negatives_20260808_091048,S2_negatives,3206,137.864,418,400,7,1,-5,30,,,1,flight,,,,1,0,207.7,sharp,,,not_applicable,0
S2_negatives_f003213.jpg,S2_negatives,S2_futsal_negatives_20260808_091048,S2_negatives,3213,138.130,400,390,7,-1,-2,30,,,1,flight,,,,1,0,207.1,sharp,,,not_applicable,0
S2_negatives_f003220.jpg,S2_negatives,S2_futsal_negatives_20260808_091048,S2_negatives,3220,138.440,399,390,8,-3,-1,30,,,1,flight,,,,1,0,234.7,sharp,,,not_applicable,0
S2_negatives_f003227.jpg,S2_negatives,S2_futsal_negatives_20260808_091048,S2_negatives,3227,138.705,391,380,8,-2,-4,30,,,1,flight,,,,1,0,245.3,sharp,,,not_applicable,0
S2_negatives_f003234.jpg,S2_negatives,S2_futsal_negatives_20260808_091048,S2_negatives,3234,138.992,388,380,8,-2,0,30,,,1,flight,,,,1,0,250.0,sharp,,,not_applicable,0
S2_negatives_f003241.jpg,S2_negatives,S2_futsal_negatives_20260808_091048,S2_negatives,3241,139.212,395,380,8,-1,0,30,,,1,flight,,,,1,0,259.6,sharp,,,not_applicable,0
S2_negatives_f003248.jpg,S2_negatives,S2_futsal_negatives_20260808_091048,S2_negatives,3248,139.447,398,380,7,-1,0,30,,,1,flight,,,,1,0,246.6,sharp,,,not_applicable,0
S2_negatives_f003255.jpg,S2_negatives,S2_futsal_negatives_20260808_091048,S2_negatives,3255,139.665,397,380,7,-1,0,30,,,1,flight,,,,1,0,258.0,sharp,,,not_applicable,0
S2_negatives_f003262.jpg,S2_negatives,S2_futsal_negatives_20260808_091048,S2_negatives,3262,145.993,10,0,-87,0,0,28,,,0,flight,,,,1,0,62.4,soft_heavy,,,not_applicable,0
S2_negatives_f003269.jpg,S2_negatives,S2_futsal_negatives_20260808_091048,S2_negatives,3269,146.312,10,0,-88,0,0,28,,,0,flight,,,,1,0,262.0,sharp,,,not_applicable,0
S2_negatives_f003276.jpg,S2_negatives,S2_futsal_negatives_20260808_091048,S2_negatives,3276,146.889,10,0,-88,0,0,28,,,0,flight,,,,1,0,296.2,sharp,,,not_applicable,0
S2_negatives_f003283.jpg,S2_negatives,S2_futsal_negatives_20260808_091048,S2_negatives,3283,147.360,10,0,-88,0,0,28,,,0,flight,,,,1,0,409.5,sharp,,,not_applicable,0
S2_negatives_f003290.jpg,S2_negatives,S2_futsal_negatives_20260808_091048,S2_negatives,3290,147.507,10,0,-88,0,0,27,,,0,flight,,,,1,0,439.6,sharp,,,not_applicable,0
S2_A_hoverpairs_recovered_f000096.jpg,S2_A_hoverpairs_recovered,S2_futsal_hoverpairs_20260808_084337,S2_A_hoverpairs_recovered,96,7.327,10,,,,,,,,0,recovered_corrupt,,,,0,1,,recovered,,,not_applicable,0
S2_A_hoverpairs_recovered_f000104.jpg,S2_A_hoverpairs_recovered,S2_futsal_hoverpairs_20260808_084337,S2_A_hoverpairs_recovered,104,7.502,10,,,,,,,,0,recovered_corrupt,,,,0,1,,recovered,,,not_applicable,0
S2_A_hoverpairs_recovered_f000112.jpg,S2_A_hoverpairs_recovered,S2_futsal_hoverpairs_20260808_084337,S2_A_hoverpairs_recovered,112,7.663,10,,,,,,,,0,recovered_corrupt,,,,0,1,,recovered,,,not_applicable,0
S2_PAIR_clean_recovered_f000105.jpg,S2_PAIR_clean_recovered,S2_futsal_paircleanH_20260808_085018,S2_PAIR_clean_recovered,105,7.216,10,,,,,,,,0,recovered_blurred,,,,0,1,,recovered,,,not_applicable,0
S2_transition_recovered_f003296.jpg,S2_transition_recovered,S2_futsal_occ75_20260808_090302,S2_transition_recovered,3296,135.000,10,,,,,,,,0,recovered_out_of_range,,,,0,1,,recovered,,,not_applicable,0
S2_transition_recovered_f003304.jpg,S2_transition_recovered,S2_futsal_occ75_20260808_090302,S2_transition_recovered,3304,135.738,10,,,,,,,,0,recovered_out_of_range,,,,0,1,,recovered,,,not_applicable,0
S2_transition_recovered_f003312.jpg,S2_transition_recovered,S2_futsal_occ75_20260808_090302,S2_transition_recovered,3312,136.004,10,,,,,,,,0,recovered_out_of_range,,,,0,1,,recovered,,,not_applicable,0
S2_transition_recovered_f003320.jpg,S2_transition_recovered,S2_futsal_occ75_20260808_090302,S2_transition_recovered,3320,137.602,10,,,,,,,,0,recovered_out_of_range,,,,0,1,,recovered,,,not_applicable,0
S2_transition_recovered_f003328.jpg,S2_transition_recovered,S2_futsal_occ75_20260808_090302,S2_transition_recovered,3328,137.856,10,,,,,,,,0,recovered_out_of_range,,,,0,1,,recovered,,,not_applicable,0
S2_transition_recovered_f003336.jpg,S2_transition_recovered,S2_futsal_occ75_20260808_090302,S2_transition_recovered,3336,138.002,10,,,,,,,,0,recovered_out_of_range,,,,0,1,,recovered,,,not_applicable,0
S2_transition_recovered_f003344.jpg,S2_transition_recovered,S2_futsal_occ75_20260808_090302,S2_transition_recovered,3344,138.258,10,,,,,,,,0,recovered_out_of_range,,,,0,1,,recovered,,,not_applicable,0
S2_transition_recovered_f003352.jpg,S2_transition_recovered,S2_futsal_occ75_20260808_090302,S2_transition_recovered,3352,138.494,10,,,,,,,,0,recovered_out_of_range,,,,0,1,,recovered,,,not_applicable,0
S2_transition_recovered_f003360.jpg,S2_transition_recovered,S2_futsal_occ75_20260808_090302,S2_transition_recovered,3360,138.782,10,,,,,,,,0,recovered_out_of_range,,,,0,1,,recovered,,,not_applicable,0
S2_transition_recovered_f003368.jpg,S2_transition_recovered,S2_futsal_occ75_20260808_090302,S2_transition_recovered,3368,139.067,10,,,,,,,,0,recovered_out_of_range,,,,0,1,,recovered,,,not_applicable,0
S2_transition_recovered_f003376.jpg,S2_transition_recovered,S2_futsal_occ75_20260808_090302,S2_transition_recovered,3376,139.277,10,,,,,,,,0,recovered_out_of_range,,,,0,1,,recovered,,,not_applicable,0
S2_transition_recovered_f003384.jpg,S2_transition_recovered,S2_futsal_occ75_20260808_090302,S2_transition_recovered,3384,139.596,10,,,,,,,,0,recovered_out_of_range,,,,0,1,,recovered,,,not_applicable,0
S2_transition_recovered_f003392.jpg,S2_transition_recovered,S2_futsal_occ75_20260808_090302,S2_transition_recovered,3392,139.836,10,,,,,,,,0,recovered_out_of_range,,,,0,1,,recovered,,,not_applicable,0
S2_transition_recovered_f003400.jpg,S2_transition_recovered,S2_futsal_occ75_20260808_090302,S2_transition_recovered,3400,140.142,10,,,,,,,,0,recovered_out_of_range,,,,0,1,,recovered,,,not_applicable,0
S2_transition_recovered_f003408.jpg,S2_transition_recovered,S2_futsal_occ75_20260808_090302,S2_transition_recovered,3408,140.428,10,,,,,,,,0,recovered_out_of_range,,,,0,1,,recovered,,,not_applicable,0
S2_transition_recovered_f003416.jpg,S2_transition_recovered,S2_futsal_occ75_20260808_090302,S2_transition_recovered,3416,140.636,10,,,,,,,,0,recovered_out_of_range,,,,0,1,,recovered,,,not_applicable,0
S2_transition_recovered_f003424.jpg,S2_transition_recovered,S2_futsal_occ75_20260808_090302,S2_transition_recovered,3424,140.908,10,,,,,,,,0,recovered_out_of_range,,,,0,1,,recovered,,,not_applicable,0
S2_transition_recovered_f003432.jpg,S2_transition_recovered,S2_futsal_occ75_20260808_090302,S2_transition_recovered,3432,141.161,10,,,,,,,,0,recovered_out_of_range,,,,0,1,,recovered,,,not_applicable,0
S2_transition_recovered_f003440.jpg,S2_transition_recovered,S2_futsal_occ75_20260808_090302,S2_transition_recovered,3440,141.531,10,,,,,,,,0,recovered_out_of_range,,,,0,1,,recovered,,,not_applicable,0
S2_transition_recovered_f003448.jpg,S2_transition_recovered,S2_futsal_occ75_20260808_090302,S2_transition_recovered,3448,141.800,10,,,,,,,,0,recovered_out_of_range,,,,0,1,,recovered,,,not_applicable,0
S2_transition_recovered_f003456.jpg,S2_transition_recovered,S2_futsal_occ75_20260808_090302,S2_transition_recovered,3456,142.073,10,,,,,,,,0,recovered_out_of_range,,,,0,1,,recovered,,,not_applicable,0
S2_transition_recovered_f003464.jpg,S2_transition_recovered,S2_futsal_occ75_20260808_090302,S2_transition_recovered,3464,142.406,10,,,,,,,,0,recovered_out_of_range,,,,0,1,,recovered,,,not_applicable,0
S2_transition_recovered_f003472.jpg,S2_transition_recovered,S2_futsal_occ75_20260808_090302,S2_transition_recovered,3472,142.630,10,,,,,,,,0,recovered_out_of_range,,,,0,1,,recovered,,,not_applicable,0
S2_transition_recovered_f003480.jpg,S2_transition_recovered,S2_futsal_occ75_20260808_090302,S2_transition_recovered,3480,142.901,10,,,,,,,,0,recovered_out_of_range,,,,0,1,,recovered,,,not_applicable,0
S2_transition_recovered_f003488.jpg,S2_transition_recovered,S2_futsal_occ75_20260808_090302,S2_transition_recovered,3488,143.172,10,,,,,,,,0,recovered_out_of_range,,,,0,1,,recovered,,,not_applicable,0
S2_transition_recovered_f003496.jpg,S2_transition_recovered,S2_futsal_occ75_20260808_090302,S2_transition_recovered,3496,143.462,10,,,,,,,,0,recovered_out_of_range,,,,0,1,,recovered,,,not_applicable,0
S2_transition_recovered_f003504.jpg,S2_transition_recovered,S2_futsal_occ75_20260808_090302,S2_transition_recovered,3504,143.770,10,,,,,,,,0,recovered_out_of_range,,,,0,1,,recovered,,,not_applicable,0
S2_transition_recovered_f003512.jpg,S2_transition_recovered,S2_futsal_occ75_20260808_090302,S2_transition_recovered,3512,144.020,10,,,,,,,,0,recovered_out_of_range,,,,0,1,,recovered,,,not_applicable,0
S2_transition_recovered_f003520.jpg,S2_transition_recovered,S2_futsal_occ75_20260808_090302,S2_transition_recovered,3520,145.367,10,,,,,,,,0,recovered_out_of_range,,,,0,1,,recovered,,,not_applicable,0
S2_transition_recovered_f003528.jpg,S2_transition_recovered,S2_futsal_occ75_20260808_090302,S2_transition_recovered,3528,145.955,10,,,,,,,,0,recovered_out_of_range,,,,0,1,,recovered,,,not_applicable,0
S2_transition_recovered_f003536.jpg,S2_transition_recovered,S2_futsal_occ75_20260808_090302,S2_transition_recovered,3536,146.131,10,,,,,,,,0,recovered_out_of_range,,,,0,1,,recovered,,,not_applicable,0
S2_transition_recovered_f003544.jpg,S2_transition_recovered,S2_futsal_occ75_20260808_090302,S2_transition_recovered,3544,146.683,10,,,,,,,,0,recovered_out_of_range,,,,0,1,,recovered,,,not_applicable,0
S2_transition_recovered_f003552.jpg,S2_transition_recovered,S2_futsal_occ75_20260808_090302,S2_transition_recovered,3552,146.850,10,,,,,,,,0,recovered_out_of_range,,,,0,1,,recovered,,,not_applicable,0
S2_transition_recovered_f003560.jpg,S2_transition_recovered,S2_futsal_occ75_20260808_090302,S2_transition_recovered,3560,147.156,10,,,,,,,,0,recovered_out_of_range,,,,0,1,,recovered,,,not_applicable,0
S2_transition_recovered_f003568.jpg,S2_transition_recovered,S2_futsal_occ75_20260808_090302,S2_transition_recovered,3568,147.473,10,,,,,,,,0,recovered_out_of_range,,,,0,1,,recovered,,,not_applicable,0
S2_transition_recovered_f003576.jpg,S2_transition_recovered,S2_futsal_occ75_20260808_090302,S2_transition_recovered,3576,147.746,10,,,,,,,,0,recovered_out_of_range,,,,0,1,,recovered,,,not_applicable,0
S2_transition_recovered_f003584.jpg,S2_transition_recovered,S2_futsal_occ75_20260808_090302,S2_transition_recovered,3584,148.210,10,,,,,,,,0,recovered_out_of_range,,,,0,1,,recovered,,,not_applicable,0
S2_transition_recovered_f003592.jpg,S2_transition_recovered,S2_futsal_occ75_20260808_090302,S2_transition_recovered,3592,148.339,10,,,,,,,,0,recovered_out_of_range,,,,0,1,,recovered,,,not_applicable,0
S2_transition_recovered_f003600.jpg,S2_transition_recovered,S2_futsal_occ75_20260808_090302,S2_transition_recovered,3600,148.836,10,,,,,,,,0,recovered_out_of_range,,,,0,1,,recovered,,,not_applicable,0
S2_transition_recovered_f003608.jpg,S2_transition_recovered,S2_futsal_occ75_20260808_090302,S2_transition_recovered,3608,149.270,10,,,,,,,,0,recovered_out_of_range,,,,0,1,,recovered,,,not_applicable,0
S2_transition_recovered_f003616.jpg,S2_transition_recovered,S2_futsal_occ75_20260808_090302,S2_transition_recovered,3616,149.574,10,,,,,,,,0,recovered_out_of_range,,,,0,1,,recovered,,,not_applicable,0
S2_transition_recovered_f003624.jpg,S2_transition_recovered,S2_futsal_occ75_20260808_090302,S2_transition_recovered,3624,150.057,10,,,,,,,,0,recovered_out_of_range,,,,0,1,,recovered,,,not_applicable,0
S2_transition_recovered_f003632.jpg,S2_transition_recovered,S2_futsal_occ75_20260808_090302,S2_transition_recovered,3632,150.280,10,,,,,,,,0,recovered_out_of_range,,,,0,1,,recovered,,,not_applicable,0
S2_transition_recovered_f003640.jpg,S2_transition_recovered,S2_futsal_occ75_20260808_090302,S2_transition_recovered,3640,150.711,10,,,,,,,,0,recovered_out_of_range,,,,0,1,,recovered,,,not_applicable,0
S2_transition_recovered_f003648.jpg,S2_transition_recovered,S2_futsal_occ75_20260808_090302,S2_transition_recovered,3648,151.003,10,,,,,,,,0,recovered_out_of_range,,,,0,1,,recovered,,,not_applicable,0
S2_transition_recovered_f003656.jpg,S2_transition_recovered,S2_futsal_occ75_20260808_090302,S2_transition_recovered,3656,151.272,10,,,,,,,,0,recovered_out_of_range,,,,0,1,,recovered,,,not_applicable,0
S2_transition_recovered_f003664.jpg,S2_transition_recovered,S2_futsal_occ75_20260808_090302,S2_transition_recovered,3664,151.683,10,,,,,,,,0,recovered_out_of_range,,,,0,1,,recovered,,,not_applicable,0
S2_transition_recovered_f003672.jpg,S2_transition_recovered,S2_futsal_occ75_20260808_090302,S2_transition_recovered,3672,151.899,10,,,,,,,,0,recovered_out_of_range,,,,0,1,,recovered,,,not_applicable,0
S2_transition_recovered_f003680.jpg,S2_transition_recovered,S2_futsal_occ75_20260808_090302,S2_transition_recovered,3680,152.216,10,,,,,,,,0,recovered_out_of_range,,,,0,1,,recovered,,,not_applicable,0
S2_transition_recovered_f003688.jpg,S2_transition_recovered,S2_futsal_occ75_20260808_090302,S2_transition_recovered,3688,152.502,10,,,,,,,,0,recovered_out_of_range,,,,0,1,,recovered,,,not_applicable,0
S2_transition_recovered_f003696.jpg,S2_transition_recovered,S2_futsal_occ75_20260808_090302,S2_transition_recovered,3696,153.099,10,,,,,,,,0,recovered_out_of_range,,,,0,1,,recovered,,,not_applicable,0
S2_transition_recovered_f003704.jpg,S2_transition_recovered,S2_futsal_occ75_20260808_090302,S2_transition_recovered,3704,153.503,10,,,,,,,,0,recovered_out_of_range,,,,0,1,,recovered,,,not_applicable,0
S2_transition_recovered_f003712.jpg,S2_transition_recovered,S2_futsal_occ75_20260808_090302,S2_transition_recovered,3712,153.744,10,,,,,,,,0,recovered_out_of_range,,,,0,1,,recovered,,,not_applicable,0
S2_transition_recovered_f003720.jpg,S2_transition_recovered,S2_futsal_occ75_20260808_090302,S2_transition_recovered,3720,154.105,10,,,,,,,,0,recovered_out_of_range,,,,0,1,,recovered,,,not_applicable,0
S2_transition_recovered_f003728.jpg,S2_transition_recovered,S2_futsal_occ75_20260808_090302,S2_transition_recovered,3728,154.487,10,,,,,,,,0,recovered_out_of_range,,,,0,1,,recovered,,,not_applicable,0
S2_transition_recovered_f003736.jpg,S2_transition_recovered,S2_futsal_occ75_20260808_090302,S2_transition_recovered,3736,154.968,10,,,,,,,,0,recovered_out_of_range,,,,0,1,,recovered,,,not_applicable,0
S2_transition_recovered_f003744.jpg,S2_transition_recovered,S2_futsal_occ75_20260808_090302,S2_transition_recovered,3744,155.442,10,,,,,,,,0,recovered_out_of_range,,,,0,1,,recovered,,,not_applicable,0
S2_transition_recovered_f003752.jpg,S2_transition_recovered,S2_futsal_occ75_20260808_090302,S2_transition_recovered,3752,155.791,10,,,,,,,,0,recovered_out_of_range,,,,0,1,,recovered,,,not_applicable,0
S2_transition_recovered_f003760.jpg,S2_transition_recovered,S2_futsal_occ75_20260808_090302,S2_transition_recovered,3760,156.317,10,,,,,,,,0,recovered_out_of_range,,,,0,1,,recovered,,,not_applicable,0
S2_transition_recovered_f003768.jpg,S2_transition_recovered,S2_futsal_occ75_20260808_090302,S2_transition_recovered,3768,156.645,10,,,,,,,,0,recovered_out_of_range,,,,0,1,,recovered,,,not_applicable,0
S2_transition_recovered_f003776.jpg,S2_transition_recovered,S2_futsal_occ75_20260808_090302,S2_transition_recovered,3776,157.017,10,,,,,,,,0,recovered_out_of_range,,,,0,1,,recovered,,,not_applicable,0
S2_transition_recovered_f003784.jpg,S2_transition_recovered,S2_futsal_occ75_20260808_090302,S2_transition_recovered,3784,158.495,10,,,,,,,,0,recovered_out_of_range,,,,0,1,,recovered,,,not_applicable,0
S2_transition_recovered_f003792.jpg,S2_transition_recovered,S2_futsal_occ75_20260808_090302,S2_transition_recovered,3792,159.137,10,,,,,,,,0,recovered_out_of_range,,,,0,1,,recovered,,,not_applicable,0
S2_transition_recovered_f003800.jpg,S2_transition_recovered,S2_futsal_occ75_20260808_090302,S2_transition_recovered,3800,159.551,10,,,,,,,,0,recovered_out_of_range,,,,0,1,,recovered,,,not_applicable,0
S2_transition_recovered_f003808.jpg,S2_transition_recovered,S2_futsal_occ75_20260808_090302,S2_transition_recovered,3808,160.360,10,,,,,,,,0,recovered_out_of_range,,,,0,1,,recovered,,,not_applicable,0
S2_transition_recovered_f003816.jpg,S2_transition_recovered,S2_futsal_occ75_20260808_090302,S2_transition_recovered,3816,160.868,10,,,,,,,,0,recovered_out_of_range,,,,0,1,,recovered,,,not_applicable,0
S2_transition_recovered_f003824.jpg,S2_transition_recovered,S2_futsal_occ75_20260808_090302,S2_transition_recovered,3824,161.190,10,,,,,,,,0,recovered_out_of_range,,,,0,1,,recovered,,,not_applicable,0
S2_transition_recovered_f003832.jpg,S2_transition_recovered,S2_futsal_occ75_20260808_090302,S2_transition_recovered,3832,161.684,10,,,,,,,,0,recovered_out_of_range,,,,0,1,,recovered,,,not_applicable,0
S2_transition_recovered_f003840.jpg,S2_transition_recovered,S2_futsal_occ75_20260808_090302,S2_transition_recovered,3840,162.102,10,,,,,,,,0,recovered_out_of_range,,,,0,1,,recovered,,,not_applicable,0
S2_transition_recovered_f003848.jpg,S2_transition_recovered,S2_futsal_occ75_20260808_090302,S2_transition_recovered,3848,162.596,10,,,,,,,,0,recovered_out_of_range,,,,0,1,,recovered,,,not_applicable,0
S2_transition_recovered_f003856.jpg,S2_transition_recovered,S2_futsal_occ75_20260808_090302,S2_transition_recovered,3856,163.013,10,,,,,,,,0,recovered_out_of_range,,,,0,1,,recovered,,,not_applicable,0
S2_transition_recovered_f003864.jpg,S2_transition_recovered,S2_futsal_occ75_20260808_090302,S2_transition_recovered,3864,163.157,10,,,,,,,,0,recovered_out_of_range,,,,0,1,,recovered,,,not_applicable,0
S2_transition_recovered_f003872.jpg,S2_transition_recovered,S2_futsal_occ75_20260808_090302,S2_transition_recovered,3872,163.540,10,,,,,,,,0,recovered_out_of_range,,,,0,1,,recovered,,,not_applicable,0
S2_transition_recovered_f003880.jpg,S2_transition_recovered,S2_futsal_occ75_20260808_090302,S2_transition_recovered,3880,163.765,10,,,,,,,,0,recovered_out_of_range,,,,0,1,,recovered,,,not_applicable,0
S2_transition_recovered_f003888.jpg,S2_transition_recovered,S2_futsal_occ75_20260808_090302,S2_transition_recovered,3888,164.036,10,,,,,,,,0,recovered_out_of_range,,,,0,1,,recovered,,,not_applicable,0
S2_transition_recovered_f003896.jpg,S2_transition_recovered,S2_futsal_occ75_20260808_090302,S2_transition_recovered,3896,164.406,10,,,,,,,,0,recovered_out_of_range,,,,0,1,,recovered,,,not_applicable,0
S2_transition_recovered_f003904.jpg,S2_transition_recovered,S2_futsal_occ75_20260808_090302,S2_transition_recovered,3904,164.609,10,,,,,,,,0,recovered_out_of_range,,,,0,1,,recovered,,,not_applicable,0
S2_transition_recovered_f003912.jpg,S2_transition_recovered,S2_futsal_occ75_20260808_090302,S2_transition_recovered,3912,164.977,10,,,,,,,,0,recovered_out_of_range,,,,0,1,,recovered,,,not_applicable,0
S2_transition_recovered_f003920.jpg,S2_transition_recovered,S2_futsal_occ75_20260808_090302,S2_transition_recovered,3920,165.411,10,,,,,,,,0,recovered_out_of_range,,,,0,1,,recovered,,,not_applicable,0
S2_transition_recovered_f003928.jpg,S2_transition_recovered,S2_futsal_occ75_20260808_090302,S2_transition_recovered,3928,165.718,10,,,,,,,,0,recovered_out_of_range,,,,0,1,,recovered,,,not_applicable,0
S2_transition_recovered_f003936.jpg,S2_transition_recovered,S2_futsal_occ75_20260808_090302,S2_transition_recovered,3936,166.062,10,,,,,,,,0,recovered_out_of_range,,,,0,1,,recovered,,,not_applicable,0
S2_transition_recovered_f003944.jpg,S2_transition_recovered,S2_futsal_occ75_20260808_090302,S2_transition_recovered,3944,166.418,10,,,,,,,,0,recovered_out_of_range,,,,0,1,,recovered,,,not_applicable,0
S2_transition_recovered_f003952.jpg,S2_transition_recovered,S2_futsal_occ75_20260808_090302,S2_transition_recovered,3952,166.670,10,,,,,,,,0,recovered_out_of_range,,,,0,1,,recovered,,,not_applicable,0
S2_transition_recovered_f003960.jpg,S2_transition_recovered,S2_futsal_occ75_20260808_090302,S2_transition_recovered,3960,166.928,10,,,,,,,,0,recovered_out_of_range,,,,0,1,,recovered,,,not_applicable,0
S2_transition_recovered_f003968.jpg,S2_transition_recovered,S2_futsal_occ75_20260808_090302,S2_transition_recovered,3968,167.200,10,,,,,,,,0,recovered_out_of_range,,,,0,1,,recovered,,,not_applicable,0
S2_transition_recovered_f003976.jpg,S2_transition_recovered,S2_futsal_occ75_20260808_090302,S2_transition_recovered,3976,167.502,10,,,,,,,,0,recovered_out_of_range,,,,0,1,,recovered,,,not_applicable,0
S2_transition_recovered_f003984.jpg,S2_transition_recovered,S2_futsal_occ75_20260808_090302,S2_transition_recovered,3984,167.760,10,,,,,,,,0,recovered_out_of_range,,,,0,1,,recovered,,,not_applicable,0
S2_transition_recovered_f003992.jpg,S2_transition_recovered,S2_futsal_occ75_20260808_090302,S2_transition_recovered,3992,168.029,10,,,,,,,,0,recovered_out_of_range,,,,0,1,,recovered,,,not_applicable,0
S2_transition_recovered_f004000.jpg,S2_transition_recovered,S2_futsal_occ75_20260808_090302,S2_transition_recovered,4000,168.284,10,,,,,,,,0,recovered_out_of_range,,,,0,1,,recovered,,,not_applicable,0
S2_transition_recovered_f004008.jpg,S2_transition_recovered,S2_futsal_occ75_20260808_090302,S2_transition_recovered,4008,168.606,10,,,,,,,,0,recovered_out_of_range,,,,0,1,,recovered,,,not_applicable,0
S2_transition_recovered_f004016.jpg,S2_transition_recovered,S2_futsal_occ75_20260808_090302,S2_transition_recovered,4016,168.860,10,,,,,,,,0,recovered_out_of_range,,,,0,1,,recovered,,,not_applicable,0
S2_transition_recovered_f004024.jpg,S2_transition_recovered,S2_futsal_occ75_20260808_090302,S2_transition_recovered,4024,169.131,10,,,,,,,,0,recovered_out_of_range,,,,0,1,,recovered,,,not_applicable,0
S2_transition_recovered_f004032.jpg,S2_transition_recovered,S2_futsal_occ75_20260808_090302,S2_transition_recovered,4032,169.487,10,,,,,,,,0,recovered_out_of_range,,,,0,1,,recovered,,,not_applicable,0
S2_transition_recovered_f004040.jpg,S2_transition_recovered,S2_futsal_occ75_20260808_090302,S2_transition_recovered,4040,169.710,10,,,,,,,,0,recovered_out_of_range,,,,0,1,,recovered,,,not_applicable,0
S2_transition_recovered_f004048.jpg,S2_transition_recovered,S2_futsal_occ75_20260808_090302,S2_transition_recovered,4048,169.964,10,,,,,,,,0,recovered_out_of_range,,,,0,1,,recovered,,,not_applicable,0
S2_transition_recovered_f004056.jpg,S2_transition_recovered,S2_futsal_occ75_20260808_090302,S2_transition_recovered,4056,170.238,10,,,,,,,,0,recovered_out_of_range,,,,0,1,,recovered,,,not_applicable,0
S2_transition_recovered_f004064.jpg,S2_transition_recovered,S2_futsal_occ75_20260808_090302,S2_transition_recovered,4064,170.524,10,,,,,,,,0,recovered_out_of_range,,,,0,1,,recovered,,,not_applicable,0
S2_transition_recovered_f004072.jpg,S2_transition_recovered,S2_futsal_occ75_20260808_090302,S2_transition_recovered,4072,170.826,10,,,,,,,,0,recovered_out_of_range,,,,0,1,,recovered,,,not_applicable,0
S2_transition_recovered_f004080.jpg,S2_transition_recovered,S2_futsal_occ75_20260808_090302,S2_transition_recovered,4080,171.435,10,,,,,,,,0,recovered_out_of_range,,,,0,1,,recovered,,,not_applicable,0
S2_transition_recovered_f004088.jpg,S2_transition_recovered,S2_futsal_occ75_20260808_090302,S2_transition_recovered,4088,171.727,10,,,,,,,,0,recovered_out_of_range,,,,0,1,,recovered,,,not_applicable,0
S2_transition_recovered_f004096.jpg,S2_transition_recovered,S2_futsal_occ75_20260808_090302,S2_transition_recovered,4096,172.074,10,,,,,,,,0,recovered_out_of_range,,,,0,1,,recovered,,,not_applicable,0
S2_transition_recovered_f004104.jpg,S2_transition_recovered,S2_futsal_occ75_20260808_090302,S2_transition_recovered,4104,172.281,10,,,,,,,,0,recovered_out_of_range,,,,0,1,,recovered,,,not_applicable,0
S2_transition_recovered_f004112.jpg,S2_transition_recovered,S2_futsal_occ75_20260808_090302,S2_transition_recovered,4112,173.067,10,,,,,,,,0,recovered_out_of_range,,,,0,1,,recovered,,,not_applicable,0
S2_transition_recovered_f004120.jpg,S2_transition_recovered,S2_futsal_occ75_20260808_090302,S2_transition_recovered,4120,173.535,10,,,,,,,,0,recovered_out_of_range,,,,0,1,,recovered,,,not_applicable,0
S2_transition_recovered_f004128.jpg,S2_transition_recovered,S2_futsal_occ75_20260808_090302,S2_transition_recovered,4128,173.675,10,,,,,,,,0,recovered_out_of_range,,,,0,1,,recovered,,,not_applicable,0
S2_transition_recovered_f004136.jpg,S2_transition_recovered,S2_futsal_occ75_20260808_090302,S2_transition_recovered,4136,174.122,10,,,,,,,,0,recovered_out_of_range,,,,0,1,,recovered,,,not_applicable,0
S2_transition_recovered_f004144.jpg,S2_transition_recovered,S2_futsal_occ75_20260808_090302,S2_transition_recovered,4144,175.532,10,,,,,,,,0,recovered_out_of_range,,,,0,1,,recovered,,,not_applicable,0
S2_transition_recovered_f004152.jpg,S2_transition_recovered,S2_futsal_occ75_20260808_090302,S2_transition_recovered,4152,176.127,10,,,,,,,,0,recovered_out_of_range,,,,0,1,,recovered,,,not_applicable,0
S2_transition_recovered_f004160.jpg,S2_transition_recovered,S2_futsal_occ75_20260808_090302,S2_transition_recovered,4160,176.401,10,,,,,,,,0,recovered_out_of_range,,,,0,1,,recovered,,,not_applicable,0
S2_transition_recovered_f004168.jpg,S2_transition_recovered,S2_futsal_occ75_20260808_090302,S2_transition_recovered,4168,176.961,10,,,,,,,,0,recovered_out_of_range,,,,0,1,,recovered,,,not_applicable,0
S2_transition_recovered_f004176.jpg,S2_transition_recovered,S2_futsal_occ75_20260808_090302,S2_transition_recovered,4176,177.313,10,,,,,,,,0,recovered_out_of_range,,,,0,1,,recovered,,,not_applicable,0
S2_transition_recovered_f004184.jpg,S2_transition_recovered,S2_futsal_occ75_20260808_090302,S2_transition_recovered,4184,177.681,10,,,,,,,,0,recovered_out_of_range,,,,0,1,,recovered,,,not_applicable,0
S2_transition_recovered_f004192.jpg,S2_transition_recovered,S2_futsal_occ75_20260808_090302,S2_transition_recovered,4192,177.983,10,,,,,,,,0,recovered_out_of_range,,,,0,1,,recovered,,,not_applicable,0
S2_transition_recovered_f004200.jpg,S2_transition_recovered,S2_futsal_occ75_20260808_090302,S2_transition_recovered,4200,178.482,10,,,,,,,,0,recovered_out_of_range,,,,0,1,,recovered,,,not_applicable,0
S2_transition_recovered_f004208.jpg,S2_transition_recovered,S2_futsal_occ75_20260808_090302,S2_transition_recovered,4208,179.026,10,,,,,,,,0,recovered_out_of_range,,,,0,1,,recovered,,,not_applicable,0
S2_transition_recovered_f004216.jpg,S2_transition_recovered,S2_futsal_occ75_20260808_090302,S2_transition_recovered,4216,179.315,10,,,,,,,,0,recovered_out_of_range,,,,0,1,,recovered,,,not_applicable,0
S2_transition_recovered_f004224.jpg,S2_transition_recovered,S2_futsal_occ75_20260808_090302,S2_transition_recovered,4224,180.034,10,,,,,,,,0,recovered_out_of_range,,,,0,1,,recovered,,,not_applicable,0
S2_transition_recovered_f004232.jpg,S2_transition_recovered,S2_futsal_occ75_20260808_090302,S2_transition_recovered,4232,181.358,10,,,,,,,,0,recovered_out_of_range,,,,0,1,,recovered,,,not_applicable,0
S2_transition_recovered_f004240.jpg,S2_transition_recovered,S2_futsal_occ75_20260808_090302,S2_transition_recovered,4240,182.180,10,,,,,,,,0,recovered_out_of_range,,,,0,1,,recovered,,,not_applicable,0
S2_transition_recovered_f004248.jpg,S2_transition_recovered,S2_futsal_occ75_20260808_090302,S2_transition_recovered,4248,182.579,10,,,,,,,,0,recovered_out_of_range,,,,0,1,,recovered,,,not_applicable,0
S2_transition_recovered_f004256.jpg,S2_transition_recovered,S2_futsal_occ75_20260808_090302,S2_transition_recovered,4256,183.205,10,,,,,,,,0,recovered_out_of_range,,,,0,1,,recovered,,,not_applicable,0
S2_transition_recovered_f004264.jpg,S2_transition_recovered,S2_futsal_occ75_20260808_090302,S2_transition_recovered,4264,183.635,10,,,,,,,,0,recovered_out_of_range,,,,0,1,,recovered,,,not_applicable,0
S2_transition_recovered_f004272.jpg,S2_transition_recovered,S2_futsal_occ75_20260808_090302,S2_transition_recovered,4272,183.926,10,,,,,,,,0,recovered_out_of_range,,,,0,1,,recovered,,,not_applicable,0
S2_transition_recovered_f004280.jpg,S2_transition_recovered,S2_futsal_occ75_20260808_090302,S2_transition_recovered,4280,184.439,10,,,,,,,,0,recovered_out_of_range,,,,0,1,,recovered,,,not_applicable,0
S2_transition_recovered_f004288.jpg,S2_transition_recovered,S2_futsal_occ75_20260808_090302,S2_transition_recovered,4288,184.986,10,,,,,,,,0,recovered_out_of_range,,,,0,1,,recovered,,,not_applicable,0
S2_transition_recovered_f004296.jpg,S2_transition_recovered,S2_futsal_occ75_20260808_090302,S2_transition_recovered,4296,185.451,10,,,,,,,,0,recovered_out_of_range,,,,0,1,,recovered,,,not_applicable,0
S2_transition_recovered_f004304.jpg,S2_transition_recovered,S2_futsal_occ75_20260808_090302,S2_transition_recovered,4304,186.074,10,,,,,,,,0,recovered_out_of_range,,,,0,1,,recovered,,,not_applicable,0
S2_transition_recovered_f004312.jpg,S2_transition_recovered,S2_futsal_occ75_20260808_090302,S2_transition_recovered,4312,186.602,10,,,,,,,,0,recovered_out_of_range,,,,0,1,,recovered,,,not_applicable,0
S2_transition_recovered_f004320.jpg,S2_transition_recovered,S2_futsal_occ75_20260808_090302,S2_transition_recovered,4320,187.015,10,,,,,,,,0,recovered_out_of_range,,,,0,1,,recovered,,,not_applicable,0
S2_transition_recovered_f004328.jpg,S2_transition_recovered,S2_futsal_occ75_20260808_090302,S2_transition_recovered,4328,187.500,10,,,,,,,,0,recovered_out_of_range,,,,0,1,,recovered,,,not_applicable,0
S2_transition_recovered_f004336.jpg,S2_transition_recovered,S2_futsal_occ75_20260808_090302,S2_transition_recovered,4336,188.216,10,,,,,,,,0,recovered_out_of_range,,,,0,1,,recovered,,,not_applicable,0
